,Norway,NO1,NO2,NO3,NO4,NO5
2036-01-01 12:00:00,1.2095591,1.6357912,2.7530596,6.747705,8.379297,2.6679258
2036-01-02 12:00:00,1.0951898,1.411172,3.2452335,7.0063252,7.548286,3.4831114
2036-01-03 12:00:00,2.7217593,2.5503728,5.7488666,7.7625875,7.124366,4.6364017
2036-01-04 12:00:00,1.9000747,2.669809,5.997716,7.464187,5.355638,4.4472227
2036-01-05 12:00:00,2.113315,2.7876418,6.5093393,7.85754,4.7439523,5.1343584
2036-01-06 12:00:00,2.1828165,2.1314178,5.7029963,6.1043615,4.393045,4.4027205
2036-01-07 12:00:00,1.4696131,1.6475787,3.9117362,4.125934,3.868091,2.6522124
2036-01-08 12:00:00,0.9699277,1.1077573,2.583933,3.2593708,3.573286,1.9803226
2036-01-09 12:00:00,2.177537,1.4463018,3.9275205,2.6137824,3.1999571,1.7216412
2036-01-10 12:00:00,3.7387815,2.4377732,4.1629705,3.1156845,4.9223537,2.0697925
2036-01-11 12:00:00,2.1068976,1.6509848,2.7247875,3.6389158,4.8113465,1.9500259
2036-01-12 12:00:00,0.877985,1.1091126,2.892341,4.4149547,3.8307683,2.73565
2036-01-13 12:00:00,0.73278224,1.0057569,4.570959,5.346281,4.234391,4.474116
2036-01-14 12:00:00,2.5771482,2.59957,8.013599,6.940709,4.788319,5.911778
2036-01-15 12:00:00,1.9499766,1.8461992,4.414786,6.5651765,6.6282825,3.9637525
2036-01-16 12:00:00,2.8641143,2.2511206,5.5758724,5.1202354,7.601373,2.9511113
2036-01-17 12:00:00,3.095188,2.2034476,3.5618699,4.915488,5.639459,2.5865421
2036-01-18 12:00:00,0.9993906,1.1922879,3.2667012,3.2867615,3.6649091,2.356571
2036-01-19 12:00:00,0.9799628,1.0946792,3.0495257,3.5540092,5.326279,1.965774
2036-01-20 12:00:00,1.6934454,1.2466646,3.8571868,4.123404,6.751972,1.982281
2036-01-21 12:00:00,1.8770002,1.4393309,4.5348296,3.678184,5.414618,1.9545242
2036-01-22 12:00:00,2.3175144,2.1319575,3.7805116,3.478611,3.7045615,2.5889509
2036-01-23 12:00:00,2.4881463,2.250139,3.2053626,3.4936368,4.5397024,2.4113746
2036-01-24 12:00:00,1.1329551,1.6852129,3.162543,6.609084,9.85543,2.6968763
2036-01-25 12:00:00,1.1045177,1.8113507,3.0391312,6.2326317,10.964365,2.4322996
2036-01-26 12:00:00,1.8177844,2.2778041,4.6127586,5.9382625,8.5982895,3.9745054
2036-01-27 12:00:00,1.4139397,1.9052418,4.330318,5.924852,4.7641735,3.1339753
2036-01-28 12:00:00,1.1359011,1.5097475,2.40473,5.0722594,3.2227318,2.5739422
2036-01-29 12:00:00,1.2500967,1.421461,3.866733,4.5020356,2.318271,2.4377766
2036-01-30 12:00:00,1.2054551,1.2637085,3.5397801,3.9985912,3.4081001,2.8883367
2036-01-31 12:00:00,2.0514908,1.7853252,5.4296618,4.023645,3.9349494,3.8075814
2036-02-01 12:00:00,2.422456,2.0449967,5.1012197,4.690543,3.7215638,2.316576
2036-02-02 12:00:00,2.036253,1.7300382,4.819377,3.9852078,4.218618,3.2155416
2036-02-03 12:00:00,0.90964144,1.0781665,2.0935273,3.560836,6.117446,1.7104337
2036-02-04 12:00:00,2.0484562,1.6981747,5.7006335,4.0952144,6.1490684,3.253781
2036-02-05 12:00:00,2.527522,2.3130338,5.1845384,5.7746286,5.2634826,4.4947824
2036-02-06 12:00:00,2.1881104,2.1812606,5.4262447,4.5275993,3.974428,4.1410103
2036-02-07 12:00:00,1.8077934,1.6428664,3.9901083,4.229385,4.3727293,3.0342429
2036-02-08 12:00:00,2.9732187,2.3933265,4.653822,3.6282706,5.2904854,3.2801666
2036-02-09 12:00:00,3.495664,2.9273047,4.715462,4.27258,5.270071,2.7731938
2036-02-10 12:00:00,2.1312943,1.5353614,2.8454564,3.363858,3.524629,1.6408381
2036-02-11 12:00:00,0.7419418,0.89720917,3.0428016,3.268993,3.0931702,2.7862997
2036-02-12 12:00:00,1.253425,1.1850426,3.0265555,4.1689525,2.9500463,2.137226
2036-02-13 12:00:00,0.83986354,1.064123,4.4059663,3.5841625,2.8390074,2.7950156
2036-02-14 12:00:00,1.684201,1.9058319,3.0886848,2.1772234,3.3190343,1.9814297
2036-02-15 12:00:00,1.0856642,1.1927605,2.5376084,4.3714285,3.303042,2.363578
2036-02-16 12:00:00,1.131511,1.2748675,2.3870847,4.0620914,2.5783086,1.807672
2036-02-17 12:00:00,1.6145184,1.6017256,3.6682367,3.1997714,2.9042735,2.3114052
2036-02-18 12:00:00,1.5331252,1.354466,5.8518634,3.6323733,3.0012827,2.7704194
2036-02-19 12:00:00,1.6518779,1.1768621,4.3198895,2.598419,3.1869485,1.8598739
2036-02-20 12:00:00,1.3148367,1.3796461,2.4949415,2.8874722,3.9499984,1.5624392
2036-02-21 12:00:00,2.8032832,2.2581217,3.8837223,3.9796438,2.6472692,2.326226
2036-02-22 12:00:00,2.9838138,2.1397476,4.6920667,2.4687912,3.827077,2.4747534
2036-02-23 12:00:00,1.5643163,1.6409658,3.2150447,3.6637864,4.188446,1.8129505
2036-02-24 12:00:00,1.2214854,1.4220381,2.3964014,4.7628093,4.410629,2.4668117
2036-02-25 12:00:00,0.9971953,1.1538196,3.0997965,5.114681,5.02729,2.493269
2036-02-26 12:00:00,1.7065592,1.5654143,4.095414,4.513595,4.4753737,3.2364361
2036-02-27 12:00:00,2.391066,1.8751551,2.9565046,2.4294448,4.479939,2.0293221
2036-02-28 12:00:00,1.0991775,1.1798832,2.5919693,6.800273,7.5847483,2.6751177
2036-02-29 12:00:00,0.8945323,1.3230084,1.8884964,6.568833,6.3333015,1.586523
2036-03-01 12:00:00,0.7738359,1.0490016,2.1726074,3.3841126,5.5054674,1.6013144
2036-03-02 12:00:00,0.7413986,0.8679162,4.2954254,2.2261715,7.276279,2.4137201
2036-03-03 12:00:00,1.333805,1.1561595,4.656336,2.2599597,7.085174,2.1247149
2036-03-04 12:00:00,1.4841622,1.1472996,3.5593588,2.1607292,5.2583656,1.6025786
2036-03-05 12:00:00,1.1884346,1.2705561,3.8525064,2.7275093,3.476458,1.950961
2036-03-06 12:00:00,0.9984332,0.94918984,3.3780491,2.5285141,4.66365,1.7983096
2036-03-07 12:00:00,0.83838737,0.8859853,3.7036736,2.0709314,5.218441,1.6881038
2036-03-08 12:00:00,0.9346421,0.87678677,3.1020677,2.1345603,4.8108873,1.4764917
2036-03-09 12:00:00,0.8177071,0.8671717,2.2236378,2.320057,4.0543966,1.1121969
2036-03-10 12:00:00,0.79951,0.9715732,1.719123,3.2150292,4.811028,1.5722566
2036-03-11 12:00:00,1.355533,1.0923048,2.3249693,2.6011527,4.905876,1.5579348
2036-03-12 12:00:00,0.825753,0.898962,2.1951773,2.176247,4.2483907,1.0642545
2036-03-13 12:00:00,1.7529126,1.6054914,2.9292235,2.2158,3.7426887,1.7694225
2036-03-14 12:00:00,1.637874,1.5605251,2.1039722,2.107173,3.3881028,1.3053327
2036-03-15 12:00:00,1.5668589,1.3001051,1.9699192,3.0318758,3.397943,1.5415415
2036-03-16 12:00:00,1.2067271,1.154867,3.0845582,4.1338897,3.3563526,2.545005
2036-03-17 12:00:00,0.8309672,1.0825015,2.583888,2.6255803,3.2300801,2.0506482
2036-03-18 12:00:00,2.072647,1.9400774,3.5909438,2.6755219,2.8709304,2.2300816
2036-03-19 12:00:00,1.9346708,1.8461126,5.112456,2.931328,3.2149432,2.6973753
2036-03-20 12:00:00,1.646936,1.9559047,4.320292,3.8949635,6.3436427,2.9011986
2036-03-21 12:00:00,1.3454664,1.5557823,2.9904644,4.6277995,5.8459835,3.036828
2036-03-22 12:00:00,2.5449376,1.9637324,4.122386,3.211594,5.072289,3.277339
2036-03-23 12:00:00,1.3995566,1.4886053,3.1752775,4.3460164,5.0687985,2.196677
2036-03-24 12:00:00,2.9143598,2.9597678,3.956494,5.4143853,4.3813004,2.376317
2036-03-25 12:00:00,2.4939022,2.448184,3.079235,4.20165,2.7714121,2.2285619
2036-03-26 12:00:00,1.34583,1.33473,2.4061866,4.0317383,3.4605873,2.6330686
2036-03-27 12:00:00,1.9080458,1.51709,3.1727726,2.6575642,2.7596633,3.022977
2036-03-28 12:00:00,2.2668035,1.5624886,4.010889,2.0119994,2.7433076,2.1080403
2036-03-29 12:00:00,2.3319921,1.7881643,4.141042,3.967915,3.042273,2.4246655
2036-03-30 12:00:00,2.689451,1.9739903,6.261225,3.337188,3.6591194,2.3361316
2036-03-31 12:00:00,3.0086331,2.3326716,5.6262865,2.6708364,3.7970002,3.283472
2036-04-01 12:00:00,3.3307662,2.7251844,4.861748,3.4507585,4.5579686,2.7030635
2036-04-02 12:00:00,1.5754831,1.5878186,3.4058197,2.7337306,5.0367002,1.7129108
2036-04-03 12:00:00,2.8245962,2.5695179,3.0322754,3.139211,4.8418646,1.3406804
2036-04-04 12:00:00,1.8154376,1.7324742,2.1821964,3.3422854,6.1381855,1.8344725
2036-04-05 12:00:00,0.9616188,0.9280881,1.6526406,2.6743996,5.4402895,1.8028184
2036-04-06 12:00:00,1.5215943,1.260662,3.3054001,3.1305752,4.728874,1.6607102
2036-04-07 12:00:00,3.559502,3.1522806,4.53891,4.85202,4.076725,2.6629155
2036-04-08 12:00:00,4.540174,3.5040486,5.755209,3.8100822,4.5160265,2.914554
2036-04-09 12:00:00,4.104324,2.98594,3.4169292,3.322048,3.7338333,1.8298353
2036-04-10 12:00:00,1.7213242,1.2888063,3.400789,2.5657554,4.676412,2.4965634
2036-04-11 12:00:00,1.9809831,1.517381,3.2035902,2.4673343,6.4020715,2.4983559
2036-04-12 12:00:00,1.4948726,1.2532858,2.3199835,2.4992335,5.623386,1.6629059
2036-04-13 12:00:00,1.8186431,1.3534919,2.2226183,1.9449193,3.6881173,1.238716
2036-04-14 12:00:00,0.7810024,0.8228834,1.4730773,1.722155,2.4703128,1.1957273
2036-04-15 12:00:00,1.3159323,1.4285467,1.8169218,2.7191606,3.549278,1.5737631
2036-04-16 12:00:00,2.5989563,2.2421968,3.154944,4.091778,2.9743834,2.7241085
2036-04-17 12:00:00,2.501666,2.1227303,3.4354331,3.5830426,2.6255627,2.1683311
2036-04-18 12:00:00,3.2739067,3.1095102,4.402924,4.0203,3.257033,2.9383137
2036-04-19 12:00:00,4.275053,3.4710188,6.2880917,4.0054555,3.7213922,3.4482014
2036-04-20 12:00:00,4.6379814,3.8665168,6.527452,4.6956015,3.6862376,3.1238115
2036-04-21 12:00:00,3.4779463,3.0024724,3.335293,4.691496,4.168209,2.523395
2036-04-22 12:00:00,2.6738148,2.5133457,4.145666,4.149925,5.4665728,1.8381588
2036-04-23 12:00:00,2.3089886,2.064636,2.8075378,4.82242,4.6407027,2.2955441
2036-04-24 12:00:00,2.2736278,1.9725426,2.7937455,3.1918626,3.9969966,1.990396
2036-04-25 12:00:00,1.092794,1.1740983,1.9505414,2.5826702,4.813443,1.6140097
2036-04-26 12:00:00,2.6364756,1.899538,2.6550741,2.9533262,5.8395276,1.6279192
2036-04-27 12:00:00,4.2812514,3.2588067,3.6615856,3.510831,4.5321255,2.1229558
2036-04-28 12:00:00,3.281784,2.600933,3.3525321,3.9644125,3.571329,2.2139232
2036-04-29 12:00:00,1.8420136,2.0389383,2.931259,3.503243,3.1332114,1.6471694
2036-04-30 12:00:00,2.0677938,1.7333722,2.594019,3.2323499,3.184463,2.2900407
2036-05-01 12:00:00,1.3790542,1.2758546,2.5505378,2.9739642,3.5940342,2.5336986
2036-05-02 12:00:00,1.8307751,1.7180266,3.177278,2.6903722,3.5461423,2.5268455
2036-05-03 12:00:00,1.8037932,2.0884824,3.0387416,2.7378287,4.0458794,2.1928623
2036-05-04 12:00:00,1.1709137,1.3415436,1.9606631,1.591827,3.3952477,1.2955775
2036-05-05 12:00:00,1.5738456,1.3679283,2.09269,4.0674706,4.7652307,1.7562143
2036-05-06 12:00:00,1.0725914,1.2304119,2.193184,2.3800468,5.689571,1.6219095
2036-05-07 12:00:00,1.325427,1.1952583,2.5063078,1.7848045,5.3062716,1.4585202
2036-05-08 12:00:00,1.2167991,1.1521952,3.276673,1.6252025,6.178437,1.5490526
2036-05-09 12:00:00,0.8411799,0.89853406,2.8221073,1.648383,4.599027,1.5204364
2036-05-10 12:00:00,0.6726891,0.9713054,2.488037,2.4867945,3.2910678,1.3709279
2036-05-11 12:00:00,1.074073,1.0912086,2.0535479,3.3361053,3.0248368,1.2992252
2036-05-12 12:00:00,1.438749,1.4154595,1.9785565,2.5567367,2.6287677,1.0506071
2036-05-13 12:00:00,2.0260599,1.547561,2.2369006,2.3626766,3.9086654,1.4027537
2036-05-14 12:00:00,1.7073193,1.5167215,2.0650113,1.7940295,4.9285383,1.4962223
2036-05-15 12:00:00,1.6129608,1.557607,1.9250624,2.1353328,6.2949123,2.0588837
2036-05-16 12:00:00,2.4148765,2.0445757,1.899002,3.3960595,4.715282,1.7680835
2036-05-17 12:00:00,2.3812125,2.0713668,2.321849,4.3290205,3.5300894,1.4562534
2036-05-18 12:00:00,1.5770553,1.6198179,2.5462606,4.3412156,3.3765945,1.494893
2036-05-19 12:00:00,1.1300539,1.3817416,2.1298268,3.5738215,3.95583,1.7694944
2036-05-20 12:00:00,1.1721722,1.3301178,2.1762862,3.2550182,2.6953382,1.4672841
2036-05-21 12:00:00,1.3967569,1.3583175,1.9879143,3.7300098,2.0117128,1.6560721
2036-05-22 12:00:00,1.25674,1.488775,2.2989469,4.13397,2.7267,1.7187821
2036-05-23 12:00:00,2.0898902,1.7561831,2.738185,3.0025637,2.216275,1.683159
2036-05-24 12:00:00,1.3650713,1.190595,2.9084327,2.2053344,3.3340254,1.5014777
2036-05-25 12:00:00,1.5414326,1.6859059,2.0263143,2.9410872,4.0458274,1.3508296
2036-05-26 12:00:00,1.5940341,1.2406752,1.835553,3.193554,3.2185872,1.4072264
2036-05-27 12:00:00,1.296334,1.1716691,1.9716475,3.9745042,3.6474082,1.2010932
2036-05-28 12:00:00,1.0066576,1.2189778,1.7743843,4.572548,4.26137,1.0867609
2036-05-29 12:00:00,2.1097398,1.6807455,1.6602434,3.6985254,4.002731,0.9826363
2036-05-30 12:00:00,2.8155992,2.327055,1.8376307,3.6253388,2.971383,1.67267
2036-05-31 12:00:00,1.8625815,1.7522151,3.2435927,3.0868204,2.7074854,1.3669834
2036-06-01 12:00:00,2.1897745,2.0038493,4.3554935,2.5985951,2.4243343,1.5801573
2036-06-02 12:00:00,3.3350778,2.9660704,2.984407,3.0943625,3.3785932,1.9770066
2036-06-03 12:00:00,3.0438564,2.7057145,3.2847462,4.1125016,3.4714792,1.9608862
2036-06-04 12:00:00,2.747321,2.5617976,2.761637,3.7952998,3.1887608,1.8674484
2036-06-05 12:00:00,2.9352121,2.8946185,2.451016,4.9281693,4.14371,3.2372413
2036-06-06 12:00:00,1.6097078,1.5491312,3.9963315,4.1978436,4.6537137,3.6866698
2036-06-07 12:00:00,2.1430633,1.9642512,4.964839,4.1537433,5.760662,3.1934168
2036-06-08 12:00:00,3.8051043,3.380289,3.8283987,2.9468033,5.1048293,2.0130105
2036-06-09 12:00:00,2.5579748,2.3058386,2.7799726,3.32772,4.337447,1.6851497
2036-06-10 12:00:00,0.9549948,1.082563,2.2990158,3.0077372,3.419957,1.308936
2036-06-11 12:00:00,1.3726447,1.152212,2.530514,3.2562332,2.6468008,1.3662616
2036-06-12 12:00:00,1.9178066,1.6348195,3.2148824,2.2452922,2.8616679,1.9121779
2036-06-13 12:00:00,2.3474517,2.1833587,3.5678475,4.119154,2.5204885,2.8167067
2036-06-14 12:00:00,2.5168667,2.0285752,2.356026,5.627764,4.9487324,2.0425763
2036-06-15 12:00:00,1.862397,1.7405801,2.8969471,3.1318913,4.4582157,2.6700375
2036-06-16 12:00:00,2.2293305,1.6854182,2.6776488,3.5121028,3.5006523,2.9563377
2036-06-17 12:00:00,2.0168993,1.8353531,3.2126033,3.363079,2.8182006,1.4971774
2036-06-18 12:00:00,2.1902838,1.8868623,2.4477398,2.4453611,4.1312838,1.5160922
2036-06-19 12:00:00,2.371864,1.9353244,2.8812385,2.0516708,4.373663,1.7029512
2036-06-20 12:00:00,2.1941338,1.786538,3.2463796,2.9561863,4.250934,1.9877018
2036-06-21 12:00:00,2.4354784,1.9049991,2.797474,2.048013,3.5271754,1.5603454
2036-06-22 12:00:00,1.1232212,1.2806385,2.5654798,2.2394462,4.5992465,1.5034876
2036-06-23 12:00:00,1.9410405,1.7363586,3.6873033,3.7751694,2.8185415,1.901396
2036-06-24 12:00:00,1.9561347,1.5469183,3.2811716,4.2686553,4.682304,1.6627635
2036-06-25 12:00:00,2.1137726,1.6895992,2.915943,4.636291,5.8606052,1.6580966
2036-06-26 12:00:00,1.8903141,1.6786908,3.530973,4.4157915,5.775961,1.8303907
2036-06-27 12:00:00,1.32473,1.411502,2.7233484,3.5930192,4.869085,1.578385
2036-06-28 12:00:00,1.8113256,1.7402698,2.2281425,1.8171922,3.8620012,1.4260635
2036-06-29 12:00:00,1.5826194,1.7635293,4.427296,2.2091608,2.193996,1.9692556
2036-06-30 12:00:00,1.5379537,1.763296,4.1156106,2.8196366,2.9360785,2.6434186
2036-07-01 12:00:00,1.3060592,1.2118793,2.4551597,2.7490234,3.7042134,1.4126867
2036-07-02 12:00:00,1.4936519,1.2869749,2.0019274,2.9629824,3.588153,1.3564763
2036-07-03 12:00:00,1.456325,1.2373717,2.0547662,2.83015,3.6334634,1.1162311
2036-07-04 12:00:00,1.2656862,1.1901932,1.7355741,2.4000998,3.6198769,1.305762
2036-07-05 12:00:00,1.2602003,1.207474,2.2234511,3.2216048,3.8918228,1.8533015
2036-07-06 12:00:00,1.3486447,1.2832355,1.600205,3.0868988,3.7367249,1.6274122
2036-07-07 12:00:00,1.4263004,1.3648666,2.2825382,3.1041098,2.9020755,1.3310505
2036-07-08 12:00:00,1.4440532,1.2305073,2.4838512,3.7322001,2.911378,1.3427845
2036-07-09 12:00:00,1.1634196,1.0761964,2.341114,4.055519,2.9250548,1.3276978
2036-07-10 12:00:00,1.4461579,1.1587441,1.6207734,3.1467626,3.6351974,1.1506991
2036-07-11 12:00:00,2.6044545,2.035283,1.861536,2.0891557,3.2266173,1.2828887
2036-07-12 12:00:00,2.5177536,1.984739,2.2704782,2.2868044,2.8030272,2.0333374
2036-07-13 12:00:00,2.9874287,2.406777,3.8215222,2.4169638,2.8297982,2.4323547
2036-07-14 12:00:00,3.3062932,2.8815517,4.1515803,3.3240519,3.3967133,2.5364313
2036-07-15 12:00:00,3.7795663,3.20519,3.7611725,4.544895,4.1945443,3.1900785
2036-07-16 12:00:00,3.7042556,3.185051,3.44738,5.0646696,4.6649914,3.5564668
2036-07-17 12:00:00,3.10048,2.6775212,3.6100883,4.262359,5.0118074,3.4995859
2036-07-18 12:00:00,2.7250068,2.3521895,2.9108665,3.9139543,4.4606886,3.236134
2036-07-19 12:00:00,2.8489735,2.4387195,2.7842453,4.179013,4.481796,3.3937004
2036-07-20 12:00:00,1.9106843,1.9562099,2.992685,3.2761617,3.4175181,3.0117822
2036-07-21 12:00:00,1.7202249,1.3159478,3.835265,3.0907307,2.3735428,2.2494752
2036-07-22 12:00:00,1.2405424,1.1886111,2.7374837,2.4494212,2.6630604,1.312697
2036-07-23 12:00:00,1.4658313,1.1338588,1.849229,3.2727118,4.5256786,1.2522627
2036-07-24 12:00:00,1.2521558,1.1146799,2.3127947,3.5082989,3.990886,2.28665
2036-07-25 12:00:00,1.7032772,1.3441929,3.2643733,1.7262886,3.0917501,1.6182247
2036-07-26 12:00:00,0.95313984,0.8977041,2.8114924,1.7458775,2.2630906,1.3581883
2036-07-27 12:00:00,1.3944483,1.1361016,2.5859094,2.023554,1.7633075,2.0859935
2036-07-28 12:00:00,1.812401,1.3455315,2.666418,1.8543495,2.5914118,1.8103627
2036-07-29 12:00:00,1.395885,1.3573253,3.4094603,2.4240353,2.5681493,1.7761823
2036-07-30 12:00:00,2.2881494,1.8179636,2.7939787,2.7772148,2.6585376,1.7749983
2036-07-31 12:00:00,2.856687,2.1279616,2.714608,2.913269,3.0662544,1.6703668
2036-08-01 12:00:00,1.4196751,1.5133603,2.1048763,2.3735383,2.6576831,1.0996034
2036-08-02 12:00:00,2.221562,2.3739433,2.6121686,4.2186694,2.4540055,1.6689525
2036-08-03 12:00:00,1.4098302,1.3981776,2.183306,3.4428535,4.103519,1.6212698
2036-08-04 12:00:00,1.7588246,1.5842899,1.9493068,2.7346747,3.6972854,1.6696496
2036-08-05 12:00:00,1.951204,1.7654692,2.1260636,2.9164672,3.7797234,1.3786207
2036-08-06 12:00:00,2.3308969,1.8414179,2.0464594,3.0044508,3.1543615,1.3195957
2036-08-07 12:00:00,1.3901439,1.3499023,2.2271621,3.0610697,2.5200574,1.211052
2036-08-08 12:00:00,1.1616095,1.334918,3.8694825,2.205333,3.2420583,1.5783148
2036-08-09 12:00:00,1.876565,1.8249165,5.6131954,3.0596082,3.2090714,2.5875
2036-08-10 12:00:00,3.485403,3.098545,7.2293563,3.8637266,2.3376899,3.638375
2036-08-11 12:00:00,3.754928,3.3079672,5.6931257,5.389152,2.8089418,4.108457
2036-08-12 12:00:00,2.441148,2.2437282,4.1851463,3.034858,3.1041431,2.5928988
2036-08-13 12:00:00,2.432884,2.2668808,3.3677444,2.9904177,2.6089857,2.4227695
2036-08-14 12:00:00,2.8964844,2.4313333,2.9228566,3.273683,2.466087,1.7148707
2036-08-15 12:00:00,2.4914908,2.0314407,3.102527,4.294719,3.6521459,1.8203164
2036-08-16 12:00:00,2.9717302,2.5211554,5.16901,3.6172998,4.3438945,2.6098874
2036-08-17 12:00:00,3.062738,2.8188374,5.796694,3.4382021,2.956786,2.5995731
2036-08-18 12:00:00,3.818535,3.1687212,4.103935,4.8572283,3.2576435,3.0483947
2036-08-19 12:00:00,2.0935223,1.6858536,1.8846859,4.562538,3.0317495,1.2050644
2036-08-20 12:00:00,1.2415596,1.1179512,1.6151185,3.1502302,4.4722233,1.7121006
2036-08-21 12:00:00,1.2536838,1.2144397,2.0215712,2.4696658,4.170411,1.6562794
2036-08-22 12:00:00,2.65831,2.3993483,5.038217,4.0522475,2.8682024,3.449377
2036-08-23 12:00:00,1.5391722,1.7219985,2.9910297,3.7203052,2.6871326,2.4941385
2036-08-24 12:00:00,1.9043887,1.7296678,2.6006927,2.4215844,2.9808471,1.4082515
2036-08-25 12:00:00,1.4535829,1.1636641,1.483887,2.0088935,4.3995895,1.0258311
2036-08-26 12:00:00,1.4347486,1.1422457,2.624637,2.2319946,3.5587063,1.9330504
2036-08-27 12:00:00,2.289136,1.6606587,3.5534358,1.9565414,1.6231636,2.6143394
2036-08-28 12:00:00,3.6192615,3.1597347,3.9341686,3.9439266,3.2647219,2.877735
2036-08-29 12:00:00,1.8462543,1.53559,2.4909506,2.6529014,3.7712429,1.7197887
2036-08-30 12:00:00,1.1095629,1.1638569,2.6153338,3.3747866,4.153818,1.7774919
2036-08-31 12:00:00,1.8582141,1.4316328,3.706264,3.5819213,2.1487381,2.1028845
2036-09-01 12:00:00,3.0685554,3.1331582,4.809157,4.8079014,3.801134,3.9567282
2036-09-02 12:00:00,3.4124095,3.1251771,4.4954867,3.5827923,3.1986678,3.1639924
2036-09-03 12:00:00,1.9904394,1.6408896,2.9566715,3.1880114,3.1780338,2.3216534
2036-09-04 12:00:00,2.3694274,2.413095,4.12497,4.616369,5.039291,2.613526
2036-09-05 12:00:00,1.4889585,1.70579,3.2356803,3.1729252,4.772393,1.9399332
2036-09-06 12:00:00,2.1041625,1.805763,5.428338,3.1390388,3.9290433,3.0564322
2036-09-07 12:00:00,2.0390992,1.5229107,3.9677978,3.0849698,3.1900952,2.5167081
2036-09-08 12:00:00,1.7056046,1.3728906,2.397657,2.3549795,2.896194,1.4441867
2036-09-09 12:00:00,0.7588209,0.85650957,1.3962203,2.1039553,3.0817657,0.953492
2036-09-10 12:00:00,1.2120073,1.2134801,2.6039796,2.5453317,2.234948,1.1628277
2036-09-11 12:00:00,4.2204084,3.1462443,4.288962,2.9279323,2.5072107,2.3321517
2036-09-12 12:00:00,1.7176762,2.0074227,3.0381694,2.7948484,3.6376858,2.4585793
2036-09-13 12:00:00,2.1979089,1.7291881,3.9529157,2.9634914,4.366449,2.4751246
2036-09-14 12:00:00,2.0721188,1.774091,3.3831594,3.443124,4.157716,2.1626759
2036-09-15 12:00:00,1.3406599,1.4561173,4.9732933,3.2468545,2.480061,3.096896
2036-09-16 12:00:00,3.290271,3.1539133,6.4028773,5.733804,3.8638005,4.9676886
2036-09-17 12:00:00,3.697148,3.3393147,6.3584876,6.103884,5.772607,5.6176414
2036-09-18 12:00:00,2.870159,2.663547,4.03918,5.2352467,5.569627,3.0447826
2036-09-19 12:00:00,1.8247036,1.6598108,2.9927363,5.4059043,4.8228154,2.7260191
2036-09-20 12:00:00,2.2361312,2.237377,4.452809,6.402864,4.8239326,5.0009584
2036-09-21 12:00:00,3.4844153,3.2813182,5.7339616,6.4120784,5.8798103,4.639543
2036-09-22 12:00:00,2.2307642,1.7730949,3.0229588,3.2327669,3.5265746,2.3206792
2036-09-23 12:00:00,1.3346962,1.393401,3.072542,3.0035226,2.4740639,2.7908614
2036-09-24 12:00:00,2.431751,2.0024605,3.9109523,5.644679,5.27558,3.8898833
2036-09-25 12:00:00,1.1733446,1.1559979,3.1959274,2.9700954,5.3422627,2.6837156
2036-09-26 12:00:00,0.98336995,1.1497922,3.297412,2.3707724,4.5831223,2.127457
2036-09-27 12:00:00,1.6860746,1.8883489,4.792903,3.6928878,3.3274705,3.0442379
2036-09-28 12:00:00,2.3526883,2.3114288,4.724701,4.746865,4.44863,2.6248226
2036-09-29 12:00:00,2.897023,2.315631,4.9192758,4.0993843,4.020251,2.8594463
2036-09-30 12:00:00,3.230526,2.6307154,5.001553,6.1985755,4.243947,3.8781428
2036-10-01 12:00:00,2.410318,2.3094847,4.1878138,5.441887,2.9385595,2.9724307
2036-10-02 12:00:00,2.4508243,2.3639836,3.6136732,3.7264345,2.9325974,2.5549643
2036-10-03 12:00:00,1.1487292,1.1918651,2.5294454,2.6342793,4.654768,1.3516328
2036-10-04 12:00:00,2.1680593,2.155877,4.9153824,3.2774262,4.4829493,3.3130627
2036-10-05 12:00:00,2.8498626,2.288303,4.183408,3.4506114,3.649633,3.9874387
2036-10-06 12:00:00,1.9191743,2.195464,4.054621,5.759892,6.3222146,3.175848
2036-10-07 12:00:00,1.8054092,1.9461696,3.073318,2.7745318,3.1677525,1.955874
2036-10-08 12:00:00,1.2183187,1.1771914,1.9391618,3.7757237,2.8788278,2.0066986
2036-10-09 12:00:00,1.2914037,1.1302117,1.8315532,4.802197,4.5176783,1.514263
2036-10-10 12:00:00,1.8197582,1.5096648,4.643663,3.0333776,5.3523192,1.783553
2036-10-11 12:00:00,2.0331001,1.7121387,3.9602559,3.5232382,4.026553,2.0473049
2036-10-12 12:00:00,0.8586689,0.85266,3.437453,1.9445654,5.0644884,1.4363939
2036-10-13 12:00:00,2.9498575,2.32816,4.140071,3.888806,5.034771,2.0213282
2036-10-14 12:00:00,1.58559,1.5008588,2.1458182,4.141112,4.6638217,1.8956051
2036-10-15 12:00:00,3.2742767,2.9127605,2.868389,5.01389,4.2685227,2.8461986
2036-10-16 12:00:00,2.2963164,2.347075,2.2378507,4.355745,3.2145436,1.9609427
2036-10-17 12:00:00,1.6639622,1.7423981,2.441964,3.2235277,3.456116,2.2669291
2036-10-18 12:00:00,1.3394006,1.4691497,1.4484221,2.262147,3.367644,1.3783739
2036-10-19 12:00:00,1.2741876,1.0474323,2.3433914,1.9559661,2.8937209,1.2843188
2036-10-20 12:00:00,0.890398,0.8127071,2.4239156,2.4160726,4.2972527,1.0072259
2036-10-21 12:00:00,0.8435953,1.095427,1.817724,2.0352259,3.511321,1.2264231
2036-10-22 12:00:00,1.4815118,1.178413,1.9839352,1.8418816,2.5817418,1.4126096
2036-10-23 12:00:00,0.82213676,0.81262094,2.7882442,3.003092,4.6967793,1.4354017
2036-10-24 12:00:00,1.8028501,1.6923078,2.0001428,5.839801,4.2153845,2.5358958
2036-10-25 12:00:00,2.2791104,1.9156084,3.9544601,2.6822846,4.7765055,2.6332414
2036-10-26 12:00:00,2.2683177,1.7720698,3.190027,2.2292852,2.6627254,1.6926738
2036-10-27 12:00:00,0.95744073,1.1685308,2.2790334,6.627804,5.1441154,1.8288145
2036-10-28 12:00:00,0.7903487,1.0445648,2.648675,3.8521345,7.431731,1.7698094
2036-10-29 12:00:00,1.4993138,1.1372939,2.84762,2.4475434,5.3448076,1.4245428
2036-10-30 12:00:00,1.1854253,1.0016631,3.835791,2.0454895,3.3264475,1.6218998
2036-10-31 12:00:00,1.9463487,1.5027726,5.4241633,2.7389,4.2885327,2.5484893
2036-11-01 12:00:00,2.0024347,1.5488449,4.7002606,2.762624,3.2314398,2.1738892
2036-11-02 12:00:00,1.994996,1.603747,5.189704,3.717567,4.3856683,2.2317748
2036-11-03 12:00:00,2.3791108,2.074687,6.477201,4.1378946,5.309249,2.8402998
2036-11-04 12:00:00,2.2258325,1.7340508,4.4078474,3.276396,5.4370418,1.6277189
2036-11-05 12:00:00,1.4699795,1.224864,2.2627368,2.9641316,3.634859,1.3742614
2036-11-06 12:00:00,1.8110124,1.7515777,2.3073356,2.5140903,3.2229083,1.8807613
2036-11-07 12:00:00,1.0808698,1.3699442,2.110694,3.3566244,3.212863,1.5686493
2036-11-08 12:00:00,1.0883747,1.0728683,3.811174,2.4181602,2.6263824,1.7346383
2036-11-09 12:00:00,2.1838431,1.4702748,3.8628988,2.4188602,2.5967133,1.5554408
2036-11-10 12:00:00,3.0393717,1.9370204,3.5735319,2.6033401,2.6449797,2.4082031
2036-11-11 12:00:00,1.3460748,1.3953141,3.1985645,6.2502046,3.066803,2.0863514
2036-11-12 12:00:00,2.1124547,1.5348643,4.4320045,3.1623032,2.8754175,2.0915582
2036-11-13 12:00:00,2.4441233,2.1444895,4.656924,4.6585093,3.668667,2.4889581
2036-11-14 12:00:00,1.6442567,1.6422571,3.7165456,3.4260812,4.801941,2.3851995
2036-11-15 12:00:00,2.1472654,2.0008671,4.200002,4.1291437,5.599465,3.324599
2036-11-16 12:00:00,2.71061,2.2236059,3.7508957,6.514268,4.7741,2.4619346
2036-11-17 12:00:00,2.0695424,2.0933635,3.3238165,5.9990745,4.707696,2.392298
2036-11-18 12:00:00,1.2888575,1.4613249,2.254939,4.933173,4.962001,1.949696
2036-11-19 12:00:00,2.878994,2.4563332,4.4191194,6.1946054,4.930908,4.323319
2036-11-20 12:00:00,1.1371593,1.2411227,5.041425,4.2669916,5.4290943,3.3361158
2036-11-21 12:00:00,1.7219511,2.4469597,6.4763117,8.580014,8.061672,6.2472916
2036-11-22 12:00:00,1.0208483,1.5879221,2.8731637,5.752452,10.212842,2.5631678
2036-11-23 12:00:00,1.6339258,1.5743843,2.71555,4.4467425,6.4474115,2.2413723
2036-11-24 12:00:00,2.2263188,1.9004292,3.7069728,8.733587,7.9749475,4.3407817
2036-11-25 12:00:00,2.2339218,1.8403398,3.330709,5.3339486,8.175429,2.7478106
2036-11-26 12:00:00,2.7249768,2.401756,5.0597486,6.875091,5.969316,4.440045
2036-11-27 12:00:00,4.092013,3.3605976,5.7267838,7.97722,7.0174394,4.6982245
2036-11-28 12:00:00,1.3342978,1.7385286,4.157344,5.8280306,6.423779,2.944393
2036-11-29 12:00:00,1.2941768,1.3139479,3.689155,4.752587,4.630282,2.779916
2036-11-30 12:00:00,3.0566006,2.5786262,4.879236,3.7946322,3.61679,1.8188381
2036-12-01 12:00:00,2.6056266,2.2958677,4.2360625,5.8242903,3.3245912,3.9277446
2036-12-02 12:00:00,2.4230409,2.3320756,3.1742818,2.4740357,3.4626386,2.527501
2036-12-03 12:00:00,2.653724,1.9909629,3.6469667,3.9321942,3.8473377,3.0149086
2036-12-04 12:00:00,1.9571258,2.218526,5.3492627,7.3604174,6.255317,4.6692586
2036-12-05 12:00:00,2.1237319,2.012452,5.2010612,6.9050393,5.571262,3.6507385
2036-12-06 12:00:00,1.724977,1.6493977,5.4945245,3.7822516,5.0080724,2.5287204
2036-12-07 12:00:00,1.4583492,1.4384036,4.3497434,3.4421542,5.2106557,2.449213
2036-12-08 12:00:00,1.6677346,1.8285385,5.4428453,4.8433714,4.5144367,4.025886
2036-12-09 12:00:00,0.64826,0.98695534,3.5505981,3.798412,5.881999,2.7326407
2036-12-10 12:00:00,0.8078353,1.0024651,2.8703446,3.1606193,4.364084,2.5304146
2036-12-11 12:00:00,1.4261079,1.75526,4.314883,6.52966,6.3365335,3.6562247
2036-12-12 12:00:00,2.4420772,2.3799891,6.933856,9.070713,5.1220694,5.508836
2036-12-13 12:00:00,4.7514133,4.442075,6.922867,7.820494,5.090238,5.148816
2036-12-14 12:00:00,1.8277969,1.766585,2.709901,5.5553303,6.254954,2.8440282
2036-12-15 12:00:00,1.2087407,1.4521023,3.5335913,6.459991,5.787197,3.3812122
2036-12-16 12:00:00,2.4631171,2.250927,6.308837,6.4106894,3.9056957,4.5402164
2036-12-17 12:00:00,1.5412774,1.9469521,4.601163,6.1014986,3.6614118,3.3398259
2036-12-18 12:00:00,1.2231164,1.6563768,3.267607,6.4895067,3.5791957,2.4878113
2036-12-19 12:00:00,1.363036,1.5685027,3.8346455,7.461611,6.1920967,3.3154244
2036-12-20 12:00:00,2.8714406,3.0996072,6.5816317,6.5971303,5.738872,4.6060367
2036-12-21 12:00:00,1.9127338,2.0493321,3.8174617,4.2230844,6.1742954,2.649398
2036-12-22 12:00:00,3.9681547,3.2470014,6.812359,4.913783,5.4775047,4.6509495
2036-12-23 12:00:00,2.6665354,2.5792394,4.479126,5.2588296,3.5922503,3.1037996
2036-12-24 12:00:00,2.1602855,1.9835086,5.0537353,5.9768124,3.0683382,3.7287164
2036-12-25 12:00:00,2.219128,2.4733174,6.7930565,6.0670266,3.9834871,3.4704444
2036-12-26 12:00:00,1.2434335,1.5081818,5.0447655,5.3089175,4.0989237,3.2208257
2036-12-27 12:00:00,1.0285532,1.2798305,2.9639869,3.7934434,4.6309648,2.3675404
2036-12-28 12:00:00,0.9194582,0.84560734,2.4088488,2.8491592,3.3384283,1.9894198
2036-12-29 12:00:00,0.8820751,0.9539094,3.340762,2.7189324,3.1826565,2.3910048
2036-12-30 12:00:00,1.2800442,1.4673101,4.5677814,3.089799,3.4516642,2.8038433
2036-12-31 12:00:00,2.5457194,1.9509411,3.4901013,4.5462103,4.771218,1.7468016
2037-01-01 12:00:00,1.172112,1.2709305,4.353119,4.8604393,5.6683025,3.5608237
2037-01-02 12:00:00,1.5080421,1.6568408,4.1426473,4.422474,4.2415733,3.2725
2037-01-03 12:00:00,1.2931004,1.3802304,2.8636231,2.5996013,4.134958,1.9223629
2037-01-04 12:00:00,1.2581288,1.2224746,4.4572387,2.3592074,5.0048637,2.2308881
2037-01-05 12:00:00,2.9099839,2.0864348,5.5986896,3.9755843,6.08395,2.713969
2037-01-06 12:00:00,4.31966,3.113347,5.638924,3.7132487,4.2640266,2.819637
2037-01-07 12:00:00,2.1151242,1.8613865,4.3154154,4.9883595,4.2861586,2.7644706
2037-01-08 12:00:00,1.8274153,2.1141682,3.6878898,5.3352895,5.454394,2.8954396
2037-01-09 12:00:00,2.0155523,1.7149645,6.31531,4.892174,6.23325,3.709994
2037-01-10 12:00:00,3.3677974,2.722963,6.256206,6.380867,6.114506,4.473599
2037-01-11 12:00:00,2.6692748,2.349836,6.2800946,6.7231927,5.8765097,4.623987
2037-01-12 12:00:00,4.835914,4.35184,9.402822,8.672817,7.7125196,6.5001793
2037-01-13 12:00:00,2.356361,2.1572587,6.0265846,6.8721786,9.089585,4.438015
2037-01-14 12:00:00,2.6001933,2.830533,6.0223637,7.087687,7.2976704,5.409063
2037-01-15 12:00:00,1.8922801,1.5108982,5.1255293,5.297453,5.5732055,3.6521819
2037-01-16 12:00:00,2.2208223,1.6148919,3.9304638,5.240087,4.473331,2.895318
2037-01-17 12:00:00,1.1713785,1.1767366,4.023269,5.288722,4.509456,3.537571
2037-01-18 12:00:00,1.8853279,1.7218087,3.0709078,4.8388534,3.8206663,2.7998135
2037-01-19 12:00:00,1.2018238,1.1576557,2.0960867,3.4495537,3.029294,1.7032161
2037-01-20 12:00:00,0.80828106,1.0362667,3.0644517,2.9124439,3.2348907,2.107818
2037-01-21 12:00:00,1.7856891,1.6323924,4.2016783,2.497773,4.6248446,2.4194145
2037-01-22 12:00:00,1.0373085,1.2103169,2.637624,2.3778896,4.068924,1.931899
2037-01-23 12:00:00,1.1966126,1.1504074,6.0610313,4.5771546,6.029186,3.971821
2037-01-24 12:00:00,2.5361826,2.7893322,7.806935,7.6182947,8.68618,5.666643
2037-01-25 12:00:00,2.4498966,2.4386191,3.8231084,6.435553,8.223793,3.539918
2037-01-26 12:00:00,3.9941983,3.7024608,6.759334,8.087035,8.824548,5.3970957
2037-01-27 12:00:00,2.9747348,2.5746603,4.428219,7.536955,10.237525,4.1837897
2037-01-28 12:00:00,0.92427194,1.1334609,3.8635516,4.5763855,8.286346,2.7834985
2037-01-29 12:00:00,1.1473279,1.3387386,4.642805,5.5792956,6.464217,3.0597708
2037-01-30 12:00:00,1.5540576,1.4914258,5.40599,5.5589004,4.3170433,3.2990963
2037-01-31 12:00:00,2.1923175,1.8489351,5.739939,5.415161,6.0411534,3.37125
2037-02-01 12:00:00,3.4806345,3.0638719,6.387169,5.0324807,5.324249,5.2815833
2037-02-02 12:00:00,2.5138712,2.0134952,5.1915574,3.5731256,3.8618963,3.2905967
2037-02-03 12:00:00,1.9686854,1.9788624,4.6279464,4.4440856,2.8634462,3.326935
2037-02-04 12:00:00,3.1282084,2.5326269,6.521081,6.18453,3.4931436,5.212573
2037-02-05 12:00:00,3.169421,3.1984286,5.648613,5.593211,3.7415392,3.8035398
2037-02-06 12:00:00,1.0280423,1.1322794,3.497903,2.516979,3.3993878,2.2655828
2037-02-07 12:00:00,1.0146544,1.0794586,2.2456713,2.830911,3.0672233,2.52544
2037-02-08 12:00:00,2.1372201,2.104024,4.244199,7.234855,5.832461,4.248373
2037-02-09 12:00:00,2.7453103,2.3247952,5.3572545,6.126841,8.342276,5.1088576
2037-02-10 12:00:00,3.1758862,2.7419496,5.672503,6.1025233,7.4568048,4.480558
2037-02-11 12:00:00,3.7216935,3.2698164,6.3228283,7.694059,5.596855,4.2852225
2037-02-12 12:00:00,3.4120317,3.0542796,5.7976465,7.512778,6.3959985,4.372732
2037-02-13 12:00:00,6.012357,4.4120383,8.310681,6.399234,4.6652107,5.5319138
2037-02-14 12:00:00,4.228427,3.669853,8.270471,4.931887,5.164716,4.36433
2037-02-15 12:00:00,3.05729,2.9616792,5.3076167,8.024781,6.585369,3.7879503
2037-02-16 12:00:00,1.8905039,1.6892003,3.8861163,6.3171887,6.7180533,2.615755
2037-02-17 12:00:00,1.5539229,1.1812868,3.4671714,3.567202,3.4030142,2.9605787
2037-02-18 12:00:00,1.4020301,1.3347741,3.4426117,4.5042634,3.3370295,2.6919081
2037-02-19 12:00:00,2.329702,2.2254841,5.6581297,4.8183446,3.75278,3.6751368
2037-02-20 12:00:00,3.3391392,2.963515,6.2261343,4.8163204,4.796661,4.5918465
2037-02-21 12:00:00,4.0595093,3.919979,7.289548,6.437964,5.955018,5.325242
2037-02-22 12:00:00,3.2479246,2.9448166,4.1673074,5.0632052,6.0544744,3.040258
2037-02-23 12:00:00,3.002734,2.7881417,2.6984022,4.616832,6.3971906,2.0639825
2037-02-24 12:00:00,2.360953,1.8600721,3.1718888,3.9613166,5.8849254,2.646227
2037-02-25 12:00:00,1.6370964,1.3088601,2.8395984,4.307546,4.9920936,1.6220806
2037-02-26 12:00:00,0.71599096,0.8908769,2.2256408,3.249507,4.2424264,1.1632098
2037-02-27 12:00:00,1.0482821,1.1143887,2.2979214,3.0462146,3.384026,2.0341587
2037-02-28 12:00:00,1.1161537,1.471915,3.1790528,6.2771716,7.166249,2.626414
2037-03-01 12:00:00,2.6835966,2.587421,4.2147985,9.000178,7.1689963,3.9607735
2037-03-02 12:00:00,4.499146,4.243574,7.172133,8.393387,5.895887,5.5360436
2037-03-03 12:00:00,4.0707765,3.9380188,5.4091477,7.815028,6.6872487,3.9744883
2037-03-04 12:00:00,3.0619538,2.9041588,4.1521516,5.796826,4.146266,2.8146443
2037-03-05 12:00:00,2.1304326,1.9559629,4.019582,3.91996,4.7169003,3.2422578
2037-03-06 12:00:00,4.160078,3.5781827,6.5861764,7.9683347,4.9752164,4.769598
2037-03-07 12:00:00,2.7467587,2.8975987,4.396915,5.786564,5.2239017,3.1597342
2037-03-08 12:00:00,3.145697,3.0085597,5.7968955,7.70134,7.1771674,4.5962777
2037-03-09 12:00:00,2.2549381,3.1564062,5.256334,6.5164523,5.411778,3.8985484
2037-03-10 12:00:00,2.113069,1.8817226,4.0725975,6.215173,5.451405,3.6115217
2037-03-11 12:00:00,4.097384,3.3187287,5.161382,6.9600897,4.9213076,4.9222317
2037-03-12 12:00:00,3.0325074,2.8688426,4.437074,6.129377,6.8866663,3.1895607
2037-03-13 12:00:00,1.0418067,1.1274612,2.3528378,5.2202826,4.747966,1.6731371
2037-03-14 12:00:00,1.5953199,1.6608438,5.2901173,4.4750485,4.6012,4.078038
2037-03-15 12:00:00,1.72951,2.0887094,6.596876,5.0731955,4.4036245,4.974408
2037-03-16 12:00:00,2.5997577,2.802081,5.1185613,5.102195,5.5074797,3.4710736
2037-03-17 12:00:00,2.5299435,2.5232692,3.9398327,5.382278,7.3022923,3.7071211
2037-03-18 12:00:00,3.3758256,3.4128702,5.6711082,6.0722523,7.0958915,4.6356015
2037-03-19 12:00:00,3.832527,3.5459862,5.5589714,6.4883943,7.375688,4.835069
2037-03-20 12:00:00,5.10236,4.367878,6.199327,6.8611584,8.4694195,4.239161
2037-03-21 12:00:00,3.6811416,2.7838778,4.5870256,5.9875298,7.417737,2.8661852
2037-03-22 12:00:00,2.8206635,2.1651752,3.2260602,4.351244,7.0149302,2.1976717
2037-03-23 12:00:00,0.8423916,0.96607256,3.5929585,3.1982644,6.3059716,2.8068643
2037-03-24 12:00:00,0.9237051,0.95269275,3.0839798,2.5264401,4.9307475,2.349875
2037-03-25 12:00:00,1.8816656,1.4674459,3.1337633,3.481681,5.0281296,2.6407897
2037-03-26 12:00:00,1.3293818,1.1135964,3.6865788,2.8681276,3.9150527,2.6142023
2037-03-27 12:00:00,1.3509011,1.4599261,3.4831538,3.382909,2.8072999,3.1477692
2037-03-28 12:00:00,3.0081916,2.827722,4.9483767,4.522313,5.5317907,3.6851165
2037-03-29 12:00:00,3.6313577,2.8264706,5.225079,3.3348424,7.1567583,3.4797993
2037-03-30 12:00:00,2.5877748,2.3138578,4.6387095,3.5278053,6.8155956,3.4805553
2037-03-31 12:00:00,2.3972807,2.4016004,4.3111334,4.5549684,5.669905,3.2986457
2037-04-01 12:00:00,1.9007459,1.7903979,2.5840662,2.4998713,4.89222,1.6998969
2037-04-02 12:00:00,3.8061514,3.277127,3.1704516,3.9574072,3.54552,2.2396305
2037-04-03 12:00:00,2.2074537,1.99213,3.1171246,5.4889445,2.823691,1.9722208
2037-04-04 12:00:00,1.513588,1.3398452,3.1769714,2.48908,4.035676,1.8785579
2037-04-05 12:00:00,0.9366184,1.0508794,3.2478979,2.5528488,3.782407,1.8165686
2037-04-06 12:00:00,1.9700127,1.6532398,1.982128,2.6273894,3.6124172,1.3362776
2037-04-07 12:00:00,1.1195557,1.0269206,2.881187,2.5928333,3.3079064,1.5546466
2037-04-08 12:00:00,1.3830283,1.4556003,3.198481,3.4680676,3.746641,1.8209273
2037-04-09 12:00:00,2.0986357,1.839419,2.8921864,2.84826,5.1957917,1.6325454
2037-04-10 12:00:00,1.3465692,1.2703693,1.7579533,2.1937678,4.698657,1.5840987
2037-04-11 12:00:00,1.2651865,1.3661013,2.6938765,2.9316158,3.198972,1.6923977
2037-04-12 12:00:00,2.4967346,2.8076248,4.0527964,5.351505,2.7831206,3.3278594
2037-04-13 12:00:00,3.2833378,2.557225,3.5713725,3.645895,2.6642733,2.376104
2037-04-14 12:00:00,1.8250395,1.4938093,3.1291916,2.4300807,3.1067996,1.8277628
2037-04-15 12:00:00,1.4260993,1.3093976,2.5202532,1.8857304,2.8301132,1.8017218
2037-04-16 12:00:00,1.0453207,0.9864846,2.7620656,2.3324802,2.7802403,1.7400753
2037-04-17 12:00:00,0.9806036,0.92450404,3.2870317,1.815614,3.5644035,1.5677782
2037-04-18 12:00:00,1.0220222,0.9172605,3.4721332,1.9186348,3.9553015,1.6129584
2037-04-19 12:00:00,1.619498,1.3677043,4.377336,2.4331074,4.009821,2.5152812
2037-04-20 12:00:00,2.313592,2.4782348,6.398718,4.1750646,3.8916736,4.1436253
2037-04-21 12:00:00,3.5653784,3.348197,5.1214113,5.171606,3.9575737,3.200109
2037-04-22 12:00:00,2.8198538,2.1223052,3.0953856,2.380474,3.936232,1.7510849
2037-04-23 12:00:00,2.9834778,2.522899,4.87463,2.9840505,3.1620948,2.7960541
2037-04-24 12:00:00,1.5947671,1.5973027,2.3187401,3.5086274,2.5950365,1.8708593
2037-04-25 12:00:00,1.4630551,1.2019575,2.0299206,2.1031225,2.4376137,1.3141664
2037-04-26 12:00:00,1.2115848,1.1682324,2.232653,2.380626,2.4660072,1.3817713
2037-04-27 12:00:00,1.734435,1.3990672,2.6283395,2.131392,4.009995,1.4064722
2037-04-28 12:00:00,1.5182891,1.137185,1.9717553,1.6784065,3.1186585,1.1944855
2037-04-29 12:00:00,1.2045507,1.1720754,2.0794232,2.5037332,2.305781,1.5690241
2037-04-30 12:00:00,1.0256252,1.1010392,2.0140488,2.4471068,3.2561665,1.2997997
2037-05-01 12:00:00,2.0326247,1.6452166,3.0750504,2.7862365,2.8203926,2.3878236
2037-05-02 12:00:00,1.5185208,1.5530533,3.4059794,4.4853053,3.6756911,3.467767
2037-05-03 12:00:00,2.2827582,1.8160362,3.3901694,3.8176854,4.66705,3.0642452
2037-05-04 12:00:00,1.6888838,1.8196189,4.4655485,2.828043,4.2922387,2.7218323
2037-05-05 12:00:00,3.8495877,3.3471496,6.1266575,2.2829862,4.187172,2.9341192
2037-05-06 12:00:00,2.1825314,1.8643974,3.2215056,1.7903612,3.1028047,1.5494276
2037-05-07 12:00:00,1.7723122,1.3221227,2.3842566,1.7012063,2.5158992,1.6004378
2037-05-08 12:00:00,1.5948575,1.4573166,1.8123301,3.9852257,6.0712614,1.854478
2037-05-09 12:00:00,2.3772829,1.7303146,2.7068393,5.149906,5.019636,2.8725054
2037-05-10 12:00:00,3.2165475,2.635241,5.084507,4.8519025,5.0037103,4.911648
2037-05-11 12:00:00,4.38256,3.6316075,5.537596,4.397543,4.448948,3.6630197
2037-05-12 12:00:00,4.2539845,3.4928844,4.825062,5.316355,4.8995085,3.5141323
2037-05-13 12:00:00,2.338732,2.255756,3.008292,5.1250014,6.9116015,2.2894068
2037-05-14 12:00:00,1.8954618,1.4635577,2.3366876,3.7103827,7.5849266,1.506393
2037-05-15 12:00:00,1.4372177,1.3142648,2.1437528,2.4598842,5.817244,1.7281619
2037-05-16 12:00:00,1.7637088,1.2977145,2.5389507,3.880508,6.255067,2.1885397
2037-05-17 12:00:00,1.5744971,1.3563272,2.7212455,2.7739744,6.5330744,2.2109907
2037-05-18 12:00:00,1.4564586,1.7312628,3.5826318,2.6873033,4.1519346,2.9096332
2037-05-19 12:00:00,1.5955894,1.4858279,1.9148053,3.0407388,3.2043796,1.550379
2037-05-20 12:00:00,2.2902093,2.001212,2.671089,2.6162188,3.229111,1.752631
2037-05-21 12:00:00,2.2097387,1.8925301,3.4454784,3.7353182,4.5043783,1.817106
2037-05-22 12:00:00,1.5396446,1.2636681,3.143078,3.6931736,6.0020328,1.9075265
2037-05-23 12:00:00,1.5315776,1.4228487,1.8266567,3.001364,4.7841578,1.5913306
2037-05-24 12:00:00,1.8707163,1.5301491,1.9592429,2.4814494,7.0190296,1.2745512
2037-05-25 12:00:00,2.1124458,1.7274313,2.2792628,3.3512573,5.7639365,1.9610169
2037-05-26 12:00:00,2.6304393,2.2625062,3.6743677,4.273079,4.8895335,1.8950576
2037-05-27 12:00:00,3.5141444,2.8952122,4.350574,4.365508,4.1627836,3.126022
2037-05-28 12:00:00,3.6714497,3.1447332,3.3640373,4.6456375,5.5620313,2.5186958
2037-05-29 12:00:00,3.2746835,2.7846334,2.8325977,4.6447444,5.0866933,2.0153415
2037-05-30 12:00:00,4.075873,3.1942844,2.9911268,3.97811,5.044591,1.8360958
2037-05-31 12:00:00,3.1974578,2.6240911,3.8099926,4.1043906,4.260923,2.1638415
2037-06-01 12:00:00,3.4014857,2.8180065,4.3982377,3.8169339,3.2759373,2.0660818
2037-06-02 12:00:00,2.7009718,2.5560234,4.6466293,4.200513,2.823832,2.532725
2037-06-03 12:00:00,1.4701803,1.6794573,3.3088849,4.0592914,2.7945757,3.163549
2037-06-04 12:00:00,2.00289,1.7826587,2.077175,3.266207,3.2086363,1.8200823
2037-06-05 12:00:00,2.3816223,2.2763164,2.7285907,3.415897,4.129087,1.5305897
2037-06-06 12:00:00,1.4921623,1.5522753,2.3106334,2.628852,4.011289,1.8557688
2037-06-07 12:00:00,2.0909727,1.8701162,2.1504557,2.9701023,2.5448701,1.525926
2037-06-08 12:00:00,1.2471671,1.3175067,1.7289884,2.9253187,3.3794613,1.8343642
2037-06-09 12:00:00,1.2284071,1.2302104,2.1714482,2.267295,3.1782556,1.4070362
2037-06-10 12:00:00,2.1029763,2.0507438,3.555688,3.8355427,2.8714566,3.0645213
2037-06-11 12:00:00,2.346477,2.0344138,3.5527663,2.9997783,3.2461028,2.7782178
2037-06-12 12:00:00,2.1205606,1.9733853,3.5630744,3.1012611,3.358204,2.4309857
2037-06-13 12:00:00,2.63554,2.3204107,4.1892815,3.286302,3.9240856,2.1805367
2037-06-14 12:00:00,1.6250263,2.281346,3.4360807,3.4623694,3.6714444,1.7025418
2037-06-15 12:00:00,3.8570852,3.1917932,3.551161,3.3504553,2.371922,1.6162477
2037-06-16 12:00:00,2.2994866,2.179859,3.098424,2.1853073,2.433244,1.350839
2037-06-17 12:00:00,1.0492454,1.1100225,2.361065,2.9602714,2.9692388,1.7153387
2037-06-18 12:00:00,2.5563953,2.0061429,4.367615,3.2316895,2.9785323,2.288946
2037-06-19 12:00:00,2.1965938,1.9972312,4.709061,3.4042876,2.8907344,2.5879507
2037-06-20 12:00:00,2.645945,2.397536,3.4874043,4.054691,3.6883233,2.2924173
2037-06-21 12:00:00,2.0199904,1.429764,2.7969904,2.8292568,4.0985875,1.4828883
2037-06-22 12:00:00,1.6792817,1.6585982,4.457678,2.8928578,2.7710416,2.2462986
2037-06-23 12:00:00,1.9456793,1.6224817,2.376428,2.6473086,2.9489977,2.0270514
2037-06-24 12:00:00,2.0142555,1.4892975,3.4174104,2.7562664,3.5119145,2.3373678
2037-06-25 12:00:00,2.5269136,1.9998591,3.5257678,2.8200595,3.2628713,2.5024574
2037-06-26 12:00:00,1.9712965,1.7097296,2.2878666,2.921223,3.4155684,1.6439989
2037-06-27 12:00:00,1.5567546,1.6453477,2.2015994,3.221664,3.304838,1.3184979
2037-06-28 12:00:00,1.9367511,1.9890354,2.3071392,3.6450484,3.922013,1.5795947
2037-06-29 12:00:00,2.827003,2.7528698,2.7831814,4.727695,3.9492166,1.8211036
2037-06-30 12:00:00,2.2467217,1.926673,2.736165,3.1096182,4.2709427,1.8149512
2037-07-01 12:00:00,1.3930378,1.1115855,2.733584,1.739428,4.152402,1.2188638
2037-07-02 12:00:00,1.9569359,1.5873189,3.8966327,2.6384945,3.3270948,2.8301241
2037-07-03 12:00:00,2.2922378,1.9310557,4.0964994,3.1609755,3.8006995,3.4442089
2037-07-04 12:00:00,1.1970524,1.4303083,3.0070035,2.5818317,2.470564,1.9976486
2037-07-05 12:00:00,1.5110297,1.7630849,2.34622,2.8220987,2.5401418,1.8148664
2037-07-06 12:00:00,1.2331007,1.3753648,2.853023,4.0270157,3.3434362,1.88426
2037-07-07 12:00:00,1.9149232,2.11399,4.306688,3.8753974,2.7692122,2.2826154
2037-07-08 12:00:00,2.9279876,3.0518827,4.4394984,4.1659856,3.1384118,2.741138
2037-07-09 12:00:00,2.6514456,2.8516786,4.147601,5.1187644,6.42403,2.8890934
2037-07-10 12:00:00,2.8661866,2.4721437,3.8583875,4.0872297,4.9716506,3.016496
2037-07-11 12:00:00,2.2796109,1.9807833,3.367564,3.163114,4.6376553,2.2481143
2037-07-12 12:00:00,2.0389023,1.8678811,3.108646,3.6463084,4.4634376,1.8641495
2037-07-13 12:00:00,1.7637179,1.3960346,2.8141422,3.0487795,4.0546885,1.5404068
2037-07-14 12:00:00,1.4166398,1.3127338,2.6416337,2.7274487,2.4354856,1.4957669
2037-07-15 12:00:00,1.8926761,1.490864,3.063522,3.5776277,3.1667228,2.0284524
2037-07-16 12:00:00,1.5761712,1.3905926,2.5700493,3.6502507,5.0864,1.5615581
2037-07-17 12:00:00,1.6720827,1.7197486,1.8709368,4.603644,5.6611934,2.3709705
2037-07-18 12:00:00,1.9242479,1.655235,2.41121,3.3454156,3.6703427,2.8027728
2037-07-19 12:00:00,1.3448982,1.1639712,2.3015535,2.3332121,2.8231559,1.279965
2037-07-20 12:00:00,1.4217352,1.2780894,1.8736726,2.1655164,2.9941542,1.0482022
2037-07-21 12:00:00,2.4029794,1.6666738,2.4010174,1.8531593,2.8709767,1.4330165
2037-07-22 12:00:00,1.2793088,1.411518,2.188327,2.0269332,2.4357765,1.4907523
2037-07-23 12:00:00,1.610956,1.4730318,2.0188289,2.075001,2.3188682,1.3106338
2037-07-24 12:00:00,1.747476,1.3457311,2.461968,1.5823864,2.5486984,1.2175761
2037-07-25 12:00:00,2.0803437,1.6693105,2.9215574,2.1292145,3.4052668,1.6635197
2037-07-26 12:00:00,1.3666322,1.183832,2.2285025,2.4635959,3.6565006,1.1278604
2037-07-27 12:00:00,1.7174329,1.4366807,2.3430727,2.0623553,3.6746345,1.7395414
2037-07-28 12:00:00,1.7164655,1.488685,3.182997,2.1543336,2.8745282,2.0538769
2037-07-29 12:00:00,3.3727653,2.882458,4.072666,4.2645,3.2529263,3.1587617
2037-07-30 12:00:00,2.9053395,2.2604475,2.5661707,4.0797124,4.605947,2.0543044
2037-07-31 12:00:00,1.7015939,1.3651757,2.3903077,4.0782757,4.425902,1.2585235
2037-08-01 12:00:00,2.493867,2.213795,4.0579653,3.4121058,3.0178742,2.1501105
2037-08-02 12:00:00,2.6253624,2.0300236,3.4632804,3.348593,2.698938,1.3737769
2037-08-03 12:00:00,2.135932,1.887937,3.4555702,2.9641314,2.498821,2.0629973
2037-08-04 12:00:00,1.5654043,1.4636819,4.8591523,2.6397989,2.9795215,2.4301324
2037-08-05 12:00:00,2.9185123,2.6096485,4.168485,4.013851,3.2425294,2.4719002
2037-08-06 12:00:00,2.5987248,2.376441,3.3449335,3.0417433,3.6819544,1.8567919
2037-08-07 12:00:00,1.7772565,1.496034,1.993636,1.9839638,4.6487203,1.2482036
2037-08-08 12:00:00,2.35341,2.0486083,2.4122236,4.7182155,4.1754985,2.1305668
2037-08-09 12:00:00,1.7782059,1.5644139,1.8909148,2.9439123,3.4748306,1.5296848
2037-08-10 12:00:00,1.3267077,1.1349103,1.7797139,2.6188452,4.769564,1.617378
2037-08-11 12:00:00,1.5447465,1.2515856,1.7013941,2.8503108,4.9455957,1.2727687
2037-08-12 12:00:00,0.9220992,1.0764555,1.7560865,3.08927,4.0729337,1.2181929
2037-08-13 12:00:00,1.8788941,1.7220044,2.872236,2.9525928,2.7783422,2.0063212
2037-08-14 12:00:00,3.6339378,2.5439963,3.734666,3.115206,2.7824876,2.7680821
2037-08-15 12:00:00,3.1563065,2.2952075,4.037924,2.0628843,3.2743022,2.103316
2037-08-16 12:00:00,1.6369002,1.5691847,2.720703,2.1734056,3.3823612,1.2809207
2037-08-17 12:00:00,2.0775163,1.6776798,2.9482913,2.4223428,2.840465,1.9554306
2037-08-18 12:00:00,1.7826424,1.4218876,2.5509555,2.3301702,1.980954,1.5654978
2037-08-19 12:00:00,1.7267549,1.4561036,2.7487872,2.512003,3.2902968,1.0983403
2037-08-20 12:00:00,1.9314604,1.931815,2.767456,4.2747474,4.3002424,1.6473036
2037-08-21 12:00:00,1.5127913,1.4242755,3.3283498,4.043461,4.5671325,2.0529447
2037-08-22 12:00:00,0.845926,1.0467213,3.3464959,3.7147853,3.631688,2.407392
2037-08-23 12:00:00,1.410876,1.1493883,3.0137963,2.6218207,2.607637,1.7984145
2037-08-24 12:00:00,0.9656186,1.0323102,2.5303319,1.7604296,2.4358308,1.2819154
2037-08-25 12:00:00,1.1467686,1.1822851,2.5055304,1.880869,3.3238595,1.5435647
2037-08-26 12:00:00,1.7414224,1.4869392,2.0194786,2.9988198,3.822548,1.4772555
2037-08-27 12:00:00,1.3832734,1.390126,1.9748394,3.6245296,5.3548613,0.96969706
2037-08-28 12:00:00,2.146326,1.6289343,2.9109926,2.4487147,4.6041007,1.2106491
2037-08-29 12:00:00,1.0120592,1.0852793,2.8613431,2.2059216,3.8916256,1.3759197
2037-08-30 12:00:00,1.702764,1.4537152,2.1302376,4.0832067,3.4723835,1.6573396
2037-08-31 12:00:00,2.0441492,1.8010802,2.9680195,3.8012528,4.256684,1.631718
2037-09-01 12:00:00,1.8325453,1.6214349,2.8801038,2.861058,2.9186218,1.976383
2037-09-02 12:00:00,1.9406149,1.7958176,2.5246134,4.7209806,2.4702964,2.5595317
2037-09-03 12:00:00,1.3616226,1.4978465,2.4515996,3.1488998,2.4215012,1.9506105
2037-09-04 12:00:00,2.8683968,2.5011985,4.8186626,4.3171735,2.118771,2.4169369
2037-09-05 12:00:00,3.7743723,3.4539475,6.497275,5.717143,4.335072,4.1787276
2037-09-06 12:00:00,2.8384607,2.253131,3.5203176,3.9790232,3.5105925,2.8569245
2037-09-07 12:00:00,1.7119827,1.7164363,2.7066457,2.486899,2.4296722,1.9611391
2037-09-08 12:00:00,2.5776231,2.2152221,3.4455655,2.8841662,3.1993678,1.7458806
2037-09-09 12:00:00,3.1199374,2.3957021,5.0721207,3.1291044,6.799709,2.4816506
2037-09-10 12:00:00,2.491392,2.2024462,4.3643007,5.4101624,6.2917337,2.7224393
2037-09-11 12:00:00,0.8404667,1.2283697,2.0186193,3.9871807,3.7927337,1.1796526
2037-09-12 12:00:00,2.2608833,1.8421409,3.6438427,2.723323,3.2586467,1.8502706
2037-09-13 12:00:00,2.160747,1.8357248,3.4059634,2.1597664,3.3410313,1.9617548
2037-09-14 12:00:00,2.0970526,2.0091846,4.296103,3.0414898,2.8077672,2.9120464
2037-09-15 12:00:00,1.9268951,1.6974157,3.701019,3.3251698,3.866013,3.5788383
2037-09-16 12:00:00,1.924104,1.8530011,5.6463785,5.8065057,4.434785,3.9612236
2037-09-17 12:00:00,2.9670076,2.486832,3.6220644,5.219854,5.236948,2.050369
2037-09-18 12:00:00,1.3005925,1.1875532,2.5531955,2.0817735,3.740029,1.5086854
2037-09-19 12:00:00,1.2334688,1.2148334,2.719261,4.010134,4.1303415,2.1212132
2037-09-20 12:00:00,2.7785113,2.341547,4.90754,4.4681406,4.489464,3.349528
2037-09-21 12:00:00,2.4487853,2.3568795,3.0931528,5.589743,4.175461,2.613408
2037-09-22 12:00:00,1.2229292,1.2689788,2.4161632,3.6115255,4.8923674,1.3112123
2037-09-23 12:00:00,2.4554253,1.9377325,4.1752424,2.5486395,3.8186073,2.867544
2037-09-24 12:00:00,2.1902194,1.9081099,3.8675292,4.2256036,3.4055438,2.5068705
2037-09-25 12:00:00,2.3428488,2.1386397,4.0770717,3.2864132,2.6124806,2.4295783
2037-09-26 12:00:00,1.9882207,1.6758634,2.929409,3.2525887,3.054889,1.9081315
2037-09-27 12:00:00,1.3066788,1.3711103,2.9561458,1.9270186,2.0273957,2.435111
2037-09-28 12:00:00,1.2150682,1.1428257,2.028527,2.2885911,3.9067738,1.6783761
2037-09-29 12:00:00,0.76088536,0.994569,1.9571605,3.1558554,3.329729,1.4924495
2037-09-30 12:00:00,0.8049028,0.8605475,1.8063104,2.4496937,3.8760653,1.2024907
2037-10-01 12:00:00,1.0895863,1.241703,2.5967486,3.7150419,5.372978,2.1504588
2037-10-02 12:00:00,1.3561976,1.5106822,3.0094,4.9808674,5.9360213,2.7107093
2037-10-03 12:00:00,1.9376682,1.8192499,4.134685,4.646301,4.727707,3.2173913
2037-10-04 12:00:00,1.8227401,1.7381293,3.6654167,3.4317389,3.4332883,2.4222212
2037-10-05 12:00:00,1.8926857,1.6834425,2.7224295,2.934918,2.619431,1.3124187
2037-10-06 12:00:00,1.7974136,1.7413473,3.7859714,3.1316447,2.8491895,2.795735
2037-10-07 12:00:00,3.1455002,2.8241417,3.8709831,4.934561,3.2396226,2.4176326
2037-10-08 12:00:00,2.1426096,1.4475996,3.6473024,3.3206174,3.148969,1.9527532
2037-10-09 12:00:00,1.3481152,1.3929193,1.9957918,3.5900006,3.7739575,1.6992366
2037-10-10 12:00:00,1.4700234,1.4147685,2.0379272,2.7145338,5.17096,1.7772858
2037-10-11 12:00:00,1.3929942,1.3348073,3.359344,3.357712,7.510895,2.0476604
2037-10-12 12:00:00,3.491778,2.1967456,3.6301398,3.1478655,6.496095,1.3650047
2037-10-13 12:00:00,3.1018014,2.0551825,3.8797834,2.0089574,4.962675,1.4248691
2037-10-14 12:00:00,1.2019544,1.1440772,2.7312267,3.4178853,3.2785873,2.1955018
2037-10-15 12:00:00,1.6709583,1.478226,3.1864657,3.3946736,5.925105,2.1071968
2037-10-16 12:00:00,1.4020907,1.3513589,3.0256455,4.943841,4.7999372,2.660218
2037-10-17 12:00:00,3.3673415,2.5838647,5.2226863,4.738374,3.7890706,3.0488446
2037-10-18 12:00:00,4.2168617,3.5761597,4.009929,3.9357078,3.0797327,2.3808646
2037-10-19 12:00:00,1.5929344,1.5544256,1.885128,4.6533546,5.5819983,1.4130831
2037-10-20 12:00:00,2.838978,2.58961,5.565603,6.4159217,4.305273,4.452895
2037-10-21 12:00:00,4.88714,4.165453,8.536466,5.892548,3.9713295,6.5681024
2037-10-22 12:00:00,3.5267725,2.792452,4.5058484,4.706374,4.4540877,2.8804152
2037-10-23 12:00:00,2.9270382,3.1007416,4.780168,6.235871,3.7755342,3.4874597
2037-10-24 12:00:00,1.0847068,1.3278949,3.041629,3.521286,4.467841,1.484976
2037-10-25 12:00:00,1.5442533,1.5579993,1.8815337,2.3575103,3.5466366,1.4254583
2037-10-26 12:00:00,1.2989341,1.258831,4.0891705,3.0458636,2.7530015,2.9147587
2037-10-27 12:00:00,3.1916146,3.0723886,7.7123575,4.9023485,2.5947108,4.1024346
2037-10-28 12:00:00,4.426315,3.5977294,6.6113796,4.293979,3.2161763,3.8572915
2037-10-29 12:00:00,3.736821,2.997086,6.5841746,3.5789177,6.517184,3.2400768
2037-10-30 12:00:00,3.2921329,2.1650815,5.2091413,2.4925122,6.071655,2.2867937
2037-10-31 12:00:00,1.7384956,1.6787157,3.500536,2.795346,6.392703,1.8949375
2037-11-01 12:00:00,2.9447193,2.8892605,3.5367143,5.946169,6.49212,3.452045
2037-11-02 12:00:00,2.5080554,2.5821168,4.159547,4.5734673,6.472298,3.1598284
2037-11-03 12:00:00,1.6855494,1.9422358,3.7486932,4.755809,8.533393,3.26197
2037-11-04 12:00:00,3.6399992,3.0081978,3.3554468,3.9284492,5.5869756,2.3725498
2037-11-05 12:00:00,3.2870624,3.3086379,2.4765904,4.1308837,3.0381112,2.770287
2037-11-06 12:00:00,1.8851753,2.0861938,2.3641613,3.99359,2.9814007,1.8924545
2037-11-07 12:00:00,2.732428,2.8223872,1.9131113,4.532253,3.1969922,1.6797395
2037-11-08 12:00:00,1.5968027,1.8664986,2.2736762,4.375433,3.0291276,2.4936633
2037-11-09 12:00:00,2.3765173,2.2020848,2.857246,2.6858268,3.362312,2.0039032
2037-11-10 12:00:00,1.4349058,1.6307522,1.8958464,3.247028,3.1022425,1.4754895
2037-11-11 12:00:00,1.1990575,1.2527199,3.4849088,2.2680542,2.9581938,2.080156
2037-11-12 12:00:00,2.2481275,1.5848814,4.063224,2.5173287,5.0425234,1.8407102
2037-11-13 12:00:00,1.9691136,1.5224305,3.0137327,2.052473,4.425423,1.6608477
2037-11-14 12:00:00,2.0164986,1.5510222,3.3093493,2.4382424,2.4733317,1.6564059
2037-11-15 12:00:00,1.5899462,1.414709,3.0830798,3.7925391,2.3073912,2.0559196
2037-11-16 12:00:00,0.77771795,1.1188178,3.3455489,4.856174,3.1043212,2.7583513
2037-11-17 12:00:00,2.0873718,1.5797439,5.368299,3.0922704,5.367098,2.446088
2037-11-18 12:00:00,2.8147953,2.1622212,6.1832223,4.0595403,6.1500793,3.6266463
2037-11-19 12:00:00,2.170757,1.652733,4.307885,4.10526,4.402011,2.8071814
2037-11-20 12:00:00,2.1490378,1.5550307,3.215584,2.2670033,3.1040409,1.6690302
2037-11-21 12:00:00,2.302592,1.6112068,4.568388,2.575584,2.7202868,1.8675739
2037-11-22 12:00:00,4.1181316,2.603364,5.333878,3.4518297,4.47639,2.2579343
2037-11-23 12:00:00,2.548317,1.742832,2.48235,2.550899,4.4943633,1.2932757
2037-11-24 12:00:00,1.5231245,1.3050421,3.312409,2.727462,3.6391745,1.5588312
2037-11-25 12:00:00,1.6496371,1.275564,3.8021922,3.0849543,4.1367083,2.451869
2037-11-26 12:00:00,1.0907533,1.0801084,2.8036582,5.313115,4.3054833,1.9463195
2037-11-27 12:00:00,2.0895317,1.5499549,4.9990125,4.2418375,3.9568202,2.0089128
2037-11-28 12:00:00,4.310804,3.5031803,5.2644815,5.719841,3.1256838,2.8977528
2037-11-29 12:00:00,3.3104463,3.4007394,3.022763,6.477669,4.261307,2.3918934
2037-11-30 12:00:00,1.9525627,2.454134,2.9643874,5.917908,4.9031763,2.5345147
2037-12-01 12:00:00,1.6300406,1.5319457,4.15722,5.321817,4.735012,3.2711508
2037-12-02 12:00:00,2.88611,2.5163534,3.5964446,4.7957582,4.65055,2.193944
2037-12-03 12:00:00,2.995455,2.7938948,3.0788913,5.2751694,4.601669,2.6082904
2037-12-04 12:00:00,2.9832296,2.8958232,6.152134,6.0357533,4.95956,3.1912913
2037-12-05 12:00:00,4.095051,3.542305,6.364068,6.4598217,5.076941,3.7615497
2037-12-06 12:00:00,3.3240132,2.6901677,6.219561,6.012371,4.940975,3.295138
2037-12-07 12:00:00,1.9350882,1.438305,4.275497,4.153048,4.4265356,1.7717329
2037-12-08 12:00:00,0.75105655,0.8596334,2.8457308,3.5102105,4.336824,2.3925533
2037-12-09 12:00:00,1.0386653,1.111103,4.6334023,3.7294312,4.0052795,3.5427039
2037-12-10 12:00:00,2.1745827,1.7796965,4.036703,4.4255705,4.135459,2.6654294
2037-12-11 12:00:00,1.9135619,1.680257,4.5756593,4.137176,4.94075,2.8136113
2037-12-12 12:00:00,1.679441,1.6054087,4.516494,5.0353193,4.3809943,2.9774268
2037-12-13 12:00:00,1.9436383,1.393203,3.7800584,4.564176,3.8393164,2.0263588
2037-12-14 12:00:00,1.9120064,1.3149973,3.730998,3.6213202,3.188039,2.0463471
2037-12-15 12:00:00,1.6747228,1.3162968,4.4159527,3.020099,3.8026075,2.2674217
2037-12-16 12:00:00,1.2137854,1.1599182,5.286565,4.51872,4.4726005,4.046736
2037-12-17 12:00:00,2.369997,1.9286183,5.834187,7.343221,5.1178045,4.9132137
2037-12-18 12:00:00,3.8670657,2.7708428,4.659985,5.5719676,4.7877727,3.4201128
2037-12-19 12:00:00,2.2315493,2.0310552,2.6616116,4.8002033,6.294206,1.845845
2037-12-20 12:00:00,1.6216878,1.5544724,2.847038,4.092288,4.672297,1.8835821
2037-12-21 12:00:00,1.3418243,1.1828959,2.1911283,3.8447845,3.7844157,1.696221
2037-12-22 12:00:00,0.99106395,1.1274258,4.295381,3.508619,3.5820122,2.302968
2037-12-23 12:00:00,3.7468243,2.8614948,6.276698,4.2884526,4.0657935,3.3597403
2037-12-24 12:00:00,1.1469393,1.4066141,2.811561,3.5062811,4.0669937,1.8212799
2037-12-25 12:00:00,1.6632026,1.4081396,4.2662153,3.5796096,3.0641804,2.770083
2037-12-26 12:00:00,1.2825933,1.2484155,2.979523,3.5861967,3.0679042,2.0193799
2037-12-27 12:00:00,2.0945592,1.5161675,4.8382707,3.7248645,5.0193915,2.519733
2037-12-28 12:00:00,0.8526858,1.1008774,2.2179232,4.729105,5.7614903,2.1449742
2037-12-29 12:00:00,1.301214,1.6643121,3.0078897,4.631906,5.211791,2.144162
2037-12-30 12:00:00,1.2730575,1.296637,3.2621512,2.8887088,4.6183686,2.472631
2037-12-31 12:00:00,2.7424827,1.9672806,3.7731104,2.3364904,3.2391021,2.112678
2038-01-01 12:00:00,1.8141181,1.7311612,3.128998,2.8723862,3.6666658,1.8902438
2038-01-02 12:00:00,1.3999512,1.626649,3.0124588,3.545099,4.0440927,2.2234766
2038-01-03 12:00:00,1.2676439,1.428361,2.7451918,3.1735117,4.8405623,1.8187168
2038-01-04 12:00:00,1.1494546,1.8361875,3.0045114,4.964887,5.639089,2.142646
2038-01-05 12:00:00,1.3402796,1.8138227,3.4755242,5.4084907,6.950165,2.6408076
2038-01-06 12:00:00,1.151906,1.27627,2.975102,2.9558372,4.181317,1.8729296
2038-01-07 12:00:00,1.0502028,1.2882688,2.6637313,5.346151,4.488989,2.0810494
2038-01-08 12:00:00,1.9557714,2.0973935,4.2103724,4.7416177,4.202841,3.0932956
2038-01-09 12:00:00,1.5799584,2.279659,4.280328,7.5018725,6.692961,3.8023899
2038-01-10 12:00:00,2.9665651,3.7617993,5.8598566,7.367397,4.511867,4.578254
2038-01-11 12:00:00,1.9568331,1.8805679,3.3669882,4.1541076,4.2735934,2.2214293
2038-01-12 12:00:00,1.5572231,2.1983395,2.8413064,4.738147,5.400219,1.641997
2038-01-13 12:00:00,1.1264255,1.4774293,2.1649349,4.859383,4.4192867,2.256718
2038-01-14 12:00:00,1.3217368,1.3031362,2.8114867,4.476907,5.0859118,3.2350867
2038-01-15 12:00:00,0.6804098,0.90913194,3.481352,5.8250246,7.6018634,4.02722
2038-01-16 12:00:00,1.0649776,1.2634195,5.1683064,5.497124,8.24963,4.8888
2038-01-17 12:00:00,1.6845129,2.0529044,5.354815,6.701451,6.8449297,5.0195613
2038-01-18 12:00:00,3.1561098,3.105993,7.4250655,8.2855015,8.205572,6.690783
2038-01-19 12:00:00,2.1701565,2.4840493,6.5284915,6.8059444,7.024803,5.731642
2038-01-20 12:00:00,1.3373325,1.7978297,5.26002,6.4254622,7.93517,4.3360615
2038-01-21 12:00:00,1.956245,1.5192492,6.019485,5.775247,6.1943264,4.9309473
2038-01-22 12:00:00,2.67127,2.3286867,4.426158,5.5599427,6.7054005,2.9886425
2038-01-23 12:00:00,1.7535126,1.4824475,4.1077585,5.574349,7.5732975,3.248281
2038-01-24 12:00:00,3.6356883,3.6496532,4.576302,7.7646046,8.371506,4.230761
2038-01-25 12:00:00,2.765576,2.91182,4.347507,7.1945105,6.63529,3.8418756
2038-01-26 12:00:00,4.2647223,4.079665,7.2478027,8.023418,8.361816,5.381155
2038-01-27 12:00:00,2.9151769,2.8173714,5.785781,5.500477,8.49141,4.124597
2038-01-28 12:00:00,3.5471573,3.4838498,5.812449,6.269388,6.5641465,3.381688
2038-01-29 12:00:00,4.4047976,3.80197,4.747478,5.6040907,4.8182425,2.424019
2038-01-30 12:00:00,1.9817803,1.9924148,3.1149907,5.0507193,3.5049996,2.6823614
2038-01-31 12:00:00,1.2909845,1.4317243,2.1811168,3.5019636,3.4824653,1.9819487
2038-02-01 12:00:00,2.457263,2.2582293,3.0839972,1.9003143,3.120854,1.7713397
2038-02-02 12:00:00,1.5345068,1.2973555,2.9503307,2.2342074,2.6589687,1.5593563
2038-02-03 12:00:00,2.9799588,2.307299,5.8092775,3.6385052,3.4571042,2.5618842
2038-02-04 12:00:00,1.4457144,1.2248416,4.494626,2.4966478,4.477279,1.890258
2038-02-05 12:00:00,0.65609485,0.8551808,3.991647,2.2063746,7.1961102,1.9948395
2038-02-06 12:00:00,1.4842422,1.3234198,4.4680147,2.6758,5.2951403,2.0455997
2038-02-07 12:00:00,1.9225354,1.4894779,5.6915736,3.7113595,5.3517857,2.6800678
2038-02-08 12:00:00,1.1556144,1.1313274,5.8028145,2.6168985,3.9774773,2.633174
2038-02-09 12:00:00,0.81608814,0.9548321,4.994882,2.0962963,5.8068457,2.0379124
2038-02-10 12:00:00,1.2040284,1.3707083,2.9100246,2.8277946,6.411777,1.7063024
2038-02-11 12:00:00,2.288369,1.6809491,4.356731,3.0050988,4.7707396,2.3052285
2038-02-12 12:00:00,0.9628047,1.1861846,2.4700556,4.274508,5.0295925,1.8984473
2038-02-13 12:00:00,1.3297548,1.4607205,1.8731792,2.9025595,4.8412037,1.4416443
2038-02-14 12:00:00,0.820279,1.2763569,2.182936,3.887794,5.4825335,1.83597
2038-02-15 12:00:00,1.7134712,1.6220933,2.975166,2.380481,5.163974,2.092361
2038-02-16 12:00:00,0.7247315,0.8066686,2.6198263,1.7052653,4.152879,1.4918505
2038-02-17 12:00:00,1.9697428,1.4107745,2.9358563,2.7518563,2.9760048,1.6331896
2038-02-18 12:00:00,1.6147491,1.1427959,3.387953,3.1385036,3.4243712,2.0008612
2038-02-19 12:00:00,1.2188725,1.1707982,4.5925145,4.3713765,4.871863,3.0710115
2038-02-20 12:00:00,1.3258998,1.5554999,3.9790957,3.6153636,5.318613,2.7060688
2038-02-21 12:00:00,1.3785117,1.3283887,3.5520496,3.2724633,3.7918637,1.5747489
2038-02-22 12:00:00,1.7119255,1.4940163,5.5820208,3.2628174,3.288972,3.2026021
2038-02-23 12:00:00,2.75636,2.3653738,5.2372074,4.2474914,3.7067792,2.760893
2038-02-24 12:00:00,1.8279904,1.7615004,3.863525,3.6269534,3.9681249,2.5466125
2038-02-25 12:00:00,2.4786842,2.401108,3.1999543,3.1220553,3.5568314,1.9425038
2038-02-26 12:00:00,1.4981331,1.6021664,2.5354526,3.510782,5.869238,2.0737221
2038-02-27 12:00:00,1.6138546,1.6897725,3.1713338,2.6492822,3.9716377,2.3726568
2038-02-28 12:00:00,1.3765967,1.8116958,2.7330856,4.825896,6.572391,2.0683413
2038-03-01 12:00:00,1.3826903,1.4604475,3.4854646,4.8132687,6.2241864,2.1937306
2038-03-02 12:00:00,1.8773441,2.012718,4.2436686,3.964952,4.7636056,2.9612908
2038-03-03 12:00:00,1.4875624,1.6657026,2.9891365,4.0107727,4.933337,2.2150276
2038-03-04 12:00:00,0.95053,1.1189977,2.5433357,6.0871944,5.231838,3.3948913
2038-03-05 12:00:00,1.0460875,1.1112944,2.955845,5.4277196,8.397098,3.156533
2038-03-06 12:00:00,2.124463,1.7436891,5.489097,3.8214924,7.766426,3.0491395
2038-03-07 12:00:00,2.927052,2.6636815,6.170546,5.110934,5.1081123,3.4400733
2038-03-08 12:00:00,2.590064,2.3318112,4.2264967,3.9499543,4.0197225,2.4505887
2038-03-09 12:00:00,2.9348724,2.736735,3.8636634,4.0880075,4.1818085,2.1748772
2038-03-10 12:00:00,3.0323446,2.474403,4.8223467,4.112937,4.4262643,2.4299252
2038-03-11 12:00:00,2.7009497,2.5752695,4.58417,4.6976066,4.2349653,3.3950007
2038-03-12 12:00:00,2.0435352,1.716181,2.174419,4.6820974,5.1560116,2.1102262
2038-03-13 12:00:00,2.2844462,1.9793837,2.7831852,3.0193257,5.0347743,1.7325883
2038-03-14 12:00:00,4.07751,3.5790517,6.6651893,5.189336,5.310595,3.4367769
2038-03-15 12:00:00,4.3573785,3.8769472,6.4927397,5.694483,5.8212066,3.3171191
2038-03-16 12:00:00,3.1206253,3.0097158,5.211767,5.247849,7.178421,2.7812548
2038-03-17 12:00:00,1.6654675,1.7134949,2.8511,3.7934027,7.2650704,2.5861564
2038-03-18 12:00:00,2.864213,2.48959,5.594602,3.1942852,5.1356525,2.6476095
2038-03-19 12:00:00,2.6828964,2.7613835,3.713508,5.348827,5.3700047,2.457682
2038-03-20 12:00:00,2.2315793,1.7605478,3.975394,5.2912498,8.077458,3.3555095
2038-03-21 12:00:00,2.2873144,2.3865926,5.8807826,4.7646756,5.5275335,4.3705087
2038-03-22 12:00:00,3.200267,3.1403575,5.2434,5.282102,4.364804,3.8842428
2038-03-23 12:00:00,3.777337,3.6924999,4.6474895,5.231281,5.251843,2.6938758
2038-03-24 12:00:00,1.5923786,1.5383646,3.477318,4.313974,4.431704,2.0845697
2038-03-25 12:00:00,1.6836576,1.6031686,3.5312245,4.947822,4.7820535,3.317871
2038-03-26 12:00:00,1.6774151,1.3784754,2.2250917,4.5634503,5.6010504,1.2119819
2038-03-27 12:00:00,1.5887513,1.3931946,2.1230502,2.309898,4.345221,1.3950309
2038-03-28 12:00:00,2.2378669,1.73267,2.8606942,2.5665786,4.225607,1.5227128
2038-03-29 12:00:00,2.2493153,2.0436983,3.4286125,3.3648825,5.7999716,2.0271094
2038-03-30 12:00:00,2.0040736,2.0035841,3.4703252,3.4020264,5.740129,2.0794115
2038-03-31 12:00:00,1.5288846,1.4485005,3.793024,2.8217428,4.7715225,2.233392
2038-04-01 12:00:00,1.4024479,1.1389036,3.8645785,2.2072856,5.3777113,1.6683843
2038-04-02 12:00:00,1.6328758,1.1651143,2.8673854,2.6038623,7.0395284,1.3287721
2038-04-03 12:00:00,1.5232844,1.4773715,2.1866627,7.194031,6.914035,2.3514504
2038-04-04 12:00:00,1.6258664,1.6956736,2.1277645,6.7610173,3.3186932,2.4537973
2038-04-05 12:00:00,1.2022989,1.0854497,2.7947805,3.789404,3.3988812,1.642196
2038-04-06 12:00:00,1.7523701,1.2841781,3.7913973,2.9174044,3.149803,1.6258032
2038-04-07 12:00:00,1.3479943,1.491623,3.9338353,3.027739,3.369197,1.8032043
2038-04-08 12:00:00,2.076366,2.0342016,4.1249304,4.131489,6.293363,2.6411145
2038-04-09 12:00:00,1.7074744,1.6228874,3.0165308,4.2300386,6.4400625,1.9986937
2038-04-10 12:00:00,1.8012745,1.9515429,3.0769713,5.294724,4.782216,3.3716633
2038-04-11 12:00:00,4.576588,4.009932,5.5951853,6.2585115,3.8952763,4.5832024
2038-04-12 12:00:00,3.213653,2.5632553,4.4680724,3.002417,3.1336255,2.3041003
2038-04-13 12:00:00,2.5347335,1.92725,3.9062107,2.7721958,3.3327522,2.0369892
2038-04-14 12:00:00,2.435165,1.9816635,4.0430994,3.0491648,3.3250568,1.6934041
2038-04-15 12:00:00,2.7940948,2.1320245,4.5937705,2.5496948,4.60551,1.943184
2038-04-16 12:00:00,2.2734282,1.7305889,4.413396,2.446,5.40555,1.7932419
2038-04-17 12:00:00,1.0968862,1.2156597,3.7204115,5.2546782,4.410539,1.4870715
2038-04-18 12:00:00,1.0150793,1.1366159,3.522644,3.9563923,2.7269156,1.249934
2038-04-19 12:00:00,2.0604403,1.7234465,4.188851,3.4503791,3.8144681,1.8694164
2038-04-20 12:00:00,1.8857119,1.7998888,3.2120805,2.9566047,5.478058,2.700348
2038-04-21 12:00:00,1.5298402,1.5527035,3.478975,3.3035784,5.047519,2.910868
2038-04-22 12:00:00,2.7143645,2.2792237,6.3707995,2.6587076,3.9430702,3.1604748
2038-04-23 12:00:00,3.792416,3.2662184,5.4642224,3.9498367,3.3560312,3.20998
2038-04-24 12:00:00,3.585265,3.1718297,5.527197,3.8977573,3.5289164,2.9462397
2038-04-25 12:00:00,2.472285,1.9793475,4.9517207,2.8090954,2.2481802,2.1605356
2038-04-26 12:00:00,2.730018,2.2554154,3.054861,2.169699,2.1444514,2.130195
2038-04-27 12:00:00,3.5735426,2.8182,3.6506083,2.651571,2.0935943,2.5120015
2038-04-28 12:00:00,2.4058275,2.0172017,3.1187236,2.925242,2.3332593,2.6124542
2038-04-29 12:00:00,1.4840851,1.3094393,2.4820795,3.992107,3.6073692,2.5863097
2038-04-30 12:00:00,1.0212083,1.371857,3.0295804,5.0457125,6.6108093,3.191569
2038-05-01 12:00:00,1.4768353,1.2424852,2.2598066,4.107039,7.3271275,2.2753944
2038-05-02 12:00:00,1.5079646,1.1758635,1.9626596,2.76408,5.9395866,1.2094646
2038-05-03 12:00:00,1.3128891,1.158316,2.027185,2.7542748,5.3574233,1.4206936
2038-05-04 12:00:00,1.4654483,1.5182507,3.3855333,2.8054419,5.3922453,1.9627085
2038-05-05 12:00:00,2.7534285,2.5361643,5.038649,4.4524455,5.168628,3.2064075
2038-05-06 12:00:00,2.2363796,2.110614,2.2972383,4.2223372,5.222643,1.8000219
2038-05-07 12:00:00,1.7072976,1.461316,1.9659331,2.7208657,3.6721284,1.0791061
2038-05-08 12:00:00,1.0887744,1.1160173,2.0631258,2.5154252,2.670156,1.3232619
2038-05-09 12:00:00,0.86106896,0.8524813,1.9421705,2.296701,2.459714,1.353375
2038-05-10 12:00:00,1.2705317,1.3987364,2.8267236,3.469542,2.5807498,2.6091735
2038-05-11 12:00:00,1.8927159,1.6237669,3.8970916,3.0450664,4.123916,2.468871
2038-05-12 12:00:00,2.2192867,1.9643276,3.5833888,2.5919752,3.629468,1.8283585
2038-05-13 12:00:00,3.326628,3.1036875,3.2165995,5.0396476,3.7389205,2.6393526
2038-05-14 12:00:00,1.1188642,1.3116591,2.9699943,3.6471608,4.1476226,2.819694
2038-05-15 12:00:00,4.3165793,3.7428622,4.9799185,4.3374014,3.8300176,2.8795362
2038-05-16 12:00:00,3.360477,3.0455606,3.6208496,4.4159555,4.549607,2.65397
2038-05-17 12:00:00,1.8265425,2.0609818,3.6322973,3.4595835,3.6266143,1.9738327
2038-05-18 12:00:00,1.458759,1.3004317,3.457576,2.3644578,4.693921,1.709602
2038-05-19 12:00:00,2.198029,1.8100458,2.4876273,2.168963,4.8570356,1.2759247
2038-05-20 12:00:00,1.2153703,1.0232505,1.6984469,1.8614513,2.8929827,1.310191
2038-05-21 12:00:00,1.4625223,1.1579087,1.5719194,2.2508209,4.030337,1.2957735
2038-05-22 12:00:00,1.4207073,1.234782,1.8988853,2.2742991,4.942106,1.2105651
2038-05-23 12:00:00,1.5417049,1.1683755,3.6303968,2.697104,5.13188,2.5252345
2038-05-24 12:00:00,4.3064427,3.392698,6.7975445,4.3279777,5.01079,3.9680593
2038-05-25 12:00:00,3.2250533,2.8229337,3.6498015,4.7593436,6.3023233,1.9223125
2038-05-26 12:00:00,1.2544153,1.1823044,2.8654296,2.41928,3.0497317,1.7692529
2038-05-27 12:00:00,2.0350456,1.5955151,2.364932,2.1651058,2.8368213,1.6303152
2038-05-28 12:00:00,1.5231051,1.2786533,1.6553476,2.0849445,2.3528054,1.1188828
2038-05-29 12:00:00,1.3537452,1.1250584,1.8237813,1.8677166,2.473687,1.3461794
2038-05-30 12:00:00,1.0201931,1.1409926,2.2462995,1.7887642,2.012492,1.2294575
2038-05-31 12:00:00,1.0105476,1.1713294,2.7594779,1.7367059,2.6289315,1.3046081
2038-06-01 12:00:00,1.2800348,1.1894084,2.1512432,1.9573588,2.707047,1.6414484
2038-06-02 12:00:00,1.8691068,1.6386462,2.0137682,3.08381,3.6997373,1.5710032
2038-06-03 12:00:00,2.0486085,1.6586943,2.590632,3.2246487,4.291383,1.9983536
2038-06-04 12:00:00,2.1500144,2.1039639,3.9140353,4.8929667,3.569568,2.670454
2038-06-05 12:00:00,2.3711693,2.0879261,3.3998964,5.713818,4.4106174,3.1938312
2038-06-06 12:00:00,2.6366818,2.4836624,3.0611286,5.9961076,5.1908665,2.7334442
2038-06-07 12:00:00,2.0956755,1.8763522,2.7233198,5.3555555,4.0892763,2.1468832
2038-06-08 12:00:00,2.517161,2.0637267,3.655105,2.8516612,3.4228823,2.5553222
2038-06-09 12:00:00,3.4150748,2.3344748,3.841185,2.661503,3.3139977,3.1222546
2038-06-10 12:00:00,2.710815,1.8087959,4.5629983,2.9835405,3.9496176,2.713786
2038-06-11 12:00:00,1.2895716,1.3782521,4.1821575,3.4886482,3.3293123,2.6049051
2038-06-12 12:00:00,2.4522727,2.4385777,5.321248,3.592365,2.471784,3.959359
2038-06-13 12:00:00,2.6314187,2.66573,4.5571356,6.0549655,5.3583164,4.089717
2038-06-14 12:00:00,2.3533487,1.8969545,4.092674,4.2873535,6.0889454,2.5539224
2038-06-15 12:00:00,2.0338602,1.7184321,3.129774,2.623073,4.3899717,1.7697077
2038-06-16 12:00:00,1.1259379,1.0608124,2.50876,2.5976374,2.7403333,2.107101
2038-06-17 12:00:00,1.052979,1.2584023,3.154995,2.774341,2.7552214,2.7315962
2038-06-18 12:00:00,2.39457,2.0088093,3.5926104,3.7658596,3.831784,2.617258
2038-06-19 12:00:00,2.9520411,2.4669266,3.93913,3.5119064,3.761385,2.5110795
2038-06-20 12:00:00,2.064083,1.8139795,3.7148361,3.7659428,4.031667,1.7401717
2038-06-21 12:00:00,1.2830703,1.083375,3.4410112,2.473873,5.3419027,2.3290777
2038-06-22 12:00:00,2.804529,2.2132084,3.7414668,2.7288046,3.5576365,2.5125241
2038-06-23 12:00:00,2.0414388,1.7226357,3.977801,4.625228,4.135107,2.03034
2038-06-24 12:00:00,1.1512692,1.3604702,3.8136532,3.8756602,4.354365,2.000927
2038-06-25 12:00:00,1.6644378,2.0027928,3.2300222,3.0733032,4.0234613,1.4952593
2038-06-26 12:00:00,1.2475371,1.3112943,2.4282074,2.7693465,2.760302,1.0849298
2038-06-27 12:00:00,2.2444324,1.9766403,4.1607394,2.924448,2.5833328,3.2954292
2038-06-28 12:00:00,2.808806,2.1933534,3.6998105,3.031197,3.2935395,3.0124295
2038-06-29 12:00:00,1.6844985,1.5109125,3.212825,1.9029425,2.0697947,1.6443411
2038-06-30 12:00:00,0.9659859,0.98796606,2.6616654,1.9645516,1.8559048,1.6303236
2038-07-01 12:00:00,1.7522718,1.4006507,1.920152,1.7785156,1.5926375,1.3698062
2038-07-02 12:00:00,2.6445541,1.950729,2.7128494,2.1715472,2.1542685,1.652315
2038-07-03 12:00:00,2.9504058,2.2016923,3.318638,2.3903217,2.8163812,1.9086312
2038-07-04 12:00:00,2.10878,1.9792944,3.566644,2.264332,2.5546167,1.7870429
2038-07-05 12:00:00,1.7929131,1.609829,3.4884875,2.2739012,1.9894999,1.7998837
2038-07-06 12:00:00,1.3471075,1.1416789,2.1317284,1.7289001,3.2247365,1.6236999
2038-07-07 12:00:00,2.1280262,1.7944216,1.9104785,3.022217,4.4770594,1.3700308
2038-07-08 12:00:00,2.1034703,1.8311976,2.0601273,4.494351,4.405982,1.4587048
2038-07-09 12:00:00,2.003508,1.6072206,2.3331888,4.3398514,4.7447414,1.4365993
2038-07-10 12:00:00,1.6770223,1.4220587,2.7767649,4.1025553,4.675358,1.4207408
2038-07-11 12:00:00,3.1915991,2.2888932,2.6392188,2.8071814,3.8353388,1.198657
2038-07-12 12:00:00,2.3221998,1.6139381,2.2503314,2.2738264,3.7907672,1.1184103
2038-07-13 12:00:00,2.8258812,1.8710792,2.464063,3.7121074,3.9934347,1.2544895
2038-07-14 12:00:00,2.218335,1.4698356,2.7692513,4.182402,3.2451336,1.7457187
2038-07-15 12:00:00,1.209677,1.1982399,3.2751913,4.109333,3.0064259,2.5989542
2038-07-16 12:00:00,1.3770466,1.4019711,2.486445,3.854096,3.0900607,1.3202057
2038-07-17 12:00:00,1.347851,1.2174864,2.1227539,2.970969,2.8640015,1.2090027
2038-07-18 12:00:00,1.5280737,1.4828037,1.8139131,2.6856549,2.475083,1.3238803
2038-07-19 12:00:00,3.066716,2.5212317,2.6813247,2.3534868,2.654361,1.7540103
2038-07-20 12:00:00,3.2029648,2.997006,3.7189717,5.4383655,4.148958,2.098545
2038-07-21 12:00:00,1.2371694,1.1048354,2.7271373,4.0955515,5.8921275,1.5619059
2038-07-22 12:00:00,1.8764707,1.5852376,4.5756917,3.2428741,5.1719747,1.9473634
2038-07-23 12:00:00,2.135882,1.8245755,3.8942173,3.9747212,4.307652,2.2942793
2038-07-24 12:00:00,1.7478055,1.8579687,2.7533646,3.421921,3.1372867,2.077442
2038-07-25 12:00:00,1.4789999,1.4192783,2.5884092,2.2459495,3.031951,2.291342
2038-07-26 12:00:00,2.0138664,1.7643692,2.3680735,2.3478522,2.5742264,1.4849122
2038-07-27 12:00:00,1.7219195,1.6207654,2.1245723,3.0288465,3.4820406,1.2905791
2038-07-28 12:00:00,1.9500542,1.4954653,2.2106864,2.3746858,3.5972648,1.4351315
2038-07-29 12:00:00,0.99720293,1.0084859,2.2197857,3.314589,4.300197,1.2279415
2038-07-30 12:00:00,1.7613878,1.4951601,2.2568536,3.408204,4.8721037,1.2806728
2038-07-31 12:00:00,1.4953747,1.4758289,2.3698053,3.027978,3.512279,1.5020295
2038-08-01 12:00:00,1.797931,1.6426808,2.0714781,2.4617565,1.758731,1.6939625
2038-08-02 12:00:00,2.3371215,1.8059318,3.1921465,2.025844,2.9931252,1.5983332
2038-08-03 12:00:00,3.339882,2.4633863,4.0810986,2.260295,3.4680233,1.8063828
2038-08-04 12:00:00,2.8700407,2.301208,3.7903166,2.797734,2.8314912,1.8732876
2038-08-05 12:00:00,1.2198122,1.0541723,2.780249,2.609617,3.6502354,1.4989487
2038-08-06 12:00:00,1.2948099,1.1619673,3.035375,4.205213,4.6128554,2.0177085
2038-08-07 12:00:00,2.1614695,2.0438073,2.5584812,3.9382691,4.720877,1.4945195
2038-08-08 12:00:00,1.4531468,1.5794568,1.9425441,2.3886328,3.8415852,1.2878405
2038-08-09 12:00:00,2.121206,2.0165954,4.185268,3.9242234,2.9337764,2.4963202
2038-08-10 12:00:00,2.5298133,1.973247,3.404559,3.304535,3.1844177,1.9439743
2038-08-11 12:00:00,2.258111,1.702755,4.566146,2.5223005,4.032332,2.5746791
2038-08-12 12:00:00,2.9837463,2.0609548,3.57429,3.810393,4.7843776,2.593241
2038-08-13 12:00:00,2.4230533,2.1620586,4.7136555,4.7048407,3.811526,3.2326734
2038-08-14 12:00:00,2.120318,2.0076158,2.404592,3.375757,3.1571324,1.3861097
2038-08-15 12:00:00,1.4011401,1.2344753,1.9820116,2.875281,2.7889497,1.2969537
2038-08-16 12:00:00,1.8957555,1.8617855,3.876135,2.8958085,2.6294198,2.4252672
2038-08-17 12:00:00,3.3241363,2.7789698,4.4739933,3.9917614,3.004696,2.769819
2038-08-18 12:00:00,3.8762662,3.1120179,5.881987,2.9952736,3.0568392,3.369598
2038-08-19 12:00:00,3.6769252,2.9382875,5.2866077,4.0053034,3.2060773,3.0716758
2038-08-20 12:00:00,3.4926617,2.629404,3.6288702,5.5096498,3.161517,1.7756891
2038-08-21 12:00:00,1.7457018,1.362511,3.0284967,3.2321908,4.1657,1.5838546
2038-08-22 12:00:00,1.8176078,1.4351665,2.680328,3.987075,2.7470918,1.1699958
2038-08-23 12:00:00,2.5067143,2.0790658,2.6607778,3.1203167,2.1906898,1.8465285
2038-08-24 12:00:00,2.271722,1.9023366,4.5739837,2.8079047,1.706773,2.0410159
2038-08-25 12:00:00,2.9886465,2.438109,4.462711,3.8744447,2.8361654,2.5656965
2038-08-26 12:00:00,1.6767967,1.4132736,3.8447418,3.925647,3.6180508,2.3641818
2038-08-27 12:00:00,2.5168595,2.3302865,4.40935,5.331066,3.6005027,3.9171824
2038-08-28 12:00:00,2.330867,2.3488178,3.296047,6.0249505,4.2361465,3.4452708
2038-08-29 12:00:00,1.5381391,1.7890985,4.2029967,4.3318253,5.447076,3.5192332
2038-08-30 12:00:00,3.5839734,3.3722026,5.813301,6.135346,5.314819,4.4612513
2038-08-31 12:00:00,3.5763795,3.0712302,5.2941527,6.060181,5.2405252,4.870521
2038-09-01 12:00:00,3.064511,2.6435592,4.392408,4.4404426,5.0427246,3.746647
2038-09-02 12:00:00,2.8357391,2.2976868,3.8930132,3.381754,3.2970226,2.3982055
2038-09-03 12:00:00,1.5893538,1.2358198,3.7603896,2.582182,2.3198898,2.4551668
2038-09-04 12:00:00,1.9025102,1.9208263,3.8518472,2.498364,1.9599025,1.8361316
2038-09-05 12:00:00,1.7109557,1.3962773,2.3959901,2.5265799,2.414728,2.2487488
2038-09-06 12:00:00,2.0984278,1.7822765,4.564568,4.0241776,3.7173767,2.879634
2038-09-07 12:00:00,2.3834622,1.9257036,3.8114529,3.3618846,5.7478795,2.605303
2038-09-08 12:00:00,2.2779763,2.2170181,3.6768594,5.309407,4.6206684,3.6060016
2038-09-09 12:00:00,2.1067243,1.9315691,3.7672255,3.3523853,2.8656251,2.797239
2038-09-10 12:00:00,2.1801534,2.0354366,3.9999802,3.0358148,3.4156826,2.7700043
2038-09-11 12:00:00,2.2247066,2.5037763,4.068327,3.455164,6.4675903,2.5737848
2038-09-12 12:00:00,2.150154,1.9077222,3.5369527,3.2387376,7.238302,1.604848
2038-09-13 12:00:00,0.90917987,1.0428424,2.3907154,4.9164276,6.168567,1.3911531
2038-09-14 12:00:00,1.3868911,1.1880316,2.1164951,3.709839,5.2941008,1.222357
2038-09-15 12:00:00,1.0805926,1.0249496,2.2906914,2.7610862,3.7306259,1.2684152
2038-09-16 12:00:00,1.4190557,1.384455,3.5173173,1.8358579,2.181258,1.1878955
2038-09-17 12:00:00,2.8315964,2.3082368,5.593463,2.545968,2.0616994,2.1835256
2038-09-18 12:00:00,4.129594,3.3377433,5.66554,4.5123553,2.6839476,2.8326638
2038-09-19 12:00:00,2.2388287,1.8731122,4.7173753,3.709158,2.4300535,2.2425795
2038-09-20 12:00:00,1.8051789,1.5463766,3.6733797,3.0530632,3.3909202,3.3533626
2038-09-21 12:00:00,2.2889779,1.7214962,3.1590543,2.9528368,4.3430696,2.4399192
2038-09-22 12:00:00,2.6995914,2.147321,2.9753904,3.9802942,3.4037364,1.63501
2038-09-23 12:00:00,2.186247,1.8472992,2.119808,2.5807605,2.7108223,1.3103638
2038-09-24 12:00:00,1.8485737,1.6266431,2.4355025,1.8478562,2.0724993,1.49045
2038-09-25 12:00:00,2.1768699,1.7376326,4.919817,1.6961018,2.3043668,1.8778254
2038-09-26 12:00:00,3.239985,2.363752,4.3195624,2.3664432,2.522303,1.9984014
2038-09-27 12:00:00,3.1962323,2.2945452,3.6867418,2.0302336,2.239953,1.8757482
2038-09-28 12:00:00,3.1527433,2.3212662,4.020562,2.978693,2.629714,2.0620193
2038-09-29 12:00:00,4.292831,3.4735367,6.1883516,4.3044043,3.9140034,3.1832952
2038-09-30 12:00:00,2.1028957,2.1179006,5.1667957,4.3756533,4.563733,3.138814
2038-10-01 12:00:00,1.7669469,1.6720228,2.3336945,5.5210624,4.3010707,2.0043707
2038-10-02 12:00:00,1.0556908,1.119089,2.4947176,4.0250688,5.2255015,1.2904541
2038-10-03 12:00:00,2.9636016,2.3101208,4.9247375,3.4699392,3.4320326,2.45307
2038-10-04 12:00:00,3.4682403,2.626658,5.984883,3.0219462,3.1745596,3.1363034
2038-10-05 12:00:00,2.8150513,2.3605716,5.672281,3.3216093,3.8125927,3.618342
2038-10-06 12:00:00,2.4263844,2.26091,3.786825,3.590431,4.1204085,2.248571
2038-10-07 12:00:00,1.4415869,1.4401764,1.7858219,2.2265098,2.3714402,1.0995548
2038-10-08 12:00:00,1.3192627,1.0486833,2.525886,1.6948,2.7067475,1.4083803
2038-10-09 12:00:00,0.97786987,0.8808543,3.8184614,1.5490117,2.2780008,1.4898082
2038-10-10 12:00:00,0.8455553,1.0203252,4.302201,2.798378,3.730338,2.5130973
2038-10-11 12:00:00,1.4408362,1.6277202,5.04286,4.148329,6.063069,3.6621
2038-10-12 12:00:00,2.824049,2.8608997,6.5013466,4.8652153,6.28828,4.7238975
2038-10-13 12:00:00,2.3522408,2.3000817,4.7698674,5.479327,6.0908413,3.8120372
2038-10-14 12:00:00,2.5726013,2.5174904,4.7351284,6.8569536,4.633443,3.4414704
2038-10-15 12:00:00,1.3272264,1.3537236,2.4494314,5.6579304,4.128765,2.7591693
2038-10-16 12:00:00,0.7790468,0.9872671,2.2161999,4.9244585,7.556746,2.3371224
2038-10-17 12:00:00,1.3376479,1.369871,4.016032,2.770707,7.396064,1.7858129
2038-10-18 12:00:00,1.3612891,1.4087951,3.6288612,3.4122386,5.5642123,2.8162227
2038-10-19 12:00:00,1.4379679,1.4071342,3.772254,2.9245934,4.4353166,2.3217566
2038-10-20 12:00:00,2.7306368,2.2408648,3.1363924,3.4130855,2.4604917,1.7480924
2038-10-21 12:00:00,1.9610299,1.6501176,3.5511012,2.686568,2.2284448,2.200091
2038-10-22 12:00:00,4.1882873,3.6306362,5.7244487,4.5693765,2.6952763,3.3526187
2038-10-23 12:00:00,3.1662884,2.9658585,6.546085,5.584716,3.6231089,4.5872993
2038-10-24 12:00:00,4.0590734,3.5765197,6.1060557,5.376351,3.705094,4.7903
2038-10-25 12:00:00,2.14025,2.0092168,3.3198166,4.459284,3.9232175,2.160411
2038-10-26 12:00:00,1.9647198,1.4487416,1.9102812,1.9973649,3.7481177,1.1555583
2038-10-27 12:00:00,0.8978808,0.81306183,2.4037914,2.0410485,2.753668,1.9453859
2038-10-28 12:00:00,2.3541532,1.9307137,4.9234877,4.6057224,3.9500318,3.7049897
2038-10-29 12:00:00,4.1793947,3.0997953,4.6960607,5.1143656,6.2402577,3.4032815
2038-10-30 12:00:00,2.470355,1.9005462,3.317895,5.7691875,5.016801,3.5784845
2038-10-31 12:00:00,1.3631253,1.2878765,2.7048013,5.065898,5.5324945,2.5100176
2038-11-01 12:00:00,1.2079105,1.2134128,3.8969688,3.3452885,4.915836,2.9470732
2038-11-02 12:00:00,2.231641,2.014007,3.5269358,3.2985888,4.2934895,2.111681
2038-11-03 12:00:00,1.6336292,1.4587512,3.5843017,2.9568589,4.6984096,3.158979
2038-11-04 12:00:00,0.99974555,1.0850078,2.2603366,2.3968923,3.987477,2.3084624
2038-11-05 12:00:00,1.2999169,1.3112813,3.1014073,1.7093484,4.0963373,1.9328641
2038-11-06 12:00:00,2.3134682,1.7345228,4.6228805,2.9268024,4.8092756,2.6580229
2038-11-07 12:00:00,2.319759,1.5846552,3.199342,2.7885556,5.6385484,2.1365583
2038-11-08 12:00:00,1.1970884,1.1843052,3.1609066,2.6389158,4.9626546,1.3454422
2038-11-09 12:00:00,1.6001201,1.4956195,3.4836156,2.923169,3.7736099,1.9423308
2038-11-10 12:00:00,1.4052966,1.2192452,3.4441867,3.6965086,4.995584,1.971829
2038-11-11 12:00:00,3.0842347,2.6037872,4.999413,5.349603,5.2828317,3.667677
2038-11-12 12:00:00,2.5048132,2.9663959,5.0500298,6.7959642,6.2325535,4.0418615
2038-11-13 12:00:00,4.2258854,3.3261876,7.3391385,7.132041,5.002921,4.8517103
2038-11-14 12:00:00,2.893391,2.482573,6.6739864,5.5964093,6.276446,4.030149
2038-11-15 12:00:00,3.0080633,3.1289148,4.7623305,5.950855,9.072629,3.1066873
2038-11-16 12:00:00,3.7944674,4.0046434,4.9689636,6.9915204,7.3080583,3.35275
2038-11-17 12:00:00,3.2209272,2.9248178,4.1226463,3.8676863,6.2807927,3.09083
2038-11-18 12:00:00,3.8322659,3.071488,3.641333,3.6731255,5.2251163,2.3046787
2038-11-19 12:00:00,2.663145,2.521378,2.8929322,3.742153,4.027524,2.1277564
2038-11-20 12:00:00,1.399916,1.7771416,3.8538644,3.8927407,3.3419123,2.210983
2038-11-21 12:00:00,4.9429245,4.636824,6.4931426,6.8470416,4.0548005,3.8980768
2038-11-22 12:00:00,1.0328753,1.2636911,4.046191,5.6525297,5.589789,4.2558403
2038-11-23 12:00:00,2.055021,1.6598072,4.5232277,4.319904,6.711671,3.2439291
2038-11-24 12:00:00,1.5173833,1.3141515,3.952523,4.058152,3.6367936,2.662588
2038-11-25 12:00:00,3.4395425,2.2431974,5.578598,2.8752325,2.9799674,2.5751238
2038-11-26 12:00:00,3.1228118,2.1798239,3.9423456,2.5898013,3.7833953,2.4994974
2038-11-27 12:00:00,2.6804786,2.0059166,3.713902,2.9574275,3.5590181,2.4483087
2038-11-28 12:00:00,1.6494911,1.6882571,2.122029,1.9876374,2.9168963,1.6069565
2038-11-29 12:00:00,2.3937848,2.3327203,3.0716991,1.7709514,2.53962,1.8746684
2038-11-30 12:00:00,1.7273527,1.804258,2.3761506,2.6133373,2.5534534,2.0473015
2038-12-01 12:00:00,2.4536295,2.1455667,4.2821145,3.2646065,2.9805624,2.413263
2038-12-02 12:00:00,2.605184,2.0026355,4.7752547,2.500219,3.812335,2.4949713
2038-12-03 12:00:00,2.792152,2.730628,4.146338,4.3481307,4.257212,2.3862522
2038-12-04 12:00:00,2.9602618,2.6937544,4.1037703,3.5732841,6.361419,2.7840614
2038-12-05 12:00:00,1.3670347,1.496069,3.9967446,5.9964027,7.839719,4.428444
2038-12-06 12:00:00,2.201904,2.7002895,6.7207274,7.950922,9.110326,5.7942486
2038-12-07 12:00:00,2.7674642,3.197345,6.471934,8.263287,9.630009,5.627671
2038-12-08 12:00:00,3.5889945,3.2302592,5.2508574,6.086908,9.539651,3.3958838
2038-12-09 12:00:00,1.0768126,1.1956766,2.9761226,4.17896,8.303619,1.8262174
2038-12-10 12:00:00,0.7444197,0.98401576,2.1485758,2.0233412,6.289742,1.7364798
2038-12-11 12:00:00,1.7212057,1.6353014,3.5349314,2.1177275,3.6578996,1.9427439
2038-12-12 12:00:00,2.9312553,2.6032836,4.452391,2.5879362,3.1336958,2.714202
2038-12-13 12:00:00,4.2308407,3.1602066,4.1248417,2.3297803,4.30808,2.3548865
2038-12-14 12:00:00,3.8636403,2.664451,4.4394045,3.9484978,5.203033,2.5482607
2038-12-15 12:00:00,3.7626262,2.5406468,4.238772,2.9837418,5.9969673,2.139007
2038-12-16 12:00:00,2.6486397,1.7754259,3.03656,3.215421,3.2340693,1.8272047
2038-12-17 12:00:00,1.1746187,1.0432198,3.5214896,4.088972,2.6274378,2.589372
2038-12-18 12:00:00,1.0859417,1.013044,4.2127805,5.4895835,4.1149006,2.9196327
2038-12-19 12:00:00,1.8093634,1.2226243,4.6876183,4.135284,4.435194,2.7236898
2038-12-20 12:00:00,2.2507539,1.4395701,6.2199636,3.934699,3.8565056,3.3017194
2038-12-21 12:00:00,3.278234,2.9584115,7.8618007,7.204766,5.3097844,5.0472755
2038-12-22 12:00:00,3.4196498,3.4659617,5.5534964,7.441722,8.368289,4.1409297
2038-12-23 12:00:00,1.1258085,1.3376769,3.838528,5.282891,8.498548,3.7618346
2038-12-24 12:00:00,3.164136,2.4230351,3.8525064,4.026719,6.5035257,2.1932325
2038-12-25 12:00:00,1.5628932,1.4327639,3.4236012,3.3048515,4.893809,2.0191395
2038-12-26 12:00:00,2.5885649,2.313047,3.8818765,3.92682,4.156915,2.458781
2038-12-27 12:00:00,2.4626365,2.4245236,5.275645,4.6457167,5.1199384,3.186814
2038-12-28 12:00:00,3.4161272,3.1455503,7.807053,5.123468,5.828608,4.2957425
2038-12-29 12:00:00,2.512045,2.7219718,7.254939,5.818303,5.933434,4.489149
2038-12-30 12:00:00,2.8369374,2.811322,6.7705836,5.3871865,7.421408,4.4306693
2038-12-31 12:00:00,1.4521713,1.627144,4.518329,4.770746,6.83327,3.6145868
2039-01-01 12:00:00,1.6419308,1.4545736,4.583982,3.9521713,5.1059613,3.2659185
2039-01-02 12:00:00,1.7006478,1.4096224,3.9264507,4.682766,3.7993371,2.7600517
2039-01-03 12:00:00,4.662772,2.8774097,4.2905707,3.3258715,5.399561,1.9330573
2039-01-04 12:00:00,2.0211172,1.6057924,2.9917772,4.2063365,3.5012746,2.5626898
2039-01-05 12:00:00,1.6348387,1.8133059,4.519055,6.870228,5.8769803,3.271831
2039-01-06 12:00:00,2.4939933,2.644133,4.4041734,6.9130516,6.935666,3.742865
2039-01-07 12:00:00,1.8888798,1.8725339,5.601739,5.189222,6.3059635,4.1760707
2039-01-08 12:00:00,3.974401,2.9627585,8.042538,7.439389,6.282217,5.3628097
2039-01-09 12:00:00,4.810939,4.025703,8.473398,8.81107,6.024105,5.759891
2039-01-10 12:00:00,1.611516,1.5986147,3.867001,5.2188225,7.397513,2.339971
2039-01-11 12:00:00,1.3471848,1.5585251,4.4734297,5.7527227,7.232371,3.617954
2039-01-12 12:00:00,3.021669,3.65126,7.0091667,8.929616,5.489088,4.956889
2039-01-13 12:00:00,2.383348,2.5053554,3.8315794,5.9692745,6.4052477,2.989438
2039-01-14 12:00:00,1.748458,1.912797,4.376449,4.8556714,3.8800647,4.0753465
2039-01-15 12:00:00,3.5751708,2.5029325,5.8514004,4.029563,2.7888637,4.1072173
2039-01-16 12:00:00,2.5411313,2.1810932,4.7900605,3.7805378,3.8096938,2.3441715
2039-01-17 12:00:00,1.8902922,1.8754218,4.608025,2.8009381,5.418988,2.5068781
2039-01-18 12:00:00,1.4637685,1.5679693,2.6772935,4.522338,5.925568,1.8581486
2039-01-19 12:00:00,2.3604593,2.1261694,4.9910984,5.168219,6.08977,4.5438886
2039-01-20 12:00:00,2.384138,2.2070165,5.208473,4.619728,4.4898934,3.8801203
2039-01-21 12:00:00,0.82343996,1.1593155,2.1279154,3.9569058,2.9923182,1.5472485
2039-01-22 12:00:00,0.9002981,1.1571156,2.3745742,3.5671282,2.9202082,1.9359883
2039-01-23 12:00:00,1.0083542,1.1913565,2.1818779,2.9589067,2.6835883,2.087765
2039-01-24 12:00:00,2.003953,1.9318266,7.414977,5.0253234,4.611434,4.531984
2039-01-25 12:00:00,2.2754056,2.1792116,6.171176,6.1307025,6.0402975,4.592138
2039-01-26 12:00:00,3.7625475,2.6029556,5.6454206,5.567825,3.445961,4.3165383
2039-01-27 12:00:00,1.4404485,1.3556969,3.336869,5.551205,3.6456518,2.4460657
2039-01-28 12:00:00,2.1300979,1.3446355,3.1924767,3.0767996,4.5962296,1.8719481
2039-01-29 12:00:00,3.500496,2.7666285,5.0803285,3.1505494,4.126471,2.995248
2039-01-30 12:00:00,2.027419,1.7719123,4.0886583,4.0395966,5.141849,3.3608599
2039-01-31 12:00:00,1.0263597,1.2483073,3.5023186,5.5229926,4.9445724,2.906564
2039-02-01 12:00:00,1.8270507,1.61813,4.1548095,5.7303767,6.134266,3.8222098
2039-02-02 12:00:00,1.1583799,1.3643417,3.109192,5.6695004,7.2125883,2.1650674
2039-02-03 12:00:00,0.7915569,1.2062758,2.1027155,6.4229145,8.321105,1.7472199
2039-02-04 12:00:00,0.78435963,1.0737743,1.7936015,5.955489,10.179736,1.2621478
2039-02-05 12:00:00,0.6137574,1.1834208,2.0602856,6.7303963,9.851945,1.4738597
2039-02-06 12:00:00,1.2292173,2.0345705,2.8889642,5.4769387,7.4593673,2.3376365
2039-02-07 12:00:00,1.1192813,1.8163154,2.099935,6.2823696,7.4894996,2.0243495
2039-02-08 12:00:00,1.0287782,1.7142051,2.6228716,5.9971447,6.4135365,1.6755917
2039-02-09 12:00:00,1.3092058,1.5498391,3.165582,4.473482,4.7584577,1.886871
2039-02-10 12:00:00,0.8907254,1.1450429,2.282752,4.108314,3.9580684,2.110568
2039-02-11 12:00:00,2.154327,2.2582014,4.851462,6.9876122,3.5048244,3.73132
2039-02-12 12:00:00,2.789513,2.675149,6.721712,5.8740993,3.5733728,5.491725
2039-02-13 12:00:00,2.4767327,2.472944,5.3421087,4.489981,4.0868196,3.9970894
2039-02-14 12:00:00,1.141077,1.1476246,2.297884,2.888464,4.298173,1.7035168
2039-02-15 12:00:00,0.6708062,0.823902,3.408724,3.307478,6.5126944,1.9902923
2039-02-16 12:00:00,1.232935,1.1431736,2.709042,2.5393217,7.4313545,1.7470838
2039-02-17 12:00:00,1.1894209,1.1099246,2.9805837,1.818259,7.948274,1.5418067
2039-02-18 12:00:00,1.2541019,1.2007184,3.1014836,2.1664026,5.3475575,1.6561023
2039-02-19 12:00:00,1.763796,1.4903666,2.9532456,2.3781269,4.927467,2.0884805
2039-02-20 12:00:00,1.4156566,1.172628,2.3879008,5.346863,5.2176476,2.275095
2039-02-21 12:00:00,2.9631162,2.6556036,5.698862,4.2301264,4.3198028,3.7175527
2039-02-22 12:00:00,4.152771,3.2348626,4.781487,4.1532507,4.398834,3.0822806
2039-02-23 12:00:00,4.187172,3.4574702,4.6524467,4.4622912,4.1594367,2.5849316
2039-02-24 12:00:00,3.6046603,2.7521899,5.195728,3.8971186,4.1568027,2.792396
2039-02-25 12:00:00,2.7937114,2.0454888,3.3152165,2.0834785,3.0941825,1.9354535
2039-02-26 12:00:00,0.87323165,0.91329044,2.2638402,2.6876647,2.3912284,1.9172797
2039-02-27 12:00:00,1.1530342,1.2453945,3.9540243,4.241455,3.5733225,3.396048
2039-02-28 12:00:00,3.386799,2.5242658,4.6868253,4.382587,3.932929,2.5993643
2039-03-01 12:00:00,3.5309403,2.7989712,3.8949983,2.8877687,3.732899,1.8404148
2039-03-02 12:00:00,2.950663,2.8645036,4.9853354,5.7770157,4.0648828,3.818198
2039-03-03 12:00:00,4.4197655,3.922129,4.574626,5.222701,5.6291428,3.1040442
2039-03-04 12:00:00,2.6546254,1.9638695,3.0384045,4.4693494,7.6453633,2.6362464
2039-03-05 12:00:00,1.1840949,1.1585402,3.691759,5.281024,9.163537,3.4750004
2039-03-06 12:00:00,1.7548594,1.8338016,5.480942,5.3732767,8.6274,4.486573
2039-03-07 12:00:00,3.0614161,3.046669,6.8092256,6.8730407,6.2869034,5.351304
2039-03-08 12:00:00,1.7698638,1.9995571,4.3584824,4.6926656,4.6025176,3.3187134
2039-03-09 12:00:00,1.5201176,1.3212724,3.640102,2.1969306,4.6624036,1.6890677
2039-03-10 12:00:00,1.1574235,1.0354604,2.7983782,1.811588,4.8395495,1.3649538
2039-03-11 12:00:00,0.81094354,0.94946545,2.405496,3.8414948,5.6760488,1.7888887
2039-03-12 12:00:00,1.7146044,1.4521114,2.9422092,4.6554246,4.745525,1.9543536
2039-03-13 12:00:00,1.5458987,1.2813889,2.9974,3.4161363,5.007066,1.5268707
2039-03-14 12:00:00,0.99075925,1.1041607,1.7820904,3.3022606,4.8150315,1.5246199
2039-03-15 12:00:00,2.1381621,1.8793266,4.5264497,4.294275,4.1944695,3.5553458
2039-03-16 12:00:00,2.79324,2.3629215,2.813947,4.450627,4.2821274,2.3910804
2039-03-17 12:00:00,1.0111308,1.191978,2.9583647,5.6828327,5.376049,3.4966555
2039-03-18 12:00:00,2.5629401,1.8357418,3.8457108,2.8967476,6.3732843,1.8482339
2039-03-19 12:00:00,3.8845832,3.3340857,4.5761433,2.271389,4.825642,2.5618813
2039-03-20 12:00:00,1.6097828,1.5540658,1.8897165,2.8752248,4.344817,1.2656145
2039-03-21 12:00:00,1.0403051,1.0355382,2.591729,3.65811,5.1562943,1.5274255
2039-03-22 12:00:00,2.3060656,1.8008988,3.297897,3.3807843,5.3859754,1.9504442
2039-03-23 12:00:00,3.2412944,2.1257524,4.895108,3.0865812,5.2014723,2.1057415
2039-03-24 12:00:00,3.6079996,2.5368075,4.979577,2.8608923,5.7899117,2.25187
2039-03-25 12:00:00,2.3028724,1.5245103,3.7226775,2.4849684,4.8075275,1.6270593
2039-03-26 12:00:00,1.6125824,1.1521622,3.4929988,2.796534,4.2952147,1.4524217
2039-03-27 12:00:00,1.3494203,1.3574995,4.2690845,2.8934062,4.207377,1.8686285
2039-03-28 12:00:00,1.627992,1.6670055,4.903631,2.5419135,5.4329786,2.1241949
2039-03-29 12:00:00,1.638393,1.5500118,5.3712883,2.2854574,4.8072157,2.3535092
2039-03-30 12:00:00,1.7615263,1.5788783,4.907877,2.4677694,3.7547896,2.1976464
2039-03-31 12:00:00,2.9879773,2.5967822,5.561332,3.3767183,3.7543964,2.8423235
2039-04-01 12:00:00,1.9951259,2.2092311,3.080836,4.621511,4.8973475,2.4569511
2039-04-02 12:00:00,2.226424,1.9946645,4.250793,3.4595325,4.2925906,3.006838
2039-04-03 12:00:00,1.6969943,2.0487297,3.0612576,3.8930366,5.2957335,1.8588017
2039-04-04 12:00:00,2.5583038,2.602668,5.16149,5.711476,5.4082804,3.6431272
2039-04-05 12:00:00,4.331911,3.8031108,6.029111,5.6424074,3.2806952,4.629802
2039-04-06 12:00:00,2.3196874,2.3355405,3.5801964,5.2013063,4.0809493,2.73014
2039-04-07 12:00:00,2.2904634,2.1258998,3.4016821,6.8676357,4.337051,3.1349509
2039-04-08 12:00:00,4.8683596,4.410872,8.74213,7.2007236,5.8512497,6.9498186
2039-04-09 12:00:00,3.8997579,4.1735635,8.349108,7.2419243,8.665905,6.059345
2039-04-10 12:00:00,2.9977117,3.2074363,5.1637473,6.4682846,6.378898,4.6459217
2039-04-11 12:00:00,2.336185,2.2778127,3.3364773,4.4511995,6.83211,2.3751223
2039-04-12 12:00:00,1.7190242,1.7876905,5.15139,3.4969528,5.862792,3.4582055
2039-04-13 12:00:00,2.505934,2.4808476,3.7717297,6.3350415,5.537505,3.6848702
2039-04-14 12:00:00,1.6941142,1.8352633,3.488292,6.034157,3.9138448,3.8489504
2039-04-15 12:00:00,1.765698,1.4024553,2.334602,3.415377,3.7965844,1.7752825
2039-04-16 12:00:00,1.3056916,1.2693696,2.0261583,4.4146295,7.289815,1.6148819
2039-04-17 12:00:00,1.8283072,1.568117,2.4116917,3.2242193,5.7060337,2.0669796
2039-04-18 12:00:00,2.4793727,2.3031502,3.590442,3.020407,4.2357607,2.8017294
2039-04-19 12:00:00,4.7884736,4.137943,7.0050964,4.564709,5.0149274,4.3721943
2039-04-20 12:00:00,3.2561083,2.7956474,6.660675,4.1813817,6.523094,4.2756505
2039-04-21 12:00:00,1.2330695,1.3703837,3.3186882,3.2880738,3.623454,1.4741257
2039-04-22 12:00:00,1.200597,1.1473117,2.483132,2.6830091,2.4215198,1.4088385
2039-04-23 12:00:00,1.3641317,1.3272774,4.7098436,2.7914681,2.5538409,3.1128564
2039-04-24 12:00:00,1.7636013,1.7660726,5.207548,3.2857451,3.2355232,3.497088
2039-04-25 12:00:00,1.9675661,1.7463902,5.5130424,2.3565238,5.5593204,2.483537
2039-04-26 12:00:00,1.340508,1.2259631,4.825108,2.5394483,4.434825,2.2150145
2039-04-27 12:00:00,1.0402739,1.0492377,2.982456,2.0289812,2.7978835,1.597972
2039-04-28 12:00:00,1.7071587,1.4254107,2.4761796,1.9076843,4.9520206,1.6290818
2039-04-29 12:00:00,1.0940957,1.1601644,2.369537,2.427044,4.5531487,1.4226937
2039-04-30 12:00:00,1.3223658,1.5132678,2.7758093,3.1248386,2.7639148,2.3384402
2039-05-01 12:00:00,1.89624,1.5302839,2.338009,2.8951411,4.7543707,2.1454434
2039-05-02 12:00:00,1.741048,1.6950235,2.585752,4.692681,4.4305196,1.8130196
2039-05-03 12:00:00,2.0228965,1.9649798,2.423055,4.7065387,2.8926198,2.1912663
2039-05-04 12:00:00,2.3176417,2.1771433,3.4479966,3.8308315,3.7075078,3.0596447
2039-05-05 12:00:00,1.4317179,1.4495295,2.223369,2.844434,3.7455637,1.585374
2039-05-06 12:00:00,2.1989455,2.0721328,3.4660633,3.3893814,2.9442673,2.9345691
2039-05-07 12:00:00,2.597404,1.8425423,3.074338,4.0034595,4.5156293,2.4549198
2039-05-08 12:00:00,2.0701516,1.8873823,3.286082,3.7755256,3.8007302,2.3606408
2039-05-09 12:00:00,2.024507,1.9319341,3.922445,2.2002292,3.1614053,2.1900084
2039-05-10 12:00:00,1.3678886,1.1861807,2.3515377,2.213271,2.6641705,1.1954539
2039-05-11 12:00:00,1.3657378,1.7157096,1.9331399,4.128852,2.8495924,1.748291
2039-05-12 12:00:00,2.4233868,2.0730739,2.1943994,3.45236,3.878067,1.4719766
2039-05-13 12:00:00,1.9815711,1.746628,2.1600251,2.9598422,4.7330647,1.2476517
2039-05-14 12:00:00,1.9025767,1.6400032,2.0181482,2.4820216,4.156004,1.4357203
2039-05-15 12:00:00,1.3932126,1.3008143,1.8385376,2.4821477,3.8566835,1.2055004
2039-05-16 12:00:00,0.9250591,1.1003783,1.7158971,2.3732247,3.0874038,1.1643453
2039-05-17 12:00:00,1.3424827,1.557852,2.0981877,2.8054852,4.1236672,1.6057258
2039-05-18 12:00:00,1.6829299,1.7550092,2.432227,3.747673,4.473448,2.1919684
2039-05-19 12:00:00,2.3783107,1.9958221,3.5280988,3.8579001,3.1789446,3.516583
2039-05-20 12:00:00,2.737273,2.123049,4.4169636,2.338101,4.289141,3.6327257
2039-05-21 12:00:00,2.1563935,1.8132707,4.0367994,2.2908916,4.5177712,3.1687465
2039-05-22 12:00:00,2.035055,1.920562,5.1476345,3.1437643,5.203113,3.160422
2039-05-23 12:00:00,2.761151,2.5379677,4.669039,4.6079226,5.1534333,2.8804233
2039-05-24 12:00:00,3.4002166,2.9217134,4.964447,6.357071,4.7683997,4.3287063
2039-05-25 12:00:00,3.227911,3.0617857,4.897426,4.508999,4.3452015,3.9319944
2039-05-26 12:00:00,2.4258928,2.6748948,3.702443,3.8419695,2.9165528,2.2546263
2039-05-27 12:00:00,2.935492,3.096115,4.7722154,4.4933786,3.9773717,3.451187
2039-05-28 12:00:00,1.8962475,1.9606051,4.408742,3.391407,3.7890887,3.8252738
2039-05-29 12:00:00,1.9677777,1.6192917,2.0158286,2.523397,3.3057141,1.7766907
2039-05-30 12:00:00,1.9674274,1.9928101,2.3950267,2.3087254,3.7258132,1.4246314
2039-05-31 12:00:00,2.4319015,1.7783943,2.9261205,2.6220355,2.6822002,1.7778486
2039-06-01 12:00:00,2.6377401,2.2133057,3.1043708,3.018511,2.6555805,2.0089145
2039-06-02 12:00:00,2.4545174,2.5879223,2.8107047,3.4591794,2.5825326,2.2364538
2039-06-03 12:00:00,1.9319725,1.6519353,3.3177676,2.3982203,2.494637,1.7836611
2039-06-04 12:00:00,1.6694014,1.4686542,3.6691675,2.1490762,2.0124352,1.8590356
2039-06-05 12:00:00,0.9341492,0.93556666,2.8594089,2.2146306,2.3701262,1.6524572
2039-06-06 12:00:00,1.1059102,1.0690798,2.308381,2.8828318,3.9828084,1.4063416
2039-06-07 12:00:00,1.4847829,1.376707,1.9774957,2.0784776,3.138845,1.4185506
2039-06-08 12:00:00,1.3348069,1.1159886,2.324289,1.9600407,2.62796,1.4433718
2039-06-09 12:00:00,1.6882182,1.2613906,3.1799612,3.5406485,3.5601978,1.3327689
2039-06-10 12:00:00,1.1727455,1.2095314,2.2890847,4.760478,4.4415917,1.3612478
2039-06-11 12:00:00,1.1361036,1.2586098,1.8878803,5.0036964,3.6554837,1.3287765
2039-06-12 12:00:00,1.6954508,1.3971101,2.3380816,4.578539,3.1430478,1.7367717
2039-06-13 12:00:00,3.8075266,2.6230652,3.2929573,4.466208,3.5133665,1.6287725
2039-06-14 12:00:00,2.7778084,2.099693,3.1853077,2.7584486,3.716376,2.034492
2039-06-15 12:00:00,1.6176722,1.725299,2.738722,2.114997,3.1070065,1.8325669
2039-06-16 12:00:00,1.8371,1.8309355,2.475802,2.4081268,2.093499,2.3013055
2039-06-17 12:00:00,1.4599746,1.519277,2.5645192,2.4484057,2.4053378,1.8487746
2039-06-18 12:00:00,1.5307771,1.6313807,2.6102931,2.4200969,3.6798708,2.0651913
2039-06-19 12:00:00,1.3074155,1.5982935,3.0873399,2.6640232,2.492872,2.5219164
2039-06-20 12:00:00,1.343033,1.4452304,2.42169,2.8078654,3.067305,2.1082647
2039-06-21 12:00:00,2.179334,1.8458654,2.9888978,2.7856247,2.8260915,2.3550787
2039-06-22 12:00:00,2.1089787,1.6381625,3.0611606,3.9167361,4.3844247,2.4187236
2039-06-23 12:00:00,2.9626007,2.4427967,3.460158,3.2907696,3.7948313,2.08427
2039-06-24 12:00:00,2.100594,1.7971494,1.9991294,2.1257343,3.4081929,1.586094
2039-06-25 12:00:00,1.3164489,1.3322804,2.217129,2.5353057,4.3674006,2.1575186
2039-06-26 12:00:00,1.6025158,1.7638203,3.095374,4.0597806,3.3028462,2.603846
2039-06-27 12:00:00,2.602415,2.1411557,3.986054,4.354177,3.1803055,3.9011712
2039-06-28 12:00:00,1.5712644,1.6206373,4.485943,2.9387438,3.4439363,3.8482373
2039-06-29 12:00:00,1.5756507,1.9415504,5.282202,3.2511923,4.0754848,3.0173168
2039-06-30 12:00:00,1.8110993,1.9297346,6.4566355,4.6532536,4.263415,4.4067736
2039-07-01 12:00:00,2.091366,2.1821752,5.135965,4.4833264,3.9049542,4.1588526
2039-07-02 12:00:00,1.7212359,1.8543152,3.8550344,4.181099,3.855293,2.9680703
2039-07-03 12:00:00,1.614842,1.5266479,3.507725,3.8441422,4.9655256,1.7463962
2039-07-04 12:00:00,1.6453178,1.5098962,4.8612394,2.6011744,4.7309237,2.4458852
2039-07-05 12:00:00,2.538173,2.1187363,4.2273116,3.284124,3.1745074,2.644705
2039-07-06 12:00:00,2.450446,1.8516548,2.6911988,2.0841753,2.75518,1.7304199
2039-07-07 12:00:00,3.85331,2.9536963,3.710688,3.0358684,2.8547356,1.6865155
2039-07-08 12:00:00,2.586676,2.408385,2.9208138,3.1996033,3.8575714,1.7355592
2039-07-09 12:00:00,1.9681525,1.5803878,2.4777946,1.7761712,2.5414188,1.4621402
2039-07-10 12:00:00,1.8245336,1.4356521,2.307026,2.568783,4.246281,1.2770386
2039-07-11 12:00:00,1.5736897,1.4469249,2.381995,2.8582797,3.5499017,1.2850707
2039-07-12 12:00:00,1.632235,1.3860897,2.6802363,2.1762235,2.8578873,1.192392
2039-07-13 12:00:00,3.4790618,2.5394206,3.8854215,3.442031,4.5476227,1.7762285
2039-07-14 12:00:00,1.2190547,1.6498078,3.5977738,4.709255,5.4505754,2.7825706
2039-07-15 12:00:00,2.3868928,2.096262,4.052615,2.851593,5.000151,2.3744428
2039-07-16 12:00:00,4.1440706,3.4003263,5.827607,3.9732707,3.606983,4.1250353
2039-07-17 12:00:00,2.363766,2.0835583,2.5805163,4.2032413,3.7059538,1.5396909
2039-07-18 12:00:00,2.480028,2.1893582,3.2974403,2.6254697,2.5472708,1.7703886
2039-07-19 12:00:00,1.6595802,1.4391289,2.9195118,3.1593604,2.8144042,1.4843259
2039-07-20 12:00:00,2.4413905,2.3180878,4.044968,3.7292764,3.0580359,2.6779816
2039-07-21 12:00:00,3.0844011,3.0453444,3.472837,4.009992,3.4686759,2.4297123
2039-07-22 12:00:00,1.4651258,1.5004174,2.656968,2.6018026,3.6899214,2.0586874
2039-07-23 12:00:00,3.317971,2.603047,2.7510035,3.8379028,4.5691624,1.7873248
2039-07-24 12:00:00,2.42461,2.1812468,5.7838306,3.3093278,3.9080367,2.4573693
2039-07-25 12:00:00,3.499196,3.0092924,5.5963645,3.490456,3.352094,2.606175
2039-07-26 12:00:00,1.9949961,1.7611864,2.7895052,2.4661164,2.9908025,1.3348773
2039-07-27 12:00:00,1.1698737,1.1289674,3.9526727,2.791241,3.5542862,2.3822916
2039-07-28 12:00:00,2.307065,2.4408207,3.733396,3.8706176,3.5859292,2.545801
2039-07-29 12:00:00,3.4877071,3.2805896,5.287588,5.2412276,4.1786275,3.9478657
2039-07-30 12:00:00,2.8206747,2.439317,4.3443127,3.6478963,4.3341208,3.0934064
2039-07-31 12:00:00,1.8754048,1.6092672,2.9145026,3.833635,3.760387,1.4076892
2039-08-01 12:00:00,0.96191543,0.9202036,2.1639905,2.7021494,3.3010867,1.2798173
2039-08-02 12:00:00,1.5580969,1.127881,2.4509418,1.8346884,4.0487924,1.6355097
2039-08-03 12:00:00,1.6005692,1.3709369,2.654821,1.9754341,3.8075833,1.7259686
2039-08-04 12:00:00,2.5940614,2.0927272,3.680818,3.1845336,3.3801143,2.0197496
2039-08-05 12:00:00,2.0707834,1.6664507,4.7100377,3.7516077,2.524697,3.5109477
2039-08-06 12:00:00,1.9299667,1.7397751,3.158691,3.2024698,2.1951942,1.6437862
2039-08-07 12:00:00,1.1770298,1.0514308,1.9084814,2.054569,2.4306285,1.3603534
2039-08-08 12:00:00,2.1190126,1.8185165,3.8188567,2.7336192,2.5839975,2.5672085
2039-08-09 12:00:00,2.497675,2.5891933,3.796701,3.552525,3.2964594,3.1587179
2039-08-10 12:00:00,2.2092946,2.2854135,3.2973125,2.9019284,2.868793,2.0727286
2039-08-11 12:00:00,2.26458,2.1116624,4.536162,3.293633,2.902701,3.0155046
2039-08-12 12:00:00,2.7285802,2.3689897,3.7268393,2.829952,2.6788766,2.5884368
2039-08-13 12:00:00,2.706715,2.5616298,3.639797,3.5513403,1.9532554,2.9066882
2039-08-14 12:00:00,1.3376747,1.1874018,2.1813877,3.3942463,3.5361168,1.7696036
2039-08-15 12:00:00,0.9070731,0.9317648,2.562583,1.7041457,3.818224,1.3071988
2039-08-16 12:00:00,1.474339,1.2719904,2.252783,1.792704,2.486449,1.2846649
2039-08-17 12:00:00,1.7835717,1.8919964,2.631446,3.9313338,2.712893,2.5589154
2039-08-18 12:00:00,3.5657935,2.8188093,4.038762,4.1296196,2.9178264,3.2224345
2039-08-19 12:00:00,2.3749218,1.8493896,2.9890425,2.725021,3.5266054,1.3967223
2039-08-20 12:00:00,1.7305946,1.3905329,3.1340704,2.9406047,3.1673121,1.6646537
2039-08-21 12:00:00,1.6576954,1.4194227,3.3392675,3.0651352,1.8369384,1.4087043
2039-08-22 12:00:00,2.5072396,1.7002718,3.5107043,2.5726514,2.7661746,1.6953833
2039-08-23 12:00:00,1.1284372,1.0895828,2.8092768,2.69764,2.5354254,1.9473983
2039-08-24 12:00:00,0.9384333,0.8896853,2.101754,2.7014987,3.4981775,1.1012691
2039-08-25 12:00:00,1.8825908,1.7841346,4.8225403,4.1898813,2.4687219,2.128538
2039-08-26 12:00:00,2.244906,2.0041125,3.2714734,3.3727891,3.0927646,2.539845
2039-08-27 12:00:00,1.9077486,1.6851733,4.1306725,2.4485862,3.1880858,2.803204
2039-08-28 12:00:00,3.3511405,2.6722775,4.707658,2.7993307,4.25973,2.7672205
2039-08-29 12:00:00,3.390884,2.9587982,4.395444,5.95223,5.7621155,3.4145756
2039-08-30 12:00:00,2.5844545,2.2360082,3.977665,4.5088067,5.1221986,2.997391
2039-08-31 12:00:00,2.23324,1.8811389,3.2535105,3.381481,3.5173702,1.87813
2039-09-01 12:00:00,3.1250458,2.818745,5.6313605,3.216806,2.6932087,2.6063468
2039-09-02 12:00:00,4.3150268,3.475712,5.5477653,3.3723843,4.001307,1.9883212
2039-09-03 12:00:00,2.9369411,2.434582,4.741492,5.672978,4.236029,3.0899973
2039-09-04 12:00:00,2.1875148,1.6441833,2.681284,3.5697362,4.980146,1.5883034
2039-09-05 12:00:00,3.2189388,2.8377907,3.5407887,3.717049,5.3702397,2.161386
2039-09-06 12:00:00,3.0496578,2.4197357,3.0348682,4.480585,5.0221934,2.65598
2039-09-07 12:00:00,2.232654,2.1482291,4.788141,4.2793345,4.7761817,3.2130764
2039-09-08 12:00:00,3.42341,3.0412352,5.345395,5.1699014,4.837586,4.8091273
2039-09-09 12:00:00,1.2559385,1.1851995,3.361654,3.3213675,2.820012,2.4370134
2039-09-10 12:00:00,1.9009465,1.7717099,4.623281,2.8728259,3.4703233,2.0418425
2039-09-11 12:00:00,2.7315881,2.460481,5.9218106,2.838975,3.4377062,3.7578716
2039-09-12 12:00:00,2.7223172,2.3721654,3.1319249,2.383042,2.8797371,2.213608
2039-09-13 12:00:00,0.9081028,0.92919385,1.9772557,2.0977201,3.3381777,1.0652187
2039-09-14 12:00:00,2.0595565,1.8469887,2.7781858,5.9637437,5.993199,2.8250134
2039-09-15 12:00:00,0.8525823,1.1351341,2.7296,2.8420327,5.642911,2.0857112
2039-09-16 12:00:00,0.86983645,0.94806933,2.5738056,2.9467468,5.4810753,1.4624262
2039-09-17 12:00:00,0.9916363,1.1321925,4.322222,1.994504,5.907426,1.7935431
2039-09-18 12:00:00,1.9198179,2.100231,4.4352694,3.6797848,5.09479,3.556503
2039-09-19 12:00:00,1.5187955,1.7934493,3.5111084,3.4125016,4.2822084,3.1323957
2039-09-20 12:00:00,1.8240979,1.6362451,2.0866578,4.3415565,5.2614884,1.5333213
2039-09-21 12:00:00,1.4209425,1.3464427,2.233127,4.6126385,4.3538713,2.385431
2039-09-22 12:00:00,1.7452933,1.6664666,4.1508956,5.791511,4.3185954,4.1092315
2039-09-23 12:00:00,4.1723356,3.402355,5.738768,6.4635377,5.7162957,4.077341
2039-09-24 12:00:00,2.5998735,2.6729553,4.073285,6.0595517,5.720242,2.768443
2039-09-25 12:00:00,2.3118746,2.2948897,4.498557,4.388186,4.26081,2.8040693
2039-09-26 12:00:00,1.9585639,1.6823633,3.31843,2.4448025,3.5392253,1.7367262
2039-09-27 12:00:00,1.3433709,1.1810031,2.308239,2.893393,4.0396013,2.1809578
2039-09-28 12:00:00,1.311404,1.354088,2.982567,2.2390475,3.4267578,2.3288643
2039-09-29 12:00:00,1.3462358,1.4166818,4.021924,3.5553772,2.4161358,3.1182928
2039-09-30 12:00:00,2.3843675,2.0870054,4.888181,5.1617403,4.6398706,3.403433
2039-10-01 12:00:00,3.0121021,2.7860634,4.046807,7.0873146,6.5502405,3.3320234
2039-10-02 12:00:00,1.9183263,1.8509723,3.4909046,4.8060193,6.5057807,2.5207074
2039-10-03 12:00:00,2.0990968,2.451026,3.0577264,6.808874,4.9085,2.4292064
2039-10-04 12:00:00,1.0804262,1.1677028,3.558304,4.085255,5.9799542,1.5574552
2039-10-05 12:00:00,0.97120583,1.3210326,3.932982,2.350759,5.2475953,2.0218906
2039-10-06 12:00:00,0.8334321,1.0139642,2.788013,2.4873981,3.8773372,1.9706699
2039-10-07 12:00:00,0.65687084,0.80013776,2.378374,1.7850162,2.930339,1.3531375
2039-10-08 12:00:00,0.69525325,0.7642734,2.4448402,2.5866263,3.962581,1.3730173
2039-10-09 12:00:00,0.8094641,0.8230101,3.5403438,1.7471834,4.3173866,1.5378525
2039-10-10 12:00:00,1.0999172,1.1163881,3.8244636,2.1509063,3.6852064,2.5046515
2039-10-11 12:00:00,1.1053417,1.2858516,3.7029984,2.7073553,3.4968333,2.9336853
2039-10-12 12:00:00,2.46016,2.293441,3.8662226,4.6128554,4.392523,2.868296
2039-10-13 12:00:00,1.1728312,1.3644133,2.2288516,4.488628,4.750199,1.601729
2039-10-14 12:00:00,0.9412815,1.2735249,2.53554,3.050897,3.369569,2.0677938
2039-10-15 12:00:00,2.626464,2.3193576,4.764927,4.4993663,4.0464125,3.323808
2039-10-16 12:00:00,2.195108,2.3965812,2.973007,2.8308842,3.2827473,1.7704954
2039-10-17 12:00:00,2.306302,1.8376497,3.936648,2.8104458,3.4240677,2.4393709
2039-10-18 12:00:00,2.3435354,1.6468328,4.1021943,3.123967,3.8689234,2.1818447
2039-10-19 12:00:00,3.1830997,3.2262397,5.1371465,5.7756586,4.0190454,4.321546
2039-10-20 12:00:00,2.9221685,2.4997437,2.47635,3.6424782,3.98347,2.1172419
2039-10-21 12:00:00,1.8070897,1.8367038,3.138257,6.652009,6.4423413,3.5424633
2039-10-22 12:00:00,1.9321476,1.917413,3.9673865,4.7463474,4.8114915,2.7461963
2039-10-23 12:00:00,1.8510149,2.1023962,3.9361212,4.600329,4.1854587,2.9054835
2039-10-24 12:00:00,2.1476932,2.17353,2.9123702,3.8574402,6.1286783,1.7507758
2039-10-25 12:00:00,1.1715269,1.3489809,1.8563384,3.3750937,5.360318,1.471193
2039-10-26 12:00:00,0.69803774,1.0927485,2.1038322,4.40616,3.7566833,1.7266706
2039-10-27 12:00:00,0.9459599,1.1657566,2.3547664,4.993395,4.8546762,1.6620768
2039-10-28 12:00:00,1.7472003,2.1721613,2.9787474,4.2501926,4.375294,1.5724001
2039-10-29 12:00:00,2.2408247,1.9931072,2.367421,2.3884997,3.8699007,1.2786012
2039-10-30 12:00:00,1.015078,1.0967268,4.477861,4.962589,7.2690053,3.6181047
2039-10-31 12:00:00,0.79473513,0.946529,4.0905957,4.299451,7.8215675,2.6575925
2039-11-01 12:00:00,0.57196105,0.73982966,3.2297776,1.7590584,4.286615,1.4681315
2039-11-02 12:00:00,0.66289663,0.74534607,4.032416,2.4944751,6.3225956,2.1410143
2039-11-03 12:00:00,1.26566,1.066697,4.892179,2.0785856,5.242254,2.327717
2039-11-04 12:00:00,0.8351488,0.85282576,4.26297,2.51385,4.6958966,1.4983034
2039-11-05 12:00:00,1.0806038,1.1630197,3.0311003,4.315877,5.7955003,2.3683352
2039-11-06 12:00:00,2.6626956,2.4898846,4.4966817,4.398976,4.8707466,2.500888
2039-11-07 12:00:00,1.3571792,1.5334707,2.6706946,4.418823,3.3231714,2.1234388
2039-11-08 12:00:00,1.0174232,1.2354703,2.2985196,3.5506034,4.7531724,1.8930881
2039-11-09 12:00:00,1.7807221,1.5073123,3.262536,2.8977466,4.0196295,2.0032542
2039-11-10 12:00:00,0.94262356,1.2529685,1.7891884,5.5780306,2.9580088,1.7780981
2039-11-11 12:00:00,0.81996256,1.0790349,3.4659693,5.7566442,4.698917,3.1033366
2039-11-12 12:00:00,2.215591,2.330036,5.237775,5.7601814,6.0124297,4.11673
2039-11-13 12:00:00,2.1015015,1.7694627,4.434807,3.6127646,5.845392,2.5047903
2039-11-14 12:00:00,2.093995,1.514755,3.2388957,2.634143,7.0774283,1.7856412
2039-11-15 12:00:00,3.0713778,1.9785405,3.7564409,2.5503702,5.7421865,1.7094457
2039-11-16 12:00:00,1.2934403,1.1184914,2.6206503,3.5458243,4.786269,1.3603916
2039-11-17 12:00:00,1.2469325,1.3827145,2.99807,6.859115,6.37804,3.323161
2039-11-18 12:00:00,1.7206838,1.6731379,3.867046,5.696459,7.9110475,2.5441766
2039-11-19 12:00:00,1.0528024,1.4216754,2.3828053,7.2997975,8.185702,2.5812092
2039-11-20 12:00:00,1.2925498,1.5364708,3.0536315,6.076317,6.3159833,3.0535412
2039-11-21 12:00:00,1.0405616,1.1908108,3.415878,4.4473767,5.684501,3.1286693
2039-11-22 12:00:00,0.7980226,1.1312665,2.8386,6.6012025,7.888951,2.4583411
2039-11-23 12:00:00,1.1763451,1.534993,2.72795,7.2388725,5.997399,2.4712741
2039-11-24 12:00:00,1.1782393,1.5056572,2.8370676,6.335966,6.143989,2.551809
2039-11-25 12:00:00,1.8856599,2.3974817,4.102923,6.5335803,7.644356,3.2385538
2039-11-26 12:00:00,1.6615484,2.3365848,4.161483,5.5100775,5.6089587,3.254617
2039-11-27 12:00:00,1.3971472,1.6194571,2.8121789,3.297348,3.9043107,2.2830114
2039-11-28 12:00:00,1.3331872,1.7974348,4.1273985,6.135922,3.351814,3.2819216
2039-11-29 12:00:00,2.0990884,2.2541964,5.8578386,7.5656953,4.8898134,4.448629
2039-11-30 12:00:00,2.692236,3.1311686,6.321291,8.985965,5.224506,5.0940814
2039-12-01 12:00:00,1.9586532,2.130318,4.282367,5.355741,4.393826,3.6282709
2039-12-02 12:00:00,2.5954382,1.971223,5.3734784,3.7898655,5.1733174,3.1461546
2039-12-03 12:00:00,0.9318868,1.256749,2.4308116,4.158666,5.395068,2.1566153
2039-12-04 12:00:00,1.051191,1.2209406,3.753569,4.5720296,3.1973543,2.766691
2039-12-05 12:00:00,2.565857,2.0987072,2.9450743,3.9121528,3.028545,2.3234243
2039-12-06 12:00:00,4.3301473,3.2612472,4.7010384,2.4060743,3.4193428,2.777843
2039-12-07 12:00:00,2.2215521,1.9481158,3.1522846,2.2749724,3.3339639,2.2446659
2039-12-08 12:00:00,2.3544326,2.2599492,5.8044515,6.790557,4.706526,4.7415895
2039-12-09 12:00:00,2.5789986,2.156274,4.1962337,5.316621,7.027308,2.4084496
2039-12-10 12:00:00,0.8890154,1.1689334,2.4206972,5.063196,6.9413376,1.6634012
2039-12-11 12:00:00,1.5335422,1.6049353,3.070836,4.426066,6.414777,2.0521216
2039-12-12 12:00:00,1.464916,1.6444896,3.241402,4.0205264,4.939731,2.4851701
2039-12-13 12:00:00,1.9002752,1.9256611,5.4816904,6.8704977,4.9921694,3.4930146
2039-12-14 12:00:00,1.0748521,1.3155783,4.7305565,4.789161,3.7682688,2.8610804
2039-12-15 12:00:00,3.9745743,3.2664378,7.291431,7.42049,5.8944902,5.1847286
2039-12-16 12:00:00,2.604206,2.7806697,4.376817,6.9520226,6.365772,2.9766293
2039-12-17 12:00:00,1.2106175,1.4255515,2.2984824,3.3919964,4.0629053,1.7443304
2039-12-18 12:00:00,1.3891723,1.3663913,2.4348269,2.084121,3.929415,1.6881678
2039-12-19 12:00:00,1.1071054,1.1143758,4.290568,4.2476163,4.851475,3.5651984
2039-12-20 12:00:00,1.4475634,1.7551776,5.1717324,7.3227305,7.6044564,4.75093
2039-12-21 12:00:00,4.376832,3.5626116,6.4312267,8.3403,9.120622,5.203276
2039-12-22 12:00:00,4.74444,3.4904363,6.2192945,6.1120687,8.527953,3.7337718
2039-12-23 12:00:00,1.0427196,1.3991644,2.8119664,6.70195,8.019895,1.8830755
2039-12-24 12:00:00,1.8206228,1.7793125,4.221122,6.1434164,9.229274,4.088935
2039-12-25 12:00:00,2.8578384,2.5186923,5.209795,4.801983,4.2519174,4.29896
2039-12-26 12:00:00,1.0731223,1.1812859,2.6869879,3.6844308,4.639102,2.0888824
2039-12-27 12:00:00,0.7296677,1.0588804,2.4293866,6.4553113,8.332659,2.8088415
2039-12-28 12:00:00,0.88024086,1.3766198,1.945583,4.979903,9.317503,1.6860057
2039-12-29 12:00:00,1.4839554,1.5485519,3.3507986,2.4467137,6.496639,2.378103
2039-12-30 12:00:00,0.97884583,1.0737486,5.1665363,3.5648413,7.0761337,3.4225872
2039-12-31 12:00:00,1.3478483,1.405357,6.6077456,4.2274265,7.2144094,3.9329882
2040-01-01 12:00:00,1.7712096,2.0071683,6.4524455,4.775773,7.570962,4.0708785
2040-01-02 12:00:00,2.3135157,2.155354,6.2132072,5.6711864,6.77951,4.7559066
2040-01-03 12:00:00,3.5648177,2.8918903,5.9244633,5.632847,4.9348397,3.825469
2040-01-04 12:00:00,2.581049,2.2200606,5.9045334,4.2059436,4.0309396,3.5717154
2040-01-05 12:00:00,1.5467868,1.3389703,3.2811618,2.4353685,3.6873167,1.7575735
2040-01-06 12:00:00,1.279486,1.2795753,3.984789,4.542056,4.490142,2.966321
2040-01-07 12:00:00,1.1605897,1.1563135,4.169507,5.2155437,8.109616,3.038526
2040-01-08 12:00:00,1.9846123,1.6330307,4.8013306,4.7859564,7.3626986,3.0692341
2040-01-09 12:00:00,2.4874046,2.1530533,6.7813168,4.230694,5.2944427,4.158831
2040-01-10 12:00:00,2.1936197,2.128346,6.281492,5.3523083,4.5920377,4.051084
2040-01-11 12:00:00,3.4243026,2.4635165,6.120648,2.9407628,3.0387125,3.0629113
2040-01-12 12:00:00,2.2157211,2.3793743,5.201274,5.4261713,5.259534,3.2128274
2040-01-13 12:00:00,1.499156,1.6787165,3.406694,4.8715816,7.4051275,3.4329994
2040-01-14 12:00:00,1.8518206,1.8194165,6.246728,6.670117,9.414121,5.5018215
2040-01-15 12:00:00,1.8006046,1.6801988,4.020826,5.9521704,8.319996,3.0389156
2040-01-16 12:00:00,1.7628403,1.5845279,4.592654,4.699608,5.7189727,4.079023
2040-01-17 12:00:00,2.7500758,2.2055576,4.836774,4.9616027,4.6467037,3.5091786
2040-01-18 12:00:00,3.6130085,2.8600464,7.4740005,3.6104505,4.56395,3.9777324
2040-01-19 12:00:00,5.2746763,4.4873037,8.135165,3.8260088,2.6284592,4.944559
2040-01-20 12:00:00,3.499393,3.1465306,6.760399,5.0574408,3.698006,4.538451
2040-01-21 12:00:00,6.140323,4.583986,8.6022625,5.8433514,4.975025,5.121701
2040-01-22 12:00:00,6.063458,4.455836,6.3586173,6.2174063,6.723619,4.645608
2040-01-23 12:00:00,4.1415515,3.3958488,6.7356763,5.994016,6.769586,4.551679
2040-01-24 12:00:00,4.0136423,3.722035,7.537202,5.6998377,7.3238096,4.65365
2040-01-25 12:00:00,3.5337734,3.1110451,4.5347652,4.6433144,7.2159085,2.7959013
2040-01-26 12:00:00,1.8962169,1.6450686,2.2104528,4.823064,6.9225454,2.681304
2040-01-27 12:00:00,1.9890046,1.9539194,2.4422686,4.1832533,5.5114923,2.5191095
2040-01-28 12:00:00,1.8474319,1.5830643,3.4054134,3.6820269,6.9050097,2.0578332
2040-01-29 12:00:00,3.1986966,2.8060253,5.643199,4.641908,4.6118183,3.222376
2040-01-30 12:00:00,3.01856,2.778902,4.911321,6.1469088,5.978836,3.9925115
2040-01-31 12:00:00,2.4825754,2.3669026,4.2052183,5.916344,7.683613,3.1385205
2040-02-01 12:00:00,1.931704,1.658205,3.9998136,4.430716,6.8710017,2.9733799
2040-02-02 12:00:00,1.6765604,1.5316142,3.6569514,4.365782,5.233219,2.9327664
2040-02-03 12:00:00,1.823492,1.5947045,4.527093,4.497697,3.782526,2.988413
2040-02-04 12:00:00,2.1448865,2.1717138,4.8648324,5.26195,3.6771076,3.688375
2040-02-05 12:00:00,1.5043292,1.1716131,4.272678,4.2734437,4.7453713,3.013022
2040-02-06 12:00:00,2.3218436,2.1115534,4.2477436,6.495757,5.825479,2.9033735
2040-02-07 12:00:00,2.3009722,1.8993751,6.03695,5.1028843,4.9918265,4.167605
2040-02-08 12:00:00,2.409457,2.2406044,5.0688324,4.8190327,4.8856187,3.8755913
2040-02-09 12:00:00,3.340001,3.0740175,5.6571107,5.447293,4.7849417,4.0684648
2040-02-10 12:00:00,2.5889583,2.1710904,5.883435,4.950075,6.9758883,3.61924
2040-02-11 12:00:00,2.9422207,2.7182343,4.4806976,5.347646,6.019446,3.658979
2040-02-12 12:00:00,2.4067965,2.27677,4.056471,5.842142,5.61621,3.6378613
2040-02-13 12:00:00,2.600447,2.2341158,4.605185,3.6029603,6.176085,2.995698
2040-02-14 12:00:00,1.7151678,1.3569795,3.3714356,4.3701115,4.487103,2.4194014
2040-02-15 12:00:00,2.8537352,2.5464914,3.3985364,3.4452336,4.3352456,2.5226126
2040-02-16 12:00:00,2.7144885,2.171874,5.380301,4.652586,4.7616215,3.490013
2040-02-17 12:00:00,2.2700057,1.8797121,3.4250064,4.030733,3.404046,2.8786218
2040-02-18 12:00:00,0.92413807,1.089953,2.4661865,3.9261467,2.6174552,2.99238
2040-02-19 12:00:00,0.9840716,1.0774783,2.783534,4.97882,3.59517,2.8552163
2040-02-20 12:00:00,2.774685,2.6384685,5.7158566,6.033517,5.121422,4.0421376
2040-02-21 12:00:00,2.0910623,1.7578664,6.065756,4.9662786,7.06678,3.2251565
2040-02-22 12:00:00,2.0283923,1.6491206,5.25294,4.0603595,5.5533385,3.2254038
2040-02-23 12:00:00,3.2584352,2.9293156,4.9121594,5.5242887,5.2991543,3.100163
2040-02-24 12:00:00,2.5818915,2.119619,5.6044393,3.4823675,3.31268,3.4706895
2040-02-25 12:00:00,1.5333056,1.3684565,4.9736633,3.3726223,2.470669,2.4139931
2040-02-26 12:00:00,1.6748915,1.8053286,5.555292,5.2407136,3.2274692,4.124822
2040-02-27 12:00:00,4.196748,3.3751082,8.550994,7.3882036,4.9896827,6.495156
2040-02-28 12:00:00,2.8117385,2.9925342,6.832671,6.781969,3.959077,3.5595102
2040-02-29 12:00:00,1.6921194,1.9440571,3.288995,4.6746564,2.6216059,2.7501066
2040-03-01 12:00:00,2.3572192,2.1718976,3.970017,4.2313104,4.9156747,2.7539668
2040-03-02 12:00:00,1.948571,1.9333448,4.827038,5.4676743,3.5530188,3.620819
2040-03-03 12:00:00,3.9656925,3.6869435,6.3617625,7.526837,6.0472097,4.897405
2040-03-04 12:00:00,3.1983566,2.7032208,6.324861,6.375131,8.828088,4.52273
2040-03-05 12:00:00,1.6069167,1.6798888,3.030638,6.6034994,7.826207,2.7513835
2040-03-06 12:00:00,1.5797781,1.6936866,5.433549,5.204418,7.4032774,2.935449
2040-03-07 12:00:00,1.8043208,1.9156212,5.290521,4.559054,7.2206073,3.3557394
2040-03-08 12:00:00,3.6518576,3.2508163,6.145441,5.653422,4.9190717,4.362465
2040-03-09 12:00:00,1.1867383,1.5352569,3.6651118,5.7908096,7.3151426,3.1804752
2040-03-10 12:00:00,2.587689,2.196243,5.8509593,5.2591834,5.1393805,3.9034948
2040-03-11 12:00:00,2.437438,2.5068552,5.4750423,7.5029893,4.2808175,4.583802
2040-03-12 12:00:00,1.9982107,2.274807,2.7613037,5.9612775,5.6393533,2.7751677
2040-03-13 12:00:00,1.1557295,1.3291553,3.4933152,3.1658263,3.962012,2.507798
2040-03-14 12:00:00,1.5339705,1.5259051,4.241496,4.74881,3.1388438,2.8260016
2040-03-15 12:00:00,2.7124233,2.675096,4.949956,6.002544,3.4906535,3.661173
2040-03-16 12:00:00,1.989691,2.082004,3.8386204,4.3730617,3.005917,2.729682
2040-03-17 12:00:00,3.6375732,3.1342814,6.4168024,7.1632032,4.8671784,5.3712497
2040-03-18 12:00:00,3.265034,3.17308,6.222159,5.7626534,6.4570284,4.523754
2040-03-19 12:00:00,5.8212357,5.000254,7.657525,7.4054112,5.785754,6.2845373
2040-03-20 12:00:00,4.3511443,4.178402,6.053663,9.861244,9.6565695,5.120609
2040-03-21 12:00:00,3.7845125,3.4001255,5.126386,8.258353,8.679086,4.6736674
2040-03-22 12:00:00,2.6432738,2.4238098,3.8328834,7.022488,7.4252577,4.536189
2040-03-23 12:00:00,2.0158157,2.0548396,3.1475337,6.17632,6.944008,3.1503234
2040-03-24 12:00:00,1.7274582,1.5406506,2.4999132,4.668249,7.718,1.9881148
2040-03-25 12:00:00,3.0684621,2.712943,4.503369,7.5913076,5.3345113,5.044559
2040-03-26 12:00:00,3.6778286,2.862015,4.2608047,7.2289696,6.538747,4.2789154
2040-03-27 12:00:00,2.9345188,2.543251,3.5232134,6.4680686,4.3438478,4.007343
2040-03-28 12:00:00,2.4738245,2.4374862,3.5521884,5.3387613,4.873611,3.0088036
2040-03-29 12:00:00,2.482574,2.3648849,3.4447947,5.2260184,4.296135,2.1387599
2040-03-30 12:00:00,1.5986676,1.4948606,3.276048,3.8072162,3.4332402,2.6486778
2040-03-31 12:00:00,1.5486393,1.6555928,2.98305,4.39542,3.9164572,2.219392
2040-04-01 12:00:00,2.7629817,2.50106,4.9121437,4.835445,4.0397444,2.9191372
2040-04-02 12:00:00,4.0589466,2.9563005,6.1516633,4.4189105,3.164984,3.355405
2040-04-03 12:00:00,5.105686,4.8394613,6.661277,6.3208466,3.5640204,4.619109
2040-04-04 12:00:00,3.512891,3.1384346,5.179448,3.9013321,3.5879338,2.8890467
2040-04-05 12:00:00,2.956496,2.8225698,4.507056,5.5174236,4.140554,3.7970939
2040-04-06 12:00:00,3.9619727,3.6003082,6.296613,5.4657993,4.0016084,4.1505113
2040-04-07 12:00:00,5.499585,4.138615,6.8925886,4.704889,2.6072023,4.1735783
2040-04-08 12:00:00,4.0823803,3.185314,5.504503,4.276722,3.0023968,3.2890737
2040-04-09 12:00:00,2.4009805,2.1787605,3.397834,4.9569716,4.0706186,2.6596367
2040-04-10 12:00:00,3.0002747,2.850662,4.3422027,6.3397923,4.9602566,4.2235274
2040-04-11 12:00:00,2.44277,2.2549403,4.4945016,4.173206,6.9758644,3.8432
2040-04-12 12:00:00,2.068043,2.075592,3.8244522,3.8756874,3.7509575,2.478292
2040-04-13 12:00:00,1.4044397,1.3552098,2.2507036,3.3658283,4.7946224,1.7790923
2040-04-14 12:00:00,1.0187769,1.1307808,1.8440119,2.9583466,3.966753,1.1304911
2040-04-15 12:00:00,1.9479005,1.6581106,1.9910756,3.5112154,3.379015,1.2744244
2040-04-16 12:00:00,1.243961,1.2993301,2.146061,3.7476606,3.7552764,1.4511764
2040-04-17 12:00:00,1.6636863,1.6688894,2.2662501,3.7199614,2.9402406,2.1876192
2040-04-18 12:00:00,1.5701146,1.6236445,3.0633707,3.206289,3.0144036,2.4973092
2040-04-19 12:00:00,2.8210707,2.54831,5.0050974,7.337653,4.5526853,4.7734103
2040-04-20 12:00:00,1.5540793,1.6633096,3.5748818,5.892944,4.5143447,3.1624372
2040-04-21 12:00:00,2.109678,2.3530872,3.9177535,4.673729,3.584163,3.1601117
2040-04-22 12:00:00,1.3369968,1.2042543,3.1922927,3.447248,3.1565905,1.663735
2040-04-23 12:00:00,1.5747814,1.3558235,2.250263,2.7461329,3.0285943,2.1538737
2040-04-24 12:00:00,0.91290617,0.94509983,2.1285188,3.867186,2.7724473,1.5674615
2040-04-25 12:00:00,1.8259295,1.654293,2.1313238,3.9279418,2.918307,1.463483
2040-04-26 12:00:00,1.2581019,1.3318608,2.7215917,4.5037713,3.4104047,1.5509738
2040-04-27 12:00:00,1.4935424,1.1468903,3.5052516,4.213231,3.9394379,1.7373585
2040-04-28 12:00:00,2.8151484,2.5378735,4.7537313,3.7052584,4.264637,2.472069
2040-04-29 12:00:00,1.8817748,1.625457,2.0796394,3.1830673,3.8088841,1.1924541
2040-04-30 12:00:00,2.0790207,1.8396828,2.7648592,3.563305,4.412525,2.060422
2040-05-01 12:00:00,2.6244755,2.915754,6.1351867,4.557367,4.5228915,4.075046
2040-05-02 12:00:00,2.863174,2.5809836,2.7003474,5.4954867,6.5389585,2.1615825
2040-05-03 12:00:00,1.8063537,2.0340562,2.1150737,6.07614,6.4458575,1.5858771
2040-05-04 12:00:00,1.4044548,1.280787,1.6132684,3.4420457,4.1816897,1.5125179
2040-05-05 12:00:00,2.3450143,1.9525131,3.1078973,3.154708,3.3753388,2.399757
2040-05-06 12:00:00,2.2402303,1.6605208,2.8139691,2.5852463,5.7750854,2.0878315
2040-05-07 12:00:00,2.8773859,2.4504957,4.7220316,4.171187,5.346441,3.0211394
2040-05-08 12:00:00,2.6932635,2.5999703,4.2168593,4.7921557,4.5140786,2.613095
2040-05-09 12:00:00,1.9573127,1.5595053,2.9415786,3.7434678,3.7725756,2.7686086
2040-05-10 12:00:00,2.8952065,2.299806,3.9611156,3.8142674,6.532743,2.2721155
2040-05-11 12:00:00,2.4308562,2.463795,5.31564,4.3823123,7.6791453,2.9219365
2040-05-12 12:00:00,1.8622699,1.5503228,3.9743435,2.8633897,5.0855203,2.4139152
2040-05-13 12:00:00,1.9300983,2.2170753,2.4363334,3.3815951,3.8153596,1.8360264
2040-05-14 12:00:00,2.4998355,2.4694006,2.6967165,2.351918,4.3315387,1.5246898
2040-05-15 12:00:00,2.671107,2.5805564,3.554271,5.0751786,6.7666454,2.5549312
2040-05-16 12:00:00,2.7136633,2.2543697,3.9755652,5.2075834,5.575966,2.754642
2040-05-17 12:00:00,2.0348678,1.6934351,3.2353508,4.3067603,2.9050245,1.893968
2040-05-18 12:00:00,1.5652726,1.6514598,2.745808,3.4225218,2.3205066,1.5823625
2040-05-19 12:00:00,1.6986868,1.4376707,2.6447935,2.9349792,2.9673336,2.1642482
2040-05-20 12:00:00,1.378603,1.1803573,2.4625442,2.5629413,2.9472919,1.2994466
2040-05-21 12:00:00,2.6119068,2.18573,4.051826,4.1312537,3.5845537,3.3730247
2040-05-22 12:00:00,2.8745265,2.5705795,2.91558,6.0537863,5.8267503,2.119085
2040-05-23 12:00:00,1.9872184,1.8967692,2.0855184,5.318972,5.4167852,1.742912
2040-05-24 12:00:00,1.449646,1.4005547,2.7803164,2.9083102,3.497555,2.588865
2040-05-25 12:00:00,2.5113282,2.2763221,3.5877876,2.936466,2.2045941,3.0310497
2040-05-26 12:00:00,1.8533338,1.5717524,3.0129542,2.1156251,2.4214592,1.6253902
2040-05-27 12:00:00,1.321388,1.4471408,2.7644956,3.3181126,2.886431,1.7376246
2040-05-28 12:00:00,1.8829255,1.6597625,3.2283087,2.6965537,3.01033,2.4672284
2040-05-29 12:00:00,1.9566356,1.5467387,2.6641746,3.0128758,3.5323534,2.063157
2040-05-30 12:00:00,1.872895,1.7010972,3.5457482,2.7475355,2.7633173,2.725358
2040-05-31 12:00:00,1.8975816,1.626575,3.3354628,3.2085786,2.5668776,1.8769513
2040-06-01 12:00:00,1.8716195,1.5651418,2.806734,3.4676077,3.1983562,1.4777623
2040-06-02 12:00:00,1.6560163,1.3173639,2.055461,3.6403942,3.6156821,1.2822661
2040-06-03 12:00:00,1.9884775,2.0157502,3.5168123,3.7637143,3.2208018,1.8873087
2040-06-04 12:00:00,1.7157958,1.8275874,4.0248756,4.0920143,2.8236923,2.6582298
2040-06-05 12:00:00,2.63526,2.4068823,3.4261148,4.5440063,4.0342727,3.0353606
2040-06-06 12:00:00,0.91063535,1.1379334,2.247567,2.9357922,4.233959,2.458689
2040-06-07 12:00:00,1.7010974,1.4818581,2.2229662,2.6941798,6.042701,1.5059998
2040-06-08 12:00:00,1.6144567,1.4093941,2.2932909,2.5063097,4.6544766,1.8199953
2040-06-09 12:00:00,3.0261178,2.468349,3.0009654,2.7579386,3.2163417,1.9246509
2040-06-10 12:00:00,1.3201164,1.1760584,2.3533518,2.6320806,3.4388967,1.6244471
2040-06-11 12:00:00,0.9154943,0.9653,1.6366744,1.8384393,3.989454,1.2977362
2040-06-12 12:00:00,0.8690771,0.9558839,1.7348553,1.827479,3.9614449,1.1805117
2040-06-13 12:00:00,1.2422428,1.1488543,2.4423048,1.7445601,5.3715873,1.608201
2040-06-14 12:00:00,1.2893205,1.1454438,2.5808449,2.2803872,3.703358,1.9761388
2040-06-15 12:00:00,1.2396817,1.0776849,1.9100361,2.458507,4.2961965,1.5131104
2040-06-16 12:00:00,1.0744754,1.0579382,1.8438023,3.1331463,5.1009564,1.3615997
2040-06-17 12:00:00,1.3202143,1.3199582,2.2754998,2.7169368,4.9757056,1.2547827
2040-06-18 12:00:00,0.96765846,0.96795106,3.2771974,3.3347478,3.8483732,1.701167
2040-06-19 12:00:00,2.995103,1.9739717,4.0609713,4.193438,4.5916586,2.435757
2040-06-20 12:00:00,2.0928104,1.7136632,2.9110184,4.4738493,5.008459,1.9398211
2040-06-21 12:00:00,1.7047622,1.8116081,2.5425246,4.7039337,5.0353456,1.9725088
2040-06-22 12:00:00,2.1770103,1.6350552,2.6847358,3.5880332,3.9982476,1.6967326
2040-06-23 12:00:00,2.0951076,1.8742154,3.549263,2.9128406,2.76586,2.624848
2040-06-24 12:00:00,3.7263741,3.2175357,5.004486,3.8501976,3.0224972,3.222605
2040-06-25 12:00:00,4.4697137,3.959924,4.891728,4.6670113,3.2163038,3.3199959
2040-06-26 12:00:00,2.5375545,2.4568896,3.1896608,4.8955383,4.677759,2.4840946
2040-06-27 12:00:00,1.7446593,1.6924746,4.148658,4.5528545,4.9907975,2.47308
2040-06-28 12:00:00,1.1096675,1.1829172,4.18456,3.497022,3.328107,2.9663856
2040-06-29 12:00:00,1.2790103,1.0969455,3.2016299,1.9251202,2.423213,1.6582202
2040-06-30 12:00:00,1.4550177,1.3316178,2.563959,1.9883382,2.075899,1.5839844
2040-07-01 12:00:00,2.6774557,2.0500956,2.596043,2.811633,2.1349208,1.6296413
2040-07-02 12:00:00,3.4840088,2.9947674,3.392208,3.144274,3.1222646,2.2445242
2040-07-03 12:00:00,3.0197225,2.9084601,3.9870925,4.4701023,3.2658029,3.3966727
2040-07-04 12:00:00,2.27456,1.9067945,3.4973292,2.8781023,3.3508716,2.4639146
2040-07-05 12:00:00,2.2995508,2.0530226,3.7753475,3.8352761,3.8203106,2.4281366
2040-07-06 12:00:00,2.1452582,2.0452652,3.9592998,3.550516,3.5429728,2.556639
2040-07-07 12:00:00,2.2739723,1.65282,3.0445244,3.884958,5.491667,2.168598
2040-07-08 12:00:00,1.5173638,1.4048846,3.2775588,2.4872234,4.427918,1.45398
2040-07-09 12:00:00,1.8672732,1.6492065,3.2033472,2.780556,4.144807,1.7414559
2040-07-10 12:00:00,1.4913661,1.4037569,2.7684839,4.2850018,3.753949,1.8087608
2040-07-11 12:00:00,1.9402325,1.8694711,2.5026295,4.5466743,3.7652905,2.9778602
2040-07-12 12:00:00,2.6653318,2.1454277,3.3539565,3.197527,2.8660412,3.1723611
2040-07-13 12:00:00,2.5698833,2.0175366,2.7996318,3.4271793,2.7993376,2.8058498
2040-07-14 12:00:00,2.3851418,1.6825607,2.7553184,3.5170612,2.6501656,2.1328096
2040-07-15 12:00:00,1.95764,1.6503164,3.407172,2.7583356,2.5717902,1.7783942
2040-07-16 12:00:00,2.9107037,2.7658837,4.2702837,3.9554944,3.1935606,3.4026997
2040-07-17 12:00:00,1.5725987,1.6035247,2.7426682,2.8398373,2.997582,2.596955
2040-07-18 12:00:00,2.6870408,2.5560882,3.9961927,3.4147267,2.1131265,2.434518
2040-07-19 12:00:00,2.2246366,1.9202108,3.0801172,3.104496,2.4220915,2.2152796
2040-07-20 12:00:00,1.8907875,1.6840879,2.902739,2.870484,2.7533698,1.8471093
2040-07-21 12:00:00,1.4111884,1.5639313,2.5472844,2.7671797,2.8112133,1.8788503
2040-07-22 12:00:00,1.5989641,1.5304666,2.3170898,2.3421657,2.7368214,1.5581994
2040-07-23 12:00:00,3.1125245,2.5213077,4.2146263,2.7182074,2.5810714,2.088115
2040-07-24 12:00:00,2.1870003,2.0393517,3.2662656,2.781782,2.5315597,2.2399964
2040-07-25 12:00:00,0.8290601,1.014097,2.9052947,2.8079498,2.720175,1.7489598
2040-07-26 12:00:00,2.025422,1.8656584,3.1212478,2.887363,2.8513465,2.1764796
2040-07-27 12:00:00,1.3841189,1.1882689,2.366363,2.461419,2.8921378,1.502391
2040-07-28 12:00:00,1.5440714,1.19634,3.4423373,3.300832,3.567859,2.1217077
2040-07-29 12:00:00,1.1716195,1.2763716,2.9916387,4.2306952,3.5858483,2.504915
2040-07-30 12:00:00,2.574325,2.2817035,3.322267,3.9931672,3.4099255,3.3087406
2040-07-31 12:00:00,2.070547,1.7734535,2.5846128,4.2360907,2.9694257,2.8570132
2040-08-01 12:00:00,1.7767613,1.5045286,1.8200196,3.052253,2.52884,1.9697081
2040-08-02 12:00:00,0.99214244,1.0561246,2.2182667,2.2246904,1.7272925,1.5788463
2040-08-03 12:00:00,2.2819643,2.0037515,2.568604,3.2448955,2.611354,2.2216916
2040-08-04 12:00:00,2.0765505,1.7316829,2.103749,2.4732869,3.0994115,1.0644028
2040-08-05 12:00:00,2.688295,2.1651773,2.7667983,2.4025836,6.203096,1.5789511
2040-08-06 12:00:00,2.3861165,1.8955913,3.1928787,2.976659,5.1565537,1.8842859
2040-08-07 12:00:00,1.2890456,1.1096479,2.4107203,2.1849775,4.4147286,1.927589
2040-08-08 12:00:00,1.6425952,1.4627665,2.7222042,2.4696424,5.5186505,1.4786524
2040-08-09 12:00:00,2.635507,2.158603,3.9255633,2.9813979,3.0816543,2.1635377
2040-08-10 12:00:00,1.7286062,1.6436666,2.9809241,3.199021,2.9149961,1.9224325
2040-08-11 12:00:00,0.90497875,1.0084374,2.1302488,2.4075758,3.816683,1.2780675
2040-08-12 12:00:00,2.1843867,2.2037098,2.4756632,2.6844018,3.2343998,1.7331905
2040-08-13 12:00:00,3.0123239,2.684438,4.0017233,3.5412362,2.8282611,1.9465121
2040-08-14 12:00:00,2.512846,2.2488556,3.053607,3.4894369,2.7184267,1.8383632
2040-08-15 12:00:00,2.5279415,1.999662,2.5142207,2.802521,2.56677,1.4621034
2040-08-16 12:00:00,1.9635136,1.7282348,2.127243,2.8539448,3.2238016,1.3555287
2040-08-17 12:00:00,2.043777,1.7992249,2.51568,2.40858,3.838756,1.6201906
2040-08-18 12:00:00,3.8910475,3.3877695,4.0472274,4.330791,4.144273,2.50528
2040-08-19 12:00:00,1.068314,1.1064875,2.4168494,3.3680384,4.0240593,2.1173546
2040-08-20 12:00:00,0.9607361,1.0838953,3.105595,2.745112,2.6678884,2.7680204
2040-08-21 12:00:00,2.1232476,1.8321177,3.1360097,2.4198005,2.707955,1.6873529
2040-08-22 12:00:00,2.7048416,2.1853194,3.9895246,2.954282,2.7711012,1.7714322
2040-08-23 12:00:00,2.3073928,2.134259,2.8787637,2.908371,2.5883033,1.674903
2040-08-24 12:00:00,1.51108,1.3774635,2.4897623,3.278461,3.2042155,1.6869328
2040-08-25 12:00:00,1.5672946,1.3973392,3.0510542,1.6802049,3.6435957,1.6882831
2040-08-26 12:00:00,2.1117172,1.5330069,3.1313405,1.7398998,3.7205362,1.5701993
2040-08-27 12:00:00,1.4370341,1.1696618,3.0467722,1.6666945,2.9378576,1.6243918
2040-08-28 12:00:00,1.4818277,1.1041994,2.8558547,2.285997,3.814383,1.2271214
2040-08-29 12:00:00,1.8991445,1.5214046,3.6656778,2.2614543,3.9409878,1.5207464
2040-08-30 12:00:00,2.269986,1.895889,4.026464,2.5229452,2.842478,2.1513882
2040-08-31 12:00:00,1.3157232,1.5034125,2.9960887,2.6913617,3.4308727,2.0039015
2040-09-01 12:00:00,1.2801232,1.3515426,2.5196176,2.229801,4.33674,1.7616253
2040-09-02 12:00:00,1.5475458,1.505052,3.1028948,2.713701,3.3080037,2.0439956
2040-09-03 12:00:00,2.8488963,2.602545,3.7941027,3.2378771,3.2806404,2.7813752
2040-09-04 12:00:00,3.5377996,3.1396616,3.070313,4.3967104,3.372148,2.5426083
2040-09-05 12:00:00,4.0180173,3.6847808,2.5096173,5.0716324,3.7751555,2.0613613
2040-09-06 12:00:00,3.0828137,2.5992382,1.939974,3.589867,4.085427,1.261149
2040-09-07 12:00:00,2.3049536,2.2953637,3.6975288,3.1196156,2.9596493,2.889854
2040-09-08 12:00:00,2.6700602,2.2440543,3.20505,3.768275,4.0572515,1.7774919
2040-09-09 12:00:00,1.7567604,1.644966,3.3729703,3.2417843,3.3477757,2.2296927
2040-09-10 12:00:00,1.741909,1.4461337,3.8315415,2.6460707,2.6813545,1.2176955
2040-09-11 12:00:00,1.7144332,1.8698418,6.049847,4.936777,2.6744592,3.5025632
2040-09-12 12:00:00,2.9533212,3.065598,4.931228,4.1154814,3.7086518,2.909334
2040-09-13 12:00:00,1.5174962,1.6274556,3.1723368,4.002019,5.7779655,1.8966131
2040-09-14 12:00:00,1.0873905,1.3391173,1.9230362,4.1655707,5.5189643,1.0694573
2040-09-15 12:00:00,3.1778688,2.2805216,3.9368336,4.357995,3.697798,2.0795813
2040-09-16 12:00:00,3.0384088,2.6055129,6.0723405,4.7139378,2.8184843,2.8623383
2040-09-17 12:00:00,1.9107187,1.7129259,4.5434794,4.7056813,3.0524356,2.8040712
2040-09-18 12:00:00,1.2824095,1.3371238,2.8404713,3.7511501,3.0814056,2.1134326
2040-09-19 12:00:00,1.0654628,1.0199432,2.2888298,2.2644024,2.1226556,1.7425885
2040-09-20 12:00:00,1.6687851,1.8181458,2.822261,2.8521533,2.99678,1.468139
2040-09-21 12:00:00,2.1231704,2.1414618,3.390522,3.339795,4.55391,2.175007
2040-09-22 12:00:00,2.7703333,2.6542864,3.176675,5.19322,6.6635876,3.109298
2040-09-23 12:00:00,2.620524,2.1108625,4.159203,2.842666,5.3568907,2.0099804
2040-09-24 12:00:00,1.5601255,1.3255519,2.5001512,2.0861592,3.3898249,1.3152779
2040-09-25 12:00:00,1.2773218,0.9875501,2.0699584,1.950383,2.0045066,0.9069274
2040-09-26 12:00:00,1.4546889,1.1455817,2.8211772,2.4286535,2.3091035,0.9965564
2040-09-27 12:00:00,1.7655839,1.2493594,3.6169279,1.7770987,2.6938078,1.3209738
2040-09-28 12:00:00,2.336248,1.6387521,5.047044,1.9081407,2.826997,1.9853271
2040-09-29 12:00:00,3.9991474,3.226091,7.00832,3.9518907,4.425012,3.1595874
2040-09-30 12:00:00,3.5382318,3.0009222,5.2316184,5.033232,4.4691453,2.6188638
2040-10-01 12:00:00,2.4354987,2.246389,2.4081452,5.5250278,4.981683,2.6007907
2040-10-02 12:00:00,1.3300697,1.2320303,3.7040977,3.8258958,3.9931333,2.3516757
2040-10-03 12:00:00,1.9080381,1.5944208,4.317383,5.9073668,2.9694204,2.692522
2040-10-04 12:00:00,2.0478837,2.092625,4.419661,4.930992,3.1243784,2.9168148
2040-10-05 12:00:00,1.1051462,1.1814568,3.3851678,2.6467028,2.809687,2.5472605
2040-10-06 12:00:00,1.6014194,1.4392807,2.5290108,3.199175,2.7093828,1.3636298
2040-10-07 12:00:00,1.8254132,1.2273979,1.884349,2.4719572,2.9674137,0.86416227
2040-10-08 12:00:00,1.351853,1.3720741,1.6671104,3.6551569,3.979127,1.459777
2040-10-09 12:00:00,1.9820964,1.8525397,2.419631,2.8571315,3.2507267,2.4689403
2040-10-10 12:00:00,1.3056483,1.3637329,2.274547,1.6067674,2.4653447,1.4156623
2040-10-11 12:00:00,2.690055,2.4559546,5.496772,4.373103,3.2401855,3.7050803
2040-10-12 12:00:00,1.9694464,2.1344051,4.3693295,7.476673,4.1207232,3.4733982
2040-10-13 12:00:00,0.7924229,1.0742172,2.691951,6.7208734,4.659402,2.8452816
2040-10-14 12:00:00,1.2397174,1.2612411,3.2202072,5.4214535,3.348841,2.8945727
2040-10-15 12:00:00,1.2933308,1.4762644,4.4558134,5.743711,3.0750923,3.3573534
2040-10-16 12:00:00,1.7531321,2.0099432,3.8579552,5.555683,4.228374,3.937427
2040-10-17 12:00:00,2.4278164,2.3743758,3.654117,8.397621,5.0776124,3.8345284
2040-10-18 12:00:00,2.3136272,2.1200705,4.0860343,4.2354918,4.3996835,3.459436
2040-10-19 12:00:00,1.8536687,1.8647189,4.704084,4.3654094,3.858321,3.043558
2040-10-20 12:00:00,2.8507051,2.467161,4.7617407,5.455433,5.2061777,3.4689817
2040-10-21 12:00:00,1.2194111,1.4644045,3.1428487,4.408594,3.1984215,1.8490841
2040-10-22 12:00:00,1.8734825,1.5899351,3.6937585,2.9542325,2.816608,2.1694107
2040-10-23 12:00:00,1.5889895,1.6885171,3.364243,4.309337,2.4415045,2.6154675
2040-10-24 12:00:00,1.2181451,1.3969094,2.1200197,2.6504705,2.9981382,1.9223257
2040-10-25 12:00:00,0.9312961,1.1244477,4.654884,4.4447455,3.9397936,2.4944243
2040-10-26 12:00:00,3.4569626,2.9231467,6.5431547,5.5221095,3.7477455,4.276566
2040-10-27 12:00:00,2.5271893,2.1414447,4.1707664,4.8923235,3.522755,3.0643399
2040-10-28 12:00:00,3.2117248,2.2630987,4.972041,3.411964,5.335377,2.1799402
2040-10-29 12:00:00,2.7482176,2.0975878,6.156997,5.114315,8.122957,3.0045269
2040-10-30 12:00:00,3.1460896,2.148931,3.7646523,3.627561,3.6793838,1.9459715
2040-10-31 12:00:00,1.5291811,1.3932627,2.9539835,3.4307597,3.4062288,1.9372693
2040-11-01 12:00:00,0.9137771,1.052457,4.068991,2.529108,3.6041481,2.7101781
2040-11-02 12:00:00,2.774007,2.0943367,2.8775325,2.691419,3.0329604,2.168591
2040-11-03 12:00:00,1.6519006,1.4436004,4.7265186,2.8872595,4.3977427,3.4677117
2040-11-04 12:00:00,1.6637471,1.455779,4.1783323,4.003768,4.8016863,1.9014264
2040-11-05 12:00:00,1.5118746,1.3196168,4.30178,3.5842707,4.606986,2.36
2040-11-06 12:00:00,3.1451657,2.8553023,5.969999,5.704871,5.9812984,3.3424666
2040-11-07 12:00:00,3.1010115,2.8260212,4.8968444,5.745544,7.3177843,3.9468422
2040-11-08 12:00:00,1.1730845,1.0003783,2.381426,3.6777124,5.123224,2.3916538
2040-11-09 12:00:00,0.8884681,0.9672391,1.8400443,3.4163697,3.0864093,1.486243
2040-11-10 12:00:00,0.92883,1.0137947,2.2146702,3.9648778,4.566413,2.1821868
2040-11-11 12:00:00,1.6165326,1.3215673,2.019694,3.478379,3.881228,1.4927609
2040-11-12 12:00:00,0.9999684,1.0683767,2.4322162,3.6640928,3.69594,2.3605134
2040-11-13 12:00:00,1.3258598,1.2508856,6.203886,4.583781,3.2878428,4.543972
2040-11-14 12:00:00,3.0745869,2.8639164,5.0869703,5.583329,4.566505,3.6139004
2040-11-15 12:00:00,2.5214057,2.3936636,5.1268787,4.7284822,5.7306004,3.2745411
2040-11-16 12:00:00,2.8272262,2.6150575,7.4767847,4.785935,3.903974,4.0189953
2040-11-17 12:00:00,2.9120626,2.663878,7.071647,4.8582635,2.995456,3.9689336
2040-11-18 12:00:00,2.559222,2.4296215,6.90378,3.806009,3.2550867,3.5171106
2040-11-19 12:00:00,2.5818558,2.3058407,6.2255754,3.4791229,3.284558,3.0344982
2040-11-20 12:00:00,2.1043954,1.8594509,4.0710607,2.7460115,2.7794175,2.924683
2040-11-21 12:00:00,0.842418,0.9594757,3.4248998,3.2370105,3.4727526,2.4108033
2040-11-22 12:00:00,1.4290717,1.2888042,4.76972,3.8237243,5.509027,2.4454901
2040-11-23 12:00:00,0.792901,0.9776063,3.6038253,3.4888341,4.2514353,2.399055
2040-11-24 12:00:00,1.0528705,0.9699134,3.9743629,3.7045193,4.893047,2.9064505
2040-11-25 12:00:00,1.6374534,1.3081923,5.3271956,3.4548,6.695149,2.875598
2040-11-26 12:00:00,2.2390618,1.4474386,5.6083007,3.3205047,9.145249,2.7113094
2040-11-27 12:00:00,1.0638148,0.98027474,4.864107,2.953481,8.392291,2.4350555
2040-11-28 12:00:00,1.6027461,1.1500673,4.8389926,2.629826,6.7980437,2.1401536
2040-11-29 12:00:00,2.0286903,1.3199711,5.298665,2.579435,3.501822,2.764442
2040-11-30 12:00:00,1.5918295,1.125605,5.142239,2.9363997,2.9382932,2.826263
2040-12-01 12:00:00,1.6633142,1.3435202,5.1207523,2.8600173,3.0299273,2.870995
2040-12-02 12:00:00,2.6405277,1.8656821,5.153155,2.9294736,3.1418777,2.4968278
2040-12-03 12:00:00,2.3883102,1.5834402,3.204924,3.4318743,3.5056176,1.6127286
2040-12-04 12:00:00,3.0658045,2.373729,3.9890177,3.7531996,4.5451894,2.3686395
2040-12-05 12:00:00,2.7377546,1.8604879,5.2144904,2.9562232,7.651549,2.5110142
2040-12-06 12:00:00,0.681134,0.9758685,4.180646,2.9410567,6.0019493,2.2392035
2040-12-07 12:00:00,0.6632438,0.94024837,4.3492193,3.3829198,5.5251546,3.0798748
2040-12-08 12:00:00,0.9688272,1.0998125,4.009002,3.3422632,5.27107,2.7477186
2040-12-09 12:00:00,1.4371403,1.2598981,4.7749405,3.3633897,4.460218,2.355979
2040-12-10 12:00:00,1.6832838,1.3255517,4.483175,5.1697927,5.5839124,3.290019
2040-12-11 12:00:00,0.74405205,0.9426836,3.204347,5.278021,5.7648787,3.2334342
2040-12-12 12:00:00,1.4305006,1.5590154,3.3371575,6.547069,3.3695939,3.6270525
2040-12-13 12:00:00,1.1859595,1.361234,3.7240484,5.8663583,3.001197,3.138168
2040-12-14 12:00:00,3.3875475,2.6990576,5.3204465,4.4700894,2.865159,3.692301
2040-12-15 12:00:00,2.802849,1.9959683,2.720939,2.978963,3.6221938,1.2463894
2040-12-16 12:00:00,1.0781223,1.1849505,2.9878836,3.8433642,3.4983554,2.0414584
2040-12-17 12:00:00,0.9894136,1.1232758,2.4027421,3.5421154,3.706321,1.9228371
2040-12-18 12:00:00,1.0720448,1.1248124,3.0695102,2.7218673,5.319779,1.6281897
2040-12-19 12:00:00,0.75475967,0.97981083,2.32711,5.05288,4.9793844,1.9855623
2040-12-20 12:00:00,1.460259,1.2222022,4.732472,5.2835484,4.8180947,2.7207072
2040-12-21 12:00:00,2.3876054,1.5699116,4.827516,5.2393856,4.5347757,2.3938107
2040-12-22 12:00:00,1.1196114,1.3225484,4.9514894,6.054285,4.355687,3.6347165
2040-12-23 12:00:00,1.0516672,1.3250177,3.2500618,3.682072,4.0878315,2.3297644
2040-12-24 12:00:00,1.6813214,1.7042418,4.6776896,3.7786877,4.753781,3.5271285
2040-12-25 12:00:00,1.3017747,1.2289686,2.9303024,2.8345802,3.8857162,2.389439
2040-12-26 12:00:00,3.0166092,2.0171854,4.67956,3.7137244,2.9269507,2.2890892
2040-12-27 12:00:00,2.9995627,2.4225667,5.975258,6.0558553,4.1444917,3.9752705
2040-12-28 12:00:00,1.2214113,1.3743827,3.995422,6.418677,4.93464,3.7547445
2040-12-29 12:00:00,2.0267303,1.7867175,5.309411,3.8546479,6.349785,3.6756718
2040-12-30 12:00:00,3.1658316,2.9624946,5.805375,5.7913346,5.910516,4.2080145
2040-12-31 12:00:00,2.3268423,2.2000694,5.4864283,4.846104,6.090311,3.8265784
2041-01-01 12:00:00,2.2990136,2.154712,4.3367662,5.0737495,5.971839,3.5767574
2041-01-02 12:00:00,2.559257,2.2211034,6.3243346,5.116477,6.4381075,4.3226566
2041-01-03 12:00:00,2.3007436,2.2672842,4.466979,6.023495,5.6791234,4.102246
2041-01-04 12:00:00,2.5839849,2.039176,6.598372,4.7445383,4.713631,3.6858578
2041-01-05 12:00:00,2.9598787,2.16235,4.7826476,4.327162,3.8866358,2.4255137
2041-01-06 12:00:00,1.8784189,1.6186498,3.1675513,3.5164728,5.147778,1.4904315
2041-01-07 12:00:00,1.4302042,1.1625844,2.2122457,3.1555967,5.4281716,1.3402966
2041-01-08 12:00:00,0.8282416,0.9557546,1.8584366,2.641959,5.39265,1.440849
2041-01-09 12:00:00,0.94520044,0.9888075,2.7386444,3.442914,4.4125795,2.2920642
2041-01-10 12:00:00,1.218155,1.1451542,4.2105317,4.6673946,3.5361836,3.4303088
2041-01-11 12:00:00,1.852551,1.7312615,4.4548597,5.42606,4.877015,3.5660298
2041-01-12 12:00:00,2.9102292,2.5246577,6.203008,5.791511,7.135886,4.318729
2041-01-13 12:00:00,3.2163386,2.9948292,8.839515,6.610445,6.90119,5.304116
2041-01-14 12:00:00,3.6893759,3.2999883,8.4462,6.434196,5.457204,4.695897
2041-01-15 12:00:00,4.593995,4.2260876,9.7633095,7.0429583,5.395936,5.131465
2041-01-16 12:00:00,5.1685114,4.773877,9.998862,7.788001,5.239044,5.795222
2041-01-17 12:00:00,3.9602628,3.629514,8.695055,6.129033,4.109055,4.8836083
2041-01-18 12:00:00,3.0052757,2.161723,6.648584,3.6598,3.946644,3.182343
2041-01-19 12:00:00,1.3742121,1.3426561,5.131836,2.3065147,5.420466,2.1238651
2041-01-20 12:00:00,1.3885499,1.5902699,2.9641957,2.4968936,5.0045013,1.7903142
2041-01-21 12:00:00,1.9121695,1.6161209,3.3069463,2.067111,3.3952594,2.0200324
2041-01-22 12:00:00,1.5525076,1.7610561,2.6325035,3.3746805,3.3450089,1.8860388
2041-01-23 12:00:00,1.3571467,1.5497152,2.347504,3.0643487,4.516714,2.1102781
2041-01-24 12:00:00,1.0099494,1.113349,3.9759412,2.5460725,4.4543285,2.135569
2041-01-25 12:00:00,2.0864587,1.5647614,5.5493083,3.8935354,3.1459901,2.8948524
2041-01-26 12:00:00,2.329276,2.294714,4.697625,6.058968,2.9187434,3.2711523
2041-01-27 12:00:00,2.5222826,2.4422143,3.4507594,6.586824,4.078637,3.1742115
2041-01-28 12:00:00,2.5028324,2.1283314,3.9367843,3.8171356,3.6038184,2.5950747
2041-01-29 12:00:00,2.0098958,1.6076488,6.0605597,4.2684846,3.1805356,3.0150018
2041-01-30 12:00:00,2.9401999,1.9501113,7.654346,3.5669963,2.3728073,3.7089612
2041-01-31 12:00:00,3.024536,2.0437303,7.8716435,3.4758563,2.8528647,3.7794254
2041-02-01 12:00:00,3.714743,2.5071146,8.015496,4.0032883,3.947454,3.7444906
2041-02-02 12:00:00,4.095383,3.1875858,5.878006,5.242133,4.408468,3.1474562
2041-02-03 12:00:00,1.8342085,1.4463893,5.1127415,4.197115,3.6958377,2.4310472
2041-02-04 12:00:00,2.0625024,1.5688132,6.2107396,4.896037,4.6369123,3.4347167
2041-02-05 12:00:00,1.8593916,1.5941362,6.2351027,5.263178,6.803813,3.8118198
2041-02-06 12:00:00,1.9908819,1.4618133,5.3659,4.5303407,5.3398967,3.2499647
2041-02-07 12:00:00,3.099922,2.8673658,7.6055384,7.4062963,6.2778177,5.95084
2041-02-08 12:00:00,3.5531497,2.9251812,6.2449765,6.4217515,8.122291,3.954009
2041-02-09 12:00:00,3.247714,2.7357838,7.0644045,6.1330733,6.107538,4.824708
2041-02-10 12:00:00,5.149639,3.9174824,7.408546,4.6825995,6.3690734,4.537086
2041-02-11 12:00:00,1.4279484,1.3205439,3.2229178,3.5846336,4.986866,2.112524
2041-02-12 12:00:00,0.80858713,0.8871587,2.1757586,3.216706,4.8177834,2.1966138
2041-02-13 12:00:00,1.8114965,1.2656741,3.0790188,2.4726791,4.1205983,1.6648259
2041-02-14 12:00:00,2.2035508,1.5780106,4.1091614,2.3618133,3.5826938,1.8325465
2041-02-15 12:00:00,1.6694922,1.7048517,2.8307714,3.1175387,4.2880487,2.4076295
2041-02-16 12:00:00,1.3116344,1.7154537,2.9500258,4.7000875,4.507826,2.3076892
2041-02-17 12:00:00,2.552605,2.9978745,4.9506984,9.485857,7.7416368,4.466425
2041-02-18 12:00:00,5.8739142,5.94284,8.674448,11.54231,6.200907,6.5770025
2041-02-19 12:00:00,3.16497,3.1569502,5.212913,5.6806335,5.7679424,3.9592466
2041-02-20 12:00:00,2.1472726,2.307532,4.2160044,4.984671,5.3604813,3.2620442
2041-02-21 12:00:00,2.0012875,1.9400797,3.3404374,2.744645,3.2849598,2.4453173
2041-02-22 12:00:00,0.9785845,1.1990695,2.2603514,3.6153836,3.3272808,1.8511708
2041-02-23 12:00:00,1.7178886,1.8838516,5.2842617,6.000495,4.475582,3.9093018
2041-02-24 12:00:00,1.8791933,2.0269935,4.584096,4.8661156,5.5813804,3.436947
2041-02-25 12:00:00,1.9436536,1.8193299,4.3879848,4.9715424,5.147683,3.4928868
2041-02-26 12:00:00,1.8243103,1.6596855,5.1577764,4.853367,6.1068354,3.2954822
2041-02-27 12:00:00,2.3100538,1.892646,4.329897,3.4668126,7.202831,2.9761748
2041-02-28 12:00:00,1.5961837,1.6009412,5.777635,3.9311795,4.975019,3.5012822
2041-03-01 12:00:00,2.5124812,2.0989025,6.7002773,3.1151223,3.2434235,3.938865
2041-03-02 12:00:00,2.916252,2.2404604,5.455235,4.4710426,2.9707637,4.11895
2041-03-03 12:00:00,3.3291342,2.9475002,5.00661,5.797052,5.224818,3.8002439
2041-03-04 12:00:00,2.6708925,1.918175,5.346908,5.202242,4.4375696,3.6028981
2041-03-05 12:00:00,3.6842077,3.431764,6.4195867,5.664117,4.8544483,4.288864
2041-03-06 12:00:00,3.5256815,3.1420114,4.954807,6.3623486,6.0171714,3.7148614
2041-03-07 12:00:00,1.6180739,1.7135228,2.7216437,6.429621,6.8890457,2.9651556
2041-03-08 12:00:00,1.8041409,1.5965959,2.4136758,5.0595465,8.005034,2.7908926
2041-03-09 12:00:00,1.73155,1.3712952,2.8868484,2.938379,6.686444,1.8754327
2041-03-10 12:00:00,1.8574911,1.5833107,3.1088703,3.6922808,7.121561,1.7784597
2041-03-11 12:00:00,2.2840707,1.8748666,3.9089074,3.0127184,6.9006615,2.4346056
2041-03-12 12:00:00,1.3936068,1.2327299,2.9980419,5.24187,6.41912,2.8920646
2041-03-13 12:00:00,1.8662834,1.7347165,5.7849464,4.0759554,3.3291385,3.9035113
2041-03-14 12:00:00,2.5474973,2.4087603,5.490385,4.60984,4.0261493,3.6960287
2041-03-15 12:00:00,3.5174527,3.2117147,5.5152926,5.400874,6.3505664,3.3329713
2041-03-16 12:00:00,4.1811085,3.7187037,6.860886,5.3905225,6.742137,4.863336
2041-03-17 12:00:00,3.4768426,3.4511912,6.870535,6.352172,8.60346,5.323381
2041-03-18 12:00:00,2.3349433,2.5552676,4.0280232,6.509128,7.466233,4.134459
2041-03-19 12:00:00,2.0477576,1.7575233,3.959895,3.960869,5.305985,2.460143
2041-03-20 12:00:00,1.8193829,1.7533147,3.7123137,3.8856213,5.328779,2.903684
2041-03-21 12:00:00,4.0821714,3.8441098,6.103422,5.0516715,6.079202,3.744248
2041-03-22 12:00:00,2.9393208,2.989769,3.8320518,5.027251,7.008799,2.6369035
2041-03-23 12:00:00,2.3423758,1.9645165,4.170559,2.9625444,5.6920366,2.4982617
2041-03-24 12:00:00,1.9756155,2.1289103,4.4188685,4.550337,4.718943,3.4742908
2041-03-25 12:00:00,1.6620611,1.6703131,2.8177745,3.8066301,4.965488,2.9217477
2041-03-26 12:00:00,1.6196156,1.4128407,2.34153,2.3725178,5.499915,1.4213394
2041-03-27 12:00:00,3.1979449,2.506508,3.9335122,2.8308237,4.4066358,2.0542638
2041-03-28 12:00:00,2.5869951,2.838891,3.5424232,4.6219964,4.477339,2.4753973
2041-03-29 12:00:00,2.0602322,1.9968537,3.9757414,3.8454967,5.098806,2.099005
2041-03-30 12:00:00,2.1620271,1.749974,4.0905485,2.407908,4.4114556,2.1168082
2041-03-31 12:00:00,1.7829429,1.8318807,2.1025598,4.9240026,5.054821,1.6218101
2041-04-01 12:00:00,1.3095695,1.3158249,3.8137434,3.3499882,4.52252,2.2378547
2041-04-02 12:00:00,4.531053,3.897883,7.579062,5.416285,4.674517,4.7232614
2041-04-03 12:00:00,2.5339384,2.6733856,2.7782998,6.6585555,6.4266315,2.5496998
2041-04-04 12:00:00,2.2543712,1.980896,4.654845,3.3193452,4.558481,2.8322449
2041-04-05 12:00:00,1.6766236,1.5108589,2.130176,3.3588574,2.58514,1.5169904
2041-04-06 12:00:00,1.1837457,1.2441041,3.4508662,3.1789117,3.6597838,2.3188
2041-04-07 12:00:00,1.9977814,2.084999,4.375982,4.6549125,3.975537,4.6069045
2041-04-08 12:00:00,2.0027285,1.9157345,3.3102589,5.6131825,3.9853563,3.5326545
2041-04-09 12:00:00,2.536396,2.0754662,3.6220422,4.558968,5.719856,3.0232596
2041-04-10 12:00:00,3.48346,3.0757275,4.861282,6.3364735,4.958784,4.3249426
2041-04-11 12:00:00,3.135518,2.8830512,4.4429755,6.29055,4.891636,3.734088
2041-04-12 12:00:00,2.5277705,2.3759124,3.5636213,6.102762,5.0514092,3.2401662
2041-04-13 12:00:00,3.7114863,3.4378352,5.6333523,7.298027,4.897309,4.577006
2041-04-14 12:00:00,3.273744,2.7989252,4.4586,4.2355657,4.775686,3.0965111
2041-04-15 12:00:00,2.429113,2.162412,4.813917,3.5517073,3.3006797,2.7549567
2041-04-16 12:00:00,2.9016798,2.4112024,5.999345,3.0264716,2.6942818,3.3351438
2041-04-17 12:00:00,2.7595177,2.574741,4.6493397,4.0009995,3.6872838,2.4610083
2041-04-18 12:00:00,1.651427,1.357552,4.6846056,3.527552,3.1952934,3.0880256
2041-04-19 12:00:00,2.4383838,2.2924807,4.572434,4.317529,1.9939803,2.4391382
2041-04-20 12:00:00,2.2901726,2.4383593,3.3831484,3.3373039,1.8985964,1.8079314
2041-04-21 12:00:00,1.4055226,1.3564733,2.1396265,2.3013752,2.1921246,1.2880235
2041-04-22 12:00:00,1.0187601,0.9552958,1.5983473,1.9103094,1.9039456,1.4096472
2041-04-23 12:00:00,2.3270798,2.2254286,3.46158,4.9621887,3.5907116,3.452138
2041-04-24 12:00:00,3.021333,2.1089327,3.373848,2.3803396,4.7209816,2.0401366
2041-04-25 12:00:00,2.2585042,1.632396,3.2243924,2.005035,3.089218,2.1091928
2041-04-26 12:00:00,1.4712977,1.8362231,4.2698865,3.1760516,4.0003815,2.3485448
2041-04-27 12:00:00,1.9759417,2.247614,4.990026,3.4431179,3.6603768,3.2880006
2041-04-28 12:00:00,1.7283719,1.8736436,3.306605,3.3191085,5.5429177,1.7986383
2041-04-29 12:00:00,1.536815,1.2882532,3.3893752,3.0929027,5.875826,1.8876292
2041-04-30 12:00:00,1.4769272,1.2505914,3.462725,3.0163412,4.397164,1.676766
2041-05-01 12:00:00,2.0511494,1.6937994,4.737915,3.3265467,5.7502594,2.5439122
2041-05-02 12:00:00,2.2875583,1.9776479,2.9956617,3.8203993,5.7918825,2.1646736
2041-05-03 12:00:00,1.4690402,1.8403229,2.383376,2.4673605,3.8631625,1.3525693
2041-05-04 12:00:00,1.9998058,1.83816,3.9045024,2.5529304,3.4818046,2.2198284
2041-05-05 12:00:00,3.0158286,2.553486,3.6113248,3.1545014,3.8522356,1.9624841
2041-05-06 12:00:00,4.9785924,3.7019193,4.7018456,3.5011399,3.7816525,2.6437092
2041-05-07 12:00:00,1.4983094,1.4824432,2.1022835,2.6168873,3.9557266,1.8248762
2041-05-08 12:00:00,3.0571625,2.7315295,5.5192456,4.133243,4.0648694,3.2995508
2041-05-09 12:00:00,4.5109234,3.8172784,4.4636536,4.1296415,5.339523,3.4296827
2041-05-10 12:00:00,1.177136,1.4994692,3.7080019,4.150842,4.176543,2.1137388
2041-05-11 12:00:00,3.0023127,2.6136405,3.9553108,4.3602157,3.6695743,1.9829262
2041-05-12 12:00:00,3.1735523,2.71456,2.9888976,4.695554,4.1251626,2.1768556
2041-05-13 12:00:00,3.0199628,2.7747996,3.7452102,5.761972,5.047196,3.3921623
2041-05-14 12:00:00,2.6938596,2.7127886,4.2751513,4.7936616,4.5071397,3.4681144
2041-05-15 12:00:00,3.0851731,2.8139071,3.7171733,4.5857234,4.636894,3.2868016
2041-05-16 12:00:00,3.3157287,2.9846573,3.9223638,3.6806242,4.0255585,3.460142
2041-05-17 12:00:00,2.6389487,2.5211895,3.4852476,2.524482,3.497365,2.6692047
2041-05-18 12:00:00,2.6080532,2.4725327,2.5575094,3.819122,4.383337,2.603159
2041-05-19 12:00:00,2.3076377,2.1486578,2.0493217,3.4940608,2.661293,2.6547127
2041-05-20 12:00:00,1.5719297,1.5835516,1.4399117,3.3827834,3.6052182,1.8400401
2041-05-21 12:00:00,1.1492019,1.1744251,1.6855143,2.5909374,5.7768106,1.2371502
2041-05-22 12:00:00,0.9203997,0.8627206,1.7881367,2.5987184,4.007667,1.484368
2041-05-23 12:00:00,1.4797826,1.0180407,1.7110004,1.9606259,3.2765782,1.2153966
2041-05-24 12:00:00,1.1596994,1.1618395,1.5525653,1.436364,3.2769406,0.95972973
2041-05-25 12:00:00,2.2903666,1.938041,2.3034017,2.372843,2.7060444,1.5119481
2041-05-26 12:00:00,3.3734689,2.872069,2.538303,3.8190765,3.1379042,1.5454087
2041-05-27 12:00:00,2.395665,2.1351278,2.8248563,3.8057833,5.020832,1.896043
2041-05-28 12:00:00,1.1897709,1.2250024,2.2155323,3.1226866,4.523527,1.7523015
2041-05-29 12:00:00,2.2110126,2.0789742,2.517193,2.4383454,2.828638,1.4229537
2041-05-30 12:00:00,2.5551186,2.4818199,3.4317248,4.0716476,3.0636957,2.6714163
2041-05-31 12:00:00,3.3841376,3.0712967,3.5966866,3.689577,4.6823235,2.994389
2041-06-01 12:00:00,2.3540988,1.9084047,3.0524583,3.4447467,4.014965,1.4844574
2041-06-02 12:00:00,1.797793,1.4190915,4.1281414,3.2011979,3.5441828,1.8074386
2041-06-03 12:00:00,2.8713353,2.3580248,5.8825607,3.5893257,4.6417007,2.5818155
2041-06-04 12:00:00,2.2044544,1.7387136,4.9400287,3.047956,4.022359,1.9283929
2041-06-05 12:00:00,1.1306803,1.2216783,2.4734118,3.2656724,3.8037088,1.3996999
2041-06-06 12:00:00,2.3925529,2.022108,1.9175885,3.238022,3.3242395,1.4753504
2041-06-07 12:00:00,2.2626243,2.1867487,3.216169,4.166505,2.9088433,2.4690192
2041-06-08 12:00:00,2.4242673,1.8818766,3.5977957,2.7065544,3.195932,1.7551128
2041-06-09 12:00:00,1.8920357,1.5197011,2.413229,3.1359224,3.5027058,1.6712723
2041-06-10 12:00:00,1.9772458,1.5988292,2.2762623,3.902271,2.9846215,1.4221315
2041-06-11 12:00:00,1.8142004,1.2738472,2.2994726,2.8207452,2.4358873,1.3268219
2041-06-12 12:00:00,1.6736071,1.401367,3.4625726,2.0613732,2.4384894,1.536852
2041-06-13 12:00:00,2.0461001,1.7359492,4.8201265,1.9947991,3.619594,1.9657145
2041-06-14 12:00:00,1.6493434,1.4166989,4.1361628,2.5346656,3.8667183,1.6022944
2041-06-15 12:00:00,1.3974683,1.2815286,3.3668709,3.5298052,3.6942282,1.4172099
2041-06-16 12:00:00,1.6067837,1.5679835,3.4136302,4.5495625,4.0579705,1.8324391
2041-06-17 12:00:00,1.4546632,1.7410791,2.8173833,5.8588266,4.252326,1.58939
2041-06-18 12:00:00,2.3241649,2.0055313,1.7908689,5.9262843,4.2519164,1.7950143
2041-06-19 12:00:00,2.6861558,2.5785716,2.1907825,4.477467,3.1367354,3.1890004
2041-06-20 12:00:00,1.9911227,2.1164608,2.9030716,4.249199,3.1498837,3.29662
2041-06-21 12:00:00,2.279551,2.1277318,3.9370155,3.5517812,4.0604706,3.4941926
2041-06-22 12:00:00,1.7641472,1.5237063,3.3863237,4.2248344,4.054553,3.059031
2041-06-23 12:00:00,1.4827935,1.7596014,3.9435818,3.2950263,3.8463068,2.847694
2041-06-24 12:00:00,1.9221659,1.5208455,3.853361,2.910158,3.2219257,2.8224509
2041-06-25 12:00:00,1.5467888,1.4435394,2.9135504,4.174243,2.5704217,2.7111433
2041-06-26 12:00:00,1.8789471,1.7078918,2.119125,3.3514726,2.2011845,1.6552256
2041-06-27 12:00:00,2.6026783,2.0575082,2.3957179,2.8418064,2.3026304,2.1242409
2041-06-28 12:00:00,2.7017455,2.0430138,2.952633,3.759781,2.6767092,2.3828034
2041-06-29 12:00:00,1.5775869,1.7946223,3.053193,3.2054236,3.1709597,2.0480678
2041-06-30 12:00:00,1.625855,1.3736229,2.3547056,2.4256551,3.087828,1.591268
2041-07-01 12:00:00,1.9783081,2.0160942,3.8039205,2.9812398,2.8532445,2.6237125
2041-07-02 12:00:00,1.1554677,1.4209139,3.8026314,3.3471642,3.0625029,2.14213
2041-07-03 12:00:00,3.7270417,3.5359097,6.5619936,5.0893135,3.2131824,4.2019253
2041-07-04 12:00:00,4.77333,4.4511137,7.075568,6.070022,3.982654,5.1108966
2041-07-05 12:00:00,2.5106559,2.303434,3.821796,2.7525733,3.5848997,2.0396056
2041-07-06 12:00:00,2.0855432,1.7723534,3.2282684,2.0897856,3.0140102,1.731257
2041-07-07 12:00:00,3.0253365,2.3383732,3.5034251,2.94752,2.6837945,2.6594903
2041-07-08 12:00:00,2.1006367,2.074165,3.0189652,2.7818544,2.9746091,2.2891455
2041-07-09 12:00:00,2.4234886,2.0348537,2.49185,2.3401537,2.9949687,1.6191559
2041-07-10 12:00:00,2.1961448,1.6894691,2.7116666,3.0687423,3.5957794,1.3639245
2041-07-11 12:00:00,2.5536137,2.1024444,4.361085,3.0326605,4.597659,2.372702
2041-07-12 12:00:00,3.1771936,2.6806304,4.0665975,4.1815567,3.1381013,2.5877085
2041-07-13 12:00:00,1.7992028,1.667661,1.8288214,4.3841486,3.8451326,1.4469382
2041-07-14 12:00:00,1.350765,1.4921016,4.1007404,2.5426462,3.1577768,1.9406095
2041-07-15 12:00:00,2.1013541,1.9803759,6.0885935,2.881126,3.1338103,3.266631
2041-07-16 12:00:00,2.8553357,2.4738622,4.935791,2.6744392,3.549703,2.8383029
2041-07-17 12:00:00,2.4485269,2.1624227,4.1529717,2.7691371,4.116075,2.5555089
2041-07-18 12:00:00,1.695152,1.8971409,3.243049,2.7450306,4.371786,2.123582
2041-07-19 12:00:00,3.3042443,2.5761273,3.7781346,3.1775692,4.389646,1.6645329
2041-07-20 12:00:00,2.7880492,2.0385325,2.7224793,4.266067,4.354092,1.6312913
2041-07-21 12:00:00,3.0807667,2.5654674,5.385812,3.8786516,3.852222,2.666525
2041-07-22 12:00:00,4.695673,3.2877276,5.3909297,4.2156343,3.9788203,2.2446833
2041-07-23 12:00:00,2.1166167,1.8633206,4.0255275,3.5634863,3.7146769,2.5439973
2041-07-24 12:00:00,1.1939995,1.233792,2.9968617,2.9627802,3.2223773,2.0321877
2041-07-25 12:00:00,1.8638525,1.6633034,3.7831285,4.230952,3.684338,1.6497915
2041-07-26 12:00:00,2.4187922,1.9025791,2.668985,2.877015,4.231856,1.6234064
2041-07-27 12:00:00,2.8469844,2.1990497,3.6043663,3.5409079,3.649256,1.8092585
2041-07-28 12:00:00,2.7311745,1.8949443,3.3254666,3.0517364,4.023803,1.6964083
2041-07-29 12:00:00,1.3358171,1.2539254,3.2800279,3.5320778,3.9921722,1.9918158
2041-07-30 12:00:00,1.0297745,1.2822428,3.9145873,4.215284,5.1799297,2.5284693
2041-07-31 12:00:00,0.9679848,1.3718061,3.4308403,4.0623074,5.1996627,2.0980666
2041-08-01 12:00:00,0.82109225,0.8799491,3.2647262,3.5638025,4.5218234,1.3505579
2041-08-02 12:00:00,1.3645978,1.1705883,3.211235,3.937393,4.082215,1.5700856
2041-08-03 12:00:00,2.8338792,2.0929685,4.3192945,4.513753,4.8273807,3.321178
2041-08-04 12:00:00,2.2357926,1.7056557,4.120256,3.7336369,3.121253,2.4443333
2041-08-05 12:00:00,1.788996,1.5462307,3.328414,2.0469415,3.254725,2.3107321
2041-08-06 12:00:00,4.0237365,3.4585693,4.035085,3.6458948,2.97375,2.404753
2041-08-07 12:00:00,2.1618953,2.093746,4.145829,3.1358807,3.9198875,1.8481354
2041-08-08 12:00:00,1.7304518,2.272892,3.1472213,4.420467,3.9576185,2.7193758
2041-08-09 12:00:00,2.8266134,2.3348992,3.4580295,3.4191244,3.249523,1.9131764
2041-08-10 12:00:00,3.3750114,2.5441287,3.5307019,2.8927526,3.7399335,1.5038992
2041-08-11 12:00:00,1.7221968,1.3701086,2.2524068,3.013064,3.7098725,1.3333476
2041-08-12 12:00:00,0.84823984,1.001557,1.9239085,2.791088,3.5728328,1.0878768
2041-08-13 12:00:00,0.9478275,0.99624634,1.8729149,1.9098977,3.1758144,1.0693766
2041-08-14 12:00:00,0.9687841,0.9273658,1.8633538,1.3493035,2.5100765,1.1274701
2041-08-15 12:00:00,0.88597137,0.85244703,2.0137568,1.6847515,1.9457394,1.4202384
2041-08-16 12:00:00,0.9632297,0.9429345,2.3961205,2.1105335,2.1739612,1.752443
2041-08-17 12:00:00,1.8267546,1.6991982,3.9549966,3.1296113,2.491924,3.422161
2041-08-18 12:00:00,2.4626725,2.3487573,3.382281,2.875488,2.7477334,2.4379141
2041-08-19 12:00:00,2.78138,2.0466387,3.4473755,2.7166295,3.2892735,2.4594753
2041-08-20 12:00:00,2.1616147,1.8484985,4.5321555,2.555932,3.249518,2.0030756
2041-08-21 12:00:00,3.0646806,2.7437243,4.740891,2.9923155,2.7982879,2.3005738
2041-08-22 12:00:00,2.1881897,2.0246785,3.400329,3.4134016,2.1414425,2.4323428
2041-08-23 12:00:00,2.9995604,2.6639214,4.761653,4.8654113,2.1368904,4.3264155
2041-08-24 12:00:00,3.441473,2.8846345,6.307927,4.565704,3.1490839,4.2966824
2041-08-25 12:00:00,2.1643295,2.5542607,4.524719,5.3490186,4.9091716,2.642815
2041-08-26 12:00:00,1.4307241,1.4844611,2.3394248,3.0981984,6.194943,1.848383
2041-08-27 12:00:00,2.2041452,1.7083343,2.7166226,4.899248,6.9087524,2.2793596
2041-08-28 12:00:00,2.1961675,1.6823403,2.8391263,4.526517,4.642598,2.4696403
2041-08-29 12:00:00,1.9843302,1.4827313,2.4655952,3.9239788,4.332405,2.2338986
2041-08-30 12:00:00,1.4263458,1.3304114,2.1076298,3.1888967,5.507698,2.0972154
2041-08-31 12:00:00,0.98675865,1.0976828,1.5755305,3.104362,4.0188456,1.8961469
2041-09-01 12:00:00,1.9280823,1.6197269,3.5977464,3.557504,3.9167445,2.7487166
2041-09-02 12:00:00,0.99450684,0.9982686,3.1455991,4.3607054,4.1662245,1.7093008
2041-09-03 12:00:00,1.4858987,1.2296512,2.3794274,2.543086,2.4756546,1.5773662
2041-09-04 12:00:00,1.2608343,1.0116323,3.014905,2.1258478,2.3918185,2.055599
2041-09-05 12:00:00,1.9771101,1.8149953,2.8602524,5.3004756,5.3566833,2.3042886
2041-09-06 12:00:00,1.7720861,1.8003654,3.4228349,6.7063947,5.0440907,3.4188082
2041-09-07 12:00:00,2.7911272,2.5477145,3.780328,4.717464,5.6892166,2.8368587
2041-09-08 12:00:00,2.1373277,1.7704784,3.073886,2.8949354,4.017384,1.6743677
2041-09-09 12:00:00,1.8374252,1.6254442,3.3875027,3.3168325,3.5036857,2.597574
2041-09-10 12:00:00,2.8437052,2.2603781,4.467717,3.23926,3.219259,3.2368238
2041-09-11 12:00:00,3.1873114,2.6728976,5.195994,3.0987453,2.7921689,3.9209301
2041-09-12 12:00:00,1.8951576,1.9066703,4.3242083,3.940276,2.6852052,2.9906797
2041-09-13 12:00:00,1.720938,1.5506339,3.0494494,4.7003145,3.3243155,2.4634993
2041-09-14 12:00:00,2.7154167,2.279957,4.485599,4.910034,4.5749183,3.307597
2041-09-15 12:00:00,2.2930448,2.1470938,5.4463,3.9494483,2.8473313,3.0760865
2041-09-16 12:00:00,2.022141,1.6909479,3.576434,3.6186512,4.9947767,2.1168501
2041-09-17 12:00:00,1.4663254,1.4500669,2.774461,3.940402,5.7706566,1.6582006
2041-09-18 12:00:00,1.4902687,1.3948227,2.7984955,4.1204686,4.487128,1.8981595
2041-09-19 12:00:00,1.5979558,1.5008918,2.5934346,4.2109394,5.0196505,1.7757537
2041-09-20 12:00:00,1.2637248,1.247064,2.1648304,4.463839,5.0386996,1.5333728
2041-09-21 12:00:00,1.357232,1.3236898,2.2692504,5.4372845,5.84672,1.5670245
2041-09-22 12:00:00,0.7982983,0.9173787,2.450066,2.8179631,6.2480645,1.308923
2041-09-23 12:00:00,1.0403168,1.1444149,1.9519609,3.3282511,5.4598703,1.2355723
2041-09-24 12:00:00,1.8825154,1.4654775,2.2161582,2.16747,4.6041183,1.3277658
2041-09-25 12:00:00,1.142395,1.2503957,3.8284488,2.1888506,5.72202,1.727233
2041-09-26 12:00:00,2.185252,1.8688873,4.7225738,2.614369,6.857699,2.1773348
2041-09-27 12:00:00,1.7395927,1.523004,3.7858205,2.2231333,3.7122953,1.7626997
2041-09-28 12:00:00,1.55582,1.3959322,2.1348345,2.1634915,2.6535382,1.9406097
2041-09-29 12:00:00,1.1147957,1.018379,1.8505319,1.4671075,2.835715,0.91294926
2041-09-30 12:00:00,0.7280641,0.83103323,2.1480522,1.9560968,3.0534875,1.1395246
2041-10-01 12:00:00,1.8920063,1.4539436,2.3442101,3.713025,3.6500292,2.201011
2041-10-02 12:00:00,1.8085699,1.3783275,2.824764,1.9562925,3.0208728,1.304237
2041-10-03 12:00:00,1.1439877,1.057304,2.936149,2.7088764,3.8487413,1.8066595
2041-10-04 12:00:00,1.4195149,1.5270004,3.0111175,2.9123485,3.056261,2.0220602
2041-10-05 12:00:00,1.9750924,1.9916388,3.0748138,3.3228579,3.233665,1.5178603
2041-10-06 12:00:00,1.1784151,1.1544536,1.749565,2.3092377,5.3915577,1.7539352
2041-10-07 12:00:00,1.052225,1.1452193,2.540759,4.248217,4.023038,3.1623647
2041-10-08 12:00:00,1.34757,1.5443676,4.2911477,5.2261944,5.091625,4.1292124
2041-10-09 12:00:00,1.7991725,1.7915809,3.341518,3.8533895,4.567889,2.8331645
2041-10-10 12:00:00,1.8928711,1.6001729,2.9967484,4.3382998,3.6364522,2.845642
2041-10-11 12:00:00,3.7275329,3.0838082,3.768544,3.0931203,3.9442782,1.8291432
2041-10-12 12:00:00,2.6296818,2.296372,3.6413984,3.0217123,4.8796477,2.952888
2041-10-13 12:00:00,3.1388786,2.8092973,6.2785053,4.0951157,6.9601836,3.2952151
2041-10-14 12:00:00,3.6845622,3.5235336,5.8659215,5.3060355,4.202095,3.8726063
2041-10-15 12:00:00,1.619385,1.8865641,4.8345795,4.6377583,4.0229263,4.6839395
2041-10-16 12:00:00,1.626898,1.4257878,2.8649728,3.62397,4.352716,2.8986201
2041-10-17 12:00:00,2.1797256,1.8036824,4.632989,3.1782503,3.879227,2.439395
2041-10-18 12:00:00,1.9005029,1.6459281,3.3782856,3.371324,4.648797,2.092723
2041-10-19 12:00:00,1.6528695,1.6387988,6.6455517,3.4547412,3.0002377,3.4999743
2041-10-20 12:00:00,3.188281,2.6139102,4.4653454,4.174303,4.6972528,3.2357123
2041-10-21 12:00:00,2.5976925,2.292631,4.4911103,5.280037,4.683833,3.516159
2041-10-22 12:00:00,1.9319737,1.5955818,4.11389,4.1737757,3.9478214,3.6805575
2041-10-23 12:00:00,1.998319,1.7663896,3.9849088,3.659628,4.189519,3.2829387
2041-10-24 12:00:00,1.4687432,1.4901658,2.533313,4.9372544,4.6491694,2.0807338
2041-10-25 12:00:00,1.688411,1.5261551,3.3733191,3.1205628,3.8805783,2.5559912
2041-10-26 12:00:00,3.4593606,3.1922174,5.3367,4.095139,3.4080014,3.4820354
2041-10-27 12:00:00,1.7049598,1.9690697,4.207914,6.045351,4.175343,3.3316245
2041-10-28 12:00:00,2.6062937,2.545983,5.4130073,5.0664306,3.4160643,3.933443
2041-10-29 12:00:00,2.97752,2.157855,3.1851048,2.6559243,2.679862,1.625264
2041-10-30 12:00:00,1.5822716,1.2443767,4.0752416,2.8982735,2.128983,1.924478
2041-10-31 12:00:00,1.0871855,1.0764647,4.7080603,2.5576699,4.348754,1.5958018
2041-11-01 12:00:00,1.6791006,1.4719743,3.917233,3.0724514,5.3404546,1.8681796
2041-11-02 12:00:00,1.0518106,1.0034375,2.8836231,2.6956031,3.4962132,1.2545261
2041-11-03 12:00:00,2.7907865,2.41186,3.3787243,1.900903,3.6228805,1.7322049
2041-11-04 12:00:00,2.2812252,2.1239102,3.294363,4.288496,4.4065056,2.4156826
2041-11-05 12:00:00,1.161518,1.2998477,4.2043138,2.679113,4.493447,2.2588704
2041-11-06 12:00:00,0.77705824,0.9584448,2.5988376,2.8824408,5.191447,1.5267639
2041-11-07 12:00:00,1.8395312,1.9570059,3.8223042,3.026539,5.177959,2.1833959
2041-11-08 12:00:00,1.014262,1.0816853,2.051576,5.0444674,6.1739984,1.8404831
2041-11-09 12:00:00,0.73465896,0.9879174,2.491901,4.422472,5.9283915,2.5451143
2041-11-10 12:00:00,0.8792702,1.1645228,2.8387454,3.5242796,6.7976055,2.0042646
2041-11-11 12:00:00,1.0380653,1.1567105,3.2325819,3.0307446,5.256366,2.5571625
2041-11-12 12:00:00,2.7851443,1.8985342,4.865808,2.6859086,4.140403,2.1373463
2041-11-13 12:00:00,3.7920141,2.6585102,5.896673,4.1295586,5.6588454,2.751188
2041-11-14 12:00:00,2.843289,2.1233804,4.8955936,3.1479466,7.410837,2.2614946
2041-11-15 12:00:00,2.5019512,1.8096527,3.6308737,2.2188702,4.7132697,1.5277066
2041-11-16 12:00:00,1.7158469,1.3845891,3.8434482,2.489813,3.365897,2.2241557
2041-11-17 12:00:00,2.9160285,2.7693331,6.1928453,3.84252,4.2111835,3.527013
2041-11-18 12:00:00,2.3046334,2.582925,6.202213,5.453894,6.3029485,5.038923
2041-11-19 12:00:00,2.0884376,2.0078166,4.4331965,3.9250615,4.3433776,3.1323335
2041-11-20 12:00:00,3.0317407,2.8517191,4.971609,4.8223944,4.942552,2.5464995
2041-11-21 12:00:00,2.5357811,2.0521374,4.314498,4.038769,3.8007214,2.0333307
2041-11-22 12:00:00,3.2962337,2.700959,4.8874187,3.6631079,4.0377116,2.4864166
2041-11-23 12:00:00,1.8551883,1.6582847,3.8753269,4.0173297,4.5567,2.2665281
2041-11-24 12:00:00,1.8098804,1.6964036,3.882862,4.1716876,4.588005,2.908185
2041-11-25 12:00:00,1.0431863,1.1699028,3.8507361,5.2321343,4.1407394,3.8219087
2041-11-26 12:00:00,0.9597965,1.373715,4.379513,5.9368706,6.153993,4.1770616
2041-11-27 12:00:00,2.175908,2.164842,5.160185,7.96549,6.646734,4.3294325
2041-11-28 12:00:00,2.705688,2.3289359,7.1830645,4.719402,5.504857,4.5937157
2041-11-29 12:00:00,3.2268271,2.9487255,4.3536887,4.715077,5.5455217,2.779725
2041-11-30 12:00:00,1.0323778,0.9145652,2.0266416,2.116099,2.8991258,1.2319796
2041-12-01 12:00:00,1.0093565,1.0701683,2.480094,2.7067392,2.8063176,1.8269262
2041-12-02 12:00:00,0.63591087,0.8480822,2.4627128,3.7555044,3.5472643,2.6923816
2041-12-03 12:00:00,1.6958208,1.840147,3.9982462,4.5609765,4.315217,3.860403
2041-12-04 12:00:00,3.0755825,2.463295,5.2971473,4.8020086,5.4352546,2.6844623
2041-12-05 12:00:00,2.1394095,1.7699289,4.9443026,5.571607,3.832743,3.6810584
2041-12-06 12:00:00,1.5344812,1.7060647,3.6210005,4.9469695,3.779524,2.6273868
2041-12-07 12:00:00,1.2604609,1.4293987,2.7062132,2.696412,2.8336656,1.5666026
2041-12-08 12:00:00,1.0106572,0.90508497,2.078725,2.7022536,3.1432567,2.0209324
2041-12-09 12:00:00,0.635244,0.87562686,2.6851063,3.6405604,4.0496945,2.5191045
2041-12-10 12:00:00,1.3569219,1.2167884,3.9057362,4.7122717,4.783436,3.1414971
2041-12-11 12:00:00,2.503259,2.3791635,7.3322086,5.3743224,5.5892816,4.4961205
2041-12-12 12:00:00,2.4509149,2.4328284,3.9566312,4.01333,5.8805723,4.28181
2041-12-13 12:00:00,1.4021957,1.4266415,3.5192158,3.6362374,3.1569455,3.3740194
2041-12-14 12:00:00,1.9099187,1.9611132,3.723562,6.092469,6.320885,3.5108607
2041-12-15 12:00:00,1.2842472,1.3156042,3.0196483,5.191574,4.4653487,3.1023278
2041-12-16 12:00:00,2.3909345,2.426576,4.325154,3.2171702,3.0347555,2.5255702
2041-12-17 12:00:00,2.7063704,2.341728,6.300749,5.3544765,4.120745,4.6779685
2041-12-18 12:00:00,2.1485813,2.061969,5.988562,7.8978543,6.074978,4.8969703
2041-12-19 12:00:00,1.8400978,2.0718012,4.923803,6.050643,5.173822,2.7766042
2041-12-20 12:00:00,3.8615274,3.0147476,5.304522,4.5229354,4.530122,3.59582
2041-12-21 12:00:00,2.868426,2.3879824,4.6369658,2.3149922,2.983439,2.2498639
2041-12-22 12:00:00,0.7999759,0.98523813,2.4692712,3.5910833,2.8353324,2.8995574
2041-12-23 12:00:00,1.3565288,1.5725404,4.286957,5.258889,3.7810338,2.9795563
2041-12-24 12:00:00,1.6776284,1.7729472,3.9222507,4.455287,4.558818,4.088374
2041-12-25 12:00:00,1.2212927,1.1892735,2.8969767,2.7590077,4.6107993,1.9556646
2041-12-26 12:00:00,0.83861023,1.0256554,1.8483392,2.8269582,3.2942324,1.2769976
2041-12-27 12:00:00,0.7572702,1.018003,1.9544286,2.5497513,3.6122987,1.5179019
2041-12-28 12:00:00,0.85201806,1.165553,3.6090748,2.5199363,3.1511655,2.4190156
2041-12-29 12:00:00,1.1342483,1.1519613,4.3302493,2.4270418,2.8824747,2.1380188
2041-12-30 12:00:00,1.5051926,1.1652071,4.4490814,3.6054327,3.5358698,2.1997375
2041-12-31 12:00:00,0.82602566,0.8392186,4.9053364,4.689538,3.8554668,2.744949
2042-01-01 12:00:00,1.1946523,1.0111188,5.482171,4.5865965,4.5474157,3.619386
2042-01-02 12:00:00,0.91111207,1.0130554,4.4222784,5.859352,5.6657343,3.752506
2042-01-03 12:00:00,2.2175493,1.9433123,6.347617,6.592174,6.1052213,5.267719
2042-01-04 12:00:00,3.103478,2.6114125,6.1889334,7.461526,7.2502894,4.6973376
2042-01-05 12:00:00,1.6980466,1.7785714,4.38944,6.217597,6.0655427,3.859241
2042-01-06 12:00:00,3.9635153,3.0466046,7.5526133,5.036521,5.7236023,4.8771753
2042-01-07 12:00:00,3.1781943,3.3553247,7.20607,5.137094,4.7224407,4.5851946
2042-01-08 12:00:00,3.4086869,2.9983213,3.9865222,3.4332972,4.0121126,2.6404853
2042-01-09 12:00:00,2.0280728,2.0089436,6.3446903,5.183672,5.146547,4.7611427
2042-01-10 12:00:00,3.0752616,2.8803794,5.891206,8.476196,7.1837296,4.3766985
2042-01-11 12:00:00,2.2196412,2.0784523,5.045892,6.156589,8.518478,2.9610393
2042-01-12 12:00:00,2.488062,2.6591077,5.4851604,6.0198374,3.5759523,3.1578038
2042-01-13 12:00:00,3.5350068,3.057071,5.33424,6.3722034,4.205978,3.8418515
2042-01-14 12:00:00,2.2637978,2.6223655,3.5029836,4.885959,4.1015244,2.2561772
2042-01-15 12:00:00,1.6280584,1.7012725,3.8848448,6.3464665,5.1104155,3.4153852
2042-01-16 12:00:00,5.2277355,4.222454,7.795891,7.4059186,6.727418,5.0039134
2042-01-17 12:00:00,2.2803571,1.9501872,5.154675,5.3698297,5.7663565,3.414013
2042-01-18 12:00:00,2.5013983,2.1379905,6.735655,5.508672,4.2077527,4.470038
2042-01-19 12:00:00,2.730276,2.3600008,8.231902,4.867849,3.6279418,4.8328977
2042-01-20 12:00:00,1.6584029,1.8148655,5.677861,4.828547,4.3483853,3.724312
2042-01-21 12:00:00,2.0587876,2.201283,5.0290647,6.246908,5.8180823,3.6250877
2042-01-22 12:00:00,2.27567,1.9894478,4.0884933,5.971436,6.552984,3.921125
2042-01-23 12:00:00,2.3053465,1.8986913,4.5955215,6.6488123,8.367385,3.581876
2042-01-24 12:00:00,4.1921806,3.9453275,7.71085,8.575823,9.266363,5.300238
2042-01-25 12:00:00,2.9541433,2.3356268,7.519927,4.8837457,8.367105,4.6836095
2042-01-26 12:00:00,1.7205901,1.6451427,4.298798,4.2196374,5.8124986,2.5663323
2042-01-27 12:00:00,3.064587,2.8545558,3.5021858,4.083034,4.450394,2.0279756
2042-01-28 12:00:00,2.2487767,1.6873041,2.6530175,2.9431806,3.5515895,1.5736692
2042-01-29 12:00:00,2.2816043,1.7709919,3.4562798,2.603557,3.0585325,2.3368218
2042-01-30 12:00:00,4.300226,3.134651,4.6746144,2.6632621,2.8572273,2.576013
2042-01-31 12:00:00,4.4305468,3.137088,3.607669,3.2793481,5.194755,2.0498378
2042-02-01 12:00:00,2.745041,1.9438266,3.210313,4.2079782,7.497651,2.8107548
2042-02-02 12:00:00,1.5058974,1.22531,3.5830648,3.7296803,4.5007377,3.0182655
2042-02-03 12:00:00,0.9979585,0.92262673,3.0578165,4.224574,4.750673,2.2500217
2042-02-04 12:00:00,0.8004894,0.9931827,3.6003702,4.8819356,6.301939,3.3648784
2042-02-05 12:00:00,2.424552,2.6133244,5.3421197,6.6650634,7.668,5.0382557
2042-02-06 12:00:00,3.2939696,3.2925394,7.4634123,5.9454803,6.210116,5.917018
2042-02-07 12:00:00,1.9612882,2.0985787,4.8670073,5.6724057,7.627886,3.7487805
2042-02-08 12:00:00,1.5178595,1.7896062,4.548775,5.45184,6.4274225,3.9493465
2042-02-09 12:00:00,1.5385629,1.5702466,3.4059505,4.754584,5.751497,2.8232698
2042-02-10 12:00:00,2.7381935,2.1793802,5.399403,5.4437075,5.039926,4.9755206
2042-02-11 12:00:00,2.8586597,2.9330359,7.1056395,6.3033614,5.7708526,5.430986
2042-02-12 12:00:00,2.679832,2.6266382,4.6687756,6.1786757,6.682973,4.5914917
2042-02-13 12:00:00,3.5108356,3.2884736,5.722584,6.230404,6.6885014,4.3379507
2042-02-14 12:00:00,4.6609507,4.219228,6.6092243,7.194431,7.2909236,4.9649396
2042-02-15 12:00:00,2.4641576,2.5213401,3.615636,6.3269343,5.809473,3.3788264
2042-02-16 12:00:00,2.2710743,2.2994967,4.059712,5.5232453,4.8427033,3.706021
2042-02-17 12:00:00,3.687385,3.5519617,7.117209,6.737713,7.1845994,5.2006445
2042-02-18 12:00:00,2.217681,2.3269799,6.3416057,4.453134,7.16643,3.1979759
2042-02-19 12:00:00,1.0983398,1.3914999,2.4166079,3.9194853,5.8245363,1.7790196
2042-02-20 12:00:00,1.2009583,1.3586824,2.1252732,6.67791,5.5345616,1.9956552
2042-02-21 12:00:00,1.6936548,2.0099337,2.438711,7.4433804,6.0371523,2.3422182
2042-02-22 12:00:00,1.3603461,1.4428179,3.7179327,3.1398642,7.145181,2.787051
2042-02-23 12:00:00,1.3680336,1.5196327,2.88382,4.7832155,5.310441,2.2042427
2042-02-24 12:00:00,2.00419,2.290579,3.878589,4.7810574,3.2123332,2.683798
2042-02-25 12:00:00,1.056721,1.0723318,4.077179,2.011436,2.363389,2.0908935
2042-02-26 12:00:00,1.229638,1.1508739,3.333502,2.4188986,3.3320196,1.8702017
2042-02-27 12:00:00,1.0085588,1.3155574,2.9438078,3.108066,2.1401558,1.9413587
2042-02-28 12:00:00,1.2874213,1.3735801,3.6363678,2.646006,2.5806139,2.3624492
2042-03-01 12:00:00,5.782716,3.608704,6.869626,2.374281,3.353367,3.4074903
2042-03-02 12:00:00,1.5796201,1.4901924,2.740353,2.7133355,3.846836,1.8460407
2042-03-03 12:00:00,1.3368019,1.3147492,2.8640263,2.7861104,3.189774,2.0741737
2042-03-04 12:00:00,1.5954757,1.8467999,3.755293,3.6921942,3.4018157,2.6403513
2042-03-05 12:00:00,2.1579661,1.9320551,3.5650415,5.0491834,3.4130454,3.445447
2042-03-06 12:00:00,2.6464717,2.4137776,5.5434356,6.19904,6.065321,3.7621553
2042-03-07 12:00:00,1.9689753,1.873351,4.4148273,5.484946,4.6635227,2.748804
2042-03-08 12:00:00,0.7677783,0.88571656,3.6792674,3.116386,4.11513,1.8560506
2042-03-09 12:00:00,1.2264564,1.0494217,1.980081,2.1542742,2.9369848,1.2579205
2042-03-10 12:00:00,1.7785907,1.5567306,3.0192428,3.4531739,2.4648364,2.6632175
2042-03-11 12:00:00,2.47647,1.996388,2.6063726,3.2460742,2.9684303,2.1576178
2042-03-12 12:00:00,2.0693302,1.6602741,3.4100432,3.3484495,4.3967304,2.9773412
2042-03-13 12:00:00,3.7860014,3.2467644,5.204879,7.2744274,7.2909718,5.0209494
2042-03-14 12:00:00,2.1489305,2.0822895,2.7734902,7.2314663,8.62391,2.5208235
2042-03-15 12:00:00,1.3894429,1.5222315,1.8990897,4.2375903,6.8542137,1.3980192
2042-03-16 12:00:00,0.80633044,0.91938376,2.7763002,2.7803764,3.2000163,1.5119275
2042-03-17 12:00:00,2.5515628,2.163392,2.955881,3.0700724,5.0951304,2.3899364
2042-03-18 12:00:00,3.0671687,2.7345555,4.376913,8.040662,7.6182766,4.1248226
2042-03-19 12:00:00,2.6525578,2.681303,5.141673,6.046264,7.066763,3.5460253
2042-03-20 12:00:00,2.5508804,2.802439,3.095044,6.656155,6.650845,3.3771942
2042-03-21 12:00:00,2.1322312,2.3036108,2.6024902,5.591777,6.11555,3.0320005
2042-03-22 12:00:00,2.5841317,2.5605743,3.500665,5.5143423,5.0187583,3.7378716
2042-03-23 12:00:00,2.9015737,2.8762798,4.6167493,3.4899282,5.338534,3.2084355
2042-03-24 12:00:00,1.3175048,1.1836169,2.3889668,2.3303099,5.0913615,1.826511
2042-03-25 12:00:00,1.2689291,1.1822975,2.687288,3.814414,4.8757553,1.8336732
2042-03-26 12:00:00,2.4315076,2.5144353,4.78817,6.7101107,3.4777188,4.1446676
2042-03-27 12:00:00,2.4261422,2.3545473,6.3545156,3.4771302,3.4449801,4.277505
2042-03-28 12:00:00,2.1839862,2.5088391,5.5019403,5.9806676,7.251578,4.275189
2042-03-29 12:00:00,2.960969,2.874786,5.455067,6.7534823,6.8109827,3.778382
2042-03-30 12:00:00,4.408365,4.064106,7.4450545,7.8318286,4.5092835,5.3874555
2042-03-31 12:00:00,3.655178,3.67525,6.4023004,6.4749637,5.506624,4.5602303
2042-04-01 12:00:00,3.0120025,2.9248574,4.8537383,4.8849297,4.5147824,3.436915
2042-04-02 12:00:00,1.7470969,1.7808253,4.1098886,3.2689881,3.8999503,2.3367789
2042-04-03 12:00:00,1.2931399,1.3136826,2.427992,2.3847582,2.7744572,1.504565
2042-04-04 12:00:00,2.242043,1.7410704,2.988539,2.4808831,3.1851096,1.9101522
2042-04-05 12:00:00,1.9630464,1.7458311,4.1122775,3.342092,3.7756846,3.0923526
2042-04-06 12:00:00,3.0919814,2.9323835,4.1247616,4.2309403,3.6378925,3.316834
2042-04-07 12:00:00,1.6653163,1.5216582,5.119323,3.7825272,5.464748,2.4567614
2042-04-08 12:00:00,2.3602428,2.4446878,6.2650642,5.1461396,4.7020154,3.4777637
2042-04-09 12:00:00,1.9870445,2.2123432,4.979599,4.0733905,5.6521077,3.0976593
2042-04-10 12:00:00,1.2876583,1.4471748,2.6519024,2.691916,4.930818,2.3818846
2042-04-11 12:00:00,2.365272,1.9868625,2.6421223,3.4291668,4.023752,2.1630328
2042-04-12 12:00:00,3.4835145,2.6362522,3.205292,3.9307294,3.338872,1.8931973
2042-04-13 12:00:00,1.7284763,1.8300589,2.7958639,2.9041111,3.9132857,1.7909296
2042-04-14 12:00:00,1.5172613,1.5174662,2.2564015,2.3488226,4.1092963,1.50624
2042-04-15 12:00:00,1.5634655,1.2917429,2.5008585,2.0753722,2.7277775,1.6243328
2042-04-16 12:00:00,1.30297,1.2029328,3.1698918,1.8599277,2.8355684,1.5588717
2042-04-17 12:00:00,2.068103,1.9105974,3.1080115,3.1993945,2.7583878,2.3101473
2042-04-18 12:00:00,0.9052355,0.9214968,1.996095,2.9537,3.2475429,1.7747774
2042-04-19 12:00:00,2.708839,2.1758604,4.346218,3.4662185,3.347971,2.8907337
2042-04-20 12:00:00,1.4440479,1.2804937,2.2157195,3.0899813,3.3788974,1.8542593
2042-04-21 12:00:00,1.9203849,1.7747588,2.0474076,2.243155,2.8986123,1.5216388
2042-04-22 12:00:00,2.7630033,2.0011423,3.2547863,2.7234528,2.3046153,1.5242115
2042-04-23 12:00:00,1.6537484,1.3749576,3.8272088,1.6837093,1.9893374,1.8043733
2042-04-24 12:00:00,0.83026814,0.88782096,2.9223428,1.5561839,2.782079,1.5635715
2042-04-25 12:00:00,1.2176557,1.3300397,2.0105584,1.6560649,3.0582304,1.3306224
2042-04-26 12:00:00,1.395751,1.1608201,1.5783082,2.4364488,2.848404,1.1745254
2042-04-27 12:00:00,1.5780911,1.2427073,1.5936154,2.697218,2.5343533,1.0949932
2042-04-28 12:00:00,1.7977374,1.4537944,2.7005203,2.5155134,3.434863,1.5106611
2042-04-29 12:00:00,2.464812,2.0258534,3.634179,3.2532992,4.27849,3.526222
2042-04-30 12:00:00,1.7554524,1.64175,1.9665565,4.0805144,5.0890756,2.0513477
2042-05-01 12:00:00,1.8930361,1.9042952,3.145253,3.15765,4.491883,2.2614667
2042-05-02 12:00:00,2.7260888,1.7994423,3.4710734,2.5613914,3.5722299,2.3808444
2042-05-03 12:00:00,2.1276746,1.7253865,2.7080235,2.2422533,3.4776304,1.7041982
2042-05-04 12:00:00,2.223586,1.9543866,3.398352,2.6578043,3.497632,1.9946043
2042-05-05 12:00:00,1.8455396,1.7141145,3.6546092,4.1337266,2.938156,2.467019
2042-05-06 12:00:00,1.5451933,1.3090563,2.495669,2.4557552,2.197213,1.6784683
2042-05-07 12:00:00,1.5928427,1.6731586,3.899179,2.5163317,2.3549745,1.9900669
2042-05-08 12:00:00,2.093654,1.8041201,3.2902164,2.5675364,2.783587,2.5326037
2042-05-09 12:00:00,1.7682611,1.6210823,2.905751,2.6205387,2.844362,1.5993738
2042-05-10 12:00:00,2.6121058,2.259968,4.6353045,2.8154492,2.8696043,2.8747182
2042-05-11 12:00:00,2.7598433,2.176706,3.8646355,3.176518,2.8983889,2.9746807
2042-05-12 12:00:00,2.9202495,2.138169,3.412681,2.8587012,2.7839158,2.520692
2042-05-13 12:00:00,2.1887686,2.17341,4.4695535,3.907189,4.017326,3.080087
2042-05-14 12:00:00,2.0144634,2.1268442,3.7140548,3.3164723,5.5260363,1.9329807
2042-05-15 12:00:00,1.193716,1.2739767,3.4578426,2.5215127,5.0561438,2.1717281
2042-05-16 12:00:00,2.3079982,2.0862207,3.4905922,4.9443984,4.1381736,2.6275098
2042-05-17 12:00:00,2.079625,1.9085495,3.101835,4.0645127,3.718948,1.8751342
2042-05-18 12:00:00,2.0478592,1.7668363,3.451008,4.396875,5.56184,2.903849
2042-05-19 12:00:00,4.3698363,3.6984482,5.5246325,5.951956,5.6823463,5.0121512
2042-05-20 12:00:00,3.6966512,3.5350337,3.9115088,8.853233,5.2757235,3.9995644
2042-05-21 12:00:00,2.17591,2.0848536,5.1372848,3.3999143,4.0823236,3.3778462
2042-05-22 12:00:00,3.1587477,2.7748885,4.8109407,3.7266603,2.9891798,3.1927474
2042-05-23 12:00:00,2.8645527,2.4158251,3.9836986,3.0736363,3.3008223,2.4293242
2042-05-24 12:00:00,3.4367757,2.7886693,4.6495028,3.9377937,3.3511348,3.220407
2042-05-25 12:00:00,2.4911351,2.5551732,4.6291184,5.055989,3.6096258,3.492252
2042-05-26 12:00:00,1.9481755,2.0030842,4.074854,3.7895057,5.7963905,2.8381078
2042-05-27 12:00:00,1.4605663,1.5219649,3.0091543,3.9945452,6.2572536,2.1991818
2042-05-28 12:00:00,1.0688436,1.4871973,2.317323,4.526037,3.8141887,3.005968
2042-05-29 12:00:00,1.5596838,1.4740624,1.8795488,2.435288,2.5108383,2.0033934
2042-05-30 12:00:00,1.7328724,1.3839784,2.8365827,2.3112278,4.4420815,1.5123539
2042-05-31 12:00:00,2.256996,2.008532,2.647419,3.3564153,6.7396317,2.3003488
2042-06-01 12:00:00,3.5847466,3.094813,4.7263637,4.119903,3.0964065,3.4168453
2042-06-02 12:00:00,3.442378,3.2137277,4.4373364,4.8903456,4.840143,3.8827934
2042-06-03 12:00:00,2.336558,2.3353152,5.1427984,4.8459697,4.257417,3.5835385
2042-06-04 12:00:00,2.886718,2.4709468,7.228432,5.005533,3.2009897,4.524424
2042-06-05 12:00:00,1.8324225,1.855895,5.7825327,4.628876,4.370954,3.5355077
2042-06-06 12:00:00,1.5662876,1.284591,3.0793147,3.160841,3.9969177,1.4977369
2042-06-07 12:00:00,2.1141381,1.840073,2.7770483,2.5476565,3.4547224,1.508841
2042-06-08 12:00:00,1.2175252,1.2337998,1.7096454,3.1325903,3.1896825,1.765742
2042-06-09 12:00:00,1.0380073,1.2000964,1.6487086,3.229214,3.9622836,1.2887026
2042-06-10 12:00:00,1.6039441,1.2911385,2.978447,4.049505,4.7221327,1.4276605
2042-06-11 12:00:00,1.2496867,1.426128,3.5218945,3.5223026,5.1937065,1.8598434
2042-06-12 12:00:00,2.0844097,2.0012968,2.3107753,3.3299398,5.0672116,1.5969911
2042-06-13 12:00:00,1.4957976,1.643107,2.4727886,2.7226036,4.005732,1.83335
2042-06-14 12:00:00,1.8814402,1.4916124,2.2500675,3.9072695,2.9714835,1.2565904
2042-06-15 12:00:00,1.9572314,1.7969052,3.2198417,6.0644035,3.1052258,2.2120807
2042-06-16 12:00:00,2.8808045,2.7744343,5.2642884,6.001885,4.5314064,4.6425896
2042-06-17 12:00:00,2.5157685,2.4997318,4.084936,4.505743,7.0137334,2.5335445
2042-06-18 12:00:00,2.1645198,1.7937132,2.6446016,4.0063977,5.428468,1.9798146
2042-06-19 12:00:00,2.059171,1.5944374,2.6536028,2.3351853,3.9571393,1.4225132
2042-06-20 12:00:00,1.8537372,1.888854,4.086858,2.429081,2.97933,1.8396646
2042-06-21 12:00:00,3.3409505,3.0256205,4.2635818,2.5950942,2.5437324,2.3156884
2042-06-22 12:00:00,2.305863,2.7740617,4.275687,4.9826407,4.8468194,2.3501089
2042-06-23 12:00:00,2.342945,2.1802602,3.7269454,4.575161,5.0808754,2.1425543
2042-06-24 12:00:00,2.0732071,2.0430624,2.6901648,4.99659,5.0931225,1.8259802
2042-06-25 12:00:00,1.1382136,1.1893394,2.80862,2.6515768,4.1664963,1.4856461
2042-06-26 12:00:00,1.7298306,1.6290164,2.9754798,2.5068004,3.8713531,1.4133617
2042-06-27 12:00:00,1.7833095,1.6892593,2.677759,1.9729686,3.5248687,1.786616
2042-06-28 12:00:00,1.9382193,1.5899831,2.4313126,2.3875542,2.5115986,1.6955878
2042-06-29 12:00:00,1.4458174,1.5557214,3.3218873,2.6967852,2.283973,1.7748669
2042-06-30 12:00:00,2.4634757,2.16377,3.4912252,2.2763453,2.3709674,1.7747201
2042-07-01 12:00:00,3.1659944,2.6668587,4.1703024,2.4422019,2.8833597,2.2661886
2042-07-02 12:00:00,2.3081832,2.2378886,3.8141031,2.786431,3.0193927,2.0599775
2042-07-03 12:00:00,2.0200133,2.1597433,3.3432496,3.1021845,3.9776778,1.9509683
2042-07-04 12:00:00,2.5750113,2.49414,4.1188455,3.2621236,3.7924764,2.5673745
2042-07-05 12:00:00,2.4369338,2.1562083,3.644429,2.7951462,3.2074442,2.2822
2042-07-06 12:00:00,1.4431576,1.2890961,2.536164,2.6301959,3.2080092,1.415411
2042-07-07 12:00:00,1.0115855,0.98354644,2.3743129,2.0441642,3.5261943,1.0662451
2042-07-08 12:00:00,1.7704097,1.5120502,2.8767734,1.8339552,3.7936087,1.4101532
2042-07-09 12:00:00,2.7468593,2.4717078,4.844832,3.108256,3.1329167,2.530852
2042-07-10 12:00:00,3.068468,2.7281253,4.8577743,4.298753,3.5438957,3.2021487
2042-07-11 12:00:00,2.8086412,2.4738088,3.6348279,4.5455894,3.789605,3.0654173
2042-07-12 12:00:00,1.6714761,1.3478074,2.6485498,3.2224905,3.3936007,2.3229008
2042-07-13 12:00:00,1.2056384,1.1416023,1.7981249,2.5374773,3.9189322,1.5597017
2042-07-14 12:00:00,1.6599522,1.4295505,2.85262,2.1751606,3.4220386,2.1304612
2042-07-15 12:00:00,1.5601512,1.3553478,2.6353624,3.1329286,5.086394,1.9740292
2042-07-16 12:00:00,1.2390406,1.2470912,1.8567994,2.37932,4.1080623,1.6056489
2042-07-17 12:00:00,1.6779238,1.4350226,2.0553565,3.4162514,3.6722436,1.6082885
2042-07-18 12:00:00,3.0422616,2.387825,4.127196,3.3033867,2.7883928,3.025356
2042-07-19 12:00:00,2.933739,2.4628694,4.6489267,3.5240276,3.4063823,2.8341954
2042-07-20 12:00:00,1.2317991,1.0958447,3.6919181,2.2090807,4.5782614,1.9522495
2042-07-21 12:00:00,1.2192614,1.3763397,3.4285252,1.6742617,3.476658,1.6468517
2042-07-22 12:00:00,1.7300358,1.9705336,4.208743,2.1675532,4.0489955,2.5813484
2042-07-23 12:00:00,1.5985794,1.393201,2.7254894,2.1850922,4.531084,1.1709977
2042-07-24 12:00:00,1.3762085,1.2807878,1.9439273,2.3420525,3.113986,1.1618391
2042-07-25 12:00:00,1.8967913,1.4913055,3.1393578,1.7864397,3.0491514,1.4537446
2042-07-26 12:00:00,3.098182,2.1764657,3.6334596,1.9716886,2.8883004,1.7695547
2042-07-27 12:00:00,4.731416,3.5087273,5.130077,3.1304357,3.623912,2.236384
2042-07-28 12:00:00,2.7208495,2.1681447,3.3610423,2.6745653,3.2520883,1.6510947
2042-07-29 12:00:00,0.91659635,1.058269,2.5408359,2.0100465,2.0176668,1.2301092
2042-07-30 12:00:00,2.2332797,1.7279797,2.7998343,3.2790718,2.4974723,1.5159881
2042-07-31 12:00:00,2.841424,2.3765836,2.1727643,3.6726115,2.7375004,1.5360514
2042-08-01 12:00:00,1.7239718,1.4692907,1.8614135,2.8496008,3.2646916,1.4619879
2042-08-02 12:00:00,1.2072959,1.0701268,2.356861,2.3507862,4.6534004,1.531899
2042-08-03 12:00:00,1.2829468,1.311413,2.3100653,3.5546234,5.1062417,1.5465623
2042-08-04 12:00:00,2.0354018,1.6355834,2.0941978,2.5755439,2.7271333,1.1880838
2042-08-05 12:00:00,1.5177572,1.4598558,2.7500865,2.1289356,2.656406,1.4748067
2042-08-06 12:00:00,1.3607774,1.2332857,2.1960175,1.9057273,2.9515553,1.443439
2042-08-07 12:00:00,1.2209328,1.1937261,1.8274517,2.4260097,2.954733,1.9184798
2042-08-08 12:00:00,1.0282515,0.8313928,1.7676259,2.399628,2.646964,1.3269619
2042-08-09 12:00:00,0.74864125,0.6665891,1.5628732,2.5595584,2.4679523,1.1799376
2042-08-10 12:00:00,1.0345217,0.9323565,1.3464497,2.556343,1.8540094,1.2067982
2042-08-11 12:00:00,0.99130595,1.1355909,1.7489165,1.930841,2.3290777,0.89863354
2042-08-12 12:00:00,0.85544103,0.8301049,1.9825174,1.8199881,3.03269,1.1215564
2042-08-13 12:00:00,1.0993919,0.9232975,1.989864,2.1410778,3.7670355,1.1612339
2042-08-14 12:00:00,1.8622694,1.4931923,2.1043675,1.9153548,3.2466335,1.2161243
2042-08-15 12:00:00,2.283557,1.7449831,3.0881054,1.6930454,2.680612,1.3357168
2042-08-16 12:00:00,2.4767494,1.8816867,3.254888,2.0951648,2.6627486,1.5715792
2042-08-17 12:00:00,3.6124413,2.6181655,3.289299,2.2963111,2.3763022,1.6843032
2042-08-18 12:00:00,2.3900087,2.0537198,2.5131218,3.0607033,3.0045161,1.5763457
2042-08-19 12:00:00,2.9637806,2.4967103,3.6173687,3.243252,3.2679682,2.1367548
2042-08-20 12:00:00,3.0779054,3.0597858,4.8405056,5.0290794,3.7355392,4.487309
2042-08-21 12:00:00,3.561211,3.16298,5.0753093,4.3705044,2.9382985,4.565077
2042-08-22 12:00:00,2.1859722,2.0889583,4.1280065,3.1674323,3.6373236,2.2508984
2042-08-23 12:00:00,3.5683193,3.2710423,5.107863,4.899433,4.952628,2.7144015
2042-08-24 12:00:00,3.8746011,3.4294672,4.940807,3.6725209,4.60284,3.830691
2042-08-25 12:00:00,1.2517536,1.2237833,3.1399393,3.8399806,4.1670494,2.1612313
2042-08-26 12:00:00,2.2373357,1.8535526,3.9086058,3.1189365,4.7412505,2.9362457
2042-08-27 12:00:00,4.0801463,3.2384217,5.931976,3.1221995,4.6382284,3.8609214
2042-08-28 12:00:00,1.5072472,1.4564562,2.7123759,4.109731,3.0892763,2.174224
2042-08-29 12:00:00,1.6794178,1.7264099,3.6271749,3.554385,4.1816974,2.3154402
2042-08-30 12:00:00,1.4293535,1.260784,3.8143342,3.1767502,5.747885,2.4516692
2042-08-31 12:00:00,1.5861763,1.5793766,4.2333097,3.8876393,3.5430806,3.3328004
2042-09-01 12:00:00,2.0962973,2.1455257,4.9126954,3.3805346,4.533006,2.2556477
2042-09-02 12:00:00,2.0691562,2.0263402,5.197672,3.0143127,3.0540743,2.720228
2042-09-03 12:00:00,1.1576284,1.3281401,3.7108438,2.7655754,2.6483912,2.459084
2042-09-04 12:00:00,0.8176355,1.0472947,3.2466419,2.2449584,2.7219586,2.3869658
2042-09-05 12:00:00,1.3473474,1.5481422,3.6628127,2.7820206,4.7598896,2.9536428
2042-09-06 12:00:00,2.1680994,2.2234108,5.3613887,3.3629966,4.7348757,4.179515
2042-09-07 12:00:00,2.0840359,2.4826875,5.723345,4.7767334,4.560474,4.5506783
2042-09-08 12:00:00,1.468606,1.7082208,3.6850934,3.223017,3.5040636,2.1456273
2042-09-09 12:00:00,1.1984861,1.1602447,2.5659935,2.181034,2.2139268,1.2645556
2042-09-10 12:00:00,2.5756054,2.190664,3.6045983,2.796563,2.3921273,1.9711715
2042-09-11 12:00:00,1.99328,1.91514,4.061206,3.6193466,2.9475937,1.9555821
2042-09-12 12:00:00,1.2474859,1.6471411,4.5123763,4.703585,3.674148,3.1091466
2042-09-13 12:00:00,1.5958252,1.7432855,3.6078691,4.403339,3.385416,2.4204443
2042-09-14 12:00:00,1.5641491,1.2344029,2.3942978,2.7836316,1.62791,2.0892355
2042-09-15 12:00:00,1.8516803,1.7217786,3.1570976,3.4008017,2.565635,2.7621367
2042-09-16 12:00:00,2.160319,1.8003147,3.2729182,4.9970236,4.490654,2.6481555
2042-09-17 12:00:00,2.0401943,1.8264145,3.4422345,5.9728603,3.632884,2.5137506
2042-09-18 12:00:00,1.5952458,1.6913952,2.3537555,3.7803993,3.6874769,1.8446194
2042-09-19 12:00:00,1.3837541,1.2500805,3.2889686,2.6340854,3.1506557,2.6664171
2042-09-20 12:00:00,2.5541363,2.1142669,4.1780834,3.4480288,3.0151956,3.365926
2042-09-21 12:00:00,2.9762092,2.8389018,4.9727244,4.0874143,3.5214021,3.6236112
2042-09-22 12:00:00,3.028709,2.2786992,3.826118,2.3365233,4.038644,2.395829
2042-09-23 12:00:00,1.9041967,1.8066574,3.3214304,3.0189846,4.0490537,1.767357
2042-09-24 12:00:00,2.9437804,2.5605733,3.0617385,2.2029064,4.077084,1.269614
2042-09-25 12:00:00,3.5416691,2.4390736,2.8306475,2.1120937,4.398663,1.1416821
2042-09-26 12:00:00,2.0580757,1.4069961,3.0685134,2.3402488,4.5811863,1.4261123
2042-09-27 12:00:00,1.7730031,1.2023326,2.7863007,2.0300899,3.4938426,1.0597384
2042-09-28 12:00:00,2.4129558,1.6376736,2.7932734,2.8475277,4.9287686,1.145016
2042-09-29 12:00:00,1.381357,1.4119687,2.5231893,5.10664,8.167467,2.698483
2042-09-30 12:00:00,2.3049383,1.9092096,5.6068172,4.0368195,3.6678925,3.654663
2042-10-01 12:00:00,1.942798,1.7537633,4.720444,3.660767,4.0960455,3.4836183
2042-10-02 12:00:00,2.245454,2.3586974,6.528929,5.0228767,6.986861,4.6273985
2042-10-03 12:00:00,1.9918535,2.05931,5.9702992,4.397858,4.4973235,4.7381406
2042-10-04 12:00:00,1.4795706,1.6165276,4.083113,2.6685328,3.0845723,2.3567646
2042-10-05 12:00:00,1.0823739,0.9638508,2.2004032,1.8553406,2.4288077,1.3973063
2042-10-06 12:00:00,1.5089498,1.2731433,2.0210094,1.8230474,2.1255627,1.4319872
2042-10-07 12:00:00,0.9895786,1.176735,2.1659214,2.8980534,3.8384085,1.5634272
2042-10-08 12:00:00,1.1292077,1.4493172,2.6264422,4.2934303,6.7204657,1.8952174
2042-10-09 12:00:00,1.3469139,1.6649092,3.006359,4.1181564,5.854059,2.83237
2042-10-10 12:00:00,1.5278249,1.3296368,4.0767517,3.2274835,4.038758,2.126829
2042-10-11 12:00:00,2.1363008,1.642306,3.9662373,2.8242586,3.4608185,2.2060072
2042-10-12 12:00:00,4.104697,3.1502774,6.5052567,3.5849838,2.5472329,3.3501427
2042-10-13 12:00:00,1.8214347,1.7362347,2.9688556,3.8328736,2.4707942,1.8841186
2042-10-14 12:00:00,0.96903765,0.8468647,2.811497,2.5199888,2.0885892,2.2381065
2042-10-15 12:00:00,1.3427405,0.9979768,3.048555,2.0902069,2.6623054,1.6746371
2042-10-16 12:00:00,0.812667,0.9825022,2.8562877,1.7527417,2.1334105,1.5039424
2042-10-17 12:00:00,2.2977471,1.7865773,4.555392,3.2558799,3.327117,2.8126667
2042-10-18 12:00:00,2.615748,2.4037867,7.003463,4.6046376,2.9476588,4.5913515
2042-10-19 12:00:00,3.8981686,3.1220076,5.320699,3.4218316,4.00635,3.5325618
2042-10-20 12:00:00,3.5018404,3.096413,4.2572165,3.5380762,3.092682,2.6626997
2042-10-21 12:00:00,2.0671136,1.9398429,2.457248,3.1328313,2.9218013,1.5188738
2042-10-22 12:00:00,0.9685347,0.9872557,2.427623,3.103857,4.0904684,2.0014875
2042-10-23 12:00:00,1.6828713,1.7905306,5.738469,5.0637045,4.4522595,4.221459
2042-10-24 12:00:00,2.4405503,2.2749147,5.705385,5.609986,3.7967591,3.6725938
2042-10-25 12:00:00,2.1764088,1.8843256,5.0883327,5.1770654,3.3391109,3.5693064
2042-10-26 12:00:00,1.7118125,1.6330255,4.398236,3.970623,3.2634802,3.2711575
2042-10-27 12:00:00,3.1437445,2.5956907,4.4766126,4.5060463,3.9479237,2.609852
2042-10-28 12:00:00,1.9980345,1.6645606,4.0704546,4.251178,5.273654,2.7434025
2042-10-29 12:00:00,2.8027353,2.0497403,3.8266177,4.095521,5.9375334,2.4198754
2042-10-30 12:00:00,1.9697053,1.6056097,4.2775106,4.605632,4.771837,2.7672813
2042-10-31 12:00:00,1.6294568,1.518678,3.6845236,2.7908216,4.0894027,1.656788
2042-11-01 12:00:00,1.1466539,1.2340691,2.8219163,2.891836,2.4310212,1.9470168
2042-11-02 12:00:00,3.3402534,2.872343,5.5155272,3.3318594,2.3103004,3.5679212
2042-11-03 12:00:00,1.8565207,2.0527556,2.6441054,2.635144,2.3945637,2.5143263
2042-11-04 12:00:00,1.5783725,1.5457546,2.6906614,3.4855616,2.3106568,1.5577351
2042-11-05 12:00:00,0.89439464,1.0367764,2.3249776,4.38956,3.1981275,2.227868
2042-11-06 12:00:00,0.9107511,0.8791361,2.5894215,3.9284165,2.976522,2.6988895
2042-11-07 12:00:00,3.030971,2.660848,6.4189997,5.7097135,4.3569274,4.394192
2042-11-08 12:00:00,4.9687996,3.9669993,8.725072,4.229658,4.989971,5.76491
2042-11-09 12:00:00,3.3029873,2.6961234,8.29095,3.3265476,5.2833085,5.4382305
2042-11-10 12:00:00,1.7733651,1.6946459,4.3371487,3.964015,5.537774,2.847111
2042-11-11 12:00:00,1.5666271,1.5839103,2.190557,3.1475,3.509752,1.9118552
2042-11-12 12:00:00,0.8718737,1.1337924,2.535637,3.2425852,2.5271394,1.7434328
2042-11-13 12:00:00,2.8228865,2.0219731,5.615029,2.6737742,2.6009872,2.3540933
2042-11-14 12:00:00,3.4655082,2.9395142,4.5576506,2.9294617,3.5784163,2.5090785
2042-11-15 12:00:00,1.9081137,1.8077227,2.5781758,2.1071339,3.8157566,1.4976724
2042-11-16 12:00:00,0.8693924,0.9572522,3.2417533,3.8864536,4.7728024,1.7606252
2042-11-17 12:00:00,1.3718855,1.1938988,2.8656754,6.946617,4.7023883,1.9456975
2042-11-18 12:00:00,1.0261949,1.2146654,2.1346893,3.2210171,2.989312,1.9126424
2042-11-19 12:00:00,1.0124106,1.1769938,3.1634476,5.5315194,4.2514052,3.6883824
2042-11-20 12:00:00,2.5168617,2.5014653,6.186679,6.9291406,6.5914216,5.1738625
2042-11-21 12:00:00,1.8752214,1.926859,3.2630646,5.3441153,6.6002083,2.3707557
2042-11-22 12:00:00,1.7727082,1.4547645,3.2850015,4.6959877,6.981776,1.4675258
2042-11-23 12:00:00,1.6113374,1.6307437,2.1334465,3.4606788,4.8070817,1.6776751
2042-11-24 12:00:00,0.98957527,1.2563087,2.1904187,4.384123,3.411722,2.07965
2042-11-25 12:00:00,0.9670257,1.099035,4.369143,4.163126,3.6178598,3.3869133
2042-11-26 12:00:00,1.1593645,1.0830216,3.099562,3.9831092,4.3234787,2.6240118
2042-11-27 12:00:00,1.6960536,1.3433113,4.6864953,4.247781,6.030842,3.1027465
2042-11-28 12:00:00,1.6826284,1.3447953,4.2021303,3.5414302,6.6955504,2.1084418
2042-11-29 12:00:00,1.6455753,1.2125295,4.134771,2.4417315,5.0487466,1.9882587
2042-11-30 12:00:00,3.0456831,1.9895841,5.109296,3.0355182,3.413592,2.351762
2042-12-01 12:00:00,2.4426475,2.0003352,4.321776,2.8210688,4.943268,2.424769
2042-12-02 12:00:00,1.3467464,1.3817197,2.6975615,2.715374,4.6767883,1.8227767
2042-12-03 12:00:00,2.573242,1.6390895,3.343223,2.7772145,4.1947594,1.3710448
2042-12-04 12:00:00,1.9549763,1.3484341,3.8219676,3.044249,4.1208653,2.1417305
2042-12-05 12:00:00,1.0374959,1.1313971,4.290639,5.099921,7.638162,3.482674
2042-12-06 12:00:00,1.2108073,1.2926966,3.6046393,8.150376,9.855548,4.1855
2042-12-07 12:00:00,0.68156874,0.98222405,4.0171795,6.900068,9.8389845,2.9942234
2042-12-08 12:00:00,0.995023,1.0307893,5.1076274,3.2959113,6.1611342,2.6500843
2042-12-09 12:00:00,1.2273653,1.2437928,5.604037,2.9333804,5.1332297,3.166354
2042-12-10 12:00:00,2.3676114,1.9583186,4.353424,4.445728,3.5600605,3.5070207
2042-12-11 12:00:00,1.6723828,1.4027286,3.6039183,5.540735,5.2644863,3.1887543
2042-12-12 12:00:00,1.3807847,1.4469966,5.224749,5.345377,5.924317,4.747507
2042-12-13 12:00:00,2.1092165,2.088619,4.511178,6.047185,7.895041,4.214252
2042-12-14 12:00:00,1.3201497,1.3896722,2.3935828,5.45075,7.895465,2.1119401
2042-12-15 12:00:00,1.026845,1.3868645,2.7992878,4.877112,7.60103,2.1388655
2042-12-16 12:00:00,0.9154935,1.191756,2.7883558,4.344464,4.8298883,3.0889597
2042-12-17 12:00:00,0.8417167,0.9858875,3.3284624,5.282387,4.9874296,3.1967049
2042-12-18 12:00:00,1.3404965,1.371112,3.65809,5.566684,5.702691,2.828625
2042-12-19 12:00:00,2.760112,2.1553748,5.182104,5.3457427,5.4399805,3.873472
2042-12-20 12:00:00,1.8523349,1.7559161,4.313345,6.9253273,5.809417,3.6308408
2042-12-21 12:00:00,1.5213516,1.508321,4.7191677,5.816249,4.6987,4.386118
2042-12-22 12:00:00,1.781226,1.6196438,4.109487,4.913745,3.5751245,3.2937639
2042-12-23 12:00:00,2.4918003,2.3978307,6.846912,5.318746,4.0928435,4.7683773
2042-12-24 12:00:00,3.1712794,3.103398,5.0731187,5.6200914,5.319742,4.413898
2042-12-25 12:00:00,1.2706792,1.4567518,2.8513281,7.1185026,5.540386,3.385928
2042-12-26 12:00:00,3.217842,2.4522703,5.2906575,4.0345635,6.2039447,4.097919
2042-12-27 12:00:00,2.5441127,1.96743,3.6457417,6.2016916,5.7276077,2.7903354
2042-12-28 12:00:00,2.196192,2.3266835,4.2793493,5.488908,6.0822315,2.8290348
2042-12-29 12:00:00,1.5804033,1.8026502,2.9355907,5.895869,10.361914,1.9063739
2042-12-30 12:00:00,1.1889776,1.852769,1.856807,4.6510696,6.946722,2.3697805
2042-12-31 12:00:00,1.0378699,1.4243075,1.9982573,4.068372,7.0957427,1.755382
2043-01-01 12:00:00,0.77093863,1.2888352,2.2558942,4.939774,9.227861,2.1596704
2043-01-02 12:00:00,0.65491307,0.97843117,2.9470685,6.06667,5.745868,2.6865232
2043-01-03 12:00:00,0.8288493,1.0275302,2.6378458,3.8635767,7.8776608,2.1064215
2043-01-04 12:00:00,0.87280864,1.0071095,4.3228326,2.9527988,4.9162564,2.5164804
2043-01-05 12:00:00,1.0151705,1.0368515,4.652485,3.3733673,4.638307,2.7757459
2043-01-06 12:00:00,0.99738836,1.1753064,5.137933,4.010305,6.277757,3.6736004
2043-01-07 12:00:00,1.0505524,1.2092985,5.2578964,4.0423846,6.3263617,3.6989856
2043-01-08 12:00:00,1.518957,1.4249997,6.636643,4.6895537,4.533213,4.590098
2043-01-09 12:00:00,1.9227476,1.7486877,7.281456,5.480466,3.9317944,4.984497
2043-01-10 12:00:00,1.9553152,1.7110236,5.0186543,4.7524004,5.059841,3.3518877
2043-01-11 12:00:00,2.474177,2.3621588,5.4349685,6.3809977,6.3869553,4.313006
2043-01-12 12:00:00,1.7076089,1.6992214,4.4296346,5.450151,5.4747243,3.1175618
2043-01-13 12:00:00,1.192597,1.2318113,2.614901,4.608187,4.5075808,2.520649
2043-01-14 12:00:00,0.9731039,1.1470896,2.3542428,4.5259714,4.7268796,2.413636
2043-01-15 12:00:00,1.8140924,1.4627093,3.145483,3.1754391,4.8829107,2.2614007
2043-01-16 12:00:00,0.7510583,0.9157846,2.8273597,3.692295,4.6061797,2.356988
2043-01-17 12:00:00,0.7178173,0.88597995,3.7644224,5.318641,5.1941524,3.7696886
2043-01-18 12:00:00,2.6537347,1.7581309,5.100972,5.515304,6.234393,3.66136
2043-01-19 12:00:00,1.4893689,1.4165831,5.456015,5.2581015,6.0655885,4.64324
2043-01-20 12:00:00,3.1835213,2.683062,4.9354367,6.4097633,7.9573703,3.8135645
2043-01-21 12:00:00,2.4091606,2.234992,5.0536294,5.6886587,7.7909594,3.7464316
2043-01-22 12:00:00,1.7189295,1.650003,2.872234,4.904697,7.062617,1.4319845
2043-01-23 12:00:00,0.6994543,0.9222806,2.0577624,4.2497187,6.1121473,1.9900682
2043-01-24 12:00:00,1.2440271,1.3637931,5.0075264,6.085545,7.3387613,4.513692
2043-01-25 12:00:00,3.2794187,2.8862839,7.120316,5.434756,8.584487,5.083469
2043-01-26 12:00:00,3.740727,3.2253814,7.1357985,6.7053056,5.2619066,5.5371103
2043-01-27 12:00:00,3.581264,3.255818,4.5432863,5.9385633,4.441621,3.844202
2043-01-28 12:00:00,1.7057617,1.5446771,2.504273,4.904468,4.9762354,2.090882
2043-01-29 12:00:00,1.8289576,1.8441169,3.4206998,4.419848,4.722898,2.7312937
2043-01-30 12:00:00,2.9452667,2.6811001,5.293321,5.0615396,4.36965,3.7629414
2043-01-31 12:00:00,4.318914,3.9202015,6.36475,6.0301933,6.138412,3.7521636
2043-02-01 12:00:00,2.7175615,2.401686,4.2599673,7.5555983,8.779183,3.3160865
2043-02-02 12:00:00,2.2622712,1.9383906,4.9375486,5.8044024,7.486591,2.9190466
2043-02-03 12:00:00,2.3430157,1.8862056,3.1897275,3.3393528,6.504904,1.676676
2043-02-04 12:00:00,2.162633,1.8469645,2.5689557,1.864864,5.49602,1.331068
2043-02-05 12:00:00,1.0374299,1.4359875,2.29819,3.6511748,3.0861683,1.665044
2043-02-06 12:00:00,0.96489424,1.1386997,2.2509973,4.0654497,2.9993608,1.8830973
2043-02-07 12:00:00,0.7801721,1.1008116,3.8315222,5.4589176,4.676387,3.9775703
2043-02-08 12:00:00,3.2485223,2.7400892,5.1635346,5.3028054,7.430927,3.3146822
2043-02-09 12:00:00,2.6685357,2.7056978,4.3032103,4.2979856,3.8696723,2.953748
2043-02-10 12:00:00,0.88028604,1.3371865,4.569805,5.494815,4.6203456,4.060125
2043-02-11 12:00:00,2.3489265,2.3514032,5.066779,6.0964007,5.9184284,4.068695
2043-02-12 12:00:00,3.093864,2.8259842,6.163235,5.3946733,5.706138,4.540461
2043-02-13 12:00:00,3.0809984,2.9468937,6.043509,6.349539,6.3933997,4.7556453
2043-02-14 12:00:00,3.366121,3.3039796,6.038207,6.9856596,7.6571198,4.8968797
2043-02-15 12:00:00,2.9495392,2.4378967,3.4590344,5.3528056,7.4849095,2.7120867
2043-02-16 12:00:00,1.6923599,1.269423,2.74227,4.219089,7.1675653,1.9465115
2043-02-17 12:00:00,1.1641307,1.2627865,3.17856,2.8902056,6.478948,2.1670985
2043-02-18 12:00:00,2.595138,2.1714923,5.094685,4.137621,4.742488,3.4962056
2043-02-19 12:00:00,1.5693552,1.1977065,3.831338,3.3189576,3.0869725,2.1596293
2043-02-20 12:00:00,1.356986,1.5040154,3.6636608,5.488551,5.0437603,3.30032
2043-02-21 12:00:00,3.190751,2.7105677,6.1565304,6.4267936,6.049698,4.602997
2043-02-22 12:00:00,1.3401625,1.5109477,5.088533,4.956724,6.1920147,3.3861601
2043-02-23 12:00:00,2.8001251,2.7613938,5.117349,4.750535,5.252093,2.8832793
2043-02-24 12:00:00,1.7699881,1.8742179,4.528852,5.6883693,3.7525728,4.2677026
2043-02-25 12:00:00,4.108486,4.0296397,6.211965,9.141579,7.4783726,5.752538
2043-02-26 12:00:00,3.6700592,3.5854862,5.9306846,9.791855,7.2054734,5.7563457
2043-02-27 12:00:00,2.7183561,2.5716,2.7346675,4.959682,5.0822525,2.2245386
2043-02-28 12:00:00,1.1607959,1.157263,1.8013359,2.6222491,5.2631097,1.9057723
2043-03-01 12:00:00,1.2686961,1.1985521,2.5905337,2.1899033,6.153775,1.430254
2043-03-02 12:00:00,0.7845075,0.85636705,3.6535954,2.259043,5.798211,1.7755636
2043-03-03 12:00:00,2.0064912,1.6426164,3.5371897,3.7492886,4.611001,2.8296351
2043-03-04 12:00:00,1.9505911,1.6564159,3.715727,5.767715,4.791222,2.1155803
2043-03-05 12:00:00,0.9534493,1.0652441,2.6196666,4.264233,4.2951865,1.7660398
2043-03-06 12:00:00,3.489923,2.6904957,4.177765,4.8971944,3.2354286,2.2230215
2043-03-07 12:00:00,3.6162972,2.5413146,3.448434,2.4872751,3.4885771,2.6785278
2043-03-08 12:00:00,2.425565,1.8751816,3.29375,2.6549025,3.3644798,1.9773312
2043-03-09 12:00:00,1.8872707,1.7673029,2.4585783,2.180555,3.1366136,1.8586074
2043-03-10 12:00:00,0.8335073,0.91133523,3.0084107,2.4666092,3.4553301,1.6475359
2043-03-11 12:00:00,1.3991005,1.2007004,4.487897,2.7514331,3.8114552,1.9409163
2043-03-12 12:00:00,1.2523633,1.1322256,5.453338,3.1644654,5.7985315,2.8373103
2043-03-13 12:00:00,4.9657454,3.724239,8.205091,5.0262446,5.3518867,4.982769
2043-03-14 12:00:00,3.9389906,2.9773977,4.942015,3.4458349,5.912431,2.7406983
2043-03-15 12:00:00,3.8004417,3.2808933,4.188141,4.100304,6.833525,2.6705458
2043-03-16 12:00:00,2.103669,2.2586725,2.8501396,7.7917967,6.4417534,2.896062
2043-03-17 12:00:00,3.2643285,3.3200555,4.8420243,6.090196,5.8719482,4.167977
2043-03-18 12:00:00,1.5108801,1.6785045,4.0961103,3.236564,5.594352,2.638933
2043-03-19 12:00:00,1.821544,1.5762982,3.2074072,3.2737334,3.4771512,2.344556
2043-03-20 12:00:00,1.8115444,1.7233851,4.230882,4.7652817,3.1197162,3.066683
2043-03-21 12:00:00,3.0526204,2.1682124,4.0994883,4.610626,5.0856776,3.1340516
2043-03-22 12:00:00,1.2600722,1.3997078,3.0947578,3.0995195,7.2963243,1.6513448
2043-03-23 12:00:00,1.6656264,1.4224461,2.4092014,3.027201,4.980293,1.3187071
2043-03-24 12:00:00,1.0725636,1.2659999,2.512455,3.9766886,3.915454,1.6550373
2043-03-25 12:00:00,1.0966978,1.3912644,2.3508568,2.7163858,2.6562338,1.9319754
2043-03-26 12:00:00,2.4962988,2.1683583,5.645507,3.6466544,3.571053,2.7057788
2043-03-27 12:00:00,1.8963518,1.9106922,3.9421115,4.484216,4.4972515,1.6773269
2043-03-28 12:00:00,0.87700903,1.1183293,2.8860462,3.7781181,4.291541,2.3235085
2043-03-29 12:00:00,0.8494903,1.0866873,2.3612494,3.9181647,3.2577384,2.3921144
2043-03-30 12:00:00,2.6761029,2.3087406,4.2981815,6.070204,3.7389345,3.5546257
2043-03-31 12:00:00,2.3826752,2.5375476,4.6389046,5.6254206,3.0397463,3.2476413
2043-04-01 12:00:00,1.7446206,1.8804945,3.1972141,3.5652537,2.956268,2.2553914
2043-04-02 12:00:00,2.163377,1.8923155,4.117421,2.2598712,3.1845825,2.1644373
2043-04-03 12:00:00,2.0703125,1.687402,2.597272,3.3689113,3.2508934,1.6322033
2043-04-04 12:00:00,3.1765294,2.645359,4.1164117,2.7095475,2.6080809,2.0232503
2043-04-05 12:00:00,3.2192163,2.8383443,4.4976835,2.922164,2.663581,2.061075
2043-04-06 12:00:00,2.3242917,2.5370767,2.8392591,6.4570446,4.1010795,1.9740705
2043-04-07 12:00:00,1.3726916,1.338192,2.295502,3.6894464,7.1217904,1.8736154
2043-04-08 12:00:00,1.9282486,1.6351802,3.0788965,4.2274885,5.659239,2.1911213
2043-04-09 12:00:00,1.8935862,1.5811061,4.6600327,3.2977543,4.4723296,1.9410828
2043-04-10 12:00:00,3.4098904,3.0560281,5.7063355,4.4308777,3.244578,3.9539313
2043-04-11 12:00:00,3.8648233,3.4778879,4.808333,3.7391396,2.915766,3.1334736
2043-04-12 12:00:00,2.541641,2.170029,2.4779727,3.2049186,4.6906333,1.6976928
2043-04-13 12:00:00,1.8445446,1.3988812,2.535607,3.3333516,6.7134457,2.3116302
2043-04-14 12:00:00,2.8312793,2.593209,4.9830704,6.1033745,6.7414145,4.728061
2043-04-15 12:00:00,3.7696679,3.3197708,4.5518084,6.3423686,6.059844,3.1038203
2043-04-16 12:00:00,1.4267876,1.3949407,2.973834,3.0151596,5.2281265,1.9143591
2043-04-17 12:00:00,1.6518362,1.491964,2.5500946,2.5244436,3.9684408,1.6497731
2043-04-18 12:00:00,1.8282831,1.7532855,2.9909515,3.9165714,3.3944495,2.0236592
2043-04-19 12:00:00,2.5497072,2.1290925,3.720466,3.5733504,3.517714,3.484858
2043-04-20 12:00:00,2.0625427,2.2984798,4.4801054,4.8893275,4.352168,3.625585
2043-04-21 12:00:00,2.504301,2.6498835,3.3678377,4.7011967,5.3141203,3.620355
2043-04-22 12:00:00,1.3273695,1.3392421,2.0441437,3.0144145,5.3314714,2.1636164
2043-04-23 12:00:00,2.1709566,2.06898,2.1342926,1.852289,3.3656566,1.3369983
2043-04-24 12:00:00,3.0027232,2.4421895,3.8170242,2.6983192,2.5187824,2.8879373
2043-04-25 12:00:00,2.1820545,2.1537006,4.413963,3.7624779,4.0597515,2.9635298
2043-04-26 12:00:00,2.434288,2.3440619,3.5924642,3.428121,4.3543644,3.0188046
2043-04-27 12:00:00,1.7224889,1.8491428,3.600169,3.073088,3.565508,2.6472292
2043-04-28 12:00:00,1.2396123,1.1271358,2.5012074,2.5481396,4.4782386,1.7994088
2043-04-29 12:00:00,1.886192,1.8449246,3.5940983,3.4637518,4.131685,2.1181903
2043-04-30 12:00:00,1.2505939,1.2681413,3.186562,3.2232106,3.4727914,1.7791253
2043-05-01 12:00:00,1.04648,1.2944553,2.4010851,3.362926,3.2311838,1.2955592
2043-05-02 12:00:00,1.781037,1.3873944,3.2233038,2.1551905,2.6264975,1.9011257
2043-05-03 12:00:00,1.1193571,1.0410372,2.2485385,2.8827305,1.9317567,1.285584
2043-05-04 12:00:00,1.1215831,1.0707369,1.5787365,2.443707,2.3320312,1.2499164
2043-05-05 12:00:00,0.93040115,1.0402505,1.828035,1.6795003,2.468971,1.3121351
2043-05-06 12:00:00,1.6318246,1.4694265,3.0496285,1.7043115,3.0046906,1.9470112
2043-05-07 12:00:00,2.0466542,1.8918486,3.8165224,2.194653,3.1175652,2.1575634
2043-05-08 12:00:00,2.8172693,2.6746154,4.028257,2.9933825,3.02587,2.2700322
2043-05-09 12:00:00,2.0687323,1.9129239,2.7945096,3.3279335,3.341447,2.0199115
2043-05-10 12:00:00,2.5597935,2.2455678,3.691451,5.01384,4.040204,3.0625236
2043-05-11 12:00:00,3.357956,2.915098,4.3355503,6.156897,5.1175494,3.7346933
2043-05-12 12:00:00,3.046637,2.5635114,3.5713174,6.3314967,6.82304,2.609479
2043-05-13 12:00:00,1.780957,1.7302301,2.588728,3.5646014,7.114288,1.7641453
2043-05-14 12:00:00,1.6738639,1.7794476,2.9961689,3.4825788,6.0342946,2.5999978
2043-05-15 12:00:00,1.1327254,1.332305,2.7280786,3.501604,5.1930256,2.4438317
2043-05-16 12:00:00,1.2489126,1.3223234,2.17753,2.2588563,3.320219,1.7592921
2043-05-17 12:00:00,2.3087702,2.0375268,2.1099164,3.1277351,3.287002,1.8807895
2043-05-18 12:00:00,2.3723304,2.1379645,2.4803398,3.269286,4.488689,2.6523192
2043-05-19 12:00:00,1.7937623,1.8027542,2.56327,2.4717958,3.1066244,1.6727549
2043-05-20 12:00:00,1.6020234,1.8401399,3.87791,2.8710063,3.045214,2.4198997
2043-05-21 12:00:00,3.2032788,2.688116,5.888096,4.1301775,4.083757,3.7045019
2043-05-22 12:00:00,4.0431194,3.38074,7.618114,3.8793962,4.426531,4.8599243
2043-05-23 12:00:00,1.722343,1.8880115,5.3721395,4.1774826,5.050771,3.4909534
2043-05-24 12:00:00,2.657683,2.2583766,3.310628,4.0484076,3.6822827,1.7888497
2043-05-25 12:00:00,1.8100986,1.7483773,2.1834052,3.0801363,3.7026706,1.3142736
2043-05-26 12:00:00,1.225713,1.4404495,3.133696,2.4886177,2.9773605,1.9554616
2043-05-27 12:00:00,1.8406395,1.716405,3.1066403,3.1710548,3.0974288,1.833432
2043-05-28 12:00:00,1.8172377,2.0262272,4.310459,3.1848652,2.9331665,2.8306658
2043-05-29 12:00:00,2.1980903,2.06509,2.2686594,3.4789214,3.7897432,1.5566647
2043-05-30 12:00:00,1.4570184,1.4916649,2.6000752,3.0550308,2.973832,2.1176672
2043-05-31 12:00:00,3.1968424,2.840947,4.195888,3.831262,2.8182943,3.7508724
2043-06-01 12:00:00,2.7767043,2.5527666,3.9747827,2.8560376,2.9157846,3.0703015
2043-06-02 12:00:00,1.6600355,1.4146336,2.711872,1.9000992,3.129243,1.60136
2043-06-03 12:00:00,3.029698,2.5609996,3.4713674,4.9624133,4.0953436,2.2809565
2043-06-04 12:00:00,2.7088342,2.2762942,4.552482,4.16177,3.0272765,2.8661613
2043-06-05 12:00:00,2.3830667,1.7303891,4.087293,3.594887,3.619975,2.7590613
2043-06-06 12:00:00,2.044837,2.0802343,2.5303566,4.5808225,4.070274,3.0111756
2043-06-07 12:00:00,1.0012519,1.1512989,3.027228,3.4849534,4.023987,1.6966017
2043-06-08 12:00:00,1.6801317,1.4315779,2.3889024,2.333953,3.0980077,1.666074
2043-06-09 12:00:00,1.5793973,1.3593084,2.7725148,3.5886922,3.1367853,1.7360187
2043-06-10 12:00:00,1.6696513,1.6651309,3.6143785,3.0388963,2.861122,2.4345605
2043-06-11 12:00:00,2.1045282,1.9520919,2.848658,3.4582152,2.7536702,2.4243457
2043-06-12 12:00:00,3.781211,3.0666573,4.5698843,4.4196105,4.6638246,2.4286184
2043-06-13 12:00:00,2.5005803,2.0679305,4.1802454,2.3583264,3.1185987,1.9537725
2043-06-14 12:00:00,1.6675367,1.4331381,3.015765,1.9064492,2.1920066,1.6894083
2043-06-15 12:00:00,1.1207013,1.1072385,2.9985096,1.8766079,2.2059546,1.4356183
2043-06-16 12:00:00,2.000629,1.5424632,2.381733,2.4185607,2.4269485,1.7537522
2043-06-17 12:00:00,2.7596326,2.0296905,2.2213264,2.3418446,2.402401,1.5034297
2043-06-18 12:00:00,3.0658724,2.28428,3.4007716,2.049966,2.288782,1.8408009
2043-06-19 12:00:00,2.3646543,1.7847413,4.204141,1.7913352,2.2205958,1.7731909
2043-06-20 12:00:00,1.1991677,1.1903316,2.7445116,1.9026848,2.8551269,1.4213748
2043-06-21 12:00:00,1.7624087,1.3860997,1.9728361,2.628638,3.3444738,1.6283406
2043-06-22 12:00:00,1.2822869,1.1810633,3.026025,2.9764917,3.0105793,2.4547539
2043-06-23 12:00:00,2.9352443,2.0836763,4.054275,4.5914726,3.4278505,2.713369
2043-06-24 12:00:00,2.126806,2.188891,3.7525103,4.203488,3.514509,3.4201918
2043-06-25 12:00:00,2.8307683,1.9350531,3.1733444,3.554556,3.2986462,3.3804529
2043-06-26 12:00:00,1.4728217,1.4936863,2.882269,4.6829424,3.9781811,2.3243496
2043-06-27 12:00:00,2.3619757,2.1003752,3.5059795,4.8423667,3.2353935,1.7195028
2043-06-28 12:00:00,3.3569179,2.889515,3.0124571,4.2693105,3.6799273,1.8722014
2043-06-29 12:00:00,2.5493262,2.7557073,3.911985,4.1388745,3.6416292,2.4112964
2043-06-30 12:00:00,1.3386433,1.6477112,3.864705,3.1401284,3.0464218,2.751244
2043-07-01 12:00:00,2.8232055,2.577652,5.088062,3.3937147,2.267137,2.7458956
2043-07-02 12:00:00,2.885797,2.968717,4.414378,4.0744176,3.036699,2.9575129
2043-07-03 12:00:00,2.0126238,2.1411953,3.545384,4.0005903,5.286165,2.257517
2043-07-04 12:00:00,2.680911,2.4022694,3.5444517,4.055729,4.903424,2.7125208
2043-07-05 12:00:00,2.6933653,2.5230794,2.9799562,4.1328826,3.4807398,2.8123634
2043-07-06 12:00:00,2.4882994,2.1562145,2.8619874,3.0541747,2.5312965,1.8797392
2043-07-07 12:00:00,1.4813449,1.2905258,2.304201,2.1044998,3.2881114,1.5784178
2043-07-08 12:00:00,2.4827983,2.3909206,4.2013435,3.653586,2.3835568,3.0249116
2043-07-09 12:00:00,3.264292,2.6110609,4.8078604,2.8340826,2.2582102,3.1318278
2043-07-10 12:00:00,1.7738585,1.9151397,3.9973722,2.9902077,2.778816,2.2556338
2043-07-11 12:00:00,2.258544,2.3292584,3.8585994,3.4038296,2.9255304,2.569221
2043-07-12 12:00:00,1.5345387,1.7881732,3.32888,3.5986505,4.062563,2.891618
2043-07-13 12:00:00,1.8327798,1.4803133,2.4148731,3.0405452,4.769938,2.7536445
2043-07-14 12:00:00,1.8395438,1.6835833,2.5869164,2.8148248,4.892259,2.8293846
2043-07-15 12:00:00,2.3624876,2.01436,4.93688,3.0360575,3.8737035,3.47019
2043-07-16 12:00:00,1.8461708,1.7776879,4.792561,3.0141242,3.1883655,2.3974805
2043-07-17 12:00:00,1.7403376,1.7195886,3.6177309,2.2677522,3.3615282,1.9157375
2043-07-18 12:00:00,1.652663,1.3346102,3.1203804,3.0567446,3.226915,1.8834708
2043-07-19 12:00:00,2.3692164,2.11705,3.8450446,2.7323744,3.4244626,3.095736
2043-07-20 12:00:00,1.7857534,1.7337549,2.1870353,2.543916,2.6943,1.4915023
2043-07-21 12:00:00,2.1777167,2.3210433,3.279965,5.0011225,3.95175,2.8059852
2043-07-22 12:00:00,2.6053743,2.418305,4.42267,3.647074,4.2505574,3.1516232
2043-07-23 12:00:00,1.7373345,1.8613383,3.8435097,2.752422,2.8468914,2.4343975
2043-07-24 12:00:00,1.708183,1.5326909,3.2300158,2.255363,2.8296115,1.9816364
2043-07-25 12:00:00,1.7526298,1.5884987,4.4045053,2.8256679,2.6887915,2.354775
2043-07-26 12:00:00,2.142248,1.6967533,4.4397473,2.4907947,2.2521224,1.9654691
2043-07-27 12:00:00,3.1563625,2.4173386,3.3919258,2.7433662,3.2770977,1.792669
2043-07-28 12:00:00,3.2017143,2.5933359,3.7598984,3.1780136,3.1269746,1.6914295
2043-07-29 12:00:00,3.3337083,2.3321476,3.6084461,2.201128,5.0557423,1.529859
2043-07-30 12:00:00,1.5491229,1.643534,3.0459058,3.1281571,5.05957,1.8610429
2043-07-31 12:00:00,1.1845169,1.6219882,3.3914306,4.4545274,4.7147374,2.7852824
2043-08-01 12:00:00,1.777299,1.4432818,3.257406,2.3695183,4.067882,2.2008963
2043-08-02 12:00:00,2.0175343,1.727595,3.1641238,4.413329,3.108542,2.5844228
2043-08-03 12:00:00,2.6114001,2.0657427,3.2881694,3.7942255,3.1427634,2.7535756
2043-08-04 12:00:00,1.2261631,1.3402303,2.9809694,2.0617764,2.9034383,1.6053228
2043-08-05 12:00:00,2.330727,1.957927,4.222968,3.9221354,2.4410691,3.8493125
2043-08-06 12:00:00,2.839221,2.5334182,3.732246,2.5776205,3.507504,3.010781
2043-08-07 12:00:00,2.102078,2.1524222,2.9401124,2.8604305,3.3623438,1.7081754
2043-08-08 12:00:00,1.509802,1.4625607,2.6511052,2.4360087,3.017252,1.2318708
2043-08-09 12:00:00,1.320463,1.393013,2.3553116,2.0781345,2.7970088,1.2342952
2043-08-10 12:00:00,0.9545034,1.1423038,2.2149131,2.7104278,2.7877216,1.0442773
2043-08-11 12:00:00,1.5081409,1.4356474,2.2790074,3.053373,3.118928,1.5335107
2043-08-12 12:00:00,1.250705,1.3755028,2.8066597,2.7995052,2.8694675,1.7788401
2043-08-13 12:00:00,2.7780805,2.4746106,6.1983747,3.6536708,2.8365822,3.7603817
2043-08-14 12:00:00,2.4116662,2.1606853,4.0995474,3.8841283,3.2773685,3.5908742
2043-08-15 12:00:00,2.3769922,1.8411443,2.6556687,2.2348466,3.5910869,1.9299991
2043-08-16 12:00:00,1.8956125,1.3771089,1.899796,1.6004646,3.7445726,1.5433799
2043-08-17 12:00:00,1.4925592,1.435483,4.230059,2.4016645,3.6630619,2.140265
2043-08-18 12:00:00,2.412177,2.3116403,4.882918,3.7824557,3.0959773,3.1952624
2043-08-19 12:00:00,2.5142193,1.869767,3.3968658,3.456275,2.824267,2.7150457
2043-08-20 12:00:00,1.4097157,1.3005608,4.6325603,2.474899,2.7413323,2.3041918
2043-08-21 12:00:00,2.7799659,2.3027878,4.987731,2.7501776,3.312697,2.230034
2043-08-22 12:00:00,2.7803311,2.2064342,3.6374261,2.0797565,3.4038236,2.0226297
2043-08-23 12:00:00,1.3148388,1.2300768,1.9507979,1.4387735,3.4414577,1.2446773
2043-08-24 12:00:00,1.5168288,1.6049556,3.3104687,2.5467799,3.7076032,1.9144114
2043-08-25 12:00:00,2.3663182,2.0267944,2.7244065,4.8420506,4.0437145,2.0399964
2043-08-26 12:00:00,1.7633183,1.4177064,1.7155644,2.8471105,3.6308942,1.6586658
2043-08-27 12:00:00,1.2537825,1.0048059,1.5907576,1.6684437,3.1297626,0.92739767
2043-08-28 12:00:00,1.2993195,1.1311611,2.1075644,1.7774886,2.1252394,1.3397602
2043-08-29 12:00:00,1.6759348,1.6055424,2.9124115,2.8191853,3.075483,2.6478865
2043-08-30 12:00:00,1.4032505,1.4468602,4.1031713,4.2203674,3.7805254,2.6755683
2043-08-31 12:00:00,1.1302593,1.0872123,4.94085,4.840166,4.106267,2.5893424
2043-09-01 12:00:00,2.509983,1.8540864,4.370015,3.6787653,3.6359606,2.650817
2043-09-02 12:00:00,1.4101219,1.3283747,3.0514429,2.4539645,3.4315224,1.4711499
2043-09-03 12:00:00,1.1465844,1.3999401,4.655572,4.346277,3.217965,3.5276003
2043-09-04 12:00:00,1.2200646,1.2778989,2.589475,5.7230444,4.5540676,2.2818203
2043-09-05 12:00:00,2.4197602,2.0838447,3.9977126,3.4009998,3.5661657,2.5154593
2043-09-06 12:00:00,2.2531402,2.0788631,4.315858,4.179537,4.864053,3.6420019
2043-09-07 12:00:00,3.1349897,2.7897766,4.4601436,2.9420383,3.9361737,1.7823347
2043-09-08 12:00:00,1.4146289,1.372597,2.658777,2.4707298,4.5320964,1.1962391
2043-09-09 12:00:00,2.0893188,1.5036632,3.240109,1.7754081,5.0757866,1.7778503
2043-09-10 12:00:00,2.58851,1.6787041,3.1174083,2.1388252,7.021682,1.5426755
2043-09-11 12:00:00,1.1153566,1.2156024,2.3996615,4.1684976,6.912903,1.2319914
2043-09-12 12:00:00,1.7486775,1.563208,2.0649145,5.165214,6.0453024,2.2380667
2043-09-13 12:00:00,1.325264,1.5138524,2.7073898,2.621667,4.8138595,2.3341184
2043-09-14 12:00:00,1.2025853,1.3772628,3.0370405,3.8738656,4.6519465,2.0784392
2043-09-15 12:00:00,2.2214077,2.6140633,5.797376,5.920244,3.6127923,4.225949
2043-09-16 12:00:00,2.716494,2.6666653,4.3073344,6.0082507,3.1084328,4.1487155
2043-09-17 12:00:00,2.0364647,2.0223057,3.525563,4.4889884,2.739106,3.090481
2043-09-18 12:00:00,2.0608115,1.633716,3.648599,3.0598977,4.1746736,3.036093
2043-09-19 12:00:00,1.3605409,1.3779767,4.2933784,3.3719416,2.5521472,3.7206514
2043-09-20 12:00:00,1.5456793,1.4968591,2.9794877,2.2076628,2.9201624,1.9443452
2043-09-21 12:00:00,1.5364866,1.5733137,2.18605,2.6283255,4.0347323,1.2971563
2043-09-22 12:00:00,2.1509633,1.9098158,4.6891284,3.946745,3.3232443,2.3864114
2043-09-23 12:00:00,2.8710742,2.2673702,4.2669654,2.8741014,3.8540995,3.0561833
2043-09-24 12:00:00,3.3342834,2.846169,4.6896176,4.257533,3.3432605,3.2853901
2043-09-25 12:00:00,1.8690628,1.6767356,3.0334213,5.107956,5.4510026,1.8101257
2043-09-26 12:00:00,2.0339844,1.8205972,3.4300904,4.083327,3.4916527,2.1724844
2043-09-27 12:00:00,2.443571,1.9841487,3.1414835,3.4430215,5.2527995,2.228141
2043-09-28 12:00:00,1.2979789,1.0721989,3.5994449,1.9794078,3.8490305,1.4833874
2043-09-29 12:00:00,1.6759484,1.3161879,4.868548,2.223629,1.995521,1.9011136
2043-09-30 12:00:00,1.7465274,1.3922741,5.065977,1.919628,2.984316,1.8567418
2043-10-01 12:00:00,1.4319386,1.0348836,3.66905,1.7762682,3.2462494,1.2894243
2043-10-02 12:00:00,1.5381,1.0188059,2.9621913,2.6511612,2.8216045,1.15388
2043-10-03 12:00:00,1.3618376,1.1630986,3.0531447,3.0624678,3.2361407,1.3043901
2043-10-04 12:00:00,1.6417575,1.2371371,3.2504299,2.5807831,3.0680501,1.2792943
2043-10-05 12:00:00,1.7120981,1.4421076,3.3602185,3.5598578,3.753004,2.2733436
2043-10-06 12:00:00,2.4125466,2.1258326,2.564301,3.4073243,4.642875,2.432273
2043-10-07 12:00:00,1.4360569,1.2974479,2.9848619,1.9166738,3.6629522,1.963486
2043-10-08 12:00:00,2.7338967,2.3277862,3.818552,6.083106,4.034892,2.9955466
2043-10-09 12:00:00,3.3498783,3.172795,5.378914,6.557109,5.3906646,4.5483446
2043-10-10 12:00:00,2.475865,2.528964,4.9763126,4.893156,6.623989,2.7144792
2043-10-11 12:00:00,1.4819582,1.605333,3.3485103,3.9891014,6.968985,1.8694488
2043-10-12 12:00:00,2.3919392,1.6738758,4.298648,3.102864,8.269081,2.0954745
2043-10-13 12:00:00,1.9640611,1.5779264,4.1653705,3.158645,4.674038,2.215733
2043-10-14 12:00:00,2.7147942,2.079842,4.219252,2.753148,3.0202274,2.497601
2043-10-15 12:00:00,3.516859,2.6664073,4.6020947,3.0585024,2.6773572,2.266387
2043-10-16 12:00:00,2.0454469,1.8793108,3.242194,3.7782152,4.174063,2.4591036
2043-10-17 12:00:00,4.646111,3.6585674,6.231242,3.9925144,6.4243436,4.151458
2043-10-18 12:00:00,2.1269743,1.7475616,2.8791192,4.0501747,6.584617,1.9124259
2043-10-19 12:00:00,2.4902027,2.711116,4.7037387,5.799788,5.798277,3.3439324
2043-10-20 12:00:00,1.5639905,1.6565701,2.7499273,4.9778824,5.677686,2.6291096
2043-10-21 12:00:00,0.93334365,1.2599494,4.5584226,4.0751934,5.78592,3.213048
2043-10-22 12:00:00,1.2142264,1.682326,3.6262472,5.5666175,5.5581255,2.584904
2043-10-23 12:00:00,1.3140612,1.6797813,3.556519,4.437847,4.349776,2.6427004
2043-10-24 12:00:00,1.2746692,1.7114865,3.3432314,4.751894,2.9929032,2.2847192
2043-10-25 12:00:00,2.1755753,2.0166342,2.8245978,3.487103,3.917434,2.0944939
2043-10-26 12:00:00,1.0317379,1.2783613,1.6712123,3.945322,2.956817,1.1669062
2043-10-27 12:00:00,0.6844406,0.86511767,1.9324611,4.8534575,3.701865,1.789187
2043-10-28 12:00:00,1.3657248,1.4727198,2.4443944,5.645415,4.3210964,1.9348483
2043-10-29 12:00:00,2.9463396,2.7372525,4.4188914,5.288801,4.0625954,2.7425542
2043-10-30 12:00:00,2.552034,2.5769918,2.635272,3.5597763,3.933758,1.797949
2043-10-31 12:00:00,2.014929,2.0827048,2.784564,3.2192428,4.3804765,1.8660891
2043-11-01 12:00:00,1.2129934,1.2114726,2.3964267,5.5197,7.1609945,2.0757089
2043-11-02 12:00:00,1.1566403,1.2769196,2.910547,7.716364,8.29759,3.2600002
2043-11-03 12:00:00,1.1382928,1.1798167,3.5484324,7.213585,4.9940486,3.998666
2043-11-04 12:00:00,2.0605028,1.752565,4.7869453,4.9511437,4.164093,2.9582126
2043-11-05 12:00:00,1.2106303,1.1803342,2.9543378,2.7904663,4.3614025,1.3629261
2043-11-06 12:00:00,1.1536709,1.0060171,3.313071,2.2955194,4.824621,1.3937869
2043-11-07 12:00:00,1.1219012,1.0071521,3.484406,2.8207924,3.4398694,1.6701397
2043-11-08 12:00:00,0.9845849,1.0343734,4.248448,4.859223,3.5379658,3.1565287
2043-11-09 12:00:00,1.885877,1.9509927,3.1913698,5.6134143,4.8561387,2.555769
2043-11-10 12:00:00,1.9068439,1.7066809,2.8765864,3.8080082,4.608695,1.8269206
2043-11-11 12:00:00,0.7674799,0.9075334,3.0208476,5.962826,4.3153925,2.3920193
2043-11-12 12:00:00,1.2377536,1.2374132,2.5137734,4.43219,3.9274185,2.3189914
2043-11-13 12:00:00,2.3670783,1.8371663,5.0881968,4.8020782,3.5891447,3.330865
2043-11-14 12:00:00,2.3078513,1.9600992,4.1062493,4.209073,2.7993164,2.8949785
2043-11-15 12:00:00,0.9962052,1.1459142,3.780538,3.2427545,2.4378104,2.6455212
2043-11-16 12:00:00,2.1803963,1.703252,3.841311,2.1174345,2.725166,1.9132091
2043-11-17 12:00:00,4.971319,3.468273,4.1798306,3.0381262,3.707335,1.7946963
2043-11-18 12:00:00,2.6657462,2.7820647,2.6541445,3.25719,3.463922,1.9084952
2043-11-19 12:00:00,0.80396897,1.1483256,2.4834275,2.72284,2.5636961,1.6769052
2043-11-20 12:00:00,1.3354259,1.3654146,2.3682876,3.2420154,5.0009036,1.7121443
2043-11-21 12:00:00,1.6768217,1.9540362,2.819011,4.492176,3.6287718,1.5301678
2043-11-22 12:00:00,1.3231633,1.5121732,2.120284,4.887824,5.288725,2.0682526
2043-11-23 12:00:00,0.73710227,0.8907032,1.9520955,4.2280765,4.538624,2.5871212
2043-11-24 12:00:00,1.4426029,1.172893,2.9501312,3.2453113,4.27937,2.332947
2043-11-25 12:00:00,1.9150966,1.4550636,3.5837452,2.2186103,4.767727,1.8749093
2043-11-26 12:00:00,3.4562912,2.2248504,4.590934,2.687021,5.335875,1.991853
2043-11-27 12:00:00,2.7473412,1.9165006,4.454109,3.470172,5.7485137,2.285747
2043-11-28 12:00:00,1.5857574,1.195331,3.390406,4.378174,5.826044,1.8224977
2043-11-29 12:00:00,0.94165945,0.93198586,2.955712,2.5085218,3.2700338,2.5965788
2043-11-30 12:00:00,0.8895713,0.9506914,3.3305106,3.7619581,2.8962462,3.8397799
2043-12-01 12:00:00,1.6252155,1.5423723,3.2522488,3.0511153,2.887213,3.1041465
2043-12-02 12:00:00,1.2845117,1.2534981,2.4679124,2.7976885,2.7394094,1.9290614
2043-12-03 12:00:00,3.6210287,2.2842288,4.1227884,2.1487284,2.708951,2.2171476
2043-12-04 12:00:00,2.1980987,2.060558,2.3153598,2.6270778,3.8585315,1.9179806
2043-12-05 12:00:00,0.91923314,1.5881772,3.93665,3.961133,4.5375147,2.386184
2043-12-06 12:00:00,1.111917,1.1767105,2.6049335,2.2648823,4.26767,1.8454988
2043-12-07 12:00:00,0.8482758,1.1304868,2.5473788,2.9478314,4.7302623,2.2832842
2043-12-08 12:00:00,1.5936468,1.4298848,5.4560833,4.5626698,5.5915527,3.055634
2043-12-09 12:00:00,3.7550857,3.1551456,7.6942496,6.5303097,6.518464,4.251572
2043-12-10 12:00:00,3.3589249,3.1891959,5.9750996,8.132761,7.081224,4.9630847
2043-12-11 12:00:00,3.7570398,3.4891222,6.222549,7.494523,7.5562534,4.250282
2043-12-12 12:00:00,4.418051,4.313304,5.051844,8.980378,7.90846,4.967293
2043-12-13 12:00:00,1.563163,1.5791609,4.0963054,6.150352,7.594141,3.0464964
2043-12-14 12:00:00,1.1669712,1.1933038,3.2632632,4.553994,6.253021,2.925832
2043-12-15 12:00:00,0.88804746,0.96892124,4.231156,4.886908,5.9611754,3.7825086
2043-12-16 12:00:00,2.1990108,2.1514707,6.170778,5.5839005,7.412384,4.5792346
2043-12-17 12:00:00,3.108886,3.127154,7.5494666,7.336605,7.2940116,5.5863647
2043-12-18 12:00:00,3.172482,3.2582564,7.134106,7.02664,8.001396,5.488863
2043-12-19 12:00:00,3.0390015,2.8670535,5.468562,6.639743,7.120009,5.0453653
2043-12-20 12:00:00,2.829217,3.0468917,7.488191,6.911734,6.168819,5.7846723
2043-12-21 12:00:00,3.576447,3.4918585,7.4028625,5.644547,5.5617256,4.319204
2043-12-22 12:00:00,2.577736,2.2639282,4.529369,4.0198636,5.4859805,1.7256074
2043-12-23 12:00:00,1.5455987,1.5604788,2.9652126,4.8575683,8.498005,1.9671938
2043-12-24 12:00:00,1.2873642,1.211111,3.6967187,3.8398473,7.8557024,2.4869165
2043-12-25 12:00:00,1.2242811,1.1228393,2.835892,4.4532,7.053424,2.6634548
2043-12-26 12:00:00,1.9745802,1.821935,3.1500077,3.265356,4.643476,2.0901155
2043-12-27 12:00:00,2.4247313,1.8973993,4.2795753,2.6144862,4.087453,2.4112926
2043-12-28 12:00:00,1.1829969,1.0972508,5.211409,3.5737622,3.6848745,3.2848277
2043-12-29 12:00:00,2.0906644,2.1233695,4.7244363,6.3609076,6.3194857,4.2787666
2043-12-30 12:00:00,1.5540544,1.6295046,2.4388719,3.6442757,6.2224073,1.9359673
2043-12-31 12:00:00,1.2914085,1.340449,4.0354776,6.414776,4.7816296,3.599293
2044-01-01 12:00:00,3.219791,2.7926073,4.1457696,8.694377,8.956331,3.5289068
2044-01-02 12:00:00,1.5476179,1.6817485,3.9965942,4.445051,5.1702313,2.7489862
2044-01-03 12:00:00,1.6218194,1.7614574,3.774897,8.79844,5.515408,3.42388
2044-01-04 12:00:00,1.1971415,1.3080395,2.3906622,4.380036,4.875396,1.6978606
2044-01-05 12:00:00,1.638704,1.113948,3.195351,2.4999716,4.715845,1.808553
2044-01-06 12:00:00,1.9379725,1.8456963,6.4361897,3.8851645,4.7829165,3.617904
2044-01-07 12:00:00,3.8792148,3.399321,7.3694825,5.794225,4.16679,4.3774595
2044-01-08 12:00:00,3.50996,3.3341625,6.461464,6.6157613,5.213212,4.7857065
2044-01-09 12:00:00,2.4551988,2.6182008,6.218618,6.3407097,5.633809,5.302312
2044-01-10 12:00:00,2.9741855,2.570837,4.346562,6.5838785,5.0389476,3.2815728
2044-01-11 12:00:00,1.2881427,1.1604444,3.658683,4.420926,4.603392,3.3489602
2044-01-12 12:00:00,1.1377993,1.112831,3.8806782,4.855552,5.427118,3.5900764
2044-01-13 12:00:00,1.5991479,1.4915987,3.593694,6.0779867,6.302977,2.7852623
2044-01-14 12:00:00,0.83188677,1.1581863,3.271447,6.686194,7.0553794,3.367774
2044-01-15 12:00:00,1.9241561,1.7988716,5.952544,5.946182,5.5416226,4.500335
2044-01-16 12:00:00,1.8692695,1.9109235,6.9002814,4.9837174,5.5447955,4.4667926
2044-01-17 12:00:00,1.4263191,1.3051857,4.4585767,2.4928212,3.4474146,2.332896
2044-01-18 12:00:00,1.6804321,1.3511993,4.7010026,2.9923525,2.915953,1.9496018
2044-01-19 12:00:00,3.3752937,2.321793,6.0811768,3.4504714,2.4651623,2.978439
2044-01-20 12:00:00,2.481361,1.8494018,5.55999,3.002627,3.079892,2.6331518
2044-01-21 12:00:00,1.1748935,1.2441592,4.3742137,2.8989875,3.104506,2.236999
2044-01-22 12:00:00,1.1787297,1.1567433,2.8554072,2.7077534,4.064637,2.1814942
2044-01-23 12:00:00,0.7515489,0.8574504,3.8031855,3.4814098,4.881071,2.8798084
2044-01-24 12:00:00,1.1827596,1.3422302,4.6828365,6.0407395,5.7640386,4.6966314
2044-01-25 12:00:00,4.2743063,3.825603,7.788821,7.4455695,7.4239116,5.750148
2044-01-26 12:00:00,3.0958147,2.5221553,3.5354512,4.3691335,6.3882465,2.121406
2044-01-27 12:00:00,0.8594449,0.95467544,3.0526412,3.840744,5.955035,1.7708281
2044-01-28 12:00:00,1.5588152,1.4863967,3.19215,4.4849105,6.061169,1.8089098
2044-01-29 12:00:00,0.61492276,1.0206714,2.359991,5.1079636,5.3599467,1.7705923
2044-01-30 12:00:00,0.9055747,1.1977953,1.933587,5.3122344,5.44943,1.8483353
2044-01-31 12:00:00,1.0834105,1.0665505,2.904246,4.004938,6.1326394,2.4423168
2044-02-01 12:00:00,1.827293,1.603068,5.884078,4.9894524,5.4081964,4.227764
2044-02-02 12:00:00,1.8413589,2.1247778,5.068205,6.0060363,5.7282863,3.604294
2044-02-03 12:00:00,2.6213346,2.8868809,7.30993,7.11899,5.5799913,5.742883
2044-02-04 12:00:00,4.054654,3.0109422,4.564225,6.7077374,8.03209,2.9246778
2044-02-05 12:00:00,1.5558183,1.5529419,3.019612,6.760072,6.987279,3.2605252
2044-02-06 12:00:00,1.0806777,1.1632972,3.7226768,4.950724,5.2371416,2.9989696
2044-02-07 12:00:00,1.3822701,1.0824159,5.0899467,3.2016087,3.0124094,2.7598102
2044-02-08 12:00:00,2.06262,1.4739412,5.1651177,3.419938,4.5723906,2.4392946
2044-02-09 12:00:00,3.3892045,2.9341764,6.3202224,4.498621,5.2623534,3.282973
2044-02-10 12:00:00,1.7347636,1.8084297,4.3885784,4.358626,5.4610586,3.4525208
2044-02-11 12:00:00,1.4730351,1.3758262,4.093588,4.853376,5.9717345,3.113224
2044-02-12 12:00:00,2.561934,2.274699,5.9632335,4.570917,4.522729,3.5793853
2044-02-13 12:00:00,2.505342,2.344087,3.9891422,4.826925,5.6473684,3.045484
2044-02-14 12:00:00,1.700794,1.7446905,4.2404003,3.8543308,5.505455,2.9090323
2044-02-15 12:00:00,2.9512994,2.541298,4.6130824,3.7025464,3.9649591,2.497116
2044-02-16 12:00:00,2.561162,2.2526627,3.634975,3.6810305,3.6602855,2.018057
2044-02-17 12:00:00,2.6797695,2.3182716,2.887822,3.261711,3.8852115,1.8455392
2044-02-18 12:00:00,3.3114417,2.6294947,4.1232615,2.7371848,2.7023716,2.9169023
2044-02-19 12:00:00,2.9589329,2.336381,4.3017683,3.0041478,3.3307664,2.1800957
2044-02-20 12:00:00,2.795549,2.2688468,3.5087352,3.8704083,3.7695339,2.9558992
2044-02-21 12:00:00,1.8954391,1.87732,2.6632898,3.3896375,3.9575882,1.9114347
2044-02-22 12:00:00,1.2471864,1.2955706,3.3117285,4.0370116,3.4333498,3.3788095
2044-02-23 12:00:00,1.802669,1.4589341,2.266312,3.584295,3.5838342,1.5244415
2044-02-24 12:00:00,2.5151317,2.0877438,2.02319,2.016188,3.4886684,1.5866109
2044-02-25 12:00:00,1.8007667,1.7573868,1.6516708,2.191121,3.4967291,1.6524006
2044-02-26 12:00:00,0.8324951,0.9667764,2.1489022,2.2196898,3.7204847,1.7150651
2044-02-27 12:00:00,1.0561607,1.1602898,3.2942793,2.3790975,4.4248276,1.5993387
2044-02-28 12:00:00,1.377836,1.2823215,2.8998163,2.9839911,4.2396016,2.2551618
2044-02-29 12:00:00,1.0628785,1.0985382,2.3944683,3.93751,5.0504107,1.5002285
2044-03-01 12:00:00,0.8708042,1.0800081,2.6720517,3.867092,4.5265727,3.0041745
2044-03-02 12:00:00,2.4843764,1.9325571,4.3041224,7.16079,5.4133744,4.5325737
2044-03-03 12:00:00,3.2485213,2.5650742,4.7247915,6.44241,5.5250697,4.7133718
2044-03-04 12:00:00,1.6659923,1.6079838,3.1203382,7.4032817,5.659417,3.4574373
2044-03-05 12:00:00,0.74908787,1.0191565,2.7953382,4.989623,4.0321183,2.911753
2044-03-06 12:00:00,0.75339526,0.9234793,2.995281,2.718217,3.5742333,2.5893307
2044-03-07 12:00:00,1.0353022,1.1261842,3.635947,3.5258634,5.2690578,3.3879628
2044-03-08 12:00:00,2.590423,2.2336154,5.1783476,4.832122,5.4551053,4.674502
2044-03-09 12:00:00,2.5817912,2.7266643,5.147154,4.928444,5.362706,4.926095
2044-03-10 12:00:00,3.1684961,3.5436084,5.276211,5.1993656,6.1394258,4.323086
2044-03-11 12:00:00,1.3300465,1.5169313,2.1960564,3.2855484,7.202041,2.2438695
2044-03-12 12:00:00,1.657548,1.6304764,3.8743756,3.771474,7.44505,2.9370337
2044-03-13 12:00:00,0.8013098,1.0059664,2.6790304,5.1471424,6.017983,2.6653154
2044-03-14 12:00:00,0.7928028,0.95887625,1.662976,3.7656934,4.1909475,1.602901
2044-03-15 12:00:00,0.8049852,0.8573762,2.1167948,2.4972897,5.740589,1.2199553
2044-03-16 12:00:00,2.0504377,1.6247984,3.1325421,2.4360342,7.6288376,1.7736207
2044-03-17 12:00:00,3.65731,3.2419016,5.118122,5.6209726,5.103137,3.7351446
2044-03-18 12:00:00,2.558241,2.1931992,4.3146396,6.247149,5.498171,2.1593878
2044-03-19 12:00:00,2.727587,2.8122177,4.234197,5.9393744,5.4817076,2.7384145
2044-03-20 12:00:00,1.8939574,1.6762533,2.0735204,2.6427422,2.7291489,1.5039166
2044-03-21 12:00:00,1.1642021,1.1096957,2.7508495,1.9552399,2.8105378,1.5017886
2044-03-22 12:00:00,2.2537506,1.8631482,2.103277,2.473853,3.8680556,1.765983
2044-03-23 12:00:00,1.8109984,1.4988601,3.4773786,1.9702729,3.5589776,1.7481234
2044-03-24 12:00:00,1.2758211,1.1327846,3.1144326,1.7465692,3.4452584,1.7615497
2044-03-25 12:00:00,2.0581362,1.6233349,3.310205,2.0776157,2.8631907,1.6902492
2044-03-26 12:00:00,2.767018,2.260129,3.5810688,2.518564,2.8984828,2.231803
2044-03-27 12:00:00,3.4931128,2.825421,4.843497,2.7406516,4.167773,2.421724
2044-03-28 12:00:00,1.0309339,1.451927,3.391155,2.7886572,5.6939235,1.6711917
2044-03-29 12:00:00,2.1355321,1.6325142,2.325544,4.2597384,6.069947,1.6688272
2044-03-30 12:00:00,1.9858127,2.0173545,3.7155738,3.8803842,2.9201765,3.3860936
2044-03-31 12:00:00,3.968376,2.955163,4.5241747,2.25588,1.9121454,2.507571
2044-04-01 12:00:00,3.037407,2.124158,3.4627967,1.5740039,2.0034752,1.6691202
2044-04-02 12:00:00,2.0523844,1.5559669,2.2175748,1.8570666,3.8296545,1.5375915
2044-04-03 12:00:00,2.3145494,2.2722487,2.377211,3.1299555,5.1694317,1.8144062
2044-04-04 12:00:00,2.57784,2.3116632,2.481945,2.332454,4.687543,1.7406656
2044-04-05 12:00:00,2.1240816,1.8065754,1.9394728,2.2806408,3.9974494,1.3753114
2044-04-06 12:00:00,0.8891468,0.9931251,3.2621455,2.7670884,3.9119344,1.8620052
2044-04-07 12:00:00,1.7939737,1.2920988,3.2634134,2.3219364,4.293842,2.4321449
2044-04-08 12:00:00,1.2569281,1.2429521,3.332418,2.833916,4.3576636,2.3728838
2044-04-09 12:00:00,2.7831755,2.725527,4.663808,4.65272,3.3533323,3.2481427
2044-04-10 12:00:00,2.2952318,2.5050821,3.1431744,4.638445,3.2196827,2.321652
2044-04-11 12:00:00,2.083809,1.8235509,3.747468,2.916466,3.9023752,2.1618903
2044-04-12 12:00:00,2.8364663,2.2614625,3.8906753,2.601773,4.334102,2.2442782
2044-04-13 12:00:00,1.7360995,1.462351,3.2405453,2.5471516,3.455175,1.7271079
2044-04-14 12:00:00,3.233726,2.8885136,3.7343,3.464524,3.1862633,2.9547818
2044-04-15 12:00:00,3.952369,3.4743125,4.000393,4.433035,3.6729627,3.0851748
2044-04-16 12:00:00,1.821929,1.6413221,3.5901148,3.1833646,3.5120072,2.7742383
2044-04-17 12:00:00,2.7018259,2.7243855,5.38599,5.197852,5.756391,4.5275836
2044-04-18 12:00:00,2.6039307,2.6581216,4.059327,4.33958,3.857134,3.6671655
2044-04-19 12:00:00,0.9909137,1.2404615,3.2596352,3.090785,5.0511827,3.1566648
2044-04-20 12:00:00,1.5688941,1.7701468,2.1722348,4.545696,5.8423905,2.429752
2044-04-21 12:00:00,4.194991,3.585179,3.5064998,3.9683607,3.8197427,3.3473241
2044-04-22 12:00:00,2.3246026,1.6768702,2.9861012,2.0624983,5.9843397,1.7892971
2044-04-23 12:00:00,1.5596129,1.2127665,2.271506,2.2383296,5.22328,1.2311581
2044-04-24 12:00:00,0.98817813,1.0580157,2.7576783,2.9674475,4.421066,1.5332505
2044-04-25 12:00:00,2.1676936,2.0781438,3.341473,3.5374954,4.708953,1.3267926
2044-04-26 12:00:00,2.997947,2.805372,2.3864155,6.277173,4.459254,2.3992238
2044-04-27 12:00:00,1.6029701,1.9227419,3.437277,4.370926,4.747854,2.1478188
2044-04-28 12:00:00,2.786852,2.4689946,3.6741374,3.6857028,4.022014,1.9041911
2044-04-29 12:00:00,3.7529912,2.97886,3.326833,3.0493855,2.3717175,2.197982
2044-04-30 12:00:00,4.0237765,3.4186854,3.3968294,3.4439766,3.215295,2.7835758
2044-05-01 12:00:00,2.6864047,2.0134265,2.705932,2.639194,4.3890257,1.6004349
2044-05-02 12:00:00,2.4889202,2.2217472,3.755948,4.968564,4.507955,3.0025957
2044-05-03 12:00:00,3.0938406,2.7723494,4.692469,4.590799,4.944633,3.1501892
2044-05-04 12:00:00,2.736528,2.7661986,4.3551,4.8466334,4.4085393,3.0366428
2044-05-05 12:00:00,3.0213633,2.629207,4.2169666,3.7915363,4.1407337,2.9790592
2044-05-06 12:00:00,1.6773325,1.5773714,2.657186,2.6488192,4.544004,2.2494993
2044-05-07 12:00:00,1.4415282,1.2587843,2.5654502,1.7949264,3.2444916,2.2546232
2044-05-08 12:00:00,1.8986986,1.6114473,3.03702,1.5991249,3.0344,1.9333882
2044-05-09 12:00:00,1.5757141,1.2316358,2.9242654,2.1529067,3.0959167,1.4870034
2044-05-10 12:00:00,1.4366181,1.2693752,2.6764557,2.8445206,3.0341165,1.8192941
2044-05-11 12:00:00,1.4766889,1.364024,3.098863,2.7738407,2.5711126,3.037672
2044-05-12 12:00:00,2.8593314,2.9032273,3.175566,5.5369925,5.6697254,3.0953884
2044-05-13 12:00:00,1.6975315,1.8737446,2.1981556,3.4049006,4.1095505,1.96211
2044-05-14 12:00:00,2.0972967,1.6546216,3.657548,2.238228,2.813449,1.8053999
2044-05-15 12:00:00,2.1305315,1.8489858,2.92807,3.5879993,3.7788198,1.6536788
2044-05-16 12:00:00,3.1670778,2.6508384,2.655265,3.8519483,3.5896695,1.6992376
2044-05-17 12:00:00,2.6328955,1.970035,2.8509822,2.455869,3.5947711,2.0817425
2044-05-18 12:00:00,2.2061625,1.6583551,3.0834556,3.187983,3.46717,2.271997
2044-05-19 12:00:00,3.0866177,2.759455,4.4069185,6.1399508,5.183365,2.758845
2044-05-20 12:00:00,3.7314634,3.2563477,6.6776447,3.6906378,5.6581807,3.4686527
2044-05-21 12:00:00,3.9951875,3.2634182,6.300488,3.6505497,6.363103,3.835615
2044-05-22 12:00:00,3.1614804,2.712603,4.850501,4.4893622,6.0397034,3.2008367
2044-05-23 12:00:00,2.2041538,1.7381208,3.1002738,4.7042203,4.4056597,1.854444
2044-05-24 12:00:00,1.6830392,1.9140661,4.062512,2.8081963,2.8075438,3.0747225
2044-05-25 12:00:00,2.714623,2.3063333,3.441321,3.9794044,2.881915,2.7462773
2044-05-26 12:00:00,1.941403,1.6037993,3.3628476,4.3062096,3.987323,2.0005786
2044-05-27 12:00:00,2.3142877,1.867579,3.7932405,3.1017814,2.9999084,2.442404
2044-05-28 12:00:00,2.1586556,1.908005,3.3037252,3.6512291,2.7463768,1.8802392
2044-05-29 12:00:00,3.1026816,2.8769813,4.000632,3.6691341,3.218173,2.6584692
2044-05-30 12:00:00,2.365764,2.2691677,2.740604,3.0622337,3.5120125,2.2127614
2044-05-31 12:00:00,2.819288,2.400473,3.5659733,2.6737752,3.6343384,2.0044801
2044-06-01 12:00:00,2.3718743,1.8222399,3.565837,1.9523268,3.6211908,1.8286344
2044-06-02 12:00:00,1.4893632,1.2054327,3.3311384,2.943038,4.1305213,1.5278177
2044-06-03 12:00:00,1.0317633,1.0909395,2.5693955,3.9089303,4.1189747,1.4081736
2044-06-04 12:00:00,1.4812223,1.2530158,2.0390697,3.8723564,3.1702383,1.3523413
2044-06-05 12:00:00,1.695703,1.6416332,1.8441492,3.336807,2.3052638,1.5220027
2044-06-06 12:00:00,1.2923181,1.2966919,2.5325437,2.2816963,2.0995286,1.4026718
2044-06-07 12:00:00,1.2232939,1.1171062,2.0448418,2.1399794,1.8614098,1.4268458
2044-06-08 12:00:00,1.5438886,1.5478935,2.0303557,3.2385802,2.2205875,1.5477848
2044-06-09 12:00:00,3.820822,3.132628,3.59734,4.058157,2.833126,2.0178576
2044-06-10 12:00:00,3.1598504,2.7257378,3.175732,3.5420048,2.4863267,1.8690196
2044-06-11 12:00:00,2.7890825,2.338107,3.3067513,2.8049781,2.2395399,2.072556
2044-06-12 12:00:00,2.0267467,1.6270723,3.0962713,3.3166995,4.185594,1.480785
2044-06-13 12:00:00,1.5984538,1.3011733,2.4786649,3.6688318,5.4981675,1.4168159
2044-06-14 12:00:00,2.1563158,1.6993645,1.847184,2.2912865,3.66215,1.392065
2044-06-15 12:00:00,1.332455,1.3511362,1.6947298,2.3896804,3.3510432,1.3785007
2044-06-16 12:00:00,0.884478,0.9592288,1.9972231,2.2041981,3.1528149,1.5906072
2044-06-17 12:00:00,1.4535816,1.3798312,2.4356246,3.7708838,3.2598112,1.7679154
2044-06-18 12:00:00,1.3076543,1.3390204,2.5690663,4.3687,4.107636,1.5529801
2044-06-19 12:00:00,1.4488181,1.6568372,2.2186053,5.20439,4.1884065,2.9752033
2044-06-20 12:00:00,2.9588113,2.2620952,3.9710124,4.2029314,3.7389262,4.099569
2044-06-21 12:00:00,1.9824977,1.9628906,3.5606716,3.3284256,2.6673262,3.780777
2044-06-22 12:00:00,4.1637874,3.1882076,3.911391,4.457468,3.2552326,2.6453362
2044-06-23 12:00:00,2.1214514,1.8796811,2.5434668,3.1240048,3.9503627,1.9049327
2044-06-24 12:00:00,2.5553036,2.275889,3.357859,4.1328096,4.8640957,1.8435082
2044-06-25 12:00:00,3.1704607,2.851772,4.113548,5.1947865,4.233039,3.4266167
2044-06-26 12:00:00,1.926297,1.7792609,3.3227322,4.1467047,3.6360452,1.8916843
2044-06-27 12:00:00,1.2874519,1.4677503,2.7919075,2.7808118,3.7866879,1.7655797
2044-06-28 12:00:00,2.1637285,1.9250861,3.9305646,4.6531243,3.785769,1.7402893
2044-06-29 12:00:00,3.0877466,2.8699174,4.337231,4.93964,4.15286,2.931983
2044-06-30 12:00:00,2.3205981,2.0627532,2.693064,6.142807,3.8644454,1.325974
2044-07-01 12:00:00,2.1183305,1.6043646,2.9089556,3.5074422,3.208983,1.4058367
2044-07-02 12:00:00,1.5929927,1.8450538,4.1604,2.8006783,2.6803641,2.7599761
2044-07-03 12:00:00,1.3876649,1.7128769,3.1149776,2.598351,2.4636812,2.0396752
2044-07-04 12:00:00,2.2117617,2.0531173,4.4610415,2.6168594,1.9289764,2.0143707
2044-07-05 12:00:00,2.7351704,2.2287054,4.200477,2.4594939,2.6979122,2.1546319
2044-07-06 12:00:00,1.8374505,1.5397627,2.45589,1.8610722,3.314978,1.6356508
2044-07-07 12:00:00,1.4541965,1.5296606,2.170133,2.2242584,2.5368237,1.7355639
2044-07-08 12:00:00,2.9814632,2.336554,3.4942355,2.564391,2.420742,2.2021923
2044-07-09 12:00:00,1.9081435,1.6419834,3.3300827,2.7457998,2.9074583,2.1825683
2044-07-10 12:00:00,2.1818726,2.1835089,3.27921,5.446404,3.5060377,2.4941442
2044-07-11 12:00:00,1.3041916,1.4212843,1.97993,3.401329,3.6541266,1.4104056
2044-07-12 12:00:00,1.2894905,1.4734119,2.6957886,3.486143,3.206092,1.3787435
2044-07-13 12:00:00,2.476405,2.0044627,3.6001008,3.3668132,2.7378645,2.546946
2044-07-14 12:00:00,2.1138866,1.7581333,4.336033,2.6762247,2.2630553,2.6799989
2044-07-15 12:00:00,2.1597807,2.1053445,3.8076057,3.8361173,2.616333,2.5725057
2044-07-16 12:00:00,1.567821,1.3761595,2.3518295,2.7862322,3.384502,1.1500188
2044-07-17 12:00:00,2.2320433,2.171034,4.2671556,3.6757946,3.6150777,2.873997
2044-07-18 12:00:00,2.6553078,2.3485265,3.440751,4.174387,3.5879045,2.5525267
2044-07-19 12:00:00,2.0933518,2.0995438,3.149714,5.7541203,5.489822,2.3172736
2044-07-20 12:00:00,1.1101506,1.2269119,2.9831972,3.7207644,5.4761796,1.5723404
2044-07-21 12:00:00,1.2350384,1.2301041,2.390592,2.448808,3.6655657,1.3010265
2044-07-22 12:00:00,1.0601907,1.0230587,2.0452888,2.5693734,2.950457,1.3216465
2044-07-23 12:00:00,0.77902985,0.83849347,1.70162,2.6462655,2.1173708,0.9148559
2044-07-24 12:00:00,2.4446378,1.8877151,3.4304538,3.3246703,1.479781,1.6472133
2044-07-25 12:00:00,3.0225031,2.5313175,3.9609482,3.682384,2.3846247,2.191692
2044-07-26 12:00:00,2.7469125,2.283322,3.8829544,3.0876236,2.8121593,1.6349839
2044-07-27 12:00:00,2.8999553,2.2344909,3.453622,3.3070238,3.9626653,2.8711603
2044-07-28 12:00:00,2.1006997,1.8074484,4.2612886,2.8371458,4.347181,1.7738844
2044-07-29 12:00:00,1.6667247,1.5675446,3.18571,2.98841,3.2492094,2.0940218
2044-07-30 12:00:00,1.7439755,1.5830879,3.8687057,2.784246,2.9094114,1.7861509
2044-07-31 12:00:00,3.0070872,2.5391695,4.3700323,3.867167,3.2437835,3.6907463
2044-08-01 12:00:00,1.2141991,1.1949215,2.302881,3.1571157,3.537911,1.9022683
2044-08-02 12:00:00,2.0465732,1.600069,2.9934816,2.6791332,3.8552496,1.5444504
2044-08-03 12:00:00,2.7480721,2.0194514,3.0142252,3.1838448,3.582395,1.6396177
2044-08-04 12:00:00,1.3037727,1.2449685,1.949558,3.931954,2.9786112,1.423918
2044-08-05 12:00:00,1.5685551,1.22222,2.697298,2.91574,3.052518,1.3840686
2044-08-06 12:00:00,1.5396909,1.2689275,2.096927,3.3893423,3.1975343,1.2808744
2044-08-07 12:00:00,1.0617274,1.0606196,1.6335198,3.2069476,3.002864,1.1206328
2044-08-08 12:00:00,1.2519495,1.1919777,1.6130674,2.348474,2.7424438,1.2481365
2044-08-09 12:00:00,0.99013203,1.1363564,2.5643716,2.6001675,2.2032561,1.2870655
2044-08-10 12:00:00,2.1072116,2.0542824,5.6708794,4.1101303,2.3553984,2.839041
2044-08-11 12:00:00,2.8834896,2.6492124,4.360673,5.0030684,3.5641077,3.264488
2044-08-12 12:00:00,1.7300305,1.8935796,2.7397795,3.922131,3.9945095,2.6517315
2044-08-13 12:00:00,2.0278678,2.0227664,3.1256323,3.7086403,3.1341324,2.6111658
2044-08-14 12:00:00,2.3193293,2.2104666,4.3920736,3.7573864,3.628212,3.0272398
2044-08-15 12:00:00,2.6564295,2.5173104,3.5181446,4.2662406,2.962226,2.6012888
2044-08-16 12:00:00,1.7711805,1.8719085,2.4839423,3.9487352,2.6757064,1.5758665
2044-08-17 12:00:00,1.5752468,1.610187,2.3969405,3.465515,2.880589,1.1653795
2044-08-18 12:00:00,3.2248573,2.8796306,4.8867984,3.4111845,3.623477,2.6828997
2044-08-19 12:00:00,4.1649375,3.404097,5.8248897,3.2262375,3.806561,3.141464
2044-08-20 12:00:00,3.8750222,3.1013825,5.057164,4.223448,4.4546003,3.1017377
2044-08-21 12:00:00,2.9747791,2.3554575,4.5579576,3.5779438,3.461397,3.379172
2044-08-22 12:00:00,2.6404023,2.1978135,3.6679187,5.233082,4.054766,3.417182
2044-08-23 12:00:00,1.9153703,1.843563,2.4865823,5.5899615,5.6480794,2.755265
2044-08-24 12:00:00,1.8549714,1.3841648,3.590517,3.3439634,7.3173633,1.8005042
2044-08-25 12:00:00,1.6227708,1.4848495,2.72549,2.3944073,5.687527,1.651328
2044-08-26 12:00:00,2.7360148,2.030837,3.3330488,2.2577693,3.5347035,1.693296
2044-08-27 12:00:00,1.5882614,1.3409272,2.5215712,2.773504,2.6465323,1.7582147
2044-08-28 12:00:00,1.8763193,1.7368907,2.293784,5.0411325,4.2853775,2.4709208
2044-08-29 12:00:00,1.2496662,1.4718943,1.9035186,2.7949867,3.8628917,1.7330121
2044-08-30 12:00:00,2.1116123,1.7890847,2.513305,2.0825644,2.5264103,1.2093154
2044-08-31 12:00:00,0.8209339,1.0719929,2.5916805,2.6223414,3.3747797,1.6212546
2044-09-01 12:00:00,1.2692833,1.4396712,3.50576,1.8446395,3.25686,1.5930253
2044-09-02 12:00:00,2.4064252,2.4624941,3.0278955,2.6711342,3.3666382,1.7049122
2044-09-03 12:00:00,1.2955261,1.4772553,2.590528,2.9068456,6.695466,1.7729678
2044-09-04 12:00:00,1.38875,1.6910914,3.0218453,3.8763833,5.7740793,2.2003725
2044-09-05 12:00:00,1.4427441,1.5860924,2.3400214,2.3749564,3.8884485,1.4501156
2044-09-06 12:00:00,1.4962727,1.4176978,3.215435,2.5027108,3.1097164,1.9656962
2044-09-07 12:00:00,3.5891569,3.093431,4.153398,4.487949,3.7376618,2.629379
2044-09-08 12:00:00,1.5851734,1.5328507,2.4376206,4.0390882,3.885157,1.9837998
2044-09-09 12:00:00,1.4189982,1.3835133,2.60643,1.92979,4.1411805,1.5380299
2044-09-10 12:00:00,1.0468881,0.9375145,2.5001068,2.0402086,2.9451265,1.4783227
2044-09-11 12:00:00,1.9097863,1.4779493,3.2893412,2.8210962,2.1426442,1.5256416
2044-09-12 12:00:00,2.1434393,1.6414795,3.73801,2.814065,1.9536049,1.7496164
2044-09-13 12:00:00,4.0563464,3.267288,3.983444,3.8413148,1.793465,2.4756203
2044-09-14 12:00:00,1.0860126,1.8235364,2.4756796,4.4734416,2.5388198,1.6589358
2044-09-15 12:00:00,1.059076,1.0538603,3.5144126,2.8863726,4.3746347,1.8337718
2044-09-16 12:00:00,1.2432283,1.0733802,3.1093125,2.0016332,3.4443426,2.014686
2044-09-17 12:00:00,2.2177203,1.6353741,2.45031,1.8852,2.8244185,1.4327866
2044-09-18 12:00:00,1.6060104,1.3915677,2.5415154,2.007893,4.116851,1.4988331
2044-09-19 12:00:00,1.3899145,1.2012309,4.2365327,3.0229957,4.037106,2.3025858
2044-09-20 12:00:00,1.0247934,1.0125301,2.6183004,2.7217634,3.868939,1.3944722
2044-09-21 12:00:00,1.5287061,1.4392521,3.81678,2.2040951,3.0971289,1.8084768
2044-09-22 12:00:00,3.3107657,2.8088202,3.9908407,2.307762,2.2795832,2.5763228
2044-09-23 12:00:00,1.5920002,1.523506,3.117365,3.4625926,2.7594266,1.8939512
2044-09-24 12:00:00,2.687155,2.3436701,3.9517777,3.9714658,3.9512277,2.4333496
2044-09-25 12:00:00,2.143067,1.9550612,5.473996,5.5556,4.8961983,3.510689
2044-09-26 12:00:00,2.6720731,2.5133944,5.1430655,5.576456,4.289736,3.3225486
2044-09-27 12:00:00,1.5621259,1.723728,3.958255,6.1189513,4.951929,2.8872643
2044-09-28 12:00:00,2.151712,1.7970929,3.3924978,5.243715,5.002296,1.9862145
2044-09-29 12:00:00,0.747126,0.93438125,1.8598665,3.3970935,4.3598685,1.0664666
2044-09-30 12:00:00,1.6531684,1.1760867,1.8646715,2.2901113,4.590922,1.375665
2044-10-01 12:00:00,1.0406334,0.9668971,2.6212556,4.3419747,5.8213534,2.7798297
2044-10-02 12:00:00,1.8778095,1.5729464,3.4797716,4.9280334,5.4242063,2.707684
2044-10-03 12:00:00,1.8459089,1.9171373,4.8455415,3.6250474,3.533181,2.7244134
2044-10-04 12:00:00,1.5914897,1.8509495,2.946813,3.973327,2.9816163,1.8622482
2044-10-05 12:00:00,1.2304531,1.4804869,4.932174,4.3875017,3.18472,3.7996638
2044-10-06 12:00:00,2.4289813,1.8729843,5.0090036,3.551266,2.5570154,2.935987
2044-10-07 12:00:00,2.4579785,2.4054587,4.481976,4.219485,3.4726665,2.8939877
2044-10-08 12:00:00,1.9296882,1.9849656,4.1143866,6.417539,3.5687242,3.237525
2044-10-09 12:00:00,1.2978649,1.6526386,3.5001872,4.8954086,3.1289537,1.6905888
2044-10-10 12:00:00,1.9388005,1.7804465,4.5443606,4.4969606,3.3536704,3.8975885
2044-10-11 12:00:00,3.8291354,3.4545586,6.8873897,5.476742,3.7349038,4.9560876
2044-10-12 12:00:00,2.978806,2.551988,5.2033315,3.0660334,4.2058277,3.600559
2044-10-13 12:00:00,2.1362474,1.884749,4.7086477,3.2319837,4.371136,3.6500797
2044-10-14 12:00:00,1.3792098,1.144081,3.770993,2.515029,4.8542776,2.6578085
2044-10-15 12:00:00,2.0497692,1.8212736,4.043546,3.7520483,3.767955,2.849609
2044-10-16 12:00:00,1.5711104,1.6469252,3.981888,2.4737604,4.2615433,2.289556
2044-10-17 12:00:00,1.950432,1.504183,4.1401377,2.0614448,3.7594438,1.8009349
2044-10-18 12:00:00,2.2095132,1.5083926,3.4644392,4.118643,3.4951582,1.5137807
2044-10-19 12:00:00,1.9939649,1.7542206,2.6200416,4.46917,2.2751842,1.905028
2044-10-20 12:00:00,3.100012,2.3815866,3.3030877,2.7869556,2.8742714,2.8767984
2044-10-21 12:00:00,1.7599571,1.7593575,3.1636689,3.2460341,3.824844,1.9210744
2044-10-22 12:00:00,3.1540937,2.5955708,4.0212765,5.3191032,4.1572804,2.0592892
2044-10-23 12:00:00,1.4552999,1.4759712,2.2204795,4.110478,5.9808345,2.3042884
2044-10-24 12:00:00,2.5016193,2.1693082,4.198107,2.4068074,6.018744,1.8174464
2044-10-25 12:00:00,1.599288,2.0902207,5.702074,3.4079099,7.9350123,2.8528965
2044-10-26 12:00:00,1.3397257,1.7087544,2.342415,3.6739697,5.7483425,1.8574446
2044-10-27 12:00:00,1.3288245,1.2229048,3.278343,2.979349,3.5857239,1.4774139
2044-10-28 12:00:00,2.2809246,1.664183,3.7752292,2.6548803,3.3286705,2.4399083
2044-10-29 12:00:00,4.334259,3.8047142,3.6647418,5.192344,4.372368,3.0471516
2044-10-30 12:00:00,4.1822596,3.5911205,3.9303937,5.029071,3.2584867,3.2696056
2044-10-31 12:00:00,3.3066595,2.8224669,2.8763564,2.5229685,3.4383936,2.18757
2044-11-01 12:00:00,2.4821794,1.8694974,3.1706767,2.256471,3.819726,1.6733042
2044-11-02 12:00:00,1.3198614,1.448232,2.2271845,4.749096,5.401326,1.6271921
2044-11-03 12:00:00,2.0960689,2.239524,3.8004954,7.739691,5.7063518,3.5055056
2044-11-04 12:00:00,1.7588713,2.0875113,3.5037186,5.920547,5.775936,2.750674
2044-11-05 12:00:00,0.9793234,1.0734522,1.9814427,3.70904,4.5279593,1.3607199
2044-11-06 12:00:00,0.8598938,0.9533096,3.9471583,3.1289575,4.942653,3.0003803
2044-11-07 12:00:00,0.7435459,0.9107549,3.746416,3.7786553,4.050501,3.2955208
2044-11-08 12:00:00,1.5712833,1.6761186,5.4139752,5.4234424,5.0293975,4.667347
2044-11-09 12:00:00,3.4537964,2.8418977,5.2639737,5.381611,4.437827,3.854995
2044-11-10 12:00:00,3.2804463,2.4134183,5.96003,5.9570613,3.8045232,4.0170116
2044-11-11 12:00:00,4.73025,3.6711452,6.7244625,6.6643395,3.7671463,4.897228
2044-11-12 12:00:00,3.754456,3.5055366,5.4493628,7.4297147,5.9146852,4.5874863
2044-11-13 12:00:00,1.7498336,1.5487059,4.1742945,3.5566416,4.7490883,2.7313511
2044-11-14 12:00:00,2.2259846,1.8849009,3.9265053,4.6039305,3.2781892,2.6852796
2044-11-15 12:00:00,1.3713157,1.1786972,5.2384577,2.6483958,3.5442874,3.189974
2044-11-16 12:00:00,1.3062687,1.2981402,5.4041324,3.071905,4.2596817,2.6240592
2044-11-17 12:00:00,1.3714597,1.3648784,2.4497364,2.8343205,4.9683094,1.6528887
2044-11-18 12:00:00,0.9741988,1.0932146,2.6337428,4.482743,3.8013206,2.8242943
2044-11-19 12:00:00,1.5144498,1.403505,4.3022857,4.422301,3.3007052,3.2147353
2044-11-20 12:00:00,2.1015425,1.8452638,5.4058266,5.7704806,5.315312,3.8250997
2044-11-21 12:00:00,2.643249,1.8514495,5.2455897,4.3719664,4.936418,3.6085856
2044-11-22 12:00:00,2.775693,2.1885984,4.339863,4.530149,6.453331,3.0950923
2044-11-23 12:00:00,3.4378166,2.6944048,4.341626,4.5141263,7.440521,2.308585
2044-11-24 12:00:00,2.6221054,2.1724823,4.073012,3.562218,6.942118,2.3333044
2044-11-25 12:00:00,2.330758,1.9586093,5.4521666,3.6147614,5.892537,3.230313
2044-11-26 12:00:00,3.3022146,2.8665757,6.152324,5.7108207,5.3100905,4.184784
2044-11-27 12:00:00,1.8548596,1.5387808,3.959174,3.586043,3.3030791,3.3711667
2044-11-28 12:00:00,1.5443034,1.355313,5.1330028,2.931244,4.439267,2.8634827
2044-11-29 12:00:00,2.5359309,2.373262,2.5440445,4.149358,5.105108,2.2496705
2044-11-30 12:00:00,3.767757,2.9210522,4.0075083,3.8013606,5.7475543,2.2763937
2044-12-01 12:00:00,1.6535659,1.5719692,4.343562,4.090034,5.8927665,3.8038123
2044-12-02 12:00:00,4.149684,3.4082682,7.6682696,6.618815,4.762694,4.920914
2044-12-03 12:00:00,2.153019,1.7669716,5.0724597,5.085928,5.5311656,4.057244
2044-12-04 12:00:00,2.938467,2.2111235,5.48329,6.227747,5.098362,2.942737
2044-12-05 12:00:00,1.348767,1.3802723,3.7651558,4.784925,4.61978,2.3500893
2044-12-06 12:00:00,3.0246596,2.5259063,6.8957324,5.5928965,2.7867095,4.918111
2044-12-07 12:00:00,5.2987123,4.420736,9.316285,6.94558,4.689922,6.609257
2044-12-08 12:00:00,4.572775,3.8879673,5.0162992,5.734203,3.65321,3.6913784
2044-12-09 12:00:00,1.044905,1.289384,1.8955939,2.6736848,5.1169815,1.6729757
2044-12-10 12:00:00,1.7652397,1.549928,3.0856032,2.6388052,6.425273,2.0697768
2044-12-11 12:00:00,2.8795972,2.1550963,4.793442,4.526561,8.174838,2.3782318
2044-12-12 12:00:00,1.9043049,1.5844246,6.1982503,4.835954,7.4661703,3.5049765
2044-12-13 12:00:00,1.9911606,1.7679408,5.4771767,6.4308333,7.1312246,4.1794896
2044-12-14 12:00:00,2.2218988,2.3231301,6.084133,6.8136187,8.482046,5.1695366
2044-12-15 12:00:00,3.4524794,3.0982122,5.953784,6.633251,9.182244,4.6289206
2044-12-16 12:00:00,2.5148227,2.4871678,4.6497984,5.564775,7.7244964,3.7738109
2044-12-17 12:00:00,2.2630234,2.2266333,4.8963747,6.567388,8.5055485,3.8371465
2044-12-18 12:00:00,2.1675098,1.9162217,4.991402,5.3577504,7.564916,3.9545631
2044-12-19 12:00:00,2.9686146,2.866477,5.69071,5.951576,4.3501277,4.399473
2044-12-20 12:00:00,1.4545038,1.4498502,4.726669,5.5218606,5.7092686,3.4168205
2044-12-21 12:00:00,2.102868,2.206497,7.1608834,5.5202904,4.3890204,4.9696646
2044-12-22 12:00:00,1.5199591,1.7940358,4.0367193,4.699522,6.3016644,3.1826782
2044-12-23 12:00:00,1.6627922,1.6206899,5.2801285,5.5814915,6.827691,3.3529632
2044-12-24 12:00:00,1.2333833,1.4811001,3.8849287,4.8266344,6.744948,2.9302347
2044-12-25 12:00:00,3.2612975,2.7920625,7.71025,7.5361075,5.315041,5.8473415
2044-12-26 12:00:00,4.0378475,3.440146,7.85389,6.9580398,4.813046,6.1071205
2044-12-27 12:00:00,2.023603,1.9560242,3.2913387,4.7206583,5.323162,2.5086205
2044-12-28 12:00:00,1.99377,1.6789187,3.1405933,4.8207636,5.442799,1.9388264
2044-12-29 12:00:00,1.0971689,1.3577703,3.0578766,5.118036,4.208128,2.764175
2044-12-30 12:00:00,2.7790728,2.3384829,5.764065,5.389656,5.711687,3.8857057
2044-12-31 12:00:00,1.501274,1.5037344,3.9728594,5.7172275,6.718556,2.846719
2045-01-01 12:00:00,1.0883915,1.1405181,2.6849296,4.1497593,6.4293,3.3191576
2045-01-02 12:00:00,2.2135968,1.676137,3.750179,3.3300595,5.256854,1.8114227
2045-01-03 12:00:00,3.46491,2.8435485,3.3645637,4.071943,4.9549494,2.5526958
2045-01-04 12:00:00,3.5238667,3.002923,3.2837484,3.6091676,5.0954475,2.6687431
2045-01-05 12:00:00,3.026115,2.399804,3.1991835,2.7489753,3.1592767,2.1155255
2045-01-06 12:00:00,2.2126765,1.9472848,2.56049,2.2169836,4.4009094,2.0065732
2045-01-07 12:00:00,2.1300554,1.83629,3.7744746,2.3935533,5.4041805,2.2200816
2045-01-08 12:00:00,1.7274892,1.5165126,4.5061116,2.6368368,3.3788946,2.2880511
2045-01-09 12:00:00,1.6091098,1.3748353,5.1759357,3.3063338,4.0792065,2.5224986
2045-01-10 12:00:00,0.9846523,1.369904,4.4095697,3.5541723,5.1816196,2.1846297
2045-01-11 12:00:00,1.1103678,1.2569082,4.0037704,3.4546926,6.663177,3.2983632
2045-01-12 12:00:00,0.9246202,1.141377,5.726388,5.661733,7.035767,4.770469
2045-01-13 12:00:00,1.1186192,1.3228669,4.9343743,5.6363626,7.14457,4.136621
2045-01-14 12:00:00,1.7316642,1.687661,6.7331758,5.7451987,6.6728163,5.097706
2045-01-15 12:00:00,2.3935838,2.3423288,7.227213,6.0283284,6.17922,5.307857
2045-01-16 12:00:00,3.5629413,3.3809505,9.060488,7.325992,7.6382585,6.2815747
2045-01-17 12:00:00,4.064243,3.9624894,7.9428225,8.565862,10.360331,6.2620387
2045-01-18 12:00:00,2.8882937,2.8515415,4.922747,6.9636383,9.904024,4.302455
2045-01-19 12:00:00,3.260962,2.931209,5.7677445,4.817867,6.748154,3.3928454
2045-01-20 12:00:00,3.3844266,2.8866038,5.393519,4.4199166,5.5691776,1.8739672
2045-01-21 12:00:00,2.7519393,2.08825,5.9108024,4.1030636,4.3098693,2.597964
2045-01-22 12:00:00,1.3753738,1.4818832,2.8006926,5.1913805,4.535767,2.5946956
2045-01-23 12:00:00,2.8165526,2.4036448,6.827281,6.4201813,5.2514544,4.4988475
2045-01-24 12:00:00,3.8822787,2.6053033,7.536164,3.7323983,4.952919,3.9040642
2045-01-25 12:00:00,2.6629138,2.0427308,5.044429,3.4855726,3.2827058,3.2725763
2045-01-26 12:00:00,1.8582219,1.7454652,4.560117,5.6108108,4.5991335,3.614761
2045-01-27 12:00:00,4.273484,3.8274784,6.797276,7.3500733,5.570379,5.6633043
2045-01-28 12:00:00,2.8050394,2.482131,4.6891003,6.7304215,5.7372227,4.103686
2045-01-29 12:00:00,3.7111979,2.8087513,7.0421968,3.7994163,5.098979,4.7242813
2045-01-30 12:00:00,2.632039,2.0343344,5.4110527,3.9566205,5.438325,2.499395
2045-01-31 12:00:00,4.1295724,3.1224942,5.6821094,4.8422,5.8910427,3.43621
2045-02-01 12:00:00,1.4379432,1.4048705,2.508886,2.6290505,4.891689,2.2867992
2045-02-02 12:00:00,1.3877609,1.2174578,4.6244335,3.172083,4.3322835,2.1167073
2045-02-03 12:00:00,2.1597111,1.8261749,4.493304,3.6086774,3.6928036,2.6467938
2045-02-04 12:00:00,3.8244867,3.1307943,5.4205585,4.02648,3.90445,2.6117146
2045-02-05 12:00:00,2.165202,2.0112486,3.6788862,3.1015816,4.059812,2.238963
2045-02-06 12:00:00,1.2244722,1.2563925,3.110906,6.0007854,6.5165877,2.744824
2045-02-07 12:00:00,0.9717803,1.1699625,3.6238334,6.092784,6.2609878,3.4940403
2045-02-08 12:00:00,2.1832967,1.8404211,6.0129285,3.8408272,5.482124,3.3580844
2045-02-09 12:00:00,3.1619265,2.8787696,5.9146714,4.486791,4.413447,4.264097
2045-02-10 12:00:00,2.3926792,2.1355345,4.0205903,3.624475,3.7931488,2.5745234
2045-02-11 12:00:00,0.9225986,0.87347496,2.503884,4.41841,4.3518767,1.8775741
2045-02-12 12:00:00,1.7304527,1.3001021,3.8686416,2.657915,3.9449527,2.3325806
2045-02-13 12:00:00,3.2846994,2.661253,4.3884325,2.940796,3.563838,2.8979516
2045-02-14 12:00:00,3.4113812,2.7135384,3.6883507,2.1868205,2.1255143,2.0638094
2045-02-15 12:00:00,3.4859338,2.2842717,3.562471,2.7549853,2.7233906,1.8358628
2045-02-16 12:00:00,3.4249427,2.1024985,4.1432967,3.6558657,3.6927679,1.778583
2045-02-17 12:00:00,2.9639902,1.8801084,4.1579914,3.540764,5.5501823,1.7748449
2045-02-18 12:00:00,2.6438687,1.8009896,4.5269556,3.0371437,6.53092,2.2327597
2045-02-19 12:00:00,2.038746,1.5328577,4.7979918,3.214273,5.3221045,2.680753
2045-02-20 12:00:00,1.7163823,1.5067909,3.09129,2.408098,4.610996,2.0518048
2045-02-21 12:00:00,1.741635,1.3189214,3.4170372,2.7535503,3.8758743,1.8444501
2045-02-22 12:00:00,1.3019032,1.0478203,4.4858165,3.9054198,4.3312755,3.26103
2045-02-23 12:00:00,1.978857,1.8770167,6.557252,6.0046883,5.2041316,5.0736747
2045-02-24 12:00:00,2.0584788,1.8628913,4.862102,4.7289305,5.6741705,3.9498875
2045-02-25 12:00:00,1.3599048,1.4936777,4.5049925,4.322334,4.7332716,3.6866517
2045-02-26 12:00:00,1.4330208,1.5122247,4.7397895,4.5520077,5.541204,3.6769695
2045-02-27 12:00:00,2.1155496,2.0167613,5.7936234,4.9299164,7.493892,3.584631
2045-02-28 12:00:00,1.8536983,1.8656565,5.659919,3.9223387,6.03216,3.2019694
2045-03-01 12:00:00,1.8622478,1.9945498,6.0651712,5.136063,5.988933,4.2775626
2045-03-02 12:00:00,1.7025881,2.0532722,5.6744027,6.204576,6.6738553,4.587568
2045-03-03 12:00:00,3.002596,2.6049862,3.7210865,5.4120197,7.894291,3.2809176
2045-03-04 12:00:00,1.9803202,1.8832664,2.9256847,5.0553346,7.5452223,2.593409
2045-03-05 12:00:00,1.9780288,1.7264661,3.2458549,5.152774,5.308303,3.3159049
2045-03-06 12:00:00,2.195694,1.9693863,4.3382273,4.3023,4.0244646,4.406313
2045-03-07 12:00:00,4.220251,3.2171547,4.221329,2.2817514,4.027989,2.7834146
2045-03-08 12:00:00,2.3313503,2.0275145,3.608259,5.520625,6.608662,2.9630733
2045-03-09 12:00:00,1.9324706,1.9335271,6.1900697,5.3328648,5.6948547,4.1514907
2045-03-10 12:00:00,3.1335137,2.8676133,5.9747806,7.324967,5.5235195,4.6363544
2045-03-11 12:00:00,4.764436,3.9949095,6.029962,4.8600245,5.267339,4.011246
2045-03-12 12:00:00,2.8024325,2.17492,3.623868,1.9294013,4.3138475,1.6419244
2045-03-13 12:00:00,3.0616508,2.4530132,4.2089143,2.4265773,5.6921544,2.096794
2045-03-14 12:00:00,4.3507743,3.2887957,5.8049717,3.7620497,4.8433366,2.7621014
2045-03-15 12:00:00,2.98984,2.7164958,5.3603635,3.9388325,5.4102373,2.4165244
2045-03-16 12:00:00,2.9279983,2.7153487,5.303726,3.823477,5.6381264,2.892452
2045-03-17 12:00:00,2.25831,2.4506235,4.5572577,4.689793,5.4399037,4.2788877
2045-03-18 12:00:00,2.2837176,2.207048,3.069932,4.70798,5.333676,4.3213215
2045-03-19 12:00:00,1.8057498,1.6132462,2.401017,3.159409,5.121799,3.0110133
2045-03-20 12:00:00,2.5369306,2.406052,2.0194483,5.9354258,5.7596045,2.8217907
2045-03-21 12:00:00,2.2330904,1.9502372,2.8978376,5.2493796,6.5806603,2.9181726
2045-03-22 12:00:00,2.175824,2.3449228,3.2864664,4.08122,6.966859,3.1946902
2045-03-23 12:00:00,2.3751287,2.2083554,2.8244774,4.0895305,3.8805537,2.309791
2045-03-24 12:00:00,3.1008306,2.6920915,3.129629,3.0572357,3.0015204,1.9412348
2045-03-25 12:00:00,3.6246028,2.7583055,3.1123588,2.7425644,3.2058399,2.1954527
2045-03-26 12:00:00,3.728706,2.762672,3.3397036,2.0543487,3.5966232,2.039925
2045-03-27 12:00:00,3.086989,2.2518182,3.869487,2.6783419,5.483316,2.4013026
2045-03-28 12:00:00,1.4340757,1.3642408,3.2186239,2.3568096,4.5345488,2.5274234
2045-03-29 12:00:00,1.5106635,1.3236346,2.9938545,2.4391248,2.679295,2.131897
2045-03-30 12:00:00,1.280412,1.0426747,2.5299609,1.9105135,2.3229818,1.4029778
2045-03-31 12:00:00,1.0132661,1.0138485,2.8927765,4.0167503,3.8770065,2.537841
2045-04-01 12:00:00,3.1571143,2.7431855,6.332879,4.70393,4.298968,4.667647
2045-04-02 12:00:00,3.4621544,3.2157385,3.3929725,4.3915067,4.3381286,2.8617983
2045-04-03 12:00:00,2.048261,1.8589468,3.5755463,2.745536,3.2750707,1.8377624
2045-04-04 12:00:00,2.193748,1.5385648,2.9937148,4.008498,3.1997564,1.6670879
2045-04-05 12:00:00,2.7692862,2.564111,3.0945966,3.5411851,4.2352242,2.7392635
2045-04-06 12:00:00,1.9886725,1.5618316,2.994092,1.9180726,5.078301,1.5141889
2045-04-07 12:00:00,1.8504821,1.4137269,2.6857383,1.6314843,4.013209,1.528047
2045-04-08 12:00:00,2.8138986,2.1981773,2.8875663,2.3527143,3.1868958,1.6481872
2045-04-09 12:00:00,2.0418322,1.5344375,2.2949262,2.2516441,3.203131,1.5793517
2045-04-10 12:00:00,1.9773502,1.6169095,3.0806782,2.962845,3.4229903,1.6138247
2045-04-11 12:00:00,2.6619916,2.0099378,3.9236436,3.1918938,3.879168,1.866018
2045-04-12 12:00:00,2.8273196,2.2034147,3.9432638,3.4760947,4.0672684,1.9981139
2045-04-13 12:00:00,2.1679807,1.7629741,4.0919805,3.5144007,3.025798,1.8359512
2045-04-14 12:00:00,1.3344802,1.1759981,2.5465631,3.6093462,2.7985828,1.8145863
2045-04-15 12:00:00,1.4708185,1.537943,3.9429462,4.060192,3.390972,3.1042287
2045-04-16 12:00:00,2.9817097,3.0507944,5.813155,6.6287255,6.0592403,4.1143155
2045-04-17 12:00:00,1.6616616,1.45754,3.490652,4.1873693,6.3026586,2.2384741
2045-04-18 12:00:00,1.2305962,1.2724662,2.9107988,3.925325,5.0617895,2.2872646
2045-04-19 12:00:00,2.144095,2.0303404,4.11511,3.7950373,4.7532325,3.2708924
2045-04-20 12:00:00,2.8052177,2.6957417,6.0093174,3.6771739,4.353749,4.135221
2045-04-21 12:00:00,3.376584,2.8754258,2.8981674,2.3299448,3.2392695,1.8722956
2045-04-22 12:00:00,1.5368378,1.4833375,3.940467,3.561076,2.7859309,2.802875
2045-04-23 12:00:00,5.1089272,4.6983595,6.0781875,5.7000613,2.9059236,4.4451485
2045-04-24 12:00:00,3.3999882,2.7556453,3.63791,2.0403821,3.2325578,2.3457491
2045-04-25 12:00:00,2.4181626,1.7737437,3.2677767,3.6339343,6.582645,1.8201879
2045-04-26 12:00:00,2.9583302,2.5941782,4.695809,5.0227895,4.5927954,3.3287501
2045-04-27 12:00:00,2.4419727,2.4358745,4.2183905,5.9013066,4.342293,2.6613834
2045-04-28 12:00:00,1.9202518,1.8643134,3.1653466,5.0983577,3.7539332,2.4569194
2045-04-29 12:00:00,0.88748825,1.10836,2.455182,2.8943572,5.488717,1.7657852
2045-04-30 12:00:00,1.8814801,1.5485135,3.0337203,3.028204,4.253663,2.5453184
2045-05-01 12:00:00,1.8155426,1.5541196,3.0017006,3.421624,4.2425942,3.122314
2045-05-02 12:00:00,1.2357928,1.1285983,2.8045673,2.5961387,3.7834392,2.4867864
2045-05-03 12:00:00,1.4986234,1.0955677,3.1327624,1.9666141,4.119295,1.9654957
2045-05-04 12:00:00,2.0877748,1.5084441,2.8746712,2.2474003,3.0358515,2.3988488
2045-05-05 12:00:00,1.3649933,1.4777453,2.7788959,3.0035262,2.6901917,1.9118655
2045-05-06 12:00:00,0.9744704,1.3356389,2.7083454,3.098941,3.612992,1.6823885
2045-05-07 12:00:00,1.9444697,1.598861,2.7409837,2.165579,6.7766953,1.3648624
2045-05-08 12:00:00,1.3699296,1.3643279,2.6386576,1.8521658,4.841775,1.5119135
2045-05-09 12:00:00,1.1232624,1.5300813,3.2980912,1.9640682,3.8261566,2.1553872
2045-05-10 12:00:00,1.8830268,1.6651326,2.730138,2.4867313,4.3840113,1.3304532
2045-05-11 12:00:00,1.5731102,1.172039,2.2582648,2.20551,4.571216,1.645963
2045-05-12 12:00:00,1.9416678,1.7798027,4.484811,2.8022935,3.0366652,3.1857207
2045-05-13 12:00:00,2.4871218,2.3537378,2.8700142,2.954627,3.9003935,2.1879387
2045-05-14 12:00:00,2.0877204,1.9311149,2.5583885,2.9951465,3.1194847,1.2416757
2045-05-15 12:00:00,1.0060756,1.0219889,2.7193623,1.9999746,2.757347,1.3119507
2045-05-16 12:00:00,1.2530593,1.461825,2.554944,1.8944863,2.4314663,1.3598744
2045-05-17 12:00:00,1.3459513,1.2228416,2.2508545,1.9297035,2.2475615,1.2910008
2045-05-18 12:00:00,1.7761152,1.5742536,3.393387,2.979015,2.3784628,3.3014526
2045-05-19 12:00:00,2.6410544,2.3449657,3.1112468,3.4538376,3.360283,1.967694
2045-05-20 12:00:00,1.917104,1.6525697,3.2981935,3.0307815,2.1699955,3.043124
2045-05-21 12:00:00,2.161023,2.2974517,3.516763,3.5195808,3.5839293,2.8788273
2045-05-22 12:00:00,3.5559342,2.9558215,4.840706,3.375697,4.6356487,3.219033
2045-05-23 12:00:00,3.5999894,3.589082,4.602189,6.2819147,5.900154,4.6667447
2045-05-24 12:00:00,1.9556277,1.9854717,3.0547907,5.6259837,6.218417,2.8514025
2045-05-25 12:00:00,2.6721165,2.4396331,3.6469417,3.1306736,4.8634353,2.1282132
2045-05-26 12:00:00,2.6436894,2.4330978,3.7993062,3.8278332,5.300849,2.3522909
2045-05-27 12:00:00,5.206107,4.4617724,2.558468,4.6333957,4.4552126,2.9039087
2045-05-28 12:00:00,2.1404152,2.4414937,3.3945131,3.5167391,3.3341107,2.1343393
2045-05-29 12:00:00,2.1491406,1.8136393,4.8946137,2.7275069,4.3048673,2.189947
2045-05-30 12:00:00,0.9286118,1.0544907,3.8289623,3.1184552,3.6971903,1.6127523
2045-05-31 12:00:00,0.8771784,1.0267184,2.164198,2.3226793,3.889216,1.6200168
2045-06-01 12:00:00,2.0782926,1.9146069,1.7618797,3.6601028,4.7105007,1.6981906
2045-06-02 12:00:00,2.3539062,2.067525,2.6386483,3.7645423,3.8239937,1.5182664
2045-06-03 12:00:00,2.2884572,2.1539419,1.8182164,3.406848,3.5687668,1.5828234
2045-06-04 12:00:00,2.173499,1.8969617,2.1421244,3.2113593,3.9134068,1.4185435
2045-06-05 12:00:00,1.3587013,1.3297282,2.1198707,3.565248,4.303002,1.5503768
2045-06-06 12:00:00,1.6102967,1.4040276,1.6074107,4.0608187,3.1576564,1.5963657
2045-06-07 12:00:00,1.2253921,1.1730667,1.5620296,3.8959785,2.8939693,1.3575652
2045-06-08 12:00:00,1.0924879,1.2126374,1.9671171,4.052635,3.1633496,1.3946146
2045-06-09 12:00:00,1.9577827,2.0436316,2.3741686,4.8874855,4.795779,2.1760826
2045-06-10 12:00:00,2.8857994,2.6668453,2.1277277,5.571054,6.4515343,2.7331867
2045-06-11 12:00:00,2.0229478,1.5935309,2.7336764,4.5698385,5.181636,2.1009915
2045-06-12 12:00:00,2.3003604,1.7502613,2.6565514,3.2625394,3.970188,1.578707
2045-06-13 12:00:00,2.447968,2.0158937,3.559788,2.979855,3.9572399,1.7558558
2045-06-14 12:00:00,2.212928,1.8912714,2.547597,3.8739977,3.7706733,1.7421484
2045-06-15 12:00:00,2.4245324,1.9484818,2.1621885,3.401552,3.3092813,1.5507879
2045-06-16 12:00:00,1.298529,1.6078516,2.730975,3.1611762,3.9696922,1.7137828
2045-06-17 12:00:00,1.6567415,1.5856109,1.8649951,3.4268742,4.7314553,1.3788159
2045-06-18 12:00:00,1.423109,1.2844133,1.9190667,2.3064022,4.9756646,1.5398507
2045-06-19 12:00:00,2.1110127,2.0553153,3.525491,2.2905462,5.647119,1.9614577
2045-06-20 12:00:00,2.5376935,2.2928896,3.034691,2.7984476,3.6537578,2.279423
2045-06-21 12:00:00,1.3815117,1.3785228,3.154992,2.908268,2.896154,1.9213378
2045-06-22 12:00:00,2.2858787,1.7608211,3.2554169,2.572464,2.8734329,1.764192
2045-06-23 12:00:00,3.8148105,3.0136042,4.70563,3.3099432,3.9968615,2.39235
2045-06-24 12:00:00,2.4803598,1.7739489,3.3948672,3.1698854,4.9547195,2.5619092
2045-06-25 12:00:00,2.617856,2.0081155,3.9075196,2.6655114,3.2136312,2.3576746
2045-06-26 12:00:00,4.268064,3.6152053,6.6886,4.1270185,3.858982,3.2949767
2045-06-27 12:00:00,4.0330257,3.1074626,4.3199825,4.4974146,5.283078,2.762896
2045-06-28 12:00:00,1.3338785,1.6020423,4.269354,2.6184323,3.7392159,2.7367916
2045-06-29 12:00:00,1.4929954,1.3291852,2.9027066,2.0966487,2.3179486,1.8351115
2045-06-30 12:00:00,2.9379044,2.434902,4.0483003,3.2472775,2.1308339,2.9931512
2045-07-01 12:00:00,2.1834269,1.9553366,3.8218222,3.3875382,3.6067758,2.7622185
2045-07-02 12:00:00,1.91921,2.183485,3.0431957,4.266562,4.1068597,2.0367148
2045-07-03 12:00:00,2.5983992,2.3392465,3.095344,3.4339504,4.29789,2.1489587
2045-07-04 12:00:00,2.5879378,2.3464897,3.4936447,2.9443667,3.5919597,2.0679317
2045-07-05 12:00:00,1.8765479,1.5619668,2.8458207,2.5551627,2.8103287,1.7599226
2045-07-06 12:00:00,1.3721704,1.1924556,2.2614546,2.3326843,2.3387506,1.5027941
2045-07-07 12:00:00,2.0596266,1.5017929,2.4694946,2.5763004,2.2278912,1.4174159
2045-07-08 12:00:00,2.453292,1.8443547,2.635857,2.8231215,3.0432,1.4956038
2045-07-09 12:00:00,2.027947,1.4321672,2.7709255,3.0061026,3.1657243,1.4965379
2045-07-10 12:00:00,1.7490071,1.4922776,2.1499455,3.742632,3.1399093,1.3506036
2045-07-11 12:00:00,1.8496499,1.5715168,2.0450056,3.077988,2.6904433,1.1796192
2045-07-12 12:00:00,2.3475976,1.6946579,2.3145463,3.6278253,2.5425928,1.4587948
2045-07-13 12:00:00,1.5205519,1.4609299,3.042469,4.362828,3.0350943,1.427206
2045-07-14 12:00:00,0.9460426,1.072777,3.642994,4.5507646,4.7815337,1.4898118
2045-07-15 12:00:00,1.1391969,1.3968778,3.7157645,3.610653,4.7565703,1.2440128
2045-07-16 12:00:00,2.2280853,1.8949459,2.9714603,2.5554168,4.3866253,1.6263078
2045-07-17 12:00:00,1.816361,1.4755951,2.5623007,2.267093,3.728697,1.2125632
2045-07-18 12:00:00,1.6416209,1.2954974,2.5594316,1.7677064,2.9492464,1.2843897
2045-07-19 12:00:00,2.2143648,1.8196251,2.7219837,3.3981338,3.7684155,2.1189058
2045-07-20 12:00:00,1.6014411,1.4562873,2.4604661,3.6464353,3.8124526,1.9165052
2045-07-21 12:00:00,2.315011,2.229126,3.4573107,3.6287365,2.9878993,3.0969288
2045-07-22 12:00:00,1.6077375,1.3647702,3.5800934,3.8965335,3.7551546,2.61789
2045-07-23 12:00:00,2.4899418,2.2787516,3.141473,5.2608757,3.7177246,2.2880285
2045-07-24 12:00:00,1.5837467,1.7760627,1.9595432,5.219201,2.825442,1.8489795
2045-07-25 12:00:00,1.849522,1.483185,2.553335,4.1751275,2.6373918,1.5096976
2045-07-26 12:00:00,1.8163722,1.5241122,2.3412244,4.2126346,2.663047,1.7809893
2045-07-27 12:00:00,2.0952377,1.954305,2.1928587,5.4928327,2.6681743,3.2595847
2045-07-28 12:00:00,2.2511055,2.1600866,3.0634816,5.228237,4.395711,3.7906141
2045-07-29 12:00:00,2.6785922,2.71428,4.297971,5.015787,5.3380017,4.1663985
2045-07-30 12:00:00,4.3929324,4.0234237,5.758855,6.0292993,4.7467895,4.38448
2045-07-31 12:00:00,2.9908614,2.840563,5.502968,3.545371,7.637701,3.4052062
2045-08-01 12:00:00,2.276053,1.6499547,2.7517982,3.9629116,5.3459525,2.173386
2045-08-02 12:00:00,0.98875225,1.030636,1.9291444,2.748463,3.218265,1.3489646
2045-08-03 12:00:00,2.619125,2.1990378,4.3537216,3.4050977,3.3110173,1.8576106
2045-08-04 12:00:00,3.3259277,2.490007,3.8797987,3.5088103,4.681874,1.7910475
2045-08-05 12:00:00,2.7153106,2.0122519,3.5536447,3.1376266,3.6629074,1.6835551
2045-08-06 12:00:00,3.061685,1.7792611,2.5197103,3.3639264,2.7997088,1.3006394
2045-08-07 12:00:00,1.0404016,0.97479606,2.4196036,2.1328065,1.7991283,1.2893511
2045-08-08 12:00:00,1.3631229,1.2827504,3.0415342,2.0961945,2.5629575,1.5709991
2045-08-09 12:00:00,1.1817863,1.1979454,2.5475214,2.5465546,2.6014068,1.1564988
2045-08-10 12:00:00,0.8641777,1.1265905,2.6849146,2.1804125,2.9296224,1.2774937
2045-08-11 12:00:00,1.7660184,1.6384313,2.8840654,1.9455804,2.1768758,1.3495709
2045-08-12 12:00:00,1.2594135,1.2174939,2.5732434,1.8899708,1.9883654,1.3767672
2045-08-13 12:00:00,1.236762,1.2597407,2.727395,2.1211925,1.9463022,1.4863608
2045-08-14 12:00:00,1.2785527,1.1736897,2.727571,2.0250442,2.592522,1.5963593
2045-08-15 12:00:00,1.3853524,1.7124104,4.0052586,3.3084726,2.3258464,2.8598907
2045-08-16 12:00:00,1.7130646,1.602556,3.827995,4.081574,2.774305,2.1544771
2045-08-17 12:00:00,1.1767409,1.2463704,2.7167168,3.0950441,3.4073596,1.2389789
2045-08-18 12:00:00,1.1473484,1.0395961,2.2519693,1.7335385,2.8935697,1.2841727
2045-08-19 12:00:00,0.87609327,1.0381975,2.5485592,3.2218447,4.478455,1.8801243
2045-08-20 12:00:00,1.5566472,1.4020094,3.1692657,2.8236556,3.7587762,1.8540128
2045-08-21 12:00:00,2.9314337,2.3656862,4.3913007,3.4611938,2.7409258,2.7073798
2045-08-22 12:00:00,3.0745687,2.5880966,3.9693186,2.6140597,2.806684,2.661926
2045-08-23 12:00:00,1.527748,1.444734,3.131683,2.5982733,3.791155,1.6274893
2045-08-24 12:00:00,1.2730967,1.1259699,2.3546414,2.011473,2.2566404,1.198296
2045-08-25 12:00:00,0.93501085,0.92032385,2.232103,2.2868042,3.0869272,1.8568076
2045-08-26 12:00:00,1.7531227,1.3301098,3.0850832,3.6229794,3.1384733,1.8782377
2045-08-27 12:00:00,1.3365511,1.3679994,4.3527303,4.972416,2.9054735,3.0149403
2045-08-28 12:00:00,1.6947229,1.8915298,4.5550046,3.7952867,2.71053,3.47752
2045-08-29 12:00:00,1.8119863,1.6903466,2.4090652,4.8671045,5.038899,1.8947082
2045-08-30 12:00:00,2.2026298,1.7638975,2.593471,4.017985,4.4932694,1.1548755
2045-08-31 12:00:00,2.3672051,1.8266846,3.8927612,2.7404158,3.2107265,1.4935267
2045-09-01 12:00:00,2.3546984,1.6934655,4.086621,2.8109422,2.1415615,1.4944301
2045-09-02 12:00:00,1.9959517,1.5446672,3.7133107,1.8937414,1.6085719,1.4374142
2045-09-03 12:00:00,1.8313353,1.3234104,3.5495908,1.9525806,2.291601,1.5644573
2045-09-04 12:00:00,1.8159193,1.4276358,3.341624,2.277491,2.8480682,1.4805387
2045-09-05 12:00:00,1.1388228,1.0606273,2.3360782,1.9192916,2.5137234,1.2982355
2045-09-06 12:00:00,0.8339226,0.9740232,1.8027323,3.5293365,3.0760155,1.2762307
2045-09-07 12:00:00,1.4312234,1.1796172,1.8996927,5.45426,4.6580634,1.9828147
2045-09-08 12:00:00,1.9183962,1.5367987,2.2683775,6.003349,4.203332,2.1516032
2045-09-09 12:00:00,1.2962368,1.1691428,2.0734994,3.9997773,3.6477513,1.1930999
2045-09-10 12:00:00,0.8934541,1.0066549,1.6148382,1.6145586,3.982976,1.1448314
2045-09-11 12:00:00,1.4190217,1.402117,2.2008033,1.6234775,3.0245986,1.448081
2045-09-12 12:00:00,1.6786461,1.7588183,3.0464358,3.429662,2.8101478,2.4765468
2045-09-13 12:00:00,1.7002162,1.6854048,4.323495,2.884526,3.0463848,2.4706886
2045-09-14 12:00:00,1.4576523,1.4196613,4.3019195,5.4957094,3.859789,3.2953553
2045-09-15 12:00:00,1.2172278,1.3011607,3.8827803,5.135257,3.8203847,2.8529174
2045-09-16 12:00:00,1.5715046,1.601459,4.883555,5.0159826,4.1324406,3.509786
2045-09-17 12:00:00,3.1071987,2.5702994,5.133803,4.2670593,5.1654515,3.6541154
2045-09-18 12:00:00,4.4030266,3.60079,6.767898,4.6209283,7.150915,4.59168
2045-09-19 12:00:00,3.5277305,2.9293246,5.213519,3.9666224,5.960628,3.534654
2045-09-20 12:00:00,2.4000747,2.3790548,3.9773161,2.9926188,3.9426594,2.495919
2045-09-21 12:00:00,2.372375,2.1956797,4.5747285,3.4048738,3.219327,1.9592642
2045-09-22 12:00:00,2.6926022,2.0251818,4.1538005,2.5231318,3.0615816,2.030022
2045-09-23 12:00:00,2.0886745,2.070754,3.4724922,2.64736,4.2878494,1.7539443
2045-09-24 12:00:00,1.2215227,1.0459646,1.7768297,1.5249217,3.9731529,0.8542993
2045-09-25 12:00:00,0.7864448,0.78826785,2.0920415,1.1619883,2.660966,1.1005216
2045-09-26 12:00:00,1.1506846,1.290183,2.6460934,2.6951275,2.6231678,1.6464905
2045-09-27 12:00:00,1.367338,1.2548382,2.9999042,2.4024725,2.755828,1.3599416
2045-09-28 12:00:00,0.97456783,0.9270261,1.7936593,3.054818,2.783363,1.0741811
2045-09-29 12:00:00,0.84202766,0.8675372,2.0214667,3.0132494,2.6286466,1.792413
2045-09-30 12:00:00,1.4333851,1.1497011,2.8132668,3.6395767,3.768414,1.7111082
2045-10-01 12:00:00,1.7030206,1.5732722,5.554964,2.3478053,3.3318195,2.1769812
2045-10-02 12:00:00,1.9812001,1.6675341,4.9438615,2.684028,3.051596,2.20386
2045-10-03 12:00:00,2.3581505,2.271298,5.867718,4.4976106,3.7013977,2.9776497
2045-10-04 12:00:00,3.0390186,2.601836,5.4092937,4.451678,4.507806,2.9517548
2045-10-05 12:00:00,3.4048953,2.8164012,5.395587,4.305569,3.3402166,2.6096723
2045-10-06 12:00:00,2.643818,2.3524868,3.6242137,4.534763,4.829141,2.3682408
2045-10-07 12:00:00,2.8457203,2.1740844,3.657422,3.9995828,4.8607254,2.6746662
2045-10-08 12:00:00,1.7077196,1.6792651,2.4077804,4.490888,5.127235,2.343264
2045-10-09 12:00:00,1.303364,1.4048256,2.6240969,4.6358957,5.0783978,1.7697232
2045-10-10 12:00:00,0.94606435,1.0531468,2.731717,3.9737196,5.484011,2.311283
2045-10-11 12:00:00,1.2344017,1.4557618,3.8722818,4.3755927,7.550571,3.005334
2045-10-12 12:00:00,1.6933873,1.4397796,3.4054372,3.5902934,6.5638146,2.206874
2045-10-13 12:00:00,1.3617136,1.2006507,4.0364943,3.164036,5.0109334,2.70027
2045-10-14 12:00:00,1.4208553,1.3479702,4.153503,2.7487104,3.323078,2.4109507
2045-10-15 12:00:00,2.0053182,1.8605407,5.0872955,3.3106906,3.4221628,2.409739
2045-10-16 12:00:00,2.9313915,2.5906794,5.9994555,4.8115206,2.967617,3.0025456
2045-10-17 12:00:00,3.3913434,2.9221334,6.275492,4.9203124,3.4569209,3.0864935
2045-10-18 12:00:00,3.578504,3.1434677,4.0830345,5.1241317,3.6270447,2.4220397
2045-10-19 12:00:00,1.8866386,2.0337386,2.942925,4.2325077,3.7322474,1.7173092
2045-10-20 12:00:00,1.8385155,1.6841158,4.8046775,3.8954608,4.891429,2.4765773
2045-10-21 12:00:00,1.9385784,1.8143467,3.787769,4.0734687,4.1761675,3.4417272
2045-10-22 12:00:00,1.5419507,1.4252416,4.6218457,3.2405698,3.1087282,3.5555677
2045-10-23 12:00:00,2.3580024,2.0904984,5.8128076,4.1912975,3.0667415,3.8769784
2045-10-24 12:00:00,2.5744796,2.223793,5.07172,4.5020356,3.62735,3.386379
2045-10-25 12:00:00,1.8773594,1.7493753,4.1011963,5.855299,3.6607764,3.9480255
2045-10-26 12:00:00,2.2046015,1.7820414,3.8051083,3.5828142,4.619901,3.0101345
2045-10-27 12:00:00,0.8977927,1.2479246,1.8735837,2.5408914,4.8778467,1.6355686
2045-10-28 12:00:00,1.1060596,1.380444,2.7702277,2.4577966,5.149917,2.4142969
2045-10-29 12:00:00,1.5395032,1.5097919,2.1924965,4.25546,8.040952,1.8691458
2045-10-30 12:00:00,2.2185218,2.1181028,3.563465,6.501979,6.0493693,3.1954057
2045-10-31 12:00:00,3.3719678,3.466337,7.157852,7.0621314,6.1033106,5.1585135
2045-11-01 12:00:00,2.5230618,2.523511,4.813088,3.6972394,5.122849,3.048302
2045-11-02 12:00:00,1.9708279,1.971819,4.2924767,4.7136383,3.8266752,2.2953863
2045-11-03 12:00:00,2.9494298,2.6138237,7.1726756,4.671649,3.1327038,3.1959524
2045-11-04 12:00:00,3.71178,3.14115,7.0838313,4.6739016,3.807563,3.2520978
2045-11-05 12:00:00,4.6869044,4.069195,4.482434,5.4761515,4.268331,3.074044
2045-11-06 12:00:00,2.3434873,2.4748056,1.9881229,5.733452,4.192825,1.8419207
2045-11-07 12:00:00,1.2830161,1.0524954,3.0608816,2.7204373,5.3941555,2.6328459
2045-11-08 12:00:00,2.2172637,1.8150228,2.815515,2.1818714,7.0480084,2.1457117
2045-11-09 12:00:00,0.55891776,0.9431398,3.4361956,1.751165,5.584736,1.811801
2045-11-10 12:00:00,1.3278005,1.2194769,3.6475925,3.9516006,4.135062,2.454113
2045-11-11 12:00:00,0.82403415,1.1345307,1.9905839,4.062645,3.4895222,2.082651
2045-11-12 12:00:00,1.3653169,1.4102973,3.2933087,3.0471869,3.366555,1.4971639
2045-11-13 12:00:00,1.9586165,2.1448586,6.711684,3.622978,3.574464,4.726527
2045-11-14 12:00:00,1.1929853,1.166066,5.2125077,2.4029925,2.927829,2.6335618
2045-11-15 12:00:00,0.9850366,1.3152734,5.227845,3.3047779,3.7791376,2.9996583
2045-11-16 12:00:00,1.6468605,1.6341624,4.662652,3.7692587,5.6976495,2.6944742
2045-11-17 12:00:00,1.7317771,1.5683566,4.920796,5.7220807,7.50245,3.4927151
2045-11-18 12:00:00,1.5326672,2.0150075,5.0571594,5.509168,7.4414196,3.3351626
2045-11-19 12:00:00,2.2461538,2.112549,4.486964,6.573808,5.20944,3.9646504
2045-11-20 12:00:00,2.5908184,1.9945081,5.019963,3.7349076,4.620081,3.6862166
2045-11-21 12:00:00,3.098568,2.7259655,6.8274784,4.648724,6.605006,4.662591
2045-11-22 12:00:00,3.3058963,2.9112227,4.5113564,4.965998,7.5083356,3.7423484
2045-11-23 12:00:00,1.2251174,1.1872452,3.3228426,4.5759172,6.0094237,3.1298149
2045-11-24 12:00:00,1.7736079,1.7070663,4.940079,5.046764,5.402851,4.1957283
2045-11-25 12:00:00,1.212054,1.2716442,4.012421,4.561656,4.4860673,3.989813
2045-11-26 12:00:00,1.5946256,1.4398966,2.8551288,5.226856,4.8490424,3.549763
2045-11-27 12:00:00,1.2226689,1.1691786,4.3819036,4.774391,6.135226,3.4158142
2045-11-28 12:00:00,1.6954587,1.4440352,3.1550274,3.7837896,5.0023737,2.435228
2045-11-29 12:00:00,2.3291512,2.3703775,6.273836,5.732516,5.253549,4.5721364
2045-11-30 12:00:00,2.7767212,2.5703175,3.6655478,4.986008,6.155605,2.9826214
2045-12-01 12:00:00,2.2428174,2.2030213,5.8280387,6.0715685,5.7959843,4.7166986
2045-12-02 12:00:00,4.720149,3.483221,9.571299,6.4265924,6.523814,4.651588
2045-12-03 12:00:00,3.7434988,2.862757,6.446687,5.9014196,4.6556,4.9571567
2045-12-04 12:00:00,2.4011607,2.451696,4.403471,5.297871,3.1450932,3.0143018
2045-12-05 12:00:00,0.99893045,1.1810087,2.8838792,3.5325928,2.9826922,2.040231
2045-12-06 12:00:00,0.76045626,0.9095231,2.3991098,3.2983363,2.8812418,1.9251316
2045-12-07 12:00:00,1.7010981,1.8485825,2.065155,3.2365499,2.8651452,1.7582749
2045-12-08 12:00:00,1.5461962,1.4633923,3.919652,2.836773,3.6562862,2.3014967
2045-12-09 12:00:00,2.029024,1.6105784,6.435873,3.8757565,3.5705404,3.159377
2045-12-10 12:00:00,2.6241684,2.4976666,4.9138107,5.213608,3.785495,2.7002742
2045-12-11 12:00:00,1.5770596,1.6041235,5.330634,5.4595323,4.360711,3.7129734
2045-12-12 12:00:00,1.9844975,1.9824164,6.2731786,5.170676,4.6646996,3.8737202
2045-12-13 12:00:00,3.023199,2.7673392,5.304792,5.818724,5.2590594,3.450742
2045-12-14 12:00:00,1.994617,1.8658301,4.7519646,5.0247126,5.790682,3.3998835
2045-12-15 12:00:00,1.0007566,1.0359037,3.4393723,4.020155,3.376764,3.3656714
2045-12-16 12:00:00,2.9074101,2.6516142,5.7544127,5.910886,3.9675944,4.4414096
2045-12-17 12:00:00,2.326499,1.867278,4.9919577,5.5250673,6.1533384,3.7520669
2045-12-18 12:00:00,1.6359204,1.4949347,4.265258,5.240438,5.5519133,3.5424788
2045-12-19 12:00:00,3.3146372,2.8585498,7.378094,6.718813,6.3949037,5.6282144
2045-12-20 12:00:00,3.9245358,3.4774442,6.012158,5.800993,7.0522656,4.2498527
2045-12-21 12:00:00,4.032226,3.1253057,4.9427667,4.5105047,5.604874,3.1349964
2045-12-22 12:00:00,2.0260043,1.952079,4.3164253,5.655628,5.882205,3.5289354
2045-12-23 12:00:00,2.813961,2.5919836,6.7740197,4.930135,6.9616604,3.6255565
2045-12-24 12:00:00,2.51454,2.5669417,5.884534,5.4720826,6.1555343,3.7742128
2045-12-25 12:00:00,2.8143508,2.7640634,6.6446724,5.397048,5.3518705,4.2248373
2045-12-26 12:00:00,3.1204696,3.0002027,5.3135643,5.7264943,5.941935,3.978677
2045-12-27 12:00:00,1.3173798,1.3777666,3.9798245,4.4436097,4.914464,3.165088
2045-12-28 12:00:00,0.95956665,1.0067335,4.2454257,4.1467643,4.286499,3.783488
2045-12-29 12:00:00,1.1212996,1.1385984,5.963009,4.3213825,4.1418147,3.939915
2045-12-30 12:00:00,4.2795925,3.8651576,9.08881,8.120052,4.9214625,6.980736
2045-12-31 12:00:00,2.4090319,2.5036304,4.2404594,6.9597287,5.41001,4.757433
2046-01-01 12:00:00,2.6247435,2.346618,4.7647166,5.150494,4.8348484,3.5489652
2046-01-02 12:00:00,1.1799133,1.297959,4.2318463,3.4649277,4.0176435,2.6746025
2046-01-03 12:00:00,2.8550887,2.5409415,5.4943075,5.226132,4.8055024,3.9929583
2046-01-04 12:00:00,1.569823,1.4508983,3.735561,3.8869257,4.6373143,2.2738276
2046-01-05 12:00:00,1.0592611,1.1988162,3.7433825,4.072654,4.0787024,2.3012881
2046-01-06 12:00:00,2.9031968,1.9286209,4.030526,2.8113396,4.47913,1.9557543
2046-01-07 12:00:00,0.59189785,0.6298556,2.0261075,3.7547495,4.607605,1.528764
2046-01-08 12:00:00,0.9768082,1.146323,2.4852424,5.6016192,4.281126,1.8127908
2046-01-09 12:00:00,0.9758966,1.2010657,2.5510027,4.333302,3.5791488,2.6881917
2046-01-10 12:00:00,0.91171783,0.9227819,3.3859787,2.54656,3.3815954,2.495866
2046-01-11 12:00:00,1.872276,1.4353927,3.4216332,2.567422,2.885499,1.5167348
2046-01-12 12:00:00,3.6099324,2.2606366,4.2195687,2.8507273,4.412556,2.1275907
2046-01-13 12:00:00,2.4623,1.771947,2.5248115,3.7406025,3.9279768,1.7868329
2046-01-14 12:00:00,1.1455795,1.2443879,2.5864036,4.2357097,4.4728627,1.8443325
2046-01-15 12:00:00,2.1642084,1.6597836,4.109988,4.2541986,5.1805587,1.6800226
2046-01-16 12:00:00,1.4948533,1.5555499,4.2985663,5.1214986,5.021758,3.3203456
2046-01-17 12:00:00,2.7284298,2.6188698,6.6708345,7.506721,10.010287,4.9768534
2046-01-18 12:00:00,2.5492082,2.2896686,4.7251453,6.615302,9.112847,3.7524302
2046-01-19 12:00:00,1.188148,1.2977091,2.7251484,4.962899,5.5231876,1.9425259
2046-01-20 12:00:00,1.2214698,1.4376584,2.156617,3.0520835,4.278944,2.1662765
2046-01-21 12:00:00,0.75587547,0.9240716,1.9405649,4.2907023,4.4093213,2.3523977
2046-01-22 12:00:00,0.7544876,1.1328448,3.399864,5.088242,3.7274132,2.6727269
2046-01-23 12:00:00,1.5840714,1.60268,4.93496,5.812884,4.3230734,3.513725
2046-01-24 12:00:00,2.5321088,2.1051555,5.930051,5.895515,5.34157,3.1180387
2046-01-25 12:00:00,1.2885262,1.6196799,2.9296076,6.956325,5.628314,2.800488
2046-01-26 12:00:00,2.582707,2.182671,6.3646817,6.658844,3.988737,4.850613
2046-01-27 12:00:00,3.5636475,2.9546468,6.8439636,5.3998084,3.7951045,4.8890767
2046-01-28 12:00:00,1.68455,1.7399361,3.8432481,5.6385937,3.9954467,2.6141622
2046-01-29 12:00:00,1.2527491,1.4927381,3.2434855,4.3156714,4.090377,1.8052167
2046-01-30 12:00:00,1.2938328,1.4432604,3.6047635,4.839119,4.2758484,2.40389
2046-01-31 12:00:00,3.7953277,3.0221438,7.416984,7.323583,4.911221,5.035095
2046-02-01 12:00:00,2.4531388,1.985169,5.019797,5.98324,4.7910347,3.5456512
2046-02-02 12:00:00,1.1945434,1.1386418,3.4706004,2.5374076,3.240722,2.0781348
2046-02-03 12:00:00,2.771985,1.9653797,3.445164,2.6235733,4.3476524,1.8008866
2046-02-04 12:00:00,2.7047186,2.1097276,2.3773456,2.8655066,4.6259685,1.9661489
2046-02-05 12:00:00,2.8150535,1.8456473,3.3251567,2.7488976,4.0973167,1.6756531
2046-02-06 12:00:00,0.9692568,1.0149881,2.5596015,3.1686895,5.516295,2.3572776
2046-02-07 12:00:00,0.68015516,0.748138,2.8004284,3.2169785,3.5441453,2.2737494
2046-02-08 12:00:00,0.6062859,0.91281945,3.9743485,3.102538,2.2357333,2.298121
2046-02-09 12:00:00,0.85116315,1.0523769,4.7266936,3.1250093,3.5391161,2.412588
2046-02-10 12:00:00,0.980245,1.0306791,4.845309,2.8104384,4.5434566,3.020363
2046-02-11 12:00:00,1.777096,1.4699557,4.602307,2.2787373,4.2707925,2.2621686
2046-02-12 12:00:00,2.197093,1.7881068,2.5810103,2.6746716,3.4914684,1.7205753
2046-02-13 12:00:00,1.41993,1.3959765,4.0963907,3.790715,4.3565655,2.7069867
2046-02-14 12:00:00,2.7818918,1.9640478,4.3167734,2.7642229,5.2200847,2.078478
2046-02-15 12:00:00,3.326593,2.3668683,2.8819156,3.7064447,4.8367605,1.7372621
2046-02-16 12:00:00,3.0916843,2.1875644,4.0441847,3.9993987,4.720796,1.9735099
2046-02-17 12:00:00,2.838655,2.5397208,5.0745215,5.0810933,3.3155696,3.1804018
2046-02-18 12:00:00,2.2121434,1.7795098,4.5759573,3.5047646,3.8833735,2.884598
2046-02-19 12:00:00,2.5507083,2.1204538,3.559195,2.48463,3.9125154,1.6043603
2046-02-20 12:00:00,1.6408483,1.3961557,2.9673867,2.4101982,3.67975,1.6653401
2046-02-21 12:00:00,2.004416,1.7515385,2.0152433,3.4538307,3.9949887,2.1027586
2046-02-22 12:00:00,1.8801742,1.6816157,2.62922,2.4943151,5.6712894,1.9912844
2046-02-23 12:00:00,3.1574554,2.261578,4.0351067,3.1718035,4.939125,2.3724587
2046-02-24 12:00:00,4.746213,3.5300372,5.311477,3.110216,5.292917,2.7612858
2046-02-25 12:00:00,4.530771,3.186576,6.0090766,3.1292324,5.6829166,2.892455
2046-02-26 12:00:00,2.5500016,2.4028387,3.4864683,4.9668694,4.7125006,2.432375
2046-02-27 12:00:00,1.8230492,2.2328076,3.5291157,4.956208,4.8667483,3.3626142
2046-02-28 12:00:00,3.7552278,3.7356088,4.654886,4.945549,4.4505205,3.9760654
2046-03-01 12:00:00,2.1308646,1.7105368,3.6142147,4.217636,4.7274947,2.744587
2046-03-02 12:00:00,1.6977468,1.3918787,3.2908564,3.1337469,3.1312428,2.016964
2046-03-03 12:00:00,0.9394719,1.1608775,2.9229047,4.2786965,3.8177013,1.7938259
2046-03-04 12:00:00,0.8334135,1.1696001,2.3197534,2.856716,3.7473788,1.8293518
2046-03-05 12:00:00,1.4141757,1.3503879,2.8046947,4.4376144,5.483119,2.588882
2046-03-06 12:00:00,1.0316932,1.3538542,3.6249042,5.634402,5.3818913,3.241371
2046-03-07 12:00:00,3.422246,2.7831547,5.50404,4.132793,5.2161627,3.9940636
2046-03-08 12:00:00,1.9364097,1.6185923,3.9164312,4.1135645,3.6017416,2.2795153
2046-03-09 12:00:00,1.3023918,1.3254853,4.3357406,4.5500636,3.2140782,2.8521078
2046-03-10 12:00:00,2.6891985,2.554163,4.914028,4.4333467,3.9422178,3.5450506
2046-03-11 12:00:00,1.1594539,1.2128407,3.0967827,2.8952072,4.464222,2.3536966
2046-03-12 12:00:00,1.4647305,1.4277748,1.6972785,2.6071084,3.8134944,1.4532734
2046-03-13 12:00:00,1.9108138,1.8289328,3.6251323,4.095584,3.8654892,2.4842231
2046-03-14 12:00:00,2.5019045,2.763003,6.987113,6.481746,4.7778645,3.892457
2046-03-15 12:00:00,2.4935493,2.5260324,6.7656016,6.410816,4.9727945,4.033215
2046-03-16 12:00:00,2.3907356,2.2345731,3.5091298,5.449406,4.338083,3.6870549
2046-03-17 12:00:00,1.5199223,1.2843096,4.2031,4.6220856,3.6479642,2.9295986
2046-03-18 12:00:00,1.8411086,2.198715,7.65877,4.4454775,5.528261,5.1598825
2046-03-19 12:00:00,2.710789,2.9250474,6.220314,5.5479293,4.881252,4.5550957
2046-03-20 12:00:00,3.6361394,3.4504116,7.545296,6.6205106,5.7643704,6.033097
2046-03-21 12:00:00,3.3732963,3.6552663,6.669922,6.1010156,7.365892,5.9430623
2046-03-22 12:00:00,3.1025276,3.7403526,6.9144053,5.6628404,6.095623,5.5441675
2046-03-23 12:00:00,2.7154036,2.979243,6.2319508,4.1531067,5.8362203,3.6630807
2046-03-24 12:00:00,2.4728415,2.2677402,4.6814585,4.1672106,5.52226,3.0346508
2046-03-25 12:00:00,1.5928288,1.7377851,4.247832,3.8934968,4.3796296,3.531914
2046-03-26 12:00:00,1.8989189,2.2031865,5.09645,4.055932,3.6471167,3.9991941
2046-03-27 12:00:00,2.3441417,2.626118,3.421081,4.2022543,5.130847,3.5623593
2046-03-28 12:00:00,1.318429,1.4788396,2.1132264,3.207724,4.543428,2.1195073
2046-03-29 12:00:00,1.5318655,1.5564456,3.3557198,3.8620267,6.142479,3.37341
2046-03-30 12:00:00,3.164515,2.711662,5.1985593,4.4934773,6.834503,4.1241894
2046-03-31 12:00:00,3.8035457,3.2310824,4.8277006,5.643636,5.7651525,3.9449596
2046-04-01 12:00:00,2.961586,2.4290001,4.217238,4.209371,7.0313435,2.7668276
2046-04-02 12:00:00,3.4169612,3.044059,4.6573358,5.579267,4.258705,3.6192691
2046-04-03 12:00:00,2.8822503,2.1036408,3.5868683,4.705439,5.154413,3.0416667
2046-04-04 12:00:00,2.700966,2.3813975,3.3029656,5.1799774,4.902482,3.513233
2046-04-05 12:00:00,1.9911894,1.9180236,3.343288,4.8452077,5.6145225,2.4781277
2046-04-06 12:00:00,2.9446974,2.583624,5.2993426,4.678694,5.357806,4.5720754
2046-04-07 12:00:00,1.6773725,1.6402082,4.3043404,3.3165326,4.700808,3.8527167
2046-04-08 12:00:00,1.0554699,1.2595819,2.508805,2.5101638,4.2921133,1.612634
2046-04-09 12:00:00,1.2493567,1.2648681,1.624499,2.4596279,4.9524293,1.3313841
2046-04-10 12:00:00,1.0201287,1.0113478,2.5332046,1.9312619,5.0746136,1.4811354
2046-04-11 12:00:00,3.7579517,3.396107,6.144347,4.2329063,5.856897,3.0883746
2046-04-12 12:00:00,2.9402494,2.6687307,3.9165437,4.4533863,6.728422,2.0787263
2046-04-13 12:00:00,3.1635234,2.257261,3.5369828,4.062463,4.7876353,2.5612752
2046-04-14 12:00:00,2.875331,2.9088795,6.3991003,4.893994,3.491097,4.947582
2046-04-15 12:00:00,3.0940847,2.8307948,5.108808,4.4062114,3.9038045,4.4048448
2046-04-16 12:00:00,2.5862963,2.5320632,5.285682,4.0187497,3.2272696,4.0181074
2046-04-17 12:00:00,4.440818,3.7441888,6.4184017,3.859844,4.864881,4.3582315
2046-04-18 12:00:00,2.8097944,2.4250143,4.5165033,5.39942,5.728076,3.2084377
2046-04-19 12:00:00,1.4490516,1.422259,3.2008526,3.6520817,4.2329564,2.096218
2046-04-20 12:00:00,2.478014,1.9180168,2.5106375,2.715201,3.414173,1.9280837
2046-04-21 12:00:00,2.8406456,2.315105,2.8708856,3.7121713,2.6720335,1.921291
2046-04-22 12:00:00,2.4463246,1.8434714,3.5354197,2.5932071,2.4187646,1.8420578
2046-04-23 12:00:00,1.5040264,1.2347499,2.513663,1.575768,3.2417226,1.2265822
2046-04-24 12:00:00,2.1773028,1.7090597,2.2343628,2.5391371,5.413438,1.6008652
2046-04-25 12:00:00,1.9448292,1.8618174,2.3599284,2.7695236,5.7961082,1.5114728
2046-04-26 12:00:00,1.8261669,1.6086245,3.2396736,3.6159654,5.5276065,1.7683665
2046-04-27 12:00:00,2.907083,2.6737926,5.3941154,4.137505,4.759438,2.2256184
2046-04-28 12:00:00,2.9808087,2.619991,4.858121,4.2422075,4.055486,2.6055179
2046-04-29 12:00:00,3.367104,2.9107056,3.84277,3.5533366,4.9745555,1.9698458
2046-04-30 12:00:00,4.064701,3.5620124,4.369053,4.465145,5.146281,2.1912234
2046-05-01 12:00:00,3.1962094,2.9180636,4.516099,4.176023,4.9510956,2.1833982
2046-05-02 12:00:00,2.9264624,2.6266005,5.1842937,3.1232953,4.7385006,2.668656
2046-05-03 12:00:00,2.9381652,2.7261806,5.5180435,3.6655445,4.5777793,2.4565969
2046-05-04 12:00:00,2.5926423,2.208921,3.8301713,5.290008,3.8065865,2.498645
2046-05-05 12:00:00,3.0369697,2.7762532,4.131908,4.2439227,4.900777,4.3621135
2046-05-06 12:00:00,2.6438208,2.097504,3.4053519,2.6111395,5.831115,2.145696
2046-05-07 12:00:00,2.4146304,2.3138738,4.940209,3.2338355,4.7872314,2.6121786
2046-05-08 12:00:00,2.8685896,2.519143,4.7535834,2.9410603,3.5400598,2.5830498
2046-05-09 12:00:00,3.1037068,2.5309453,4.2872195,2.6354213,3.7447422,2.66514
2046-05-10 12:00:00,3.6874783,3.1563761,5.7933064,4.035177,6.02843,3.4745696
2046-05-11 12:00:00,4.42177,3.9480228,7.082049,4.9647646,6.1504993,5.0737176
2046-05-12 12:00:00,3.4871397,2.5865505,6.7072835,2.9883192,4.047122,2.9066396
2046-05-13 12:00:00,2.8200202,2.582073,5.6792316,3.9745586,5.7069793,3.9224663
2046-05-14 12:00:00,1.7735505,1.8740313,3.4937103,3.2970564,5.767901,2.4199104
2046-05-15 12:00:00,0.9640602,1.179418,2.78079,2.2783072,3.6884642,1.4447216
2046-05-16 12:00:00,0.9123381,1.064966,1.8859892,2.3924837,3.123038,1.501846
2046-05-17 12:00:00,1.3552752,1.0742712,2.869939,2.5702064,2.9740272,1.6319586
2046-05-18 12:00:00,2.623727,2.0294402,4.3207793,3.1339214,3.7507436,2.2443712
2046-05-19 12:00:00,2.7767072,2.374825,4.69845,2.8435397,3.7589407,2.5484288
2046-05-20 12:00:00,2.9153223,2.5443604,5.0422335,2.8270056,3.077194,2.2869117
2046-05-21 12:00:00,3.3613548,2.8103504,4.0267553,3.174785,3.0373259,2.0384758
2046-05-22 12:00:00,3.5370061,2.8953748,2.9320648,3.1531,2.625793,2.0713165
2046-05-23 12:00:00,1.7595763,1.6901408,3.6123123,2.7145603,2.4705899,1.8876132
2046-05-24 12:00:00,1.252619,1.1482419,3.3003237,2.009134,2.3316514,1.7769647
2046-05-25 12:00:00,1.0779376,1.0265999,2.8385394,2.00805,2.4158452,1.6288252
2046-05-26 12:00:00,2.4114387,2.4898825,2.6678483,3.2527127,2.407984,2.2678459
2046-05-27 12:00:00,2.841432,2.388525,2.9258559,2.9293826,1.9798983,2.7494884
2046-05-28 12:00:00,1.0513144,1.1081082,2.2212474,3.2360253,4.053813,2.3825953
2046-05-29 12:00:00,2.126802,1.9883773,2.5812414,3.8794708,4.457568,1.7347077
2046-05-30 12:00:00,1.6570375,1.6759027,2.3407664,3.5109181,3.2646835,1.6260148
2046-05-31 12:00:00,1.0164816,0.9215695,1.7762351,2.0073662,3.467011,1.1416526
2046-06-01 12:00:00,1.3548913,1.1523,2.170461,4.03518,3.4541879,1.7930391
2046-06-02 12:00:00,1.4617728,1.5832334,5.0848055,6.0983834,3.7275193,3.9448202
2046-06-03 12:00:00,3.330318,2.7049155,5.742772,4.76336,3.9168067,3.1101732
2046-06-04 12:00:00,2.268649,1.9810303,4.181022,4.3011265,3.915065,2.3852544
2046-06-05 12:00:00,1.3408347,1.5417314,4.147587,3.4365332,5.416687,3.1141865
2046-06-06 12:00:00,0.9581567,1.1030873,3.7345548,3.3671703,4.027146,3.210097
2046-06-07 12:00:00,1.3772047,1.442591,3.2777615,2.3371935,2.8226366,3.2530377
2046-06-08 12:00:00,1.4481106,1.5029433,3.2187052,3.0810146,2.28424,3.0069053
2046-06-09 12:00:00,2.7023282,2.2186782,3.419717,3.1724365,3.637896,2.9081352
2046-06-10 12:00:00,3.8760538,3.2344794,2.9487066,4.1529717,3.5550053,1.8265169
2046-06-11 12:00:00,2.3626287,2.382905,3.0284524,3.6113226,3.4840682,1.4665569
2046-06-12 12:00:00,1.838525,1.3117712,2.3709338,3.274763,2.6278021,1.1017423
2046-06-13 12:00:00,1.2008471,1.2739251,2.2141488,3.8686655,3.6599255,1.727521
2046-06-14 12:00:00,1.9427297,1.7937018,2.6144438,3.1900375,3.7434552,2.4412956
2046-06-15 12:00:00,1.6267078,1.9807063,4.2241635,4.138516,4.9671297,2.9715908
2046-06-16 12:00:00,1.6736817,1.6351061,2.636252,4.0056453,4.1065927,1.3264574
2046-06-17 12:00:00,1.6133595,1.3640399,1.9372382,3.8019078,3.513216,1.1233712
2046-06-18 12:00:00,1.4167128,1.534654,1.999024,4.832119,3.2643557,1.3649606
2046-06-19 12:00:00,1.0562326,0.9558098,2.0517454,4.008179,3.4852686,1.7274919
2046-06-20 12:00:00,0.95048976,1.0255823,3.5208893,4.1879873,3.5327978,3.0707402
2046-06-21 12:00:00,1.3408991,1.6265814,2.822619,4.3275185,5.328054,2.2936368
2046-06-22 12:00:00,1.4117391,1.402035,3.4784856,4.878464,7.201629,1.4524161
2046-06-23 12:00:00,3.017902,2.2540305,2.6798294,5.544075,5.7527633,2.1153471
2046-06-24 12:00:00,3.1403606,2.5022597,3.7366898,4.168774,4.0316706,2.2146616
2046-06-25 12:00:00,1.6216385,1.4977313,2.9192343,3.1569893,3.0236914,2.4795594
2046-06-26 12:00:00,1.8844082,1.6684151,2.9052496,3.2570407,2.27554,3.3246045
2046-06-27 12:00:00,1.9313935,1.7503675,3.394984,3.161085,2.797165,3.492283
2046-06-28 12:00:00,1.5929933,1.8794705,2.7987952,4.3174562,3.8422709,2.9372
2046-06-29 12:00:00,1.5878325,1.754215,3.6590314,2.7541661,2.5247376,2.4616497
2046-06-30 12:00:00,1.3633373,1.0771666,3.0171726,1.9087081,2.7719622,1.4195528
2046-07-01 12:00:00,1.4255693,1.3023674,2.6835737,1.7664028,2.727628,1.3433638
2046-07-02 12:00:00,1.2967784,1.1872698,2.2110562,2.7200024,2.8331501,1.3957388
2046-07-03 12:00:00,0.9052857,0.94417346,2.372112,3.206316,3.2330298,1.3283343
2046-07-04 12:00:00,1.550882,1.2519246,1.8535947,3.5972247,2.3451266,1.3652478
2046-07-05 12:00:00,1.412983,1.3531815,2.5628521,2.9414003,2.261975,2.0791454
2046-07-06 12:00:00,1.7617979,1.5432575,3.0112553,2.6441312,2.1111515,2.5355344
2046-07-07 12:00:00,1.865375,1.5443177,3.004069,3.6118991,1.9528238,1.8794538
2046-07-08 12:00:00,2.2088552,2.0627193,4.1135764,3.969785,2.6369145,2.6310277
2046-07-09 12:00:00,0.92532426,1.1032594,2.3324995,3.2305589,3.553934,1.296176
2046-07-10 12:00:00,0.6765808,0.80816144,2.5252454,3.5530148,2.869666,1.377356
2046-07-11 12:00:00,1.3370701,1.3608317,2.9832697,4.182449,1.9704701,1.870479
2046-07-12 12:00:00,3.5005026,2.9544816,4.53341,3.2415497,2.7864459,2.786392
2046-07-13 12:00:00,3.167346,2.563004,4.481426,2.5654957,3.009568,2.5157766
2046-07-14 12:00:00,2.4719906,2.0629258,3.7225933,2.229563,2.2713459,1.8170373
2046-07-15 12:00:00,2.4625416,2.2913015,3.4910161,4.6487,2.8535328,2.4620812
2046-07-16 12:00:00,3.0044465,2.70457,2.735647,3.2993464,4.6366725,2.223611
2046-07-17 12:00:00,1.678487,1.5209646,2.9775522,3.6339312,3.2089705,1.5716066
2046-07-18 12:00:00,0.97710013,1.0680139,2.7126608,2.241699,3.4736981,1.4550542
2046-07-19 12:00:00,2.1029081,1.8884635,2.9294868,1.9092579,2.1261423,2.1133523
2046-07-20 12:00:00,2.7713323,2.2798378,2.6302958,2.739462,2.6827376,1.6041386
2046-07-21 12:00:00,1.0049102,1.3934475,2.4377391,2.5341494,2.7603114,1.3723572
2046-07-22 12:00:00,2.250574,1.9950119,2.9975185,2.623714,2.7306762,1.8598423
2046-07-23 12:00:00,2.0807178,2.1345534,1.7270163,3.1055768,3.035733,1.5176725
2046-07-24 12:00:00,2.264681,2.0656888,2.9755685,2.5829785,3.3524258,2.061498
2046-07-25 12:00:00,2.9126554,2.3732474,3.4329724,2.2950118,3.4294868,2.1242664
2046-07-26 12:00:00,2.4390302,2.2105448,3.0002306,4.5080867,2.792196,2.5356681
2046-07-27 12:00:00,1.2932308,1.1618785,2.048677,3.1667752,3.6776807,1.4576768
2046-07-28 12:00:00,2.130337,1.9528354,3.7665834,3.1583657,3.3348594,2.0430675
2046-07-29 12:00:00,1.9984078,2.0951598,4.4563665,3.626282,3.4051664,2.068075
2046-07-30 12:00:00,2.421038,2.5802405,4.845854,4.684832,5.103732,2.8736908
2046-07-31 12:00:00,2.2132394,2.496742,3.5521958,4.2811604,4.670275,2.0508602
2046-08-01 12:00:00,2.6510649,2.201425,4.1980286,4.067482,3.6569602,1.8702763
2046-08-02 12:00:00,3.62308,3.093684,4.5155354,3.2365372,3.0295565,2.9697487
2046-08-03 12:00:00,4.4314303,3.4262645,4.794052,4.119126,3.1702096,2.192354
2046-08-04 12:00:00,3.7022443,2.9475489,4.148536,4.6572113,6.279681,2.7316978
2046-08-05 12:00:00,2.1639793,1.8243191,3.7001696,1.95768,4.575385,2.0592184
2046-08-06 12:00:00,1.7331885,1.4700761,2.5303175,1.975588,2.7164557,1.5297098
2046-08-07 12:00:00,2.3383389,2.1156883,3.7922325,3.0868716,3.4322836,2.849062
2046-08-08 12:00:00,3.0065472,2.2659028,4.8141704,3.8132114,3.846446,2.3298001
2046-08-09 12:00:00,1.6312861,1.660248,3.5530899,3.3183856,3.4109612,2.144671
2046-08-10 12:00:00,2.1123147,1.9649745,3.6420922,2.8129704,2.5303745,2.6735108
2046-08-11 12:00:00,3.0698445,2.6211054,3.4161487,4.636642,2.9667037,3.43047
2046-08-12 12:00:00,1.6872606,1.5521864,2.4177537,3.5999272,3.858478,1.6422484
2046-08-13 12:00:00,2.139272,1.6133115,2.8237813,2.8363113,4.154803,1.5122471
2046-08-14 12:00:00,2.191649,1.6935153,4.2886214,2.8805428,3.3023634,1.7633749
2046-08-15 12:00:00,2.114842,1.6703799,4.0445232,1.930988,2.928765,1.8005786
2046-08-16 12:00:00,1.9011922,1.6083516,2.8374162,1.878096,2.5161476,1.6694533
2046-08-17 12:00:00,2.184258,1.5262347,2.541494,1.8840625,2.0050626,1.8836097
2046-08-18 12:00:00,1.5005136,1.4626265,2.3591306,2.6830235,2.4131265,2.1249795
2046-08-19 12:00:00,1.7194657,1.2335081,2.537338,3.1919005,3.480292,1.480254
2046-08-20 12:00:00,1.7104108,1.5300332,2.4199522,3.6351075,2.8403916,1.3913409
2046-08-21 12:00:00,1.9655718,1.7942175,2.2268524,2.681933,2.6593425,1.7861557
2046-08-22 12:00:00,2.4038382,2.131169,3.2231529,2.8417487,3.415399,2.5446546
2046-08-23 12:00:00,2.5904567,1.9850711,3.7099037,3.4524689,2.1418695,3.0784984
2046-08-24 12:00:00,2.2641237,2.0682755,2.9171245,4.973419,3.9774332,2.0694342
2046-08-25 12:00:00,2.1211796,2.1090927,3.2940845,4.3442054,2.8196075,2.382365
2046-08-26 12:00:00,2.6252413,2.3732986,2.8550923,3.4861069,3.5644772,2.9123232
2046-08-27 12:00:00,1.8834969,1.5760386,2.191584,2.9711854,3.6832557,1.5514292
2046-08-28 12:00:00,1.2115628,1.4931798,3.373668,3.5001998,3.0250556,2.66891
2046-08-29 12:00:00,1.700017,1.4552698,3.6771824,1.7781335,3.0996044,1.9054393
2046-08-30 12:00:00,1.3405503,1.2827713,2.5849993,3.20761,3.6486564,1.522911
2046-08-31 12:00:00,1.5795403,1.7515678,3.892717,4.1534758,2.591661,3.4038913
2046-09-01 12:00:00,2.7249546,2.2700765,4.1015024,4.376786,3.6436598,2.4205592
2046-09-02 12:00:00,2.861261,2.6229868,4.6822495,6.685294,4.0499377,3.7205386
2046-09-03 12:00:00,2.682421,2.2701364,4.6065183,4.7709165,3.1936553,3.1629274
2046-09-04 12:00:00,4.453801,3.1701887,5.463829,3.757812,3.628086,3.6678245
2046-09-05 12:00:00,2.6324468,2.1800194,2.2385683,4.176098,4.1642714,2.877013
2046-09-06 12:00:00,2.1219344,1.9185162,2.1652195,2.3719099,3.6058497,1.5395606
2046-09-07 12:00:00,1.769361,1.6366051,1.9735506,2.499679,5.079656,1.4897475
2046-09-08 12:00:00,1.1337633,1.0128944,2.5835097,1.9635643,3.1644328,1.0872519
2046-09-09 12:00:00,1.2070918,1.2876186,2.6982164,2.1088276,3.6346056,1.3026658
2046-09-10 12:00:00,2.7949,2.4242246,4.597048,3.3599277,3.8213782,2.8130667
2046-09-11 12:00:00,3.1708982,2.9473016,5.024927,5.717051,5.6135626,4.715415
2046-09-12 12:00:00,1.2173648,1.4949683,3.281548,4.4184694,4.9982476,3.3791163
2046-09-13 12:00:00,2.481576,1.9362208,4.1201587,2.488998,3.7974622,2.2634387
2046-09-14 12:00:00,3.584982,2.9677284,5.6826105,3.7236092,2.779669,2.8222208
2046-09-15 12:00:00,3.6356583,2.969971,5.672664,3.6238918,2.7611825,3.1741478
2046-09-16 12:00:00,1.9893204,1.6912401,2.6052158,2.3263876,3.4146972,1.7327127
2046-09-17 12:00:00,1.6147265,1.4326569,2.4905019,2.0255854,2.3266015,1.3810363
2046-09-18 12:00:00,1.343852,1.3976305,4.034839,1.8124428,2.0054362,1.7258368
2046-09-19 12:00:00,2.3801048,2.028319,4.604662,2.6363077,2.3131635,2.6670866
2046-09-20 12:00:00,2.998622,2.8669183,5.165917,4.494567,3.8277268,3.6548758
2046-09-21 12:00:00,3.6585934,3.284263,5.302898,5.002731,3.523668,3.5559857
2046-09-22 12:00:00,1.3388448,1.4529332,3.4805155,3.203517,4.1857047,2.1250741
2046-09-23 12:00:00,2.6642072,2.4369018,5.007963,3.5205586,3.4727082,2.891676
2046-09-24 12:00:00,3.4349844,3.1538446,3.9514017,4.7927537,4.6223807,2.8522851
2046-09-25 12:00:00,3.5063915,3.1512125,2.9133773,4.063444,3.4903557,2.2239752
2046-09-26 12:00:00,3.1207936,2.9811378,3.442783,3.8391008,3.259528,2.0296836
2046-09-27 12:00:00,2.5869088,2.5221868,3.4237843,4.214394,3.7283309,2.662038
2046-09-28 12:00:00,1.5525482,1.8300022,4.115926,3.681753,4.5492744,2.5421214
2046-09-29 12:00:00,2.4820843,2.344752,3.812225,3.8736486,3.3410552,2.7832289
2046-09-30 12:00:00,2.7096796,2.3823373,3.4418027,4.4226255,4.398489,3.327316
2046-10-01 12:00:00,1.0955657,1.1501364,2.3118236,2.9452283,3.6880515,2.194173
2046-10-02 12:00:00,2.8148441,2.210767,2.5200794,2.5860655,1.8660371,1.8649615
2046-10-03 12:00:00,3.9327822,3.0849926,2.9217663,4.4667225,2.0965989,3.0281703
2046-10-04 12:00:00,3.336845,2.4432228,3.4826887,3.503958,3.7314994,1.9719678
2046-10-05 12:00:00,2.8883502,2.020718,3.9142275,2.7185159,4.6722364,1.578042
2046-10-06 12:00:00,1.0932648,0.9370659,3.044766,1.7161028,3.5025718,1.2132915
2046-10-07 12:00:00,0.92105407,0.9914531,3.8405633,2.0842369,2.1115313,1.5072503
2046-10-08 12:00:00,1.9069946,1.7671509,5.8115077,3.3803363,2.3234,2.3410609
2046-10-09 12:00:00,2.2745543,2.0074282,5.25412,3.532314,3.5004404,2.369134
2046-10-10 12:00:00,1.6533716,1.5159487,5.256861,2.315933,4.0751786,2.2454028
2046-10-11 12:00:00,1.2238246,1.1947099,4.5953784,2.211168,2.6220868,2.2552543
2046-10-12 12:00:00,1.8413801,1.5328952,4.6257844,2.7589643,3.0372074,2.6517487
2046-10-13 12:00:00,1.1710701,1.0609179,2.046888,2.229626,5.0921926,1.4673609
2046-10-14 12:00:00,1.594475,1.4099717,2.9025285,4.473158,4.7426825,2.0478194
2046-10-15 12:00:00,1.7076395,1.5842704,4.4672003,3.6905138,4.8248425,2.6789184
2046-10-16 12:00:00,1.8821784,1.612844,2.985717,3.4177885,5.091516,2.563584
2046-10-17 12:00:00,1.3580565,1.2996593,2.4466674,3.1811953,4.430151,1.8608655
2046-10-18 12:00:00,1.3403645,1.136049,1.8123375,4.3532248,5.166974,1.2145313
2046-10-19 12:00:00,3.4181979,2.8543787,2.879604,6.0712686,7.017312,3.2530637
2046-10-20 12:00:00,3.5215323,3.243153,4.865814,3.0124714,5.4477015,3.2989213
2046-10-21 12:00:00,1.5456948,1.7212381,2.8962536,4.1217213,4.60096,1.752248
2046-10-22 12:00:00,1.1994066,1.1410242,2.3754535,5.41307,4.0580893,1.9892081
2046-10-23 12:00:00,0.86029893,0.9416817,3.0429268,5.0676184,3.9599693,2.440325
2046-10-24 12:00:00,2.0688467,1.4159762,4.784772,3.5501487,3.176313,2.3357506
2046-10-25 12:00:00,1.9396772,2.4478111,5.7300386,3.4996,3.9876761,3.7149694
2046-10-26 12:00:00,1.5902776,1.764318,3.0355852,3.5667067,2.1643934,2.3939426
2046-10-27 12:00:00,1.3711828,1.4186339,3.7515914,2.7887814,2.5853288,2.7383268
2046-10-28 12:00:00,0.6763198,0.9410834,3.1257231,3.1195102,3.1217563,2.1137247
2046-10-29 12:00:00,1.0234511,1.1716753,2.2915397,3.1560287,3.2945385,1.3860606
2046-10-30 12:00:00,1.3532159,1.3807031,1.80711,2.758953,2.2607472,2.0308437
2046-10-31 12:00:00,1.5010597,1.4251919,3.1912615,4.4715343,4.4981523,2.904702
2046-11-01 12:00:00,1.8391047,1.4786607,4.1166043,5.117523,5.458486,2.852888
2046-11-02 12:00:00,2.3722444,1.5437449,3.6854568,4.285611,4.701172,1.7081896
2046-11-03 12:00:00,4.8516507,3.6801763,5.6204715,4.1611004,2.985219,3.2524374
2046-11-04 12:00:00,3.4253151,3.001627,3.3983772,5.0022135,3.2017467,2.50097
2046-11-05 12:00:00,2.5599937,2.1238184,2.8663898,3.795628,3.3880334,1.7959946
2046-11-06 12:00:00,1.9703631,1.591478,4.374757,3.2317612,2.4145954,2.231934
2046-11-07 12:00:00,2.0930831,1.7193993,3.7739189,3.3375869,2.5618677,2.7620244
2046-11-08 12:00:00,1.2666469,1.1558256,2.3030734,3.5146022,2.6998498,1.8420635
2046-11-09 12:00:00,0.89150107,1.2492483,2.1331995,2.535273,3.4587426,1.5760158
2046-11-10 12:00:00,1.0542094,1.1043973,4.2188745,2.5199978,3.518262,2.5179849
2046-11-11 12:00:00,2.5139475,2.3119755,4.727661,5.1400256,3.701687,3.729725
2046-11-12 12:00:00,3.4256306,2.795731,5.8590193,5.705038,5.645402,3.6492305
2046-11-13 12:00:00,4.355959,4.9624276,7.2954054,10.969246,9.710163,5.8735723
2046-11-14 12:00:00,4.55693,4.7513986,6.8183417,8.090157,9.445056,4.727565
2046-11-15 12:00:00,3.196128,3.22211,4.5082436,4.877846,6.10022,2.6676888
2046-11-16 12:00:00,1.1751833,1.3954735,2.4835005,2.568698,3.3974726,1.4282007
2046-11-17 12:00:00,1.8530943,1.4321121,3.3523984,2.5526612,7.7077494,1.9113535
2046-11-18 12:00:00,1.8121712,1.599683,2.9279983,2.5269027,5.8656096,2.2221713
2046-11-19 12:00:00,2.3372903,2.2193952,5.3086553,5.8980494,4.595016,4.2437553
2046-11-20 12:00:00,1.1081294,1.0965424,2.6209543,5.1506844,6.304762,2.797364
2046-11-21 12:00:00,1.0196192,1.1390998,1.98133,4.163539,4.0186753,1.8345076
2046-11-22 12:00:00,1.3794074,1.3554357,3.2746685,4.1773686,4.0819354,2.01807
2046-11-23 12:00:00,0.9491359,1.2060195,4.156918,3.2280798,5.2976866,3.2695987
2046-11-24 12:00:00,1.287602,1.5461042,5.510266,4.860614,4.4375587,4.470786
2046-11-25 12:00:00,2.218949,2.2214332,3.2994514,4.903745,5.0307574,3.8001056
2046-11-26 12:00:00,1.1833534,1.1981311,2.5935228,4.2249594,4.0453076,2.2308166
2046-11-27 12:00:00,1.0964525,0.99112976,2.757154,2.3509707,2.9577212,2.132613
2046-11-28 12:00:00,1.3597234,1.2008461,1.6672274,2.3030286,2.7007701,1.5371945
2046-11-29 12:00:00,0.96753645,0.9928042,1.7879112,1.7196242,2.5825589,1.540671
2046-11-30 12:00:00,0.98291254,1.1776597,2.0660992,2.0845442,3.0962956,1.6178635
2046-12-01 12:00:00,1.6055484,1.5106742,2.7618902,2.4941728,4.1978874,1.9676791
2046-12-02 12:00:00,1.4090776,1.3464892,3.4921343,4.3537793,4.61499,2.6837208
2046-12-03 12:00:00,1.4676292,1.4057829,4.645774,3.4459455,3.9176445,3.0522518
2046-12-04 12:00:00,3.1561413,2.5171452,3.447161,2.1352885,4.201005,2.026667
2046-12-05 12:00:00,3.006662,2.3071122,2.4957547,2.4730654,4.684991,1.7556113
2046-12-06 12:00:00,0.87039214,1.3259146,2.9553282,3.158543,5.024376,2.0094068
2046-12-07 12:00:00,2.2249703,1.8147944,2.5516531,2.1748607,4.3308697,1.7981629
2046-12-08 12:00:00,1.5110825,1.4048078,4.2772436,4.8350177,5.077753,3.8636076
2046-12-09 12:00:00,3.15471,2.6839926,3.905679,6.4381137,5.8951707,3.290454
2046-12-10 12:00:00,0.8810266,0.93859786,3.8869977,4.727075,5.2631707,3.143811
2046-12-11 12:00:00,3.0885515,2.7601194,5.059836,4.4458904,3.7758536,2.8878427
2046-12-12 12:00:00,2.5515609,2.0876827,3.214982,3.5309489,3.9357033,2.6066172
2046-12-13 12:00:00,2.1558523,2.0616367,3.554783,3.8947084,4.269501,2.265641
2046-12-14 12:00:00,1.5815426,1.7644742,2.8573744,3.8431463,3.0476997,2.1298175
2046-12-15 12:00:00,1.522474,1.4529482,4.3201327,2.4152822,3.2585375,2.3941069
2046-12-16 12:00:00,1.2854264,1.390056,3.9728112,2.5277202,4.447728,2.680633
2046-12-17 12:00:00,1.3455935,1.196725,4.6948714,4.089571,4.695186,3.2546196
2046-12-18 12:00:00,1.7549034,1.696103,4.226168,6.573095,4.9654083,3.78492
2046-12-19 12:00:00,1.7147088,1.7780154,3.7841012,6.239921,4.511097,3.5362446
2046-12-20 12:00:00,2.1688437,2.3421264,3.4294975,5.0821753,5.7111216,3.0558593
2046-12-21 12:00:00,1.203678,1.210218,3.7219584,2.5690787,6.6747675,2.1263864
2046-12-22 12:00:00,1.6580632,1.5949377,2.6203105,2.6848269,5.0257363,1.4927388
2046-12-23 12:00:00,1.1488627,1.5469077,2.1291447,4.32974,4.84511,2.0861285
2046-12-24 12:00:00,1.7243814,1.7702998,4.4001093,6.6826143,4.5075793,4.0084996
2046-12-25 12:00:00,1.3567,1.9208753,4.5009646,6.369541,5.1049438,3.561616
2046-12-26 12:00:00,1.2888,1.6502198,4.331901,5.1282496,4.47471,3.016781
2046-12-27 12:00:00,1.3579998,1.8457015,2.7006507,4.52873,7.1362123,1.9134873
2046-12-28 12:00:00,1.0091798,1.1334091,4.1009083,3.8959548,5.790597,3.2242799
2046-12-29 12:00:00,2.3733158,2.2739441,5.725974,5.7740793,8.078106,4.262591
2046-12-30 12:00:00,1.918623,1.7603916,3.4660606,5.530547,7.363862,2.6818027
2046-12-31 12:00:00,1.2083883,1.3452595,4.5234237,3.8590288,6.7429996,3.4723513
2047-01-01 12:00:00,2.9792562,2.264785,7.2001185,4.611515,3.9305437,3.9880989
2047-01-02 12:00:00,1.4403508,1.4321625,3.7695782,2.8066275,5.5498304,2.056888
2047-01-03 12:00:00,1.5256491,1.4850433,3.9730232,4.4638267,5.0988207,2.9002655
2047-01-04 12:00:00,1.2434082,1.6417046,2.4889917,2.933995,3.3279052,2.084055
2047-01-05 12:00:00,1.3233136,1.2240485,2.6938324,2.5918727,3.2246466,1.7696936
2047-01-06 12:00:00,2.6670828,2.1112742,3.313882,2.866678,4.342102,2.1214988
2047-01-07 12:00:00,2.7143426,1.9913204,4.159774,2.9647338,4.334924,2.5275326
2047-01-08 12:00:00,2.3924801,1.8574667,5.408956,3.7062461,4.7835503,2.8312533
2047-01-09 12:00:00,3.1376405,2.2864468,6.327048,4.8528414,4.664536,3.0524478
2047-01-10 12:00:00,3.0752113,1.9884698,5.655241,5.130475,7.1709414,3.1518433
2047-01-11 12:00:00,1.0419744,1.079261,5.1394224,7.47739,7.514066,4.009679
2047-01-12 12:00:00,1.7468052,1.808561,7.692602,6.682075,8.276622,5.3350186
2047-01-13 12:00:00,2.8233228,2.6599548,5.574695,6.9113846,9.5765915,4.195893
2047-01-14 12:00:00,1.3841214,1.2480632,3.5629406,4.7995887,6.9078774,2.5433846
2047-01-15 12:00:00,1.7039328,1.9490067,5.2263002,5.3204145,6.9962068,4.690859
2047-01-16 12:00:00,1.3204513,1.4644961,4.068808,3.6240323,5.451695,3.2339168
2047-01-17 12:00:00,1.6953007,2.146325,7.83973,6.9160814,5.951036,6.030652
2047-01-18 12:00:00,2.3766308,2.6269903,6.195699,7.5021863,7.1827025,4.970632
2047-01-19 12:00:00,1.4054654,1.8182623,6.338,5.656116,6.377567,4.379466
2047-01-20 12:00:00,2.0563316,2.5388093,7.7371554,5.435691,7.063316,4.276891
2047-01-21 12:00:00,3.5685613,3.3583736,7.2683,6.3079944,8.819224,3.8971112
2047-01-22 12:00:00,2.2413852,2.4211404,6.2497272,6.6731863,8.090193,4.4346714
2047-01-23 12:00:00,3.4595847,3.583933,7.5431843,9.136605,10.088839,6.385313
2047-01-24 12:00:00,5.188917,3.8843372,6.5555277,6.443789,8.353407,4.0040917
2047-01-25 12:00:00,6.9399023,5.588809,8.818198,9.6966915,10.143663,6.4572096
2047-01-26 12:00:00,5.2483883,4.155803,8.127424,4.5525556,6.7984934,5.0210824
2047-01-27 12:00:00,3.0967417,2.7096977,6.672609,5.222334,4.436081,4.571824
2047-01-28 12:00:00,3.0104592,2.5909307,5.230454,5.7772923,6.637867,3.7499154
2047-01-29 12:00:00,4.838713,4.260917,7.1832213,8.364339,8.230507,5.817029
2047-01-30 12:00:00,3.2123525,2.6581268,6.6884613,6.379663,6.556919,3.9256482
2047-01-31 12:00:00,3.0487037,2.3997896,7.046478,3.9213662,5.9970655,4.7861457
2047-02-01 12:00:00,1.8725374,1.8118325,4.9673476,5.0136495,6.46016,3.5882838
2047-02-02 12:00:00,3.2174127,3.0526206,7.066225,7.5061436,5.044632,5.9171453
2047-02-03 12:00:00,4.36024,3.3323085,8.240789,3.7632625,3.84359,4.5438757
2047-02-04 12:00:00,2.0564363,1.6474576,4.298853,3.5464668,3.863536,2.7815728
2047-02-05 12:00:00,4.344419,4.016309,5.6898518,6.6920815,4.241298,5.290673
2047-02-06 12:00:00,2.4768949,2.3811471,3.3015954,5.948348,6.1316476,2.6380992
2047-02-07 12:00:00,1.6361041,1.379317,3.3515534,4.535941,8.142652,1.8507825
2047-02-08 12:00:00,4.813835,3.2769854,4.7906003,2.8107874,6.0924606,2.197862
2047-02-09 12:00:00,1.8188198,1.4578658,4.7249165,3.0285144,4.7277093,2.7376394
2047-02-10 12:00:00,1.8092575,1.8908025,5.298413,4.75901,5.1452074,3.725995
2047-02-11 12:00:00,1.438746,1.3947281,3.5919633,4.541503,4.180894,2.590072
2047-02-12 12:00:00,1.8183308,1.3918158,5.0688443,4.567502,4.8705897,3.6085162
2047-02-13 12:00:00,0.8645495,0.9274232,5.355625,4.209862,4.2367535,3.9312513
2047-02-14 12:00:00,3.0636954,2.036775,3.0492008,4.358453,4.44435,2.8757315
2047-02-15 12:00:00,1.7422335,1.5081648,3.836194,3.5155437,4.688075,2.9165158
2047-02-16 12:00:00,1.5843138,1.775573,5.528883,6.0350137,4.6987133,4.259822
2047-02-17 12:00:00,2.2408652,2.1470652,4.1944695,4.9521084,6.649156,2.6781495
2047-02-18 12:00:00,1.8747377,1.8258772,3.6372557,3.7446744,6.4129043,2.786485
2047-02-19 12:00:00,3.3428967,2.7686458,5.9209566,4.35895,6.257178,4.3346825
2047-02-20 12:00:00,2.868364,2.9005132,3.982601,6.2471123,3.419428,3.119946
2047-02-21 12:00:00,2.3862426,2.037835,6.000143,4.5252,6.699007,3.2919636
2047-02-22 12:00:00,1.3037784,1.4313982,4.161938,4.1191497,4.7297397,2.720112
2047-02-23 12:00:00,1.2327743,1.171381,3.700845,2.810439,2.978312,2.3571343
2047-02-24 12:00:00,1.510912,1.3050331,4.3741436,2.3984516,3.6698935,2.9270732
2047-02-25 12:00:00,2.240445,1.6409718,3.8925538,4.678819,4.987838,3.8485343
2047-02-26 12:00:00,2.0402102,1.59143,4.934533,3.9784534,7.1663203,3.0560236
2047-02-27 12:00:00,2.8550422,2.065868,3.160577,3.1996753,3.6506438,1.7103021
2047-02-28 12:00:00,0.87065244,0.8403486,1.9579743,2.1488097,2.1004457,1.1936245
2047-03-01 12:00:00,1.4361537,1.0871478,2.5411186,3.0679858,3.10821,1.5853372
2047-03-02 12:00:00,1.8440479,1.3659335,1.9962784,2.7844615,3.2525053,1.6259166
2047-03-03 12:00:00,3.72984,2.939346,3.2312148,2.5427442,3.776797,2.2720797
2047-03-04 12:00:00,4.404797,3.147263,3.9094439,4.1937637,4.4121475,2.1399508
2047-03-05 12:00:00,3.7847743,2.6276379,4.6263885,3.7976196,5.688188,2.1343617
2047-03-06 12:00:00,3.5228565,2.5798182,6.195745,3.5282798,4.116854,2.7877717
2047-03-07 12:00:00,3.7891705,2.9202516,6.163696,4.4744363,3.9915524,3.1165946
2047-03-08 12:00:00,2.1760483,1.9667137,3.609199,3.5963116,3.9463873,2.25816
2047-03-09 12:00:00,1.3642052,1.1965828,3.9115856,2.6816094,5.0364285,2.0337644
2047-03-10 12:00:00,2.6450174,2.3622394,5.481463,4.084584,4.5330734,2.7579937
2047-03-11 12:00:00,3.126865,2.6329353,4.4868097,5.3236556,5.2678146,2.2924452
2047-03-12 12:00:00,3.0251684,2.2548146,3.5859022,4.033035,6.776,1.7558771
2047-03-13 12:00:00,3.2309124,2.3226414,3.2660177,3.1996264,6.293797,1.4963381
2047-03-14 12:00:00,2.7552533,1.9239103,2.7922091,2.5976708,3.3113978,1.3465811
2047-03-15 12:00:00,2.0427382,1.5048641,2.7433217,2.3596046,2.470912,1.7564329
2047-03-16 12:00:00,2.704993,1.6628115,3.128545,2.302857,3.285032,1.9289466
2047-03-17 12:00:00,2.2668142,1.5051805,2.3100886,2.096891,2.5981195,1.2835928
2047-03-18 12:00:00,1.0649137,0.96606725,3.502016,2.555445,2.983845,2.4324396
2047-03-19 12:00:00,2.173192,2.0278192,6.1434813,3.5156069,3.0413983,3.7017171
2047-03-20 12:00:00,1.8432903,1.7292815,3.3315353,4.8706355,5.0952487,2.8576324
2047-03-21 12:00:00,1.8450541,1.6710309,3.536598,3.898035,4.4821973,2.9425752
2047-03-22 12:00:00,1.4453737,1.5263215,3.339122,3.286495,3.2782133,2.6749678
2047-03-23 12:00:00,3.78302,3.071053,3.55441,3.4830172,3.805255,2.1184943
2047-03-24 12:00:00,3.3702273,2.9615705,2.4998667,4.125856,3.86239,1.6727014
2047-03-25 12:00:00,1.3147466,1.4823431,2.1880236,3.5492153,4.500559,1.1129851
2047-03-26 12:00:00,3.4201155,2.6398427,4.3028593,2.653129,2.7422328,2.4749672
2047-03-27 12:00:00,1.9955891,1.7884645,4.7373857,2.6570232,3.0080948,2.8919203
2047-03-28 12:00:00,1.427792,1.3551248,3.3360648,4.2705183,4.2340403,2.2035534
2047-03-29 12:00:00,1.3527347,1.1107552,3.7107813,3.2111707,3.0433774,2.2812278
2047-03-30 12:00:00,1.290967,1.0773318,2.54232,2.4051237,2.6750298,1.7669953
2047-03-31 12:00:00,1.0312402,0.9171319,1.902028,1.7484227,4.29652,1.4832505
2047-04-01 12:00:00,2.0038486,1.5925304,4.498075,2.8924112,5.1637707,2.015121
2047-04-02 12:00:00,3.6512535,2.738596,4.7329884,3.819552,3.796114,2.579547
2047-04-03 12:00:00,1.2645879,1.1918902,2.6142411,2.6091778,5.09782,2.037241
2047-04-04 12:00:00,1.4542835,1.3821037,2.5723076,5.8270826,4.1820517,2.4574668
2047-04-05 12:00:00,3.3277822,2.8113427,6.1403484,6.154626,5.6152864,5.2270856
2047-04-06 12:00:00,4.56518,4.0363264,6.968578,5.168785,5.686878,4.357988
2047-04-07 12:00:00,1.9278538,2.1838899,3.9108033,2.8339477,4.3287444,2.457742
2047-04-08 12:00:00,2.7823715,2.3818126,3.1524467,3.1151304,3.9949214,1.6649033
2047-04-09 12:00:00,2.4607909,2.1932073,2.7371967,2.624828,3.082788,1.427414
2047-04-10 12:00:00,2.4311986,2.2199583,2.903957,3.3231025,4.5170426,2.365074
2047-04-11 12:00:00,1.7909112,1.6074381,3.0363016,4.8066974,5.866346,2.6834295
2047-04-12 12:00:00,2.9368303,2.731505,5.084704,8.061053,7.613831,4.2172656
2047-04-13 12:00:00,3.7253468,4.0778093,6.092728,8.54816,6.142438,4.5814033
2047-04-14 12:00:00,1.957737,1.9108279,2.903908,5.150629,5.5414248,2.381551
2047-04-15 12:00:00,1.3466318,1.5784295,3.4216802,3.830592,4.066632,2.2322512
2047-04-16 12:00:00,2.6433444,2.4072046,3.6908762,6.4156704,5.851744,3.6024628
2047-04-17 12:00:00,2.5922842,2.2597594,4.372388,5.382185,5.216523,3.402686
2047-04-18 12:00:00,2.9024556,2.6652412,4.4780154,6.507821,4.0135,3.899514
2047-04-19 12:00:00,2.394823,2.023871,3.7265973,3.788974,3.6120973,3.2237055
2047-04-20 12:00:00,3.6924498,3.577816,4.848067,4.4224954,4.1428056,2.5219789
2047-04-21 12:00:00,3.4029021,3.7062435,5.7588115,7.6155186,3.7491417,4.254613
2047-04-22 12:00:00,4.1732216,3.9335814,5.5546236,6.6843014,7.4294057,4.416639
2047-04-23 12:00:00,2.3150563,1.9644103,3.195371,4.9689517,5.4320035,2.0105062
2047-04-24 12:00:00,2.0111434,2.056821,2.9214084,6.519066,5.7614417,2.1542823
2047-04-25 12:00:00,2.7162895,2.7078056,4.319416,6.074061,4.5148816,3.2408416
2047-04-26 12:00:00,3.9248881,3.4833453,4.5848584,4.8626037,4.898561,3.4221435
2047-04-27 12:00:00,2.62981,2.1813574,3.0843997,3.513301,5.2934923,2.3821404
2047-04-28 12:00:00,1.7198552,1.959598,2.7256575,3.7442336,4.6284738,2.474041
2047-04-29 12:00:00,1.562443,1.5008945,2.4269044,3.1178715,2.5643752,2.492478
2047-04-30 12:00:00,1.7807847,1.8376452,2.7928712,3.684096,2.8336773,2.9480028
2047-05-01 12:00:00,1.764998,1.7811289,3.844458,3.0895834,2.399235,3.2728965
2047-05-02 12:00:00,2.2846928,2.195936,4.4875603,3.4709508,5.3358335,3.086119
2047-05-03 12:00:00,2.017162,1.9255066,3.7528598,3.236765,6.677483,2.4714746
2047-05-04 12:00:00,2.6340551,2.3332713,3.598465,2.733218,5.88666,2.3833914
2047-05-05 12:00:00,1.8216524,1.9955058,2.6605673,2.8879268,4.027926,1.8782328
2047-05-06 12:00:00,1.295902,1.3641176,1.935501,2.5684807,4.3576894,1.7156001
2047-05-07 12:00:00,2.060331,1.5213293,2.9890804,2.3357182,5.966072,1.9968833
2047-05-08 12:00:00,4.362299,3.636818,4.6541376,3.8703573,6.620095,2.4512546
2047-05-09 12:00:00,2.5610118,2.2924268,3.4839323,3.956452,4.4766145,1.6274836
2047-05-10 12:00:00,1.1501741,1.3691602,2.3420687,3.0017729,4.4165606,1.8393829
2047-05-11 12:00:00,2.2066784,2.2590373,4.41439,3.5572875,2.8951197,3.1905482
2047-05-12 12:00:00,2.6645122,2.4066772,3.4388833,3.7005095,3.2112224,2.2460575
2047-05-13 12:00:00,2.6384788,2.3090103,2.7720706,3.6599298,3.6212165,2.3403172
2047-05-14 12:00:00,1.3841798,1.4156089,2.3562906,3.2258615,4.0543838,1.6814014
2047-05-15 12:00:00,1.4262904,1.359766,2.3709407,3.3372262,2.806146,1.864086
2047-05-16 12:00:00,1.5692662,1.3228879,3.050097,4.1291637,3.4393654,1.6806626
2047-05-17 12:00:00,1.502549,1.3966262,2.1779845,4.9799495,2.455017,1.3473617
2047-05-18 12:00:00,1.8537272,1.601884,1.8905344,4.5987663,1.9707863,1.6922207
2047-05-19 12:00:00,2.0827916,1.9721284,2.3806734,4.3273,2.5814016,3.0451918
2047-05-20 12:00:00,2.1260645,1.8452474,2.4705505,4.0480757,2.1858804,2.1436427
2047-05-21 12:00:00,2.5535555,1.9701986,3.908345,3.065453,2.864363,3.510135
2047-05-22 12:00:00,1.3868868,1.5632671,3.2392623,2.71489,3.6411276,2.4926782
2047-05-23 12:00:00,2.6511045,2.8611631,4.5032687,3.910747,3.5910454,3.7004175
2047-05-24 12:00:00,2.449257,2.3471675,3.6160567,3.0094557,3.4573264,3.0142615
2047-05-25 12:00:00,1.2002349,1.2533667,2.6845655,2.2185314,3.1281598,2.3317394
2047-05-26 12:00:00,2.149366,2.2510152,3.053693,3.5121286,3.2522578,1.8853956
2047-05-27 12:00:00,3.6172607,2.8349037,3.988456,2.9169562,3.4431071,2.42297
2047-05-28 12:00:00,3.4047067,3.0257874,4.365633,5.1897435,4.8765078,3.5842896
2047-05-29 12:00:00,2.6007118,2.2312107,4.4929852,3.7659888,3.8019829,2.9170525
2047-05-30 12:00:00,2.9421382,2.8891892,4.0701394,4.4675684,3.2245083,1.991693
2047-05-31 12:00:00,2.410831,2.0647228,3.5959144,3.1293085,2.7722046,1.6012353
2047-06-01 12:00:00,0.9584249,1.0052419,2.6909661,2.405656,2.47319,1.4205902
2047-06-02 12:00:00,0.9155316,0.8783529,2.10614,3.291311,3.37759,1.2943676
2047-06-03 12:00:00,1.5437977,1.4994718,1.7424028,4.043324,2.9745803,1.4741975
2047-06-04 12:00:00,1.8972267,1.8347418,2.0348885,3.377934,2.885086,1.8600036
2047-06-05 12:00:00,1.7238333,1.7134339,2.7020912,3.23793,3.473302,1.8400393
2047-06-06 12:00:00,2.8346872,3.3432162,4.9575233,6.35734,7.002239,3.7313304
2047-06-07 12:00:00,2.6172967,2.7180755,3.4534988,3.867323,4.787104,2.006274
2047-06-08 12:00:00,1.648859,1.4161733,2.3154032,2.2875545,2.5252218,1.7200612
2047-06-09 12:00:00,0.8015549,1.0056039,2.1207054,2.0182145,2.159115,1.7979656
2047-06-10 12:00:00,2.2859066,2.0151122,2.2202585,2.6672525,2.5851505,1.6562976
2047-06-11 12:00:00,2.6721785,2.260886,2.5813396,3.0919461,2.5467834,1.35618
2047-06-12 12:00:00,2.536852,2.270273,2.965938,3.1885152,2.5264735,1.7324094
2047-06-13 12:00:00,2.6795456,2.2705572,3.9770133,2.4012394,2.09603,1.9272921
2047-06-14 12:00:00,1.1340429,1.2955933,3.454748,2.0419436,3.1895962,1.9419876
2047-06-15 12:00:00,1.0888559,1.0191042,2.3809464,2.0860114,3.0338845,1.2858831
2047-06-16 12:00:00,1.0857692,1.06392,1.845843,1.7816172,3.4192827,1.2385856
2047-06-17 12:00:00,1.2268915,1.0721432,1.6276923,1.8933761,4.116883,1.7327702
2047-06-18 12:00:00,1.1739874,1.1823823,2.1451359,3.4897978,3.8087354,2.1596906
2047-06-19 12:00:00,2.9984646,2.477305,1.9134076,4.517663,2.9979417,2.273902
2047-06-20 12:00:00,3.066729,2.5761886,2.826477,4.228245,3.3014514,2.0656087
2047-06-21 12:00:00,1.5634586,1.4276438,1.9583775,3.6242435,4.161455,2.493407
2047-06-22 12:00:00,2.029955,1.6774269,2.53101,3.9195712,5.414177,3.1239603
2047-06-23 12:00:00,3.3455324,2.7032962,3.4198384,5.4979978,3.8355603,2.7182736
2047-06-24 12:00:00,2.7850318,2.4330945,2.604158,6.185756,3.471201,3.2332795
2047-06-25 12:00:00,1.712544,1.7385147,2.796533,4.167213,5.163531,3.4882104
2047-06-26 12:00:00,1.5839039,1.4483106,4.1266923,4.124922,5.248138,3.3224115
2047-06-27 12:00:00,2.3214233,1.6991677,4.2246475,3.4530373,4.632848,3.5593152
2047-06-28 12:00:00,2.080681,1.9499595,4.54461,3.8547893,2.9747837,3.194887
2047-06-29 12:00:00,2.906676,3.2850783,7.1478953,5.8168797,3.892574,4.5355554
2047-06-30 12:00:00,2.5320063,2.5702062,4.6374187,4.614274,4.228682,2.9113045
2047-07-01 12:00:00,1.876673,1.6246727,3.945402,4.2216477,4.220294,2.5719998
2047-07-02 12:00:00,3.749166,3.1075103,3.6154253,5.2452416,4.2566338,2.445022
2047-07-03 12:00:00,3.2838538,2.6017864,3.6289973,4.0176706,4.028463,1.932266
2047-07-04 12:00:00,3.3204424,2.4351048,2.792051,3.0494533,2.9906516,1.611548
2047-07-05 12:00:00,1.1909926,1.1798472,2.3654778,1.9575261,2.060554,0.9464236
2047-07-06 12:00:00,1.0609307,1.0115812,2.7289226,2.4634833,1.9316598,1.5813214
2047-07-07 12:00:00,1.7443063,1.4621143,3.1472747,3.5754254,1.9873613,1.559224
2047-07-08 12:00:00,1.2784197,1.214154,2.0742154,3.3228908,3.0192938,1.4733421
2047-07-09 12:00:00,1.4355199,1.0621557,2.156943,2.5345144,3.5218918,1.5587329
2047-07-10 12:00:00,1.2874975,1.2583612,2.1537187,2.3352933,2.3462036,1.4190074
2047-07-11 12:00:00,2.0067031,1.4001719,2.3031878,2.271742,1.9023225,1.6208625
2047-07-12 12:00:00,1.1971756,1.1548398,2.1684096,3.2060425,2.4618013,2.12904
2047-07-13 12:00:00,1.6382828,1.3592582,1.4306939,4.3998146,2.6028273,1.2855649
2047-07-14 12:00:00,0.996814,0.9301963,1.4020828,3.823616,2.348507,1.222636
2047-07-15 12:00:00,0.9098979,0.9192815,1.9211017,3.6439788,2.4777086,1.2260406
2047-07-16 12:00:00,1.4582644,1.1868048,2.1580732,3.4109316,3.4059134,1.141594
2047-07-17 12:00:00,1.3014781,1.424161,2.8161192,3.2514381,3.9025388,1.7389163
2047-07-18 12:00:00,1.7423475,1.7065212,2.1840687,2.2680135,3.4772282,1.504418
2047-07-19 12:00:00,2.3586318,1.6889688,2.5198584,3.246438,3.4191797,1.4519244
2047-07-20 12:00:00,3.451974,2.8124866,4.7190065,4.2498407,4.050625,2.1838858
2047-07-21 12:00:00,3.6825955,3.0859263,5.3321304,3.5968492,3.8712838,2.1368175
2047-07-22 12:00:00,4.499415,3.4168992,6.985724,3.8567197,4.5607834,2.9981053
2047-07-23 12:00:00,2.3268046,2.1199203,3.2611341,3.7527947,4.637825,1.6004702
2047-07-24 12:00:00,2.129047,1.9517297,2.0694244,3.541286,4.111803,1.3982862
2047-07-25 12:00:00,1.3850012,1.3760436,2.373109,2.727194,4.116574,1.6817777
2047-07-26 12:00:00,1.2163734,1.2191372,2.765109,2.1358948,3.4515145,1.5300937
2047-07-27 12:00:00,1.5593419,1.3580478,2.5025203,1.7326047,2.5802758,1.3491759
2047-07-28 12:00:00,1.9017416,1.5120299,2.3886232,2.4193244,2.0778494,1.3951756
2047-07-29 12:00:00,3.0800672,2.4815397,4.1505766,4.8740935,2.883227,2.8810818
2047-07-30 12:00:00,2.5135484,2.9099813,4.114602,5.4658723,4.1037564,2.705662
2047-07-31 12:00:00,2.1368802,2.14625,4.048517,3.8937867,3.9610956,2.7700918
2047-08-01 12:00:00,2.848443,2.7583792,3.9581647,3.8496072,4.5549855,3.117996
2047-08-02 12:00:00,2.1659214,2.0331283,3.0595295,3.27391,4.5147176,1.8200827
2047-08-03 12:00:00,2.060831,1.7177844,2.9473567,2.0731404,5.4073186,1.793105
2047-08-04 12:00:00,2.5467057,1.8221443,2.5327373,2.3058136,4.7224803,1.7608738
2047-08-05 12:00:00,1.3855652,1.2339462,2.2055137,2.2374249,3.2207737,1.22785
2047-08-06 12:00:00,2.5360413,1.9248866,3.4184494,3.9531996,4.410474,1.8425491
2047-08-07 12:00:00,2.5834942,1.9935359,4.6488667,3.3122072,3.812557,3.5493438
2047-08-08 12:00:00,3.4042747,2.804383,5.1683493,3.4869254,3.1129384,3.7487404
2047-08-09 12:00:00,2.3604045,1.9729949,2.3905413,3.9585922,2.906536,1.6408589
2047-08-10 12:00:00,1.5019497,1.4999655,3.4908082,2.5840394,2.7864892,1.9166324
2047-08-11 12:00:00,2.07967,2.1130154,4.1766896,3.2317088,2.4898314,2.8688526
2047-08-12 12:00:00,2.3663726,2.302205,2.1077793,2.9864385,2.4898067,2.0617042
2047-08-13 12:00:00,2.1912832,2.0241585,2.9143534,2.503856,2.833638,2.660946
2047-08-14 12:00:00,2.1330957,2.21542,3.4126856,3.8577435,3.2828307,3.6949036
2047-08-15 12:00:00,1.8234076,1.6837591,1.8758156,3.1327624,3.470596,2.1191382
2047-08-16 12:00:00,1.6234771,1.5618843,1.75733,2.5471277,2.515264,2.0168493
2047-08-17 12:00:00,1.4885564,1.68188,2.5091307,1.9417596,2.4689438,1.7587407
2047-08-18 12:00:00,1.4178274,1.4803182,3.429633,2.0509694,2.0146208,1.8771352
2047-08-19 12:00:00,2.277983,1.960061,3.7606227,2.4419932,2.3054075,2.082151
2047-08-20 12:00:00,3.119053,2.5494308,2.836636,2.9468882,2.7443302,2.340053
2047-08-21 12:00:00,2.3329966,2.2252269,5.4389124,4.0872264,3.5202975,3.7677917
2047-08-22 12:00:00,2.9380224,2.2671058,3.5244133,2.4476404,4.871057,2.1168807
2047-08-23 12:00:00,2.0146687,1.6896697,3.2125506,4.4889417,4.4766254,3.1249936
2047-08-24 12:00:00,2.4387357,2.0293825,3.3592849,3.0715077,4.887533,3.0079687
2047-08-25 12:00:00,1.2550707,1.1847562,2.0724533,2.7439775,5.270067,1.5775927
2047-08-26 12:00:00,1.5474765,1.4923811,2.4341784,2.6115937,4.502379,2.2085204
2047-08-27 12:00:00,1.7035515,1.9151479,3.5538595,2.5892382,3.1045082,2.4114401
2047-08-28 12:00:00,1.3149633,1.4989773,2.7854586,2.8707268,2.4016798,2.1007261
2047-08-29 12:00:00,2.5136166,2.2556434,2.4014971,2.683788,2.5597188,2.0440085
2047-08-30 12:00:00,1.4613453,1.5371765,2.1847494,3.773689,3.7002668,1.9015777
2047-08-31 12:00:00,1.343124,1.1729198,3.0056367,1.9549754,2.5986927,1.9068822
2047-09-01 12:00:00,1.0638472,1.0665476,2.092244,2.0045168,2.3691888,1.2945287
2047-09-02 12:00:00,1.9569396,1.8831192,3.4383378,2.725875,2.7704287,3.1045163
2047-09-03 12:00:00,2.1905427,2.1579146,3.793673,3.205029,3.768622,2.4070656
2047-09-04 12:00:00,1.6619328,1.7367098,3.0287838,3.8920968,3.75421,1.9221585
2047-09-05 12:00:00,1.7016189,1.5656341,2.5539343,4.1114044,4.030653,1.2258096
2047-09-06 12:00:00,1.6124511,1.2101324,2.496356,2.3757672,4.200935,1.610385
2047-09-07 12:00:00,2.097258,1.9470149,4.011846,3.1532185,4.906619,2.9191012
2047-09-08 12:00:00,2.391465,1.8903663,4.301989,4.316261,4.0716004,2.6778631
2047-09-09 12:00:00,4.197977,3.8051407,5.8392925,3.9471867,2.9178054,3.255637
2047-09-10 12:00:00,3.4027562,3.2947958,5.433586,4.577256,3.5429337,3.7824347
2047-09-11 12:00:00,1.6920228,1.8233429,2.9799097,3.8664832,4.3864083,2.1833174
2047-09-12 12:00:00,2.10495,2.0804322,3.97502,3.0217,3.4321508,2.1181545
2047-09-13 12:00:00,2.0761201,1.7942894,3.2329738,3.1224158,3.0736232,2.056624
2047-09-14 12:00:00,2.8945327,2.4408994,3.1301296,5.1028943,4.6308675,2.90535
2047-09-15 12:00:00,1.988223,1.7938544,3.6455684,3.4425955,5.6943603,2.0757632
2047-09-16 12:00:00,1.348605,1.5598532,2.567338,4.965567,3.7372668,2.2508638
2047-09-17 12:00:00,1.3953352,1.2861848,2.8921716,2.9564347,3.758922,2.426254
2047-09-18 12:00:00,1.5096407,1.3169398,2.2946744,2.9010932,5.178383,1.5237777
2047-09-19 12:00:00,1.0845411,1.087203,2.134324,2.5471342,4.252801,1.20602
2047-09-20 12:00:00,0.95008034,0.8944364,1.546442,1.685043,2.7111952,1.2788713
2047-09-21 12:00:00,1.1020429,0.96658015,1.8150086,1.5025085,2.548296,1.1680813
2047-09-22 12:00:00,2.173812,1.6428827,3.094729,2.2663126,2.2483702,1.5123059
2047-09-23 12:00:00,2.1944017,1.7817607,3.7574015,3.3532205,2.5915625,1.8866099
2047-09-24 12:00:00,1.5529524,1.4462672,2.6084805,2.6894202,3.1458974,1.8799808
2047-09-25 12:00:00,1.8664149,1.5075387,4.1437054,2.315808,3.0435035,2.0125067
2047-09-26 12:00:00,1.7459877,1.4082568,2.860383,2.148497,3.7519677,1.6681339
2047-09-27 12:00:00,1.0470449,0.8992044,2.4439402,2.4721823,4.4153814,1.5423498
2047-09-28 12:00:00,2.3880022,2.1160762,4.306814,2.9182734,3.8185024,1.9652839
2047-09-29 12:00:00,2.6779788,2.232314,6.44325,3.2404404,2.318119,2.5923963
2047-09-30 12:00:00,3.170279,2.3746467,6.7208624,2.9344647,3.2061276,2.912737
2047-10-01 12:00:00,3.9365623,2.812307,6.718859,2.8391259,3.8134356,2.971986
2047-10-02 12:00:00,3.2729607,2.201421,5.707613,2.165498,5.85569,2.361071
2047-10-03 12:00:00,2.2853723,1.498659,4.8708897,2.0995402,3.0730073,1.9102091
2047-10-04 12:00:00,0.97847277,0.9493619,3.6904695,1.8474056,3.218284,1.6346638
2047-10-05 12:00:00,1.06089,1.2584329,3.7236423,2.4120612,2.7300663,2.3066742
2047-10-06 12:00:00,2.1029222,1.6459541,3.3728733,2.3485045,3.005693,1.6770548
2047-10-07 12:00:00,2.0218067,1.4490999,2.6801665,3.087138,4.251438,1.9885135
2047-10-08 12:00:00,1.8626306,1.6624061,3.467956,2.4076533,4.3953075,2.7470052
2047-10-09 12:00:00,0.9792125,0.98665047,2.4150696,1.8005614,3.1964908,1.5523115
2047-10-10 12:00:00,3.0897915,2.7361653,6.120577,4.714851,3.5648365,4.021267
2047-10-11 12:00:00,1.799609,1.8386871,3.692042,3.099074,3.917925,2.3007312
2047-10-12 12:00:00,2.824481,2.36936,3.9660754,3.078034,4.318688,2.189616
2047-10-13 12:00:00,3.769209,2.7733607,3.9290779,3.1515737,4.8816285,1.6634245
2047-10-14 12:00:00,2.1880107,1.6986059,2.7617471,4.1128273,3.1581728,2.3788278
2047-10-15 12:00:00,1.0730567,1.289927,3.1747172,5.7377934,2.9547727,2.4832573
2047-10-16 12:00:00,0.9083858,1.0162733,2.4059436,5.417769,4.0775976,1.6082693
2047-10-17 12:00:00,1.287132,1.2337879,5.1666713,3.2088447,4.3658233,3.1892467
2047-10-18 12:00:00,2.6134868,2.42419,5.459533,4.525111,4.6505914,3.1062953
2047-10-19 12:00:00,2.8158548,2.4986181,3.331063,4.466158,3.965305,2.772284
2047-10-20 12:00:00,1.2109934,1.1544659,2.6942384,2.894373,2.9963,2.2166147
2047-10-21 12:00:00,2.236705,1.6393653,4.8564982,3.407928,3.150532,3.67658
2047-10-22 12:00:00,3.8944778,2.9461975,5.918902,4.0208273,4.572919,3.6278944
2047-10-23 12:00:00,3.086801,2.3326304,6.093897,2.9005423,4.8026547,3.991684
2047-10-24 12:00:00,2.7358496,2.0591633,4.8400054,2.9611764,3.956811,2.9570868
2047-10-25 12:00:00,1.3234793,1.3022536,3.0582693,3.0648077,3.2479753,2.2375996
2047-10-26 12:00:00,1.5850306,1.3059412,1.956115,2.6525629,3.116206,1.7763935
2047-10-27 12:00:00,1.0775734,1.0037818,2.3884854,4.00997,2.8005257,2.5059462
2047-10-28 12:00:00,1.5089223,1.2582489,3.6865318,3.7876687,3.4549375,1.9300916
2047-10-29 12:00:00,3.1539292,2.7390528,5.3867345,4.3627424,2.3616612,3.2428572
2047-10-30 12:00:00,3.4611297,3.4157405,4.258231,5.528495,3.9182632,3.3096719
2047-10-31 12:00:00,1.4615006,1.4667792,4.7301736,3.3128748,4.1009297,2.6042957
2047-11-01 12:00:00,2.0140865,1.8351843,3.6665957,4.4939585,3.3857262,3.76179
2047-11-02 12:00:00,1.5624431,1.712913,2.7890155,5.4107413,3.5067227,2.5115285
2047-11-03 12:00:00,1.8291655,2.0065687,3.7159224,4.6698976,4.3842707,2.3108215
2047-11-04 12:00:00,1.5464125,1.7177961,2.5191274,5.2799053,3.8468673,1.6433338
2047-11-05 12:00:00,0.7416111,1.0695307,1.9727771,5.3903785,6.544308,1.4005976
2047-11-06 12:00:00,0.7959373,0.99749935,2.574051,3.882766,5.256581,2.0022717
2047-11-07 12:00:00,1.4854687,1.228588,2.5007117,2.9491515,5.4089494,1.9652919
2047-11-08 12:00:00,0.8737068,1.02362,2.694516,5.6100245,5.0550566,2.489724
2047-11-09 12:00:00,0.86120164,1.0496832,3.620328,4.654,3.7324872,2.4546025
2047-11-10 12:00:00,1.1518719,1.3432842,4.0520415,2.24657,3.8689613,2.6751704
2047-11-11 12:00:00,1.6423533,1.6652651,2.2110343,2.0773044,3.519334,1.5096658
2047-11-12 12:00:00,1.5532849,1.7588288,2.4496012,1.9477696,3.7071307,1.9141668
2047-11-13 12:00:00,1.5452417,1.5993004,1.9690938,1.5685219,2.4130082,1.3714716
2047-11-14 12:00:00,1.3741561,1.3679662,2.3486657,2.1653287,2.8533425,1.9985595
2047-11-15 12:00:00,1.8926218,1.5032574,2.711721,3.0452135,4.276728,1.8622863
2047-11-16 12:00:00,1.655535,1.4575328,3.2341244,3.29367,4.6674275,2.2936163
2047-11-17 12:00:00,1.9970042,1.4655358,3.476796,3.9401412,5.88672,3.01197
2047-11-18 12:00:00,1.2522312,1.0679059,3.9327173,4.8984337,7.402359,3.127597
2047-11-19 12:00:00,2.1080027,1.517213,3.9507127,2.9511285,6.8287334,2.151266
2047-11-20 12:00:00,1.4698373,1.2300383,3.6113584,4.1923537,6.0691605,2.3498964
2047-11-21 12:00:00,0.86279976,0.91961575,3.3472064,4.6426473,6.8441515,2.7777483
2047-11-22 12:00:00,1.9681749,1.7122364,3.9506795,6.9276757,8.092253,4.5781093
2047-11-23 12:00:00,3.2753549,2.493578,4.9230766,8.178311,9.488701,4.817085
2047-11-24 12:00:00,1.8295709,1.7326001,2.6973317,5.196667,7.0820913,1.7538127
2047-11-25 12:00:00,0.77631485,0.93397796,2.7728477,4.6823673,5.192864,2.8744807
2047-11-26 12:00:00,0.8167281,0.9346593,2.9811742,5.0688906,5.243212,3.4817286
2047-11-27 12:00:00,0.6981081,0.8883699,3.9793694,5.6596947,7.5636787,4.622867
2047-11-28 12:00:00,1.4387602,1.4093025,5.2443113,4.607083,4.035907,4.446633
2047-11-29 12:00:00,1.4000292,1.4814473,3.3453074,4.4891686,4.7212763,3.0069237
2047-11-30 12:00:00,3.316917,3.135172,6.7547226,6.423188,5.7966886,5.650381
2047-12-01 12:00:00,2.0845423,2.2684693,3.992089,7.8285975,7.6657987,3.7459097
2047-12-02 12:00:00,3.6620774,3.4045775,7.9811206,6.4519577,5.60251,6.0252466
2047-12-03 12:00:00,4.2971377,3.8343601,5.469783,6.6293497,6.5934753,4.33702
2047-12-04 12:00:00,2.0574245,2.2079012,2.4006314,5.2714586,6.6406884,2.739002
2047-12-05 12:00:00,1.5488439,1.4722054,2.0213394,3.6196723,5.6434774,1.829594
2047-12-06 12:00:00,1.7758867,1.3188497,2.5317588,3.8842726,5.964418,2.4182615
2047-12-07 12:00:00,0.9217411,0.9809937,3.492713,4.215666,5.231985,2.8704033
2047-12-08 12:00:00,2.6761181,2.2174172,4.99035,4.6139045,4.59626,3.0295565
2047-12-09 12:00:00,1.953016,1.753518,3.6908948,5.886118,6.3861547,2.5874355
2047-12-10 12:00:00,2.2416785,2.267398,3.4651217,4.827957,7.140948,1.815685
2047-12-11 12:00:00,1.9483519,1.8539152,3.655093,4.964108,6.2928905,2.4481304
2047-12-12 12:00:00,2.4342136,2.2002778,4.0099106,3.9530602,7.906995,2.1406121
2047-12-13 12:00:00,1.2665918,1.7934519,2.9068673,2.8156154,6.185657,1.4268243
2047-12-14 12:00:00,0.79440594,1.0589036,2.4670854,4.135036,4.79086,2.3238316
2047-12-15 12:00:00,1.1914959,1.3836354,4.6208115,3.3016448,3.4979444,3.3491056
2047-12-16 12:00:00,2.8514605,2.560226,5.3804874,5.96586,4.578358,3.9521058
2047-12-17 12:00:00,2.598963,2.0299306,4.933104,4.9335465,4.1225767,3.467178
2047-12-18 12:00:00,1.9288462,1.5921212,3.6624699,4.4465947,4.730984,2.5684597
2047-12-19 12:00:00,3.28449,2.4400213,5.29196,4.588382,4.490135,4.378379
2047-12-20 12:00:00,1.7097948,1.6904411,2.9632308,5.2132945,3.7065637,3.3366761
2047-12-21 12:00:00,2.5008407,2.1876447,4.2185273,3.2813234,3.1806955,3.1402345
2047-12-22 12:00:00,1.2347047,1.4102435,3.0006561,4.1687536,4.117771,2.930086
2047-12-23 12:00:00,4.1407757,3.6469493,9.556378,6.8837743,5.1652946,6.365791
2047-12-24 12:00:00,3.7235842,3.497828,6.615382,6.9823184,4.8209977,4.972738
2047-12-25 12:00:00,4.0265746,3.2993896,6.946301,5.7664633,5.619279,5.069067
2047-12-26 12:00:00,1.5892351,1.5981654,2.7108593,4.8404713,4.8702583,1.8261445
2047-12-27 12:00:00,1.7142739,1.3466517,2.8206801,2.550095,4.3517504,1.4100264
2047-12-28 12:00:00,2.1139712,1.6541033,2.9621491,2.4816277,4.631516,1.9842542
2047-12-29 12:00:00,2.6699243,1.8029424,2.625241,3.3454514,4.3360944,1.5225071
2047-12-30 12:00:00,1.7242326,1.2018023,2.477953,3.4905722,4.73113,1.6243379
2047-12-31 12:00:00,0.85647565,1.1520166,2.2329957,3.4190257,3.888713,1.6579691
2048-01-01 12:00:00,1.907716,1.556075,4.283235,2.0741854,3.4080927,2.106471
2048-01-02 12:00:00,1.3872913,1.3587823,2.6069767,2.9730585,4.3303213,2.1179829
2048-01-03 12:00:00,1.2002028,1.1861272,4.514485,2.2326498,3.3322875,2.4162984
2048-01-04 12:00:00,1.9588332,1.3386084,4.9531274,2.9043791,2.5739608,2.3214684
2048-01-05 12:00:00,3.1357818,2.3894334,7.0872903,5.5983253,3.9273314,4.3913417
2048-01-06 12:00:00,2.9223428,3.1354167,4.849083,8.233277,7.7000456,4.524925
2048-01-07 12:00:00,1.3354257,1.4653931,4.261229,5.816301,7.132392,3.1828399
2048-01-08 12:00:00,1.7209837,2.0203881,4.3157907,4.0337844,5.8871403,3.0371342
2048-01-09 12:00:00,1.3572023,1.4683884,4.554879,4.224747,4.11844,3.4499826
2048-01-10 12:00:00,1.3683288,1.7146512,5.354852,6.9441614,7.3730965,3.7770338
2048-01-11 12:00:00,1.1651418,1.4331125,3.7505558,4.8283286,8.105211,3.324044
2048-01-12 12:00:00,1.7565095,1.859641,6.6857624,6.332999,4.466413,4.7001514
2048-01-13 12:00:00,2.2043085,2.370428,4.8895655,4.9240603,4.360034,3.6122327
2048-01-14 12:00:00,3.5756855,3.6649399,8.01864,9.213914,7.290608,6.1672683
2048-01-15 12:00:00,1.9723232,2.0057778,6.193223,7.7779064,9.957614,4.078907
2048-01-16 12:00:00,1.270313,1.5468048,4.3526263,6.5755715,8.659481,4.0748663
2048-01-17 12:00:00,3.7729645,3.1834946,6.2634754,6.6490903,8.119826,4.9166875
2048-01-18 12:00:00,2.4001198,2.3766007,5.428769,6.576009,5.1658835,3.9748328
2048-01-19 12:00:00,0.9814552,1.1214801,3.619375,4.122957,5.5014615,2.842072
2048-01-20 12:00:00,1.6160223,1.3837633,2.4745693,3.5284057,3.3803318,1.5086489
2048-01-21 12:00:00,2.3094962,1.840031,3.6120071,3.7787073,3.559255,1.8606793
2048-01-22 12:00:00,1.5150355,1.388296,4.2802854,3.1874769,5.12346,1.66422
2048-01-23 12:00:00,0.92016166,1.2773566,2.954822,4.420302,5.7649193,1.8657925
2048-01-24 12:00:00,1.7235515,2.178458,2.7897418,3.1231105,3.4103336,2.2822027
2048-01-25 12:00:00,1.8238863,1.6653968,3.132226,2.2594755,7.810212,1.6412243
2048-01-26 12:00:00,1.8830056,1.7085273,2.538348,2.2537243,5.7252364,1.5008612
2048-01-27 12:00:00,1.3517936,1.2262162,2.8370738,2.4989455,6.2347913,1.5001156
2048-01-28 12:00:00,0.73841286,1.1140108,2.3158667,4.917008,8.524753,1.882759
2048-01-29 12:00:00,1.3165381,1.9774729,3.0728998,6.6009216,8.017867,2.9546041
2048-01-30 12:00:00,1.345443,1.8790481,4.980598,5.0121183,5.0845346,4.038711
2048-01-31 12:00:00,1.505409,1.8570546,4.529226,5.046173,4.3228683,3.669424
2048-02-01 12:00:00,2.8524418,2.9363246,5.073973,4.77408,3.995755,3.7640889
2048-02-02 12:00:00,1.8721924,1.5842189,2.9037669,3.751987,7.673487,1.8329649
2048-02-03 12:00:00,0.89394736,1.3729235,2.1356168,5.847148,8.246503,1.9446219
2048-02-04 12:00:00,1.0852945,1.5024598,2.348546,5.1956825,7.4153876,1.7440761
2048-02-05 12:00:00,1.340863,1.9985429,3.4496024,6.156747,7.6552763,2.7666566
2048-02-06 12:00:00,2.4372928,2.6006277,5.733673,6.549276,5.7045236,4.606409
2048-02-07 12:00:00,2.1458578,1.9522941,4.7465897,4.617827,5.8452,3.6643953
2048-02-08 12:00:00,1.1100934,1.2876073,2.6414733,2.9552772,4.6930046,2.1120603
2048-02-09 12:00:00,1.3574269,1.1298577,2.5639462,2.3644166,3.4990394,1.6472181
2048-02-10 12:00:00,1.1935208,0.97488976,4.8625307,3.4874754,3.026451,2.648739
2048-02-11 12:00:00,1.618448,1.3724911,6.8491592,3.6538768,4.0835876,3.001093
2048-02-12 12:00:00,2.6653988,1.9748895,5.837799,2.775242,3.8264327,2.7735968
2048-02-13 12:00:00,1.1469383,1.2666501,2.7785566,4.3120294,3.2870378,2.0016408
2048-02-14 12:00:00,0.88969326,1.2342445,2.7667158,5.060373,3.9453118,2.8039494
2048-02-15 12:00:00,1.1871109,1.3768631,3.5094554,4.101053,4.024494,2.5664341
2048-02-16 12:00:00,1.1461983,1.418372,2.4370816,2.922411,4.2446423,1.4250473
2048-02-17 12:00:00,1.866087,1.5591846,3.639371,1.6577278,3.705339,1.9261869
2048-02-18 12:00:00,1.8891163,1.8128318,3.132634,2.106119,3.489168,1.6758915
2048-02-19 12:00:00,1.2318445,1.4085907,2.1700196,4.0796413,3.7904162,1.8925757
2048-02-20 12:00:00,1.401339,1.7764626,3.3912618,4.80294,5.002047,2.566743
2048-02-21 12:00:00,1.2339365,1.3464227,2.8775117,3.1073763,4.4041996,2.4530244
2048-02-22 12:00:00,1.3660792,1.373111,2.587459,3.5091028,4.208587,1.9945047
2048-02-23 12:00:00,2.3412223,2.1623378,5.297326,5.5379224,4.5724607,4.4070616
2048-02-24 12:00:00,1.896132,2.160089,5.579674,5.3435254,6.652627,3.853314
2048-02-25 12:00:00,2.313623,2.0430367,6.452134,8.014597,7.35198,4.7880044
2048-02-26 12:00:00,2.3327594,1.762399,4.456764,6.148197,7.425258,3.344281
2048-02-27 12:00:00,0.8759134,1.0601168,3.5979898,4.398474,6.138868,2.3597236
2048-02-28 12:00:00,1.3024049,1.4479368,4.0867615,5.087061,4.8147597,3.3037193
2048-02-29 12:00:00,2.2974715,1.9707917,5.102638,5.2316775,4.6272783,3.7021997
2048-03-01 12:00:00,2.048532,2.3155305,4.5389175,5.799059,6.289017,4.5678096
2048-03-02 12:00:00,3.736313,3.411395,5.4643135,8.419588,6.8498006,4.8667955
2048-03-03 12:00:00,1.6926825,2.0022576,3.8609855,4.8573585,4.723889,2.4936304
2048-03-04 12:00:00,1.8674637,1.3939699,2.8996158,3.9341176,3.3780012,2.0997508
2048-03-05 12:00:00,1.6634979,1.6413441,4.5501504,4.4778614,3.4182584,2.8624258
2048-03-06 12:00:00,2.5888448,2.3829696,4.3325133,3.4267302,4.111438,2.5753396
2048-03-07 12:00:00,1.6811569,1.6703346,2.494228,2.3912868,3.93987,1.9880474
2048-03-08 12:00:00,1.1609187,1.4972786,5.526971,5.523297,4.519258,4.301865
2048-03-09 12:00:00,3.2223787,3.3769343,7.9626327,7.6821747,8.367909,6.096968
2048-03-10 12:00:00,2.8122668,3.0999222,8.228713,7.972926,9.753846,6.2650146
2048-03-11 12:00:00,2.924429,2.8976042,7.4791517,6.265792,8.648813,4.156029
2048-03-12 12:00:00,1.6351798,1.7559928,4.550239,4.606391,6.1945925,3.1097512
2048-03-13 12:00:00,1.7925528,1.3969983,3.1656647,3.5306754,4.998048,1.9776607
2048-03-14 12:00:00,2.6045637,2.119474,2.3936439,3.8863351,4.8902063,1.458009
2048-03-15 12:00:00,1.5505776,1.4290264,2.104508,3.5022366,3.8629022,1.6622889
2048-03-16 12:00:00,0.82656854,1.1199535,1.8972485,4.132801,4.0192795,1.7445855
2048-03-17 12:00:00,2.3886275,1.8398628,5.0913396,3.0818336,4.780525,2.2987027
2048-03-18 12:00:00,5.0337963,3.804914,5.5789323,3.2241092,3.6661668,3.0955408
2048-03-19 12:00:00,3.989747,3.050182,4.3041105,2.5320425,4.457983,2.634156
2048-03-20 12:00:00,1.8695724,1.4437354,3.1906724,3.8069487,6.5987935,1.5578246
2048-03-21 12:00:00,1.2203851,1.3785162,1.862649,4.010227,5.2524858,1.4515947
2048-03-22 12:00:00,1.1717625,1.1051422,1.8367033,2.8256125,3.3598144,1.7853254
2048-03-23 12:00:00,1.5040684,1.5630255,3.5461426,3.3150368,3.5862114,2.4496276
2048-03-24 12:00:00,2.7631724,2.4386513,4.0753074,4.1746,4.886292,2.8637245
2048-03-25 12:00:00,2.2796357,1.8161482,2.7500627,4.584067,3.7291634,1.3991836
2048-03-26 12:00:00,1.8801395,1.57883,3.0394957,4.1655407,3.9788928,2.010592
2048-03-27 12:00:00,1.8394988,1.7774153,3.0311105,4.7670403,3.3297393,2.7513082
2048-03-28 12:00:00,1.1720514,1.4857624,4.891316,6.7520313,3.3378215,3.9194434
2048-03-29 12:00:00,3.7893226,3.0826395,6.8612022,3.7681303,3.212329,3.230866
2048-03-30 12:00:00,2.9397035,2.6854844,3.3527725,5.00279,3.7459528,2.1936688
2048-03-31 12:00:00,2.4225128,2.0657947,5.604346,3.9843833,4.507105,3.9536579
2048-04-01 12:00:00,3.3093588,2.6902766,6.116894,3.9081478,5.862502,3.953201
2048-04-02 12:00:00,3.329482,3.1407783,6.2598085,6.3035593,8.584443,3.937006
2048-04-03 12:00:00,3.8751755,3.429851,4.580194,5.25715,4.96834,3.1081638
2048-04-04 12:00:00,4.0843086,3.4063578,4.5324864,3.2567995,5.056785,2.9677336
2048-04-05 12:00:00,3.2173033,2.536816,3.831056,3.6566188,5.737504,2.298463
2048-04-06 12:00:00,2.2054925,2.1134531,2.7179682,4.1087875,5.165543,1.8826824
2048-04-07 12:00:00,1.8987577,1.9640778,2.4160557,3.663987,4.227042,1.4982722
2048-04-08 12:00:00,2.5045986,1.8465729,3.761558,2.5363224,3.9319131,1.975444
2048-04-09 12:00:00,2.334437,1.9449245,4.764995,2.3533762,4.0526104,2.384582
2048-04-10 12:00:00,1.8806415,1.9202787,3.0728753,3.6461403,4.3008018,1.906286
2048-04-11 12:00:00,2.2355976,2.0687006,2.1078143,2.6537688,5.0909786,1.6430737
2048-04-12 12:00:00,2.4290743,2.263712,4.4803567,4.31167,7.512676,4.333952
2048-04-13 12:00:00,4.7512608,4.489112,7.6238527,7.561931,8.403781,6.4977894
2048-04-14 12:00:00,4.754322,4.543564,8.149075,5.669578,6.2092385,5.619545
2048-04-15 12:00:00,2.2181435,2.2919376,3.5404963,4.654012,4.8872905,3.0891843
2048-04-16 12:00:00,1.6513869,1.4732488,5.7972293,2.6498542,4.6141486,3.5785923
2048-04-17 12:00:00,2.6233678,2.535445,4.9158144,5.4118733,4.822759,3.1408558
2048-04-18 12:00:00,2.8063653,2.3776088,3.8014617,3.5066664,3.870627,3.37899
2048-04-19 12:00:00,2.4967787,1.9303199,3.3843737,2.2949407,2.5969207,1.9428389
2048-04-20 12:00:00,2.1415772,1.827577,5.802158,3.1141994,2.5354598,3.1861894
2048-04-21 12:00:00,2.1478486,2.0810883,5.0232534,2.6932585,2.075077,3.4886298
2048-04-22 12:00:00,2.9851036,2.7956324,4.805423,2.6490948,2.1247957,2.5154932
2048-04-23 12:00:00,4.3762226,3.9951282,5.3935747,5.108855,2.8623466,3.8847682
2048-04-24 12:00:00,4.30888,3.6817973,4.054559,3.5319088,3.3014762,2.7468255
2048-04-25 12:00:00,1.9954375,1.6406393,2.71638,2.7202697,3.8084378,2.1908684
2048-04-26 12:00:00,1.3791695,1.0349299,2.621689,3.1473968,5.4545393,2.08851
2048-04-27 12:00:00,1.1746782,1.1460502,2.7713912,1.7458582,4.8870473,1.728887
2048-04-28 12:00:00,2.8390994,2.1184976,3.1781306,2.2137804,3.8073177,1.8245463
2048-04-29 12:00:00,3.1284385,2.4341674,3.0366886,3.6919265,3.206997,1.779678
2048-04-30 12:00:00,3.2418242,2.6755807,3.1835248,3.655185,2.6966436,1.8370142
2048-05-01 12:00:00,2.5294464,2.138077,2.91533,2.7364097,2.4210799,1.9234322
2048-05-02 12:00:00,1.1759455,1.3076942,2.4393811,1.9318166,2.5488913,1.3589144
2048-05-03 12:00:00,1.2291961,1.1582586,2.2514327,2.1479342,2.5369506,1.5354015
2048-05-04 12:00:00,1.3135979,1.3755454,2.519072,1.7074199,3.5893075,1.3862553
2048-05-05 12:00:00,1.8012472,1.556665,2.9704478,2.4356923,3.428493,2.1370723
2048-05-06 12:00:00,1.5080566,1.2397355,2.2861524,3.0145621,2.286797,2.2866971
2048-05-07 12:00:00,1.4098142,1.3264184,2.008206,3.5478098,2.1681108,2.282619
2048-05-08 12:00:00,2.0249815,1.6778915,2.0457096,3.792896,2.1362371,1.76514
2048-05-09 12:00:00,1.5066025,1.7221981,3.500872,3.673193,4.2650533,3.1672
2048-05-10 12:00:00,2.145001,1.9557697,4.8553996,3.1838264,6.4339314,3.4918768
2048-05-11 12:00:00,1.678735,1.5411621,4.3869324,3.7096405,3.876008,2.9056299
2048-05-12 12:00:00,1.7417328,1.6444436,4.2263594,3.141576,4.270086,3.17348
2048-05-13 12:00:00,1.5333257,1.6613246,3.8454187,2.5837119,4.1273885,1.7588674
2048-05-14 12:00:00,2.2719617,1.7816311,2.5448725,2.558013,3.1211803,1.4896988
2048-05-15 12:00:00,1.9498308,1.6490368,4.635869,2.5914466,2.3428578,1.815943
2048-05-16 12:00:00,1.4020567,1.3463725,3.5343273,2.1267285,2.302003,1.4044181
2048-05-17 12:00:00,1.686487,1.29683,2.0815341,1.9768169,2.1665072,1.010879
2048-05-18 12:00:00,2.569624,1.8997917,2.95811,2.135182,2.1185117,1.5420868
2048-05-19 12:00:00,2.2889905,2.020203,2.7619622,3.194598,2.9042263,1.6248963
2048-05-20 12:00:00,3.5608435,3.0166323,2.8972092,3.6436186,3.52822,1.5604357
2048-05-21 12:00:00,1.8137751,1.984487,2.7055557,3.2949624,3.192634,1.8754089
2048-05-22 12:00:00,1.7485238,1.536235,2.0171041,2.8006089,2.9978848,1.5004635
2048-05-23 12:00:00,2.4701986,2.2337441,2.2931445,3.1841693,4.054627,1.7189698
2048-05-24 12:00:00,1.4465159,1.4875255,1.6657699,3.3598707,4.372841,0.97667396
2048-05-25 12:00:00,3.1225739,2.4969623,3.0985103,3.110984,4.4210386,1.7194371
2048-05-26 12:00:00,2.7368417,2.0320156,3.2898104,3.6321244,4.3825502,1.898259
2048-05-27 12:00:00,2.8849993,2.444157,4.255553,3.0736732,3.5554113,2.4302104
2048-05-28 12:00:00,3.852602,2.902245,3.6393964,3.8132486,5.567691,2.6115139
2048-05-29 12:00:00,1.2400589,1.3086649,2.3713791,2.8208604,6.4330826,1.5696491
2048-05-30 12:00:00,1.2386713,1.1839777,3.1001906,2.5692592,3.6246822,1.3122138
2048-05-31 12:00:00,2.6825266,1.9515297,2.887496,1.7807244,2.7202659,1.7759207
2048-06-01 12:00:00,3.5135736,2.865238,5.3233953,3.7803435,3.0444472,4.2935166
2048-06-02 12:00:00,2.7501554,2.8362331,3.2717073,4.1745577,5.313277,2.6833215
2048-06-03 12:00:00,2.4423294,2.2997339,3.3621626,2.75633,5.4996796,2.5839727
2048-06-04 12:00:00,2.5268593,2.0539572,2.8222098,2.7710755,5.0549283,2.134921
2048-06-05 12:00:00,1.6530833,1.4761518,2.188828,2.6992078,4.3574314,1.5357984
2048-06-06 12:00:00,2.2611144,1.9978372,3.121722,3.8820539,4.0465693,2.1476135
2048-06-07 12:00:00,2.6595097,2.0461512,3.2153335,2.756914,3.2769806,1.8873199
2048-06-08 12:00:00,2.998734,2.3635538,2.8522067,4.4647703,2.924395,2.710559
2048-06-09 12:00:00,2.6197033,1.9699574,3.3671405,3.9371681,3.6843293,1.7412761
2048-06-10 12:00:00,3.159081,2.5502732,2.5803473,3.5334933,2.9833348,1.6113155
2048-06-11 12:00:00,4.3490477,3.358143,3.9330611,2.9839354,2.60626,2.0882983
2048-06-12 12:00:00,3.091076,2.6191304,4.1884947,2.9516072,3.0391464,2.101938
2048-06-13 12:00:00,2.061292,1.8791344,3.2182693,2.484062,3.1924248,1.7623638
2048-06-14 12:00:00,1.3399327,1.2224597,2.0737474,1.9821727,2.2822392,1.5198127
2048-06-15 12:00:00,1.340097,1.0299811,2.264791,2.1408384,2.031819,1.6860502
2048-06-16 12:00:00,1.1956939,1.1639092,2.547507,2.7274928,2.5790756,2.2762063
2048-06-17 12:00:00,1.4600289,1.4910026,2.2652562,3.6594007,2.372614,2.1639814
2048-06-18 12:00:00,2.1314297,1.7694,2.1622767,4.051139,2.8817508,2.0885134
2048-06-19 12:00:00,1.8739073,1.6052966,2.0170162,3.2773294,3.121662,1.8077022
2048-06-20 12:00:00,1.6579497,1.306968,2.331563,2.3631299,2.4061685,1.2622923
2048-06-21 12:00:00,1.4766569,1.1577035,2.3740914,2.6940372,3.4367886,1.3214109
2048-06-22 12:00:00,1.8015867,1.4401067,2.669024,2.513766,4.5549674,1.6196504
2048-06-23 12:00:00,2.1791122,2.3024895,3.5884142,3.9842355,3.3561487,2.1835768
2048-06-24 12:00:00,3.794275,3.2491038,2.7287908,3.7769673,2.8626795,2.294409
2048-06-25 12:00:00,2.4137652,2.239436,2.5787673,2.2860806,2.7195861,1.4039791
2048-06-26 12:00:00,1.8335185,1.6975169,3.194496,1.7087864,2.317758,1.4746875
2048-06-27 12:00:00,1.9074702,1.8358892,2.4621475,2.5554838,1.9586334,2.2174416
2048-06-28 12:00:00,1.5642109,1.4092869,2.2778912,2.43925,2.450764,1.7635082
2048-06-29 12:00:00,0.98865974,1.3051043,1.9954844,2.2212903,2.7185898,1.645865
2048-06-30 12:00:00,2.421361,2.245877,2.3120284,2.7735112,3.2420304,1.5964423
2048-07-01 12:00:00,2.7550101,2.4770098,2.0251398,3.5343664,3.432188,1.6554654
2048-07-02 12:00:00,1.2820153,1.6911131,1.8597258,3.3945484,3.1911268,1.2933431
2048-07-03 12:00:00,1.3449783,1.0949122,2.087634,2.4552884,2.292457,1.4819849
2048-07-04 12:00:00,1.6607248,1.3238696,3.075047,2.6053166,1.7956731,1.4698584
2048-07-05 12:00:00,2.0129104,1.6234316,3.139199,2.2032626,2.1681252,1.514987
2048-07-06 12:00:00,1.3963261,1.3521467,2.700501,2.704827,3.1681345,1.7660664
2048-07-07 12:00:00,1.537416,1.4214802,2.6253567,2.4307046,3.3009064,1.6177534
2048-07-08 12:00:00,0.6793705,0.9022691,1.9261607,2.394702,2.6772025,1.5015326
2048-07-09 12:00:00,1.4498842,1.4156734,3.0944116,2.8086972,3.6515596,1.6445845
2048-07-10 12:00:00,1.9828998,1.9922135,3.178896,3.312248,4.074031,2.457846
2048-07-11 12:00:00,2.4597838,2.422982,2.970943,3.783246,5.2696533,2.056826
2048-07-12 12:00:00,2.533492,2.0905862,2.4969368,4.2582293,4.8543944,1.2979089
2048-07-13 12:00:00,1.4729912,1.4658663,2.7491164,3.8728158,4.7407494,2.2431507
2048-07-14 12:00:00,2.9344597,2.5362635,4.4385343,3.2748477,3.5221841,3.9149585
2048-07-15 12:00:00,2.754178,2.266428,4.40999,3.200843,2.4002922,2.8754528
2048-07-16 12:00:00,2.5671554,2.061413,3.8291864,2.7248409,2.8347123,2.2635963
2048-07-17 12:00:00,2.1207175,1.8604559,3.573192,2.3558838,2.7313645,2.115986
2048-07-18 12:00:00,1.6333821,1.4503527,3.4755113,1.9439998,2.2130187,2.1807282
2048-07-19 12:00:00,1.3482615,1.420452,3.1139808,2.385929,1.9911045,2.155517
2048-07-20 12:00:00,1.4480827,1.255096,2.916623,1.7492731,2.0695126,1.5267447
2048-07-21 12:00:00,1.8727219,1.5806372,2.7260113,3.0953565,2.8419864,1.9052424
2048-07-22 12:00:00,2.121509,1.8393718,2.2940443,2.4157536,3.3661752,1.7160717
2048-07-23 12:00:00,1.8773023,1.6195014,1.667908,2.5614688,3.9442885,1.3023901
2048-07-24 12:00:00,0.9551345,1.0603013,1.6452103,2.6101565,4.416753,1.3363425
2048-07-25 12:00:00,1.8650026,1.5269578,2.048134,2.3513656,3.8033392,1.3264083
2048-07-26 12:00:00,1.570396,1.5032227,4.04366,3.0261455,3.4111638,2.3520994
2048-07-27 12:00:00,1.9290936,1.751949,2.6165226,2.246588,3.6047463,1.4072286
2048-07-28 12:00:00,2.1333487,1.9290097,3.4031866,2.900213,4.410277,1.8875735
2048-07-29 12:00:00,2.5786064,2.0123272,3.7619288,2.279843,3.5699744,1.9596419
2048-07-30 12:00:00,1.7968035,1.9819839,5.594194,3.7120872,4.3121276,3.130641
2048-07-31 12:00:00,2.1495926,1.7396033,2.8820496,2.765036,3.4781146,1.447024
2048-08-01 12:00:00,2.4139566,2.1913376,4.2918797,3.07626,2.5024264,2.4667764
2048-08-02 12:00:00,2.817223,2.9096956,4.557594,4.4010715,3.6579263,3.0547283
2048-08-03 12:00:00,2.294038,2.253847,4.5853596,6.2286654,4.73597,2.7948093
2048-08-04 12:00:00,1.4787018,1.8166043,3.135612,5.4520583,4.648674,2.184715
2048-08-05 12:00:00,1.81882,1.547362,2.6702993,2.890944,4.099009,1.9201877
2048-08-06 12:00:00,0.9478287,1.0600048,2.2455246,2.3098059,2.0118659,1.9716842
2048-08-07 12:00:00,1.5912416,1.4378799,2.81687,2.0513353,2.4608786,2.0292852
2048-08-08 12:00:00,1.9949917,1.5765216,3.142842,2.566025,2.1304924,2.594802
2048-08-09 12:00:00,1.845681,1.3499447,2.3703656,2.1243618,2.4436827,1.7316417
2048-08-10 12:00:00,1.2908628,1.1633303,3.0393577,2.1311297,2.7286887,2.4813383
2048-08-11 12:00:00,2.357566,2.007111,4.3451023,2.700137,2.9474936,3.7722137
2048-08-12 12:00:00,3.4027839,2.8208768,4.6145086,2.951078,2.8948202,3.5142941
2048-08-13 12:00:00,1.9382035,1.5953068,3.0504913,2.5702152,1.6846715,2.0529537
2048-08-14 12:00:00,1.4294225,1.2929696,3.5225186,3.7520201,2.9790938,1.9401977
2048-08-15 12:00:00,1.5532715,1.5929196,4.0849147,3.4006155,3.4019947,2.773451
2048-08-16 12:00:00,1.2772744,1.2339419,3.414004,2.231462,2.9075537,1.7248057
2048-08-17 12:00:00,1.4558123,1.3191501,2.360538,1.8316875,1.8935887,1.4296901
2048-08-18 12:00:00,2.1168857,1.8263637,2.8283024,2.624847,4.3357735,1.5451285
2048-08-19 12:00:00,1.9132041,1.727928,2.9084764,3.4304917,4.0988193,1.5716579
2048-08-20 12:00:00,1.6879904,1.6318561,3.8348575,3.1713474,3.204477,2.2929664
2048-08-21 12:00:00,2.7669845,2.3448913,3.7212095,3.1062021,3.0542753,2.2511792
2048-08-22 12:00:00,2.2417855,1.9305723,2.3289514,3.0995955,3.182771,1.4442444
2048-08-23 12:00:00,2.4003727,1.9498383,2.201524,2.18743,4.0624413,1.8360032
2048-08-24 12:00:00,2.0886977,1.6181192,2.107698,2.557833,3.903803,1.9541521
2048-08-25 12:00:00,1.3353732,1.2786976,2.527145,2.5579624,3.3304224,2.0238035
2048-08-26 12:00:00,2.873947,2.18076,2.5139115,2.7871463,2.7428408,1.729321
2048-08-27 12:00:00,3.2035658,3.0731049,2.157476,4.234356,2.5484433,2.616763
2048-08-28 12:00:00,2.457136,2.1974044,3.2514842,3.7052402,2.4173734,1.7980862
2048-08-29 12:00:00,1.9864249,1.4830906,3.2351246,1.8797929,2.0176933,1.5342791
2048-08-30 12:00:00,1.3865744,1.1202078,2.313657,1.6721649,3.7839978,1.250973
2048-08-31 12:00:00,1.0596278,1.0664632,2.5122306,1.9404742,2.829605,2.0387452
2048-09-01 12:00:00,0.947639,1.1523148,2.5960956,2.4080348,2.3488414,2.003416
2048-09-02 12:00:00,1.4959139,1.3709052,2.456108,2.3502803,3.2475173,2.0909097
2048-09-03 12:00:00,1.9525692,1.7534294,1.6862873,3.0318277,2.8813326,1.2657396
2048-09-04 12:00:00,2.4859283,2.0566618,2.1873267,2.8509774,3.507638,1.2366575
2048-09-05 12:00:00,0.84411585,0.87705064,1.9736229,2.0922759,4.1423244,1.6401486
2048-09-06 12:00:00,1.082228,0.97451735,1.9230793,2.3140087,6.163913,1.5161104
2048-09-07 12:00:00,1.4920164,1.1798694,2.3074226,1.9560597,6.7025785,1.3780825
2048-09-08 12:00:00,1.2395024,1.2827708,2.934823,2.1108928,6.0548644,1.4533547
2048-09-09 12:00:00,1.8616018,1.3267162,3.469137,2.652621,5.1076236,1.68627
2048-09-10 12:00:00,1.938873,1.6941854,2.9900978,2.9626994,6.0642204,1.5379864
2048-09-11 12:00:00,1.1952039,1.3342735,1.9255356,3.341838,4.619765,1.2628025
2048-09-12 12:00:00,1.7091105,1.564116,1.7997444,4.383265,3.0399551,2.0676394
2048-09-13 12:00:00,1.7083148,1.430435,3.1524847,2.6746325,3.3835843,2.7776728
2048-09-14 12:00:00,1.1860263,1.3211547,2.8861988,5.151052,4.8013897,2.5720463
2048-09-15 12:00:00,1.6371353,1.7386013,3.5063567,3.6786864,4.3830805,2.20442
2048-09-16 12:00:00,1.195171,1.2851684,2.3989275,2.2726057,4.0801363,1.4658902
2048-09-17 12:00:00,1.1853988,1.5156094,3.6408088,3.6005807,4.067549,2.2128446
2048-09-18 12:00:00,1.1278634,1.1514455,2.7175782,3.2305253,3.5352745,2.0062287
2048-09-19 12:00:00,2.449329,1.937073,3.0291197,5.0057845,4.843858,2.2413898
2048-09-20 12:00:00,3.0454934,2.6695607,5.7499056,5.4498096,2.7895224,4.2486167
2048-09-21 12:00:00,2.938887,2.9910598,4.6277194,4.549794,5.6285586,2.9565558
2048-09-22 12:00:00,2.2435246,2.4610617,3.6770365,4.207388,6.409211,2.407702
2048-09-23 12:00:00,1.7509174,1.9519047,4.090082,5.5275793,4.5807333,3.0569189
2048-09-24 12:00:00,2.5451558,2.5863264,3.6950874,6.6531625,4.8660784,2.8233361
2048-09-25 12:00:00,2.6032252,2.8179784,3.7915988,5.6782403,6.787659,2.9750912
2048-09-26 12:00:00,1.6916234,1.9797344,2.4181883,4.8683324,5.9687977,1.8792176
2048-09-27 12:00:00,1.2130789,1.7992038,2.6277678,5.86502,4.578854,1.8046674
2048-09-28 12:00:00,1.1370544,1.3205954,1.7845304,3.5121787,4.715361,1.2872915
2048-09-29 12:00:00,0.74538696,0.8733444,1.8803053,2.071192,3.9680328,1.1816059
2048-09-30 12:00:00,0.9365664,1.0593386,3.1629755,2.0644777,3.3301892,1.4671491
2048-10-01 12:00:00,1.3954579,1.473748,4.20873,2.263085,3.5010862,2.7278154
2048-10-02 12:00:00,1.8541844,1.7235448,3.1046238,3.5156069,3.7066658,3.067166
2048-10-03 12:00:00,2.0150867,1.539955,3.4754252,3.6336164,6.2250986,2.994782
2048-10-04 12:00:00,1.7347718,1.349282,3.8242154,3.0418193,5.531198,2.6633475
2048-10-05 12:00:00,1.0623662,0.9470716,3.8906803,2.0053387,3.562105,2.1521003
2048-10-06 12:00:00,1.7927041,1.4524239,3.3771338,1.8991339,2.5114071,1.9335438
2048-10-07 12:00:00,2.007134,1.6939443,4.2386074,2.4129312,2.735964,1.9899973
2048-10-08 12:00:00,1.5428817,1.5465655,4.364584,2.701174,3.6040504,2.1308022
2048-10-09 12:00:00,1.3366125,1.6284767,4.7553043,2.7173367,5.2045126,2.8103921
2048-10-10 12:00:00,1.5890236,2.0876777,5.4287987,4.1883435,5.7269487,4.216352
2048-10-11 12:00:00,2.8147616,3.1677027,7.552924,5.942111,5.8182273,5.400847
2048-10-12 12:00:00,4.1707916,3.9392345,8.026105,6.471849,5.57537,5.25504
2048-10-13 12:00:00,2.3483305,2.165186,3.9453428,5.4330826,5.6832314,2.6478517
2048-10-14 12:00:00,2.3502488,1.8665272,2.63969,3.5528703,5.378272,2.0818675
2048-10-15 12:00:00,0.9694229,1.1656674,2.7905362,3.5610874,5.432255,2.3511302
2048-10-16 12:00:00,1.3834114,1.1828821,2.512977,3.0597923,3.6131427,2.384151
2048-10-17 12:00:00,0.8410648,1.0142947,3.0112271,3.7789726,1.7232648,2.7885165
2048-10-18 12:00:00,1.5592883,1.655052,3.8800201,3.4042234,2.9325938,2.5789666
2048-10-19 12:00:00,1.3210071,1.1797624,3.017009,2.513557,2.9036288,2.5013485
2048-10-20 12:00:00,2.3016672,2.3521454,6.5609565,3.5672572,4.873675,4.166302
2048-10-21 12:00:00,1.6796608,1.8693299,5.692268,3.4939954,4.7663527,3.181181
2048-10-22 12:00:00,2.963425,2.270754,5.6651034,3.6354516,3.6429627,2.823462
2048-10-23 12:00:00,2.6064286,2.0932775,5.14756,3.3419616,3.6976163,2.7957723
2048-10-24 12:00:00,1.7834395,1.2421395,4.123734,1.8846605,4.8190045,1.9526446
2048-10-25 12:00:00,0.81735015,0.91190386,2.9073453,2.1499002,6.4639673,1.1846948
2048-10-26 12:00:00,0.7104777,0.7148965,2.0034945,2.103237,4.9220147,0.96677476
2048-10-27 12:00:00,1.863267,1.5633323,2.6592023,3.3032877,3.9901376,1.1843332
2048-10-28 12:00:00,2.7029958,2.1825573,4.4558945,3.578008,5.1325154,2.1661353
2048-10-29 12:00:00,2.7018228,1.9222558,4.4188013,4.2225356,4.073095,2.2755609
2048-10-30 12:00:00,3.2448277,2.5448427,2.943797,3.7195327,3.7214227,2.8222072
2048-10-31 12:00:00,2.714654,2.0463274,3.5796504,2.468452,3.2244728,2.439166
2048-11-01 12:00:00,1.2785988,1.3759922,2.5984116,2.9369419,2.9881103,1.5865834
2048-11-02 12:00:00,1.2372328,1.2305119,5.9739056,3.2729447,2.732173,3.0174608
2048-11-03 12:00:00,2.4759457,2.3392332,6.531506,5.170705,3.3976772,4.021593
2048-11-04 12:00:00,2.6534066,2.7819066,4.8422537,7.9223447,6.8302083,5.43926
2048-11-05 12:00:00,1.6019247,1.441403,3.7263548,3.9974806,5.6025834,2.0601535
2048-11-06 12:00:00,1.5287943,1.3741488,3.5346878,3.8374422,4.946828,2.0644019
2048-11-07 12:00:00,1.3085351,1.2599763,3.4272711,3.7958734,5.235727,2.1450877
2048-11-08 12:00:00,2.986098,2.5866694,5.502895,5.33138,6.102232,4.0593076
2048-11-09 12:00:00,1.6342611,1.4886885,3.408191,4.3425174,5.4742436,3.440698
2048-11-10 12:00:00,1.5232017,1.2427531,2.8621113,3.6349947,3.35504,2.2427285
2048-11-11 12:00:00,1.2153549,1.058371,1.7305866,2.2871983,3.6062157,1.2585194
2048-11-12 12:00:00,1.185458,1.1430662,2.0578938,2.1372347,3.2831202,1.1640776
2048-11-13 12:00:00,0.79168016,1.0382719,2.7882807,5.163924,3.711771,2.437316
2048-11-14 12:00:00,1.7628603,1.6596582,4.866471,5.733716,5.854672,3.711662
2048-11-15 12:00:00,2.7694316,2.2282662,5.244371,5.697358,5.115885,3.579697
2048-11-16 12:00:00,3.234971,2.6456933,5.9595475,5.5861926,6.6318593,4.2974787
2048-11-17 12:00:00,3.9051256,3.5899274,5.7326927,4.1721044,4.595312,3.8752596
2048-11-18 12:00:00,2.9243999,2.5475478,4.165205,2.8262708,4.392618,2.4643776
2048-11-19 12:00:00,1.0673702,1.0479404,2.7360053,5.512231,5.272316,3.1309094
2048-11-20 12:00:00,1.6205629,1.642658,5.194201,5.144369,6.8209357,4.001909
2048-11-21 12:00:00,2.5706983,2.1374784,3.9267528,5.1888404,7.0154147,2.0923707
2048-11-22 12:00:00,1.583117,1.2742962,2.059923,3.2318091,5.727873,2.1346133
2048-11-23 12:00:00,1.6432402,1.386191,4.459443,2.986127,4.8291936,2.4911907
2048-11-24 12:00:00,1.5785978,1.1715779,3.07001,2.6532357,4.3781853,1.4754263
2048-11-25 12:00:00,0.86524534,0.9921073,2.1907585,2.418144,3.5215902,2.2234979
2048-11-26 12:00:00,2.4937909,1.9998121,4.686839,5.5416884,5.0819445,4.1447105
2048-11-27 12:00:00,3.0803788,2.3121796,4.478113,5.901793,5.8836884,4.1772914
2048-11-28 12:00:00,1.0509281,1.0589495,3.1879277,3.2905736,6.9431562,2.4796138
2048-11-29 12:00:00,1.3680788,1.1249713,4.7688127,3.3235753,6.7200055,2.888943
2048-11-30 12:00:00,3.0206091,2.2370071,5.2529397,3.4437697,4.5092783,2.4216459
2048-12-01 12:00:00,3.0751185,2.6915052,4.3559747,5.32212,4.6616855,2.9823344
2048-12-02 12:00:00,1.9977832,1.8742561,4.662784,3.6682901,5.383519,2.5566385
2048-12-03 12:00:00,1.7519313,1.8546392,4.0445213,4.7431803,5.107184,3.0022583
2048-12-04 12:00:00,1.6120574,1.7001908,4.835488,3.848075,3.835607,3.2325916
2048-12-05 12:00:00,1.2137345,1.2664487,4.0077467,3.0683537,4.147049,2.3771703
2048-12-06 12:00:00,0.8009961,1.0822563,3.0555065,2.215094,5.4881344,1.6246296
2048-12-07 12:00:00,1.1483564,1.1795963,1.9099545,3.2419658,7.7360606,1.2731943
2048-12-08 12:00:00,0.67369384,1.2822874,1.4616487,4.6425767,5.3630676,1.4456182
2048-12-09 12:00:00,0.9788664,1.5540698,2.421844,6.103669,5.1314287,1.5690455
2048-12-10 12:00:00,1.6105809,1.8530059,3.1202312,4.589445,5.5115366,2.4691339
2048-12-11 12:00:00,1.2781206,1.5335227,2.9487617,3.5200508,4.564986,2.3432431
2048-12-12 12:00:00,1.2449541,1.4743632,2.4724987,3.9092143,3.8239558,2.1590965
2048-12-13 12:00:00,1.6210084,1.5643109,4.0438476,6.662139,7.6369123,3.7665944
2048-12-14 12:00:00,3.1624002,2.3929448,5.8222227,7.1840196,6.480146,4.1029973
2048-12-15 12:00:00,1.5526519,1.4770855,3.6952214,4.112799,5.031847,2.714973
2048-12-16 12:00:00,2.0358315,1.5877686,4.786403,3.1170382,3.3754833,2.5650768
2048-12-17 12:00:00,5.204375,3.7364216,5.0407534,3.3562555,3.1307895,2.062787
2048-12-18 12:00:00,3.0866938,2.0231626,3.1120427,2.888438,3.6864552,1.7961112
2048-12-19 12:00:00,1.1937217,1.0911007,3.9919806,4.8585153,4.4929347,2.5352235
2048-12-20 12:00:00,0.8420043,1.2514511,2.5403383,6.7861366,3.7925081,2.5990574
2048-12-21 12:00:00,0.98445356,1.261714,4.0430746,5.877794,5.3898354,3.4308136
2048-12-22 12:00:00,1.6229509,1.6436654,3.9995906,5.860083,5.1342955,3.4072928
2048-12-23 12:00:00,3.2308788,2.6809437,6.1901674,6.065701,6.3620853,4.567026
2048-12-24 12:00:00,3.8564453,3.1215997,5.920405,4.986351,4.91521,4.9686728
2048-12-25 12:00:00,2.7588818,2.3794596,4.514146,6.8835907,5.66943,3.7935803
2048-12-26 12:00:00,3.5630524,2.6013896,6.2846127,3.3344555,3.1153147,2.6857848
2048-12-27 12:00:00,3.1426632,2.533598,5.773467,4.610419,5.650219,2.6857123
2048-12-28 12:00:00,1.8224795,1.4302185,3.6813335,3.2548902,8.044905,2.536234
2048-12-29 12:00:00,1.3711357,1.2441256,2.6197948,3.1174002,5.8092213,2.0998952
2048-12-30 12:00:00,2.053754,1.9381752,6.1140795,5.1778245,4.0324917,3.882337
2048-12-31 12:00:00,2.0879974,1.7548857,5.443484,3.7914631,3.6588955,2.5453253
2049-01-01 12:00:00,1.7623718,1.3090261,3.6055386,2.5334823,2.600562,1.7034613
2049-01-02 12:00:00,1.5737991,1.293083,2.1192307,2.398711,2.5142112,1.6060007
2049-01-03 12:00:00,1.6591172,1.7103544,3.0601044,2.8868856,3.063614,2.038227
2049-01-04 12:00:00,1.8393056,1.9378753,4.3418303,5.74214,5.392802,3.1373243
2049-01-05 12:00:00,2.8459077,2.31023,4.239403,2.942218,3.6298184,2.4094927
2049-01-06 12:00:00,3.5652132,2.4928162,4.5674376,2.9004924,6.4480844,2.4286182
2049-01-07 12:00:00,1.415586,1.4108427,3.9183652,5.855131,10.148158,3.0152924
2049-01-08 12:00:00,0.6534209,1.0280585,3.8989697,7.665948,10.84244,4.279461
2049-01-09 12:00:00,0.76881975,1.0970812,4.377814,8.4469595,10.674669,4.0826125
2049-01-10 12:00:00,1.0478957,1.2763219,3.7986734,7.776894,7.104018,3.1253254
2049-01-11 12:00:00,1.2819984,1.3852053,3.3129466,6.5113306,8.875704,2.3998709
2049-01-12 12:00:00,1.1810122,1.2469276,4.055064,3.4245496,6.3331065,2.3722425
2049-01-13 12:00:00,0.8746934,1.1621931,4.766751,5.138794,8.757886,3.3092005
2049-01-14 12:00:00,1.3901012,1.5028226,3.1328666,6.522392,5.410235,3.043623
2049-01-15 12:00:00,1.5476425,1.7502902,2.693916,5.454254,4.603999,2.600519
2049-01-16 12:00:00,1.7266166,1.823276,3.9134836,3.2028534,5.3187423,2.8329217
2049-01-17 12:00:00,0.9197509,1.0504044,5.3406677,4.1899705,5.4250064,3.8419018
2049-01-18 12:00:00,1.6114645,1.6747288,7.2368875,5.2864256,4.862797,5.431014
2049-01-19 12:00:00,3.4912627,3.1432493,7.3365264,6.580979,5.692307,5.4577127
2049-01-20 12:00:00,5.755292,5.0163407,9.255457,8.085566,6.6522417,6.789402
2049-01-21 12:00:00,4.040979,3.4179058,5.990094,8.229,5.977978,4.1839495
2049-01-22 12:00:00,2.475356,1.9930413,5.270272,5.9613357,6.206311,3.874084
2049-01-23 12:00:00,4.1749215,3.9220037,8.739108,7.1191397,6.195003,6.048855
2049-01-24 12:00:00,4.59045,4.3587832,8.2546625,8.032262,7.662862,6.3534236
2049-01-25 12:00:00,3.0163455,2.6467502,4.6620436,5.4137073,6.2511234,3.587662
2049-01-26 12:00:00,1.868662,1.8082807,3.4968488,3.7326477,4.931382,2.1222436
2049-01-27 12:00:00,2.166626,1.8992076,5.0113153,5.235443,6.3567863,4.3571477
2049-01-28 12:00:00,1.9937029,1.6157848,3.9380043,4.7570324,4.3827624,2.7522771
2049-01-29 12:00:00,2.0926697,1.6148915,4.7825465,4.0695534,6.10946,2.8588653
2049-01-30 12:00:00,3.651317,3.2854242,5.612173,5.807592,6.2176075,3.944411
2049-01-31 12:00:00,3.0513875,2.8073287,5.346657,6.673999,6.9763727,5.0438657
2049-02-01 12:00:00,2.2226186,2.0102777,2.871302,5.4398446,6.96358,1.5168185
2049-02-02 12:00:00,2.2875118,1.5804954,2.4723415,3.4361663,8.225478,2.0823383
2049-02-03 12:00:00,1.1738156,1.1934725,2.0800018,3.400876,4.8780475,1.7126566
2049-02-04 12:00:00,1.6456746,1.3368031,4.673019,3.6037452,4.1685767,3.3625174
2049-02-05 12:00:00,2.238965,1.8015126,4.538466,4.7364264,3.0178492,3.091967
2049-02-06 12:00:00,4.1707654,3.3072846,5.512412,3.4906075,4.8450894,4.223814
2049-02-07 12:00:00,1.2350188,1.4335898,2.6264236,2.9326603,4.628493,1.8980271
2049-02-08 12:00:00,1.5220745,1.4785273,4.3350034,4.728651,3.742208,2.9491343
2049-02-09 12:00:00,3.0608149,2.5964828,6.414091,5.0359707,3.9828236,4.2153826
2049-02-10 12:00:00,2.7448328,2.210402,5.094667,3.725631,3.4938242,2.5582201
2049-02-11 12:00:00,2.4275622,2.2591224,4.3820844,4.149343,3.257941,2.9121003
2049-02-12 12:00:00,2.4057646,2.074393,5.0104766,4.294048,5.1257544,2.9926646
2049-02-13 12:00:00,2.0771062,1.7993319,4.603147,4.807072,4.996152,3.3997886
2049-02-14 12:00:00,2.8907614,2.4918182,6.859164,5.5137553,3.8312712,4.323013
2049-02-15 12:00:00,3.1546712,3.060515,7.138009,6.419175,4.306604,4.7176194
2049-02-16 12:00:00,2.299415,2.0644114,4.9138947,4.9798217,4.770368,3.7013793
2049-02-17 12:00:00,1.2269125,1.4895991,4.085652,5.611348,3.5954628,2.2572978
2049-02-18 12:00:00,1.9819024,1.8202786,2.303513,3.8914783,3.0325735,1.8344289
2049-02-19 12:00:00,1.614382,1.5177013,2.7863564,3.168686,3.7058794,1.7470331
2049-02-20 12:00:00,1.8095071,1.6704865,2.4842167,4.005726,3.913893,2.4324124
2049-02-21 12:00:00,2.9113135,2.331163,6.054148,4.5842166,3.738061,4.1013694
2049-02-22 12:00:00,3.992544,3.6758385,4.625388,6.4377413,6.7062206,3.284046
2049-02-23 12:00:00,2.696033,2.3320482,4.3124056,4.4301033,7.0946527,3.2610562
2049-02-24 12:00:00,2.604733,2.35528,2.893445,4.889276,6.362736,2.7821386
2049-02-25 12:00:00,1.4934089,1.514327,3.2179534,5.353228,4.753919,3.0738173
2049-02-26 12:00:00,2.1463382,2.085629,4.4270687,4.945285,5.203051,2.932242
2049-02-27 12:00:00,1.5722734,1.531796,2.71788,5.719004,7.141486,3.1736822
2049-02-28 12:00:00,0.6992506,0.93127877,3.0282052,5.6354966,8.848109,3.5845766
2049-03-01 12:00:00,0.83966565,0.9117584,2.0504065,2.7135656,7.2179117,1.8453705
2049-03-02 12:00:00,0.91451657,1.1599265,2.1563032,4.2364593,8.216072,1.8792552
2049-03-03 12:00:00,0.8511378,0.8152936,1.9786294,4.132019,8.064751,1.7441077
2049-03-04 12:00:00,0.82772744,1.0554781,3.373823,3.8868687,7.7451844,2.706766
2049-03-05 12:00:00,1.7361727,1.1799685,2.7754872,5.03908,7.375548,2.9914336
2049-03-06 12:00:00,0.99852145,1.0605917,3.0391827,4.144386,4.413799,2.977404
2049-03-07 12:00:00,1.4807098,1.396712,3.691558,3.4164531,3.7019958,2.652253
2049-03-08 12:00:00,4.151903,3.042156,5.0732613,2.6361423,5.294949,2.4684315
2049-03-09 12:00:00,3.5176573,2.8281138,4.0695605,4.2498116,5.7108536,2.4718547
2049-03-10 12:00:00,2.6791182,2.6381333,4.0423503,5.663888,4.3717403,2.8580875
2049-03-11 12:00:00,1.5398989,1.5019786,3.2047095,4.504644,4.2963314,2.9208322
2049-03-12 12:00:00,0.7318902,0.8980357,1.9206221,2.6647394,4.825287,1.7591695
2049-03-13 12:00:00,0.79203624,0.8198882,2.8021028,2.5871222,5.1739473,2.4671016
2049-03-14 12:00:00,0.781008,1.0034254,1.9480883,2.2776215,3.9029822,1.5185192
2049-03-15 12:00:00,1.3353714,1.3820531,1.9977512,2.476826,4.387353,1.4058149
2049-03-16 12:00:00,1.7694733,1.3253222,2.48722,1.769238,4.1150775,1.369495
2049-03-17 12:00:00,1.9582562,1.5380808,3.1540494,2.0578787,3.5395331,1.590175
2049-03-18 12:00:00,1.6150396,1.2804447,3.279475,2.0111835,3.130324,1.7483441
2049-03-19 12:00:00,1.3563615,1.5638644,3.3745856,2.4832175,4.795055,1.811481
2049-03-20 12:00:00,2.5567336,2.354235,2.200117,4.151983,5.1178904,1.6646023
2049-03-21 12:00:00,1.4727659,1.7122258,2.5442328,3.9176655,4.8148155,2.7134948
2049-03-22 12:00:00,1.48945,1.7930229,2.2600722,3.3044028,4.9107203,1.7862489
2049-03-23 12:00:00,2.5535688,1.8088814,3.8582544,2.3442254,5.1757836,1.8498422
2049-03-24 12:00:00,3.0860515,2.4359016,3.9825375,2.6804514,3.9346697,1.9838663
2049-03-25 12:00:00,2.8790753,2.5488303,3.556493,3.719093,3.0868928,1.5543573
2049-03-26 12:00:00,2.669455,2.41656,3.0586762,3.0318208,3.3011506,1.8633511
2049-03-27 12:00:00,2.2144094,1.7121618,4.5109243,2.416649,3.0254588,2.2418587
2049-03-28 12:00:00,4.1006613,3.2716389,6.8563876,5.100086,3.3858294,3.5663412
2049-03-29 12:00:00,4.6929936,4.0539,6.700592,5.8252764,4.449929,3.4077206
2049-03-30 12:00:00,2.8828068,2.3807065,3.8241665,3.899571,5.093215,1.9124197
2049-03-31 12:00:00,3.0158663,2.0288224,5.045737,2.9997213,3.636813,2.2926273
2049-04-01 12:00:00,3.2811265,2.4153886,5.617036,4.081587,3.947168,2.7471142
2049-04-02 12:00:00,1.8270769,1.7266493,4.0435686,3.0307317,3.9179277,2.6636193
2049-04-03 12:00:00,1.7863225,1.4489175,2.972922,2.4396975,2.1031287,1.8059522
2049-04-04 12:00:00,1.593448,1.390784,3.9546013,2.3822005,2.7021863,1.9198269
2049-04-05 12:00:00,1.4481485,1.3848114,4.736013,2.155182,2.7210498,2.335481
2049-04-06 12:00:00,0.97681427,1.0262591,3.254119,1.6747292,4.577687,1.8283552
2049-04-07 12:00:00,1.3461628,1.1351849,3.2676737,1.8942218,4.465569,2.1769867
2049-04-08 12:00:00,1.4565977,1.1994373,1.7448541,2.1298509,2.518381,1.083164
2049-04-09 12:00:00,1.2608584,1.1496829,3.3281784,2.1979568,3.7788675,1.8436644
2049-04-10 12:00:00,1.1514771,1.2412556,2.6912067,2.7570915,5.4039493,2.288217
2049-04-11 12:00:00,1.0795928,1.2354836,3.0568912,3.246398,4.4407153,2.091788
2049-04-12 12:00:00,1.4349298,1.8375218,3.4959877,3.4499981,3.683959,1.9381968
2049-04-13 12:00:00,1.9264753,2.2574282,4.649573,5.618463,4.3217998,3.4978242
2049-04-14 12:00:00,1.7802774,2.304441,4.0129795,5.351963,5.008664,3.0148864
2049-04-15 12:00:00,0.9825278,1.6235757,4.0399184,5.1003833,5.304052,2.6315103
2049-04-16 12:00:00,1.2897857,1.3739368,2.770377,4.20934,4.6654267,2.3178546
2049-04-17 12:00:00,1.3779535,1.3306755,2.6740537,3.020002,3.1863678,1.9394976
2049-04-18 12:00:00,1.9976352,1.8730855,3.5622945,2.5089152,3.001324,2.4817097
2049-04-19 12:00:00,3.9128885,3.081026,5.5144925,4.4961567,3.8553205,3.8142138
2049-04-20 12:00:00,2.79468,2.3914466,5.1973553,2.7799525,5.294681,2.461312
2049-04-21 12:00:00,1.5946319,1.3204923,4.1456327,2.4943905,4.148524,1.8989105
2049-04-22 12:00:00,2.3440282,2.5674984,3.2403328,6.144839,5.9148426,3.6377263
2049-04-23 12:00:00,2.4723005,2.0222783,2.6549487,3.5036066,4.180498,2.4520147
2049-04-24 12:00:00,1.8853257,1.7672837,3.1423345,2.8731203,2.8990633,2.5542774
2049-04-25 12:00:00,2.4955914,2.2978187,4.7088494,3.6731408,4.03161,3.5867145
2049-04-26 12:00:00,2.5396776,2.0260413,3.2375128,3.8882933,3.8235931,1.9035105
2049-04-27 12:00:00,1.5782586,1.5306997,2.6800036,3.2237484,4.0087557,1.3495556
2049-04-28 12:00:00,2.233704,2.0730927,3.9188392,2.8202236,3.222225,1.7472376
2049-04-29 12:00:00,2.2863374,1.8389022,3.058711,2.9581122,2.6916296,2.1253695
2049-04-30 12:00:00,1.031451,1.0915352,2.874312,2.876879,2.1203947,2.6578155
2049-05-01 12:00:00,1.4912227,1.4211855,3.0306869,3.0445886,2.7550976,2.1788106
2049-05-02 12:00:00,1.5734855,1.461812,2.5951734,2.4511502,2.977445,1.5284548
2049-05-03 12:00:00,0.89781475,1.2455415,2.9781604,2.207667,3.0136065,1.2801195
2049-05-04 12:00:00,0.8537587,1.0379593,3.1557946,1.892925,2.4573476,1.4217526
2049-05-05 12:00:00,1.2054498,1.2401015,3.0481987,2.5275214,2.5517821,2.242991
2049-05-06 12:00:00,1.972458,1.7364528,3.083633,4.3159943,4.6511703,3.0847743
2049-05-07 12:00:00,1.7237108,1.6813422,2.6332958,2.6828313,5.6580963,2.2782376
2049-05-08 12:00:00,1.0734673,1.1938834,1.9979078,2.5686164,5.7348456,1.9555827
2049-05-09 12:00:00,1.0758549,1.1943595,1.71335,2.3296022,3.4590003,1.3376828
2049-05-10 12:00:00,1.7654095,1.4497496,2.442583,2.4161258,4.9854603,1.6009564
2049-05-11 12:00:00,1.9942728,1.7380158,2.9657452,2.8085382,4.9998226,1.8252722
2049-05-12 12:00:00,1.9995309,1.8969657,2.6460125,3.509135,3.4852183,2.102793
2049-05-13 12:00:00,3.2105386,2.75704,4.747928,4.339717,3.613907,3.165118
2049-05-14 12:00:00,2.70934,2.6336596,3.4412796,5.34833,5.3483534,2.604943
2049-05-15 12:00:00,1.7657657,1.7883447,2.911408,4.101463,3.7638524,2.755483
2049-05-16 12:00:00,2.1063821,2.1150482,3.1490502,4.6409955,3.8883607,3.016615
2049-05-17 12:00:00,2.5387495,2.362519,3.5448954,3.185488,4.380292,2.6966462
2049-05-18 12:00:00,2.9746103,3.0474226,5.7087483,4.350016,4.116926,3.3945932
2049-05-19 12:00:00,1.7163169,1.6418288,3.0743124,2.8791504,4.448751,1.9032252
2049-05-20 12:00:00,1.5193694,1.2826594,2.102111,1.8377513,4.178362,1.4327723
2049-05-21 12:00:00,1.4636734,1.6609634,3.2598686,3.1733258,4.231234,2.1384275
2049-05-22 12:00:00,2.1194386,1.6525366,2.6959832,2.1713052,3.416592,1.9118327
2049-05-23 12:00:00,2.2365577,1.939811,2.8749282,3.1145983,2.787135,1.9115386
2049-05-24 12:00:00,2.8355374,2.3981621,4.1097994,3.5358493,3.7313285,2.2994866
2049-05-25 12:00:00,2.1050773,2.0072713,3.4533381,4.022463,4.3102355,1.9035401
2049-05-26 12:00:00,2.0490472,1.7276114,3.3355772,3.1249478,5.301227,2.1459439
2049-05-27 12:00:00,1.4097717,1.450813,2.3598788,4.1219807,2.9664547,1.6210114
2049-05-28 12:00:00,1.4909112,1.4035883,2.342203,3.9577255,1.9548296,1.3508598
2049-05-29 12:00:00,2.5496802,2.166788,3.5664139,2.7459722,2.236778,1.5911543
2049-05-30 12:00:00,2.7877798,2.3237479,3.720856,2.7238543,2.529641,1.7254963
2049-05-31 12:00:00,1.3300653,1.2754896,2.8031285,3.4073305,3.8411987,1.4772877
2049-06-01 12:00:00,1.1059661,1.2273983,2.0368788,2.5679631,3.3905027,1.5922385
2049-06-02 12:00:00,1.5089195,1.4472686,2.043622,3.097303,2.7429254,1.5898747
2049-06-03 12:00:00,1.5161384,1.346934,1.7257411,3.1513224,2.8264594,1.0856287
2049-06-04 12:00:00,1.4108114,1.601136,2.366604,3.1188426,2.2178323,1.5452739
2049-06-05 12:00:00,1.5565052,1.4275044,2.46246,3.7756631,3.1305907,2.158394
2049-06-06 12:00:00,2.0638013,1.7295557,1.7158711,3.9439192,3.8599503,2.0478306
2049-06-07 12:00:00,1.3964479,1.2349739,1.833578,2.7847712,5.565869,1.2692475
2049-06-08 12:00:00,2.6053195,2.0743546,3.4424841,3.3334942,5.1081595,2.579352
2049-06-09 12:00:00,2.338651,2.398357,4.180996,4.646354,4.6078258,3.594172
2049-06-10 12:00:00,3.1207876,2.7563212,3.2900922,4.318669,4.9995036,3.2474954
2049-06-11 12:00:00,2.619588,2.17036,2.7106388,4.6229725,4.5385575,2.050841
2049-06-12 12:00:00,1.7690052,1.4757279,2.3520474,2.7775187,4.0250854,1.7495683
2049-06-13 12:00:00,2.3781188,2.1188874,2.5529966,3.0947506,2.9145098,2.3552825
2049-06-14 12:00:00,2.164558,2.1547916,2.7936294,4.3199615,3.211738,3.2055705
2049-06-15 12:00:00,2.754107,2.061957,3.3544557,3.7522862,3.9974651,3.511383
2049-06-16 12:00:00,1.6925439,1.8114219,3.9425602,3.350297,4.484694,3.812921
2049-06-17 12:00:00,1.9099388,1.8477772,4.2671757,3.8076158,3.9945102,3.6221366
2049-06-18 12:00:00,2.9949987,2.0904722,4.06837,4.0625825,3.5775452,3.3179846
2049-06-19 12:00:00,1.8603411,1.3737085,3.322355,2.6909118,2.7596803,2.5908318
2049-06-20 12:00:00,1.1140196,1.3607051,2.2955835,3.1690304,1.7702678,2.6206968
2049-06-21 12:00:00,1.4479228,1.2671914,1.7947626,3.1793957,2.2401686,1.6127115
2049-06-22 12:00:00,0.83202803,1.0345225,1.6159887,3.123805,3.0896702,1.3879963
2049-06-23 12:00:00,1.9070048,1.5326414,2.3709908,2.8494596,3.3991275,1.1919994
2049-06-24 12:00:00,2.905631,2.2410574,2.3408754,2.8304105,4.0426707,1.4295506
2049-06-25 12:00:00,2.4160068,1.9327731,2.2508266,3.3185165,3.3744216,1.938332
2049-06-26 12:00:00,2.7122927,2.3109326,1.9849173,3.5170944,2.4616249,1.2705965
2049-06-27 12:00:00,2.1543713,1.9240681,1.7721999,2.9044461,3.28756,1.4744736
2049-06-28 12:00:00,1.5349894,1.2280375,2.0871522,2.096482,3.1635222,1.2043123
2049-06-29 12:00:00,1.0241402,1.0671412,2.3111484,2.054894,2.7094333,1.3499024
2049-06-30 12:00:00,1.6653073,1.4527806,3.5906913,2.7044027,2.0272264,1.7116086
2049-07-01 12:00:00,1.9648199,1.6379755,3.285225,3.1647515,2.2527812,2.3157198
2049-07-02 12:00:00,2.2925603,1.8182889,3.4941883,2.3886623,2.517258,2.1342237
2049-07-03 12:00:00,1.9695128,1.7635264,3.1150868,3.0765274,2.9767714,1.8134719
2049-07-04 12:00:00,1.0135907,1.1360593,2.959439,2.5403254,3.9552073,1.8935425
2049-07-05 12:00:00,1.6479063,1.3131536,2.4723022,2.9850373,3.8757157,1.6125121
2049-07-06 12:00:00,1.5332572,1.174971,2.7953305,3.7078307,3.4643636,2.0331824
2049-07-07 12:00:00,1.4024329,1.6432129,3.4774473,4.4890003,3.6928856,3.2086155
2049-07-08 12:00:00,2.5672789,2.5694828,4.178198,4.5039954,4.4295526,3.6372054
2049-07-09 12:00:00,2.5090866,2.4297652,3.9686756,4.964109,4.8645935,3.6212468
2049-07-10 12:00:00,2.0526052,2.1539354,4.1279855,4.5788164,4.591543,3.82705
2049-07-11 12:00:00,1.552754,1.5818268,3.9035106,4.268904,4.497589,2.833624
2049-07-12 12:00:00,1.6178012,1.4539922,2.6678038,3.4748793,4.3804026,1.4243551
2049-07-13 12:00:00,1.7229469,1.6761205,3.8658705,3.261942,3.4643636,1.9962841
2049-07-14 12:00:00,2.464139,2.105506,2.904423,3.0091145,3.9152398,2.1040344
2049-07-15 12:00:00,2.3110857,2.0944343,2.8061702,2.8635504,3.8669562,1.8002733
2049-07-16 12:00:00,2.5916016,2.1265333,3.0004685,3.1790564,3.2096229,2.6758862
2049-07-17 12:00:00,1.611585,1.3304108,2.8153582,2.4223378,3.6757529,2.0696292
2049-07-18 12:00:00,2.1737933,2.2821183,3.0657318,2.6755652,2.4041717,1.4169683
2049-07-19 12:00:00,2.0563664,1.8564755,3.548363,2.3570411,3.0361598,1.7609106
2049-07-20 12:00:00,2.8640828,2.727983,4.590947,4.6446967,3.9323337,3.4988995
2049-07-21 12:00:00,2.3372927,1.7793393,3.5091834,3.2875586,4.090648,2.2149627
2049-07-22 12:00:00,2.652467,2.0419593,3.5751832,2.3318937,2.936435,2.4153287
2049-07-23 12:00:00,4.0725203,3.0666633,4.7881656,3.067757,2.717095,2.0324874
2049-07-24 12:00:00,4.2756424,3.4482956,3.975454,5.567527,2.960911,2.6684399
2049-07-25 12:00:00,2.5843282,2.3994355,3.3306653,5.9635544,3.183111,2.2664862
2049-07-26 12:00:00,1.6339729,1.2787514,2.2464676,2.8865697,3.769556,1.510829
2049-07-27 12:00:00,2.0052786,1.8204083,2.8014688,3.1109464,2.8846264,2.2073755
2049-07-28 12:00:00,2.6773934,2.7367218,4.570735,4.659756,3.9763484,2.7743552
2049-07-29 12:00:00,1.9295762,1.8583709,3.01016,4.6638384,3.8873808,2.2043338
2049-07-30 12:00:00,1.6680236,1.4336851,2.2480257,4.128474,3.6818721,1.2417908
2049-07-31 12:00:00,1.8826404,1.7118958,2.3142848,2.797429,2.8561277,1.4670981
2049-08-01 12:00:00,1.9066787,1.5729759,2.4618907,2.426586,2.5897443,1.0745838
2049-08-02 12:00:00,1.5466137,1.2295194,2.4383457,2.2013953,2.3786738,1.4115903
2049-08-03 12:00:00,3.8516104,3.181536,5.9628725,3.7941794,2.0504668,3.0447466
2049-08-04 12:00:00,3.6913605,3.373213,6.0026617,4.7919536,2.8963046,3.1528473
2049-08-05 12:00:00,3.9520187,3.2032764,4.954985,4.464663,3.3617215,3.8745234
2049-08-06 12:00:00,1.6818888,1.4985057,2.1427884,2.5462742,2.7812607,1.9463305
2049-08-07 12:00:00,0.6735812,0.88805324,1.849264,1.8470742,3.008764,1.4205505
2049-08-08 12:00:00,1.8135805,1.6137432,2.7363884,3.041893,2.313612,1.6283463
2049-08-09 12:00:00,2.638165,2.0403938,3.7062411,3.0987456,2.545367,2.7961113
2049-08-10 12:00:00,1.385592,1.275253,2.07422,2.181626,2.3552663,1.6321797
2049-08-11 12:00:00,2.7284555,1.9717298,3.7411153,2.3779407,3.46403,1.6372828
2049-08-12 12:00:00,2.7639112,2.239777,2.9427361,2.258285,5.820727,2.2897825
2049-08-13 12:00:00,2.2818117,1.8678774,3.2195113,2.598739,3.5567946,1.7133685
2049-08-14 12:00:00,2.626601,2.240707,2.4949315,3.1748197,4.268804,1.7581084
2049-08-15 12:00:00,2.0991266,1.8739287,2.4574122,3.4588094,4.074834,1.4563067
2049-08-16 12:00:00,2.2376995,1.7687474,3.693919,2.7142217,5.5052414,2.034199
2049-08-17 12:00:00,2.4042988,2.2246053,5.271076,4.7559786,3.720293,3.4721222
2049-08-18 12:00:00,3.0639768,2.3397958,4.926759,3.1720786,3.9746032,2.5917046
2049-08-19 12:00:00,1.9981995,1.7160134,2.3549569,3.0953228,4.5086684,1.3860134
2049-08-20 12:00:00,1.0865593,1.199637,2.3835242,1.9867866,4.478986,1.7310454
2049-08-21 12:00:00,1.9602981,1.6786299,3.564228,2.6627436,2.9602563,2.5487757
2049-08-22 12:00:00,2.2560515,1.8238885,3.5871184,2.9262176,3.2442245,3.1039667
2049-08-23 12:00:00,1.0372622,1.0874407,3.106322,2.3583636,3.3809817,1.5188526
2049-08-24 12:00:00,1.4726007,1.5748243,4.530622,2.112396,2.5197778,1.6974366
2049-08-25 12:00:00,1.339483,1.2828501,3.8901913,2.0753498,3.46537,1.5780957
2049-08-26 12:00:00,1.4584306,1.228519,4.322514,2.1385217,3.1627674,1.6126151
2049-08-27 12:00:00,2.1228676,1.7754537,5.4050293,2.532223,2.5623968,2.0625978
2049-08-28 12:00:00,2.619691,2.1662645,4.471738,3.001202,2.3581119,2.6268501
2049-08-29 12:00:00,1.826683,1.7176481,3.2409277,2.6904426,1.9103668,2.4498022
2049-08-30 12:00:00,2.102242,1.9845121,2.943573,4.5164714,2.7004504,2.6918914
2049-08-31 12:00:00,1.9429672,1.7907935,3.4277549,4.4116364,3.378411,2.7964761
2049-09-01 12:00:00,1.9235275,1.7848823,3.245986,4.909962,4.766674,1.8503137
2049-09-02 12:00:00,1.0913982,1.0957372,2.0984066,3.176098,4.4784307,1.3790537
2049-09-03 12:00:00,1.9856509,1.6580223,2.66394,5.778344,5.461977,2.791435
2049-09-04 12:00:00,2.1887589,1.8812321,2.797318,4.6393757,5.024571,2.5383859
2049-09-05 12:00:00,2.1859813,1.620738,2.9450793,2.4659772,3.6197214,2.2424586
2049-09-06 12:00:00,1.3760324,1.2164522,2.5262897,2.8990126,3.121922,1.9667723
2049-09-07 12:00:00,0.8530945,0.9519027,3.016944,1.6519748,3.0165784,1.4452432
2049-09-08 12:00:00,0.77199537,0.9134,3.3351445,1.6817673,3.3826032,1.6547909
2049-09-09 12:00:00,0.94663674,0.95337236,2.164504,1.715901,2.421972,1.431254
2049-09-10 12:00:00,0.9796302,1.0103278,2.1077085,1.62355,1.9396912,1.0247661
2049-09-11 12:00:00,1.4050671,1.1277931,2.525403,1.7436404,2.2315533,0.96644205
2049-09-12 12:00:00,2.233782,1.6539277,3.7834485,1.7859299,3.1845925,1.5898044
2049-09-13 12:00:00,2.7169132,2.1497068,5.079107,2.6444268,2.0070283,2.4798052
2049-09-14 12:00:00,2.3599253,1.9326473,5.026778,3.1686115,2.5944328,2.5676591
2049-09-15 12:00:00,2.0959837,1.5523381,3.6676874,2.159344,2.64052,1.6639647
2049-09-16 12:00:00,1.177965,1.0424144,2.0563738,2.1265416,4.7913704,1.2315345
2049-09-17 12:00:00,0.8278569,1.1151112,2.0100915,3.1597018,5.652608,1.6741178
2049-09-18 12:00:00,1.2809212,1.2150509,3.1427472,2.9638798,6.318396,1.4482453
2049-09-19 12:00:00,2.1348143,1.822116,4.0894556,1.7998748,4.2466664,1.5702786
2049-09-20 12:00:00,2.0780344,1.6686733,2.9122727,2.7757874,3.4530365,1.6254383
2049-09-21 12:00:00,2.2237558,2.395842,3.6265051,3.3887875,3.3150768,2.7301176
2049-09-22 12:00:00,2.1579328,2.0812607,3.1990697,3.2837584,4.621658,1.19172
2049-09-23 12:00:00,0.75879645,0.8775813,2.4242017,3.3032064,5.1625,1.1246209
2049-09-24 12:00:00,0.74889094,0.79458046,1.5717036,3.4044232,7.6115875,0.97269297
2049-09-25 12:00:00,0.97909534,0.9659081,1.99073,1.5950316,5.535856,0.9712681
2049-09-26 12:00:00,0.93994975,0.9151913,2.645377,1.3187536,4.54543,1.1520693
2049-09-27 12:00:00,1.4814324,1.1348699,2.851906,1.4418886,4.008557,1.1230361
2049-09-28 12:00:00,3.3202062,2.574241,3.3436575,2.62141,2.7473862,1.7410779
2049-09-29 12:00:00,2.6299438,1.9506156,2.8785515,3.4078407,3.099266,1.7152712
2049-09-30 12:00:00,1.8742102,1.6593362,4.656304,3.2005363,3.3411453,2.6907961
2049-10-01 12:00:00,3.1478214,2.6086092,3.7979362,3.265117,2.617531,2.3453112
2049-10-02 12:00:00,3.999731,3.6685038,5.429587,5.225221,3.1442778,3.5664885
2049-10-03 12:00:00,2.0624986,2.128055,3.7734807,4.086496,4.9064217,2.1689458
2049-10-04 12:00:00,3.2342343,2.6269984,5.1413345,3.434417,4.7987785,2.4896023
2049-10-05 12:00:00,1.7554458,1.4231529,3.7687733,3.0499823,3.3964493,1.7701695
2049-10-06 12:00:00,1.1535934,0.98056895,2.783052,4.1273794,3.3956258,0.92166436
2049-10-07 12:00:00,3.4679244,2.6200593,3.9874628,5.1531005,3.208817,1.5182327
2049-10-08 12:00:00,3.430092,2.4646854,2.9952197,5.595114,3.4939046,1.6413243
2049-10-09 12:00:00,3.1177628,2.8366516,2.8083336,6.2593303,3.786553,1.8265218
2049-10-10 12:00:00,2.6594565,2.5063107,2.6487958,4.7946343,3.8152587,1.2856538
2049-10-11 12:00:00,2.871746,2.4704206,5.302109,4.353879,4.3834295,2.8267856
2049-10-12 12:00:00,2.4723864,2.4689417,6.3791003,4.304262,3.4040778,3.8156648
2049-10-13 12:00:00,1.203813,1.2593267,2.9204786,2.8294842,3.5298543,2.274867
2049-10-14 12:00:00,0.74712896,0.9851163,1.5190159,3.5792456,3.3426511,1.302347
2049-10-15 12:00:00,1.0745387,0.97852975,2.630398,2.3739746,4.0893908,1.4117796
2049-10-16 12:00:00,1.2918723,1.1663322,2.0313118,4.7022443,5.512978,1.4593421
2049-10-17 12:00:00,4.444958,3.3031485,5.1665564,4.712357,4.3346763,3.4191408
2049-10-18 12:00:00,4.709594,3.438381,6.3029833,3.3244963,2.90769,3.2787755
2049-10-19 12:00:00,5.459992,4.817811,4.805117,6.283982,3.6766374,3.1498437
2049-10-20 12:00:00,2.1052947,2.1575003,3.412685,6.231746,4.955438,2.853497
2049-10-21 12:00:00,3.1540756,2.5277474,5.598471,3.8651857,4.2282076,3.1441593
2049-10-22 12:00:00,1.1863755,1.257236,4.11582,3.8327026,4.5629563,1.9104019
2049-10-23 12:00:00,1.8155046,1.3275309,4.749898,4.7537127,3.9341955,2.137021
2049-10-24 12:00:00,2.0784025,1.7821981,4.416039,4.08442,4.6013603,2.4084115
2049-10-25 12:00:00,1.8169948,1.3951789,4.0304937,3.0408561,3.4336047,2.0412557
2049-10-26 12:00:00,3.3747764,2.7951224,3.753066,3.4738863,4.672963,1.9994222
2049-10-27 12:00:00,2.9188309,2.3542452,3.7546234,3.309349,5.270299,2.2316632
2049-10-28 12:00:00,2.2637985,2.0240853,3.09515,3.5304675,4.1592827,1.9886029
2049-10-29 12:00:00,3.3188014,2.4489982,5.6950192,3.4501913,3.145685,3.7726746
2049-10-30 12:00:00,1.7022184,1.6798362,2.9751885,6.145562,4.055619,2.098391
2049-10-31 12:00:00,1.135575,1.0387598,3.7135477,5.088821,5.2422357,1.9852655
2049-11-01 12:00:00,2.2988968,1.5932314,5.0897784,3.2767854,4.978855,2.6431162
2049-11-02 12:00:00,2.348913,2.3374567,3.5581772,4.921419,5.916818,3.0335357
2049-11-03 12:00:00,2.418516,2.004395,3.4365876,4.926446,5.9282465,3.5420198
2049-11-04 12:00:00,2.0760713,1.8151197,2.903917,4.374057,5.2688785,2.3239038
2049-11-05 12:00:00,2.225153,1.8287634,3.6204083,3.0707805,4.8943787,2.0369456
2049-11-06 12:00:00,1.4213651,1.3371693,4.111566,3.4897127,4.237128,2.6786416
2049-11-07 12:00:00,0.9149757,1.7289808,3.3647556,4.1919384,6.139444,2.4134338
2049-11-08 12:00:00,1.5846304,1.6264025,3.2149515,2.454077,2.7619858,2.0555134
2049-11-09 12:00:00,1.0761716,1.0335597,3.412108,2.465323,2.884185,1.7813039
2049-11-10 12:00:00,3.2968554,2.590407,5.193485,3.3666651,4.5410585,2.3009882
2049-11-11 12:00:00,3.084093,2.37124,4.091637,3.2222834,3.7202218,1.9664173
2049-11-12 12:00:00,3.8545244,3.4723632,5.5191617,5.0999637,3.6851006,3.2432477
2049-11-13 12:00:00,1.7477729,1.5058782,3.8396785,3.2825165,3.5409462,2.694335
2049-11-14 12:00:00,1.4388483,1.3369122,2.3330052,2.3679156,3.7959938,1.4133716
2049-11-15 12:00:00,0.6673378,0.90341413,1.9671162,4.2536297,3.5566344,1.478165
2049-11-16 12:00:00,2.0664525,2.1750534,3.374871,7.4005075,5.360324,3.1213765
2049-11-17 12:00:00,2.977315,3.1093924,5.64756,6.6320066,4.720749,3.9570162
2049-11-18 12:00:00,2.1444945,2.2600336,4.345887,3.3676047,2.2278857,2.531257
2049-11-19 12:00:00,1.1950718,1.3892137,3.0723891,2.046282,2.274348,1.4704756
2049-11-20 12:00:00,0.880147,1.1545175,2.082723,2.2182097,2.1677778,1.3374597
2049-11-21 12:00:00,0.7720946,1.1434864,1.8755648,2.66813,2.990191,1.4169428
2049-11-22 12:00:00,1.1070819,1.2734272,2.9500434,3.3272688,3.2232969,1.9320338
2049-11-23 12:00:00,0.9898624,1.1223874,4.3833222,4.360547,4.7748394,3.4671724
2049-11-24 12:00:00,3.668827,3.201536,7.578441,8.002269,4.6228614,6.4515896
2049-11-25 12:00:00,2.499094,2.3674724,4.641948,6.4930625,5.1094837,3.632262
2049-11-26 12:00:00,1.4430915,1.5388863,3.8480027,5.758353,3.6407409,3.3002055
2049-11-27 12:00:00,1.2523475,1.5121417,3.7687716,8.058584,7.2787967,3.8296704
2049-11-28 12:00:00,1.3316252,1.7007145,3.832878,6.213267,9.257232,2.8895354
2049-11-29 12:00:00,1.3127884,1.6551167,2.7533596,4.658276,6.826635,2.1422782
2049-11-30 12:00:00,1.043793,1.1998647,2.5184903,3.9601994,4.429356,2.5018675
2049-12-01 12:00:00,1.3967764,1.6281989,4.2157354,3.2354157,5.403681,2.7368116
2049-12-02 12:00:00,0.89602953,1.330265,4.391662,4.15912,4.7919207,3.044239
2049-12-03 12:00:00,1.5408385,2.2639668,3.628274,7.1412864,5.582868,2.3495367
2049-12-04 12:00:00,1.524292,2.0069208,3.9124558,7.127043,5.1060467,3.2444742
2049-12-05 12:00:00,3.2957578,3.417431,5.9363346,6.955772,5.0032673,4.323951
2049-12-06 12:00:00,1.611168,1.9156666,2.3249774,4.74249,4.571352,2.2731748
2049-12-07 12:00:00,0.851538,1.1400576,3.536833,7.1054115,4.7748823,3.6014125
2049-12-08 12:00:00,1.0252624,1.2337629,3.3165712,4.6274796,5.0593944,2.9840035
2049-12-09 12:00:00,1.1988955,1.2208679,4.7323823,4.002265,4.074139,3.5040174
2049-12-10 12:00:00,1.4947886,1.6013206,4.454853,5.3984747,4.554576,3.9564633
2049-12-11 12:00:00,1.3701143,1.6466817,4.9985414,4.974301,6.0878205,3.9681497
2049-12-12 12:00:00,1.3328001,1.5554563,4.8901286,4.4468546,4.4943633,3.907077
2049-12-13 12:00:00,1.0983893,1.0978086,3.1350214,3.3757265,3.4783273,2.6038089
2049-12-14 12:00:00,1.0987267,1.1317977,2.1554823,2.1612306,2.9468274,1.7086728
2049-12-15 12:00:00,0.51577413,0.8447274,1.6688454,2.7797346,3.2688775,1.7681825
2049-12-16 12:00:00,0.8027031,1.0788887,1.5398067,2.4026303,4.781028,1.4586684
2049-12-17 12:00:00,0.75088537,0.9509187,2.6764553,3.5588117,5.2516484,2.888373
2049-12-18 12:00:00,2.948083,2.6338503,5.1512556,6.9661427,4.9621725,3.4535892
2049-12-19 12:00:00,1.3434582,1.4201896,2.8946228,7.145244,4.733496,2.2077496
2049-12-20 12:00:00,1.9820069,1.4194524,3.8439455,2.839165,3.6641552,1.8219959
2049-12-21 12:00:00,3.4072266,2.4365191,4.711486,3.3699663,3.814475,2.6729958
2049-12-22 12:00:00,3.2690158,2.4606502,5.478994,3.976298,4.1027284,2.6776805
2049-12-23 12:00:00,4.127575,2.9151785,4.8380437,3.9046593,4.3452005,2.5128431
2049-12-24 12:00:00,3.7298422,2.587387,3.614624,3.1838639,4.445502,2.1759758
2049-12-25 12:00:00,1.3741183,1.2600068,3.244451,3.4332933,4.7840366,2.3582218
2049-12-26 12:00:00,1.8404391,1.4602038,2.738515,4.2985454,4.948695,1.8369244
2049-12-27 12:00:00,1.3722277,1.3437121,2.2228935,2.8466394,3.9716825,1.6459061
2049-12-28 12:00:00,1.1393456,1.3321879,2.6225865,3.5305495,4.643663,2.6346767
2049-12-29 12:00:00,1.021461,1.0983078,3.22489,4.6398606,4.564008,2.5112057
2049-12-30 12:00:00,1.3771231,0.9970911,2.906602,3.9031892,2.9670904,2.2271676
2049-12-31 12:00:00,1.6919309,1.1960745,2.8785973,2.4551115,3.0565314,2.0199885
2050-01-01 12:00:00,2.3962939,1.7704295,2.870359,2.516313,3.8573573,1.6081235
2050-01-02 12:00:00,3.6786528,2.5413287,2.94951,2.888473,4.8020067,1.8344818
2050-01-03 12:00:00,1.5762879,1.4347073,3.1963892,3.3040318,4.883544,2.117195
2050-01-04 12:00:00,2.101813,1.7051243,3.8544016,3.0875123,5.9628043,1.9353418
2050-01-05 12:00:00,2.5350244,2.012317,3.1046443,2.9552472,4.9704695,2.2351005
2050-01-06 12:00:00,1.1246359,1.1611105,3.8294973,5.228586,5.565688,3.7926788
2050-01-07 12:00:00,1.0651832,1.3125705,5.6939597,6.857267,7.015911,4.8616643
2050-01-08 12:00:00,3.5560277,3.17137,5.101257,6.1601057,6.0564814,3.897341
2050-01-09 12:00:00,1.7599835,1.3921348,3.6862223,4.2331305,6.721876,2.1740928
2050-01-10 12:00:00,0.71928364,0.9755768,2.089404,3.5077968,7.1575065,1.4994437
2050-01-11 12:00:00,1.4361253,1.5701195,2.8756187,3.1896477,5.4585967,2.203787
2050-01-12 12:00:00,1.2389319,1.3163565,4.5821767,3.6225247,3.8268065,3.055276
2050-01-13 12:00:00,3.3176317,2.2452536,5.3938,4.4014235,4.6259675,2.246737
2050-01-14 12:00:00,2.2856312,1.638375,2.9714868,4.999964,4.5073786,2.375631
2050-01-15 12:00:00,2.2348042,1.9118916,5.597341,5.7966504,3.9865882,3.0450926
2050-01-16 12:00:00,3.5435286,2.680344,4.5596633,5.474509,3.1598024,2.9450464
2050-01-17 12:00:00,1.9068886,1.6871136,5.751569,6.0075316,4.1857147,4.169358
2050-01-18 12:00:00,3.2793496,2.1902761,5.898531,4.907664,4.3772635,2.9532704
2050-01-19 12:00:00,3.961953,2.92206,6.524544,5.768365,4.98405,3.6816013
2050-01-20 12:00:00,2.1871438,1.9237249,4.8855233,4.918563,4.577238,3.3909466
2050-01-21 12:00:00,1.5496615,1.4095881,2.981369,2.675331,3.431382,2.2616677
2050-01-22 12:00:00,1.3622375,1.565045,3.9470646,3.2979994,3.5025923,3.1448343
2050-01-23 12:00:00,2.6886387,2.185696,5.8880143,5.0064774,4.290606,3.7633135
2050-01-24 12:00:00,2.032744,2.074018,5.1963754,6.055045,5.5281787,4.027651
2050-01-25 12:00:00,1.9886082,1.5912781,5.3956976,3.408364,3.7073128,2.9607422
2050-01-26 12:00:00,2.2553804,1.8060099,4.8475447,3.8313794,4.371917,2.3656073
2050-01-27 12:00:00,3.1779437,2.7632115,4.51584,3.6220808,3.7376962,2.5463586
2050-01-28 12:00:00,2.9568477,1.9832484,6.3552175,3.0682902,4.6733065,2.952374
2050-01-29 12:00:00,1.5529721,1.3476751,6.0293713,4.381513,6.651823,3.1407475
2050-01-30 12:00:00,1.4338465,1.406258,5.502534,4.5428505,4.303273,3.7422242
2050-01-31 12:00:00,1.8476706,1.5668912,4.460052,4.3467813,3.6893444,3.3691287
2050-02-01 12:00:00,3.9272037,2.9603193,3.1808085,4.038584,4.4360466,2.3664143
2050-02-02 12:00:00,2.555309,1.6813465,2.9567356,3.1498682,5.972132,1.3651731
2050-02-03 12:00:00,0.68613434,0.90925926,1.965739,2.9876568,3.3879445,1.8575088
2050-02-04 12:00:00,1.0669981,0.98266065,5.14558,2.9565148,3.56111,3.196945
2050-02-05 12:00:00,0.741482,0.88873273,4.9125905,3.3683498,4.180977,2.412654
2050-02-06 12:00:00,0.9749989,0.9008591,3.9870915,4.2671595,6.3225675,2.50516
2050-02-07 12:00:00,2.3715837,2.0791736,7.1040454,6.1232386,7.072926,5.125973
2050-02-08 12:00:00,3.143867,3.0107815,4.608331,5.6248307,6.9658823,2.7978015
2050-02-09 12:00:00,1.9284827,1.7689823,5.2404284,5.994518,7.61845,4.431705
2050-02-10 12:00:00,5.5315175,4.661534,9.043752,8.343079,7.077624,6.5946403
2050-02-11 12:00:00,4.3180904,3.7053854,7.5208936,7.138679,4.846014,5.251678
2050-02-12 12:00:00,3.8241692,3.440686,6.560781,6.7656198,6.235852,3.9726756
2050-02-13 12:00:00,3.804297,3.1809356,6.6104684,5.5105643,7.9206033,4.127676
2050-02-14 12:00:00,3.8787372,3.2206876,7.477025,5.98768,6.383837,4.7165246
2050-02-15 12:00:00,4.2214026,3.446191,8.144809,6.637343,7.085521,5.0676913
2050-02-16 12:00:00,2.5599494,2.797812,4.758659,7.356901,6.907271,3.278103
2050-02-17 12:00:00,4.4010153,3.7113802,7.7489705,7.5232954,6.5195765,5.6550937
2050-02-18 12:00:00,2.8943472,2.579604,5.8054833,6.11515,5.9718304,3.9708378
2050-02-19 12:00:00,4.3098307,4.306338,7.0452704,8.656297,4.1868916,5.914971
2050-02-20 12:00:00,2.0603323,1.8909038,5.1057935,4.6272,4.469836,2.7065346
2050-02-21 12:00:00,2.0595508,2.1121166,4.1160955,4.8645563,3.7474046,2.5108511
2050-02-22 12:00:00,1.0161577,1.0239581,3.4598343,2.8928804,2.8822289,2.7512233
2050-02-23 12:00:00,1.5700603,1.7877945,4.0222526,5.4509478,3.7675328,3.0948215
2050-02-24 12:00:00,0.8117153,1.0935631,2.2404768,4.3704486,5.072588,1.90424
2050-02-25 12:00:00,0.7438892,1.0496389,2.2122946,5.006603,8.768437,2.4302173
2050-02-26 12:00:00,2.0551832,1.8540602,4.017991,5.126072,8.082984,4.2564716
2050-02-27 12:00:00,2.2843602,2.136512,3.9929738,4.9973063,7.677172,2.8961322
2050-02-28 12:00:00,3.077002,2.753983,4.7266455,7.2021756,8.370981,4.7129374
2050-03-01 12:00:00,2.9307313,2.8003972,5.635551,7.8868027,7.6817956,4.3623796
2050-03-02 12:00:00,2.5606337,2.5041795,4.303575,5.7271385,8.055,3.5734112
2050-03-03 12:00:00,2.6417928,2.2891788,6.1799936,6.160554,5.7379746,4.2802324
2050-03-04 12:00:00,2.9465778,2.711895,6.26319,6.200802,5.1454663,4.304104
2050-03-05 12:00:00,2.1467314,2.1635675,4.5603275,4.390163,4.1843543,3.7003653
2050-03-06 12:00:00,2.5615895,2.665359,4.9218183,5.182265,4.9332466,3.0092049
2050-03-07 12:00:00,2.4321115,2.3957396,5.9959893,6.860111,7.1377516,4.716666
2050-03-08 12:00:00,4.632656,4.0817823,5.3938503,6.062226,5.4812503,5.2149353
2050-03-09 12:00:00,2.0541744,2.063881,3.7272334,4.5145655,5.2776747,3.3426168
2050-03-10 12:00:00,1.9285539,1.8883644,3.1761158,5.104858,4.2688456,2.0745246
2050-03-11 12:00:00,2.6502075,2.5982034,3.3978074,6.453038,4.981854,3.6697693
2050-03-12 12:00:00,1.627325,1.510014,3.7667665,2.3859541,3.975445,2.4001863
2050-03-13 12:00:00,2.3082018,2.2364192,3.9397347,7.1946936,7.869811,3.263074
2050-03-14 12:00:00,3.402383,3.8513613,6.0509114,8.950013,5.9522715,4.682529
2050-03-15 12:00:00,3.2835765,3.2767832,6.099302,6.5692754,4.966048,4.5324564
2050-03-16 12:00:00,2.0116363,2.0247788,3.102333,4.635717,5.1404877,2.6346703
2050-03-17 12:00:00,1.4972408,1.5869355,2.1085525,4.172912,4.0843844,1.7152576
2050-03-18 12:00:00,3.6870887,3.4122353,6.979208,7.677595,4.03481,6.171249
2050-03-19 12:00:00,3.969985,3.751787,6.048821,6.5178866,7.7746487,4.272168
2050-03-20 12:00:00,3.5522537,2.8369136,5.7228703,4.2814145,5.7450676,4.324143
2050-03-21 12:00:00,1.5905571,1.7366602,2.2874558,5.3695803,8.514138,1.5479295
2050-03-22 12:00:00,1.531754,1.5005352,2.542524,3.6882904,4.51148,1.7300773
2050-03-23 12:00:00,1.4312961,1.3318952,3.298082,3.5281105,3.5704448,2.556938
2050-03-24 12:00:00,1.9939443,1.8678327,5.078248,6.0542507,7.1534758,4.756074
2050-03-25 12:00:00,4.479107,4.248716,6.6422043,7.0619273,8.1859045,5.3207603
2050-03-26 12:00:00,3.4923053,3.4612818,4.342863,6.153884,8.393871,3.8075953
2050-03-27 12:00:00,2.8617742,2.6328025,4.0761504,5.1198435,8.061363,3.8226128
2050-03-28 12:00:00,1.7017516,1.8671865,3.7778018,5.2309337,6.924102,2.7349122
2050-03-29 12:00:00,1.0490572,1.1014707,3.195916,4.464899,6.442906,2.8240352
2050-03-30 12:00:00,2.357793,2.4487815,6.2666063,4.9978333,4.5670857,4.474245
2050-03-31 12:00:00,2.2914617,2.3851304,4.671888,5.728958,5.0716558,3.4839535
2050-04-01 12:00:00,2.9301944,2.7746048,3.8662393,4.59336,5.389351,2.5582192
2050-04-02 12:00:00,2.5880594,1.865012,4.2192316,3.7304845,5.9468265,2.896172
2050-04-03 12:00:00,2.341959,2.1774218,3.9288504,4.3473554,5.6152644,2.2382712
2050-04-04 12:00:00,1.6258833,1.60001,2.904768,4.5224147,5.6289926,2.7710898
2050-04-05 12:00:00,1.2748842,1.2462883,3.6449347,4.1030483,5.30325,3.5122824
2050-04-06 12:00:00,2.891521,2.6173933,3.8959734,5.1624503,5.9176226,3.438277
2050-04-07 12:00:00,2.0171165,1.9386724,3.044404,3.533175,4.2395167,1.817515
2050-04-08 12:00:00,1.6136508,1.352001,3.9830437,3.8439925,3.4742696,3.1516166
2050-04-09 12:00:00,1.6559069,1.4978801,2.8555858,3.1157603,5.4823914,1.7398459
2050-04-10 12:00:00,1.8456812,1.9024773,3.1427505,3.2672052,2.7275436,2.1994562
2050-04-11 12:00:00,3.1241875,2.8305354,3.7447183,3.559653,2.9078474,2.9483767
2050-04-12 12:00:00,4.035471,3.4268758,3.982664,3.6399627,3.5220315,3.0797994
2050-04-13 12:00:00,4.15109,3.2238731,4.866942,3.1431005,3.4385605,2.3251824
2050-04-14 12:00:00,2.687265,2.4743943,3.223318,4.520184,5.403349,2.0879352
2050-04-15 12:00:00,3.7980757,3.4176452,3.9086497,6.012018,5.9698195,3.918821
2050-04-16 12:00:00,3.243981,2.9105487,3.553242,3.6071186,4.508278,2.8812857
2050-04-17 12:00:00,2.3677223,2.183786,2.7723467,3.4641423,3.5989177,2.41151
2050-04-18 12:00:00,2.4261017,2.2263806,2.7532806,2.8131566,3.4548342,1.9367774
2050-04-19 12:00:00,2.3076568,2.1251414,2.8362923,2.8589778,3.1144185,1.9572983
2050-04-20 12:00:00,1.6364136,1.9182351,3.0965846,3.4508934,2.8462694,1.9832015
2050-04-21 12:00:00,1.0396132,0.96023136,2.8181646,2.1236093,2.677744,1.554072
2050-04-22 12:00:00,2.248257,2.1782844,3.2838469,5.2394204,3.5262787,2.517578
2050-04-23 12:00:00,1.734923,1.6910452,2.3616025,3.9371603,3.0705369,1.5823942
2050-04-24 12:00:00,1.451187,1.1202703,1.6582959,1.816233,3.1110287,1.3648353
2050-04-25 12:00:00,1.1754048,1.0899724,1.7432684,1.8850163,3.6818392,1.2527981
2050-04-26 12:00:00,1.0511742,1.0690453,2.6334324,2.062843,2.8209949,1.595378
2050-04-27 12:00:00,1.2116165,1.2324182,2.5223446,2.2175794,4.359649,1.5951147
2050-04-28 12:00:00,1.4666525,1.1703049,1.9315567,2.5630033,4.0638266,1.6352311
2050-04-29 12:00:00,1.3206317,1.3169593,2.384543,3.0157602,3.8774745,1.8980211
2050-04-30 12:00:00,3.3653812,2.7715216,4.415236,4.250121,3.9665978,2.0170617
2050-05-01 12:00:00,4.462862,3.5936196,3.0236468,4.17782,3.863203,2.0211499
2050-05-02 12:00:00,1.3512437,1.1722596,1.9652998,2.1381962,3.6767395,1.1623706
2050-05-03 12:00:00,1.137609,1.1410296,2.4062948,2.7461448,3.2661326,1.2940472
2050-05-04 12:00:00,1.4978405,1.4838789,3.1507583,3.3556576,2.6305907,1.8213935
2050-05-05 12:00:00,1.5292004,1.4755801,3.444659,3.8331928,3.7401438,2.0022917
2050-05-06 12:00:00,3.3531463,2.6711366,3.808759,4.373492,4.376547,2.1218643
2050-05-07 12:00:00,3.9764605,2.8332932,5.3263884,3.7766726,5.309912,2.2817543
2050-05-08 12:00:00,3.4390464,2.7227666,4.1408963,3.0858161,3.2541816,2.1822927
2050-05-09 12:00:00,1.6373799,1.5163287,3.5609202,3.305846,4.4935675,2.3993871
2050-05-10 12:00:00,1.7822422,1.4645599,2.489457,2.2576652,4.9572015,1.534409
2050-05-11 12:00:00,1.9634676,1.6913279,2.544939,2.9406972,4.3732514,2.1137736
2050-05-12 12:00:00,1.7830142,1.9664371,3.3326855,3.30829,5.708799,1.760525
2050-05-13 12:00:00,1.4412946,1.2216752,2.5533648,2.72512,6.112042,1.2285275
2050-05-14 12:00:00,1.748383,1.6800812,2.4899166,2.7636507,4.415472,1.6627773
2050-05-15 12:00:00,1.4401873,1.1862605,2.8297105,3.3139293,3.313092,2.5595336
2050-05-16 12:00:00,1.9861648,1.8048657,3.3057926,4.5019994,3.8325841,2.9913228
2050-05-17 12:00:00,3.0202184,2.5623872,3.8362746,4.8667293,3.5220146,3.656489
2050-05-18 12:00:00,2.255175,2.2212145,2.5348208,3.2201188,4.8823,1.7847903
2050-05-19 12:00:00,2.606741,1.8888583,2.4567978,2.372592,4.9328103,2.0719602
2050-05-20 12:00:00,1.8751746,1.8526254,2.574933,4.228335,3.2846873,1.8873461
2050-05-21 12:00:00,3.1518931,2.6780195,2.8739803,4.430612,3.7788925,2.289408
2050-05-22 12:00:00,1.9341753,1.6724578,2.4320672,2.3064702,4.055169,1.3498749
2050-05-23 12:00:00,1.8499205,1.7030157,2.2100966,2.688729,6.182805,1.6823183
2050-05-24 12:00:00,1.5999703,1.3204622,2.4188375,4.27961,4.2294207,1.644244
2050-05-25 12:00:00,2.7346277,2.0856302,2.8160052,5.583249,4.238534,2.5975773
2050-05-26 12:00:00,3.0990229,2.656134,4.2943397,5.388441,4.5727615,2.9924674
2050-05-27 12:00:00,2.3883553,2.0479991,5.0673447,3.22501,3.4890745,3.3969316
2050-05-28 12:00:00,2.803854,2.2912235,4.4645376,3.2996871,2.8249967,2.5378218
2050-05-29 12:00:00,2.4896696,2.2096155,3.457154,2.8725867,3.2540457,1.6956033
2050-05-30 12:00:00,1.9368415,1.5785729,2.95659,2.9080322,5.485418,1.8807138
2050-05-31 12:00:00,1.4284992,1.3104042,3.51433,2.57255,6.625737,1.5014548
2050-06-01 12:00:00,1.5324647,1.4381139,2.9779935,2.214619,4.1644363,1.7265886
2050-06-02 12:00:00,1.3878667,1.5559237,2.5096905,2.1857815,2.804755,1.6108509
2050-06-03 12:00:00,2.5221424,2.3374002,3.1825054,2.5845113,2.4326954,2.0503395
2050-06-04 12:00:00,3.1567855,2.8564873,3.9270933,3.8765411,3.2236316,3.2722938
2050-06-05 12:00:00,2.9777355,2.903326,3.197157,5.1615477,4.1086683,2.8599148
2050-06-06 12:00:00,2.6074224,2.261738,2.451455,3.2685359,4.893376,2.310024
2050-06-07 12:00:00,1.780259,1.660502,2.3041813,3.8137054,5.536598,1.5532302
2050-06-08 12:00:00,2.360998,1.9150527,3.2066638,4.6145415,4.170389,2.053231
2050-06-09 12:00:00,2.6636367,2.2890935,4.752029,4.876113,3.0135074,3.0316384
2050-06-10 12:00:00,1.3431095,1.265029,3.2140157,3.4177103,3.1557467,2.235144
2050-06-11 12:00:00,2.0937796,1.8655461,2.9873347,2.87575,3.9295328,1.4156052
2050-06-12 12:00:00,2.6424043,2.2587862,3.4260674,2.9720106,3.8812013,2.0816672
2050-06-13 12:00:00,1.916472,1.7663499,2.5259316,3.023657,2.6335955,2.013374
2050-06-14 12:00:00,4.220327,3.513214,4.3455553,5.5383167,3.8127666,2.9278805
2050-06-15 12:00:00,1.9614449,1.789518,3.8129814,3.044754,5.7272105,2.5608683
2050-06-16 12:00:00,2.0818124,2.3023188,4.850193,4.0971117,3.8835368,3.4411488
2050-06-17 12:00:00,1.7162685,1.8407385,3.4875546,3.4446955,3.0441885,2.623833
2050-06-18 12:00:00,1.5541967,1.2406932,3.1956124,3.837128,2.7969165,2.5010264
2050-06-19 12:00:00,2.2447872,1.6323638,2.6940832,3.9636543,3.6191785,1.6129869
2050-06-20 12:00:00,2.1724546,1.6429266,2.4095893,3.2375174,4.5086694,1.3796321
2050-06-21 12:00:00,1.8434734,1.3457742,2.5305464,2.3332512,3.9119296,1.428113
2050-06-22 12:00:00,1.9203839,1.4669337,2.6451635,4.2305517,5.2083488,1.2794913
2050-06-23 12:00:00,1.3707745,1.2045599,2.0372744,4.726826,5.623251,1.1410445
2050-06-24 12:00:00,1.8321785,1.4674267,1.7491189,3.812408,4.251091,1.2929156
2050-06-25 12:00:00,4.1464386,3.0421927,4.007327,2.757964,3.649406,2.1589193
2050-06-26 12:00:00,2.8159275,2.4586952,2.7083514,2.4528525,3.1364667,2.103234
2050-06-27 12:00:00,2.2183297,1.9506187,2.7055047,2.0283325,2.445914,2.071802
2050-06-28 12:00:00,1.798542,1.8567746,3.1805348,4.2144675,3.0806363,2.3206544
2050-06-29 12:00:00,1.7728367,1.4783024,2.3424122,5.5494747,3.752223,1.7602528
2050-06-30 12:00:00,2.2330632,1.7507545,1.9040865,5.1408396,4.1876183,1.2473541
2050-07-01 12:00:00,2.5721564,2.0280302,3.1087956,3.7161438,3.6911852,2.055607
2050-07-02 12:00:00,1.4327557,1.382678,3.030193,3.3975656,4.4068437,2.1924767
2050-07-03 12:00:00,2.4914947,2.1231308,2.95543,3.981647,4.0335326,2.5220947
2050-07-04 12:00:00,2.2248726,1.7401571,3.3554785,3.540224,4.469122,1.9736695
2050-07-05 12:00:00,3.6776373,2.729441,2.906335,3.4591784,5.0592175,2.205233
2050-07-06 12:00:00,1.0165076,1.1257577,2.6504865,2.6485674,4.4558764,1.5531846
2050-07-07 12:00:00,1.9946604,1.66456,3.0185878,2.5087044,2.7356758,1.8321592
2050-07-08 12:00:00,2.316845,1.9165382,2.9978864,2.3239014,2.406457,1.7862681
2050-07-09 12:00:00,1.8425354,1.8015387,2.327354,2.4800196,2.5382361,1.4925694
2050-07-10 12:00:00,2.0611336,1.5890695,2.7195024,2.1188774,2.8458726,1.4569824
2050-07-11 12:00:00,0.6438174,0.82328314,2.2768517,1.9084551,2.3697836,1.7098341
2050-07-12 12:00:00,0.9087441,0.89019513,1.6542499,2.3348992,3.0249035,1.18455
2050-07-13 12:00:00,1.7288114,1.511916,1.8202939,2.837619,2.7010782,1.6671174
2050-07-14 12:00:00,2.080105,1.792435,2.8435571,3.0183973,3.1294694,2.1844928
2050-07-15 12:00:00,1.8844529,1.8964211,4.102197,2.238312,2.5838616,2.5477266
2050-07-16 12:00:00,1.975802,1.9813329,3.4704134,2.8622832,2.8296149,2.001426
2050-07-17 12:00:00,2.2365367,1.9630299,4.035092,3.092634,3.3783116,2.640132
2050-07-18 12:00:00,2.8187263,2.148607,2.7695622,4.0659184,3.6026173,2.0912917
2050-07-19 12:00:00,1.6603439,1.6359682,2.371713,2.357359,2.8543007,1.841062
2050-07-20 12:00:00,2.530953,2.4454453,3.4372232,3.4313815,3.1843803,2.633534
2050-07-21 12:00:00,2.748851,2.6294456,4.152515,4.0298057,5.223833,2.4755611
2050-07-22 12:00:00,1.3959713,1.3842707,2.397544,3.8161793,4.7502785,1.493038
2050-07-23 12:00:00,0.9091252,1.1100489,2.3041916,2.8943915,4.2396517,1.5585392
2050-07-24 12:00:00,1.1543164,1.2519786,1.9061025,4.27076,4.6323843,1.7040664
2050-07-25 12:00:00,1.4128622,1.4266794,2.4098709,3.3207827,3.9558706,1.5690861
2050-07-26 12:00:00,1.3168766,1.5057174,3.1608818,3.580684,3.621708,1.8552048
2050-07-27 12:00:00,1.6399329,1.704595,2.9243627,5.168984,3.1026866,1.6337185
2050-07-28 12:00:00,1.5032916,1.5723852,2.8374257,4.463799,3.312215,1.5422374
2050-07-29 12:00:00,1.1173155,1.2816999,2.9424286,2.6352317,3.394528,1.9224637
2050-07-30 12:00:00,1.8589509,1.7826655,2.2283812,2.5682485,3.5359151,1.962277
2050-07-31 12:00:00,1.4138672,1.6391044,2.875079,4.049022,3.8511293,2.6840036
2050-08-01 12:00:00,2.3911576,1.9904974,3.429849,4.1204047,4.198347,2.474372
2050-08-02 12:00:00,1.6219232,1.5029566,2.6281836,3.8557773,4.340301,1.4047496
2050-08-03 12:00:00,2.4201941,1.5937598,2.8226664,2.795655,4.8097644,1.9108814
2050-08-04 12:00:00,2.2512858,1.9113146,2.6050904,2.678709,4.0865765,1.8349043
2050-08-05 12:00:00,1.2097191,1.2904918,2.456643,2.4754758,4.762202,2.0527287
2050-08-06 12:00:00,1.6221223,1.282625,1.6687607,2.4318888,5.004728,1.1705713
2050-08-07 12:00:00,2.4977624,1.7381335,2.144113,2.3724866,4.4912944,1.3840287
2050-08-08 12:00:00,2.4005919,1.8509037,3.0875812,2.9582984,4.9068217,1.6767359
2050-08-09 12:00:00,1.5912387,1.7236568,2.8294487,3.0094712,4.662627,2.2609673
2050-08-10 12:00:00,2.3535066,1.8941963,2.594828,2.067312,3.3746147,2.0895789
2050-08-11 12:00:00,1.8848152,1.4677681,2.1328278,1.9204533,2.2275376,1.3698043
2050-08-12 12:00:00,2.002245,2.125752,3.5117664,3.2530255,2.5553102,2.609144
2050-08-13 12:00:00,1.6065273,1.7080847,3.3344598,2.7318728,3.0397775,2.1844523
2050-08-14 12:00:00,1.7665255,1.5825894,2.9197955,1.6318848,2.7991982,1.5517943
2050-08-15 12:00:00,1.9837937,1.8832631,2.639834,2.4994473,2.6257317,1.4167447
2050-08-16 12:00:00,2.2809644,1.9611095,3.323428,2.2080743,2.4663055,1.9274464
2050-08-17 12:00:00,1.2330296,1.3519158,2.7890422,2.2110562,2.7949455,1.7955705
2050-08-18 12:00:00,0.8221665,1.0251149,2.0730913,2.994372,2.9251351,1.5392857
2050-08-19 12:00:00,1.7408184,1.4173759,1.7364165,2.4159358,3.12482,1.6483037
2050-08-20 12:00:00,2.606367,1.9531338,2.9793372,2.4790776,3.491274,2.556735
2050-08-21 12:00:00,1.9478116,1.6489638,2.8771284,2.3542674,3.9860857,1.731879
2050-08-22 12:00:00,1.0515257,1.4115889,4.1073694,2.478561,3.2192364,2.416416
2050-08-23 12:00:00,1.9141002,2.0040045,3.822646,3.4074016,2.7228677,2.8019176
2050-08-24 12:00:00,2.6936932,2.8668263,2.9029167,3.4076672,3.630565,2.452962
2050-08-25 12:00:00,1.6920602,1.7074857,2.925752,4.711514,4.129601,1.7001882
2050-08-26 12:00:00,1.5062051,1.2089417,2.112359,2.4203472,3.6334703,1.6751208
2050-08-27 12:00:00,1.2665763,1.374377,2.3371243,1.654056,2.2664576,1.2876948
2050-08-28 12:00:00,1.3095894,1.3136317,3.8779938,2.1905906,2.8294437,2.009403
2050-08-29 12:00:00,1.2805154,1.4212055,4.8173327,2.78786,3.138632,3.0859194
2050-08-30 12:00:00,1.4963694,1.732183,3.9597797,2.966367,2.8219569,2.1591072
2050-08-31 12:00:00,1.9473872,2.1438675,3.2297885,3.7013905,2.8983562,2.8520548
2050-09-01 12:00:00,1.4673955,1.355977,1.9327173,3.5864,2.7852638,2.074716
2050-09-02 12:00:00,2.1056952,2.21772,2.4831333,2.8355854,2.7779589,2.960954
2050-09-03 12:00:00,3.6814127,3.5250037,4.2272925,3.011877,2.8195074,2.787989
2050-09-04 12:00:00,4.1819043,3.6408005,5.3014493,4.779602,4.807436,3.7771637
2050-09-05 12:00:00,4.743681,3.8390985,7.0075016,5.948735,5.454607,4.7810364
2050-09-06 12:00:00,3.9707506,3.6213782,6.151045,8.880317,6.0967035,4.209304
2050-09-07 12:00:00,3.3773227,2.9918487,5.755381,7.3982806,6.201397,3.9216266
2050-09-08 12:00:00,3.2779734,2.8982656,5.687448,6.99406,4.3777704,3.9182582
2050-09-09 12:00:00,2.0478435,2.1569781,3.492117,5.3115344,3.9541347,2.6340206
2050-09-10 12:00:00,1.3560895,1.474907,3.0201523,5.0737166,3.224804,2.303115
2050-09-11 12:00:00,1.9768969,1.9902669,3.7189524,4.8102694,3.2058349,2.7397156
2050-09-12 12:00:00,1.6825752,1.7962072,2.654855,4.7212353,3.6480057,2.316753
2050-09-13 12:00:00,1.9091672,1.7798504,3.4594674,3.5173128,2.659403,2.49016
2050-09-14 12:00:00,3.6744874,3.1946585,5.0913177,4.4982677,3.029967,3.416431
2050-09-15 12:00:00,3.0095868,2.933427,5.22182,6.086716,7.30527,3.493401
2050-09-16 12:00:00,2.2301004,1.8919339,3.8304894,3.7955148,6.8652053,2.8563557
2050-09-17 12:00:00,1.9540392,1.8984337,4.433272,3.3138132,4.207835,2.73617
2050-09-18 12:00:00,1.6067188,1.7568479,2.9991834,5.8928523,3.4707012,2.3444366
2050-09-19 12:00:00,1.4635737,1.4851023,2.346184,6.5874214,4.6999073,2.769744
2050-09-20 12:00:00,1.4691678,1.5195197,1.9211335,5.162381,7.130858,2.8692813
2050-09-21 12:00:00,2.0095851,1.6842204,2.765249,3.8101585,6.614149,2.441727
2050-09-22 12:00:00,1.9271386,2.2372591,4.5131645,3.8473022,5.547309,3.138927
2050-09-23 12:00:00,2.7928462,2.6019502,4.4035335,4.967856,4.9667106,3.1537685
2050-09-24 12:00:00,3.7899337,3.2011824,6.164907,4.720982,3.3943143,4.3385105
2050-09-25 12:00:00,3.2599998,3.4037085,4.513989,5.921654,5.8656983,3.00087
2050-09-26 12:00:00,1.495513,1.4655932,2.5827212,2.5023181,5.5802903,2.0718434
2050-09-27 12:00:00,0.78048277,1.1141135,2.1027682,3.3640702,4.727103,1.5532098
2050-09-28 12:00:00,1.184166,1.1415539,1.9722203,3.7648036,6.2828956,1.5349075
2050-09-29 12:00:00,0.9528961,1.0643839,2.960784,3.4025722,4.38554,2.7041113
2050-09-30 12:00:00,0.9387866,0.9533565,2.137666,3.2939978,3.6479144,1.802056
2050-10-01 12:00:00,1.4118557,1.1787827,2.6310918,2.2815614,4.3064494,1.8316244
2050-10-02 12:00:00,1.4383087,1.1368616,2.8916748,1.8218037,5.328806,1.1985434
2050-10-03 12:00:00,1.5943736,1.4348389,3.8499923,1.5866066,4.4598513,1.5805725
2050-10-04 12:00:00,1.7306232,1.5720826,4.42276,2.1146307,3.8620458,1.9868413
2050-10-05 12:00:00,1.3710985,1.2965255,4.3596244,2.0352743,4.08234,2.0784411
2050-10-06 12:00:00,1.3106945,1.3496926,4.235118,2.078899,3.284015,2.603305
2050-10-07 12:00:00,1.1646245,1.2807226,3.4912007,2.8164961,3.1402519,2.702008
2050-10-08 12:00:00,1.9391428,1.7337016,4.6790915,3.2547529,4.1425915,3.02746
2050-10-09 12:00:00,2.9599044,2.4755857,5.817948,4.538284,2.7955623,3.3367176
2050-10-10 12:00:00,2.2875762,2.020535,6.2383504,4.2962546,2.896349,3.6874897
2050-10-11 12:00:00,1.9532657,1.6185493,4.4257636,2.5019324,3.2361126,1.8040944
2050-10-12 12:00:00,1.2317603,1.165494,3.8620696,2.3783004,2.8003037,1.6359783
2050-10-13 12:00:00,1.6521987,1.423604,4.9850364,2.5416982,2.0922155,2.2151473
2050-10-14 12:00:00,2.4924004,2.2912905,6.625014,4.4875426,3.3714159,3.6237488
2050-10-15 12:00:00,4.777004,4.061421,7.4711056,6.406806,4.966612,5.133929
2050-10-16 12:00:00,2.02944,2.4374864,3.802559,5.28357,4.6245494,2.822627
2050-10-17 12:00:00,1.9257033,1.9211128,5.065361,4.9633875,3.0893252,2.9008458
2050-10-18 12:00:00,3.6510081,3.3786938,5.5694876,5.660919,5.3099957,3.5741804
2050-10-19 12:00:00,4.09508,3.9262357,3.675095,5.211186,7.602249,3.4339294
2050-10-20 12:00:00,3.37647,3.1613004,3.389674,3.7043295,5.5617456,2.6265013
2050-10-21 12:00:00,3.7808855,3.4568923,5.8379655,5.954033,4.443678,4.052022
2050-10-22 12:00:00,3.7496452,3.4976058,4.1756806,5.337447,5.659308,2.751097
2050-10-23 12:00:00,3.635208,3.1492624,3.8641086,5.882253,7.009337,2.8899014
2050-10-24 12:00:00,2.5347135,2.20589,4.9199114,5.1749654,6.638374,3.3980854
2050-10-25 12:00:00,3.2095633,2.9980483,5.300916,3.5230954,3.6378574,3.1000836
2050-10-26 12:00:00,1.5935391,1.5861679,3.8774724,2.3564234,3.4886239,2.2459195
2050-10-27 12:00:00,1.0084156,1.099413,2.4314442,3.954377,4.897607,1.9895366
2050-10-28 12:00:00,0.6268277,0.8767267,1.3870442,4.760572,7.9094243,1.579302
2050-10-29 12:00:00,0.89993024,0.9725373,1.7015953,5.4224834,8.983615,1.0107456
2050-10-30 12:00:00,2.2734942,1.4568012,2.2982895,5.5966864,5.9565763,1.9728175
2050-10-31 12:00:00,1.5327969,1.4039251,3.0031924,4.992583,4.427245,2.6044807
2050-11-01 12:00:00,1.4983783,1.4892004,3.044619,5.063535,4.56599,2.3453107
2050-11-02 12:00:00,1.6734877,1.9768732,2.7231092,5.1129665,3.0107167,2.8648565
2050-11-03 12:00:00,2.3599904,2.074608,4.975772,4.22026,2.6467667,3.053195
2050-11-04 12:00:00,2.5745165,1.5523608,3.153459,3.4415205,4.4075866,1.5663146
2050-11-05 12:00:00,0.7905136,0.8524568,1.6581353,3.3248186,5.023233,1.6094055
2050-11-06 12:00:00,1.7347066,1.5999918,2.2785456,2.030404,4.706545,1.5857317
2050-11-07 12:00:00,1.0288223,1.4296767,2.4372091,4.1812577,5.278752,2.0006933
2050-11-08 12:00:00,1.3825295,2.038766,3.3849115,5.301189,6.862301,3.0235515
2050-11-09 12:00:00,1.7546586,2.2107434,3.073953,4.1542883,3.873917,2.9224713
2050-11-10 12:00:00,0.97415316,1.7101771,2.7039719,5.2848353,3.9376395,1.7687266
2050-11-11 12:00:00,0.8280865,1.0606573,2.800902,3.7299612,2.606003,2.4525642
2050-11-12 12:00:00,1.0165155,1.077668,3.260437,3.5744803,3.664828,2.635726
2050-11-13 12:00:00,3.0124402,2.4778411,5.870332,5.982831,5.4442377,4.326621
2050-11-14 12:00:00,3.1821356,2.6566398,4.530115,8.079273,4.9176855,4.2142997
2050-11-15 12:00:00,2.5682135,2.4312139,5.7987146,5.9743886,5.824161,3.9371123
2050-11-16 12:00:00,1.5702796,1.6368684,3.5440867,4.660666,6.935489,2.9627447
2050-11-17 12:00:00,2.6989589,2.321783,4.315354,6.758772,5.2822556,4.1078334
2050-11-18 12:00:00,3.0780776,2.5185838,5.710228,6.9935102,4.325938,4.05468
2050-11-19 12:00:00,2.5219183,2.3883734,5.071105,5.449151,4.0534997,3.6648219
2050-11-20 12:00:00,2.951659,2.6655543,6.2396083,8.701486,7.834372,4.8612595
2050-11-21 12:00:00,2.8934896,2.845593,4.896846,8.352366,9.956887,4.59644
2050-11-22 12:00:00,2.619847,2.471989,6.7390885,6.6785345,6.5161524,5.026375
2050-11-23 12:00:00,1.701694,2.1513102,4.3470235,4.4187927,6.3315625,3.064699
2050-11-24 12:00:00,0.97517794,1.2427115,2.799116,6.6051216,4.994178,3.164546
2050-11-25 12:00:00,0.698027,0.9785687,3.0571387,5.2079782,6.5638804,2.977363
2050-11-26 12:00:00,1.7272097,1.770297,4.6159883,6.7618012,7.5257545,3.9367518
2050-11-27 12:00:00,2.2936678,2.6682148,4.911853,5.311302,7.1210003,3.5964477
2050-11-28 12:00:00,1.02125,1.1298733,2.5243528,3.2946463,6.360393,2.7135136
2050-11-29 12:00:00,1.7487121,1.3503541,2.9352481,2.4801471,4.28066,2.075592
2050-11-30 12:00:00,1.0398976,1.0793244,2.3362677,4.140851,3.758269,2.2640204
2050-12-01 12:00:00,1.8569131,1.8622375,4.9848742,5.017339,4.8055468,3.6775606
2050-12-02 12:00:00,2.619115,2.311722,7.2452216,5.096074,4.401796,5.615598
2050-12-03 12:00:00,1.865431,2.0872462,6.241915,5.380922,3.924343,4.4879985
2050-12-04 12:00:00,2.4651384,2.2470887,4.3652244,3.8310213,3.664849,2.8175294
2050-12-05 12:00:00,1.7807493,1.5384296,2.816391,4.739789,6.6271663,2.0536654
2050-12-06 12:00:00,1.341375,2.3437667,4.926366,5.9156356,6.9366894,3.3923426
2050-12-07 12:00:00,0.9316288,1.2674578,3.8749595,4.5933537,4.1705437,3.1965752
2050-12-08 12:00:00,2.2267826,1.8549833,6.5035477,5.986076,6.238449,4.522681
2050-12-09 12:00:00,2.6552467,3.0301712,4.2778554,6.180712,7.508774,3.1177495
2050-12-10 12:00:00,1.3803067,1.3124099,3.7136881,3.7775545,4.81334,3.248633
2050-12-11 12:00:00,1.1514415,1.5348384,3.1435084,3.1653068,3.0004408,2.7136562
2050-12-12 12:00:00,1.4214348,1.6077166,3.9710636,5.4115524,5.1399302,4.1414614
2050-12-13 12:00:00,1.8073945,1.8120345,4.706624,4.5593767,6.6670923,3.62953
2050-12-14 12:00:00,2.075038,1.9768544,2.9876883,5.2143383,4.6705527,2.849616
2050-12-15 12:00:00,1.262874,1.4147153,4.2893114,4.589117,5.328516,3.2738054
2050-12-16 12:00:00,4.418054,4.198207,7.683308,7.727716,5.425039,6.430197
2050-12-17 12:00:00,2.60219,2.4163113,4.89903,6.0111303,7.060753,3.5007708
2050-12-18 12:00:00,2.679889,2.1742597,5.5783877,3.8582182,4.5513744,3.8527403
2050-12-19 12:00:00,1.3017633,1.2637715,3.3076925,3.4316359,3.1890893,3.3094695
2050-12-20 12:00:00,1.8639185,1.7838908,4.048013,3.770591,3.0102334,3.1833818
2050-12-21 12:00:00,1.9959961,1.6308379,5.4161053,3.8437102,2.952555,3.555467
2050-12-22 12:00:00,2.3800213,1.8973674,3.9088824,4.868338,4.486175,2.7821572
2050-12-23 12:00:00,1.4783876,1.7789898,5.2904897,6.211358,6.747748,4.575672
2050-12-24 12:00:00,1.4645182,1.4151629,3.7104185,4.528022,6.4336514,3.3266938
2050-12-25 12:00:00,3.7810707,3.5025382,6.537959,6.28372,6.6031184,4.329131
2050-12-26 12:00:00,3.3740113,2.8361778,6.2620277,7.59678,6.2694707,4.78952
2050-12-27 12:00:00,4.2514057,3.4243917,6.7718034,6.7331843,5.463442,4.481122
2050-12-28 12:00:00,3.3017125,2.494816,4.9684067,4.715544,4.0482006,3.372752
2050-12-29 12:00:00,2.1266818,1.8104582,4.9365096,4.1084547,4.635852,3.344764
2050-12-30 12:00:00,1.7679949,1.6042712,4.050566,2.6027012,3.8370953,1.8200958
2050-12-31 12:00:00,0.9610409,1.0238956,1.9640015,1.9838444,3.4363298,1.591514
2051-01-01 12:00:00,1.2452471,1.263278,3.284767,4.3368697,5.2446938,2.9490516
2051-01-02 12:00:00,1.8284146,1.7305138,3.8309493,4.735213,5.3406906,2.6720157
2051-01-03 12:00:00,1.998986,1.5714353,4.7026157,3.4900274,3.9769847,2.6628284
2051-01-04 12:00:00,1.355078,1.1724124,3.7397485,4.6826277,3.6680892,2.427183
2051-01-05 12:00:00,0.98206466,1.1178575,2.4944742,4.1693993,4.46769,2.1625576
2051-01-06 12:00:00,2.6024086,2.7279553,5.6683474,7.642551,5.394599,4.5881224
2051-01-07 12:00:00,2.4830058,2.4558442,3.5343738,6.2991657,6.597008,2.6596632
2051-01-08 12:00:00,1.6027837,1.9745646,3.926848,7.474599,5.962166,2.961665
2051-01-09 12:00:00,0.8924469,1.2622986,3.5690186,6.69324,5.17117,3.5738645
2051-01-10 12:00:00,2.1511712,1.8245147,5.6155815,5.866027,5.599317,3.7283418
2051-01-11 12:00:00,3.7922318,3.2068467,7.55219,6.3498893,7.492436,5.095109
2051-01-12 12:00:00,2.787997,2.607989,6.5374618,5.11134,7.493649,3.8949027
2051-01-13 12:00:00,1.8305511,1.5064591,4.6237044,3.8052986,5.7880816,2.906888
2051-01-14 12:00:00,1.2011516,1.0953263,3.1070418,4.187625,5.0726376,2.1842844
2051-01-15 12:00:00,1.4471083,1.6417193,3.0873828,2.9852793,3.509471,2.52588
2051-01-16 12:00:00,1.8464191,1.818472,2.4320045,2.7916727,3.7849853,1.9116851
2051-01-17 12:00:00,1.8519684,1.753087,3.7939742,2.8599126,2.856289,3.0401666
2051-01-18 12:00:00,2.9985707,2.226378,4.935407,4.4152813,4.5456467,3.057477
2051-01-19 12:00:00,2.5777965,1.9212542,4.825218,5.1456194,5.174387,3.1906536
2051-01-20 12:00:00,1.7658795,1.6676373,5.6148987,4.8105717,5.0684505,3.8618124
2051-01-21 12:00:00,2.437761,2.4423087,6.818464,5.724991,4.9340425,5.418157
2051-01-22 12:00:00,2.437478,2.5518854,4.2771125,7.784923,6.703742,4.115381
2051-01-23 12:00:00,1.5653653,1.5174277,4.3549023,5.5998163,4.8596087,3.394441
2051-01-24 12:00:00,1.6566601,1.4594675,3.571747,4.084969,2.9813395,1.8687894
2051-01-25 12:00:00,1.1905416,0.9468174,2.198874,3.0987875,4.0547824,1.2932936
2051-01-26 12:00:00,1.5461062,1.1029623,4.6552706,3.3385212,5.0273094,2.751471
2051-01-27 12:00:00,2.793326,1.922237,5.148478,2.8880665,4.0822415,2.7614317
2051-01-28 12:00:00,3.0854173,2.329532,3.6819413,2.4224665,5.5633693,2.1414204
2051-01-29 12:00:00,2.0306706,1.5956424,2.5892131,4.0561533,6.4036117,2.6639185
2051-01-30 12:00:00,1.6315439,1.6585963,5.9095936,6.601799,6.6593223,5.1514354
2051-01-31 12:00:00,4.918409,4.3912106,7.911618,6.7470818,6.7992635,5.3351474
2051-02-01 12:00:00,3.9369113,3.5656517,6.1397786,4.912674,6.184109,3.8104556
2051-02-02 12:00:00,2.666056,2.4428692,4.396158,5.488728,6.2874913,3.6168602
2051-02-03 12:00:00,2.824715,2.7103267,4.8400664,6.684756,5.9098744,3.8002439
2051-02-04 12:00:00,3.9681625,3.6408937,7.2702827,5.8679056,6.1026053,5.2136393
2051-02-05 12:00:00,3.5658767,3.142859,5.9336243,5.46472,5.287246,4.3066697
2051-02-06 12:00:00,3.240181,3.0564227,5.956282,5.8942432,5.7264557,4.8418093
2051-02-07 12:00:00,2.332808,2.0367937,3.6227975,6.0264573,5.9470367,2.6980543
2051-02-08 12:00:00,3.0407465,2.8727157,5.9814067,5.1889052,5.185703,4.408954
2051-02-09 12:00:00,2.729147,2.6440403,4.7651477,5.4082108,4.3699374,3.6590111
2051-02-10 12:00:00,2.4554996,2.2517447,5.0187716,5.118177,5.5103607,3.1973581
2051-02-11 12:00:00,3.3206387,2.6038203,5.9067526,4.6653137,6.0568557,3.0973978
2051-02-12 12:00:00,4.7142415,3.7257578,7.449707,6.538299,7.12262,5.154149
2051-02-13 12:00:00,4.5070558,4.0254145,6.4562683,6.564309,6.7752976,4.71568
2051-02-14 12:00:00,3.949426,3.013919,5.7373853,4.836063,7.5991,3.4967103
2051-02-15 12:00:00,2.3762925,2.160324,6.3435197,4.47242,5.732173,4.283427
2051-02-16 12:00:00,2.9854736,2.7002594,6.2587414,4.910691,4.8106027,3.5612123
2051-02-17 12:00:00,2.6238754,2.3517962,4.7384996,4.401982,5.293234,2.160125
2051-02-18 12:00:00,0.79795265,1.2652878,3.407546,3.8527586,4.9486613,2.7303255
2051-02-19 12:00:00,1.5043073,1.9834727,5.2175484,4.593836,4.457355,4.3477063
2051-02-20 12:00:00,2.4036145,2.8270562,5.2478547,5.1247234,6.0119824,4.2558346
2051-02-21 12:00:00,3.5732436,3.3883545,6.121798,5.370986,5.76483,4.6035876
2051-02-22 12:00:00,3.0048587,2.5765247,4.510547,5.403957,5.5045524,3.1323247
2051-02-23 12:00:00,2.2915006,1.9622432,4.181608,6.14695,5.2750015,3.5162127
2051-02-24 12:00:00,3.1633415,2.8196287,5.5320945,5.883367,6.5902534,3.5047443
2051-02-25 12:00:00,1.8324426,1.5841821,4.1038723,3.3418891,6.849181,1.8979518
2051-02-26 12:00:00,1.9718487,1.7786375,2.5020106,2.7868998,6.1524725,1.6188592
2051-02-27 12:00:00,0.83616126,1.021309,3.5668015,4.645228,6.0620255,3.08046
2051-02-28 12:00:00,3.4426484,3.2548015,5.6886334,6.865736,7.8246117,4.1468816
2051-03-01 12:00:00,3.200995,2.6870093,5.070252,6.9182386,7.0202923,4.442053
2051-03-02 12:00:00,1.723985,1.6875786,2.7840235,5.388075,4.8908195,2.3995159
2051-03-03 12:00:00,1.2269351,1.0942286,4.3370814,3.2326357,3.8049765,2.9051077
2051-03-04 12:00:00,0.9345248,1.0009813,4.8629017,3.1070232,2.7125428,3.4119484
2051-03-05 12:00:00,0.9778093,0.9681534,3.7300885,1.9032484,2.3059556,2.211861
2051-03-06 12:00:00,1.3895626,1.1375164,2.4158227,2.2002158,4.0035243,1.259661
2051-03-07 12:00:00,2.5127676,1.8723174,3.2560508,3.0683908,5.84262,1.3786652
2051-03-08 12:00:00,2.0280886,1.4669622,3.5581312,3.293896,4.653087,1.664512
2051-03-09 12:00:00,0.9119502,1.0398782,1.9306201,4.305374,3.133623,1.1692058
2051-03-10 12:00:00,1.1322587,1.4176683,1.8602395,3.401343,4.1695004,1.354742
2051-03-11 12:00:00,2.0570202,1.9584786,2.703671,3.1046765,4.3212605,2.4611356
2051-03-12 12:00:00,1.186532,1.3671602,2.5659606,2.6550286,3.1612191,2.217539
2051-03-13 12:00:00,1.1966612,1.4628197,2.5086615,3.156159,3.0099661,1.5123012
2051-03-14 12:00:00,1.4235104,1.3875889,2.617432,3.187043,2.9486341,1.4762982
2051-03-15 12:00:00,1.1504822,1.465253,2.282168,4.5700216,5.529609,1.4870344
2051-03-16 12:00:00,1.2062104,1.6034462,2.5546205,4.943072,6.119899,1.6022202
2051-03-17 12:00:00,1.4612169,1.7925454,2.6851401,3.546832,6.0445404,1.3894919
2051-03-18 12:00:00,1.1261697,1.0723382,1.9666824,2.5943656,4.478891,1.3356264
2051-03-19 12:00:00,2.043845,1.4376045,2.8913953,4.916807,6.200335,2.8511095
2051-03-20 12:00:00,2.0592375,1.7457535,5.143313,3.8773317,5.6665163,3.929906
2051-03-21 12:00:00,2.4883347,2.7996116,6.1454873,4.9546328,3.4327092,4.6446924
2051-03-22 12:00:00,2.2332954,2.1265695,2.6965272,2.8687248,3.3870285,1.5929193
2051-03-23 12:00:00,2.4563951,2.057662,3.2980335,3.4389217,4.113615,1.7818432
2051-03-24 12:00:00,2.0489028,1.6874316,4.143299,4.439464,5.2114925,2.6487877
2051-03-25 12:00:00,3.4566848,2.614627,5.1393805,5.3716564,4.8725295,3.4440222
2051-03-26 12:00:00,3.8679345,3.101152,6.5608735,5.521343,6.3624005,3.832031
2051-03-27 12:00:00,3.10706,2.7444692,6.167346,4.727903,7.054277,3.48529
2051-03-28 12:00:00,3.187209,2.3372483,4.435786,3.4195812,4.377517,1.9077055
2051-03-29 12:00:00,2.1286721,1.7922821,4.3537893,2.9184325,3.362652,2.9314077
2051-03-30 12:00:00,2.398038,1.8588945,2.481404,3.0409737,1.990281,1.5478659
2051-03-31 12:00:00,2.346972,1.7337409,3.412376,3.4050071,3.186246,2.1064053
2051-04-01 12:00:00,4.2937827,3.3252263,3.881875,2.1932979,2.8876476,2.679641
2051-04-02 12:00:00,1.4855409,1.3632258,2.6002274,2.5457184,2.9319813,2.1025338
2051-04-03 12:00:00,1.6383591,1.3671821,3.728522,2.7177415,3.486589,2.3811066
2051-04-04 12:00:00,2.1934142,1.9696672,3.268004,2.4676042,3.3940628,2.4222918
2051-04-05 12:00:00,1.5982516,1.2485769,3.5009592,2.5288563,3.756753,2.22046
2051-04-06 12:00:00,2.503625,2.1232018,4.4317603,3.2987056,3.1112347,3.0837016
2051-04-07 12:00:00,3.6712842,3.354146,6.318442,3.9292808,3.3199086,3.372913
2051-04-08 12:00:00,2.677021,2.2169888,3.4374955,4.7197347,3.4253182,2.2439005
2051-04-09 12:00:00,1.3274931,1.189068,2.4461434,3.3934617,3.4701757,2.662679
2051-04-10 12:00:00,2.3421085,1.9567362,2.4363055,2.672859,3.1244478,1.9281619
2051-04-11 12:00:00,2.6124191,1.861648,2.897075,3.157339,3.8387053,1.8145372
2051-04-12 12:00:00,2.2275038,1.60148,3.240907,1.8695892,3.9395745,1.6875424
2051-04-13 12:00:00,1.333321,1.3916253,3.1641893,3.7254212,5.136033,2.713229
2051-04-14 12:00:00,4.151145,3.105276,5.0685086,3.8860612,7.5222235,4.0032396
2051-04-15 12:00:00,2.244444,2.1675205,3.6866333,5.7823195,6.4157615,3.0519726
2051-04-16 12:00:00,3.1993203,2.9408648,6.264701,6.487221,4.0453534,4.802474
2051-04-17 12:00:00,4.6058826,4.0009675,6.018127,5.426195,4.9053416,3.7447054
2051-04-18 12:00:00,1.795306,1.6327434,3.1904554,3.3763115,4.473356,2.857593
2051-04-19 12:00:00,2.2727551,1.9740623,3.7759645,5.6167316,3.7065828,3.8204217
2051-04-20 12:00:00,1.6210828,1.2086989,2.866819,4.235431,4.922011,2.072761
2051-04-21 12:00:00,1.0851785,1.0909656,3.1356816,2.3230748,4.4963193,1.733718
2051-04-22 12:00:00,1.637155,1.4799973,3.7653012,2.702857,2.9068165,1.9169493
2051-04-23 12:00:00,1.2325335,1.1372648,2.9016352,1.8506829,3.3930573,1.5151414
2051-04-24 12:00:00,1.7394513,1.5724064,2.292078,1.6912209,2.597363,1.3786654
2051-04-25 12:00:00,1.6357616,1.7453067,2.5437057,2.122365,3.7941802,1.6556547
2051-04-26 12:00:00,1.6948347,1.5980315,2.577852,3.6646292,3.8748524,2.2597682
2051-04-27 12:00:00,1.6044897,1.4835082,2.3181062,2.8297572,3.5981574,2.6374943
2051-04-28 12:00:00,1.4520311,1.3241826,2.3838356,2.988442,2.9482274,2.41966
2051-04-29 12:00:00,2.6704283,2.6176264,3.6449468,4.5912004,3.4785361,3.3302224
2051-04-30 12:00:00,3.604372,3.05042,4.2417593,2.9728808,2.4586751,2.8044138
2051-05-01 12:00:00,2.2025666,1.7090147,3.426824,2.7143362,3.0481312,2.1933053
2051-05-02 12:00:00,2.016674,1.8151414,3.1662252,3.0515068,3.604107,2.8803916
2051-05-03 12:00:00,1.3425473,1.402461,3.1570854,2.5471456,2.6396496,1.9487965
2051-05-04 12:00:00,1.6501234,1.4990367,3.6745567,3.9396064,4.4470596,2.4956877
2051-05-05 12:00:00,2.2877257,2.253894,4.966016,4.747548,5.260468,3.8088543
2051-05-06 12:00:00,3.613689,3.131541,4.034135,4.2731347,4.2095942,3.5546746
2051-05-07 12:00:00,2.9585736,2.6440136,3.3208902,3.3133855,3.6054661,2.7951407
2051-05-08 12:00:00,1.6410761,1.8327838,2.8218193,3.4219794,3.877311,1.8331568
2051-05-09 12:00:00,1.5349023,1.7809091,3.6233313,3.0561798,6.362469,2.4435387
2051-05-10 12:00:00,3.0297334,2.6495397,3.278055,2.5426884,5.639765,2.2572742
2051-05-11 12:00:00,2.2826204,1.8217945,2.8130286,2.5304606,3.8002222,1.6731992
2051-05-12 12:00:00,2.0198035,1.8805116,2.3617954,3.3316407,3.4172354,1.6602987
2051-05-13 12:00:00,1.3308208,1.5218872,3.145977,3.5712051,4.679621,1.5947949
2051-05-14 12:00:00,2.6415522,2.4824684,4.747218,3.7476213,6.1751895,2.2244525
2051-05-15 12:00:00,2.9319954,2.588146,2.3213027,4.4243817,6.0298424,1.6980009
2051-05-16 12:00:00,3.53969,2.9299161,3.145113,4.158718,4.2057815,1.8904921
2051-05-17 12:00:00,2.066221,1.9603288,3.9746215,2.9211028,2.8177748,2.0317254
2051-05-18 12:00:00,1.458271,1.5330262,4.7371445,2.2445729,3.5962174,2.3212857
2051-05-19 12:00:00,1.8843367,1.733715,3.1649766,2.6682417,4.5845504,2.2193842
2051-05-20 12:00:00,1.5622584,1.3020022,2.277135,2.8187757,3.6831577,1.5282793
2051-05-21 12:00:00,1.4309227,1.2609439,2.7869303,2.8021913,3.434674,1.9415141
2051-05-22 12:00:00,1.4476614,1.3342353,2.1518555,2.6606572,3.261234,1.7258971
2051-05-23 12:00:00,2.0116715,1.7387635,3.0400755,3.3149903,3.374587,2.1341872
2051-05-24 12:00:00,2.4369912,2.1278915,3.2453387,3.311399,2.872104,2.0443218
2051-05-25 12:00:00,1.4280088,1.252303,2.2581856,2.8150182,2.5922956,1.1629667
2051-05-26 12:00:00,1.6516451,1.3195096,2.5303483,1.7387949,2.0348558,1.2470036
2051-05-27 12:00:00,2.414833,1.8200508,2.8946953,1.844793,2.6223826,1.8539695
2051-05-28 12:00:00,1.370816,1.3557833,2.0950165,2.5066054,5.3256187,1.3197651
2051-05-29 12:00:00,1.7954772,1.6048707,2.1544015,2.7825608,4.476332,1.9087788
2051-05-30 12:00:00,2.143569,1.952249,2.2017722,3.223228,3.2388759,1.442046
2051-05-31 12:00:00,1.751302,1.5736399,2.163459,3.4593737,4.5461454,1.3895446
2051-06-01 12:00:00,1.307724,1.3279009,2.1489062,4.7310786,5.0938873,1.5725191
2051-06-02 12:00:00,1.5496002,1.4145838,2.4465652,5.3730154,5.556609,1.8943411
2051-06-03 12:00:00,2.3572147,1.7356824,2.6378982,5.3342385,5.155408,1.5022076
2051-06-04 12:00:00,2.6193433,2.3501987,3.75211,5.6346974,4.0923285,1.998802
2051-06-05 12:00:00,2.099582,2.2864926,3.8655589,4.2569466,4.0375977,1.8032713
2051-06-06 12:00:00,1.3863713,1.5505226,2.9336953,3.0619123,3.5194225,1.3756225
2051-06-07 12:00:00,1.033432,1.1338162,3.7249763,2.70046,3.2321188,1.5349842
2051-06-08 12:00:00,1.2613617,1.0814075,2.3855727,2.5274572,2.5378902,1.3321359
2051-06-09 12:00:00,0.9378647,0.8425684,2.5466206,2.7777991,2.9997873,1.1734089
2051-06-10 12:00:00,0.8950999,1.2977164,2.8844483,3.631508,3.7522945,1.6081781
2051-06-11 12:00:00,1.5902965,1.4149055,3.1731524,2.4924521,3.409962,1.4547895
2051-06-12 12:00:00,3.3600922,2.464305,4.2660375,4.7428913,3.3601565,2.302172
2051-06-13 12:00:00,2.25877,2.1265109,4.638866,4.200258,5.027535,3.1866217
2051-06-14 12:00:00,2.2540417,1.7238711,3.1992831,2.4735026,4.9775863,2.2400165
2051-06-15 12:00:00,3.0024362,2.4526486,4.1347723,3.868114,3.5353396,1.8680347
2051-06-16 12:00:00,2.9006424,2.751791,4.206355,4.970768,3.6276906,2.985333
2051-06-17 12:00:00,2.1283648,1.7918668,3.2235525,3.4523077,3.6899016,2.67497
2051-06-18 12:00:00,2.2974863,1.9562352,2.8036087,3.3259318,4.063697,2.8565638
2051-06-19 12:00:00,3.2300038,2.3177898,4.87273,2.7661552,3.7248979,2.6072853
2051-06-20 12:00:00,2.446218,2.1808252,5.077322,3.591907,5.141075,3.2081907
2051-06-21 12:00:00,2.1730318,1.877202,2.7893353,2.7050679,5.0193624,1.3952198
2051-06-22 12:00:00,1.3072886,1.6309954,3.249801,2.5156593,3.6622536,2.0917985
2051-06-23 12:00:00,1.5090067,1.3055824,3.703597,1.8335925,2.3964832,2.5270388
2051-06-24 12:00:00,1.8190179,1.3792976,3.677663,1.7831,3.556688,2.435009
2051-06-25 12:00:00,2.128685,1.6929126,4.7054815,2.8174982,4.2259088,3.2329965
2051-06-26 12:00:00,2.4227939,2.2371252,3.9570224,4.378431,4.363031,2.1278646
2051-06-27 12:00:00,3.3598113,2.8792431,4.917005,3.5150552,5.73801,3.406773
2051-06-28 12:00:00,3.7044878,3.1446476,4.4683914,4.225746,3.4489193,2.7211282
2051-06-29 12:00:00,2.6756802,2.2151566,3.049562,3.9984396,5.360816,2.3519545
2051-06-30 12:00:00,1.1340553,1.1378771,2.451764,3.4774446,4.5806828,1.607258
2051-07-01 12:00:00,3.6046262,3.648957,3.3399465,6.280686,3.327741,3.070268
2051-07-02 12:00:00,2.4454808,2.4786112,5.422005,7.2278943,5.3988175,4.5820117
2051-07-03 12:00:00,1.6083211,1.5707275,5.6857886,4.4356375,4.59347,3.9205039
2051-07-04 12:00:00,2.1410007,2.62326,3.5088217,3.2277126,4.3024707,1.8218808
2051-07-05 12:00:00,1.7598046,1.8096976,2.8855116,3.0793152,5.403903,1.5318063
2051-07-06 12:00:00,2.1035953,1.8340098,3.4501967,2.8126712,5.002228,1.7899104
2051-07-07 12:00:00,3.1030064,2.3478737,4.1575565,2.7115676,3.2129874,1.542486
2051-07-08 12:00:00,0.91410947,1.0807797,3.14754,2.143972,2.4566724,1.3560767
2051-07-09 12:00:00,1.6525807,1.5866644,2.4460695,2.5049136,5.780471,1.6111258
2051-07-10 12:00:00,1.4044883,1.2063756,2.252899,2.855074,4.8677373,1.1487885
2051-07-11 12:00:00,1.0093579,0.85824454,2.6651287,2.004423,3.561347,1.480762
2051-07-12 12:00:00,0.89442074,1.1400434,2.9148722,1.9074637,2.4385378,1.4852008
2051-07-13 12:00:00,1.0655956,1.2602524,2.9790494,2.4742386,2.1067767,1.3698941
2051-07-14 12:00:00,1.4231567,1.2574356,2.9404638,2.0020862,2.0722156,1.7167708
2051-07-15 12:00:00,2.5639532,2.3471663,4.0230927,3.8051229,3.5679145,2.876727
2051-07-16 12:00:00,2.5131235,2.5486844,4.2729506,5.2344055,3.877429,3.03326
2051-07-17 12:00:00,2.3166072,2.1706429,2.9621599,5.998778,3.9803007,2.0035958
2051-07-18 12:00:00,1.5411198,1.6466591,3.3552444,4.387683,5.6014338,1.8130845
2051-07-19 12:00:00,2.0088212,2.026356,3.4418452,3.5001254,5.1172442,1.9140987
2051-07-20 12:00:00,2.411309,2.213542,3.6927755,3.105006,3.9605021,2.4968255
2051-07-21 12:00:00,1.6494427,1.6392137,3.7303922,3.7725363,3.8599863,2.2438226
2051-07-22 12:00:00,1.9006147,1.9104347,3.2569058,3.2540405,3.2012377,2.0735462
2051-07-23 12:00:00,1.8404602,1.5610412,3.7381604,2.8331273,2.9646454,2.2038326
2051-07-24 12:00:00,2.4127855,2.0017202,3.9493966,2.444597,3.070636,2.0383403
2051-07-25 12:00:00,1.6849732,1.2290874,2.9037278,2.0155723,1.9660709,2.0689976
2051-07-26 12:00:00,1.377284,1.1646894,3.100756,1.8820306,1.5253775,1.3137815
2051-07-27 12:00:00,2.10454,1.7915386,3.7944443,3.6130764,2.2993398,2.22264
2051-07-28 12:00:00,2.345757,2.267791,3.6853292,2.5164309,2.9841442,1.7216648
2051-07-29 12:00:00,1.5314784,1.3315399,2.8795068,2.4133952,3.0546086,1.8200402
2051-07-30 12:00:00,0.9250262,1.127528,3.284756,3.2791855,4.0446596,2.2370725
2051-07-31 12:00:00,2.5641112,2.5846176,4.620364,4.75904,4.69955,2.9693346
2051-08-01 12:00:00,2.4094753,2.5720193,4.4736595,4.475877,3.3068163,2.938845
2051-08-02 12:00:00,2.0407195,2.1486511,3.4304378,2.9237466,2.7516997,1.780905
2051-08-03 12:00:00,1.7897859,1.6479639,2.478226,2.2089531,3.4751298,1.3589312
2051-08-04 12:00:00,1.2250366,1.1449717,2.5631242,2.2143226,2.5303288,1.3659031
2051-08-05 12:00:00,1.4922965,1.3842841,2.6466403,2.6746907,2.1485267,2.0155427
2051-08-06 12:00:00,1.7029109,1.7590244,3.606487,2.8086538,2.5543034,1.8803893
2051-08-07 12:00:00,2.7404444,2.4211953,3.0247548,3.1165025,3.4230886,1.9236189
2051-08-08 12:00:00,2.9950926,2.3809438,3.0520835,2.6191015,3.470083,1.7595114
2051-08-09 12:00:00,1.325044,1.1900245,2.772487,3.2701979,2.9857237,1.8475676
2051-08-10 12:00:00,1.3132607,1.2265071,2.605179,2.4114354,2.5830944,1.7403927
2051-08-11 12:00:00,1.2058911,1.6129173,3.6278577,3.909347,2.589864,2.7839918
2051-08-12 12:00:00,1.4829726,1.5528337,3.0300694,3.7053323,2.7756314,2.1146355
2051-08-13 12:00:00,1.3092024,1.2108054,2.356034,3.5251153,2.4846268,1.6366367
2051-08-14 12:00:00,1.3800132,1.4725528,2.0332022,2.8331935,2.2118323,1.641972
2051-08-15 12:00:00,2.4664073,2.4150407,4.5495,3.3055499,2.3231702,2.5056152
2051-08-16 12:00:00,3.4632628,3.4566762,4.4374895,4.584819,4.442362,2.8491883
2051-08-17 12:00:00,2.0514588,2.03024,3.8432586,3.7799048,4.8585205,3.5721164
2051-08-18 12:00:00,1.3426399,1.3209801,2.812533,2.3561995,3.4336796,1.6781065
2051-08-19 12:00:00,1.1586887,1.1599932,2.0337582,2.19543,3.3372533,1.2009151
2051-08-20 12:00:00,1.7633142,1.4661701,3.5960913,2.3277645,3.787154,2.3234682
2051-08-21 12:00:00,3.5298085,3.2775147,5.007645,2.9951558,3.725588,2.71935
2051-08-22 12:00:00,3.109741,2.8133016,2.575217,4.015817,3.3212254,1.8612088
2051-08-23 12:00:00,2.4418502,2.1040823,2.951826,3.3833447,3.2654486,2.0209367
2051-08-24 12:00:00,0.8364732,0.9539785,3.1156576,2.0530994,3.4102392,1.6240197
2051-08-25 12:00:00,1.7780695,1.4922469,3.0703042,2.226243,3.1087103,2.3064244
2051-08-26 12:00:00,2.6301355,2.196537,2.9743698,2.9532955,2.4426718,2.227749
2051-08-27 12:00:00,2.2967882,1.8447298,2.458915,2.9748514,2.3613398,1.4963317
2051-08-28 12:00:00,1.664392,1.5393304,2.7610762,3.0499067,2.8208861,2.0754576
2051-08-29 12:00:00,1.5718095,1.3742633,2.5646722,2.5666833,2.9131653,1.7010574
2051-08-30 12:00:00,1.1969368,1.0631721,3.125559,2.1640995,2.4540644,2.0550053
2051-08-31 12:00:00,2.1142566,2.197792,4.7400265,2.8369913,2.7878516,2.2814858
2051-09-01 12:00:00,2.3772962,2.1489365,2.0067794,2.981417,3.7634337,1.5565563
2051-09-02 12:00:00,1.8321348,1.9430344,2.9679348,5.056477,4.1080494,3.345159
2051-09-03 12:00:00,1.6185555,1.358553,3.2237709,4.385809,2.7194314,2.5130231
2051-09-04 12:00:00,2.1260808,1.5930377,3.8679616,2.1388674,4.098008,1.6085688
2051-09-05 12:00:00,1.6919813,1.2326299,3.6993093,1.9964552,3.8559844,1.8507367
2051-09-06 12:00:00,3.4779673,2.5262017,4.8458285,3.936527,3.7672799,3.2258902
2051-09-07 12:00:00,3.5087361,3.0183864,4.5973434,6.6781955,4.517897,4.172399
2051-09-08 12:00:00,2.9634776,2.3691504,2.6802855,4.30857,4.3596745,2.7410924
2051-09-09 12:00:00,1.7928247,1.6831552,2.8762217,3.4667587,3.9409418,2.712022
2051-09-10 12:00:00,1.3600564,1.0666559,1.6035863,2.458069,2.9617054,1.2120116
2051-09-11 12:00:00,1.4468637,1.1506696,1.8079485,1.6402029,3.2917738,1.2133805
2051-09-12 12:00:00,1.8519921,1.4596237,2.274526,2.5990834,4.4449043,1.7071154
2051-09-13 12:00:00,1.1419649,1.1303711,2.1326358,3.1752992,3.8704035,1.405564
2051-09-14 12:00:00,1.3171784,1.2407933,3.2852528,2.8832097,2.8236983,2.4286032
2051-09-15 12:00:00,3.1470802,2.945052,4.4547377,6.626679,5.844929,4.0578427
2051-09-16 12:00:00,2.6735046,2.5221245,4.3196764,7.2325788,7.883935,4.152731
2051-09-17 12:00:00,3.4547546,3.2515523,4.346361,6.617201,5.6158795,4.098425
2051-09-18 12:00:00,1.7748679,1.842328,2.7663107,5.14989,6.722114,2.4529798
2051-09-19 12:00:00,2.9313443,2.6957986,4.700039,4.5111866,4.876342,3.4132853
2051-09-20 12:00:00,1.8576412,2.3780534,4.537021,4.2763834,5.2172637,3.436222
2051-09-21 12:00:00,3.3222432,2.7762413,5.068668,3.6658256,5.1233435,2.5765226
2051-09-22 12:00:00,4.8312182,4.1682334,3.985753,5.42981,4.102288,2.911435
2051-09-23 12:00:00,3.8263583,3.176978,3.958838,4.3886085,4.219195,2.1663396
2051-09-24 12:00:00,2.425927,2.1527572,3.1294074,4.114405,5.0357375,1.9775836
2051-09-25 12:00:00,1.2771194,1.3668045,3.0293539,3.498253,4.7790885,2.0304835
2051-09-26 12:00:00,1.7230005,1.6034974,4.4015074,3.0210502,3.318455,2.6781538
2051-09-27 12:00:00,1.7985061,1.7359304,4.5027266,4.414273,3.775047,3.5541108
2051-09-28 12:00:00,1.8980027,1.5079219,3.2331278,2.6666453,3.449156,2.4934313
2051-09-29 12:00:00,1.403861,1.7092963,2.36769,3.7525403,3.0990813,2.0651956
2051-09-30 12:00:00,2.2449903,1.7796407,3.4167938,3.83604,3.1607244,2.301432
2051-10-01 12:00:00,2.5231938,1.9304112,2.7083232,3.176403,2.5713112,2.4271505
2051-10-02 12:00:00,2.6571546,2.0466404,2.6004183,2.5246012,1.9602131,1.475688
2051-10-03 12:00:00,2.6626573,1.9694542,2.661923,2.6381807,2.4208114,1.4803361
2051-10-04 12:00:00,2.9150875,2.0714817,3.7199323,2.306901,3.5759025,1.8802297
2051-10-05 12:00:00,3.496529,2.5392704,4.15227,2.7995853,2.695115,1.8627324
2051-10-06 12:00:00,3.368562,2.4834762,4.1082087,3.3849554,2.7152426,1.9695266
2051-10-07 12:00:00,3.5484095,2.551277,4.562139,2.712492,3.9092424,2.02544
2051-10-08 12:00:00,3.1656516,2.2419536,3.9522145,2.1158571,2.6533952,1.6934447
2051-10-09 12:00:00,1.6225972,1.1933546,2.591958,1.5288075,1.8907579,1.1549944
2051-10-10 12:00:00,1.8017104,1.2024024,2.5738683,1.5761205,2.3114333,1.1430446
2051-10-11 12:00:00,2.2286787,1.7446519,2.7937868,2.547496,2.6678824,1.5739797
2051-10-12 12:00:00,2.0334735,1.9245739,1.9711611,2.4048536,2.807611,1.4655306
2051-10-13 12:00:00,0.7720338,0.8369579,3.7740736,1.991602,1.963222,2.1166115
2051-10-14 12:00:00,1.0060415,1.1322814,4.8187914,2.916865,3.1265843,3.104786
2051-10-15 12:00:00,1.9334342,1.5662153,3.263569,2.7414963,2.4423008,2.8054237
2051-10-16 12:00:00,1.6851385,1.1380285,1.9262635,3.4152117,2.7800596,1.528242
2051-10-17 12:00:00,1.6984801,1.4055722,1.9739823,3.1165378,2.5280352,1.2174836
2051-10-18 12:00:00,1.5796275,1.1740751,3.6120498,2.2781463,3.476261,2.1082158
2051-10-19 12:00:00,1.5269423,1.6284219,5.0896654,3.9786034,4.569987,3.6726255
2051-10-20 12:00:00,3.8324118,3.431077,8.048768,6.9395294,6.344611,5.935003
2051-10-21 12:00:00,5.258185,4.491528,7.2853327,6.574448,8.260672,5.8958135
2051-10-22 12:00:00,4.018888,3.2879152,4.808085,5.61781,7.8662715,4.582389
2051-10-23 12:00:00,2.8527927,2.1081192,4.082437,4.873706,5.4202795,4.0977063
2051-10-24 12:00:00,1.2519419,1.1118144,3.5593765,4.249115,6.774149,3.0488024
2051-10-25 12:00:00,1.2417337,1.1954165,4.5546346,3.033821,6.516552,2.0919893
2051-10-26 12:00:00,1.487925,1.8200245,5.7657237,5.2976956,5.24926,3.9120882
2051-10-27 12:00:00,1.3361795,1.2650743,4.6605783,3.055291,5.686049,2.1286654
2051-10-28 12:00:00,1.702352,1.3476403,5.1009636,2.3713,3.9461007,2.1163228
2051-10-29 12:00:00,2.2962112,1.5431256,5.371247,2.5400512,2.6635277,2.2438924
2051-10-30 12:00:00,2.3412952,1.6975348,5.1096663,2.9160323,4.8339534,2.15261
2051-10-31 12:00:00,2.3112912,1.5927306,4.8854713,2.175978,5.1425443,1.8818781
2051-11-01 12:00:00,1.6668576,1.2540851,4.0758896,1.6961769,5.961885,1.657442
2051-11-02 12:00:00,0.8500568,1.1175225,2.884526,2.2304301,6.055027,1.6050647
2051-11-03 12:00:00,0.8498968,0.8594531,2.922393,2.2970304,3.9018793,1.3525662
2051-11-04 12:00:00,0.85594654,0.7813679,1.811847,1.8482846,2.978697,1.0155176
2051-11-05 12:00:00,1.2076104,1.1542865,1.7889397,2.2686977,2.9483037,1.1098679
2051-11-06 12:00:00,0.8962351,1.1455027,4.032436,3.375823,3.618603,2.2301893
2051-11-07 12:00:00,2.0153403,1.8088565,4.926461,4.9843373,5.3058853,3.4071815
2051-11-08 12:00:00,1.626142,1.6399256,3.9595573,4.8956223,7.152007,2.6314588
2051-11-09 12:00:00,1.52516,1.3286629,2.8663523,2.7228277,6.4109144,1.9724425
2051-11-10 12:00:00,1.7336489,1.7639208,3.6158564,3.0260117,4.372793,1.5150356
2051-11-11 12:00:00,2.220685,2.2565367,4.6867137,3.6138544,3.9379828,2.757386
2051-11-12 12:00:00,2.578813,1.8081255,4.3773427,2.826025,3.539478,2.7433136
2051-11-13 12:00:00,1.0293593,0.9867304,2.5208476,2.8217769,3.3388073,1.5193897
2051-11-14 12:00:00,1.3775687,1.1863904,3.4355378,2.8356783,2.7926583,2.2071736
2051-11-15 12:00:00,1.3053079,1.3381774,2.3488917,2.0480664,2.390117,1.8380983
2051-11-16 12:00:00,1.3296301,1.6479777,2.2639673,3.3548937,2.729547,2.0468726
2051-11-17 12:00:00,1.8878591,2.0001004,2.1141915,2.0309606,2.3935916,1.6843667
2051-11-18 12:00:00,1.7477131,1.5688506,2.8695493,3.50069,3.0430675,2.6166735
2051-11-19 12:00:00,0.87439716,1.3492008,5.615521,5.584392,4.9262977,4.6298313
2051-11-20 12:00:00,2.3774743,2.3435333,5.063757,4.637064,4.433695,3.689857
2051-11-21 12:00:00,2.2984483,2.3707278,4.457986,4.13855,4.0468416,2.9953525
2051-11-22 12:00:00,1.8814225,1.4651248,4.66878,3.5747426,3.6548018,3.0662284
2051-11-23 12:00:00,2.0126307,1.5866396,3.3269095,3.1471446,3.4232926,2.1017115
2051-11-24 12:00:00,0.9963082,1.241059,2.459648,3.2540133,3.3253691,2.2520134
2051-11-25 12:00:00,0.87820494,1.0416471,2.4346309,3.4512415,3.9460273,1.7877783
2051-11-26 12:00:00,0.9979081,1.1897188,1.8365399,2.5018964,4.8109007,1.4422141
2051-11-27 12:00:00,0.83637464,1.1460907,1.8647548,3.432984,4.4824905,1.4724216
2051-11-28 12:00:00,1.0357529,1.0963428,2.6573677,3.8585825,4.768724,1.9756896
2051-11-29 12:00:00,0.7648838,1.0046806,1.986659,3.5076182,4.966333,1.5451808
2051-11-30 12:00:00,1.0661776,1.245906,2.2624202,2.8810067,2.5269682,1.8616666
2051-12-01 12:00:00,2.6591945,2.0166051,4.418597,2.7859242,2.8660982,2.2990465
2051-12-02 12:00:00,2.541491,1.7506812,6.059144,3.6237307,3.0373428,3.0452862
2051-12-03 12:00:00,2.701212,2.1222625,6.852422,3.8332555,3.0855606,3.389388
2051-12-04 12:00:00,3.3397431,2.7085025,5.807173,4.36763,3.5349295,3.0495644
2051-12-05 12:00:00,1.3682069,1.434415,3.4188426,4.3358817,3.9470184,2.3583906
2051-12-06 12:00:00,1.0532894,1.1211848,3.6482964,3.2442875,3.2528899,3.0717008
2051-12-07 12:00:00,1.0449618,1.2301337,3.0736284,4.1128354,2.7145004,2.9580755
2051-12-08 12:00:00,2.7766922,2.6533158,3.492553,3.822942,2.714309,2.4118845
2051-12-09 12:00:00,0.7635491,1.1051208,3.5653205,4.1649494,4.3990703,2.8577893
2051-12-10 12:00:00,0.89150035,0.9713536,5.297949,3.5929492,3.9645786,3.2627652
2051-12-11 12:00:00,1.0990041,1.4058243,6.056574,3.7747502,5.3654923,3.7904406
2051-12-12 12:00:00,0.89731896,1.0344045,4.268293,3.4166708,6.5090394,2.9142315
2051-12-13 12:00:00,0.8798459,0.97025317,3.9522035,4.494431,6.793055,3.1240866
2051-12-14 12:00:00,0.55580676,0.98019356,3.5033278,5.339476,6.731822,3.381745
2051-12-15 12:00:00,0.7216485,1.1243417,2.6609275,4.8455276,7.1094146,2.4939554
2051-12-16 12:00:00,0.75227416,1.0911186,2.4224775,3.1556087,5.9923363,2.2921848
2051-12-17 12:00:00,1.3416766,1.3225261,2.4373202,3.1178958,6.3292193,1.8379439
2051-12-18 12:00:00,2.8857625,2.7591553,5.2707953,6.2407656,7.867469,4.1584725
2051-12-19 12:00:00,2.9979763,2.7759068,5.0400763,5.344385,6.95957,3.3149939
2051-12-20 12:00:00,2.659468,2.032314,5.833081,5.6643815,3.3243058,4.1418414
2051-12-21 12:00:00,2.4507203,2.638639,6.890117,6.205637,3.912913,5.052846
2051-12-22 12:00:00,2.7174385,3.4493997,5.8306837,6.934832,6.0525184,4.3138843
2051-12-23 12:00:00,1.7710688,2.2207754,3.373384,3.775821,4.783725,2.2045376
2051-12-24 12:00:00,1.5093446,1.46437,3.2356977,2.1321137,3.621779,2.4448142
2051-12-25 12:00:00,1.3700751,1.3622072,2.8312268,1.656958,3.5256257,1.9007574
2051-12-26 12:00:00,1.073551,1.2369441,2.4933488,1.6419985,2.97776,1.7396907
2051-12-27 12:00:00,1.258425,1.4074981,2.4300237,1.807607,2.8960276,1.8518134
2051-12-28 12:00:00,1.27275,1.4564482,2.525022,3.458599,3.0067856,2.2609637
2051-12-29 12:00:00,1.0991992,1.5949928,4.304197,5.7509975,3.248984,3.1371863
2051-12-30 12:00:00,1.2858167,1.6991587,3.3042424,3.9117932,3.072205,2.174481
2051-12-31 12:00:00,1.0868843,1.3105931,4.992483,5.3978853,4.3527656,4.443606
2052-01-01 12:00:00,2.356391,2.156094,4.857333,7.112557,7.7370214,3.8670847
2052-01-02 12:00:00,1.5439079,1.5576472,3.6610987,6.441038,7.6191616,3.5947313
2052-01-03 12:00:00,1.73939,1.4961865,4.1043267,3.530013,7.288174,2.5953922
2052-01-04 12:00:00,1.6744943,1.4109449,3.422826,3.705065,5.4730372,2.4777093
2052-01-05 12:00:00,2.3213992,2.0516927,5.4615846,4.5561132,3.381775,4.581893
2052-01-06 12:00:00,2.0167289,1.8618456,3.1163602,3.819329,2.9179084,2.8671331
2052-01-07 12:00:00,1.2404814,1.1247782,3.7955375,2.2787337,2.746825,2.3732204
2052-01-08 12:00:00,1.6833919,1.3960861,5.2535925,3.3329413,3.1710796,3.249129
2052-01-09 12:00:00,1.5570534,1.3840548,3.8361044,2.9472046,3.3043249,2.417707
2052-01-10 12:00:00,1.1920671,1.0349088,4.0197535,2.941042,3.0475953,2.3481233
2052-01-11 12:00:00,1.955523,1.4411725,3.4255636,3.6446817,3.5707498,2.3603828
2052-01-12 12:00:00,2.1046672,1.960397,4.579685,4.883703,4.556459,3.1595898
2052-01-13 12:00:00,1.5610048,1.3861622,5.157727,4.280949,4.4183097,3.2967691
2052-01-14 12:00:00,2.3286586,1.7526398,3.912881,4.2336273,4.3749027,2.2086072
2052-01-15 12:00:00,1.1439966,1.2761701,3.138402,3.2258902,4.258826,1.7483978
2052-01-16 12:00:00,0.8338356,1.0089214,2.4499447,4.2486744,4.4090652,2.095366
2052-01-17 12:00:00,1.0993152,1.0999727,2.8615034,4.3308563,4.902878,2.37662
2052-01-18 12:00:00,1.7101407,1.8670566,4.891022,5.879202,6.193865,3.8961272
2052-01-19 12:00:00,2.1712577,1.8320644,5.175147,5.720002,5.5703945,4.161788
2052-01-20 12:00:00,1.8260609,1.8849529,5.9004097,6.589185,3.8403149,4.208384
2052-01-21 12:00:00,1.416403,1.7438592,3.309763,4.2965956,3.2159204,2.9990664
2052-01-22 12:00:00,1.6397159,1.8393967,4.903546,6.3407173,5.525194,3.9774995
2052-01-23 12:00:00,2.0294478,2.1390653,3.5918021,7.112261,7.5367813,3.325682
2052-01-24 12:00:00,1.2865222,1.5627466,3.102286,7.6752176,10.189481,3.5832586
2052-01-25 12:00:00,0.90895134,1.3341149,3.2110915,7.334158,9.983018,4.0537415
2052-01-26 12:00:00,1.5617329,1.6942782,3.9113498,7.009519,7.8930373,4.673318
2052-01-27 12:00:00,3.583591,2.8103623,6.022014,7.223791,6.59575,6.0774317
2052-01-28 12:00:00,4.281405,3.272719,5.738756,6.0493283,5.6920524,4.4883304
2052-01-29 12:00:00,1.4260628,1.3758451,3.300471,5.578558,6.6543055,2.8200228
2052-01-30 12:00:00,3.0963821,2.9144747,6.4040346,6.645103,6.004771,5.5890746
2052-01-31 12:00:00,3.513849,3.110242,5.7594657,6.937087,7.1577883,5.031373
2052-02-01 12:00:00,3.6038961,2.7788615,6.8466773,7.0334487,5.2145996,4.839489
2052-02-02 12:00:00,1.959201,1.7778789,4.0382752,6.0567794,5.1676335,3.4291172
2052-02-03 12:00:00,3.6219327,2.6113825,5.4142313,6.5195556,6.888287,3.5963533
2052-02-04 12:00:00,3.792172,3.0319183,6.9775906,8.235085,6.202028,5.092474
2052-02-05 12:00:00,5.190238,4.143015,7.5752773,6.672657,7.4216046,5.1448674
2052-02-06 12:00:00,4.3266325,3.3808963,5.7109895,6.2465467,6.4916673,4.227819
2052-02-07 12:00:00,2.9975696,2.647791,6.0113473,6.1443944,7.3567224,4.840789
2052-02-08 12:00:00,3.2761788,2.9589484,4.3840275,4.885019,5.710534,3.8404293
2052-02-09 12:00:00,1.4790773,1.3716607,3.5329347,5.30523,7.1221704,3.2962294
2052-02-10 12:00:00,3.776589,3.0886474,7.6991196,6.1798673,5.1026487,4.922662
2052-02-11 12:00:00,2.2974758,1.9264419,6.476214,5.073976,3.8874536,3.8793678
2052-02-12 12:00:00,1.6351352,1.4848063,6.160309,4.426549,5.427174,2.846226
2052-02-13 12:00:00,2.6913085,2.5545766,5.7329254,5.551147,3.4480793,3.656025
2052-02-14 12:00:00,1.6439533,1.3677433,5.357903,3.997143,4.372437,3.4755492
2052-02-15 12:00:00,2.5047693,2.311503,7.625108,6.170869,5.0092297,5.4399757
2052-02-16 12:00:00,4.3192024,3.8695009,7.2198267,7.2553782,5.752818,5.3174663
2052-02-17 12:00:00,4.015338,3.360725,5.2367454,5.513968,6.426796,4.005139
2052-02-18 12:00:00,3.173385,2.7708044,4.7193003,7.82902,6.0787983,4.50094
2052-02-19 12:00:00,3.128169,2.8639722,4.2300906,8.844178,7.7155857,4.3961487
2052-02-20 12:00:00,2.08168,1.8668125,3.2377703,6.639617,8.38483,2.724945
2052-02-21 12:00:00,2.6080885,2.247961,3.6811588,6.121809,7.1763744,3.126832
2052-02-22 12:00:00,4.761546,4.0751667,8.945455,9.2983675,5.3731985,6.4771624
2052-02-23 12:00:00,4.8163366,4.7457376,8.01286,10.424637,3.834487,5.7910485
2052-02-24 12:00:00,2.6323593,2.9378095,2.6427348,6.9700356,3.9817016,2.4495516
2052-02-25 12:00:00,0.8938768,1.1268784,4.0450706,4.5379243,6.1693516,3.0501864
2052-02-26 12:00:00,2.5204623,2.4647737,5.6101317,5.00833,7.933632,3.8251948
2052-02-27 12:00:00,4.2204123,3.657457,6.3722205,5.6255813,4.299733,4.746422
2052-02-28 12:00:00,3.26302,2.8128304,4.731312,5.4786477,4.836411,3.626157
2052-02-29 12:00:00,1.7189434,1.4435822,2.7393656,2.46105,3.914112,1.9117364
2052-03-01 12:00:00,2.2079,1.987357,5.236754,4.5074883,3.6546767,3.0712178
2052-03-02 12:00:00,2.4448347,2.178774,3.9623373,5.1667705,5.2154093,3.064071
2052-03-03 12:00:00,1.6287165,1.8413297,5.9572115,5.1571608,6.2273045,4.0659585
2052-03-04 12:00:00,2.2836132,2.2729495,4.9346027,5.9988527,4.4292436,3.6105323
2052-03-05 12:00:00,1.4848657,1.3448998,3.754584,5.1251917,3.6227832,3.461809
2052-03-06 12:00:00,1.0093124,1.0553707,5.8560038,3.7583604,5.044392,3.8811977
2052-03-07 12:00:00,2.272543,2.027589,6.60088,4.8333135,5.9696264,4.192049
2052-03-08 12:00:00,2.0621781,1.8785809,5.4834614,4.141385,5.1960187,3.2344768
2052-03-09 12:00:00,2.859083,2.0833478,6.2133226,2.9771967,5.678856,2.6174276
2052-03-10 12:00:00,4.320024,2.9117465,5.885496,2.861399,4.7041645,2.8544233
2052-03-11 12:00:00,2.1657596,1.5649855,2.6656456,2.9637427,4.5070724,1.9824802
2052-03-12 12:00:00,1.3233604,1.4865003,3.649606,4.028429,4.5171123,2.7485273
2052-03-13 12:00:00,2.5602498,1.8328829,2.7519388,2.7774997,2.9738984,2.153184
2052-03-14 12:00:00,2.1911244,1.5446396,1.9310364,2.2062914,4.623528,1.4653575
2052-03-15 12:00:00,1.0698801,0.97158766,2.863627,2.3840144,6.3953238,2.009672
2052-03-16 12:00:00,1.5148954,1.345919,4.185112,3.7669127,5.048557,2.144627
2052-03-17 12:00:00,2.4430811,2.4075947,5.2530904,4.9720364,5.667925,3.6671112
2052-03-18 12:00:00,2.236045,2.4750926,4.8027906,6.2020574,6.058319,3.9838274
2052-03-19 12:00:00,2.3485074,2.044111,3.5880241,5.023376,7.0337906,4.0699553
2052-03-20 12:00:00,1.703866,1.4465617,3.9796934,3.3072088,5.8573823,2.5086896
2052-03-21 12:00:00,1.7246073,1.9290687,3.2885492,5.6026416,5.577496,3.1138787
2052-03-22 12:00:00,1.6722486,1.5239606,2.104059,4.008354,6.278861,1.2651098
2052-03-23 12:00:00,1.1433277,1.3970662,2.7672226,3.4208314,4.8082013,2.8217132
2052-03-24 12:00:00,1.2235031,1.3601947,1.9147259,3.6409636,4.3874054,1.7941662
2052-03-25 12:00:00,2.9874613,2.4358864,3.4175897,4.122833,4.400477,1.750645
2052-03-26 12:00:00,2.4014993,2.1922028,3.3530962,4.408787,4.3885303,2.1704676
2052-03-27 12:00:00,1.8574531,1.762321,2.9853227,3.2314138,3.1363149,1.65527
2052-03-28 12:00:00,1.4535084,1.7141863,2.7261822,3.8945312,2.3945704,2.1199563
2052-03-29 12:00:00,2.0346658,1.8793776,2.286073,2.4325492,2.6293726,1.9577148
2052-03-30 12:00:00,2.0070198,1.6077268,2.6874037,1.7852457,4.5620546,1.6136079
2052-03-31 12:00:00,1.198034,1.3820704,2.4891565,2.1925914,4.054874,1.5510798
2052-04-01 12:00:00,2.151457,1.7192591,2.1765373,2.8517382,3.360941,1.2691495
2052-04-02 12:00:00,1.3790023,1.1067072,1.9213966,2.5137594,2.85676,1.33278
2052-04-03 12:00:00,0.9000095,0.9184234,1.8195107,1.8239181,2.659802,1.2032166
2052-04-04 12:00:00,0.83817405,0.9124035,1.8220067,1.530015,3.3264406,1.1105859
2052-04-05 12:00:00,1.310602,1.0762635,1.9030652,3.0534608,3.5410843,1.2260618
2052-04-06 12:00:00,1.0800186,0.99933386,1.9004757,2.3906093,2.090008,2.0436373
2052-04-07 12:00:00,1.544228,1.4468594,2.2287986,2.3064625,3.2018242,1.611833
2052-04-08 12:00:00,1.587877,1.3333608,2.3818738,2.1222084,3.8061743,1.4985559
2052-04-09 12:00:00,2.5294003,2.0525904,2.544063,2.0636327,2.6921241,1.4989014
2052-04-10 12:00:00,2.5090759,2.1270473,2.8115056,1.7486243,3.107229,1.9216554
2052-04-11 12:00:00,1.4861233,1.6114966,2.702123,4.3910494,4.9258914,1.6434294
2052-04-12 12:00:00,1.4093511,1.5386631,2.6355476,4.371602,3.5984328,2.115296
2052-04-13 12:00:00,1.5027077,1.5079788,3.70474,3.8481052,3.545684,2.1875932
2052-04-14 12:00:00,1.5971073,1.558796,2.9330273,3.651322,5.7639956,1.9678179
2052-04-15 12:00:00,1.7057427,1.5183533,2.7980685,4.06086,4.207448,1.8283701
2052-04-16 12:00:00,2.4280307,2.0902174,3.685973,3.4815633,3.5254147,2.6813726
2052-04-17 12:00:00,2.1137717,1.9317414,3.2480075,2.5156062,2.881764,2.2024055
2052-04-18 12:00:00,2.205164,1.9547892,3.0165672,5.4145045,3.823582,3.1148686
2052-04-19 12:00:00,2.4019098,2.13821,4.0165896,4.413108,4.733547,3.731123
2052-04-20 12:00:00,2.628332,2.427801,5.5756865,3.0952547,2.697852,2.94985
2052-04-21 12:00:00,3.902112,3.6186512,7.694888,4.433359,2.1800146,3.8244195
2052-04-22 12:00:00,3.56745,3.3385801,4.015322,4.147989,3.1703703,3.222353
2052-04-23 12:00:00,3.2476215,2.961,4.8294563,3.971954,3.9834569,3.246966
2052-04-24 12:00:00,1.6780823,1.8380451,4.040251,3.552749,3.141786,2.788975
2052-04-25 12:00:00,3.3317533,3.0194802,5.007622,4.5275364,3.1382782,3.3680782
2052-04-26 12:00:00,2.2025537,2.2679968,2.8724666,3.992905,4.468291,2.2782502
2052-04-27 12:00:00,2.6852255,2.5731232,3.7516847,3.0612144,3.6789353,2.4505436
2052-04-28 12:00:00,2.1224778,2.064936,2.837515,3.3220983,3.2133515,1.6060388
2052-04-29 12:00:00,2.294057,2.1136172,4.072973,3.2160065,2.9857023,1.8855288
2052-04-30 12:00:00,2.327805,1.8321215,3.914037,2.4792166,3.2016277,1.8648868
2052-05-01 12:00:00,2.353046,1.7649215,4.123778,2.1178813,2.4991438,1.8815247
2052-05-02 12:00:00,1.7640806,1.3555396,3.1612298,1.8310077,3.3797674,1.4812587
2052-05-03 12:00:00,1.7932291,1.6494608,3.4797323,2.115816,3.3552148,1.988344
2052-05-04 12:00:00,1.254226,1.2824544,2.7282393,1.8237875,2.8407593,1.8459408
2052-05-05 12:00:00,2.511416,1.9616624,3.1992195,2.535977,2.3168344,1.6940126
2052-05-06 12:00:00,2.8500779,2.3275743,4.2553596,2.8547463,2.6298575,2.1459613
2052-05-07 12:00:00,2.9030428,2.3308368,4.433154,2.6511936,2.6057525,2.1648803
2052-05-08 12:00:00,1.786074,1.6469938,3.2286153,2.9608057,3.297208,2.555863
2052-05-09 12:00:00,1.2063992,1.0733045,2.2516236,2.1482968,2.61923,1.3695387
2052-05-10 12:00:00,1.0013897,1.116414,2.7413514,2.9727418,4.1750035,1.4859141
2052-05-11 12:00:00,1.0981259,1.0838544,2.6674914,3.8029413,3.1933181,1.4976858
2052-05-12 12:00:00,2.3913958,1.7600458,2.8347876,3.5521712,3.0356524,1.9292269
2052-05-13 12:00:00,2.4852438,1.9971366,2.9778824,2.490034,3.0946076,1.5909959
2052-05-14 12:00:00,1.9620001,2.0377095,2.5673435,3.4111087,3.5092177,1.511764
2052-05-15 12:00:00,2.6229882,2.3926573,3.5722587,3.7749724,4.853748,1.8130914
2052-05-16 12:00:00,2.3112135,1.8019965,3.6294014,3.6156766,4.9862404,2.9488149
2052-05-17 12:00:00,1.5196447,1.5789428,3.6526034,2.3235555,3.1249828,2.6907442
2052-05-18 12:00:00,2.8704665,2.483815,2.6658099,3.8314598,3.3396103,2.6547666
2052-05-19 12:00:00,3.1855257,2.9739575,2.4184422,5.1828995,3.6297631,2.1116977
2052-05-20 12:00:00,3.6919918,3.3798535,3.0747733,6.399558,4.1418085,3.6802
2052-05-21 12:00:00,3.178504,2.7962382,2.975919,6.0108323,3.6811082,3.5752156
2052-05-22 12:00:00,3.1573877,3.0547538,3.0269363,4.964868,4.3711805,3.0411978
2052-05-23 12:00:00,2.6416984,2.422169,3.1587343,3.6310244,3.5081365,2.343986
2052-05-24 12:00:00,2.3945823,1.978737,3.084782,3.210258,3.1154473,3.5164285
2052-05-25 12:00:00,2.2723124,1.5964553,2.4949892,3.567049,2.4051292,2.3217561
2052-05-26 12:00:00,1.5087507,1.3544595,2.3980772,3.7659414,3.3565993,1.209229
2052-05-27 12:00:00,2.0501556,1.7746936,1.8900448,2.8401134,3.9650526,1.2316775
2052-05-28 12:00:00,1.9861927,1.6508535,2.4875326,2.6274304,3.9210145,1.6608644
2052-05-29 12:00:00,1.5081992,1.5094728,2.2519248,2.9068398,3.4105277,1.0859232
2052-05-30 12:00:00,2.097248,1.9245859,3.0744772,3.0401556,2.9450943,1.4075183
2052-05-31 12:00:00,3.8546898,3.1396465,4.044579,3.111231,2.8009722,2.0661101
2052-06-01 12:00:00,2.1641111,1.958345,2.0526555,3.4425144,4.396353,1.5565935
2052-06-02 12:00:00,1.6208261,1.399496,2.5763416,3.6079233,4.0019813,1.6618003
2052-06-03 12:00:00,1.3650823,1.1791575,2.1319394,3.0586815,3.4349995,1.7062285
2052-06-04 12:00:00,2.5071661,1.831103,3.0348432,3.180302,2.8788645,1.524645
2052-06-05 12:00:00,4.0666623,3.1595993,6.112252,2.5079732,3.363305,3.3764415
2052-06-06 12:00:00,4.4833612,3.2991273,4.8517456,2.713635,3.5913973,2.867758
2052-06-07 12:00:00,1.8187244,1.9061298,3.849229,3.5253298,3.3825283,2.6001298
2052-06-08 12:00:00,2.4209862,1.8591975,4.003048,2.9981205,2.6629195,3.2500098
2052-06-09 12:00:00,2.9719682,2.3769417,4.871321,3.209183,2.6967187,4.1121893
2052-06-10 12:00:00,2.3092985,1.8152069,2.8054938,3.1832943,3.428921,2.5630012
2052-06-11 12:00:00,1.9325048,1.5609547,3.7901251,3.655485,3.3071988,3.0964072
2052-06-12 12:00:00,3.6214137,3.0363364,4.785475,5.1621866,3.2789145,3.8710523
2052-06-13 12:00:00,2.5809631,2.2857087,4.037778,3.7747836,3.495473,2.5525472
2052-06-14 12:00:00,3.5391972,2.8334575,4.414868,3.3006117,2.8305278,3.141176
2052-06-15 12:00:00,2.606145,2.4659224,2.3211877,3.087405,2.7734258,1.6446885
2052-06-16 12:00:00,1.3856258,1.5047959,1.9310265,2.9745376,2.3263142,1.2787098
2052-06-17 12:00:00,1.9091196,1.6032468,2.191808,1.9424527,2.5788236,1.3148302
2052-06-18 12:00:00,1.5479608,1.508405,3.0421026,2.258507,3.0554314,1.8165741
2052-06-19 12:00:00,2.1680837,1.9296658,3.1291802,2.7219892,3.6436763,2.2977893
2052-06-20 12:00:00,1.5437335,1.3110802,2.3023255,2.0750005,3.358373,1.3772128
2052-06-21 12:00:00,2.02652,1.4926773,3.1682444,2.4715033,3.3169873,1.6137828
2052-06-22 12:00:00,1.814575,1.4011164,2.9741993,2.6812072,3.1727192,2.446926
2052-06-23 12:00:00,1.0418305,1.3904148,3.2035348,3.6772988,2.7577505,3.2077367
2052-06-24 12:00:00,1.8195109,1.6230631,2.7391908,4.6241217,2.7954452,2.7396474
2052-06-25 12:00:00,1.6753069,1.809579,1.979048,4.975009,3.3372061,2.139727
2052-06-26 12:00:00,1.8289105,1.4598945,2.0386615,4.051713,2.8337789,1.3034776
2052-06-27 12:00:00,1.5489771,1.505859,3.0927,3.7903972,2.2332246,2.1605299
2052-06-28 12:00:00,1.1640772,1.333219,2.958048,3.6639256,2.4808257,2.563973
2052-06-29 12:00:00,1.1061175,1.2507039,2.5614676,2.9401598,2.9109647,1.5596975
2052-06-30 12:00:00,1.6062727,1.2840736,2.9172988,2.2528193,2.8218343,1.5262736
2052-07-01 12:00:00,1.484063,1.3640394,2.2991245,2.2107017,2.349067,1.8412455
2052-07-02 12:00:00,2.495008,2.104499,2.8067102,2.6695664,2.3725019,1.8883536
2052-07-03 12:00:00,3.007937,2.399734,3.425701,3.4723985,4.596175,1.8571025
2052-07-04 12:00:00,2.978541,2.3610404,4.3817353,3.3418005,6.2558637,3.0381494
2052-07-05 12:00:00,2.6853144,2.378003,4.210291,4.3754005,4.2234807,3.7219663
2052-07-06 12:00:00,1.5662091,1.4629164,2.6320884,4.6360974,3.4702597,2.1502419
2052-07-07 12:00:00,0.8951573,0.9986196,2.1809492,2.1865268,2.9533408,1.8754658
2052-07-08 12:00:00,1.3941171,1.2584095,2.9027364,2.578519,2.6926148,2.0595582
2052-07-09 12:00:00,1.2143881,1.2743711,3.6563797,2.4259768,2.4308145,2.2110543
2052-07-10 12:00:00,0.9895185,0.9724967,2.6532707,2.5377429,3.7129395,1.9102265
2052-07-11 12:00:00,1.0559286,0.9083574,2.3849242,2.8224204,3.670878,1.3736882
2052-07-12 12:00:00,2.223477,1.997145,2.337868,4.455352,4.647699,1.5582513
2052-07-13 12:00:00,2.9964035,2.4962378,2.2384534,4.955896,4.776747,2.2048087
2052-07-14 12:00:00,2.462988,1.8156556,2.5636241,3.217397,3.732009,1.561561
2052-07-15 12:00:00,2.141161,1.7551676,2.2426102,2.760134,2.4185479,1.1224089
2052-07-16 12:00:00,1.2759745,1.2759581,1.99554,2.4994204,2.2131078,1.3178874
2052-07-17 12:00:00,1.1212378,1.1676494,2.7179766,2.332651,2.4630423,1.5211691
2052-07-18 12:00:00,1.2246099,1.1664342,3.395793,2.194432,2.4119987,2.0677912
2052-07-19 12:00:00,1.7043364,1.6226293,3.269677,2.8441682,2.6955225,2.173096
2052-07-20 12:00:00,3.8754396,3.0890126,3.951366,3.0442827,3.0049238,2.055345
2052-07-21 12:00:00,2.4443936,2.1400533,2.3278527,3.0874996,3.1547997,1.3714617
2052-07-22 12:00:00,2.061403,1.5757717,2.689497,2.1517453,2.2930498,1.277991
2052-07-23 12:00:00,2.088289,1.7465248,3.0651333,2.5530105,2.315475,1.8678237
2052-07-24 12:00:00,2.4876819,2.1615727,3.5616062,2.5615516,3.0625548,2.0798204
2052-07-25 12:00:00,1.0282075,1.0744728,2.892199,1.9609522,4.2276464,1.4330717
2052-07-26 12:00:00,2.165986,1.7917409,3.860673,2.2947161,3.5210962,1.9401612
2052-07-27 12:00:00,1.9970345,1.8148232,4.1265306,3.1666362,3.3877158,2.4845874
2052-07-28 12:00:00,2.15802,1.6014297,4.30798,3.3750055,2.734405,2.5281866
2052-07-29 12:00:00,2.6641035,2.0647178,3.275368,2.3046105,1.9539031,1.7009463
2052-07-30 12:00:00,2.9049106,2.0313797,2.6325285,3.388628,2.4328094,1.7974489
2052-07-31 12:00:00,1.8967618,1.6964338,2.4111664,2.1230125,2.9286435,1.3975264
2052-08-01 12:00:00,1.8925128,1.6353208,2.213507,2.5680432,3.131706,1.6763825
2052-08-02 12:00:00,2.1936083,1.6818438,3.3652143,2.3527098,2.6004133,2.5046906
2052-08-03 12:00:00,3.2233305,2.2624857,3.9716752,2.9660444,2.2725065,2.9797926
2052-08-04 12:00:00,2.6871047,2.4899888,4.06884,4.025735,2.3972867,2.5061655
2052-08-05 12:00:00,2.5542092,2.5444515,3.9515078,3.423151,3.6112216,2.075092
2052-08-06 12:00:00,1.3894901,1.6690152,2.5443058,3.1455069,2.760905,2.0478888
2052-08-07 12:00:00,2.2965086,2.289812,3.0861828,4.035929,3.1900065,2.190121
2052-08-08 12:00:00,1.4808774,1.29322,2.8945007,3.5442731,3.5006223,2.4104886
2052-08-09 12:00:00,1.1583464,1.369147,3.2129703,4.15594,4.241315,2.271717
2052-08-10 12:00:00,0.9288801,1.1272222,1.8836616,5.033017,3.3766105,1.0465991
2052-08-11 12:00:00,1.1989868,1.1665491,1.7628781,3.9764314,3.0730546,1.202526
2052-08-12 12:00:00,1.7927513,1.499169,3.609375,3.3240733,3.1184478,1.4778854
2052-08-13 12:00:00,1.6891782,1.5335352,3.2208047,3.3958292,3.015945,1.6585083
2052-08-14 12:00:00,1.5528808,1.4367085,3.1749396,2.4418962,2.7058687,1.4430966
2052-08-15 12:00:00,1.2422408,1.39598,3.6757843,2.2998714,3.0436695,2.5022058
2052-08-16 12:00:00,1.3940132,1.5517122,2.3640172,3.0211258,2.2531283,2.5771139
2052-08-17 12:00:00,1.1158683,1.138659,2.320756,3.8988118,2.8351882,1.2733568
2052-08-18 12:00:00,1.2040578,1.068883,2.347836,2.81928,3.1092172,1.8715342
2052-08-19 12:00:00,1.7809502,1.5690397,2.3039994,2.3125312,1.933203,1.5625592
2052-08-20 12:00:00,2.1836045,1.667271,2.1435437,1.8830415,3.0000043,1.212
2052-08-21 12:00:00,2.011885,1.4937772,2.614537,2.138976,2.757487,2.4049716
2052-08-22 12:00:00,1.2894762,1.1951221,2.0261533,2.519699,2.1845214,1.4458879
2052-08-23 12:00:00,0.9349045,1.1493391,2.9631658,2.1253142,3.0396512,1.5606344
2052-08-24 12:00:00,1.6558555,1.8356323,2.5729961,3.0329695,3.4247682,1.9575914
2052-08-25 12:00:00,1.7506275,1.9433609,3.616162,3.4947906,3.9922018,1.9784875
2052-08-26 12:00:00,1.3967679,1.482081,2.5208642,4.6325006,3.6445832,1.4341532
2052-08-27 12:00:00,1.1779771,1.5224688,2.3803735,4.736785,4.813337,1.6056402
2052-08-28 12:00:00,1.1355381,1.344476,1.8620002,2.744988,4.4361362,1.1491958
2052-08-29 12:00:00,1.5848973,1.2292482,1.4756044,3.3823493,5.4027476,1.2402825
2052-08-30 12:00:00,1.7579584,1.2067747,1.9110008,1.843044,4.965149,1.2096461
2052-08-31 12:00:00,1.8417277,1.4186734,2.5609717,2.0880747,4.369607,2.1473167
2052-09-01 12:00:00,2.396815,1.6630048,2.5418632,3.1606874,3.952851,2.1219778
2052-09-02 12:00:00,2.3578453,2.039965,3.3060002,2.6689818,3.1154687,3.0652392
2052-09-03 12:00:00,1.9040161,2.1828065,2.7502635,2.8458629,3.3741827,2.3418887
2052-09-04 12:00:00,2.4011176,2.2377913,2.5478399,3.251469,3.3127244,2.2407987
2052-09-05 12:00:00,1.3620794,1.6280702,2.4614522,3.666024,3.3192914,1.4543457
2052-09-06 12:00:00,1.3146918,1.1761259,2.2217927,3.2462726,3.7665637,2.0093498
2052-09-07 12:00:00,1.6737791,1.4206141,3.4363463,3.8349526,5.4277587,2.7591295
2052-09-08 12:00:00,2.4321847,2.130259,3.6947415,4.7095623,3.9310246,3.0979016
2052-09-09 12:00:00,3.0481353,2.755767,4.2651134,4.5911813,3.823216,3.5779028
2052-09-10 12:00:00,1.7149627,1.6102694,1.9505808,4.1424885,4.8746057,1.6662785
2052-09-11 12:00:00,1.6180766,1.8544149,3.899355,4.5072837,4.290974,3.7498894
2052-09-12 12:00:00,3.1111538,3.139668,5.0025625,4.9620037,5.592206,3.7158482
2052-09-13 12:00:00,2.097134,2.1735697,3.941773,4.2804065,6.4628615,2.6057217
2052-09-14 12:00:00,2.912934,2.848066,5.752986,5.509475,4.413892,4.415061
2052-09-15 12:00:00,3.5454133,2.855781,4.8957047,4.3296747,4.5576396,3.3258584
2052-09-16 12:00:00,2.3014398,2.0195935,4.2529235,6.167465,4.9057345,3.0575287
2052-09-17 12:00:00,2.5437057,2.1805284,4.3459706,4.968927,4.5035744,2.9097087
2052-09-18 12:00:00,1.5008421,1.760969,3.6153588,4.636973,3.8818042,3.5897117
2052-09-19 12:00:00,1.7628787,1.7146772,3.6555781,3.0731628,2.5088866,2.2490964
2052-09-20 12:00:00,1.6207857,1.6371493,2.6700878,2.3743477,1.7717625,1.1667151
2052-09-21 12:00:00,1.0929489,1.1812625,2.1113176,2.9771857,2.1013227,1.2494639
2052-09-22 12:00:00,1.5089302,1.4376124,2.6750085,2.1788557,2.8886127,2.164612
2052-09-23 12:00:00,1.385911,1.4928055,2.5735247,3.8899667,3.2906578,1.7083842
2052-09-24 12:00:00,1.1267827,1.3963737,2.2328682,2.8984964,3.6195512,2.0685532
2052-09-25 12:00:00,1.7377734,1.367003,2.834351,2.1501026,3.6071355,1.6236539
2052-09-26 12:00:00,0.8292829,0.8948413,2.0517,2.3311455,5.184097,1.556164
2052-09-27 12:00:00,1.1328907,1.3729005,1.7045189,2.962352,4.142845,2.0655897
2052-09-28 12:00:00,1.226371,1.2604927,2.1418927,2.926742,3.2207901,2.2393458
2052-09-29 12:00:00,1.673919,1.9043937,3.50614,4.1705623,2.8613212,2.5655806
2052-09-30 12:00:00,3.8597164,3.0634007,3.748686,3.6626089,2.1032243,2.9659407
2052-10-01 12:00:00,2.5951777,1.9804158,3.010189,2.4427683,1.7788851,1.6742717
2052-10-02 12:00:00,1.4584475,1.0373839,2.6026497,1.8668592,2.1684425,1.0379992
2052-10-03 12:00:00,1.2005751,0.9102937,3.0234287,1.7406447,4.402884,1.0718044
2052-10-04 12:00:00,1.8880888,1.3651193,4.4381447,3.380469,5.5200424,1.5359012
2052-10-05 12:00:00,2.1640646,1.4469936,5.0905757,2.3923626,2.3767717,1.901583
2052-10-06 12:00:00,1.8145695,1.3161005,4.9784856,2.6956835,2.1664996,1.8856106
2052-10-07 12:00:00,2.3379037,1.7162865,3.7733018,3.2777772,4.070285,1.4912508
2052-10-08 12:00:00,2.5829246,1.8043363,2.7364247,2.765646,3.565558,1.4362681
2052-10-09 12:00:00,2.4708326,1.8308449,2.8280756,2.7858987,2.6475933,1.7187356
2052-10-10 12:00:00,2.0897512,1.825229,4.171949,4.2125435,3.4278252,2.6391783
2052-10-11 12:00:00,1.407717,1.1091146,3.5029638,3.531813,4.2930737,2.476612
2052-10-12 12:00:00,1.6556559,1.2134484,3.9196725,2.0419188,3.6878,1.6451269
2052-10-13 12:00:00,2.1432238,1.6064193,2.9117677,1.7474881,4.818929,1.3974004
2052-10-14 12:00:00,1.0795546,1.0058281,1.6089143,2.4477165,4.967032,0.9783971
2052-10-15 12:00:00,0.95675147,1.0311251,1.2623401,1.9194506,4.790025,0.89832616
2052-10-16 12:00:00,0.8757577,0.889371,1.610013,1.8356916,4.847399,1.1454701
2052-10-17 12:00:00,0.98375213,0.965159,3.1035018,2.3236547,4.3602724,2.4092054
2052-10-18 12:00:00,2.0787234,1.4629823,3.5546758,4.608944,3.6531787,2.8453002
2052-10-19 12:00:00,2.4475288,2.096365,4.51307,4.134784,3.631921,3.7854228
2052-10-20 12:00:00,2.6867836,2.05492,3.5365014,4.299557,3.7310717,2.200449
2052-10-21 12:00:00,1.6455066,1.3722099,3.436751,4.878982,3.884064,2.380597
2052-10-22 12:00:00,1.1271119,1.2594913,2.9072335,3.3408208,3.274197,1.4380977
2052-10-23 12:00:00,2.0516973,1.8057872,3.4285996,3.3415453,3.2713957,2.9274845
2052-10-24 12:00:00,1.636617,1.9499168,2.9789789,3.5247052,2.9942348,2.090698
2052-10-25 12:00:00,1.0449368,1.2374872,3.8326402,3.2439668,2.648471,3.1816502
2052-10-26 12:00:00,3.341063,3.0515308,5.958811,6.2469325,5.3283486,4.5716586
2052-10-27 12:00:00,3.8344686,3.1387541,6.852485,5.794197,4.670545,4.4051585
2052-10-28 12:00:00,2.642095,2.3221245,4.100538,5.258233,4.298037,3.0594876
2052-10-29 12:00:00,2.4458213,2.2595797,3.9489791,4.676432,5.3646145,3.0414915
2052-10-30 12:00:00,2.7387764,2.3987842,4.3228397,6.7423444,6.223927,4.2406106
2052-10-31 12:00:00,3.7506514,3.0018578,5.368024,6.5968723,6.6653905,3.7539773
2052-11-01 12:00:00,1.8850958,1.6693151,3.981352,4.365925,5.2863894,3.4795766
2052-11-02 12:00:00,2.7340467,2.1607952,4.803859,4.7346144,2.754454,3.3553865
2052-11-03 12:00:00,2.8706403,3.0999663,3.776481,5.885033,3.8370924,3.0223026
2052-11-04 12:00:00,1.78527,1.6447618,3.3075163,3.6771383,4.711084,2.4021008
2052-11-05 12:00:00,1.3519912,1.7973373,5.953572,5.0467205,7.268597,3.9061503
2052-11-06 12:00:00,1.6822777,2.164705,6.447073,4.482261,7.6547832,4.0614333
2052-11-07 12:00:00,1.6472627,2.003955,4.932536,4.4818187,5.496688,3.8829765
2052-11-08 12:00:00,0.78516865,1.050381,2.5610142,3.7747445,4.46107,2.052701
2052-11-09 12:00:00,0.865149,0.87871647,3.8545547,3.7035213,4.0045967,3.2971134
2052-11-10 12:00:00,1.1231967,0.972217,2.7468543,3.3638976,4.931781,2.2186441
2052-11-11 12:00:00,1.0564021,0.9237845,2.3840318,3.3544323,4.8615346,2.2537584
2052-11-12 12:00:00,0.77871287,0.8983257,2.6403313,4.572685,3.5068388,2.6679718
2052-11-13 12:00:00,0.7715705,0.88975996,1.9880933,3.3011022,3.417109,1.3749332
2052-11-14 12:00:00,0.9137577,1.1514117,2.0802958,2.1850765,3.3347812,1.503713
2052-11-15 12:00:00,0.96076924,1.1292881,2.4682372,4.0386043,3.1325207,2.2283928
2052-11-16 12:00:00,0.8310634,0.90726376,2.4377646,4.153396,4.3605113,2.5505986
2052-11-17 12:00:00,1.9470605,1.8611616,5.668236,5.382416,4.3461547,4.667682
2052-11-18 12:00:00,2.9797182,2.7189384,5.189052,5.282542,5.436026,4.19186
2052-11-19 12:00:00,3.146617,3.0102859,4.3210554,5.6283655,5.2998567,3.0958235
2052-11-20 12:00:00,1.5193796,1.7058663,3.3515594,3.3015435,4.645553,2.1734846
2052-11-21 12:00:00,2.9585526,2.8197718,7.90958,6.983345,7.434252,4.8398676
2052-11-22 12:00:00,3.751714,3.479102,5.893736,7.18148,5.584674,4.93927
2052-11-23 12:00:00,1.420582,1.5560216,4.228593,6.0668383,4.1538625,3.0167606
2052-11-24 12:00:00,0.9118377,1.1376772,2.537254,5.2071853,4.947285,1.8888723
2052-11-25 12:00:00,1.6979938,1.8954049,3.5023277,5.4148707,4.4228053,1.9046894
2052-11-26 12:00:00,1.3299614,1.3512405,3.8176026,3.8098097,4.5624337,3.1389422
2052-11-27 12:00:00,2.1119583,2.4395676,2.8588505,5.5037184,5.0759025,1.6492351
2052-11-28 12:00:00,4.9815817,3.8696866,4.2840643,5.1661863,4.461898,2.317679
2052-11-29 12:00:00,4.2858973,2.9715507,4.368718,4.378525,3.6341872,2.4638155
2052-11-30 12:00:00,1.7782474,1.624958,2.604463,2.7788289,4.363972,1.9075423
2052-12-01 12:00:00,1.4704823,1.3841182,2.6883156,2.4586794,4.477123,2.2664578
2052-12-02 12:00:00,0.80782044,1.0668621,3.7006412,3.04605,4.3449693,1.4802366
2052-12-03 12:00:00,1.3854955,1.2049716,2.931735,3.841879,3.440767,1.7152481
2052-12-04 12:00:00,1.91921,1.4552467,3.7347655,3.4947257,2.9241686,2.7385747
2052-12-05 12:00:00,2.926847,2.2757275,5.379179,4.581752,4.240313,3.2765503
2052-12-06 12:00:00,1.9285539,1.586429,5.073192,3.651167,5.0863986,2.535381
2052-12-07 12:00:00,1.9320765,1.7239614,4.6521935,4.4411106,5.420681,2.8599553
2052-12-08 12:00:00,3.4144213,2.6598175,4.9826984,3.8371074,5.191726,2.8788433
2052-12-09 12:00:00,3.9779575,3.4017115,5.116522,4.2179112,3.6809964,2.85611
2052-12-10 12:00:00,3.3992176,2.5364175,3.5249891,3.4648108,3.2911048,2.472064
2052-12-11 12:00:00,2.0469866,1.5988607,2.5597265,2.23887,5.078185,1.5005761
2052-12-12 12:00:00,0.94302976,1.2402446,2.8479545,2.4694915,3.95151,1.8337748
2052-12-13 12:00:00,0.7704861,1.0142038,3.7622843,3.6928184,5.024325,2.5192096
2052-12-14 12:00:00,1.3303704,1.1903096,5.1944237,3.484651,4.00655,2.724448
2052-12-15 12:00:00,2.6249986,2.0524435,5.2239094,2.772848,4.3404903,3.2587624
2052-12-16 12:00:00,3.862129,2.926231,7.289345,4.071401,6.0477195,5.077285
2052-12-17 12:00:00,3.2120671,3.0323985,3.5490904,5.264174,8.46246,3.4667819
2052-12-18 12:00:00,2.5731971,1.9939189,4.363276,5.3630443,9.431442,2.8222077
2052-12-19 12:00:00,2.745719,1.9578831,2.8158903,3.354566,3.7772787,2.034018
2052-12-20 12:00:00,1.8279526,1.5423553,2.3775675,3.6296291,3.554391,1.894577
2052-12-21 12:00:00,1.4537652,1.3034041,5.3068767,3.5594056,4.1139307,3.309643
2052-12-22 12:00:00,2.8126082,2.6967435,6.355715,4.7249074,3.4922886,4.6335435
2052-12-23 12:00:00,1.6043751,1.6202698,3.5868227,5.7366233,4.1614847,2.9361422
2052-12-24 12:00:00,1.0935522,1.3343127,2.888496,3.6097968,3.6669083,2.1429071
2052-12-25 12:00:00,0.79544437,0.9128481,2.4484563,3.4538803,3.348836,2.1628683
2052-12-26 12:00:00,1.5754924,1.5351937,3.590433,4.3622723,3.448889,3.2664723
2052-12-27 12:00:00,0.67172086,0.9759432,4.2001286,4.1795654,4.251291,3.881002
2052-12-28 12:00:00,2.7561684,2.491334,4.1402125,2.9386802,4.1951838,2.6595345
2052-12-29 12:00:00,1.1695344,1.2223905,3.907499,3.2232707,5.751667,2.8470106
2052-12-30 12:00:00,1.2128361,1.2414421,6.751524,4.476733,6.7827005,3.6719632
2052-12-31 12:00:00,2.9720998,2.7871275,8.116913,6.690921,5.470435,4.743389
2053-01-01 12:00:00,2.913584,2.875989,7.671108,7.098722,6.411213,5.625905
2053-01-02 12:00:00,3.65549,3.8140163,8.406252,7.9362516,7.1268415,6.196427
2053-01-03 12:00:00,2.3886175,2.6533413,6.352373,4.9881797,6.906952,4.8343825
2053-01-04 12:00:00,1.467147,1.7483046,4.7653885,5.3816977,6.7352486,4.0744157
2053-01-05 12:00:00,0.78657687,1.1176484,2.6480143,2.8457696,7.463735,1.9407625
2053-01-06 12:00:00,1.1866271,1.089334,2.5825977,2.0693314,5.0022564,1.6999215
2053-01-07 12:00:00,1.045631,1.2263045,2.0576305,2.7052286,3.8164406,1.6727797
2053-01-08 12:00:00,1.3029335,1.7250321,2.3232973,3.8168604,4.4093485,1.9687809
2053-01-09 12:00:00,2.527133,3.1577826,4.186038,5.6495166,5.2948666,3.4496558
2053-01-10 12:00:00,1.4932275,1.7832967,3.0052643,3.4978716,5.1232157,2.5686
2053-01-11 12:00:00,1.6898446,1.8224027,3.6888788,3.5826626,5.579439,2.8558178
2053-01-12 12:00:00,1.7561243,1.8393487,3.099608,3.5239897,4.743867,2.600918
2053-01-13 12:00:00,3.9129312,3.0794053,5.7856007,3.93798,3.6319864,3.4050026
2053-01-14 12:00:00,2.2848046,2.3657053,4.637139,5.076058,7.9881454,2.585398
2053-01-15 12:00:00,2.0787544,2.578121,5.137802,6.55241,7.8971434,4.220452
2053-01-16 12:00:00,2.7790809,2.5589695,4.2857933,3.4616969,6.8787575,2.7877653
2053-01-17 12:00:00,1.4982477,1.6836233,2.6657765,4.4934607,4.8304734,2.2286909
2053-01-18 12:00:00,1.471751,1.7884532,2.7687485,4.1731443,6.356062,2.314831
2053-01-19 12:00:00,1.0507784,1.7376235,3.0496762,4.037941,6.513029,2.1747959
2053-01-20 12:00:00,1.1192162,1.2336509,4.1594987,2.6443927,5.0688853,3.2006948
2053-01-21 12:00:00,1.1327802,1.1357327,3.6837792,2.699765,3.5781724,2.4554815
2053-01-22 12:00:00,1.5770941,1.6368304,4.4142504,2.776457,3.2187753,3.035474
2053-01-23 12:00:00,1.5336728,1.3933704,4.176154,3.078907,4.003182,2.2820337
2053-01-24 12:00:00,1.8910077,1.7491896,2.7618628,3.9485652,5.217477,3.202581
2053-01-25 12:00:00,1.8825886,1.5289022,4.9954705,2.7107835,5.4564543,2.5095685
2053-01-26 12:00:00,2.3601565,1.6122712,5.5761743,3.214085,4.478847,2.4656947
2053-01-27 12:00:00,3.2786195,1.9996871,4.9497237,2.8330443,4.6117883,2.111269
2053-01-28 12:00:00,2.6712017,1.8996185,3.7349296,2.7160115,4.5761633,1.8105073
2053-01-29 12:00:00,0.9354484,1.0759292,2.5215356,2.1739562,4.377976,1.6417052
2053-01-30 12:00:00,1.7999516,1.4666476,3.758732,2.2705567,3.8943274,1.8586816
2053-01-31 12:00:00,2.159532,1.814478,3.5844135,2.875342,3.6448107,2.163439
2053-02-01 12:00:00,1.176411,1.4901463,2.49775,4.2101846,3.6730042,1.6076747
2053-02-02 12:00:00,0.8478118,1.2098233,2.149693,4.1653333,3.2219653,1.7058705
2053-02-03 12:00:00,0.9919635,1.2005205,2.7646923,4.176232,2.8790197,2.0381002
2053-02-04 12:00:00,0.87525475,1.1004446,2.8434322,3.3741615,3.0324311,2.5380516
2053-02-05 12:00:00,0.941924,1.1458608,3.109099,3.243165,3.2277315,2.9863548
2053-02-06 12:00:00,0.89986926,0.9927915,4.01658,2.9352186,3.2210326,2.7204678
2053-02-07 12:00:00,0.7482176,1.153115,2.1496472,5.306976,5.7350674,1.8451905
2053-02-08 12:00:00,0.81315285,1.1649014,2.3611276,6.794852,8.83916,2.6181164
2053-02-09 12:00:00,1.2644289,1.470308,5.395457,5.2142572,9.050312,4.313694
2053-02-10 12:00:00,3.4613557,3.3396523,7.401804,6.429221,5.6900535,5.326324
2053-02-11 12:00:00,3.2104716,2.7095318,7.588015,6.229935,5.117414,4.8791547
2053-02-12 12:00:00,3.7154636,3.3670402,7.857025,7.884154,3.6812608,5.80463
2053-02-13 12:00:00,2.7948995,3.1919127,5.8506346,7.5694814,4.910291,3.6559033
2053-02-14 12:00:00,1.5878198,1.5075939,4.636448,4.7283893,4.25887,3.3050356
2053-02-15 12:00:00,2.9477625,2.4640687,5.928019,5.3625536,4.639365,3.925847
2053-02-16 12:00:00,2.283276,1.6695541,3.9406483,4.667651,7.1877937,2.3790777
2053-02-17 12:00:00,1.3162379,1.2172713,2.9561267,3.2757022,6.704809,1.9014603
2053-02-18 12:00:00,1.9418142,1.8223608,4.6274137,4.5040445,5.72024,3.425336
2053-02-19 12:00:00,2.8935218,2.3161647,5.8087864,5.0140433,3.1385162,4.42732
2053-02-20 12:00:00,3.9926412,3.1290941,5.520257,5.0855346,4.921205,3.5928164
2053-02-21 12:00:00,3.1266255,2.4985373,5.866904,4.246697,5.028167,3.3854074
2053-02-22 12:00:00,2.317769,1.925805,4.416781,2.8558474,4.2552376,3.176255
2053-02-23 12:00:00,1.8086878,1.8321514,5.320417,3.7304757,6.5629644,3.826339
2053-02-24 12:00:00,2.4033492,1.9689962,3.1318474,3.694796,4.532333,2.5733302
2053-02-25 12:00:00,1.7490146,1.4821384,7.050312,4.4033384,4.957543,4.181621
2053-02-26 12:00:00,3.1212997,2.7922008,5.889876,6.376131,5.334872,4.5816026
2053-02-27 12:00:00,2.60224,2.4904583,3.7485988,5.2536054,5.1730447,2.533936
2053-02-28 12:00:00,1.9935384,1.657799,2.636415,3.6436157,6.110836,2.1311498
2053-03-01 12:00:00,2.2592058,1.5461788,3.1198294,3.413668,5.8062286,2.6277905
2053-03-02 12:00:00,1.5965135,1.723314,3.7767236,4.638438,5.5540333,3.5778937
2053-03-03 12:00:00,3.9365263,3.5422695,6.5428324,3.7838316,4.057789,3.1639988
2053-03-04 12:00:00,3.74639,3.1837559,6.4135327,5.478089,2.9974873,4.1598444
2053-03-05 12:00:00,3.6401942,3.0619323,5.61338,4.682289,4.1579657,3.2551305
2053-03-06 12:00:00,3.2001724,2.3331075,5.736544,4.544543,3.868458,2.8804994
2053-03-07 12:00:00,2.3054614,1.8099804,4.52129,3.5334656,4.002626,2.0433097
2053-03-08 12:00:00,1.795124,1.7784609,5.996173,4.6716175,3.8391337,3.8872752
2053-03-09 12:00:00,2.9753566,2.6248448,5.5274906,6.9065046,2.4311903,5.365392
2053-03-10 12:00:00,3.8153043,3.2207396,5.8664155,5.911146,2.6362915,4.421244
2053-03-11 12:00:00,4.406741,3.5658808,6.3886423,5.0086594,3.8008828,4.0096197
2053-03-12 12:00:00,4.2503,3.4107778,6.4591436,5.605445,3.522695,4.5575075
2053-03-13 12:00:00,5.112251,4.362121,7.531323,5.7346,3.9417927,5.5833607
2053-03-14 12:00:00,4.7272277,4.0974865,6.334058,7.3063693,5.234095,4.9499946
2053-03-15 12:00:00,1.6376576,1.3860745,2.3152943,4.5909247,5.210016,1.8744551
2053-03-16 12:00:00,1.0174559,1.2292361,3.1320102,3.335112,5.0078244,2.6138008
2053-03-17 12:00:00,2.325215,2.2660282,2.9491396,5.3004293,5.87922,2.2600257
2053-03-18 12:00:00,2.258313,1.6722181,3.837202,4.368269,6.6193066,2.3853834
2053-03-19 12:00:00,1.5963297,1.8216012,5.442313,5.111584,7.3773313,4.071727
2053-03-20 12:00:00,4.515244,3.9486563,5.1948323,3.6742327,6.0652857,3.4563718
2053-03-21 12:00:00,4.1218843,2.888449,3.8182669,2.1373303,6.695987,2.018649
2053-03-22 12:00:00,2.9959598,1.9444953,2.977451,2.8825023,8.150811,1.3018614
2053-03-23 12:00:00,2.846275,1.8506808,3.0182061,2.0082698,7.042728,1.7559422
2053-03-24 12:00:00,1.1338621,1.1561644,2.2231913,2.6718383,6.5626416,1.460177
2053-03-25 12:00:00,2.8787725,2.2297292,3.1523824,2.999198,6.1880794,2.4451551
2053-03-26 12:00:00,4.495059,3.4241548,4.348924,4.1226373,5.530801,2.5347555
2053-03-27 12:00:00,3.8238537,2.6681263,5.0790577,2.462596,7.758818,2.4281223
2053-03-28 12:00:00,2.169773,1.9269438,3.4895527,2.3849282,7.063717,1.7538302
2053-03-29 12:00:00,3.6139975,3.3825073,3.723539,5.428269,7.6017027,3.6332495
2053-03-30 12:00:00,3.3442407,2.9711442,4.3139453,4.279225,4.762427,2.9372652
2053-03-31 12:00:00,2.3990111,1.9995481,2.5950131,2.1580322,2.5421379,1.5867265
2053-04-01 12:00:00,1.6343265,1.3640676,1.8595828,1.70299,2.9376917,1.626369
2053-04-02 12:00:00,0.9786129,0.8728019,2.790537,1.9918976,2.1316783,1.8971177
2053-04-03 12:00:00,0.7451737,0.8431181,2.9229326,2.4220443,2.3846133,2.1506531
2053-04-04 12:00:00,1.0459666,1.093438,2.2980564,2.1508996,3.2793503,1.670825
2053-04-05 12:00:00,1.4977604,1.5325805,2.024639,2.6058557,4.405073,1.4302032
2053-04-06 12:00:00,1.1483874,1.3402528,1.9401215,2.4555252,4.041532,1.3142192
2053-04-07 12:00:00,1.9765036,1.6826272,2.7505238,2.72008,2.482268,1.917647
2053-04-08 12:00:00,1.7608203,1.5737623,2.5657032,2.4324179,2.2577124,1.5026038
2053-04-09 12:00:00,2.6227107,2.4706166,4.3178425,2.956398,2.5374374,3.014438
2053-04-10 12:00:00,4.494323,4.138985,6.474608,4.916631,5.0535946,3.7349668
2053-04-11 12:00:00,2.5594656,2.329052,5.163527,5.0108876,5.7236104,3.670876
2053-04-12 12:00:00,3.5107775,2.8138876,4.8815947,4.6410055,4.4983263,2.5315182
2053-04-13 12:00:00,1.787607,1.5735364,3.9237986,3.4345787,4.260038,2.9853742
2053-04-14 12:00:00,1.5358304,1.3684703,2.9251955,3.1525261,3.3979669,2.803432
2053-04-15 12:00:00,1.1293794,1.3453399,2.9678118,3.8062658,4.734806,2.578388
2053-04-16 12:00:00,1.574456,1.7210768,3.9843986,4.4832277,5.601338,2.6177738
2053-04-17 12:00:00,1.3404243,1.6651601,3.7947593,3.834398,5.802975,2.7421544
2053-04-18 12:00:00,1.6291605,1.4748275,2.3829029,4.345359,3.9274094,1.9591308
2053-04-19 12:00:00,1.3424125,1.06871,2.4007564,2.2199805,4.2977543,1.2297451
2053-04-20 12:00:00,1.5509377,1.4438245,1.786082,2.5545046,3.09527,1.1967161
2053-04-21 12:00:00,0.8955251,0.82183355,1.9627415,1.8907243,4.5599165,1.7278103
2053-04-22 12:00:00,0.9192246,0.91466784,2.1108437,2.3829172,3.8499796,1.4035218
2053-04-23 12:00:00,1.5670972,1.3644211,2.935757,2.3008137,2.8736749,1.4732577
2053-04-24 12:00:00,3.431131,2.7843928,5.308109,2.460933,2.8989449,2.4624712
2053-04-25 12:00:00,2.0063958,1.8520416,3.3192563,2.7747736,2.337565,1.9111798
2053-04-26 12:00:00,2.4868684,1.8308982,4.3269625,2.61952,2.4766655,1.9607712
2053-04-27 12:00:00,2.013885,1.6289294,3.3968427,3.452045,3.9857,2.0063362
2053-04-28 12:00:00,1.0628572,1.147704,2.9309187,2.45779,4.1529326,1.6006985
2053-04-29 12:00:00,1.7363033,1.4730415,2.6665459,2.4800577,2.9189742,1.5213139
2053-04-30 12:00:00,2.4714031,1.9201186,3.508882,2.494396,3.183177,1.7484157
2053-05-01 12:00:00,2.9194477,2.4500198,3.7283802,2.5425503,2.8454633,2.0436432
2053-05-02 12:00:00,3.5584671,2.8526902,3.6113648,4.077252,4.3147163,2.7962806
2053-05-03 12:00:00,1.6040275,1.3995005,2.6534572,2.8172567,5.5931745,1.6004336
2053-05-04 12:00:00,1.1176304,1.3370451,2.8645556,2.4566448,5.742977,1.7309265
2053-05-05 12:00:00,1.9500909,1.8423718,2.113607,4.5069346,5.267195,1.1391826
2053-05-06 12:00:00,2.5788531,2.3284035,3.0973127,4.550956,3.3584883,2.252811
2053-05-07 12:00:00,2.291884,1.8080169,4.183703,2.8770761,4.065846,1.9983039
2053-05-08 12:00:00,1.2532331,1.2263796,3.3350344,2.4170613,4.138376,1.6582124
2053-05-09 12:00:00,1.4054288,1.5455259,2.2647636,2.9945545,5.6792207,1.7810508
2053-05-10 12:00:00,1.9566867,1.4593611,3.00695,3.0114057,3.7594326,1.6703695
2053-05-11 12:00:00,2.3611925,1.9121135,5.40244,2.9382074,4.3950562,2.188676
2053-05-12 12:00:00,1.3154713,1.2923367,3.7163625,2.9699585,4.6140156,1.6088547
2053-05-13 12:00:00,2.2948549,2.2686386,2.6284199,4.6693854,6.0074267,2.5974038
2053-05-14 12:00:00,4.6196146,3.9541445,5.2126718,6.2572603,6.607977,4.592486
2053-05-15 12:00:00,3.287232,3.0855682,4.6482,5.101965,4.4624605,3.673694
2053-05-16 12:00:00,3.0856094,2.8592012,4.005967,4.5786533,3.2571552,3.5861268
2053-05-17 12:00:00,2.8115113,2.6135886,4.110362,3.3168323,4.464423,2.9081404
2053-05-18 12:00:00,2.150175,1.9867615,2.9593155,2.1731544,3.8188648,1.5366713
2053-05-19 12:00:00,1.8511449,1.5216587,2.088224,2.225522,3.2933252,1.6937484
2053-05-20 12:00:00,1.82954,1.766407,2.7636569,2.8507664,3.7201042,1.806194
2053-05-21 12:00:00,2.9279845,2.465108,4.1092577,2.6153255,2.9526284,2.3154361
2053-05-22 12:00:00,2.5418668,2.3041701,2.621836,2.4972684,2.5183537,1.8629931
2053-05-23 12:00:00,1.5578483,1.7965676,3.4664083,2.7112763,2.4284103,2.0034533
2053-05-24 12:00:00,2.391524,2.4775314,3.252261,3.3060832,2.4800663,2.3320136
2053-05-25 12:00:00,2.6329255,2.5633097,3.2213159,4.22331,2.9468396,2.1041238
2053-05-26 12:00:00,2.10914,1.9001728,3.1843545,2.4671779,4.3720126,1.3720928
2053-05-27 12:00:00,3.228699,2.6411164,4.1427546,3.9718652,2.611838,3.3348978
2053-05-28 12:00:00,2.0442145,1.6519158,3.0579367,2.9984896,3.0483472,1.9389089
2053-05-29 12:00:00,1.8561058,2.2893205,5.4796014,3.5373745,3.403653,4.078917
2053-05-30 12:00:00,1.9598224,1.8797545,2.6720858,3.2100136,3.3147774,2.530005
2053-05-31 12:00:00,1.2650611,1.3088953,1.5786505,2.2163947,3.3557181,1.2816944
2053-06-01 12:00:00,1.583461,1.6287844,2.5901475,1.726324,2.7790563,1.8408666
2053-06-02 12:00:00,2.2223878,2.0374472,2.9258647,3.1129591,3.1882951,2.1743803
2053-06-03 12:00:00,2.614379,2.365774,3.7004387,3.0606744,3.9563665,2.4434624
2053-06-04 12:00:00,2.3170452,1.6493696,2.9330802,2.654648,2.7795446,2.0460691
2053-06-05 12:00:00,1.9616333,1.488331,2.8387039,3.1313403,2.490113,1.9961355
2053-06-06 12:00:00,2.1941426,1.9789894,3.369447,2.3287554,2.9025712,2.3393703
2053-06-07 12:00:00,3.310422,3.0623515,4.575781,3.2531288,3.7121048,3.1848357
2053-06-08 12:00:00,1.86074,1.6050347,2.4920201,2.9324622,3.7163472,1.6882536
2053-06-09 12:00:00,3.1465163,2.35825,2.927056,4.1972,5.6606627,2.3067026
2053-06-10 12:00:00,3.6898985,3.16086,3.4834523,4.1762185,4.294361,3.1987884
2053-06-11 12:00:00,3.5699372,2.8721123,4.080449,4.055377,2.6217017,2.9007137
2053-06-12 12:00:00,2.542117,2.3018265,4.1245623,4.985676,4.410784,2.861803
2053-06-13 12:00:00,1.9024541,1.6467656,3.1504524,4.47208,4.7451453,1.783193
2053-06-14 12:00:00,1.3112004,1.4635681,3.1319466,3.981206,5.3196707,1.8514231
2053-06-15 12:00:00,1.2214005,1.3150507,1.7471278,2.804958,6.7955675,1.3476533
2053-06-16 12:00:00,2.4379318,2.166507,2.0737286,2.285452,4.2161875,1.4623537
2053-06-17 12:00:00,2.272933,1.8937869,3.6722298,2.938163,2.4443707,2.0768096
2053-06-18 12:00:00,2.322061,1.808809,3.3169074,2.338645,4.7766695,2.217494
2053-06-19 12:00:00,2.331459,1.8226919,1.9986466,2.8309658,3.003024,1.7995955
2053-06-20 12:00:00,0.9493521,1.3505166,2.573638,3.2193942,2.710902,1.8846979
2053-06-21 12:00:00,1.7479321,1.3822094,2.003258,3.5781693,2.9913948,1.7046462
2053-06-22 12:00:00,1.1738851,1.2340975,1.5394682,3.7333348,3.7841034,1.283494
2053-06-23 12:00:00,0.974309,1.1200409,1.5662813,3.867884,3.764593,1.1251104
2053-06-24 12:00:00,1.6990814,1.4881129,1.8292066,3.5702913,3.3282843,1.2755665
2053-06-25 12:00:00,1.3848567,1.351075,1.6452464,3.2252643,2.9720645,1.1353769
2053-06-26 12:00:00,1.0884852,1.0058385,1.8551382,3.3709378,3.3450685,1.420997
2053-06-27 12:00:00,0.9982469,1.2190994,1.8582817,3.1672595,4.181279,1.4161276
2053-06-28 12:00:00,1.1712693,1.2814217,2.1478434,2.3652453,3.9534333,1.473614
2053-06-29 12:00:00,1.5074073,1.3332635,2.6453214,2.1933799,3.0030327,1.8574374
2053-06-30 12:00:00,1.1287382,1.1051244,2.4015424,2.388097,2.4750214,1.679006
2053-07-01 12:00:00,1.4958483,1.4550366,2.3442988,3.2501948,2.0227375,1.6370294
2053-07-02 12:00:00,3.142536,2.7346098,4.7244954,2.9587169,2.7441556,2.2416723
2053-07-03 12:00:00,2.3806746,2.3997834,5.9238377,2.8936565,2.1512372,2.8930044
2053-07-04 12:00:00,1.4840467,1.6468068,3.363844,2.9874015,3.6768973,2.9173326
2053-07-05 12:00:00,1.9436419,1.4513772,3.047079,3.1127903,4.8705263,2.1675823
2053-07-06 12:00:00,2.4925668,2.1809273,4.0180783,3.3886235,3.9870436,2.9464571
2053-07-07 12:00:00,2.2783556,2.202723,2.9732385,3.71258,3.7505612,2.1102328
2053-07-08 12:00:00,1.5869427,1.4890887,2.3243945,3.2151463,3.2066908,1.6851718
2053-07-09 12:00:00,1.874413,1.7786134,1.9803681,3.2926643,2.4384053,1.3626895
2053-07-10 12:00:00,1.398423,1.475777,1.8807528,2.3522434,3.4333801,1.3280231
2053-07-11 12:00:00,1.2988377,1.3241549,2.0965078,1.7848165,2.7286525,1.4647559
2053-07-12 12:00:00,1.5322499,1.5227709,1.9809972,2.2323446,2.3835382,1.7688847
2053-07-13 12:00:00,1.9568186,1.7118806,2.052465,1.6693476,2.310171,1.3975555
2053-07-14 12:00:00,1.9586117,1.7075081,3.1686146,2.0623536,1.70475,1.6362535
2053-07-15 12:00:00,2.0223718,1.8546522,3.3501325,2.3056464,1.7861454,1.8252444
2053-07-16 12:00:00,1.6414397,1.4979502,2.8856325,2.3612566,1.8984821,1.5763711
2053-07-17 12:00:00,1.7173,1.4688957,2.8835924,2.0181892,1.8568192,1.6618673
2053-07-18 12:00:00,2.6863887,2.2528622,3.9792576,3.1583645,2.3512952,1.8931301
2053-07-19 12:00:00,3.542507,2.5821357,4.106738,3.8965073,2.4171994,2.434894
2053-07-20 12:00:00,2.5202894,1.7781307,3.163137,2.5996947,3.0885253,1.3753422
2053-07-21 12:00:00,1.8996603,1.712091,3.7183979,1.9228822,2.5014772,1.2889115
2053-07-22 12:00:00,2.316401,1.9852295,3.3464527,2.1370037,2.620609,1.6790179
2053-07-23 12:00:00,1.7086579,1.3800714,2.2380958,2.3618977,2.580245,1.5811646
2053-07-24 12:00:00,0.8634304,1.0039362,2.658039,2.7210467,2.3647401,1.4663167
2053-07-25 12:00:00,2.0394733,1.9047878,3.7261672,2.5735636,2.1664746,3.004966
2053-07-26 12:00:00,2.5276372,2.1786375,2.7818365,2.5478556,1.7426144,2.4242084
2053-07-27 12:00:00,2.017901,1.8968836,3.3986907,2.2475114,2.0300157,2.2244637
2053-07-28 12:00:00,2.4451632,2.365484,2.9626195,3.7679346,3.5793734,2.1830313
2053-07-29 12:00:00,2.1690378,1.8149002,3.0955594,2.377534,3.6669605,1.6119558
2053-07-30 12:00:00,3.003894,2.5739791,4.4625382,3.0484293,2.32102,3.4775555
2053-07-31 12:00:00,2.620399,2.2392547,2.3217967,3.9935143,3.9761057,2.5599513
2053-08-01 12:00:00,2.46026,2.2612112,3.3223991,3.2310646,4.9043365,1.8881034
2053-08-02 12:00:00,2.0661669,2.0756302,3.1851454,2.6322548,3.516568,1.5227512
2053-08-03 12:00:00,2.7685905,2.1829698,4.386368,3.0124831,3.3113632,3.227509
2053-08-04 12:00:00,3.2586048,2.489356,3.5088062,3.114563,2.5667117,3.0224211
2053-08-05 12:00:00,1.2050332,1.4178286,2.4204767,1.9673097,2.6889958,2.1125796
2053-08-06 12:00:00,1.5203154,1.5742267,3.1645892,2.7357953,2.722201,2.7166464
2053-08-07 12:00:00,2.1579869,1.9544269,2.652198,4.1136637,3.991876,2.109944
2053-08-08 12:00:00,2.000368,1.7202837,3.0838647,3.8519766,5.5569706,2.451021
2053-08-09 12:00:00,1.3563812,1.5044409,2.3232121,2.3155394,2.5631175,2.2868335
2053-08-10 12:00:00,2.0160751,1.6619507,2.9355185,2.4156451,2.2763135,1.6027402
2053-08-11 12:00:00,3.1740766,2.6056924,3.7596974,4.255526,4.656235,2.093329
2053-08-12 12:00:00,2.3949373,1.9722573,3.4503946,2.2159002,4.2320375,2.143186
2053-08-13 12:00:00,1.8399115,1.8522335,2.7591121,3.6279323,4.0841227,2.0123787
2053-08-14 12:00:00,1.9411341,1.7804283,4.1208844,2.8978703,3.4100115,2.0432673
2053-08-15 12:00:00,2.804321,2.473585,4.054455,3.8583248,3.2292366,2.684458
2053-08-16 12:00:00,3.8878021,3.0606487,5.5978384,4.371388,4.1830263,4.1645274
2053-08-17 12:00:00,3.5579376,3.089506,4.711991,6.1990776,3.3774579,4.507941
2053-08-18 12:00:00,2.3716574,2.1428785,4.4201317,4.014462,2.6155295,3.4191895
2053-08-19 12:00:00,3.253048,2.5071208,4.518309,2.4678724,2.8779366,2.2305205
2053-08-20 12:00:00,2.5318916,2.18048,4.9678426,3.6830072,2.9628055,3.305272
2053-08-21 12:00:00,1.7063397,1.4861752,2.9102917,3.3068268,4.063162,2.0141628
2053-08-22 12:00:00,2.3865557,1.9552788,3.7884915,3.4667614,3.5084922,2.414588
2053-08-23 12:00:00,1.5088187,1.6915708,4.9187665,4.1163163,3.2638953,2.8147652
2053-08-24 12:00:00,2.2038102,2.277666,4.747727,4.7261434,4.144758,3.379337
2053-08-25 12:00:00,3.2920957,3.074335,5.457036,3.7929275,3.5611134,3.8438964
2053-08-26 12:00:00,3.2109857,2.9452832,5.170039,4.90172,5.123486,4.2583046
2053-08-27 12:00:00,3.7600422,3.5551562,7.3018365,5.263163,3.8682065,5.0834093
2053-08-28 12:00:00,3.2950277,2.7802908,3.1529047,5.72412,5.7453146,2.3752909
2053-08-29 12:00:00,2.1401863,2.0480304,4.5676556,3.430736,5.010649,3.1441517
2053-08-30 12:00:00,4.097124,3.9482234,5.1139855,8.179636,3.343099,5.0538206
2053-08-31 12:00:00,2.3630447,2.1299784,3.9514513,4.3722577,4.204145,2.4700541
2053-09-01 12:00:00,1.3729801,1.6098535,2.6162035,2.9814796,3.7591236,1.8146101
2053-09-02 12:00:00,1.2081078,1.3876735,2.0628371,2.6060338,2.6903238,2.3009758
2053-09-03 12:00:00,1.7434838,1.5465065,3.076835,2.1081846,2.8003337,1.9177673
2053-09-04 12:00:00,1.4976614,1.2233385,2.6838539,1.796633,2.822997,1.4012529
2053-09-05 12:00:00,1.3460124,1.1201128,2.533888,2.3509743,2.4302778,2.0931144
2053-09-06 12:00:00,2.1383462,1.8622842,3.6550388,2.9210956,3.0115874,2.647086
2053-09-07 12:00:00,1.3641576,1.1637266,2.6250744,2.9616559,3.5008082,1.3213269
2053-09-08 12:00:00,1.4490188,1.1121523,1.7483414,2.604529,2.1761527,1.2866678
2053-09-09 12:00:00,1.7297021,1.316645,1.821228,4.3159313,3.4099393,1.7465119
2053-09-10 12:00:00,1.5758281,1.2144171,1.6644428,2.2285926,4.09906,1.1860982
2053-09-11 12:00:00,0.9943643,0.97973925,1.8302658,1.7140005,3.1546576,1.367666
2053-09-12 12:00:00,1.12577,1.0292426,2.3939571,2.3987079,2.5452676,2.1395297
2053-09-13 12:00:00,0.7740464,1.030228,2.03957,2.5742316,3.0636017,2.2301698
2053-09-14 12:00:00,1.3181179,1.5008093,3.3536377,2.1780126,4.4387727,1.9285364
2053-09-15 12:00:00,1.3191392,1.6536593,4.6884317,2.7633405,6.831438,3.1399221
2053-09-16 12:00:00,1.0510373,1.1314203,3.7357397,2.4425921,4.8463154,2.071154
2053-09-17 12:00:00,1.4313684,1.0957663,2.9310694,1.7326213,4.429849,1.4988165
2053-09-18 12:00:00,1.6387274,1.1974792,2.3939705,2.2845337,5.878012,1.2879579
2053-09-19 12:00:00,2.0381687,1.7924211,2.024239,2.7851474,6.4898605,1.5750704
2053-09-20 12:00:00,2.438746,2.0351477,2.401819,2.6815827,5.040722,1.5088137
2053-09-21 12:00:00,1.8728902,1.4200616,2.7432497,2.044491,3.2772152,1.3631419
2053-09-22 12:00:00,1.0995753,1.0632418,2.7926705,1.8718941,3.3217988,1.2012937
2053-09-23 12:00:00,1.2404531,1.4024208,3.9566116,1.9302591,2.7880287,2.202848
2053-09-24 12:00:00,2.006681,2.0843623,5.6476088,3.6576567,2.3440702,3.8189251
2053-09-25 12:00:00,2.9498048,2.6533208,4.1005964,4.4776196,3.4167726,3.082939
2053-09-26 12:00:00,1.9835179,1.6538892,3.6748002,3.908474,4.774927,3.0679884
2053-09-27 12:00:00,3.4777136,3.0710657,5.9946656,4.156689,3.655242,3.497288
2053-09-28 12:00:00,3.75,3.118331,3.888524,3.6658235,4.4619603,2.5248845
2053-09-29 12:00:00,1.2744603,1.2046746,3.8197932,4.3430824,5.1036897,3.5045452
2053-09-30 12:00:00,2.2781246,2.435472,6.0260553,5.205531,4.971939,4.346
2053-10-01 12:00:00,2.989304,2.5540094,3.2519712,3.3632374,4.6166587,2.73104
2053-10-02 12:00:00,1.5927238,1.509244,2.0362923,2.2511723,4.2644806,1.6517062
2053-10-03 12:00:00,2.8998833,2.318491,2.8677435,2.0611825,2.7649124,1.3374118
2053-10-04 12:00:00,3.7195249,2.9846106,2.861654,2.6934154,2.8588402,1.3714666
2053-10-05 12:00:00,2.2875319,2.0348692,2.7852361,3.534889,3.886897,1.6755826
2053-10-06 12:00:00,1.6676333,1.5655239,4.1027255,3.4742405,4.3488655,2.3554883
2053-10-07 12:00:00,1.150748,1.0611455,3.685092,2.084885,4.0921082,1.611662
2053-10-08 12:00:00,1.3341757,1.2078826,2.954593,2.3291907,3.7110589,1.1884136
2053-10-09 12:00:00,0.92287064,1.0625136,2.0470605,2.3300083,3.3111517,1.2138685
2053-10-10 12:00:00,1.2466402,1.2750767,1.8760494,2.1582096,6.526072,1.1218262
2053-10-11 12:00:00,0.8690793,0.9471022,1.5266916,1.7425425,5.836478,0.9908017
2053-10-12 12:00:00,1.1219401,1.0031395,1.777427,3.4460914,3.9267797,1.2340119
2053-10-13 12:00:00,1.0251771,1.0656354,3.2942157,2.957139,5.152041,1.1259248
2053-10-14 12:00:00,1.0244998,1.0220624,2.9726882,3.7983775,2.450538,2.1940334
2053-10-15 12:00:00,2.422097,2.0612905,3.9380794,2.6395688,2.8720088,2.5355747
2053-10-16 12:00:00,1.547621,1.331536,4.9954085,3.2641356,3.5448434,2.6214833
2053-10-17 12:00:00,2.4455721,2.4962184,6.7493844,6.256189,4.506389,4.357937
2053-10-18 12:00:00,3.2780213,2.821441,5.4836926,5.548805,5.030312,3.0307713
2053-10-19 12:00:00,2.4758391,2.2433236,4.1088634,5.1480613,7.373562,3.3937762
2053-10-20 12:00:00,2.8447714,2.3785236,3.8695338,4.132965,5.8851075,2.183048
2053-10-21 12:00:00,2.2897923,2.133302,3.6032054,4.176172,6.287789,3.5378032
2053-10-22 12:00:00,1.8060126,1.635675,2.584869,4.861089,7.6572886,2.8646033
2053-10-23 12:00:00,2.4386444,1.9414867,3.5863106,3.306349,5.8137484,2.0618842
2053-10-24 12:00:00,2.1137347,1.8905679,3.1409457,2.499141,6.108877,1.7804043
2053-10-25 12:00:00,0.7931339,0.89513594,4.598552,2.806581,7.2389145,3.3244731
2053-10-26 12:00:00,1.5779618,1.694185,5.439004,4.982802,5.3661304,4.0144415
2053-10-27 12:00:00,3.0973558,3.08638,5.4464583,5.3837934,5.781637,3.588743
2053-10-28 12:00:00,1.4623461,1.5704776,2.5914328,4.6450405,5.669701,2.0716956
2053-10-29 12:00:00,2.2151358,1.8308718,3.8410954,3.4760625,5.680798,2.0144522
2053-10-30 12:00:00,2.1934538,2.2412968,2.6106615,3.4437976,4.1705627,2.0841036
2053-10-31 12:00:00,1.4974008,1.3962321,3.6460075,4.609828,2.9315858,1.7706771
2053-11-01 12:00:00,2.1138625,1.5017664,4.7505965,3.0444102,4.1142936,2.1432168
2053-11-02 12:00:00,1.5045527,1.5307556,4.486445,4.308594,4.7522144,2.8767712
2053-11-03 12:00:00,0.9210777,1.0627614,4.550867,2.4005046,3.1137195,2.2922695
2053-11-04 12:00:00,0.8875819,1.0461881,4.5168653,2.575774,3.3066921,2.3360817
2053-11-05 12:00:00,0.96321076,0.99764735,4.001817,3.9047298,3.6357481,2.1371374
2053-11-06 12:00:00,1.3599429,0.9340048,3.8026574,2.202758,3.9223285,1.6104913
2053-11-07 12:00:00,0.8357637,0.8840265,3.1513867,2.5024216,3.5672193,1.4755034
2053-11-08 12:00:00,1.0877924,0.9047592,4.5236135,2.60794,3.8252666,2.2874546
2053-11-09 12:00:00,1.3416731,1.2812515,3.8967793,4.115158,3.575099,3.1907203
2053-11-10 12:00:00,1.1974459,1.2694763,3.0519931,5.368742,4.2260237,2.773526
2053-11-11 12:00:00,1.8095238,1.3184404,2.9561849,3.892807,4.506202,1.7412661
2053-11-12 12:00:00,0.93129426,1.0964463,2.7053063,4.374217,4.237772,2.9078948
2053-11-13 12:00:00,1.4880114,1.4610499,2.7882488,3.765473,6.7507377,2.0455806
2053-11-14 12:00:00,2.8481243,2.0551553,4.5246773,3.3358827,6.6508203,2.1809065
2053-11-15 12:00:00,3.4977803,3.0058966,5.4101963,4.488453,6.5711794,2.7627094
2053-11-16 12:00:00,3.012581,2.9981143,3.5066183,4.97079,6.7571363,2.1262941
2053-11-17 12:00:00,2.163888,2.073932,3.6961973,5.0957785,6.8340836,3.9806623
2053-11-18 12:00:00,2.9437861,2.197047,3.5453181,2.4900312,5.930209,2.0282981
2053-11-19 12:00:00,1.5354767,1.1966802,3.9419453,2.9145374,6.3099093,2.003909
2053-11-20 12:00:00,2.3703403,1.6427379,5.264542,3.0356092,4.855311,2.003766
2053-11-21 12:00:00,3.1277618,1.9097185,4.4157405,2.7665112,3.8639295,1.9585282
2053-11-22 12:00:00,2.2595515,1.8080493,2.5635507,3.0509307,3.130922,1.693541
2053-11-23 12:00:00,1.1865711,1.3428787,1.7633938,3.1111205,5.6809344,1.2695913
2053-11-24 12:00:00,1.8960066,1.7607675,2.3168366,2.0061886,6.9751716,1.5946345
2053-11-25 12:00:00,0.9124578,1.0605713,1.7920189,3.10062,4.638857,1.3571134
2053-11-26 12:00:00,1.102278,1.6611689,2.6681004,6.048228,3.915769,2.4240286
2053-11-27 12:00:00,1.2670784,1.7243552,2.4644613,4.8961043,4.7984653,2.359033
2053-11-28 12:00:00,1.546473,1.7295617,3.283453,6.1083665,2.5018198,2.923131
2053-11-29 12:00:00,1.156638,1.3757358,4.5911264,5.0063624,2.8891017,3.4199648
2053-11-30 12:00:00,1.9935125,2.0672474,5.6824965,4.229176,4.5586944,3.7667613
2053-12-01 12:00:00,1.8405542,1.6251296,3.9405704,4.265878,3.5950515,3.042616
2053-12-02 12:00:00,1.343806,1.7359129,3.0751987,3.8574846,2.9660234,2.0979362
2053-12-03 12:00:00,2.8384123,2.1989207,3.3855355,3.0689216,2.4657884,2.4192412
2053-12-04 12:00:00,4.4533396,3.2542348,4.289094,2.4719305,2.1118808,2.7833133
2053-12-05 12:00:00,1.781368,1.7319545,2.723563,2.5698788,2.5355263,1.8910625
2053-12-06 12:00:00,1.3778467,1.5190698,2.3838756,3.484789,6.8439217,1.7743139
2053-12-07 12:00:00,1.0118188,1.1947176,3.5427785,3.4611046,7.9740615,2.8077688
2053-12-08 12:00:00,0.9914179,1.279607,2.5327334,3.1337228,6.0273066,2.2136335
2053-12-09 12:00:00,1.5460835,1.5032631,3.9939616,4.764611,4.631436,4.334897
2053-12-10 12:00:00,1.5801424,1.5603575,6.049311,5.246628,4.584435,3.4366808
2053-12-11 12:00:00,2.939508,2.7007058,7.8994336,4.6142864,4.7963514,3.8440666
2053-12-12 12:00:00,3.9336612,3.1940982,5.8208055,5.4461017,4.3495975,3.0491686
2053-12-13 12:00:00,2.6859894,2.1290255,2.7522616,4.383832,5.302773,1.5562788
2053-12-14 12:00:00,1.3249599,1.3420529,3.4234388,4.7880154,5.7023377,3.491316
2053-12-15 12:00:00,3.7583475,2.8681834,6.154717,5.534122,4.9307437,3.9388463
2053-12-16 12:00:00,2.7298164,2.572899,5.716717,5.5739355,4.657496,4.5328946
2053-12-17 12:00:00,4.1307573,3.7818995,6.933186,6.5948467,4.2238827,6.110226
2053-12-18 12:00:00,3.316212,3.004854,5.4806356,6.6802516,6.3859797,4.4397078
2053-12-19 12:00:00,3.357827,2.99198,6.066411,4.683882,4.992228,4.3035192
2053-12-20 12:00:00,2.0471199,2.1247976,2.8044438,4.6697607,4.6771235,2.6079628
2053-12-21 12:00:00,0.85932463,1.1788752,3.4144833,3.4002504,5.8258233,3.1672535
2053-12-22 12:00:00,0.89370316,1.015583,1.8673966,2.7778835,4.336275,2.5076275
2053-12-23 12:00:00,2.2615185,2.1395512,2.3727686,2.7682881,4.019733,2.162962
2053-12-24 12:00:00,1.2659057,1.3048087,3.9003212,2.9658663,4.4502053,2.6887317
2053-12-25 12:00:00,3.3690705,2.3736944,4.220708,2.9790623,3.7615314,2.545435
2053-12-26 12:00:00,1.9102902,1.6940866,3.5107403,3.923837,3.2150455,2.1364958
2053-12-27 12:00:00,1.3147724,1.2985576,3.3973377,3.2304745,3.4135969,1.9940913
2053-12-28 12:00:00,2.5209486,1.8733773,3.4390073,2.742483,3.012671,2.1467195
2053-12-29 12:00:00,3.2426744,2.3071542,3.9043112,3.795891,3.4544036,2.6964514
2053-12-30 12:00:00,3.9169726,2.7198706,4.5432706,4.600065,3.9753757,3.1386178
2053-12-31 12:00:00,2.510397,1.6912934,4.7272115,3.5057688,3.7812293,2.8147418
2054-01-01 12:00:00,2.1929717,1.6942346,5.2763085,4.306108,3.6842728,2.4796438
2054-01-02 12:00:00,3.3518956,2.441518,7.3875437,5.0401974,3.290212,3.679447
2054-01-03 12:00:00,4.405302,3.167132,7.3054047,4.048959,3.0796099,3.565565
2054-01-04 12:00:00,3.998662,2.6963155,5.3574085,3.6340468,4.148649,3.0165489
2054-01-05 12:00:00,1.6456981,1.5232102,3.9450078,3.0955613,3.3827336,2.3410816
2054-01-06 12:00:00,1.205425,1.4820249,2.9227045,3.6646967,2.9943748,1.8707255
2054-01-07 12:00:00,1.2713281,1.3792633,2.3627899,5.4736485,4.035803,2.092909
2054-01-08 12:00:00,1.0514486,1.3138036,3.3155031,5.975386,4.4767237,3.566999
2054-01-09 12:00:00,1.4222264,1.2931156,6.6655154,5.0532203,5.4340425,4.7329636
2054-01-10 12:00:00,1.8379251,1.7075523,5.6693673,4.874401,7.189009,4.0538707
2054-01-11 12:00:00,3.9442375,3.4356542,6.6582274,5.6698866,7.9295444,3.8547957
2054-01-12 12:00:00,4.0925617,3.5838728,5.65921,6.321032,7.3055305,3.1185675
2054-01-13 12:00:00,3.7511764,3.0148716,5.625995,5.93374,7.0193043,3.8060243
2054-01-14 12:00:00,3.66225,3.1271226,5.978615,6.1678267,5.52134,3.7281477
2054-01-15 12:00:00,2.5036297,1.8560623,4.6528897,4.403842,5.7000055,2.7614079
2054-01-16 12:00:00,2.0875595,1.4273108,3.1809623,2.4308512,5.302641,1.6205355
2054-01-17 12:00:00,0.68886536,0.9459055,2.1259048,2.1099992,3.5272908,1.7621709
2054-01-18 12:00:00,0.886643,0.79583955,3.2057335,2.6309807,2.9665828,2.0812478
2054-01-19 12:00:00,1.2936788,1.170887,3.7099419,4.056368,3.730133,2.7270198
2054-01-20 12:00:00,2.1689632,1.8160273,6.080619,5.759117,5.2616997,3.9622047
2054-01-21 12:00:00,1.4489273,1.5116934,6.2183604,6.0544834,5.463543,4.4789906
2054-01-22 12:00:00,1.2330158,1.2408048,6.24141,5.388243,6.152448,4.5574093
2054-01-23 12:00:00,1.5522354,1.4237051,6.227491,5.1381907,6.974521,4.2104716
2054-01-24 12:00:00,1.3309082,1.3169558,6.039714,3.7814357,6.5068784,3.5695229
2054-01-25 12:00:00,2.4118009,1.9104581,7.069788,5.17786,4.5178456,4.240118
2054-01-26 12:00:00,3.268398,2.4118354,6.5163713,4.9188395,3.636472,3.2808266
2054-01-27 12:00:00,3.333613,2.57004,5.7849007,4.562546,3.1311758,2.8367229
2054-01-28 12:00:00,3.591713,2.601422,5.57286,3.4841971,2.6328237,2.5930166
2054-01-29 12:00:00,4.120519,2.8578699,4.6639547,3.276247,2.7696912,2.1918128
2054-01-30 12:00:00,4.2399826,2.9314299,4.576154,3.9912512,3.6834345,2.3207066
2054-01-31 12:00:00,4.523733,3.3576155,5.1556206,3.5334322,4.54196,2.6720638
2054-02-01 12:00:00,4.619059,3.3917644,5.57069,3.1488085,4.5729494,2.7386036
2054-02-02 12:00:00,3.3155665,2.455775,4.646031,2.6598656,4.413565,2.353383
2054-02-03 12:00:00,2.2648978,1.5783939,4.136659,2.5492408,3.259962,1.7923553
2054-02-04 12:00:00,2.5693712,1.8003049,4.7217193,3.7174346,3.8692799,2.3739784
2054-02-05 12:00:00,2.9090612,2.170197,4.3875504,5.146883,5.7691655,2.5075874
2054-02-06 12:00:00,2.6001167,1.938695,2.833457,3.7320318,4.928032,2.3521636
2054-02-07 12:00:00,1.0635784,1.1940014,2.800976,4.87639,6.22894,3.3439229
2054-02-08 12:00:00,1.885056,1.6382471,3.7729812,4.8059516,7.0913215,2.7603505
2054-02-09 12:00:00,1.5755441,1.8424773,3.624418,3.0692866,3.6605592,2.0248346
2054-02-10 12:00:00,1.128306,1.5416093,2.0364282,4.0809913,3.9705274,1.7645383
2054-02-11 12:00:00,1.666076,1.780981,3.4997692,4.5201454,3.9274447,1.4887183
2054-02-12 12:00:00,3.763888,2.724423,4.070922,2.6882021,3.9338422,1.8227632
2054-02-13 12:00:00,4.183018,4.222712,5.716195,5.0607195,3.043917,4.078845
2054-02-14 12:00:00,3.9621313,3.9469955,6.0291185,6.1429553,5.2712293,5.2507105
2054-02-15 12:00:00,3.8540015,2.6639037,4.610369,3.4745245,7.0231028,2.3110454
2054-02-16 12:00:00,1.395756,1.8780582,4.1079636,5.892245,7.045968,3.213516
2054-02-17 12:00:00,2.6511703,3.0536954,5.05199,5.349015,6.9095464,3.3972888
2054-02-18 12:00:00,1.9184595,2.15758,4.832211,4.649328,6.3965664,3.3185153
2054-02-19 12:00:00,3.2385304,3.0943487,4.237178,3.8851628,6.969159,2.7239099
2054-02-20 12:00:00,2.3914084,2.1509647,3.2117984,1.9587418,4.2220597,1.7680591
2054-02-21 12:00:00,1.1741307,1.2318885,2.1175563,1.819702,3.226081,1.9035168
2054-02-22 12:00:00,1.0386649,0.9637006,4.522765,2.57365,2.7082736,2.372167
2054-02-23 12:00:00,1.5285529,1.3831682,6.18503,2.466785,3.663292,2.3957777
2054-02-24 12:00:00,2.2511907,1.5566822,4.288969,2.96072,2.3688571,2.151668
2054-02-25 12:00:00,0.94463634,1.0778903,2.5222256,2.1442018,2.5071847,1.749935
2054-02-26 12:00:00,2.519991,2.0663402,6.005645,3.5700119,4.0777607,3.191006
2054-02-27 12:00:00,2.8627276,2.5607216,3.7579212,5.7274847,6.161266,3.618014
2054-02-28 12:00:00,1.7566133,1.6733038,4.388062,4.285783,4.769662,3.0543802
2054-03-01 12:00:00,2.2066984,1.8670132,4.5538073,3.4777539,4.744472,3.1640728
2054-03-02 12:00:00,1.9190999,1.8436102,3.0387084,3.8080468,4.67345,2.0732918
2054-03-03 12:00:00,0.7204913,1.0560286,2.2845504,4.6646786,5.387172,1.620101
2054-03-04 12:00:00,2.2903397,2.243726,4.689722,5.431327,5.0970864,2.8765275
2054-03-05 12:00:00,2.446354,2.2464056,5.2332234,5.7857294,4.8267713,3.6844573
2054-03-06 12:00:00,2.4885304,2.1498632,4.186687,4.147463,4.1279473,2.2035193
2054-03-07 12:00:00,1.1883991,1.522348,2.5152888,3.3666275,3.916657,1.1334316
2054-03-08 12:00:00,1.3226619,1.2256428,1.9361123,3.3238652,3.7601426,1.220955
2054-03-09 12:00:00,1.9575665,1.8524686,2.1723442,3.3835669,2.7134662,2.0352397
2054-03-10 12:00:00,3.6933844,2.648919,2.8782754,2.5577364,3.0939286,1.780461
2054-03-11 12:00:00,2.0410175,1.4223611,2.5172524,3.23334,4.3032365,1.4696568
2054-03-12 12:00:00,1.463305,1.0633255,2.4790337,3.3227725,6.3519535,1.5193533
2054-03-13 12:00:00,1.082025,0.97930485,5.214976,3.4255493,5.801727,2.8611758
2054-03-14 12:00:00,3.412394,2.511662,4.919165,3.3495877,4.239683,2.5188699
2054-03-15 12:00:00,2.3876772,2.1045156,3.976589,3.1081166,4.938133,1.7800893
2054-03-16 12:00:00,2.0814257,1.6208274,3.3250494,1.676379,4.3697357,1.3360064
2054-03-17 12:00:00,2.8659177,2.0819025,3.5422106,1.7415669,2.7592032,1.9680507
2054-03-18 12:00:00,4.225891,3.3669634,3.2494538,2.9846175,2.6070893,2.3575554
2054-03-19 12:00:00,4.028954,3.7376847,2.9296575,3.92007,3.965093,2.1035
2054-03-20 12:00:00,2.3459663,2.3594408,1.9094945,2.0549138,4.9380355,1.4410871
2054-03-21 12:00:00,1.1149743,1.0630832,1.5433886,1.9926598,3.0642102,1.5051935
2054-03-22 12:00:00,1.4661924,1.2611998,1.8753334,3.088025,3.0519242,1.4173696
2054-03-23 12:00:00,1.1734813,1.0866021,3.114238,4.409793,3.1369448,2.8412936
2054-03-24 12:00:00,2.4042506,1.8834072,3.00455,5.3181286,3.745047,2.6348357
2054-03-25 12:00:00,1.698338,1.403721,2.3321686,3.5628595,4.790477,1.447868
2054-03-26 12:00:00,1.8091776,1.5530956,3.524207,2.459491,4.1705527,2.042624
2054-03-27 12:00:00,1.4504714,1.3685067,3.4798603,2.8953485,2.5444643,2.505953
2054-03-28 12:00:00,3.0199878,2.286837,3.7592,5.4219785,3.3712313,2.393667
2054-03-29 12:00:00,1.4522101,1.3473912,2.67697,4.1274967,5.3803596,2.54347
2054-03-30 12:00:00,2.130951,2.0102444,3.3102179,2.4372077,3.9007046,1.8858249
2054-03-31 12:00:00,2.47677,2.3555577,4.8064384,5.6599855,5.0373526,4.665758
2054-04-01 12:00:00,4.5212016,3.5996342,5.6884365,6.8599586,7.5798516,5.169932
2054-04-02 12:00:00,2.3404422,2.003872,3.3767493,5.583472,6.5086365,2.9440944
2054-04-03 12:00:00,2.8784082,2.314144,4.3634133,3.4537523,6.202475,2.1276445
2054-04-04 12:00:00,3.272779,2.6541393,3.537369,5.5335345,6.3717074,1.998413
2054-04-05 12:00:00,1.9285804,2.0285995,3.0166001,6.5425997,8.021609,3.3613203
2054-04-06 12:00:00,2.547345,2.3758337,3.0315945,7.372114,6.7789974,3.6188288
2054-04-07 12:00:00,2.8640833,2.7202926,3.9563117,7.006866,5.860384,4.143802
2054-04-08 12:00:00,1.9078357,2.0792234,4.124514,5.450198,4.082317,2.3978717
2054-04-09 12:00:00,2.93392,2.379688,4.5545974,3.3549042,3.4224098,2.4631245
2054-04-10 12:00:00,3.2297697,2.6257849,3.5806196,2.0459232,2.958977,1.778981
2054-04-11 12:00:00,1.9232972,1.5673091,2.923522,3.1363642,3.0691602,2.8101
2054-04-12 12:00:00,1.5335511,1.4646708,2.505472,4.023033,5.026429,2.470882
2054-04-13 12:00:00,1.759175,1.6899567,3.5141692,3.7962382,4.4770803,3.0483594
2054-04-14 12:00:00,3.4735165,2.7225037,3.8708572,5.065102,5.508461,2.9644976
2054-04-15 12:00:00,2.5836523,2.4408834,3.6670444,6.1719155,4.957626,3.6114824
2054-04-16 12:00:00,2.6737323,2.248137,5.2146173,4.158554,3.789636,3.6594322
2054-04-17 12:00:00,3.2622838,2.8755877,5.494245,4.9163003,3.9687033,4.3025694
2054-04-18 12:00:00,2.8812475,2.612167,4.79213,3.7563837,4.2550173,2.8661153
2054-04-19 12:00:00,2.7876153,2.9515922,5.920883,6.030538,6.4714246,3.2843115
2054-04-20 12:00:00,1.9928696,1.651324,2.5821347,4.235131,7.3915424,1.6084445
2054-04-21 12:00:00,1.0368708,1.1482466,2.743794,4.372366,4.4405055,3.000149
2054-04-22 12:00:00,1.5327387,1.1998134,3.2379131,3.563646,3.026886,2.7585268
2054-04-23 12:00:00,2.0132408,1.5868446,4.0354195,3.4780004,2.5544155,3.8064435
2054-04-24 12:00:00,2.7917657,2.4072247,4.602965,3.2929728,4.7634873,3.9737966
2054-04-25 12:00:00,2.697206,2.8621325,4.0774117,5.219778,6.2884283,2.953558
2054-04-26 12:00:00,2.9992883,2.6814795,5.336898,3.591251,5.872849,3.0476918
2054-04-27 12:00:00,3.3688889,3.043504,5.0526047,4.277596,4.9413996,3.0438821
2054-04-28 12:00:00,1.9652703,1.7363262,3.9758415,3.0039463,3.4219704,2.129096
2054-04-29 12:00:00,3.2897024,3.0786982,4.971593,4.325305,3.458433,3.959727
2054-04-30 12:00:00,3.4739256,2.598137,3.6237159,2.780473,3.939618,2.197171
2054-05-01 12:00:00,2.6526365,2.0025084,2.6295097,3.1187534,4.013845,2.103315
2054-05-02 12:00:00,2.5774317,1.9635929,2.8613944,2.205537,3.489065,1.5632157
2054-05-03 12:00:00,2.043522,1.8035333,2.7050362,1.9136997,3.27973,1.6659029
2054-05-04 12:00:00,1.8568099,1.8253978,2.2363498,2.6080456,3.0167878,1.6132324
2054-05-05 12:00:00,2.1191666,2.001706,2.2100937,3.5370162,3.0870974,1.4923673
2054-05-06 12:00:00,1.9098601,1.9231814,1.9641159,3.6297503,2.5787218,1.4964652
2054-05-07 12:00:00,1.8675387,1.6389498,2.6678908,2.945624,1.7191815,2.776642
2054-05-08 12:00:00,1.9133303,1.341985,2.6851428,2.0629857,3.0137036,2.2562435
2054-05-09 12:00:00,1.2720866,1.0703764,2.4170976,2.7432232,3.712154,1.2793285
2054-05-10 12:00:00,1.2966006,1.2943861,2.6682847,2.9388058,2.3339436,2.563156
2054-05-11 12:00:00,1.8734848,1.813958,3.4502423,2.4997873,2.8502274,1.9622515
2054-05-12 12:00:00,2.1216848,1.9153318,3.662611,2.1465764,2.152966,1.7950773
2054-05-13 12:00:00,1.8520093,1.5785322,2.1784887,2.3677607,2.12948,1.3948674
2054-05-14 12:00:00,1.8817942,1.8101311,1.8677355,2.6294644,2.7292566,1.7095555
2054-05-15 12:00:00,1.560125,1.7333263,3.657523,2.935673,2.7529602,2.1229954
2054-05-16 12:00:00,1.7354236,1.5578153,4.570093,2.4271111,2.4440277,2.5376837
2054-05-17 12:00:00,3.2535748,2.8379836,5.6970716,3.548023,3.0729647,3.4634328
2054-05-18 12:00:00,3.731536,3.3396332,4.260345,4.1191015,3.538612,2.6930864
2054-05-19 12:00:00,2.2469432,2.1733887,3.275,4.141098,4.197243,2.2453177
2054-05-20 12:00:00,3.4366784,3.0854154,5.8691454,3.2199254,4.736269,3.5410774
2054-05-21 12:00:00,2.8479373,2.6160994,3.256024,5.2543035,3.764823,3.370246
2054-05-22 12:00:00,0.97933733,1.2684472,2.8125906,2.6835718,6.6636257,1.6184211
2054-05-23 12:00:00,1.6651123,1.434236,4.404855,3.309721,6.3194194,1.7964948
2054-05-24 12:00:00,3.2136598,2.4752553,4.0745416,3.3537557,6.3295655,2.3892863
2054-05-25 12:00:00,1.2404485,1.2925236,2.2692523,2.262071,4.893663,1.8717426
2054-05-26 12:00:00,1.006324,0.926832,3.195606,2.5798357,3.5369375,1.8510473
2054-05-27 12:00:00,1.0243543,1.0193363,2.590377,2.9453392,3.924576,1.985032
2054-05-28 12:00:00,1.967032,1.4626833,2.6229846,3.5570662,4.0976624,1.9281515
2054-05-29 12:00:00,2.970536,2.1884844,3.4421265,3.367786,3.9282646,2.3747385
2054-05-30 12:00:00,1.9811369,1.7655199,2.2877214,2.7167435,3.8458183,1.6948314
2054-05-31 12:00:00,1.8784322,1.6004224,2.69834,2.6676,2.8438957,2.2241642
2054-06-01 12:00:00,2.0376153,1.8002924,3.0104675,2.7731552,3.2026238,2.1941326
2054-06-02 12:00:00,2.1151538,1.8808613,3.683854,2.553069,3.6813061,2.7778938
2054-06-03 12:00:00,2.8431118,2.3784504,3.9319491,3.7712507,3.7647626,2.8713877
2054-06-04 12:00:00,2.0649164,2.328199,3.7876318,4.7005534,6.915642,2.2519877
2054-06-05 12:00:00,1.8303819,1.9488944,2.7758653,3.452154,7.0173736,1.6662245
2054-06-06 12:00:00,1.7390814,1.5580934,2.4802175,2.4004397,5.9493093,1.4238403
2054-06-07 12:00:00,2.4999905,2.0360422,3.3788106,3.554675,4.6832438,2.6362114
2054-06-08 12:00:00,2.4804192,2.1658697,2.318086,3.396604,4.842219,1.9794399
2054-06-09 12:00:00,2.5789583,2.42607,3.260081,4.346649,4.455353,2.5015001
2054-06-10 12:00:00,2.2282648,2.0175955,3.0139627,4.6126556,4.242672,2.1396515
2054-06-11 12:00:00,2.8260694,2.4907806,3.0949461,4.787437,3.669856,2.3500264
2054-06-12 12:00:00,1.4824824,1.6934603,2.7209885,4.475725,4.0037427,2.41666
2054-06-13 12:00:00,2.1213589,1.7919116,2.806418,4.009973,2.9652708,2.854067
2054-06-14 12:00:00,2.3213625,2.0461113,2.5841064,3.9824867,3.222126,3.0642998
2054-06-15 12:00:00,1.9998298,1.894002,3.0355117,3.3547795,3.1593907,3.6627352
2054-06-16 12:00:00,1.9424317,1.7510613,3.0753412,3.52607,3.9015906,3.3439052
2054-06-17 12:00:00,1.4436482,1.3099982,2.9840727,3.5540812,2.4987981,2.9990664
2054-06-18 12:00:00,2.391604,1.9986964,3.4996672,3.5199342,2.3203113,2.7890375
2054-06-19 12:00:00,2.5087957,2.2484863,3.124088,2.9543664,3.157989,2.4351296
2054-06-20 12:00:00,1.4087496,1.6303434,1.9426998,2.0937164,3.493771,1.5242008
2054-06-21 12:00:00,1.8745341,1.7273059,3.0213683,2.7741787,3.0067904,1.9560655
2054-06-22 12:00:00,2.4665568,2.2830012,2.5260518,3.0207767,2.9248974,1.8451935
2054-06-23 12:00:00,1.567374,1.3506309,2.9445462,2.127344,2.915066,1.4243188
2054-06-24 12:00:00,3.2376788,2.4234586,3.8830805,2.8412502,3.9999738,2.1759725
2054-06-25 12:00:00,4.025901,3.427074,5.8954206,4.5368814,4.594735,3.655724
2054-06-26 12:00:00,3.17153,2.6066854,4.6556325,4.74289,5.011941,3.8734653
2054-06-27 12:00:00,2.181826,2.544449,4.498362,3.6855323,2.962198,3.4559877
2054-06-28 12:00:00,1.8311834,2.0215595,2.2985501,2.9540389,3.0866997,1.7495143
2054-06-29 12:00:00,1.6067103,1.6580553,1.9393368,2.4886246,2.9681284,1.5520626
2054-06-30 12:00:00,1.3774124,1.255331,2.709183,2.2607448,3.0716233,2.080155
2054-07-01 12:00:00,0.7188575,0.99969596,2.385009,2.6396782,2.325663,1.737525
2054-07-02 12:00:00,1.3304096,1.4309089,1.7158742,3.4561853,2.2476492,1.4558439
2054-07-03 12:00:00,1.7873906,1.7833346,2.234203,3.4977665,3.2483559,2.1725872
2054-07-04 12:00:00,1.3136938,1.3361778,1.7097797,3.5788364,4.2856274,1.5499986
2054-07-05 12:00:00,1.3462634,1.2917812,1.3753972,2.4065793,3.327342,0.9877935
2054-07-06 12:00:00,1.4337585,1.5256001,2.2642784,2.5622196,3.4065187,1.4384695
2054-07-07 12:00:00,1.3801963,1.5303601,2.5776713,1.9800385,3.3665054,1.4079769
2054-07-08 12:00:00,1.7701033,1.5455341,2.3179777,1.8165182,3.8837452,1.4464173
2054-07-09 12:00:00,1.4921274,1.3382703,2.5644732,2.3107202,3.8503773,1.2554766
2054-07-10 12:00:00,2.0919619,1.6407957,2.893345,2.4199197,4.0192266,1.5598432
2054-07-11 12:00:00,3.9691858,3.3371704,4.479257,3.428238,3.4983547,2.890116
2054-07-12 12:00:00,3.247091,2.663876,3.760367,3.6652389,3.1492999,2.9127455
2054-07-13 12:00:00,2.7526855,2.1072211,3.9006386,2.797796,3.1627219,3.242998
2054-07-14 12:00:00,2.4431875,2.434021,2.8702261,2.7028778,2.221602,2.1637096
2054-07-15 12:00:00,2.7650926,2.4221516,3.045934,2.963244,2.8257983,2.4872758
2054-07-16 12:00:00,2.5881214,2.0677104,3.690406,2.8450499,3.3308616,2.0178359
2054-07-17 12:00:00,2.5296016,2.1151752,3.4235086,4.2058377,2.9482253,2.4000087
2054-07-18 12:00:00,2.0528355,1.8039937,2.1647582,4.992539,4.241806,1.6798478
2054-07-19 12:00:00,2.4486284,1.9843724,4.628027,3.5479121,3.0344734,2.623046
2054-07-20 12:00:00,2.6761355,2.353419,3.313195,4.021259,2.2992258,3.2116544
2054-07-21 12:00:00,2.7601247,2.225214,4.607615,3.7529962,2.4288845,3.160617
2054-07-22 12:00:00,1.9407463,1.9025253,3.716674,3.1518085,4.077066,2.391806
2054-07-23 12:00:00,3.7928922,2.466948,2.8726792,3.2789702,3.7265332,1.6002996
2054-07-24 12:00:00,3.0185533,2.5117986,3.2926726,3.2386763,3.565534,1.7958955
2054-07-25 12:00:00,2.951486,1.9239395,3.7352476,2.4886515,3.4583116,1.9926623
2054-07-26 12:00:00,2.166681,1.6147711,2.706468,2.728673,3.0142012,1.725737
2054-07-27 12:00:00,1.6262453,1.301712,2.576204,2.2846937,3.4662833,1.2675825
2054-07-28 12:00:00,2.5399454,2.1592484,3.647172,3.2776334,4.1671777,1.7963347
2054-07-29 12:00:00,1.5199515,1.4394612,1.9692287,2.7734883,5.403004,1.1843921
2054-07-30 12:00:00,1.7718005,1.8960247,4.0004153,2.2752914,5.430448,1.8249571
2054-07-31 12:00:00,1.7931273,1.7223296,2.1735234,2.2892432,3.0222466,1.3260554
2054-08-01 12:00:00,3.0700855,2.0374799,2.5946798,2.9454246,3.9854765,1.6976559
2054-08-02 12:00:00,1.6999738,1.6434661,2.2228246,3.2692516,4.9890676,1.3176669
2054-08-03 12:00:00,1.8493788,1.3765564,2.3629951,1.7618936,3.9200222,1.3585851
2054-08-04 12:00:00,0.9100791,1.1334442,2.3889377,2.076976,2.8623319,1.6538815
2054-08-05 12:00:00,1.4150124,1.5463746,2.9498415,2.113012,3.6557417,1.8495245
2054-08-06 12:00:00,1.6770928,1.8968827,2.8390663,2.9487526,2.8828661,2.0779378
2054-08-07 12:00:00,1.7960224,1.6517798,3.251731,2.6786692,2.5567853,2.3910482
2054-08-08 12:00:00,3.236311,2.135468,4.0974665,1.7928187,3.5633545,1.9391668
2054-08-09 12:00:00,2.9969957,2.693194,4.2980433,1.741867,2.1970828,2.0722663
2054-08-10 12:00:00,2.1967862,2.144506,3.3606215,3.935033,6.7699637,1.879448
2054-08-11 12:00:00,1.4725056,1.711293,2.4324176,4.6382713,6.5550365,1.907248
2054-08-12 12:00:00,1.4477416,1.4098302,1.5929321,3.6805558,3.6136763,1.5854453
2054-08-13 12:00:00,1.7657338,1.3433725,2.6496737,2.0228896,2.3090255,1.902905
2054-08-14 12:00:00,2.164548,1.7536131,3.3017867,3.4896467,2.697203,2.7319088
2054-08-15 12:00:00,1.995157,1.7491647,3.343311,3.9204724,2.9279528,2.764874
2054-08-16 12:00:00,1.6678452,1.5746464,3.4473665,3.3745131,1.6633686,2.2048087
2054-08-17 12:00:00,1.5022347,1.2213966,2.7502317,1.8306279,2.7860885,1.4838653
2054-08-18 12:00:00,1.8468517,1.6001226,2.4258595,2.0688324,1.6790712,1.900589
2054-08-19 12:00:00,3.035588,2.458391,3.0772605,2.7534204,2.8747396,1.7778239
2054-08-20 12:00:00,1.1313535,1.5020305,2.0838559,2.0467944,3.597481,1.6626706
2054-08-21 12:00:00,1.063764,1.3453165,3.7816148,2.2117407,3.269885,2.4362602
2054-08-22 12:00:00,2.5566869,2.3193517,3.5698931,3.5725787,4.434217,2.7862203
2054-08-23 12:00:00,1.8161805,1.460953,2.6638696,2.4471486,2.4239235,1.9419072
2054-08-24 12:00:00,1.24782,1.327383,3.1826134,2.7957711,2.974765,2.1668518
2054-08-25 12:00:00,2.1370575,1.6095988,3.158839,2.846143,2.6586666,2.0231233
2054-08-26 12:00:00,2.5023184,2.276651,4.2036643,5.5431633,4.1735373,3.122134
2054-08-27 12:00:00,2.4393635,2.0556087,3.7814448,5.411118,6.7676005,2.5700114
2054-08-28 12:00:00,3.5455265,3.0139298,4.707775,4.246959,5.240599,4.4936633
2054-08-29 12:00:00,4.3235235,3.6473439,5.5674033,4.448191,3.7553554,4.068517
2054-08-30 12:00:00,2.3977833,2.5804513,3.2787585,4.740776,4.83324,2.2228203
2054-08-31 12:00:00,2.3786483,1.9191322,2.9582858,3.3212805,4.8689146,2.708849
2054-09-01 12:00:00,2.2116656,1.9815174,2.7582028,4.997468,3.1835973,2.3614938
2054-09-02 12:00:00,1.3227676,1.1207952,1.7046155,2.440359,3.0111353,1.2238845
2054-09-03 12:00:00,0.9673592,1.0602497,1.809633,2.5292325,3.8464153,1.5938762
2054-09-04 12:00:00,0.74550354,0.79525334,1.3335482,2.3980913,4.415819,1.011574
2054-09-05 12:00:00,0.7907857,0.87146413,1.6126256,2.7236872,5.171283,1.1642728
2054-09-06 12:00:00,1.0663164,0.98073757,1.5870856,2.132769,5.5966945,1.4994448
2054-09-07 12:00:00,1.3016777,1.1967143,2.018817,1.72779,4.0114584,1.0508207
2054-09-08 12:00:00,1.0748005,1.160739,2.7150676,1.5650194,1.9992565,1.5015411
2054-09-09 12:00:00,1.4482157,1.2001252,3.767345,2.433142,1.9452891,2.4261153
2054-09-10 12:00:00,1.0181311,1.0833093,3.8077939,2.6484013,3.376892,2.1041112
2054-09-11 12:00:00,1.3786523,1.4563028,4.3218937,2.8610013,3.865456,2.603699
2054-09-12 12:00:00,2.0099874,1.9193528,4.414272,3.505593,3.2383955,3.0937335
2054-09-13 12:00:00,1.8577149,1.9534192,2.9850445,3.8676257,3.3631303,2.8304086
2054-09-14 12:00:00,1.5300844,1.7934521,3.721853,3.7255907,2.934122,3.6099968
2054-09-15 12:00:00,1.2726476,1.642221,4.0058,4.3882337,3.563362,3.4037693
2054-09-16 12:00:00,2.235536,2.0459375,2.865171,2.9410377,4.1794095,1.912231
2054-09-17 12:00:00,1.05777,1.1974375,2.6421692,2.6784983,4.317031,1.548979
2054-09-18 12:00:00,2.1296258,1.4997728,2.4245236,1.9992046,2.9387913,1.2836704
2054-09-19 12:00:00,0.9881531,1.1636939,2.4592245,2.42497,2.5990462,1.3033233
2054-09-20 12:00:00,1.3727595,1.4095434,2.7156324,2.7661219,3.3452678,1.9816672
2054-09-21 12:00:00,1.9565376,2.132475,3.1130636,2.4200754,2.7572334,2.0971026
2054-09-22 12:00:00,2.9236426,2.395511,3.5110266,2.1652381,3.032021,1.8221183
2054-09-23 12:00:00,2.4172463,1.951528,3.8281515,2.2171264,2.741673,2.4554799
2054-09-24 12:00:00,2.2561216,2.2106576,4.7096562,2.3131573,2.1607418,3.3293636
2054-09-25 12:00:00,1.3715463,1.3700502,2.6099398,2.7966223,3.2200172,2.106019
2054-09-26 12:00:00,2.1402586,1.8655795,2.700056,3.1150253,3.3212452,1.4302552
2054-09-27 12:00:00,4.2279468,3.2137446,4.027976,3.2253265,2.4032753,2.3141985
2054-09-28 12:00:00,4.323549,3.2926044,4.052707,3.4639585,1.9451491,2.1686027
2054-09-29 12:00:00,3.7334132,3.0547218,4.0733924,3.8662715,3.463426,3.2486036
2054-09-30 12:00:00,2.3597343,1.865113,2.3245587,2.053805,4.001817,1.6008674
2054-10-01 12:00:00,1.1336809,0.9925076,1.7933205,3.2375112,5.595655,1.7073258
2054-10-02 12:00:00,1.143231,1.3036401,2.72054,2.2312987,4.0542245,1.8185593
2054-10-03 12:00:00,1.020554,0.91339517,1.6272599,3.8529537,5.2135205,1.5380509
2054-10-04 12:00:00,0.7564122,0.75001854,2.0264618,2.8483474,3.6951916,2.1574013
2054-10-05 12:00:00,0.84592867,0.9949387,3.4129467,3.2037704,2.4159641,3.2316914
2054-10-06 12:00:00,1.3244605,1.5457171,5.384433,5.233604,4.955638,4.7075963
2054-10-07 12:00:00,2.8072138,2.9142332,7.566446,7.228021,6.574695,6.0301175
2054-10-08 12:00:00,3.9802604,3.8959007,6.4405766,7.296864,7.749347,4.4074
2054-10-09 12:00:00,2.6459227,2.5458944,3.5714078,4.9606986,7.253196,2.840755
2054-10-10 12:00:00,2.1868274,2.5265908,5.625154,6.798347,8.034475,5.110673
2054-10-11 12:00:00,4.027213,3.6409235,4.6112866,4.7154846,7.4599924,2.6523814
2054-10-12 12:00:00,2.2399907,2.0362427,4.796269,4.4239492,4.3763156,4.004932
2054-10-13 12:00:00,3.267303,2.5436556,4.01294,4.3039274,5.7646513,2.852911
2054-10-14 12:00:00,1.9987445,1.8006226,3.284404,4.145344,4.778246,3.5545375
2054-10-15 12:00:00,2.081531,1.8288804,3.3375998,6.066827,5.4439836,3.3444254
2054-10-16 12:00:00,3.6229343,3.1308784,5.885877,7.208588,8.022863,5.0212913
2054-10-17 12:00:00,3.6692238,3.1280026,4.8303914,4.5641108,6.442629,3.5258715
2054-10-18 12:00:00,1.0710061,1.3899512,1.7938913,3.289067,4.247239,1.4507873
2054-10-19 12:00:00,0.91475177,1.0667198,2.104645,4.10099,6.1326876,1.9427891
2054-10-20 12:00:00,1.503229,1.3769518,2.5078423,4.3266745,6.8644958,2.2775347
2054-10-21 12:00:00,1.9487813,1.9815885,3.5132902,5.7217965,4.642125,2.8400853
2054-10-22 12:00:00,2.6314912,2.2152565,3.3725548,3.5991645,6.688744,2.442342
2054-10-23 12:00:00,1.0658594,1.097188,2.0051506,5.3358817,7.9201827,1.4168197
2054-10-24 12:00:00,1.2299829,1.4022439,1.7485044,3.5382822,7.718324,2.073469
2054-10-25 12:00:00,1.0840037,1.0042292,2.6097891,2.7642653,4.9507937,1.1624591
2054-10-26 12:00:00,0.64605707,1.1994915,1.7656937,3.9043903,5.648244,1.1530796
2054-10-27 12:00:00,0.7075519,1.390729,2.4397228,4.807462,6.2103033,2.2925892
2054-10-28 12:00:00,1.3521099,2.1270077,3.916795,7.2052665,4.793943,3.1880808
2054-10-29 12:00:00,3.1566756,3.2340183,4.883006,5.1981206,4.011407,3.6358125
2054-10-30 12:00:00,1.5690284,1.46101,2.2844226,3.717742,4.7070684,1.8419019
2054-10-31 12:00:00,1.9072795,2.260151,4.659037,6.177143,7.6820703,3.373303
2054-11-01 12:00:00,1.6513928,1.9391518,3.5010645,5.7906947,5.9049582,2.604157
2054-11-02 12:00:00,1.518848,2.001867,5.052976,5.7449512,4.8446302,3.5175161
2054-11-03 12:00:00,2.147288,2.5278723,4.9185944,7.6419625,5.8453784,3.911582
2054-11-04 12:00:00,2.059606,2.343149,4.6088886,6.0029645,6.5237956,3.5809782
2054-11-05 12:00:00,1.8920388,1.8578026,3.944464,4.855787,5.9062667,3.1300535
2054-11-06 12:00:00,3.8859916,3.5208108,8.270523,7.628312,4.6955786,6.115812
2054-11-07 12:00:00,5.627659,5.2844925,7.828454,8.67894,4.8004637,5.6301103
2054-11-08 12:00:00,2.729302,2.3219264,3.6994371,4.606225,4.5047717,2.758309
2054-11-09 12:00:00,2.0504193,2.113824,4.2733555,6.9705725,8.161736,3.2689803
2054-11-10 12:00:00,2.8000946,2.5450573,6.2445364,6.9514174,4.3932376,5.3068542
2054-11-11 12:00:00,3.401103,3.2119725,6.9109797,6.6177664,3.5072935,4.870495
2054-11-12 12:00:00,4.062398,3.5636578,5.119583,5.6272125,5.3021326,3.1856
2054-11-13 12:00:00,1.4980526,1.8258733,2.594921,5.8864527,3.3719926,2.0881865
2054-11-14 12:00:00,1.2543647,1.4259367,4.2040277,5.9624863,3.3676882,3.4161768
2054-11-15 12:00:00,1.3003932,1.5003854,2.5751338,4.0699663,3.2680616,2.0174003
2054-11-16 12:00:00,1.1568938,1.1499941,3.0438898,4.5383515,6.4135556,2.452045
2054-11-17 12:00:00,3.0034308,2.6155844,5.137993,7.000171,8.820258,4.367646
2054-11-18 12:00:00,3.0965128,2.7923841,6.376758,8.613189,8.799073,5.0259748
2054-11-19 12:00:00,2.2072322,2.3089223,5.8349795,7.572995,6.8864713,4.5622625
2054-11-20 12:00:00,2.3587914,2.633582,5.609419,5.5575857,6.530388,4.116906
2054-11-21 12:00:00,2.1168725,2.0240958,2.8122878,3.5278049,7.5051713,1.7621475
2054-11-22 12:00:00,0.955207,1.1683233,2.837426,3.7479377,6.8259935,2.291365
2054-11-23 12:00:00,2.2626457,1.9491669,5.228441,6.215361,4.7156086,3.8820367
2054-11-24 12:00:00,2.916395,2.4007497,5.038091,6.538238,3.1394556,4.4798236
2054-11-25 12:00:00,4.121498,3.2782955,6.6723905,5.515564,3.454835,4.557029
2054-11-26 12:00:00,4.3196077,3.3548331,7.27697,5.703817,3.9044561,4.865775
2054-11-27 12:00:00,4.4563274,4.027653,6.384005,6.8674097,3.9864604,5.684865
2054-11-28 12:00:00,2.1355882,1.9456992,3.6787264,4.7956743,3.546004,3.253434
2054-11-29 12:00:00,2.3039215,1.6334918,4.639566,4.1469293,4.796253,3.2414768
2054-11-30 12:00:00,1.8656917,1.6477785,4.9924088,3.3774729,4.1594505,3.1479585
2054-12-01 12:00:00,1.4398446,1.3417081,4.983646,4.9050894,4.35412,3.5884829
2054-12-02 12:00:00,3.5323887,3.0829856,6.066233,6.2034845,5.5317335,4.0824056
2054-12-03 12:00:00,2.4867866,2.1951807,5.092475,3.5190399,5.8430877,3.1948702
2054-12-04 12:00:00,0.8136127,1.1015607,3.0019255,3.2048316,4.014457,1.5702653
2054-12-05 12:00:00,1.3540583,1.3010491,2.260975,2.6511765,3.523646,1.5174257
2054-12-06 12:00:00,2.7777643,1.8607908,2.0647745,2.1819,3.0508049,1.9533477
2054-12-07 12:00:00,2.5243893,2.0414755,2.9153373,2.1264527,3.3904512,2.214524
2054-12-08 12:00:00,2.9943182,2.252021,3.9173572,2.901554,4.787938,2.5634315
2054-12-09 12:00:00,1.7259266,1.6327404,4.1090817,6.178511,6.52339,3.8311942
2054-12-10 12:00:00,3.4124665,3.2959995,5.1714478,5.092018,6.665378,3.5183012
2054-12-11 12:00:00,1.178424,1.4311675,2.5173926,4.8721013,5.310828,1.9824793
2054-12-12 12:00:00,1.8133342,1.5434014,3.9872653,3.9634311,2.9994564,2.118914
2054-12-13 12:00:00,2.4564366,1.7009522,3.747975,3.0552516,3.5520859,1.8985425
2054-12-14 12:00:00,2.2908266,2.15199,5.6853423,4.676872,5.2458043,4.6988482
2054-12-15 12:00:00,2.9972367,2.6098082,5.4249787,3.9996033,4.2795095,4.1081357
2054-12-16 12:00:00,1.381217,1.5649185,3.3287404,6.1860213,4.4082875,4.056766
2054-12-17 12:00:00,3.001711,2.2228096,5.5757837,5.7364616,3.963914,4.476205
2054-12-18 12:00:00,1.7020497,1.6061193,4.5527577,4.0857067,4.932319,3.0303278
2054-12-19 12:00:00,2.6265655,2.6605592,6.87685,4.804634,4.084449,5.3701663
2054-12-20 12:00:00,3.4991302,3.248469,5.869597,7.48981,4.366012,4.97056
2054-12-21 12:00:00,3.890534,3.1110578,6.3873367,4.5744185,5.828461,4.228662
2054-12-22 12:00:00,2.0397208,1.7752475,5.1610303,3.498256,5.978949,3.852865
2054-12-23 12:00:00,2.2888336,2.6582034,5.6631465,5.981977,5.4504504,4.6901164
2054-12-24 12:00:00,2.4874291,1.9901551,4.158549,5.6271462,8.006633,3.5231159
2054-12-25 12:00:00,1.9704396,1.5798818,3.8373613,5.7198563,6.4970617,3.6074545
2054-12-26 12:00:00,1.0577557,1.4144324,2.9295394,6.427108,4.9308133,3.219543
2054-12-27 12:00:00,1.3543622,1.48577,2.8283324,4.7055783,4.8090143,2.5408418
2054-12-28 12:00:00,1.0802801,1.29256,2.9286726,5.7138324,4.749366,3.0034645
2054-12-29 12:00:00,1.3319273,1.3488343,3.3008442,4.9277487,7.956837,3.3593981
2054-12-30 12:00:00,1.3855999,1.2396319,4.1108184,3.248072,6.926085,2.883941
2054-12-31 12:00:00,3.1145144,2.4820912,6.0438,4.8167186,5.1699834,3.1942809
2055-01-01 12:00:00,2.0291743,1.7858659,6.2555103,4.749486,5.0111437,3.2029195
2055-01-02 12:00:00,2.4528828,1.8199077,4.913446,3.3928792,3.6702812,2.7349646
2055-01-03 12:00:00,1.5826616,1.2286855,4.751173,3.5408154,3.7854867,2.769898
2055-01-04 12:00:00,1.9374478,1.5933526,5.6175833,3.7909157,4.243881,2.8072262
2055-01-05 12:00:00,1.8812398,1.7258193,5.479524,4.1319547,3.7002084,3.6057293
2055-01-06 12:00:00,1.859268,1.8691678,5.1463556,5.0413814,3.7740595,4.3361616
2055-01-07 12:00:00,0.7983335,1.0368621,3.6855795,3.811008,3.8625946,3.3134172
2055-01-08 12:00:00,1.6734242,1.5244782,4.5444727,3.6056738,4.372392,2.359307
2055-01-09 12:00:00,1.7425411,2.1391256,5.33091,5.593851,5.7523046,3.9082336
2055-01-10 12:00:00,1.8209406,1.9703722,5.2456574,5.4569206,6.639506,3.7371914
2055-01-11 12:00:00,1.6601272,1.7353299,3.8648353,4.0595403,4.606581,2.6096444
2055-01-12 12:00:00,0.7368125,0.945283,3.7082777,3.5007544,5.9663434,2.6729205
2055-01-13 12:00:00,1.6425943,1.426891,4.9974327,3.9171145,6.966355,3.018023
2055-01-14 12:00:00,2.0160718,1.6377456,3.9387321,2.7332318,3.639844,1.9634467
2055-01-15 12:00:00,0.7378446,0.8775938,1.666298,2.5513458,6.294389,1.2482444
2055-01-16 12:00:00,0.7003697,0.9687263,1.8345925,4.4262104,6.2969007,2.0411708
2055-01-17 12:00:00,0.70475066,0.9638519,2.6069376,3.6980028,4.3589945,2.313409
2055-01-18 12:00:00,1.5599046,1.3033842,2.4392858,1.7364486,2.5334969,1.4335115
2055-01-19 12:00:00,2.367877,1.6833597,2.9134536,2.2236583,2.962578,1.7397768
2055-01-20 12:00:00,2.1310477,1.661137,3.0413184,2.2418487,4.2559614,1.6448665
2055-01-21 12:00:00,1.0245004,1.1523659,2.5252452,4.890277,5.5326242,2.2628226
2055-01-22 12:00:00,0.6353402,0.9297601,2.2118769,3.6963706,6.859134,2.3613763
2055-01-23 12:00:00,1.5125284,1.2865022,4.537923,3.3127902,5.851964,2.3054464
2055-01-24 12:00:00,2.1326566,1.6228905,4.5466003,4.5623965,5.69841,2.8348885
2055-01-25 12:00:00,1.1807142,1.5402287,3.8024454,6.7459283,6.0112996,3.8496258
2055-01-26 12:00:00,1.4992683,1.600656,3.3275707,8.681743,7.5537205,3.9481719
2055-01-27 12:00:00,2.271826,2.1519709,4.2342353,9.323524,9.386671,5.006798
2055-01-28 12:00:00,2.5156436,2.3506029,4.4263673,8.466434,6.293553,4.419637
2055-01-29 12:00:00,1.7529025,2.2363548,2.6704347,6.3756294,8.405865,2.4815147
2055-01-30 12:00:00,1.0110092,1.3510574,2.1135337,3.4200358,7.183024,1.497341
2055-01-31 12:00:00,0.7552152,1.1388177,1.6625707,4.5095887,4.6126456,1.7593423
2055-02-01 12:00:00,0.75557256,0.9154267,2.7679365,4.486715,4.7167478,2.2584271
2055-02-02 12:00:00,1.3308196,1.0620658,5.088176,2.8718653,3.7231562,2.1649005
2055-02-03 12:00:00,2.0619593,1.4415843,5.1699862,3.1253297,3.4292004,2.4795637
2055-02-04 12:00:00,1.9003841,1.325713,4.4561214,3.3452585,3.8986976,2.0850568
2055-02-05 12:00:00,2.7813277,2.2162971,3.7432213,3.7697551,2.6710558,2.9770818
2055-02-06 12:00:00,1.6230413,1.4072815,2.685864,2.7766304,3.6127386,1.8542938
2055-02-07 12:00:00,0.90279853,1.0987533,3.8614535,3.8688724,4.407,3.3169737
2055-02-08 12:00:00,1.7982986,1.4378935,3.8780587,3.8640122,4.673763,2.1102746
2055-02-09 12:00:00,1.7475709,1.7064186,6.5392976,5.142306,5.130924,4.5730352
2055-02-10 12:00:00,2.1965494,2.4264019,5.766202,6.104088,5.8342123,3.9961917
2055-02-11 12:00:00,1.7921205,1.6162394,4.2619476,4.8808045,4.764923,3.6875029
2055-02-12 12:00:00,3.0195372,2.4801683,4.582929,6.003641,3.9091504,4.5212235
2055-02-13 12:00:00,3.7457657,2.8345091,5.4586506,6.160517,5.8403554,4.321881
2055-02-14 12:00:00,1.8750803,1.8317809,2.822525,4.6618586,4.9882975,2.3884258
2055-02-15 12:00:00,1.6764528,1.6261902,4.793624,5.8835163,5.8348913,3.807339
2055-02-16 12:00:00,1.6683035,1.5298014,3.6618555,5.459571,6.2445116,2.01004
2055-02-17 12:00:00,1.8645035,1.2112662,3.559255,3.9009793,6.3128557,1.543953
2055-02-18 12:00:00,2.1618133,1.7811676,4.1636972,4.9847555,7.487501,2.5815313
2055-02-19 12:00:00,2.418439,2.1404088,4.153353,6.5275006,5.7606153,3.7754936
2055-02-20 12:00:00,2.156771,2.41431,5.2895927,6.912905,4.6788564,3.7946582
2055-02-21 12:00:00,1.1211185,1.5215546,2.4359605,6.8697333,5.9147587,2.187864
2055-02-22 12:00:00,1.4131305,1.5622753,1.7857621,7.6225533,6.75745,1.9405446
2055-02-23 12:00:00,1.9013611,1.4174812,1.812596,5.810938,5.189538,1.9389024
2055-02-24 12:00:00,1.159911,1.4536098,3.0348794,5.9213705,4.317751,2.5088847
2055-02-25 12:00:00,4.233876,3.3666933,7.2847557,4.6856875,5.1891527,3.945234
2055-02-26 12:00:00,3.7249484,3.5757363,7.463,6.5990515,8.641629,4.573083
2055-02-27 12:00:00,2.824727,2.8732677,6.729044,4.4785357,7.9376273,3.4834113
2055-02-28 12:00:00,2.5758686,3.0717201,6.786324,5.860189,7.5934124,4.5819473
2055-03-01 12:00:00,1.3989034,1.5662453,2.8542163,4.781406,10.015674,2.2081888
2055-03-02 12:00:00,2.122232,1.4837921,2.9485686,4.7303314,8.122751,1.7163815
2055-03-03 12:00:00,1.3013744,1.3143712,2.7144854,7.035502,8.42951,2.8604052
2055-03-04 12:00:00,3.1358848,2.6436734,4.6981378,7.282418,9.67447,4.822499
2055-03-05 12:00:00,1.6517522,1.4451296,2.923044,3.3746948,5.032093,1.8554454
2055-03-06 12:00:00,2.113483,2.045807,1.7772236,2.7209125,4.3953257,2.3479676
2055-03-07 12:00:00,4.1524916,3.2872548,4.1265135,4.3887095,3.976712,2.6729453
2055-03-08 12:00:00,3.7655156,3.3111522,7.2694297,6.242281,4.8121467,4.4131794
2055-03-09 12:00:00,2.4931974,2.2322636,6.1512904,6.6302752,7.3262844,3.2934017
2055-03-10 12:00:00,2.409584,2.0835087,5.935323,4.366997,9.706606,2.6698282
2055-03-11 12:00:00,2.8467681,2.4708476,6.052932,5.188519,8.803338,3.3666217
2055-03-12 12:00:00,2.2934082,1.819319,5.2646756,3.9898455,5.8371058,3.5082672
2055-03-13 12:00:00,1.7607657,1.4969422,3.0492425,3.6072996,4.51504,2.9735699
2055-03-14 12:00:00,2.0225863,1.7673242,2.6489928,4.3366866,4.0849595,2.3698711
2055-03-15 12:00:00,1.598587,1.4145632,2.8947804,2.2218142,3.4505324,1.9630882
2055-03-16 12:00:00,1.8489,1.6338812,5.136091,3.1728094,2.4109468,3.3907244
2055-03-17 12:00:00,3.546055,2.8983145,6.483159,4.1886272,2.726588,3.401335
2055-03-18 12:00:00,3.7275975,2.9833927,3.5583928,3.9932873,4.288307,2.342701
2055-03-19 12:00:00,1.3960217,1.3290381,1.5602679,3.303547,3.4719982,1.3935386
2055-03-20 12:00:00,2.0687077,1.6319008,2.9891741,3.1121683,4.014933,2.8352373
2055-03-21 12:00:00,2.6051984,2.0005348,3.476285,2.0850666,4.5134573,2.1143625
2055-03-22 12:00:00,2.4803038,2.255306,2.7507613,2.0742364,4.3207917,1.6232938
2055-03-23 12:00:00,1.2583112,1.2506317,3.711754,2.6523418,4.3754478,3.0014842
2055-03-24 12:00:00,2.0978374,1.8148936,2.497747,4.0653996,3.3684525,2.19651
2055-03-25 12:00:00,2.4541998,2.222067,5.3905416,4.5405793,3.1449234,3.3779993
2055-03-26 12:00:00,3.271731,3.0801187,5.0563493,3.9640067,2.6014512,2.8567939
2055-03-27 12:00:00,2.4535594,2.4446294,4.291558,4.8165064,4.107789,3.0242503
2055-03-28 12:00:00,1.7983415,1.6844803,3.1541383,3.2435324,3.4907503,2.193247
2055-03-29 12:00:00,3.310717,2.706026,4.772545,3.6680033,3.2720585,2.787565
2055-03-30 12:00:00,3.110856,2.2385302,3.6410193,3.8902493,3.4501011,1.5458407
2055-03-31 12:00:00,1.6068405,1.2891544,2.3519676,2.8563037,3.8371437,1.5973929
2055-04-01 12:00:00,2.786018,2.0984771,4.425998,2.8618667,4.0714693,2.3056395
2055-04-02 12:00:00,2.469707,1.79074,2.545649,3.1912196,3.6169147,1.2962965
2055-04-03 12:00:00,1.5831835,1.4063239,2.5945446,4.2143292,3.4206524,1.8979435
2055-04-04 12:00:00,1.4724674,1.3233383,2.020795,3.5513444,2.3468637,1.5324368
2055-04-05 12:00:00,1.213488,1.2582957,4.5992684,2.5104706,2.6618397,2.7836516
2055-04-06 12:00:00,2.330865,2.2966003,5.6920123,4.5222306,4.193638,3.583763
2055-04-07 12:00:00,1.6623542,1.6580139,5.340196,3.2641063,4.531765,2.8261366
2055-04-08 12:00:00,1.1531107,1.2628101,2.3903387,2.5651045,2.567626,1.4375559
2055-04-09 12:00:00,1.768768,1.798798,1.939909,2.5646465,3.041222,1.255088
2055-04-10 12:00:00,1.6726336,1.446693,1.6961399,2.0008397,2.1482966,1.327387
2055-04-11 12:00:00,1.1115611,1.0066109,1.5480312,1.8487593,2.3674026,1.1682796
2055-04-12 12:00:00,1.3469214,1.1124082,1.8378266,1.8383877,2.9896314,1.0699055
2055-04-13 12:00:00,1.7124746,1.3659257,2.0281608,1.8395586,3.110085,1.578244
2055-04-14 12:00:00,1.3708342,1.383785,2.8692815,4.023264,4.755376,2.6677928
2055-04-15 12:00:00,1.3045416,1.281275,2.639019,3.4084733,4.189968,1.5576841
2055-04-16 12:00:00,2.569419,2.2469826,4.98605,3.757387,3.5727937,2.9888194
2055-04-17 12:00:00,2.0357437,1.8071874,4.295289,4.787698,3.552849,3.3440688
2055-04-18 12:00:00,2.9190903,2.8382196,5.434207,5.3378987,3.5848272,3.9684808
2055-04-19 12:00:00,2.3945405,2.1193187,3.4282084,2.0010054,3.075177,1.8283038
2055-04-20 12:00:00,1.7576425,1.7576158,2.352137,2.8119085,3.2037897,1.7958593
2055-04-21 12:00:00,3.2119486,3.275741,4.2874155,4.119776,2.9883068,2.5946815
2055-04-22 12:00:00,2.2847564,2.2245631,2.7915847,4.2816525,2.9006157,1.9193223
2055-04-23 12:00:00,2.417926,1.9867928,2.2377648,3.62653,3.3147416,1.9073002
2055-04-24 12:00:00,2.5130413,1.8919817,2.800146,4.431398,4.4435754,2.060011
2055-04-25 12:00:00,1.7870063,1.5710027,3.52744,2.7688818,4.8124156,2.435325
2055-04-26 12:00:00,2.2016647,1.9203465,3.1185994,3.119661,3.314462,2.127455
2055-04-27 12:00:00,1.8513231,1.6804973,4.567211,2.7989266,2.9929514,2.6523013
2055-04-28 12:00:00,2.207623,1.9641784,4.0852447,3.0999038,4.545819,2.6971333
2055-04-29 12:00:00,1.6994157,1.532946,3.4628117,3.0890539,6.0959735,2.3347049
2055-04-30 12:00:00,1.6919298,1.5990163,1.9306265,2.9987698,5.972509,1.4339675
2055-05-01 12:00:00,1.5245287,1.6228865,1.8454218,2.688561,3.1968393,1.8263453
2055-05-02 12:00:00,1.3782146,1.4695972,2.4391758,2.6270604,3.1977277,2.3297856
2055-05-03 12:00:00,1.8711898,1.434274,2.567931,2.415871,3.8111932,1.748447
2055-05-04 12:00:00,1.7558179,1.6199002,2.8963456,3.250653,3.6917357,1.808234
2055-05-05 12:00:00,1.8020936,1.5795269,2.5482023,2.7509282,3.6379123,1.8423797
2055-05-06 12:00:00,1.9600518,1.5826764,3.487664,2.7022781,3.0590708,2.3892565
2055-05-07 12:00:00,1.4166522,1.492942,1.4896265,2.1962285,2.226615,1.5324588
2055-05-08 12:00:00,1.9972348,1.8861786,1.8369979,2.5800254,3.3048189,1.3415678
2055-05-09 12:00:00,1.2187765,1.3720796,1.9492052,3.1639242,4.4345193,1.4484432
2055-05-10 12:00:00,0.7835599,0.97173864,1.7451332,3.9747725,3.657376,1.4634048
2055-05-11 12:00:00,2.9194307,2.4296713,1.9147508,5.087476,4.276446,1.9348972
2055-05-12 12:00:00,1.791019,1.838326,2.6657295,5.2441916,3.247921,2.2988281
2055-05-13 12:00:00,2.6812377,2.5836437,2.8045628,4.478272,3.9263897,4.0625362
2055-05-14 12:00:00,2.2865891,2.3436787,3.9480913,4.942828,4.793108,2.2042148
2055-05-15 12:00:00,2.533483,2.466889,5.6980414,4.455315,5.229556,2.8812392
2055-05-16 12:00:00,1.622337,1.676376,2.6509335,4.2874064,4.549688,2.4522247
2055-05-17 12:00:00,1.4450762,1.451626,2.6704702,2.957829,3.189517,1.6353269
2055-05-18 12:00:00,1.6389765,1.2420126,2.4763236,2.0923672,2.8157194,1.7893006
2055-05-19 12:00:00,1.0740954,1.2953389,2.8938684,2.4898405,2.8774004,1.9902256
2055-05-20 12:00:00,1.6464121,1.3361101,2.422571,2.3095315,2.1889737,1.5075805
2055-05-21 12:00:00,1.197475,1.0509753,2.4573646,1.9370143,1.9451,1.9527378
2055-05-22 12:00:00,2.4000683,1.9597036,3.9696462,3.0229206,2.5477452,3.1672132
2055-05-23 12:00:00,2.2831607,2.001773,3.4388883,2.8821304,3.2383828,1.9425836
2055-05-24 12:00:00,2.3296835,2.0769126,4.0058327,2.6362755,1.8235606,1.8871945
2055-05-25 12:00:00,2.2126756,2.0342116,3.361677,1.7704732,2.0877125,1.4010493
2055-05-26 12:00:00,1.4503018,1.3980204,2.9328508,2.1659172,2.6317685,1.261567
2055-05-27 12:00:00,1.6551411,1.368614,2.8106542,2.2942483,2.8526351,1.5139271
2055-05-28 12:00:00,2.1081114,1.5817878,2.2966354,2.3219593,2.8035445,1.2116878
2055-05-29 12:00:00,1.6011829,1.8163719,3.8104472,2.5876083,2.546053,1.8777833
2055-05-30 12:00:00,2.6573272,2.6668768,4.105916,3.8308728,2.7519736,2.3826215
2055-05-31 12:00:00,2.9406867,2.6620262,3.6958637,4.1952295,3.2673173,3.2529619
2055-06-01 12:00:00,2.8896184,2.3270006,4.01093,2.6465533,3.3448179,2.8262572
2055-06-02 12:00:00,2.7206035,2.5809205,3.6190588,2.6474755,3.5924094,2.2452028
2055-06-03 12:00:00,3.1312056,2.5671728,2.7814271,5.4334373,6.0602446,1.651451
2055-06-04 12:00:00,1.1694231,1.1026127,2.3789968,2.9913552,4.570519,1.4959006
2055-06-05 12:00:00,3.8915584,3.6030333,2.6930985,4.655554,3.4038835,2.4689105
2055-06-06 12:00:00,2.9476318,3.0393467,2.9361799,4.0050635,3.4539404,2.1049373
2055-06-07 12:00:00,2.4521062,2.4599671,2.362856,2.7026896,2.310761,1.8547666
2055-06-08 12:00:00,1.7403195,1.5119536,2.4882164,3.6145656,3.3572967,1.8444844
2055-06-09 12:00:00,0.8857861,1.0122911,2.4790757,4.1353154,4.54338,1.4402272
2055-06-10 12:00:00,1.0422906,1.0665374,2.1356628,2.7659628,4.14211,1.293517
2055-06-11 12:00:00,1.8475089,1.5875202,2.160484,2.6463265,3.836429,1.5509924
2055-06-12 12:00:00,1.1760755,1.3038727,1.740721,2.6286867,3.4222453,1.6478372
2055-06-13 12:00:00,1.3660544,1.5068207,2.6363328,3.2682834,4.4038877,2.7328827
2055-06-14 12:00:00,2.8894994,2.4446611,3.9988675,4.2179217,4.677484,3.3419344
2055-06-15 12:00:00,1.947842,1.7275707,4.230653,3.524976,3.9909937,3.8108804
2055-06-16 12:00:00,2.871715,2.3141766,4.776246,3.21177,3.3494997,3.9819999
2055-06-17 12:00:00,3.0067754,2.3002992,3.8123612,3.4049025,3.7933416,2.8397467
2055-06-18 12:00:00,2.4839602,2.1521807,2.0461042,4.1055274,3.4734235,1.964046
2055-06-19 12:00:00,1.7612736,1.9543966,2.0739174,4.461844,3.9055057,2.5141191
2055-06-20 12:00:00,0.79612505,1.4110047,3.3873997,4.073755,3.6667628,3.4620526
2055-06-21 12:00:00,1.4595928,1.476254,3.3482697,4.1668797,3.444202,3.3045292
2055-06-22 12:00:00,1.8520215,1.8693783,3.6017392,3.8134751,3.14787,3.1324768
2055-06-23 12:00:00,1.6114182,1.5894572,3.8310728,3.370721,3.1268246,2.7209008
2055-06-24 12:00:00,1.7935917,1.771462,3.777274,3.4922867,4.2910557,2.2064846
2055-06-25 12:00:00,2.1514225,1.812467,3.2347927,3.211552,4.514576,2.4670022
2055-06-26 12:00:00,2.5191915,2.16888,3.2388363,2.4403775,2.6536474,2.4773948
2055-06-27 12:00:00,2.2905526,2.1096864,4.311223,2.926084,2.0645735,2.922305
2055-06-28 12:00:00,2.15279,2.1762094,3.7023506,2.6169627,2.7830384,2.2959988
2055-06-29 12:00:00,2.0258644,1.8019259,4.07271,2.74331,2.7273421,2.3558154
2055-06-30 12:00:00,3.231649,2.8949592,4.370785,2.6511228,2.4728932,2.2554088
2055-07-01 12:00:00,3.6481376,2.8588545,4.5855722,3.0952432,2.2351296,2.2875986
2055-07-02 12:00:00,3.137694,2.7214003,4.2784433,3.736061,2.9068525,2.9669766
2055-07-03 12:00:00,1.4860485,1.4023844,2.7552464,2.2935572,3.074339,1.342918
2055-07-04 12:00:00,1.8761213,1.634863,2.5028744,2.3932748,2.6445613,1.5745873
2055-07-05 12:00:00,2.3974514,1.9560257,4.1749187,3.492338,4.3767266,2.5828269
2055-07-06 12:00:00,1.3898027,1.8768424,3.313108,3.712061,3.7107944,1.8926606
2055-07-07 12:00:00,1.8984528,1.535163,2.7706294,2.2579694,3.5912116,1.5222512
2055-07-08 12:00:00,1.8893011,2.0187669,3.2758071,3.279876,3.5122702,2.4619417
2055-07-09 12:00:00,2.9576287,2.3295777,3.0246003,3.3178267,3.199383,1.7925245
2055-07-10 12:00:00,1.7132223,1.6456743,2.4725251,2.3356154,3.0917873,1.9042631
2055-07-11 12:00:00,2.1055903,1.6660727,3.1792114,2.3156068,3.2146413,2.1074018
2055-07-12 12:00:00,2.1296344,1.5208017,3.084866,2.1957195,3.501055,2.2505002
2055-07-13 12:00:00,1.718997,1.4575655,2.9866874,2.2761297,3.1568596,1.8347814
2055-07-14 12:00:00,1.8714511,1.8962607,3.9890103,3.082268,2.7601173,2.9528205
2055-07-15 12:00:00,2.3672168,2.1625316,2.86916,3.0943303,3.9485917,1.4979237
2055-07-16 12:00:00,2.0914576,1.5983052,2.7317338,2.0327504,3.2362988,1.6837841
2055-07-17 12:00:00,2.0665426,1.7584726,2.6274188,2.4812658,2.2551355,1.540762
2055-07-18 12:00:00,1.8127711,1.9374452,1.983102,2.2775567,2.048948,1.3948318
2055-07-19 12:00:00,1.3046327,1.2087573,1.9873067,1.5051395,2.3004236,1.5118592
2055-07-20 12:00:00,0.9483597,0.9430555,2.0426075,2.4689581,2.080967,1.5820515
2055-07-21 12:00:00,1.6432832,1.430377,2.6041627,1.7874957,2.592435,1.1480216
2055-07-22 12:00:00,1.389801,1.4618187,2.1111724,2.7794635,3.762832,1.333373
2055-07-23 12:00:00,1.9224379,1.5680164,1.7840846,4.007072,5.1525893,1.4676322
2055-07-24 12:00:00,1.8105639,1.6481235,2.0182703,4.089465,4.1160474,1.3767935
2055-07-25 12:00:00,1.1495154,1.3997136,1.8669214,2.2721097,4.099536,1.2827632
2055-07-26 12:00:00,2.3547382,2.3359926,2.8991268,2.8443084,3.8926167,1.8529239
2055-07-27 12:00:00,2.36211,1.9309862,3.4488428,3.7165408,3.2888055,1.9366782
2055-07-28 12:00:00,1.6991149,1.7151792,4.0307217,3.8431714,3.2055676,3.4363346
2055-07-29 12:00:00,1.632333,1.5466473,3.59232,3.4357164,3.8496094,2.3408515
2055-07-30 12:00:00,1.3228735,1.2975477,1.8042831,3.3823383,4.6753125,1.5380238
2055-07-31 12:00:00,1.2109594,1.161342,1.5361297,4.711528,4.6880546,1.0470122
2055-08-01 12:00:00,1.9529939,1.529991,2.5163805,3.4910936,3.570265,1.4429694
2055-08-02 12:00:00,2.12082,1.6203952,2.917997,2.8129919,3.288542,1.7116916
2055-08-03 12:00:00,1.3568773,1.5610017,4.3747263,2.8054647,2.683615,1.9324876
2055-08-04 12:00:00,2.2407107,2.0720663,3.7766807,3.980809,3.1354477,3.121759
2055-08-05 12:00:00,1.8948505,1.5354214,2.2417507,2.7500231,2.9449525,1.9637376
2055-08-06 12:00:00,1.299171,1.2342309,2.915749,2.3877213,3.3041325,1.2348493
2055-08-07 12:00:00,1.0028512,1.0330502,3.6107633,1.9552389,2.7756624,1.5322925
2055-08-08 12:00:00,1.6269683,1.4841634,3.4524896,2.4686959,3.0378244,1.6614336
2055-08-09 12:00:00,3.034501,2.5121577,3.8318315,3.3161452,2.6543353,2.1414864
2055-08-10 12:00:00,2.1985855,2.326701,2.8727102,3.9585583,2.4006171,1.9770142
2055-08-11 12:00:00,2.5450184,2.564229,3.4803545,3.9600441,2.1054432,1.8266062
2055-08-12 12:00:00,2.6436408,2.4960191,4.4567327,3.4571187,3.3606744,2.8689694
2055-08-13 12:00:00,1.9798223,1.924882,2.9498472,3.319438,3.5129755,2.5783184
2055-08-14 12:00:00,1.2357498,1.0340726,2.0497925,2.2824628,2.7526772,1.4516224
2055-08-15 12:00:00,0.91271293,0.8808527,2.2694495,1.8496609,2.615603,1.1872085
2055-08-16 12:00:00,1.0798229,0.9800189,2.7155426,2.485085,2.0371099,2.156741
2055-08-17 12:00:00,1.5329254,1.1646122,3.2632143,2.4845805,1.9809104,1.9901234
2055-08-18 12:00:00,1.3075237,1.3403096,3.977944,4.7473083,2.3986402,2.8723683
2055-08-19 12:00:00,1.6328647,1.3140528,3.4301925,5.4087257,2.4181094,3.7895243
2055-08-20 12:00:00,2.6609983,1.8363622,3.1218183,2.981229,2.9409533,2.3479395
2055-08-21 12:00:00,1.4949346,1.2994562,3.459193,2.6412501,3.3441255,2.8085742
2055-08-22 12:00:00,1.2075093,1.4709488,3.264297,2.7746341,3.975976,1.9549681
2055-08-23 12:00:00,2.387354,1.9806298,2.888639,2.3194234,3.5351136,1.5386099
2055-08-24 12:00:00,1.9388347,1.9057058,2.9769218,2.9183552,2.56994,1.7164068
2055-08-25 12:00:00,2.178936,1.7269231,3.5120714,2.3191755,2.5472276,1.6762514
2055-08-26 12:00:00,1.4220815,1.3609514,3.1764162,2.2810361,2.687524,2.1924684
2055-08-27 12:00:00,2.6698813,2.152212,3.5338802,2.316952,3.0065095,1.830532
2055-08-28 12:00:00,2.4672267,2.1638203,4.3362417,3.3236022,1.8983418,3.867118
2055-08-29 12:00:00,1.8061664,2.1140122,3.4248374,3.9068878,2.6123686,2.9916346
2055-08-30 12:00:00,1.2636055,1.3824476,1.4963741,1.7177426,3.7857285,1.1972896
2055-08-31 12:00:00,1.1656363,1.2213606,1.9517083,1.9451431,2.8645735,1.8901588
2055-09-01 12:00:00,0.85711926,1.1851422,3.2737007,2.192101,2.2897828,1.9704294
2055-09-02 12:00:00,1.9755962,1.8860487,4.7283297,3.006289,2.5056164,2.7972753
2055-09-03 12:00:00,3.247367,3.188081,4.701895,4.7059093,2.80424,3.448162
2055-09-04 12:00:00,3.0853374,2.8505173,3.0866466,3.918077,3.660325,1.8612542
2055-09-05 12:00:00,2.6922479,2.167333,3.093799,3.1654515,3.8283992,2.0972817
2055-09-06 12:00:00,1.875371,1.3210516,2.5865483,2.5044956,3.2811396,2.2923567
2055-09-07 12:00:00,2.5147173,2.1692505,4.079813,3.9462006,3.654485,3.1216037
2055-09-08 12:00:00,0.8478972,0.9112362,1.942597,2.6047244,3.8782613,1.0155933
2055-09-09 12:00:00,1.1635967,1.2857001,1.6028615,1.84936,2.8702214,1.0011349
2055-09-10 12:00:00,1.5746031,1.7616705,1.8373301,3.0711567,3.925238,2.1124117
2055-09-11 12:00:00,2.3239732,1.9675295,3.2806158,2.2248576,4.1564026,2.8040926
2055-09-12 12:00:00,2.636125,2.230059,3.5190833,2.0831287,3.5780947,2.9314032
2055-09-13 12:00:00,3.0164647,2.5140035,4.062135,3.3408325,3.244749,3.133759
2055-09-14 12:00:00,3.2442603,2.8796797,4.7557306,6.1856313,4.8304834,3.8296456
2055-09-15 12:00:00,3.1484828,3.0240366,5.594126,7.341015,3.7389722,4.049538
2055-09-16 12:00:00,3.0099227,3.1335166,4.281739,5.566841,4.009849,2.6272676
2055-09-17 12:00:00,1.796959,1.7611821,3.2207255,4.1646132,2.563551,2.6043937
2055-09-18 12:00:00,2.257587,1.9797802,2.732806,1.725994,2.9503179,1.508727
2055-09-19 12:00:00,1.0183564,1.037158,2.3563719,3.5504713,5.6953015,1.7353055
2055-09-20 12:00:00,1.7836158,1.5006846,2.5707572,5.523228,5.9731627,2.417019
2055-09-21 12:00:00,1.0516651,1.1677815,2.0187864,3.4861445,4.1162386,1.0024486
2055-09-22 12:00:00,1.7623416,1.2953395,2.273214,1.6221079,3.0122035,1.0115346
2055-09-23 12:00:00,1.4017576,1.1473974,2.8697476,1.2501992,4.1676583,1.0816814
2055-09-24 12:00:00,1.0010251,0.95593566,3.2347798,1.8253881,5.985805,1.3450054
2055-09-25 12:00:00,1.6236324,1.3914403,3.6936555,2.3324845,4.216618,1.5245162
2055-09-26 12:00:00,1.5376304,1.180278,2.740364,2.0568347,2.725321,1.1645702
2055-09-27 12:00:00,1.1829865,1.2597806,2.2244608,2.6763902,3.1346042,1.1731399
2055-09-28 12:00:00,0.99848354,1.0542877,2.549336,2.2960646,2.543271,1.5933778
2055-09-29 12:00:00,2.4191082,2.4499729,6.440674,4.7994437,3.1095715,4.4070473
2055-09-30 12:00:00,4.52982,3.8760192,6.480442,7.12949,6.2126136,5.178479
2055-10-01 12:00:00,4.129123,3.612845,6.9271045,7.0026426,5.735084,4.99727
2055-10-02 12:00:00,2.7864442,2.5765448,3.957143,7.81365,4.6550064,2.868806
2055-10-03 12:00:00,3.3008208,2.8126194,5.305058,4.61593,3.5413911,4.2419486
2055-10-04 12:00:00,2.8011925,2.473172,4.1390815,3.2770543,4.735012,2.9758697
2055-10-05 12:00:00,1.9182122,1.6005226,3.396764,2.7926617,5.30202,2.617459
2055-10-06 12:00:00,0.9512253,1.199959,2.31877,3.4360306,4.958195,1.327846
2055-10-07 12:00:00,2.3415618,2.138485,2.155993,3.7375638,5.3454404,1.2424378
2055-10-08 12:00:00,1.4597096,1.2516617,3.7527876,2.679928,4.183432,2.490192
2055-10-09 12:00:00,3.3995614,2.8972917,5.838738,4.8683977,4.24687,3.960537
2055-10-10 12:00:00,2.5266643,2.1526911,5.7984505,3.184324,4.2605762,2.8553617
2055-10-11 12:00:00,1.9427547,1.9253286,4.8579645,5.1412983,8.086779,2.5945957
2055-10-12 12:00:00,1.297353,1.2738597,3.7424495,4.110609,4.6189413,3.3374476
2055-10-13 12:00:00,3.4497876,3.094672,5.454204,6.335243,7.607624,4.9407835
2055-10-14 12:00:00,2.334682,2.3417938,2.6892483,7.411548,8.044812,2.7246592
2055-10-15 12:00:00,1.0566072,1.2802355,2.9242003,3.4671495,4.7188897,2.321372
2055-10-16 12:00:00,2.1297102,2.0983126,3.197818,5.665852,6.2301583,3.5608823
2055-10-17 12:00:00,3.0765665,2.6919503,4.6915903,5.040127,5.414598,3.5356894
2055-10-18 12:00:00,4.0398245,3.3634033,5.765158,5.9165664,4.4461737,3.8503919
2055-10-19 12:00:00,6.2980537,5.14372,9.110697,4.347304,4.33901,6.1737237
2055-10-20 12:00:00,3.4437354,3.0596385,3.3313437,4.814242,5.2011757,2.7925622
2055-10-21 12:00:00,2.8201141,2.0899525,3.507463,2.311778,4.717286,2.0238895
2055-10-22 12:00:00,2.242032,1.5675188,3.304656,2.0874133,3.3580434,1.40056
2055-10-23 12:00:00,2.666287,1.7625209,3.9229176,3.6824462,5.6278253,1.29915
2055-10-24 12:00:00,1.174533,1.0576562,3.0255437,5.847507,8.773982,1.2536256
2055-10-25 12:00:00,0.85954106,0.8536067,2.0260916,5.5163836,6.7863555,1.2367969
2055-10-26 12:00:00,1.0822937,1.0486,1.7452518,4.6932535,7.3519983,1.7164236
2055-10-27 12:00:00,2.1996346,2.3363357,3.035277,4.5241094,5.7281857,2.92315
2055-10-28 12:00:00,2.8411815,2.2558782,4.0014844,4.0675926,3.9270966,3.1845212
2055-10-29 12:00:00,2.2192125,1.6030877,5.195784,3.1615126,2.332946,2.2421625
2055-10-30 12:00:00,2.2631679,1.7743214,5.4525123,3.1867146,5.087326,2.1402876
2055-10-31 12:00:00,2.9839747,2.0755684,6.305273,3.1488295,6.967867,2.720025
2055-11-01 12:00:00,2.1795502,1.6832356,3.629346,3.0844924,3.3578186,1.9237523
2055-11-02 12:00:00,1.0033289,1.1335834,2.416425,3.4243329,3.3356938,2.0644875
2055-11-03 12:00:00,1.3464397,1.424419,3.10574,4.3767304,3.9448724,2.895733
2055-11-04 12:00:00,3.133632,3.3372912,4.2904425,4.96275,3.1501393,3.1690974
2055-11-05 12:00:00,0.96545255,1.1011287,3.2439466,3.1550639,5.463822,2.7988122
2055-11-06 12:00:00,1.0715624,1.3904479,3.714355,4.887159,3.991059,2.904886
2055-11-07 12:00:00,1.6626854,1.3149012,4.8445554,3.2793424,4.684488,2.466134
2055-11-08 12:00:00,2.4106705,2.2863386,5.800986,5.2358446,5.0369797,4.0096817
2055-11-09 12:00:00,3.1430917,2.7806027,6.185324,5.3100443,5.9862456,4.3765163
2055-11-10 12:00:00,3.5877106,3.0491226,6.081594,5.212264,4.8430247,4.4804564
2055-11-11 12:00:00,3.5410376,3.0800724,6.5346885,5.246463,4.4068403,4.5903673
2055-11-12 12:00:00,2.530664,2.1752217,3.0640717,5.696954,6.093986,2.2629356
2055-11-13 12:00:00,2.786374,2.6544895,4.72611,4.5924883,5.504777,3.95307
2055-11-14 12:00:00,1.7560565,1.8136429,2.7671118,4.921939,6.558851,2.6981795
2055-11-15 12:00:00,2.5250459,2.178531,5.5701814,4.3317313,6.754777,3.3225367
2055-11-16 12:00:00,3.5300984,2.9587889,5.1528363,6.454181,7.2252836,4.4644594
2055-11-17 12:00:00,3.0305827,2.5411742,5.8117495,5.435892,7.459513,4.5813518
2055-11-18 12:00:00,3.5373678,2.989566,5.504771,6.455381,5.263851,4.757817
2055-11-19 12:00:00,3.300439,2.8279095,5.704663,5.3619404,5.447483,4.2314816
2055-11-20 12:00:00,4.337412,3.3765793,6.7506166,5.702013,4.78878,4.9254594
2055-11-21 12:00:00,2.825447,2.6480246,4.1750503,7.131958,4.8942995,3.1635478
2055-11-22 12:00:00,3.2832136,2.6204145,5.6626015,4.9219484,3.4402347,4.051998
2055-11-23 12:00:00,2.9224164,2.1840544,4.9499984,5.3224707,4.2148833,3.9217546
2055-11-24 12:00:00,3.239373,2.574734,5.1133165,6.229047,4.9167275,4.3561687
2055-11-25 12:00:00,3.088634,2.7071385,6.1525607,6.7662296,6.4425516,4.819258
2055-11-26 12:00:00,2.8203988,3.1553512,5.1000953,6.9670095,7.515273,3.2526069
2055-11-27 12:00:00,1.8450758,2.0565841,2.504945,3.7684715,4.2851915,2.2361171
2055-11-28 12:00:00,0.9845342,1.045701,3.484713,4.757281,7.691396,3.1426454
2055-11-29 12:00:00,3.4409842,2.8913765,5.102222,6.4672933,8.028403,4.374866
2055-11-30 12:00:00,2.6808772,2.2152236,4.313117,4.6370816,5.5339594,2.1528327
2055-12-01 12:00:00,1.2126769,1.417716,3.5037,5.335882,4.2613673,2.690453
2055-12-02 12:00:00,1.193816,1.6186041,3.8627422,4.0236893,4.018061,2.347964
2055-12-03 12:00:00,0.96206605,1.0887301,2.7406275,4.49677,3.4827137,3.2883253
2055-12-04 12:00:00,0.6991097,0.98344165,3.4370732,4.1437135,5.559108,3.106943
2055-12-05 12:00:00,0.89830256,0.8332357,4.0461307,2.9833446,5.7811227,2.9732106
2055-12-06 12:00:00,2.9144995,2.6844897,5.1750355,6.488548,8.843083,3.797671
2055-12-07 12:00:00,3.053832,2.9542272,5.339778,6.987236,8.966207,4.394089
2055-12-08 12:00:00,2.993186,2.5860224,3.6896799,6.0491333,6.907843,3.8655896
2055-12-09 12:00:00,1.5723878,1.5912927,4.497329,4.4386554,3.5473936,3.650223
2055-12-10 12:00:00,3.0473416,2.1754746,3.5155227,3.2299914,3.0188146,2.630515
2055-12-11 12:00:00,1.3408692,1.2616671,2.9715044,3.4849582,2.9151337,2.47082
2055-12-12 12:00:00,2.3222833,1.948573,5.5914755,3.6850827,2.9965346,3.328296
2055-12-13 12:00:00,1.831382,1.6970052,4.381434,3.9046073,3.9939938,2.317962
2055-12-14 12:00:00,1.98774,1.695087,3.1116257,2.9630513,3.8876493,2.483668
2055-12-15 12:00:00,1.8797613,1.7351971,3.85944,3.7470117,4.592423,2.1817274
2055-12-16 12:00:00,2.207096,1.8173091,3.5241745,5.3829904,5.4024987,2.1256716
2055-12-17 12:00:00,1.607528,1.6689684,3.5694187,3.5795004,5.270365,2.4066157
2055-12-18 12:00:00,1.989126,1.8713055,3.4507663,7.20804,6.3767266,3.5004246
2055-12-19 12:00:00,2.6752305,3.6806214,4.354891,7.518586,5.5037603,3.23025
2055-12-20 12:00:00,2.1379752,2.4030585,3.8001714,4.907518,6.2979555,2.4833667
2055-12-21 12:00:00,2.1601913,2.6650429,5.496746,8.005076,4.601538,4.154195
2055-12-22 12:00:00,3.0102992,3.9375641,6.1085205,5.8635864,4.8893204,4.211614
2055-12-23 12:00:00,1.243661,1.7257733,2.9327397,5.6405015,4.9896436,2.2808316
2055-12-24 12:00:00,1.0348496,1.4864662,4.3305416,6.913674,7.1676664,3.32099
2055-12-25 12:00:00,2.5194345,2.4118645,6.7004976,7.8375897,8.002054,5.027596
2055-12-26 12:00:00,2.180501,1.907352,5.354384,5.4967422,5.8468933,3.7516475
2055-12-27 12:00:00,1.7327299,2.1232767,5.3977385,7.0606003,4.2538304,4.4294434
2055-12-28 12:00:00,2.251772,2.5557623,4.080885,5.349869,2.9496431,3.1357293
2055-12-29 12:00:00,1.4630597,1.4614229,5.8986545,4.2460556,2.4570394,4.1541915
2055-12-30 12:00:00,1.6406237,1.8792399,4.2420063,5.8779325,4.781873,3.7897222
2055-12-31 12:00:00,2.1594307,1.9317644,5.108417,5.299737,6.3323784,3.3035388
2056-01-01 12:00:00,1.5046775,1.5784999,4.912869,5.6023645,4.8949656,3.8760612
2056-01-02 12:00:00,3.0770426,2.6218677,5.135353,5.2101464,6.3858423,3.191369
2056-01-03 12:00:00,1.8795196,2.0044353,4.595528,3.600997,4.517511,2.7622292
2056-01-04 12:00:00,3.8519347,3.0393,5.13841,5.660093,4.8824434,2.5703332
2056-01-05 12:00:00,1.5159475,1.3022428,4.0106516,5.838954,4.956994,3.149779
2056-01-06 12:00:00,2.4128978,1.9798818,4.083065,5.630578,5.907476,3.3622944
2056-01-07 12:00:00,2.9690495,2.2607093,3.5936947,4.52389,4.4121366,2.85611
2056-01-08 12:00:00,0.9987499,1.1630045,3.566391,4.0310144,3.2814298,2.919893
2056-01-09 12:00:00,0.8733057,1.1556495,2.2125435,4.1608286,3.54889,2.252987
2056-01-10 12:00:00,0.9648161,1.4197026,3.34187,7.0216765,5.241255,2.772483
2056-01-11 12:00:00,1.5805483,2.0826,4.530081,6.4544725,8.262679,4.073796
2056-01-12 12:00:00,1.6089785,2.2309935,3.661702,8.290939,7.849429,2.8841922
2056-01-13 12:00:00,2.0699916,2.447778,4.423941,9.4750595,8.114956,4.3415537
2056-01-14 12:00:00,1.5949562,2.0416498,4.525982,5.027728,8.022245,2.879081
2056-01-15 12:00:00,1.7327814,1.9987543,3.5777178,7.532882,7.584097,3.314015
2056-01-16 12:00:00,1.9592898,2.398066,3.766995,9.665301,10.412682,3.5662253
2056-01-17 12:00:00,2.8776233,2.9674675,5.292888,8.641018,7.341728,4.8359942
2056-01-18 12:00:00,2.9346607,3.5905023,5.6083465,9.288573,7.655551,4.9987392
2056-01-19 12:00:00,3.5442047,3.184495,5.257823,5.5900435,5.0650887,4.9156127
2056-01-20 12:00:00,5.2745476,3.9229646,8.273674,5.987455,5.3848705,6.200175
2056-01-21 12:00:00,5.077812,4.138314,8.399731,5.487399,4.012882,5.4133363
2056-01-22 12:00:00,3.33318,2.8875117,5.773263,4.2205563,4.533067,3.8509662
2056-01-23 12:00:00,1.4123528,1.4205028,2.5783372,3.054791,3.2477393,1.6097397
2056-01-24 12:00:00,1.735024,1.4270933,4.2366905,2.7866342,3.6702192,1.8923383
2056-01-25 12:00:00,2.2118337,2.053253,3.2290154,2.4559307,4.146924,1.8723003
2056-01-26 12:00:00,3.0664988,2.1648197,4.8749485,3.3263283,3.9980695,2.3170235
2056-01-27 12:00:00,3.0501194,2.4857373,6.2067113,4.7127643,4.218213,3.226356
2056-01-28 12:00:00,1.8510537,1.9254059,4.140859,5.8041515,5.2906218,4.7102532
2056-01-29 12:00:00,2.326019,1.9430354,4.814149,3.9925551,4.4209337,2.6933873
2056-01-30 12:00:00,2.3762355,1.8647416,3.8538682,4.297537,4.3488913,2.6419277
2056-01-31 12:00:00,1.9588549,1.7762082,3.5289829,4.773677,5.3631945,2.1377742
2056-02-01 12:00:00,3.1014576,2.5952215,4.2234716,6.1775913,5.2369785,3.9406536
2056-02-02 12:00:00,2.5761256,2.5758896,4.3965755,5.2401924,5.0095086,3.161422
2056-02-03 12:00:00,1.385439,1.3192788,3.707192,4.8201356,5.8141184,2.8302913
2056-02-04 12:00:00,2.394789,1.8707234,3.7232318,3.263175,4.334806,2.435142
2056-02-05 12:00:00,2.3416622,1.8677654,4.060717,4.0432334,4.2918224,3.3365858
2056-02-06 12:00:00,3.6650317,3.0981295,7.0194564,7.3503895,6.110861,6.2470984
2056-02-07 12:00:00,4.1969757,3.9047468,6.1817894,6.6145434,8.896529,4.2260947
2056-02-08 12:00:00,3.2771378,2.7664533,3.4101024,4.2238607,5.43316,2.045561
2056-02-09 12:00:00,1.8734686,1.6114099,2.7384064,3.6015327,3.332674,2.6810427
2056-02-10 12:00:00,1.6657395,1.1773487,2.2310543,3.3607118,2.5393932,1.8376746
2056-02-11 12:00:00,0.8490558,0.8282255,3.4433517,3.7653172,4.2481575,2.8385553
2056-02-12 12:00:00,1.0215449,1.0013396,3.7205658,3.9965475,3.225042,3.1675162
2056-02-13 12:00:00,2.216833,1.6772934,5.074397,4.594914,5.4829893,3.5980153
2056-02-14 12:00:00,2.7096653,2.2096398,4.6773987,4.935849,5.3458295,3.164911
2056-02-15 12:00:00,3.9624572,3.647788,8.26455,6.459399,5.47816,5.4503627
2056-02-16 12:00:00,2.4786663,2.355383,3.5726004,4.8223753,8.768139,2.5217924
2056-02-17 12:00:00,2.7501476,2.532534,5.3986845,4.023357,6.076329,3.6168833
2056-02-18 12:00:00,5.1596847,4.382942,8.096269,6.7391963,6.551343,5.8541503
2056-02-19 12:00:00,4.71447,4.2288465,6.2460723,8.253825,7.213022,5.4999514
2056-02-20 12:00:00,2.1811614,2.5311859,4.2504153,6.356931,5.879441,3.1311305
2056-02-21 12:00:00,3.076197,2.6330006,4.483374,4.4757786,3.1470985,3.3769417
2056-02-22 12:00:00,2.2642007,2.0680683,3.1463785,2.4965932,3.3747556,2.4032874
2056-02-23 12:00:00,1.8592601,1.5705786,3.3306353,4.9658203,5.430096,3.0806527
2056-02-24 12:00:00,1.8714086,1.7719197,4.0441365,4.2592697,5.196889,2.9179728
2056-02-25 12:00:00,2.6302397,2.3971965,5.824081,4.8756576,4.0796537,4.387955
2056-02-26 12:00:00,3.4940882,2.7362566,4.88428,3.7907066,3.889864,3.531347
2056-02-27 12:00:00,2.1121588,1.9178292,3.8007736,4.2532334,4.4337816,3.1161726
2056-02-28 12:00:00,2.1398048,1.8324618,4.7765713,3.3992708,3.9720988,2.7971978
2056-02-29 12:00:00,3.7442636,3.3844864,4.9399133,4.910349,4.1831636,3.1103783
2056-03-01 12:00:00,2.8333812,2.427251,3.0022922,3.996974,4.5518894,2.4683
2056-03-02 12:00:00,1.9075234,1.9035904,4.897475,4.514366,4.198185,3.7073917
2056-03-03 12:00:00,3.2130857,2.995439,5.9132643,5.074061,5.308925,4.592116
2056-03-04 12:00:00,1.9433795,1.7297783,2.7309701,3.4444168,6.5814075,2.111482
2056-03-05 12:00:00,1.928343,1.659258,2.9192066,3.0144804,5.3580422,2.3694065
2056-03-06 12:00:00,0.96462965,1.0438615,3.9136803,3.1875963,3.739203,2.4659245
2056-03-07 12:00:00,1.4639672,1.4228483,5.7501745,2.926382,2.9874578,2.8926039
2056-03-08 12:00:00,1.6160029,1.3930205,5.6770163,2.2967732,2.7824066,2.541855
2056-03-09 12:00:00,0.8798552,1.0659662,4.650204,1.8601747,4.9348283,2.2381756
2056-03-10 12:00:00,0.72626865,1.064246,2.3736744,1.630947,7.0535245,1.6932001
2056-03-11 12:00:00,0.8669141,1.0667127,1.8253242,1.4011081,4.572712,1.4703115
2056-03-12 12:00:00,1.0682775,1.0129955,2.5398035,1.9391052,3.8105707,1.7466218
2056-03-13 12:00:00,1.5609746,1.636035,4.772732,2.9985993,5.540902,3.654342
2056-03-14 12:00:00,2.35317,2.2789228,4.485633,3.3904703,4.20426,2.1646972
2056-03-15 12:00:00,1.8645895,1.7009307,5.0405374,3.6596873,3.7191572,2.9658914
2056-03-16 12:00:00,1.2411319,1.3521703,4.864892,2.7255678,4.094059,2.241284
2056-03-17 12:00:00,1.431231,1.3928598,3.9837208,3.4273784,4.210283,1.8482051
2056-03-18 12:00:00,1.9563357,1.5198435,3.038019,3.943071,4.320487,2.505549
2056-03-19 12:00:00,2.3729792,2.08993,5.073683,3.3193011,2.8825092,3.7907755
2056-03-20 12:00:00,2.6788962,2.680433,4.9384007,4.5734468,4.2742634,4.4511766
2056-03-21 12:00:00,2.4192677,2.2163188,3.965727,5.579949,6.24819,4.030918
2056-03-22 12:00:00,1.986212,1.9504397,4.042844,4.2642083,6.2245054,3.3019829
2056-03-23 12:00:00,2.4675593,2.275504,2.6472497,5.0119905,3.8698137,2.0270548
2056-03-24 12:00:00,1.6846714,1.5249844,3.2752311,3.675985,3.1420543,2.5987968
2056-03-25 12:00:00,2.0977972,1.9053007,4.080891,4.452058,3.8079407,3.2335966
2056-03-26 12:00:00,3.9343686,3.419796,6.8399773,6.200478,4.330247,4.570531
2056-03-27 12:00:00,2.245396,2.1249483,4.2861176,5.000415,2.7480876,2.677005
2056-03-28 12:00:00,2.669774,2.3353894,4.5220327,2.9058945,3.1878262,3.190637
2056-03-29 12:00:00,1.9666013,2.1798913,3.3094027,3.8775103,2.5186954,2.4932566
2056-03-30 12:00:00,3.165431,2.6671224,4.4086294,3.3043416,2.6554282,2.7387795
2056-03-31 12:00:00,2.68413,2.4276004,3.6488216,3.3555768,1.8547494,2.3460388
2056-04-01 12:00:00,1.6280614,1.4358764,3.5362618,2.4776754,2.2470303,2.466726
2056-04-02 12:00:00,2.9612694,2.6577365,5.801951,4.2938886,3.1599023,4.073492
2056-04-03 12:00:00,2.097092,2.4926739,3.9719162,5.3421807,4.343853,3.383315
2056-04-04 12:00:00,2.968018,2.6282623,2.3039575,3.7835836,3.073695,1.6134571
2056-04-05 12:00:00,2.0613554,1.7855939,4.006056,3.1927853,3.046967,1.9714382
2056-04-06 12:00:00,2.6418211,2.1770391,4.032059,3.6500149,4.042937,2.7968476
2056-04-07 12:00:00,3.2002945,2.8286986,5.350905,3.2895331,4.1150084,2.710139
2056-04-08 12:00:00,3.1367059,2.7416518,5.40056,5.3992057,3.6565764,3.8863986
2056-04-09 12:00:00,3.4172218,2.9830248,5.8668137,3.374171,5.2656837,4.1743493
2056-04-10 12:00:00,1.617706,1.6162375,3.3136547,3.3825114,5.0806403,2.6135683
2056-04-11 12:00:00,1.7686584,1.5520061,2.486564,3.9712353,3.4337785,1.8953263
2056-04-12 12:00:00,2.0701065,2.2157748,3.0552142,5.2159452,2.8374703,2.1347313
2056-04-13 12:00:00,1.9141805,1.5060358,2.9115846,3.8065188,3.3418841,2.5729272
2056-04-14 12:00:00,1.5286103,1.5079154,2.977826,4.4287066,6.705458,2.5159001
2056-04-15 12:00:00,2.4428272,2.2740312,3.0881176,5.2638927,6.3158402,2.650879
2056-04-16 12:00:00,1.8500731,1.5989013,2.6326325,5.475817,5.65978,2.2318518
2056-04-17 12:00:00,2.195837,1.8819437,3.3569267,5.291793,6.503151,3.3411763
2056-04-18 12:00:00,2.640117,2.3072965,3.269949,5.7516565,8.830676,3.1082582
2056-04-19 12:00:00,1.5536919,1.3913465,1.8418033,2.1076016,7.163579,1.4525896
2056-04-20 12:00:00,1.4296087,1.3544937,2.1394112,2.6703653,4.0869007,1.6607243
2056-04-21 12:00:00,1.842428,1.7678993,3.2705696,2.972966,3.719461,2.786486
2056-04-22 12:00:00,1.4940002,1.6257445,3.6482215,2.8495874,2.8038661,2.6155722
2056-04-23 12:00:00,2.1594648,2.0432496,3.314276,2.9417226,3.8423643,2.5052633
2056-04-24 12:00:00,2.6632648,2.6425607,4.1127043,5.0225167,4.699741,3.025561
2056-04-25 12:00:00,3.3043442,3.1934834,5.1431537,5.0933647,4.3925834,3.4978275
2056-04-26 12:00:00,2.6966944,2.4417934,3.2729588,2.9070716,4.91128,2.0414822
2056-04-27 12:00:00,2.1728544,2.1576579,2.5924544,4.422333,5.3498983,2.1670723
2056-04-28 12:00:00,2.0906494,1.9766642,2.364238,3.4809163,4.822917,2.7107792
2056-04-29 12:00:00,2.432774,1.9753603,4.1371093,3.1253362,3.636596,2.3961308
2056-04-30 12:00:00,1.8318154,1.5012368,3.5826833,3.3116531,4.32377,2.020976
2056-05-01 12:00:00,1.8920879,1.8785975,2.3725471,4.1542134,3.006834,2.0383167
2056-05-02 12:00:00,2.5959363,2.2842793,3.6173277,3.6224704,2.4220424,2.6939077
2056-05-03 12:00:00,2.5724187,1.9131914,3.547355,3.4522548,2.9151917,1.8686292
2056-05-04 12:00:00,3.1497796,2.6893651,3.7899814,3.1965876,3.2646868,2.0165102
2056-05-05 12:00:00,2.4293709,2.0824802,3.613857,3.9355426,3.252651,1.7397959
2056-05-06 12:00:00,2.0764527,1.5235692,3.1004367,2.4825938,3.4093335,1.4029725
2056-05-07 12:00:00,3.9256637,3.2119284,4.987923,4.1217055,2.6856503,2.7182744
2056-05-08 12:00:00,2.4948504,2.0075064,4.3680525,2.943686,3.3974535,2.3084407
2056-05-09 12:00:00,1.3985062,1.4545282,2.1099102,3.066198,3.6381328,1.2575245
2056-05-10 12:00:00,4.077338,3.214687,3.3937366,4.0440693,5.3835793,1.8997146
2056-05-11 12:00:00,2.4292328,2.0989988,2.0783763,4.6790433,4.030006,1.593102
2056-05-12 12:00:00,2.0150046,1.5379146,2.0545216,4.947798,5.2942004,1.2912958
2056-05-13 12:00:00,1.8196915,1.7526908,2.6926317,4.453694,4.9871283,2.0281208
2056-05-14 12:00:00,3.5436473,2.4864445,4.4626017,4.0062737,3.8148499,2.148339
2056-05-15 12:00:00,3.0690427,1.9966505,4.4341307,3.61679,3.9203403,1.831546
2056-05-16 12:00:00,2.5219424,1.8283458,3.6303854,2.8672292,4.4410844,1.6937388
2056-05-17 12:00:00,3.7402062,2.8888717,3.671961,2.854925,2.8667676,1.8938116
2056-05-18 12:00:00,3.374397,2.6538134,3.9294705,3.1272647,2.6304083,1.9716817
2056-05-19 12:00:00,2.81104,2.4061682,3.1657033,2.9353497,2.9709516,1.9659806
2056-05-20 12:00:00,2.5157967,2.156168,2.6842775,2.4099927,2.9704502,1.8753266
2056-05-21 12:00:00,2.4999633,2.1027522,3.7960348,3.1697361,3.0591083,2.7856617
2056-05-22 12:00:00,2.4360003,2.5395997,4.999428,3.388286,3.8098655,3.507725
2056-05-23 12:00:00,2.949848,2.4992344,3.4171252,3.8175762,4.7646165,2.5012593
2056-05-24 12:00:00,2.7613568,2.0992744,2.474348,2.4219685,3.841034,1.399531
2056-05-25 12:00:00,2.0793176,1.6944636,2.9202075,2.8879182,2.9908693,2.2669873
2056-05-26 12:00:00,3.5267181,3.0126786,5.3001275,3.3338807,2.3710806,3.2774065
2056-05-27 12:00:00,3.8741007,3.2524934,5.180725,4.819675,3.6235201,4.6756277
2056-05-28 12:00:00,3.2849288,3.0545237,3.771415,6.0733657,4.5847373,3.7155063
2056-05-29 12:00:00,1.4021597,1.2327925,2.8537123,3.751122,5.839188,2.3782406
2056-05-30 12:00:00,1.0073156,1.1090875,3.6029367,2.3649144,3.6723304,1.7589728
2056-05-31 12:00:00,1.2477375,1.1390754,3.3368504,2.2143373,2.6733847,1.7277431
2056-06-01 12:00:00,1.2081648,1.252103,3.6853375,2.0950475,3.0187984,1.8815782
2056-06-02 12:00:00,2.9745116,2.1088517,3.3783538,3.444541,3.690196,2.2416182
2056-06-03 12:00:00,2.5870416,1.857769,2.6770911,2.2376437,3.013857,1.5733783
2056-06-04 12:00:00,2.7854185,2.262294,4.5325527,3.0551226,3.1413627,2.9375172
2056-06-05 12:00:00,4.1819477,3.5860958,5.8115597,4.662193,3.8769395,4.3099523
2056-06-06 12:00:00,3.1955152,3.0138566,3.9280608,7.2857966,4.1429563,2.8522046
2056-06-07 12:00:00,2.4401393,2.6484623,3.7677534,5.0135226,3.409176,2.3439925
2056-06-08 12:00:00,1.8064694,1.9664843,2.8274589,3.3584538,4.712694,2.1120844
2056-06-09 12:00:00,1.4804842,1.4070157,1.7924123,2.8605156,5.191027,1.314521
2056-06-10 12:00:00,1.761639,1.3306491,2.047151,2.8757255,4.646212,1.2842233
2056-06-11 12:00:00,1.5721182,1.5454836,2.5725973,2.7942884,3.6029415,1.4557849
2056-06-12 12:00:00,2.0311027,1.6984168,2.5924842,2.4539852,2.6552963,1.6580821
2056-06-13 12:00:00,2.100432,1.9421289,5.2476425,3.1155162,3.3184755,3.069202
2056-06-14 12:00:00,2.8272889,2.633698,3.8225288,3.170514,3.9733691,2.0856547
2056-06-15 12:00:00,2.0028026,1.7322583,3.41994,3.8169475,3.0726638,3.179607
2056-06-16 12:00:00,2.212775,1.9203525,4.100616,3.6230087,3.7546754,3.888912
2056-06-17 12:00:00,1.1154461,1.1813205,1.9417658,3.3357909,4.2292576,1.4273876
2056-06-18 12:00:00,1.9024087,2.001494,2.940305,2.899806,3.3518598,2.3962462
2056-06-19 12:00:00,1.486924,1.7175783,2.8256352,3.502235,4.068858,2.0146546
2056-06-20 12:00:00,1.6324598,1.2448281,1.7743036,2.3166032,4.0753174,1.5765315
2056-06-21 12:00:00,1.3919933,1.2220205,1.77322,1.6984106,2.3917212,1.3126967
2056-06-22 12:00:00,1.6813611,1.6808897,2.0583038,2.2843528,1.6846178,1.8253006
2056-06-23 12:00:00,2.1743734,1.9411205,2.247314,2.3573744,2.6425598,1.4653091
2056-06-24 12:00:00,2.1657069,1.7436566,1.9114765,2.814572,3.3091412,1.3944373
2056-06-25 12:00:00,1.4591291,1.1551178,1.9869636,1.9995174,3.6165404,1.1052594
2056-06-26 12:00:00,1.9156294,1.3956653,4.595751,3.3966029,2.6119463,2.866391
2056-06-27 12:00:00,1.2868631,1.5930283,4.488933,3.7155213,3.6536574,3.1439145
2056-06-28 12:00:00,1.3832524,1.4337052,3.7221248,3.0271091,4.3555293,2.2825093
2056-06-29 12:00:00,2.6215487,2.327849,4.35634,2.9769688,4.0595055,2.8956628
2056-06-30 12:00:00,3.15241,2.6328766,2.7903898,2.65951,3.7717845,2.5133002
2056-07-01 12:00:00,2.2927132,2.4212444,2.7136621,3.232209,4.262419,2.7894561
2056-07-02 12:00:00,2.5317955,2.3911083,2.9594624,3.7255194,2.838482,3.0810707
2056-07-03 12:00:00,2.2889519,2.0698242,2.9666502,3.9600048,3.1850917,3.096604
2056-07-04 12:00:00,2.9550006,2.5820932,2.725875,4.469758,3.2936268,2.3595486
2056-07-05 12:00:00,2.974368,2.4855223,2.359493,2.797165,2.3900201,1.5547462
2056-07-06 12:00:00,2.6364713,2.1047997,2.788783,2.731851,2.663662,1.5984831
2056-07-07 12:00:00,1.8996701,1.6447955,2.5058978,2.0697756,2.329078,1.2955825
2056-07-08 12:00:00,1.844806,1.35843,2.2336206,1.665129,2.087227,1.2988443
2056-07-09 12:00:00,1.058166,1.2401377,1.9290129,1.7680131,1.8886259,1.4285274
2056-07-10 12:00:00,1.5014956,1.453478,1.8608475,2.5944211,2.5602157,1.8137922
2056-07-11 12:00:00,1.7137934,1.2195559,1.917057,2.73761,4.257319,1.6638334
2056-07-12 12:00:00,1.261929,1.4185127,1.6892418,2.0948348,2.7239852,1.4726877
2056-07-13 12:00:00,1.4748228,1.5978292,1.5886885,2.5427287,2.5958734,1.3414638
2056-07-14 12:00:00,1.6612675,1.458069,1.7135118,2.2484002,2.6648483,1.5052327
2056-07-15 12:00:00,1.7999974,1.7214407,2.2955577,1.9732164,2.528058,1.5142338
2056-07-16 12:00:00,1.866569,1.7407237,2.3872807,2.4586093,3.1892202,1.9415404
2056-07-17 12:00:00,3.5401702,2.8421564,4.989209,3.486899,2.9470856,2.4342163
2056-07-18 12:00:00,3.3258524,2.393011,3.191714,3.1464658,2.6187525,2.2256315
2056-07-19 12:00:00,1.3328248,1.4780656,2.7759163,2.3424487,3.128339,2.034695
2056-07-20 12:00:00,2.2193987,1.8334733,4.0822983,2.5983818,2.425018,2.1748466
2056-07-21 12:00:00,2.5008845,2.1647246,3.5341606,2.66934,3.4719145,1.6306416
2056-07-22 12:00:00,1.394329,1.4906085,3.2228909,2.4718018,3.768473,1.4928972
2056-07-23 12:00:00,2.0794673,1.8431357,2.8892577,2.787762,4.0252104,1.2455791
2056-07-24 12:00:00,1.3811493,1.3750907,3.7879748,2.6309273,4.2153873,2.2029338
2056-07-25 12:00:00,2.3884284,1.7978512,3.0987265,2.6874037,3.2624002,2.2247527
2056-07-26 12:00:00,2.2361696,2.2348118,4.140241,3.1903985,3.1932673,2.4809666
2056-07-27 12:00:00,2.7189145,2.54507,4.114889,5.1079426,4.6538796,2.841479
2056-07-28 12:00:00,2.8027177,2.2772994,3.4839265,3.688991,4.6157866,2.6610882
2056-07-29 12:00:00,2.0896902,1.5229988,2.7107935,3.389743,3.802011,1.7511038
2056-07-30 12:00:00,2.0100505,2.2959259,4.413668,3.345644,2.9364154,2.3890858
2056-07-31 12:00:00,2.490963,2.4307384,3.5225048,5.234007,5.036092,2.505176
2056-08-01 12:00:00,2.255351,1.9589963,3.9845695,3.359499,4.3761263,3.011615
2056-08-02 12:00:00,3.4299176,2.7147064,4.1878886,4.1871834,3.5201392,2.9836955
2056-08-03 12:00:00,1.9966143,1.8473059,3.2285028,4.950403,3.9861927,2.8697457
2056-08-04 12:00:00,2.1683826,1.9358002,3.3411005,4.2350397,3.616667,2.5083754
2056-08-05 12:00:00,1.8746858,1.6616343,2.502995,4.005644,3.1415021,1.7098986
2056-08-06 12:00:00,3.5694976,3.1355524,4.756893,2.89884,3.6220388,2.7414207
2056-08-07 12:00:00,2.6556592,1.9002823,3.49889,3.2711666,3.5022197,1.6493996
2056-08-08 12:00:00,1.0277156,1.1322904,2.6945248,3.193309,3.629481,1.3752414
2056-08-09 12:00:00,1.6419556,1.2886566,2.6434746,2.7983608,4.86993,1.8858258
2056-08-10 12:00:00,1.0335677,0.91391516,1.8757555,2.0594254,5.5330777,1.7282734
2056-08-11 12:00:00,1.0562819,0.97165376,1.4526864,1.7803771,5.4558935,1.0026557
2056-08-12 12:00:00,1.224464,1.0724751,1.5015105,1.5612206,4.764882,1.1368773
2056-08-13 12:00:00,0.9017459,0.9445392,1.9104502,2.4119048,4.651985,1.6814668
2056-08-14 12:00:00,1.5185907,1.4765688,2.049388,2.1506498,3.8038037,1.8028619
2056-08-15 12:00:00,1.263462,1.4267111,2.437694,3.3179114,5.1306715,2.232493
2056-08-16 12:00:00,1.3485048,1.1483328,1.631313,2.4371455,4.556796,1.65386
2056-08-17 12:00:00,1.4903629,1.2791828,2.1821017,1.7827643,2.6836066,1.1208498
2056-08-18 12:00:00,2.0087826,1.712622,2.473511,3.0094554,3.1198554,1.5707742
2056-08-19 12:00:00,1.7252823,1.2794693,2.4570467,1.5886892,3.8398144,1.2454898
2056-08-20 12:00:00,1.8381816,1.5866818,3.2037933,1.464987,3.5497997,1.4097419
2056-08-21 12:00:00,1.5467111,1.8586105,3.5837338,3.0014539,4.0712757,2.6598697
2056-08-22 12:00:00,3.3165853,2.7466638,3.457619,3.1773353,3.9704573,2.90172
2056-08-23 12:00:00,3.8481853,3.29519,5.8730607,3.1060162,3.710791,2.6435723
2056-08-24 12:00:00,3.4190302,2.8127618,6.538411,5.6585608,5.835232,4.4257636
2056-08-25 12:00:00,3.4265323,3.3637307,6.30288,6.694713,5.6358013,4.622388
2056-08-26 12:00:00,3.0070798,2.7544422,4.759373,4.3782525,5.7569633,3.2398713
2056-08-27 12:00:00,1.8940891,1.6097468,2.8980281,2.771769,4.96686,1.8528575
2056-08-28 12:00:00,1.0526195,1.0648062,2.156296,2.2933426,4.5705266,1.7308056
2056-08-29 12:00:00,1.0241954,0.9856378,2.7762551,3.112256,4.2521977,1.7609622
2056-08-30 12:00:00,2.65583,2.0820932,3.6508083,2.921803,3.7356284,2.571458
2056-08-31 12:00:00,3.0452542,2.4769967,3.8737853,3.1822455,3.4298415,2.0266206
2056-09-01 12:00:00,2.4591808,2.0906634,2.6096423,2.2097614,3.7925072,1.5676016
2056-09-02 12:00:00,3.5746768,2.974457,2.7200222,3.383728,3.2747672,1.1507729
2056-09-03 12:00:00,2.540382,2.1688526,2.5095458,4.172934,4.480379,1.7743039
2056-09-04 12:00:00,1.6695268,1.7580498,3.1387212,4.228339,4.3705597,2.751961
2056-09-05 12:00:00,2.3036454,1.6840302,2.8830633,2.0540676,2.8871071,2.034601
2056-09-06 12:00:00,1.0387998,1.1867347,1.9472567,2.2910502,2.7658713,1.8175831
2056-09-07 12:00:00,2.1850471,1.657159,2.596629,3.305376,2.5635822,2.176321
2056-09-08 12:00:00,2.5915248,1.9268731,2.2747836,4.6347423,3.2424786,1.8557496
2056-09-09 12:00:00,1.3677927,1.3628569,2.7382576,2.892108,2.8812652,2.003275
2056-09-10 12:00:00,1.3257201,1.2870115,3.466631,2.3188627,4.113839,1.8942313
2056-09-11 12:00:00,4.855975,3.7298603,7.411833,4.8930993,4.43907,4.34157
2056-09-12 12:00:00,1.5359476,1.7322973,4.5162725,5.6165686,6.185668,3.224306
2056-09-13 12:00:00,2.6004238,1.9292372,3.8343832,3.9662964,5.898505,2.1428611
2056-09-14 12:00:00,2.702177,2.3512485,2.8259337,2.8325138,3.7983425,1.4673249
2056-09-15 12:00:00,2.4684887,2.3235981,2.68101,4.2363706,3.9352193,1.9514987
2056-09-16 12:00:00,0.9469811,1.1103244,1.6892145,4.685622,5.684377,1.3539367
2056-09-17 12:00:00,0.7809906,0.97983277,1.7450277,2.418881,4.215652,1.5344716
2056-09-18 12:00:00,2.4320421,1.9747951,2.8356469,2.9319263,3.3020084,1.757332
2056-09-19 12:00:00,2.215549,1.9946069,2.968127,2.8332877,3.6167083,1.644924
2056-09-20 12:00:00,1.3278879,1.1874051,1.6537876,3.2250328,5.726614,1.1767846
2056-09-21 12:00:00,2.1034245,1.9203557,3.6768894,4.129204,4.3424325,2.9048815
2056-09-22 12:00:00,2.3011627,1.9424734,3.5048654,2.5124362,4.407051,2.2317667
2056-09-23 12:00:00,2.2891479,2.2045906,4.4128566,4.8878055,3.951746,3.6075087
2056-09-24 12:00:00,2.672958,2.3695939,4.600769,5.81705,5.8142104,3.8237958
2056-09-25 12:00:00,3.2767482,2.8787165,5.5211577,5.7781506,6.931193,3.9569914
2056-09-26 12:00:00,1.9349831,1.8844266,3.0823002,4.736222,5.275172,2.0420694
2056-09-27 12:00:00,1.6106371,1.6395475,2.8311365,6.7183485,5.591222,3.2180078
2056-09-28 12:00:00,2.2095037,2.265787,3.5686197,6.263106,4.99981,3.0603576
2056-09-29 12:00:00,3.3854017,2.9861455,4.375324,4.705062,5.601085,3.1963172
2056-09-30 12:00:00,3.8140965,3.1978514,3.913562,2.7555766,5.246764,2.9898682
2056-10-01 12:00:00,2.8904734,2.387497,2.6902306,2.5424345,4.9923825,1.9444642
2056-10-02 12:00:00,2.3687751,1.8058985,2.8328276,3.0831194,5.007878,2.201443
2056-10-03 12:00:00,1.2637812,1.3687199,2.5130777,4.160259,5.46715,2.0654864
2056-10-04 12:00:00,1.3256862,1.280989,1.9959766,1.9532902,4.500244,1.6363826
2056-10-05 12:00:00,1.7229409,1.290957,2.2854273,3.9820518,4.9427958,2.1277752
2056-10-06 12:00:00,2.2869697,2.297468,3.939516,8.261473,7.358338,4.2797203
2056-10-07 12:00:00,2.243151,2.2785382,3.8409102,8.621727,7.928674,4.056871
2056-10-08 12:00:00,1.0978127,1.2360072,2.527998,5.823878,9.219587,2.8110852
2056-10-09 12:00:00,0.6852403,0.90543383,2.3333287,3.965662,6.622833,2.6620312
2056-10-10 12:00:00,0.74000764,0.9554334,1.8872821,4.098873,6.060583,1.6852957
2056-10-11 12:00:00,0.93464625,1.007539,2.8596063,4.824607,5.9511433,2.0648715
2056-10-12 12:00:00,1.7293489,1.7158475,4.2922606,4.8235106,3.9005907,2.8039293
2056-10-13 12:00:00,2.7529726,2.7614443,5.1888185,6.5997143,3.3410866,3.1890357
2056-10-14 12:00:00,3.5498922,3.505349,6.497824,6.949441,3.7982209,4.803024
2056-10-15 12:00:00,1.957921,2.5967534,4.153865,5.722864,5.5026865,2.9468606
2056-10-16 12:00:00,2.344693,2.5731738,4.1063104,5.9517775,6.126656,3.1755073
2056-10-17 12:00:00,1.6041055,1.6785061,3.9291506,4.7939715,6.3607874,2.1910882
2056-10-18 12:00:00,2.1148646,2.0377605,4.9993234,4.9468994,4.12629,3.107132
2056-10-19 12:00:00,2.0192165,1.6747417,3.7271373,3.15734,3.9656432,3.2173626
2056-10-20 12:00:00,1.7695266,1.5824903,2.6573198,2.4708724,3.4634502,2.4010363
2056-10-21 12:00:00,1.8726082,1.6550361,2.5372899,2.4087887,3.358313,1.6339765
2056-10-22 12:00:00,1.7541258,1.7828096,1.9003003,2.9458287,3.6553497,1.730243
2056-10-23 12:00:00,0.9315678,1.0409222,2.0484226,2.1975985,4.6801353,1.4970659
2056-10-24 12:00:00,1.69488,1.481039,3.6471906,3.4813786,4.2970576,2.0557578
2056-10-25 12:00:00,1.2619691,0.99940264,2.1187468,2.977036,5.5173836,1.040276
2056-10-26 12:00:00,1.9909275,1.6158973,3.3675435,2.9418938,4.4066625,1.811408
2056-10-27 12:00:00,3.3688064,2.7778292,5.6014285,4.1138844,3.8065398,3.7923052
2056-10-28 12:00:00,3.400104,3.4966588,5.5637274,6.9272213,9.168944,4.012339
2056-10-29 12:00:00,2.5320878,2.634143,5.2321534,5.0586896,8.899534,3.8266978
2056-10-30 12:00:00,2.08348,2.3382525,3.3099911,3.064899,6.679418,2.578205
2056-10-31 12:00:00,1.312393,1.6135442,2.6730678,3.5650377,3.977956,2.2726538
2056-11-01 12:00:00,1.4119543,1.6146795,2.415483,1.9669367,3.4526532,1.9709983
2056-11-02 12:00:00,0.8537191,0.8456098,2.626861,1.6828,3.0036268,1.5831313
2056-11-03 12:00:00,1.3266062,1.0302892,3.1016934,2.1490436,3.6179829,1.9294406
2056-11-04 12:00:00,2.3801684,1.9549888,2.6005018,3.2150722,4.471241,1.8426485
2056-11-05 12:00:00,0.9584599,1.25367,1.9651508,3.2161932,3.5074334,1.4561411
2056-11-06 12:00:00,1.4349699,1.2680608,4.0716796,3.8238962,5.745494,2.8268871
2056-11-07 12:00:00,1.7586913,1.5612419,5.8212585,4.941948,6.8652167,4.2829814
2056-11-08 12:00:00,2.9447365,2.6346943,5.0677156,4.7354207,5.9504943,3.3157377
2056-11-09 12:00:00,2.9927359,2.512824,4.8767376,4.1908054,4.893603,3.5819397
2056-11-10 12:00:00,2.4519305,1.9268224,3.4639456,3.6504383,5.2988405,2.2592478
2056-11-11 12:00:00,1.4854404,1.2975804,2.0932205,4.1738477,5.9398913,1.7901238
2056-11-12 12:00:00,1.1419854,1.4178509,2.464951,3.4467885,4.585359,2.0111055
2056-11-13 12:00:00,2.2098117,2.2190373,6.4880295,5.303113,4.631521,4.4658384
2056-11-14 12:00:00,5.3985896,4.7175484,7.8006735,8.33382,6.221974,6.244529
2056-11-15 12:00:00,3.6593337,3.7927701,4.1551914,7.9181285,9.099825,3.4375722
2056-11-16 12:00:00,1.7240044,1.6758595,3.9002075,3.2738357,4.99101,2.6712532
2056-11-17 12:00:00,3.0254016,1.9630052,3.284817,2.3986793,3.605619,2.6414864
2056-11-18 12:00:00,1.2088926,1.204232,4.144157,4.827669,4.0860333,3.702462
2056-11-19 12:00:00,2.3370485,2.0059628,3.866475,5.04242,3.8207014,3.4583635
2056-11-20 12:00:00,1.4124565,1.5448402,5.2898946,3.876525,3.9014099,2.6407468
2056-11-21 12:00:00,2.3322399,2.4628744,7.518218,4.752059,4.419085,4.0602756
2056-11-22 12:00:00,1.9815352,2.2233372,8.067415,4.512482,4.016966,4.4992886
2056-11-23 12:00:00,1.6340616,1.4229835,6.529951,3.6299586,3.9521317,3.461698
2056-11-24 12:00:00,1.7327415,1.412067,5.36521,3.179807,3.384465,2.9311657
2056-11-25 12:00:00,0.93986994,1.1652149,4.0632706,2.98151,4.011701,2.8471248
2056-11-26 12:00:00,1.2192178,0.86256945,4.1961927,2.8707528,4.285374,2.5747492
2056-11-27 12:00:00,1.0091169,1.2210805,2.6214895,2.2255347,4.9447465,2.4530325
2056-11-28 12:00:00,1.704565,1.5738043,2.9154658,2.6647077,4.3112903,1.9411299
2056-11-29 12:00:00,1.5713052,1.3573809,3.6894846,2.6924005,2.4409788,1.9344188
2056-11-30 12:00:00,1.3049569,1.3221532,3.5610864,2.7457821,2.6265738,2.016229
2056-12-01 12:00:00,1.0027182,1.2275096,3.0695443,3.6597886,4.687619,2.491732
2056-12-02 12:00:00,0.8837395,1.3129973,2.8339157,5.017283,4.6152487,2.7988396
2056-12-03 12:00:00,0.8907906,1.1850282,2.6614,4.916766,5.142542,2.8035889
2056-12-04 12:00:00,0.89289033,1.3079082,3.3620842,6.8791046,7.6045833,3.482843
2056-12-05 12:00:00,0.76735324,1.1832646,3.1761153,3.8872583,6.496748,3.4325469
2056-12-06 12:00:00,0.8009881,1.0306163,2.8968763,4.305826,5.668684,3.1476362
2056-12-07 12:00:00,3.3496633,3.2797422,6.8465486,7.6589203,5.1946306,5.5476756
2056-12-08 12:00:00,2.9970095,3.342476,6.2211256,9.359218,6.4018764,4.107965
2056-12-09 12:00:00,3.2126546,3.8795621,6.327416,7.8121257,8.39292,4.695143
2056-12-10 12:00:00,1.8276973,2.4029193,3.070299,4.360138,5.5491905,2.2145324
2056-12-11 12:00:00,0.7417946,1.067276,2.5811756,4.2250752,4.8115625,2.182393
2056-12-12 12:00:00,1.2128261,1.5171977,4.103837,5.8292484,4.4558783,3.666137
2056-12-13 12:00:00,2.0521016,1.9136053,6.33168,6.123217,5.894754,4.440802
2056-12-14 12:00:00,1.59196,1.7446374,4.4884048,4.6493564,6.277271,2.8581765
2056-12-15 12:00:00,1.526889,1.5045742,4.116407,5.7152224,5.418143,3.1495476
2056-12-16 12:00:00,2.053411,1.6645608,4.850213,3.443912,4.8442106,2.6559227
2056-12-17 12:00:00,2.1429024,1.9307138,3.700859,4.7351146,5.1064887,3.259462
2056-12-18 12:00:00,3.4418733,3.3384252,8.097776,7.543557,6.397552,6.1969438
2056-12-19 12:00:00,3.2391272,3.103614,5.554197,7.0747037,8.076527,4.399193
2056-12-20 12:00:00,3.1658423,2.666533,6.268045,5.5410314,6.7049775,4.093668
2056-12-21 12:00:00,2.7212677,2.428969,5.417563,4.944678,4.591601,3.6460736
2056-12-22 12:00:00,2.8866944,2.6593707,6.015837,5.1681275,6.1091123,4.0882583
2056-12-23 12:00:00,2.7922888,2.4320707,4.683063,4.459253,4.6943088,3.1518881
2056-12-24 12:00:00,2.7859464,2.5015657,4.8033757,4.6541004,4.0881147,4.2037563
2056-12-25 12:00:00,3.1448164,2.863105,4.955244,6.511695,5.213238,3.866761
2056-12-26 12:00:00,3.7902322,3.7016013,8.323744,5.5680594,6.2989874,4.764198
2056-12-27 12:00:00,3.0501113,2.8365183,7.281147,5.223615,6.1356707,4.26961
2056-12-28 12:00:00,2.7646298,2.7870967,4.858555,5.8331804,6.8738823,4.252915
2056-12-29 12:00:00,3.6421194,3.030964,5.198235,6.6486197,7.047977,3.9245234
2056-12-30 12:00:00,2.07766,1.9931271,3.481444,7.454501,6.494187,3.4604266
2056-12-31 12:00:00,2.1427443,2.0349042,5.4883122,6.652856,7.989725,3.9365385
2057-01-01 12:00:00,1.5547655,1.473244,3.2738318,4.798274,6.7780495,2.3954751
2057-01-02 12:00:00,1.8385134,1.6733067,5.3027544,4.3252482,4.821098,3.8581486
2057-01-03 12:00:00,1.417396,1.6752199,3.3926938,4.4863014,4.0284023,2.3899174
2057-01-04 12:00:00,0.7808828,1.0477439,3.501925,5.1982217,3.4604988,3.7571435
2057-01-05 12:00:00,2.399857,1.9901061,4.949068,4.6184955,3.6725385,3.2255096
2057-01-06 12:00:00,1.9888579,2.156489,4.6930275,5.674538,3.1267304,4.020141
2057-01-07 12:00:00,2.7929394,2.6816516,4.2214127,5.0372415,3.3896809,3.5972393
2057-01-08 12:00:00,4.521503,3.3756616,3.9709003,3.7228527,3.1272547,2.7439349
2057-01-09 12:00:00,3.6907313,2.9413269,4.732486,3.8317454,3.995272,2.6574726
2057-01-10 12:00:00,3.477661,2.946783,3.2921176,4.3499136,5.151682,2.2189422
2057-01-11 12:00:00,2.9477804,2.4533887,4.662427,5.6663184,4.2272415,3.8793743
2057-01-12 12:00:00,2.5129073,1.8424962,5.5283055,3.4638393,3.6318944,3.173949
2057-01-13 12:00:00,1.5047754,1.1943364,4.1091027,2.465683,3.392833,1.9748036
2057-01-14 12:00:00,1.4216156,1.2514039,3.7969625,2.5829926,3.0822215,1.5464774
2057-01-15 12:00:00,2.2941973,1.760978,3.6091847,2.6105185,3.4283578,2.0491602
2057-01-16 12:00:00,1.7415731,1.6172491,3.1369033,2.7624109,4.3021126,2.2767138
2057-01-17 12:00:00,0.77527624,1.0971271,2.3738012,3.4276083,5.011253,2.0871935
2057-01-18 12:00:00,0.7692732,1.3644162,2.255174,5.8049016,6.6506176,1.6223545
2057-01-19 12:00:00,1.3451295,1.7063452,2.8385227,4.4020667,4.895604,2.1281712
2057-01-20 12:00:00,0.80693233,1.1384244,1.9537209,6.080527,7.280584,2.1787357
2057-01-21 12:00:00,1.9692515,2.0291061,4.57018,7.94435,5.8253136,4.3931694
2057-01-22 12:00:00,1.7942431,1.8697171,5.437756,5.1070995,4.6740317,3.3495214
2057-01-23 12:00:00,1.7900518,1.7850491,6.0268564,3.94695,2.9686322,4.0359216
2057-01-24 12:00:00,1.7006421,2.0539792,5.367786,6.4078374,4.1970625,4.276866
2057-01-25 12:00:00,1.5205438,2.0244322,4.3219748,5.8246346,3.8601894,2.5590935
2057-01-26 12:00:00,1.1301631,1.2834808,3.9355989,2.9185615,3.6893935,2.546876
2057-01-27 12:00:00,3.11269,2.4568038,6.505374,5.4252644,3.5657675,3.9835567
2057-01-28 12:00:00,2.7970629,2.8987997,4.6208615,6.3463025,4.223997,3.552176
2057-01-29 12:00:00,1.4945676,1.275845,3.6938818,3.82607,4.4773664,2.660735
2057-01-30 12:00:00,1.7568717,1.4851766,3.9023347,2.82673,3.9081638,2.1408572
2057-01-31 12:00:00,5.4219856,3.997193,6.6850176,5.062522,3.9316125,3.3845031
2057-02-01 12:00:00,3.3653855,2.7970102,4.316338,5.375212,4.3973336,3.2100918
2057-02-02 12:00:00,4.6876736,3.3395774,4.700432,3.118304,5.194279,2.6392
2057-02-03 12:00:00,4.3204746,2.8113005,4.8344088,3.034039,5.5642986,2.506529
2057-02-04 12:00:00,3.7005067,2.4498699,4.544882,4.1460595,6.39069,2.6745863
2057-02-05 12:00:00,2.3522608,1.4749372,3.926344,3.509996,5.6422057,2.1726255
2057-02-06 12:00:00,2.5636897,1.7447244,3.6397102,4.0681286,7.1566334,2.0908592
2057-02-07 12:00:00,1.211324,1.170392,2.653386,3.732655,5.854097,1.9747163
2057-02-08 12:00:00,2.2150235,1.7841676,3.358922,2.7470562,3.5253859,1.9841624
2057-02-09 12:00:00,3.8819602,3.0011978,3.5474505,3.350363,3.1972497,2.744406
2057-02-10 12:00:00,3.6808207,3.245936,2.698701,4.685003,3.7316294,2.1943004
2057-02-11 12:00:00,2.8520339,2.3234873,2.6057785,3.7875674,4.2277713,1.7197651
2057-02-12 12:00:00,3.602666,3.753396,3.4858801,5.790011,3.9098954,2.9436421
2057-02-13 12:00:00,1.5091832,1.3284936,3.4155214,3.0700524,4.7720437,2.3893216
2057-02-14 12:00:00,0.92320466,1.064395,4.265273,3.8149722,7.769233,3.4253755
2057-02-15 12:00:00,1.1062548,1.4124371,6.4493384,3.6185653,9.488761,5.0599933
2057-02-16 12:00:00,0.8814568,1.1794076,3.2611349,2.763774,7.481688,2.4842145
2057-02-17 12:00:00,2.3257318,2.0351627,5.3922925,4.04852,5.9278746,2.7500336
2057-02-18 12:00:00,3.7514284,3.3910184,5.495888,6.348283,6.0697956,3.9003003
2057-02-19 12:00:00,2.584366,2.7266843,4.438395,6.317765,7.2553234,3.369519
2057-02-20 12:00:00,2.3615289,1.9786257,3.8679996,2.7742822,3.8993576,1.9655274
2057-02-21 12:00:00,1.6943295,1.7365758,3.6499767,3.918592,3.022527,2.3846326
2057-02-22 12:00:00,3.584284,2.9703405,7.6726046,5.2967157,5.484743,5.0781407
2057-02-23 12:00:00,2.7365212,2.7221634,6.0455127,7.2901278,5.7765536,4.7819014
2057-02-24 12:00:00,3.5436897,3.4460962,7.2705836,6.6701217,6.99587,5.169227
2057-02-25 12:00:00,2.1948793,2.1671097,3.8125076,5.1781735,5.608553,2.7437253
2057-02-26 12:00:00,2.9012494,2.6275287,6.479587,5.1881733,5.3112326,4.0401793
2057-02-27 12:00:00,3.9923778,3.7324731,4.588539,6.3819413,7.4851418,3.91982
2057-02-28 12:00:00,1.8533852,1.8723483,4.604651,4.703405,8.066779,3.318378
2057-03-01 12:00:00,1.5443566,1.7237675,3.9052637,3.9485612,7.527463,2.7166982
2057-03-02 12:00:00,2.3412297,2.2935464,5.407717,4.924987,6.228583,3.7054882
2057-03-03 12:00:00,2.3261456,2.486818,5.3807116,4.973751,4.793959,3.585098
2057-03-04 12:00:00,2.045642,1.9782057,5.1344995,3.5306995,3.4788623,2.9080262
2057-03-05 12:00:00,1.562618,1.3971328,5.2172065,2.3750784,2.7759585,2.4541206
2057-03-06 12:00:00,1.3331802,1.0394787,4.262194,1.951881,3.4387197,1.6461791
2057-03-07 12:00:00,0.7703964,0.9367358,3.2131348,1.8884144,5.2153406,1.5930219
2057-03-08 12:00:00,0.8455887,0.9905388,2.098604,1.5475407,4.8921304,1.4852155
2057-03-09 12:00:00,0.9424496,0.9010331,2.0585525,1.2926561,3.1282248,1.3778825
2057-03-10 12:00:00,0.8231851,1.0054303,1.8970459,1.8789212,3.4964929,1.7086107
2057-03-11 12:00:00,1.4404404,1.3941221,1.9814485,2.8300922,3.5980244,2.3459694
2057-03-12 12:00:00,1.38739,1.7449358,3.0632827,5.6835537,3.6493943,2.1185431
2057-03-13 12:00:00,2.980352,2.968246,4.895987,5.4787817,5.1050115,3.4196699
2057-03-14 12:00:00,2.0268695,2.1025782,3.119464,4.1004367,5.352343,2.3725617
2057-03-15 12:00:00,2.2714906,1.9969538,4.060195,3.592644,3.1940358,2.7917163
2057-03-16 12:00:00,2.1141496,1.688537,3.5764256,3.0263302,3.0455284,2.6708758
2057-03-17 12:00:00,1.2909102,1.6665192,3.3288612,4.0510774,3.7121332,2.4851727
2057-03-18 12:00:00,1.4148061,1.620025,2.7495637,4.1517406,4.254399,1.7330964
2057-03-19 12:00:00,2.0371943,1.7589955,4.7416224,3.512794,4.801804,3.1482165
2057-03-20 12:00:00,2.4248724,2.2058182,4.039173,5.4789276,5.038987,2.5831277
2057-03-21 12:00:00,2.2939157,2.4816458,3.0216296,6.6902113,4.8469863,2.691207
2057-03-22 12:00:00,1.2825077,1.4779539,3.3352833,5.664679,5.6534667,1.9982152
2057-03-23 12:00:00,2.6077523,1.8219225,4.238583,3.0023298,3.103523,2.2967556
2057-03-24 12:00:00,2.3898304,1.862768,3.7704506,3.7526317,4.6857743,2.2123654
2057-03-25 12:00:00,4.085267,3.6132593,7.3311048,5.7911654,3.463784,4.1768
2057-03-26 12:00:00,3.1083858,2.7560127,6.159363,5.526221,4.394078,3.2660077
2057-03-27 12:00:00,2.437931,2.2361903,4.7311783,3.6642292,4.1269674,2.0780332
2057-03-28 12:00:00,2.547473,2.1470103,4.560348,3.259895,3.3368783,1.8846273
2057-03-29 12:00:00,3.3410907,2.832502,4.4509163,4.283781,2.9935462,2.3909748
2057-03-30 12:00:00,1.1235228,1.4910948,4.182664,4.2285824,3.2797778,2.9621043
2057-03-31 12:00:00,1.139469,1.3598597,3.36447,3.2529502,3.9305267,2.7586002
2057-04-01 12:00:00,2.669845,2.0613437,4.241983,2.8029337,3.0625432,1.9422586
2057-04-02 12:00:00,3.659175,2.642478,3.5593371,2.624339,3.4658985,2.008352
2057-04-03 12:00:00,3.3477101,2.722358,3.7376697,2.5712438,4.2998037,3.1612234
2057-04-04 12:00:00,2.0783386,1.8590666,3.9840536,3.06242,4.9230676,2.61422
2057-04-05 12:00:00,1.3950942,1.5194836,3.0253341,3.8113165,4.6156406,2.0984516
2057-04-06 12:00:00,2.2366457,2.1245556,3.1613297,4.871545,4.1217804,2.4676535
2057-04-07 12:00:00,3.9929855,3.4051948,3.7925582,2.6896622,2.5403585,2.6855595
2057-04-08 12:00:00,2.342493,1.8222157,2.573666,2.387968,3.100038,1.9092458
2057-04-09 12:00:00,1.837974,1.4119018,3.2989745,2.7034147,4.435422,1.8973476
2057-04-10 12:00:00,3.217522,2.356365,2.9861908,2.3273823,4.1221104,1.7685804
2057-04-11 12:00:00,1.7658186,1.554646,1.8564155,2.6836839,3.9409811,1.2540969
2057-04-12 12:00:00,1.9369144,1.4637221,2.392239,2.8379781,3.6148217,1.3806753
2057-04-13 12:00:00,1.4320717,1.1937335,2.6924744,1.7020124,5.020938,1.427128
2057-04-14 12:00:00,1.3620511,1.1529363,2.6452549,1.8926035,3.9814892,1.4350425
2057-04-15 12:00:00,1.6523528,1.2941821,2.7133398,1.8791718,3.5679247,1.6718417
2057-04-16 12:00:00,1.4386209,1.1839474,3.0503812,2.3009644,3.298695,1.4624331
2057-04-17 12:00:00,1.4984177,1.3028804,3.095989,1.9593203,3.184722,1.381803
2057-04-18 12:00:00,2.6807373,2.3737807,3.7959216,3.4299707,4.6854415,2.2844946
2057-04-19 12:00:00,2.9967086,2.3839555,4.525201,3.4048014,5.5962906,3.0470269
2057-04-20 12:00:00,3.2749352,2.7345226,3.9094875,4.5801873,7.0599084,3.0707512
2057-04-21 12:00:00,1.1320927,1.242665,2.467438,3.751834,4.320024,1.813151
2057-04-22 12:00:00,4.3393316,3.4203668,4.695321,4.8728714,3.6452703,2.5921755
2057-04-23 12:00:00,4.182127,3.2448313,3.589944,5.774627,3.6357458,2.4199808
2057-04-24 12:00:00,3.8527274,3.090042,5.460149,5.9726753,3.350602,2.915201
2057-04-25 12:00:00,3.1740692,2.7416122,4.2747626,4.93645,4.6312737,2.1749604
2057-04-26 12:00:00,2.616136,2.287051,3.0625753,3.2178519,4.3637705,2.2746978
2057-04-27 12:00:00,2.9611154,2.3467019,3.888659,4.409081,5.6504316,3.018285
2057-04-28 12:00:00,3.6692634,3.0994635,3.6127777,5.1135798,4.8967505,2.79143
2057-04-29 12:00:00,3.7818162,3.119825,4.0879674,4.262347,4.3564596,2.9163642
2057-04-30 12:00:00,2.7937937,2.6570306,3.9490087,4.6988163,5.190416,3.6317892
2057-05-01 12:00:00,1.7661846,1.4161577,2.8243878,2.9200785,5.801931,2.2637014
2057-05-02 12:00:00,1.563701,1.7148087,3.066766,2.8491592,4.1425743,2.2430367
2057-05-03 12:00:00,1.9968357,2.0963008,5.0368147,3.7535126,3.7950118,3.7478752
2057-05-04 12:00:00,3.0837562,2.7863004,3.9826539,3.9541085,4.573596,2.7993388
2057-05-05 12:00:00,3.206466,2.8585956,4.6014104,4.1850343,4.0263896,3.8069904
2057-05-06 12:00:00,2.7408025,2.0552478,3.3675356,4.1766567,3.9334624,2.7336316
2057-05-07 12:00:00,2.7284937,2.287083,4.135102,3.0274262,4.5431485,2.9410253
2057-05-08 12:00:00,2.5872707,1.9676745,4.378341,3.5857728,3.9285336,3.3915715
2057-05-09 12:00:00,2.5112934,2.4233143,3.9755867,3.3103452,2.7882588,3.0851672
2057-05-10 12:00:00,2.7777402,2.118021,3.4331448,2.7954822,2.5184207,2.2883375
2057-05-11 12:00:00,3.1886392,2.8071513,3.8773592,3.2878134,2.1005728,2.1729066
2057-05-12 12:00:00,2.4296865,2.3697133,4.6477394,4.769142,3.764045,2.4541657
2057-05-13 12:00:00,1.4756474,1.6579081,2.3322973,3.2751179,4.134456,1.5498954
2057-05-14 12:00:00,1.3654475,1.3249815,2.5381632,2.2627554,3.3388858,1.4491577
2057-05-15 12:00:00,3.1335711,2.792425,5.181637,3.3886998,4.5195684,2.7516055
2057-05-16 12:00:00,3.6572669,3.1912577,2.999937,3.9664278,3.4238029,2.734828
2057-05-17 12:00:00,3.6363378,2.968507,2.8116314,3.5888286,3.9399402,2.0268521
2057-05-18 12:00:00,2.8153958,2.5341856,3.1126273,5.423245,3.8517451,2.105689
2057-05-19 12:00:00,2.9779649,2.6691494,3.4217813,4.476496,3.0330672,3.6368263
2057-05-20 12:00:00,2.5533829,2.272945,2.474922,2.7354724,3.0539727,1.7474321
2057-05-21 12:00:00,1.4902396,1.3142523,3.0938385,3.4723806,3.436117,1.4871576
2057-05-22 12:00:00,1.2171612,1.2976824,2.2999625,3.5673215,2.789557,1.4760492
2057-05-23 12:00:00,1.6078296,1.7851098,3.1726713,3.7474618,2.9250271,1.858609
2057-05-24 12:00:00,1.9941195,1.5719012,3.5813844,2.5864007,2.2315834,2.0338876
2057-05-25 12:00:00,1.9882886,1.8196999,3.8241081,3.1022177,2.461995,3.3191326
2057-05-26 12:00:00,1.9191463,2.0423164,3.334202,3.8504899,4.307278,2.5283973
2057-05-27 12:00:00,1.555017,1.5872982,2.33986,3.361478,3.8901534,2.2468731
2057-05-28 12:00:00,2.7902591,2.03285,3.6690552,4.516391,3.0475473,3.0901222
2057-05-29 12:00:00,4.4289894,3.721535,4.9440084,6.066605,4.5523276,4.2523932
2057-05-30 12:00:00,2.3906817,2.1503441,3.3890374,4.3255887,4.168061,2.5872986
2057-05-31 12:00:00,2.207014,1.720868,3.9017515,2.703743,2.72671,2.3584247
2057-06-01 12:00:00,1.41667,1.280346,2.5231571,3.5360737,4.243446,1.5905609
2057-06-02 12:00:00,1.3777709,1.2740524,2.0627344,5.2117357,4.8108463,1.5172787
2057-06-03 12:00:00,1.7150552,1.743119,1.9654046,5.118055,4.1345944,1.5067202
2057-06-04 12:00:00,1.8693832,1.548947,2.2977245,4.2465925,3.4352803,1.2765399
2057-06-05 12:00:00,1.3050404,1.3771611,2.4485455,2.7071295,2.661035,1.6726742
2057-06-06 12:00:00,1.395793,1.5399346,2.489811,2.7706463,2.921699,1.6369936
2057-06-07 12:00:00,1.2835099,1.2612971,1.6288006,2.2754745,2.645541,1.3496469
2057-06-08 12:00:00,1.1611781,1.1055883,1.6292963,2.382735,4.374683,1.3159446
2057-06-09 12:00:00,1.4870417,1.4307119,2.1661665,2.8879857,3.8927155,1.71742
2057-06-10 12:00:00,1.412088,1.3124586,2.7097387,2.229072,2.4908874,2.2869577
2057-06-11 12:00:00,1.185175,1.1460668,2.6117222,2.5787969,2.6565301,2.1913638
2057-06-12 12:00:00,1.8821366,1.6955843,3.3176618,2.771049,2.164708,2.71561
2057-06-13 12:00:00,1.7584873,1.598306,3.3954673,3.9702656,2.9791276,2.7164166
2057-06-14 12:00:00,2.1636896,1.5520437,3.3485236,3.9459486,3.7926385,1.6933925
2057-06-15 12:00:00,1.836227,1.4821855,3.111222,1.907121,2.9239714,1.5621983
2057-06-16 12:00:00,1.8041978,1.3794131,2.5689232,2.082946,2.3943074,1.3502185
2057-06-17 12:00:00,2.0061855,1.4508001,2.2036803,1.9140502,3.14391,1.2720193
2057-06-18 12:00:00,1.641417,1.3500005,1.8593489,2.1243167,3.619744,1.1856368
2057-06-19 12:00:00,1.5332412,1.433272,2.2734785,2.4407024,3.4125943,1.6822758
2057-06-20 12:00:00,1.4842384,1.331546,2.422965,3.9668367,4.4741793,2.104489
2057-06-21 12:00:00,2.5344028,2.0698786,2.1259356,5.082587,4.3356795,1.807548
2057-06-22 12:00:00,1.8489608,1.6768991,2.6743233,3.506803,2.9216251,1.8524172
2057-06-23 12:00:00,1.2531126,1.1849821,2.3857799,2.8403563,2.3363504,1.8597963
2057-06-24 12:00:00,1.923831,1.6102031,2.7467535,3.4323723,3.4054546,2.843167
2057-06-25 12:00:00,1.4402752,1.5306631,2.0400739,4.1248727,4.4196033,2.2644575
2057-06-26 12:00:00,2.0473819,1.7147057,2.3291433,3.7140858,3.3773108,2.311192
2057-06-27 12:00:00,2.6368995,2.6396928,3.922836,5.6162634,4.216878,3.6404302
2057-06-28 12:00:00,3.8854005,3.036856,3.675025,5.6551375,4.137608,3.913052
2057-06-29 12:00:00,3.737293,3.1160796,3.894652,5.3970327,3.1513183,3.5146904
2057-06-30 12:00:00,2.96019,2.5155272,3.2543411,4.998622,3.535161,2.0777862
2057-07-01 12:00:00,1.5576874,1.5223756,2.5786228,3.6215503,3.8815284,1.1391357
2057-07-02 12:00:00,0.75264144,0.9459253,3.2987242,2.5626912,3.498124,1.8813081
2057-07-03 12:00:00,1.5343823,1.3016523,2.5687513,2.5500753,3.0579295,1.5343225
2057-07-04 12:00:00,1.2508079,1.2023124,2.8670805,2.0643537,2.9747918,1.6176457
2057-07-05 12:00:00,2.184082,1.6104252,2.4155555,2.7338653,3.6982298,1.6259569
2057-07-06 12:00:00,3.3699837,2.4348269,2.8120778,3.3269544,4.209262,1.6587232
2057-07-07 12:00:00,2.877936,2.1423032,3.2483578,3.4933395,4.6366568,1.7399551
2057-07-08 12:00:00,1.6391485,1.5292773,2.3490145,3.9494467,4.063467,2.113468
2057-07-09 12:00:00,2.3739285,1.7218174,2.915648,2.6008506,3.707012,1.5881658
2057-07-10 12:00:00,2.1982088,1.4024642,3.2724905,2.5409405,3.2223055,1.8375937
2057-07-11 12:00:00,2.2131624,1.553503,3.6166158,2.050039,3.2598307,2.034816
2057-07-12 12:00:00,1.2661195,1.137181,2.6828759,2.30542,2.9742234,1.6143838
2057-07-13 12:00:00,0.8886446,0.9611524,2.7347329,1.9352133,2.8065426,1.4660968
2057-07-14 12:00:00,0.9346922,1.0763121,2.406317,2.5049505,2.977035,1.3510212
2057-07-15 12:00:00,1.7991034,1.7463063,3.2334266,2.5131116,2.7197719,1.6808045
2057-07-16 12:00:00,1.2601857,1.1860018,2.3674395,2.5458465,2.6028345,1.5638411
2057-07-17 12:00:00,0.9872997,1.1326694,2.3789594,1.9698899,2.484388,1.2773789
2057-07-18 12:00:00,1.2480721,1.3078667,2.2917845,2.2903328,2.8115613,1.7325886
2057-07-19 12:00:00,1.8512347,1.5903422,2.5477078,2.719286,2.5007215,1.2683994
2057-07-20 12:00:00,2.940898,2.1442547,3.073525,2.738249,2.538157,1.42064
2057-07-21 12:00:00,2.6821725,1.6623305,2.96206,2.6924598,2.5122204,1.8504289
2057-07-22 12:00:00,2.4324248,1.7698456,3.0752578,2.0942657,3.1668763,1.626933
2057-07-23 12:00:00,1.7779415,1.425671,2.7408519,2.3766308,5.1148825,1.1386088
2057-07-24 12:00:00,3.1200192,2.7333868,4.3287897,2.9905894,3.8308132,2.0913653
2057-07-25 12:00:00,2.3330817,2.2809289,3.5863307,3.9249442,2.8464944,1.747796
2057-07-26 12:00:00,2.0472898,1.7664326,4.16049,4.033022,2.77419,2.428889
2057-07-27 12:00:00,2.4517732,2.2736604,3.3054185,3.3023634,3.373921,1.7372838
2057-07-28 12:00:00,1.8201773,1.9849789,2.6503227,2.9589608,2.8902743,1.791189
2057-07-29 12:00:00,1.3185465,1.4698789,2.326392,2.1154609,2.4232554,1.6858412
2057-07-30 12:00:00,1.0825617,1.0418655,2.4224823,2.2990441,3.0234544,1.93011
2057-07-31 12:00:00,1.3623033,1.1725075,2.2259471,1.9100943,3.034663,1.6419638
2057-08-01 12:00:00,1.3004665,1.2370201,2.964403,2.037536,2.5462708,1.4246813
2057-08-02 12:00:00,1.2278366,1.3006923,2.8244717,2.1816192,2.6641169,1.5514032
2057-08-03 12:00:00,1.0807555,1.0826186,3.4062197,2.035588,2.4636958,1.4238425
2057-08-04 12:00:00,1.5125012,1.3490597,3.8666968,2.1765466,2.8193245,2.167032
2057-08-05 12:00:00,1.5779958,1.5337626,4.15575,2.659227,3.1758657,2.0951312
2057-08-06 12:00:00,1.9850596,1.6427053,3.0790803,3.004057,3.0186665,1.981211
2057-08-07 12:00:00,2.2313786,1.8073589,2.9886572,1.9380623,2.4120598,1.7931865
2057-08-08 12:00:00,1.973139,1.7336322,3.198,2.3173723,3.5520306,1.5644943
2057-08-09 12:00:00,3.2754827,2.5727139,3.2066572,2.9731555,3.034481,2.0729008
2057-08-10 12:00:00,1.1888424,1.1197127,2.0483935,2.6136785,2.9810748,1.2994777
2057-08-11 12:00:00,1.7842686,1.4482615,3.1596255,2.2847412,3.2928107,1.5783594
2057-08-12 12:00:00,1.7664175,1.5746825,3.1813676,2.753559,2.5128753,1.4529014
2057-08-13 12:00:00,1.8355231,1.5197071,3.4582152,2.6412964,3.4787896,2.4894679
2057-08-14 12:00:00,1.8623149,1.4216106,3.0827994,2.3166494,4.352103,1.7232925
2057-08-15 12:00:00,2.8067782,2.6813142,3.9189916,3.7633739,4.9667635,2.2509098
2057-08-16 12:00:00,1.4417062,1.4135106,4.099799,2.862172,6.468319,1.6987804
2057-08-17 12:00:00,1.518802,1.6273926,2.7619715,2.101429,3.9434557,2.019802
2057-08-18 12:00:00,2.0402966,1.6529135,2.4465547,1.8389934,3.360278,1.7567408
2057-08-19 12:00:00,0.86301434,0.87985104,2.1123562,2.3927965,3.331467,1.5452074
2057-08-20 12:00:00,1.0804855,0.91778535,2.6138513,2.6198716,2.0821915,1.8008808
2057-08-21 12:00:00,2.2495902,1.7051083,2.9623408,2.8796532,2.3436296,1.8976699
2057-08-22 12:00:00,2.3166418,1.7345996,2.351076,2.206417,2.7985413,1.2271025
2057-08-23 12:00:00,1.7699183,1.884973,2.0949287,3.08519,4.0206943,1.9587604
2057-08-24 12:00:00,2.1533606,1.6858121,3.063797,2.4148521,3.557556,2.0711944
2057-08-25 12:00:00,1.6146973,1.7230709,3.1643474,2.633886,2.6827557,2.68773
2057-08-26 12:00:00,3.3437178,3.1467974,5.377466,7.570209,3.8374786,4.408945
2057-08-27 12:00:00,2.4036033,2.3519216,2.919533,5.9396687,4.4883122,2.4456384
2057-08-28 12:00:00,1.6637424,1.3835083,4.0134916,3.8933053,5.4242854,2.135327
2057-08-29 12:00:00,3.649725,2.7263315,5.143934,3.3962471,3.6108716,3.3633382
2057-08-30 12:00:00,2.4581656,2.3630645,5.275046,4.1137066,3.8523316,3.2544215
2057-08-31 12:00:00,3.14435,3.050411,4.8129554,4.5235043,5.200501,2.8508337
2057-09-01 12:00:00,1.8619535,1.492472,2.1566334,2.0345101,3.7380188,1.3566482
2057-09-02 12:00:00,1.4297009,1.4371252,3.3549485,3.073704,3.044466,2.9891105
2057-09-03 12:00:00,2.7773783,2.4145172,4.4051642,4.321894,3.8218055,3.2898624
2057-09-04 12:00:00,2.007512,1.8848727,3.3747618,4.54855,4.2038355,2.203073
2057-09-05 12:00:00,2.0069792,1.77899,3.1998663,2.9242754,2.426468,1.7933457
2057-09-06 12:00:00,2.5356598,2.360495,3.4104443,4.346069,2.1061656,1.974468
2057-09-07 12:00:00,1.4615846,1.3778284,3.3079615,2.7508183,3.02978,1.7796797
2057-09-08 12:00:00,1.5011024,1.303586,2.0715275,2.3183076,3.9354124,1.2744122
2057-09-09 12:00:00,0.88726383,0.91322535,2.0299468,2.0361338,3.0439425,1.0284534
2057-09-10 12:00:00,1.9963107,1.517063,3.2360597,2.145605,1.900708,1.4664444
2057-09-11 12:00:00,2.2179885,2.0031612,2.270275,2.8186908,2.4275222,1.8040394
2057-09-12 12:00:00,1.8778569,1.3916826,3.3559859,2.2742708,2.0923526,1.6441431
2057-09-13 12:00:00,1.9642029,1.4115145,3.8580754,2.0176618,2.1398146,1.8746804
2057-09-14 12:00:00,1.4649732,1.1310552,2.5655048,1.8080031,1.9321201,1.4615817
2057-09-15 12:00:00,0.9788433,1.0308187,2.2139115,2.6224189,2.9416337,1.8303903
2057-09-16 12:00:00,2.2930489,1.9330213,3.0159562,5.210395,5.423753,3.1528368
2057-09-17 12:00:00,1.7255969,1.6654458,3.1248188,4.9944277,4.854933,2.1455023
2057-09-18 12:00:00,1.509266,1.6823299,3.6884575,6.3473167,7.677125,2.312964
2057-09-19 12:00:00,1.3524473,1.7213005,2.6194882,4.7912235,6.115548,1.749222
2057-09-20 12:00:00,2.2451034,1.8057066,2.9647627,4.014317,4.164847,2.5808027
2057-09-21 12:00:00,2.9453878,2.3617294,2.7425325,6.013603,5.3265576,2.6155865
2057-09-22 12:00:00,1.9372574,1.849541,2.881872,6.8565497,5.6148796,1.9726802
2057-09-23 12:00:00,1.610816,1.5972307,3.1691353,4.5174036,3.3892713,2.5531468
2057-09-24 12:00:00,3.1710014,2.6586325,5.0823073,4.0576744,2.6149995,4.292002
2057-09-25 12:00:00,2.860105,2.6442769,4.340093,4.83052,3.8060973,3.2565618
2057-09-26 12:00:00,2.3757806,2.0009508,5.3289638,4.7583675,3.7749202,2.6075392
2057-09-27 12:00:00,4.5245614,3.7481818,7.004666,6.893077,3.9084039,4.7677674
2057-09-28 12:00:00,3.307075,3.2105162,5.2659664,6.180278,4.3256955,3.4420586
2057-09-29 12:00:00,2.240455,2.3821092,3.489568,5.334348,5.124459,2.5119326
2057-09-30 12:00:00,1.6495953,1.6846858,2.557102,7.241497,6.6769266,2.7583055
2057-10-01 12:00:00,1.0012728,1.0010085,2.3137915,4.1709347,6.649089,1.3641397
2057-10-02 12:00:00,2.6367583,1.6579009,4.35134,1.956049,4.4052305,1.9837446
2057-10-03 12:00:00,2.0709252,1.4864403,1.994464,3.0046122,3.0578632,2.0188825
2057-10-04 12:00:00,2.161255,1.5407293,1.8895794,3.0637388,2.704347,1.2873932
2057-10-05 12:00:00,1.4534576,1.2447858,1.8211226,2.9744964,4.587745,1.0396101
2057-10-06 12:00:00,1.1994687,1.0400289,2.676399,2.2041497,4.7630506,1.316716
2057-10-07 12:00:00,1.127029,1.1389351,4.148204,2.7272098,2.796865,1.5455451
2057-10-08 12:00:00,2.810584,2.3521416,5.2075357,4.5016026,4.4786553,3.5333261
2057-10-09 12:00:00,2.3270154,2.2116473,5.180972,5.1226964,5.0540338,3.255714
2057-10-10 12:00:00,3.3956423,2.9505832,6.5278373,4.004127,4.2578225,4.617054
2057-10-11 12:00:00,3.1167107,2.8392777,4.575098,4.2108765,3.5290325,3.1984875
2057-10-12 12:00:00,1.5492132,1.5816859,2.2312498,4.965351,3.8877537,1.5180023
2057-10-13 12:00:00,2.544997,1.7836083,2.2473576,1.9026457,3.1366947,1.1848072
2057-10-14 12:00:00,1.7334826,1.5121952,2.1527627,1.8585615,2.566048,1.17489
2057-10-15 12:00:00,1.748897,1.4742737,3.1149633,1.7151017,3.3693674,1.7533191
2057-10-16 12:00:00,3.9528732,2.7206793,4.729813,2.3491774,2.9690008,2.443796
2057-10-17 12:00:00,2.6259952,2.0774114,2.4139335,2.4688766,2.4485323,1.7591429
2057-10-18 12:00:00,1.6788306,1.2510889,3.7484634,2.3195977,2.7358606,2.2125928
2057-10-19 12:00:00,0.9838083,0.8920744,3.903213,2.6110067,2.3842115,2.510033
2057-10-20 12:00:00,1.5306334,1.2160169,4.8142915,2.6579685,5.475174,1.81065
2057-10-21 12:00:00,3.1145692,2.1287649,5.182346,2.6806803,4.243926,2.2641094
2057-10-22 12:00:00,2.8690815,2.2373762,4.2677455,3.2185283,4.481412,1.9179548
2057-10-23 12:00:00,3.587761,3.0768592,5.0151906,4.4596252,4.4961243,2.6366634
2057-10-24 12:00:00,2.5340075,2.1850967,5.0045304,3.687958,3.2731447,2.5401466
2057-10-25 12:00:00,1.6916937,1.567304,3.9888568,3.3802242,2.4397726,2.7519495
2057-10-26 12:00:00,0.884365,0.90095764,2.422041,3.893183,3.3528433,1.1380931
2057-10-27 12:00:00,1.2027591,1.0667386,2.7438285,1.743242,2.9473736,1.2424154
2057-10-28 12:00:00,1.1606641,0.87409896,1.9384815,1.8431007,3.5921562,0.8303285
2057-10-29 12:00:00,1.4522214,0.99668694,3.0160217,1.8852495,3.2161753,1.2270229
2057-10-30 12:00:00,1.6278329,1.2694948,3.887878,2.4213943,2.4532158,1.747632
2057-10-31 12:00:00,1.2376149,0.9503906,4.431037,2.4778225,3.451089,1.515776
2057-11-01 12:00:00,2.1941626,1.4693843,4.5628653,3.4721508,3.2988954,1.9726355
2057-11-02 12:00:00,1.0414298,0.940663,2.614886,3.6006265,2.9106767,1.3213357
2057-11-03 12:00:00,1.6110972,1.5532238,3.9825926,4.6613913,2.733788,2.0332196
2057-11-04 12:00:00,2.9846425,2.6090882,4.1076956,4.3477435,4.0269313,2.4485412
2057-11-05 12:00:00,2.0968118,1.8742139,3.5394125,4.5400157,4.766069,3.3362682
2057-11-06 12:00:00,2.2960057,2.0225425,4.305348,3.44548,3.9368477,2.3239586
2057-11-07 12:00:00,1.7175269,1.7981093,4.091711,3.4543421,3.739766,2.3405457
2057-11-08 12:00:00,3.4213178,3.001818,4.933859,5.0998454,2.535661,3.3659024
2057-11-09 12:00:00,2.240346,2.1256692,4.732939,5.596175,4.366032,3.7415152
2057-11-10 12:00:00,1.7626109,1.7040718,3.054246,3.7405534,5.0400305,2.6066046
2057-11-11 12:00:00,1.4075503,1.2514536,3.1597624,3.1043646,3.8058138,3.162906
2057-11-12 12:00:00,0.722904,0.78792423,2.9630508,2.2821991,2.9363945,2.6624942
2057-11-13 12:00:00,0.701818,0.87037444,2.3306496,2.3623226,2.7810438,1.8911914
2057-11-14 12:00:00,0.73926234,0.99778295,2.7864728,2.565776,2.6068478,2.4622734
2057-11-15 12:00:00,1.9409044,2.191553,4.916239,5.6762023,4.242574,4.680879
2057-11-16 12:00:00,3.3414507,2.6437755,5.10756,4.676457,4.789249,3.4653232
2057-11-17 12:00:00,2.6606622,2.6211088,4.3266335,5.580416,5.198623,2.81229
2057-11-18 12:00:00,1.7558644,2.0484712,4.0150805,6.3260207,4.3773046,3.2008655
2057-11-19 12:00:00,0.9268219,1.0216138,3.3224359,3.1670804,3.2764432,2.4147866
2057-11-20 12:00:00,1.4901643,1.2682124,2.7413201,3.4735353,3.314857,2.1601388
2057-11-21 12:00:00,1.6041751,1.2556324,2.4709523,3.0987525,4.228654,1.5156063
2057-11-22 12:00:00,0.8642328,1.0273696,2.576321,4.1922126,4.5507565,1.4959067
2057-11-23 12:00:00,1.110311,0.9993194,2.920454,4.161811,4.692881,2.5250187
2057-11-24 12:00:00,3.6787243,3.2101984,6.7185287,5.1463256,5.860276,3.8987603
2057-11-25 12:00:00,2.6597474,2.7438986,4.3450847,6.180714,5.82245,3.282258
2057-11-26 12:00:00,1.9010799,2.0268903,2.748862,5.2984414,6.4247127,2.0770922
2057-11-27 12:00:00,0.8868617,1.0918064,2.8799565,3.0743797,5.7158613,1.4951167
2057-11-28 12:00:00,1.041778,1.0200566,2.3894403,2.2683773,5.053765,1.4353038
2057-11-29 12:00:00,2.1066248,1.561771,3.418559,2.844326,5.3840394,1.5996251
2057-11-30 12:00:00,2.2298431,1.9006932,3.005177,3.881523,4.757612,2.1454852
2057-12-01 12:00:00,2.0307612,1.6706007,4.0161114,3.4978974,4.4832077,3.571864
2057-12-02 12:00:00,0.80089283,1.0160031,2.0221913,2.245884,2.6855838,1.9496725
2057-12-03 12:00:00,0.8630117,1.080432,2.8560655,3.0815449,3.0500906,2.4103541
2057-12-04 12:00:00,1.8722601,1.8609129,4.394717,4.5914803,3.4958026,3.3412209
2057-12-05 12:00:00,1.7782902,1.5267185,3.674518,3.2708206,2.7168207,2.800403
2057-12-06 12:00:00,1.1287538,1.324747,3.2027254,4.4152327,3.417632,2.3406549
2057-12-07 12:00:00,2.0230947,1.8004117,4.325496,5.0305514,3.7201934,2.8016436
2057-12-08 12:00:00,1.7332768,1.5356327,3.0121164,3.710947,5.074543,2.0876954
2057-12-09 12:00:00,3.4231029,2.7085009,5.3145113,4.056952,4.052451,3.0015585
2057-12-10 12:00:00,1.6924455,1.4632084,4.1693716,4.235193,6.3655257,2.3632011
2057-12-11 12:00:00,2.1517735,1.722538,4.0301523,3.3392854,6.063486,2.6146617
2057-12-12 12:00:00,1.5488846,1.3693253,5.4506564,4.0074997,5.618884,3.478463
2057-12-13 12:00:00,2.6011658,2.6162436,7.33924,5.7859483,7.3349133,4.840136
2057-12-14 12:00:00,1.193961,1.6619776,5.0187593,6.6211157,9.041157,4.138695
2057-12-15 12:00:00,1.2560701,1.6125302,5.295517,6.0429993,8.127994,4.4581885
2057-12-16 12:00:00,2.3121095,2.0126033,4.2784996,5.0365763,7.327276,3.4429715
2057-12-17 12:00:00,1.9581816,1.8371352,4.9755707,3.137443,4.401747,3.4721127
2057-12-18 12:00:00,1.8739055,1.7958982,4.5775557,4.530278,5.3417315,3.726666
2057-12-19 12:00:00,2.3016179,2.1553233,3.9882228,7.5942144,4.984749,3.6366842
2057-12-20 12:00:00,2.3066669,2.1048222,4.6653786,6.19078,4.1441956,4.666911
2057-12-21 12:00:00,3.2253008,2.789928,4.3673177,9.045232,8.1562805,3.99195
2057-12-22 12:00:00,1.799737,1.8579096,3.6166377,4.68219,6.504779,3.6152225
2057-12-23 12:00:00,2.2033882,1.8539137,4.869569,4.7529287,4.790121,3.9311235
2057-12-24 12:00:00,4.872268,4.2241597,8.600226,6.0510755,4.2885404,5.8412237
2057-12-25 12:00:00,2.9220643,2.5814428,4.520282,7.1368546,4.548917,3.6861515
2057-12-26 12:00:00,1.5410739,1.425799,3.5074883,5.1385565,4.777839,3.3612719
2057-12-27 12:00:00,2.8760507,2.269713,2.2188144,3.115149,7.323344,1.5455794
2057-12-28 12:00:00,1.0677078,1.1465262,3.0488174,2.0717306,6.9060326,1.8215019
2057-12-29 12:00:00,1.4891608,1.1804116,2.5403414,2.5352294,4.888688,1.5373462
2057-12-30 12:00:00,1.8348026,1.6138618,5.088487,4.163642,6.4695797,3.4654713
2057-12-31 12:00:00,2.6116104,2.3820698,3.144378,4.955204,4.515632,2.2132733
2058-01-01 12:00:00,0.9061484,1.1379397,2.7918015,4.264906,4.9599476,2.9542267
2058-01-02 12:00:00,0.9663334,1.1457895,3.047644,4.9680605,5.3195567,2.924975
2058-01-03 12:00:00,2.7495813,2.217514,4.799949,3.8726683,4.912427,2.505733
2058-01-04 12:00:00,3.0294456,2.3909316,5.852775,4.315694,5.40141,2.947835
2058-01-05 12:00:00,3.1187308,2.8182616,5.187,4.887049,4.4274993,3.0531986
2058-01-06 12:00:00,0.9456723,1.3315258,2.1183028,3.1270227,4.6325154,1.4930363
2058-01-07 12:00:00,1.9940146,1.7049662,4.530482,4.9255743,4.0009823,3.6766245
2058-01-08 12:00:00,3.8853185,3.023481,7.348948,7.1899767,5.0957456,5.177455
2058-01-09 12:00:00,3.121497,2.3364244,7.2510123,4.76357,5.4026246,4.7020183
2058-01-10 12:00:00,2.0199943,1.8111237,5.7960196,4.1317344,4.162123,4.208589
2058-01-11 12:00:00,3.2434516,2.5950854,6.120513,6.924921,5.9395328,4.861625
2058-01-12 12:00:00,4.2926483,3.493316,6.191448,5.980727,6.6250205,4.1598434
2058-01-13 12:00:00,3.9331217,3.4008634,6.86743,7.2319336,6.313963,4.7539916
2058-01-14 12:00:00,3.189571,2.3932328,5.501227,4.8534493,6.057133,3.3010669
2058-01-15 12:00:00,3.30583,2.2456238,6.4452724,5.5734553,4.3035636,3.964551
2058-01-16 12:00:00,2.755951,2.400313,5.694063,8.032975,5.2671304,4.56164
2058-01-17 12:00:00,2.3188767,1.994652,3.0522196,6.597317,5.9635863,2.3238628
2058-01-18 12:00:00,2.825545,2.7679663,6.131315,8.113366,3.675977,4.602273
2058-01-19 12:00:00,4.149802,4.226472,4.6106725,5.644327,4.9064484,2.8796055
2058-01-20 12:00:00,1.4569324,1.5198039,2.6939692,3.5558422,3.2809203,2.6925144
2058-01-21 12:00:00,1.0951217,1.146553,2.1553125,2.629902,3.4313414,1.6230035
2058-01-22 12:00:00,1.3726518,1.2810596,3.0206642,3.7067688,3.6356344,2.42534
2058-01-23 12:00:00,1.4807018,1.6144104,3.3155625,5.271657,4.8479652,2.4917684
2058-01-24 12:00:00,1.7633688,1.800241,3.6426296,3.7345393,2.9212072,2.321499
2058-01-25 12:00:00,1.0418785,1.1715001,2.2517695,2.8926337,3.2986639,1.7047728
2058-01-26 12:00:00,1.8739883,1.5214047,3.9098935,3.5866475,2.8577368,2.4689832
2058-01-27 12:00:00,0.92420053,1.2006127,2.6137283,2.4951105,3.6811051,1.9781381
2058-01-28 12:00:00,1.8501977,1.5092672,4.0113363,2.4199386,3.855163,2.252199
2058-01-29 12:00:00,1.3261256,1.2851794,2.3847816,2.9848037,4.1801143,1.9361063
2058-01-30 12:00:00,1.4643862,1.2007614,2.5491097,2.85459,4.403922,1.6866126
2058-01-31 12:00:00,5.0215836,3.5592334,4.313936,4.500871,6.1921396,2.450692
2058-02-01 12:00:00,1.684531,1.5851555,3.4335287,2.9939215,5.0336637,2.092265
2058-02-02 12:00:00,2.025144,1.6977559,4.042703,1.9471422,3.778134,2.8285744
2058-02-03 12:00:00,1.8811514,2.001647,2.5166392,3.702279,2.9955115,1.966164
2058-02-04 12:00:00,1.828621,1.9780127,2.5152228,2.9284465,3.638606,1.9736551
2058-02-05 12:00:00,1.3814164,1.6597239,2.4209864,3.4927263,5.006317,1.6998707
2058-02-06 12:00:00,1.5541413,1.8391879,2.9485903,4.9745407,4.416752,2.063103
2058-02-07 12:00:00,2.5335805,2.3867683,6.3651114,5.915756,5.3657455,4.585139
2058-02-08 12:00:00,1.9265571,1.7902659,6.3362446,6.6667356,4.8684096,4.7332253
2058-02-09 12:00:00,2.3227494,1.9429269,4.0761943,5.246715,5.981533,3.6053736
2058-02-10 12:00:00,1.3664142,1.1719856,1.943681,2.6596336,5.836782,1.217522
2058-02-11 12:00:00,2.35611,1.6546868,2.9341335,2.8493586,5.073993,2.676365
2058-02-12 12:00:00,1.0662483,1.2192372,2.880371,3.4897742,5.5293894,2.4415364
2058-02-13 12:00:00,1.1707826,1.448087,3.5236256,4.351769,5.179247,2.5713365
2058-02-14 12:00:00,2.2251806,2.602284,6.3020926,7.7580695,4.434741,4.991749
2058-02-15 12:00:00,3.5858274,3.4742093,5.6011972,4.7420497,3.83848,3.561829
2058-02-16 12:00:00,1.5553328,1.6556416,2.9002934,4.0307965,3.7004945,2.507426
2058-02-17 12:00:00,2.582518,2.2126021,5.047029,7.4853535,7.529658,4.198525
2058-02-18 12:00:00,3.462543,3.328184,6.426259,9.172752,7.0597625,5.314453
2058-02-19 12:00:00,3.4096975,2.8320856,5.645427,6.5007677,6.4559994,4.3373046
2058-02-20 12:00:00,4.495842,3.2334778,6.5674467,4.9564605,3.0537894,4.255675
2058-02-21 12:00:00,1.8433816,1.7143753,4.899771,3.2150207,2.5136092,2.7390196
2058-02-22 12:00:00,2.1835952,2.0335343,5.023978,4.8843217,3.3310628,4.122894
2058-02-23 12:00:00,3.7186823,3.0559824,5.6293216,6.0142174,6.6408367,4.4659057
2058-02-24 12:00:00,4.5478425,3.9436035,6.408215,6.877084,5.3087997,4.8419447
2058-02-25 12:00:00,4.0955815,3.4415011,6.910912,6.1945653,6.014496,5.1041017
2058-02-26 12:00:00,4.3643827,3.8470862,6.8755064,8.017238,5.4587903,5.294645
2058-02-27 12:00:00,3.0353591,2.5747192,4.8363357,6.780127,6.5252914,4.283878
2058-02-28 12:00:00,3.6301033,2.869181,4.755154,5.0478816,6.4951777,3.9501688
2058-03-01 12:00:00,3.1422358,2.5740528,4.222469,3.483816,7.047845,2.2049742
2058-03-02 12:00:00,2.6024585,2.24996,4.035925,6.2302866,6.6430063,4.442338
2058-03-03 12:00:00,2.0477185,1.719953,4.3145356,5.660358,5.383506,4.144079
2058-03-04 12:00:00,1.7223821,2.1709774,7.0792365,6.2721953,5.1187477,5.6482368
2058-03-05 12:00:00,3.1646438,3.0432525,4.975264,5.687262,5.536113,4.277323
2058-03-06 12:00:00,3.0838907,2.6409614,4.6648335,6.9083147,6.265875,3.8356898
2058-03-07 12:00:00,3.1292105,2.7327406,5.212209,8.048704,4.6801906,4.2834177
2058-03-08 12:00:00,2.9049952,2.587883,3.9427118,6.0871086,4.6550856,3.0589366
2058-03-09 12:00:00,1.378271,1.1467506,4.360989,2.622137,4.0184984,2.2041967
2058-03-10 12:00:00,2.102526,1.8961201,3.9560573,5.0667586,3.8875594,3.2813165
2058-03-11 12:00:00,3.4195647,3.2439473,5.0656395,7.1359735,5.4621034,4.137642
2058-03-12 12:00:00,2.9283032,2.094119,4.8828173,3.2739882,4.213709,3.108698
2058-03-13 12:00:00,3.9168005,3.2846036,4.86906,5.823684,4.3304925,4.5634117
2058-03-14 12:00:00,1.7915392,1.9387797,2.696376,6.243344,7.515551,2.1955314
2058-03-15 12:00:00,2.8558664,2.4481218,5.6128974,4.491772,5.8190413,3.8394153
2058-03-16 12:00:00,4.344663,3.6964457,6.4669385,6.2867866,6.2744966,4.7548037
2058-03-17 12:00:00,2.7539506,2.4235728,4.81544,6.6328773,7.2269235,3.5231252
2058-03-18 12:00:00,2.3508246,2.2029765,3.8189383,7.2840385,6.950767,3.934864
2058-03-19 12:00:00,4.656196,3.9971879,7.155428,7.8488092,5.326433,5.532953
2058-03-20 12:00:00,3.0782723,3.0368876,5.402739,7.0064354,3.7363575,3.9725475
2058-03-21 12:00:00,2.3592246,2.5951488,3.692816,6.53957,5.0530243,2.656074
2058-03-22 12:00:00,2.2883623,1.8929878,3.4767559,3.830199,4.7942786,3.1709852
2058-03-23 12:00:00,2.3699832,1.8932518,3.6930325,3.582659,4.5054154,3.1928499
2058-03-24 12:00:00,3.745007,3.1184072,5.9393787,5.2660365,5.049605,4.810552
2058-03-25 12:00:00,5.4651194,4.4786434,9.198474,4.754339,3.1440823,6.5813565
2058-03-26 12:00:00,3.6056428,3.4563658,4.514,5.590233,3.2183673,3.4769003
2058-03-27 12:00:00,1.7770107,1.9922879,5.038317,5.4817033,4.6786904,4.1064367
2058-03-28 12:00:00,2.2333527,2.2967281,5.6181545,4.8575325,5.7589397,4.153584
2058-03-29 12:00:00,2.7068906,2.9519923,4.461341,5.0756016,5.713503,4.3823624
2058-03-30 12:00:00,3.6941724,3.1844423,4.656839,4.4778066,5.592384,3.5302663
2058-03-31 12:00:00,4.2154894,3.8396854,4.002962,5.402291,7.0841217,3.539043
2058-04-01 12:00:00,3.1926465,2.828909,3.475746,4.970782,6.517364,3.0484872
2058-04-02 12:00:00,3.3164043,3.0390432,3.2537751,4.465174,5.1381917,2.9724529
2058-04-03 12:00:00,3.278328,3.0662127,4.9772034,3.1434522,5.346545,2.5128584
2058-04-04 12:00:00,2.4549541,2.2656035,5.5809636,3.1041708,3.3704174,2.9511025
2058-04-05 12:00:00,2.1136363,2.1705778,4.9988875,3.7445803,3.9235601,2.7141259
2058-04-06 12:00:00,3.573577,3.41947,6.5724773,5.9168973,5.058647,4.6918178
2058-04-07 12:00:00,2.9774384,2.8544962,4.9138293,4.921586,3.9076495,3.7786372
2058-04-08 12:00:00,2.3019364,1.9978856,3.4605885,2.5499978,4.2631884,2.0065722
2058-04-09 12:00:00,2.00489,1.8080727,3.0124276,4.1624026,5.386592,2.5220854
2058-04-10 12:00:00,1.4305032,1.31277,3.0161319,3.9023674,6.546394,2.4773471
2058-04-11 12:00:00,2.8186,2.3690817,4.4734488,4.7660775,5.4466214,3.2761319
2058-04-12 12:00:00,3.3951564,2.7434304,4.9287047,3.5508115,3.000601,3.142052
2058-04-13 12:00:00,2.6646643,2.0619004,4.0786557,2.7062821,2.0407796,2.597589
2058-04-14 12:00:00,1.850471,2.4074676,5.438257,3.6742322,1.7861087,3.544442
2058-04-15 12:00:00,2.2469718,2.126308,3.1497548,5.437705,4.10434,2.7277563
2058-04-16 12:00:00,2.6900291,2.7488518,4.135754,7.742816,6.7436037,3.3850482
2058-04-17 12:00:00,1.984231,1.9707738,2.9821513,5.2559,7.070631,2.5906835
2058-04-18 12:00:00,2.2672668,2.1744487,3.2279644,4.5620446,7.125328,2.5235968
2058-04-19 12:00:00,2.1982641,2.2465653,3.4845638,5.637194,5.883086,2.2082744
2058-04-20 12:00:00,1.9874262,2.1851192,3.7634542,5.2737556,3.530612,2.3704498
2058-04-21 12:00:00,1.7143769,1.8687354,3.0776176,4.3551273,3.4862404,2.0533562
2058-04-22 12:00:00,4.0001554,3.7748477,5.92577,7.8661866,4.4464045,4.592133
2058-04-23 12:00:00,5.42278,4.9681277,7.055379,6.8926764,4.7495456,4.7679567
2058-04-24 12:00:00,2.3629384,2.434885,2.7989693,3.3225563,3.8674636,1.8324662
2058-04-25 12:00:00,2.2002616,1.8495575,3.0450342,3.7590652,5.2585845,2.699689
2058-04-26 12:00:00,2.3053184,1.885676,2.8509414,3.448894,3.2445445,2.29576
2058-04-27 12:00:00,1.9584092,1.5187035,2.3323538,2.220009,1.9174807,1.5410903
2058-04-28 12:00:00,1.3256028,1.1734222,1.8963842,2.022537,2.426668,0.99294955
2058-04-29 12:00:00,1.5774729,1.6249806,3.80605,2.4058108,3.02236,1.6904887
2058-04-30 12:00:00,2.1501167,1.987377,2.6701746,3.9158666,4.3174553,2.28169
2058-05-01 12:00:00,2.1299424,1.8839208,3.7572343,3.0193,3.5765731,2.7151315
2058-05-02 12:00:00,3.2121515,2.4672914,3.8345098,4.461968,4.569341,2.509269
2058-05-03 12:00:00,2.7749634,2.3865974,5.1072536,3.875938,4.1173916,4.004984
2058-05-04 12:00:00,2.3584456,1.9887961,2.694139,2.6661239,2.963801,1.8667558
2058-05-05 12:00:00,1.8593559,1.900064,2.5554886,2.2623265,4.5680733,1.6952618
2058-05-06 12:00:00,1.4163939,1.419457,4.172636,3.1127942,5.0895314,1.9580368
2058-05-07 12:00:00,1.6458309,1.9121802,4.2973013,4.633948,4.9309473,2.552178
2058-05-08 12:00:00,2.5679073,2.1124318,3.6631823,3.516428,3.720842,2.0803175
2058-05-09 12:00:00,1.379864,1.5650454,3.6465242,2.9468327,3.6054277,2.0442202
2058-05-10 12:00:00,2.0432768,1.8359736,3.509717,3.0305774,3.6335027,2.3719153
2058-05-11 12:00:00,2.0726306,1.6918542,2.133261,2.882746,2.947575,1.6006594
2058-05-12 12:00:00,1.3082486,1.6089455,1.8803598,3.4258187,2.6225348,1.8383181
2058-05-13 12:00:00,1.598917,1.4931258,2.4863114,3.196878,3.2746391,2.3277407
2058-05-14 12:00:00,2.5304434,1.9477394,1.9303904,3.7471185,2.5489018,1.7012857
2058-05-15 12:00:00,1.2382969,1.0412397,2.042925,3.2872665,1.7936411,1.3074586
2058-05-16 12:00:00,1.7930669,1.5536385,2.020464,3.0890486,1.8380929,1.4119886
2058-05-17 12:00:00,3.1930542,2.447907,2.6642382,3.8749938,2.4019709,1.4577672
2058-05-18 12:00:00,3.1766207,2.5079823,2.4942784,3.1501417,2.8317358,1.3461027
2058-05-19 12:00:00,2.5967557,2.2794318,2.071422,3.2541645,3.78882,1.4233776
2058-05-20 12:00:00,2.4074962,1.9070948,2.709061,2.815743,5.4878583,1.7071624
2058-05-21 12:00:00,2.3563943,2.2226512,2.8372262,4.1939206,4.525891,2.1785195
2058-05-22 12:00:00,2.7159636,2.127558,3.7379682,3.515752,2.5705376,1.8144363
2058-05-23 12:00:00,1.7359502,1.801777,2.8857777,3.3394787,1.9124539,2.1230428
2058-05-24 12:00:00,1.5894743,1.4116108,3.4740703,3.2252076,2.435242,2.7218049
2058-05-25 12:00:00,1.1208142,1.3800578,3.3391635,4.177898,2.9810956,2.7495816
2058-05-26 12:00:00,1.0495101,1.2293515,2.9715836,4.39955,4.030427,2.9926395
2058-05-27 12:00:00,1.453809,1.3491269,3.8359222,4.2126803,5.0671206,2.7748291
2058-05-28 12:00:00,1.4325604,1.5772449,2.858052,5.183355,4.9269404,1.3498948
2058-05-29 12:00:00,1.7253947,1.8532319,2.1557863,4.833065,3.876728,1.2031592
2058-05-30 12:00:00,1.2669882,1.1664233,2.622577,3.2103474,2.5582464,1.5692174
2058-05-31 12:00:00,3.0742257,2.508732,4.5442767,3.8697,1.8752338,2.07608
2058-06-01 12:00:00,2.156786,2.0067034,3.2932494,3.378729,2.6048234,1.8441395
2058-06-02 12:00:00,3.2208977,2.2353375,4.679408,3.5844393,3.55614,3.0732942
2058-06-03 12:00:00,2.482676,2.2457104,4.044575,3.097034,3.295093,2.9677446
2058-06-04 12:00:00,1.8212256,1.7539078,2.5323813,2.6770535,3.0995867,1.5691309
2058-06-05 12:00:00,1.499867,1.5362728,3.4175177,3.0449667,3.088426,2.0969129
2058-06-06 12:00:00,1.6744928,1.8981771,2.7684903,3.1122775,4.2366858,1.9932495
2058-06-07 12:00:00,2.4335518,2.734542,5.2219996,3.5710874,4.22275,3.3485355
2058-06-08 12:00:00,3.038949,2.615896,5.31254,4.4144893,6.048357,2.6507342
2058-06-09 12:00:00,1.7686958,1.7160957,2.6450663,2.6063354,5.2416096,1.5490192
2058-06-10 12:00:00,1.8122225,1.6461012,3.2318668,3.6848671,3.8689601,2.2630615
2058-06-11 12:00:00,2.3421876,1.991007,2.4266093,5.2258563,3.7031074,1.9625167
2058-06-12 12:00:00,1.5532564,1.4110698,1.9537588,4.0289197,4.305629,1.4604166
2058-06-13 12:00:00,1.737588,1.495949,2.5039337,2.3292506,3.7411504,1.5958531
2058-06-14 12:00:00,1.9448401,1.3960873,2.6879528,2.3209949,3.0778773,1.5445446
2058-06-15 12:00:00,1.5247927,1.5272008,2.064021,3.5473895,3.9971726,1.9458524
2058-06-16 12:00:00,1.584055,1.3953058,2.1286514,4.4612737,3.6724932,1.9107099
2058-06-17 12:00:00,1.0828199,1.4023691,2.2332835,4.0773973,4.292101,1.5307419
2058-06-18 12:00:00,2.4340193,1.9487778,2.2441845,4.7961416,4.6950436,1.5615058
2058-06-19 12:00:00,2.1455655,1.7609773,2.5778499,4.565394,4.135027,1.3441799
2058-06-20 12:00:00,1.780349,1.5033104,1.9871676,3.877619,4.649518,1.1829432
2058-06-21 12:00:00,1.1524963,1.4199154,1.9642171,3.8171532,4.129077,1.3395655
2058-06-22 12:00:00,1.5559086,1.2515268,2.5860038,3.3926392,4.99426,1.6914815
2058-06-23 12:00:00,2.2982228,1.6884896,3.611675,2.3277166,5.3246484,2.019615
2058-06-24 12:00:00,2.632806,1.920471,2.8290641,1.9933254,4.525293,1.9508123
2058-06-25 12:00:00,1.1383922,1.2189289,1.8754545,2.3811283,3.9368174,1.4062321
2058-06-26 12:00:00,1.6153497,1.4513994,3.2266808,3.4775014,3.0694058,1.536715
2058-06-27 12:00:00,1.6121452,1.2564145,3.6865737,4.2251616,3.0508058,1.6890572
2058-06-28 12:00:00,1.4637896,1.2808652,2.3862402,4.3107896,4.289277,1.393476
2058-06-29 12:00:00,1.4623759,1.3970187,1.953263,4.176286,3.8112535,1.5487363
2058-06-30 12:00:00,2.1637664,1.5990487,3.153828,3.4370012,2.5749867,1.8663878
2058-07-01 12:00:00,2.006628,1.6632187,2.659606,3.3051622,2.8496954,1.575313
2058-07-02 12:00:00,2.3583934,1.9886059,2.9529135,3.2706788,2.8218627,1.9331629
2058-07-03 12:00:00,0.9876434,1.2544643,2.6108034,2.6107001,2.4048543,1.6411963
2058-07-04 12:00:00,1.5218194,1.24167,2.9720232,2.487699,2.0695357,1.7287248
2058-07-05 12:00:00,2.2165449,1.7150736,2.3438077,2.6191235,2.2694016,1.5306746
2058-07-06 12:00:00,1.6441705,1.5166862,2.2188015,2.130945,3.1680334,1.6690124
2058-07-07 12:00:00,1.1362616,1.1029261,1.7051526,3.2704859,3.801637,1.3433009
2058-07-08 12:00:00,1.9799176,1.4163864,2.034159,2.9633737,3.9804447,1.4132116
2058-07-09 12:00:00,1.9544866,1.4244487,3.115923,4.661152,4.1208134,1.6033967
2058-07-10 12:00:00,2.5642242,2.139326,3.9946191,3.8288674,4.2758255,1.9766371
2058-07-11 12:00:00,1.7984868,1.7491062,2.7185822,2.6416073,3.7222285,1.4908553
2058-07-12 12:00:00,1.5023292,1.3224297,2.1773262,2.2814493,3.1669695,1.4351525
2058-07-13 12:00:00,2.8142083,2.2366095,4.13297,2.3994021,2.8087938,1.6006109
2058-07-14 12:00:00,3.766808,2.929982,3.9622316,2.3999417,2.664328,1.9202509
2058-07-15 12:00:00,3.1871371,2.3839,2.707675,2.820868,2.4880133,1.3474199
2058-07-16 12:00:00,1.3664396,1.3152608,3.3661616,2.900537,2.583172,2.06395
2058-07-17 12:00:00,1.6374028,1.7217876,2.7288227,3.7368813,3.0914228,1.7767841
2058-07-18 12:00:00,0.98380655,1.0545096,2.4054024,2.0669112,2.982729,1.5056542
2058-07-19 12:00:00,1.3845739,1.2379903,3.2826996,2.43191,2.9665835,2.2834857
2058-07-20 12:00:00,2.1151094,1.60896,2.2013524,4.2563276,3.1891837,1.4696883
2058-07-21 12:00:00,1.0346042,1.4110034,2.2073305,4.4836054,2.9078195,2.1844366
2058-07-22 12:00:00,1.6726748,1.6876279,3.0777373,3.3702672,2.9405909,1.9561659
2058-07-23 12:00:00,1.1365843,1.1679533,2.711077,2.4718869,2.649132,2.1005595
2058-07-24 12:00:00,1.6491764,1.4046539,3.0152593,2.5754147,2.3099687,2.1371193
2058-07-25 12:00:00,2.424636,2.2004848,4.2561088,2.9917963,2.9229026,2.740077
2058-07-26 12:00:00,2.90735,2.305509,3.0317276,2.8017426,4.208281,1.6300191
2058-07-27 12:00:00,2.8141594,2.2694983,3.327717,2.6324008,4.35359,2.2663584
2058-07-28 12:00:00,1.6238338,1.5336386,2.2358298,2.5234833,3.6414635,1.482229
2058-07-29 12:00:00,2.569691,2.3310864,2.6632657,3.919881,5.243388,1.7523105
2058-07-30 12:00:00,1.2994719,1.6678889,3.1218035,4.8704576,3.9450006,3.234287
2058-07-31 12:00:00,1.0515205,1.1298033,3.0107365,3.6303778,4.2598715,1.8683757
2058-08-01 12:00:00,1.5178845,1.3900876,2.8200893,2.2769089,3.6951854,1.951207
2058-08-02 12:00:00,1.3810841,1.556387,3.6019025,2.3010654,2.24178,2.4940348
2058-08-03 12:00:00,1.6210743,1.4647933,3.7124074,2.6555493,1.7383926,2.1750646
2058-08-04 12:00:00,2.1471622,2.1006052,3.561106,3.5555394,1.9851507,2.4190152
2058-08-05 12:00:00,1.2959187,1.1924262,2.6294055,2.158216,2.2087572,1.9693891
2058-08-06 12:00:00,2.4451902,2.0554261,3.5506623,3.0998628,2.2466836,3.0543666
2058-08-07 12:00:00,2.495608,1.844624,3.0076184,4.019971,2.5614953,2.4726834
2058-08-08 12:00:00,1.5136764,1.3684883,1.9920332,3.8352656,4.27271,1.9871182
2058-08-09 12:00:00,2.16678,1.9660674,2.656157,3.8697271,4.5737543,2.489173
2058-08-10 12:00:00,2.9774544,2.5880249,2.5693216,5.438453,6.001552,2.6921868
2058-08-11 12:00:00,2.4308815,1.7588696,4.0600686,3.1609476,5.321856,2.075624
2058-08-12 12:00:00,1.3067975,1.1732036,2.7410896,2.6466837,4.031636,1.2041484
2058-08-13 12:00:00,1.6757908,1.2139094,2.0812469,2.755654,3.124355,1.3529221
2058-08-14 12:00:00,1.1918932,1.068493,2.5053124,2.7124984,2.4977229,1.3625072
2058-08-15 12:00:00,1.4434795,1.4160764,1.9604527,2.0730028,3.088797,1.2379957
2058-08-16 12:00:00,1.5794326,1.74521,2.5350645,3.3576663,3.7131748,1.8896182
2058-08-17 12:00:00,1.9933515,2.0924666,3.150896,2.8042393,3.458376,2.7551823
2058-08-18 12:00:00,2.163134,2.2457645,2.8353336,3.2092178,3.6694975,2.1407208
2058-08-19 12:00:00,2.384252,2.428166,3.4995399,2.9798658,3.124424,2.447035
2058-08-20 12:00:00,1.6909893,1.7817924,2.6973846,3.0572772,3.4750772,2.1162047
2058-08-21 12:00:00,1.9061303,1.781602,3.3566456,2.4241502,3.5345616,1.7939363
2058-08-22 12:00:00,1.5636873,1.6486069,2.573915,3.199519,4.012955,1.8897442
2058-08-23 12:00:00,2.3635867,1.9375783,3.6595407,2.9718335,4.07371,1.943207
2058-08-24 12:00:00,3.3216367,3.0928113,4.0643454,3.9227307,2.524799,2.6024914
2058-08-25 12:00:00,2.2427325,2.2391598,3.1007004,4.023144,2.9420314,2.0974662
2058-08-26 12:00:00,2.1109922,1.6890175,2.4214349,2.302198,3.4093246,1.2654719
2058-08-27 12:00:00,1.8430512,1.6990607,2.8476653,2.6100256,3.2035232,1.4402957
2058-08-28 12:00:00,2.054125,1.9290477,3.7183418,3.3945796,2.7079022,2.7984245
2058-08-29 12:00:00,2.4578748,2.1030126,3.2249115,2.7928314,3.5880966,2.434027
2058-08-30 12:00:00,3.320836,2.693162,3.8395956,3.0810292,3.4279742,1.7097228
2058-08-31 12:00:00,1.3742013,1.2721797,1.9502203,2.689834,3.004271,1.2283807
2058-09-01 12:00:00,2.500906,1.9109124,2.6842992,1.847043,3.3634894,1.2352645
2058-09-02 12:00:00,1.3423221,1.4724017,2.7336175,2.5091925,3.874637,1.2988144
2058-09-03 12:00:00,2.3593044,2.1463048,5.7865787,3.3122628,5.0737424,2.764905
2058-09-04 12:00:00,2.6045191,2.5070262,3.8657749,3.9375482,2.9852903,2.1668293
2058-09-05 12:00:00,1.3508887,1.4899766,2.6723278,2.9266567,3.8862958,2.39581
2058-09-06 12:00:00,1.448,1.3978167,3.1568604,3.1628869,3.6708422,2.208759
2058-09-07 12:00:00,1.7068127,1.481301,2.9052484,3.6738918,4.491583,2.127175
2058-09-08 12:00:00,1.5102856,1.3966407,3.0912075,3.19731,5.093473,2.7288713
2058-09-09 12:00:00,0.970768,1.2532033,1.6170764,3.737615,4.186537,1.6536599
2058-09-10 12:00:00,0.8565977,1.0105629,2.453165,2.5893064,3.6945784,1.3149676
2058-09-11 12:00:00,1.013164,1.1246628,2.7287357,3.035264,3.5527515,1.2861873
2058-09-12 12:00:00,2.0413105,1.9468346,3.4633546,2.546922,3.308569,1.3858693
2058-09-13 12:00:00,0.99485,1.1060374,3.4266331,3.283705,4.9802637,1.4202032
2058-09-14 12:00:00,0.76899445,0.86981887,2.4726307,2.6191697,6.513214,1.1511046
2058-09-15 12:00:00,1.0422027,1.2263056,3.5343351,1.5716558,6.479557,1.5762091
2058-09-16 12:00:00,1.6424263,1.8690394,4.47913,2.144013,5.166171,2.5133078
2058-09-17 12:00:00,1.2396228,1.4536781,3.5018137,1.8732435,3.9866235,1.5568281
2058-09-18 12:00:00,1.7436292,1.4977025,3.8658113,1.8776196,3.871861,1.8572025
2058-09-19 12:00:00,1.5429337,1.3210797,2.9013648,1.7938741,2.92299,1.5611676
2058-09-20 12:00:00,0.980572,0.95450205,2.3825915,1.2841258,3.748466,1.5008575
2058-09-21 12:00:00,0.9250711,1.0955801,3.031711,2.1166995,4.0410213,1.680604
2058-09-22 12:00:00,2.3625503,2.3646083,3.123677,3.9859157,3.8458526,2.5049186
2058-09-23 12:00:00,2.1768703,1.9880497,4.3665104,3.9402113,3.8999932,3.6589844
2058-09-24 12:00:00,2.5694075,2.1730843,5.3383846,3.9893985,3.9731472,2.9952092
2058-09-25 12:00:00,3.3468874,3.0255778,4.7993484,3.9319067,5.190801,2.9229696
2058-09-26 12:00:00,1.9832176,1.5981776,2.7697587,2.757532,5.854182,2.2372096
2058-09-27 12:00:00,2.0012577,1.8405144,3.1053445,3.7477055,3.5790884,2.436354
2058-09-28 12:00:00,2.2820911,1.8623122,2.8431199,2.8645005,2.8446522,2.0582392
2058-09-29 12:00:00,0.8569087,0.87702197,1.5438547,1.4115788,3.0836768,1.0315741
2058-09-30 12:00:00,1.3894054,1.4374264,4.267265,4.036517,2.9932234,3.075639
2058-10-01 12:00:00,1.1557751,1.5078778,4.33367,4.85725,3.0649228,3.8293939
2058-10-02 12:00:00,1.3702363,1.5779047,3.2122443,4.141209,3.7382655,1.9940426
2058-10-03 12:00:00,1.876366,1.6703576,3.7867732,3.5770981,4.2018805,2.6475267
2058-10-04 12:00:00,2.3108718,2.0504518,4.5013027,5.5008254,4.6268997,3.9556234
2058-10-05 12:00:00,3.0177622,2.7788844,4.8352757,7.738824,7.1536803,4.25382
2058-10-06 12:00:00,1.4808891,1.5822049,2.4721055,5.6651464,5.934893,2.18571
2058-10-07 12:00:00,1.8331661,1.7012255,3.950397,4.6830974,4.634325,3.1286252
2058-10-08 12:00:00,2.6682806,2.3981836,7.2505217,3.9013584,4.3043175,4.5319314
2058-10-09 12:00:00,2.8411038,2.9131231,6.1366615,5.956005,4.6133213,4.439458
2058-10-10 12:00:00,1.8962777,1.9040593,3.5354588,4.590842,5.9399905,2.9950156
2058-10-11 12:00:00,3.5469906,2.996233,5.3165846,7.8228064,5.589617,4.50848
2058-10-12 12:00:00,3.143565,3.626391,5.8896847,8.328305,6.7215576,4.3310757
2058-10-13 12:00:00,2.4400158,2.812265,5.2678776,7.6817827,5.8349013,3.9828203
2058-10-14 12:00:00,2.1131964,2.0799825,4.28498,7.273215,5.7417235,3.3378503
2058-10-15 12:00:00,2.643307,2.408076,3.856184,4.9887595,6.455689,3.6035259
2058-10-16 12:00:00,3.4849374,3.1582277,5.2537017,5.2723794,6.1887264,4.205607
2058-10-17 12:00:00,3.7165532,3.329434,6.414634,6.3525496,4.1319566,4.7113047
2058-10-18 12:00:00,2.8011634,2.8188736,5.201191,5.4782014,4.146237,3.6556776
2058-10-19 12:00:00,1.6274042,1.8630329,2.7955117,3.6774542,3.6783237,1.9899219
2058-10-20 12:00:00,1.7031025,1.922714,2.7220485,3.8676925,5.2172017,1.6677407
2058-10-21 12:00:00,1.1532204,1.0828701,3.236948,3.1426294,4.2106395,3.160433
2058-10-22 12:00:00,2.3568258,2.1417227,3.7528691,4.876891,3.488256,3.1203675
2058-10-23 12:00:00,3.8685884,2.9889045,4.5115967,4.478692,3.6788065,3.1525517
2058-10-24 12:00:00,4.075699,3.1390898,4.9765024,4.341208,6.196969,2.6271698
2058-10-25 12:00:00,2.9153366,1.9334939,3.4810488,2.9471025,5.132214,1.4269862
2058-10-26 12:00:00,1.0279768,1.1218336,1.8099385,2.3209271,3.2063808,1.5428166
2058-10-27 12:00:00,2.0372198,1.702741,4.6602664,4.2826524,3.9873106,2.9381692
2058-10-28 12:00:00,2.3952987,1.8929495,3.8581247,3.3184085,4.300553,2.250718
2058-10-29 12:00:00,1.4274396,1.366082,1.8749547,7.186622,7.10058,1.9823351
2058-10-30 12:00:00,1.6366086,2.0207748,3.4532986,8.301712,7.2195725,2.736912
2058-10-31 12:00:00,1.7935462,2.5162086,4.367784,7.3849373,7.210104,3.5963068
2058-11-01 12:00:00,1.8921262,2.5321581,3.5618207,5.5852976,7.516427,2.5812497
2058-11-02 12:00:00,1.3406284,1.6314139,2.4734704,3.7208455,6.130077,1.4869175
2058-11-03 12:00:00,1.180337,1.4222786,2.153504,3.8872578,5.639047,1.3026652
2058-11-04 12:00:00,1.2149847,1.4693187,2.4385667,2.6979802,5.1628523,1.6041563
2058-11-05 12:00:00,0.7470892,0.82514256,3.55636,2.344746,4.377607,1.5342759
2058-11-06 12:00:00,2.247245,1.8445973,3.9582644,3.5428026,3.103734,2.2652829
2058-11-07 12:00:00,1.6762595,1.6584768,2.6210427,2.2077177,3.3781424,1.7952907
2058-11-08 12:00:00,1.2247632,1.0999547,5.049465,2.8342805,2.7028306,3.4024832
2058-11-09 12:00:00,2.6184943,2.122165,3.115719,4.431828,3.610938,2.7909117
2058-11-10 12:00:00,1.9268711,1.6851817,3.3086157,4.9864902,3.9937382,2.3299572
2058-11-11 12:00:00,1.3438826,1.170849,3.662459,3.3421423,3.7747986,2.592443
2058-11-12 12:00:00,2.0911596,1.7369848,3.2637188,2.8269536,2.653914,1.51648
2058-11-13 12:00:00,3.17916,2.4876857,4.8046513,3.253186,2.880801,2.9479556
2058-11-14 12:00:00,2.992816,2.5251985,3.7109907,4.077553,3.1210566,2.2977328
2058-11-15 12:00:00,2.504233,1.8953524,2.1464593,2.4311368,3.7380643,1.462483
2058-11-16 12:00:00,0.91099215,1.019936,3.5526676,2.7730424,3.3070788,1.8948989
2058-11-17 12:00:00,0.70858985,1.0313714,2.4959338,3.2943232,4.0680695,1.5268635
2058-11-18 12:00:00,1.5093387,1.5949948,2.2022684,2.3210042,5.142219,1.4118787
2058-11-19 12:00:00,1.2914503,1.3351187,2.105758,2.5942438,2.8979897,1.598723
2058-11-20 12:00:00,0.9500053,1.3053772,2.165513,3.0969744,3.7406843,1.6391677
2058-11-21 12:00:00,1.3405652,1.51865,2.37626,2.4835525,3.766908,1.8015308
2058-11-22 12:00:00,1.056798,1.3372945,2.028735,3.1494262,4.179977,1.5967985
2058-11-23 12:00:00,0.93218124,1.0825619,2.2241578,4.5696297,3.9394348,2.1705813
2058-11-24 12:00:00,1.443546,1.2345269,3.8891788,2.903911,6.53652,2.322298
2058-11-25 12:00:00,2.8165464,2.1002798,5.1771083,3.2041104,5.302637,2.5795717
2058-11-26 12:00:00,1.0772153,1.231858,1.9939325,3.5564995,4.0853047,1.2490796
2058-11-27 12:00:00,1.1456552,1.2779037,3.73309,4.9725895,4.3516545,3.5811415
2058-11-28 12:00:00,1.9169302,1.7853808,3.5935571,2.5353224,5.146656,1.3439889
2058-11-29 12:00:00,1.7115855,2.035477,2.6922047,2.438981,3.9992206,1.5484128
2058-11-30 12:00:00,1.828504,1.9745876,3.4328208,2.949906,3.5292497,2.1001194
2058-12-01 12:00:00,1.2897601,1.3829451,2.4885838,2.6213665,3.1445162,2.1717339
2058-12-02 12:00:00,1.4338613,1.2960632,2.9679627,2.3840375,2.8951087,1.7237171
2058-12-03 12:00:00,1.4797347,1.4280893,2.5414808,3.3593473,4.685099,1.9692907
2058-12-04 12:00:00,0.876933,1.1632802,4.483917,5.434242,4.808849,4.222223
2058-12-05 12:00:00,2.1936142,2.0692582,6.5038424,5.868178,6.784623,5.0277224
2058-12-06 12:00:00,2.4599419,2.0493517,6.2292047,4.8773265,5.2496495,3.9710622
2058-12-07 12:00:00,2.125097,2.048821,4.823799,4.4601493,6.043553,2.1384175
2058-12-08 12:00:00,2.3132815,2.0780518,4.9126916,4.572306,7.0361767,2.5684986
2058-12-09 12:00:00,1.4363756,1.2483752,2.808872,2.715055,4.41587,1.8726444
2058-12-10 12:00:00,1.1242933,1.1474278,2.2854464,2.204328,3.4282494,1.6853359
2058-12-11 12:00:00,2.1239123,1.5671549,2.615003,2.9624963,4.4556684,2.086102
2058-12-12 12:00:00,1.6766623,1.4704173,3.2145066,2.050983,3.5511575,1.7660459
2058-12-13 12:00:00,0.6340277,0.7956072,2.0047672,3.5505204,4.6691093,2.1769054
2058-12-14 12:00:00,0.97359717,1.1540407,3.8465948,5.0248404,5.8064413,4.2991743
2058-12-15 12:00:00,1.9923855,1.7730434,5.3376555,5.2551746,6.079632,4.3562994
2058-12-16 12:00:00,3.1384544,2.5015035,4.3433633,4.0052743,4.1642723,2.473714
2058-12-17 12:00:00,1.7160885,1.6026955,2.025052,4.1289887,4.555451,1.3606136
2058-12-18 12:00:00,0.94890267,0.9873198,2.1143796,3.7803304,4.626721,1.8960917
2058-12-19 12:00:00,1.2840042,1.3248818,3.392537,2.6879654,4.8798294,2.1233826
2058-12-20 12:00:00,1.4197965,1.4505799,4.90373,5.313722,5.368984,3.8602803
2058-12-21 12:00:00,1.871408,1.7871944,5.0646715,5.451542,4.716897,3.491604
2058-12-22 12:00:00,3.6186717,2.7768376,6.481814,7.095655,4.6789074,5.185093
2058-12-23 12:00:00,3.7604299,3.578749,6.4004984,8.300469,4.614745,5.611559
2058-12-24 12:00:00,2.168788,2.0517533,4.464033,6.6649265,5.3274536,3.5372531
2058-12-25 12:00:00,1.7880766,1.622704,4.9377165,4.7867503,5.173798,3.4896634
2058-12-26 12:00:00,1.6677823,1.6853514,4.598039,4.982281,4.6385508,2.8611448
2058-12-27 12:00:00,1.4972982,1.6061112,2.8874664,3.748601,3.7452333,2.2183502
2058-12-28 12:00:00,1.4705906,1.5335337,4.543027,4.4362984,4.6608405,4.1359763
2058-12-29 12:00:00,4.0559206,4.1407046,7.1089764,7.3038774,5.572976,5.300291
2058-12-30 12:00:00,1.5459759,1.8125418,2.8983834,5.7597327,5.1681957,2.652204
2058-12-31 12:00:00,1.0619464,1.1752958,4.0757036,3.3910015,4.4646034,3.0063214
2059-01-01 12:00:00,0.9338831,1.1131061,3.2194767,2.5886767,4.849601,2.0349295
2059-01-02 12:00:00,1.1780392,1.0141478,2.756151,2.7457685,3.8571758,2.0172992
2059-01-03 12:00:00,1.8746186,1.894139,4.408343,5.0704107,3.9997568,3.5757627
2059-01-04 12:00:00,2.8072097,2.5970123,6.9699965,5.7240834,6.276663,5.419804
2059-01-05 12:00:00,3.261242,3.2165244,6.377619,6.851224,8.002188,5.3217964
2059-01-06 12:00:00,2.3405828,2.314135,5.054346,4.5604906,5.7501593,3.3971004
2059-01-07 12:00:00,1.2515304,1.5445687,3.31234,3.583431,3.8492174,2.602728
2059-01-08 12:00:00,2.8025608,2.2888556,6.0921364,6.0372496,6.0856714,4.984304
2059-01-09 12:00:00,3.1206326,2.8478878,6.534457,5.5918765,8.275262,5.4996266
2059-01-10 12:00:00,2.2138681,2.384015,5.5952067,6.5154815,6.213314,5.2995005
2059-01-11 12:00:00,1.7285018,1.4702343,2.8636878,3.7664478,6.7700014,2.3860478
2059-01-12 12:00:00,2.0845149,1.8885617,4.4305596,3.0494235,4.6148515,1.9315915
2059-01-13 12:00:00,2.15478,2.162402,4.597393,3.0202134,3.834362,2.3588002
2059-01-14 12:00:00,2.4828324,2.3345249,5.3130116,3.9495077,3.867265,2.959259
2059-01-15 12:00:00,2.3472524,2.3447611,5.6233025,5.551956,4.699656,4.2204103
2059-01-16 12:00:00,2.7163217,2.682419,5.557706,6.746811,6.2634277,4.996797
2059-01-17 12:00:00,4.398525,3.4528375,6.2301054,7.712,7.1211185,5.7745323
2059-01-18 12:00:00,1.9339516,1.6631175,4.5858574,4.307886,7.9325624,4.0254865
2059-01-19 12:00:00,1.2908872,1.381988,3.3646233,6.2435627,5.3103046,2.8869836
2059-01-20 12:00:00,1.5916786,1.7573177,4.1037855,6.7754164,4.07696,4.1617656
2059-01-21 12:00:00,3.0102036,2.5315876,6.1191254,6.493873,5.624481,4.972176
2059-01-22 12:00:00,3.8775146,3.0687215,6.1593986,5.796088,7.529146,3.5930922
2059-01-23 12:00:00,1.7270582,1.4665934,4.344626,4.355087,8.576351,2.4367838
2059-01-24 12:00:00,1.8670707,1.2940689,2.414777,2.5438485,6.124351,1.415751
2059-01-25 12:00:00,4.2448106,2.7540245,4.034796,2.8431656,5.8496,1.6820215
2059-01-26 12:00:00,3.9817455,2.7594264,3.4034925,3.3631353,5.016836,2.5172894
2059-01-27 12:00:00,1.2750411,1.4539586,4.012769,7.241872,7.47569,3.1379585
2059-01-28 12:00:00,1.6437922,1.6366227,2.5360167,4.7612085,6.0946493,1.7505523
2059-01-29 12:00:00,1.2894511,1.5619298,4.4591384,4.703317,5.1054134,2.594006
2059-01-30 12:00:00,3.0022123,2.548273,5.683111,4.7863355,5.554703,2.85603
2059-01-31 12:00:00,4.456924,3.0705953,6.9560137,4.8644753,5.6737556,2.9186137
2059-02-01 12:00:00,3.5064487,2.471071,4.254044,5.576183,5.4870653,2.432722
2059-02-02 12:00:00,2.8917613,2.3637702,6.059039,5.8019657,3.791448,3.6510403
2059-02-03 12:00:00,4.118373,3.1228175,7.955001,5.2879043,3.3969395,4.3963
2059-02-04 12:00:00,4.331884,3.755027,5.8472085,5.9741125,5.1218634,4.44149
2059-02-05 12:00:00,2.2165897,1.7504934,5.8039484,4.955158,4.0569534,5.4529357
2059-02-06 12:00:00,1.2994518,1.5557083,2.7360294,3.8162336,3.770166,2.3895078
2059-02-07 12:00:00,1.2101138,1.3245633,2.1584783,4.074351,4.417987,1.6443228
2059-02-08 12:00:00,1.2611989,1.5580899,2.9607973,4.5545654,3.94132,2.79227
2059-02-09 12:00:00,2.2097583,2.1206226,5.9372363,4.61894,3.6184518,4.269151
2059-02-10 12:00:00,2.5132833,2.4144986,3.924893,5.4408574,3.6677957,3.8647673
2059-02-11 12:00:00,1.3347392,1.4053446,2.995864,3.4830613,3.0436664,2.410865
2059-02-12 12:00:00,1.7659131,1.7889858,3.3181872,3.2223084,4.996204,2.3309588
2059-02-13 12:00:00,1.9684672,1.7300357,3.8268318,2.237344,6.8458376,2.3487513
2059-02-14 12:00:00,1.8483505,1.4209551,4.547135,3.4266825,7.9763665,2.7538047
2059-02-15 12:00:00,1.0930794,1.1322079,5.4648175,5.2557926,8.188513,4.32599
2059-02-16 12:00:00,2.683928,2.9670691,8.161342,6.630556,5.4692,6.439366
2059-02-17 12:00:00,2.5607915,2.4376109,5.494111,6.014881,5.303723,4.247141
2059-02-18 12:00:00,3.6490335,3.004186,6.2169237,6.057973,4.7926807,4.804888
2059-02-19 12:00:00,4.334219,3.0550435,5.168938,2.5801766,4.145237,2.6588926
2059-02-20 12:00:00,0.9135909,1.19114,1.7465544,2.2728932,2.7799087,1.4879515
2059-02-21 12:00:00,0.8304406,1.0806242,1.7573147,2.5671813,2.616379,1.5566652
2059-02-22 12:00:00,1.2700796,1.1733067,4.0055327,2.6014385,3.7318113,2.3188734
2059-02-23 12:00:00,3.060443,2.6601198,3.0043926,2.7947435,4.200074,1.8875701
2059-02-24 12:00:00,2.4492745,2.0921621,3.0435333,2.6573877,5.8555818,1.8849006
2059-02-25 12:00:00,2.2048957,2.018395,3.1237252,4.6245847,5.366333,2.2930114
2059-02-26 12:00:00,2.105167,2.2830913,2.5806944,5.99774,7.0803237,2.6869037
2059-02-27 12:00:00,1.1935364,1.2916136,2.8651037,2.6121013,6.6115713,2.3111076
2059-02-28 12:00:00,1.0485477,1.0096323,4.6203513,3.3407483,4.8330226,3.0193977
2059-03-01 12:00:00,0.88856936,0.9440061,4.462035,3.7143571,5.6731963,3.5982418
2059-03-02 12:00:00,0.8909699,1.071055,5.6674776,4.304251,6.5657744,4.430105
2059-03-03 12:00:00,0.88334155,1.0871775,3.3292706,2.8718452,6.411057,2.8494532
2059-03-04 12:00:00,2.2337222,1.6469983,2.6244013,1.755134,7.0091066,1.7347169
2059-03-05 12:00:00,0.99531984,1.0851263,3.4664598,2.9172988,9.224489,2.0165215
2059-03-06 12:00:00,1.6780885,1.4871747,4.387421,4.0033026,8.842478,2.7709956
2059-03-07 12:00:00,2.8735006,2.152673,5.4431057,3.1141236,7.2094693,2.408713
2059-03-08 12:00:00,1.5513009,1.616646,4.4246182,2.857972,5.884118,1.9148906
2059-03-09 12:00:00,2.642972,2.079645,4.6523814,5.8324213,5.535861,4.0944037
2059-03-10 12:00:00,3.553474,3.057498,4.740294,4.2865696,5.0391765,2.47508
2059-03-11 12:00:00,2.3259473,2.1371582,4.320802,3.4810712,4.9580135,2.652498
2059-03-12 12:00:00,2.03935,1.6108365,3.009956,2.7116024,5.3824215,1.6381105
2059-03-13 12:00:00,2.0706115,1.4887847,2.9756663,1.9883999,4.211102,1.4202586
2059-03-14 12:00:00,2.474568,1.7234746,2.586325,2.4483404,3.962838,1.4473618
2059-03-15 12:00:00,3.1656349,2.312758,4.658001,2.8179224,3.0152383,2.26677
2059-03-16 12:00:00,1.9659294,1.9575952,5.3564243,4.2169,2.9969296,3.094175
2059-03-17 12:00:00,1.909909,1.9007344,6.4191046,4.733563,4.013149,4.1473
2059-03-18 12:00:00,2.2561193,2.1041698,6.6648555,4.351185,3.9023898,3.7290728
2059-03-19 12:00:00,1.9506898,1.6644976,4.6050396,2.9816628,2.7503946,1.7505234
2059-03-20 12:00:00,1.1322421,1.1376812,2.1955876,3.4851787,4.149753,1.3965684
2059-03-21 12:00:00,1.1851356,1.4951377,2.6306093,5.12525,6.385507,1.5185151
2059-03-22 12:00:00,0.8743035,1.1256479,2.0003836,2.9897873,6.6795597,1.2408129
2059-03-23 12:00:00,1.4110963,1.5720795,5.120217,2.639592,4.4318533,3.4562347
2059-03-24 12:00:00,2.0566757,2.4245574,6.0266724,4.5410557,4.378505,4.661212
2059-03-25 12:00:00,1.5581118,1.8973247,4.9180365,3.3434784,3.5618017,3.6162689
2059-03-26 12:00:00,1.7443489,2.1272736,5.1165104,4.6649833,5.504306,4.059873
2059-03-27 12:00:00,1.432709,1.6934152,4.899387,3.549797,5.6113586,2.7285435
2059-03-28 12:00:00,1.9398228,1.8356602,5.6549306,3.1237576,4.489822,3.0780158
2059-03-29 12:00:00,2.6772196,2.1153953,5.2855954,2.610783,5.4832735,2.3466082
2059-03-30 12:00:00,2.578583,2.0770447,3.6832943,2.6959114,5.8332987,1.8235908
2059-03-31 12:00:00,1.6582868,1.4197185,3.6207025,2.8548403,5.063062,1.5515995
2059-04-01 12:00:00,1.9063964,1.5806898,3.537609,3.0077915,5.1421547,1.6133909
2059-04-02 12:00:00,0.71911794,0.9263843,2.0291955,3.0266647,5.7807546,1.2583541
2059-04-03 12:00:00,1.2357183,1.4438742,1.8876802,2.9611936,5.5008183,1.5932871
2059-04-04 12:00:00,1.3441746,1.1562427,2.0994885,2.0985222,4.854804,1.1082337
2059-04-05 12:00:00,1.5056591,1.5102249,2.1179879,4.303404,5.5370297,1.3406711
2059-04-06 12:00:00,1.8028786,1.5854032,2.728839,4.4045577,4.355721,2.583719
2059-04-07 12:00:00,3.7470675,3.168859,5.8675175,4.6470094,3.5835092,4.5711613
2059-04-08 12:00:00,2.4322848,1.8362447,2.3954377,3.083254,4.01418,1.3536109
2059-04-09 12:00:00,1.8784893,1.6239758,2.9684083,2.5476842,3.4413774,1.7825502
2059-04-10 12:00:00,2.0253465,1.7296239,2.6052413,3.499343,3.3870115,1.5069401
2059-04-11 12:00:00,1.7383834,1.6764822,1.5345023,3.3456438,2.6446762,1.1566224
2059-04-12 12:00:00,1.5369735,1.2446493,2.7440195,3.163256,3.5574799,2.029288
2059-04-13 12:00:00,1.8808355,1.9984173,5.5361323,3.6522484,5.102227,3.4776018
2059-04-14 12:00:00,2.227601,2.3538375,7.171897,4.921682,3.5976102,4.070852
2059-04-15 12:00:00,2.8445864,2.7289038,6.0475492,4.7729425,4.431532,3.1604464
2059-04-16 12:00:00,1.859217,1.6042616,2.600507,2.6953356,7.020293,1.8370322
2059-04-17 12:00:00,1.2931703,1.2438756,2.0578303,2.2006004,4.4626737,1.2847656
2059-04-18 12:00:00,1.2579695,1.248689,2.4099813,2.7015479,3.9925117,2.176649
2059-04-19 12:00:00,1.9170392,2.001523,3.0493567,3.6384518,3.2186437,2.2177768
2059-04-20 12:00:00,2.2346442,1.9993078,3.9582968,3.3075988,3.3038924,1.8968259
2059-04-21 12:00:00,2.8847182,2.4521282,4.8939953,3.2622144,2.6969743,2.3113368
2059-04-22 12:00:00,3.3968687,2.7230895,6.087134,3.646018,2.2837458,3.3847635
2059-04-23 12:00:00,3.7150846,3.0045407,5.376668,3.5006523,3.069163,2.987976
2059-04-24 12:00:00,2.5903478,2.5043864,3.6708336,3.6384993,3.2974746,2.2492545
2059-04-25 12:00:00,1.720896,1.3188851,2.0079544,3.0881708,2.3150446,1.1100886
2059-04-26 12:00:00,0.997439,0.9604721,2.3465734,1.9927762,1.7584851,1.2461168
2059-04-27 12:00:00,0.85612047,1.1959087,3.0540524,2.1851747,1.8519007,1.6912353
2059-04-28 12:00:00,1.7452396,1.6747035,3.8859556,3.187878,3.0581956,1.9131802
2059-04-29 12:00:00,1.5080853,1.4182835,4.8547688,2.9758172,3.405727,2.4187813
2059-04-30 12:00:00,1.2215571,1.2183604,2.5184608,2.0664423,4.3306646,1.3114247
2059-05-01 12:00:00,1.0004182,1.0192811,2.4049487,2.6972253,4.0744166,1.3016508
2059-05-02 12:00:00,2.223308,1.9593863,1.9733797,3.1905284,3.322116,1.2247914
2059-05-03 12:00:00,2.6010573,2.1928396,3.8635728,3.4159732,3.4879427,1.8433212
2059-05-04 12:00:00,1.4039869,1.5531021,3.7938986,3.1936793,3.5667984,1.6313099
2059-05-05 12:00:00,0.80840266,0.9373898,2.217859,3.738752,2.8281205,1.0179828
2059-05-06 12:00:00,1.2895051,1.2559031,1.507247,3.2837873,2.5001175,1.2698313
2059-05-07 12:00:00,1.8733876,1.6488048,2.1474252,2.3876786,2.7723382,1.3606298
2059-05-08 12:00:00,1.3642695,1.5295057,2.7581098,2.7897692,4.2321596,1.6119943
2059-05-09 12:00:00,1.3952651,1.1002601,1.9205686,3.1890612,5.961143,1.4087452
2059-05-10 12:00:00,0.9492338,1.0055594,2.2783532,2.1964226,5.9666195,1.4394089
2059-05-11 12:00:00,2.0589743,1.8707656,4.4265127,2.2519083,3.4036567,2.062655
2059-05-12 12:00:00,2.2169251,1.9675698,4.543354,2.7123642,2.4308922,2.4362252
2059-05-13 12:00:00,2.3638453,2.1580737,2.2951825,3.2910647,2.645031,2.1472785
2059-05-14 12:00:00,1.3657537,1.1613551,1.6083325,2.1635919,3.8478096,1.429513
2059-05-15 12:00:00,1.7880359,1.5454373,2.6712086,3.1488326,3.85957,1.9223347
2059-05-16 12:00:00,2.1809142,1.7829183,2.5139654,2.8453157,3.1443136,1.8806165
2059-05-17 12:00:00,2.5770078,1.8952903,3.5571673,2.4674585,3.048491,2.0339093
2059-05-18 12:00:00,2.581422,2.4588203,5.313487,3.6859388,3.4155285,3.4725153
2059-05-19 12:00:00,2.5902905,2.3273675,4.0241003,3.389582,4.285852,2.8833568
2059-05-20 12:00:00,3.5529642,2.818937,6.208747,3.7666862,4.4051046,4.158427
2059-05-21 12:00:00,4.0810738,3.6424003,6.0391703,6.738757,4.8506837,4.9275494
2059-05-22 12:00:00,2.8867464,2.7277431,3.6021621,6.5998383,4.8629293,3.0208373
2059-05-23 12:00:00,2.1607952,2.1816604,5.7474947,4.1558948,3.6260438,3.8137224
2059-05-24 12:00:00,3.1494799,2.810576,5.0801806,5.2926893,4.0726705,4.042546
2059-05-25 12:00:00,3.9060955,3.379307,6.2126365,5.614151,3.3722942,4.904558
2059-05-26 12:00:00,3.916155,3.3607235,7.2007976,5.8494577,3.4678771,4.388577
2059-05-27 12:00:00,1.5130229,1.3861197,4.8702974,2.6184316,3.6577806,2.2662065
2059-05-28 12:00:00,1.9162062,1.6001551,3.0919664,3.1491032,4.79323,2.0009024
2059-05-29 12:00:00,1.2263889,1.21088,1.8535455,3.6440198,4.4244905,2.6754951
2059-05-30 12:00:00,0.95679843,0.98956054,1.8915735,3.4684422,3.5590956,2.0794077
2059-05-31 12:00:00,1.3076935,1.0585247,1.9857053,3.6450002,3.4423237,1.6123
2059-06-01 12:00:00,1.1333354,1.078729,2.3549592,4.1792502,3.5412917,1.9607818
2059-06-02 12:00:00,1.2091063,1.0278152,3.7826345,3.8343544,3.2514114,2.6976867
2059-06-03 12:00:00,2.7518582,2.313152,3.5206563,3.4743516,4.0615196,2.2155674
2059-06-04 12:00:00,1.2410183,1.2501401,3.0553703,3.7860398,3.952582,2.0256736
2059-06-05 12:00:00,4.0589533,3.2638931,4.8546557,4.6862764,3.1971717,2.7953513
2059-06-06 12:00:00,2.5587997,2.2524416,3.167454,5.0539684,4.3146443,1.8830934
2059-06-07 12:00:00,3.5640416,3.053206,4.075222,4.003269,5.1666555,2.8649468
2059-06-08 12:00:00,1.8001696,1.7710533,3.0174265,2.475582,4.08343,2.0420468
2059-06-09 12:00:00,1.1802568,1.1464055,2.4195192,2.360786,3.328204,1.5254174
2059-06-10 12:00:00,1.8909936,1.5021981,2.111109,1.9695863,2.5318336,1.4676622
2059-06-11 12:00:00,1.5972823,1.6993558,2.144327,2.7949388,2.8664603,1.7261472
2059-06-12 12:00:00,1.4825003,1.3951337,2.6034217,4.2281027,3.3239756,1.7141612
2059-06-13 12:00:00,0.9261289,1.1974392,2.7088203,3.5749166,4.148468,2.9833775
2059-06-14 12:00:00,2.2159638,1.7910504,2.3467994,4.17845,3.3571126,1.7975218
2059-06-15 12:00:00,2.2750802,1.6966352,3.6730301,4.118756,2.6152565,1.5653979
2059-06-16 12:00:00,1.847896,1.5636011,3.1836665,2.769506,2.2257576,1.6385775
2059-06-17 12:00:00,1.0947912,1.2817378,2.8737912,2.5787766,2.1665628,1.5064343
2059-06-18 12:00:00,1.2812129,1.4386258,1.9318697,2.8632798,2.326546,1.333379
2059-06-19 12:00:00,1.8838968,1.6044393,2.231008,2.8086991,3.5698779,1.558769
2059-06-20 12:00:00,1.1126919,1.2808385,1.7538568,3.3080175,4.351048,1.2508817
2059-06-21 12:00:00,0.9486995,1.2568268,2.0422761,3.813655,4.4251256,1.6768482
2059-06-22 12:00:00,1.8749595,1.6242468,1.6867765,3.8148668,4.2421308,1.6008816
2059-06-23 12:00:00,2.2211628,1.8398392,2.4714952,4.908526,4.927372,1.2574399
2059-06-24 12:00:00,1.3090905,1.6286715,2.2891524,4.076332,4.823572,2.3621879
2059-06-25 12:00:00,2.902749,2.6429923,3.2411575,4.208062,4.262119,2.0465467
2059-06-26 12:00:00,2.8601844,2.545414,2.7053654,3.663679,3.879521,2.1823492
2059-06-27 12:00:00,2.360814,2.248719,2.1832292,3.2586207,4.067401,1.5815017
2059-06-28 12:00:00,0.8899786,1.1813474,2.4605746,2.17361,3.2409809,1.4021755
2059-06-29 12:00:00,1.1626949,1.0372877,3.067119,3.4818099,3.3429224,1.5073618
2059-06-30 12:00:00,1.5221095,1.480929,3.0970132,5.2943363,3.3734581,1.5746382
2059-07-01 12:00:00,2.9092755,2.2203805,3.2752922,5.5828414,3.0947793,1.6610612
2059-07-02 12:00:00,3.3154674,2.19157,2.8204064,4.7115135,3.4910407,2.0776434
2059-07-03 12:00:00,1.6229279,1.3811021,2.5918658,3.8312569,3.3926744,1.4293189
2059-07-04 12:00:00,2.820335,2.5131404,4.5884223,4.0059624,3.9179988,2.339393
2059-07-05 12:00:00,2.239525,2.380506,5.168943,3.6478374,3.6503644,2.7221644
2059-07-06 12:00:00,1.537108,1.6710526,3.5920744,3.1646278,3.3967695,3.5836964
2059-07-07 12:00:00,1.121068,1.0269086,2.2784576,2.6296523,2.7884398,1.665388
2059-07-08 12:00:00,1.5355864,1.2640533,2.9462805,2.4722793,2.4806852,2.0868497
2059-07-09 12:00:00,1.8852928,1.5043364,3.031212,3.247112,3.3026917,2.6000252
2059-07-10 12:00:00,1.5282123,1.158625,2.910926,3.9336038,2.9893637,2.217121
2059-07-11 12:00:00,0.9236078,1.1108106,2.3579633,2.2178698,3.1076114,1.4667599
2059-07-12 12:00:00,1.8032815,1.7426605,2.5888538,2.2127337,2.348807,1.8808895
2059-07-13 12:00:00,1.222513,1.3279921,2.379236,2.1515045,2.3020248,1.6071198
2059-07-14 12:00:00,1.1555309,1.1217688,2.642262,2.245679,2.3136578,1.3373896
2059-07-15 12:00:00,1.1649498,1.3354281,2.656367,2.4068604,3.124899,1.3575745
2059-07-16 12:00:00,1.3823528,1.5687656,2.846633,2.351048,2.9559069,1.5260459
2059-07-17 12:00:00,2.546715,2.3320973,3.172689,2.6307468,2.8219318,2.034107
2059-07-18 12:00:00,2.5466824,1.8443948,3.257979,3.029617,2.5579433,2.260968
2059-07-19 12:00:00,1.2820328,1.1012666,2.4507327,2.5693228,2.0064707,2.0058146
2059-07-20 12:00:00,1.6226403,1.3537037,1.5313302,3.0153008,2.3152578,1.171071
2059-07-21 12:00:00,1.563113,1.1606457,1.4865327,1.854103,2.4984584,0.9465241
2059-07-22 12:00:00,1.1937194,0.9579229,2.5253,2.211069,1.8836149,2.1690974
2059-07-23 12:00:00,0.8057771,0.9093016,2.1575332,2.47465,2.1622303,1.6685665
2059-07-24 12:00:00,1.0913658,1.1248984,1.8343753,1.9753343,2.141889,1.278333
2059-07-25 12:00:00,1.2504961,1.3461683,2.542736,2.3685641,2.0549226,1.7425206
2059-07-26 12:00:00,1.2605176,1.2285229,2.2588687,2.4412692,2.0164034,1.7378031
2059-07-27 12:00:00,0.9135262,0.9549813,2.0090039,2.5501053,2.1121616,1.7100109
2059-07-28 12:00:00,0.91378427,0.98221344,2.341542,3.4740996,3.023353,1.1982112
2059-07-29 12:00:00,1.0959532,1.0449734,2.7619796,3.7686958,3.2271526,1.3355811
2059-07-30 12:00:00,1.615017,1.3430308,2.9630938,3.2911131,3.619576,1.4622741
2059-07-31 12:00:00,1.7996347,1.5129648,2.5733075,2.9731932,3.8375404,1.3988008
2059-08-01 12:00:00,2.0719976,1.6157558,2.7695596,2.53189,3.6714747,1.6175101
2059-08-02 12:00:00,1.5510381,1.63321,2.6914096,1.9498581,2.9241729,1.4911838
2059-08-03 12:00:00,1.1425256,1.1830773,2.7892165,1.7730949,2.39965,1.4553076
2059-08-04 12:00:00,2.2635212,2.2414708,3.578768,3.6582048,2.3600514,3.3542418
2059-08-05 12:00:00,2.1309414,1.906859,3.5043604,3.3600316,2.9265273,2.7500346
2059-08-06 12:00:00,2.2760816,1.6244458,3.1470747,3.2845619,2.5903223,2.561521
2059-08-07 12:00:00,2.3217404,1.6780515,3.464538,2.3373818,3.0355537,2.477782
2059-08-08 12:00:00,1.4824755,1.1770086,2.2381892,3.03133,4.0147905,1.6488271
2059-08-09 12:00:00,1.037872,0.99314624,1.6389533,3.39946,4.086363,2.0557535
2059-08-10 12:00:00,2.9267802,2.4874148,2.2207541,4.5839148,3.788408,2.0688758
2059-08-11 12:00:00,3.0967429,3.133575,4.1241407,5.524019,3.9301481,3.2260032
2059-08-12 12:00:00,2.2041688,2.0772378,4.2558365,3.1923735,4.0275064,1.7300485
2059-08-13 12:00:00,3.7183864,3.1457677,4.6347303,3.6569831,2.740303,2.6211865
2059-08-14 12:00:00,1.6333364,1.5052758,3.1621425,3.2177503,2.9100904,1.6465687
2059-08-15 12:00:00,3.2023811,2.5340617,3.6025918,2.4809113,3.347834,2.2691944
2059-08-16 12:00:00,2.32521,1.9844542,4.3721724,2.883948,2.5205958,2.8122272
2059-08-17 12:00:00,1.2986437,1.3746508,3.1520002,2.7511928,1.9867632,1.6268816
2059-08-18 12:00:00,1.7408242,1.3493906,2.9168856,2.1928012,2.6253655,1.5572373
2059-08-19 12:00:00,2.3202782,1.9017085,4.560264,2.8318303,2.790683,3.38146
2059-08-20 12:00:00,2.63394,2.4668717,4.2844343,4.861662,4.3304067,3.8023434
2059-08-21 12:00:00,2.1656296,1.978056,3.627054,5.971486,4.0387964,3.1547892
2059-08-22 12:00:00,1.3428986,1.2484902,2.4535012,4.8940916,3.3597863,1.8611486
2059-08-23 12:00:00,1.3340008,1.3012365,2.6105971,4.491653,3.2537367,1.3773915
2059-08-24 12:00:00,1.4275705,1.3871816,2.4872518,3.900694,3.1449502,1.4799271
2059-08-25 12:00:00,1.5542578,1.3296252,2.4771936,3.4505444,1.9855946,2.0664244
2059-08-26 12:00:00,2.0147157,1.5925777,2.6292925,3.3416708,1.6842029,1.519983
2059-08-27 12:00:00,2.7074723,2.2173746,2.5160935,3.1451168,3.3353539,1.761642
2059-08-28 12:00:00,2.0770802,1.7150526,2.1149333,2.6037314,5.148062,1.2535037
2059-08-29 12:00:00,0.84973013,1.0154226,1.5800909,2.1882691,4.8133407,1.1511735
2059-08-30 12:00:00,0.98074764,0.97480613,1.5253857,2.105242,4.3613143,1.1560262
2059-08-31 12:00:00,0.8684074,0.9012563,1.79174,1.7725627,2.918541,1.0925199
2059-09-01 12:00:00,1.3145634,1.2221426,2.705343,1.4348388,2.5577955,1.3456804
2059-09-02 12:00:00,1.8257134,1.5818167,3.2569473,1.7032193,3.6528354,1.5859742
2059-09-03 12:00:00,1.6375936,1.443485,2.9490075,2.7193708,4.6454573,1.7698832
2059-09-04 12:00:00,1.9034272,1.4352623,2.6850214,2.6574774,3.9367232,1.2615036
2059-09-05 12:00:00,1.548315,1.2839264,2.7822437,1.9967582,3.038899,1.1901685
2059-09-06 12:00:00,3.1240268,2.3813217,3.3378766,3.6253686,3.7731183,1.6794819
2059-09-07 12:00:00,2.629686,2.2670896,3.3105288,3.0252945,3.7569163,2.519055
2059-09-08 12:00:00,3.2424526,2.8291156,3.9204397,3.7254133,2.6888876,3.1723459
2059-09-09 12:00:00,1.4156694,1.2991097,1.8125356,4.1682277,4.3838015,1.6850601
2059-09-10 12:00:00,1.5576087,1.6661308,2.7283251,3.0368092,4.1199236,2.0118754
2059-09-11 12:00:00,2.568547,2.092904,4.1442823,4.699227,3.7871032,3.3728034
2059-09-12 12:00:00,4.015436,3.527988,6.727151,7.5267215,3.711451,4.9490767
2059-09-13 12:00:00,3.1840262,3.178337,5.024082,8.03159,5.2044835,3.6499143
2059-09-14 12:00:00,2.555266,2.810624,3.1252973,5.4214706,5.0199094,2.0375364
2059-09-15 12:00:00,1.5597042,1.4871083,2.9597142,4.9738946,4.243692,2.887597
2059-09-16 12:00:00,1.6761628,1.7056518,2.5256712,3.2260532,4.07605,1.5757216
2059-09-17 12:00:00,1.1831113,1.0570564,2.1722925,3.889733,4.08572,2.3444536
2059-09-18 12:00:00,1.5945549,1.4946402,3.1913524,2.9981775,4.428748,2.1102211
2059-09-19 12:00:00,1.4819975,1.646397,2.9909644,5.1950154,4.236555,2.7841194
2059-09-20 12:00:00,2.26443,2.3127573,3.144613,6.541275,5.1194916,3.2646348
2059-09-21 12:00:00,2.3947148,2.1393204,3.119536,6.073312,5.811922,2.7180018
2059-09-22 12:00:00,1.4715149,1.5430698,2.2913916,6.4180408,6.357118,1.8501955
2059-09-23 12:00:00,1.054666,1.1271975,1.6106089,4.6489534,6.806021,1.5983143
2059-09-24 12:00:00,1.1285915,1.0932444,1.7908878,4.523168,7.528484,1.7947822
2059-09-25 12:00:00,0.68602383,0.84667224,1.6349095,3.1358874,7.1031857,1.3404357
2059-09-26 12:00:00,1.5157478,1.2799157,3.605986,2.0229914,5.7077494,1.5727524
2059-09-27 12:00:00,2.08673,1.8917327,3.9480603,3.1573226,3.9409468,2.3902426
2059-09-28 12:00:00,1.4743923,1.7908776,3.2580173,4.095705,3.8550634,3.296767
2059-09-29 12:00:00,0.90827477,1.1305463,2.7770166,2.4275882,3.887482,1.821728
2059-09-30 12:00:00,0.8912989,1.1082605,3.4923878,3.0335388,3.6289113,1.8085214
2059-10-01 12:00:00,1.0522556,1.286216,4.122401,2.4147317,3.668036,2.8160245
2059-10-02 12:00:00,0.93412036,1.2649733,2.5994296,3.3244588,4.113959,3.069199
2059-10-03 12:00:00,0.7711365,0.9113279,2.3180015,2.7622707,3.7126558,1.6084248
2059-10-04 12:00:00,1.7410595,1.2580742,3.6757376,2.4328973,3.3398442,2.6693194
2059-10-05 12:00:00,1.3451632,1.3141625,3.0286968,2.6113381,3.27043,2.167024
2059-10-06 12:00:00,2.5794237,2.013573,4.3709836,4.006786,3.5972462,2.1450348
2059-10-07 12:00:00,3.2872248,2.839444,5.0390496,4.3118496,4.1619496,2.236405
2059-10-08 12:00:00,2.8563228,2.4500246,5.3746967,4.185392,4.917693,3.3971562
2059-10-09 12:00:00,2.3514452,2.1162283,3.2494938,6.06365,4.2205267,2.811242
2059-10-10 12:00:00,3.4141114,2.8484182,5.0853167,3.6669953,3.313052,1.9601848
2059-10-11 12:00:00,3.0501044,2.5334342,5.2004642,4.720889,4.628725,3.6303852
2059-10-12 12:00:00,3.292297,3.0177693,6.052447,4.7781606,5.806021,4.1207137
2059-10-13 12:00:00,2.5751758,2.5034387,4.199459,4.5200696,4.570942,3.440878
2059-10-14 12:00:00,1.7298161,1.7517122,2.9666197,4.185316,4.8258944,3.0056188
2059-10-15 12:00:00,2.0116262,1.4549881,3.9466875,3.6017694,4.942686,1.7451398
2059-10-16 12:00:00,3.3861594,2.5439646,3.4496896,2.8369813,5.2299056,2.8738372
2059-10-17 12:00:00,1.3154813,1.4523078,3.1738846,4.003322,4.416629,1.956195
2059-10-18 12:00:00,1.6483133,1.1952158,3.1334877,2.6747842,5.6521535,1.6175259
2059-10-19 12:00:00,2.7001696,1.8450323,3.402531,2.779369,3.7709029,2.0751865
2059-10-20 12:00:00,3.024105,2.0004544,2.6064644,2.468851,3.7361338,1.597281
2059-10-21 12:00:00,2.8006248,2.3392384,1.4715328,3.4302185,3.2002208,1.4272254
2059-10-22 12:00:00,2.65205,2.434182,3.0180967,4.2316523,4.044434,2.333316
2059-10-23 12:00:00,3.0922077,2.2217045,3.21206,2.8072896,5.199516,1.6071609
2059-10-24 12:00:00,2.4849956,1.5993785,4.211309,1.9580361,3.97025,1.6214328
2059-10-25 12:00:00,2.7054305,1.7831715,5.2497387,2.4637074,3.351301,2.284802
2059-10-26 12:00:00,2.7499714,1.8531864,4.17822,2.7076168,2.9964108,1.8294479
2059-10-27 12:00:00,3.4468062,2.5420575,6.10552,3.9711616,3.2990327,2.9737265
2059-10-28 12:00:00,2.2576368,1.9352415,4.7348714,3.9205618,2.9843488,2.8715267
2059-10-29 12:00:00,1.445416,1.2755595,3.3700132,3.8471313,3.2285945,2.0861645
2059-10-30 12:00:00,3.5576706,2.6703603,3.8985565,4.2185254,2.7688673,3.0872715
2059-10-31 12:00:00,3.4004998,2.765445,4.192757,2.5836358,2.1955492,2.654241
2059-11-01 12:00:00,2.3361456,2.2278814,3.0002365,2.7724571,3.5609004,2.135832
2059-11-02 12:00:00,2.770747,2.3394508,3.2998514,1.9397994,4.2583327,1.9544109
2059-11-03 12:00:00,2.1542141,2.2352426,2.4070911,3.5913258,4.16911,1.8748547
2059-11-04 12:00:00,2.7360563,2.211989,3.985857,2.7383804,3.7827108,2.3538127
2059-11-05 12:00:00,2.5458694,1.8134476,5.1019797,2.6134453,6.590995,2.462856
2059-11-06 12:00:00,0.8957738,1.0519266,4.602386,2.2850912,5.555064,2.044012
2059-11-07 12:00:00,1.4976776,1.1882595,5.056561,2.909822,3.368836,2.5576344
2059-11-08 12:00:00,1.065259,1.0357013,5.0424056,3.932959,4.454647,3.3274972
2059-11-09 12:00:00,1.2538624,1.3367689,5.9803514,4.5503545,6.8943048,3.9480155
2059-11-10 12:00:00,2.6450338,2.5575616,6.734361,4.504772,7.3233685,4.298368
2059-11-11 12:00:00,1.6300951,1.5875579,3.6355762,4.1305165,4.2172847,3.513255
2059-11-12 12:00:00,0.81277394,0.89463496,3.8140218,3.7337127,3.785593,2.8109071
2059-11-13 12:00:00,1.3322308,1.3756847,3.644077,4.757173,4.269567,3.4107645
2059-11-14 12:00:00,3.0238461,2.4463756,5.5448484,4.883473,4.914436,3.4877968
2059-11-15 12:00:00,3.1969714,2.3616145,5.6271977,6.4617224,5.121814,4.0671625
2059-11-16 12:00:00,2.7456543,2.1339717,5.73523,4.094637,3.7356365,3.0047512
2059-11-17 12:00:00,3.0156953,2.7441607,5.7984047,4.76386,3.6083465,3.3555386
2059-11-18 12:00:00,1.3451879,1.5587524,3.318685,4.211155,5.6847296,2.5516462
2059-11-19 12:00:00,2.5647473,2.5077224,4.671373,5.7355022,5.768284,3.220689
2059-11-20 12:00:00,2.6396656,2.7159166,3.3631,4.1486306,6.475512,2.3104625
2059-11-21 12:00:00,1.0629231,1.3081907,2.011462,3.665578,4.914915,2.0072632
2059-11-22 12:00:00,0.7998072,1.1931055,2.096965,3.6192122,3.8488443,2.192893
2059-11-23 12:00:00,0.6044452,0.92768145,3.7639918,2.7903826,3.1316686,2.4479377
2059-11-24 12:00:00,1.4375002,1.242732,4.7127457,2.4902966,3.5670986,2.2644982
2059-11-25 12:00:00,1.1970186,1.0035014,3.3948119,2.0705142,2.869441,1.6938299
2059-11-26 12:00:00,1.8064553,1.4575205,5.1841936,3.5190327,5.563739,2.907262
2059-11-27 12:00:00,2.9130101,2.4656198,6.567295,5.0578327,5.653819,3.6156776
2059-11-28 12:00:00,3.3017597,2.782253,6.3386474,6.504358,4.4189696,4.275469
2059-11-29 12:00:00,2.1807086,1.8583255,4.7772307,5.598448,4.411947,3.4121864
2059-11-30 12:00:00,1.8681946,1.7293704,4.7001796,4.8617153,6.1210814,3.0762575
2059-12-01 12:00:00,2.586755,1.9148777,4.833685,4.767151,4.26686,3.1110842
2059-12-02 12:00:00,0.94663304,0.9400164,3.0520635,3.9981916,3.1029918,2.6193738
2059-12-03 12:00:00,0.9916906,0.9927732,2.638343,3.1613538,2.5230339,2.1424837
2059-12-04 12:00:00,1.0910358,1.3870257,3.9742362,4.8596287,2.9298756,3.4591374
2059-12-05 12:00:00,0.7778854,0.99786395,3.955944,4.878833,3.7058575,2.8596864
2059-12-06 12:00:00,1.2553294,0.964564,4.821866,2.9566286,4.156075,2.2224824
2059-12-07 12:00:00,1.6570426,1.2713608,2.8156815,2.356864,3.9226668,1.4459834
2059-12-08 12:00:00,1.348648,1.4788905,4.159552,4.0855904,4.767415,3.5697317
2059-12-09 12:00:00,2.203022,2.2871025,5.5622406,5.360448,5.14314,4.8496413
2059-12-10 12:00:00,2.7325287,2.51298,5.452253,4.861146,5.0830145,3.2556522
2059-12-11 12:00:00,1.5530965,1.4279473,3.0007708,3.693019,5.323499,1.4222366
2059-12-12 12:00:00,1.1064668,1.2586979,4.219255,4.5533543,5.7352133,3.5209045
2059-12-13 12:00:00,2.8323276,2.51524,4.8706822,3.336385,6.829884,1.7808694
2059-12-14 12:00:00,2.333561,2.5445695,4.77177,4.7287087,4.9490995,3.2605033
2059-12-15 12:00:00,0.9932766,1.2105275,3.9532623,4.9349,5.465037,3.7503026
2059-12-16 12:00:00,3.1915586,3.0045228,7.1119485,7.2282553,8.404074,5.541949
2059-12-17 12:00:00,4.495468,4.099628,8.333419,7.7653008,7.9336243,6.0985875
2059-12-18 12:00:00,2.325528,2.4608974,5.099936,7.123098,8.832433,4.606162
2059-12-19 12:00:00,3.3147812,3.183885,5.2979445,7.5607777,8.494084,3.6347709
2059-12-20 12:00:00,0.93816686,1.1449491,2.4337456,5.9757833,9.112818,2.5016236
2059-12-21 12:00:00,1.1977321,1.0904305,3.12605,3.95337,5.90828,3.1410885
2059-12-22 12:00:00,2.6839287,2.2259293,5.976355,5.179314,5.409842,4.1831913
2059-12-23 12:00:00,2.803172,2.6412363,5.0063295,5.550819,6.2291045,3.7125766
2059-12-24 12:00:00,1.6816604,1.6099113,3.8609285,4.489142,6.2233,3.36528
2059-12-25 12:00:00,1.7448759,1.4385732,4.9628806,4.208499,5.2604184,3.0616179
2059-12-26 12:00:00,1.8360125,1.2581682,4.250212,3.7338674,5.005425,1.8040763
2059-12-27 12:00:00,2.739232,1.6939957,3.9977822,4.1556535,6.4149837,2.1131032
2059-12-28 12:00:00,2.9390278,1.837187,3.9780705,2.8564758,5.48677,2.205202
2059-12-29 12:00:00,1.747764,1.3187647,3.1646798,3.337622,4.1644993,2.7444
2059-12-30 12:00:00,0.8629088,1.0229996,4.2876453,4.121834,4.6331224,3.7562132
2059-12-31 12:00:00,1.6672118,1.5714935,2.8682218,6.203605,4.562985,2.5518024
2060-01-01 12:00:00,2.4626052,1.8080493,3.1902287,4.6387024,6.51722,1.6571213
2060-01-02 12:00:00,1.9700189,1.7490649,4.1562157,4.0954895,4.768258,2.954143
2060-01-03 12:00:00,1.8541924,1.5611535,3.2383344,5.2467523,3.5753326,1.8817203
2060-01-04 12:00:00,1.1819037,1.2899427,3.8589432,4.6025767,5.922504,2.6964302
2060-01-05 12:00:00,2.1001024,1.8770213,4.422382,4.5456705,4.2084556,3.1784647
2060-01-06 12:00:00,1.3249573,1.3687208,4.818235,4.5970573,4.1360292,4.0791316
2060-01-07 12:00:00,2.2232854,2.1654522,5.795657,6.056297,7.352825,5.0063186
2060-01-08 12:00:00,2.9243777,2.7127056,5.8114386,5.5500493,7.2693253,4.414432
2060-01-09 12:00:00,3.4840734,3.203501,5.6599574,6.3664694,7.026444,4.4099183
2060-01-10 12:00:00,2.1200585,2.0930364,3.9831285,4.8788953,6.722586,3.3796763
2060-01-11 12:00:00,2.4100325,2.2137852,3.5144172,4.6815495,6.950146,2.9347038
2060-01-12 12:00:00,1.8058109,1.9219671,4.2089953,4.7068796,7.379648,3.2992218
2060-01-13 12:00:00,2.555114,2.2745285,5.1688333,5.382221,6.208009,3.6595154
2060-01-14 12:00:00,3.0988467,2.8161423,4.7363977,5.875941,6.683892,3.3031588
2060-01-15 12:00:00,3.2433822,2.6229343,5.09785,5.4544353,6.751313,3.1844606
2060-01-16 12:00:00,2.3996906,2.0615027,5.218152,4.78903,5.5660543,3.5290806
2060-01-17 12:00:00,1.0643641,1.2951609,5.072161,4.693948,5.2386465,4.1264734
2060-01-18 12:00:00,1.7829306,2.0167558,6.148909,5.8352895,5.123309,4.9535756
2060-01-19 12:00:00,3.2767472,2.857557,6.050835,6.022816,7.5447187,4.1232557
2060-01-20 12:00:00,2.660233,2.0416667,5.300921,5.853257,7.672038,4.1133556
2060-01-21 12:00:00,2.1955268,2.101501,3.7172825,4.8774014,5.378019,2.9184823
2060-01-22 12:00:00,3.8889143,3.1535497,5.8408594,3.916139,4.6942525,3.1982763
2060-01-23 12:00:00,2.1819162,2.069516,4.049692,4.290932,4.7273793,2.3028393
2060-01-24 12:00:00,2.7672303,2.3447819,4.4394503,4.854084,5.5326166,3.452151
2060-01-25 12:00:00,1.6880791,1.4902409,3.7443643,4.360592,4.8339725,3.03086
2060-01-26 12:00:00,3.1168456,2.370175,5.03341,2.801583,3.5838506,2.7946343
2060-01-27 12:00:00,2.8448944,2.2916157,3.9549053,3.372069,3.345397,2.2123046
2060-01-28 12:00:00,2.0472424,1.8784537,4.144838,3.518327,3.8854704,2.091668
2060-01-29 12:00:00,1.9332535,1.5090232,3.3531528,3.140391,3.8465505,1.6159064
2060-01-30 12:00:00,0.9184107,0.87179583,2.8791652,2.928204,3.4716659,1.7542605
2060-01-31 12:00:00,1.8418716,1.3742139,4.221986,2.4292367,3.816047,1.973756
2060-02-01 12:00:00,1.5126295,1.3534707,3.0841901,2.0684638,4.1173797,1.6316438
2060-02-02 12:00:00,1.5594475,1.4092848,2.8583243,3.505219,3.766373,1.9988537
2060-02-03 12:00:00,2.0553465,1.8639663,4.6241865,5.1120234,4.607363,3.3733134
2060-02-04 12:00:00,2.6381469,2.5458703,6.052687,5.006238,5.7153134,4.3653374
2060-02-05 12:00:00,2.3645782,2.3823516,3.746551,3.1091683,5.9521523,2.6057181
2060-02-06 12:00:00,1.0249369,1.2208209,1.7640188,1.5495163,4.794353,1.3529139
2060-02-07 12:00:00,0.71621674,0.8464166,2.4656765,2.107322,3.2352734,2.0477648
2060-02-08 12:00:00,1.0137436,0.9530029,2.3235784,2.2148201,3.1097314,1.9823705
2060-02-09 12:00:00,2.1756928,1.6455334,4.5808835,3.1204114,3.4912095,2.7054102
2060-02-10 12:00:00,2.4192286,2.3173764,7.6166854,5.2194085,4.0259185,4.2923055
2060-02-11 12:00:00,2.774775,2.6446493,7.592151,5.120275,5.670398,4.127049
2060-02-12 12:00:00,2.6796713,2.59317,6.041257,4.921315,6.9733553,3.8523173
2060-02-13 12:00:00,2.3440156,2.0903711,5.0308423,4.967947,4.7259774,2.6975071
2060-02-14 12:00:00,2.4392629,2.1921751,5.9928617,4.251017,4.1576266,3.097721
2060-02-15 12:00:00,2.4809952,1.9870918,4.7031975,3.9693449,5.15931,2.7282448
2060-02-16 12:00:00,2.7782907,2.620388,4.6831636,4.3073254,5.7794027,3.1911688
2060-02-17 12:00:00,1.845618,1.7352046,4.1732383,4.625426,5.4233828,3.3256257
2060-02-18 12:00:00,3.8002162,3.3520782,5.9634075,5.997294,5.2653623,4.7548203
2060-02-19 12:00:00,4.1202145,3.491324,6.9227476,7.1031494,3.3612697,5.378349
2060-02-20 12:00:00,2.8169289,2.4413977,6.0202827,3.5195484,3.933438,4.0162067
2060-02-21 12:00:00,1.5716431,1.5369942,4.14754,3.3376055,4.600217,2.928815
2060-02-22 12:00:00,4.0679064,4.0779867,6.0360146,7.303207,8.061774,4.04576
2060-02-23 12:00:00,2.3145156,2.4538982,4.745954,4.834944,7.0348787,3.3170626
2060-02-24 12:00:00,1.2083095,1.2722182,2.8113186,5.5701303,5.3127227,2.9082327
2060-02-25 12:00:00,1.2795117,1.301406,4.4447045,5.367617,5.206906,4.2543793
2060-02-26 12:00:00,1.0240852,1.1932546,4.2602043,4.5515785,5.84428,4.291061
2060-02-27 12:00:00,1.4362105,1.5125798,3.0774343,4.5900216,6.312882,2.2262843
2060-02-28 12:00:00,1.1515318,1.2663697,2.354728,5.473708,6.9567266,2.1806145
2060-02-29 12:00:00,1.1149998,1.2159352,1.8399588,3.053892,7.0303836,1.9344422
2060-03-01 12:00:00,2.1746287,1.8084265,5.077094,4.32,7.673799,3.0555995
2060-03-02 12:00:00,3.16942,2.9318876,6.4988503,5.9696484,5.6654077,3.7910614
2060-03-03 12:00:00,2.437869,2.3660517,3.7580183,5.798382,6.612469,2.7042305
2060-03-04 12:00:00,2.4818368,2.5065918,3.9170308,7.771452,7.797643,4.376524
2060-03-05 12:00:00,2.527291,2.4160986,3.9767566,6.980521,8.57047,2.867999
2060-03-06 12:00:00,1.4401394,1.5650623,2.5968215,6.359812,7.6863184,3.0607066
2060-03-07 12:00:00,2.867159,2.2828524,4.686824,5.6175637,4.515736,4.556422
2060-03-08 12:00:00,2.0375679,2.1642,4.714586,4.072823,4.5613575,3.789277
2060-03-09 12:00:00,1.4739616,1.3658437,2.7365956,3.222413,4.2736945,1.53218
2060-03-10 12:00:00,1.2430022,1.5880879,1.9936148,5.4436502,3.714273,2.3248131
2060-03-11 12:00:00,3.5723736,2.8356006,3.2676945,2.7002773,4.877269,2.8489895
2060-03-12 12:00:00,1.6780298,1.5547427,4.6379166,3.8316004,3.690938,3.0408297
2060-03-13 12:00:00,1.8272655,1.5672098,4.40263,4.5902014,3.207968,3.143253
2060-03-14 12:00:00,0.9203236,0.97583526,3.3631308,3.7132795,2.8233874,2.284135
2060-03-15 12:00:00,0.81412613,0.9633539,2.845575,3.4757211,3.4522507,2.6382704
2060-03-16 12:00:00,1.523206,1.6361266,3.3124666,5.1962376,7.404061,2.8088636
2060-03-17 12:00:00,2.603364,2.0418775,3.1120052,3.651663,6.3185515,1.5471861
2060-03-18 12:00:00,1.6839907,1.4114094,2.458088,5.36277,4.1936927,2.4763975
2060-03-19 12:00:00,0.992813,1.1432688,3.0565355,5.9055295,5.5033064,3.0212247
2060-03-20 12:00:00,2.949162,3.0159707,5.4811835,6.0832276,6.665617,3.7909944
2060-03-21 12:00:00,2.440958,2.8233447,4.0728736,5.312547,5.8257017,2.8798046
2060-03-22 12:00:00,2.9644704,2.9013736,5.3212066,5.5643067,3.9065194,4.1672964
2060-03-23 12:00:00,2.7219229,2.2973843,3.7107203,2.8348622,3.8816717,2.9939296
2060-03-24 12:00:00,1.4780548,1.4401541,2.384072,3.4220812,3.9025464,1.9797629
2060-03-25 12:00:00,1.3115972,1.6722955,3.0326345,4.7481527,4.297193,1.7257602
2060-03-26 12:00:00,1.069782,1.3861455,2.9160259,4.995696,4.683121,1.5298336
2060-03-27 12:00:00,1.287333,1.4323069,2.9589837,6.6533656,6.993186,2.6268256
2060-03-28 12:00:00,3.3845754,3.3670623,5.2825546,9.296358,6.326642,4.8733873
2060-03-29 12:00:00,3.367354,3.5567138,4.22958,7.54013,8.437486,3.3754718
2060-03-30 12:00:00,2.406586,2.467256,3.051847,6.206363,6.892467,3.6946664
2060-03-31 12:00:00,2.2393432,1.6615756,4.3368707,5.326193,4.302153,3.6904244
2060-04-01 12:00:00,1.0982195,1.0874383,4.83582,2.6042411,3.270284,2.6099555
2060-04-02 12:00:00,2.0318022,1.6424369,4.7736535,3.0057,3.1891365,2.2548223
2060-04-03 12:00:00,2.6322665,2.1763325,6.0925155,2.9656045,3.527593,2.5536745
2060-04-04 12:00:00,2.1424365,1.7426349,5.7446227,2.4159126,4.4444017,2.7192237
2060-04-05 12:00:00,2.0368307,1.769707,4.8279004,2.380865,3.2889917,2.4680705
2060-04-06 12:00:00,2.5449858,2.2557628,5.1333904,3.278282,3.0101826,3.3548698
2060-04-07 12:00:00,1.9476565,2.243384,4.576802,3.8641973,2.8507159,3.3094218
2060-04-08 12:00:00,2.1382742,1.7585016,4.1593304,2.9768147,3.162084,2.2484515
2060-04-09 12:00:00,3.226126,3.0460794,5.6014977,3.6233418,4.7388015,3.3030057
2060-04-10 12:00:00,2.9741824,2.2983859,3.4712589,4.199118,4.1839085,2.574197
2060-04-11 12:00:00,2.777131,2.566576,2.9200997,4.9267087,3.0155919,3.1267767
2060-04-12 12:00:00,2.3424692,1.8606317,3.569673,3.349931,2.4775872,2.7508912
2060-04-13 12:00:00,1.8818007,1.6925026,3.227326,2.2239707,2.3888657,2.3648093
2060-04-14 12:00:00,2.2976093,1.935603,3.09967,2.251613,2.9302473,2.0343041
2060-04-15 12:00:00,1.870736,1.914665,3.1279395,3.3609643,2.4596953,2.2910664
2060-04-16 12:00:00,1.3746643,1.6096902,2.3862798,2.9092216,2.0876641,1.5239328
2060-04-17 12:00:00,1.2469578,1.364302,2.3708787,2.2774427,3.7152972,1.3850336
2060-04-18 12:00:00,1.1056502,1.1703207,2.4615529,2.010485,5.117302,1.7305613
2060-04-19 12:00:00,2.4765697,2.3559282,4.019223,4.9424286,5.6310697,3.247683
2060-04-20 12:00:00,2.3867404,2.1180224,4.365493,3.9286373,3.7375836,3.2625923
2060-04-21 12:00:00,2.5500674,2.3687015,3.5687437,4.291377,4.501676,2.8985012
2060-04-22 12:00:00,3.0225105,1.9344914,2.3266227,3.5182447,4.445223,1.3305851
2060-04-23 12:00:00,1.0781939,0.97815394,1.7146086,2.2719772,3.764536,1.3493024
2060-04-24 12:00:00,1.1281096,0.975441,2.177089,2.8773186,2.8300214,1.9095066
2060-04-25 12:00:00,1.3054073,1.6193701,3.3032155,2.6097422,2.8268318,2.027434
2060-04-26 12:00:00,2.0433168,1.8269527,4.0344224,3.310118,4.456125,1.848273
2060-04-27 12:00:00,1.9365652,1.7808347,2.9269693,3.381492,3.8099136,1.8998921
2060-04-28 12:00:00,1.9360707,1.4368478,2.3231733,2.0637136,3.1857495,1.5628718
2060-04-29 12:00:00,1.6598392,1.3438587,2.4042869,1.9039503,3.2967966,1.2833674
2060-04-30 12:00:00,2.0627966,1.5177566,2.9878664,1.7963665,2.1638532,1.6259983
2060-05-01 12:00:00,2.8126688,1.999961,2.3260336,2.6253047,3.7622323,1.7862326
2060-05-02 12:00:00,1.8718928,1.4991883,3.3175619,2.3079407,4.421843,1.7220025
2060-05-03 12:00:00,4.7776594,4.1080766,4.7448926,5.847472,3.7022777,3.3098884
2060-05-04 12:00:00,3.4664428,2.6643496,3.7277162,7.1761956,6.2354903,4.0254483
2060-05-05 12:00:00,2.545086,2.4169815,3.2084286,5.5138717,4.532622,3.1902082
2060-05-06 12:00:00,5.079721,4.043865,5.874142,6.017198,4.454668,3.3824
2060-05-07 12:00:00,3.4496377,3.053315,4.541118,5.455938,4.9266605,2.9067497
2060-05-08 12:00:00,2.3025327,1.9827423,3.7820396,3.828967,6.067902,3.190898
2060-05-09 12:00:00,1.4505632,1.4699503,2.070347,3.0157025,3.9684608,1.7809247
2060-05-10 12:00:00,1.4446387,1.1820912,2.81924,2.2639694,2.8011453,1.8197837
2060-05-11 12:00:00,1.9565217,1.6660452,2.9222732,2.7546518,3.759946,2.1650805
2060-05-12 12:00:00,1.7132986,1.213772,3.1433923,2.9489872,3.0304782,2.6891665
2060-05-13 12:00:00,1.6725407,1.5182614,3.0207405,2.7127051,3.7063336,1.6139464
2060-05-14 12:00:00,2.10762,1.6328307,3.5908642,2.3744042,3.678028,1.830501
2060-05-15 12:00:00,2.2144737,1.6705782,3.2666504,2.1850708,3.8556411,2.3887355
2060-05-16 12:00:00,1.1052299,1.1041102,2.3217952,2.2988076,3.9504335,1.8520235
2060-05-17 12:00:00,1.1103499,1.3236,2.0752513,2.7495453,3.5555048,1.45893
2060-05-18 12:00:00,2.6454346,2.2803686,2.7622817,3.1475196,3.837973,2.2463064
2060-05-19 12:00:00,2.3394144,2.3594925,3.0421476,2.8842068,4.080056,1.9328275
2060-05-20 12:00:00,1.9273989,1.6972501,2.7572215,2.326706,2.883968,1.8900626
2060-05-21 12:00:00,1.823703,1.4464622,2.2713027,1.7363917,2.330988,1.326308
2060-05-22 12:00:00,2.1493645,1.6392442,3.3565373,2.434315,2.3412895,2.028076
2060-05-23 12:00:00,1.7123545,1.4917116,4.0588593,2.1750808,2.4836097,1.8214685
2060-05-24 12:00:00,2.608087,2.2095852,2.597738,2.7023184,2.3680139,2.2741556
2060-05-25 12:00:00,1.7531002,1.6240042,3.0240164,3.065136,3.5480976,2.38055
2060-05-26 12:00:00,1.3491756,1.4229771,3.5102758,3.0340352,3.245892,2.95369
2060-05-27 12:00:00,2.744343,2.650716,3.1450155,3.5988865,3.9186969,1.7063552
2060-05-28 12:00:00,3.6906357,3.2841232,5.0647783,4.427543,4.381714,3.1857755
2060-05-29 12:00:00,1.6004789,1.6062453,3.3201854,3.665478,3.9012299,2.1869075
2060-05-30 12:00:00,1.3914826,1.2811319,2.8124218,2.2615047,2.995107,1.929344
2060-05-31 12:00:00,3.77663,3.2584493,5.844958,3.7291253,3.9710827,3.7645037
2060-06-01 12:00:00,4.0456467,3.1335654,5.0293093,3.882695,3.5932956,3.4858022
2060-06-02 12:00:00,2.154325,1.6880921,3.4557445,2.6183462,3.505593,2.0506287
2060-06-03 12:00:00,2.8513217,2.3809328,3.6000295,3.3378623,4.883768,2.5084357
2060-06-04 12:00:00,2.2385588,2.3145978,3.1131291,3.0254872,3.5131211,2.0673964
2060-06-05 12:00:00,1.7384229,1.614154,2.0579884,2.6864471,2.2491105,1.5372925
2060-06-06 12:00:00,1.5454369,1.2937968,2.078673,2.1491065,3.1544774,1.6075205
2060-06-07 12:00:00,2.1131382,2.012212,4.4459386,3.5346506,4.1572623,3.4103398
2060-06-08 12:00:00,3.2674153,2.490532,3.391698,3.5757697,5.5745907,2.286262
2060-06-09 12:00:00,1.7582833,1.3161136,2.2608225,2.588995,4.176693,1.4342082
2060-06-10 12:00:00,0.93185014,1.0714289,1.9455134,1.7244632,3.1315017,1.3582735
2060-06-11 12:00:00,1.3433022,1.2203964,1.726246,1.4484457,3.9811213,1.2706205
2060-06-12 12:00:00,0.70738566,1.132986,2.222691,2.7989562,4.2169027,1.5732214
2060-06-13 12:00:00,1.0320086,1.0687363,2.210798,1.8738229,4.1965294,2.1719396
2060-06-14 12:00:00,1.7333496,1.5523914,2.019674,1.9450274,4.0266113,1.817245
2060-06-15 12:00:00,1.0531259,1.0242375,2.4578524,2.4553943,3.4329748,1.9218789
2060-06-16 12:00:00,1.7600477,1.6197892,3.6816633,2.6324432,4.7807646,1.9801947
2060-06-17 12:00:00,2.4609604,1.9663374,3.3672185,2.2382624,5.0292354,1.4787011
2060-06-18 12:00:00,2.7683153,2.403821,3.310054,3.4610186,3.6650617,1.9037138
2060-06-19 12:00:00,1.3194144,1.5203784,2.6682916,3.0545652,4.6726975,1.5288981
2060-06-20 12:00:00,2.9090214,2.4609613,4.571163,3.3640969,3.908087,2.440616
2060-06-21 12:00:00,2.4035063,1.7713182,4.2731833,5.2000713,4.136426,2.340705
2060-06-22 12:00:00,2.4357429,1.898041,3.9757946,5.8838162,5.2255397,1.7562913
2060-06-23 12:00:00,2.0627506,1.628226,3.1783748,4.3347034,4.7310233,1.4359518
2060-06-24 12:00:00,1.7974837,1.4846585,2.217099,3.2952247,4.448798,1.2837064
2060-06-25 12:00:00,1.8080156,1.7205197,2.9016936,3.0089777,4.5114374,2.1648602
2060-06-26 12:00:00,1.7820971,1.4322454,2.4589965,2.6244013,4.2933974,1.9040227
2060-06-27 12:00:00,1.8858547,2.040054,3.9682586,3.1182642,3.4998975,3.4249604
2060-06-28 12:00:00,3.2467062,2.546791,3.587198,4.3570414,2.9919343,2.4688
2060-06-29 12:00:00,2.8425963,2.1051185,3.7116508,3.965922,3.4954612,1.9520642
2060-06-30 12:00:00,1.7823758,1.2996489,2.7555723,3.5630226,5.1536236,1.4923879
2060-07-01 12:00:00,2.5509324,2.3637547,2.0772994,5.179675,4.882758,2.0331078
2060-07-02 12:00:00,3.0098937,2.3568916,2.3761668,4.976637,6.042298,1.8856252
2060-07-03 12:00:00,2.0996702,1.6686907,1.7617381,4.6332736,5.07633,1.1201612
2060-07-04 12:00:00,1.0192506,1.1429992,1.9523572,3.4108598,3.4938617,1.249775
2060-07-05 12:00:00,1.8108039,1.5038457,2.181096,2.4579737,3.2882576,2.0853572
2060-07-06 12:00:00,1.9171547,1.3973205,2.3664744,2.5273938,3.8884375,1.2497392
2060-07-07 12:00:00,1.6185124,1.502994,3.6754942,4.332536,4.3647423,1.772103
2060-07-08 12:00:00,1.7628984,1.8334967,2.9635532,4.0996714,3.6532178,1.4462117
2060-07-09 12:00:00,2.0798163,1.8299658,2.833234,3.8730583,3.748678,2.0484233
2060-07-10 12:00:00,1.7003756,1.6075703,3.776227,3.9015386,3.028567,3.4959393
2060-07-11 12:00:00,1.7218909,1.4382643,3.3791416,2.715391,2.3225188,2.6602814
2060-07-12 12:00:00,1.0812094,1.0954462,2.9907188,2.5587983,2.5860884,1.6441184
2060-07-13 12:00:00,1.1704457,1.1241819,3.5416048,2.7683754,2.6840758,1.5648348
2060-07-14 12:00:00,1.8416759,1.4603983,4.3410773,4.2432394,3.298853,1.9735702
2060-07-15 12:00:00,1.2860527,1.3496805,3.9979832,4.4296207,2.7663016,2.3988125
2060-07-16 12:00:00,2.03613,1.8297372,4.9934063,4.2357574,2.6717834,2.7298644
2060-07-17 12:00:00,2.814002,2.2205417,6.328526,3.256603,4.303762,3.3348553
2060-07-18 12:00:00,2.615312,2.6672,5.76476,4.4140067,5.1858797,3.6350029
2060-07-19 12:00:00,1.6192243,1.6163967,3.7926457,4.946742,4.8880634,2.1671054
2060-07-20 12:00:00,1.4432735,1.7089885,3.6574123,5.313696,3.4897027,2.316805
2060-07-21 12:00:00,1.2587385,1.4229615,2.6390455,2.9671535,3.442278,1.5236584
2060-07-22 12:00:00,0.91672736,1.0466441,2.3141255,2.102253,3.144578,1.9726233
2060-07-23 12:00:00,0.78401417,0.94725746,1.7766216,2.091299,2.5567782,1.198284
2060-07-24 12:00:00,1.0362984,1.0506552,1.9290961,2.1518831,2.9351077,1.2804613
2060-07-25 12:00:00,1.2758571,1.24321,2.3875482,1.871548,2.352584,1.4727312
2060-07-26 12:00:00,1.4330419,1.312478,3.085422,1.8141989,1.6389438,1.5452552
2060-07-27 12:00:00,1.489834,1.4112571,2.639806,2.2001734,1.9912533,1.8492315
2060-07-28 12:00:00,1.776768,1.6443907,1.7585742,1.9954267,2.4532156,1.4086969
2060-07-29 12:00:00,2.1449003,1.9051802,2.0209196,2.1280046,2.5926535,1.5623382
2060-07-30 12:00:00,1.8026079,1.8922333,3.4833992,3.168643,2.7271833,2.4312155
2060-07-31 12:00:00,2.4514182,2.2326844,2.4681487,3.4768739,2.7455409,1.9398434
2060-08-01 12:00:00,1.503288,1.7648677,2.275145,3.024521,2.8661392,1.5811418
2060-08-02 12:00:00,1.4818612,1.4165187,2.446903,3.4387288,2.741251,1.379466
2060-08-03 12:00:00,2.9379914,2.2895675,2.8353856,4.171094,3.325545,1.7581122
2060-08-04 12:00:00,1.5331141,1.2114601,2.0077238,2.457506,3.4907176,1.3908244
2060-08-05 12:00:00,2.5343308,1.9277436,3.650455,2.8052745,2.6540668,1.412532
2060-08-06 12:00:00,3.3448348,2.3792734,3.577448,3.041844,2.6163013,1.8500278
2060-08-07 12:00:00,1.712686,1.7769028,3.796627,2.8902004,3.2982478,2.1861362
2060-08-08 12:00:00,2.5210872,2.4832742,4.252073,2.7743983,3.4538858,2.162583
2060-08-09 12:00:00,3.0802383,2.882679,3.992305,2.4507718,3.1510313,2.2971284
2060-08-10 12:00:00,1.7840255,1.792784,3.3904793,2.262027,3.239672,2.1393893
2060-08-11 12:00:00,1.9227424,1.798859,4.4088182,2.8989658,2.852976,2.2677953
2060-08-12 12:00:00,3.0402067,2.3564246,3.2303224,2.8471878,3.3210137,1.8596598
2060-08-13 12:00:00,2.6908736,2.1876335,3.4404123,2.8774457,3.262864,2.0566883
2060-08-14 12:00:00,1.9476677,1.9469066,2.2801583,2.8706012,2.7604418,1.4605783
2060-08-15 12:00:00,3.105859,2.8740528,3.1264935,4.1001143,4.0927963,1.6872342
2060-08-16 12:00:00,2.342152,2.0014832,3.3076062,3.0268476,4.8543015,2.1946929
2060-08-17 12:00:00,2.8201916,2.2203984,2.4937942,2.500875,3.9961815,1.69984
2060-08-18 12:00:00,1.1577644,1.3319024,3.6816046,5.0525365,3.6568139,2.372558
2060-08-19 12:00:00,1.7716509,1.6352192,2.9190772,6.5804973,3.2985253,2.2404504
2060-08-20 12:00:00,0.9045035,0.9313505,2.5652928,3.1609676,4.0457516,2.1569521
2060-08-21 12:00:00,1.8169765,1.5073287,2.8695304,3.370806,3.6894896,1.9189787
2060-08-22 12:00:00,1.1732712,1.1985998,2.354894,4.2361984,4.0733566,1.5181919
2060-08-23 12:00:00,3.1192422,2.576168,2.7274632,2.9376411,2.8585446,1.7664992
2060-08-24 12:00:00,1.9308944,2.139237,2.5943248,4.0249996,3.0060663,1.9807715
2060-08-25 12:00:00,2.2558284,2.069663,3.8857827,4.1527343,5.304002,2.9949896
2060-08-26 12:00:00,2.6883616,2.1900804,4.3592963,4.362036,6.5424423,2.8063257
2060-08-27 12:00:00,3.0296376,2.576148,3.3467343,4.064283,4.386949,2.6548245
2060-08-28 12:00:00,1.5082808,1.5421773,3.615713,3.0983188,3.2641177,2.3857849
2060-08-29 12:00:00,1.3225027,1.3772633,4.1505814,3.2445948,2.880929,2.208079
2060-08-30 12:00:00,1.4533148,1.4083267,3.3438277,1.9352628,4.6246843,2.1085513
2060-08-31 12:00:00,1.7172424,1.3809743,3.2871034,2.060976,3.0873568,1.6506836
2060-09-01 12:00:00,1.4945037,1.6704066,4.4642806,3.715274,2.6461582,2.983115
2060-09-02 12:00:00,1.8584912,1.9619553,3.1233568,3.232228,2.220896,1.7479445
2060-09-03 12:00:00,1.3103623,1.2985795,2.684576,4.2960835,3.3110034,1.7916243
2060-09-04 12:00:00,2.4806123,2.437337,4.5446095,4.867856,4.1064205,2.9546812
2060-09-05 12:00:00,3.6617353,3.4257736,4.7053933,5.1687064,4.6612167,3.4203894
2060-09-06 12:00:00,2.8687782,2.3945227,3.8781822,2.4689875,3.0614011,2.5696316
2060-09-07 12:00:00,1.0295619,0.97137237,3.2476535,2.342098,2.7901886,2.2905986
2060-09-08 12:00:00,1.437721,1.3529903,3.0726323,2.4041786,2.6586413,2.2607136
2060-09-09 12:00:00,1.0343047,0.9661016,2.1030548,2.0597117,1.9065927,1.5625626
2060-09-10 12:00:00,1.4338745,1.5047058,5.3821273,3.0798125,2.1018937,3.0338922
2060-09-11 12:00:00,1.9515622,1.7108488,6.2000175,2.7284114,2.3846593,2.5785778
2060-09-12 12:00:00,1.9181926,1.6135043,4.798647,1.9691576,1.9135653,1.776619
2060-09-13 12:00:00,1.612104,1.4273462,4.385784,1.9415987,3.5860932,1.6616012
2060-09-14 12:00:00,2.2805333,1.6575902,4.081808,3.130621,6.294092,1.9838687
2060-09-15 12:00:00,2.7888403,2.3636174,2.9073815,3.1614895,5.7521644,2.494319
2060-09-16 12:00:00,1.730153,1.509782,3.3813887,3.4652185,3.5763946,2.4545045
2060-09-17 12:00:00,2.1104865,1.9261351,3.537872,2.2955856,2.6580725,2.171303
2060-09-18 12:00:00,1.9181856,1.6491239,3.5885139,3.994367,2.5770965,2.7601924
2060-09-19 12:00:00,1.9798932,1.8088331,4.565643,2.6345356,1.4663727,3.0012672
2060-09-20 12:00:00,1.5973277,1.6665095,1.9529502,1.4169879,2.1092973,1.0976614
2060-09-21 12:00:00,1.3332891,1.2185998,3.1181257,2.3310223,3.3461034,1.8224198
2060-09-22 12:00:00,0.9538052,0.86776394,2.7866092,2.7455537,2.2140868,1.819788
2060-09-23 12:00:00,1.2821023,1.0836115,3.40752,2.889754,3.441869,1.3145245
2060-09-24 12:00:00,2.2722526,1.7454976,3.8949468,4.4450274,3.3890016,1.7891916
2060-09-25 12:00:00,2.5785718,1.9604535,4.9256353,4.4610853,2.6037676,2.9761658
2060-09-26 12:00:00,1.8068733,1.3136384,3.5083117,2.915895,3.0049667,2.5028448
2060-09-27 12:00:00,2.0352638,1.8523307,4.4158907,3.368015,2.546325,3.228425
2060-09-28 12:00:00,2.6370695,2.3688614,4.012338,4.425891,3.7630847,3.3615263
2060-09-29 12:00:00,2.677139,2.2865086,4.569433,3.7031517,2.670756,3.4838862
2060-09-30 12:00:00,2.7848327,2.2503011,3.2879782,4.600881,2.911939,2.7777343
2060-10-01 12:00:00,2.0009303,1.6526148,3.7916214,3.3790665,5.657738,3.0174317
2060-10-02 12:00:00,3.695088,3.4505556,6.4990964,3.7055774,4.564651,4.7844343
2060-10-03 12:00:00,2.3422563,2.299201,3.4040284,3.0959144,5.1478786,1.8983642
2060-10-04 12:00:00,1.0989373,0.95499945,2.6924973,2.1425824,5.569557,1.3686919
2060-10-05 12:00:00,1.5036225,1.355345,4.9877825,2.2004676,4.5862265,1.989121
2060-10-06 12:00:00,2.5928967,2.1164472,4.884778,2.548524,3.9041655,2.088329
2060-10-07 12:00:00,2.3947072,1.8969253,4.1928463,2.837204,4.3310304,2.2843006
2060-10-08 12:00:00,2.2549152,1.7427118,3.7713592,2.3766298,5.0517716,1.7519339
2060-10-09 12:00:00,2.993451,2.407654,4.620447,3.5832293,3.3568854,2.770889
2060-10-10 12:00:00,3.4466097,3.043385,4.8946514,5.562417,4.1615844,3.3064642
2060-10-11 12:00:00,2.9459171,2.5430725,4.566417,5.361556,4.6105022,3.7614214
2060-10-12 12:00:00,3.4518661,2.8857954,4.616631,6.152549,5.346389,3.3521914
2060-10-13 12:00:00,3.7288961,3.1459827,6.3180866,3.3816001,4.7736425,3.6213107
2060-10-14 12:00:00,2.8439898,2.5750387,7.605493,6.5826364,5.266871,5.4240413
2060-10-15 12:00:00,1.9777478,2.203745,4.143253,5.2220645,3.4678566,2.7497284
2060-10-16 12:00:00,1.7515912,1.6548488,3.481365,4.078459,4.452228,3.2509212
2060-10-17 12:00:00,1.676496,1.5844419,2.4003417,3.5881422,3.7855477,2.6454227
2060-10-18 12:00:00,1.121521,1.2157321,2.6632504,3.555199,4.33608,2.252412
2060-10-19 12:00:00,2.6892982,2.1865318,4.9079785,2.531123,4.083957,2.5149744
2060-10-20 12:00:00,2.6135244,2.208388,3.9086566,3.5609488,2.8452713,3.1292508
2060-10-21 12:00:00,1.9538372,1.8901712,3.851799,3.3877919,3.003142,2.291416
2060-10-22 12:00:00,1.7430433,1.5174532,3.6492097,4.2082515,3.03531,3.1750436
2060-10-23 12:00:00,3.9339983,3.0915067,5.652641,4.872426,5.9076552,3.3755457
2060-10-24 12:00:00,1.1716439,1.2033204,2.3796234,4.6008177,5.367338,1.6006936
2060-10-25 12:00:00,1.6283337,1.5314441,4.3073235,3.52977,5.773035,3.228556
2060-10-26 12:00:00,2.9865944,2.5945468,5.0135303,5.7750583,5.4455566,3.9266653
2060-10-27 12:00:00,2.3390362,2.039764,4.3325725,4.494365,5.9524384,3.1801767
2060-10-28 12:00:00,3.6187077,3.5950754,5.6708446,5.696651,3.7883146,4.2262874
2060-10-29 12:00:00,1.9900274,2.3810809,2.6988962,4.6576104,5.1992164,1.9642197
2060-10-30 12:00:00,1.4455538,1.441765,4.5044365,3.889297,4.3426495,3.3604178
2060-10-31 12:00:00,1.1128933,1.2037193,3.9058986,3.084222,3.4239936,2.9281898
2060-11-01 12:00:00,1.3743136,1.3686843,2.950032,2.964569,3.3607485,2.46472
2060-11-02 12:00:00,1.1114842,1.2446046,1.9432303,2.8312838,3.2043412,1.7506281
2060-11-03 12:00:00,2.7028334,2.1701725,5.234038,3.7387366,3.4375472,3.1903021
2060-11-04 12:00:00,5.3595104,4.035458,5.2801,4.009595,3.7214189,3.3586183
2060-11-05 12:00:00,3.0716534,2.5104625,2.7025223,2.1154585,4.709171,1.4956088
2060-11-06 12:00:00,2.0091488,1.968353,2.1310956,2.2100637,4.1273065,1.5973319
2060-11-07 12:00:00,1.1231413,1.1573561,3.662245,2.1531832,2.8460186,2.0594947
2060-11-08 12:00:00,3.2860212,3.044284,7.8012476,4.8591213,3.7821476,4.545935
2060-11-09 12:00:00,2.7441442,2.6772823,6.323511,5.929172,4.9987736,4.737191
2060-11-10 12:00:00,2.71989,2.934201,4.8897805,6.4012356,3.5579736,3.720062
2060-11-11 12:00:00,2.5263171,2.1680777,5.9709578,3.2490165,3.755749,2.7124043
2060-11-12 12:00:00,1.3704014,1.441805,3.4236393,2.1213925,3.674175,1.9801363
2060-11-13 12:00:00,1.8669012,1.9905825,4.392378,2.9623652,2.8916273,2.76797
2060-11-14 12:00:00,2.922844,2.6385264,3.5800426,2.4963849,2.8511286,2.482561
2060-11-15 12:00:00,1.9085368,2.0199113,2.9263825,3.2964458,3.224542,1.906625
2060-11-16 12:00:00,1.8903346,2.0753107,3.0059445,4.1649337,3.4608257,1.7339181
2060-11-17 12:00:00,1.8349452,2.1547892,3.5650687,4.820125,5.58406,2.0654325
2060-11-18 12:00:00,2.2659097,2.3252113,2.843018,2.9437778,4.5521846,1.6559803
2060-11-19 12:00:00,1.9187131,1.467124,2.618267,2.114422,3.582409,1.6118994
2060-11-20 12:00:00,2.0168328,1.5596242,3.274619,2.0990903,3.245492,1.7127652
2060-11-21 12:00:00,1.6511316,1.593378,2.7350087,4.3228536,4.6032715,1.7207944
2060-11-22 12:00:00,1.7442659,1.9450284,3.3354788,4.826048,4.4583797,2.6191518
2060-11-23 12:00:00,1.1505668,1.5039549,2.2594764,3.4239314,4.003235,1.9079559
2060-11-24 12:00:00,0.82828236,1.0894041,3.7738855,4.1884127,4.363628,3.5020132
2060-11-25 12:00:00,0.9327366,1.0886867,5.2733846,5.2733955,7.7282248,4.32273
2060-11-26 12:00:00,1.2399005,1.1052786,4.773323,3.6303089,6.7467175,2.8347964
2060-11-27 12:00:00,2.383278,1.8238891,4.624823,2.345046,6.8226585,1.9150919
2060-11-28 12:00:00,3.950958,2.7406054,5.14216,3.220697,4.609584,2.4397206
2060-11-29 12:00:00,3.7303476,3.1924193,4.539687,4.26682,5.12162,2.8001704
2060-11-30 12:00:00,3.6202717,3.0739985,4.491699,3.7621083,4.380079,2.7088726
2060-12-01 12:00:00,2.2468953,2.046039,4.413816,4.118855,3.2924666,2.6459155
2060-12-02 12:00:00,3.1149437,2.5840223,5.4295855,4.2822857,5.848828,3.0314016
2060-12-03 12:00:00,1.832976,1.7919854,3.268148,3.4635022,5.5273666,2.167248
2060-12-04 12:00:00,1.7803559,1.4891347,2.026358,2.9835994,4.4834867,1.4568495
2060-12-05 12:00:00,1.4191811,1.3845351,2.4114666,4.216985,4.53526,1.8949342
2060-12-06 12:00:00,0.89981854,1.1187813,3.0603342,5.814595,4.032641,2.829592
2060-12-07 12:00:00,1.4522172,1.66417,4.3376713,4.6020036,3.9139252,2.8432193
2060-12-08 12:00:00,1.2853105,1.4846971,4.044313,3.5927248,5.307141,3.4209425
2060-12-09 12:00:00,1.6114123,1.4776849,5.240877,4.9292502,5.0538616,3.9681816
2060-12-10 12:00:00,1.2804693,1.2027396,4.396552,4.9371014,5.5589337,2.9978228
2060-12-11 12:00:00,2.892507,2.0913506,4.6434574,2.9251478,5.9762573,1.7470332
2060-12-12 12:00:00,1.9975452,1.822716,3.6382132,3.585619,3.9464958,2.0288
2060-12-13 12:00:00,1.0286671,1.215424,3.3946965,4.6221523,4.2552505,2.7849367
2060-12-14 12:00:00,2.300034,1.8310137,5.6601434,4.3699555,3.8743923,3.030215
2060-12-15 12:00:00,2.2378738,2.4094996,3.9528358,4.440537,3.0199544,2.6378138
2060-12-16 12:00:00,1.6034865,1.867255,2.7738776,3.589024,2.9889293,2.394126
2060-12-17 12:00:00,0.90601146,1.2010343,3.0176597,2.7784061,2.8855681,2.112113
2060-12-18 12:00:00,1.1182954,1.316993,2.4310162,3.3520253,2.5297751,2.0850687
2060-12-19 12:00:00,1.3133694,1.3279529,2.9487844,2.3997605,2.4735062,2.0817883
2060-12-20 12:00:00,0.90260404,1.1945897,2.2241044,3.0202775,3.203846,1.7462163
2060-12-21 12:00:00,1.2571658,1.2457273,3.086466,2.565094,2.9053702,2.042163
2060-12-22 12:00:00,2.3809133,1.8285803,5.273988,3.7161105,6.051507,2.7441816
2060-12-23 12:00:00,3.2331858,2.4439442,6.587293,4.356718,5.571785,3.6518304
2060-12-24 12:00:00,3.486191,2.5187328,7.5897465,3.9500427,2.983101,3.7310724
2060-12-25 12:00:00,2.2752266,1.7778603,6.3784504,4.039677,3.0270236,2.901944
2060-12-26 12:00:00,1.3530803,1.2468089,3.6545923,3.5117319,3.0908775,2.4194517
2060-12-27 12:00:00,1.065425,1.1315315,5.3621235,3.5455408,3.6990676,3.1005545
2060-12-28 12:00:00,3.2413478,2.0748205,5.011334,3.2636173,3.772512,2.466693
2060-12-29 12:00:00,1.139269,1.0791342,3.0666504,2.320964,4.837381,1.7412435
2060-12-30 12:00:00,0.9458544,1.2289759,3.0874743,4.517628,6.049687,3.123308
2060-12-31 12:00:00,2.8932247,2.4195085,6.1211386,6.916918,6.0271006,4.520032
2061-01-01 12:00:00,1.4456544,1.4185039,3.3478389,4.8282914,5.9569182,2.6902983
2061-01-02 12:00:00,2.0912476,1.8113182,4.9387813,4.2164564,4.324261,3.120472
2061-01-03 12:00:00,2.7485375,2.1214888,5.158956,5.2156167,4.5122046,3.886651
2061-01-04 12:00:00,2.1532514,1.8575978,4.3148127,3.410464,3.68862,3.0744221
2061-01-05 12:00:00,1.0837936,1.198464,2.4426498,3.531507,2.8789089,1.6416141
2061-01-06 12:00:00,1.0477962,1.1952671,3.9190254,3.8942125,3.3391392,3.1575737
2061-01-07 12:00:00,1.1989872,1.46947,2.8971882,3.059786,2.7458727,2.4021628
2061-01-08 12:00:00,1.4340863,1.3169769,4.592872,3.1700993,2.7289348,2.940194
2061-01-09 12:00:00,2.844129,1.9273239,5.81382,4.8404107,2.7891676,3.952917
2061-01-10 12:00:00,3.412747,2.872314,6.5661607,5.3195167,3.5291953,3.7195652
2061-01-11 12:00:00,2.8792253,2.7407663,3.8836489,4.8071027,4.372153,2.1069646
2061-01-12 12:00:00,1.5009627,1.3973813,1.8422614,2.7203214,5.1650534,1.5118674
2061-01-13 12:00:00,2.1770084,1.6353334,3.149141,2.710479,4.3788233,1.8003986
2061-01-14 12:00:00,2.013094,1.7270937,2.9178803,2.5863526,3.3470416,1.9186225
2061-01-15 12:00:00,2.218927,1.57311,3.5067031,2.1027606,3.7775695,1.7966911
2061-01-16 12:00:00,1.0905204,1.3172721,2.106997,3.7598927,4.407547,1.6740744
2061-01-17 12:00:00,1.8186098,1.6484414,2.8705268,4.559778,3.443136,1.860088
2061-01-18 12:00:00,1.6687652,1.569077,3.233475,2.4180958,2.2141805,2.3849704
2061-01-19 12:00:00,2.6096957,1.8498052,4.7113485,2.9569893,2.5623033,2.3225102
2061-01-20 12:00:00,4.6758366,3.383136,5.7105703,4.169696,3.8965151,2.9095333
2061-01-21 12:00:00,2.8153124,2.320468,2.6816814,4.487302,4.7940483,1.9657367
2061-01-22 12:00:00,1.2532775,1.347319,3.0456877,4.731368,3.7315977,2.2998483
2061-01-23 12:00:00,1.1130171,1.148864,2.419203,5.4964647,2.635961,2.1105974
2061-01-24 12:00:00,0.86371607,1.2445569,1.9799432,3.5403419,2.2079456,1.6902933
2061-01-25 12:00:00,0.8537872,1.0899751,1.9039367,3.642781,2.8800786,1.2705075
2061-01-26 12:00:00,0.8833169,1.0597506,2.7771313,2.5345538,2.9508266,1.7345579
2061-01-27 12:00:00,2.159824,1.95627,3.5444934,2.5849724,3.920976,2.4327292
2061-01-28 12:00:00,0.9683513,1.2467049,2.337805,3.8419583,4.007899,1.8432606
2061-01-29 12:00:00,1.0460253,1.3693733,2.280903,4.7039633,5.2627063,1.4132918
2061-01-30 12:00:00,1.7401378,2.0998318,1.9690967,3.3988879,4.4674973,1.7544951
2061-01-31 12:00:00,2.4111197,1.9632283,3.2569296,2.2536776,4.439642,2.0624897
2061-02-01 12:00:00,2.5161114,1.802439,5.460539,2.845312,6.6521654,2.5679374
2061-02-02 12:00:00,2.8221698,2.060397,6.628413,2.7114484,6.4148016,3.0602443
2061-02-03 12:00:00,3.2304852,2.3479273,6.877042,4.4211507,4.5920973,3.2192755
2061-02-04 12:00:00,4.040446,3.2670517,6.1837697,5.378277,5.2710285,3.3623674
2061-02-05 12:00:00,1.2837324,1.4722382,4.312157,5.161797,5.2235775,3.8154705
2061-02-06 12:00:00,3.8452191,3.4344592,6.609962,6.341554,6.160428,4.4441676
2061-02-07 12:00:00,5.1325216,3.576523,5.2828026,4.44216,5.6862245,2.220367
2061-02-08 12:00:00,3.1209273,2.296434,5.6409755,2.7335393,4.0673604,3.016013
2061-02-09 12:00:00,1.1007124,1.279255,3.724968,3.0733063,4.088774,2.5920746
2061-02-10 12:00:00,1.3135091,1.3958048,3.7659886,4.9373207,4.0426207,3.5296545
2061-02-11 12:00:00,2.4159033,2.1340165,4.1374793,3.383431,7.361201,3.0480683
2061-02-12 12:00:00,2.007206,1.8307564,3.1222913,2.5029147,4.420422,2.904871
2061-02-13 12:00:00,2.0882437,1.9186654,2.5835457,3.7006822,4.166737,2.3282452
2061-02-14 12:00:00,3.0288343,2.0904734,2.7375946,2.5569923,2.8842437,1.6103629
2061-02-15 12:00:00,2.1373396,1.3306632,3.2875187,2.187164,4.4896793,1.3861098
2061-02-16 12:00:00,1.5054529,1.5387411,5.0855684,4.3754935,4.9304085,3.544053
2061-02-17 12:00:00,1.8459421,1.7251589,3.6465542,6.0087442,4.3964586,3.428846
2061-02-18 12:00:00,2.5428572,2.2140157,4.7953534,6.9940743,6.0623584,4.2289867
2061-02-19 12:00:00,1.6699733,2.0298648,3.4163136,4.9370017,5.9954066,2.5038936
2061-02-20 12:00:00,0.58045167,0.9295642,3.0596716,4.5831256,4.749538,2.2154846
2061-02-21 12:00:00,1.0734764,1.3493737,2.5573661,5.7433057,4.685666,2.4930785
2061-02-22 12:00:00,1.3802195,1.5203934,3.8143287,6.268431,5.3545537,3.6078203
2061-02-23 12:00:00,2.3303232,2.0900202,5.124875,5.1831765,5.591735,3.655263
2061-02-24 12:00:00,2.7097926,2.48771,4.200614,5.1163926,5.0662746,2.8416028
2061-02-25 12:00:00,2.4320822,1.9448615,3.6788728,5.9008937,7.2479477,3.740442
2061-02-26 12:00:00,4.0511985,3.15818,5.5261083,7.283746,5.1294765,4.2648535
2061-02-27 12:00:00,2.8735094,2.5035074,4.0190215,6.834594,8.449567,3.8731096
2061-02-28 12:00:00,3.1522403,2.7601898,5.6343393,7.176165,6.3337727,4.5645823
2061-03-01 12:00:00,5.0076714,4.219312,7.564285,8.95145,6.165885,5.984252
2061-03-02 12:00:00,3.8997705,3.6198113,6.209537,8.535773,8.141339,4.7495418
2061-03-03 12:00:00,2.9059994,2.4639378,4.508603,5.9863343,7.561805,3.9555473
2061-03-04 12:00:00,3.12564,2.6002166,5.4492044,4.8917766,4.586383,4.7081356
2061-03-05 12:00:00,2.2129798,2.8343287,6.3768115,6.79595,5.24376,5.97355
2061-03-06 12:00:00,2.6963637,3.2422018,5.932958,7.4896855,7.316171,5.344683
2061-03-07 12:00:00,3.2871213,2.8451524,5.3733726,4.8475885,6.9770446,4.057005
2061-03-08 12:00:00,2.8231344,2.45418,4.381279,6.3182483,5.1244435,3.7450466
2061-03-09 12:00:00,3.7768087,3.29876,6.086562,7.354923,4.051506,4.6668477
2061-03-10 12:00:00,2.1576052,2.413208,3.657905,5.547579,4.9443774,2.1354012
2061-03-11 12:00:00,1.0489885,1.2665484,2.624034,4.1383176,5.8298235,2.7966702
2061-03-12 12:00:00,1.7609364,2.1192615,2.3419135,6.3680444,5.3503237,2.858431
2061-03-13 12:00:00,1.7236872,1.7800121,3.2613828,6.0283756,5.6081395,3.526949
2061-03-14 12:00:00,1.6811059,1.7903523,2.8009791,5.324304,6.580227,2.2806816
2061-03-15 12:00:00,2.7217433,2.2002225,4.0300765,4.8978186,5.7218404,3.1445384
2061-03-16 12:00:00,2.101439,1.6406903,3.8824732,3.2532523,4.5674777,2.2150629
2061-03-17 12:00:00,1.6377633,1.791751,4.913631,3.9451263,2.8064718,3.1506507
2061-03-18 12:00:00,2.4757097,2.375808,5.3539395,5.083458,3.7257934,4.121233
2061-03-19 12:00:00,2.9180515,2.4702928,3.6991334,2.5952551,2.9000914,2.0751765
2061-03-20 12:00:00,1.5543679,1.3401605,2.1042874,3.2243643,3.113908,1.7549776
2061-03-21 12:00:00,1.7029321,1.7169693,4.8296585,3.8652844,2.6018312,3.2448673
2061-03-22 12:00:00,1.8595624,1.5057431,2.63718,2.7076771,3.9570394,1.6272969
2061-03-23 12:00:00,2.302194,1.9782178,3.6077669,5.993579,7.8049736,2.968469
2061-03-24 12:00:00,1.9503359,1.9022211,4.18268,4.5262566,7.200173,2.822744
2061-03-25 12:00:00,3.2999258,2.557965,3.880378,2.4641323,6.40197,2.051539
2061-03-26 12:00:00,2.1219935,1.5981104,2.825138,2.2299888,5.432553,1.5246716
2061-03-27 12:00:00,1.4645437,1.2543079,2.3714812,4.8328676,6.025933,2.627963
2061-03-28 12:00:00,2.6562057,2.0537229,4.7180433,5.4899325,6.8263297,4.154359
2061-03-29 12:00:00,2.805889,2.506693,4.0248494,5.9769273,6.071538,2.5935473
2061-03-30 12:00:00,1.45962,1.32622,3.3289537,3.5633104,5.182481,2.4729762
2061-03-31 12:00:00,1.4961216,1.4235573,4.15865,3.9339137,3.64686,2.6640522
2061-04-01 12:00:00,1.66511,1.5478746,3.0330997,3.2737732,4.632719,2.771231
2061-04-02 12:00:00,2.7711623,2.3862596,5.0478415,3.6246915,3.9051504,2.795773
2061-04-03 12:00:00,1.3294886,1.4458401,3.3974345,3.8436842,3.5340679,2.8647041
2061-04-04 12:00:00,2.4758105,2.4196763,5.5896177,5.0061407,4.198614,4.170134
2061-04-05 12:00:00,1.5560192,1.2533188,2.293636,3.1224833,4.5607615,1.8139203
2061-04-06 12:00:00,1.5131631,1.2094818,2.0267806,2.3463926,4.1715593,1.0703986
2061-04-07 12:00:00,1.0712285,1.0138725,1.896625,1.6491307,3.1000865,1.1519076
2061-04-08 12:00:00,1.9286237,1.6962813,3.7950022,2.2902613,2.5053174,1.9754202
2061-04-09 12:00:00,3.846729,3.227093,4.25336,3.9976892,2.5769176,2.5577497
2061-04-10 12:00:00,3.8175554,3.4713414,2.8703785,3.73132,3.798563,1.9286039
2061-04-11 12:00:00,2.9287925,2.4901035,4.759419,4.2557693,6.178247,2.4282775
2061-04-12 12:00:00,2.595871,2.153487,4.4876723,4.3317804,4.0742407,3.2178485
2061-04-13 12:00:00,2.0682254,1.8481224,3.5994525,5.4762287,4.377954,3.2831895
2061-04-14 12:00:00,1.8266288,1.7101778,3.4546163,5.373421,6.1924667,3.678712
2061-04-15 12:00:00,3.0766258,2.792163,4.6455994,4.7681813,5.321479,3.694857
2061-04-16 12:00:00,2.4247112,1.9992468,4.116637,4.12542,3.0743148,2.9050589
2061-04-17 12:00:00,2.0373204,1.8408911,3.698848,4.952292,3.7016404,2.509869
2061-04-18 12:00:00,1.1734968,1.3171237,2.0941355,3.7589495,3.0654783,1.5523865
2061-04-19 12:00:00,1.4707464,1.3097863,2.4247,3.3701458,2.0711718,1.8766319
2061-04-20 12:00:00,0.8517005,0.98071337,2.4161017,2.680519,3.7977924,2.1091285
2061-04-21 12:00:00,1.8279297,1.7639885,3.006727,2.3367608,4.7698584,2.3051639
2061-04-22 12:00:00,2.182551,2.1825383,3.0175796,1.7844772,4.1101418,1.8550187
2061-04-23 12:00:00,1.4504128,1.4133184,2.8546734,3.5551512,5.2586884,2.3767586
2061-04-24 12:00:00,1.5158895,1.5053047,2.7204342,5.305364,5.9760637,2.713872
2061-04-25 12:00:00,2.6867788,2.0675328,3.4707062,2.2391274,5.602501,1.7497392
2061-04-26 12:00:00,1.2598794,1.2933949,4.034668,2.0944002,6.06732,1.6124765
2061-04-27 12:00:00,2.2868297,1.675555,4.535172,2.4502404,8.650413,1.8481618
2061-04-28 12:00:00,1.3254609,1.1910425,3.5656545,2.6172945,6.982996,1.6635412
2061-04-29 12:00:00,1.5939783,1.6857572,2.190258,4.1721992,6.301597,2.0362036
2061-04-30 12:00:00,2.8421288,2.2992568,3.3472683,4.0345745,5.087572,2.4219892
2061-05-01 12:00:00,1.9415278,1.6631607,3.7982764,3.927773,3.130461,1.3764498
2061-05-02 12:00:00,1.8277154,1.7415361,3.7449045,4.079134,1.9553049,1.549137
2061-05-03 12:00:00,2.340661,2.227751,3.475837,4.3647428,3.3352597,2.4560893
2061-05-04 12:00:00,2.372243,2.2366238,4.0462413,4.3016577,5.5927653,2.408423
2061-05-05 12:00:00,2.4122295,2.4238322,4.440741,3.4677505,3.1767402,3.0840418
2061-05-06 12:00:00,2.5015328,2.3023682,2.9877236,3.8658054,3.6789706,2.9673164
2061-05-07 12:00:00,1.3532315,1.3753884,2.2921424,2.5783262,3.2848136,1.8359547
2061-05-08 12:00:00,1.8856671,2.0502038,3.0328698,2.7622924,3.2514684,2.294381
2061-05-09 12:00:00,2.8321068,2.483361,3.0197957,3.5919313,4.4418855,2.007158
2061-05-10 12:00:00,3.1964579,2.6699324,3.6599588,4.3729177,4.0336204,2.9910145
2061-05-11 12:00:00,2.0990436,2.1783867,3.582891,3.9960792,4.313456,3.2495053
2061-05-12 12:00:00,2.142179,1.8552073,3.26588,3.2973135,2.9922292,2.6667552
2061-05-13 12:00:00,1.6770029,1.898456,4.2521343,3.7435393,4.204221,2.2131689
2061-05-14 12:00:00,4.179453,3.3199387,5.659114,3.3573189,4.0479913,3.633231
2061-05-15 12:00:00,3.1125722,2.8013723,4.2002635,5.179511,4.4039173,3.1968226
2061-05-16 12:00:00,1.4907694,1.6661514,2.0410297,3.5559318,3.1209724,1.4754957
2061-05-17 12:00:00,1.9988036,1.9023784,3.588835,3.0306544,3.177467,2.4261754
2061-05-18 12:00:00,2.035107,1.7543436,4.9266653,2.8306248,4.7254376,2.8395917
2061-05-19 12:00:00,2.2099152,1.688975,5.3562436,2.4423788,6.232287,1.9341811
2061-05-20 12:00:00,1.2140082,1.2970401,2.917339,2.876201,3.914836,1.4350599
2061-05-21 12:00:00,1.696749,1.5200845,2.4192417,2.6077194,2.8742104,1.562337
2061-05-22 12:00:00,3.0219917,2.6598792,5.86788,3.0712383,3.2562413,2.801105
2061-05-23 12:00:00,4.7876024,4.1114616,6.6684175,3.9400795,3.7706003,2.9595819
2061-05-24 12:00:00,4.283476,3.9609556,5.460809,4.953095,3.493936,3.1596217
2061-05-25 12:00:00,2.7371078,2.6745276,3.9551184,4.6532574,4.151007,3.0162115
2061-05-26 12:00:00,2.522079,2.2342288,2.7897973,3.0728533,3.9500697,1.7966722
2061-05-27 12:00:00,2.9372365,2.4402802,3.2688234,3.5026329,4.6308665,3.2955654
2061-05-28 12:00:00,3.2797604,2.828465,4.3379736,3.528506,3.31269,3.619918
2061-05-29 12:00:00,2.268214,2.0374506,3.484955,3.9999478,3.2222354,2.0342276
2061-05-30 12:00:00,0.80550295,1.0276661,2.7136195,3.6493886,2.6131895,1.7082582
2061-05-31 12:00:00,1.0687443,1.1734743,1.8075622,3.9814522,2.6904263,1.9868964
2061-06-01 12:00:00,1.7806276,1.4188669,2.4926455,2.5194268,3.5847433,2.3318262
2061-06-02 12:00:00,2.4676075,1.8316469,2.5239868,1.8159716,2.5944088,1.749219
2061-06-03 12:00:00,1.636428,1.474898,2.3305871,1.8867689,2.4635937,1.5648711
2061-06-04 12:00:00,1.747328,1.4305428,3.0420907,3.8670285,3.3415241,1.7239736
2061-06-05 12:00:00,3.1842363,2.4402528,3.2442672,4.0504885,4.764626,2.406016
2061-06-06 12:00:00,1.6228604,2.065289,3.682091,3.644828,3.9470487,2.1265008
2061-06-07 12:00:00,1.6127768,1.4163624,2.691274,2.4141178,2.626897,1.536221
2061-06-08 12:00:00,1.3571354,1.3486238,2.130596,2.2456286,3.0595143,1.1463039
2061-06-09 12:00:00,1.2828124,1.3265018,2.629972,2.786223,3.4192185,1.6934947
2061-06-10 12:00:00,1.4744337,1.5000027,2.7496474,2.1346965,3.2845101,1.7713333
2061-06-11 12:00:00,1.8007392,1.5602171,2.4994004,2.4808443,2.8260574,2.2497785
2061-06-12 12:00:00,1.274807,1.2896901,2.0151079,2.8855689,2.5141022,1.7402946
2061-06-13 12:00:00,1.4715667,1.4186946,1.7990825,3.3132675,3.1209803,1.2974046
2061-06-14 12:00:00,1.8539735,1.63742,1.887439,3.0233517,3.3955114,1.3909209
2061-06-15 12:00:00,2.4525094,1.8759133,3.3245826,1.7384355,2.6296937,1.9281126
2061-06-16 12:00:00,1.3436365,1.1945386,3.0465138,1.9091543,2.5205188,1.5556366
2061-06-17 12:00:00,1.512013,1.6239189,2.0525062,2.760588,2.2336586,1.6290854
2061-06-18 12:00:00,2.4035234,2.1800282,2.631608,3.1934597,2.5331607,1.7801149
2061-06-19 12:00:00,3.3488317,2.4982789,3.0075548,2.6905968,2.5269759,1.6743957
2061-06-20 12:00:00,2.6261744,2.0439568,2.8784425,2.4891865,2.8245418,1.7316198
2061-06-21 12:00:00,1.8520722,1.4665219,3.2805948,3.1580875,3.7320333,2.0019732
2061-06-22 12:00:00,1.8581374,1.8074424,2.6999989,4.70569,4.0762405,1.8879573
2061-06-23 12:00:00,2.2069528,1.7762042,3.0458443,4.9072437,3.8367596,1.5040827
2061-06-24 12:00:00,2.9626977,2.3899086,3.9015298,4.5310497,3.5417774,1.7767763
2061-06-25 12:00:00,2.0912626,1.6909547,3.1408577,2.4192197,3.8306968,1.4455262
2061-06-26 12:00:00,1.7058253,1.4061382,2.3555737,2.4895248,3.9225678,1.9508072
2061-06-27 12:00:00,1.6399573,1.4214298,2.7805328,3.3672304,4.2632747,1.6288341
2061-06-28 12:00:00,2.779667,1.8907801,2.6888654,2.9538832,3.7802362,1.7081984
2061-06-29 12:00:00,1.1861073,1.1861831,1.9379182,2.1224303,3.4954903,1.3027968
2061-06-30 12:00:00,1.587951,1.3173873,2.0255473,2.177523,2.7985516,1.6392008
2061-07-01 12:00:00,3.035859,2.735295,4.079489,2.9106686,3.0048418,2.2884076
2061-07-02 12:00:00,2.6472552,2.3475537,4.550551,2.8439772,2.2350767,2.038357
2061-07-03 12:00:00,2.8227868,2.324714,3.4309642,2.4765875,1.8324987,1.9620295
2061-07-04 12:00:00,3.1307485,2.4913926,3.5740647,2.4742959,2.5788364,1.8723568
2061-07-05 12:00:00,3.055541,2.3828526,4.364326,2.6348085,2.5155227,2.0489008
2061-07-06 12:00:00,2.0597827,1.6424613,3.6616757,2.1846032,2.411994,1.6386354
2061-07-07 12:00:00,0.9192295,0.9093844,2.5890136,2.0288756,3.3484488,1.4004203
2061-07-08 12:00:00,1.0909779,1.1874827,2.1328175,2.2003107,3.5468264,1.4256718
2061-07-09 12:00:00,1.5389662,1.3745321,3.3417475,2.6841173,3.4571142,2.6979637
2061-07-10 12:00:00,1.0945978,1.3079741,4.181945,2.3987293,3.1751146,3.3720844
2061-07-11 12:00:00,2.3144436,2.1306634,3.9721854,3.3697617,2.5301244,2.45444
2061-07-12 12:00:00,2.1898599,1.6239128,3.3600218,2.8011632,2.0691946,1.7772417
2061-07-13 12:00:00,1.0972462,1.0578923,2.3985395,3.766144,2.6625216,2.1257913
2061-07-14 12:00:00,1.3433102,1.3227088,2.1980817,3.7201061,2.8453214,1.3964528
2061-07-15 12:00:00,1.3745506,1.1416821,1.9661293,3.2269192,1.9278916,1.4682221
2061-07-16 12:00:00,1.1647427,1.0904567,1.8146966,3.4880054,2.1190739,1.3889974
2061-07-17 12:00:00,1.1897397,1.1329464,2.7592907,3.8958137,2.5739849,1.33943
2061-07-18 12:00:00,1.714014,1.4983824,3.3460262,3.9035294,2.7965982,1.6984032
2061-07-19 12:00:00,1.6996864,1.5211458,4.0933433,3.2902195,3.4837232,1.6472448
2061-07-20 12:00:00,2.035226,1.6714858,3.5718884,3.7530427,4.463396,1.9836129
2061-07-21 12:00:00,1.3646483,1.2837578,2.7481306,3.8904357,5.1174455,1.8163669
2061-07-22 12:00:00,1.9475152,2.1654425,2.7611995,4.9086504,4.1289473,2.0804145
2061-07-23 12:00:00,2.1967566,1.8697708,2.4802568,4.263216,2.7429464,2.0857365
2061-07-24 12:00:00,1.5785177,1.4126347,2.1108031,3.0439582,2.2316492,2.1658566
2061-07-25 12:00:00,1.0004411,1.107603,1.5497633,2.7915208,2.532001,1.2020901
2061-07-26 12:00:00,1.5776571,1.4357747,1.9468471,2.4372275,2.4043078,1.0365984
2061-07-27 12:00:00,1.7471776,1.5631601,2.5104587,2.642041,2.4310584,1.378367
2061-07-28 12:00:00,1.7344726,1.5406758,1.8789178,2.347377,2.46783,1.5245266
2061-07-29 12:00:00,1.4959371,1.3595096,1.8963395,2.0174072,2.5093517,1.3681004
2061-07-30 12:00:00,1.8084812,1.4452435,2.3098292,3.01682,2.5108135,1.4769915
2061-07-31 12:00:00,1.1253021,1.1145369,2.4639058,3.4671886,2.263173,2.6437936
2061-08-01 12:00:00,1.2219834,1.4571787,3.5179124,3.379932,2.2944598,3.3307118
2061-08-02 12:00:00,2.0603683,1.7757682,3.6205783,3.1865878,2.4577825,3.442817
2061-08-03 12:00:00,1.8245649,1.5189122,3.2802813,2.6873279,1.8769606,2.700197
2061-08-04 12:00:00,1.0816808,0.9975935,2.0687592,2.1584399,2.2251387,1.5001143
2061-08-05 12:00:00,1.9541386,1.2463202,2.4521158,1.7717758,2.2237632,1.4204203
2061-08-06 12:00:00,2.351567,1.5760835,3.0350716,2.0688353,1.8369732,2.158033
2061-08-07 12:00:00,1.923819,1.4277992,2.5844245,2.980372,2.0171971,2.271885
2061-08-08 12:00:00,0.7232652,0.83010966,1.5707699,2.000347,3.0706751,1.5115535
2061-08-09 12:00:00,1.0639261,1.074982,1.6977426,1.6955193,3.2931433,1.1572193
2061-08-10 12:00:00,1.2398576,1.157357,1.8260595,2.4550958,5.7056875,1.2385793
2061-08-11 12:00:00,1.0339783,1.0683873,2.133712,1.9791433,5.7238493,1.373577
2061-08-12 12:00:00,1.5150234,1.3026687,2.0731013,1.9744337,5.075232,2.183319
2061-08-13 12:00:00,1.4878968,1.7539895,3.225482,3.7176301,3.5033116,3.3430047
2061-08-14 12:00:00,2.6768875,2.208358,3.5762928,3.522861,4.176063,3.6506405
2061-08-15 12:00:00,2.2438543,1.872254,3.0441227,4.149475,5.713705,3.136388
2061-08-16 12:00:00,2.1530156,1.9367929,2.5680168,4.4584394,6.279466,2.060464
2061-08-17 12:00:00,2.4429362,2.2482693,2.4258537,4.554178,5.743027,2.651093
2061-08-18 12:00:00,1.8102753,2.0708911,3.298418,5.4424105,4.0981617,3.019331
2061-08-19 12:00:00,1.9789343,1.5647213,3.2048347,3.1171963,4.626929,2.2955625
2061-08-20 12:00:00,1.2843782,1.3142029,2.36864,2.3122814,4.45197,1.6051364
2061-08-21 12:00:00,1.3598135,1.3322273,2.2657,2.5896587,3.8348484,1.6253408
2061-08-22 12:00:00,1.2828422,1.6194458,1.2181071,3.0977645,3.630348,1.0596938
2061-08-23 12:00:00,1.6406935,1.6662238,2.3618882,2.9230537,3.0124087,0.9895098
2061-08-24 12:00:00,1.4792415,1.0958353,2.8310728,2.099845,2.299773,1.6893076
2061-08-25 12:00:00,1.8551363,1.3852499,2.1574092,1.7640116,1.8525525,1.3160723
2061-08-26 12:00:00,0.7882966,0.9055737,2.401155,1.7563462,1.9298124,1.4255034
2061-08-27 12:00:00,0.915265,0.99819237,2.763017,2.1885257,2.9411988,1.3597741
2061-08-28 12:00:00,2.5562627,1.9525669,3.0335383,3.5651555,3.854416,2.2544487
2061-08-29 12:00:00,3.4722986,2.406212,4.069385,3.255517,4.0668254,3.117931
2061-08-30 12:00:00,2.405869,1.9606504,3.3172085,2.1976604,2.8358312,2.2461298
2061-08-31 12:00:00,3.3165116,2.733377,3.4065373,2.820519,2.5205634,2.270525
2061-09-01 12:00:00,2.223186,2.107589,3.7469888,4.197485,2.0244343,2.7760475
2061-09-02 12:00:00,2.9363384,3.1201625,4.5089455,6.1639886,3.7450113,3.3301272
2061-09-03 12:00:00,2.1944184,2.4723794,3.925,4.7342834,3.5304835,2.6149101
2061-09-04 12:00:00,2.2273908,2.5288746,3.3402817,4.228842,4.3760986,2.122714
2061-09-05 12:00:00,2.0165677,2.0147495,3.0945578,3.0512178,4.27052,2.1858144
2061-09-06 12:00:00,2.1536524,1.6159998,2.8900108,2.6320555,2.3191202,1.4260471
2061-09-07 12:00:00,2.3205605,1.68603,2.1832545,2.329819,2.91217,1.1408447
2061-09-08 12:00:00,2.0589266,1.4872704,2.3187385,1.9114112,2.9070833,0.99128217
2061-09-09 12:00:00,0.9019754,0.8378109,2.8010657,2.108945,3.3512638,1.3380952
2061-09-10 12:00:00,1.1073927,1.058555,2.744458,2.0458198,4.0337405,1.1827432
2061-09-11 12:00:00,1.0301025,1.0515243,2.928844,1.8706855,3.9849133,1.7409337
2061-09-12 12:00:00,3.0206594,2.6009438,5.674318,4.6685524,4.118277,3.4574041
2061-09-13 12:00:00,4.20997,3.4790072,4.7438345,4.564179,3.2184408,3.52787
2061-09-14 12:00:00,1.4942398,1.3174176,2.6848903,3.8489878,4.219205,1.731846
2061-09-15 12:00:00,2.960501,2.4804263,3.3765633,3.4350722,2.6910868,1.9696841
2061-09-16 12:00:00,2.2237706,2.178397,4.9674807,4.5597906,3.3537734,3.7148478
2061-09-17 12:00:00,1.0568626,1.6180599,4.876533,3.4960053,3.3810928,2.0708475
2061-09-18 12:00:00,2.9149919,2.5604625,5.039294,3.7379937,4.3213162,3.101998
2061-09-19 12:00:00,2.9361715,2.4835348,3.6356568,3.313522,4.3156853,1.5272372
2061-09-20 12:00:00,2.3991156,2.089638,3.4382522,2.8969598,3.0936944,2.554319
2061-09-21 12:00:00,2.715543,2.3888216,3.1109905,2.9979289,4.585554,2.1729372
2061-09-22 12:00:00,4.7212863,4.0289335,3.7665186,5.9037366,5.179846,2.521425
2061-09-23 12:00:00,1.8350697,1.4711684,2.0444367,4.78655,5.643026,1.3422381
2061-09-24 12:00:00,1.3991685,1.1578598,2.3065531,2.575006,4.457905,1.4140191
2061-09-25 12:00:00,2.5214572,2.1511872,4.1049557,3.375757,3.223657,2.3836133
2061-09-26 12:00:00,2.7260547,2.420949,5.417957,3.7924085,4.4654455,3.0403612
2061-09-27 12:00:00,4.689676,3.9980288,6.534426,5.586009,4.299023,5.0388784
2061-09-28 12:00:00,3.2051895,2.9262342,5.2401934,6.4727674,4.78614,3.805829
2061-09-29 12:00:00,2.8797503,2.263789,5.776057,3.1486917,3.775776,3.0295746
2061-09-30 12:00:00,2.1081004,1.8331162,5.0705643,2.3065171,2.479564,2.1057265
2061-10-01 12:00:00,1.5264663,1.4420784,3.742879,2.8793893,4.36743,2.4890513
2061-10-02 12:00:00,1.2453451,1.1647344,3.1357658,2.8757951,4.628649,2.3524668
2061-10-03 12:00:00,1.4121861,1.4329882,2.6077237,4.383806,4.762958,1.5892016
2061-10-04 12:00:00,1.8836573,1.6952575,3.554441,5.54185,5.4917793,3.1014726
2061-10-05 12:00:00,1.6785104,1.4862106,2.4131799,3.9355102,4.8678546,1.6359959
2061-10-06 12:00:00,1.6639181,1.6307825,2.2468462,3.6016507,3.8631623,2.1982338
2061-10-07 12:00:00,2.1359339,1.8939154,2.018877,2.8447556,2.8888092,1.5164713
2061-10-08 12:00:00,1.8901494,1.6305301,3.054072,2.4752014,4.5055375,1.473877
2061-10-09 12:00:00,1.47885,1.2620795,2.9579697,2.439719,4.948047,1.5060164
2061-10-10 12:00:00,0.8694701,0.98669195,2.366256,2.4415996,4.647461,1.1921586
2061-10-11 12:00:00,1.7353826,1.5837427,1.8676044,4.05077,4.7491865,1.029353
2061-10-12 12:00:00,2.278953,1.6287239,3.9212077,2.786535,2.8430579,1.3751016
2061-10-13 12:00:00,2.973431,2.0904589,4.675848,2.807787,1.921222,1.681533
2061-10-14 12:00:00,2.8578382,1.9940897,3.9446425,2.5083535,2.0279658,1.6505005
2061-10-15 12:00:00,2.6235015,1.9798821,3.2068372,2.4578545,2.0242507,1.5792295
2061-10-16 12:00:00,2.4530063,1.8220202,2.6753178,2.7506526,2.0678558,1.3100568
2061-10-17 12:00:00,2.414856,1.9216822,5.310058,2.970208,2.33789,2.3638732
2061-10-18 12:00:00,2.8310335,2.8187053,6.0713573,6.8872437,3.764143,4.289833
2061-10-19 12:00:00,2.6798131,2.4313135,5.6535783,5.3134317,6.1961904,3.1913068
2061-10-20 12:00:00,4.157262,3.480426,6.4909716,6.7008767,5.295787,4.3930883
2061-10-21 12:00:00,1.4844704,1.9546407,2.8532557,7.5035987,5.147613,2.2517695
2061-10-22 12:00:00,3.888825,3.9266865,6.6309733,7.9132648,4.94824,5.039557
2061-10-23 12:00:00,2.8353257,3.1107247,4.813424,5.2859397,3.9424708,3.4558756
2061-10-24 12:00:00,1.5253559,1.6518029,2.1338215,4.599064,4.3525467,1.5293489
2061-10-25 12:00:00,0.8781544,0.9786533,2.4627078,5.9517407,6.5645466,2.5976286
2061-10-26 12:00:00,0.74650466,0.8671808,3.7815025,4.397422,4.323374,3.424487
2061-10-27 12:00:00,0.7795805,0.8885892,4.044454,3.0132842,3.7414181,2.7806542
2061-10-28 12:00:00,0.83060634,0.86576146,4.1807866,2.5343275,3.185783,1.9780059
2061-10-29 12:00:00,2.1075115,1.6517476,5.0683713,4.0733876,4.0288467,2.120642
2061-10-30 12:00:00,2.133603,1.8898305,6.1825347,3.959988,5.4513392,2.7622674
2061-10-31 12:00:00,3.4990873,3.0808773,7.6701417,4.5541005,5.5398903,3.4505951
2061-11-01 12:00:00,4.1611614,3.6145005,7.272339,5.5230393,4.5703807,3.7281623
2061-11-02 12:00:00,2.39933,2.2221165,4.6128597,5.307983,4.0937333,3.7693043
2061-11-03 12:00:00,1.611732,1.2836062,4.5097113,3.0143306,4.4037657,2.486902
2061-11-04 12:00:00,1.3877888,1.2030789,3.69906,2.4116993,3.5649652,2.081103
2061-11-05 12:00:00,1.7171988,1.5718329,5.3567696,3.0633657,2.0504029,2.7937334
2061-11-06 12:00:00,1.423665,1.5887651,4.82306,3.622569,3.2038195,2.705825
2061-11-07 12:00:00,1.6213187,1.4654092,4.4587145,3.1184845,3.7667923,2.7270849
2061-11-08 12:00:00,2.122547,1.7991765,3.76671,4.0991564,3.6742525,2.7822008
2061-11-09 12:00:00,2.315034,1.7293789,4.5161195,3.7115383,2.617658,3.2614214
2061-11-10 12:00:00,2.001787,1.8562028,4.8384004,2.8711681,5.5717864,2.058205
2061-11-11 12:00:00,2.0566683,1.8391181,2.2123625,2.8567696,3.0498362,1.1634253
2061-11-12 12:00:00,1.7280517,1.7583466,5.351125,3.6557288,2.8564198,3.234732
2061-11-13 12:00:00,1.7851483,1.757464,3.8318088,6.240997,4.6530404,2.9812856
2061-11-14 12:00:00,0.8245811,1.1188504,3.802034,5.2600317,6.3855042,3.1834838
2061-11-15 12:00:00,0.7994301,0.8113781,2.5088432,5.770319,7.1994085,2.6096272
2061-11-16 12:00:00,2.0211203,2.3828022,5.146262,6.4259467,5.3718576,3.999245
2061-11-17 12:00:00,2.2385623,2.1679053,5.7276735,6.698576,4.4286313,4.1322703
2061-11-18 12:00:00,1.8408692,1.9985349,5.754898,5.5612974,4.638815,3.692718
2061-11-19 12:00:00,2.1949515,2.1374717,4.5099425,4.7179656,3.9954703,4.0267444
2061-11-20 12:00:00,2.3885725,2.0002117,4.5527363,4.063875,5.416024,4.082623
2061-11-21 12:00:00,4.222994,3.5701313,7.3179674,7.2637215,5.3646784,5.2422705
2061-11-22 12:00:00,3.5687695,3.5678196,6.157503,8.233884,4.6610556,4.87889
2061-11-23 12:00:00,1.6917139,1.8300934,3.1013062,4.928573,5.9909763,2.27555
2061-11-24 12:00:00,1.8020098,1.8004458,5.1976867,4.4325933,4.3305326,3.6089885
2061-11-25 12:00:00,1.7864034,1.9689825,5.217889,5.3102946,5.173827,3.139101
2061-11-26 12:00:00,1.7140546,1.4748409,3.5785215,4.211045,5.5701966,1.9998733
2061-11-27 12:00:00,2.0376685,1.4779459,3.233033,3.4459965,5.0075445,2.4800844
2061-11-28 12:00:00,1.785719,1.6093132,3.5680766,4.5682216,5.5040507,2.9312987
2061-11-29 12:00:00,3.6247377,2.8628407,5.756315,4.71508,6.513191,3.1432018
2061-11-30 12:00:00,3.6853094,2.8717153,6.284149,5.9841814,5.707965,4.7314773
2061-12-01 12:00:00,1.8918074,1.7267122,3.7414703,5.427608,4.246531,3.9565349
2061-12-02 12:00:00,1.1522403,1.3693728,3.149161,5.7977624,4.57211,2.7094684
2061-12-03 12:00:00,1.7773836,1.62633,3.7979088,6.3694553,5.29528,2.348173
2061-12-04 12:00:00,2.1727085,2.3215678,3.4172268,5.067086,4.8049207,1.9531763
2061-12-05 12:00:00,3.2758331,3.0964315,3.2526689,3.8615525,3.506941,2.0786703
2061-12-06 12:00:00,2.0271206,2.004402,2.7659113,3.4145,2.722088,2.6808047
2061-12-07 12:00:00,1.6924651,1.61966,2.7133904,3.9910364,3.2174463,2.9757373
2061-12-08 12:00:00,1.5524914,1.2585832,2.2908707,4.134447,4.821018,1.9941905
2061-12-09 12:00:00,1.0800936,0.9493899,2.767417,3.8724022,4.245298,2.2169743
2061-12-10 12:00:00,0.9698296,0.9043273,4.275844,4.325505,5.067674,3.5050519
2061-12-11 12:00:00,1.5476314,1.0541996,4.770257,4.3761964,3.860662,3.0846362
2061-12-12 12:00:00,1.9654069,1.3079265,4.414472,3.1226983,4.1660132,2.289533
2061-12-13 12:00:00,2.8852656,1.9874271,4.419819,3.0701504,3.0808866,2.300741
2061-12-14 12:00:00,0.88114405,1.0333582,4.1433783,3.0723007,2.9668407,2.3262086
2061-12-15 12:00:00,1.6457062,1.1913186,4.7779846,2.8364775,4.6267014,2.5798604
2061-12-16 12:00:00,1.9126582,1.4890139,4.77718,3.7249794,4.470508,3.1602912
2061-12-17 12:00:00,1.5717367,1.4202309,5.0084906,4.023916,4.9869666,3.6762757
2061-12-18 12:00:00,1.631891,1.6363623,5.459971,3.303179,4.445028,3.108902
2061-12-19 12:00:00,2.691749,2.313792,6.7798686,4.585575,4.132073,3.6344414
2061-12-20 12:00:00,3.7084122,2.9379795,6.529478,4.813927,3.7815063,3.4060373
2061-12-21 12:00:00,3.150863,2.8304496,4.399284,4.474207,3.6357663,2.7473812
2061-12-22 12:00:00,1.7718891,1.6175481,3.0320015,3.9276392,3.8520122,2.0384958
2061-12-23 12:00:00,0.97949636,1.1129072,3.3401372,3.5900922,3.5524685,1.6921105
2061-12-24 12:00:00,1.4478948,1.1756736,2.7906642,2.5928853,3.9650798,1.843255
2061-12-25 12:00:00,0.7607832,0.92939234,2.7092035,3.171816,5.2346773,1.7181743
2061-12-26 12:00:00,2.517971,2.000559,5.779723,4.343624,5.804024,3.4841328
2061-12-27 12:00:00,2.1643531,1.9912317,4.7289696,5.7606745,5.427199,4.586846
2061-12-28 12:00:00,2.9572809,2.754447,6.062309,5.4857235,4.616006,3.5460937
2061-12-29 12:00:00,2.964839,2.8258348,6.251279,6.104265,4.88181,4.3027062
2061-12-30 12:00:00,4.4295697,3.6297314,7.0940046,5.2604046,6.9791226,4.0726333
2061-12-31 12:00:00,2.081821,1.8041943,4.8536367,4.481193,6.8195863,4.4112225
2062-01-01 12:00:00,2.969427,2.7289398,5.1376905,5.550612,3.6752622,4.0731
2062-01-02 12:00:00,1.4096099,1.4549074,4.7894573,3.7052395,3.9708118,3.2074697
2062-01-03 12:00:00,1.8344193,1.8581374,4.311746,5.5991125,3.6890109,3.6563413
2062-01-04 12:00:00,1.4456997,1.2765188,2.815859,3.8283932,5.8557363,2.1720765
2062-01-05 12:00:00,1.37908,1.3094158,3.4327476,4.54449,6.556583,2.8534238
2062-01-06 12:00:00,1.9200733,2.0236902,4.865193,6.9999723,8.215055,3.790786
2062-01-07 12:00:00,3.1540155,2.7539454,5.9814935,6.092904,5.401159,4.359865
2062-01-08 12:00:00,2.6283083,2.4845648,3.2430768,4.836446,3.6642754,2.2946634
2062-01-09 12:00:00,2.4148498,1.7240431,4.676083,3.2397254,4.621906,2.5991454
2062-01-10 12:00:00,2.2080517,1.907931,4.3861203,5.609514,4.8697433,4.02442
2062-01-11 12:00:00,0.945632,1.09118,2.6726782,5.1074595,4.57979,3.2219186
2062-01-12 12:00:00,0.9375242,0.7934629,2.8143759,4.3095098,3.217718,2.4887362
2062-01-13 12:00:00,0.9718764,0.7770698,2.3073034,3.658925,3.1868894,2.4245756
2062-01-14 12:00:00,0.9841012,1.0388004,3.9096546,4.3727403,3.1302524,3.8839834
2062-01-15 12:00:00,2.3019497,1.857891,4.891075,4.6985464,3.3576891,3.2312503
2062-01-16 12:00:00,3.7597933,3.0311131,6.244065,4.662239,4.9432178,3.4863048
2062-01-17 12:00:00,3.6991649,3.1270926,5.09895,5.377001,5.397537,3.0743408
2062-01-18 12:00:00,2.9149494,1.9759207,4.9582148,4.3653502,4.390661,2.4689574
2062-01-19 12:00:00,2.4803705,1.8716242,3.2617476,3.144927,4.005873,2.136739
2062-01-20 12:00:00,1.1335937,1.175051,5.4315977,3.6191804,3.0498638,4.0514855
2062-01-21 12:00:00,2.0818057,1.9077382,4.8747067,5.5149035,4.8669143,4.206356
2062-01-22 12:00:00,3.944331,3.5832248,5.5991135,5.9286513,7.420203,3.682059
2062-01-23 12:00:00,2.9858923,2.9391122,3.4435837,5.408297,6.155892,1.6616459
2062-01-24 12:00:00,1.77321,1.5613344,2.7086062,3.7520118,4.550793,1.0364063
2062-01-25 12:00:00,0.6416738,0.9515952,1.856926,4.024541,4.418816,1.3402742
2062-01-26 12:00:00,0.975745,0.9631439,3.5776277,4.549115,5.557686,3.2395794
2062-01-27 12:00:00,2.2177248,1.943209,7.0267434,5.8277745,6.8020024,4.5516663
2062-01-28 12:00:00,2.366109,2.0127575,4.678657,5.1734986,5.942071,3.7302158
2062-01-29 12:00:00,2.5335116,2.5207396,5.3870735,6.12223,6.24851,4.462126
2062-01-30 12:00:00,3.655003,3.5073936,6.5224824,7.5781436,7.3386745,5.20904
2062-01-31 12:00:00,1.790586,1.7215343,3.7215636,6.124071,8.509645,3.9311876
2062-02-01 12:00:00,3.1133661,3.1096992,5.5753484,6.816479,7.9323807,4.644993
2062-02-02 12:00:00,1.1670216,1.2299169,2.4526417,4.914395,8.255949,2.5357964
2062-02-03 12:00:00,0.58334047,0.6462403,1.8795769,2.9726808,6.280413,1.8222165
2062-02-04 12:00:00,1.9150178,1.8695443,4.8573585,5.414679,6.174814,4.4107304
2062-02-05 12:00:00,2.5319736,2.5391715,5.5287848,6.1632404,7.4841537,4.5732703
2062-02-06 12:00:00,3.706417,3.276301,5.1006284,5.7394714,8.123412,3.2737422
2062-02-07 12:00:00,2.1068969,1.8869525,4.332635,4.4128003,6.3650837,2.4924078
2062-02-08 12:00:00,1.3083818,1.2413006,2.5961523,4.378703,5.1023307,2.7617636
2062-02-09 12:00:00,0.760459,0.93519133,3.220384,4.803722,5.4134703,2.4986768
2062-02-10 12:00:00,1.0508711,1.1709837,4.0717854,4.030589,4.988699,2.2658849
2062-02-11 12:00:00,2.1494699,1.7148013,4.812083,3.5500698,4.667071,2.201485
2062-02-12 12:00:00,3.1428845,2.3590925,6.3750234,3.4771087,5.3253264,3.0841122
2062-02-13 12:00:00,3.8346565,3.2838383,5.8148293,5.254251,6.1093144,2.9818783
2062-02-14 12:00:00,3.4121795,2.6580215,5.569137,3.014313,3.8417187,3.2433717
2062-02-15 12:00:00,3.185222,2.6634464,5.931223,3.9786103,3.7713182,3.853512
2062-02-16 12:00:00,2.3161907,2.2200966,3.4777596,3.6457574,4.2022033,2.5653558
2062-02-17 12:00:00,2.620377,1.9948623,5.409275,3.2101774,3.6099992,2.6972766
2062-02-18 12:00:00,3.0599074,2.7398574,4.809651,5.1649814,3.60562,3.2647047
2062-02-19 12:00:00,3.3783636,3.039607,5.579191,5.4178824,5.19177,4.3685656
2062-02-20 12:00:00,2.6361003,2.1833715,3.6666486,5.347558,5.2449384,3.3451765
2062-02-21 12:00:00,3.3251636,2.9509501,6.0930524,6.0423803,6.3567038,5.4929147
2062-02-22 12:00:00,3.7649665,3.1966221,5.6628957,6.3431206,7.05156,4.6280036
2062-02-23 12:00:00,4.0355062,3.54738,6.620586,6.521216,6.5970325,4.6383886
2062-02-24 12:00:00,2.844243,2.4494004,4.919542,5.2557645,6.117365,3.3856087
2062-02-25 12:00:00,2.8109188,2.3203526,5.108589,6.6403613,5.1253734,3.8822834
2062-02-26 12:00:00,1.9397556,1.6948451,2.7057137,5.204526,4.5157995,1.4276617
2062-02-27 12:00:00,2.117569,1.5975847,3.6809807,2.759192,5.273856,2.161598
2062-02-28 12:00:00,2.9552972,2.2307703,3.9713943,1.9799222,3.4377244,2.3642414
2062-03-01 12:00:00,3.1799605,2.3969443,3.642381,1.9831898,5.1175113,1.9088506
2062-03-02 12:00:00,2.4209847,1.7379605,3.1363711,2.5806913,5.1265726,1.7975276
2062-03-03 12:00:00,2.8566096,1.9306111,3.5885358,2.0846016,5.0454235,1.6261015
2062-03-04 12:00:00,2.6851203,1.8659399,3.604182,3.046645,5.0397353,2.4201117
2062-03-05 12:00:00,1.5903573,1.276865,2.3354478,2.4322345,5.2161207,1.6946964
2062-03-06 12:00:00,1.5806787,1.2474719,1.8312696,3.5247617,5.1502743,1.6601514
2062-03-07 12:00:00,2.1303291,1.6901023,4.352453,4.023775,4.729183,2.9112496
2062-03-08 12:00:00,2.2608871,1.921499,4.430474,3.5601697,4.0506587,2.523237
2062-03-09 12:00:00,2.8204658,2.529449,4.171564,4.279355,3.6852267,2.7523646
2062-03-10 12:00:00,2.3215294,2.2560914,3.2200775,4.4824247,4.8913803,2.2398424
2062-03-11 12:00:00,2.2242417,2.0012376,4.3426423,3.648341,4.0713334,2.0817785
2062-03-12 12:00:00,3.097769,2.7473822,2.8829582,3.9749079,4.4788594,2.1467385
2062-03-13 12:00:00,1.1151842,1.0877925,2.0269358,4.2752857,4.8777347,1.8743719
2062-03-14 12:00:00,1.2577977,1.0978754,2.238634,2.9171066,3.4908476,2.3849485
2062-03-15 12:00:00,1.5664138,1.4101074,3.8391292,3.710375,4.3364763,3.4164538
2062-03-16 12:00:00,1.5507271,1.7571741,4.1959,4.5829306,3.8257596,3.785531
2062-03-17 12:00:00,1.0166765,1.1512588,2.4461622,2.4363468,2.2548387,1.7530984
2062-03-18 12:00:00,1.2402691,1.6299495,3.587313,3.4844046,3.2387123,3.6927238
2062-03-19 12:00:00,2.7126634,2.8365884,4.366785,4.9864554,5.526923,4.0208764
2062-03-20 12:00:00,1.1438559,1.2326074,1.9213562,6.3003597,8.574233,2.439804
2062-03-21 12:00:00,1.6178353,1.5606836,2.7968137,7.5380507,9.885007,3.519578
2062-03-22 12:00:00,2.2395582,2.3259766,4.579678,7.1372843,7.7514753,3.641856
2062-03-23 12:00:00,3.1033218,2.8076625,5.966408,4.777424,4.6460795,3.8017583
2062-03-24 12:00:00,2.7738001,2.4461913,3.727011,3.244118,4.29665,2.0903845
2062-03-25 12:00:00,2.5328164,2.2524312,3.4617038,3.6365683,3.8239434,2.8303244
2062-03-26 12:00:00,2.0291076,1.7620066,3.0286455,2.6032748,3.8753586,2.542631
2062-03-27 12:00:00,1.1069136,0.9993517,2.5349765,2.04292,3.6785498,1.7382356
2062-03-28 12:00:00,3.9302888,3.2114701,7.587087,3.8219092,3.7386093,3.664211
2062-03-29 12:00:00,4.4915037,4.1160035,4.0052166,5.1253524,3.9344494,2.767664
2062-03-30 12:00:00,2.156434,2.327329,2.379936,4.775183,4.615724,1.6536075
2062-03-31 12:00:00,2.0088487,1.621294,2.972197,2.9094377,5.172073,1.6468263
2062-04-01 12:00:00,1.3796537,1.5577655,2.0725462,3.491524,5.0888014,1.2095636
2062-04-02 12:00:00,1.7521262,1.6892271,2.2201478,4.3092575,5.021529,1.7666548
2062-04-03 12:00:00,1.7494975,1.6748682,2.8705301,4.526096,4.542664,2.3045936
2062-04-04 12:00:00,3.7810879,3.5394528,7.9691534,6.626651,5.673081,5.872638
2062-04-05 12:00:00,3.7782202,3.723381,5.0327487,5.949382,5.25985,3.9599388
2062-04-06 12:00:00,2.2214506,2.422222,4.0264597,4.382274,3.6328785,2.36535
2062-04-07 12:00:00,1.7646759,1.5033492,2.718091,2.2515192,5.72603,1.7770263
2062-04-08 12:00:00,1.4195603,1.292217,2.5360744,1.6632717,3.5494385,1.7657462
2062-04-09 12:00:00,2.318142,1.7373979,3.213219,1.8263206,2.9421299,2.135064
2062-04-10 12:00:00,5.5114055,4.31233,5.91475,3.847514,2.8016202,3.792435
2062-04-11 12:00:00,3.7428901,3.0957322,2.4862921,3.6463163,3.819869,1.7069715
2062-04-12 12:00:00,1.9507263,1.6176994,2.7504241,3.8469896,4.166678,2.426989
2062-04-13 12:00:00,2.917512,2.6383462,6.223247,4.27714,3.890647,3.8658125
2062-04-14 12:00:00,2.9366775,2.9463856,5.0480914,5.5191736,5.4790473,4.286475
2062-04-15 12:00:00,4.472085,3.784027,4.3964114,4.7148137,3.9440844,2.9912083
2062-04-16 12:00:00,3.592027,3.0499876,2.665699,4.310158,3.7951505,2.246731
2062-04-17 12:00:00,1.8689808,1.9835495,3.0474668,3.464758,3.6561265,2.7227886
2062-04-18 12:00:00,0.9203831,1.017479,2.5042617,2.4340923,2.5691617,2.4066236
2062-04-19 12:00:00,0.8541733,0.95662785,1.8994967,2.285345,1.8374013,2.2656157
2062-04-20 12:00:00,1.3692055,1.1434175,2.054819,2.4867039,2.9950066,2.1001394
2062-04-21 12:00:00,1.1535592,1.0437938,1.7712903,2.1361558,2.8602202,1.83258
2062-04-22 12:00:00,1.1391044,1.0391777,2.3020468,2.0974715,3.719059,1.7257216
2062-04-23 12:00:00,0.9933,0.9995137,2.8813336,1.9615309,5.1488905,1.5388936
2062-04-24 12:00:00,1.4495683,1.0884929,2.9889216,3.099644,5.7645297,1.8725839
2062-04-25 12:00:00,1.7819479,1.4709246,2.2716076,3.1804225,4.2042522,1.4044743
2062-04-26 12:00:00,2.0648167,1.7113894,2.7968543,2.0734043,2.9338083,1.5967206
2062-04-27 12:00:00,2.8208141,1.9031947,3.01871,3.583734,3.3792949,1.9407519
2062-04-28 12:00:00,2.8453336,2.2283554,3.000386,4.5886765,4.201909,1.7045655
2062-04-29 12:00:00,1.8637989,2.2297368,3.7125943,5.3401656,3.3073652,3.3589556
2062-04-30 12:00:00,3.2912998,2.7679584,4.93824,4.3960648,2.9853046,3.906113
2062-05-01 12:00:00,3.4054794,2.6716475,4.5933375,3.5581286,3.5429695,3.454325
2062-05-02 12:00:00,2.5435762,2.2209125,3.9774427,3.589529,3.5499847,2.721931
2062-05-03 12:00:00,1.7471023,1.7366272,2.1752732,2.887208,3.4652545,1.7297531
2062-05-04 12:00:00,1.6102574,1.5445095,3.2757447,3.0180063,5.8531156,1.4666746
2062-05-05 12:00:00,2.0821307,1.8948187,3.727295,3.3753467,4.0795636,2.1207817
2062-05-06 12:00:00,1.2556152,1.2556206,2.9445417,3.595363,2.383735,2.1310916
2062-05-07 12:00:00,2.3354952,1.6632274,3.3387728,3.1024501,3.263805,2.751421
2062-05-08 12:00:00,2.5816932,2.0027974,3.6512728,3.135665,4.369664,2.4783728
2062-05-09 12:00:00,3.7731028,3.085696,4.9568887,4.4478574,4.316662,3.6315958
2062-05-10 12:00:00,2.479438,2.4753978,2.9321885,3.8605268,4.7670875,2.090711
2062-05-11 12:00:00,1.6712459,1.6659095,3.5401347,3.940827,2.9131067,2.0939264
2062-05-12 12:00:00,1.1678545,1.167962,2.178411,2.3341174,3.7843163,1.6891305
2062-05-13 12:00:00,1.6205672,1.2808396,1.8353497,4.083347,4.592982,1.5106608
2062-05-14 12:00:00,2.017293,1.795278,2.1446018,3.9855287,4.674233,2.7136645
2062-05-15 12:00:00,2.124576,1.9144869,2.4125884,3.3216481,4.6631556,1.4134866
2062-05-16 12:00:00,3.9991233,3.0963795,3.69686,3.5837867,3.8167524,1.8294216
2062-05-17 12:00:00,2.3611245,2.0998008,3.0112588,2.246761,3.2626197,1.6276423
2062-05-18 12:00:00,1.3899224,1.2273227,2.5964735,1.843725,1.9650776,1.8064882
2062-05-19 12:00:00,1.5421424,1.3850195,3.3652072,2.625015,2.1123536,2.624238
2062-05-20 12:00:00,2.2658472,2.151026,3.2708957,3.1778724,2.7843626,1.8273791
2062-05-21 12:00:00,1.7909713,1.3967859,2.6737273,2.8025918,3.8657837,1.2462431
2062-05-22 12:00:00,2.9459343,2.492499,5.322167,5.023955,3.542852,3.5207188
2062-05-23 12:00:00,3.61162,2.883873,4.980875,4.474944,4.751092,4.2274475
2062-05-24 12:00:00,2.7485313,2.3723643,5.0541153,3.96929,3.449427,4.0026135
2062-05-25 12:00:00,2.4413526,2.247218,3.9590237,3.4810982,3.8700566,2.4175622
2062-05-26 12:00:00,1.1109397,1.2437717,2.1004267,3.463953,4.7391562,2.3976161
2062-05-27 12:00:00,1.2576687,1.4579908,2.0647917,3.0338006,4.9893565,1.8777622
2062-05-28 12:00:00,0.82197237,1.0206228,2.1386645,2.557854,4.6087613,1.9414412
2062-05-29 12:00:00,0.983057,1.3674715,1.9131235,3.8824277,5.7801485,2.13398
2062-05-30 12:00:00,2.0484161,1.7802546,1.6347034,4.5770335,3.4369678,1.4693971
2062-05-31 12:00:00,2.3099577,2.1449783,2.4938393,5.474686,4.0278616,2.007385
2062-06-01 12:00:00,2.2815857,2.2443395,3.1220558,4.7761245,4.9411716,2.530291
2062-06-02 12:00:00,2.5449793,2.2009919,3.021106,4.616097,4.645604,2.401599
2062-06-03 12:00:00,1.6137881,1.4500054,2.6199303,2.9797606,2.9174628,2.303459
2062-06-04 12:00:00,2.7391438,2.0352077,3.760708,3.3263006,2.7358062,2.236435
2062-06-05 12:00:00,2.2923875,2.2014866,4.9302926,4.153589,3.4230993,3.7594047
2062-06-06 12:00:00,1.896853,1.8090191,4.4614444,3.9350739,3.3556185,3.1749997
2062-06-07 12:00:00,1.8889,2.031406,4.1213145,4.900714,3.1931808,2.3091226
2062-06-08 12:00:00,2.294877,1.6680765,2.819597,3.3627245,3.5579214,1.4876645
2062-06-09 12:00:00,1.6751761,1.4728096,2.9003973,2.484319,3.9174442,1.6293392
2062-06-10 12:00:00,2.4031773,2.5836854,5.0780544,4.792978,2.777538,3.8775034
2062-06-11 12:00:00,1.4491127,1.4083929,5.3709474,5.4761395,3.4185479,4.0997777
2062-06-12 12:00:00,1.7533089,1.8253901,4.7536635,3.58144,3.8345027,3.2996051
2062-06-13 12:00:00,1.190806,1.4064307,2.9644923,4.871442,4.587742,2.4492297
2062-06-14 12:00:00,2.4193144,1.9368047,2.9957647,3.7202902,3.9433703,1.7614908
2062-06-15 12:00:00,2.6969557,2.6461716,3.2694614,4.1603723,4.238059,2.1441588
2062-06-16 12:00:00,1.2855891,1.2380117,2.531582,2.231195,4.720648,1.4630094
2062-06-17 12:00:00,2.6047502,2.1934185,2.337963,2.4262688,2.8223674,1.4031099
2062-06-18 12:00:00,1.7014055,1.6682948,2.0044427,2.8308315,2.6599436,1.6177802
2062-06-19 12:00:00,2.3152475,2.2104204,2.6531897,2.2209246,4.0613484,1.6999284
2062-06-20 12:00:00,1.8488848,2.0061839,3.570752,2.440748,3.7262156,2.0933933
2062-06-21 12:00:00,1.7292662,1.6173215,2.2245536,2.5919049,2.3322716,1.4240232
2062-06-22 12:00:00,3.0349119,2.6822288,3.2104106,2.8569787,2.2250495,2.059221
2062-06-23 12:00:00,2.1052449,2.4475632,3.0112054,4.3315225,2.925558,2.7316637
2062-06-24 12:00:00,1.2930048,1.364074,2.186251,2.5723555,2.8285081,1.7454247
2062-06-25 12:00:00,1.4864447,1.4477422,3.06377,2.7385385,3.0956922,2.041405
2062-06-26 12:00:00,1.0554764,1.1341448,2.2855065,1.7738663,1.5482492,1.2164935
2062-06-27 12:00:00,1.0352976,1.1033072,2.4272559,1.6606636,1.8428919,1.5368774
2062-06-28 12:00:00,1.213505,1.1118175,1.8393215,2.5290587,3.4155605,1.2091014
2062-06-29 12:00:00,1.0577247,1.0557798,1.4502084,3.3041267,3.41295,1.1176324
2062-06-30 12:00:00,1.972671,1.2995186,2.1438234,2.3595016,2.8758583,1.533849
2062-07-01 12:00:00,1.3258517,1.147538,2.140768,2.3903415,1.8644395,1.7208369
2062-07-02 12:00:00,1.4188418,1.2473338,2.151831,3.2758799,2.933024,2.1758614
2062-07-03 12:00:00,1.3384527,1.2560072,2.2500956,3.906775,4.980534,2.5218356
2062-07-04 12:00:00,1.7023857,1.7349851,2.702771,4.416994,4.53933,3.037231
2062-07-05 12:00:00,1.852869,1.5480185,2.4912286,4.7858086,3.7537038,2.4702482
2062-07-06 12:00:00,1.2485576,1.5827146,2.4131289,2.9944942,3.3438022,1.4570502
2062-07-07 12:00:00,1.093735,1.2371652,1.9924744,1.6629847,2.2650888,1.4640585
2062-07-08 12:00:00,1.1638938,1.0768074,1.7286932,2.7192411,3.3654315,1.8002034
2062-07-09 12:00:00,1.0735786,1.2093891,1.9762396,2.706714,3.7830315,1.501253
2062-07-10 12:00:00,1.2422726,1.2248398,1.7795105,3.023506,2.7439897,1.3265697
2062-07-11 12:00:00,1.6634324,1.3447591,1.9032711,2.6647506,2.913928,0.9964594
2062-07-12 12:00:00,1.1045262,1.2569658,2.551503,2.2025464,2.6518803,1.3310231
2062-07-13 12:00:00,1.6403551,1.5939994,2.8954113,1.9682779,2.1104436,1.798751
2062-07-14 12:00:00,2.0956764,1.7375927,2.7559977,2.0994253,2.275568,1.5630822
2062-07-15 12:00:00,2.2014782,2.212757,3.763107,3.3158514,2.5651731,3.0141377
2062-07-16 12:00:00,1.7856805,1.5860428,1.874764,2.8029583,3.1646702,1.8843489
2062-07-17 12:00:00,1.334389,1.3489558,2.5825543,2.6439672,3.1848128,1.5992476
2062-07-18 12:00:00,1.2890137,1.3814052,2.438293,2.176863,3.1258152,2.0374873
2062-07-19 12:00:00,2.1516814,1.7980545,2.3897617,3.2891273,2.9892724,1.8068374
2062-07-20 12:00:00,1.728932,1.7182568,2.6160154,3.3940349,3.2366688,2.1127143
2062-07-21 12:00:00,2.17705,1.8778809,3.7909522,3.0651062,2.580631,2.6074595
2062-07-22 12:00:00,1.6195996,1.2812257,2.5206232,3.3375583,3.2319434,1.821117
2062-07-23 12:00:00,1.9391116,1.4498429,2.3600118,4.3405867,3.5536654,1.3514416
2062-07-24 12:00:00,1.59498,1.6015664,2.3515055,5.1699452,3.6658201,1.3764281
2062-07-25 12:00:00,1.8744191,1.550657,2.5409951,3.0929444,4.514891,1.4205495
2062-07-26 12:00:00,1.2577586,1.4817817,2.3735938,2.4522872,3.7640288,1.2371924
2062-07-27 12:00:00,1.5142775,1.5042777,2.1086779,2.9336507,4.0909567,1.3401592
2062-07-28 12:00:00,1.5835364,1.6151059,2.757632,4.492033,3.87746,2.4667222
2062-07-29 12:00:00,2.520322,1.9236944,2.9527402,4.4805937,3.3977845,2.744509
2062-07-30 12:00:00,1.969924,1.5471966,3.0162582,3.7995548,3.514067,2.7824152
2062-07-31 12:00:00,1.2047746,1.1717525,3.6378334,2.5991268,3.4838645,2.595591
2062-08-01 12:00:00,1.2856764,1.2807348,3.3772967,3.4303854,3.1394315,1.71857
2062-08-02 12:00:00,1.9242793,1.7903416,3.7068076,3.4542277,3.1917002,2.3284917
2062-08-03 12:00:00,2.1971135,2.2701375,3.5838146,3.9955323,5.4884753,2.526245
2062-08-04 12:00:00,1.4471732,1.5291674,2.3334432,3.5146546,6.341425,1.6433564
2062-08-05 12:00:00,1.5906507,1.4272139,1.614226,3.1327956,2.710595,1.3953888
2062-08-06 12:00:00,1.3666776,1.620648,3.0280378,3.355052,2.514094,1.8702189
2062-08-07 12:00:00,1.801878,1.8574854,3.4285698,2.6677263,2.969453,2.4814034
2062-08-08 12:00:00,1.9543648,1.9071333,4.2447314,2.796547,2.8066828,2.6598222
2062-08-09 12:00:00,1.3057368,1.4623435,2.8859293,2.5278978,2.863024,1.6953745
2062-08-10 12:00:00,1.119858,1.0842783,2.2231421,2.442628,2.7725403,1.5940818
2062-08-11 12:00:00,0.7479008,0.81787854,1.8751606,3.0591023,3.0589688,1.3425778
2062-08-12 12:00:00,1.193361,1.1364636,2.4023979,3.317119,2.9262917,1.3030572
2062-08-13 12:00:00,0.90071255,0.9646087,2.0925627,2.1625054,3.289817,1.3085992
2062-08-14 12:00:00,0.87263936,0.8591365,2.2388535,1.7375206,2.7178378,1.4015322
2062-08-15 12:00:00,1.4685788,1.2383027,2.2122123,1.9000893,2.392801,1.6034471
2062-08-16 12:00:00,1.9995748,1.6381791,1.8068142,2.1658053,2.4821422,1.3347449
2062-08-17 12:00:00,2.972746,2.567062,4.2767015,3.1506095,2.5522969,1.8966402
2062-08-18 12:00:00,2.7224894,2.3515725,5.0070124,4.1858354,3.4056365,2.936303
2062-08-19 12:00:00,2.2098587,2.0030298,3.0663326,3.0596507,4.309414,1.9568409
2062-08-20 12:00:00,2.5960412,2.208323,4.4324903,3.4021091,3.5700686,2.9538746
2062-08-21 12:00:00,3.5625772,2.899757,4.3684363,4.154131,3.5059712,3.5078428
2062-08-22 12:00:00,2.1666465,1.835553,3.1367004,3.0163646,4.5660667,2.0679326
2062-08-23 12:00:00,2.0087223,1.9306984,3.225985,2.250656,2.5217497,2.2288296
2062-08-24 12:00:00,2.138344,1.7879087,2.4200988,2.2542224,4.211703,1.7868979
2062-08-25 12:00:00,2.884622,2.555685,3.719627,4.3164783,2.5505383,3.5374944
2062-08-26 12:00:00,1.8280447,1.6904024,3.1848168,4.8582864,3.1703176,2.27179
2062-08-27 12:00:00,1.9643846,1.7521418,2.6011603,2.9527977,3.2518363,1.5613383
2062-08-28 12:00:00,1.5773556,1.680357,3.3442702,3.4402351,2.6161842,1.9669123
2062-08-29 12:00:00,3.3884428,2.4232476,3.2852547,3.7405903,3.819054,2.1061738
2062-08-30 12:00:00,2.6231155,1.8976836,3.9616714,2.8944566,5.2680726,2.5440094
2062-08-31 12:00:00,2.2316442,1.8229624,3.9998832,2.37037,3.054839,3.5963175
2062-09-01 12:00:00,1.5794413,1.2560494,2.943495,2.755335,3.4179783,2.037814
2062-09-02 12:00:00,1.8577082,1.6115716,3.64995,3.7003005,6.0176296,2.1963952
2062-09-03 12:00:00,1.526844,1.2573285,1.9727069,2.100541,4.7574716,1.3575323
2062-09-04 12:00:00,2.3952525,2.2771592,6.0434904,3.2658107,3.0570567,2.843716
2062-09-05 12:00:00,3.7492433,3.400812,7.911487,4.8621845,2.8829498,3.8624635
2062-09-06 12:00:00,5.2711678,4.5202713,6.4726114,5.6314206,3.769779,4.505672
2062-09-07 12:00:00,2.2933729,2.2535675,3.353138,4.212767,3.9733765,2.5887668
2062-09-08 12:00:00,1.0783808,1.2324826,2.2004864,2.22263,2.9739888,1.6208507
2062-09-09 12:00:00,1.1404017,1.05071,2.2603626,1.9983745,3.148962,1.5551039
2062-09-10 12:00:00,1.0013578,1.0669172,2.852527,2.4922798,2.6896272,2.4208739
2062-09-11 12:00:00,1.7308081,1.3127489,2.548113,2.8588216,2.1215615,2.4089608
2062-09-12 12:00:00,1.3395846,1.1364367,2.1222806,3.3590457,3.655421,2.0018213
2062-09-13 12:00:00,1.9238477,1.4998412,2.3510835,3.9669883,3.5233867,1.9497601
2062-09-14 12:00:00,1.4206051,1.4341638,2.2223983,4.7972565,3.4885273,1.8287619
2062-09-15 12:00:00,1.6209424,1.8200349,2.5728395,3.531925,3.4964201,1.5543301
2062-09-16 12:00:00,1.0071913,0.97971916,2.0257587,1.4675045,4.0777297,1.4708179
2062-09-17 12:00:00,1.6019386,1.1859766,1.898563,2.0161786,4.309189,1.2202411
2062-09-18 12:00:00,1.9683836,1.5675957,1.8781195,3.5089405,4.409609,1.3298277
2062-09-19 12:00:00,1.689177,1.3862399,2.2218835,3.0903282,5.6774225,1.2065057
2062-09-20 12:00:00,1.806916,1.3776273,2.5050962,3.019517,4.4303327,1.8109301
2062-09-21 12:00:00,2.095113,1.502991,1.9368627,3.059551,3.0090642,1.2241931
2062-09-22 12:00:00,2.0424023,1.7827561,3.2251363,4.288032,3.8796782,2.5175118
2062-09-23 12:00:00,2.7639103,2.5327342,4.177246,5.9301047,4.253972,2.5640223
2062-09-24 12:00:00,2.4632928,2.2845669,4.2785954,6.9361444,3.640992,4.0192547
2062-09-25 12:00:00,2.5593803,2.2725117,3.8450677,5.457107,3.9162552,3.3027496
2062-09-26 12:00:00,3.4749038,2.860458,4.274329,7.1315126,4.3858895,4.270268
2062-09-27 12:00:00,2.4817822,2.2455719,3.8356957,6.6061277,5.4075465,3.6675715
2062-09-28 12:00:00,2.0381188,2.014216,4.746793,4.2398696,4.810278,3.7219684
2062-09-29 12:00:00,3.8198748,3.629459,6.809007,5.747475,4.0254197,5.4558525
2062-09-30 12:00:00,4.177027,3.6753416,6.0802917,6.788781,5.6140466,5.1362123
2062-10-01 12:00:00,2.5779786,2.7602441,6.357144,5.3124814,4.824903,5.1077156
2062-10-02 12:00:00,3.4983416,3.319342,5.249862,5.4193354,5.2450857,3.8665493
2062-10-03 12:00:00,1.6762137,1.7908627,3.4450698,3.281759,3.2499382,3.106635
2062-10-04 12:00:00,1.4899621,1.2730701,2.5455027,3.575284,3.598928,2.3048754
2062-10-05 12:00:00,0.77292293,0.800603,2.5784326,2.611277,5.6788287,1.303142
2062-10-06 12:00:00,1.005532,1.2190722,2.0360117,3.272397,5.4822574,1.292684
2062-10-07 12:00:00,0.9537334,0.91584355,2.8031132,1.7522705,5.494187,1.724328
2062-10-08 12:00:00,1.3202403,1.4462076,3.0498824,5.0853286,4.4154844,2.2276971
2062-10-09 12:00:00,1.7146324,1.7774869,3.0733225,3.6770384,3.281986,2.7171104
2062-10-10 12:00:00,2.659329,2.0635083,5.7306833,3.1207242,3.1691508,2.792509
2062-10-11 12:00:00,4.2760515,3.48845,6.184817,4.9867973,4.8708324,3.5374477
2062-10-12 12:00:00,3.1508322,2.1925704,4.3720765,3.1181898,3.9074311,2.1617186
2062-10-13 12:00:00,2.1216393,1.3696257,4.2211924,1.8813035,2.7838705,1.2920904
2062-10-14 12:00:00,3.4437914,2.3163838,4.739267,3.092177,2.395587,2.3685389
2062-10-15 12:00:00,4.2307215,3.3524625,5.880327,4.7290764,2.68522,4.3062997
2062-10-16 12:00:00,3.8688831,3.5081594,5.2737083,5.3064623,4.973748,4.00999
2062-10-17 12:00:00,2.573791,2.8940103,4.726586,5.434946,5.0989566,3.1517484
2062-10-18 12:00:00,2.510315,2.8822916,3.2378368,5.634401,6.409046,2.1915462
2062-10-19 12:00:00,1.918636,1.9768112,2.6033785,3.1130257,6.2074237,1.912005
2062-10-20 12:00:00,1.0545192,1.0208868,3.6365194,2.7221627,3.5990853,2.2849123
2062-10-21 12:00:00,1.2929337,1.5701058,3.5440674,3.6886835,2.6587868,2.2679753
2062-10-22 12:00:00,2.8092089,2.0560708,4.6175895,3.0195272,3.440285,2.167119
2062-10-23 12:00:00,3.4025965,2.6187792,3.3471603,3.7726731,2.502028,2.5144649
2062-10-24 12:00:00,1.2324291,0.99307704,2.1724722,3.3138134,2.1731749,1.3366615
2062-10-25 12:00:00,1.2550163,1.2616274,3.1127944,4.838049,3.7588549,2.687167
2062-10-26 12:00:00,1.7532096,1.7403046,3.568798,4.5558953,4.81476,2.27641
2062-10-27 12:00:00,1.1816379,1.3364515,2.7434597,3.7573943,4.5720506,1.7685511
2062-10-28 12:00:00,0.9221646,1.12232,2.9056525,3.911468,3.1779404,2.171096
2062-10-29 12:00:00,1.1408544,1.1305401,3.3979146,2.2778652,3.6293607,1.7905712
2062-10-30 12:00:00,2.412209,1.8665355,3.5152035,2.4951591,3.220026,1.7105043
2062-10-31 12:00:00,1.0091755,0.95520633,2.7861726,2.2077465,3.4827096,1.6347812
2062-11-01 12:00:00,0.81355727,1.0911881,2.2504272,4.127618,2.445558,1.4618546
2062-11-02 12:00:00,2.3321114,1.7519774,4.6831427,3.790646,2.6882179,2.2693937
2062-11-03 12:00:00,2.3226452,2.2618988,3.863505,4.015634,3.5332868,2.1635158
2062-11-04 12:00:00,1.816667,1.9485496,2.8381476,3.42267,3.7105737,2.4276206
2062-11-05 12:00:00,1.6992912,1.9056125,2.8302398,3.2987857,3.2309644,2.1993036
2062-11-06 12:00:00,2.00519,2.0528004,3.9680293,6.4102683,7.125634,3.67022
2062-11-07 12:00:00,2.0449219,1.9357557,4.6625624,5.487945,7.824286,3.1427794
2062-11-08 12:00:00,0.894549,0.9068198,3.4780576,4.5823503,5.8637104,2.3729103
2062-11-09 12:00:00,1.1212318,1.0402447,2.8864768,3.638182,6.346185,1.8780313
2062-11-10 12:00:00,1.5840821,1.3475884,2.5859122,3.693981,7.476856,1.8701102
2062-11-11 12:00:00,2.0924056,1.5984302,3.1468976,3.499708,6.319972,1.8285247
2062-11-12 12:00:00,1.6988323,1.8321198,2.1114342,3.7034712,4.6899424,1.5851299
2062-11-13 12:00:00,1.5547132,1.3964623,2.6776226,3.6524699,3.7110627,2.293204
2062-11-14 12:00:00,1.2067068,1.2130058,2.7791872,2.9487748,3.1644459,2.451082
2062-11-15 12:00:00,2.0079129,1.4708524,2.5414515,2.3194296,2.530487,2.1117818
2062-11-16 12:00:00,1.4313859,1.0265841,3.13282,2.0490968,2.2987103,2.0025473
2062-11-17 12:00:00,2.9614909,2.2012126,5.5338573,2.9951656,3.3800461,2.4497983
2062-11-18 12:00:00,3.5514843,3.1869063,5.4447684,5.25881,3.236767,3.2681122
2062-11-19 12:00:00,4.1591067,2.9965,4.336035,3.6145408,3.834686,1.967777
2062-11-20 12:00:00,1.9310029,1.7510571,4.3156686,3.0129414,6.0291705,2.4359772
2062-11-21 12:00:00,1.4330809,1.4541934,3.0102293,2.9579175,6.294057,1.7712113
2062-11-22 12:00:00,0.7855876,0.9249256,2.6638696,2.7906435,7.3823786,2.2372968
2062-11-23 12:00:00,1.4036188,1.3249168,3.0111024,2.9992228,5.5360665,3.0025551
2062-11-24 12:00:00,1.8337388,1.7349279,3.9240117,3.745524,5.330928,2.4995003
2062-11-25 12:00:00,3.0650413,2.9341767,6.8899465,4.654047,5.5889,3.7451725
2062-11-26 12:00:00,3.0202656,2.5408914,6.15212,5.35782,5.2652235,4.7182918
2062-11-27 12:00:00,2.7521226,2.3688347,5.9397936,3.824188,2.8636513,4.17345
2062-11-28 12:00:00,1.984604,1.8561733,4.318779,4.920584,3.122876,2.8743308
2062-11-29 12:00:00,1.4368204,1.4140685,3.4769325,3.543223,3.7443914,2.2457702
2062-11-30 12:00:00,1.9758503,2.011973,5.7898088,4.8866973,3.3108945,3.4329984
2062-12-01 12:00:00,2.5276475,2.0600443,5.762521,4.548155,5.187467,3.6820118
2062-12-02 12:00:00,3.2179344,2.659141,4.6891413,4.831806,5.7656813,3.5307684
2062-12-03 12:00:00,2.0265474,1.8154849,4.2217674,5.95796,6.11558,3.311104
2062-12-04 12:00:00,2.9764156,2.457406,3.991198,4.202817,3.855648,3.1345325
2062-12-05 12:00:00,1.5338298,1.9495671,4.536597,4.004458,4.702507,2.1016407
2062-12-06 12:00:00,2.2887833,2.0847507,3.325698,5.119719,6.625615,2.4847164
2062-12-07 12:00:00,2.104189,1.8792664,4.378522,4.7506304,6.5756416,3.3696027
2062-12-08 12:00:00,1.6098263,1.5209514,2.9575796,3.34612,4.909031,2.9794333
2062-12-09 12:00:00,1.1521862,1.1197964,1.7630965,2.1727715,3.249605,1.4156895
2062-12-10 12:00:00,1.6056068,1.3400041,4.0039554,2.8359697,3.7204902,3.1584282
2062-12-11 12:00:00,3.4108918,2.1182063,4.638293,2.789363,4.658078,2.9494307
2062-12-12 12:00:00,1.36319,1.2093066,2.703341,4.6299887,3.9403756,2.7268767
2062-12-13 12:00:00,0.8783958,1.1775421,2.4652498,6.743046,3.9858928,2.8259184
2062-12-14 12:00:00,0.82375145,1.162246,2.6307077,4.975773,3.6675668,2.4865735
2062-12-15 12:00:00,1.8538743,1.4848026,4.2451196,3.421453,3.5803487,2.3606753
2062-12-16 12:00:00,2.713838,2.010076,5.2146044,3.162024,3.403047,2.826754
2062-12-17 12:00:00,1.8113873,1.5691863,4.745557,3.1510758,3.3013225,2.521429
2062-12-18 12:00:00,3.0437894,2.4445617,5.330922,4.279925,4.815269,2.6016085
2062-12-19 12:00:00,1.8944415,1.6497221,3.9002237,3.1914845,4.238909,1.8558832
2062-12-20 12:00:00,1.6638483,1.5671422,3.6942198,2.4264445,3.9676397,1.8969783
2062-12-21 12:00:00,2.0795484,1.6342033,2.4128118,4.0531044,4.9459796,1.7791195
2062-12-22 12:00:00,1.0189033,1.0699589,1.9935721,2.8258762,6.0288563,1.3794839
2062-12-23 12:00:00,1.1863809,1.1647583,3.1535342,2.7934146,3.8724844,2.6593559
2062-12-24 12:00:00,2.4139972,1.8737913,3.4573102,2.6084545,3.5730953,2.57037
2062-12-25 12:00:00,4.6393843,3.2737062,5.539123,2.661673,3.9286437,3.0525322
2062-12-26 12:00:00,2.5663993,2.3490355,3.9385216,4.479134,3.32686,2.4869943
2062-12-27 12:00:00,1.5758767,1.9212043,2.8452516,3.8228214,3.924696,2.0662584
2062-12-28 12:00:00,2.1432228,1.7713234,6.041937,4.1300735,3.7205849,3.2821674
2062-12-29 12:00:00,3.58545,2.978957,7.8635693,6.034385,4.7166386,4.3058414
2062-12-30 12:00:00,4.119644,3.4870296,7.914246,5.7010674,3.854889,3.9620104
2062-12-31 12:00:00,4.026349,3.3082702,6.633542,5.589318,4.7463474,3.2573133
2063-01-01 12:00:00,2.6444898,2.034177,5.1877856,4.7256603,5.235942,3.0140355
2063-01-02 12:00:00,2.2573667,2.1068394,3.9779317,4.6958485,6.168715,2.431974
2063-01-03 12:00:00,2.4186702,2.3629313,5.971357,4.701357,6.389842,3.624911
2063-01-04 12:00:00,2.257561,2.292435,4.885046,4.768083,5.484505,3.1596339
2063-01-05 12:00:00,1.9373138,1.8085655,2.9583633,3.704431,5.545915,2.0882623
2063-01-06 12:00:00,2.8156562,2.3896484,5.5703044,3.7095337,4.35811,3.0016258
2063-01-07 12:00:00,1.6709672,1.700836,2.794722,3.3801632,3.6288939,1.2586931
2063-01-08 12:00:00,1.5962384,2.0771086,3.8747783,4.625396,4.773797,2.2835805
2063-01-09 12:00:00,1.0473812,1.263737,3.4534187,5.183237,5.4281607,2.094738
2063-01-10 12:00:00,2.0892546,1.9051085,4.5777984,4.136906,4.1759453,2.6900563
2063-01-11 12:00:00,3.1172106,1.9547223,4.2530518,2.9967766,4.920644,1.8036749
2063-01-12 12:00:00,2.586988,1.9579896,4.01916,3.565526,5.375725,2.2239726
2063-01-13 12:00:00,2.0273771,1.5367222,2.8932655,2.79439,4.358036,1.9567804
2063-01-14 12:00:00,2.0874066,1.7260691,4.912567,3.7919745,5.1758337,2.8560705
2063-01-15 12:00:00,2.5642347,2.5730293,5.744317,5.618802,5.7420387,4.776519
2063-01-16 12:00:00,3.5686355,3.3175197,5.200066,6.624661,6.147894,4.558331
2063-01-17 12:00:00,1.6925545,1.4802163,3.4317987,4.0901866,6.1877556,2.6833384
2063-01-18 12:00:00,1.6486092,1.7200112,4.9501185,4.6053643,5.617421,3.8799355
2063-01-19 12:00:00,2.6304023,2.2250433,4.049737,4.3753996,7.2739925,2.9951332
2063-01-20 12:00:00,3.0284219,2.708465,4.1735654,4.199434,4.685525,2.8386552
2063-01-21 12:00:00,2.35386,2.1245303,4.029381,4.433618,4.5814996,3.2493527
2063-01-22 12:00:00,1.9430017,1.4964857,3.6088932,4.932545,4.2868786,3.28864
2063-01-23 12:00:00,1.4853989,1.284674,2.1373117,5.4770813,4.2471323,3.185917
2063-01-24 12:00:00,2.3640845,1.9324335,4.5755568,3.844755,3.3304522,2.4550865
2063-01-25 12:00:00,1.8221052,1.8431283,2.6507916,3.525067,4.4369845,1.8403373
2063-01-26 12:00:00,1.9348043,2.2274852,4.5622973,5.2446775,4.0665865,3.532856
2063-01-27 12:00:00,4.278599,3.1729534,6.02787,4.7821517,3.8933487,3.0819623
2063-01-28 12:00:00,2.8993385,2.297786,4.0562944,2.9288657,4.490933,2.334531
2063-01-29 12:00:00,1.1186113,1.5703835,2.2340426,5.3472643,5.0730076,1.7072046
2063-01-30 12:00:00,1.7643342,1.9854367,3.315447,8.954355,5.833592,3.958976
2063-01-31 12:00:00,4.297832,3.7953951,6.826226,9.708286,4.181601,5.819671
2063-02-01 12:00:00,2.8190012,2.5914752,4.3120627,5.8985744,4.2106624,3.6610973
2063-02-02 12:00:00,1.4797641,1.3557441,2.3415453,2.8861146,3.5918217,1.4276404
2063-02-03 12:00:00,2.9394715,2.842268,4.872467,5.422079,3.992156,2.932024
2063-02-04 12:00:00,3.14261,2.9507346,5.7160707,6.902017,5.5365515,4.04306
2063-02-05 12:00:00,3.2187037,2.5052488,4.8013716,4.9882636,6.2735143,2.3767974
2063-02-06 12:00:00,2.7571347,2.1922226,5.352154,2.8002832,3.8224876,2.7407305
2063-02-07 12:00:00,1.6169719,1.6046028,4.7996078,2.762616,5.047126,2.6804774
2063-02-08 12:00:00,3.0482469,2.5347474,3.965465,3.7100253,5.9728103,2.6393654
2063-02-09 12:00:00,1.4037437,1.606143,2.4224186,6.7373977,7.0228925,2.3867116
2063-02-10 12:00:00,1.749897,2.3094723,2.295819,5.5669584,6.5143557,2.3405068
2063-02-11 12:00:00,2.5728793,2.5341177,3.0307155,2.9766397,6.062133,1.922659
2063-02-12 12:00:00,1.8373944,1.5726494,2.8311892,3.2500834,3.9527667,2.171668
2063-02-13 12:00:00,1.2494711,1.4630547,3.209414,5.567505,5.7954597,2.6393394
2063-02-14 12:00:00,1.6680837,2.0483289,4.040444,4.854676,6.8208165,3.0211384
2063-02-15 12:00:00,1.1529019,1.5845627,2.8910723,4.8089437,4.3977733,2.1286974
2063-02-16 12:00:00,1.0824479,1.3846786,2.9047456,4.6967344,3.6540434,2.411032
2063-02-17 12:00:00,0.88972497,1.2387434,2.6935868,5.604573,5.0720406,2.121762
2063-02-18 12:00:00,0.8884386,1.0524132,4.309315,4.6014977,3.3375342,3.1453013
2063-02-19 12:00:00,3.4531376,3.2044206,6.530184,6.083244,4.2583246,5.016633
2063-02-20 12:00:00,2.0288193,1.7178527,4.800503,3.521388,3.4785748,2.4326894
2063-02-21 12:00:00,1.3279977,1.2534363,3.7055142,2.495938,4.0503697,1.1730989
2063-02-22 12:00:00,1.3500435,1.5231882,2.5112987,4.2070155,3.9282494,2.0113351
2063-02-23 12:00:00,1.3523667,1.3190801,2.9900665,4.593859,4.5635157,2.5085516
2063-02-24 12:00:00,2.4560318,2.6549337,5.8911266,6.2080503,5.111608,5.0536795
2063-02-25 12:00:00,4.2324743,3.3138018,5.439602,5.0423903,6.950319,3.2998705
2063-02-26 12:00:00,2.2611518,2.2038603,4.3294473,4.6538305,4.620999,3.141698
2063-02-27 12:00:00,3.520446,2.8085525,7.382852,5.842636,5.026618,4.753896
2063-02-28 12:00:00,3.326422,2.5375335,7.7678285,3.8672125,4.676111,4.935697
2063-03-01 12:00:00,1.9001637,2.137151,5.0112133,3.4861445,3.9061902,3.1512399
2063-03-02 12:00:00,1.7690337,1.782164,3.9836097,4.471763,3.580456,3.0113292
2063-03-03 12:00:00,2.1938348,1.9324213,4.9975047,5.8447595,4.9162064,3.3749576
2063-03-04 12:00:00,1.4855266,1.9048407,5.767348,6.3104696,4.2810025,4.171814
2063-03-05 12:00:00,1.816736,1.8160135,3.5863848,4.620053,5.270554,3.224351
2063-03-06 12:00:00,2.8496552,2.6689277,5.078679,5.944804,6.2958245,3.7361598
2063-03-07 12:00:00,2.788758,2.4606779,3.6917543,5.6982484,8.508831,2.9439309
2063-03-08 12:00:00,1.6614146,1.7930206,3.3741672,5.5703106,6.404455,2.8404152
2063-03-09 12:00:00,2.3982236,2.0593922,6.0831175,5.560916,5.775864,4.344806
2063-03-10 12:00:00,2.6722841,2.222582,4.801677,6.180117,5.75157,3.8776512
2063-03-11 12:00:00,5.063316,4.2312217,9.399754,5.935291,4.0028753,6.99843
2063-03-12 12:00:00,4.223156,4.2202396,5.63172,5.7505794,4.0507774,3.9230275
2063-03-13 12:00:00,2.713594,2.5940135,5.814221,7.6708045,5.1706405,4.7277055
2063-03-14 12:00:00,4.2790217,4.074615,7.5861197,8.313267,4.414968,5.6451836
2063-03-15 12:00:00,2.4142709,2.4599254,2.9899952,4.467969,3.8439596,2.6198761
2063-03-16 12:00:00,2.6512403,3.0477743,6.7675705,6.814167,8.0141945,5.461457
2063-03-17 12:00:00,2.635933,2.7063363,3.9369476,5.4278,8.444643,2.716526
2063-03-18 12:00:00,1.5481894,1.5251641,3.5843184,5.742597,8.236457,3.8042996
2063-03-19 12:00:00,3.0617294,2.7043004,4.54024,6.7463026,9.267232,3.777527
2063-03-20 12:00:00,2.9240296,2.6348414,4.394306,6.3899574,7.154839,3.888566
2063-03-21 12:00:00,2.970664,2.635781,4.905539,6.3706055,5.9409485,4.403518
2063-03-22 12:00:00,4.76027,3.9318485,6.3184195,7.6344957,7.4636855,5.028761
2063-03-23 12:00:00,3.5432973,3.0747745,5.426812,6.896015,7.477829,4.146865
2063-03-24 12:00:00,3.9316869,3.6204867,8.200138,6.1921854,7.0953264,5.2573733
2063-03-25 12:00:00,3.535502,3.2834387,5.277343,8.043116,6.5642376,3.5675266
2063-03-26 12:00:00,1.8118619,1.5854888,3.2636955,5.2223997,6.713665,2.1977115
2063-03-27 12:00:00,1.1350231,1.166028,3.0019202,4.1622453,4.8107176,2.7491732
2063-03-28 12:00:00,0.9938165,1.0354766,2.6737754,3.2324028,4.806529,2.5482676
2063-03-29 12:00:00,1.1949209,1.2294849,2.1368692,2.7508078,4.9059796,1.3622842
2063-03-30 12:00:00,1.425122,1.2063255,2.3248117,2.4588935,3.1895905,2.1947417
2063-03-31 12:00:00,1.2223818,1.0375109,2.748543,2.50018,2.6035607,2.262991
2063-04-01 12:00:00,1.9271902,1.9510692,3.0898073,2.549615,2.8794513,2.244846
2063-04-02 12:00:00,2.488442,2.0956683,2.940993,2.263242,3.6581748,2.0166585
2063-04-03 12:00:00,2.8491461,2.1177032,2.9031692,2.588424,5.7229695,1.851816
2063-04-04 12:00:00,1.93091,1.6345226,2.7960477,3.8815901,3.8639627,2.554422
2063-04-05 12:00:00,1.7319217,1.6840287,3.883485,3.2428048,3.5874534,2.7906933
2063-04-06 12:00:00,3.8858292,2.9740129,4.0834427,2.5910954,5.420506,2.3704348
2063-04-07 12:00:00,3.3481107,2.480305,3.2740538,2.5638127,4.4634647,1.9272119
2063-04-08 12:00:00,1.1417679,1.1024001,2.542693,3.3388643,4.993521,1.6822163
2063-04-09 12:00:00,2.34228,2.150295,4.012891,5.7270565,4.112084,3.7211862
2063-04-10 12:00:00,4.159005,3.825342,6.724771,7.688394,5.5179977,5.225115
2063-04-11 12:00:00,3.4416537,2.9425933,5.996434,5.677198,6.301459,3.7741394
2063-04-12 12:00:00,1.8298082,1.5447294,3.174732,3.6335099,6.9556904,2.3495948
2063-04-13 12:00:00,1.7961893,1.4778302,4.1884584,2.7997994,4.602223,2.3379154
2063-04-14 12:00:00,2.56824,2.3645446,4.283791,4.1185303,2.9477043,2.8283298
2063-04-15 12:00:00,2.11397,1.8512038,3.2861488,3.3118355,3.9226778,1.9317703
2063-04-16 12:00:00,1.5370679,1.3320739,2.7043092,4.7028394,5.6343565,2.5706022
2063-04-17 12:00:00,1.0272448,1.0397791,1.8933648,3.182946,4.7012014,1.4143999
2063-04-18 12:00:00,1.6973791,1.2512718,2.7395422,3.1355677,5.3300695,2.4616718
2063-04-19 12:00:00,1.6396698,1.3929394,2.8568537,2.791463,4.392103,2.6357012
2063-04-20 12:00:00,1.8676455,1.7003288,2.6835408,3.270122,5.8227096,1.6937548
2063-04-21 12:00:00,2.4836674,2.1699305,3.1071708,3.6468263,5.0842004,2.0430348
2063-04-22 12:00:00,1.1520629,1.2153546,2.3953474,2.8194404,3.433286,2.02774
2063-04-23 12:00:00,1.9614768,1.5032328,2.458227,2.2489622,3.2949674,1.6804267
2063-04-24 12:00:00,1.8629961,1.6086222,2.2626262,2.7669559,4.046961,1.808517
2063-04-25 12:00:00,0.9942732,0.9739226,2.8538647,2.5173752,3.5863419,1.614661
2063-04-26 12:00:00,2.605653,2.271594,3.1298828,3.6211133,2.937632,2.0726335
2063-04-27 12:00:00,1.8945006,1.4489586,4.29991,4.1556945,3.3952024,1.3534987
2063-04-28 12:00:00,2.07581,1.7784768,2.3466294,4.242743,2.6268377,1.7842984
2063-04-29 12:00:00,2.2935736,1.9667275,3.5346756,3.5107405,2.5758634,3.2564619
2063-04-30 12:00:00,2.4520628,2.3941445,3.876063,3.6597428,3.6250541,2.6306074
2063-05-01 12:00:00,1.6322386,1.7856609,2.851599,2.8632557,4.0026503,1.7648154
2063-05-02 12:00:00,1.4645121,1.7625589,3.9728518,4.0830564,4.9514303,2.6179183
2063-05-03 12:00:00,2.2133417,1.9086177,4.068664,3.3524115,4.3840566,2.3132205
2063-05-04 12:00:00,2.2479188,1.979028,3.6221485,2.6433601,3.7696843,2.3478582
2063-05-05 12:00:00,1.9468032,1.6904768,1.8043959,2.4437823,3.0095892,1.2692144
2063-05-06 12:00:00,1.9428641,1.9809363,2.3105946,2.6695356,3.2931097,1.3570443
2063-05-07 12:00:00,1.9030108,1.7738634,3.1324482,3.354959,3.04437,2.3359058
2063-05-08 12:00:00,2.3027105,1.6093841,2.7979043,2.9438422,3.4151778,2.420567
2063-05-09 12:00:00,2.2052803,1.8521641,2.3571398,2.9251282,2.541239,1.957293
2063-05-10 12:00:00,1.1844372,1.2317741,3.1382544,3.493391,5.198248,2.835948
2063-05-11 12:00:00,0.94443864,1.0372398,2.4818187,2.5715535,3.4551277,2.5332675
2063-05-12 12:00:00,1.800999,1.5539409,3.375309,1.9415126,4.141819,1.6059743
2063-05-13 12:00:00,2.0946336,1.7124598,3.5108964,2.1248798,1.8952943,1.8251703
2063-05-14 12:00:00,1.7783033,1.3277081,2.5355127,2.2951753,2.3421638,1.6388524
2063-05-15 12:00:00,1.1894743,1.0737021,2.5189884,1.9962971,2.5901356,1.3092662
2063-05-16 12:00:00,0.9125161,0.97456217,2.5659266,2.8151534,3.3685505,1.590712
2063-05-17 12:00:00,1.0950251,1.0257752,2.402462,3.197744,3.8923597,1.4386972
2063-05-18 12:00:00,1.8882308,1.7643186,2.3416097,2.9873824,3.6441104,1.2738172
2063-05-19 12:00:00,2.6839995,2.528514,3.1806333,4.313921,4.436869,2.6694217
2063-05-20 12:00:00,2.4661164,2.2145264,3.1038191,4.22816,4.7276535,2.9817593
2063-05-21 12:00:00,2.124288,1.84238,3.0384486,4.5744815,4.2285814,2.8967595
2063-05-22 12:00:00,2.5533583,2.1932127,3.1071935,3.9997983,2.8868697,2.9962401
2063-05-23 12:00:00,1.8745164,1.5386059,2.2451773,2.6684897,2.1571665,1.6082034
2063-05-24 12:00:00,1.3487138,1.3803563,1.9946634,3.190197,3.2181306,1.7942921
2063-05-25 12:00:00,2.5832658,2.2796757,2.389001,3.082368,3.4255161,2.2584178
2063-05-26 12:00:00,2.3591018,1.8712424,2.5546067,2.971842,3.7636156,1.44197
2063-05-27 12:00:00,1.9583315,1.641683,3.14681,2.5224237,3.3862455,1.8619299
2063-05-28 12:00:00,1.9870006,1.7822084,3.7436779,2.9877129,3.6689343,2.3027346
2063-05-29 12:00:00,2.4548202,2.580128,3.6685488,4.259373,4.7066402,2.6087382
2063-05-30 12:00:00,2.2135873,2.414545,3.121764,4.5373354,2.9035494,2.2337167
2063-05-31 12:00:00,2.5417027,2.5920613,2.9850488,3.9783027,3.4172492,2.0296504
2063-06-01 12:00:00,3.934154,3.4031017,4.0557914,3.6828911,4.8609724,2.2741504
2063-06-02 12:00:00,3.355044,3.2544348,3.6395051,4.3977394,4.4965115,2.1974077
2063-06-03 12:00:00,4.8747497,4.3206778,6.682805,4.7326818,3.3734124,3.428256
2063-06-04 12:00:00,3.6280756,3.167768,4.612942,4.065591,3.581974,2.4955237
2063-06-05 12:00:00,2.8629322,2.4251342,3.655824,3.4614952,3.5651703,1.9517897
2063-06-06 12:00:00,3.5709584,3.0317683,4.609829,3.3122025,2.4496624,2.523155
2063-06-07 12:00:00,2.8599067,2.237012,4.6911464,2.7811995,2.4403095,1.9922304
2063-06-08 12:00:00,1.1822202,1.2117541,2.7853622,2.5618088,2.6461806,1.580682
2063-06-09 12:00:00,1.3832828,1.1165324,1.6308947,3.3837242,2.7885206,1.3710785
2063-06-10 12:00:00,1.1218326,1.3128186,1.5025462,2.7826345,1.9011722,1.9624386
2063-06-11 12:00:00,1.0456009,1.126262,2.1089602,3.1728675,2.70312,2.5087676
2063-06-12 12:00:00,2.060618,1.7157122,2.9779656,3.7157304,2.3324802,2.7495677
2063-06-13 12:00:00,2.3464732,1.8433068,3.4086926,3.564468,1.7367622,2.880898
2063-06-14 12:00:00,2.2254925,1.7993466,3.0906494,3.6579888,2.6806068,2.8390281
2063-06-15 12:00:00,2.207927,1.6885576,2.3749962,4.224258,2.952583,1.5601438
2063-06-16 12:00:00,2.1175063,1.5830172,2.6981146,3.6206148,3.1945865,1.5334224
2063-06-17 12:00:00,2.4429216,1.8171325,3.0829108,2.6449986,3.4656184,1.4782562
2063-06-18 12:00:00,1.9265485,1.5074687,2.9578557,1.5145382,2.8205664,1.5732011
2063-06-19 12:00:00,1.260007,1.0791118,2.898016,1.8798265,2.4621499,1.5515265
2063-06-20 12:00:00,1.402959,1.0528629,1.9611052,3.0557208,4.075955,1.3462102
2063-06-21 12:00:00,1.0043035,0.9177178,1.5307881,2.9038801,3.8237572,1.0679977
2063-06-22 12:00:00,0.8743143,0.8871624,1.4807,1.8798865,3.1658473,0.95403296
2063-06-23 12:00:00,0.8418077,0.92248565,2.1989076,1.915496,3.0011477,1.7107722
2063-06-24 12:00:00,0.6837945,0.74901086,2.8522353,2.1890378,3.3703878,2.3543537
2063-06-25 12:00:00,0.94951534,1.0727892,3.3005376,2.9801695,4.272484,2.4240503
2063-06-26 12:00:00,1.2941213,1.5065084,3.1877217,5.5771003,4.284395,2.3270953
2063-06-27 12:00:00,2.1511166,1.82011,1.9811333,4.890264,3.7079558,1.7247974
2063-06-28 12:00:00,1.5609025,1.6175575,3.329683,3.1265411,2.320509,2.6940517
2063-06-29 12:00:00,1.6823944,1.8646866,3.312603,3.2106879,2.7449627,1.9148401
2063-06-30 12:00:00,2.6882308,2.1526244,3.4292784,3.1129663,2.878176,2.2094917
2063-07-01 12:00:00,2.8062322,2.540506,4.6080155,3.4529793,3.6964867,3.2938666
2063-07-02 12:00:00,3.3171308,2.675954,3.758455,5.202661,4.3027906,3.1231089
2063-07-03 12:00:00,2.4750452,2.0265894,3.860719,2.669926,3.5415306,2.3719535
2063-07-04 12:00:00,3.464717,2.8145113,5.0635037,3.5444427,2.2525096,3.7766201
2063-07-05 12:00:00,2.941852,2.6628504,3.1892636,4.684922,4.0326405,2.5835247
2063-07-06 12:00:00,2.2569728,2.177002,3.5997913,2.4168727,4.37802,1.9640311
2063-07-07 12:00:00,2.097483,1.9332938,3.814178,2.6956637,4.2075315,3.0041013
2063-07-08 12:00:00,2.569204,2.0172768,3.455654,3.1857874,5.232552,2.8503218
2063-07-09 12:00:00,1.8440253,1.8135645,2.4897788,3.2737594,5.0043373,2.3427835
2063-07-10 12:00:00,2.2001734,1.7925779,3.683383,3.3702567,3.9298015,3.425266
2063-07-11 12:00:00,3.3483968,3.0547564,4.443346,4.970022,3.564959,4.283065
2063-07-12 12:00:00,3.8379765,3.1807005,5.0760016,5.7556767,4.7120566,4.4158106
2063-07-13 12:00:00,2.6232684,2.0167627,3.535436,3.6917472,3.363749,3.4278033
2063-07-14 12:00:00,2.0642376,1.5883354,2.0688624,3.3294187,3.0568185,2.025764
2063-07-15 12:00:00,1.0513667,1.048605,2.1475687,3.150498,2.5893207,2.0335488
2063-07-16 12:00:00,1.4528275,1.2601409,2.2807143,2.254176,2.5441403,1.4931945
2063-07-17 12:00:00,1.0982755,1.0789989,1.9592342,1.8758537,2.797359,1.2511336
2063-07-18 12:00:00,1.0883602,1.179238,1.9966087,1.6539437,2.5008116,1.2529618
2063-07-19 12:00:00,0.93986577,0.89733094,2.1120954,1.8562461,2.2069263,1.6975673
2063-07-20 12:00:00,0.7091692,0.7912807,1.7105618,2.4940686,2.4526372,1.4622455
2063-07-21 12:00:00,0.786133,0.883646,2.3804927,2.9241831,2.6522207,1.8932287
2063-07-22 12:00:00,0.84680474,1.1463027,3.2699783,2.5428746,2.475779,2.1013582
2063-07-23 12:00:00,1.1131122,0.98245853,2.5073278,3.0372028,4.137503,1.2898681
2063-07-24 12:00:00,1.0833802,1.0157131,2.0796292,3.8283284,4.217973,1.2186402
2063-07-25 12:00:00,1.5531791,1.3324827,2.1551602,3.5988653,4.1895413,1.5068246
2063-07-26 12:00:00,1.858377,1.54731,1.917631,3.0916264,4.440795,1.4324778
2063-07-27 12:00:00,1.4618545,1.2310534,1.6672293,4.0192633,3.9128819,1.2859929
2063-07-28 12:00:00,1.971092,1.7979695,1.8785355,3.9185433,3.4481084,1.2934384
2063-07-29 12:00:00,1.8829802,1.8843079,2.0248156,2.2836158,4.5729795,1.5600653
2063-07-30 12:00:00,2.7504296,2.2477708,3.7289743,2.783509,2.9378736,2.649544
2063-07-31 12:00:00,1.4303697,1.1896936,3.6271164,3.5185325,2.4784374,2.42942
2063-08-01 12:00:00,1.8087888,1.7294728,3.8242886,3.7780647,3.6318798,2.895348
2063-08-02 12:00:00,2.7301016,1.9825511,4.044915,2.8654907,3.4670436,2.9845068
2063-08-03 12:00:00,2.597701,1.9640682,3.4981778,3.6763415,3.0773642,1.8942784
2063-08-04 12:00:00,2.9129138,2.186118,2.4058292,4.0139055,2.980786,1.4501953
2063-08-05 12:00:00,2.6641107,2.1200883,2.8915946,2.9947765,2.3324132,1.4927046
2063-08-06 12:00:00,1.2442675,1.2391034,3.4773412,3.067985,2.3294408,2.5711408
2063-08-07 12:00:00,1.5832989,1.9417089,4.7412367,5.589796,4.30184,3.5023084
2063-08-08 12:00:00,4.2377515,3.571433,5.1765738,4.802822,4.0974345,4.4266834
2063-08-09 12:00:00,1.9438137,1.6601461,3.372538,2.2517755,2.5921347,2.2408643
2063-08-10 12:00:00,1.9328802,2.0031643,4.413456,5.246146,3.331183,3.1838462
2063-08-11 12:00:00,2.7165246,2.475419,5.230768,4.691896,2.5736516,3.0935102
2063-08-12 12:00:00,3.3548727,3.0868292,4.6087008,4.636596,2.2851825,3.1079965
2063-08-13 12:00:00,3.2719204,2.8899581,3.5236108,4.3824925,3.6726,3.0036123
2063-08-14 12:00:00,2.8385246,2.400169,2.4145417,4.676903,3.4958389,2.1011157
2063-08-15 12:00:00,2.8257263,2.378502,2.258931,3.844074,2.352008,1.3528644
2063-08-16 12:00:00,3.728869,3.3017197,3.941567,4.389999,2.882883,3.0004826
2063-08-17 12:00:00,3.4455447,2.6156049,3.9134529,3.6369796,2.3754585,2.8991864
2063-08-18 12:00:00,2.8591075,2.001302,3.2880216,2.0633192,2.416409,1.489264
2063-08-19 12:00:00,1.380295,1.0427469,2.207227,2.200639,2.462405,1.4682672
2063-08-20 12:00:00,1.2914139,1.1755602,1.7738041,2.3460183,2.5765707,1.0923136
2063-08-21 12:00:00,2.7473497,2.2758272,1.9390407,3.0861974,3.3205535,1.411043
2063-08-22 12:00:00,3.1953392,2.6197069,2.8837879,4.0629134,3.983267,1.8863165
2063-08-23 12:00:00,2.166645,2.0601301,2.269802,2.7048616,3.340812,1.972319
2063-08-24 12:00:00,2.9788547,2.0931094,3.206016,2.9334698,2.6866965,1.7795123
2063-08-25 12:00:00,1.8748636,1.5857282,3.9198666,3.6517441,2.7917907,2.5054
2063-08-26 12:00:00,1.843524,1.7994596,4.2518573,2.9728727,2.9405437,2.4622693
2063-08-27 12:00:00,2.1773186,2.1397169,3.0093348,3.774666,4.2875934,1.9060527
2063-08-28 12:00:00,2.0220034,1.6894609,1.7842919,2.6675923,3.4425945,1.3377773
2063-08-29 12:00:00,1.3358624,1.1657838,1.8027151,2.7446465,3.1565619,1.4507506
2063-08-30 12:00:00,1.6825197,1.5910411,3.110912,3.1019163,3.722422,2.1203673
2063-08-31 12:00:00,2.5743241,1.9612719,3.9815269,2.7671196,3.1585848,2.191028
2063-09-01 12:00:00,2.5877051,2.39737,4.4371657,2.7906106,3.564815,2.5548017
2063-09-02 12:00:00,1.6683838,1.7040554,2.6670625,2.9822216,3.1797566,1.4392527
2063-09-03 12:00:00,1.4060426,1.3800192,2.510868,3.427482,4.0991173,1.6187669
2063-09-04 12:00:00,2.1194992,1.6155064,2.9013035,2.3490763,3.115237,1.5796325
2063-09-05 12:00:00,1.5018457,1.1331095,2.2296193,1.7788517,4.911815,1.169339
2063-09-06 12:00:00,0.98017937,1.0208427,2.204865,2.7217555,4.3082213,1.0801892
2063-09-07 12:00:00,1.606782,1.3442885,2.8609636,2.3371313,3.0421371,1.8348004
2063-09-08 12:00:00,2.2162433,1.6815536,3.1000123,2.7226064,2.031036,2.5661476
2063-09-09 12:00:00,3.0379748,2.270186,3.7830954,2.4137216,1.8753729,2.7162752
2063-09-10 12:00:00,1.8941514,1.907208,3.2520645,3.7803805,4.008267,2.3142965
2063-09-11 12:00:00,3.3111825,2.8458767,3.304614,4.457566,4.5982537,3.072095
2063-09-12 12:00:00,1.666161,1.5991967,3.1841772,3.9917014,4.007136,2.759328
2063-09-13 12:00:00,1.251862,1.5753561,3.7147915,3.572736,3.7266176,2.2711787
2063-09-14 12:00:00,1.3112681,1.2989395,2.597384,3.1021416,4.2166386,1.870764
2063-09-15 12:00:00,1.7218866,1.3988738,2.396824,2.1511033,2.529057,2.0338514
2063-09-16 12:00:00,2.1900625,1.8283236,3.1116524,3.9236774,2.7183206,2.911709
2063-09-17 12:00:00,2.909389,2.537586,4.9987197,4.0322213,2.9364462,4.337167
2063-09-18 12:00:00,3.3366895,2.8051987,3.8603804,4.895048,4.5794377,2.5940793
2063-09-19 12:00:00,2.9678102,2.2129838,3.9786353,3.1197288,5.015918,2.930349
2063-09-20 12:00:00,2.1892543,1.9333171,2.8271065,3.1886327,2.95141,1.3410661
2063-09-21 12:00:00,1.6949837,1.3979634,3.4920866,2.9297388,4.5456996,2.2175038
2063-09-22 12:00:00,2.2555554,2.293386,4.323186,3.9312992,5.818579,3.4378963
2063-09-23 12:00:00,1.8780767,1.9588614,4.5359488,2.9120977,4.5243134,2.9553926
2063-09-24 12:00:00,3.438348,2.9608314,5.129562,4.448554,3.5569394,3.690173
2063-09-25 12:00:00,1.8229222,1.5465736,2.6709645,2.8451915,5.6262126,2.2600865
2063-09-26 12:00:00,0.6281702,0.8389613,1.6749226,2.665613,3.5696843,1.2661844
2063-09-27 12:00:00,1.3071446,1.2541358,2.3516567,3.9792309,4.3422003,1.5035447
2063-09-28 12:00:00,2.0306778,1.7964416,4.045862,4.2062516,4.8508344,1.9919099
2063-09-29 12:00:00,2.350126,2.5453815,5.289841,2.7223327,3.8702245,3.0757663
2063-09-30 12:00:00,2.287089,2.5048726,5.3974175,5.470109,4.102928,3.427531
2063-10-01 12:00:00,1.7148488,1.8187652,3.6176188,4.7905407,2.7183142,2.8933892
2063-10-02 12:00:00,2.5806391,2.263921,5.3553066,4.8034344,3.0507178,3.7051892
2063-10-03 12:00:00,2.4313505,2.2531214,3.7576559,4.501049,4.8409743,2.8763394
2063-10-04 12:00:00,2.4040477,2.1725268,4.7226,4.981599,4.0964947,3.363407
2063-10-05 12:00:00,1.7198522,1.5961579,3.0189047,2.7379494,4.6695237,2.5689614
2063-10-06 12:00:00,1.9536812,1.4287181,3.1445272,2.007997,4.687607,2.1572888
2063-10-07 12:00:00,1.6520404,1.6213055,5.029763,3.4093328,4.1149426,3.245958
2063-10-08 12:00:00,3.0447254,2.7014663,5.1875553,4.8809958,4.5708604,3.4445124
2063-10-09 12:00:00,1.80037,1.6515763,5.438607,3.0720844,4.4975657,2.5758445
2063-10-10 12:00:00,1.6747725,1.3867453,4.5450635,1.9373589,3.756886,2.3909254
2063-10-11 12:00:00,1.1998947,1.1048512,2.7420714,2.517691,3.5051274,1.5558594
2063-10-12 12:00:00,2.3175905,2.3649495,5.108878,4.333959,4.351152,3.249248
2063-10-13 12:00:00,3.4128385,2.8426328,5.354458,3.939685,5.7528133,3.7638004
2063-10-14 12:00:00,1.8967745,1.6027628,3.1743445,3.5529459,6.0300775,2.1893048
2063-10-15 12:00:00,1.2023952,1.2091736,2.0953748,2.347031,5.2359967,1.6614664
2063-10-16 12:00:00,0.86645454,0.8630137,2.2450058,2.4191566,4.79566,2.132666
2063-10-17 12:00:00,1.1718379,1.0246425,3.7390902,2.5286639,4.4404664,1.6199604
2063-10-18 12:00:00,1.9445176,1.5130708,4.302069,2.2953389,3.75173,1.9686688
2063-10-19 12:00:00,2.2999601,1.719548,3.9684505,2.4670765,3.85925,2.3302765
2063-10-20 12:00:00,2.669524,1.9138378,4.3614554,2.6267056,4.7399697,2.17234
2063-10-21 12:00:00,3.084804,1.9515433,3.9905503,2.1137846,2.9465904,1.5682381
2063-10-22 12:00:00,2.9477563,2.1488724,3.9402986,3.6450217,3.0266945,1.9427068
2063-10-23 12:00:00,2.6556919,2.178386,5.5953693,4.440277,4.5174065,2.4368007
2063-10-24 12:00:00,3.428873,2.6940644,5.385699,3.9277222,3.9683971,2.3254812
2063-10-25 12:00:00,3.416553,2.6344647,4.0714455,3.695395,4.0282784,2.1439536
2063-10-26 12:00:00,1.4856932,1.4592818,2.538167,3.3748887,4.115475,1.1317077
2063-10-27 12:00:00,1.5716043,1.1364517,3.7566125,2.8903663,3.3130455,1.4005024
2063-10-28 12:00:00,1.177521,0.9845433,2.5198655,2.6793995,3.105032,1.0107164
2063-10-29 12:00:00,0.730337,0.85365295,1.6227834,3.2029028,3.6823118,1.1609832
2063-10-30 12:00:00,1.0874846,0.9866958,4.1359487,2.4828115,5.575754,2.420343
2063-10-31 12:00:00,2.1306238,1.9056445,5.953941,4.3536606,5.0628095,4.058532
2063-11-01 12:00:00,2.764812,2.4781184,3.5027125,4.628391,4.1815143,2.7344205
2063-11-02 12:00:00,1.3399979,1.2358738,2.8294694,2.906148,3.3257775,2.0233066
2063-11-03 12:00:00,2.2520247,2.1274376,2.69397,2.0550544,3.3829265,1.6109382
2063-11-04 12:00:00,1.0942738,1.7119625,3.3816607,3.9354475,4.22487,2.3867736
2063-11-05 12:00:00,0.9936559,1.2399054,2.1193082,5.3160124,5.7915583,2.0113292
2063-11-06 12:00:00,3.0662596,2.532782,3.9680088,3.2623427,4.795923,2.9566174
2063-11-07 12:00:00,2.507247,1.926979,4.143269,2.2978423,5.478055,2.1351728
2063-11-08 12:00:00,1.8098439,1.4354241,4.8238134,4.058459,6.771346,2.8903577
2063-11-09 12:00:00,3.8011966,2.8441706,5.6468563,4.237915,6.56288,2.5318377
2063-11-10 12:00:00,3.5484958,2.668525,4.1617393,3.3954895,5.7638516,2.2032287
2063-11-11 12:00:00,2.118915,2.0262465,3.598546,6.562241,4.7120485,3.5131133
2063-11-12 12:00:00,2.0282946,1.8854545,3.0918396,5.8132405,5.9397473,2.4296062
2063-11-13 12:00:00,0.9372692,1.0641309,2.3284454,4.553637,4.8904066,2.0611897
2063-11-14 12:00:00,1.7009022,1.4365345,4.42635,4.2809467,3.9078445,2.374311
2063-11-15 12:00:00,1.9180942,1.7370687,4.057496,4.176802,4.284489,2.5000803
2063-11-16 12:00:00,1.1210014,1.1185364,3.6769762,3.2301612,5.205851,2.1348066
2063-11-17 12:00:00,1.0847622,1.1104721,5.3907924,2.623637,4.59128,2.5627415
2063-11-18 12:00:00,1.6032017,1.3963379,3.897243,3.1903229,5.045038,2.321454
2063-11-19 12:00:00,2.6666214,1.9543979,3.96195,3.3909879,4.589958,1.6556613
2063-11-20 12:00:00,1.4455099,1.3993459,3.8739316,3.3477352,5.7698407,2.4851406
2063-11-21 12:00:00,1.5629909,1.417132,3.118872,3.213574,3.9780948,1.8597238
2063-11-22 12:00:00,2.302051,2.3043327,4.053912,3.3396497,3.3885427,3.2974176
2063-11-23 12:00:00,2.4192038,1.8580935,5.429707,2.8274531,3.1678622,2.4969227
2063-11-24 12:00:00,2.944115,2.6138713,5.2091775,4.9410076,4.0458403,3.4324534
2063-11-25 12:00:00,2.498316,2.24108,4.8096857,4.244553,4.0555205,2.8116987
2063-11-26 12:00:00,2.617454,1.9933257,5.023995,3.792399,4.323067,3.1068175
2063-11-27 12:00:00,2.560284,1.8739579,3.226245,3.4285102,3.78937,2.6242452
2063-11-28 12:00:00,2.0577598,1.3351471,3.7916977,1.8802133,3.2975159,1.8907871
2063-11-29 12:00:00,2.7383103,1.9077011,3.772171,2.4664638,2.8739903,1.8073343
2063-11-30 12:00:00,2.3414235,1.9046388,4.145037,2.27961,3.1775475,2.1240392
2063-12-01 12:00:00,1.3652444,1.3151162,5.225275,2.148477,3.8473072,2.582854
2063-12-02 12:00:00,2.1345832,1.6785568,7.3073072,4.0060267,2.9363878,3.704712
2063-12-03 12:00:00,2.3348489,2.0822916,4.9805775,4.7885303,4.618218,3.0817716
2063-12-04 12:00:00,1.6656861,1.2485315,4.899071,3.0675626,5.0060472,2.694788
2063-12-05 12:00:00,2.2829623,1.7533829,3.8363545,3.0181897,3.4789853,2.4609158
2063-12-06 12:00:00,0.873274,1.032325,2.0738015,2.8224998,4.0646996,2.0145776
2063-12-07 12:00:00,1.6614339,1.4534429,4.837736,3.580015,4.445097,3.4050133
2063-12-08 12:00:00,3.088924,2.4635885,6.3708763,3.5397513,3.4650738,3.805949
2063-12-09 12:00:00,3.2811694,2.5617156,5.5998755,4.8990097,3.516149,4.3122234
2063-12-10 12:00:00,3.0665095,2.0689352,6.7657804,3.4584348,3.0892856,2.3302214
2063-12-11 12:00:00,2.6003466,2.1817183,6.9271216,3.9246008,4.020509,4.0761642
2063-12-12 12:00:00,3.1827626,3.315988,5.921565,4.5606985,6.231899,4.0071034
2063-12-13 12:00:00,2.3394232,2.2796564,3.6033866,2.7709024,4.0855336,2.1519036
2063-12-14 12:00:00,2.1406167,1.8791802,5.4267254,5.163018,5.460552,4.0352397
2063-12-15 12:00:00,3.2193277,2.6150336,5.5689993,5.4682255,4.7677197,4.1230807
2063-12-16 12:00:00,1.7839574,1.7599964,4.1627245,3.6502037,4.6008773,3.144794
2063-12-17 12:00:00,1.832927,1.8714986,3.9900763,5.4155617,5.520604,3.4687614
2063-12-18 12:00:00,2.3917067,2.3617978,6.0701027,6.2970486,7.339209,4.9339023
2063-12-19 12:00:00,3.332553,2.9477,5.9660354,8.555127,10.086757,4.6769266
2063-12-20 12:00:00,1.7661508,1.6154262,3.5946438,4.489016,8.01151,2.4571276
2063-12-21 12:00:00,1.2122585,1.3098555,3.8956406,5.9414387,5.1605477,3.275718
2063-12-22 12:00:00,2.7666526,2.43983,6.8707657,6.305065,4.321963,5.631933
2063-12-23 12:00:00,2.5021157,2.313022,5.601821,7.1157146,6.9485526,3.7137303
2063-12-24 12:00:00,3.0060432,2.35782,6.0500355,6.2987275,6.3336754,5.2198887
2063-12-25 12:00:00,3.771198,2.9197674,5.8726206,6.230882,7.517391,4.895958
2063-12-26 12:00:00,3.8527153,3.2199123,5.214556,7.3456907,5.682972,4.756848
2063-12-27 12:00:00,0.9861984,1.2574774,3.1911507,5.295457,5.3795624,3.1856353
2063-12-28 12:00:00,2.264722,2.074146,5.28478,6.2183976,6.4485693,4.3462896
2063-12-29 12:00:00,2.770469,2.4485538,5.755025,7.894455,8.033912,4.460911
2063-12-30 12:00:00,1.9761587,2.0942693,4.6570454,6.6115704,5.8626037,3.1130757
2063-12-31 12:00:00,2.776787,2.493106,6.7133684,6.4932537,3.472683,4.39541
2064-01-01 12:00:00,2.4688282,2.0557237,4.894447,4.33063,3.4048853,2.709106
2064-01-02 12:00:00,3.39776,3.4004524,6.679847,6.3272347,3.424462,4.7628527
2064-01-03 12:00:00,2.2616782,2.041908,4.7573037,4.780097,2.3039687,3.4825687
2064-01-04 12:00:00,2.391962,2.0347733,3.8376524,4.240476,3.2856746,1.8744613
2064-01-05 12:00:00,1.3468105,1.3308393,3.8682013,4.307119,4.3618226,2.9244018
2064-01-06 12:00:00,1.4727864,1.5321754,3.4920585,2.9736826,3.529145,2.1769588
2064-01-07 12:00:00,2.7131598,2.3971329,5.0274234,4.21501,3.7306054,3.8610141
2064-01-08 12:00:00,4.843976,3.8950753,4.6677494,5.4690466,4.707015,2.259779
2064-01-09 12:00:00,1.4897138,1.594908,3.091721,5.0736194,5.3005877,3.1835048
2064-01-10 12:00:00,0.9274877,1.2122109,3.5718305,3.097509,4.3271956,2.2174814
2064-01-11 12:00:00,0.92964274,1.105856,3.4211617,5.00197,3.3826532,2.2896502
2064-01-12 12:00:00,0.98458266,1.3809283,3.043595,4.1702228,3.148719,2.6917732
2064-01-13 12:00:00,2.1442504,2.1847992,6.3967595,6.349946,3.7035172,5.250051
2064-01-14 12:00:00,3.2233305,2.7047656,5.327839,6.6851754,7.030023,4.240268
2064-01-15 12:00:00,2.609064,2.0981822,4.996359,3.8357053,6.6798534,3.4835625
2064-01-16 12:00:00,1.1623447,1.1351187,3.5153463,3.9418533,5.5465894,3.0915444
2064-01-17 12:00:00,2.1677833,1.733464,4.3105035,3.3060205,4.0454497,2.538389
2064-01-18 12:00:00,1.8272147,1.6576118,3.5742729,3.8918943,4.53608,2.5184872
2064-01-19 12:00:00,1.091102,1.2574344,2.045739,3.316272,5.5640793,1.2729176
2064-01-20 12:00:00,0.9068397,0.993647,2.674976,2.9022048,4.3857927,1.7665273
2064-01-21 12:00:00,1.856015,1.408148,5.4171414,2.9015536,4.541996,2.2795706
2064-01-22 12:00:00,2.2898912,1.7008109,3.8933856,2.4838924,5.0833917,2.0896876
2064-01-23 12:00:00,1.2129688,1.1882029,2.8205862,3.9030893,5.0242467,2.8678496
2064-01-24 12:00:00,1.1140075,1.2148052,4.0873117,5.1581783,5.045524,3.22467
2064-01-25 12:00:00,3.2844863,2.4166477,5.6829076,5.9612346,5.0527124,3.8169951
2064-01-26 12:00:00,2.4302018,1.8769794,5.3637295,5.8946424,4.2554846,3.3950071
2064-01-27 12:00:00,2.3812745,2.658544,3.8272636,7.21706,5.3164263,3.548469
2064-01-28 12:00:00,2.1542444,2.1085346,4.1210375,6.59101,4.792666,3.7087305
2064-01-29 12:00:00,3.5829952,3.0714874,5.8141694,8.749993,7.281672,5.477262
2064-01-30 12:00:00,4.252925,3.470903,5.7949233,9.073279,5.715191,5.5409513
2064-01-31 12:00:00,2.4340928,2.4379418,4.870318,5.5881395,6.8979344,4.77699
2064-02-01 12:00:00,1.4623382,1.7213069,4.058294,3.4390402,5.2312727,3.018862
2064-02-02 12:00:00,1.7120278,1.7389425,5.3928213,4.5659995,4.5103836,4.313094
2064-02-03 12:00:00,2.4270668,2.3081644,3.4463553,3.703675,7.4862523,2.1892242
2064-02-04 12:00:00,2.6751018,2.4316218,4.1441307,4.1097116,4.4222956,2.368237
2064-02-05 12:00:00,3.0722485,2.8812277,4.2685113,4.9427137,5.2820396,2.5272086
2064-02-06 12:00:00,3.0375276,2.7883554,4.2272973,5.0253344,5.8283553,2.4789176
2064-02-07 12:00:00,2.4145207,2.3387024,3.750732,4.8210497,4.8746104,2.5999112
2064-02-08 12:00:00,1.6962874,1.4855924,4.204073,3.3813572,3.6567948,2.6226995
2064-02-09 12:00:00,2.1905909,1.6183913,2.6052222,2.6961398,4.8537607,1.6688597
2064-02-10 12:00:00,2.4728386,1.8041888,2.0899599,2.943813,5.3067794,1.3365957
2064-02-11 12:00:00,1.5811188,1.9052705,2.5612385,5.162322,5.73513,1.699686
2064-02-12 12:00:00,4.3709497,3.0516763,3.8727179,4.2108316,5.569031,3.2079964
2064-02-13 12:00:00,4.7127323,3.4388244,4.045868,3.7911928,4.6613593,2.761516
2064-02-14 12:00:00,3.2710242,2.5320826,4.275059,3.6159363,3.4286427,2.2544591
2064-02-15 12:00:00,4.9852567,3.4833367,5.4225154,4.4557595,3.2069082,2.69291
2064-02-16 12:00:00,4.1051664,3.171918,3.14492,4.8478127,4.2021728,1.8330337
2064-02-17 12:00:00,1.4660724,1.1597029,3.019897,4.0834503,4.46391,2.3423326
2064-02-18 12:00:00,1.9203588,1.6460398,3.5462306,3.6116722,4.0607786,1.458727
2064-02-19 12:00:00,2.7142513,2.11497,5.5722175,4.667009,3.6887712,2.6458077
2064-02-20 12:00:00,2.3723161,1.9121169,5.374404,4.6705294,4.83673,2.4754486
2064-02-21 12:00:00,2.4999328,1.872618,4.699789,2.7681546,5.069163,2.1775503
2064-02-22 12:00:00,2.2797954,1.7394626,4.4196944,2.4829183,4.2320185,1.9113148
2064-02-23 12:00:00,2.6797135,2.0890865,4.740658,2.8764496,3.5384257,2.3884666
2064-02-24 12:00:00,2.0661259,1.8982892,4.280071,3.8877861,4.353047,2.8948224
2064-02-25 12:00:00,2.1398592,1.5500839,3.8800673,2.590913,4.576256,1.660173
2064-02-26 12:00:00,3.4306808,2.0992613,3.9331124,2.7550223,2.9761574,2.596381
2064-02-27 12:00:00,3.0127153,2.457346,4.5188017,5.1227345,3.2793074,3.3350198
2064-02-28 12:00:00,2.823461,2.3680246,3.4099917,5.5058618,4.1443653,2.0262537
2064-02-29 12:00:00,1.131362,1.2493194,2.9873478,6.0967174,4.772041,1.9804889
2064-03-01 12:00:00,2.1005313,1.9081154,5.963698,3.7961886,3.9060898,3.1068873
2064-03-02 12:00:00,3.5003588,2.9398818,4.965354,5.118201,4.5924015,2.9391017
2064-03-03 12:00:00,2.4513454,2.0414808,2.457161,3.6439211,6.0831304,1.7551422
2064-03-04 12:00:00,1.010611,1.013326,2.2694755,2.292142,7.608892,1.6393459
2064-03-05 12:00:00,0.8625139,0.88330436,2.8942654,1.9518421,3.7030585,1.420524
2064-03-06 12:00:00,2.708173,1.9950747,3.3986988,3.1515439,3.1947403,1.9868976
2064-03-07 12:00:00,3.4737973,3.1276672,5.303841,5.546399,3.0619285,3.6228125
2064-03-08 12:00:00,2.705709,2.3893864,4.687368,5.697627,4.8981476,3.347907
2064-03-09 12:00:00,1.6613117,1.567147,4.6625233,4.2546706,5.175537,2.6973214
2064-03-10 12:00:00,1.8001461,1.9208208,6.129096,4.268163,4.3499517,3.6054165
2064-03-11 12:00:00,2.4886034,2.376356,5.312531,4.004593,5.2249804,2.9625037
2064-03-12 12:00:00,2.02732,1.7155904,3.627476,2.653154,4.5778704,1.9361262
2064-03-13 12:00:00,1.8670843,1.317587,2.13696,2.5136921,3.5525663,1.1732069
2064-03-14 12:00:00,0.9172072,1.0190679,3.2966778,2.984387,3.1350753,2.7077546
2064-03-15 12:00:00,2.304194,2.8113596,6.844587,6.720596,5.7224474,5.749213
2064-03-16 12:00:00,2.9648542,3.347694,6.0942435,5.7962937,7.9611435,4.6525903
2064-03-17 12:00:00,2.541216,2.5966666,4.9754806,5.6182547,7.3533807,4.6914907
2064-03-18 12:00:00,4.2145395,3.9225738,6.173635,6.091172,8.159635,5.0231667
2064-03-19 12:00:00,2.6258147,2.7901945,6.517992,3.2632449,7.420118,3.14818
2064-03-20 12:00:00,2.1938403,1.9527526,5.0761833,2.5943384,3.800021,2.589938
2064-03-21 12:00:00,0.94420105,0.9169692,2.5777652,3.5992458,4.6876836,1.2955009
2064-03-22 12:00:00,0.7673167,0.9591848,2.0052102,2.748882,3.9871974,1.2132705
2064-03-23 12:00:00,1.5432538,1.3498157,3.1002808,2.167492,4.2549706,1.4055142
2064-03-24 12:00:00,1.301614,1.2310054,3.8761258,2.8622668,5.0067596,2.001003
2064-03-25 12:00:00,1.8895943,1.5159042,4.3585196,2.9221754,7.0697317,1.93291
2064-03-26 12:00:00,2.7052798,2.2527783,5.5592513,2.9032416,4.4723854,2.489532
2064-03-27 12:00:00,3.13077,2.6089685,4.6864805,3.3936336,3.3337023,2.521961
2064-03-28 12:00:00,1.9393601,1.9951656,3.5404842,3.828804,3.4110215,3.1597714
2064-03-29 12:00:00,1.1791646,1.2493204,2.655089,4.0009203,3.6032052,2.3328176
2064-03-30 12:00:00,1.1051133,1.2008675,2.6014888,3.4494534,3.3966439,2.7459135
2064-03-31 12:00:00,0.90097207,1.0634551,3.6461105,3.2866008,3.8036816,3.2503822
2064-04-01 12:00:00,2.0965395,1.7976782,5.2221513,2.9136903,3.6506174,2.96734
2064-04-02 12:00:00,1.7913375,1.7835269,4.8257756,2.9402566,3.8356614,2.7454333
2064-04-03 12:00:00,2.3114438,2.2471058,6.0877113,3.4432642,4.7512174,3.457522
2064-04-04 12:00:00,2.4966314,2.4227316,5.0309796,3.990122,5.381743,3.2815013
2064-04-05 12:00:00,2.912403,2.790576,4.2482038,5.217373,5.915695,2.6239872
2064-04-06 12:00:00,1.7973013,1.5387574,3.3052309,3.4646974,5.938269,2.5046854
2064-04-07 12:00:00,2.0898576,1.6427064,3.305572,4.840266,3.6770427,3.3647642
2064-04-08 12:00:00,2.4666617,2.5732293,3.3065329,6.7575784,6.4545274,4.2345657
2064-04-09 12:00:00,2.7813904,2.5533013,4.374665,5.9556804,7.2177477,3.2267845
2064-04-10 12:00:00,2.708208,2.6458118,3.4316225,4.956155,7.807811,2.203171
2064-04-11 12:00:00,1.729561,1.5113581,3.132249,5.5690255,7.9748125,2.363952
2064-04-12 12:00:00,1.4491451,1.2655973,3.143223,4.3280864,5.909458,1.8882765
2064-04-13 12:00:00,1.2700846,1.2345798,2.3267815,3.2930255,5.002851,1.3937654
2064-04-14 12:00:00,1.4237435,1.355969,2.4416194,4.8568196,4.2998047,2.4165866
2064-04-15 12:00:00,2.6209745,2.4496367,4.0189223,5.9149003,4.8228545,3.7388375
2064-04-16 12:00:00,3.0204139,2.7472007,4.334471,6.289756,5.6921597,3.9795263
2064-04-17 12:00:00,3.2053323,2.8109362,4.293997,4.8949533,5.015834,3.5178063
2064-04-18 12:00:00,2.9422731,2.1126487,3.1029503,4.929153,4.2831373,2.4903984
2064-04-19 12:00:00,1.7011352,1.4855678,3.301307,3.183033,4.363126,2.2678332
2064-04-20 12:00:00,3.2883003,3.046283,5.5950594,4.6537604,3.8537505,3.8941004
2064-04-21 12:00:00,2.2754,2.1645832,3.7807534,3.7657373,4.245584,3.509987
2064-04-22 12:00:00,3.4893136,3.0989208,5.21933,4.5469966,5.7651052,4.40853
2064-04-23 12:00:00,1.7808263,1.7160858,4.7839775,3.6785693,4.9757266,3.6515725
2064-04-24 12:00:00,3.2894263,3.1555226,5.406686,5.136642,4.517529,4.73734
2064-04-25 12:00:00,1.680795,1.7954817,4.2247496,3.4155393,5.670615,3.2659626
2064-04-26 12:00:00,3.393978,2.90505,4.95679,2.858642,3.4187036,2.6598763
2064-04-27 12:00:00,2.5624998,2.4999804,4.427245,4.2024884,3.4074402,3.4313333
2064-04-28 12:00:00,2.8164577,2.3549955,4.359811,3.9569554,3.5771565,2.694918
2064-04-29 12:00:00,1.7602366,1.8714,4.00592,3.2637355,3.5554821,1.8645005
2064-04-30 12:00:00,3.9235415,3.5291378,5.3104763,5.44555,5.3423476,4.494003
2064-05-01 12:00:00,1.7443066,1.8557888,2.7073305,4.93455,7.3953085,2.4924517
2064-05-02 12:00:00,3.22606,2.6023893,3.7817402,2.7503226,2.8344998,1.8741863
2064-05-03 12:00:00,2.681874,2.268748,3.448506,4.2072687,4.884757,1.9266534
2064-05-04 12:00:00,1.9211572,1.7401701,3.4942973,2.9053037,3.6268742,1.683053
2064-05-05 12:00:00,2.049932,1.900498,4.597171,3.4314466,2.9195285,3.076347
2064-05-06 12:00:00,2.1480606,2.0858774,3.656927,4.057005,4.809819,1.9141871
2064-05-07 12:00:00,1.4672195,1.3496059,2.6999536,4.4602637,4.9883995,1.8837581
2064-05-08 12:00:00,2.2092779,1.9707545,3.2687328,4.0533047,3.844972,1.6616379
2064-05-09 12:00:00,3.2479882,2.6215193,3.2892354,3.28817,3.1532557,1.9939924
2064-05-10 12:00:00,2.3020136,2.2005234,3.5213952,3.9215748,3.5307584,2.1611814
2064-05-11 12:00:00,4.6669865,3.953225,4.896415,4.7967944,3.5628827,3.007897
2064-05-12 12:00:00,4.8737764,4.522285,5.360398,5.873583,3.9965506,3.234554
2064-05-13 12:00:00,1.5885231,2.0848472,3.9841726,4.825827,4.497694,3.5130231
2064-05-14 12:00:00,1.4911363,1.8570384,3.0328434,2.8968396,3.272092,1.6908383
2064-05-15 12:00:00,2.2145185,2.0507314,3.5745978,2.5316775,2.8053825,2.1245341
2064-05-16 12:00:00,1.1698959,1.1862491,2.9526289,2.4866393,2.446053,1.6478235
2064-05-17 12:00:00,1.2823335,1.3577286,2.0457268,3.132501,3.292436,1.8756825
2064-05-18 12:00:00,1.5900218,1.4794385,2.8838797,2.4185305,3.5007033,1.5215502
2064-05-19 12:00:00,2.488445,2.4190454,4.013129,3.131669,2.2739787,2.899982
2064-05-20 12:00:00,1.5063198,1.6934314,4.0150194,2.6267383,4.0809326,2.890177
2064-05-21 12:00:00,2.4826424,2.0629787,3.794312,2.3477714,2.6976016,2.609448
2064-05-22 12:00:00,2.1045678,2.077616,3.6210923,3.1588066,2.826733,3.1508617
2064-05-23 12:00:00,1.7476597,1.6429935,2.5552714,3.5595336,4.3082576,1.7900326
2064-05-24 12:00:00,3.7185977,2.9111433,4.309296,3.9518385,4.854496,2.674072
2064-05-25 12:00:00,2.4583302,2.2978716,3.8063188,2.974459,5.0602612,2.4756126
2064-05-26 12:00:00,2.2556295,2.2562625,3.5731883,3.2315502,3.39603,2.972902
2064-05-27 12:00:00,1.6533091,1.6210159,2.4624898,2.7051468,2.9122727,1.7169119
2064-05-28 12:00:00,2.0599341,1.7489585,2.9220753,2.8619921,3.3306756,1.4749455
2064-05-29 12:00:00,1.3357875,1.3478969,3.6946507,3.3033178,4.386786,1.9910017
2064-05-30 12:00:00,1.4908942,1.614178,3.0333986,2.896923,3.456325,2.0707772
2064-05-31 12:00:00,1.3561938,1.285171,2.2789383,2.4264991,3.7853842,1.1842743
2064-06-01 12:00:00,1.7123942,1.4322839,2.10504,2.2742512,3.8243058,1.482432
2064-06-02 12:00:00,2.6342185,2.5072036,3.343452,4.060162,2.977826,2.8065233
2064-06-03 12:00:00,1.9266487,2.2682412,3.283022,2.95739,3.4406927,1.9984808
2064-06-04 12:00:00,1.9519871,1.7071877,3.3102367,3.424974,3.5947099,2.6824567
2064-06-05 12:00:00,1.9100158,1.8468378,3.3927472,4.8256793,4.3982415,2.2440884
2064-06-06 12:00:00,2.3085084,1.9664115,3.5539339,3.6874363,3.2490125,2.3487623
2064-06-07 12:00:00,2.5671642,2.1484308,4.623061,3.2445998,2.0088036,2.684747
2064-06-08 12:00:00,2.0686822,1.9602574,3.583713,2.8772826,2.8176243,1.8516978
2064-06-09 12:00:00,1.5203209,1.4643686,3.4741693,2.773522,3.5654852,1.6235398
2064-06-10 12:00:00,1.4776142,1.294708,2.8846662,2.2725606,3.3743742,1.2486492
2064-06-11 12:00:00,2.3653498,2.0716257,3.9589562,2.9287052,3.099244,2.2066813
2064-06-12 12:00:00,1.7555946,1.7437181,2.4047241,2.10107,2.4453495,1.3496115
2064-06-13 12:00:00,1.8930365,2.0938227,3.7003098,2.945621,2.501212,2.0472968
2064-06-14 12:00:00,1.4656434,1.3874824,2.677667,3.8138885,3.412094,1.4952646
2064-06-15 12:00:00,2.2361355,1.7805815,3.2399614,3.8154166,3.7048976,2.306819
2064-06-16 12:00:00,1.5116599,1.5279979,2.5836504,2.7632384,3.6864293,1.7200178
2064-06-17 12:00:00,1.5853404,1.6466775,2.3824728,2.5182195,3.294011,1.9261578
2064-06-18 12:00:00,1.7793642,1.756044,2.4748716,2.8115358,4.465036,1.685606
2064-06-19 12:00:00,2.7215466,2.366302,4.4980516,4.140439,3.9448805,2.746878
2064-06-20 12:00:00,2.3319306,2.3758292,5.600008,3.717603,4.0246887,3.1732595
2064-06-21 12:00:00,1.3125119,1.4545536,2.3690968,3.3755715,5.540792,1.5422361
2064-06-22 12:00:00,1.9063189,1.9523225,2.6749218,3.6435182,3.4595914,1.9086753
2064-06-23 12:00:00,2.5028296,2.5356839,3.6524215,3.4162164,3.1970356,2.3918684
2064-06-24 12:00:00,3.7314825,3.4100285,4.399884,5.3634295,4.7936335,2.944178
2064-06-25 12:00:00,2.0490665,2.0488753,3.7468204,2.7526417,3.038608,2.7786832
2064-06-26 12:00:00,2.0834126,1.9561868,3.6370838,3.5241094,2.7337272,3.2342725
2064-06-27 12:00:00,3.7908235,3.348899,6.4535093,4.9608974,4.859142,3.9041646
2064-06-28 12:00:00,3.5761774,3.1879792,4.709407,5.308491,5.1488323,5.031516
2064-06-29 12:00:00,1.2813714,1.1689255,2.0552826,3.219902,3.132169,1.9356079
2064-06-30 12:00:00,1.7662604,1.4431461,2.1722305,3.047622,4.620583,1.4052745
2064-07-01 12:00:00,1.995537,1.6893226,2.7674272,3.5598161,4.134063,1.6775283
2064-07-02 12:00:00,1.5164511,1.4242676,2.1539557,3.2560596,4.1317616,1.4181976
2064-07-03 12:00:00,1.7367148,1.6277174,2.3085408,2.8426306,3.3912597,1.4597584
2064-07-04 12:00:00,1.5498204,1.1974511,2.542616,2.1987586,3.3983295,1.3304844
2064-07-05 12:00:00,1.7600507,1.4428723,2.9407477,2.1650314,2.6008828,1.648836
2064-07-06 12:00:00,1.4663092,1.4556205,3.3608625,2.5036824,2.267872,1.6268327
2064-07-07 12:00:00,2.626741,2.4336884,5.0399613,3.275571,2.1590357,2.2778919
2064-07-08 12:00:00,3.6453311,3.4265528,4.1557746,4.2087636,3.036501,3.1062691
2064-07-09 12:00:00,1.9445951,1.6864334,3.003215,3.3067446,3.3885736,2.33469
2064-07-10 12:00:00,3.0602937,2.3371239,4.4740696,3.0256073,5.376573,2.874489
2064-07-11 12:00:00,2.8731847,2.0187356,3.7113955,2.8457615,4.99897,2.137451
2064-07-12 12:00:00,1.2996379,1.6510046,3.2416472,3.170474,4.3667226,2.0286868
2064-07-13 12:00:00,2.594976,2.1293707,2.7464252,2.7424915,3.7263978,1.6896632
2064-07-14 12:00:00,2.4137273,2.1653368,5.312375,3.5104127,3.386054,2.781236
2064-07-15 12:00:00,1.6708065,1.6919101,2.9598503,3.4869182,2.8859372,1.936559
2064-07-16 12:00:00,1.215877,1.168214,2.710972,3.2450113,3.79992,1.4948033
2064-07-17 12:00:00,3.9873,3.2369833,4.8676486,5.277151,3.1598368,3.4883955
2064-07-18 12:00:00,3.0740776,2.4014974,4.3057027,5.068715,4.7224293,3.3091044
2064-07-19 12:00:00,2.5328069,2.1767645,4.1080146,2.6753807,3.5761623,2.9161656
2064-07-20 12:00:00,1.7650081,1.8941485,3.8578587,2.3090403,3.4631462,2.8009605
2064-07-21 12:00:00,2.3158336,2.513107,3.5866525,3.6946814,2.9399815,2.5044293
2064-07-22 12:00:00,2.4292138,2.481785,3.4233308,3.2993093,3.188764,2.4802747
2064-07-23 12:00:00,2.6830869,2.7494566,4.512112,3.0635383,4.9543033,2.7074769
2064-07-24 12:00:00,4.4098663,3.4204621,5.40984,2.833058,2.9399986,3.3753765
2064-07-25 12:00:00,2.3852742,2.451394,3.8126807,4.612237,4.10488,2.599923
2064-07-26 12:00:00,2.569751,2.7374797,3.2593699,4.598191,3.9333944,2.5897808
2064-07-27 12:00:00,2.5091398,2.08408,2.5021746,3.1568303,2.7367265,1.7454462
2064-07-28 12:00:00,1.5631951,1.2956817,1.680017,2.9215398,1.7626274,1.2002307
2064-07-29 12:00:00,1.4207165,1.15689,1.6207719,3.2688181,1.6059815,1.1114516
2064-07-30 12:00:00,0.89998436,0.88346314,1.6980954,3.4124248,1.9516124,1.5634968
2064-07-31 12:00:00,0.8575003,0.8354718,2.1124706,3.4878585,2.4639978,1.8619261
2064-08-01 12:00:00,1.3230376,1.1977843,2.5359566,3.4957514,2.46848,1.6095252
2064-08-02 12:00:00,3.6775541,3.0390077,3.8073363,3.661523,2.5334492,1.9767389
2064-08-03 12:00:00,2.1038027,2.022999,3.8035707,3.6337233,3.2783766,1.9363558
2064-08-04 12:00:00,2.7949831,2.2503748,3.8851442,3.0453522,3.822702,3.009268
2064-08-05 12:00:00,1.8615654,1.7380534,3.7214556,3.8607948,3.4342196,2.8077693
2064-08-06 12:00:00,2.138013,1.9957132,3.6973114,3.9862711,2.5992825,2.1232257
2064-08-07 12:00:00,1.9871916,1.6385127,3.496311,3.423295,2.3629763,2.3203452
2064-08-08 12:00:00,2.108257,1.7905531,4.65636,3.2416945,2.6621816,2.5044985
2064-08-09 12:00:00,2.2422996,2.3836062,5.28566,2.5533035,2.5796113,2.2256465
2064-08-10 12:00:00,2.5641801,2.2888997,4.2958465,2.8883471,3.9486213,1.9276325
2064-08-11 12:00:00,1.4042189,1.382021,2.9388435,2.5902164,3.6113982,2.1195157
2064-08-12 12:00:00,2.2642512,1.9340519,3.3812797,3.7219124,4.3190737,2.2612903
2064-08-13 12:00:00,1.9672146,1.6063602,3.4603105,3.3367841,3.6636593,2.4887915
2064-08-14 12:00:00,3.3739011,2.6362612,4.4333115,2.6684048,3.2860482,2.0202577
2064-08-15 12:00:00,3.1033945,2.670083,3.9427266,5.0291653,4.8637276,1.8659167
2064-08-16 12:00:00,0.8692127,1.2237923,3.280591,5.0553255,4.5481443,2.0534918
2064-08-17 12:00:00,2.1385677,1.862992,2.825696,5.454987,5.070333,2.8501334
2064-08-18 12:00:00,2.6144552,2.4964607,3.7201827,5.924056,4.2251177,2.9255571
2064-08-19 12:00:00,1.3360715,1.4235064,2.7501447,5.412876,4.0837836,1.7133781
2064-08-20 12:00:00,1.2116771,1.1469297,2.2042232,3.7133298,3.8046448,1.8155859
2064-08-21 12:00:00,0.8795786,0.9218799,1.6942046,2.186595,4.322131,1.1652225
2064-08-22 12:00:00,0.9455547,0.9290781,2.0522275,1.8482791,3.932521,1.1011661
2064-08-23 12:00:00,0.88594985,1.0200646,2.5878792,1.6416548,3.2716315,1.1833788
2064-08-24 12:00:00,1.4453554,1.5541016,2.4094033,2.2514894,3.1168182,1.6432548
2064-08-25 12:00:00,1.8447889,1.8982661,3.806834,3.65475,2.8544645,2.551299
2064-08-26 12:00:00,1.8568339,1.7222173,3.3591187,4.636156,3.382233,2.7505305
2064-08-27 12:00:00,2.212523,1.7798144,3.6652286,4.2270374,3.1039379,2.9923375
2064-08-28 12:00:00,2.9980907,2.3159194,4.1780996,4.4762716,2.8504121,3.834136
2064-08-29 12:00:00,3.2319744,2.4650187,3.169558,3.8804214,3.9565609,2.3978906
2064-08-30 12:00:00,2.3518384,2.1183844,4.637047,4.3217783,4.1560287,2.8291667
2064-08-31 12:00:00,1.3900932,1.524061,2.5458672,4.728972,3.8723676,1.5709507
2064-09-01 12:00:00,1.4528763,1.1617717,1.6935669,2.7359624,4.079617,1.5073867
2064-09-02 12:00:00,1.193484,0.9784509,1.9610596,2.6249735,4.4110126,1.3667798
2064-09-03 12:00:00,0.88948846,1.125859,3.1708198,2.1275134,4.9785833,1.7719791
2064-09-04 12:00:00,1.501245,1.603288,4.284687,2.3183103,3.475102,2.767112
2064-09-05 12:00:00,1.468572,1.8488947,4.1082854,3.2563972,2.8187165,3.1646707
2064-09-06 12:00:00,1.9898071,2.259941,3.1792576,2.829512,2.521766,2.8446567
2064-09-07 12:00:00,1.6265407,1.8592919,3.2226253,3.3256392,3.0735435,2.0464287
2064-09-08 12:00:00,1.8367498,1.8516574,2.468803,2.0843449,4.76582,1.2793107
2064-09-09 12:00:00,2.165851,1.6306949,4.387946,2.7194593,4.9881215,2.115567
2064-09-10 12:00:00,2.526993,2.1475267,6.247228,3.2150397,5.236321,3.0186212
2064-09-11 12:00:00,2.8999362,2.359133,5.960469,3.9356043,3.614365,3.0092092
2064-09-12 12:00:00,2.8756752,2.4931083,4.287558,4.3362846,4.7448792,2.8398345
2064-09-13 12:00:00,1.5431287,1.41598,3.2268553,2.3258398,3.2448103,2.0518343
2064-09-14 12:00:00,1.8002708,1.7281456,3.0187638,2.5648427,2.7651725,2.16664
2064-09-15 12:00:00,2.0293174,2.019784,2.4629729,3.1414673,3.8445585,1.7039638
2064-09-16 12:00:00,1.2124308,1.448115,1.6639061,2.671546,4.0838003,1.6896033
2064-09-17 12:00:00,1.742797,1.711639,2.4519346,2.8396208,2.6915395,2.5711298
2064-09-18 12:00:00,1.7020671,1.5765752,2.2675884,2.1346853,2.9251907,1.4555318
2064-09-19 12:00:00,1.5651767,1.3615421,4.145117,2.5352464,2.313571,2.1235511
2064-09-20 12:00:00,1.7339551,1.7332201,4.3067913,3.6341467,4.051768,2.8069272
2064-09-21 12:00:00,1.2412865,1.5414213,3.0428412,3.7937012,5.2244806,1.7845403
2064-09-22 12:00:00,2.1619,2.1832664,3.0909908,5.015128,6.101555,3.0010433
2064-09-23 12:00:00,2.5395496,1.9228288,3.0916107,3.393373,5.4143033,2.9739003
2064-09-24 12:00:00,2.6068692,2.6838212,4.071892,4.4439983,3.3423684,3.9337423
2064-09-25 12:00:00,2.1951535,2.14428,3.7308717,2.5600827,3.521301,1.9768023
2064-09-26 12:00:00,1.5535507,1.43063,3.9936318,2.786183,3.555112,1.924086
2064-09-27 12:00:00,1.5099549,1.0922691,3.0434608,1.4350679,3.2670588,1.1601226
2064-09-28 12:00:00,1.342649,1.2975668,2.6408865,3.8241377,6.9563003,1.4279542
2064-09-29 12:00:00,1.3547142,1.5928153,3.2665393,3.3329113,8.345098,2.0511723
2064-09-30 12:00:00,1.3423922,1.8375683,3.547256,3.4325306,5.563374,1.9361765
2064-10-01 12:00:00,2.2191563,1.9065424,3.83444,4.5546107,4.7445283,2.4436605
2064-10-02 12:00:00,2.751379,2.434117,4.058333,4.163756,4.6899395,2.1534052
2064-10-03 12:00:00,2.2868927,1.94237,2.9228427,3.0677898,3.2881768,1.5335333
2064-10-04 12:00:00,1.9968963,1.8280529,2.4391906,2.874512,2.8879302,1.4264182
2064-10-05 12:00:00,2.0917807,1.7833798,2.9165823,3.3481214,2.7820363,1.8962371
2064-10-06 12:00:00,2.3217616,2.297809,4.5900064,4.41628,4.6285834,3.071219
2064-10-07 12:00:00,3.267469,2.5214872,7.3315015,3.9205556,4.461193,3.8962245
2064-10-08 12:00:00,2.6510773,2.2712703,5.5251436,3.4349053,4.189846,3.0663111
2064-10-09 12:00:00,4.3646812,3.8213124,5.3374486,6.078605,4.2228546,3.6550941
2064-10-10 12:00:00,1.925672,1.9128451,4.592275,5.226162,5.556459,4.218622
2064-10-11 12:00:00,2.7260735,2.9025385,5.732582,5.736043,7.1903257,4.9102983
2064-10-12 12:00:00,2.4927816,2.5643299,5.678366,4.384222,6.071944,3.6594427
2064-10-13 12:00:00,3.2337387,2.86139,4.874432,4.585682,7.0350666,3.3984048
2064-10-14 12:00:00,2.7389874,2.546317,3.4692292,4.27844,4.8383107,3.0987487
2064-10-15 12:00:00,1.0235226,1.141457,1.7648072,2.9228337,5.0071006,1.4020321
2064-10-16 12:00:00,1.3739408,1.2688967,3.148652,2.2723484,4.140949,2.0552986
2064-10-17 12:00:00,2.6337981,2.4686706,5.0713787,5.128665,4.7176356,3.3122983
2064-10-18 12:00:00,1.7749088,1.9389117,2.710367,3.8389826,4.103393,2.111098
2064-10-19 12:00:00,1.9804077,1.7410263,4.827429,3.077447,2.3416436,2.490046
2064-10-20 12:00:00,2.2087054,1.8781812,5.316847,3.6079965,2.3917322,2.7191432
2064-10-21 12:00:00,2.6098716,2.2308095,5.7904396,4.429598,3.3870156,3.071344
2064-10-22 12:00:00,1.8192346,1.6737748,3.8774786,3.718303,3.2041166,2.7911499
2064-10-23 12:00:00,1.8828758,1.7844216,4.2205486,3.1733758,2.6969702,2.3212168
2064-10-24 12:00:00,1.9050512,1.6861529,3.6541677,3.4155388,3.6110013,2.2658954
2064-10-25 12:00:00,1.5639281,1.6040558,3.128973,3.2126136,3.6486683,2.893942
2064-10-26 12:00:00,1.2718539,1.4358428,5.1925983,4.0544176,4.590772,4.038393
2064-10-27 12:00:00,2.539226,2.461461,5.392958,4.1878757,4.5998597,3.3275816
2064-10-28 12:00:00,2.9821224,2.931305,3.0368264,4.5798125,4.2514606,2.513046
2064-10-29 12:00:00,1.95765,1.7934092,2.8897977,5.342419,4.718317,2.9022267
2064-10-30 12:00:00,2.320868,1.8495889,4.6926994,3.7773993,4.564928,3.1234272
2064-10-31 12:00:00,2.435478,1.9568313,2.6525521,3.038929,3.2091603,2.1201441
2064-11-01 12:00:00,0.8046393,0.85290605,2.1967967,2.8531487,3.9853888,1.7705786
2064-11-02 12:00:00,0.82426906,0.7976043,1.9867978,3.4940543,4.849526,1.5185637
2064-11-03 12:00:00,0.6764289,0.79372734,2.9126391,2.2111921,5.094091,2.1557658
2064-11-04 12:00:00,1.8652778,1.7037354,4.538314,4.7742763,4.2989974,3.443929
2064-11-05 12:00:00,1.1745881,1.2954776,4.1792097,4.6136246,5.505272,3.5810225
2064-11-06 12:00:00,1.7233083,1.6319606,4.68301,5.2593317,5.6639857,2.9798481
2064-11-07 12:00:00,1.8680044,1.6107161,4.3010654,4.466835,6.1052904,2.6625857
2064-11-08 12:00:00,4.827177,4.1232777,7.2452354,4.944202,5.327664,3.5392559
2064-11-09 12:00:00,1.4863037,2.0396488,5.2018995,4.464963,6.2964425,2.9528792
2064-11-10 12:00:00,1.4150212,1.6476508,5.1105943,5.063828,6.8562007,3.8013892
2064-11-11 12:00:00,1.3103968,1.2174575,3.117252,3.7963612,6.2513294,2.291998
2064-11-12 12:00:00,1.1852088,1.0189916,2.21507,2.6908884,5.076438,1.2679696
2064-11-13 12:00:00,1.7856855,1.7151028,3.0707078,2.1734567,3.4178905,1.4064895
2064-11-14 12:00:00,1.5189116,1.6887633,2.4624593,3.1350057,3.8946722,1.8013537
2064-11-15 12:00:00,1.2663263,1.3177061,6.111,3.7373533,3.3422956,3.5528862
2064-11-16 12:00:00,3.0033216,2.6630175,4.98629,5.9638805,4.993352,4.0003896
2064-11-17 12:00:00,1.2254518,1.1130036,4.369881,2.916795,6.0843315,2.728967
2064-11-18 12:00:00,2.6021178,2.369835,4.208814,4.463324,3.7493412,3.27063
2064-11-19 12:00:00,2.758316,2.0892406,4.3590484,3.6068997,5.3264437,3.3147862
2064-11-20 12:00:00,2.1791935,2.1627355,3.7872996,4.6479654,5.710236,3.620261
2064-11-21 12:00:00,0.76672363,0.94982177,3.4051726,4.901132,4.4881783,3.656204
2064-11-22 12:00:00,1.4056289,1.1607592,3.898872,3.500814,5.3633275,2.740551
2064-11-23 12:00:00,1.870011,1.3538164,4.3133674,4.0771217,5.022387,2.9979837
2064-11-24 12:00:00,0.92930466,1.101237,2.2431903,4.7853394,5.765022,2.014425
2064-11-25 12:00:00,0.8501202,1.0056592,2.6908028,5.595924,5.7876873,2.9709363
2064-11-26 12:00:00,2.093114,1.7735794,4.947718,6.5744643,5.7490554,4.7514453
2064-11-27 12:00:00,2.1548278,2.0606115,4.197481,6.3331237,4.8949637,3.0928671
2064-11-28 12:00:00,1.0683341,1.3501709,3.7170937,6.1425977,4.6343727,3.8242588
2064-11-29 12:00:00,1.9561708,1.9269075,4.2622094,6.3584576,4.6911235,3.0838747
2064-11-30 12:00:00,2.2990937,1.956518,4.966807,5.5835695,4.003935,3.4208944
2064-12-01 12:00:00,2.0419898,1.9266101,4.603599,4.501101,3.6968062,3.0501692
2064-12-02 12:00:00,1.6253551,1.4945318,3.5848517,3.9315596,3.2451844,2.6151214
2064-12-03 12:00:00,1.0268286,1.1895796,2.924511,2.5671005,3.7735624,2.251446
2064-12-04 12:00:00,1.1245246,1.1049701,3.417086,1.6901963,2.5036626,2.0415428
2064-12-05 12:00:00,0.69533455,0.8042987,3.0275447,2.3207996,2.8430748,1.9696112
2064-12-06 12:00:00,0.9702519,0.98423946,3.5246987,3.64874,4.5853615,3.03028
2064-12-07 12:00:00,1.3729429,1.3415343,2.579893,4.0468006,5.969655,2.045828
2064-12-08 12:00:00,1.4908549,1.2484798,5.4627786,3.6398606,5.676846,3.5372112
2064-12-09 12:00:00,2.5082428,2.0281384,4.1994796,4.571799,5.5570216,3.460238
2064-12-10 12:00:00,1.2254646,1.2962856,4.104628,4.642559,3.6981213,3.8483799
2064-12-11 12:00:00,2.092173,1.8174757,4.4937215,5.7140713,3.307003,4.135442
2064-12-12 12:00:00,1.2370608,1.1707959,3.6739495,5.044381,4.1969123,3.1384306
2064-12-13 12:00:00,2.4890761,2.257405,6.238897,5.6426806,5.653925,4.3658442
2064-12-14 12:00:00,2.3399749,2.2401004,3.4295068,4.6198897,4.8931384,1.9684796
2064-12-15 12:00:00,0.81969917,1.0748435,2.329435,2.90507,4.513447,2.2575312
2064-12-16 12:00:00,1.7998414,1.768102,3.151831,2.4124646,4.4130983,1.859534
2064-12-17 12:00:00,1.9274019,1.6861763,4.3214183,3.6391346,5.5815134,2.5654478
2064-12-18 12:00:00,1.9217589,1.7629083,5.740044,5.578757,4.707165,4.014612
2064-12-19 12:00:00,2.38518,2.2624257,4.650852,5.230281,4.7320547,3.1276622
2064-12-20 12:00:00,2.6073573,2.6995134,6.570725,7.442793,7.726796,5.2308607
2064-12-21 12:00:00,3.8140407,3.5531986,5.3656673,6.9302645,8.870944,4.0329027
2064-12-22 12:00:00,3.2100015,3.077211,2.9382653,6.1199126,8.345587,2.5586102
2064-12-23 12:00:00,1.8638687,1.4493316,3.4873502,3.370621,6.1172957,1.8899364
2064-12-24 12:00:00,0.8744593,1.0231533,2.31058,4.068839,5.8998384,1.9658521
2064-12-25 12:00:00,0.7276577,0.97238547,2.6227322,2.9537556,3.7680507,1.5311217
2064-12-26 12:00:00,0.9001051,1.1120054,2.4963188,3.2778933,5.0223894,2.5079584
2064-12-27 12:00:00,1.5428805,1.5888814,4.6199946,6.0652857,6.5071983,3.7537787
2064-12-28 12:00:00,0.9735608,1.3283445,3.2242103,6.783609,6.5595155,2.497573
2064-12-29 12:00:00,1.1574135,1.3225061,4.0016704,4.739763,5.831832,2.2769
2064-12-30 12:00:00,3.0709848,2.1843312,6.4983516,3.730776,4.3883514,3.1206603
2064-12-31 12:00:00,3.1701062,2.4742398,4.6166825,3.6888096,4.087819,2.2222881
2065-01-01 12:00:00,1.998942,1.7490572,3.516302,2.949821,3.8432424,1.8788899
2065-01-02 12:00:00,1.4067943,1.8502922,5.096148,3.3715684,4.165811,3.2681174
2065-01-03 12:00:00,1.3247817,1.3936788,3.0002062,2.600614,3.5769045,1.9411057
2065-01-04 12:00:00,1.6983925,1.3139853,3.0896034,3.5824962,3.692895,2.024126
2065-01-05 12:00:00,3.245141,2.4247577,4.824469,4.3869495,3.5563784,2.3397117
2065-01-06 12:00:00,2.0507622,1.5198135,2.6495664,3.0717497,3.2167351,1.8493177
2065-01-07 12:00:00,0.7793772,0.8479228,2.2717187,3.7845154,3.551829,1.8463614
2065-01-08 12:00:00,1.7110316,1.3402323,2.3730865,3.5226429,4.488728,1.664188
2065-01-09 12:00:00,4.7333727,3.3157895,3.5143073,2.8203812,4.812371,2.2447622
2065-01-10 12:00:00,2.6351068,2.4625702,3.252951,2.6870348,4.0236144,2.1569042
2065-01-11 12:00:00,1.2272205,1.4262637,2.825963,2.8648384,4.274332,1.7332392
2065-01-12 12:00:00,1.0617106,1.3402456,4.277877,5.459752,5.438887,4.23751
2065-01-13 12:00:00,3.9851952,3.4514246,6.720898,9.097992,9.8243685,4.8192754
2065-01-14 12:00:00,1.1403778,1.5868254,3.3376644,5.035752,8.659789,3.0601356
2065-01-15 12:00:00,1.9053689,1.8398912,4.328354,7.36394,6.2468877,4.2787695
2065-01-16 12:00:00,3.1714203,2.6586144,5.2556386,6.4677763,4.8545737,4.9312487
2065-01-17 12:00:00,4.286192,3.6355488,7.663392,8.00848,5.1502934,6.369806
2065-01-18 12:00:00,4.525228,4.5945053,6.716338,8.569,5.2637234,5.1250706
2065-01-19 12:00:00,3.643722,2.8512645,5.7991867,4.7211246,5.4086666,4.0395927
2065-01-20 12:00:00,1.4100418,1.4839448,3.316108,4.3679,6.2144685,1.8932301
2065-01-21 12:00:00,1.9123493,1.5807452,4.0103,3.8853047,6.880325,2.5752861
2065-01-22 12:00:00,3.6725967,2.6473265,5.4109373,5.716186,3.9242737,3.3587258
2065-01-23 12:00:00,1.3916748,1.2454535,3.8244033,3.8922744,4.3793716,2.835082
2065-01-24 12:00:00,0.73263764,0.8660283,4.4914193,2.7540903,3.706707,2.6886115
2065-01-25 12:00:00,2.4516463,1.9743903,2.8824127,2.2699962,4.6375294,2.038195
2065-01-26 12:00:00,1.0125234,1.07913,1.9362005,2.1742592,3.4710484,1.5712026
2065-01-27 12:00:00,1.6338507,1.3607099,2.6989305,3.4234548,4.6851788,1.7414265
2065-01-28 12:00:00,1.3938308,1.5970129,3.9556825,5.9859476,5.0313616,3.4160922
2065-01-29 12:00:00,3.1492615,2.4550207,4.62943,5.1327662,5.763861,2.427706
2065-01-30 12:00:00,1.2383956,1.3201442,2.942057,2.053579,6.248427,1.8362325
2065-01-31 12:00:00,1.7221924,1.4499451,3.4506109,2.9956846,5.3258104,1.8576128
2065-02-01 12:00:00,2.3941224,2.2940655,4.2158103,8.793729,8.799831,4.664945
2065-02-02 12:00:00,3.8746655,3.3416202,4.708499,8.206202,8.686235,4.0052996
2065-02-03 12:00:00,1.5914211,2.0222216,2.907749,7.8258123,9.357512,3.2734861
2065-02-04 12:00:00,2.1106496,2.0771854,3.5273442,5.6527724,9.288874,3.8796315
2065-02-05 12:00:00,2.486233,2.3470848,5.2724113,6.153564,5.7260017,4.2244735
2065-02-06 12:00:00,3.7241857,3.5242205,6.780651,5.9652185,5.548687,4.740775
2065-02-07 12:00:00,1.0382229,1.2491211,2.4434383,4.228963,4.839862,2.2905123
2065-02-08 12:00:00,2.305183,2.6005316,4.1639867,7.887449,4.733194,3.548428
2065-02-09 12:00:00,3.121161,3.2510319,5.509945,8.878392,4.8446565,4.295476
2065-02-10 12:00:00,1.0678387,1.5420082,3.8433878,6.5779,5.1579466,1.7304444
2065-02-11 12:00:00,1.7620788,1.8415735,4.221242,3.9413316,4.753812,2.535316
2065-02-12 12:00:00,0.97969484,1.134264,2.968327,4.217504,4.441627,2.197247
2065-02-13 12:00:00,1.4664452,1.0841339,3.8319714,3.0583434,4.712458,2.4789636
2065-02-14 12:00:00,2.0944185,1.5495433,2.4769735,2.0665188,4.382534,1.5717019
2065-02-15 12:00:00,1.2984438,1.1797622,3.1833844,2.490821,4.053519,1.6440911
2065-02-16 12:00:00,2.8578162,1.8524008,3.0345697,2.8130836,4.5745254,1.5804965
2065-02-17 12:00:00,1.8145638,1.4068351,2.377365,2.547948,3.330006,2.1547093
2065-02-18 12:00:00,1.3018909,1.1949742,3.8428197,3.295149,3.2932243,3.3752856
2065-02-19 12:00:00,1.8541414,1.6232543,2.0389287,3.2703269,3.3452144,1.6698195
2065-02-20 12:00:00,1.1077037,1.0273057,2.5308459,3.2086143,3.703063,2.2239966
2065-02-21 12:00:00,1.1477454,1.0969006,4.0135026,2.9742813,5.159652,2.657305
2065-02-22 12:00:00,1.6598248,1.5476787,6.208828,4.460094,5.9165893,3.5379019
2065-02-23 12:00:00,1.9016156,2.1127696,5.44904,5.5429416,5.4394493,4.3108296
2065-02-24 12:00:00,0.7847591,1.0411053,2.0554824,4.846075,6.0082097,2.1549654
2065-02-25 12:00:00,0.85020113,1.0763929,2.1051886,4.291801,4.8920326,3.3049543
2065-02-26 12:00:00,1.366919,1.1787295,3.6411216,3.2052991,3.7889383,3.6375928
2065-02-27 12:00:00,1.156564,1.2313778,3.1774137,2.938847,3.9830322,2.4638698
2065-02-28 12:00:00,3.1975718,2.7202156,4.6938543,4.1757455,4.4445577,3.2586489
2065-03-01 12:00:00,2.4658566,2.5864651,4.2812824,5.081647,5.1333876,2.8600097
2065-03-02 12:00:00,0.8047821,1.0300931,3.9925756,3.4308038,4.186256,2.3093293
2065-03-03 12:00:00,2.2868264,1.9028398,5.6867394,4.2397,3.6173635,3.8518455
2065-03-04 12:00:00,0.8290099,0.9902394,3.2892752,3.3176186,3.1078331,3.177902
2065-03-05 12:00:00,1.0361592,1.0155369,3.25662,2.9262664,2.8139675,2.1331356
2065-03-06 12:00:00,1.2997906,1.1220247,3.5879755,3.09073,6.872632,1.4728744
2065-03-07 12:00:00,1.5731058,1.1436338,3.8954315,2.0945733,7.1157246,1.6809661
2065-03-08 12:00:00,1.5048022,1.1312635,3.283137,2.1068187,4.9306216,1.3768772
2065-03-09 12:00:00,0.8069605,0.92372227,2.409107,1.8807774,4.0997286,1.47357
2065-03-10 12:00:00,1.194321,1.019575,2.2879355,1.706927,7.7166085,1.3849933
2065-03-11 12:00:00,1.0893463,0.9778045,2.2110023,2.41661,8.055488,1.504504
2065-03-12 12:00:00,0.7796681,0.859077,2.21821,3.6037438,9.919886,2.284089
2065-03-13 12:00:00,2.5054336,2.0628395,4.235027,5.100388,8.77204,4.366679
2065-03-14 12:00:00,3.8923056,3.858346,7.1085863,6.5690894,7.1092844,6.079583
2065-03-15 12:00:00,2.5861073,2.433527,4.173276,4.682696,4.4561086,2.508966
2065-03-16 12:00:00,2.2798328,1.8344197,4.0085554,3.5083869,4.02979,2.9441838
2065-03-17 12:00:00,2.2666357,1.924779,3.163062,4.9350014,4.644789,3.187705
2065-03-18 12:00:00,1.2684577,1.3258151,2.631365,5.397512,6.2334123,2.274496
2065-03-19 12:00:00,2.2418458,2.0914443,4.780126,3.1437273,5.6608634,2.7330275
2065-03-20 12:00:00,2.3203607,1.9312149,4.9894443,2.7640576,4.9369936,1.9787437
2065-03-21 12:00:00,1.9469768,2.0173855,5.5794263,4.919359,6.395846,3.4932709
2065-03-22 12:00:00,1.9306548,1.525083,4.6628203,4.271285,5.4309306,2.920583
2065-03-23 12:00:00,2.719339,2.1091,3.7340686,4.0602975,4.1006794,2.4778686
2065-03-24 12:00:00,3.0657167,2.6897879,3.035769,2.8673213,3.4119034,1.7262754
2065-03-25 12:00:00,2.2241058,2.2165544,6.2765985,4.8554645,2.8383145,4.8392997
2065-03-26 12:00:00,3.8704138,3.0251312,5.540853,4.185284,2.425834,3.0352576
2065-03-27 12:00:00,1.7659359,1.5058066,4.0548506,3.676877,2.7574105,2.3002505
2065-03-28 12:00:00,3.2310073,2.497695,5.425303,4.8023787,4.226919,3.5209613
2065-03-29 12:00:00,3.5524592,2.8001013,6.498377,4.102084,4.2330446,4.170581
2065-03-30 12:00:00,3.3330305,2.988087,6.1729364,5.6737638,4.2661047,3.77961
2065-03-31 12:00:00,4.160193,3.4535418,5.998636,7.395748,5.628245,4.6628194
2065-04-01 12:00:00,3.6063464,3.0725641,6.301056,6.2454515,4.0797434,4.7866707
2065-04-02 12:00:00,3.7854471,3.231176,6.90166,5.5706725,3.7261333,4.9293804
2065-04-03 12:00:00,2.7466466,2.524454,3.7271311,3.8007238,2.6160333,2.6248434
2065-04-04 12:00:00,2.7009768,2.431853,5.781015,3.9686291,4.144423,3.402345
2065-04-05 12:00:00,2.1642208,1.8266271,5.189871,4.147906,3.475751,3.2416813
2065-04-06 12:00:00,2.3200815,2.2487538,5.0082054,4.760376,4.6171217,3.0276794
2065-04-07 12:00:00,5.0809073,4.11155,5.0347447,4.9711995,5.345944,3.8459818
2065-04-08 12:00:00,3.1934052,2.779525,3.6891775,5.02259,6.6439924,3.246514
2065-04-09 12:00:00,2.3595803,2.2559042,3.4041014,4.754685,3.9604924,2.2946055
2065-04-10 12:00:00,2.8475971,2.0762675,3.18449,1.9917076,4.8311996,1.9592541
2065-04-11 12:00:00,3.4514534,2.772056,3.2312155,2.2424896,4.8333955,2.074405
2065-04-12 12:00:00,5.105183,4.081607,4.068736,3.115163,3.4190533,3.0419023
2065-04-13 12:00:00,2.8897538,2.7369518,3.4383507,5.0800185,4.9647427,3.8805926
2065-04-14 12:00:00,2.9260297,2.6360981,2.9531355,3.637664,2.8872159,2.8188725
2065-04-15 12:00:00,1.5850301,1.5020808,3.3856058,3.3553238,3.7106338,3.000901
2065-04-16 12:00:00,3.6136303,3.1260028,4.88349,4.094258,4.731039,3.9364862
2065-04-17 12:00:00,3.9990082,3.2869995,5.915743,5.247235,4.7784863,3.2276134
2065-04-18 12:00:00,4.530113,3.4840658,7.2556477,4.275834,3.7433686,3.5072885
2065-04-19 12:00:00,2.6753144,2.0601132,6.0288906,2.9853475,5.3259645,2.602824
2065-04-20 12:00:00,1.5695575,1.4501995,3.0118067,2.6492176,5.7227855,1.8200779
2065-04-21 12:00:00,1.531713,1.480011,3.3064716,4.159567,6.2105484,2.6461208
2065-04-22 12:00:00,3.1934257,2.8360412,5.013893,3.2700996,2.3414633,3.26936
2065-04-23 12:00:00,2.4062626,2.0453203,2.8791773,2.6700823,4.0395985,1.4819148
2065-04-24 12:00:00,2.1233325,2.1461315,4.871435,3.3548386,4.6382065,2.9606276
2065-04-25 12:00:00,2.508319,2.0569675,3.9287367,3.5655286,5.205321,2.033149
2065-04-26 12:00:00,1.9130523,1.7863387,3.0209684,2.4106748,4.993406,1.6630445
2065-04-27 12:00:00,2.9404078,2.467299,3.6112711,3.144079,2.7079403,2.219704
2065-04-28 12:00:00,2.1372113,1.8353012,4.024918,3.4568446,4.087364,2.5757694
2065-04-29 12:00:00,2.3634734,2.1850286,2.2273436,3.5803301,5.3883824,1.7864112
2065-04-30 12:00:00,2.879971,2.461083,4.796448,3.1925871,5.596637,2.563571
2065-05-01 12:00:00,1.7929913,1.5741427,3.4649737,4.4954247,4.590459,2.4704905
2065-05-02 12:00:00,1.4872452,1.2581863,3.1851807,4.9546447,5.30269,2.286535
2065-05-03 12:00:00,3.3068795,3.0542223,3.9348805,6.0744467,6.4603953,3.3949952
2065-05-04 12:00:00,3.1554692,2.697098,3.5348015,4.809582,4.070432,2.2267714
2065-05-05 12:00:00,1.3854449,1.2484069,3.752954,3.4470859,3.1755478,2.4787388
2065-05-06 12:00:00,2.5241609,2.7511523,5.1119294,5.854987,3.5857024,3.903574
2065-05-07 12:00:00,2.6891842,2.2628634,4.577904,3.9529939,2.8948576,2.3055274
2065-05-08 12:00:00,1.0531161,1.3928975,3.1510394,4.599184,1.9413035,3.1954293
2065-05-09 12:00:00,1.558085,1.3280668,2.549019,3.707587,2.1657305,1.8638691
2065-05-10 12:00:00,2.157342,1.7803844,2.9344497,2.775317,3.0527456,1.7288007
2065-05-11 12:00:00,2.9903498,2.4529226,3.5215662,3.1715,2.4614608,1.7598479
2065-05-12 12:00:00,3.2839403,2.7408895,2.9341688,3.5993767,2.4569418,1.8249345
2065-05-13 12:00:00,1.5430837,1.3069056,3.6842852,2.4978528,2.7706676,1.834317
2065-05-14 12:00:00,2.3310566,1.9763227,3.7109952,2.9753444,3.2067983,1.9985465
2065-05-15 12:00:00,2.3372407,1.865733,3.7091315,3.102527,3.5791805,2.5140135
2065-05-16 12:00:00,2.805022,2.6181712,3.6983817,3.5220146,3.9517713,2.4487586
2065-05-17 12:00:00,3.105723,2.7087855,3.4030435,3.77352,3.9149883,2.6451209
2065-05-18 12:00:00,1.8508255,1.8491983,2.3409195,2.8546834,5.0930815,1.8277596
2065-05-19 12:00:00,2.4101772,2.0697567,3.221243,2.4234276,4.9047456,2.1270685
2065-05-20 12:00:00,2.2986658,2.1275303,3.4154456,3.4619365,4.7725773,3.082581
2065-05-21 12:00:00,1.2462909,1.2727511,2.4418676,3.5878205,3.4616845,2.1408072
2065-05-22 12:00:00,1.5296708,1.2882842,1.8649318,2.5229151,3.5204976,1.989561
2065-05-23 12:00:00,1.7324458,1.4574575,1.5656284,3.5592213,3.941514,1.3572977
2065-05-24 12:00:00,2.0697083,2.0487208,2.4613595,3.408893,4.5309606,1.6630634
2065-05-25 12:00:00,2.6262639,2.548344,3.8253446,4.4152026,4.5166535,2.5346217
2065-05-26 12:00:00,2.9588113,3.1032467,4.348742,4.927994,4.1201744,2.7415404
2065-05-27 12:00:00,3.0992851,2.961482,3.9887736,3.4101927,4.3792276,2.7144227
2065-05-28 12:00:00,1.9314212,1.6043049,2.5456338,2.6929412,2.6345348,1.9155155
2065-05-29 12:00:00,3.0842688,2.3464189,3.4475167,3.8330564,5.1017613,2.6938105
2065-05-30 12:00:00,1.9920831,1.6884633,3.1105044,2.0772514,4.265593,1.7080674
2065-05-31 12:00:00,2.3709013,1.9208264,3.8197978,3.1398048,2.6751108,2.6110013
2065-06-01 12:00:00,2.8121717,2.531429,3.618281,4.687478,2.42745,2.6911032
2065-06-02 12:00:00,2.6033633,2.2419949,3.5534623,3.8378797,3.640882,2.404813
2065-06-03 12:00:00,1.7437581,1.5027654,2.2730625,2.0927782,2.8466053,1.7554197
2065-06-04 12:00:00,3.2150002,2.8520224,4.2901616,3.7873828,2.4760957,2.7063148
2065-06-05 12:00:00,2.9845693,2.5516863,3.78638,3.6441085,4.1501546,2.0237174
2065-06-06 12:00:00,2.1704888,1.8751578,3.3678577,2.8103132,4.491027,2.0539744
2065-06-07 12:00:00,2.5290363,1.9766927,3.3194993,2.4229858,4.9055223,1.9536045
2065-06-08 12:00:00,2.3116632,2.1864812,3.9980052,3.1496406,3.9576404,2.5307617
2065-06-09 12:00:00,2.6348634,2.3489985,2.8924427,3.521459,3.0717368,3.0788543
2065-06-10 12:00:00,2.4493427,2.3703709,3.4485404,5.301349,4.5378933,2.1433008
2065-06-11 12:00:00,1.646548,1.7683921,3.4743876,4.116689,5.8653164,2.1414237
2065-06-12 12:00:00,1.9689709,2.1306376,3.2682297,3.6037757,4.5789394,2.4185753
2065-06-13 12:00:00,2.3259585,2.1177912,3.278898,2.1719553,3.9608777,2.8396413
2065-06-14 12:00:00,1.7218056,1.4681809,2.5273678,2.4646132,4.784003,2.5071392
2065-06-15 12:00:00,1.6126473,1.8546325,2.8420289,2.8561985,6.0819917,2.8878775
2065-06-16 12:00:00,1.8217173,1.7514362,3.7325084,3.0873353,4.6153865,3.1058338
2065-06-17 12:00:00,1.9946127,1.5359579,3.1898613,3.3767984,3.9954915,2.8560376
2065-06-18 12:00:00,1.2403631,1.3856395,2.028504,3.9623134,3.890414,1.8649367
2065-06-19 12:00:00,1.7045419,1.6091441,2.4050114,3.7001283,4.779725,1.1891506
2065-06-20 12:00:00,1.4005537,1.5661674,2.9155662,2.8527043,3.5686347,1.9274621
2065-06-21 12:00:00,2.4952667,2.3921406,4.5736184,4.6881876,5.541614,3.4229376
2065-06-22 12:00:00,2.262176,1.7928544,3.8889441,3.203313,5.8686385,2.793096
2065-06-23 12:00:00,2.3691618,2.1562636,2.4656534,3.0676186,5.576359,1.5049067
2065-06-24 12:00:00,2.7154636,2.596025,3.2962158,3.0155947,5.7194448,2.5075264
2065-06-25 12:00:00,2.35732,1.7289351,2.3849826,2.8800678,4.7116103,2.0769522
2065-06-26 12:00:00,2.4100873,1.9747558,2.6116264,3.4951777,4.0523562,2.4051404
2065-06-27 12:00:00,3.2144942,2.4423895,2.9326174,2.8459718,2.905905,2.2586675
2065-06-28 12:00:00,1.9896209,1.6601725,3.4563353,3.0609562,3.4522665,2.0925567
2065-06-29 12:00:00,2.6493132,1.9828533,3.2672734,3.1235702,4.4026093,2.60603
2065-06-30 12:00:00,1.6416017,1.537831,2.1289666,4.636135,5.2590847,1.3343627
2065-07-01 12:00:00,1.598129,1.492172,2.4752407,3.6964512,5.5103498,1.5357697
2065-07-02 12:00:00,2.5834055,2.5054724,3.30866,4.4870462,4.0116405,2.965377
2065-07-03 12:00:00,2.565656,2.354945,3.2130468,6.533989,5.541525,2.2659547
2065-07-04 12:00:00,1.8608449,1.6315217,2.9408834,4.9241447,5.181318,2.1566436
2065-07-05 12:00:00,2.2243707,1.8245937,3.628594,3.446272,4.2698317,1.7815684
2065-07-06 12:00:00,2.2269893,2.0953038,3.4688578,3.3391352,3.365718,2.103991
2065-07-07 12:00:00,2.6085985,2.2828507,3.7330587,3.2649698,3.7030618,2.7777932
2065-07-08 12:00:00,2.7139902,2.225178,3.6917968,2.7226503,2.7050748,2.7637722
2065-07-09 12:00:00,2.9741287,2.2427692,3.0789053,2.9943235,2.781876,1.9257292
2065-07-10 12:00:00,1.7461271,1.5869426,2.6264305,2.6106668,2.3511043,1.4484738
2065-07-11 12:00:00,1.7348378,1.47626,2.554711,2.1533535,2.391733,1.4043528
2065-07-12 12:00:00,2.275733,1.8626909,2.5533655,2.4534647,2.4807577,1.5069598
2065-07-13 12:00:00,2.104416,1.8377055,2.738979,2.5928617,2.3561993,1.8573995
2065-07-14 12:00:00,2.2312074,2.0724194,3.1532419,3.7250042,3.9209197,2.625375
2065-07-15 12:00:00,1.243729,1.2565336,2.3458784,2.123262,3.4983168,1.4315785
2065-07-16 12:00:00,2.2406368,1.9200398,2.0233166,2.0212579,2.0072165,1.552294
2065-07-17 12:00:00,1.2312248,1.3494391,1.9754665,2.1717808,2.2703505,1.1695637
2065-07-18 12:00:00,1.4920697,1.6178035,3.5371459,2.5937243,2.3943844,2.2251976
2065-07-19 12:00:00,2.0598493,1.8206754,3.0323954,3.8242517,2.992975,2.157707
2065-07-20 12:00:00,2.9034953,2.602177,4.2683077,3.338424,3.4628925,2.236143
2065-07-21 12:00:00,3.9283314,3.2639568,4.2981753,5.626235,4.789856,3.0961025
2065-07-22 12:00:00,3.3960376,2.6964235,4.280376,4.0019836,3.7589505,3.0920534
2065-07-23 12:00:00,3.0789788,2.4577253,2.9538593,2.6561556,2.696333,1.828809
2065-07-24 12:00:00,2.013503,1.7303635,2.7490618,2.0655658,2.7026246,2.429609
2065-07-25 12:00:00,2.8473837,2.250542,3.748752,2.3394318,3.376607,2.67432
2065-07-26 12:00:00,2.4127853,1.7390897,2.5642161,2.4148436,2.821965,1.8416226
2065-07-27 12:00:00,1.352061,1.4826492,2.7682464,1.7650757,2.910358,1.4445409
2065-07-28 12:00:00,1.8425157,1.439739,2.8013153,2.257451,3.282515,1.8921356
2065-07-29 12:00:00,1.3724234,1.5796558,2.7145898,2.0543604,3.725854,2.159335
2065-07-30 12:00:00,1.1141809,1.141282,2.465559,1.9844502,2.8590953,1.5760642
2065-07-31 12:00:00,1.1341158,1.2961565,3.306266,2.2709582,3.6525154,1.5327935
2065-08-01 12:00:00,1.1338315,1.2765603,3.2261987,2.1414466,3.8720546,1.7403752
2065-08-02 12:00:00,2.1470506,1.953039,3.265986,2.817249,3.2161155,2.5313747
2065-08-03 12:00:00,2.6140442,1.9082608,3.0981236,2.153471,2.632367,1.8752415
2065-08-04 12:00:00,1.705438,1.5087498,2.2932813,1.9374316,2.5312097,1.4183275
2065-08-05 12:00:00,1.5979241,1.4415907,2.264143,2.2230346,2.827156,1.3125196
2065-08-06 12:00:00,1.5973133,1.2414371,1.9542907,2.6615112,2.8958719,1.4629135
2065-08-07 12:00:00,1.220411,1.1723186,1.7564043,1.6794494,2.7167544,1.2499878
2065-08-08 12:00:00,0.84532225,0.9902016,2.1734357,1.4160976,3.1331828,1.2662696
2065-08-09 12:00:00,0.8725276,0.9159916,2.141369,1.5231513,3.7412372,1.2285123
2065-08-10 12:00:00,1.7144461,1.414553,2.092179,2.10218,3.9226017,1.1542932
2065-08-11 12:00:00,2.1584136,1.4880141,2.0863504,2.4253092,3.3742247,1.57491
2065-08-12 12:00:00,2.5961113,2.3606484,3.51135,3.0077617,3.1678457,2.5350177
2065-08-13 12:00:00,1.7983048,1.7817916,3.075539,4.411613,4.366686,1.7790778
2065-08-14 12:00:00,1.9461068,1.7015734,3.171689,3.8013308,3.684273,2.2181914
2065-08-15 12:00:00,2.5427003,2.4396994,3.373422,3.548148,2.47827,2.2506275
2065-08-16 12:00:00,1.7846682,1.6681144,3.0418327,2.4199965,2.6803584,1.6031271
2065-08-17 12:00:00,3.573711,2.8206964,2.9440432,5.299135,3.2537413,2.4029722
2065-08-18 12:00:00,1.6570174,1.5455114,2.8098135,3.4642897,6.1107874,2.1990564
2065-08-19 12:00:00,2.0386648,1.8607285,3.3235922,3.1094446,3.8412323,2.1590838
2065-08-20 12:00:00,3.0040994,2.4180787,4.0610104,2.4538994,2.8515654,2.5241137
2065-08-21 12:00:00,2.7145498,2.2507048,4.5001,3.620535,3.0248623,2.0877378
2065-08-22 12:00:00,2.0408745,1.7728148,3.8019857,4.221547,3.7772021,2.0928514
2065-08-23 12:00:00,1.7074587,1.54788,2.8613315,4.0505514,3.800944,2.3849545
2065-08-24 12:00:00,2.4578831,2.0862808,4.674189,4.7659388,3.3297656,4.273296
2065-08-25 12:00:00,2.4398642,2.514615,4.444992,5.160376,4.709494,4.477711
2065-08-26 12:00:00,2.4725525,2.5110426,4.072752,4.0929337,3.578309,3.329255
2065-08-27 12:00:00,3.8049326,3.1514096,5.7789397,4.5500116,3.5729127,3.7024527
2065-08-28 12:00:00,3.1524627,2.6138012,5.423356,2.8637757,3.722088,3.2622876
2065-08-29 12:00:00,2.3279476,2.063069,3.7700968,4.8235254,3.6136706,2.9628904
2065-08-30 12:00:00,2.415173,1.8759964,3.4250124,3.8226268,3.3008533,2.5556335
2065-08-31 12:00:00,2.2744477,1.9424958,3.3155878,2.907172,3.2947452,2.7280226
2065-09-01 12:00:00,3.058432,2.93882,3.299481,3.9037998,5.0907087,2.1794884
2065-09-02 12:00:00,4.217234,3.6653872,4.6930227,8.048757,7.90489,3.875128
2065-09-03 12:00:00,2.1258817,1.8239957,2.6664147,4.901844,6.1730685,1.9122173
2065-09-04 12:00:00,1.1730466,1.1947347,2.6265318,3.381484,4.343643,1.8061839
2065-09-05 12:00:00,2.073791,2.0722306,3.810551,3.5218859,3.8416026,3.2245548
2065-09-06 12:00:00,1.4617391,1.5788562,3.7203703,4.5489674,3.1595705,3.0607274
2065-09-07 12:00:00,1.9245646,1.5802727,3.2408724,3.2785017,2.4680893,1.6275327
2065-09-08 12:00:00,0.8313847,0.88068694,3.0963156,2.7044477,2.1259735,1.2204422
2065-09-09 12:00:00,1.1658036,1.0961688,2.6831052,2.0979824,2.1952467,1.993511
2065-09-10 12:00:00,1.2036095,1.3083638,3.5013108,2.6109607,2.7435708,2.151276
2065-09-11 12:00:00,1.5982335,1.5370768,3.614085,4.312271,2.3428874,1.9912835
2065-09-12 12:00:00,1.9790149,1.69038,2.6928332,3.9418015,2.0432072,1.5939605
2065-09-13 12:00:00,1.5834651,1.4740634,3.5424948,2.8677082,2.228703,1.8861865
2065-09-14 12:00:00,3.2192965,2.839788,3.716279,3.9127958,2.0243886,1.7358463
2065-09-15 12:00:00,2.7342663,2.3306513,2.6537979,3.5489395,2.090731,1.8007923
2065-09-16 12:00:00,2.4519541,1.8860583,4.3053985,3.5431619,2.4411745,2.005902
2065-09-17 12:00:00,2.285629,1.7904605,5.159112,3.197696,3.6371822,2.3572512
2065-09-18 12:00:00,2.127771,1.6837708,4.6016526,2.516148,3.801773,1.9922506
2065-09-19 12:00:00,1.5894649,1.2295015,3.1368654,2.0240262,4.60733,1.498146
2065-09-20 12:00:00,1.4216704,1.0916975,2.588565,1.8658861,2.6286547,1.3446242
2065-09-21 12:00:00,0.9307858,1.0216992,1.8964298,3.140607,5.0636306,1.3724577
2065-09-22 12:00:00,1.6394708,1.799092,3.0321527,3.5951114,5.1082144,2.5919182
2065-09-23 12:00:00,1.8731328,1.5303407,3.1967568,4.1706614,4.0549316,2.4709716
2065-09-24 12:00:00,1.5675926,1.2600007,3.8779001,2.9942908,3.5749648,2.3955505
2065-09-25 12:00:00,0.9248974,1.1097116,2.6142514,3.4367123,3.4711983,1.9722307
2065-09-26 12:00:00,2.1687498,1.9030355,2.6962676,3.6566603,3.8507795,1.9242138
2065-09-27 12:00:00,1.8171477,1.6613381,2.5573337,2.4582899,3.1690855,2.510952
2065-09-28 12:00:00,1.1885855,1.0464933,3.508784,2.178441,3.399325,1.9629245
2065-09-29 12:00:00,0.98561597,0.90983343,3.42042,2.6572967,3.140014,2.255364
2065-09-30 12:00:00,0.89136875,1.0314778,3.9620357,3.0607896,3.985749,2.1560574
2065-10-01 12:00:00,1.1005046,1.1874133,4.151888,2.8027961,4.60722,2.2331061
2065-10-02 12:00:00,1.3176677,1.2445546,3.2202246,2.7661943,3.1415746,2.1306548
2065-10-03 12:00:00,0.8473413,0.999215,2.990952,3.492932,3.3025532,2.9427447
2065-10-04 12:00:00,1.9025321,1.8866862,4.676233,4.2114015,3.3047917,4.1395626
2065-10-05 12:00:00,2.5548403,2.5370579,5.633596,5.273787,3.7490838,5.027092
2065-10-06 12:00:00,2.092702,2.1418414,3.9881887,4.7217855,3.7884367,3.410992
2065-10-07 12:00:00,1.3094447,1.1114179,2.5894628,2.8188753,5.3889217,1.3922482
2065-10-08 12:00:00,0.5517353,0.6421539,2.1048076,2.0622857,3.946965,1.1610748
2065-10-09 12:00:00,1.0746517,0.82965076,1.5218139,1.4071323,3.8952332,0.8927484
2065-10-10 12:00:00,1.1552355,1.1914852,2.3212674,2.5733075,4.114171,1.8511187
2065-10-11 12:00:00,2.781958,2.465682,4.1018386,3.43857,5.493447,2.889982
2065-10-12 12:00:00,1.7332385,1.9345534,3.0384972,3.5495417,6.4516087,2.1814501
2065-10-13 12:00:00,4.5447097,3.297332,3.7755744,3.6948159,6.6234455,2.7005305
2065-10-14 12:00:00,1.414093,1.0910721,2.6280582,1.927524,5.3714695,1.4301875
2065-10-15 12:00:00,0.75010216,0.89317125,1.8489364,2.7049663,4.2237067,1.0135777
2065-10-16 12:00:00,1.1540755,1.1264338,1.9195246,1.5370551,4.487901,1.0566192
2065-10-17 12:00:00,1.1469,1.0352552,2.1332653,2.0035334,4.8746843,1.1619897
2065-10-18 12:00:00,0.7294562,0.954192,1.9119076,3.2869976,7.0561295,1.2691878
2065-10-19 12:00:00,0.65794843,0.68691176,1.6300181,2.9705842,6.8190284,1.0198467
2065-10-20 12:00:00,0.6246258,0.7458588,3.1596055,1.6062106,6.783847,1.2951499
2065-10-21 12:00:00,0.9852679,0.95724183,4.022419,1.4347719,6.2816577,1.3926994
2065-10-22 12:00:00,1.092639,1.1179141,3.3679752,3.4971557,4.2533298,2.3727424
2065-10-23 12:00:00,2.7352176,2.8214095,4.6464114,6.631539,4.519947,3.5926998
2065-10-24 12:00:00,1.7066176,1.8485487,2.9588447,5.0226927,3.864597,2.6882749
2065-10-25 12:00:00,2.5462995,2.8261127,4.2194595,7.5693755,5.498021,3.3087442
2065-10-26 12:00:00,1.6545496,1.6573992,3.6447985,2.8924658,3.5367587,3.0852034
2065-10-27 12:00:00,1.73274,1.5148139,2.5742075,3.2187874,3.7928474,1.6653048
2065-10-28 12:00:00,1.3280337,1.2738231,3.5097864,3.3411644,4.8774076,2.0203023
2065-10-29 12:00:00,1.6132421,1.5076078,4.0140595,3.5693831,4.9622025,2.3362467
2065-10-30 12:00:00,1.9548173,1.6923851,3.8973496,3.9333444,5.779931,2.0831463
2065-10-31 12:00:00,1.9094576,1.6955335,4.2299347,3.6969461,5.4723015,2.5385034
2065-11-01 12:00:00,1.7823039,1.6329875,4.762878,4.687309,3.8575478,2.690435
2065-11-02 12:00:00,1.6972194,1.4682347,3.6927073,3.9777184,4.8511205,2.0712452
2065-11-03 12:00:00,2.1632416,1.8192947,3.3945963,3.2987556,5.817432,1.8294345
2065-11-04 12:00:00,2.30855,1.8263224,4.7256813,3.614546,5.2916307,2.179137
2065-11-05 12:00:00,2.2490616,1.9273092,4.915259,3.4871051,4.5635056,2.24044
2065-11-06 12:00:00,1.458843,1.6049886,4.7246532,3.412805,4.887128,2.5502343
2065-11-07 12:00:00,1.2935548,1.6013159,5.297714,3.2580764,5.1456823,3.1851854
2065-11-08 12:00:00,1.6874591,1.2576886,4.7847624,2.269766,5.2858653,2.204523
2065-11-09 12:00:00,2.1238034,1.5304813,5.314689,2.690655,3.111662,2.3588274
2065-11-10 12:00:00,2.997333,2.409122,6.672677,5.438193,5.5003753,3.3679552
2065-11-11 12:00:00,2.4880784,2.3557308,6.7977614,4.26614,4.646108,3.2001436
2065-11-12 12:00:00,1.0479882,1.1386852,5.719234,2.4769096,3.9186976,2.4180734
2065-11-13 12:00:00,1.2400725,1.0841612,4.1285796,2.4737573,4.09261,1.6320405
2065-11-14 12:00:00,0.7432468,0.9199141,3.4838815,1.6504616,4.6247067,1.4229374
2065-11-15 12:00:00,0.5122716,0.8288577,2.3390543,2.0923452,5.5858445,1.3235611
2065-11-16 12:00:00,0.6547754,0.9453888,1.7655158,3.8775642,4.024999,1.3981416
2065-11-17 12:00:00,1.3743744,1.6179556,2.5747051,2.6550016,3.2958505,2.233925
2065-11-18 12:00:00,1.3981442,1.5754992,3.847098,5.567212,2.8953044,3.3606622
2065-11-19 12:00:00,2.1427865,2.06635,4.5928764,4.88148,2.6273763,3.2534993
2065-11-20 12:00:00,2.1735451,1.4998678,2.9504216,2.7088826,3.7898426,1.7069955
2065-11-21 12:00:00,1.6266625,1.6589317,5.5119786,4.195255,4.94714,3.3010123
2065-11-22 12:00:00,3.9763587,3.2463515,7.427696,4.426553,5.4561133,4.3589664
2065-11-23 12:00:00,4.4022775,3.5921266,6.1493573,4.708117,5.6637826,3.0725186
2065-11-24 12:00:00,2.9939642,2.816392,3.006997,4.0042577,5.8387556,1.8433303
2065-11-25 12:00:00,1.0937791,1.5228707,2.0436442,2.1436303,3.1938524,1.5327182
2065-11-26 12:00:00,0.7864582,1.0599318,1.8566065,3.5813036,4.2802324,1.5207938
2065-11-27 12:00:00,1.1138978,1.2850411,2.123235,2.756224,4.040277,1.3001896
2065-11-28 12:00:00,1.1636366,1.3593313,1.9210774,2.747992,3.4462,1.5832022
2065-11-29 12:00:00,0.78499424,1.0154123,2.392286,3.9591408,4.807033,1.8494565
2065-11-30 12:00:00,0.95973617,1.424856,2.946189,5.9528832,6.716915,2.1602693
2065-12-01 12:00:00,1.6155825,1.741791,3.090149,3.5335464,6.9893966,2.334981
2065-12-02 12:00:00,0.8125729,1.014428,4.9816213,4.6175647,7.1597414,3.9556057
2065-12-03 12:00:00,1.1036649,1.5985092,6.4141407,6.2345915,5.5162225,5.0544095
2065-12-04 12:00:00,3.0817795,2.8946912,6.758325,5.8598094,4.36385,4.79154
2065-12-05 12:00:00,2.83985,2.276796,5.400487,5.653906,4.0875483,3.9756055
2065-12-06 12:00:00,2.4509182,1.9107159,5.2764516,4.3987107,5.9059596,3.3396602
2065-12-07 12:00:00,1.4607103,1.7933346,3.8722014,4.001923,3.8711982,2.2339277
2065-12-08 12:00:00,2.7222252,2.5463207,5.6487246,6.5719748,4.84123,4.484422
2065-12-09 12:00:00,2.9608295,2.5150645,6.04889,5.9070826,6.7453327,4.549697
2065-12-10 12:00:00,3.1975756,2.9523957,5.2384663,6.6800265,6.37339,4.588942
2065-12-11 12:00:00,1.5222526,1.3741643,4.3552747,3.0005653,5.9011927,2.1296027
2065-12-12 12:00:00,2.8421302,2.3760192,4.7299933,4.428408,5.849975,2.818317
2065-12-13 12:00:00,3.027775,2.5917284,4.4782295,3.7424495,3.853346,3.1515167
2065-12-14 12:00:00,2.0237532,1.9702096,5.5538526,4.9111204,5.095244,4.3215437
2065-12-15 12:00:00,2.445025,2.1597986,5.962231,4.384305,3.6484916,3.12861
2065-12-16 12:00:00,2.0320377,1.6662718,4.521451,4.365658,5.5183363,2.1585581
2065-12-17 12:00:00,2.2992215,2.0129313,3.5313382,3.4948423,6.836807,1.8993196
2065-12-18 12:00:00,0.69330025,0.98522896,2.4106328,4.0033436,5.750791,2.6811023
2065-12-19 12:00:00,2.2737532,2.1053386,4.278113,5.369153,5.7827706,3.42924
2065-12-20 12:00:00,0.95513725,0.8778544,2.0463645,3.9006133,5.86708,1.6072525
2065-12-21 12:00:00,4.922864,4.2931013,6.05543,6.50661,5.1602035,4.723229
2065-12-22 12:00:00,3.5638607,2.8480942,4.324832,3.440292,4.401289,2.3745382
2065-12-23 12:00:00,1.1800015,1.5997411,2.4649205,5.7077765,4.2441783,2.2643123
2065-12-24 12:00:00,1.8415463,1.7745612,5.2484517,5.2435336,5.0415483,3.8965762
2065-12-25 12:00:00,1.5260625,1.4446062,4.6413097,3.9998186,3.6483412,3.5392063
2065-12-26 12:00:00,2.015655,1.7704614,2.9106214,2.1807635,2.7126338,2.1382012
2065-12-27 12:00:00,2.7641823,1.944944,2.6359708,2.1165135,2.5302014,1.9642856
2065-12-28 12:00:00,0.84462833,1.0770073,2.5124397,2.0807548,2.5256214,1.76337
2065-12-29 12:00:00,0.6283585,1.1286737,2.6538143,2.805329,3.970148,1.8111612
2065-12-30 12:00:00,0.7880832,1.2936457,2.3806324,2.956253,4.6799884,1.8662755
2065-12-31 12:00:00,0.94523257,1.3326815,2.5208561,3.229071,4.7916975,2.097884
