,Norway,NO1,NO2,NO3,NO4,NO5
2036-01-01 12:00:00,3.9724398,3.2122295,6.007737,5.5164247,5.728913,3.97862
2036-01-02 12:00:00,3.323074,2.8809612,5.8393993,4.5093613,6.106254,3.7029657
2036-01-03 12:00:00,1.0620553,1.1689756,2.7358358,1.882882,4.6746306,1.8259504
2036-01-04 12:00:00,1.4943573,1.4649738,3.3177369,3.3137302,4.3122134,2.6746418
2036-01-05 12:00:00,2.4428215,2.1120973,3.6234117,3.6997838,4.4652104,2.3426323
2036-01-06 12:00:00,2.673024,2.135454,4.3993773,3.3754964,4.6255593,3.0579288
2036-01-07 12:00:00,1.544595,1.4225291,4.970809,6.0183487,4.866699,4.1381636
2036-01-08 12:00:00,1.4354765,2.0612373,5.454735,7.7478313,7.7221875,5.075746
2036-01-09 12:00:00,1.8802425,1.6147246,5.140446,5.3688774,6.7343135,4.276001
2036-01-10 12:00:00,2.1896365,2.263407,6.2649164,5.5999866,7.165336,4.9429064
2036-01-11 12:00:00,1.6812773,1.4331836,5.2116313,5.0164895,6.449131,2.7313972
2036-01-12 12:00:00,2.068995,1.4086916,4.9126863,3.0261426,3.9561892,2.519016
2036-01-13 12:00:00,2.4571924,1.5920589,4.70047,3.54606,3.6554165,2.5495758
2036-01-14 12:00:00,2.7760446,1.788895,3.0949368,3.991221,5.6149955,1.9897734
2036-01-15 12:00:00,1.9030504,1.4356,2.5827162,2.8754778,4.7425146,1.7124331
2036-01-16 12:00:00,1.156068,1.192462,4.521757,4.862299,3.3198552,4.0516505
2036-01-17 12:00:00,1.3251219,1.5817949,4.902566,7.093325,5.402148,3.4652636
2036-01-18 12:00:00,1.3282496,1.354383,4.098488,4.8928857,6.1101236,2.8291714
2036-01-19 12:00:00,0.94432855,0.9317802,2.6131237,4.58912,5.7184844,2.6730068
2036-01-20 12:00:00,2.0903838,2.0506203,4.03493,3.2902808,5.3611937,2.623585
2036-01-21 12:00:00,3.03469,2.0820096,4.175086,2.7002356,5.403286,2.141782
2036-01-22 12:00:00,1.6089245,1.3085657,3.0411718,3.3634775,4.9535875,2.3773866
2036-01-23 12:00:00,0.77876806,1.08873,3.29536,4.5048203,4.597476,2.982331
2036-01-24 12:00:00,1.2536428,1.4210691,2.9314077,3.829631,4.8829703,2.2033467
2036-01-25 12:00:00,1.7577101,1.697081,3.4113379,2.2413177,3.8915396,2.27125
2036-01-26 12:00:00,1.0653661,1.2241262,2.2233036,3.284892,5.3152266,2.1886177
2036-01-27 12:00:00,1.017898,1.524691,2.7618144,4.59968,4.2536407,2.2318106
2036-01-28 12:00:00,1.5394877,1.835447,3.4580874,3.570867,2.9758048,1.9889117
2036-01-29 12:00:00,1.191881,1.3513724,2.6058147,2.771762,3.7609208,1.638077
2036-01-30 12:00:00,1.181925,1.1932408,2.6918347,6.7104545,6.1332846,3.1539276
2036-01-31 12:00:00,1.6245434,1.6154314,4.3589935,7.0201163,6.3160763,4.638141
2036-02-01 12:00:00,0.8691007,1.0733106,3.0752478,3.0926,5.0171666,2.5380647
2036-02-02 12:00:00,1.1387174,1.1229671,2.8275807,1.6339232,4.784638,1.4567773
2036-02-03 12:00:00,1.4640396,1.0972791,3.9914646,2.5436223,5.9857283,1.7950239
2036-02-04 12:00:00,2.2562478,1.5077301,5.538981,3.1327505,3.955352,2.388254
2036-02-05 12:00:00,2.8357353,1.922023,5.4696264,3.7838116,3.8267102,2.4041572
2036-02-06 12:00:00,2.1533966,1.6576148,4.3898177,4.119706,4.399914,2.4950776
2036-02-07 12:00:00,0.985035,1.1602802,4.0885463,4.900197,5.0323606,2.8934114
2036-02-08 12:00:00,0.6626233,0.762191,4.2201967,4.3217983,5.8244815,2.9075675
2036-02-09 12:00:00,0.9409151,0.87589586,4.82007,2.9852662,7.448671,2.7841544
2036-02-10 12:00:00,1.5533417,1.2118646,6.1625705,3.148803,5.5016427,2.9534874
2036-02-11 12:00:00,2.16039,1.6491119,6.063179,3.3570356,3.3057525,3.048884
2036-02-12 12:00:00,1.5807912,1.3525562,5.522608,3.327834,4.1589503,2.6623602
2036-02-13 12:00:00,2.1730947,1.5784643,4.9679236,3.272145,5.528166,2.5567338
2036-02-14 12:00:00,2.3891659,1.653938,3.8872519,2.8249533,5.0604687,1.9197905
2036-02-15 12:00:00,1.7147306,1.4357271,2.8683398,3.4765258,5.366622,1.8085439
2036-02-16 12:00:00,2.2129135,1.6936802,5.606263,2.6947675,4.387904,2.8656988
2036-02-17 12:00:00,2.7309172,1.882934,5.9329486,4.108441,4.341983,3.2909422
2036-02-18 12:00:00,3.1346855,2.3053112,4.6688657,4.668783,4.07699,3.303164
2036-02-19 12:00:00,1.9554178,1.5796956,4.639242,4.5096545,5.229264,2.934081
2036-02-20 12:00:00,2.3158689,2.0532753,3.9569662,4.2980647,6.220386,2.381884
2036-02-21 12:00:00,2.3772213,1.9849542,4.4986043,3.8332446,5.7531714,2.3270087
2036-02-22 12:00:00,2.6157436,1.9031433,4.4074016,2.5204964,5.215721,2.0343418
2036-02-23 12:00:00,2.816244,1.9708729,4.4750934,2.7855072,5.0243855,2.0308065
2036-02-24 12:00:00,3.4353714,2.493816,4.770796,2.8629932,4.450477,2.4024193
2036-02-25 12:00:00,1.3616354,1.347896,2.528754,4.094594,4.28565,1.9557409
2036-02-26 12:00:00,1.0118608,1.1513382,2.149287,2.0832942,3.9595995,1.4972303
2036-02-27 12:00:00,0.9428972,1.1988482,1.6117935,3.7184777,4.0696325,1.7504458
2036-02-28 12:00:00,1.5867177,1.7249175,3.3392045,4.7297745,4.4695477,2.120225
2036-02-29 12:00:00,0.9793704,1.2661695,2.4707258,4.5591164,4.565194,2.287074
2036-03-01 12:00:00,2.5481024,2.1288779,6.059466,5.861215,3.9766319,4.80755
2036-03-02 12:00:00,3.9662516,3.5650232,6.3089085,7.8640227,7.715125,5.2569737
2036-03-03 12:00:00,1.6585276,1.9602869,4.597241,5.679534,7.3205876,4.0179477
2036-03-04 12:00:00,1.1001242,1.3972157,5.148195,4.023904,5.084199,3.7907104
2036-03-05 12:00:00,0.99565625,1.3525891,6.015711,3.8699703,6.9138994,4.0474224
2036-03-06 12:00:00,0.9174057,1.0520309,6.3502007,3.8924282,4.958191,4.337263
2036-03-07 12:00:00,1.2278922,1.1263117,4.6068344,2.620574,4.1407247,2.83046
2036-03-08 12:00:00,1.9836385,1.6003451,5.3538895,2.8054278,6.041625,2.4560492
2036-03-09 12:00:00,2.1219032,1.7711301,6.3677487,3.195024,5.80751,3.08036
2036-03-10 12:00:00,1.713876,1.5956541,6.169527,3.8465323,3.5891929,3.592736
2036-03-11 12:00:00,2.7406058,2.3606067,7.1297555,4.664508,3.5219855,3.8170996
2036-03-12 12:00:00,2.406766,2.338472,4.72869,4.8626704,3.758274,2.6536245
2036-03-13 12:00:00,1.3503265,1.5834062,3.5728214,4.7643466,6.4328475,3.2511976
2036-03-14 12:00:00,2.5336223,2.4314113,4.0154767,5.595063,6.5872273,3.3372796
2036-03-15 12:00:00,1.8151948,1.6061136,3.3371043,5.420218,5.530823,3.1119053
2036-03-16 12:00:00,2.5333257,2.2532449,3.8052804,6.887329,5.0742974,4.0370946
2036-03-17 12:00:00,2.2700562,2.0920794,3.048285,6.7168984,5.0747657,3.4906347
2036-03-18 12:00:00,3.6732864,2.9615574,5.9220185,6.3313613,4.7228665,4.8835397
2036-03-19 12:00:00,5.015977,4.3350177,8.225105,7.510089,4.8884487,6.5642195
2036-03-20 12:00:00,3.7629216,3.4608498,6.610949,5.7427735,3.363595,4.3057866
2036-03-21 12:00:00,2.5615325,2.385466,5.0590754,6.1291313,3.2981613,4.040464
2036-03-22 12:00:00,1.9623618,1.626932,5.0198746,3.2746785,3.2435617,3.9213257
2036-03-23 12:00:00,1.4655647,1.5013196,4.1395984,3.8582208,3.0816462,3.131557
2036-03-24 12:00:00,2.2232785,1.9997017,3.975783,4.444289,3.665623,3.156434
2036-03-25 12:00:00,3.421087,3.0749462,3.4374166,4.63462,4.847921,2.5624068
2036-03-26 12:00:00,1.9870079,1.8477069,3.1042862,4.473768,5.1892157,2.3293536
2036-03-27 12:00:00,2.1011112,1.9402683,3.910042,3.8933053,5.139558,2.2026403
2036-03-28 12:00:00,1.5708737,1.4726464,3.2336857,3.5492778,5.870322,2.4836059
2036-03-29 12:00:00,2.2004294,1.7436721,3.9130373,4.4169254,5.3794637,2.429
2036-03-30 12:00:00,2.3112953,2.1641264,4.445139,3.8256876,4.5999627,1.8376361
2036-03-31 12:00:00,2.0342503,1.9756839,5.114543,3.6141007,4.6095786,3.951869
2036-04-01 12:00:00,3.795036,3.3909738,6.711905,4.709321,4.934964,5.0236044
2036-04-02 12:00:00,2.2921858,2.3260808,3.6763878,4.7551417,4.9126515,2.9292111
2036-04-03 12:00:00,2.98687,2.7999911,3.4528263,5.5245037,3.7383924,3.6787074
2036-04-04 12:00:00,0.9645624,1.295107,2.509706,3.4917505,3.7342694,1.6237707
2036-04-05 12:00:00,3.0487118,2.8021421,4.7759905,5.2519135,3.724547,3.0086443
2036-04-06 12:00:00,2.468259,2.1492934,2.9645128,4.115541,4.5879736,2.5702891
2036-04-07 12:00:00,2.1868083,1.9017646,3.311346,3.1284366,4.6142516,3.1786482
2036-04-08 12:00:00,2.4169168,1.8048663,3.9203928,4.343515,4.3052077,3.339696
2036-04-09 12:00:00,1.6373783,1.6832978,3.9453337,3.6917298,4.41308,3.0690274
2036-04-10 12:00:00,1.6197854,1.2357929,2.130323,3.1641953,4.682,1.8927017
2036-04-11 12:00:00,2.0148365,1.689271,2.8523831,2.7747984,4.786273,1.6499877
2036-04-12 12:00:00,2.3902822,2.1131558,2.750814,6.545429,7.074565,2.648721
2036-04-13 12:00:00,2.168068,2.0286305,3.382986,3.785407,5.7268767,2.2495635
2036-04-14 12:00:00,2.068375,1.6243209,2.9543335,2.1499307,4.808933,2.1720002
2036-04-15 12:00:00,0.98269606,0.9736708,1.6665071,2.2924738,5.464064,1.2603577
2036-04-16 12:00:00,1.0345525,0.9280991,1.4289683,2.281767,6.4871645,1.1573727
2036-04-17 12:00:00,1.6017256,1.3181714,1.546977,2.6022696,5.1691093,1.299935
2036-04-18 12:00:00,2.2128308,1.7803471,2.6532815,4.105399,5.403665,2.2244263
2036-04-19 12:00:00,1.7840029,1.6143562,3.3960974,3.884523,6.5958023,2.9088502
2036-04-20 12:00:00,3.6830337,3.376981,4.788082,6.9472637,6.3705373,4.1996984
2036-04-21 12:00:00,2.1360865,2.181397,2.6545658,4.68089,6.5982003,1.8828084
2036-04-22 12:00:00,1.4144204,1.3040338,2.3760185,3.2472413,6.663351,1.5001011
2036-04-23 12:00:00,1.3466861,1.3094053,2.3966217,3.7052636,6.806053,1.6232812
2036-04-24 12:00:00,2.1324296,2.0926685,2.5885465,4.263977,5.470733,1.7093295
2036-04-25 12:00:00,3.0089574,2.3132558,3.0840273,3.7864432,3.9202726,1.7801723
2036-04-26 12:00:00,2.8673577,2.2847483,4.507265,3.7785144,4.486338,2.2021837
2036-04-27 12:00:00,3.306414,3.1822271,5.8549814,4.849758,4.607322,3.1042833
2036-04-28 12:00:00,1.9667566,2.407053,3.7843473,5.536636,5.4910116,3.1578789
2036-04-29 12:00:00,2.2828443,2.3645992,3.6801949,6.7330685,5.518523,3.3175244
2036-04-30 12:00:00,1.7877781,1.3987658,3.281658,3.0553312,6.0040164,2.137298
2036-05-01 12:00:00,1.9394907,1.9163302,4.8644996,3.4712815,4.6666965,2.5633411
2036-05-02 12:00:00,2.6353052,2.3651967,4.7498803,3.51037,3.1841898,2.594144
2036-05-03 12:00:00,3.292962,2.977866,4.290737,4.3718185,4.82392,2.453608
2036-05-04 12:00:00,2.796023,2.555222,4.447335,4.1494155,5.3703113,2.6288605
2036-05-05 12:00:00,2.5742285,2.4564035,2.8392155,3.5654635,4.106053,1.8937703
2036-05-06 12:00:00,1.1768979,1.3277712,1.8836586,2.8857265,3.4568074,1.466968
2036-05-07 12:00:00,1.614428,1.4112352,3.3090298,2.2493317,2.593412,1.6054952
2036-05-08 12:00:00,1.4055102,1.3014668,3.87835,2.1678677,2.6674068,1.6848923
2036-05-09 12:00:00,0.92834306,1.0998263,2.7259734,2.2820144,3.9046593,1.5182942
2036-05-10 12:00:00,1.3191557,1.206142,1.8705676,1.8608131,5.0569005,1.5751821
2036-05-11 12:00:00,1.0929455,1.2550266,2.145791,2.0640745,3.818259,1.7979884
2036-05-12 12:00:00,2.8132422,2.2136674,2.880432,2.3391137,3.1127794,1.7467782
2036-05-13 12:00:00,2.0981379,1.7135679,2.4334278,2.1213095,2.5145123,1.4460719
2036-05-14 12:00:00,2.211604,1.8186815,2.6208344,2.0059705,3.5921016,1.6075085
2036-05-15 12:00:00,2.3703997,2.3077295,3.5651233,3.2495708,4.8781867,2.1578214
2036-05-16 12:00:00,2.3569727,1.9307498,4.2379766,4.567691,5.536859,2.709751
2036-05-17 12:00:00,1.8405088,1.6451412,3.7429564,2.4683783,4.3554316,2.1908865
2036-05-18 12:00:00,2.2896128,2.397916,3.8925338,2.5019536,4.3209376,2.1222198
2036-05-19 12:00:00,2.4528942,2.2236423,4.634464,4.7468214,5.7343273,3.5539262
2036-05-20 12:00:00,2.6928682,2.7352247,4.7209277,5.126153,6.2802415,3.28221
2036-05-21 12:00:00,1.6963515,1.822405,2.5262015,3.3582923,3.9635363,1.599733
2036-05-22 12:00:00,1.2761061,1.1184515,2.0019555,3.311539,2.7844462,1.3350018
2036-05-23 12:00:00,0.8447493,1.0388128,1.7875412,2.8834007,2.5574763,1.2765788
2036-05-24 12:00:00,1.2563198,1.2243828,1.9935206,2.7510235,2.7232354,1.3038142
2036-05-25 12:00:00,1.261558,1.1609405,2.7055087,2.984985,4.0192175,1.3186132
2036-05-26 12:00:00,2.0794177,1.679273,2.9660444,3.827081,4.3630924,1.6183096
2036-05-27 12:00:00,1.7488883,1.432339,2.1413279,3.6943219,4.4336057,1.4155368
2036-05-28 12:00:00,1.585614,1.4292804,2.2116141,2.0744896,3.317433,1.4650587
2036-05-29 12:00:00,1.5692234,1.5459335,2.0596528,1.9440662,2.4126532,1.6503694
2036-05-30 12:00:00,2.0002306,1.7151583,2.0139396,2.3829296,2.2682254,1.5796975
2036-05-31 12:00:00,2.6564107,2.2974932,2.5832775,3.7798176,2.6859841,1.8703403
2036-06-01 12:00:00,3.5369277,2.9536362,3.878059,3.7554479,2.1108673,2.6025815
2036-06-02 12:00:00,3.7476342,3.2252944,3.8638067,3.5909595,1.9719293,2.2078006
2036-06-03 12:00:00,3.4045582,2.9958751,4.0740705,3.378322,3.2195294,2.4007678
2036-06-04 12:00:00,3.2587442,2.7736588,5.359758,2.9897208,3.0112484,2.3732145
2036-06-05 12:00:00,3.6026485,3.0033538,5.3736305,2.8856773,2.046416,2.4136088
2036-06-06 12:00:00,3.2828698,3.037339,4.8724318,3.6634357,2.4413216,3.1252234
2036-06-07 12:00:00,1.6422794,1.2859935,3.1723416,2.7379074,2.9766912,2.1932766
2036-06-08 12:00:00,2.5092936,2.1991343,3.9241328,3.3408182,3.4330363,2.8545766
2036-06-09 12:00:00,3.1931303,2.7041423,3.7266364,3.6774619,4.4006553,2.4861135
2036-06-10 12:00:00,2.4597244,1.9813914,3.0573785,3.1602306,3.7562544,2.0013034
2036-06-11 12:00:00,2.3797078,2.0131736,2.9928129,2.6438892,2.7576342,2.3672872
2036-06-12 12:00:00,2.1949675,2.1272345,2.63856,2.4920201,3.1656578,1.7406332
2036-06-13 12:00:00,2.224969,2.02886,3.067454,1.9437251,4.9149523,1.7965165
2036-06-14 12:00:00,2.051251,1.6764681,2.5252006,2.199542,4.7657666,1.7398356
2036-06-15 12:00:00,2.7181473,2.0646713,2.99629,3.2540312,3.8153687,2.1784208
2036-06-16 12:00:00,2.8574474,2.4015212,3.6706088,3.4617126,3.1709316,2.3979177
2036-06-17 12:00:00,4.401768,3.5118475,3.4997566,5.6713147,5.9345136,2.5134897
2036-06-18 12:00:00,2.0837,1.962385,3.688864,4.6085057,5.0767035,2.625841
2036-06-19 12:00:00,3.6066358,3.0889304,5.4672685,3.5675063,3.384489,2.8158667
2036-06-20 12:00:00,2.3401294,2.155039,2.9319174,3.9204965,3.7407558,2.1848187
2036-06-21 12:00:00,2.2685213,2.4574213,4.5089135,3.0049868,2.7643743,2.5228293
2036-06-22 12:00:00,1.8764093,1.9227428,2.1335819,3.3958554,4.747846,1.3201445
2036-06-23 12:00:00,1.9595249,1.9473932,5.3974085,3.3063762,4.4680886,2.7421923
2036-06-24 12:00:00,3.4790103,2.8459523,5.150139,4.215856,3.3132253,3.2301087
2036-06-25 12:00:00,2.2915282,2.387962,3.6832678,4.277305,2.9163678,2.9527779
2036-06-26 12:00:00,1.8556354,1.7142221,3.7461324,2.8190799,3.3273952,2.5945492
2036-06-27 12:00:00,2.4753022,2.3169472,3.940162,3.1199527,3.0241907,2.179127
2036-06-28 12:00:00,1.3788159,1.4826747,3.215831,2.562712,2.5442927,2.2253501
2036-06-29 12:00:00,1.6351559,1.5163383,3.072458,2.569395,2.5051422,1.5836219
2036-06-30 12:00:00,0.89884937,1.0118961,3.3166466,3.9148362,3.4611807,2.0135922
2036-07-01 12:00:00,0.9260043,1.2694489,3.7229035,4.880715,4.4889574,2.0646658
2036-07-02 12:00:00,1.2074268,1.2278202,2.9590738,2.8143709,4.84936,1.5197389
2036-07-03 12:00:00,0.7954891,1.0181559,1.8414638,1.6395036,2.684553,1.4071681
2036-07-04 12:00:00,0.76033604,1.0080056,1.8918972,2.5916557,3.3800402,1.7951523
2036-07-05 12:00:00,0.9639298,1.0496267,1.8676674,3.3011124,4.7796717,1.2571515
2036-07-06 12:00:00,1.1929162,1.122319,1.6784729,3.9630046,4.9330974,1.1459647
2036-07-07 12:00:00,1.2715027,1.3032601,2.300369,3.664521,3.6658256,1.1979563
2036-07-08 12:00:00,1.2527931,1.1654328,2.3289602,3.9654088,3.9561343,1.3842747
2036-07-09 12:00:00,1.0182796,1.0751069,1.8317556,4.336363,4.1336393,1.1234834
2036-07-10 12:00:00,1.6258543,1.4213842,3.4733996,4.2860427,2.8131967,2.343473
2036-07-11 12:00:00,2.4127357,1.9465975,3.2806942,3.4172137,4.177604,2.5252428
2036-07-12 12:00:00,1.5342162,1.4727867,4.090026,3.6071656,3.686278,1.6245368
2036-07-13 12:00:00,1.8557477,1.7215583,2.880326,2.5047314,2.485895,1.6623406
2036-07-14 12:00:00,1.7562106,1.5381036,3.299782,2.4336398,2.138812,2.2912142
2036-07-15 12:00:00,2.0825665,2.0020263,2.207934,4.574973,3.3449428,2.454362
2036-07-16 12:00:00,1.0369446,1.0988356,1.6163385,2.7466848,4.0635595,1.826026
2036-07-17 12:00:00,2.192807,1.8927597,3.0872958,3.3616698,2.5631633,1.6731488
2036-07-18 12:00:00,2.0664928,2.0653558,3.2760518,3.5684357,2.9208047,2.9105897
2036-07-19 12:00:00,2.677384,2.2695193,2.5932174,3.1473825,3.2544997,1.8728913
2036-07-20 12:00:00,1.0000808,1.0633291,2.2572842,2.0235908,3.2264397,1.3821579
2036-07-21 12:00:00,0.9112567,1.0484227,1.6497902,2.9063964,3.311303,1.1309446
2036-07-22 12:00:00,1.4222177,1.2598641,3.4005363,2.556971,3.0050704,1.5581735
2036-07-23 12:00:00,2.4427516,1.9477673,3.8005974,2.7012806,2.5398054,2.0956013
2036-07-24 12:00:00,2.6936867,2.2420812,2.7513697,2.8700655,2.4127355,2.0407412
2036-07-25 12:00:00,3.3273525,2.640769,2.923489,4.196084,3.1313004,2.7857618
2036-07-26 12:00:00,1.6376452,1.4698495,2.8107142,2.510429,4.1339636,1.3814886
2036-07-27 12:00:00,1.7503891,1.799015,2.599413,2.6460288,3.985377,1.4296011
2036-07-28 12:00:00,2.1686666,1.6880399,2.7236953,2.0778723,2.7361279,1.7483578
2036-07-29 12:00:00,2.5285778,1.8989403,2.8022046,2.181305,2.787538,1.8580893
2036-07-30 12:00:00,1.6568084,1.5656565,3.1734555,2.739799,3.324062,1.956453
2036-07-31 12:00:00,2.0014148,1.8509616,2.3947375,2.956208,3.237618,1.9834613
2036-08-01 12:00:00,1.6783352,1.4470122,2.6118934,2.7084312,3.2196834,1.8044025
2036-08-02 12:00:00,2.2247782,1.937292,3.3466501,3.6247375,3.6055326,2.2016008
2036-08-03 12:00:00,2.2709622,2.0931883,4.3588495,3.6735868,3.4350817,2.6716363
2036-08-04 12:00:00,2.9246728,2.6174483,2.7756464,3.6129398,2.9643705,2.236591
2036-08-05 12:00:00,2.844821,2.5338438,2.6037412,3.2787907,2.5559618,2.0376368
2036-08-06 12:00:00,1.3024348,1.5381463,4.131885,3.3058834,2.678236,2.2652051
2036-08-07 12:00:00,1.3543974,1.4698493,2.8984194,2.8457136,2.967503,2.1132483
2036-08-08 12:00:00,2.0692809,1.645351,3.9924445,2.993322,3.1770408,2.308997
2036-08-09 12:00:00,2.7363687,2.311658,3.2116327,3.1879575,2.9439213,2.51087
2036-08-10 12:00:00,2.868962,2.5758195,3.6876001,3.262435,2.8784523,3.1372812
2036-08-11 12:00:00,1.724339,1.9739153,4.910107,2.3764498,3.5601728,2.981766
2036-08-12 12:00:00,2.1814828,2.4647806,5.1885176,2.4823174,3.5783339,2.8164434
2036-08-13 12:00:00,1.9679761,1.9747164,3.3016107,3.5043895,4.033847,2.1151066
2036-08-14 12:00:00,1.9093219,1.5513316,2.5227964,3.376741,5.1933794,1.3617224
2036-08-15 12:00:00,1.147527,1.0952814,1.9768639,2.9038105,4.779692,1.1518989
2036-08-16 12:00:00,1.6643436,1.3803642,1.8131263,2.727431,4.204193,1.4385396
2036-08-17 12:00:00,1.9381969,1.4391795,1.9981496,4.276306,2.7613368,1.2087382
2036-08-18 12:00:00,1.9353486,1.5858699,2.1963446,4.150609,2.855917,1.7544186
2036-08-19 12:00:00,1.3492147,1.585906,3.57884,3.1760466,3.0461774,2.2068877
2036-08-20 12:00:00,3.0467806,2.6759224,3.952893,3.5765247,2.6135163,2.458376
2036-08-21 12:00:00,2.1832838,2.056248,2.9369395,2.3664567,1.8921252,1.5775625
2036-08-22 12:00:00,3.481236,2.9111688,3.7551281,2.6290877,2.7968504,2.4611654
2036-08-23 12:00:00,3.3085823,2.7199929,3.1924105,3.8753476,2.6897361,2.075266
2036-08-24 12:00:00,2.3097925,1.8882228,2.9727538,3.1641371,2.8032603,2.0793164
2036-08-25 12:00:00,1.9000967,1.618451,2.3099885,2.740683,3.064945,1.6901798
2036-08-26 12:00:00,2.0904167,1.5532875,2.4685497,2.764979,2.0903738,2.0674634
2036-08-27 12:00:00,1.7795038,1.3802862,1.9874207,3.5010371,3.6577458,1.1819569
2036-08-28 12:00:00,1.5020323,1.1743101,2.5154145,2.5895824,4.330972,1.1906872
2036-08-29 12:00:00,1.3333306,1.2229968,2.605873,1.4800687,2.6683116,1.0764071
2036-08-30 12:00:00,1.7199856,1.2385907,2.9733605,2.0809045,3.8442526,1.9111012
2036-08-31 12:00:00,0.9692153,1.1497256,2.8946278,3.0001643,4.784273,2.9337032
2036-09-01 12:00:00,1.5259326,1.3633561,2.2851439,4.088139,4.2700024,2.2332454
2036-09-02 12:00:00,1.0796413,1.0273125,1.9807273,3.0276866,3.4642367,1.5831889
2036-09-03 12:00:00,1.1379759,1.4171379,2.059504,4.050199,3.1198041,1.4731244
2036-09-04 12:00:00,1.5882714,1.4974138,2.5207002,3.598206,2.6876848,1.1363989
2036-09-05 12:00:00,1.5738716,1.3859565,3.1191425,1.8798062,3.1611838,1.3864386
2036-09-06 12:00:00,2.4032314,1.6305168,2.6355736,1.6876827,2.577776,1.2971392
2036-09-07 12:00:00,1.6274722,1.3765862,3.0518212,1.9608573,2.1690023,2.4106328
2036-09-08 12:00:00,2.8274937,2.1278512,4.2955465,3.1984556,3.6872404,3.2858818
2036-09-09 12:00:00,3.7811353,3.4088266,5.1575937,6.3417106,5.4494867,3.4703364
2036-09-10 12:00:00,2.264823,2.1397567,4.9419637,5.303898,7.3251143,3.5739949
2036-09-11 12:00:00,2.631627,2.725457,4.7759147,4.8536735,4.712119,3.4567297
2036-09-12 12:00:00,3.6964164,3.3905613,4.819629,5.050616,4.035943,3.4594877
2036-09-13 12:00:00,3.1428504,2.7983668,5.124778,4.6162944,5.341566,3.155144
2036-09-14 12:00:00,2.7749352,2.5842283,4.2285557,5.145383,5.522935,3.301007
2036-09-15 12:00:00,3.613563,2.824177,5.2982464,3.2113469,6.58263,3.1514897
2036-09-16 12:00:00,2.9854035,2.7431934,4.3801475,3.2975333,3.0331287,3.6046717
2036-09-17 12:00:00,1.6647213,1.7699472,4.2111073,2.9864097,2.10534,2.7287786
2036-09-18 12:00:00,1.9787116,2.1841838,4.9797254,4.807331,3.5528455,3.5935676
2036-09-19 12:00:00,2.3555226,2.4556963,3.7682908,5.3641605,5.5760875,2.8683856
2036-09-20 12:00:00,1.5511699,1.3662897,2.4965723,3.309382,8.459454,2.139783
2036-09-21 12:00:00,1.7172042,1.5243189,4.1404724,2.5108283,6.2656226,2.101013
2036-09-22 12:00:00,1.6426464,1.4450743,4.2776904,2.1622877,4.223677,2.2355065
2036-09-23 12:00:00,1.634886,1.3452634,4.4503856,2.884073,4.5167284,2.3757446
2036-09-24 12:00:00,2.1574264,1.7297976,4.447668,3.0766726,3.7081747,2.7362874
2036-09-25 12:00:00,2.8777,2.3729205,5.319716,3.9847722,4.0756035,2.807101
2036-09-26 12:00:00,2.2909322,2.0412357,3.8233712,3.4868236,5.5952234,2.3281329
2036-09-27 12:00:00,2.0916085,1.9641445,3.5443835,2.4218237,4.076175,2.7699256
2036-09-28 12:00:00,1.1847081,1.0978531,2.0804029,3.0618205,3.3786907,1.291296
2036-09-29 12:00:00,1.3271956,1.7802614,2.985854,3.2420678,3.2034168,1.4493519
2036-09-30 12:00:00,2.093291,1.7856598,4.4584,3.745811,4.432319,2.8794708
2036-10-01 12:00:00,3.6688852,2.9658544,5.785557,3.8501348,3.5168421,3.3694763
2036-10-02 12:00:00,3.1761613,2.6782978,5.026578,3.9223022,2.3606412,3.7934885
2036-10-03 12:00:00,1.8076437,1.6002519,3.172728,2.6793463,3.5611987,2.2767656
2036-10-04 12:00:00,1.8581314,1.8764246,3.5544846,4.2104106,5.936414,2.518615
2036-10-05 12:00:00,1.0434864,1.4408025,3.1203606,3.9306772,5.8243356,2.1739337
2036-10-06 12:00:00,1.4360814,1.8567014,3.4123836,4.631403,7.2514377,2.2652464
2036-10-07 12:00:00,1.8790178,2.121776,4.049359,4.4050736,7.8283844,3.0925312
2036-10-08 12:00:00,2.2648087,2.0330195,3.2557464,3.0963366,4.943522,2.3425543
2036-10-09 12:00:00,1.6993036,2.0554316,3.5567207,5.754795,3.8411074,2.7371778
2036-10-10 12:00:00,2.5998363,2.5766413,5.017427,5.1404886,3.938849,3.583224
2036-10-11 12:00:00,3.3122532,2.616119,4.0589957,2.9293551,3.3165183,2.6891315
2036-10-12 12:00:00,3.4795363,2.6933992,4.594702,3.1761668,2.4485686,2.3165095
2036-10-13 12:00:00,4.3938,3.384476,4.1999125,2.8337922,2.2522483,2.4165194
2036-10-14 12:00:00,2.6805959,2.1655269,3.2761226,2.1111329,1.8080409,2.1807857
2036-10-15 12:00:00,2.5430963,1.9082785,3.3646774,2.6273994,2.3555129,1.6512933
2036-10-16 12:00:00,1.481016,1.294797,3.849569,3.2286751,4.3052764,2.377652
2036-10-17 12:00:00,2.4751008,2.2194688,4.445682,4.753947,4.961271,3.3376544
2036-10-18 12:00:00,2.1768184,1.54996,3.702164,3.1939325,3.8879726,2.1819034
2036-10-19 12:00:00,2.8611512,1.8013939,4.3327127,2.4008024,3.2131944,1.6905856
2036-10-20 12:00:00,2.6989899,1.7795748,3.9717407,2.5040224,4.0658584,1.6570028
2036-10-21 12:00:00,1.6705925,1.2369907,3.6515605,3.2636447,4.425883,1.231317
2036-10-22 12:00:00,1.5197898,1.0092179,2.3832319,2.366089,3.9522712,2.2326505
2036-10-23 12:00:00,1.4149411,0.9874113,2.6698189,1.7454499,4.2352386,1.6763195
2036-10-24 12:00:00,1.9338169,1.483866,3.3831165,2.1612492,3.231135,1.5221405
2036-10-25 12:00:00,2.5555136,1.8229961,3.364442,3.2619886,2.8048701,1.5140729
2036-10-26 12:00:00,1.0928999,0.91639805,2.2218428,2.1880443,3.3166368,1.416402
2036-10-27 12:00:00,1.6201503,1.6949342,4.8401933,2.4391837,3.6941,2.3971305
2036-10-28 12:00:00,1.484729,1.5805901,3.3020282,3.092612,3.4099014,2.1606658
2036-10-29 12:00:00,2.6184635,2.2520945,4.308632,3.7220054,2.8382452,2.4302564
2036-10-30 12:00:00,2.420243,1.7229235,2.9795527,2.5577612,2.613146,1.3968303
2036-10-31 12:00:00,0.94610506,1.2171918,1.7008722,2.6300318,2.7470093,1.4318861
2036-11-01 12:00:00,1.8969154,1.9401002,2.253229,3.072191,2.103474,1.7724597
2036-11-02 12:00:00,1.8314283,1.4137741,3.3272977,2.1862688,1.78697,1.842545
2036-11-03 12:00:00,0.7747451,1.0160813,1.9235914,1.8314593,2.0959487,1.3373106
2036-11-04 12:00:00,1.3826482,1.5640795,2.415893,2.1346147,2.8593547,2.0680122
2036-11-05 12:00:00,1.8223425,1.5044308,3.0891058,2.1032538,3.3170774,1.79015
2036-11-06 12:00:00,3.1135826,2.2430873,3.971773,2.7017202,6.2411695,2.1016386
2036-11-07 12:00:00,3.8597183,3.0457656,4.441838,3.2194052,4.0463243,2.1584895
2036-11-08 12:00:00,3.1556587,2.479664,3.6133575,3.2187612,3.2941382,1.7288206
2036-11-09 12:00:00,3.412608,2.6919076,4.0409594,3.2948394,2.3754866,2.3575406
2036-11-10 12:00:00,3.4849706,2.4960856,3.2586563,2.4831758,2.4419634,1.7334622
2036-11-11 12:00:00,1.7334431,1.3433167,2.043061,2.2788532,2.9776464,1.4577081
2036-11-12 12:00:00,1.4904356,1.1591665,2.806802,2.3621306,3.0084417,1.4472532
2036-11-13 12:00:00,1.8613168,1.542181,3.0110466,2.0379648,2.921289,1.9982111
2036-11-14 12:00:00,1.0909094,1.2340207,4.2217793,3.957359,5.2649527,3.0444393
2036-11-15 12:00:00,1.1480871,1.3392646,5.468647,6.1688786,5.9532833,4.0949035
2036-11-16 12:00:00,3.4438262,2.8228743,6.4612303,5.9384513,7.240254,3.8707964
2036-11-17 12:00:00,2.2653873,1.9482247,3.019391,3.8795388,5.62695,2.9791758
2036-11-18 12:00:00,1.3687057,1.4712657,4.5797787,4.1246996,4.385741,3.7364948
2036-11-19 12:00:00,2.168178,2.1304371,3.8460443,5.331603,6.6160994,3.0230455
2036-11-20 12:00:00,0.93637455,1.0939306,4.370331,5.6557946,6.3139596,3.3115194
2036-11-21 12:00:00,2.094913,1.8989894,4.3923664,4.756859,5.2279162,3.2430472
2036-11-22 12:00:00,1.9843494,1.6084666,5.304947,2.755795,3.8325338,2.8988528
2036-11-23 12:00:00,2.2455783,2.4929059,3.8252025,3.3192549,3.808306,1.9542497
2036-11-24 12:00:00,1.1095243,1.4064075,2.9213915,3.428682,5.045,2.2533796
2036-11-25 12:00:00,1.8301287,1.7810458,5.758861,4.9846506,3.701191,4.361444
2036-11-26 12:00:00,3.7497296,3.2846396,5.84466,6.3429475,5.755197,3.5621498
2036-11-27 12:00:00,1.3687408,1.231584,2.541581,4.5803466,5.7786255,1.5985048
2036-11-28 12:00:00,1.6053014,1.1935759,2.0719297,2.2848268,3.2373164,1.592269
2036-11-29 12:00:00,1.0422251,0.8314318,2.591261,2.128293,2.4511957,2.1549976
2036-11-30 12:00:00,0.68528926,0.88111144,2.6622605,4.3720384,4.6738634,2.835937
2036-12-01 12:00:00,2.6461787,2.4421642,5.2090573,5.528015,5.920595,3.6554592
2036-12-02 12:00:00,1.3696691,1.6117569,3.249565,5.7013063,6.388857,3.3523488
2036-12-03 12:00:00,1.6070688,1.4783008,3.825366,5.4047904,5.5836797,2.3492546
2036-12-04 12:00:00,1.9627609,1.6628236,4.2020745,4.6732407,5.9789615,2.8389163
2036-12-05 12:00:00,3.5108614,3.0689487,5.144691,5.9247823,5.143674,2.8874335
2036-12-06 12:00:00,2.1994996,2.021117,4.1458526,3.7082012,5.5688925,2.794102
2036-12-07 12:00:00,2.1749394,1.9249505,5.321571,6.348178,5.946881,4.4034414
2036-12-08 12:00:00,4.349327,3.5509832,6.4617815,4.638659,6.515273,3.3851147
2036-12-09 12:00:00,3.0664263,3.101511,5.307688,4.3137603,4.6515846,3.2571645
2036-12-10 12:00:00,1.5266122,1.590895,2.9510238,6.289829,5.801841,3.0333462
2036-12-11 12:00:00,0.91514707,1.2284404,3.2010543,5.2968483,5.8494406,2.8731194
2036-12-12 12:00:00,2.5892997,2.4345648,5.5225406,6.315151,6.8215065,4.2326007
2036-12-13 12:00:00,1.5485054,1.2293603,2.8200953,3.6125038,7.1265607,1.5173428
2036-12-14 12:00:00,1.7177141,1.5599318,4.1841316,2.2955837,4.821539,2.4228907
2036-12-15 12:00:00,1.3567502,1.1576428,3.6104858,3.1319518,5.364248,3.0582151
2036-12-16 12:00:00,1.1133351,1.1803325,3.7810109,3.9746273,3.9901066,3.2070203
2036-12-17 12:00:00,0.917189,1.0972457,3.130901,4.4499426,3.346365,2.5305247
2036-12-18 12:00:00,3.1899157,2.550055,4.364291,4.5550537,3.3638299,2.5233006
2036-12-19 12:00:00,2.9960704,2.657401,4.8272157,3.7671762,6.6832027,2.308544
2036-12-20 12:00:00,1.7473946,1.6980172,4.589137,3.5805154,5.0904875,2.570481
2036-12-21 12:00:00,2.736748,2.265453,6.7504125,5.4006314,4.6954694,4.3048882
2036-12-22 12:00:00,3.5310283,2.8419683,8.620207,5.5309014,4.321023,4.6594853
2036-12-23 12:00:00,1.7250316,1.9595833,3.7992792,6.2778897,6.9343753,3.4500544
2036-12-24 12:00:00,4.6865554,3.8487105,7.3630834,9.621844,7.673389,5.6433096
2036-12-25 12:00:00,3.950195,2.984793,6.6103044,7.3020372,6.717368,4.5741177
2036-12-26 12:00:00,4.846609,3.4391844,7.2279887,5.570586,6.8244643,4.775597
2036-12-27 12:00:00,2.8021028,2.3008153,4.265426,5.4070296,5.19266,3.7855072
2036-12-28 12:00:00,2.4319074,1.9786413,6.3148613,6.6683946,5.6669416,4.652657
2036-12-29 12:00:00,3.0568047,2.7533581,5.4381647,5.855379,6.0501423,4.1944313
2036-12-30 12:00:00,0.9849162,1.2168658,3.1954892,4.1809964,6.2591205,2.3591254
2036-12-31 12:00:00,1.1764957,1.3925532,4.882949,4.935961,4.721777,4.22216
2037-01-01 12:00:00,3.002647,2.7325952,4.8596363,4.5924845,3.5655572,3.2903411
2037-01-02 12:00:00,1.5204891,1.5587772,3.2148468,4.0071425,5.4439793,2.7767997
2037-01-03 12:00:00,2.1166706,2.0763025,5.772036,7.1208773,5.4938474,4.659047
2037-01-04 12:00:00,2.5104299,2.1835968,5.6217313,6.7953024,5.58579,4.0195017
2037-01-05 12:00:00,1.7468309,1.6417574,3.6614754,5.2476106,4.334771,3.1579406
2037-01-06 12:00:00,2.3032837,2.354184,3.7599113,4.8690867,5.354934,2.7087035
2037-01-07 12:00:00,2.3040469,2.5212686,3.7066052,5.2658453,8.022385,2.6670516
2037-01-08 12:00:00,1.9125967,1.802175,4.187869,6.492018,5.748732,3.8549354
2037-01-09 12:00:00,1.8128469,2.5565076,6.3327312,7.675513,5.1362524,3.996763
2037-01-10 12:00:00,1.3235104,1.5530323,3.7610784,4.0320897,5.953411,3.3129148
2037-01-11 12:00:00,1.4684153,1.7277632,3.7230952,3.6907246,4.7704353,3.174781
2037-01-12 12:00:00,0.82290053,1.1219717,2.7745318,4.6773086,4.9695573,3.0645137
2037-01-13 12:00:00,0.68768644,1.0644937,3.2535348,5.6324873,7.1754045,3.8063881
2037-01-14 12:00:00,0.6371922,1.0672876,3.604146,5.3770957,4.095731,3.8199515
2037-01-15 12:00:00,0.749967,1.104322,3.6279616,4.1173854,3.3434658,3.529942
2037-01-16 12:00:00,0.8487818,1.0567176,3.499831,3.2991815,5.4641814,2.814181
2037-01-17 12:00:00,2.5718498,2.3879526,4.965198,6.8764286,5.83209,4.602467
2037-01-18 12:00:00,1.8788116,1.5951681,3.1435058,3.80441,5.6550126,1.9788187
2037-01-19 12:00:00,2.2167416,1.9433125,3.7370567,3.9597917,5.037913,2.6221442
2037-01-20 12:00:00,2.489449,2.2993727,5.767146,6.55537,7.2397594,5.0916753
2037-01-21 12:00:00,3.3544378,2.477707,5.756842,5.3912625,5.199345,4.240667
2037-01-22 12:00:00,3.9538908,3.149734,7.0920334,6.2916574,3.3056421,5.518719
2037-01-23 12:00:00,2.566772,2.2064457,5.660331,6.025066,4.2488647,3.8295174
2037-01-24 12:00:00,3.8919077,3.5625904,5.692256,5.333206,3.901069,3.7780802
2037-01-25 12:00:00,2.434589,2.2173386,5.0821867,7.2415237,5.355152,4.208351
2037-01-26 12:00:00,1.794513,2.3747404,4.6003113,8.046643,6.6974583,3.5083344
2037-01-27 12:00:00,2.2220342,2.2313218,5.3016067,7.0388083,4.902237,4.158126
2037-01-28 12:00:00,3.112523,2.8039644,6.529285,8.487181,7.0741105,5.3837
2037-01-29 12:00:00,3.4478095,2.8181074,6.2043176,7.8804226,4.8871813,4.9597344
2037-01-30 12:00:00,3.6515284,3.048864,6.6581078,6.65731,5.007835,4.689292
2037-01-31 12:00:00,3.568076,3.0607836,6.090028,5.83695,4.604863,4.3163166
2037-02-01 12:00:00,1.6482078,1.7833765,2.4681487,5.3015857,3.110072,2.3954961
2037-02-02 12:00:00,1.6512977,1.4348792,2.575821,3.953197,2.8667512,1.8005079
2037-02-03 12:00:00,4.068529,2.8776913,5.1971855,3.281692,3.1043987,2.7939432
2037-02-04 12:00:00,3.7060559,2.7854438,5.13271,4.2881727,2.8168755,2.5093143
2037-02-05 12:00:00,2.047876,2.0210135,5.322082,4.168216,5.0978613,2.6171963
2037-02-06 12:00:00,2.9212565,2.2816885,3.7348702,2.8806345,5.600033,2.2296355
2037-02-07 12:00:00,2.1459146,1.6070703,2.3110628,2.9867878,3.0372758,1.3539566
2037-02-08 12:00:00,2.1972618,1.6373587,2.8136163,3.7192843,4.221505,2.204447
2037-02-09 12:00:00,0.752866,1.0668498,1.9416294,3.803504,5.3468533,2.1782372
2037-02-10 12:00:00,0.6397556,0.9330358,2.5985672,5.8457217,5.8779325,2.1178327
2037-02-11 12:00:00,1.3973143,1.1409833,4.3087816,3.4399278,4.416631,2.4467006
2037-02-12 12:00:00,2.116046,1.4450811,4.1680565,3.3428552,5.8566427,2.5789847
2037-02-13 12:00:00,2.1748972,1.5372891,3.7811801,2.8812351,3.456319,2.3080957
2037-02-14 12:00:00,2.6035101,2.1974878,4.4589343,4.143291,3.5315654,3.0834615
2037-02-15 12:00:00,3.0098321,2.5767505,2.9024746,4.297601,4.459037,2.7628832
2037-02-16 12:00:00,2.4196768,2.0342126,4.785073,3.0977561,3.4459264,2.9794683
2037-02-17 12:00:00,1.5475851,1.4581126,3.9482164,2.6057925,3.7467613,1.8881308
2037-02-18 12:00:00,0.9102978,0.959349,3.047111,2.8072774,3.5183756,1.7537291
2037-02-19 12:00:00,2.363952,1.6138716,4.11736,2.9770029,4.1847982,1.7423599
2037-02-20 12:00:00,2.7666981,2.342069,2.0843482,3.6242487,3.9896636,1.9277161
2037-02-21 12:00:00,2.3708477,2.2015061,3.3518593,3.5676348,4.6082387,2.190101
2037-02-22 12:00:00,2.0790024,1.754364,4.2001853,5.1738257,4.887245,3.8978825
2037-02-23 12:00:00,2.349763,1.8458115,3.3810496,3.06309,3.7898943,2.7402892
2037-02-24 12:00:00,2.8712559,2.4112384,5.202891,3.5682151,3.7966018,2.4535365
2037-02-25 12:00:00,2.975522,2.489063,4.1189623,4.158837,4.2350373,2.221622
2037-02-26 12:00:00,2.1213074,1.4520811,4.045061,2.990581,4.3232713,1.6203219
2037-02-27 12:00:00,2.241767,1.5102016,3.7763863,2.455309,2.9497151,1.5885804
2037-02-28 12:00:00,1.0289974,1.1386596,2.0616236,2.9936874,2.142467,1.6219279
2037-03-01 12:00:00,1.2032032,1.4579571,2.4351664,3.391749,3.6602876,2.2487617
2037-03-02 12:00:00,1.6931133,1.9066461,2.8288436,4.0689354,5.393794,2.3621817
2037-03-03 12:00:00,1.8562553,2.4743476,3.1782181,4.518067,5.910875,2.1953533
2037-03-04 12:00:00,2.1730533,1.9278307,2.9288545,2.4139254,3.491643,2.0269697
2037-03-05 12:00:00,1.3012936,1.3879437,3.6445267,5.908895,4.081647,2.5543425
2037-03-06 12:00:00,3.1541576,2.9518285,5.5789537,6.1449766,4.644437,4.396917
2037-03-07 12:00:00,3.8288262,3.2039633,4.926331,2.8642821,3.4408412,2.7583282
2037-03-08 12:00:00,2.0203595,2.2858362,3.4213955,4.3049355,5.228284,2.5759742
2037-03-09 12:00:00,3.8863611,3.165702,4.3764997,2.1706665,4.5599875,2.8038912
2037-03-10 12:00:00,1.5906461,1.4346911,3.5345368,5.2897897,4.368756,3.7081976
2037-03-11 12:00:00,3.4818883,2.873089,4.529406,4.538107,3.9904506,2.5112247
2037-03-12 12:00:00,2.708107,2.4996972,2.5077736,3.4508834,3.4908402,1.8101004
2037-03-13 12:00:00,3.25142,2.8097959,2.408335,3.1965868,3.8923736,1.8941133
2037-03-14 12:00:00,2.4589853,1.6727207,3.0516696,2.9839315,4.800876,1.6081872
2037-03-15 12:00:00,2.4495263,1.8641387,3.9050941,3.7140636,3.8224518,2.0348017
2037-03-16 12:00:00,2.5547817,2.0174277,6.1949735,4.407729,3.4857025,3.4341588
2037-03-17 12:00:00,2.86656,2.3665667,6.131083,3.9387176,3.0687914,2.7731886
2037-03-18 12:00:00,2.7925189,2.340791,5.8525314,3.5246067,4.3118443,2.6305947
2037-03-19 12:00:00,3.2076793,2.7847223,6.2971945,3.9097376,5.087789,2.7011895
2037-03-20 12:00:00,3.8695176,2.9397383,4.378173,4.2046022,6.97581,2.1429057
2037-03-21 12:00:00,5.0674405,3.910892,4.4293356,5.1165457,5.20976,2.7970617
2037-03-22 12:00:00,4.1723366,3.2597969,3.8921208,4.272074,4.3429484,2.1473982
2037-03-23 12:00:00,2.5976295,2.302339,3.885556,4.105949,4.1192894,2.2431293
2037-03-24 12:00:00,2.1661353,1.931245,3.9583619,4.914758,4.731946,3.3935337
2037-03-25 12:00:00,1.853719,1.4453202,3.6183662,3.5216234,2.8559268,2.5458386
2037-03-26 12:00:00,1.8915769,1.6510721,2.350848,2.4475348,3.6221457,1.9180311
2037-03-27 12:00:00,1.0133547,1.2441719,3.0396593,3.0794837,4.4654403,2.3167512
2037-03-28 12:00:00,1.128337,1.2460583,2.7423506,2.5391288,3.739786,2.2867384
2037-03-29 12:00:00,2.011643,1.9160858,5.206713,3.629892,3.1875749,3.9916232
2037-03-30 12:00:00,2.4097643,2.2769046,3.3911626,3.7322242,4.4780374,2.209906
2037-03-31 12:00:00,2.3800483,2.3158374,4.9199414,5.3603373,4.5194683,4.048171
2037-04-01 12:00:00,3.9904742,3.9871821,5.90931,6.1768055,5.419158,3.7374692
2037-04-02 12:00:00,2.5699894,2.4309194,2.5234416,3.018329,6.3451014,1.5544064
2037-04-03 12:00:00,1.0179532,1.0617818,3.6074097,3.5455976,7.040234,2.7618191
2037-04-04 12:00:00,1.3399862,1.2997986,4.7858434,2.6238642,4.68326,2.1901765
2037-04-05 12:00:00,2.094543,1.9458181,4.534282,2.9737172,3.9082341,2.2805667
2037-04-06 12:00:00,1.3987467,1.3037391,3.7472584,2.3671103,3.5573072,1.7086511
2037-04-07 12:00:00,2.9889011,2.455015,3.1894145,3.2241676,3.5228007,1.8059449
2037-04-08 12:00:00,3.374271,2.8566723,5.1141076,4.332985,3.5954182,3.4782832
2037-04-09 12:00:00,2.6541085,2.6389847,2.6801553,3.4867723,2.2260325,2.3475494
2037-04-10 12:00:00,2.145473,1.7654792,2.6307218,1.9170526,1.9250139,2.2606263
2037-04-11 12:00:00,1.2490326,1.1723208,2.5747623,2.0579185,3.659135,1.4830679
2037-04-12 12:00:00,1.0632466,1.3522097,1.9254444,2.6804564,2.6649036,2.3286185
2037-04-13 12:00:00,1.5988718,1.2997271,2.0760226,3.3338087,4.2776814,2.3106172
2037-04-14 12:00:00,1.0358468,1.3247728,3.0879323,2.6560607,3.4661562,1.9055837
2037-04-15 12:00:00,1.0732503,1.0725728,2.1215515,2.2094269,2.8104768,1.3597299
2037-04-16 12:00:00,1.3496559,1.5408363,1.6521208,3.4803455,3.754156,1.9610075
2037-04-17 12:00:00,3.0420141,2.364752,3.1922145,3.5874069,3.7056222,1.6489733
2037-04-18 12:00:00,3.3609645,2.3491015,3.2394724,3.8073015,3.6048164,1.6914828
2037-04-19 12:00:00,2.7862678,2.4280694,2.2533147,3.6284945,3.8851056,1.9630536
2037-04-20 12:00:00,1.2195199,1.3886697,3.033226,2.8740432,2.7881143,2.2274265
2037-04-21 12:00:00,2.730979,1.8938267,3.1443985,1.8752193,2.4274564,1.4743221
2037-04-22 12:00:00,1.7643973,1.3307394,2.8505762,2.12445,2.2915847,1.7922343
2037-04-23 12:00:00,2.238736,1.8337376,3.266296,3.1705089,3.1060119,2.074825
2037-04-24 12:00:00,1.6623231,1.4503846,3.569913,2.423992,2.318814,1.9690293
2037-04-25 12:00:00,2.399538,2.1048968,5.6323824,2.7618434,3.8025346,2.6862462
2037-04-26 12:00:00,3.551916,3.1870909,7.1169405,4.1650853,5.404789,3.2492826
2037-04-27 12:00:00,4.927696,4.6635756,5.7965384,5.2320747,3.0307205,3.5072427
2037-04-28 12:00:00,2.449564,2.7342417,4.278014,5.824103,4.24955,3.713142
2037-04-29 12:00:00,2.4643235,2.3931007,3.1573694,4.4386935,4.4624434,2.6921778
2037-04-30 12:00:00,2.9396,2.7168946,5.4087396,3.9000154,3.6077075,3.339539
2037-05-01 12:00:00,1.5632741,1.567169,5.3431764,3.4766507,3.8813097,2.1458623
2037-05-02 12:00:00,2.842437,2.7305796,3.568272,5.793531,6.655312,2.9404655
2037-05-03 12:00:00,2.9270263,2.4212346,5.4196033,3.4382403,3.2370453,2.6215923
2037-05-04 12:00:00,2.1361768,2.002418,5.0340896,3.1111658,2.3994043,2.9466536
2037-05-05 12:00:00,1.4631064,1.2473574,2.580377,3.051334,3.4916916,1.457985
2037-05-06 12:00:00,2.7299545,2.371869,3.079723,4.0904994,2.3093386,1.6221174
2037-05-07 12:00:00,0.9231556,1.0127136,2.9950194,3.7351084,3.0403757,1.741737
2037-05-08 12:00:00,0.98641366,1.1895738,2.6885507,3.494347,3.3600469,1.3156328
2037-05-09 12:00:00,1.7292817,1.3956894,2.5489206,2.9625812,3.0842867,2.4219744
2037-05-10 12:00:00,2.4978561,2.4162266,3.6937983,3.725899,3.4449415,2.3861942
2037-05-11 12:00:00,2.372804,2.1718888,4.838221,3.5781486,2.9782495,3.1970136
2037-05-12 12:00:00,2.7795758,2.4347486,3.8415372,3.9230418,3.3096619,2.6825945
2037-05-13 12:00:00,3.019904,2.9376826,6.151211,3.594077,2.1643991,3.607608
2037-05-14 12:00:00,2.4959097,2.5995135,2.8141549,3.2668583,3.0005748,1.7649972
2037-05-15 12:00:00,3.397266,3.3306444,3.671909,5.197968,4.7545557,2.385334
2037-05-16 12:00:00,3.5169826,3.2577646,4.504617,6.224316,5.932969,3.8921561
2037-05-17 12:00:00,3.002192,2.8721833,3.7554417,5.7349677,3.0833092,3.6263635
2037-05-18 12:00:00,2.5238826,2.4327588,4.374251,3.8825727,3.2190452,2.5886774
2037-05-19 12:00:00,2.5788944,2.6566868,3.550343,3.9297864,4.4679523,1.5804098
2037-05-20 12:00:00,1.9234015,2.08203,2.9457402,4.296578,5.260436,1.824165
2037-05-21 12:00:00,1.9330074,2.0922983,3.2327213,3.9932065,3.81732,1.7105974
2037-05-22 12:00:00,2.0484006,1.5921787,2.9848232,2.9351873,3.0898197,2.0478463
2037-05-23 12:00:00,2.2057145,2.051138,3.3771498,3.1579049,3.8207362,2.1607192
2037-05-24 12:00:00,2.3160548,2.4487946,3.9908698,3.1706855,3.9000013,2.2859771
2037-05-25 12:00:00,2.4266138,2.467076,3.415386,3.8221688,3.5917928,2.2705483
2037-05-26 12:00:00,2.3580093,2.3070178,3.6499805,4.2957244,3.0487943,3.5845485
2037-05-27 12:00:00,2.6225019,2.404009,2.7860808,3.8225036,2.7582366,2.4516203
2037-05-28 12:00:00,1.4230555,1.3677511,2.0152788,3.0165548,3.0466492,1.3970655
2037-05-29 12:00:00,1.1791046,1.1175877,2.520511,2.823735,3.5265353,1.4111624
2037-05-30 12:00:00,1.7802523,1.4659206,2.7259314,2.871103,2.983525,1.8166289
2037-05-31 12:00:00,0.84745765,1.1833825,2.0529375,2.8632658,2.5028267,1.8312372
2037-06-01 12:00:00,1.9049832,1.6096338,3.809239,3.0424643,2.4511216,2.0616755
2037-06-02 12:00:00,1.9818308,1.8946522,3.5852835,3.1046238,3.170187,1.9554223
2037-06-03 12:00:00,1.4569092,1.6907831,2.285737,3.7910147,3.9413683,1.6308746
2037-06-04 12:00:00,1.3858931,1.2790046,2.278601,3.091885,4.5504107,1.946425
2037-06-05 12:00:00,2.0932465,1.9943298,3.384226,3.4749029,4.2957854,2.139408
2037-06-06 12:00:00,1.6616,1.8702718,2.5421999,2.2051,6.4027104,1.5336974
2037-06-07 12:00:00,1.9689308,1.9139012,2.9641814,2.3725526,6.696237,2.0498326
2037-06-08 12:00:00,2.3510783,2.2398946,3.278919,2.767329,5.0845857,2.9142413
2037-06-09 12:00:00,2.5980887,2.1989067,2.9227033,2.816614,3.8886528,2.1545746
2037-06-10 12:00:00,2.0859146,1.873473,2.8929698,2.6730616,3.6586936,1.804121
2037-06-11 12:00:00,1.4380093,1.3150963,2.6356103,2.14557,4.0999074,1.9551097
2037-06-12 12:00:00,1.1891067,1.4959818,3.387803,3.348414,3.8740792,1.8427387
2037-06-13 12:00:00,4.375411,3.7280598,4.947862,3.8679423,3.918264,3.814535
2037-06-14 12:00:00,2.8025107,2.5415325,3.450679,3.6403308,3.2615218,2.6611242
2037-06-15 12:00:00,1.8812683,2.015165,2.9579616,3.8526263,3.4018946,1.5310214
2037-06-16 12:00:00,1.4107908,1.3735709,2.4946923,2.526018,2.7782538,1.3803892
2037-06-17 12:00:00,2.6712325,2.5579512,4.2408957,3.7803774,2.4121635,2.954183
2037-06-18 12:00:00,3.754644,3.2058437,5.022332,4.4147544,2.740768,3.1482487
2037-06-19 12:00:00,2.933375,2.9134412,4.2670407,3.6740108,3.0669603,2.4294226
2037-06-20 12:00:00,2.4111714,2.2203813,3.3441079,2.0925953,4.013642,1.8428442
2037-06-21 12:00:00,2.3223433,1.9642112,3.0917835,3.3332057,3.5440874,1.9631169
2037-06-22 12:00:00,1.0152869,1.1493827,2.2771118,3.0223548,3.6874404,1.157249
2037-06-23 12:00:00,1.5280877,1.2787577,2.5862067,2.7685122,3.6189752,1.1136036
2037-06-24 12:00:00,2.0268543,1.9540671,2.546487,2.4894702,2.8228047,1.5041851
2037-06-25 12:00:00,2.1571803,2.1450238,2.3254375,3.8639817,3.57672,1.9227266
2037-06-26 12:00:00,1.2832172,1.5126554,3.8562834,3.7586303,3.826163,3.1369917
2037-06-27 12:00:00,2.8814442,2.1554174,3.6028688,3.827492,4.975555,2.6376507
2037-06-28 12:00:00,2.3182006,2.052965,4.123024,4.3380737,4.1371517,1.807797
2037-06-29 12:00:00,4.1670732,3.535568,6.2767673,4.6299767,2.8779285,3.582216
2037-06-30 12:00:00,3.272981,3.0945644,3.7388272,4.180542,3.0715468,2.7964778
2037-07-01 12:00:00,1.3028765,1.6424836,3.5623612,3.617423,3.1494222,1.977942
2037-07-02 12:00:00,1.7324038,1.9426869,3.5387688,3.1819715,3.237933,1.6766127
2037-07-03 12:00:00,1.4776034,1.9194031,2.5423262,3.7819395,2.5767314,2.0856364
2037-07-04 12:00:00,1.301588,1.3168005,1.7043062,2.2714381,2.3682003,1.1020665
2037-07-05 12:00:00,1.1412463,1.3371891,1.8461237,1.9760433,2.153408,1.477919
2037-07-06 12:00:00,1.7301526,1.8475003,2.4313009,2.4455335,3.1440547,1.53253
2037-07-07 12:00:00,2.7577808,2.1968005,2.9187284,2.4223208,2.7768114,2.093944
2037-07-08 12:00:00,2.775724,2.0959117,3.6084158,3.303197,2.6152508,2.5824473
2037-07-09 12:00:00,2.3096442,2.0262015,3.7486296,3.4173126,2.8304052,2.1814547
2037-07-10 12:00:00,2.8622813,2.5748367,4.938938,4.741236,3.5066733,2.8153493
2037-07-11 12:00:00,3.069073,2.6561687,4.974973,6.4852104,4.2833967,3.2316368
2037-07-12 12:00:00,2.8173018,2.6107676,4.4526443,4.4048395,4.486794,3.1472926
2037-07-13 12:00:00,2.579085,2.6214628,3.8257852,3.4008408,4.1379538,2.0288968
2037-07-14 12:00:00,2.885594,2.490837,3.0488405,3.2608984,4.4925394,2.117571
2037-07-15 12:00:00,1.9132736,1.9866749,2.2537196,3.9681618,4.2018228,2.4954844
2037-07-16 12:00:00,1.3820484,1.1522125,2.4902887,2.5389113,3.1790147,2.0107484
2037-07-17 12:00:00,1.0105915,0.8881579,2.1364434,1.708113,2.5961256,1.2797492
2037-07-18 12:00:00,1.6571252,1.3267868,2.1770155,2.0522056,3.2230017,1.306433
2037-07-19 12:00:00,1.0558509,1.0239404,2.0132892,2.6457329,2.2027915,1.0376185
2037-07-20 12:00:00,1.569557,1.3236556,3.3641918,3.3084483,2.294657,1.7824025
2037-07-21 12:00:00,1.8533635,1.6531388,2.468543,4.051707,2.5996854,1.679776
2037-07-22 12:00:00,1.7043936,1.3708805,3.3947613,2.2279,3.0423765,2.082818
2037-07-23 12:00:00,1.8113093,1.38686,3.0466793,2.1123796,3.6159883,2.060159
2037-07-24 12:00:00,2.71871,2.334962,5.352986,3.404457,4.27588,3.1596
2037-07-25 12:00:00,2.084959,2.0423226,4.5860233,3.1433074,5.376641,2.787875
2037-07-26 12:00:00,2.5642362,2.2818997,4.1649327,2.5986166,5.0667143,2.5500515
2037-07-27 12:00:00,1.5237167,1.4682627,2.349602,2.5865195,4.333216,1.5571971
2037-07-28 12:00:00,5.081236,4.3127885,5.134592,4.938987,3.4633512,2.5454752
2037-07-29 12:00:00,2.9327202,2.741304,3.867534,5.024826,3.240623,3.8986478
2037-07-30 12:00:00,1.6882738,1.6080225,2.0816896,2.625356,2.416864,1.4305964
2037-07-31 12:00:00,1.6692439,1.3860676,1.8520921,2.509206,3.75621,1.1684842
2037-08-01 12:00:00,1.0382278,0.95635855,2.2282946,3.2183151,4.5178733,1.2889739
2037-08-02 12:00:00,1.5720074,1.4308213,1.8947834,4.5696697,4.23515,1.2884157
2037-08-03 12:00:00,3.4399648,2.8853552,2.594069,4.533787,3.7083766,2.6295688
2037-08-04 12:00:00,1.8053806,1.9506112,3.7905877,4.1438885,2.8697305,3.1195974
2037-08-05 12:00:00,1.4876599,1.3931341,3.6092303,2.192512,2.1711156,2.2319345
2037-08-06 12:00:00,2.1059473,1.7802714,3.5439806,2.6891515,2.4833915,2.5022273
2037-08-07 12:00:00,2.4436169,2.0687943,4.132777,2.832131,2.507524,3.0563912
2037-08-08 12:00:00,2.2296333,1.8019724,2.604929,3.052332,1.9345506,2.41022
2037-08-09 12:00:00,2.1243103,1.9610982,4.1647663,4.321422,2.4562366,3.012591
2037-08-10 12:00:00,2.7774057,2.232604,3.2819028,5.6384525,2.3990667,2.3051703
2037-08-11 12:00:00,2.556783,1.7745466,4.2923665,2.7200692,2.8299584,2.5539875
2037-08-12 12:00:00,1.766534,1.6663477,3.7555103,3.0920506,2.787975,2.4815497
2037-08-13 12:00:00,1.3965695,1.378719,2.0723639,2.5964112,2.5961504,1.1902237
2037-08-14 12:00:00,1.027799,1.2604254,3.468584,2.9737055,2.680215,1.7879052
2037-08-15 12:00:00,2.1365745,2.0886655,3.229769,2.6517391,3.3291776,2.2370596
2037-08-16 12:00:00,3.2329874,3.2845607,4.6681986,5.032305,3.6077726,2.8173745
2037-08-17 12:00:00,2.0481796,1.9711128,4.2945957,6.015709,4.2639318,3.0127015
2037-08-18 12:00:00,2.0207593,1.8338898,4.7950215,5.517312,2.981363,3.3034842
2037-08-19 12:00:00,1.9354223,1.7441589,4.5887303,4.461643,2.2196069,3.2002285
2037-08-20 12:00:00,2.2123446,2.1038768,4.182868,2.4613628,2.4789345,2.8938925
2037-08-21 12:00:00,1.890245,1.3240019,2.6290462,2.2076268,3.1601489,1.9131389
2037-08-22 12:00:00,1.6470122,1.4186676,2.3473394,2.3015409,3.4929848,1.8155627
2037-08-23 12:00:00,1.8382556,1.8268574,2.3107936,3.0672498,3.6530805,1.7488885
2037-08-24 12:00:00,2.7617152,2.3191137,2.2570891,4.2358418,3.712892,1.775652
2037-08-25 12:00:00,2.0992603,1.9274198,3.5190942,3.1968029,3.8565278,2.1008637
2037-08-26 12:00:00,2.1785135,1.7526866,3.3249192,2.6174502,4.1913023,1.9204396
2037-08-27 12:00:00,1.5539382,1.3116322,3.4890401,2.4561887,3.3094213,1.7153434
2037-08-28 12:00:00,1.5974995,1.2978884,2.2752514,2.2189195,2.405307,1.2491748
2037-08-29 12:00:00,1.0918281,1.1466767,1.5726,2.691669,2.8060808,1.0589572
2037-08-30 12:00:00,2.4696903,2.3552363,3.187717,4.8356194,3.2138069,1.6690922
2037-08-31 12:00:00,3.1112738,2.824718,2.7179267,4.7003226,4.0940003,2.5079315
2037-09-01 12:00:00,2.4359303,2.6035795,1.9557245,4.951484,5.121423,1.5790837
2037-09-02 12:00:00,1.8756316,1.7624178,2.77384,3.5337112,3.359684,1.6155165
2037-09-03 12:00:00,1.0693102,1.2466104,1.889787,3.4123306,2.2550972,1.6790085
2037-09-04 12:00:00,2.0799408,1.5472001,2.800897,3.64189,2.198923,2.2814567
2037-09-05 12:00:00,2.1804311,1.7302684,3.1527195,2.3524456,2.679288,1.5093739
2037-09-06 12:00:00,4.3620195,3.2216406,5.831122,3.9070294,5.319033,2.7373114
2037-09-07 12:00:00,3.4404778,2.7054403,5.8727407,6.805992,5.4287343,3.700269
2037-09-08 12:00:00,3.6865418,3.1115744,3.6397595,3.6315272,2.964597,3.161799
2037-09-09 12:00:00,3.5822854,2.6438766,4.8188524,2.5028296,4.7041583,2.4084408
2037-09-10 12:00:00,4.5969,3.5053425,5.368713,3.959355,3.8274188,2.7887115
2037-09-11 12:00:00,1.8744256,1.573649,2.2904875,3.4143093,3.1381488,1.7951813
2037-09-12 12:00:00,1.2227008,1.1622161,2.8551,2.7815359,3.695627,2.6385546
2037-09-13 12:00:00,0.83830833,1.086704,2.114507,2.986033,5.259006,1.6214505
2037-09-14 12:00:00,1.5609542,1.5727088,3.2649844,3.6287773,2.9319584,2.2182765
2037-09-15 12:00:00,2.211039,1.7688307,3.795389,3.5316045,3.7549398,2.9675477
2037-09-16 12:00:00,3.1935806,2.5628684,6.104344,3.2591496,2.907828,4.259336
2037-09-17 12:00:00,2.7853262,2.293391,7.2348466,3.5316179,2.238512,3.4555013
2037-09-18 12:00:00,2.3373227,1.8624809,4.941287,2.154545,3.7462916,2.93189
2037-09-19 12:00:00,2.0017242,1.4191095,3.2798,1.47497,3.194867,1.3730601
2037-09-20 12:00:00,2.1914246,1.9050364,3.8613527,2.2090745,3.1260047,2.181095
2037-09-21 12:00:00,2.0657363,2.1942897,3.4069967,2.600845,4.459274,1.7514435
2037-09-22 12:00:00,1.3823617,1.442417,1.8407258,2.2472436,4.4304323,1.3843387
2037-09-23 12:00:00,1.2202747,1.179625,3.6902864,2.9044845,3.918514,2.3843331
2037-09-24 12:00:00,1.2671487,1.639181,3.5641725,4.745113,3.93436,2.9749663
2037-09-25 12:00:00,1.7067829,1.6136348,3.3212364,5.131025,4.184053,2.6524336
2037-09-26 12:00:00,1.7392821,1.5647817,3.7857385,4.859885,2.8017633,2.9820366
2037-09-27 12:00:00,3.2910404,2.7860694,4.7034755,6.5052176,3.2762182,3.2711616
2037-09-28 12:00:00,3.0505834,2.0188463,4.1845913,3.3897347,3.312427,1.7592448
2037-09-29 12:00:00,2.2857018,1.8211851,4.142211,2.1346893,2.960978,2.2109945
2037-09-30 12:00:00,2.013783,1.3386065,2.3930132,2.2782602,3.2358654,1.5887748
2037-10-01 12:00:00,1.7999318,1.4831263,2.8741,4.6413527,3.4025655,2.0584729
2037-10-02 12:00:00,3.2371507,2.5072129,3.590009,5.1900816,3.121944,3.0465326
2037-10-03 12:00:00,1.7840319,1.9884984,3.6257663,4.358195,3.2709816,2.65365
2037-10-04 12:00:00,3.3209329,2.424641,5.0483956,3.7145321,3.751666,2.3903112
2037-10-05 12:00:00,2.003607,1.6112769,4.4806547,3.3881307,7.7913194,1.4239827
2037-10-06 12:00:00,1.8277265,1.4447908,3.04065,2.5697923,6.502292,1.5330423
2037-10-07 12:00:00,1.6878145,1.5287066,2.618108,4.940248,4.489126,2.2432034
2037-10-08 12:00:00,1.7018781,1.9515758,4.4481316,4.850915,4.699658,2.8327265
2037-10-09 12:00:00,1.5372802,1.4423063,3.0810356,2.912663,4.3400187,2.505818
2037-10-10 12:00:00,1.3154202,1.311405,4.0219436,4.0622888,4.3149033,2.0557039
2037-10-11 12:00:00,2.735629,2.1523721,2.7989967,3.4158478,3.539607,3.060416
2037-10-12 12:00:00,1.6249197,1.4982466,3.1999962,3.4136353,3.5781221,3.0754201
2037-10-13 12:00:00,1.7361263,1.4420743,2.6938283,2.1006858,4.6564074,1.5812217
2037-10-14 12:00:00,0.88641924,0.8733829,2.7181456,4.829035,8.174984,1.6767577
2037-10-15 12:00:00,0.6726364,0.7867907,2.1342945,6.088564,4.569781,1.1888452
2037-10-16 12:00:00,0.985109,0.88462394,2.1375284,2.494374,5.171835,1.2186711
2037-10-17 12:00:00,1.4510376,1.0472438,2.7189133,1.9182429,6.298961,1.4718496
2037-10-18 12:00:00,0.9115721,0.9885606,1.8623214,2.8402379,7.7047048,1.1846429
2037-10-19 12:00:00,1.0551182,0.9897007,1.6761719,2.1147149,5.454023,1.0000587
2037-10-20 12:00:00,0.82344425,0.7970809,2.145277,1.8405788,3.8305192,1.0844998
2037-10-21 12:00:00,0.7941935,0.75331056,2.9269438,1.9414659,3.3487592,1.107135
2037-10-22 12:00:00,0.9104043,1.1930989,4.605236,2.8906088,6.108982,2.595943
2037-10-23 12:00:00,2.2912567,2.1866217,4.889551,4.425824,5.183417,3.6774406
2037-10-24 12:00:00,2.2653766,1.7251334,3.7774036,3.3797343,4.2882175,2.5489569
2037-10-25 12:00:00,2.6652787,2.3052998,5.5633183,3.9301174,3.2768815,3.7514076
2037-10-26 12:00:00,4.2164,3.073656,7.018817,3.75226,3.2708387,3.821409
2037-10-27 12:00:00,3.7693653,2.8560276,6.733104,4.479101,2.5846813,4.6816373
2037-10-28 12:00:00,2.1472988,1.9416376,4.4860983,4.7213426,2.983274,3.3274655
2037-10-29 12:00:00,4.120851,3.633551,7.838376,5.431503,4.874015,4.55768
2037-10-30 12:00:00,3.8152108,3.4198809,6.282161,5.7788706,7.786401,4.0365076
2037-10-31 12:00:00,3.0667634,2.7766428,6.1964097,5.1865864,5.2579045,4.123204
2037-11-01 12:00:00,3.2361968,2.8693871,6.3207626,4.343446,3.6277008,3.5661006
2037-11-02 12:00:00,2.3967438,2.1504362,4.6811266,4.0644045,4.5743527,3.662959
2037-11-03 12:00:00,1.9236774,1.7044126,2.9377491,3.3786528,3.1113822,2.4103105
2037-11-04 12:00:00,1.1373423,1.2266583,3.1741092,2.0609286,2.4398434,1.7581342
2037-11-05 12:00:00,1.6278697,1.3802933,4.6270447,1.7141659,2.720149,2.7133493
2037-11-06 12:00:00,2.7400904,2.0824711,4.3501744,2.543961,2.7908185,2.256506
2037-11-07 12:00:00,2.2648487,2.070832,4.5519643,4.1521034,3.3383653,3.5388622
2037-11-08 12:00:00,0.94705427,1.0543911,2.8251324,4.13817,3.5484118,2.67331
2037-11-09 12:00:00,1.584572,1.3492837,4.480159,3.823286,3.346992,3.1177373
2037-11-10 12:00:00,2.800487,2.6048813,6.6934056,5.315251,4.802764,4.138389
2037-11-11 12:00:00,2.8650684,2.4508426,3.9433415,5.385034,6.3561435,3.2548594
2037-11-12 12:00:00,2.0737681,1.8647548,3.2996485,3.520802,6.5108256,2.6459904
2037-11-13 12:00:00,1.7852334,1.6680799,3.5144944,3.7943385,5.554497,2.3032532
2037-11-14 12:00:00,0.7463491,1.0373151,2.6526504,3.3317776,4.277917,2.1011992
2037-11-15 12:00:00,0.68437725,1.0508766,2.186069,2.8773034,5.2401757,1.5405548
2037-11-16 12:00:00,1.5315273,1.6151489,3.2245703,5.8295026,5.6106524,2.6851041
2037-11-17 12:00:00,1.8086923,1.9740463,3.5181234,5.7650795,6.411818,2.7479434
2037-11-18 12:00:00,1.6479928,2.0336177,2.6806524,4.552262,6.3891377,2.0494912
2037-11-19 12:00:00,0.8065637,0.89374834,4.9864645,3.024913,5.018766,2.8490791
2037-11-20 12:00:00,1.2667265,1.2495321,5.6011286,4.2404885,4.643214,3.1371036
2037-11-21 12:00:00,1.4936826,1.5448418,5.511014,4.5163217,3.8593552,3.3625715
2037-11-22 12:00:00,1.5976951,1.66418,4.9939237,5.1090164,4.143858,3.157017
2037-11-23 12:00:00,1.3868525,1.2398963,4.252837,4.9372787,4.049268,2.9720888
2037-11-24 12:00:00,0.75440854,1.007741,2.8913238,5.436967,6.1552663,2.723429
2037-11-25 12:00:00,0.9429883,1.0915394,3.9979327,5.440992,7.166051,3.4262395
2037-11-26 12:00:00,2.4850547,1.8655609,2.790392,3.4930136,5.2393227,1.4594083
2037-11-27 12:00:00,0.9119508,1.1389673,2.2148113,3.2584424,4.52021,1.3667421
2037-11-28 12:00:00,1.4324555,1.1522032,3.4412243,2.5413983,4.3604536,1.8410379
2037-11-29 12:00:00,1.6178812,1.0594373,2.822127,3.6734948,3.9380004,1.6611239
2037-11-30 12:00:00,1.5075781,1.4879642,3.2631688,5.1232986,5.870017,2.1039324
2037-12-01 12:00:00,1.0365618,1.1512964,4.0613737,5.701476,5.138226,3.7739737
2037-12-02 12:00:00,1.3190743,1.3162642,5.941214,4.44826,5.371602,3.2792792
2037-12-03 12:00:00,1.1062433,1.3792064,4.4720416,5.239575,4.7647047,3.9987957
2037-12-04 12:00:00,4.127066,2.9976952,5.756064,4.5456476,6.50531,3.5036182
2037-12-05 12:00:00,2.0567298,1.9574988,5.5235662,5.5240602,4.8973746,4.3283687
2037-12-06 12:00:00,2.6622176,2.295782,4.650645,3.9077504,5.8408294,2.9162686
2037-12-07 12:00:00,2.5414658,2.185264,5.4373603,7.3660727,6.8998013,4.6568427
2037-12-08 12:00:00,2.838544,3.0022109,6.404244,8.35082,6.26931,4.7097025
2037-12-09 12:00:00,1.3812456,1.6376354,4.2939672,4.362373,5.2392316,3.5090709
2037-12-10 12:00:00,2.4630275,2.2411132,4.944665,5.019383,3.5538728,3.1449084
2037-12-11 12:00:00,2.7999191,2.8131464,3.7592287,4.068997,3.5744853,2.8243604
2037-12-12 12:00:00,1.8615167,1.5225747,4.5764184,2.975707,3.5519967,3.5614073
2037-12-13 12:00:00,4.385187,3.1459904,4.087333,2.7140286,3.7505515,2.3429816
2037-12-14 12:00:00,3.965763,3.6918685,5.775091,3.9746757,3.2932055,4.056583
2037-12-15 12:00:00,2.9309006,2.6083264,4.089375,3.991956,2.9704788,2.7436895
2037-12-16 12:00:00,2.8178957,2.4969773,6.3485265,6.1369834,3.4129286,4.6965985
2037-12-17 12:00:00,1.2138896,1.4408112,3.5547638,4.507061,4.241914,3.2496197
2037-12-18 12:00:00,1.1746187,1.0776404,2.7725773,2.4727926,6.0442724,1.4561677
2037-12-19 12:00:00,1.0446415,0.9946823,1.8846197,2.2593443,6.2911735,1.6950693
2037-12-20 12:00:00,1.2804006,1.2983044,3.3489335,3.0901122,4.7458878,2.966462
2037-12-21 12:00:00,0.8035704,1.0565546,3.1398647,3.1823375,4.6200294,2.3760645
2037-12-22 12:00:00,2.6736665,2.1344156,3.3044164,2.2425733,3.1580045,2.2812557
2037-12-23 12:00:00,3.57252,2.5070481,3.8524988,3.0101187,3.9132116,2.0990174
2037-12-24 12:00:00,3.554389,2.6020086,4.3398747,3.736638,3.4615672,2.2531812
2037-12-25 12:00:00,4.1447935,3.046389,5.0374107,4.2722178,3.0230243,2.8829186
2037-12-26 12:00:00,4.507817,3.3449335,5.9265895,4.209833,3.0137205,3.1134002
2037-12-27 12:00:00,4.363329,2.9807475,6.2661405,4.0934253,3.2252886,3.155773
2037-12-28 12:00:00,4.2937393,2.6969516,5.116803,3.8242884,2.9325924,2.6031363
2037-12-29 12:00:00,3.560968,2.312543,3.7164633,3.8969252,4.647231,2.1692688
2037-12-30 12:00:00,1.2695755,1.0873731,4.608988,4.0487823,6.2928133,2.9836385
2037-12-31 12:00:00,1.4723675,1.594038,6.003789,4.8966293,5.614119,3.9395742
2038-01-01 12:00:00,4.6891313,3.8548245,8.906815,5.6645746,6.302868,5.7575765
2038-01-02 12:00:00,3.8575675,3.2889965,6.3810954,5.2455106,5.347149,4.8256326
2038-01-03 12:00:00,1.9883128,2.0317163,3.4881918,4.318346,6.6934776,3.3866465
2038-01-04 12:00:00,1.4867944,1.7138984,3.433566,5.169599,7.537848,3.1253977
2038-01-05 12:00:00,2.3434424,2.584312,4.2881784,6.527605,6.9628167,3.433898
2038-01-06 12:00:00,1.722438,1.8550541,4.179013,6.447387,5.314158,3.9567583
2038-01-07 12:00:00,3.3325284,2.5209808,4.731195,4.8643,5.7346816,2.8098075
2038-01-08 12:00:00,2.529039,2.2623072,5.770998,3.4959617,4.006824,3.47468
2038-01-09 12:00:00,2.937187,3.259239,6.0687203,7.3848357,7.7891808,3.757017
2038-01-10 12:00:00,1.9848418,2.1737607,3.193387,5.1860757,5.0098977,2.8439724
2038-01-11 12:00:00,2.6808872,2.6169941,6.0872817,5.9225273,3.5753114,4.2790775
2038-01-12 12:00:00,1.9303057,2.034926,5.4820313,6.202225,5.761936,4.6081433
2038-01-13 12:00:00,2.634315,2.7225332,4.9940042,8.052223,8.761656,5.029649
2038-01-14 12:00:00,4.3363137,3.9434464,6.068043,5.0637436,8.857109,5.2178884
2038-01-15 12:00:00,2.5223079,1.9938754,4.5643034,3.2741818,6.6609044,2.9910295
2038-01-16 12:00:00,1.545841,1.7827058,4.2506685,4.9348745,5.779231,3.989927
2038-01-17 12:00:00,1.2412682,1.7193321,4.695951,4.7843356,5.5544233,4.6558304
2038-01-18 12:00:00,2.5335197,2.361827,3.3362799,4.928701,5.912034,3.2754657
2038-01-19 12:00:00,1.6354904,1.4220031,3.5379255,4.061282,8.068409,2.0348985
2038-01-20 12:00:00,1.0201085,1.0967168,3.0408218,3.8803627,7.5550923,1.6898594
2038-01-21 12:00:00,1.6454366,1.3041079,2.0859046,2.918256,5.9356995,2.2085254
2038-01-22 12:00:00,1.4714541,1.4006879,2.9111142,3.9859445,3.7409608,3.0174835
2038-01-23 12:00:00,1.6094325,1.7229253,2.3676975,6.352165,5.4138594,2.2647648
2038-01-24 12:00:00,3.0083017,2.3907907,4.0177073,5.5269403,4.7766647,3.356256
2038-01-25 12:00:00,1.8788927,1.5179843,3.1944723,2.8952134,2.8636677,2.0547822
2038-01-26 12:00:00,3.3074942,2.2983196,3.0594242,2.3613312,4.881541,2.2978704
2038-01-27 12:00:00,3.2368026,2.0101645,4.6189566,2.8659048,7.150027,2.6570935
2038-01-28 12:00:00,2.1474006,1.6121155,6.1975336,3.2725675,4.0137854,3.2443693
2038-01-29 12:00:00,1.3338361,1.3099914,4.5913258,3.5562532,3.257901,3.630419
2038-01-30 12:00:00,2.5368977,1.9125392,4.869143,3.991615,3.8685577,2.827808
2038-01-31 12:00:00,2.4934793,1.9774867,2.2917783,3.3154542,3.0612252,1.8278744
2038-02-01 12:00:00,1.61621,1.3787692,2.8543296,3.48941,4.1947613,1.8832331
2038-02-02 12:00:00,3.066332,2.691256,5.811492,6.099943,5.7892084,4.370593
2038-02-03 12:00:00,1.7105049,1.9695415,3.6088548,7.4281507,6.5649533,4.457291
2038-02-04 12:00:00,2.2058024,2.5963087,6.7073717,5.6161366,5.8532715,4.2066083
2038-02-05 12:00:00,1.654605,1.7741361,2.918354,2.885951,4.1420536,2.0423322
2038-02-06 12:00:00,2.9845924,2.1469617,6.393133,5.172241,4.1890097,3.3303328
2038-02-07 12:00:00,2.3640974,1.8367306,3.793633,4.6588693,5.370072,1.7516291
2038-02-08 12:00:00,2.6173928,1.8139601,4.4843755,5.6922407,4.7836204,2.2758985
2038-02-09 12:00:00,1.7743719,1.9305936,2.9220016,5.0948195,4.783819,3.2412136
2038-02-10 12:00:00,0.9415027,1.1974442,2.231918,2.794313,3.5150084,1.7186805
2038-02-11 12:00:00,1.0836427,1.2164142,3.2193468,2.4548714,3.695625,1.7916135
2038-02-12 12:00:00,1.8908494,1.479866,5.674376,2.5367103,4.9317794,2.3640954
2038-02-13 12:00:00,2.0176797,1.6679865,5.738231,3.2571013,7.722846,3.232654
2038-02-14 12:00:00,2.5785532,1.7317245,5.5648804,3.8645523,4.4275823,2.5677488
2038-02-15 12:00:00,2.6492918,1.8839839,6.726909,3.7529972,5.1294913,3.2235105
2038-02-16 12:00:00,2.9522538,1.8979467,5.290034,2.8412514,5.1388216,2.4296474
2038-02-17 12:00:00,1.9755613,1.541012,1.9304851,2.7050831,4.791532,1.526207
2038-02-18 12:00:00,1.304769,1.291092,3.1221564,3.8151593,3.4213543,2.9458065
2038-02-19 12:00:00,1.9543477,1.7613851,5.0422707,3.4927998,3.6887603,3.4037268
2038-02-20 12:00:00,4.7978163,4.0609217,6.249918,5.4510922,5.5528474,4.3110704
2038-02-21 12:00:00,1.5948125,1.5235448,3.8623412,4.372285,5.840993,2.3258197
2038-02-22 12:00:00,1.5631042,1.3997512,3.3329403,3.0314534,5.409639,2.4592316
2038-02-23 12:00:00,4.2622566,3.392328,6.2336297,2.6858852,4.694277,3.6831028
2038-02-24 12:00:00,2.924909,2.5351985,3.5662212,5.5259266,3.8322167,2.419947
2038-02-25 12:00:00,1.9099848,2.1589665,2.625023,6.2741117,7.0047994,2.2443018
2038-02-26 12:00:00,2.2824965,2.4780369,2.852446,4.5194097,8.078946,2.3543737
2038-02-27 12:00:00,2.214721,1.9116915,3.0156894,2.1727521,6.3300366,1.8258784
2038-02-28 12:00:00,1.3371043,1.339992,2.0961695,1.4158148,4.955305,1.479247
2038-03-01 12:00:00,1.6826321,1.7779408,2.689069,2.8581197,4.2863297,1.9478171
2038-03-02 12:00:00,2.0054436,2.2607102,2.8585627,5.3883977,3.5277405,1.9749705
2038-03-03 12:00:00,2.1314018,2.3114805,2.637441,3.839795,3.732314,1.9992514
2038-03-04 12:00:00,2.9543653,2.364564,3.1883905,3.0494912,5.061043,2.1969862
2038-03-05 12:00:00,3.7457943,3.0428078,5.343913,4.341469,5.1620836,3.2797692
2038-03-06 12:00:00,1.9470475,1.5096316,4.8109884,1.9301018,3.0850363,2.2901368
2038-03-07 12:00:00,0.67975426,0.82942396,4.3024006,2.484261,3.3122616,2.1574144
2038-03-08 12:00:00,0.7822626,0.88451666,4.912652,2.0356774,3.1038187,2.3585935
2038-03-09 12:00:00,2.075286,1.5606486,6.156967,3.0917492,3.2186918,2.3010283
2038-03-10 12:00:00,3.2178893,2.2615125,4.441331,3.5559132,3.6503413,2.3374865
2038-03-11 12:00:00,2.0939572,1.6225995,3.0002918,3.6064556,2.7912366,1.4232634
2038-03-12 12:00:00,1.7681955,1.7926466,2.7816858,2.907766,2.6661344,1.161554
2038-03-13 12:00:00,1.9561794,2.0367193,3.5947936,3.287766,2.9559076,1.3554977
2038-03-14 12:00:00,1.8683021,1.4954984,3.329237,2.6424198,3.7163668,1.4495076
2038-03-15 12:00:00,1.7729034,1.5511906,3.3968942,2.4918938,4.531241,1.331042
2038-03-16 12:00:00,2.5226412,1.8751341,4.1179614,3.6095219,4.518879,1.7174453
2038-03-17 12:00:00,3.038364,2.0471451,3.415368,3.8137786,3.6230745,1.458066
2038-03-18 12:00:00,2.0590563,1.6686659,3.23089,3.3495367,4.5044503,1.6293813
2038-03-19 12:00:00,2.2245812,1.647696,2.688158,2.3277469,5.8588696,1.5348436
2038-03-20 12:00:00,0.8885736,1.2280943,2.228269,3.3813815,4.339377,1.5879887
2038-03-21 12:00:00,1.3764153,1.4755473,2.3771935,4.097508,4.4211845,1.5748738
2038-03-22 12:00:00,2.461388,2.3123512,3.483428,3.7439382,5.078486,2.5124104
2038-03-23 12:00:00,2.2240324,1.8793126,2.719429,3.3392043,5.5405407,2.1703072
2038-03-24 12:00:00,1.6944134,1.7180653,2.7887092,5.659928,4.835003,2.3664618
2038-03-25 12:00:00,3.8350558,3.355661,4.6815686,5.1902843,5.273451,3.4019315
2038-03-26 12:00:00,3.374639,2.468463,4.1032467,2.9084911,6.408198,2.4036524
2038-03-27 12:00:00,1.6078987,2.0168557,3.3773444,5.0578637,4.9081435,2.7587337
2038-03-28 12:00:00,2.8496644,2.6059377,4.8383703,4.673959,6.473863,3.4613767
2038-03-29 12:00:00,1.8171418,1.494683,3.1298862,2.4857707,7.1626315,2.0255373
2038-03-30 12:00:00,1.359767,1.4652992,2.008814,2.85327,5.479284,1.906495
2038-03-31 12:00:00,1.8287377,1.5436611,2.8882704,2.3306708,5.5007086,2.1083233
2038-04-01 12:00:00,1.5857683,1.2884448,2.6780787,2.378487,4.1559496,1.4957795
2038-04-02 12:00:00,1.6871123,1.5244746,4.094986,2.9839745,3.0478356,2.0394208
2038-04-03 12:00:00,1.8050022,1.8470764,3.5110235,4.059496,2.424525,2.609308
2038-04-04 12:00:00,2.7889163,2.5720816,3.754374,4.314055,3.2786672,1.9960935
2038-04-05 12:00:00,1.5677865,1.4986058,2.9115388,4.3027415,3.1207955,3.3623984
2038-04-06 12:00:00,0.8904793,1.1721723,2.728107,2.686926,2.8236442,2.5456707
2038-04-07 12:00:00,1.440475,1.3882756,2.518404,2.941127,3.767932,1.834826
2038-04-08 12:00:00,1.010703,1.1560323,3.0427496,3.1254532,4.79191,1.7468344
2038-04-09 12:00:00,2.0247195,1.7912803,2.666582,2.1241786,3.9503546,1.5778446
2038-04-10 12:00:00,1.8885092,1.7104944,1.8490726,2.5378401,3.5744576,1.3670123
2038-04-11 12:00:00,1.7161968,1.6369698,1.8912324,3.0856626,2.799609,1.6767062
2038-04-12 12:00:00,2.305256,1.9819325,2.406051,2.9816296,3.8174376,2.079767
2038-04-13 12:00:00,2.5114794,2.0546098,3.2545261,3.4343345,2.309295,2.0426035
2038-04-14 12:00:00,2.3412373,1.8137522,4.2272816,2.233611,3.167688,1.8633107
2038-04-15 12:00:00,1.9406607,1.4982989,3.7543259,2.4549036,3.1582952,1.6864934
2038-04-16 12:00:00,2.8491056,2.1692555,3.0227835,1.8444046,2.1560194,1.6099302
2038-04-17 12:00:00,1.5955417,1.3609122,2.2028134,3.1567664,3.8873937,1.7129503
2038-04-18 12:00:00,2.574735,1.9278176,3.8526263,2.889947,6.1714754,2.096423
2038-04-19 12:00:00,2.2760758,1.889401,2.976518,2.2102625,7.509919,1.6006353
2038-04-20 12:00:00,3.2001967,2.736548,4.2287893,3.183081,4.8050256,2.5071642
2038-04-21 12:00:00,4.4840684,3.7209442,4.1830535,3.623353,2.677627,3.2778516
2038-04-22 12:00:00,4.743656,3.7285771,4.2317367,3.243413,3.143933,2.6106749
2038-04-23 12:00:00,4.5539684,3.7846506,3.710762,3.1326468,3.9105945,2.244512
2038-04-24 12:00:00,3.096216,2.9107447,3.8231695,3.4409707,2.9349692,2.9513223
2038-04-25 12:00:00,2.0758393,1.8739605,4.477771,2.7873752,2.8300045,2.6429515
2038-04-26 12:00:00,1.4332196,1.1286589,3.2797189,2.3817441,4.3688216,1.8252367
2038-04-27 12:00:00,1.8632859,1.6460266,2.8127623,3.8679993,5.0491595,2.480296
2038-04-28 12:00:00,3.2275414,2.5748906,3.6245322,3.833653,3.554128,2.0692167
2038-04-29 12:00:00,1.943355,1.462977,3.1274605,2.0832422,2.5188336,2.4555106
2038-04-30 12:00:00,1.115499,1.1015111,2.4662714,1.676199,4.056407,1.5795023
2038-05-01 12:00:00,1.3395736,1.4125293,2.2365792,5.155741,5.0679593,1.4799731
2038-05-02 12:00:00,2.3033304,2.4714253,4.246983,5.9149275,4.4722915,3.5161433
2038-05-03 12:00:00,1.9212286,1.982433,5.319081,5.724566,6.9265585,4.0740304
2038-05-04 12:00:00,2.2023416,2.2127755,3.7295556,5.0274167,4.7373266,3.406875
2038-05-05 12:00:00,1.719902,1.5753111,2.442055,3.7038333,2.5265555,2.6337209
2038-05-06 12:00:00,0.99971694,1.3879415,2.5020397,2.3201702,1.9364263,2.08755
2038-05-07 12:00:00,1.3372703,1.4898868,3.061731,1.6366751,3.1534708,1.8759124
2038-05-08 12:00:00,2.5597234,2.303822,3.083407,1.7331861,2.880873,2.0717466
2038-05-09 12:00:00,2.0613658,2.0007064,2.8383744,2.8822076,3.7824965,1.6323744
2038-05-10 12:00:00,2.0196457,1.7077094,2.8498647,2.4853718,3.7443142,1.8637046
2038-05-11 12:00:00,2.0050173,1.5725073,4.0854483,2.6377249,3.9671943,1.8749522
2038-05-12 12:00:00,3.6317563,2.9643009,5.334556,3.405802,4.55293,3.2691371
2038-05-13 12:00:00,4.687952,4.0581927,5.4249434,4.5438004,4.4731154,4.14542
2038-05-14 12:00:00,3.0271113,3.2967336,5.054508,5.78045,3.8060615,3.9210062
2038-05-15 12:00:00,1.1555641,1.6316698,3.0556197,3.1379428,3.6271956,2.0638163
2038-05-16 12:00:00,1.286073,1.5556366,3.023115,3.6144524,3.495898,1.9055034
2038-05-17 12:00:00,3.3380442,3.0043232,3.5669684,4.3494864,4.8435507,2.0868475
2038-05-18 12:00:00,3.4897292,3.0871694,4.957175,3.5587778,6.5829735,3.2588534
2038-05-19 12:00:00,1.7241302,1.5773516,3.07564,1.9522603,4.390114,1.8055348
2038-05-20 12:00:00,1.5316694,1.5903695,3.5210037,2.9731934,2.6527834,2.1504912
2038-05-21 12:00:00,2.719121,2.4231668,4.799554,4.581963,2.7527375,3.3269372
2038-05-22 12:00:00,2.1578362,1.860197,3.232594,3.1273942,2.910932,2.6706395
2038-05-23 12:00:00,1.648765,1.4522586,2.500584,3.030234,2.8812904,2.2195659
2038-05-24 12:00:00,1.8820775,1.6668587,3.0127962,3.1102502,3.2992196,2.3917384
2038-05-25 12:00:00,3.3780007,2.9262583,4.285638,5.725442,5.869634,3.0083485
2038-05-26 12:00:00,2.616919,2.3208737,3.2862785,3.8742492,4.798901,2.0761251
2038-05-27 12:00:00,1.7882192,1.8936108,3.2356896,4.6853228,3.5236633,2.3803031
2038-05-28 12:00:00,2.5788965,2.486684,4.614809,4.5373955,3.5510702,3.958804
2038-05-29 12:00:00,2.845917,2.3610716,3.8487413,3.9387405,4.02466,3.3946555
2038-05-30 12:00:00,1.9552209,1.753991,3.146517,3.1459036,3.051665,2.6986787
2038-05-31 12:00:00,1.0808914,1.5996265,4.057038,3.2916107,3.4497826,2.7564409
2038-06-01 12:00:00,2.157979,2.1571784,2.9403365,3.7459297,5.5910254,2.027315
2038-06-02 12:00:00,2.0218103,1.8805621,2.5974476,3.262509,4.647852,1.7319629
2038-06-03 12:00:00,1.6395886,1.5295795,3.0126,3.623731,3.140598,1.84637
2038-06-04 12:00:00,2.1934674,1.9877973,2.7095683,3.1824355,3.668429,2.2152395
2038-06-05 12:00:00,2.1495233,1.9319624,2.8415592,2.7287529,3.9486527,1.9748552
2038-06-06 12:00:00,2.182437,2.0905652,3.792949,3.2565277,3.033039,2.6224003
2038-06-07 12:00:00,1.7656114,1.7094785,4.294939,2.699347,2.9856913,2.5334413
2038-06-08 12:00:00,1.1879888,1.0778701,1.7686135,2.2427862,2.3705568,1.1210619
2038-06-09 12:00:00,1.117387,1.2469945,1.9827139,2.0674493,2.464786,1.7633791
2038-06-10 12:00:00,0.8131478,0.9396361,1.649008,2.0398138,2.5882745,1.3730626
2038-06-11 12:00:00,0.8286307,0.9631747,1.900525,2.5430315,3.730464,2.0460076
2038-06-12 12:00:00,1.4633857,1.2637515,2.351658,2.4847355,2.763115,2.0482824
2038-06-13 12:00:00,1.8495263,1.4523767,2.5060098,2.3020353,2.1431725,2.0263195
2038-06-14 12:00:00,1.7940346,1.6330129,2.739688,2.6670516,3.816185,2.1392486
2038-06-15 12:00:00,2.2422495,2.202653,3.2041035,4.866551,4.96933,3.0872068
2038-06-16 12:00:00,2.2053955,1.82011,2.8239288,3.8364546,3.7379303,1.8196024
2038-06-17 12:00:00,2.3490381,2.0471656,1.972619,3.7228587,3.0964172,1.4608934
2038-06-18 12:00:00,1.2246032,1.1709086,2.0395126,3.3818033,2.5814228,1.7283973
2038-06-19 12:00:00,1.2148747,1.2820908,3.2237966,4.005191,2.339292,2.343888
2038-06-20 12:00:00,1.6719908,1.5870583,3.8237252,4.36892,3.9942706,2.5345716
2038-06-21 12:00:00,2.401647,1.9711128,2.5171485,4.2347803,4.167827,1.4557813
2038-06-22 12:00:00,3.1905212,2.534196,5.0598154,3.356623,2.595353,3.173719
2038-06-23 12:00:00,5.027459,3.9067013,7.069508,3.4852653,4.4936686,4.153107
2038-06-24 12:00:00,2.7635784,2.3995674,4.58823,3.5880685,3.6186943,2.6847363
2038-06-25 12:00:00,1.718689,1.6819754,3.4057322,2.4710903,3.0768516,1.7074467
2038-06-26 12:00:00,2.083652,1.7511636,3.5214794,2.1990116,3.487366,1.603772
2038-06-27 12:00:00,1.9392493,1.646162,3.3978047,2.6817608,2.9347517,2.584802
2038-06-28 12:00:00,3.5858774,2.8792527,4.5501323,3.6709502,2.7088056,3.3363202
2038-06-29 12:00:00,3.1622438,2.3629296,3.218759,3.0542004,4.610895,2.4892828
2038-06-30 12:00:00,1.68486,1.5032827,2.297552,3.2204344,4.360942,1.6811048
2038-07-01 12:00:00,2.389219,2.2084157,3.5065835,2.9518595,3.9648583,2.3147724
2038-07-02 12:00:00,2.4798207,2.3547547,3.7811742,5.236763,3.9040654,2.3324826
2038-07-03 12:00:00,1.5626355,1.4480934,2.6135368,3.0803156,4.0972514,1.3569796
2038-07-04 12:00:00,1.8962895,1.8329322,2.6043823,2.8639228,3.5057895,1.4575334
2038-07-05 12:00:00,2.2756884,2.3407507,3.611452,3.5297568,3.4923625,2.530185
2038-07-06 12:00:00,1.695578,1.4623003,3.8490198,3.598841,5.7143526,2.109404
2038-07-07 12:00:00,3.2741094,2.7800834,4.010103,4.7495284,3.0956006,3.2989678
2038-07-08 12:00:00,1.1367419,1.0890062,2.0029871,3.1792433,3.1693854,1.907322
2038-07-09 12:00:00,1.0265675,0.98047376,2.2391877,2.999345,2.1844826,2.330629
2038-07-10 12:00:00,1.4478275,1.2508417,2.8555496,2.7901185,2.1220653,2.4918582
2038-07-11 12:00:00,1.347511,1.2688721,3.7946782,2.493735,2.3840692,2.590506
2038-07-12 12:00:00,1.1771301,1.173643,3.631497,2.614324,2.4857621,2.2080035
2038-07-13 12:00:00,1.061137,0.9840064,3.2229228,2.3421395,1.9164593,1.8537176
2038-07-14 12:00:00,1.2911141,1.3056382,2.7605975,2.5861955,3.5008337,2.2450578
2038-07-15 12:00:00,2.3680644,1.931915,3.2778556,4.6791787,3.3321927,2.6950188
2038-07-16 12:00:00,1.5123597,1.525166,5.2303987,6.1217427,5.2721896,3.288215
2038-07-17 12:00:00,1.5882642,1.7103301,4.3668165,4.2212863,4.1203723,3.1999078
2038-07-18 12:00:00,1.2296774,1.4385995,3.6115067,3.0972235,2.910941,2.9522095
2038-07-19 12:00:00,2.450096,2.2214108,3.1821654,4.6979847,3.090791,2.1277952
2038-07-20 12:00:00,2.4871836,2.1427984,2.1456146,4.2254353,3.432864,1.461314
2038-07-21 12:00:00,2.5720878,1.7790066,1.8163096,2.6563723,3.5597508,1.3329302
2038-07-22 12:00:00,1.7037551,1.5564282,2.0690184,3.5952015,3.4732296,1.3653932
2038-07-23 12:00:00,2.24143,1.9047198,2.7902913,3.168493,3.5825787,2.3920102
2038-07-24 12:00:00,2.1821249,1.5398918,2.6284506,2.9709704,2.7114294,1.5261397
2038-07-25 12:00:00,2.2917242,1.7647848,2.7465224,2.4098458,2.464025,1.662744
2038-07-26 12:00:00,2.7987216,2.5326345,4.4320636,2.8104446,3.164114,2.019088
2038-07-27 12:00:00,1.8941367,1.8110802,4.8171415,3.9272645,4.3318896,2.7426813
2038-07-28 12:00:00,2.1740248,2.2950497,3.9560528,4.301877,3.9204667,2.258781
2038-07-29 12:00:00,1.5668869,1.8762609,2.7960763,3.0621789,2.8770158,1.7594168
2038-07-30 12:00:00,2.3897681,2.1157496,3.4428003,3.2474165,2.2344253,1.9819103
2038-07-31 12:00:00,1.627691,1.7639818,2.430548,3.083806,3.2693636,1.4462968
2038-08-01 12:00:00,1.8972607,1.6360986,2.9117856,2.243057,2.1264951,1.3507196
2038-08-02 12:00:00,1.7769161,1.5632917,3.8547506,2.4925997,1.7777901,1.610612
2038-08-03 12:00:00,1.5300189,1.2249384,3.0619733,2.219106,2.82222,1.3231162
2038-08-04 12:00:00,1.4246931,1.1720475,2.7304332,2.4664633,2.2777338,1.461572
2038-08-05 12:00:00,1.7953675,1.52025,3.2823215,2.541812,2.2910824,1.7157655
2038-08-06 12:00:00,1.729168,1.5493212,3.3558888,2.6885576,1.932255,2.0231133
2038-08-07 12:00:00,2.3423152,1.7860496,3.5300164,3.0525024,2.1789122,2.1450675
2038-08-08 12:00:00,2.5465841,2.1515129,3.678538,2.794236,2.7010357,2.0914123
2038-08-09 12:00:00,2.771561,2.1792898,4.469892,2.626086,3.1590178,2.279926
2038-08-10 12:00:00,1.9280933,1.9709157,2.1324005,4.7894053,3.4487545,1.341373
2038-08-11 12:00:00,1.3787038,1.2632451,2.5233996,3.1413894,3.1225457,1.604885
2038-08-12 12:00:00,0.9009833,1.0378134,3.904291,2.368307,2.6899211,2.5930145
2038-08-13 12:00:00,1.9599415,1.9280742,4.2877045,3.7620764,3.4264255,3.2632375
2038-08-14 12:00:00,2.0501783,1.7820643,3.3195171,4.95818,4.3647823,2.942228
2038-08-15 12:00:00,2.1201344,2.1762514,5.0921993,5.415308,3.7589848,3.5419912
2038-08-16 12:00:00,2.653435,2.4204566,4.414005,6.4659195,4.6921935,3.4987624
2038-08-17 12:00:00,2.3728962,2.2508378,3.2467875,5.2437243,3.1432188,2.2425451
2038-08-18 12:00:00,2.1024804,1.8616037,4.52885,3.8815799,3.6983762,2.670538
2038-08-19 12:00:00,1.9277494,2.1234899,4.822121,4.062769,4.8380933,2.5047023
2038-08-20 12:00:00,2.2383854,2.1359842,5.02748,4.3502097,3.9123242,3.4474266
2038-08-21 12:00:00,1.4376423,1.2192861,3.2049227,2.2199347,2.789683,1.8922241
2038-08-22 12:00:00,2.1720617,1.923963,3.5918257,4.2699547,2.659052,2.6900206
2038-08-23 12:00:00,2.2387788,1.8689997,5.212002,3.04868,3.106942,2.689858
2038-08-24 12:00:00,2.9439402,2.406891,4.403426,4.2008715,3.6946297,3.2125065
2038-08-25 12:00:00,2.7865422,2.3048,3.647105,3.956088,4.6322875,2.4843647
2038-08-26 12:00:00,1.097037,1.2797885,2.1140132,4.9856644,4.2846484,2.1173556
2038-08-27 12:00:00,1.2960652,1.2558771,1.8462323,3.945701,4.7904706,1.3205318
2038-08-28 12:00:00,2.236289,1.9013176,2.8220751,2.5399427,4.3467555,1.4642862
2038-08-29 12:00:00,2.2651992,1.9513512,2.617698,2.796858,4.4990697,1.691445
2038-08-30 12:00:00,1.5749158,1.3154362,2.2646627,2.3995469,4.1215734,1.6396893
2038-08-31 12:00:00,1.2897742,1.0863767,2.65996,2.2838106,3.968422,1.3665771
2038-09-01 12:00:00,1.9231433,1.757271,3.679269,3.6102276,3.8328483,2.1710944
2038-09-02 12:00:00,1.6880141,1.7463709,2.3182762,2.421136,3.5714705,1.4035827
2038-09-03 12:00:00,2.0378957,1.854259,2.6124463,2.984692,4.2420473,1.5486646
2038-09-04 12:00:00,1.5213206,1.33187,4.0132723,4.8285255,5.8443666,2.2489297
2038-09-05 12:00:00,2.6627054,2.240242,4.230156,5.4957905,5.1422524,3.0553744
2038-09-06 12:00:00,2.0278656,1.6786684,4.0857987,2.8759885,4.5630436,2.7254357
2038-09-07 12:00:00,1.0888381,1.1543404,4.281093,1.9902351,4.2090006,2.3096232
2038-09-08 12:00:00,1.3834686,1.1769186,3.2004602,1.7485392,3.74746,1.7822093
2038-09-09 12:00:00,1.541797,1.5554852,3.1859112,1.7839868,3.182276,1.2848397
2038-09-10 12:00:00,2.5856514,2.21358,3.0225909,2.614806,3.5108135,2.1367009
2038-09-11 12:00:00,1.5838203,1.3968766,2.0247033,2.0310345,2.713093,1.3133593
2038-09-12 12:00:00,0.9545191,1.2188337,2.0179217,3.161966,4.432601,2.0701861
2038-09-13 12:00:00,0.8835546,1.1521211,2.372207,3.9220355,6.4964314,2.9851096
2038-09-14 12:00:00,1.4413602,1.0756892,2.1655345,2.1372592,5.043238,1.8518543
2038-09-15 12:00:00,1.2545266,1.0844927,2.2248032,1.9519709,2.8122857,1.0547974
2038-09-16 12:00:00,0.87993264,0.9714186,2.5365787,2.1089694,2.4934666,1.2916269
2038-09-17 12:00:00,1.163679,0.9962874,3.2669091,2.2911592,3.008627,1.6251357
2038-09-18 12:00:00,1.6001118,1.3449086,3.4164183,2.930845,3.0614178,2.0741272
2038-09-19 12:00:00,2.0821414,1.6114602,2.006421,2.941619,2.5495121,1.1691878
2038-09-20 12:00:00,2.627759,2.1630545,5.014023,3.607417,2.6406476,2.4649165
2038-09-21 12:00:00,2.5388522,2.4804173,4.281325,3.6575913,4.1518083,2.5618787
2038-09-22 12:00:00,3.1565576,2.7099135,4.4907136,2.972893,4.610654,3.5464344
2038-09-23 12:00:00,1.0734086,1.1547654,3.4562185,3.729245,5.069229,3.5744333
2038-09-24 12:00:00,1.9988526,1.5130744,5.25805,4.7360973,4.55388,4.3812275
2038-09-25 12:00:00,1.8897448,1.8570182,4.368881,4.0925875,5.8551607,2.93076
2038-09-26 12:00:00,1.1466553,1.1543546,3.3055367,2.2519631,4.0111594,1.4046215
2038-09-27 12:00:00,2.8318262,2.5517983,6.0964828,4.1869836,3.032524,3.4425569
2038-09-28 12:00:00,2.4553466,2.2559078,4.5655212,3.339054,4.2335906,3.4989874
2038-09-29 12:00:00,2.3681617,1.895833,3.1947637,3.9097679,4.4112997,2.7986066
2038-09-30 12:00:00,1.7354085,1.6090634,2.621615,3.8668687,4.335748,1.384146
2038-10-01 12:00:00,3.1009731,2.58435,4.004294,4.623593,3.6675532,2.760951
2038-10-02 12:00:00,3.5838504,2.7755795,3.989461,4.5538883,4.5691466,2.7969046
2038-10-03 12:00:00,1.6598659,1.5560421,3.6295416,3.062751,5.838766,2.480525
2038-10-04 12:00:00,2.8346527,2.2568564,3.549095,2.7390592,3.5029078,2.0935924
2038-10-05 12:00:00,2.1914737,1.671465,4.0920825,2.378472,4.5621467,1.7023985
2038-10-06 12:00:00,2.024534,1.5385811,4.228076,2.4737008,4.4120054,1.9413844
2038-10-07 12:00:00,1.6267326,1.3919581,4.3434854,2.4952323,4.1032767,2.01055
2038-10-08 12:00:00,2.9143229,2.0628843,4.941567,2.7994869,5.0466967,2.00609
2038-10-09 12:00:00,2.2273092,2.1035826,5.30694,4.0579333,3.952093,2.9747102
2038-10-10 12:00:00,2.2591963,2.3026664,4.604762,4.5969663,4.517957,4.1321797
2038-10-11 12:00:00,2.5822296,2.4141088,4.5157576,4.913564,5.1055455,4.2028217
2038-10-12 12:00:00,1.8931243,1.6308289,4.7850757,3.941898,5.968222,3.17648
2038-10-13 12:00:00,1.4934278,1.6438022,4.039213,4.3160276,5.1632338,3.0985785
2038-10-14 12:00:00,1.0541518,1.4292837,1.971716,3.8199728,6.9495034,1.9750687
2038-10-15 12:00:00,0.79409397,0.86118495,2.2245057,4.3477583,5.1223907,2.7142131
2038-10-16 12:00:00,1.1442052,1.0260986,2.8133864,3.16002,4.341587,2.367179
2038-10-17 12:00:00,1.1567419,1.0150403,3.9458568,2.2636626,3.1535077,1.7650129
2038-10-18 12:00:00,1.8164668,1.4406717,4.56029,2.1282213,3.7293212,2.158119
2038-10-19 12:00:00,2.0658069,1.6882854,5.528205,2.5174625,2.068937,2.7199454
2038-10-20 12:00:00,2.4290926,1.8009453,5.2976766,3.2467842,3.1110432,2.5493572
2038-10-21 12:00:00,2.5534523,1.9222994,4.163355,3.9161468,4.236533,2.8729181
2038-10-22 12:00:00,2.5486865,2.2508497,5.3144503,3.4490201,4.1300893,3.4634218
2038-10-23 12:00:00,2.7166657,2.5920725,5.289813,4.626834,3.7833858,3.4626365
2038-10-24 12:00:00,2.869987,2.792695,4.7977915,4.8672047,4.790578,2.7108312
2038-10-25 12:00:00,2.5398452,2.5991395,3.1260269,4.674483,4.577525,2.7281482
2038-10-26 12:00:00,2.484273,2.5830793,4.1833215,2.9290195,3.2020333,2.9540079
2038-10-27 12:00:00,2.1560488,2.6489513,6.886485,5.384897,4.4531894,4.9540753
2038-10-28 12:00:00,1.9986084,2.39645,6.485165,4.7715297,4.585881,4.127031
2038-10-29 12:00:00,1.8798735,2.105764,4.3742757,4.697469,3.773664,3.593029
2038-10-30 12:00:00,1.5873308,1.5840912,3.8446932,3.5151129,3.6999946,2.6325243
2038-10-31 12:00:00,1.8231598,1.5185832,4.3947525,2.9731133,2.609358,2.5475008
2038-11-01 12:00:00,3.1343052,2.585223,4.9479227,3.4105852,2.94852,2.2925038
2038-11-02 12:00:00,2.5467234,1.8224897,2.9874625,2.2439582,3.5652704,1.2039386
2038-11-03 12:00:00,1.8639385,1.6245909,2.0984395,2.1522226,2.2369351,1.0903848
2038-11-04 12:00:00,0.6731256,0.8294188,2.0552375,3.4673877,2.6688137,2.0278094
2038-11-05 12:00:00,1.3809623,1.4387606,2.6181123,3.4860508,5.5156446,2.2807524
2038-11-06 12:00:00,1.0666604,1.1696093,2.6707237,4.3417387,4.6461763,1.9720968
2038-11-07 12:00:00,1.8147788,1.7435768,4.844734,5.140298,3.6992807,3.7059011
2038-11-08 12:00:00,1.9150535,2.1819677,3.6282709,4.5027986,3.7509334,2.5501137
2038-11-09 12:00:00,2.3524156,1.9604168,5.39272,3.912766,3.7094836,2.8882089
2038-11-10 12:00:00,3.12599,2.5846522,4.913442,4.6964836,4.5027857,3.0805027
2038-11-11 12:00:00,2.6468222,2.2114267,4.4810047,4.3253927,5.135128,2.8716092
2038-11-12 12:00:00,2.1764162,2.103178,3.5942776,4.4566975,4.408751,2.7285151
2038-11-13 12:00:00,2.0113204,1.8045967,3.8044937,4.1730294,5.5774193,3.5024223
2038-11-14 12:00:00,1.9225081,1.8203984,4.638865,4.637453,4.562143,3.899759
2038-11-15 12:00:00,1.3094299,1.3220206,3.1379137,3.7054634,3.973023,2.1535947
2038-11-16 12:00:00,2.5557046,2.3280761,3.2977633,2.282672,4.634093,2.179024
2038-11-17 12:00:00,1.2200767,1.7356249,2.8229373,2.999725,4.1950765,2.041078
2038-11-18 12:00:00,2.7530088,2.2110038,5.649761,4.051785,6.2027817,3.059759
2038-11-19 12:00:00,2.2157779,1.9635043,2.5084593,5.93544,5.711792,2.0742898
2038-11-20 12:00:00,1.8784394,1.4503402,3.6457682,3.6627862,6.1129045,1.8064275
2038-11-21 12:00:00,2.3573463,1.5010437,4.4257183,1.9603462,3.1476417,1.9639311
2038-11-22 12:00:00,1.698603,1.3850895,2.3033593,2.313118,2.615356,1.3538754
2038-11-23 12:00:00,0.9996015,1.0772622,2.5008,2.4483624,2.4612105,1.414749
2038-11-24 12:00:00,1.3576764,1.229733,2.751841,3.0878983,2.5254703,2.3770602
2038-11-25 12:00:00,1.0354341,1.2141428,3.8152952,2.7796907,2.9941816,2.7329898
2038-11-26 12:00:00,0.7188404,0.9213774,3.6323397,2.0272853,4.2629123,2.0069022
2038-11-27 12:00:00,1.1936613,1.1104296,3.6844237,3.1444852,3.459272,2.0674903
2038-11-28 12:00:00,1.962202,1.477321,5.034754,3.2638125,4.3587575,2.526342
2038-11-29 12:00:00,2.908806,2.065627,3.7622721,3.0059557,3.0315678,2.0304997
2038-11-30 12:00:00,1.9428781,1.5318599,2.7936678,2.7125583,2.3976586,1.9232945
2038-12-01 12:00:00,0.78804314,0.9684435,2.747849,3.0121622,3.9760702,1.6059426
2038-12-02 12:00:00,2.6448722,2.2328782,5.923226,4.5241914,4.2797766,3.3565247
2038-12-03 12:00:00,3.6474597,3.2600625,6.94857,5.874746,6.609725,4.6578493
2038-12-04 12:00:00,3.8500714,3.1956558,4.729802,6.4609194,8.026378,3.5339386
2038-12-05 12:00:00,3.2794807,2.8794453,4.4130735,3.758726,6.887439,2.1226568
2038-12-06 12:00:00,2.6772494,2.1020515,3.3860834,3.340668,5.651588,2.6547885
2038-12-07 12:00:00,0.90055823,0.9891494,5.0363526,4.7101803,4.5020847,3.8764844
2038-12-08 12:00:00,0.75334746,1.0683744,2.4305854,3.5595512,3.9865458,2.0328727
2038-12-09 12:00:00,0.64679265,1.0598861,2.1576738,2.7104247,3.0954297,1.5147518
2038-12-10 12:00:00,1.5647674,1.5617836,2.9408135,3.6206224,4.1267195,1.6164016
2038-12-11 12:00:00,1.7929718,1.6813225,2.8281193,2.6821487,4.9208407,1.7429104
2038-12-12 12:00:00,2.651194,2.0878549,3.7736802,2.0958464,6.921994,1.9349911
2038-12-13 12:00:00,2.7298927,2.220323,3.9969182,2.9421654,5.485619,1.9153101
2038-12-14 12:00:00,2.7400174,2.1665041,3.5522757,2.4541178,4.1497736,2.1643307
2038-12-15 12:00:00,2.327373,2.0479808,3.1394763,1.9283489,4.475997,1.8204092
2038-12-16 12:00:00,1.5312853,1.3340107,2.8813045,2.1719623,4.7826967,1.9858583
2038-12-17 12:00:00,1.0853183,1.3866907,2.1317568,3.0730116,5.018161,1.6572531
2038-12-18 12:00:00,1.0712153,1.3694553,2.522543,3.7875257,5.1965075,1.9937949
2038-12-19 12:00:00,0.8570608,1.0948,3.9231458,3.758832,4.7994623,2.9435098
2038-12-20 12:00:00,1.5724318,1.592128,5.2177396,3.5752835,3.3564618,3.6626499
2038-12-21 12:00:00,2.9893768,2.5410254,4.644264,5.4897594,4.7980123,3.5807955
2038-12-22 12:00:00,2.463966,2.0825126,2.9320211,4.7116075,3.4219854,1.8028251
2038-12-23 12:00:00,3.4173183,2.410397,5.5800595,4.435531,2.973176,2.5643382
2038-12-24 12:00:00,3.5964012,2.8827064,4.8448887,5.2341843,4.0138316,2.5088186
2038-12-25 12:00:00,3.0445411,2.374267,4.6344886,5.140086,5.0268116,3.1101825
2038-12-26 12:00:00,3.3302388,2.7719784,3.6654613,3.3605566,5.1434836,1.8219084
2038-12-27 12:00:00,1.451247,1.6744558,3.434626,4.5416355,3.7543101,2.7744007
2038-12-28 12:00:00,1.6802719,2.0990663,5.065763,6.170493,5.3259544,4.986463
2038-12-29 12:00:00,1.0304006,1.3514528,3.7784727,4.3839226,4.169613,3.3688242
2038-12-30 12:00:00,1.2193198,1.1281784,6.219035,4.249505,5.40981,3.608299
2038-12-31 12:00:00,1.9154603,1.4390053,5.46269,3.9576669,4.8600154,3.179286
2039-01-01 12:00:00,1.5186402,1.1923494,4.7112317,4.381221,4.442958,3.2499511
2039-01-02 12:00:00,2.0356503,1.5479809,5.403348,4.69522,5.1665,3.1405313
2039-01-03 12:00:00,3.3635976,2.7808564,5.3352604,5.234741,4.3289995,3.2920558
2039-01-04 12:00:00,2.5093632,2.318741,4.208154,5.895407,4.8156905,3.0973454
2039-01-05 12:00:00,4.058423,3.102738,5.378286,5.160045,4.0286117,2.889904
2039-01-06 12:00:00,3.2870924,2.2534928,5.2031426,4.3893046,3.0397863,2.7328675
2039-01-07 12:00:00,2.665008,1.8566865,5.0521817,4.8871503,5.3082266,3.0562615
2039-01-08 12:00:00,1.7340243,1.2923372,5.179953,3.9610472,6.0155396,3.2427008
2039-01-09 12:00:00,1.2113789,1.1052406,5.384818,3.0220225,3.8570704,3.0699484
2039-01-10 12:00:00,2.18416,1.6866871,6.466161,3.6661022,3.051339,3.478182
2039-01-11 12:00:00,3.972755,3.1928093,7.1153693,5.7589417,4.435214,4.421002
2039-01-12 12:00:00,3.7581902,3.4855943,5.4887853,6.33116,5.5711527,3.6293359
2039-01-13 12:00:00,4.7265244,3.6681077,3.821557,5.3596554,5.3445563,2.7344594
2039-01-14 12:00:00,3.8390899,2.5617063,3.6254685,4.6844516,4.9954386,2.1904738
2039-01-15 12:00:00,3.8987339,2.4631355,3.7280896,3.2590766,5.370578,2.332526
2039-01-16 12:00:00,1.5375353,1.4512442,3.2057161,5.046845,5.8525696,3.093188
2039-01-17 12:00:00,2.9890935,2.3743453,5.247219,7.0052185,6.286325,3.8292763
2039-01-18 12:00:00,2.7072077,2.3379593,5.344213,7.5746717,5.7693596,4.728726
2039-01-19 12:00:00,1.6712164,1.650491,3.3694887,6.310385,4.9394865,2.4061427
2039-01-20 12:00:00,1.2014638,1.4425645,3.4842932,5.5928993,3.0940094,2.7590413
2039-01-21 12:00:00,1.0872841,1.212022,4.5550313,4.661536,3.351527,3.1118722
2039-01-22 12:00:00,2.4904575,2.086183,5.6981125,4.6647735,5.0534,3.67771
2039-01-23 12:00:00,0.7535919,0.8483006,2.150814,3.4582767,4.951681,1.9743298
2039-01-24 12:00:00,2.2022367,2.223822,4.2925267,5.488135,4.7763057,3.5603456
2039-01-25 12:00:00,1.7941101,1.810035,3.7539945,6.055878,5.848699,3.3396068
2039-01-26 12:00:00,3.494444,2.6497092,6.159183,6.3392086,5.9616528,4.478008
2039-01-27 12:00:00,2.475011,2.0860572,5.083493,7.1905212,6.3049884,3.941192
2039-01-28 12:00:00,3.5888133,2.8457234,5.186944,7.320251,7.2041006,3.7102666
2039-01-29 12:00:00,1.5919719,1.4914998,4.583279,4.8822002,6.8232913,3.2442462
2039-01-30 12:00:00,1.5212686,1.7384559,3.1595786,5.471489,4.536302,2.1141021
2039-01-31 12:00:00,1.2989011,1.4702349,3.761792,4.9418993,4.3494215,3.4397898
2039-02-01 12:00:00,1.6852703,1.7504553,5.484288,6.4247375,4.5068197,4.20122
2039-02-02 12:00:00,3.920219,3.195146,5.9943075,8.963499,5.7085686,4.748276
2039-02-03 12:00:00,3.284871,2.7671676,6.8355775,7.3480616,6.242018,5.14894
2039-02-04 12:00:00,3.728777,2.9167259,6.3631024,7.1327677,5.764569,4.6386585
2039-02-05 12:00:00,3.5939326,2.8600738,7.0074215,6.2109585,5.0713835,4.7115016
2039-02-06 12:00:00,2.8157234,2.3731682,6.300807,5.365422,4.157642,4.0103054
2039-02-07 12:00:00,2.9787738,2.2820756,6.9127207,5.507638,3.6599648,4.2719054
2039-02-08 12:00:00,3.5906706,2.4912336,7.1525583,3.9072642,3.139805,4.4319987
2039-02-09 12:00:00,1.8434734,2.0046015,3.815645,4.2097406,2.8519166,2.4972417
2039-02-10 12:00:00,1.3796074,1.494832,2.470947,2.2687519,5.145708,1.7020129
2039-02-11 12:00:00,2.1571314,1.5311224,5.2556357,3.0632987,4.392254,2.7014222
2039-02-12 12:00:00,4.1882296,3.4490883,4.753371,4.517135,3.6268187,2.4091942
2039-02-13 12:00:00,3.4347885,3.2591515,3.9340634,5.341867,3.4863343,1.5455449
2039-02-14 12:00:00,2.4161806,2.684881,3.0794141,5.3870068,3.490234,2.6823053
2039-02-15 12:00:00,3.3082461,2.3157175,4.4007225,4.137868,3.0299666,2.7725983
2039-02-16 12:00:00,2.8028126,1.7927451,4.2046833,2.8168454,3.9663606,3.8866851
2039-02-17 12:00:00,0.97164387,1.1244578,2.6825566,2.9899786,5.8068194,2.0805292
2039-02-18 12:00:00,3.0527353,2.5537524,6.790003,5.6570334,5.9500494,5.645636
2039-02-19 12:00:00,3.7521973,3.1873877,6.3531733,5.2191596,3.6736326,4.1605268
2039-02-20 12:00:00,4.889982,4.229597,8.055433,6.5682855,3.024618,5.2940545
2039-02-21 12:00:00,2.2439013,2.5370111,2.8011136,5.328996,4.890846,2.135082
2039-02-22 12:00:00,2.3610682,2.510345,3.6618755,5.912895,4.5964255,2.9395916
2039-02-23 12:00:00,2.0794053,2.0617816,4.350291,4.6463194,3.6867595,3.349967
2039-02-24 12:00:00,1.2439628,1.433041,3.6089246,5.301748,3.1048727,3.2292485
2039-02-25 12:00:00,3.0955617,2.7462733,5.5717764,5.8496027,3.5694404,4.1900387
2039-02-26 12:00:00,5.4572988,4.314981,6.219726,4.3636703,3.4255774,4.076184
2039-02-27 12:00:00,1.6717379,1.5581497,2.5005796,5.558218,5.005729,2.1991541
2039-02-28 12:00:00,2.1172347,1.7854208,4.1520467,4.4586453,4.4064426,2.907484
2039-03-01 12:00:00,2.214898,1.8515697,2.5614388,5.250665,4.609392,2.023168
2039-03-02 12:00:00,3.6047547,2.4018927,4.7305617,3.4034212,3.5082343,3.2388303
2039-03-03 12:00:00,3.2285838,2.0803537,3.0616748,2.8500342,3.6284761,1.9262186
2039-03-04 12:00:00,1.7951456,1.5511366,3.9597228,3.0675385,3.8620102,2.1332886
2039-03-05 12:00:00,4.3778596,3.393452,5.7626734,3.9449408,4.3666124,3.3073485
2039-03-06 12:00:00,3.1366067,2.8202877,4.9677444,4.66748,4.553396,2.8019388
2039-03-07 12:00:00,2.4763055,2.335969,3.669185,5.6594667,4.729716,2.5707414
2039-03-08 12:00:00,1.8579638,1.8061316,4.5952315,5.169693,5.465598,3.5833824
2039-03-09 12:00:00,4.1916323,3.7802203,5.035042,5.931398,7.151549,3.6457822
2039-03-10 12:00:00,3.502154,2.88796,5.9358463,3.523967,5.352072,3.1489522
2039-03-11 12:00:00,3.1801224,2.7975585,5.980057,5.275064,5.718999,3.5622458
2039-03-12 12:00:00,1.7766471,1.5276977,3.6217656,4.7197547,3.9263878,2.7600741
2039-03-13 12:00:00,2.0583746,1.6992457,5.3819094,3.5604708,3.9156446,3.43837
2039-03-14 12:00:00,1.8398535,1.6697632,3.0031536,2.8549836,3.9751005,1.8282629
2039-03-15 12:00:00,1.3116472,1.0828422,3.5291657,2.332836,3.6090832,1.5438126
2039-03-16 12:00:00,2.364353,1.6710831,3.941141,2.6321182,2.693191,1.7007614
2039-03-17 12:00:00,3.2239327,2.2563694,4.2637525,1.7371413,2.5379443,1.8266726
2039-03-18 12:00:00,3.2786624,2.339085,2.7275758,1.9059149,3.0825455,1.5928094
2039-03-19 12:00:00,1.5826488,1.570854,2.8245375,3.1580207,3.1441047,2.2245326
2039-03-20 12:00:00,3.2830184,2.7402277,6.1093535,5.305921,2.842893,4.4226584
2039-03-21 12:00:00,4.1482553,3.9212308,6.2786107,4.064445,3.8352115,4.4746723
2039-03-22 12:00:00,2.47484,2.4373767,3.4293456,3.871011,3.8539937,2.6952603
2039-03-23 12:00:00,2.206409,2.1136842,4.9300084,3.753009,3.087489,3.4750738
2039-03-24 12:00:00,3.0693502,2.4804091,4.50031,4.4281664,3.7950034,3.9328678
2039-03-25 12:00:00,2.5360405,2.158371,3.8320632,3.2772338,4.582751,2.828515
2039-03-26 12:00:00,4.4438114,3.425811,4.320504,3.398722,4.9713483,2.591743
2039-03-27 12:00:00,3.2704487,2.7056444,2.7016459,3.9535322,3.474223,2.1899073
2039-03-28 12:00:00,1.0088792,1.0774714,1.7972198,2.891973,2.399103,1.5315348
2039-03-29 12:00:00,0.68914104,0.86161834,1.804313,2.9641135,5.0666757,1.4930309
2039-03-30 12:00:00,3.2052732,2.6373367,4.40616,3.5350616,5.026582,2.179461
2039-03-31 12:00:00,3.1255167,2.6937485,3.1569602,5.297657,4.3184676,2.6412373
2039-04-01 12:00:00,1.6835343,1.8058192,2.1482756,2.134071,3.5054018,1.5326835
2039-04-02 12:00:00,1.7691528,1.8849494,2.9666955,3.5066993,3.8432307,2.2571025
2039-04-03 12:00:00,1.78064,1.7749757,3.2406814,3.6769972,3.309766,2.3470151
2039-04-04 12:00:00,3.8847954,3.2007504,6.678197,3.2395556,2.9780402,3.1688392
2039-04-05 12:00:00,3.6449833,3.0249686,5.082438,3.5619967,3.2440138,3.1126764
2039-04-06 12:00:00,2.5238202,2.0750296,4.4467745,2.7519612,3.6237612,2.2750475
2039-04-07 12:00:00,2.3924031,2.0424404,4.6091337,2.4306386,3.178389,2.276354
2039-04-08 12:00:00,2.134435,1.6205122,2.9834716,1.8577313,2.1857338,1.5499583
2039-04-09 12:00:00,3.0007915,2.023996,2.3989277,1.9159302,2.6091805,1.6108036
2039-04-10 12:00:00,1.5797207,1.5654025,2.032607,2.09096,3.5589607,1.416991
2039-04-11 12:00:00,1.3341093,1.1694589,1.943693,2.0632403,4.951742,1.2365316
2039-04-12 12:00:00,1.1758683,1.2737988,3.9069893,4.601229,4.262287,1.564072
2039-04-13 12:00:00,2.7099829,2.335503,2.2451224,5.193872,3.1884801,1.9379973
2039-04-14 12:00:00,1.8677505,1.8654317,2.817199,5.38342,2.0687833,2.984692
2039-04-15 12:00:00,2.8040872,2.4206738,2.956327,4.525634,2.7782087,2.7651305
2039-04-16 12:00:00,2.0928612,2.1675596,5.0261493,3.952953,3.2947536,2.5964057
2039-04-17 12:00:00,1.0076089,1.3599811,4.7216234,3.535802,2.993623,2.6905518
2039-04-18 12:00:00,2.5933785,2.1102076,4.1558094,3.6412163,4.059475,3.0824068
2039-04-19 12:00:00,4.171156,3.194984,3.9687107,2.6566803,3.002366,1.6299266
2039-04-20 12:00:00,2.4173903,1.9382669,2.6455112,2.1992884,2.9486535,1.9281873
2039-04-21 12:00:00,1.9742311,1.7060072,4.222191,2.6787066,3.64962,2.3753157
2039-04-22 12:00:00,3.768624,3.3515618,5.7322025,4.453914,3.19756,3.0124865
2039-04-23 12:00:00,4.884153,4.226857,5.975017,5.9326577,5.204148,4.458428
2039-04-24 12:00:00,2.61114,2.6980615,2.8761306,7.6010084,7.9586186,3.1291695
2039-04-25 12:00:00,1.2628978,1.5277493,2.3538926,6.0354366,6.2532125,1.7837276
2039-04-26 12:00:00,3.0843303,2.1873891,3.8147616,3.2761655,4.940308,2.198712
2039-04-27 12:00:00,3.6174953,2.559734,3.8159468,3.8144531,3.7793202,1.7714456
2039-04-28 12:00:00,3.7148259,2.7863603,3.2446032,3.5870771,2.887834,1.7283713
2039-04-29 12:00:00,2.4619985,1.861849,2.2839577,3.0928938,3.3620155,1.5468142
2039-04-30 12:00:00,1.6362556,1.2904841,1.6170298,2.246065,4.6311297,0.97747266
2039-05-01 12:00:00,0.9186263,1.1029899,1.8879703,3.2834573,4.7122054,1.1803463
2039-05-02 12:00:00,2.122797,2.006217,2.214695,4.392216,6.6009374,1.4436997
2039-05-03 12:00:00,1.3956009,1.2722268,2.969149,3.129907,5.332159,1.6359282
2039-05-04 12:00:00,1.922257,1.4276859,3.4533029,2.5107079,5.7204447,1.6771092
2039-05-05 12:00:00,3.1906977,2.827287,4.7313633,4.040068,3.471454,3.5349865
2039-05-06 12:00:00,2.356327,1.8127059,3.3283741,2.7506986,3.4167063,2.2974148
2039-05-07 12:00:00,1.8171895,1.7416788,3.4006445,2.2276478,4.0685935,2.1135564
2039-05-08 12:00:00,1.6710279,1.6156304,3.6036086,2.0711954,2.759642,2.101689
2039-05-09 12:00:00,1.0896215,1.231174,3.017386,2.0201023,2.658621,1.5977173
2039-05-10 12:00:00,1.3891679,1.1154455,3.0189211,1.8784258,2.3690987,1.6781038
2039-05-11 12:00:00,1.5122757,1.2618771,2.446296,2.6964536,2.4485164,2.1530142
2039-05-12 12:00:00,1.0318183,0.97915065,2.1671233,1.6795933,2.643236,1.6274201
2039-05-13 12:00:00,1.0365233,1.1435999,1.9478866,2.041057,2.66084,1.5280503
2039-05-14 12:00:00,1.9486048,1.8273308,1.9358168,2.7451591,4.1618304,1.5601267
2039-05-15 12:00:00,1.6676055,1.5464836,2.5522661,1.9634231,4.5897155,1.7519369
2039-05-16 12:00:00,2.7288418,2.4189901,4.303166,2.826773,3.420057,2.9336176
2039-05-17 12:00:00,2.8961208,2.3850543,4.561844,2.2184284,2.829693,2.4058812
2039-05-18 12:00:00,1.3009305,1.2914207,4.585987,2.3119426,3.6379578,2.32454
2039-05-19 12:00:00,1.3812585,1.4145808,3.2535696,2.3418825,4.365738,1.8678648
2039-05-20 12:00:00,1.2271447,1.3144863,2.848873,2.3116035,3.403448,2.2166598
2039-05-21 12:00:00,1.2241083,1.2364352,2.772613,2.7417674,3.528378,1.3945403
2039-05-22 12:00:00,1.7529804,1.4821986,2.8872192,3.591529,2.8326502,1.3440219
2039-05-23 12:00:00,1.7944801,1.648005,1.9778484,2.5467513,2.674251,1.4407599
2039-05-24 12:00:00,2.526961,2.1310644,2.6005447,3.1680021,2.1719127,1.8329871
2039-05-25 12:00:00,3.9076118,3.2916882,4.01264,3.7620146,2.9235191,3.0543828
2039-05-26 12:00:00,3.8837905,3.5376508,3.0930605,3.7898085,2.999638,2.4833875
2039-05-27 12:00:00,2.0760639,1.6357087,2.8113048,2.54228,3.6517887,1.6069412
2039-05-28 12:00:00,3.095448,2.7070053,3.4760256,3.6211183,6.151153,2.458594
2039-05-29 12:00:00,2.9444065,2.9138951,4.96166,4.67611,3.9758956,3.893142
2039-05-30 12:00:00,1.8403013,1.5401825,2.774077,2.1799335,2.611379,1.7838347
2039-05-31 12:00:00,1.4027029,1.2907379,2.729908,2.4636636,3.2762492,1.9876587
2039-06-01 12:00:00,2.2342436,1.9939251,2.2644255,4.1313047,5.0931907,1.7669854
2039-06-02 12:00:00,1.8983855,1.6678077,2.2001524,3.6727817,2.6979032,1.2297211
2039-06-03 12:00:00,1.3313022,1.2568113,2.1107044,2.7882812,3.0836616,1.5340823
2039-06-04 12:00:00,2.1725292,2.2860334,4.8796797,3.5263124,3.1546347,3.1485755
2039-06-05 12:00:00,2.714858,2.4250941,4.285913,4.4410853,3.6409361,3.2313702
2039-06-06 12:00:00,2.039405,1.7571992,4.1718426,4.4346485,5.0533266,3.1965008
2039-06-07 12:00:00,2.1455882,1.7512405,3.4234605,3.1180282,4.357411,2.2339835
2039-06-08 12:00:00,3.0251923,2.2458494,2.883678,2.7896385,3.871095,1.6243154
2039-06-09 12:00:00,1.6014526,1.5315886,3.1036296,2.6229527,6.14745,1.655018
2039-06-10 12:00:00,1.6094489,1.3474566,3.2552361,2.8194337,4.949962,1.6461681
2039-06-11 12:00:00,3.2790575,2.585525,3.862601,4.337166,3.1792746,2.2560754
2039-06-12 12:00:00,1.4187865,1.3996553,2.286344,4.7722187,3.6423283,1.4523196
2039-06-13 12:00:00,2.5991488,2.0059588,3.0865207,3.7819433,3.4429514,1.9228046
2039-06-14 12:00:00,2.958356,2.50949,3.2674963,3.940485,4.031118,1.627191
2039-06-15 12:00:00,1.9670382,1.9185843,2.7918472,3.682084,3.3269842,2.7094069
2039-06-16 12:00:00,2.6905198,2.3371596,3.489605,2.8696458,3.1459198,1.9236579
2039-06-17 12:00:00,2.608862,2.5129104,4.075018,4.582872,4.1300774,2.8545492
2039-06-18 12:00:00,2.820582,2.360028,3.4296038,4.534085,4.1802344,2.00999
2039-06-19 12:00:00,1.9965118,1.6752164,2.8661647,2.7721407,3.4370022,2.1698534
2039-06-20 12:00:00,2.322383,2.19393,3.5795088,3.7542224,3.3675647,2.5576622
2039-06-21 12:00:00,2.2395017,2.5420885,3.8492372,4.2190366,3.3834586,2.6636462
2039-06-22 12:00:00,2.0108,1.8306063,4.196435,4.017576,3.0722916,3.3835163
2039-06-23 12:00:00,1.5467529,1.6095864,3.6198916,4.128922,2.4636898,3.3257027
2039-06-24 12:00:00,1.9199876,1.8283111,3.2321224,4.3823223,3.5375185,3.396265
2039-06-25 12:00:00,2.5462031,2.160828,2.7943423,4.6652265,5.9112525,2.901455
2039-06-26 12:00:00,2.5187116,2.157306,2.2992947,4.234404,5.6343594,2.3057745
2039-06-27 12:00:00,2.4052546,1.9317342,2.905603,4.1875763,4.5979776,3.2983239
2039-06-28 12:00:00,2.0874214,1.8145907,2.9897826,4.0117464,4.5432115,3.044793
2039-06-29 12:00:00,1.7693914,1.5112952,3.8018496,3.7146702,7.0230117,2.9191365
2039-06-30 12:00:00,1.6864952,1.6356318,4.0600934,3.853268,6.2247396,2.8621356
2039-07-01 12:00:00,1.3391117,1.3790201,2.9115605,2.8502705,3.2597759,2.8743322
2039-07-02 12:00:00,1.2680767,1.1635438,3.4153893,2.9030008,3.518719,3.221441
2039-07-03 12:00:00,2.4207976,1.8731966,3.7942095,3.4593713,3.6666324,2.6263144
2039-07-04 12:00:00,3.7040381,3.1667812,3.7429547,4.135725,4.274512,2.359729
2039-07-05 12:00:00,1.9530333,1.7558106,2.2764425,2.934815,2.538585,1.5673908
2039-07-06 12:00:00,3.2086883,2.9259155,3.8075001,3.8397005,3.8528867,2.7043927
2039-07-07 12:00:00,1.8821138,1.7119977,5.009083,3.4584594,5.409451,2.7029545
2039-07-08 12:00:00,3.2836294,2.3651028,4.9666877,3.5121555,4.9131327,3.2215223
2039-07-09 12:00:00,2.2350855,2.1101348,2.9436595,3.2174137,3.2957728,2.8675926
2039-07-10 12:00:00,2.7497764,2.5255957,2.990259,2.878572,2.762627,1.9056642
2039-07-11 12:00:00,3.4881544,3.069719,3.0889163,4.8481274,3.1238544,2.8574033
2039-07-12 12:00:00,2.1941957,1.9015708,3.3327603,4.1472836,3.5769687,2.4203265
2039-07-13 12:00:00,2.9426255,2.293756,3.053681,3.805926,2.9437926,2.8984323
2039-07-14 12:00:00,1.3326321,1.3380922,2.699591,2.830135,3.898178,1.5740051
2039-07-15 12:00:00,3.581575,2.971852,4.5320787,3.8879192,3.0071738,2.5160532
2039-07-16 12:00:00,3.3041558,2.868575,4.1882887,3.6233103,3.430388,2.2069051
2039-07-17 12:00:00,2.6448708,1.9855516,3.695177,2.2879975,4.1762037,1.7837051
2039-07-18 12:00:00,1.7241756,1.3528398,3.064317,2.3069868,4.1425104,1.6065116
2039-07-19 12:00:00,0.8976495,0.936696,1.8374592,2.5690835,3.138612,1.2880293
2039-07-20 12:00:00,1.0900736,0.9710383,2.167086,3.2145822,3.860432,1.4346896
2039-07-21 12:00:00,0.80345535,0.87921876,2.018163,3.6304862,4.627294,1.0848836
2039-07-22 12:00:00,1.1353884,1.0947636,2.717317,2.8519783,3.8529093,1.2092531
2039-07-23 12:00:00,1.4553277,1.4675914,2.7598262,1.7456415,5.4708304,1.4970318
2039-07-24 12:00:00,1.4196723,1.4153192,2.1943495,2.0832157,5.9454165,1.5705463
2039-07-25 12:00:00,1.9729633,1.7579871,2.2226927,2.5359488,5.311866,1.8701296
2039-07-26 12:00:00,1.2797295,1.2424365,2.2841065,3.0170643,5.3117847,2.6400235
2039-07-27 12:00:00,1.4356005,1.5206738,2.2881362,3.6795447,4.552886,2.7145255
2039-07-28 12:00:00,3.1934285,2.7963629,3.7951417,4.552824,5.0046444,3.8940156
2039-07-29 12:00:00,2.7483823,2.4722755,2.6767066,4.279253,4.5990624,2.0464044
2039-07-30 12:00:00,2.0805542,1.8853958,2.0176797,3.8126543,3.8625486,1.4545184
2039-07-31 12:00:00,1.5057989,1.3732487,1.7515229,3.2557518,2.832814,1.3675945
2039-08-01 12:00:00,1.1153562,1.3469096,2.2371948,2.8505466,5.188844,1.7888963
2039-08-02 12:00:00,1.3104613,1.4359535,2.4547217,3.7932982,5.186375,2.0343077
2039-08-03 12:00:00,0.9799441,1.1664835,1.8128476,2.5762408,4.380367,1.7152189
2039-08-04 12:00:00,1.4894408,1.4120754,1.8047668,2.133853,4.3166814,1.4352546
2039-08-05 12:00:00,1.6054225,1.3898895,2.2063148,1.4766773,6.2429237,1.1598933
2039-08-06 12:00:00,1.0779343,1.1989707,2.3656313,1.3695124,4.338347,1.4078493
2039-08-07 12:00:00,1.0806884,1.2020024,2.3243062,1.8463492,4.479154,1.2577556
2039-08-08 12:00:00,1.4006848,1.3934474,2.9336174,1.8211393,3.7676644,1.4873999
2039-08-09 12:00:00,2.0204847,1.7800101,2.6008413,2.5122645,2.615047,2.347807
2039-08-10 12:00:00,1.7857156,1.4315989,2.2928925,3.0176528,2.7089605,1.4708401
2039-08-11 12:00:00,0.8648145,1.2159111,3.0094998,2.684238,2.6969788,1.7298765
2039-08-12 12:00:00,1.0714759,1.081885,2.8093817,1.8453926,2.890332,2.1211805
2039-08-13 12:00:00,1.8273284,1.4351715,2.7365336,1.6357236,2.2695274,1.4474766
2039-08-14 12:00:00,1.2595066,1.1685452,2.530598,2.1976254,1.7730968,1.2618605
2039-08-15 12:00:00,2.130424,1.9796256,3.3934712,3.8049343,2.9247563,2.523319
2039-08-16 12:00:00,3.530953,2.8125248,3.9326851,2.582402,3.3496459,2.541672
2039-08-17 12:00:00,1.6731037,1.1953375,2.5686793,2.1271682,4.316421,1.6478887
2039-08-18 12:00:00,1.0826358,1.10218,2.1042793,2.8169332,4.988441,1.2493085
2039-08-19 12:00:00,1.2015594,1.1693573,1.8088918,2.0603235,4.344545,1.2216892
2039-08-20 12:00:00,0.9640409,1.0896676,2.0076466,1.8320479,2.598422,1.2490766
2039-08-21 12:00:00,1.5133455,1.5715965,1.8952434,1.9965295,2.1152234,1.5668818
2039-08-22 12:00:00,1.4952502,1.2726954,2.5929236,2.3899229,3.1006985,2.051851
2039-08-23 12:00:00,1.3244193,1.3167939,2.1626794,1.5916716,2.5145185,1.4889796
2039-08-24 12:00:00,1.38384,1.4637828,2.622576,2.882199,2.4892585,1.8490402
2039-08-25 12:00:00,1.5336951,1.7343493,3.3619294,3.0495913,2.9674377,1.6634493
2039-08-26 12:00:00,2.425981,1.978043,3.5258007,2.9524093,3.5404236,2.5272977
2039-08-27 12:00:00,2.009712,1.6233621,2.8005986,1.8626755,3.599608,2.0183299
2039-08-28 12:00:00,3.1201897,2.4865255,3.9077444,3.7636123,3.3849242,2.7806237
2039-08-29 12:00:00,3.2516403,2.7793117,4.6476607,5.188347,4.088552,3.6410735
2039-08-30 12:00:00,2.2332761,2.2754142,3.7943733,4.981887,4.626606,2.5306408
2039-08-31 12:00:00,1.9923308,1.6756358,3.1238897,4.9038634,4.445284,1.4637395
2039-09-01 12:00:00,1.1583743,1.1618013,2.2258015,6.002178,5.499206,1.7375171
2039-09-02 12:00:00,1.4466136,1.4254935,2.3778088,3.406484,4.9284387,1.8915713
2039-09-03 12:00:00,1.7967743,1.3198158,3.2009199,3.1908994,4.8659,2.3048708
2039-09-04 12:00:00,0.82162625,0.98244715,2.0474386,3.7914536,3.978111,2.0057573
2039-09-05 12:00:00,0.9804151,1.0117979,1.4544594,2.2838833,3.7244103,1.2026051
2039-09-06 12:00:00,0.90673006,1.329936,3.3140643,2.1383142,3.3616734,1.9269607
2039-09-07 12:00:00,1.9640162,2.0525823,4.071358,3.4227166,4.028415,2.8132954
2039-09-08 12:00:00,2.3197742,2.2704635,5.2374663,3.6071277,4.1922727,3.3345692
2039-09-09 12:00:00,3.422078,3.2120113,5.476443,5.22763,3.600215,4.080957
2039-09-10 12:00:00,3.7340395,3.410409,6.20209,5.5386486,4.8205585,4.7438293
2039-09-11 12:00:00,2.3051372,2.529669,4.493814,4.7644196,3.9504523,3.495437
2039-09-12 12:00:00,2.4755514,2.6634958,3.4785347,3.9343736,4.107282,2.8353038
2039-09-13 12:00:00,1.1300311,1.2281828,1.8023843,2.755259,3.5642972,1.5571209
2039-09-14 12:00:00,1.5572184,1.2292994,1.6903037,2.4508777,3.3937085,1.4663713
2039-09-15 12:00:00,1.3961694,1.4957554,1.8978695,2.272228,2.4956083,2.1823442
2039-09-16 12:00:00,2.1185808,2.1849887,3.3102791,3.458146,3.0508506,3.3160703
2039-09-17 12:00:00,1.8447433,1.9274123,4.2430086,2.8739154,3.4745522,2.6794305
2039-09-18 12:00:00,2.315813,1.5835958,2.9332254,2.6780818,4.0037713,1.5138266
2039-09-19 12:00:00,1.2031283,1.2330059,2.0386245,4.280656,5.577698,2.257439
2039-09-20 12:00:00,1.493901,1.2010629,1.7552536,2.2526178,5.222119,1.0457371
2039-09-21 12:00:00,1.5183448,1.9210874,2.7877867,2.5921102,3.2713773,1.951978
2039-09-22 12:00:00,1.6660634,1.7833778,3.1769314,4.02572,2.8962727,3.0588458
2039-09-23 12:00:00,2.5449004,2.0503392,2.6558583,4.0827446,3.4792745,1.9985013
2039-09-24 12:00:00,1.5595636,1.7663152,2.514279,4.5873427,5.273612,2.5767553
2039-09-25 12:00:00,3.1089752,2.539655,3.991512,4.35268,3.2746172,3.0998888
2039-09-26 12:00:00,2.397159,2.007192,3.6015053,3.8991563,4.026518,2.7898507
2039-09-27 12:00:00,2.2689085,1.9243222,3.6096575,2.9880993,5.176835,2.8991888
2039-09-28 12:00:00,2.7171156,2.0654707,3.0309443,3.5967724,6.780215,1.8924897
2039-09-29 12:00:00,2.8271163,2.4527857,1.6211412,5.413572,5.0049396,2.0436673
2039-09-30 12:00:00,2.464243,2.2427175,4.093835,6.5062184,4.3949103,4.4156494
2039-10-01 12:00:00,5.9522552,4.7442565,7.5857873,4.7866616,4.2911224,4.752671
2039-10-02 12:00:00,5.0863795,4.163651,5.384209,3.1067214,3.9671133,3.2337093
2039-10-03 12:00:00,2.1829228,1.5725763,2.4140658,4.870476,5.521981,2.068924
2039-10-04 12:00:00,1.0553056,1.3499782,2.4598098,4.044857,5.5396633,1.6775318
2039-10-05 12:00:00,1.6606178,1.8188071,3.1748633,3.8307707,4.3245387,2.765292
2039-10-06 12:00:00,1.8491044,1.5927143,2.6810195,3.7533407,5.2196865,2.0770435
2039-10-07 12:00:00,0.8672397,0.99182355,1.9759477,3.5333688,4.01408,1.9811189
2039-10-08 12:00:00,0.80918413,0.87282103,2.43893,3.262394,3.1622288,2.5525835
2039-10-09 12:00:00,1.2179904,1.1512493,2.5556562,3.6427722,2.9391522,2.291447
2039-10-10 12:00:00,1.1536319,1.1779143,3.975049,3.9054277,3.863135,3.0381758
2039-10-11 12:00:00,1.7490501,1.9889429,6.1011763,4.9040813,5.4124146,4.3874874
2039-10-12 12:00:00,2.6852252,2.7822967,7.978223,6.3167768,5.206815,5.62146
2039-10-13 12:00:00,3.2452455,3.346975,5.481569,6.903158,6.4607687,4.638982
2039-10-14 12:00:00,2.5758288,2.4344215,3.0840755,4.278401,6.061703,2.2043755
2039-10-15 12:00:00,1.8854997,1.5463767,2.4970543,3.11999,4.832058,1.8487478
2039-10-16 12:00:00,2.387886,1.801126,2.2100534,2.8632457,3.569836,1.4165163
2039-10-17 12:00:00,2.1043482,1.4660499,2.6326225,2.7700372,3.7869475,1.4533008
2039-10-18 12:00:00,1.1363685,0.9256514,3.0467489,1.8865441,3.5939093,1.3852121
2039-10-19 12:00:00,1.425564,1.0691577,3.8028185,2.0604095,3.1153977,1.5091356
2039-10-20 12:00:00,2.807086,2.0526824,4.3944473,3.0102363,2.762928,1.8998549
2039-10-21 12:00:00,2.468836,1.990962,3.665648,4.04201,2.9177887,1.973761
2039-10-22 12:00:00,2.2318187,2.2308183,6.201243,5.429649,4.506928,3.6108582
2039-10-23 12:00:00,3.3698506,2.8578267,4.511716,5.801532,5.6275654,2.9117548
2039-10-24 12:00:00,1.8225335,1.4414866,4.6630697,4.5119667,5.4914646,3.620363
2039-10-25 12:00:00,1.7469108,1.6081699,5.185108,4.3547444,4.817866,4.469872
2039-10-26 12:00:00,1.7209786,1.7312012,4.3858805,4.4014907,4.4717007,3.7436454
2039-10-27 12:00:00,1.8261393,1.9411919,3.6221364,5.395532,4.5619607,3.3418703
2039-10-28 12:00:00,1.5428587,1.454901,2.6641064,5.7579494,4.2088323,3.0794222
2039-10-29 12:00:00,1.8225691,1.545219,3.5732832,4.0608425,4.065923,1.71566
2039-10-30 12:00:00,2.726874,2.311908,4.4784436,4.9069333,2.9962013,3.2681947
2039-10-31 12:00:00,2.0708525,1.6835866,3.8294196,4.3342586,2.8092299,2.7538762
2039-11-01 12:00:00,2.2616067,2.0632076,4.9843907,4.2794824,3.349244,3.6894681
2039-11-02 12:00:00,1.7616088,1.6957855,4.1733446,4.246994,4.6556797,1.9300654
2039-11-03 12:00:00,3.4565823,3.164009,4.3041487,4.491013,6.6413736,2.5714836
2039-11-04 12:00:00,1.9758282,1.6413857,3.482632,3.3565774,4.4377995,2.59017
2039-11-05 12:00:00,1.857994,2.1561239,7.1022644,7.0794024,5.695825,4.9177036
2039-11-06 12:00:00,4.0397654,4.0955925,8.95164,8.255783,7.166521,5.8341603
2039-11-07 12:00:00,3.2942603,2.9941428,3.4636686,5.962809,7.4788575,3.3350983
2039-11-08 12:00:00,1.9667356,1.716058,3.3867753,4.0917535,6.4995923,2.8059788
2039-11-09 12:00:00,3.3397794,2.9028883,4.889311,3.9461234,6.1650443,2.1981723
2039-11-10 12:00:00,2.2342188,2.0234945,4.0565476,3.5605416,5.6661353,2.0284584
2039-11-11 12:00:00,2.4954114,1.9629968,4.462655,2.681604,5.2311854,2.1949656
2039-11-12 12:00:00,2.3674872,1.5667957,4.7462397,2.5337226,6.4100385,1.9049494
2039-11-13 12:00:00,1.7871289,1.3362191,4.7524195,2.0533814,6.430269,1.8079686
2039-11-14 12:00:00,0.8697605,1.3008789,3.4197428,2.3273096,3.5407271,1.5788988
2039-11-15 12:00:00,1.1017704,1.409009,2.4785216,2.8214307,2.7069662,1.4881206
2039-11-16 12:00:00,1.6821861,1.8273841,2.6022832,2.869653,3.7575305,1.770886
2039-11-17 12:00:00,1.2553525,1.1828638,3.0161645,3.8785381,3.8099904,3.1047213
2039-11-18 12:00:00,2.4462276,2.3865125,4.144417,2.9943712,3.5008943,2.309794
2039-11-19 12:00:00,1.0740193,1.3020343,2.5657165,3.4665759,4.0533705,2.0609639
2039-11-20 12:00:00,0.7394185,0.81047904,1.5443089,3.4339986,4.9252276,1.521169
2039-11-21 12:00:00,1.3979518,1.3470415,2.7953274,2.8992527,4.122463,2.5957925
2039-11-22 12:00:00,0.9279242,1.2086817,1.6660202,2.602757,4.719773,1.5353214
2039-11-23 12:00:00,0.7017816,0.9422778,2.06353,3.0757904,3.6914384,1.8561305
2039-11-24 12:00:00,1.3026371,0.88807374,2.4668014,2.480255,3.1694205,1.4973884
2039-11-25 12:00:00,2.505543,1.5460128,3.1312304,3.085132,3.7344964,2.229421
2039-11-26 12:00:00,3.276657,2.1106663,3.4215581,3.292709,3.7329712,1.7746487
2039-11-27 12:00:00,2.2019491,1.5821962,2.3339102,3.1896532,3.401343,2.3745396
2039-11-28 12:00:00,0.59519196,0.72008467,2.0804362,3.7209218,3.7246532,2.0674052
2039-11-29 12:00:00,0.75612533,0.8564596,2.4640157,4.0681634,4.26311,2.2607336
2039-11-30 12:00:00,2.6837244,1.7713431,4.762785,3.1494772,4.4825935,2.0001926
2039-12-01 12:00:00,2.6016452,2.0558674,3.236862,4.364637,3.5690138,2.5860167
2039-12-02 12:00:00,2.185137,1.8333418,4.364492,3.8696122,3.2042408,3.54676
2039-12-03 12:00:00,1.5448403,1.4115219,3.502424,4.6058216,4.25487,3.0135534
2039-12-04 12:00:00,1.5966127,1.6447046,2.4640138,6.248027,6.599906,2.512922
2039-12-05 12:00:00,1.0681089,1.4722284,2.252184,5.2654867,4.1693025,1.5259484
2039-12-06 12:00:00,0.8207685,0.99894524,3.221861,3.802261,4.117893,2.0715768
2039-12-07 12:00:00,0.888852,0.9357396,3.7542858,3.3933733,3.8608782,3.00874
2039-12-08 12:00:00,1.0719362,1.2514762,2.6382747,4.3821898,5.2564483,2.104711
2039-12-09 12:00:00,1.4758534,1.3010724,2.5630164,4.3223896,5.4705496,1.7721417
2039-12-10 12:00:00,1.1939607,1.456684,3.830679,5.5773425,4.8653564,2.4815426
2039-12-11 12:00:00,1.246979,1.3853425,2.6682796,2.9678776,3.7609103,1.9910455
2039-12-12 12:00:00,1.4956797,1.3842475,3.129411,3.2301698,4.2102437,2.539106
2039-12-13 12:00:00,1.2973306,1.4133425,2.3334363,3.532391,4.098789,1.5319928
2039-12-14 12:00:00,1.339114,1.3669136,3.3096058,3.4029396,4.3446317,1.6896256
2039-12-15 12:00:00,1.1612766,1.3755337,2.4332182,4.469274,5.0079513,1.7483466
2039-12-16 12:00:00,1.0113134,1.2552497,3.410333,5.7466235,5.5055747,2.119328
2039-12-17 12:00:00,2.275355,1.7402763,4.692558,3.5957217,4.2751255,3.075323
2039-12-18 12:00:00,2.278685,1.8664833,3.710171,2.7190971,2.9874463,3.4157398
2039-12-19 12:00:00,2.774337,2.419733,4.1895556,4.161638,3.2857566,3.223847
2039-12-20 12:00:00,2.9133809,2.3644536,5.087265,7.383677,5.842729,3.5008001
2039-12-21 12:00:00,2.331218,1.7162882,4.287913,4.36852,4.9485497,2.9157462
2039-12-22 12:00:00,2.1210468,1.8252202,3.5124228,3.2156432,2.4781554,2.3229492
2039-12-23 12:00:00,1.2635385,1.2950897,3.6608167,6.427881,4.175779,2.0643651
2039-12-24 12:00:00,1.6565573,1.3962885,5.7577395,3.1721811,3.2947824,2.538058
2039-12-25 12:00:00,3.0910802,2.5526223,6.103744,5.8993616,5.107705,3.7498708
2039-12-26 12:00:00,2.3980308,1.9495842,5.7406445,4.533257,5.834603,3.1154056
2039-12-27 12:00:00,3.560073,3.1837904,7.5093403,5.560673,4.355735,5.3787274
2039-12-28 12:00:00,1.7891698,2.088633,4.347213,4.245548,4.6082315,3.5676484
2039-12-29 12:00:00,1.6308022,1.3817763,4.4962106,4.152544,5.735682,3.1363199
2039-12-30 12:00:00,1.9676561,1.8908217,4.2536917,5.0649853,5.73425,2.408609
2039-12-31 12:00:00,3.4606261,3.2191968,5.6221423,6.217262,5.915313,2.9847567
2040-01-01 12:00:00,4.082535,3.4600296,5.408942,5.3094482,6.3291197,3.1102936
2040-01-02 12:00:00,1.3537791,1.2162216,2.7503345,3.8256223,4.043345,2.4216654
2040-01-03 12:00:00,2.1977956,1.7745731,4.476421,3.4804478,4.8964686,1.9883617
2040-01-04 12:00:00,2.574593,2.1389298,5.3399873,3.8271835,5.736704,2.4853039
2040-01-05 12:00:00,1.3899403,1.6087164,2.4937956,4.1413865,5.4395657,1.87785
2040-01-06 12:00:00,1.4635272,1.644911,3.3537936,6.16531,4.31734,3.0018525
2040-01-07 12:00:00,1.617259,1.9117426,3.4144268,4.5057025,3.4283442,2.4277954
2040-01-08 12:00:00,1.0425563,1.304449,2.8756616,3.151681,2.4602845,2.8500376
2040-01-09 12:00:00,1.42946,1.6514757,3.4330091,5.246456,3.1397398,4.177287
2040-01-10 12:00:00,1.7876437,1.916876,3.2532682,5.8740926,3.7740517,3.802045
2040-01-11 12:00:00,1.1299009,1.2671092,3.5825968,5.5388193,4.8052564,3.2192056
2040-01-12 12:00:00,1.6260297,1.4873719,5.3172994,3.5785756,6.253353,3.0233483
2040-01-13 12:00:00,2.016275,1.8971236,4.78083,5.820253,6.5253463,3.502815
2040-01-14 12:00:00,2.8678455,2.4439614,3.8320372,4.3404293,7.840673,2.38472
2040-01-15 12:00:00,2.003936,1.6603602,3.332386,2.9234312,6.4179163,2.0862381
2040-01-16 12:00:00,2.9487467,2.552759,5.45806,4.6493835,5.8092375,3.5773394
2040-01-17 12:00:00,1.8070304,1.8468473,3.7230403,5.63929,6.3620367,3.6550498
2040-01-18 12:00:00,2.8454597,2.4427788,5.9727254,5.029701,6.6954894,3.6107295
2040-01-19 12:00:00,2.9610949,2.755602,4.1270347,5.572827,7.068251,1.8408436
2040-01-20 12:00:00,1.3712552,1.3528292,4.3785615,4.0960217,7.3208656,2.6870883
2040-01-21 12:00:00,3.6370556,3.0418937,6.7182307,6.7801814,7.427479,4.423194
2040-01-22 12:00:00,2.3871794,2.0995324,5.434205,6.2509923,6.503436,3.401652
2040-01-23 12:00:00,1.4125473,1.4224833,4.7389817,6.224663,6.7012367,3.2538655
2040-01-24 12:00:00,0.99446225,1.2408804,2.4941158,5.0075126,7.239019,1.946552
2040-01-25 12:00:00,0.977088,1.1172587,3.1310098,3.7279243,5.3269596,2.2108958
2040-01-26 12:00:00,1.9981458,1.4919267,4.681253,2.8811455,4.1103315,2.3007364
2040-01-27 12:00:00,1.6071537,1.8014984,3.2931478,2.9503908,4.434481,2.4069886
2040-01-28 12:00:00,3.3969033,2.4185834,4.8267035,3.1387753,5.4352345,3.5200777
2040-01-29 12:00:00,1.8788908,1.7225062,4.8678656,4.9261556,4.6540194,3.0718029
2040-01-30 12:00:00,1.8434708,2.1784265,4.4202113,6.276013,6.011117,3.3787744
2040-01-31 12:00:00,1.3427253,1.6779348,2.985283,4.082358,6.0850296,2.5723727
2040-02-01 12:00:00,1.034469,1.1218259,5.441337,5.4946814,5.454579,4.7462535
2040-02-02 12:00:00,1.0592719,1.113906,5.25134,5.0965195,6.2034564,4.1109424
2040-02-03 12:00:00,2.0773773,1.6254532,5.149283,4.3369703,6.918363,3.2900028
2040-02-04 12:00:00,1.9557062,1.6439108,5.161736,4.671182,7.0771728,3.5247016
2040-02-05 12:00:00,3.4067674,2.4963794,5.203128,4.3225875,5.902701,2.7651365
2040-02-06 12:00:00,3.0969684,2.4443843,3.734474,4.987145,6.398473,2.5766451
2040-02-07 12:00:00,2.9214053,2.145331,4.3817954,4.7410326,5.368912,3.684489
2040-02-08 12:00:00,1.7452464,1.5105432,3.6274824,5.4906797,5.6314,3.1981041
2040-02-09 12:00:00,2.9814916,2.4886353,5.162275,4.2873178,4.107727,2.8369343
2040-02-10 12:00:00,1.3394823,1.4574181,3.7491322,5.5698247,6.45772,3.2208486
2040-02-11 12:00:00,1.2360811,1.1777976,2.6217537,3.3247342,5.2459493,1.7030457
2040-02-12 12:00:00,0.8984729,0.8816455,2.8168182,2.6742756,5.038203,1.3703157
2040-02-13 12:00:00,2.2308419,1.5805794,4.609588,2.9648294,5.693537,2.2202241
2040-02-14 12:00:00,2.2359028,1.7372644,4.3441114,3.0605984,3.795356,2.0210063
2040-02-15 12:00:00,2.0415447,1.5188805,3.9523053,3.4333992,4.242675,2.5804818
2040-02-16 12:00:00,2.777765,2.127888,4.419833,3.2733753,5.092683,2.2178392
2040-02-17 12:00:00,2.2184205,1.738286,2.710773,2.4438086,5.083258,1.7751954
2040-02-18 12:00:00,2.4148247,2.0374029,4.1438956,6.1996517,6.313217,3.5718915
2040-02-19 12:00:00,2.7804961,2.8727322,6.056801,6.2332883,6.2807913,5.323765
2040-02-20 12:00:00,2.2352576,3.0752733,4.4628963,8.15655,8.195898,3.3138397
2040-02-21 12:00:00,2.3322353,2.5577247,4.039178,5.018262,7.295276,2.4354217
2040-02-22 12:00:00,1.4868888,1.6088417,3.7051342,4.089599,4.9851203,3.5321116
2040-02-23 12:00:00,0.8031904,0.97416025,2.4311175,4.566376,4.218414,1.5364057
2040-02-24 12:00:00,1.3674273,1.4160533,2.3750122,4.044111,2.9343235,1.7885469
2040-02-25 12:00:00,0.8341147,0.95424604,2.33442,2.586823,3.5397341,2.262196
2040-02-26 12:00:00,2.031361,1.6569315,4.820327,3.6540759,4.700282,3.4621644
2040-02-27 12:00:00,1.3379397,1.4800208,3.5163946,4.969501,6.679674,2.2758515
2040-02-28 12:00:00,1.6748292,1.8244252,2.647958,3.8111684,4.5509543,2.258451
2040-02-29 12:00:00,1.0817833,1.5937483,3.0834537,4.5411444,2.7564013,2.3402445
2040-03-01 12:00:00,1.4868984,2.3449514,2.9143555,3.7211292,3.0890052,2.3498845
2040-03-02 12:00:00,1.9370432,2.0165546,2.3082268,2.7210717,3.9743469,1.8648547
2040-03-03 12:00:00,1.2653013,1.2335787,2.9630048,4.2762957,5.4214997,3.2957773
2040-03-04 12:00:00,2.9246197,2.42536,5.1547623,5.494572,9.277217,3.5476222
2040-03-05 12:00:00,1.637214,1.6657981,5.594317,3.2648606,5.8185253,3.6979706
2040-03-06 12:00:00,1.9892825,1.8011326,3.2629898,3.0423868,4.072619,2.58583
2040-03-07 12:00:00,1.7149341,1.9727058,5.354207,5.6459846,4.6109285,4.313592
2040-03-08 12:00:00,2.9250154,3.0750067,4.9076867,6.373972,6.8196316,3.5866947
2040-03-09 12:00:00,2.0444212,2.2181559,5.2517514,5.7517557,6.576556,4.3825803
2040-03-10 12:00:00,2.5153675,2.4338453,6.395451,5.044126,6.142019,4.0197263
2040-03-11 12:00:00,1.5635486,1.4475721,3.5351639,4.6682005,7.4485455,2.6378624
2040-03-12 12:00:00,2.2997165,2.0246584,4.0859156,6.7384143,8.358633,4.421976
2040-03-13 12:00:00,3.4882565,3.1997108,4.295176,7.583519,7.9974084,4.219222
2040-03-14 12:00:00,4.1951456,3.801542,5.9438386,6.765541,8.105898,4.530422
2040-03-15 12:00:00,4.49752,4.1437535,4.404048,4.7548194,8.24827,2.5861776
2040-03-16 12:00:00,2.0480826,2.1388204,3.0271723,3.2154706,5.539653,1.8945742
2040-03-17 12:00:00,2.3906028,2.843062,5.175097,4.368405,2.9648464,3.252059
2040-03-18 12:00:00,2.2131004,2.2754838,3.1391366,4.249981,5.8478136,1.9144886
2040-03-19 12:00:00,0.9208614,1.0398221,4.390706,2.3574333,4.4416003,2.2410743
2040-03-20 12:00:00,2.8459897,2.8587365,4.971745,4.766472,3.9721208,3.6703665
2040-03-21 12:00:00,2.202793,2.0627563,2.3983924,3.7918568,4.7672877,2.2439
2040-03-22 12:00:00,0.709183,0.89812857,2.3337808,3.7375917,4.15497,2.6169412
2040-03-23 12:00:00,0.9027533,1.0013986,3.22794,3.5357068,5.108467,3.393499
2040-03-24 12:00:00,1.0398071,1.2635417,3.423334,4.432353,6.6859736,3.7731242
2040-03-25 12:00:00,1.8639244,1.5338273,3.542751,3.6815226,5.3244553,2.937549
2040-03-26 12:00:00,1.3072906,1.4658839,3.3104756,3.1136317,4.3801274,2.8853636
2040-03-27 12:00:00,2.3712335,2.2794733,2.4941032,3.7369695,5.1467276,1.8816329
2040-03-28 12:00:00,1.0502627,1.3409798,2.6822221,3.1040385,4.075434,2.4426997
2040-03-29 12:00:00,1.9878643,1.7472972,3.9445262,3.2173944,3.000055,2.551717
2040-03-30 12:00:00,1.6007994,1.7849244,5.239426,3.9926136,2.0123677,3.3761697
2040-03-31 12:00:00,4.1094003,3.5028818,6.1276174,4.7707005,2.8683033,3.5345764
2040-04-01 12:00:00,2.2105672,2.024935,3.1263666,4.293248,3.5879962,2.7190406
2040-04-02 12:00:00,1.979897,1.9042645,4.608292,5.0400057,3.7411795,3.7251413
2040-04-03 12:00:00,2.88869,3.1254957,4.238856,6.7842402,3.5279877,3.3121028
2040-04-04 12:00:00,2.8250082,2.7901628,5.6835065,5.826598,3.8305671,4.683983
2040-04-05 12:00:00,4.314432,3.493158,7.1824293,5.9936953,5.804227,4.45801
2040-04-06 12:00:00,4.0729694,3.3005853,7.2003922,6.7808948,5.0387626,4.6693506
2040-04-07 12:00:00,3.6634278,3.491715,6.692236,7.1355405,3.5835264,4.579984
2040-04-08 12:00:00,3.539559,3.4421613,5.214057,5.853479,6.4640055,3.642618
2040-04-09 12:00:00,2.8740726,2.5401394,4.01878,4.7682858,4.751145,2.9162142
2040-04-10 12:00:00,4.114174,3.8231385,7.376953,5.8528132,4.761602,5.552118
2040-04-11 12:00:00,3.7665355,3.124657,4.320853,3.5787618,6.0663857,2.5470085
2040-04-12 12:00:00,2.0141935,2.00704,5.631772,4.7372723,4.3035626,4.0316796
2040-04-13 12:00:00,4.1283016,3.7430186,8.063597,6.208882,3.2248688,5.3082657
2040-04-14 12:00:00,3.0038872,2.8034995,4.598102,4.469516,3.9249673,3.2766366
2040-04-15 12:00:00,2.1846435,2.1505115,3.395069,3.5403905,3.4549894,2.314228
2040-04-16 12:00:00,3.4425678,2.8258276,4.8406305,4.8211107,3.2742288,3.6276953
2040-04-17 12:00:00,2.8924441,2.731982,3.6599236,3.909603,3.4415224,1.9948503
2040-04-18 12:00:00,2.995041,2.5306447,3.8978276,2.5751283,2.8568687,2.5787683
2040-04-19 12:00:00,1.2756993,1.3678275,3.2609704,3.8854065,3.3001604,2.374103
2040-04-20 12:00:00,1.6305387,1.944562,4.31104,4.4031224,3.770214,2.8820896
2040-04-21 12:00:00,4.2235384,3.988419,6.232956,5.381759,3.508035,4.4051723
2040-04-22 12:00:00,2.9957144,2.4590104,2.9678016,2.081442,2.5200303,2.030618
2040-04-23 12:00:00,1.6129317,1.3355092,2.359765,3.7574592,5.4079423,1.689372
2040-04-24 12:00:00,3.0100465,2.8315337,5.0637965,6.2849936,5.4637227,3.7963433
2040-04-25 12:00:00,4.022135,3.6051402,5.945497,5.3883142,3.0358875,4.263488
2040-04-26 12:00:00,2.264494,1.9022443,3.2338715,3.8093984,2.5198774,2.1700294
2040-04-27 12:00:00,2.5000148,2.3081543,4.9915338,4.642573,4.9418454,3.5477161
2040-04-28 12:00:00,1.8119347,1.49313,3.6399422,3.0072103,5.0213385,1.9920282
2040-04-29 12:00:00,1.5179406,1.3929795,2.515885,2.4644043,4.342647,2.0349922
2040-04-30 12:00:00,1.522706,1.552877,1.8772413,2.3046644,4.026571,1.3011532
2040-05-01 12:00:00,2.3588786,1.8019592,2.7889752,3.302772,3.1086333,1.6168181
2040-05-02 12:00:00,2.1798627,1.7052795,4.2071743,2.9427366,5.495311,2.0013554
2040-05-03 12:00:00,3.2981582,2.590035,6.1070333,4.5686374,5.492517,3.4547389
2040-05-04 12:00:00,2.581261,2.0062559,4.876486,2.864232,3.4801404,2.6447723
2040-05-05 12:00:00,4.216063,3.102359,4.7320786,2.5906372,3.56877,2.3579397
2040-05-06 12:00:00,4.3105836,3.7863595,4.2391,4.4879885,4.1259065,2.6759112
2040-05-07 12:00:00,5.006354,4.313225,5.4279976,5.3831644,5.498062,3.1152375
2040-05-08 12:00:00,4.4557524,3.86423,4.8488574,5.044166,3.6495652,2.5237424
2040-05-09 12:00:00,2.7761216,2.3519013,4.775874,3.7522583,3.1942117,2.479558
2040-05-10 12:00:00,2.4194744,1.8293428,2.8670576,2.2446811,4.252957,1.8494627
2040-05-11 12:00:00,2.1357434,1.7932798,2.4936829,2.9214454,4.634266,2.0138028
2040-05-12 12:00:00,1.634325,1.5538752,3.0950215,2.1933072,3.9765728,1.6218973
2040-05-13 12:00:00,1.4375912,1.1725363,2.823065,1.6242603,3.6909292,1.6293567
2040-05-14 12:00:00,1.8432986,1.2532,2.6173055,2.1253657,3.5869262,1.7481053
2040-05-15 12:00:00,1.7900038,1.4307194,2.7956965,1.8336257,3.4156227,1.9003671
2040-05-16 12:00:00,1.7676728,1.6125078,3.0303328,2.461725,2.9241219,1.6312683
2040-05-17 12:00:00,4.338256,3.0403035,4.635189,4.7631116,4.491915,2.6809916
2040-05-18 12:00:00,2.5891097,2.2169101,3.9025397,4.0622454,6.0896535,3.3393645
2040-05-19 12:00:00,1.7734053,2.059071,4.611899,4.6002393,4.092257,3.1425326
2040-05-20 12:00:00,1.8584478,1.9434507,4.0461416,3.395216,3.0952013,2.485789
2040-05-21 12:00:00,1.6602159,1.4705759,2.8886368,2.700052,3.1027741,1.8929602
2040-05-22 12:00:00,2.4003441,1.957827,3.6680644,3.1285837,3.0922358,1.8430604
2040-05-23 12:00:00,1.4857153,1.434917,2.9973361,3.7377596,2.6692688,2.3173213
2040-05-24 12:00:00,2.5188427,2.0803013,4.1006856,3.721198,2.9523027,3.5866535
2040-05-25 12:00:00,2.1383471,1.6335046,1.9239011,3.2758038,3.1167336,1.3902298
2040-05-26 12:00:00,1.1723124,1.2983311,2.4881582,1.9276233,2.9092398,1.3800313
2040-05-27 12:00:00,2.902276,2.4814014,4.3409796,2.0871778,2.364777,2.4715762
2040-05-28 12:00:00,4.164763,3.6797588,4.5032625,3.933542,3.797926,3.2643406
2040-05-29 12:00:00,3.5998077,3.3606172,2.8191876,5.575727,5.0633683,3.2814434
2040-05-30 12:00:00,1.9482962,1.85587,3.3347957,4.613249,5.0512924,3.849545
2040-05-31 12:00:00,2.4133213,2.0871282,3.1514964,3.6188223,4.1325874,2.342767
2040-06-01 12:00:00,2.095852,2.0568275,3.248843,2.8342407,3.369237,1.8870866
2040-06-02 12:00:00,2.3276672,2.0079937,4.295481,2.90916,3.4157157,2.9299183
2040-06-03 12:00:00,0.9634363,1.2431405,2.7920268,2.747115,3.2012556,2.197297
2040-06-04 12:00:00,2.246653,2.0343769,3.0465937,3.587819,3.0156722,2.446185
2040-06-05 12:00:00,1.4920042,1.3266356,1.8750675,3.010605,4.8495574,1.6651322
2040-06-06 12:00:00,1.4550486,1.3637445,2.9990168,2.3754323,2.4629257,1.9819409
2040-06-07 12:00:00,2.1746852,1.8798418,3.1813347,3.0770388,3.5923173,3.4065368
2040-06-08 12:00:00,3.2561598,2.5681798,2.7073116,4.441585,4.986105,2.2873697
2040-06-09 12:00:00,1.6792862,1.7810426,2.6162946,3.4238,4.523444,1.4949458
2040-06-10 12:00:00,2.0997422,2.19375,2.5557046,3.324549,4.47968,2.093029
2040-06-11 12:00:00,2.4749436,2.2941694,2.6295688,3.6723526,3.8027365,2.8327403
2040-06-12 12:00:00,2.626863,2.3393455,2.3448646,3.2824178,2.6222968,1.8576488
2040-06-13 12:00:00,2.077849,1.8051612,2.3248107,2.945396,2.3562539,2.3847277
2040-06-14 12:00:00,1.3891541,1.6111232,2.4061697,3.440756,3.2050116,3.133687
2040-06-15 12:00:00,2.5057251,2.3999672,2.6590948,4.6989446,3.860831,3.496106
2040-06-16 12:00:00,2.5078952,2.214862,2.8966322,4.530249,3.5946894,2.51097
2040-06-17 12:00:00,2.8403087,2.4168124,2.2303965,3.6281548,2.8237011,2.6348226
2040-06-18 12:00:00,2.3341122,2.232672,2.4937937,3.4986281,3.3827972,2.5986345
2040-06-19 12:00:00,1.719975,1.7842518,2.97527,3.083227,5.3136663,2.858331
2040-06-20 12:00:00,2.0652666,1.864786,3.5276706,2.652825,4.44582,3.131404
2040-06-21 12:00:00,2.0442493,1.6940489,4.044677,2.6757207,2.729218,3.2840898
2040-06-22 12:00:00,3.1993089,2.3728704,4.5114183,3.1219256,2.5561914,3.4172585
2040-06-23 12:00:00,1.4906702,1.4405794,3.0334396,3.267039,2.3737178,2.9129055
2040-06-24 12:00:00,1.1360372,1.1791456,2.2318192,3.6177883,3.116007,2.1080728
2040-06-25 12:00:00,1.3938715,1.1659409,2.1787355,2.446997,4.5205107,1.5178794
2040-06-26 12:00:00,1.4750032,1.2800403,1.8715824,2.136701,4.834578,1.2266675
2040-06-27 12:00:00,1.0653027,1.1123602,1.702169,2.682201,2.821657,1.326836
2040-06-28 12:00:00,1.3691783,1.2359287,1.6873732,2.0029871,2.4597352,1.0157409
2040-06-29 12:00:00,1.7779413,1.6888704,1.9868786,2.4618251,2.7843518,1.3286452
2040-06-30 12:00:00,1.6065078,1.6365498,2.7133946,3.1482556,2.8929002,2.0252278
2040-07-01 12:00:00,1.980276,1.8228991,3.638508,2.9066122,2.1955478,1.9858997
2040-07-02 12:00:00,1.4756715,1.6891421,3.1094346,2.158351,2.0760314,1.8241619
2040-07-03 12:00:00,2.0037398,2.1228876,4.037778,3.6046126,2.692164,2.3636537
2040-07-04 12:00:00,2.142208,1.9588621,4.362072,3.774046,2.9224236,3.329858
2040-07-05 12:00:00,3.324204,2.6792002,4.1801896,4.3668346,3.0093186,2.9502187
2040-07-06 12:00:00,2.3409262,1.8945774,3.9988365,2.9753263,2.9618986,2.6449957
2040-07-07 12:00:00,2.6360192,2.7475839,5.1519113,4.337987,3.23878,4.3451614
2040-07-08 12:00:00,3.3287306,2.8278642,4.8727484,3.8291361,3.4027674,4.090835
2040-07-09 12:00:00,2.6377454,2.097646,4.282578,3.0903919,2.571748,3.282377
2040-07-10 12:00:00,2.3038657,1.6751612,2.8848264,2.740107,2.8494554,1.916466
2040-07-11 12:00:00,1.367242,1.1069767,2.1758556,1.5388502,2.669331,1.2733989
2040-07-12 12:00:00,1.2667108,1.572335,3.5283453,3.3701255,3.534201,2.4818616
2040-07-13 12:00:00,2.8733664,2.630696,4.4153433,4.711723,3.6460414,2.902352
2040-07-14 12:00:00,2.039867,2.1638398,3.7178466,3.2516778,2.9988205,2.4147856
2040-07-15 12:00:00,1.3454131,1.2939575,2.7271156,2.2478049,2.9298027,1.7168535
2040-07-16 12:00:00,2.8389711,2.366391,3.9148436,3.4245,3.2063336,2.2826505
2040-07-17 12:00:00,2.4306393,1.881048,3.4332135,3.1215549,3.222054,2.9651184
2040-07-18 12:00:00,3.095502,2.4977348,3.4292212,3.1500971,2.8265707,2.845487
2040-07-19 12:00:00,2.2423084,2.3143063,3.6304014,3.2680311,2.45412,2.4044309
2040-07-20 12:00:00,3.5251021,3.1787663,4.232671,4.3769603,3.3763075,3.284599
2040-07-21 12:00:00,3.4278123,2.8153903,4.1286144,4.198386,3.0251093,2.9836404
2040-07-22 12:00:00,1.1904056,1.6119475,3.2305968,4.0774546,3.2176347,2.5914834
2040-07-23 12:00:00,1.388565,1.1120824,1.5858794,3.9923177,4.2099924,1.1554142
2040-07-24 12:00:00,0.8015535,0.8387145,1.5048456,2.308096,4.1820827,1.2936212
2040-07-25 12:00:00,1.1259856,1.0212406,1.9029765,3.9556975,3.9067197,1.3872443
2040-07-26 12:00:00,1.4353249,1.2921964,2.062735,3.406914,3.5549226,1.1988904
2040-07-27 12:00:00,1.8444021,1.7955692,3.020243,3.676945,3.9576554,1.3481997
2040-07-28 12:00:00,1.261796,1.0658805,2.5220213,2.9034247,4.683032,1.2018844
2040-07-29 12:00:00,1.0232183,1.1672238,1.7415764,3.1727743,3.8759012,1.3176825
2040-07-30 12:00:00,1.5294743,1.2521297,1.8606079,2.855907,2.7092547,1.0683546
2040-07-31 12:00:00,1.7763772,1.4667822,3.2601204,2.4661884,3.3583984,1.3915433
2040-08-01 12:00:00,1.5218996,1.6125475,3.0474102,3.6755574,4.017123,1.6493031
2040-08-02 12:00:00,2.4768856,1.8328003,2.9246738,4.206673,3.1912591,1.1854595
2040-08-03 12:00:00,1.665857,1.7000011,4.0665617,3.5826929,2.3871193,1.5549581
2040-08-04 12:00:00,1.4483758,1.5822546,4.042346,2.7255695,1.8930306,1.7919542
2040-08-05 12:00:00,1.6748865,1.4780583,3.088916,2.3206074,2.546348,1.8764842
2040-08-06 12:00:00,1.5286596,1.2560987,3.1890721,2.028085,3.3318486,1.7737166
2040-08-07 12:00:00,2.1422935,1.5675795,2.7587128,2.3872075,3.3078632,1.1431285
2040-08-08 12:00:00,1.660278,1.3423971,2.1898308,2.1938741,2.834039,1.3077823
2040-08-09 12:00:00,1.2819774,1.1457288,2.2372875,2.319736,2.4389412,1.6892025
2040-08-10 12:00:00,2.2560124,1.578196,3.2784996,1.8841856,2.9828455,1.6452148
2040-08-11 12:00:00,2.2483234,1.852756,3.1058261,2.7776346,4.052516,1.3957382
2040-08-12 12:00:00,2.0862184,1.7231847,3.6314933,3.335328,4.4290433,2.0654266
2040-08-13 12:00:00,2.5781894,2.260659,4.339346,4.4667573,5.0556273,3.1359036
2040-08-14 12:00:00,2.8291273,2.9402285,4.2075143,4.025602,4.7539477,2.7901614
2040-08-15 12:00:00,2.8099701,2.4166355,2.3731303,2.0334098,3.024572,1.2021013
2040-08-16 12:00:00,1.6755143,1.4236962,2.9555247,2.633149,2.176311,1.9567082
2040-08-17 12:00:00,2.000523,1.6485547,3.7365563,1.8739941,2.2949967,2.1416297
2040-08-18 12:00:00,1.4898349,1.1034367,2.505981,1.5715772,2.7830288,1.6449797
2040-08-19 12:00:00,0.97162664,0.91916895,2.1618257,1.5060035,2.2146626,1.4552637
2040-08-20 12:00:00,1.4438528,1.0533861,1.6134397,1.6860127,3.7738085,1.2161044
2040-08-21 12:00:00,1.5503722,1.1577569,2.777013,1.7179909,4.2348437,1.2683505
2040-08-22 12:00:00,1.460602,1.4941618,4.276916,2.4748054,4.3420835,1.603721
2040-08-23 12:00:00,2.2204528,1.7481287,4.9172587,2.714771,3.9439733,1.8483111
2040-08-24 12:00:00,2.5968292,1.7096857,3.587989,2.3931599,5.2267065,1.9686718
2040-08-25 12:00:00,3.3501232,2.1661515,3.1545649,3.3949556,4.4644914,2.2009702
2040-08-26 12:00:00,3.1142466,2.4409146,4.288649,4.5881896,2.7694774,3.2021563
2040-08-27 12:00:00,2.7629023,2.7183242,5.5947313,5.0931387,3.3454118,3.0153742
2040-08-28 12:00:00,2.5155737,2.5842316,3.5934231,4.3010917,5.2895765,1.9899486
2040-08-29 12:00:00,1.2932575,1.1957631,1.8372854,2.2903643,5.895747,1.699527
2040-08-30 12:00:00,1.879221,1.4660901,2.4635262,2.4355338,3.4452076,1.3511255
2040-08-31 12:00:00,3.1640213,2.471601,5.200889,2.8830767,2.3989263,2.1917202
2040-09-01 12:00:00,3.7433558,3.4331706,3.4394524,4.55229,2.4057028,1.9968958
2040-09-02 12:00:00,1.8549067,1.8708658,3.8024852,4.2931232,4.2119226,1.7925439
2040-09-03 12:00:00,2.314383,1.6806194,5.493244,3.5871289,5.343567,2.29716
2040-09-04 12:00:00,2.515171,1.6503068,2.788613,2.2820935,3.0815141,2.03297
2040-09-05 12:00:00,1.7888423,1.8416221,3.4905195,3.8202436,2.712922,2.3410764
2040-09-06 12:00:00,2.7458305,2.5304174,5.054057,6.033879,5.5034904,3.925292
2040-09-07 12:00:00,4.143997,2.9836283,3.2850966,3.3673606,4.355533,1.7612509
2040-09-08 12:00:00,1.8480988,1.3660574,3.5500882,2.3188224,3.6657019,2.3683383
2040-09-09 12:00:00,1.7260314,1.2834926,2.9680526,1.6812423,5.8897915,1.3547219
2040-09-10 12:00:00,1.4355416,1.1610415,3.3105032,4.333219,6.0786657,2.0159695
2040-09-11 12:00:00,1.2537119,1.2173601,2.9470987,3.9704971,5.732683,2.2415943
2040-09-12 12:00:00,1.257041,1.0562204,2.8790662,1.995378,4.8058014,1.20342
2040-09-13 12:00:00,0.8305923,0.92955613,2.6410842,1.3082961,3.968742,1.1978449
2040-09-14 12:00:00,1.1904297,1.265761,3.2016838,1.7001122,3.1363237,1.7267396
2040-09-15 12:00:00,1.7922642,1.7543979,3.325598,2.7123024,3.9192827,2.3900533
2040-09-16 12:00:00,2.0375056,1.7990028,3.4931583,2.3519802,2.964823,2.8188038
2040-09-17 12:00:00,0.88902426,1.2815142,2.3064294,3.6324704,4.6607404,2.1680067
2040-09-18 12:00:00,3.1169374,2.496251,2.0224876,3.4539495,4.2963085,1.7304031
2040-09-19 12:00:00,1.6672735,1.5759478,2.3850083,2.9321113,4.1697006,1.2604699
2040-09-20 12:00:00,2.7451038,2.6485147,4.060337,4.6293807,3.7707565,2.3685327
2040-09-21 12:00:00,1.6826408,1.4995775,3.2984657,3.378797,2.8910344,1.9085042
2040-09-22 12:00:00,1.7439234,1.4346329,3.0404947,2.0986018,2.2460396,1.5872803
2040-09-23 12:00:00,3.2989826,2.6659956,3.9154205,3.3969283,2.3895092,2.3749444
2040-09-24 12:00:00,3.3320632,2.8342204,3.844077,3.2382247,3.1777194,1.9191822
2040-09-25 12:00:00,1.8631349,1.9378545,5.080266,3.2555652,3.4389513,2.8663034
2040-09-26 12:00:00,1.266886,1.4869636,3.023118,3.8277564,3.4291353,3.1360347
2040-09-27 12:00:00,2.254799,2.2331297,1.7675273,3.073512,3.4681058,1.2367095
2040-09-28 12:00:00,2.246803,1.8972279,2.1476035,2.6189563,4.3854766,1.1963252
2040-09-29 12:00:00,2.6152592,2.079514,2.999505,2.8165088,2.8658204,1.3111193
2040-09-30 12:00:00,3.1148627,2.7167337,4.7884173,3.0978715,3.2011425,2.761372
2040-10-01 12:00:00,1.8750408,2.2374287,2.5147257,4.492311,4.445337,1.709491
2040-10-02 12:00:00,1.5607792,1.3159304,3.1717756,2.2659962,3.6700103,1.7441891
2040-10-03 12:00:00,2.3866942,1.9919801,2.6950805,3.020845,3.7030413,1.2991394
2040-10-04 12:00:00,2.4381099,1.9164085,3.7045512,2.471217,3.6933107,1.5295501
2040-10-05 12:00:00,2.4424047,2.536802,5.0003524,2.8985486,2.8244212,2.446607
2040-10-06 12:00:00,1.2367624,1.5035815,2.207608,3.1868527,6.324535,1.442801
2040-10-07 12:00:00,1.9351575,1.6684917,3.335533,3.7593224,7.190641,3.0878694
2040-10-08 12:00:00,3.5697045,2.9110544,4.2635674,6.747993,4.9507637,4.153071
2040-10-09 12:00:00,2.3130832,1.9252111,4.626584,2.6536162,3.0764246,2.5688074
2040-10-10 12:00:00,2.8905492,1.924978,3.867535,2.9868774,2.7509499,2.641364
2040-10-11 12:00:00,1.0509231,0.93582624,2.429393,2.206952,3.3552241,1.8184918
2040-10-12 12:00:00,1.928782,1.7016287,3.3262417,3.9163806,4.869035,2.9373837
2040-10-13 12:00:00,2.905231,2.8853216,5.977738,5.6658216,5.7510977,4.8855815
2040-10-14 12:00:00,1.8199544,2.2279775,5.342863,3.9531913,4.430787,3.9940832
2040-10-15 12:00:00,1.8040824,1.6739749,3.7223969,4.1503563,3.5018487,3.0958686
2040-10-16 12:00:00,1.1047338,1.117921,3.5568013,2.9451587,3.3820674,2.6960998
2040-10-17 12:00:00,1.3913392,1.551319,3.5370677,3.6591325,5.7691703,3.4467905
2040-10-18 12:00:00,2.8546758,2.4273589,4.1324754,4.7131147,4.9738345,3.4772081
2040-10-19 12:00:00,1.7493458,1.5683377,3.710563,5.2208614,3.8282843,2.8548145
2040-10-20 12:00:00,1.3340845,1.295277,2.9701662,5.6436954,3.5966043,3.451764
2040-10-21 12:00:00,1.3422818,1.43193,3.1876183,6.0274534,6.26042,3.3145695
2040-10-22 12:00:00,0.86683285,1.0060298,2.5395153,2.7353125,5.570458,2.4201376
2040-10-23 12:00:00,1.038223,0.8749667,2.1969082,2.3849204,4.456867,1.5614318
2040-10-24 12:00:00,0.60525674,0.6756981,2.5151572,2.4504776,4.436192,1.779634
2040-10-25 12:00:00,1.0161078,1.0370327,3.5288935,3.0274446,5.544922,2.3162942
2040-10-26 12:00:00,1.5946684,1.4432577,4.9850993,3.7340848,4.210678,3.2648816
2040-10-27 12:00:00,1.5957329,1.5516846,5.32391,5.022166,5.777952,3.470197
2040-10-28 12:00:00,2.0666392,1.5398332,3.8316247,4.116445,6.54554,2.607081
2040-10-29 12:00:00,1.5825732,1.4920412,4.3823433,4.4409943,6.0192304,3.0431085
2040-10-30 12:00:00,1.6024975,1.3914708,4.264132,4.1913314,5.408057,2.2312016
2040-10-31 12:00:00,1.4958061,1.3989424,3.132982,2.827018,4.119977,2.6664822
2040-11-01 12:00:00,1.7225382,1.5757297,4.1147203,3.1687999,3.5096893,2.6000218
2040-11-02 12:00:00,2.8236206,2.299729,5.653753,3.9326944,4.0429754,3.7695901
2040-11-03 12:00:00,3.2525272,2.7315555,6.588885,5.5461507,4.260306,4.9046855
2040-11-04 12:00:00,5.0365915,4.092794,7.0774684,5.4753175,4.582667,4.2450695
2040-11-05 12:00:00,3.648745,2.871112,4.9530444,6.308743,4.5850596,2.7094152
2040-11-06 12:00:00,3.1482263,2.498763,3.939017,4.674356,5.731211,2.24324
2040-11-07 12:00:00,0.8908068,1.1811213,4.6434326,3.963059,5.6325684,2.6453826
2040-11-08 12:00:00,1.9687531,2.1369236,5.8815594,5.0876865,5.6488385,3.6625226
2040-11-09 12:00:00,2.534642,2.5387192,6.5195284,4.4360228,4.4953284,3.666866
2040-11-10 12:00:00,2.2706084,2.0445428,4.0688396,4.5940475,4.969425,3.341848
2040-11-11 12:00:00,2.1411762,2.0873272,6.5505013,4.701646,5.2800026,4.434019
2040-11-12 12:00:00,2.2904189,2.0377765,3.2679079,4.646807,6.09602,2.6961172
2040-11-13 12:00:00,2.5090423,2.161098,4.8079877,3.9955196,4.9080353,2.6621773
2040-11-14 12:00:00,1.3308765,1.5576332,3.7663145,4.6292157,4.856082,3.511207
2040-11-15 12:00:00,0.9810074,1.0946563,4.7083454,4.3019247,5.8138747,4.047737
2040-11-16 12:00:00,2.7074504,2.511364,5.957851,4.819809,6.642364,4.586345
2040-11-17 12:00:00,2.434197,2.394738,4.953004,4.8485484,5.669117,4.3642473
2040-11-18 12:00:00,1.5627365,1.4654194,3.1271687,4.3797936,4.904421,3.0083435
2040-11-19 12:00:00,2.4482453,2.3248963,4.38514,5.7031984,5.202169,3.5674267
2040-11-20 12:00:00,4.2528324,3.4538906,6.1623416,6.561835,5.1430674,4.5018663
2040-11-21 12:00:00,2.2900767,2.1111162,3.520225,4.626883,4.7488174,2.4068174
2040-11-22 12:00:00,1.4485605,1.3341045,4.5204644,2.89809,4.3373623,2.646994
2040-11-23 12:00:00,1.5995562,1.8077565,4.344958,4.4542775,4.213641,3.5874705
2040-11-24 12:00:00,1.8091292,1.7085633,3.833895,4.2073784,4.182995,3.1274738
2040-11-25 12:00:00,1.1670566,1.2507143,2.8443184,3.4031107,4.1893377,1.687521
2040-11-26 12:00:00,1.3980705,1.2548087,2.3822749,3.186383,4.595957,0.882138
2040-11-27 12:00:00,1.692298,1.368757,3.0454602,3.9902203,4.1326466,1.5286752
2040-11-28 12:00:00,3.9337404,2.7163603,5.638645,3.3604488,2.6533494,2.4344869
2040-11-29 12:00:00,4.1768484,2.7402706,3.8639321,2.514854,2.7641387,2.1452558
2040-11-30 12:00:00,3.0908256,2.065722,3.144305,2.53188,2.980876,1.8056762
2040-12-01 12:00:00,1.5748658,1.1838381,3.6844976,2.6622598,2.9782648,2.315165
2040-12-02 12:00:00,0.89787215,1.0909892,2.8462093,2.4529493,3.5387878,1.8657475
2040-12-03 12:00:00,0.5696433,0.8655033,2.7387137,3.2723079,3.389325,1.7006912
2040-12-04 12:00:00,2.524007,1.5537386,2.862281,4.275133,3.9758632,1.6883633
2040-12-05 12:00:00,2.768909,1.9821385,2.5699005,4.017686,4.550656,1.9755495
2040-12-06 12:00:00,1.317724,1.1769543,2.2049196,1.8879144,2.9425123,1.6079115
2040-12-07 12:00:00,1.6680477,1.3561851,3.7446072,2.7470355,4.560804,1.9689989
2040-12-08 12:00:00,2.3352692,1.7435977,3.744577,5.4385715,8.90167,1.9918351
2040-12-09 12:00:00,1.3366039,1.5685534,3.217047,5.495578,5.4316645,2.373088
2040-12-10 12:00:00,2.7368867,2.5819726,4.631384,4.646004,4.0324974,3.5521116
2040-12-11 12:00:00,1.4409673,1.9392612,3.2050743,5.0219064,5.5640373,2.2204866
2040-12-12 12:00:00,1.0676875,1.5347052,2.7004995,4.4936886,3.681458,2.1007094
2040-12-13 12:00:00,1.4518716,2.095104,3.6142259,5.901972,5.0614944,2.6814373
2040-12-14 12:00:00,1.4371574,2.2446573,3.3532033,4.3682795,7.0671906,2.4558058
2040-12-15 12:00:00,1.0469595,1.4422956,2.860778,3.2326624,4.182422,1.7059772
2040-12-16 12:00:00,0.96016407,1.3461803,2.4679396,5.9860263,5.521437,2.1620536
2040-12-17 12:00:00,1.2121928,1.6762867,3.3603888,6.358586,4.010783,2.7510536
2040-12-18 12:00:00,1.0913379,1.3313851,2.5589495,6.587705,6.7312737,2.2707222
2040-12-19 12:00:00,0.83128905,1.1229906,2.4637773,6.308543,8.726673,2.8853393
2040-12-20 12:00:00,0.64600325,0.89534646,4.355126,4.9805,6.6591015,4.082745
2040-12-21 12:00:00,2.2268124,1.9622002,6.3576617,5.686557,6.89976,4.896663
2040-12-22 12:00:00,2.447282,1.9771013,4.3411555,5.642322,5.876194,2.4381146
2040-12-23 12:00:00,2.661483,2.3164406,5.910518,3.184967,5.257713,3.656587
2040-12-24 12:00:00,2.732696,2.3798327,4.272105,5.8601246,4.699587,3.565742
2040-12-25 12:00:00,2.6392243,1.917811,4.1861725,4.147866,4.666497,2.2574394
2040-12-26 12:00:00,2.2994888,1.6334705,3.6461205,2.7161543,4.536633,1.8672751
2040-12-27 12:00:00,0.9572954,0.9760997,3.3248806,4.0900354,5.2871103,3.0243435
2040-12-28 12:00:00,3.786767,3.162641,6.432696,5.5943437,6.3325973,4.0929694
2040-12-29 12:00:00,1.9343418,1.8783216,3.6831968,5.5169244,5.6703353,2.748305
2040-12-30 12:00:00,1.8176978,1.5563421,2.9002829,3.323411,5.822912,2.0437236
2040-12-31 12:00:00,1.3714712,1.4940836,3.2039218,4.545378,3.8881197,2.9016843
2041-01-01 12:00:00,2.8588986,2.4463396,7.143768,7.370566,6.195598,5.3250866
2041-01-02 12:00:00,3.0137486,2.4920962,6.609019,7.3871455,5.8178563,4.0883536
2041-01-03 12:00:00,1.742138,1.8975703,4.3753614,5.6897993,5.547669,3.102997
2041-01-04 12:00:00,1.1985323,1.1465622,3.0690637,3.0846756,3.0665002,1.4995234
2041-01-05 12:00:00,1.4511192,1.2226708,3.2846684,3.1505616,4.0576806,2.4846697
2041-01-06 12:00:00,2.319799,1.8947783,6.2854905,5.0266786,5.0647473,4.3877034
2041-01-07 12:00:00,3.3262844,2.7339895,4.7853923,3.8924537,5.616834,2.8019104
2041-01-08 12:00:00,3.5324461,2.3767605,4.4562206,3.170717,4.765164,2.2654088
2041-01-09 12:00:00,3.224058,2.0797832,5.173782,2.7091434,3.940561,2.4697196
2041-01-10 12:00:00,2.4858148,1.6297193,4.416199,2.549684,6.999819,1.8181471
2041-01-11 12:00:00,1.6199375,1.2012212,3.4869056,2.8499658,4.21099,1.486638
2041-01-12 12:00:00,1.4773357,1.3061264,3.2950084,2.3241205,2.8662114,1.6834567
2041-01-13 12:00:00,2.2880406,1.5041813,3.6720753,3.2977793,4.4617987,1.9977901
2041-01-14 12:00:00,1.7703015,1.3220787,4.1645007,4.3022213,6.474821,2.4173198
2041-01-15 12:00:00,1.4927195,1.4370601,4.3254023,5.7739153,6.8111076,3.1439474
2041-01-16 12:00:00,0.8217099,1.1369665,3.2881799,6.155223,6.671038,3.0003455
2041-01-17 12:00:00,0.53141534,0.92995274,2.8146536,6.1980534,5.696527,2.4296591
2041-01-18 12:00:00,0.8923088,1.0503823,4.198722,6.059713,6.968631,3.064566
2041-01-19 12:00:00,0.9684769,1.1706864,4.042673,7.071056,5.9791985,3.893232
2041-01-20 12:00:00,1.0037158,1.2846646,3.064639,4.9551835,4.7782006,2.6507444
2041-01-21 12:00:00,1.4758427,1.5787302,4.2102184,5.4233165,4.0280633,3.7441335
2041-01-22 12:00:00,2.2708316,1.9992566,6.125036,5.4170394,3.488653,3.828424
2041-01-23 12:00:00,1.0690595,1.3316195,2.928075,5.1825414,3.8307698,1.518773
2041-01-24 12:00:00,1.1108294,0.97834903,2.7100298,4.052105,4.691169,2.4682012
2041-01-25 12:00:00,0.62389964,1.0354059,2.2178404,5.688849,5.5102477,2.3428476
2041-01-26 12:00:00,0.980945,1.2081639,2.2591274,4.0848794,4.144129,1.6389838
2041-01-27 12:00:00,0.7149299,0.91990405,2.9472744,3.3998382,4.285224,2.9176817
2041-01-28 12:00:00,0.9167105,1.2016145,2.5029488,3.8365083,5.330164,2.5085564
2041-01-29 12:00:00,0.8796043,0.9730442,2.2951436,2.6236904,4.7273593,1.5939685
2041-01-30 12:00:00,2.0233922,1.5674169,5.0932846,3.7623167,3.1533196,3.304128
2041-01-31 12:00:00,2.1492248,1.8915854,3.1688423,6.711347,5.222851,2.9801888
2041-02-01 12:00:00,0.8941171,1.1697327,3.2943168,5.1218343,5.7037873,1.9141585
2041-02-02 12:00:00,1.5121859,1.5656884,3.036952,4.517435,4.026012,2.4304137
2041-02-03 12:00:00,1.785217,1.9811869,3.249466,2.944521,3.680064,2.3844433
2041-02-04 12:00:00,1.0483559,1.2677219,2.290169,4.1432276,3.2006876,2.0850472
2041-02-05 12:00:00,2.011414,1.7324885,3.8428857,3.9958324,2.8999753,2.5679853
2041-02-06 12:00:00,1.6714346,1.2778482,5.754661,3.1313403,3.0747254,3.0550528
2041-02-07 12:00:00,1.4065583,1.1628766,5.381938,3.5127964,3.1862898,2.858613
2041-02-08 12:00:00,1.8800209,1.4384857,6.349585,5.138095,2.957817,3.8793588
2041-02-09 12:00:00,2.924617,2.3601012,8.218774,5.5766487,3.8137233,4.2844563
2041-02-10 12:00:00,2.9777987,2.690908,7.0645638,5.9272814,4.3104167,4.184985
2041-02-11 12:00:00,3.1737847,2.9334438,6.6039176,6.951914,6.2133174,5.2211337
2041-02-12 12:00:00,1.4543269,1.5370195,2.8730752,4.6121044,3.8697596,2.4162576
2041-02-13 12:00:00,1.3359002,1.2763548,3.5884202,3.3013475,3.8604655,2.7675653
2041-02-14 12:00:00,0.7975625,0.9142778,3.7596476,4.057666,5.4170523,3.084936
2041-02-15 12:00:00,2.7250605,2.396597,5.218763,4.630279,5.823351,3.4379787
2041-02-16 12:00:00,1.1577771,1.3180279,3.3351054,4.436614,4.76468,2.8283236
2041-02-17 12:00:00,1.1031284,0.9782746,4.0567894,3.3335187,4.3533373,2.6755688
2041-02-18 12:00:00,2.9900675,2.025734,4.7815504,3.0817897,3.1266866,2.5567594
2041-02-19 12:00:00,2.762545,1.7439295,2.6299372,4.04383,3.6698809,1.9639376
2041-02-20 12:00:00,2.473123,1.8154184,3.3906488,2.600891,4.2935457,1.7713729
2041-02-21 12:00:00,2.7181244,2.0817773,3.4894795,3.0592706,3.8704247,1.7687947
2041-02-22 12:00:00,2.0822415,2.066798,4.568151,4.7784863,4.315043,2.4279706
2041-02-23 12:00:00,3.229797,2.9723883,7.0224047,4.9950657,4.5036826,3.3732684
2041-02-24 12:00:00,3.5080817,2.7601767,5.569509,4.518401,3.2682703,2.791014
2041-02-25 12:00:00,3.791297,2.655238,3.451267,3.1719368,3.5869799,1.7445493
2041-02-26 12:00:00,3.2790947,2.2095156,4.082319,3.8091755,3.6501312,1.9313962
2041-02-27 12:00:00,1.7564818,1.5376489,5.3413944,4.1430945,5.0906157,2.5886424
2041-02-28 12:00:00,0.7864656,0.90362495,4.688775,3.3235476,3.2388322,2.4260497
2041-03-01 12:00:00,0.68500274,0.81179863,3.873284,2.660437,3.7447271,2.1529322
2041-03-02 12:00:00,0.93892217,0.93751395,3.7028422,2.8599875,3.8245366,2.7754433
2041-03-03 12:00:00,1.2767553,1.3737235,4.5806704,4.2367964,3.2181861,3.892096
2041-03-04 12:00:00,1.5407122,1.5048751,3.4991827,5.4661393,4.5929627,3.428161
2041-03-05 12:00:00,2.3104646,1.8522686,3.9607012,4.4820104,4.938588,2.897883
2041-03-06 12:00:00,1.2072538,1.1687797,2.7382128,4.896128,3.6987915,2.6464906
2041-03-07 12:00:00,1.6135888,1.6903105,5.553598,4.1283836,3.6577423,3.6861944
2041-03-08 12:00:00,3.5851865,3.1402016,5.0524054,5.6937566,4.8505297,3.464712
2041-03-09 12:00:00,3.3526866,2.6133585,5.365605,4.0893197,5.7845535,2.822111
2041-03-10 12:00:00,3.0170164,2.402295,5.379318,4.395309,5.1506767,3.7193232
2041-03-11 12:00:00,2.9980087,2.551285,4.9453244,4.816384,3.9615784,3.7352424
2041-03-12 12:00:00,3.8492277,3.6687493,6.755412,5.770909,4.181604,4.8865533
2041-03-13 12:00:00,3.000278,3.1004105,6.2146506,6.5828485,5.9394703,4.908571
2041-03-14 12:00:00,2.925915,2.7426906,4.8948526,4.286922,5.592736,3.1944807
2041-03-15 12:00:00,2.2305207,2.0000508,2.2611468,3.2270827,2.8107898,1.4755647
2041-03-16 12:00:00,1.2711675,1.0768737,1.4219052,1.8827853,2.3694944,1.2466158
2041-03-17 12:00:00,1.4100964,1.2628559,1.7554369,2.1684852,4.3911858,1.2583574
2041-03-18 12:00:00,0.98308265,1.0886197,3.139403,2.9535913,4.7725377,2.3139546
2041-03-19 12:00:00,2.1476572,2.191965,4.6947975,5.5131593,5.1571627,3.5912745
2041-03-20 12:00:00,1.04034,1.1196572,3.1710885,5.484888,7.03863,3.7162454
2041-03-21 12:00:00,0.8096206,0.9343826,2.3923888,4.4945326,7.3660007,2.895573
2041-03-22 12:00:00,1.1542804,1.1103121,3.173928,2.355522,6.67424,1.5716239
2041-03-23 12:00:00,1.5406163,1.3682102,3.5596364,2.4068563,5.8172994,1.9008927
2041-03-24 12:00:00,1.471694,1.1550924,3.3799837,2.664432,5.775588,2.4465766
2041-03-25 12:00:00,1.6167537,1.2508305,3.3361988,3.5345633,6.9423046,2.6744287
2041-03-26 12:00:00,0.92411613,0.9547278,2.0694914,4.681855,4.6254573,1.7831467
2041-03-27 12:00:00,1.4960289,1.2575538,1.7578099,2.4292316,4.827081,1.274865
2041-03-28 12:00:00,1.2195916,1.0585905,2.0379915,2.9350302,6.1607127,1.3778344
2041-03-29 12:00:00,0.9263105,1.034538,2.114903,3.917135,7.6501184,1.4422842
2041-03-30 12:00:00,2.6755304,2.2257767,3.5374646,3.9044144,7.161965,3.0974452
2041-03-31 12:00:00,4.2777967,3.5131078,5.4897046,3.7439153,5.6281633,3.260605
2041-04-01 12:00:00,3.264257,2.6611347,3.9489195,2.606567,4.57694,1.9978426
2041-04-02 12:00:00,1.6330724,1.3235862,2.1981177,1.9607537,3.2968414,1.3898028
2041-04-03 12:00:00,1.290525,1.5236006,2.2029004,2.5146189,3.1121316,1.8357325
2041-04-04 12:00:00,1.8697988,1.6802353,2.7096803,3.5470848,2.3933225,1.9261165
2041-04-05 12:00:00,1.7743776,1.683684,2.714734,2.8630254,3.3571773,2.0693865
2041-04-06 12:00:00,1.1049384,1.1240896,2.7026567,1.8561808,4.4510207,1.693345
2041-04-07 12:00:00,1.320823,1.247236,2.4788387,2.8673108,5.54674,1.4431789
2041-04-08 12:00:00,1.1237606,1.2199917,2.1506255,2.6331947,5.4958243,1.8334631
2041-04-09 12:00:00,1.36849,1.465025,2.932043,2.8843129,5.778045,2.3358326
2041-04-10 12:00:00,1.0137467,1.2116584,2.6004007,2.8351068,4.100407,2.5348175
2041-04-11 12:00:00,1.8640567,1.3635378,1.7646196,3.3552175,2.608452,1.6111919
2041-04-12 12:00:00,1.7142735,1.2639059,2.7027047,2.4860857,3.1702213,1.8626192
2041-04-13 12:00:00,0.9988279,0.96952266,3.3359094,2.0077348,3.2422547,1.8936168
2041-04-14 12:00:00,1.687666,1.4711734,4.2754936,2.0452585,5.124602,1.9506947
2041-04-15 12:00:00,2.4799473,2.2380686,5.6760674,2.4759002,4.9898458,2.4689445
2041-04-16 12:00:00,1.8171856,1.7513869,4.1082854,2.3964906,4.317221,2.0630696
2041-04-17 12:00:00,1.9722563,1.4946955,3.0338798,2.3124993,4.306743,1.4632623
2041-04-18 12:00:00,1.480339,1.3580117,2.486118,3.4812582,4.3524613,1.2666653
2041-04-19 12:00:00,1.4916091,1.2560384,2.2124708,3.2767391,4.624265,1.3426838
2041-04-20 12:00:00,1.3906122,1.1448512,1.7458253,2.0519106,4.433902,1.2134074
2041-04-21 12:00:00,1.6062772,1.2276243,2.7226217,1.6110873,3.7127926,1.4180064
2041-04-22 12:00:00,1.4262929,1.2635092,3.0211766,1.8647058,2.7220478,1.38019
2041-04-23 12:00:00,1.186589,1.2885802,2.2315176,1.7495506,2.3059847,1.2515383
2041-04-24 12:00:00,1.0631249,0.97708076,2.378894,2.6073897,3.5893917,1.2100695
2041-04-25 12:00:00,0.91222495,0.89023024,1.7626073,3.5989256,3.4090006,1.2184187
2041-04-26 12:00:00,1.7063013,1.3858721,2.4607077,3.6780386,3.058378,2.1528444
2041-04-27 12:00:00,2.4127953,1.8598633,2.285783,2.7844975,3.4354677,1.576219
2041-04-28 12:00:00,1.9206855,1.4564291,3.1493618,3.2023072,2.9203277,1.5227184
2041-04-29 12:00:00,2.1073995,2.3274045,4.74683,3.4138954,3.3868752,3.2371852
2041-04-30 12:00:00,2.3970819,2.2881062,2.5500696,3.5088313,4.8488607,2.2145844
2041-05-01 12:00:00,2.9469867,2.9219663,4.3274584,3.9615586,6.119195,2.5603213
2041-05-02 12:00:00,2.4055953,2.6275487,4.0924544,5.7702894,6.5183606,2.3222206
2041-05-03 12:00:00,1.233984,1.1463048,2.9312503,3.4421413,3.265134,1.6136466
2041-05-04 12:00:00,1.7013248,1.6125063,2.6033742,3.3050277,3.309475,1.5731894
2041-05-05 12:00:00,1.33498,1.5662479,2.5207639,3.9289587,3.231536,2.1549928
2041-05-06 12:00:00,2.2831764,1.7554913,2.9974713,4.0002327,6.202802,1.6674781
2041-05-07 12:00:00,2.1344938,1.6831479,2.1463873,3.4322276,4.734102,1.2235999
2041-05-08 12:00:00,0.9442111,1.0189282,1.9532763,2.2464151,4.38229,1.2830552
2041-05-09 12:00:00,1.7702653,1.5581818,2.0566983,1.862913,4.5427074,1.5546104
2041-05-10 12:00:00,2.7711806,2.227464,3.358671,2.7105634,3.6020942,1.8242443
2041-05-11 12:00:00,1.9626697,1.6356468,2.1943583,2.4136553,3.484671,1.6159194
2041-05-12 12:00:00,1.676252,1.9231143,3.117332,3.0435836,3.8240032,2.711503
2041-05-13 12:00:00,1.3187263,1.5646895,3.451545,3.1234152,3.7380815,2.8608668
2041-05-14 12:00:00,1.4101992,1.281989,3.4297614,2.471016,3.5033138,2.9844015
2041-05-15 12:00:00,1.9329693,1.525902,3.1411424,3.6967387,2.686413,3.302872
2041-05-16 12:00:00,2.0733118,2.116991,3.7242584,4.4744425,2.5087879,4.059978
2041-05-17 12:00:00,1.9834169,1.8053164,3.814279,2.688874,3.8488898,2.752855
2041-05-18 12:00:00,1.828655,1.7645024,3.2258608,4.2229586,3.6801958,1.8487598
2041-05-19 12:00:00,1.6451226,1.8380699,4.117432,4.242162,2.8004918,2.6057894
2041-05-20 12:00:00,1.7738955,1.5431503,4.22097,2.874715,3.6031241,2.662725
2041-05-21 12:00:00,2.2669725,1.586196,3.8084857,2.3983266,4.52238,1.7568487
2041-05-22 12:00:00,1.8185569,1.4058541,3.743541,2.1871705,4.2349157,1.713762
2041-05-23 12:00:00,1.6294177,1.7080246,4.198049,2.5868194,4.84565,2.4215
2041-05-24 12:00:00,1.8550532,1.8155472,3.5613132,2.595048,4.576026,2.010065
2041-05-25 12:00:00,1.83409,1.4207067,2.6825836,2.7034414,3.6023858,1.8373822
2041-05-26 12:00:00,3.081099,2.4378147,4.0645723,4.0495386,3.5045197,2.1021278
2041-05-27 12:00:00,1.4366304,1.3973962,3.2819116,3.121361,3.337274,1.5455928
2041-05-28 12:00:00,1.8014227,1.7436529,3.7707076,3.3462694,3.743347,2.1640294
2041-05-29 12:00:00,3.4558277,3.1434677,4.9823427,5.4869404,4.0748386,2.6042418
2041-05-30 12:00:00,2.2909405,2.1673234,3.7706943,3.6071646,4.6443963,2.145057
2041-05-31 12:00:00,2.8594816,2.6587086,2.9707963,4.1523356,3.556342,2.2900462
2041-06-01 12:00:00,2.9272764,2.4793425,4.2847004,3.5005887,3.7415733,2.3301384
2041-06-02 12:00:00,3.1054683,3.0355074,5.5972424,3.5461552,4.4995785,2.8344479
2041-06-03 12:00:00,3.3107224,2.977039,6.336616,3.444877,3.6718223,4.0401297
2041-06-04 12:00:00,3.3466625,3.2196007,5.553469,4.451421,3.483435,4.476313
2041-06-05 12:00:00,3.1780472,2.8151076,3.5342305,3.1543806,2.5580127,2.397476
2041-06-06 12:00:00,2.7376623,2.0659533,3.313453,3.0853238,4.9397297,2.3016384
2041-06-07 12:00:00,1.9435197,1.6888912,3.4544537,2.7857137,3.198844,2.5172584
2041-06-08 12:00:00,1.6081368,1.559898,3.9256449,3.0921738,2.5846534,2.9293501
2041-06-09 12:00:00,0.87823486,1.0775422,2.8377533,2.487616,4.0605674,2.3818853
2041-06-10 12:00:00,1.4770192,1.7426933,3.1846113,4.4328914,3.8280034,3.1099238
2041-06-11 12:00:00,3.3313901,2.7177908,2.5835862,5.360553,3.4253151,2.9176943
2041-06-12 12:00:00,3.3452573,2.7351065,3.0510201,4.3586407,3.8298626,2.0011022
2041-06-13 12:00:00,2.9337258,2.4840612,2.8819888,4.1997685,4.31019,3.0053458
2041-06-14 12:00:00,2.6256578,2.332421,3.0696213,3.281531,4.474269,1.8264041
2041-06-15 12:00:00,2.3196769,1.9653196,2.4906607,2.5527303,3.1486523,1.4320768
2041-06-16 12:00:00,1.7290782,1.2554375,2.3050869,2.0700867,2.142034,1.7408189
2041-06-17 12:00:00,2.7052453,2.2598495,4.2204604,3.3301635,3.7856548,2.6321778
2041-06-18 12:00:00,2.2378721,1.9623549,3.9261262,2.4688065,4.812047,1.9695758
2041-06-19 12:00:00,1.3635653,1.2690858,3.1630466,3.6231258,4.569084,1.3757355
2041-06-20 12:00:00,2.341311,1.931784,3.516495,3.4521391,3.429993,1.9967576
2041-06-21 12:00:00,2.3706613,1.7468859,2.8784451,3.6055,2.2734616,2.0194402
2041-06-22 12:00:00,2.3171875,1.8022853,2.39004,3.7077084,2.976222,2.2480676
2041-06-23 12:00:00,2.7914374,2.3424747,2.6568122,4.205629,4.779848,1.3849075
2041-06-24 12:00:00,2.2089925,1.6488491,2.4447725,4.2324786,4.488399,1.2836576
2041-06-25 12:00:00,0.7675335,0.9219558,2.9266343,2.6221988,2.6732895,2.1147404
2041-06-26 12:00:00,0.90529305,0.98577327,3.2511172,2.3043585,2.4600916,2.0547397
2041-06-27 12:00:00,1.1452998,1.1758698,2.8220353,2.8666866,2.0567758,1.8667642
2041-06-28 12:00:00,1.3430519,1.1056131,2.3019257,3.0236409,2.7239764,1.2535654
2041-06-29 12:00:00,1.1298006,1.1264728,2.2494056,1.9460154,2.91534,1.6124303
2041-06-30 12:00:00,1.2796931,1.1695814,1.8686855,4.0273156,3.3551803,1.5292674
2041-07-01 12:00:00,1.1430037,1.142563,1.7400994,4.704813,3.282099,1.2242551
2041-07-02 12:00:00,2.0566773,1.8394634,2.1542447,3.9622757,2.767944,1.9397802
2041-07-03 12:00:00,2.659603,2.1573453,3.4753604,3.1142182,2.640725,3.5903609
2041-07-04 12:00:00,1.4270918,1.4517444,3.1766167,3.2088907,2.9523706,3.154364
2041-07-05 12:00:00,1.0553616,1.1493087,3.666175,1.8980441,3.072298,2.556846
2041-07-06 12:00:00,1.523665,1.4970123,3.0872915,2.1182597,2.5894637,1.6548591
2041-07-07 12:00:00,2.6123655,1.7992798,2.5493906,2.6976433,3.3564088,1.6540661
2041-07-08 12:00:00,1.6247814,1.5928428,3.1312976,3.3868177,4.5595756,3.019862
2041-07-09 12:00:00,1.4593377,1.2975521,3.4948049,2.5430217,5.7414303,3.3206747
2041-07-10 12:00:00,1.8615015,1.5893207,3.6726441,3.8195713,3.509993,3.7835383
2041-07-11 12:00:00,2.1520553,1.926699,4.772083,4.6059465,3.7452435,3.9879951
2041-07-12 12:00:00,2.6863902,2.2760742,3.9383597,3.4319148,3.045153,3.23184
2041-07-13 12:00:00,1.6860948,1.3302968,2.6008499,3.66106,3.2294297,2.6902437
2041-07-14 12:00:00,1.5430046,1.2923163,2.356843,4.2031975,3.378424,1.452039
2041-07-15 12:00:00,1.5079175,1.2559636,2.6397433,4.3702083,3.0011802,1.2834822
2041-07-16 12:00:00,2.1086755,1.4550391,2.055756,4.1388817,2.528826,1.6035076
2041-07-17 12:00:00,0.83035386,0.9672985,1.5598644,4.246036,2.5058455,1.3424674
2041-07-18 12:00:00,1.335882,1.3786403,1.965916,3.728442,2.8070116,1.4877213
2041-07-19 12:00:00,2.3956466,1.9115058,3.6766844,3.0121684,2.2654676,2.168911
2041-07-20 12:00:00,2.1972775,1.8459369,4.3673787,2.0033681,2.1442862,2.2489552
2041-07-21 12:00:00,1.2882781,1.0767761,3.0830612,2.006124,2.460802,1.8512024
2041-07-22 12:00:00,1.1932771,1.3021549,2.8590918,2.001938,2.6256015,1.3661414
2041-07-23 12:00:00,1.5905099,1.3459915,2.5317838,1.982316,2.4852386,1.5567752
2041-07-24 12:00:00,0.85338056,0.9800855,2.2075062,1.6559385,2.2802649,1.4722266
2041-07-25 12:00:00,2.2433052,1.7988256,1.8836114,2.3136322,3.075615,1.4896555
2041-07-26 12:00:00,1.6696794,1.72702,2.431841,2.1815028,2.896609,1.7579693
2041-07-27 12:00:00,2.2908893,2.2412043,2.460063,2.1823792,2.6405056,1.4885554
2041-07-28 12:00:00,2.0968251,1.7621882,2.82904,2.4124084,3.372998,1.8228431
2041-07-29 12:00:00,0.8142266,1.0757207,2.1208696,1.8960387,3.3382514,1.430476
2041-07-30 12:00:00,0.75315297,0.9535667,1.6589841,2.5225801,2.366734,1.0882126
2041-07-31 12:00:00,0.92689383,0.97235745,1.7384526,2.6790338,3.937583,1.1532207
2041-08-01 12:00:00,1.6194174,1.5625702,1.9513645,2.6464894,3.2229366,1.5120121
2041-08-02 12:00:00,2.256232,2.0583954,4.127851,2.3037424,2.9542618,2.7575688
2041-08-03 12:00:00,3.035337,2.9560106,3.2181358,3.6737647,3.275769,2.5722284
2041-08-04 12:00:00,1.4099319,1.2846882,2.4187224,2.8981202,3.3950984,1.654495
2041-08-05 12:00:00,1.6452088,1.3967973,3.1396735,3.253918,3.4408233,2.0695994
2041-08-06 12:00:00,2.9919448,2.136345,4.9596267,3.3528247,2.7423878,2.9665875
2041-08-07 12:00:00,2.2214017,2.294268,4.181176,4.3523507,3.1165762,2.4536455
2041-08-08 12:00:00,2.133672,2.2072573,3.8884032,4.214001,3.4473035,2.4764824
2041-08-09 12:00:00,1.1585896,1.4155549,2.6881301,3.2649684,3.66036,1.1745661
2041-08-10 12:00:00,1.3980024,1.1643989,2.4339314,2.4185424,3.4371092,1.2719188
2041-08-11 12:00:00,1.1855414,1.2240214,2.2278268,2.1755989,2.579886,1.1220167
2041-08-12 12:00:00,1.7137485,1.623188,2.2471268,2.3804796,2.3236523,1.2917527
2041-08-13 12:00:00,2.0564475,1.5325117,2.7156086,2.1011343,2.7011964,1.1375667
2041-08-14 12:00:00,1.0691485,1.1208769,2.3574586,2.1188614,3.0908744,1.3032522
2041-08-15 12:00:00,1.8711374,1.6980041,3.265963,3.2969143,3.2151961,2.6839352
2041-08-16 12:00:00,2.9619656,2.6292038,4.058366,6.27201,4.53793,3.0097704
2041-08-17 12:00:00,1.9117097,1.9204898,2.7861674,5.2451487,4.412117,2.3687534
2041-08-18 12:00:00,1.7635357,1.5802386,2.7589693,4.897713,3.3042946,2.7688422
2041-08-19 12:00:00,2.2085538,1.9276295,2.9833558,4.5604835,3.0061152,3.005032
2041-08-20 12:00:00,2.858077,2.9505887,5.3975563,4.0023465,3.0624652,4.098197
2041-08-21 12:00:00,3.1797547,3.2537985,4.363768,4.660086,5.0393558,2.9301984
2041-08-22 12:00:00,3.1084175,2.020465,3.7951903,2.4167385,4.2471147,1.5920848
2041-08-23 12:00:00,1.8377057,1.4331856,3.142839,2.5712397,2.5650406,1.6548324
2041-08-24 12:00:00,2.0453928,1.561765,2.8797243,3.429103,3.8341696,1.3662006
2041-08-25 12:00:00,1.2514844,1.1271759,2.3258023,2.3698754,4.8545294,1.5637656
2041-08-26 12:00:00,1.7610078,1.4401753,2.270678,2.3134687,3.7494762,1.3537921
2041-08-27 12:00:00,1.9424874,1.4744296,2.037728,2.4365292,2.526709,1.1919645
2041-08-28 12:00:00,1.0315068,1.0751089,1.6823615,2.4690049,2.9864743,1.072638
2041-08-29 12:00:00,1.0310415,0.9875249,1.5804918,1.488003,3.2964635,1.1189091
2041-08-30 12:00:00,1.5368428,1.2279898,1.9906073,2.019808,3.3072455,1.2579408
2041-08-31 12:00:00,1.0195498,0.9289981,2.497495,2.1983805,4.1647854,1.2527262
2041-09-01 12:00:00,0.8594835,0.93015975,2.1979644,1.6062638,4.247463,1.2375551
2041-09-02 12:00:00,0.89016664,0.9074595,1.6746042,1.8343456,5.556963,1.109676
2041-09-03 12:00:00,1.848292,1.4645127,1.6975325,4.020689,6.020977,1.6727191
2041-09-04 12:00:00,2.054747,1.5741186,2.4392345,5.114743,4.854098,1.9849652
2041-09-05 12:00:00,1.4236732,1.4798892,2.672313,2.4608881,3.6389492,1.7759074
2041-09-06 12:00:00,1.455786,1.3829209,2.4376364,2.3775477,1.8701142,1.3602679
2041-09-07 12:00:00,1.3878667,1.2790357,2.3256927,3.075105,3.0164592,1.7985938
2041-09-08 12:00:00,1.7326999,1.7775174,3.2656827,3.7303617,2.7286088,3.107666
2041-09-09 12:00:00,2.1031199,1.71794,3.052267,2.9964828,2.1462698,2.8672159
2041-09-10 12:00:00,3.381938,2.620253,2.2691984,3.5349674,2.2834644,1.8379472
2041-09-11 12:00:00,1.8982426,1.7988787,1.5049148,3.8256214,3.4134,1.1355413
2041-09-12 12:00:00,2.4489589,2.0536401,2.0742743,4.0477915,3.1247385,2.2825708
2041-09-13 12:00:00,3.021233,2.3721476,4.2076445,4.7347126,2.6840696,3.5910695
2041-09-14 12:00:00,4.9080114,4.26629,7.0791044,6.895036,3.517577,5.9189467
2041-09-15 12:00:00,3.3648806,2.6085706,4.7167735,4.80697,3.983455,3.6691418
2041-09-16 12:00:00,1.3499453,1.2903314,2.5657704,2.7302303,1.9135947,2.0334284
2041-09-17 12:00:00,2.2966084,2.0338023,3.112632,3.6851866,3.7126415,2.2656665
2041-09-18 12:00:00,2.0441093,2.0881891,3.5488687,3.5456135,4.2289624,2.911919
2041-09-19 12:00:00,2.0117357,1.8278786,2.0215156,5.9481854,3.9421074,2.0895092
2041-09-20 12:00:00,2.0110621,1.8749987,3.4564493,4.6431384,4.040391,3.393498
2041-09-21 12:00:00,2.614446,2.337919,3.0654092,5.633775,5.1352487,2.4622457
2041-09-22 12:00:00,1.9629176,1.9225965,3.6781719,5.5462317,4.995058,2.6647909
2041-09-23 12:00:00,2.477817,2.6507726,4.2285037,5.62555,4.594155,2.9675786
2041-09-24 12:00:00,1.918508,2.1973002,4.705519,5.955998,5.733741,3.5439632
2041-09-25 12:00:00,3.4176207,3.245081,5.1260333,5.8035183,7.1900187,3.8726277
2041-09-26 12:00:00,3.124218,2.7535796,4.3685684,4.3010793,3.7856452,3.119632
2041-09-27 12:00:00,2.3463156,2.168613,3.3915617,2.851667,2.3577006,2.1150453
2041-09-28 12:00:00,1.3424357,1.2192787,2.1058679,3.9648967,3.5708714,1.6110501
2041-09-29 12:00:00,2.1693077,1.9913473,3.3187988,7.318643,6.3311424,3.2623901
2041-09-30 12:00:00,2.2350955,2.3278391,5.120969,6.5622063,5.4888997,3.4770088
2041-10-01 12:00:00,2.17279,2.246674,5.0753794,5.708314,3.8232465,3.7624085
2041-10-02 12:00:00,1.9961329,1.9088466,4.8504186,3.6856542,3.1330228,3.1586504
2041-10-03 12:00:00,3.0733583,2.5663252,6.7875447,4.707277,3.2046049,4.343157
2041-10-04 12:00:00,3.1856456,2.8822885,4.74599,6.253846,4.3239675,3.4553282
2041-10-05 12:00:00,1.8825569,2.4428961,4.919259,6.1930304,4.6888833,3.9787376
2041-10-06 12:00:00,2.268777,2.392944,4.493172,4.961144,4.9346976,3.0202265
2041-10-07 12:00:00,3.4704282,2.8877995,6.1766934,3.474708,3.580077,3.7458527
2041-10-08 12:00:00,4.521202,3.740281,6.874733,5.044339,3.7636185,4.3214192
2041-10-09 12:00:00,2.399345,2.2240794,3.6350439,3.5308497,4.618808,2.08127
2041-10-10 12:00:00,2.0009742,2.1214287,3.7858493,4.1200004,4.199004,2.375993
2041-10-11 12:00:00,2.3248596,1.8653096,4.011783,3.8342192,5.024109,2.0954251
2041-10-12 12:00:00,2.4980884,2.477501,2.7696528,2.6292658,4.6053624,1.5243564
2041-10-13 12:00:00,1.8791931,2.118632,3.6437707,3.1801164,5.588348,2.1541114
2041-10-14 12:00:00,3.0393782,3.1418288,5.6559644,4.1690855,4.533028,2.659653
2041-10-15 12:00:00,3.3600283,3.1386838,4.3732495,5.280547,5.0315514,3.1894076
2041-10-16 12:00:00,2.7012234,2.3763433,5.1508737,3.7513983,4.6889896,2.9750867
2041-10-17 12:00:00,2.6692145,2.3053563,4.860855,4.1375723,5.079726,2.343411
2041-10-18 12:00:00,2.423024,2.1401234,3.006688,3.3067079,4.2308106,2.0612888
2041-10-19 12:00:00,2.137772,1.61496,4.3033695,4.1152334,4.138565,2.2840083
2041-10-20 12:00:00,1.704864,1.478086,2.9470608,5.2736797,4.431028,2.1069124
2041-10-21 12:00:00,2.8273418,2.208956,5.373533,4.28671,5.50013,2.5577993
2041-10-22 12:00:00,1.965164,1.7506211,4.984276,3.5694766,4.4546266,2.2360725
2041-10-23 12:00:00,2.178283,1.6288643,5.079616,2.0227807,5.1777964,2.1078973
2041-10-24 12:00:00,1.9901085,1.5999036,4.6631107,2.7145681,4.6472316,2.2033522
2041-10-25 12:00:00,1.0043207,1.1651981,4.245762,3.4460561,3.6029193,3.1123838
2041-10-26 12:00:00,1.7630242,1.4588714,2.201888,5.484203,4.687633,2.2419655
2041-10-27 12:00:00,2.200924,2.3305514,3.171783,7.5280914,8.301797,2.6221614
2041-10-28 12:00:00,1.4361025,1.7115611,2.274678,3.946402,7.053013,1.6299932
2041-10-29 12:00:00,1.3139162,1.2898047,3.4608777,2.114633,3.6155648,1.4972687
2041-10-30 12:00:00,1.9919155,1.6924062,2.8042655,3.0459504,2.118496,1.8766371
2041-10-31 12:00:00,1.6195762,1.182009,3.823785,2.13767,4.491926,1.4598722
2041-11-01 12:00:00,1.0631022,1.2597125,5.014997,2.226974,4.0895214,2.1728828
2041-11-02 12:00:00,1.0960958,1.2556412,4.449214,2.8844194,3.6762042,2.3613074
2041-11-03 12:00:00,1.5160195,1.1532321,3.8761482,2.0285993,3.4643507,1.5927755
2041-11-04 12:00:00,2.867501,1.772823,5.0198994,3.0019789,3.513453,1.8561966
2041-11-05 12:00:00,4.266979,3.4454045,6.098977,5.5026283,3.7225573,3.273887
2041-11-06 12:00:00,4.4439015,3.748935,7.2611575,6.0464926,3.2416031,3.970214
2041-11-07 12:00:00,3.0721133,2.6404357,6.801172,5.3596177,3.622088,3.3473582
2041-11-08 12:00:00,1.75541,1.4747623,5.6560297,4.425328,6.0384083,3.0465126
2041-11-09 12:00:00,1.0913216,1.2424091,4.3896084,6.22834,7.409878,3.6088142
2041-11-10 12:00:00,2.6167517,2.302342,3.9130847,8.557308,4.9590054,4.256615
2041-11-11 12:00:00,2.6148446,2.2604578,4.439292,8.01501,4.8832655,3.623108
2041-11-12 12:00:00,1.163193,1.260956,3.681489,4.2750273,5.1067066,2.8765886
2041-11-13 12:00:00,0.75279784,0.92883044,2.6481164,4.0723243,3.9143188,2.6661806
2041-11-14 12:00:00,1.4303781,1.3599714,4.420973,4.106307,5.6686807,3.6761346
2041-11-15 12:00:00,1.6282928,1.6741654,3.9353528,5.5549407,5.988811,3.1148121
2041-11-16 12:00:00,1.6026794,1.404499,4.5173683,4.381388,5.4805727,3.4038808
2041-11-17 12:00:00,1.6288247,1.4849021,4.109902,4.7120137,4.8459206,3.737817
2041-11-18 12:00:00,1.5627704,1.4873817,3.0762925,4.1914454,5.2424417,2.558301
2041-11-19 12:00:00,3.5048268,3.0034175,3.949077,4.566889,4.2155905,2.6340227
2041-11-20 12:00:00,1.9923419,1.7334244,2.5747569,3.5764484,3.660369,1.8105203
2041-11-21 12:00:00,4.19367,3.1045465,3.4700768,2.1723454,3.3132694,2.1237657
2041-11-22 12:00:00,2.4758615,2.6900566,2.732896,2.9910185,3.4050133,1.9644498
2041-11-23 12:00:00,1.3755677,1.6193748,2.7064054,4.6422095,3.9919,2.8348713
2041-11-24 12:00:00,0.9009194,1.1368433,3.9140117,5.9200106,8.051361,3.5660255
2041-11-25 12:00:00,0.7015068,1.1435837,2.2571018,3.574136,6.6811156,2.3003561
2041-11-26 12:00:00,1.223912,1.1413912,3.034725,2.532849,4.788607,1.6736889
2041-11-27 12:00:00,1.5769491,1.2682256,3.1834269,2.1550953,6.5115566,1.654114
2041-11-28 12:00:00,0.7316668,0.9388957,2.8238215,3.0598748,7.5251775,1.9283515
2041-11-29 12:00:00,0.8042239,0.9325653,2.4322126,3.8425074,4.015134,2.309673
2041-11-30 12:00:00,0.7438303,0.9472626,2.223366,3.5577796,4.98957,2.5660946
2041-12-01 12:00:00,1.0632468,0.9867934,2.7998652,2.5835996,6.1333404,1.7384462
2041-12-02 12:00:00,2.027442,1.3274369,4.4705267,2.9345121,5.24634,1.9895431
2041-12-03 12:00:00,1.9857337,1.4721544,3.3821518,3.7949302,4.42051,1.6029345
2041-12-04 12:00:00,2.1289973,1.7000847,2.4619937,4.2247767,5.4960947,1.8627346
2041-12-05 12:00:00,1.0169721,1.3024884,2.4199803,7.1745725,5.782153,2.9818053
2041-12-06 12:00:00,1.675745,1.6973386,3.3222258,4.667982,6.02967,3.3016193
2041-12-07 12:00:00,0.8445946,1.1771313,2.139009,5.1687136,5.3238344,2.2562768
2041-12-08 12:00:00,1.3839833,1.455777,4.0876546,5.2491355,5.4777107,4.0632515
2041-12-09 12:00:00,2.5394182,2.1621594,5.792906,5.1779246,5.6793013,4.839022
2041-12-10 12:00:00,2.4477324,2.3542197,5.922841,5.2814407,5.193994,4.2338347
2041-12-11 12:00:00,2.046694,1.625327,4.959126,5.2735147,5.451307,3.4333975
2041-12-12 12:00:00,2.5558481,2.416138,4.155673,5.9121323,5.0125756,3.2662725
2041-12-13 12:00:00,3.4493532,2.5570493,6.355709,5.135931,5.7656307,3.1991603
2041-12-14 12:00:00,2.5254207,1.6600033,4.5622344,2.7318811,4.071795,2.171597
2041-12-15 12:00:00,1.6133856,1.3575717,2.9153516,2.318964,3.8405106,1.782263
2041-12-16 12:00:00,1.0153229,1.1867763,2.7964427,2.5134654,3.448563,2.0616634
2041-12-17 12:00:00,1.6132073,1.4364607,3.1964467,2.3785772,3.266945,1.8875805
2041-12-18 12:00:00,1.4252217,1.4436226,3.6152837,2.7144108,3.7364867,1.8781816
2041-12-19 12:00:00,0.925528,1.2057549,3.815032,4.8422775,4.509403,2.2078516
2041-12-20 12:00:00,0.8891344,1.0466108,4.051549,6.4703155,5.592456,3.3129861
2041-12-21 12:00:00,0.80151284,1.0347679,4.0282035,6.178287,4.317641,3.2548318
2041-12-22 12:00:00,0.7892867,1.0880543,3.3289115,6.1334586,4.434684,2.8088322
2041-12-23 12:00:00,1.1311176,1.4941756,3.250941,4.607205,4.920176,3.0497499
2041-12-24 12:00:00,1.0662639,1.354371,3.5721853,4.5368776,5.0781374,2.7409515
2041-12-25 12:00:00,1.1846111,1.1372533,5.259256,3.2350147,5.1507015,3.351925
2041-12-26 12:00:00,1.9460478,1.2488365,4.4363055,3.8275912,4.073447,2.70099
2041-12-27 12:00:00,1.5020689,1.186156,3.8819857,3.9381037,4.186074,1.8648728
2041-12-28 12:00:00,2.2908876,1.6027423,4.7142844,3.2366717,4.4352665,2.3566608
2041-12-29 12:00:00,1.2033944,1.0743666,4.365316,2.8406987,4.7548275,2.0576205
2041-12-30 12:00:00,1.0878081,1.1715064,4.4639287,2.301125,4.8189335,2.1297631
2041-12-31 12:00:00,0.9661476,0.94832873,4.904396,3.3184538,4.2971954,3.0799801
2042-01-01 12:00:00,1.053795,1.0002332,4.712368,3.5868413,5.944608,2.624667
2042-01-02 12:00:00,1.788203,1.2369293,4.6397405,3.1165042,6.1631956,2.1221533
2042-01-03 12:00:00,2.5489156,1.6011633,4.8998976,3.012526,5.05583,2.3991587
2042-01-04 12:00:00,2.4959445,1.6560335,3.9838817,3.9710598,4.6177263,2.2398634
2042-01-05 12:00:00,1.3268247,1.1194928,2.302716,3.6014273,4.2511907,2.6141126
2042-01-06 12:00:00,1.7736604,1.6285924,2.8416407,2.6087172,5.411159,1.8806605
2042-01-07 12:00:00,1.8194687,1.7147026,3.7589772,3.5013394,3.7418993,2.3071165
2042-01-08 12:00:00,2.822476,2.3855832,4.5342083,4.580559,4.4316807,2.5446358
2042-01-09 12:00:00,2.6998477,2.1691523,3.4401832,3.2225845,4.9982066,1.8814346
2042-01-10 12:00:00,2.2334633,1.8017789,2.8479233,2.3367147,5.1548395,2.1423666
2042-01-11 12:00:00,2.8988578,2.311205,2.9998786,2.2644591,3.6195545,2.4714627
2042-01-12 12:00:00,0.96622336,1.0831687,3.7304487,2.8262615,4.2872043,2.9215527
2042-01-13 12:00:00,2.6207647,2.6282218,6.160842,6.5383573,6.3755755,4.657629
2042-01-14 12:00:00,3.9650912,3.5308313,4.844534,5.8083324,8.509376,2.1611154
2042-01-15 12:00:00,2.2016406,1.8480263,4.3208847,4.0651317,6.8486056,2.802186
2042-01-16 12:00:00,1.7519138,1.8319355,2.7157273,2.6249368,5.467016,2.2023206
2042-01-17 12:00:00,1.7013144,1.7238525,3.047287,2.8147087,3.3135533,2.5369864
2042-01-18 12:00:00,0.7506306,0.8997631,4.464614,4.0063496,3.1270926,3.710087
2042-01-19 12:00:00,1.0527554,1.0196639,5.336855,4.574908,3.7821608,3.6014178
2042-01-20 12:00:00,2.684102,1.87027,4.9601784,3.902234,4.1509523,2.7244089
2042-01-21 12:00:00,2.1962056,1.5609542,3.9605494,4.3463535,4.192541,2.8315492
2042-01-22 12:00:00,0.8341638,0.9708004,2.9645562,4.298644,4.1797833,2.193864
2042-01-23 12:00:00,1.0023842,1.3007367,3.103777,5.427539,4.918868,3.051542
2042-01-24 12:00:00,2.93004,2.2874613,6.45521,7.4613233,5.9005427,4.577923
2042-01-25 12:00:00,3.1271331,2.6480148,5.206291,6.2399106,4.319993,3.9567597
2042-01-26 12:00:00,3.2455873,2.7070153,6.1508636,5.267909,3.97606,4.13443
2042-01-27 12:00:00,3.0872967,2.5870047,4.8120403,6.178662,6.9089694,3.0776675
2042-01-28 12:00:00,2.4092684,1.8932291,3.6996548,5.0271635,8.802051,1.5438933
2042-01-29 12:00:00,1.8001755,1.4728526,4.6760535,4.808143,7.090146,3.620676
2042-01-30 12:00:00,2.792833,2.7999337,5.2822294,7.6382194,7.786126,3.9738803
2042-01-31 12:00:00,1.1886156,1.544288,1.9908019,5.1186595,6.9206963,2.0392125
2042-02-01 12:00:00,0.72076285,1.0856113,2.495259,4.2343683,4.900206,2.4034946
2042-02-02 12:00:00,0.9129368,1.1514908,2.6369236,4.9990025,6.2982526,3.1530504
2042-02-03 12:00:00,0.84888124,1.1759703,2.2271304,6.8760905,6.555006,2.7646396
2042-02-04 12:00:00,0.99601287,1.1760203,2.307516,5.735109,8.471497,2.1415427
2042-02-05 12:00:00,2.2022684,1.8953503,4.55865,7.2175508,7.3353963,4.3294086
2042-02-06 12:00:00,1.9473665,1.7147117,4.3813114,6.575693,4.4112973,3.8451946
2042-02-07 12:00:00,3.6787934,2.6700728,5.6805725,6.33511,6.212003,4.3368807
2042-02-08 12:00:00,4.7637143,3.9695518,6.4674187,5.452986,5.7868595,5.574734
2042-02-09 12:00:00,2.8312879,2.3144727,4.2913547,4.5042453,5.100538,4.0569177
2042-02-10 12:00:00,2.493051,2.1786733,5.0878787,5.339374,5.613607,4.105076
2042-02-11 12:00:00,3.0118191,3.0934727,3.5668392,8.213817,5.267096,3.3394015
2042-02-12 12:00:00,1.8010875,2.0336099,3.2785633,3.9535115,5.0570626,2.3858585
2042-02-13 12:00:00,2.206064,1.9839014,5.364327,6.8423605,5.436923,4.031336
2042-02-14 12:00:00,3.0547392,2.49939,4.8916674,5.8020678,4.0115814,3.40943
2042-02-15 12:00:00,1.659831,1.4475939,2.9245822,4.890567,3.4761527,2.7966173
2042-02-16 12:00:00,1.9699918,1.8321358,2.0282006,4.664133,4.0696244,1.5864302
2042-02-17 12:00:00,1.6053965,1.423475,3.4262187,4.8945665,3.6351001,2.7191617
2042-02-18 12:00:00,2.5391045,2.0684245,4.8475313,3.2714522,3.4144533,2.7685888
2042-02-19 12:00:00,3.6842809,3.3478038,6.3708467,4.9462557,3.3113697,3.2499163
2042-02-20 12:00:00,1.3817472,1.4690437,3.9878912,3.0643423,2.730014,2.4725518
2042-02-21 12:00:00,2.508103,1.939864,5.5416327,3.7666068,3.7001815,2.883863
2042-02-22 12:00:00,2.530179,2.3494637,3.9120998,4.4898,5.198594,3.0484416
2042-02-23 12:00:00,2.1944504,2.0752695,4.3773904,3.7957792,4.1928515,2.534279
2042-02-24 12:00:00,2.6652813,2.548573,4.4862866,5.746133,3.9848578,3.144061
2042-02-25 12:00:00,2.720048,2.614641,4.7703166,3.939199,5.665338,3.3341458
2042-02-26 12:00:00,1.9785184,1.7220619,2.4086392,2.7825181,3.9306786,2.4494784
2042-02-27 12:00:00,1.5616313,1.2197714,2.4207623,3.0370774,5.136892,1.8375376
2042-02-28 12:00:00,2.1143355,1.7571664,5.20646,5.578285,5.0516763,3.461133
2042-03-01 12:00:00,2.0303822,1.9981635,4.935135,3.635844,5.0404625,3.3576922
2042-03-02 12:00:00,2.329225,1.9252754,4.644473,5.537694,4.100488,3.0071316
2042-03-03 12:00:00,1.3701106,1.2306758,2.605198,5.2806535,4.628743,2.4647815
2042-03-04 12:00:00,1.791876,1.65124,4.2044873,5.5670323,4.075889,3.7829869
2042-03-05 12:00:00,3.6087863,2.8194067,5.197014,5.113067,4.912919,3.732229
2042-03-06 12:00:00,3.173603,2.4672525,4.932851,5.5854344,2.6791153,4.066366
2042-03-07 12:00:00,3.7217932,2.8774376,5.722861,6.669672,3.286945,3.9592218
2042-03-08 12:00:00,3.5123312,2.72422,5.3063602,6.0997987,3.1189399,3.9442506
2042-03-09 12:00:00,3.5570204,3.1767514,5.4841247,6.404412,4.528633,5.056737
2042-03-10 12:00:00,2.8280752,2.2143595,4.3391876,4.2404904,4.612037,3.1479125
2042-03-11 12:00:00,1.9932747,2.0164018,4.4551144,5.4770455,4.0648255,4.2168484
2042-03-12 12:00:00,1.961406,2.0578046,2.9871564,7.349968,5.7923923,3.669041
2042-03-13 12:00:00,1.8088723,1.7377716,3.2257779,5.662626,4.161568,3.5231183
2042-03-14 12:00:00,1.1423635,1.1593184,2.2802591,3.7964103,4.77115,2.355716
2042-03-15 12:00:00,3.017228,2.240512,3.5238643,4.583846,2.819077,2.268802
2042-03-16 12:00:00,2.8094082,2.0212152,3.4483666,1.9740071,1.9347358,1.7913404
2042-03-17 12:00:00,1.9747922,1.4250785,2.8223765,4.3076835,3.4894671,1.3426142
2042-03-18 12:00:00,1.2858636,1.1444272,2.1747444,4.3123336,4.9372845,1.8952903
2042-03-19 12:00:00,1.6504841,1.7372612,3.0157626,4.9664636,3.4989715,2.7515693
2042-03-20 12:00:00,1.8213806,2.0922887,3.469787,2.3349674,3.3156064,2.9385102
2042-03-21 12:00:00,2.0549927,1.4183536,3.1015306,2.663704,4.86502,1.6706396
2042-03-22 12:00:00,1.1830609,1.0333638,3.78157,2.681069,4.640185,2.4068153
2042-03-23 12:00:00,0.78839195,0.91727185,4.035413,2.948674,3.3193476,3.0567455
2042-03-24 12:00:00,2.522644,2.6488338,7.5613246,6.134822,4.524782,5.5380754
2042-03-25 12:00:00,2.5770469,2.4380221,3.6777468,6.214729,6.285928,3.2340326
2042-03-26 12:00:00,1.9557469,1.7239704,3.492088,4.188072,3.0507972,3.3186889
2042-03-27 12:00:00,2.6003118,2.0747237,5.521983,2.7009718,4.477738,3.1021552
2042-03-28 12:00:00,1.9769626,1.8952682,5.250656,2.4649887,6.033448,2.649192
2042-03-29 12:00:00,2.1065764,1.7789456,2.971038,3.72273,3.1470683,2.4147053
2042-03-30 12:00:00,2.3743753,2.1026058,4.2739286,3.422436,3.1284652,2.9545448
2042-03-31 12:00:00,1.8104177,2.6265461,3.4760435,3.7306817,3.0454874,2.9868004
2042-04-01 12:00:00,2.867938,2.5929668,4.6657906,2.2449954,2.8808668,2.737011
2042-04-02 12:00:00,2.8602011,2.4630532,4.4539356,3.5719664,2.8921695,2.7501783
2042-04-03 12:00:00,3.5165737,2.6886144,2.5720108,3.430322,2.7468626,1.930067
2042-04-04 12:00:00,1.8763883,1.6918377,3.643152,3.440291,2.713278,2.4497309
2042-04-05 12:00:00,2.289704,2.267144,3.9308336,3.8744183,3.904784,2.2125776
2042-04-06 12:00:00,3.1051483,2.5661063,5.3433228,3.9178636,3.2192302,4.226652
2042-04-07 12:00:00,2.4627862,2.3620074,3.5566554,3.3799727,2.9920838,2.5438123
2042-04-08 12:00:00,1.8380743,1.5721945,4.1322327,3.7237656,4.404809,2.0373998
2042-04-09 12:00:00,4.101639,3.58191,5.6209936,5.1247573,3.7893035,2.8311067
2042-04-10 12:00:00,4.575197,3.805695,4.71102,6.485613,3.3218775,3.143097
2042-04-11 12:00:00,5.923874,4.9023495,4.31889,7.6003494,5.106894,4.3783646
2042-04-12 12:00:00,5.2542825,4.527178,5.2230887,6.421411,6.0683746,4.309122
2042-04-13 12:00:00,3.1558437,2.7752001,5.1540484,4.3534713,6.148163,3.4078317
2042-04-14 12:00:00,1.5854838,1.7071971,5.069787,4.4916587,5.965978,3.8514132
2042-04-15 12:00:00,1.9243861,1.6393154,4.11399,3.101337,3.818474,2.826083
2042-04-16 12:00:00,1.1806812,1.2091724,3.0123231,2.3457692,3.2881114,2.3990498
2042-04-17 12:00:00,1.8379711,1.675203,3.4733808,3.169108,3.2163558,2.2610283
2042-04-18 12:00:00,1.7973144,1.6175795,3.6632183,3.1874247,3.5835202,2.4949067
2042-04-19 12:00:00,1.9343097,1.7418844,3.52982,2.2315853,3.334094,2.089249
2042-04-20 12:00:00,1.6744798,1.739176,2.5215662,2.7045178,3.5877347,1.4058471
2042-04-21 12:00:00,1.7914706,1.9031587,4.657191,3.292941,3.5116596,3.453603
2042-04-22 12:00:00,2.7109528,2.719009,5.223149,4.670348,3.995567,3.8141222
2042-04-23 12:00:00,3.2904606,2.927932,4.222592,4.5992393,6.1106,3.1602664
2042-04-24 12:00:00,3.734985,3.1068506,4.462438,3.711842,5.1470366,3.0710263
2042-04-25 12:00:00,2.756278,2.255546,3.5964332,4.5007463,5.3771396,2.2114978
2042-04-26 12:00:00,2.7440095,2.1127243,3.4314654,2.661863,4.318078,2.4593847
2042-04-27 12:00:00,2.8162854,2.582584,4.207813,3.1883693,4.375658,3.7382445
2042-04-28 12:00:00,3.3288965,3.1036973,4.0055146,4.7122674,5.3144965,4.218172
2042-04-29 12:00:00,1.9725837,2.0705044,3.1803732,3.6312222,4.504537,2.5304348
2042-04-30 12:00:00,2.8207622,1.9527464,3.695062,2.1245744,4.9789524,2.276939
2042-05-01 12:00:00,2.919039,2.3474846,5.0759563,2.738366,8.058277,2.1436787
2042-05-02 12:00:00,3.2335274,2.4840958,3.8888216,2.1921327,4.7658863,1.9919837
2042-05-03 12:00:00,2.761345,2.1375384,2.880509,1.7719117,4.025376,1.8343592
2042-05-04 12:00:00,1.4916279,1.4876106,2.6013215,3.0869052,4.06602,2.1003969
2042-05-05 12:00:00,1.4285166,1.4129039,2.030603,4.0295544,5.3468857,1.3797141
2042-05-06 12:00:00,1.4845251,1.3251646,2.2585907,2.1303456,4.2498856,1.2597656
2042-05-07 12:00:00,1.7380736,1.637594,1.4887044,2.4239259,4.007234,1.0923544
2042-05-08 12:00:00,2.8433728,2.3939662,2.5044343,2.6579652,3.2205265,1.497369
2042-05-09 12:00:00,2.208642,1.5947008,2.7167487,2.0388951,2.608483,1.668432
2042-05-10 12:00:00,1.9515839,2.0999236,2.4052644,3.8688939,3.1361308,1.3235911
2042-05-11 12:00:00,1.0544777,1.0678343,3.195452,2.806997,2.7745953,1.7161452
2042-05-12 12:00:00,1.7327163,1.423937,2.5408227,2.8240309,2.657397,1.6727483
2042-05-13 12:00:00,0.8230525,0.96868116,2.8915021,2.6637864,2.9805908,1.687028
2042-05-14 12:00:00,1.4107416,1.4956877,2.031089,2.425983,2.8981805,1.6215931
2042-05-15 12:00:00,3.063976,2.1259563,3.9893823,2.221157,1.963174,3.0172734
2042-05-16 12:00:00,2.836131,2.4061594,3.3199587,2.8832967,2.1451924,2.8495023
2042-05-17 12:00:00,2.5976644,2.2575552,2.2051682,3.7394884,2.9838028,1.5802915
2042-05-18 12:00:00,1.9265156,1.865812,2.064581,3.6643672,2.5498674,1.4492141
2042-05-19 12:00:00,2.5868766,2.1634035,5.1400166,3.4970553,3.1588686,2.323995
2042-05-20 12:00:00,3.0367756,2.4010742,2.8712544,3.1393151,5.1506877,1.7329626
2042-05-21 12:00:00,2.920936,2.1575727,3.2095258,3.0551074,5.9975224,2.0995736
2042-05-22 12:00:00,2.3484125,2.0562534,2.6904173,2.6451852,3.2149823,1.979848
2042-05-23 12:00:00,1.8646947,1.7870295,2.1484935,3.608975,3.5088544,1.5497618
2042-05-24 12:00:00,2.6882696,2.0647743,3.4492714,3.576111,4.0311294,2.0727656
2042-05-25 12:00:00,3.058674,2.9641356,3.6520624,4.4051523,4.7338595,2.1634486
2042-05-26 12:00:00,2.0622373,2.1360214,2.9697013,4.024435,4.85313,2.304843
2042-05-27 12:00:00,3.125532,2.6405923,4.375651,3.2154691,5.0506597,3.2269216
2042-05-28 12:00:00,2.8535056,3.0166225,3.803474,4.0033903,4.3399963,2.1410072
2042-05-29 12:00:00,2.9648716,2.720325,3.2004502,3.6571305,4.9735384,2.2841957
2042-05-30 12:00:00,1.6699544,1.9564605,3.2761602,2.699413,4.5088415,2.019496
2042-05-31 12:00:00,1.8996501,1.6117762,3.1118965,2.7584329,2.5149465,1.7007291
2042-06-01 12:00:00,2.0071683,1.9095408,4.39972,4.473936,4.1462216,2.991137
2042-06-02 12:00:00,3.2470717,2.828963,5.583639,6.031901,2.6144757,3.9820268
2042-06-03 12:00:00,3.4473956,3.3927326,6.175288,5.915337,4.9312024,4.259938
2042-06-04 12:00:00,3.2632084,3.0076852,4.095467,4.046511,4.712509,2.6705654
2042-06-05 12:00:00,1.6172798,1.4514071,2.4391463,2.8090663,3.189879,1.7839754
2042-06-06 12:00:00,1.5090343,1.6827323,2.0885322,2.3192284,3.8249521,1.4910363
2042-06-07 12:00:00,2.172767,1.9551857,2.0015976,2.1715784,2.5766912,1.3045366
2042-06-08 12:00:00,1.4375079,1.4109799,1.7819355,2.217508,2.296031,1.1982757
2042-06-09 12:00:00,1.9594657,1.7623781,2.4653418,2.240854,2.732815,1.7026354
2042-06-10 12:00:00,1.5574472,1.5938835,2.551653,2.3049583,2.6075587,1.4015243
2042-06-11 12:00:00,2.9619575,2.5493655,2.8280647,3.6042094,3.7207615,1.5388005
2042-06-12 12:00:00,2.4351559,2.1184177,2.9844978,5.327166,5.947505,1.986316
2042-06-13 12:00:00,2.2104049,2.1683183,4.462239,6.052427,6.4021187,3.0192316
2042-06-14 12:00:00,3.1792698,2.8296893,5.9385905,4.9490166,3.4452708,4.104036
2042-06-15 12:00:00,1.958051,2.1464946,3.2087069,2.5602512,4.057171,1.9298054
2042-06-16 12:00:00,3.6068316,3.1882682,6.5027714,4.7017636,3.7437527,3.1739383
2042-06-17 12:00:00,3.1912274,2.9465656,5.459769,5.408632,3.5977674,3.6098442
2042-06-18 12:00:00,2.0485024,1.7697241,3.5883248,3.392523,2.73024,2.824136
2042-06-19 12:00:00,2.0307813,1.4944965,3.749871,2.7222235,2.5952194,2.832079
2042-06-20 12:00:00,1.0513986,1.287969,3.1277092,3.0416656,3.323649,1.8287976
2042-06-21 12:00:00,1.8382248,1.4931117,3.0014772,3.4274266,2.8785238,1.6522747
2042-06-22 12:00:00,4.2550464,3.3868797,5.538142,3.6291523,3.0443108,2.5958216
2042-06-23 12:00:00,2.4405284,2.084208,2.12993,3.4679444,3.387843,0.999812
2042-06-24 12:00:00,2.1173859,1.8019168,2.3717587,4.668232,3.062469,1.493019
2042-06-25 12:00:00,2.8712926,2.5972805,4.7086005,5.585,3.4223208,3.610814
2042-06-26 12:00:00,2.1918359,1.8532562,4.441193,2.7879608,4.4193254,2.8603935
2042-06-27 12:00:00,1.1214616,1.0620599,3.0637968,2.8575127,5.4631753,1.9054672
2042-06-28 12:00:00,1.1200199,0.9779018,2.662306,3.8948197,6.4084096,1.490672
2042-06-29 12:00:00,1.0622264,1.1574004,3.1969266,2.6982203,6.504774,2.168866
2042-06-30 12:00:00,2.4929898,1.9760587,3.3479223,3.925382,5.8070374,2.149191
2042-07-01 12:00:00,2.3628678,1.7751582,3.5499833,4.371945,4.2330747,2.0189214
2042-07-02 12:00:00,2.4408855,1.8755883,2.8294072,5.064336,3.5170138,1.9675313
2042-07-03 12:00:00,1.5656574,1.3501934,2.3781135,2.7741632,3.3872676,1.5422162
2042-07-04 12:00:00,2.1353583,1.5622358,3.0624135,2.3700802,2.7888985,1.5063976
2042-07-05 12:00:00,1.6134403,1.7361178,2.6140802,2.6937416,3.1913211,1.6562
2042-07-06 12:00:00,1.11537,1.1692839,1.9645842,2.4973538,3.3644013,1.7865103
2042-07-07 12:00:00,1.2793658,1.1656783,2.155437,2.7954414,3.2134976,1.2989451
2042-07-08 12:00:00,1.0603895,1.2572074,2.2439044,3.601641,3.4672723,1.3002104
2042-07-09 12:00:00,2.072267,2.0705912,1.9318628,2.315031,2.8030112,1.3958608
2042-07-10 12:00:00,1.3185928,1.5976919,2.550564,1.9036611,3.3073695,1.3728071
2042-07-11 12:00:00,0.6901243,1.0425599,2.8159263,2.7423565,3.841071,1.5223492
2042-07-12 12:00:00,1.8220994,1.6251643,2.3988025,4.1428347,3.6297834,1.4254133
2042-07-13 12:00:00,1.6312796,1.5342913,2.683675,4.018326,2.7303953,2.8319178
2042-07-14 12:00:00,1.6682028,1.4573709,2.9697003,3.7972372,3.8020039,3.3444903
2042-07-15 12:00:00,1.8880717,1.6863284,3.336882,3.6989427,3.912238,3.16158
2042-07-16 12:00:00,1.7854937,1.4501992,3.5563009,2.4571397,4.6229196,2.387627
2042-07-17 12:00:00,1.6455362,1.474576,3.2401137,1.8244754,3.235416,1.6465361
2042-07-18 12:00:00,1.6909359,1.3821589,2.8106804,2.264098,3.7550223,1.3632106
2042-07-19 12:00:00,2.1876602,1.7057567,3.120892,2.0084693,2.987883,1.9694713
2042-07-20 12:00:00,2.5041485,2.1235478,3.6574275,2.844984,2.9499998,2.1579218
2042-07-21 12:00:00,3.5816524,2.9939408,4.3254714,4.2457314,3.5092542,4.2793336
2042-07-22 12:00:00,2.2181168,1.7973487,3.1981375,3.4818718,4.477161,2.705799
2042-07-23 12:00:00,2.6377804,2.1069808,3.7992148,2.468972,2.7348588,2.492532
2042-07-24 12:00:00,2.3520637,1.8169887,2.7833138,3.3930047,2.711206,2.2161877
2042-07-25 12:00:00,2.3045812,2.0896897,4.2937202,2.6861382,2.4087646,2.2790277
2042-07-26 12:00:00,2.8818038,2.8701425,5.1356626,4.3877573,2.9831846,2.929134
2042-07-27 12:00:00,2.059253,1.7719129,2.597852,4.6541934,3.8978963,1.7238488
2042-07-28 12:00:00,1.9240404,1.5504103,2.3806398,4.3210473,4.644044,1.8506644
2042-07-29 12:00:00,1.5145472,1.4411906,3.142914,3.7573957,3.5170836,2.267766
2042-07-30 12:00:00,2.6834989,2.354665,3.814687,5.3782873,3.695368,3.1134136
2042-07-31 12:00:00,3.091376,2.6680987,3.9873517,5.8610353,3.8821867,3.276667
2042-08-01 12:00:00,2.7357519,2.439424,3.029064,5.725049,3.9351747,2.3157701
2042-08-02 12:00:00,2.3706374,2.0900483,3.7111907,4.6767483,3.8987663,2.6385424
2042-08-03 12:00:00,3.208475,2.6347158,4.521726,5.0536366,3.122754,3.6744304
2042-08-04 12:00:00,3.5918148,2.8658013,3.9168715,6.0027437,3.4389904,3.4580653
2042-08-05 12:00:00,2.863822,2.3337219,3.200602,4.0994816,3.6768148,3.0259464
2042-08-06 12:00:00,2.2562509,2.2127938,3.4504232,2.831088,3.0097396,2.288742
2042-08-07 12:00:00,2.0482073,1.7843922,2.9099772,4.12812,4.534653,2.4851484
2042-08-08 12:00:00,2.2761092,2.12812,2.9914672,5.5142956,3.9745724,2.5756052
2042-08-09 12:00:00,2.395916,2.307299,3.3539884,6.4284205,3.5221827,3.220193
2042-08-10 12:00:00,2.3600566,2.2657278,2.8774226,5.670284,4.553262,2.663596
2042-08-11 12:00:00,1.1898096,1.1473109,1.8897165,2.358511,3.960862,1.2329103
2042-08-12 12:00:00,1.5491225,1.6540018,2.3033512,2.1144216,3.809976,1.6973618
2042-08-13 12:00:00,2.9152665,2.5513685,3.5568066,2.586783,2.9466784,2.1852381
2042-08-14 12:00:00,1.5187736,1.5363941,2.3826096,4.684493,5.6099825,1.3820857
2042-08-15 12:00:00,1.7301321,1.6768667,2.6416433,2.6749797,4.5651746,1.4822654
2042-08-16 12:00:00,1.9047046,2.1146023,2.00796,3.2173927,4.0900526,1.4841391
2042-08-17 12:00:00,2.8252683,2.028273,2.2765265,1.8307698,2.8817692,1.2854705
2042-08-18 12:00:00,2.7388303,2.1377606,3.1856325,3.5379908,3.366181,2.404649
2042-08-19 12:00:00,2.0636923,1.8899076,2.869199,6.114235,4.67552,2.9862146
2042-08-20 12:00:00,2.446976,2.4239037,2.789461,5.224612,3.876486,2.999299
2042-08-21 12:00:00,2.1449494,1.9507134,2.7117655,3.0599697,3.4268339,2.539441
2042-08-22 12:00:00,2.1828384,1.9539421,3.3383172,3.002864,3.6574957,2.4835355
2042-08-23 12:00:00,1.9905496,1.6207192,2.611876,1.941005,2.3438222,1.8707379
2042-08-24 12:00:00,1.4904516,1.6016959,3.3954408,2.6740367,1.6644484,1.8096629
2042-08-25 12:00:00,3.4935615,3.49953,4.8975267,5.103165,3.2511625,3.0260854
2042-08-26 12:00:00,2.7021093,2.8389442,3.903749,4.3770885,5.3118906,2.1380608
2042-08-27 12:00:00,2.2427654,2.3352742,2.877642,3.1258502,5.8389826,1.779953
2042-08-28 12:00:00,1.9371905,1.7316638,3.36804,3.8021524,2.9364207,3.3175693
2042-08-29 12:00:00,2.7104895,2.1692784,3.7906127,4.7212176,5.7299876,2.9636974
2042-08-30 12:00:00,2.085431,1.9602865,3.7357218,4.4785953,5.1998124,2.517962
2042-08-31 12:00:00,1.1526421,1.300724,3.6221538,2.774475,2.6183147,1.849087
2042-09-01 12:00:00,2.1830049,1.740147,2.8258395,1.7384406,1.8846612,1.6253078
2042-09-02 12:00:00,1.8783773,1.7085624,2.3631938,1.9828295,2.6086383,1.160284
2042-09-03 12:00:00,2.244586,1.6956354,2.1776385,3.0691907,2.940111,1.2009151
2042-09-04 12:00:00,2.4798818,1.9018945,3.2804384,3.3440988,4.157854,1.5299671
2042-09-05 12:00:00,2.142558,1.678755,3.2959673,2.8457885,5.110315,1.6371135
2042-09-06 12:00:00,2.9546633,2.3487859,3.1066132,3.2486968,2.634491,1.8894546
2042-09-07 12:00:00,2.4754581,2.0812798,3.520114,2.2811294,2.1308854,2.2460597
2042-09-08 12:00:00,2.1494212,1.7380005,2.6569726,3.3755858,2.9864564,2.1993272
2042-09-09 12:00:00,2.1431818,1.8842219,2.293205,3.2853854,2.6602716,2.03196
2042-09-10 12:00:00,3.400271,2.9221492,3.979917,3.6439447,2.1232328,3.8325403
2042-09-11 12:00:00,2.1368012,1.8206491,3.2209182,2.7575364,2.404046,2.0777617
2042-09-12 12:00:00,3.822727,2.5711074,3.5030272,2.5051782,3.970528,1.4995865
2042-09-13 12:00:00,3.6956332,3.2854323,3.288694,3.307922,3.7854967,2.2087913
2042-09-14 12:00:00,2.1250494,2.3966126,3.9853046,3.0584726,3.2743363,2.375121
2042-09-15 12:00:00,1.549248,1.5158335,3.9625516,2.5531335,3.0768318,1.8469757
2042-09-16 12:00:00,3.6751995,2.6509793,4.069913,2.8326395,2.8615575,2.4578583
2042-09-17 12:00:00,2.1280286,2.0152512,3.3335102,5.141099,3.8792405,2.5872564
2042-09-18 12:00:00,1.5195777,1.6172482,3.98396,4.0100484,3.0616505,3.3737953
2042-09-19 12:00:00,1.3473978,1.2603168,4.059421,2.818088,3.3581047,2.4966648
2042-09-20 12:00:00,2.0561843,1.907936,3.2657464,3.1410604,3.348063,2.7341344
2042-09-21 12:00:00,3.0140412,2.6189632,5.1108537,4.6260977,3.7707906,3.2653534
2042-09-22 12:00:00,3.5181086,3.6689816,5.51821,6.0356903,6.306241,3.5018773
2042-09-23 12:00:00,2.8738418,3.0988925,3.4707239,4.6876597,6.894724,2.1955504
2042-09-24 12:00:00,1.4489925,1.6157976,4.675348,5.1883407,4.6219134,3.7173471
2042-09-25 12:00:00,2.5155797,2.203462,5.630713,6.0719037,4.330408,3.5195856
2042-09-26 12:00:00,2.4671805,1.868206,4.7828665,4.7164717,3.160174,2.325527
2042-09-27 12:00:00,1.7464421,1.8051527,2.976263,3.9106424,1.9630616,2.3467348
2042-09-28 12:00:00,1.5007555,1.5813578,3.2646239,4.675634,3.0737724,3.1700592
2042-09-29 12:00:00,2.6099036,2.78504,5.172115,4.1389933,5.775543,2.7354162
2042-09-30 12:00:00,2.758207,2.792559,3.8728633,4.736543,7.2336597,2.3294039
2042-10-01 12:00:00,2.189601,1.8851204,4.045435,3.0761456,5.236588,2.6971958
2042-10-02 12:00:00,1.3180883,1.2222995,5.0534554,4.431005,4.158393,3.382877
2042-10-03 12:00:00,2.554772,1.9393301,4.943582,4.217666,3.7092297,3.4289267
2042-10-04 12:00:00,1.6043286,1.3398921,3.1920772,2.3619652,2.8433168,1.9359229
2042-10-05 12:00:00,2.2175255,1.923331,5.128356,4.3595023,3.323177,3.4627697
2042-10-06 12:00:00,3.954287,3.1490934,6.4534645,5.2420397,5.0324316,4.6464925
2042-10-07 12:00:00,1.8689764,1.8208563,3.514171,4.721244,6.847262,2.385124
2042-10-08 12:00:00,1.5601392,1.5597651,3.1203625,4.1143804,5.338698,2.6323252
2042-10-09 12:00:00,4.0110145,3.349854,5.6563606,4.4779305,3.5576916,4.3038573
2042-10-10 12:00:00,2.190471,2.2156105,4.0618296,5.0415635,5.1808,4.04322
2042-10-11 12:00:00,1.7173157,1.3137988,2.7728746,3.6003053,6.4670963,1.9272275
2042-10-12 12:00:00,1.4040059,1.1786687,3.128545,2.6687026,4.9939957,1.5501829
2042-10-13 12:00:00,2.072599,2.0659652,3.6688676,4.346949,4.3685074,2.848688
2042-10-14 12:00:00,1.9268168,1.6322327,3.2369149,4.093632,5.2805605,1.8719894
2042-10-15 12:00:00,3.0181613,2.6878781,4.818186,5.02143,4.1732473,3.4796166
2042-10-16 12:00:00,1.8394318,1.60406,2.4431171,3.3121543,3.3383145,1.9817219
2042-10-17 12:00:00,2.1061406,1.8130289,3.7723548,3.0843022,2.920547,2.094122
2042-10-18 12:00:00,1.9406514,1.6944574,4.2224226,3.041766,3.9236524,2.1586452
2042-10-19 12:00:00,1.5198305,1.1553131,3.3388686,2.080232,3.5449247,1.6059821
2042-10-20 12:00:00,1.9620466,1.3411069,3.9007242,2.2077756,4.0957284,1.3649838
2042-10-21 12:00:00,1.7645748,1.2494582,3.3727643,2.6149426,4.086139,1.1508188
2042-10-22 12:00:00,1.7270372,1.2465706,3.1918838,3.6667905,4.4126096,1.2650251
2042-10-23 12:00:00,2.9329581,2.4006138,5.3643074,4.5721517,3.12671,2.3268435
2042-10-24 12:00:00,2.9054818,2.651559,4.06497,6.037506,3.9429638,3.1904836
2042-10-25 12:00:00,2.3632948,2.1380131,5.110451,4.7342753,5.8286867,3.8254008
2042-10-26 12:00:00,1.5039377,1.5394404,2.2608702,3.7347257,6.2488914,2.952752
2042-10-27 12:00:00,2.4845192,1.8592296,4.149993,3.0108867,4.6048336,2.5528147
2042-10-28 12:00:00,2.4740832,1.9716522,4.8367147,3.9771228,5.45851,2.544236
2042-10-29 12:00:00,1.4289805,1.1641601,3.7707007,4.983957,4.3513794,2.780859
2042-10-30 12:00:00,1.091019,1.040189,3.4019585,4.102852,6.6861115,2.0041041
2042-10-31 12:00:00,1.6882265,1.7319939,4.8384266,4.689847,6.111927,3.718933
2042-11-01 12:00:00,3.909019,3.3467395,6.717122,5.205796,6.023577,4.0715184
2042-11-02 12:00:00,3.0193496,2.9381888,4.485698,6.1600294,4.464336,3.4844382
2042-11-03 12:00:00,2.0994837,2.1883073,2.920825,6.8543215,4.6184406,2.9432833
2042-11-04 12:00:00,4.067282,3.5148168,7.620478,7.8475723,5.522504,6.32658
2042-11-05 12:00:00,3.4534967,3.0372074,3.1633773,8.33801,6.1621137,2.9200156
2042-11-06 12:00:00,0.7960795,0.89694685,2.2178948,3.00201,5.448164,1.9934721
2042-11-07 12:00:00,0.78820467,0.9755286,3.5895436,3.3630512,4.969893,3.1182761
2042-11-08 12:00:00,1.1193808,1.2913938,4.871085,3.559071,4.656812,3.2992506
2042-11-09 12:00:00,1.3705287,1.7373638,5.074127,4.016399,3.9485416,3.5506303
2042-11-10 12:00:00,1.9401664,1.7348509,4.089398,3.3517344,3.5882595,2.5032136
2042-11-11 12:00:00,2.2598176,2.169189,4.3509784,4.097815,3.5559642,2.7028012
2042-11-12 12:00:00,2.7045631,2.2064204,3.875856,3.083054,3.7618203,2.1446817
2042-11-13 12:00:00,2.0598261,1.6921941,2.313046,2.9169955,2.9797313,1.6517655
2042-11-14 12:00:00,0.9254763,0.98382556,2.2794,3.8110054,2.9773242,2.5223863
2042-11-15 12:00:00,1.5244391,1.792368,2.6356788,4.072839,3.36538,2.4309897
2042-11-16 12:00:00,1.0839288,1.0418695,3.2896206,4.921368,4.627601,1.6261685
2042-11-17 12:00:00,1.8405032,1.54126,4.299706,3.623966,4.3852735,2.8451536
2042-11-18 12:00:00,2.8972008,2.8125727,3.527074,5.353373,5.0259624,2.768475
2042-11-19 12:00:00,2.9263248,1.9739254,1.9887561,3.8704648,7.1092787,2.5711002
2042-11-20 12:00:00,2.0656881,1.6550497,3.174906,2.2329755,4.249863,2.5938606
2042-11-21 12:00:00,3.6475878,2.6677535,4.229583,2.2330325,4.1900835,2.2771819
2042-11-22 12:00:00,2.0148804,1.4604863,3.7506876,2.4314604,4.9052916,1.8002445
2042-11-23 12:00:00,1.9302429,1.7853045,2.3914392,3.797528,6.1676903,1.7667975
2042-11-24 12:00:00,2.021677,1.8773566,2.6176865,4.0642214,8.480041,1.6003208
2042-11-25 12:00:00,1.8889716,1.7946186,3.050163,4.0788255,9.307401,1.9495119
2042-11-26 12:00:00,1.1168665,1.2248683,2.304119,4.2287006,7.606164,1.9766691
2042-11-27 12:00:00,3.0750551,2.763067,4.750862,8.202781,7.433356,4.5429316
2042-11-28 12:00:00,2.4454846,2.2897782,4.9631395,5.0885277,8.63117,3.3930702
2042-11-29 12:00:00,1.7443848,1.6733736,2.7557862,4.3997045,4.523117,2.006685
2042-11-30 12:00:00,1.0925703,1.4368799,2.3733587,4.565972,5.152913,1.8646638
2042-12-01 12:00:00,1.747154,2.2624097,3.9312084,7.3344183,6.604899,2.9341657
2042-12-02 12:00:00,1.8019571,1.9698288,6.1374187,3.9894433,5.5119987,4.1675186
2042-12-03 12:00:00,2.385219,2.4415808,5.5855684,4.111401,4.921201,4.3302555
2042-12-04 12:00:00,1.4388373,1.415883,3.133035,4.440082,6.8193564,1.9335268
2042-12-05 12:00:00,1.19132,1.2021675,3.3052676,3.7104256,5.6011286,1.9290099
2042-12-06 12:00:00,4.4193225,3.8251886,6.347229,6.522243,6.6625257,4.0167084
2042-12-07 12:00:00,3.6694171,3.1271124,6.004763,4.649456,7.4833198,3.98874
2042-12-08 12:00:00,2.9663892,2.6179523,3.8913453,3.312649,7.010296,3.2117493
2042-12-09 12:00:00,1.6294613,1.5930302,4.519803,3.02994,4.1223254,3.1274416
2042-12-10 12:00:00,1.2514304,1.6823444,5.668863,5.1206946,4.2383666,4.557074
2042-12-11 12:00:00,1.3861258,1.8688164,3.7123501,5.643414,7.0726204,2.8475552
2042-12-12 12:00:00,1.7200178,1.9542203,3.5706735,5.9777465,5.9585643,3.8644152
2042-12-13 12:00:00,1.9630977,1.637805,4.3377194,4.008884,4.276116,2.3286953
2042-12-14 12:00:00,1.6903713,1.4182477,4.7377276,4.395745,3.7938292,3.0041695
2042-12-15 12:00:00,1.4578894,1.3868607,3.715436,4.568457,2.9945061,3.1663451
2042-12-16 12:00:00,2.8333707,2.0598705,6.0160847,5.011442,2.9423366,3.3439229
2042-12-17 12:00:00,2.3587785,1.8689775,7.9431434,5.157643,3.967206,4.249781
2042-12-18 12:00:00,1.4689064,1.3720464,5.144791,4.3231473,3.1809547,3.828739
2042-12-19 12:00:00,1.0720962,1.0576004,5.625694,4.7587924,5.2819233,4.0228653
2042-12-20 12:00:00,2.018434,1.9765908,6.189974,6.0619607,6.3402367,4.2464004
2042-12-21 12:00:00,2.2743175,1.9147452,5.5049467,3.581471,5.4752154,2.649924
2042-12-22 12:00:00,0.8768182,1.0133928,3.8587146,4.5986304,4.2179036,2.5053577
2042-12-23 12:00:00,1.835512,1.7732856,5.510221,4.828766,5.546821,4.2045975
2042-12-24 12:00:00,3.336855,2.494473,6.6603026,6.219405,4.4660964,4.857232
2042-12-25 12:00:00,3.6088536,3.0367503,5.20904,5.5480742,4.9848957,3.6917028
2042-12-26 12:00:00,2.110496,1.6890208,2.3778281,4.370136,7.272149,1.8173492
2042-12-27 12:00:00,3.1762748,2.2128382,4.4687843,4.4413123,6.7614574,2.2659328
2042-12-28 12:00:00,1.9308306,1.480038,4.545233,3.7149918,5.2490964,1.8785036
2042-12-29 12:00:00,2.5180807,1.8285758,5.1567345,3.6367257,4.776491,2.209573
2042-12-30 12:00:00,2.2514184,1.7406441,5.9146295,3.1279478,4.868697,2.511576
2042-12-31 12:00:00,2.2486088,1.8007101,7.0103116,3.9485013,6.273306,3.6894915
2043-01-01 12:00:00,2.702733,2.0128105,3.9255247,3.0699666,4.626147,2.472134
2043-01-02 12:00:00,2.2545824,1.6906364,4.4704895,3.2522402,6.680465,2.1937757
2043-01-03 12:00:00,2.1799536,1.559387,5.999126,3.6263027,8.103523,2.7754931
2043-01-04 12:00:00,2.6070342,1.793937,5.338306,3.2478185,5.7285523,2.7982576
2043-01-05 12:00:00,1.9897069,1.6931077,5.9265666,5.5371804,5.1429048,4.32343
2043-01-06 12:00:00,1.9195933,2.0335996,4.0252533,6.9242687,6.236089,3.7072423
2043-01-07 12:00:00,2.803086,2.475159,5.9115868,8.885275,5.391636,5.243942
2043-01-08 12:00:00,3.040277,3.1376624,5.3303027,9.284424,7.750479,4.940015
2043-01-09 12:00:00,1.6448791,1.8679913,3.6538136,7.602086,6.194877,3.5829184
2043-01-10 12:00:00,1.7685732,1.7803128,4.1345577,7.852703,9.350441,4.2564945
2043-01-11 12:00:00,3.9302652,3.102577,5.6462755,8.62468,7.3088064,5.2613873
2043-01-12 12:00:00,3.0210323,2.3215206,5.483036,4.4260006,6.828849,2.7913172
2043-01-13 12:00:00,1.5805181,1.6950148,4.276058,5.637861,7.189853,3.0599608
2043-01-14 12:00:00,2.0829735,2.213502,4.2382674,6.2765813,8.117541,3.2805393
2043-01-15 12:00:00,2.7884352,2.4692576,5.525858,7.018473,5.271111,4.0088234
2043-01-16 12:00:00,3.3364358,2.303145,6.162462,3.87743,4.071633,3.6815557
2043-01-17 12:00:00,1.4889956,1.4051727,3.3546085,5.092678,4.0926237,3.3783839
2043-01-18 12:00:00,2.719894,2.180335,5.7664237,5.577637,5.0450363,4.289978
2043-01-19 12:00:00,4.765128,4.276732,7.8459797,6.549123,5.0209937,4.960988
2043-01-20 12:00:00,2.2561712,2.0544538,3.4290552,4.7026896,5.326622,2.8978746
2043-01-21 12:00:00,2.6016698,1.7601985,2.377441,3.8245392,3.7235918,1.787653
2043-01-22 12:00:00,1.0868708,1.112184,2.135315,4.7136264,4.8344436,1.9382508
2043-01-23 12:00:00,2.3235872,2.0637121,3.4824996,2.574137,3.663129,2.5948534
2043-01-24 12:00:00,2.3751822,1.6179299,4.412789,2.9615273,4.317012,2.527517
2043-01-25 12:00:00,3.284303,2.2281616,5.1323066,3.6823103,5.434756,2.6674268
2043-01-26 12:00:00,3.7669036,2.5851157,3.9282591,3.9655855,5.727292,2.4165273
2043-01-27 12:00:00,2.6128056,1.7560796,3.8804193,4.184263,5.3017325,3.0772398
2043-01-28 12:00:00,3.6359856,2.5462615,3.8632638,2.3276215,5.3182483,1.8979161
2043-01-29 12:00:00,2.598763,2.0256505,2.8283858,2.520899,4.0311794,2.3681753
2043-01-30 12:00:00,1.5155367,1.6337904,2.6598244,2.8010876,3.5698264,2.057325
2043-01-31 12:00:00,0.85853547,1.0476898,3.784,2.6053271,2.8283494,2.7647648
2043-02-01 12:00:00,2.5094473,2.1800158,5.6805882,4.832645,3.4209151,3.7412183
2043-02-02 12:00:00,2.0429955,1.66933,4.6657124,4.8830605,4.911817,4.3938675
2043-02-03 12:00:00,5.619317,4.4578757,7.992009,5.8087645,5.4824653,4.9286366
2043-02-04 12:00:00,3.7256484,3.517749,4.7258906,3.8167937,5.33442,3.141377
2043-02-05 12:00:00,1.318404,1.6709979,4.642451,5.0865173,5.7467813,3.0683131
2043-02-06 12:00:00,2.3084064,2.2647967,4.6219087,6.721435,5.2202334,3.8455837
2043-02-07 12:00:00,1.8063416,1.575826,5.1781826,3.7960496,4.9214544,3.2248008
2043-02-08 12:00:00,3.094123,2.4926853,5.82393,4.6289706,5.367278,3.1914268
2043-02-09 12:00:00,1.078608,1.3492151,3.4966662,4.029588,4.5635495,1.7576318
2043-02-10 12:00:00,0.81115365,0.9725118,2.8921337,4.1292043,3.743077,2.4347312
2043-02-11 12:00:00,1.8945068,1.4478705,5.1850176,3.7450926,5.5859966,2.7480164
2043-02-12 12:00:00,2.021521,1.5362762,3.7070382,2.5704443,4.6709723,2.0695422
2043-02-13 12:00:00,2.1194687,1.6308879,2.7484772,2.7924128,4.7580543,2.6307375
2043-02-14 12:00:00,2.0512874,1.7003524,2.3228514,2.13452,5.611814,1.8823518
2043-02-15 12:00:00,1.5116072,1.2048979,4.129548,2.3288708,5.28759,2.0904946
2043-02-16 12:00:00,2.1446633,1.5942098,5.638719,3.8925023,6.2589192,3.2068977
2043-02-17 12:00:00,3.0136867,2.447883,6.475055,4.737931,6.9987497,3.3189893
2043-02-18 12:00:00,1.4203088,1.4272217,4.288802,4.084532,3.6815045,3.2267644
2043-02-19 12:00:00,2.8801746,2.4645243,5.3948298,4.5787706,4.652088,4.3748903
2043-02-20 12:00:00,3.7587638,3.154807,5.808357,5.798674,4.60839,4.621166
2043-02-21 12:00:00,2.4359162,2.2639785,5.450803,6.057026,5.124783,3.3368185
2043-02-22 12:00:00,1.581498,1.5494446,2.776294,5.2963367,5.8633976,2.543503
2043-02-23 12:00:00,1.5628364,2.0674472,3.656787,6.604477,8.6352415,3.0028965
2043-02-24 12:00:00,1.0259279,2.1929944,4.4458203,5.326864,10.140158,3.040651
2043-02-25 12:00:00,1.8718797,2.7543106,5.9037557,6.872722,8.541209,4.4534993
2043-02-26 12:00:00,3.2999694,3.4797962,4.7728095,6.310858,7.950779,3.656992
2043-02-27 12:00:00,1.6427726,1.6920344,3.367968,2.9515076,5.2343907,2.7137809
2043-02-28 12:00:00,5.241615,4.1864185,7.5455875,4.3191547,3.5556824,4.413078
2043-03-01 12:00:00,2.4289634,1.9374101,3.4401405,3.6562893,3.52587,2.3771615
2043-03-02 12:00:00,1.2671517,1.3936272,4.3868074,3.656196,4.0637584,3.77678
2043-03-03 12:00:00,3.18013,2.8523793,4.0601916,5.6894774,5.1265855,3.659809
2043-03-04 12:00:00,1.2069349,1.0857592,3.1573074,3.5557783,5.1323967,2.1945524
2043-03-05 12:00:00,1.5421385,1.5879081,2.6035547,2.7621775,4.717849,1.7966425
2043-03-06 12:00:00,1.1099147,1.1586672,4.1022773,3.4302459,4.9328146,3.0214815
2043-03-07 12:00:00,2.357098,2.0168114,4.4021044,4.992534,3.3363502,3.4145648
2043-03-08 12:00:00,2.6005404,2.6517,4.7950954,7.205718,2.8406851,4.0145936
2043-03-09 12:00:00,2.0495548,1.7365798,3.3751035,3.3776097,3.5331528,2.0612822
2043-03-10 12:00:00,1.525533,1.2540317,4.503413,3.152304,4.846398,2.5960684
2043-03-11 12:00:00,2.7420256,2.3409774,6.2810574,4.627259,5.8228874,3.276557
2043-03-12 12:00:00,3.1957254,2.638259,6.211522,4.8878236,5.5892096,3.158141
2043-03-13 12:00:00,3.2718658,2.6573877,5.5948257,4.6391845,3.83333,3.064511
2043-03-14 12:00:00,1.9097037,1.6877743,3.8837645,4.4156346,4.9845786,3.0107036
2043-03-15 12:00:00,2.2647054,2.1562722,5.5509233,4.301575,5.9871306,3.223033
2043-03-16 12:00:00,2.151613,1.7920246,2.8242714,4.216259,4.118396,2.7410748
2043-03-17 12:00:00,1.3896176,1.4518402,4.644333,3.5740035,4.6883597,3.0873559
2043-03-18 12:00:00,3.228673,3.116609,5.583421,6.0885835,5.6318583,4.4935145
2043-03-19 12:00:00,3.3398378,3.0927362,3.635972,5.217699,4.8615394,3.382012
2043-03-20 12:00:00,1.4366676,1.5023092,2.8151727,2.9938626,4.546458,3.043384
2043-03-21 12:00:00,1.7168363,1.2858341,2.4287355,1.8552915,4.801327,1.6210436
2043-03-22 12:00:00,2.2568827,1.8908796,2.4576325,3.460608,4.4202533,1.592158
2043-03-23 12:00:00,2.8558168,2.3236394,4.2232194,3.2175357,2.5197926,1.7529383
2043-03-24 12:00:00,2.9963436,2.0311446,3.4772806,2.9266143,2.6128855,1.8770965
2043-03-25 12:00:00,1.7144967,1.3370974,3.3838823,2.4053247,3.416188,2.6510715
2043-03-26 12:00:00,2.8358076,2.1433108,2.5316696,2.1290026,3.1788154,1.7513335
2043-03-27 12:00:00,3.415218,2.7471735,3.604462,3.0989482,2.1693087,2.061788
2043-03-28 12:00:00,1.6397548,1.4600765,2.7670345,2.1672711,2.8213956,1.5537944
2043-03-29 12:00:00,0.7161286,0.9323003,1.7774476,2.0559435,2.9036858,1.5305461
2043-03-30 12:00:00,0.8510854,1.0110332,3.3188086,2.086278,2.3199232,2.7039173
2043-03-31 12:00:00,2.989613,2.2559402,5.5397177,2.4432485,2.8348033,2.552779
2043-04-01 12:00:00,3.3455906,3.228342,5.311933,4.302919,3.6832907,3.840171
2043-04-02 12:00:00,1.9967656,2.0199323,4.112212,3.4990475,4.038616,2.7144015
2043-04-03 12:00:00,3.345058,3.1209168,3.0069087,3.7995214,3.4179528,2.0303922
2043-04-04 12:00:00,2.01022,2.1262057,4.0840936,5.125506,5.4576993,2.3853436
2043-04-05 12:00:00,1.3462937,1.2460022,3.4970126,2.0641153,4.580634,1.7587506
2043-04-06 12:00:00,1.952605,1.5802028,3.0832527,1.6281649,4.084478,1.5160401
2043-04-07 12:00:00,1.3191304,1.3629805,3.5937061,1.7878855,3.115647,2.0935452
2043-04-08 12:00:00,1.5335121,1.6063468,3.941072,1.7972839,3.0607977,2.4309528
2043-04-09 12:00:00,1.3622434,1.4215543,3.6492913,2.309713,3.541491,2.2989984
2043-04-10 12:00:00,2.269332,2.3507495,4.746097,4.9464684,5.6152306,3.3879023
2043-04-11 12:00:00,2.3765624,1.8596979,3.248846,3.414167,5.1570673,2.9938676
2043-04-12 12:00:00,2.8027601,2.4774392,5.1254454,3.5218441,4.401435,3.104671
2043-04-13 12:00:00,3.0164948,2.6310241,4.240462,4.4542685,4.669931,2.4412396
2043-04-14 12:00:00,1.4479169,1.419068,5.8441687,3.7188084,3.6391628,3.0729513
2043-04-15 12:00:00,2.564605,2.6302674,4.8759675,4.7406754,5.021438,2.8243268
2043-04-16 12:00:00,1.7787998,1.9949838,2.72939,3.7249925,4.236946,1.8704736
2043-04-17 12:00:00,2.4297931,2.2445855,2.6968482,3.5888674,4.1861753,1.7548565
2043-04-18 12:00:00,2.1483333,1.7664275,2.7658598,2.5364778,2.8155527,2.0510213
2043-04-19 12:00:00,1.3089019,1.3424743,2.6462324,2.1588693,5.547411,2.0280592
2043-04-20 12:00:00,2.1145935,1.7899374,2.1991587,2.2188451,5.230995,1.593179
2043-04-21 12:00:00,1.8085063,1.6678659,1.9664462,2.8445158,4.769947,1.5026437
2043-04-22 12:00:00,2.7836916,2.3137608,2.0127234,2.7768974,3.5487916,1.2362912
2043-04-23 12:00:00,1.2403549,1.3599133,2.3305473,2.0136063,3.555974,1.4967988
2043-04-24 12:00:00,3.1335216,2.7837937,3.6214855,3.3041594,3.7957137,2.779476
2043-04-25 12:00:00,1.5795165,1.3065768,2.4537425,2.7281508,4.6768866,1.6872892
2043-04-26 12:00:00,1.11323,1.0787585,1.9387931,3.3160994,4.3714504,1.474112
2043-04-27 12:00:00,1.3352821,1.2268791,2.3555825,4.0111566,5.16142,2.0371263
2043-04-28 12:00:00,1.5171078,1.500661,2.7457721,4.5596786,4.556036,2.4051464
2043-04-29 12:00:00,1.188082,1.18691,2.8461273,4.4881015,4.0181317,3.2620482
2043-04-30 12:00:00,2.078208,1.9350998,3.220004,3.635448,5.5319066,3.2614136
2043-05-01 12:00:00,1.6087551,1.7124841,1.7922003,2.6126425,3.6423392,1.6420131
2043-05-02 12:00:00,2.4138644,1.843114,2.8994038,2.208511,3.314959,1.7011744
2043-05-03 12:00:00,2.183217,1.6852229,2.8790689,2.9147782,2.7441819,1.5502259
2043-05-04 12:00:00,1.7942975,1.7520283,2.1568122,2.5392241,3.102888,1.3344814
2043-05-05 12:00:00,1.7392411,1.3736973,2.515255,2.481614,3.1780002,1.5899475
2043-05-06 12:00:00,1.3707988,1.2986419,2.4286332,2.7102146,6.283092,1.6261922
2043-05-07 12:00:00,1.9925139,2.0706046,3.1193492,5.133484,6.8467636,2.2410364
2043-05-08 12:00:00,2.440013,2.1625407,3.422731,4.2825756,5.4167514,2.9464433
2043-05-09 12:00:00,1.8475642,1.4504727,2.9003088,3.5494583,4.610854,1.7580351
2043-05-10 12:00:00,1.5000124,1.4155399,3.9357057,3.074548,3.8970585,1.7334199
2043-05-11 12:00:00,1.6201316,1.5559635,3.5778437,2.129514,2.8265278,1.577535
2043-05-12 12:00:00,1.6395975,1.5476133,3.0116093,1.9954058,3.1290486,1.4040024
2043-05-13 12:00:00,1.6655034,1.7552358,2.0120747,4.467894,4.8405,1.2957662
2043-05-14 12:00:00,1.4250453,1.6464608,2.2807279,3.1822395,3.8318186,1.6324176
2043-05-15 12:00:00,1.212377,1.4245098,1.9419613,2.900872,4.107495,1.5547099
2043-05-16 12:00:00,1.5883887,1.4401599,2.1713033,2.3471994,3.6353858,1.4241892
2043-05-17 12:00:00,1.9073623,1.8413882,3.617914,3.009924,4.481796,2.1644018
2043-05-18 12:00:00,2.0777247,2.1019819,3.8219423,5.0586596,3.6105802,1.8900315
2043-05-19 12:00:00,2.5996482,2.4462595,4.3621917,3.9439602,3.2650976,2.66646
2043-05-20 12:00:00,2.112619,2.135897,4.0347576,4.7024007,3.3988297,2.2737644
2043-05-21 12:00:00,2.9042904,2.7586792,3.7861824,5.296551,4.2418666,2.208547
2043-05-22 12:00:00,2.9679217,2.79242,3.7889676,4.4225154,4.4139886,2.8024478
2043-05-23 12:00:00,1.6358709,1.6404793,3.3730545,3.0404441,2.9922225,2.233755
2043-05-24 12:00:00,1.9506752,1.9353511,3.564635,3.0707006,2.8979652,2.8980627
2043-05-25 12:00:00,2.6872225,2.4645634,3.7124891,4.0247993,3.332281,2.5576556
2043-05-26 12:00:00,1.990143,1.7911286,3.429588,4.320944,3.3589594,2.8312318
2043-05-27 12:00:00,3.4442823,2.6922405,4.499429,4.4718995,3.0835261,3.3696098
2043-05-28 12:00:00,2.3549006,1.8538351,3.1960719,4.611884,2.5290024,2.5732985
2043-05-29 12:00:00,2.0563018,1.7857367,4.6155105,4.3356056,2.905208,3.1945748
2043-05-30 12:00:00,2.1662197,1.9385971,3.4419477,4.5655546,2.6046073,2.37161
2043-05-31 12:00:00,1.5687913,1.2839142,3.621626,2.602421,2.732883,2.2943943
2043-06-01 12:00:00,1.366014,1.16994,2.8570921,2.0587125,2.7677946,1.8020312
2043-06-02 12:00:00,2.4373248,2.1499438,2.2249413,3.0436118,2.6457481,1.5608034
2043-06-03 12:00:00,2.0098143,1.9599323,2.2860146,2.5525289,4.1983695,1.5743805
2043-06-04 12:00:00,3.6411862,2.875123,3.5533319,2.8871007,4.3606114,2.2166188
2043-06-05 12:00:00,2.45185,2.0876522,3.6892226,2.87732,3.480113,3.007238
2043-06-06 12:00:00,1.3902174,1.3742664,2.7783525,2.2113245,3.9874158,1.3340254
2043-06-07 12:00:00,1.7955267,1.5295527,3.8270423,2.6906319,5.684373,1.8389019
2043-06-08 12:00:00,0.9540717,0.9916375,2.7674935,2.5823188,3.7056215,1.4532055
2043-06-09 12:00:00,2.0934792,1.6075667,2.8235228,2.1262898,3.1332164,1.8851782
2043-06-10 12:00:00,1.6321661,1.4905312,2.6121125,2.1509995,2.9796798,2.0089786
2043-06-11 12:00:00,1.3409606,1.441529,2.466906,2.3898096,2.514471,1.480123
2043-06-12 12:00:00,0.95591664,1.1231383,2.2711892,2.3335383,2.9457748,1.3433478
2043-06-13 12:00:00,1.2708313,1.263734,2.353811,2.2965152,2.524965,1.4379337
2043-06-14 12:00:00,2.008016,2.2369065,3.211824,2.825118,3.2549055,2.7561977
2043-06-15 12:00:00,2.1747441,1.7827879,2.2125297,3.4847245,3.5084128,1.6805482
2043-06-16 12:00:00,0.89991045,0.95448726,2.0211768,2.6318076,3.1941795,1.5245211
2043-06-17 12:00:00,1.5754106,1.5155342,2.9875252,4.4425287,3.8199925,2.0238836
2043-06-18 12:00:00,2.8927822,2.510938,3.7991621,5.1291666,3.0556362,2.2190945
2043-06-19 12:00:00,2.7963395,2.4241736,2.5601046,3.5203798,3.1807597,2.6647105
2043-06-20 12:00:00,1.7728033,1.7514259,2.811702,3.6503294,3.9862452,1.9221041
2043-06-21 12:00:00,2.4005332,2.1065755,2.770784,4.217861,6.2497888,2.9622476
2043-06-22 12:00:00,2.481413,1.8521163,3.1434395,4.3279023,4.6249413,1.503663
2043-06-23 12:00:00,1.510348,1.5032575,2.606335,3.2364585,3.1169815,1.2811055
2043-06-24 12:00:00,1.2706677,1.2589928,2.538402,3.600169,2.2702806,1.1594031
2043-06-25 12:00:00,1.1741946,1.3760359,2.1330373,3.8348434,2.59131,1.2752292
2043-06-26 12:00:00,1.8676534,1.6073768,1.8756999,4.399183,3.3478122,1.4822725
2043-06-27 12:00:00,1.6002259,1.4497491,2.2965548,3.164559,3.9129217,1.4900975
2043-06-28 12:00:00,1.7124891,1.4452907,3.4428678,3.0307202,3.2395504,1.6111586
2043-06-29 12:00:00,1.5583627,1.3335979,3.2169158,2.8963833,2.6126363,2.2490568
2043-06-30 12:00:00,1.6047515,1.369631,2.0280576,3.8601272,3.3382218,1.4089338
2043-07-01 12:00:00,2.0000591,1.624524,2.8057466,3.2102559,3.552608,1.6605512
2043-07-02 12:00:00,1.8613341,1.7884207,3.071726,3.5302808,2.9254546,2.3103797
2043-07-03 12:00:00,1.2979093,1.4808376,2.3398764,2.592347,6.647593,1.3482897
2043-07-04 12:00:00,2.1911721,1.8962325,3.0081112,3.257169,3.4682336,1.8784614
2043-07-05 12:00:00,1.7464504,1.8215423,2.9431689,3.3764212,5.634562,1.5375875
2043-07-06 12:00:00,1.4015663,1.406329,2.495062,2.5922065,4.4849367,1.5333803
2043-07-07 12:00:00,1.9479228,1.758682,2.4278207,2.0664706,4.2211056,1.4761631
2043-07-08 12:00:00,1.9979954,2.0048969,3.5119624,2.1046596,3.359165,1.9657444
2043-07-09 12:00:00,1.9579456,1.7782376,2.9147475,3.4466598,2.943817,2.6947544
2043-07-10 12:00:00,2.521319,1.8178545,3.2239592,3.685401,5.64316,2.8928735
2043-07-11 12:00:00,2.1375697,2.0574412,2.3605268,4.942695,4.7222,1.8019246
2043-07-12 12:00:00,2.280396,2.0150168,3.2292836,3.801453,3.4813313,1.840826
2043-07-13 12:00:00,1.3029932,1.2919225,2.302164,2.1656556,3.1173267,1.6324575
2043-07-14 12:00:00,1.7967842,1.9561923,2.932273,3.6205146,4.1571136,2.3514369
2043-07-15 12:00:00,2.9009154,2.5191317,3.9219532,3.8765824,5.0076056,3.3104427
2043-07-16 12:00:00,3.3122263,2.5873158,4.358623,3.0206358,2.970251,2.9547527
2043-07-17 12:00:00,3.8826394,3.153646,5.5667605,2.9918394,3.8121896,3.5075145
2043-07-18 12:00:00,3.3390524,2.6805444,5.4182196,3.0007691,2.6756344,3.532843
2043-07-19 12:00:00,1.9211379,1.9274487,4.002667,3.5401504,2.5011935,2.4564948
2043-07-20 12:00:00,2.7304006,2.5115712,4.095528,3.86962,3.8082814,3.0631926
2043-07-21 12:00:00,2.2141616,1.783107,3.234689,2.9842138,4.515534,2.3162026
2043-07-22 12:00:00,2.1885123,2.0090072,3.0309005,4.0184665,3.8428428,1.9107755
2043-07-23 12:00:00,1.3651154,1.3607477,2.2928376,2.6889536,3.4325595,1.4814503
2043-07-24 12:00:00,1.7598226,1.6078653,2.2578754,2.700116,3.6002321,1.6030902
2043-07-25 12:00:00,2.0943813,1.7406601,2.34701,2.4613101,2.422336,2.313882
2043-07-26 12:00:00,2.2973342,1.995921,2.5576599,3.6615055,2.484724,2.428201
2043-07-27 12:00:00,2.0201674,1.7859533,2.8040764,3.2799008,3.9081178,2.0224857
2043-07-28 12:00:00,1.6153541,1.5291388,2.196561,1.7562196,3.8058875,1.6417984
2043-07-29 12:00:00,2.024773,1.9259076,2.7472806,2.2297,3.985723,1.9242069
2043-07-30 12:00:00,2.1636863,2.377094,3.4847453,2.9434485,3.936498,2.2948496
2043-07-31 12:00:00,2.747965,2.5554972,3.9505994,3.158041,2.7362523,2.2029943
2043-08-01 12:00:00,2.803482,2.1003513,3.3004377,2.5282,3.8389425,2.0849886
2043-08-02 12:00:00,1.7367396,1.5873555,2.3068178,2.9010665,3.115218,1.6733248
2043-08-03 12:00:00,1.380732,1.5263704,2.9829304,3.2445433,6.4468317,1.4779426
2043-08-04 12:00:00,1.267513,1.4801062,3.2549117,1.8916222,5.780591,1.5995076
2043-08-05 12:00:00,1.227587,1.2398058,2.5470772,1.396426,5.020906,1.0266577
2043-08-06 12:00:00,1.8880535,1.6390253,4.1015124,2.6681352,3.6879737,1.6840867
2043-08-07 12:00:00,2.7210317,2.0147662,4.2745314,3.6711164,2.3625233,2.482505
2043-08-08 12:00:00,1.408277,1.2283655,3.2857575,2.763467,2.5299306,2.3233607
2043-08-09 12:00:00,1.7243757,1.5377102,2.4846344,3.3748128,3.693488,2.02463
2043-08-10 12:00:00,1.8843365,1.8337997,2.343693,3.9804928,3.33007,2.202444
2043-08-11 12:00:00,1.6239715,1.3201152,3.1002064,3.7695532,2.9698346,2.3707733
2043-08-12 12:00:00,1.9656261,1.482952,2.8904748,3.4904559,2.3617034,1.9569505
2043-08-13 12:00:00,2.6890268,2.6254942,3.8919435,5.229613,2.5132563,2.8426692
2043-08-14 12:00:00,1.9522734,2.2266445,5.3735104,4.6377406,3.9330306,3.6378987
2043-08-15 12:00:00,1.6151683,2.0099823,3.8258405,5.0730352,4.1372147,2.2132893
2043-08-16 12:00:00,1.1203649,1.367835,3.1008863,4.4911084,3.5596437,1.400786
2043-08-17 12:00:00,1.3948121,1.346302,3.4106457,4.5651345,3.1494696,2.0994077
2043-08-18 12:00:00,1.4982016,1.479172,3.9922724,3.4410603,3.201681,2.5274477
2043-08-19 12:00:00,1.9852366,1.8340765,3.0197253,2.5196202,5.0728116,1.5757565
2043-08-20 12:00:00,2.8171954,2.8491201,3.8115757,4.616955,7.9199166,2.8996754
2043-08-21 12:00:00,1.5771315,1.6760494,3.3270361,5.096543,5.6610847,3.846893
2043-08-22 12:00:00,1.3436801,1.232255,2.770324,3.4761808,3.1683896,2.5563931
2043-08-23 12:00:00,2.352506,2.2411833,2.5607982,3.6608171,3.4907432,2.924393
2043-08-24 12:00:00,1.7592443,1.9202124,3.2151623,4.2675424,6.0398602,3.2393901
2043-08-25 12:00:00,1.3351613,1.2112681,2.4079862,2.9527063,4.597829,2.453814
2043-08-26 12:00:00,2.476359,1.8235027,2.415372,2.8309712,2.3869205,2.165658
2043-08-27 12:00:00,1.4704248,1.1317679,3.182995,2.6689618,2.2123296,2.3495421
2043-08-28 12:00:00,1.0958556,1.2460017,2.7211354,3.0908296,2.8727992,1.3200853
2043-08-29 12:00:00,2.187058,2.01817,3.7782013,4.0458145,2.9848332,3.2627342
2043-08-30 12:00:00,1.6726787,1.5019349,3.6940591,4.739399,3.3573642,2.4287128
2043-08-31 12:00:00,1.0417931,1.2721684,2.1132474,1.857268,2.0577562,1.0628462
2043-09-01 12:00:00,1.1536442,1.4734464,2.6475742,2.0764554,1.5244933,1.8312026
2043-09-02 12:00:00,1.6978981,1.4744761,2.8627002,2.5100644,2.1505446,1.8672224
2043-09-03 12:00:00,1.6521962,1.2700553,2.0306215,1.7957244,2.2954943,1.3109967
2043-09-04 12:00:00,1.0282372,1.1707884,1.8254877,2.0186574,1.8423704,1.5323865
2043-09-05 12:00:00,1.3861625,1.2332228,2.0634212,2.0527103,1.7930777,1.6160601
2043-09-06 12:00:00,1.278971,1.1642759,2.3181581,1.4813483,1.9399908,1.4463105
2043-09-07 12:00:00,1.7848366,1.4670151,2.8679652,2.4360993,3.2250443,1.6114808
2043-09-08 12:00:00,1.4671624,1.4267372,3.1918483,3.933039,3.2513433,2.7062135
2043-09-09 12:00:00,1.3670057,1.3214474,2.971006,5.359659,5.2706027,2.346053
2043-09-10 12:00:00,1.6490939,1.8210355,3.0803945,3.622717,3.535099,2.8633976
2043-09-11 12:00:00,1.8679361,1.8175415,3.5223548,3.3505838,3.6671228,2.7694108
2043-09-12 12:00:00,3.1585865,2.7207386,4.2623305,5.4812746,5.4311447,3.374597
2043-09-13 12:00:00,3.1123962,2.6038895,5.2266808,4.951067,4.3656178,3.320834
2043-09-14 12:00:00,2.9603043,2.6475592,4.850018,5.033787,4.6896467,3.6062095
2043-09-15 12:00:00,4.3159723,3.449041,4.7361474,5.8742514,5.863859,3.9522011
2043-09-16 12:00:00,1.8344011,2.0371568,3.1909714,4.439549,5.55833,3.0358598
2043-09-17 12:00:00,2.8066607,2.6640744,5.6972737,3.972882,4.710734,3.6825137
2043-09-18 12:00:00,3.4644735,3.1769063,6.6370068,4.506409,3.956999,5.132756
2043-09-19 12:00:00,2.28214,1.9629173,2.8182924,3.1923265,2.7412815,2.093489
2043-09-20 12:00:00,2.932774,2.3286903,3.3292172,2.4848917,4.800879,1.6289438
2043-09-21 12:00:00,1.5974827,1.8289658,3.8565867,2.8702612,5.042798,1.3659227
2043-09-22 12:00:00,2.1718903,2.15423,4.7288804,3.272632,2.6708772,2.0358522
2043-09-23 12:00:00,2.010151,2.0450866,4.7594123,3.2261176,3.539622,2.165312
2043-09-24 12:00:00,1.626787,1.6430587,3.1998434,2.5084562,3.789814,1.751814
2043-09-25 12:00:00,2.1944323,1.9689252,4.1955695,3.2390637,3.8700087,2.8301046
2043-09-26 12:00:00,3.0666218,2.687456,4.3330593,5.162852,5.4016857,3.507877
2043-09-27 12:00:00,3.556192,2.9359386,3.5275736,4.0800023,4.765404,2.534107
2043-09-28 12:00:00,2.4819045,1.9436617,2.9473355,2.2238941,3.0213437,1.8473104
2043-09-29 12:00:00,1.6343994,1.214008,2.2809603,2.2464721,3.9526875,1.124303
2043-09-30 12:00:00,1.3876951,1.2382573,2.3640087,1.9407159,5.256568,1.3113662
2043-10-01 12:00:00,1.5730104,1.4142865,2.2599084,1.6252687,4.7825613,1.5422372
2043-10-02 12:00:00,1.0091788,1.1143684,1.8182017,1.3591386,2.5110745,1.1245897
2043-10-03 12:00:00,0.7384069,0.8683254,1.5582201,2.9561484,3.3256466,1.4409229
2043-10-04 12:00:00,0.8449824,0.9481595,2.3868606,3.2550752,4.456717,1.7369292
2043-10-05 12:00:00,2.902564,2.2106273,4.6791854,3.6963367,3.9240155,2.9606514
2043-10-06 12:00:00,2.3371472,1.7112651,3.3817153,3.763456,3.8974342,1.5908046
2043-10-07 12:00:00,0.9076013,1.1906074,2.3332493,4.200735,3.8186088,1.6446525
2043-10-08 12:00:00,1.1097587,1.147971,2.5399852,3.9536583,3.1922655,2.1335833
2043-10-09 12:00:00,1.9623667,1.859698,2.5005758,3.5286496,1.977374,2.2296906
2043-10-10 12:00:00,2.4675164,1.7728467,3.3928173,3.3978143,3.108395,2.4666846
2043-10-11 12:00:00,1.3640654,1.1957166,3.1771219,4.8408775,5.1533437,3.135866
2043-10-12 12:00:00,1.3789817,1.3765999,4.7241364,5.1313257,6.142718,3.7948825
2043-10-13 12:00:00,1.47153,1.6601894,5.895052,5.4793506,6.922357,3.9234214
2043-10-14 12:00:00,1.9039817,1.7818466,3.6552017,4.661934,6.140164,3.4189951
2043-10-15 12:00:00,3.1824095,2.856299,5.8248034,4.946132,4.6317883,3.702304
2043-10-16 12:00:00,2.4754858,2.044696,3.4144015,3.38601,4.283152,2.1551893
2043-10-17 12:00:00,1.0895246,1.2212757,2.2568166,3.6712525,2.9892294,1.6075187
2043-10-18 12:00:00,0.92014015,1.0542389,3.6555412,3.9052567,3.3725793,3.4517305
2043-10-19 12:00:00,1.845021,1.8302152,5.497981,5.0767226,4.7311773,4.6185145
2043-10-20 12:00:00,1.8676548,1.9383379,5.2102995,5.0129576,5.9055634,4.2953224
2043-10-21 12:00:00,1.3270518,1.2447082,4.353982,3.21529,5.9401965,2.6710134
2043-10-22 12:00:00,2.2232847,1.9396696,5.4088483,2.8435838,4.8846817,2.8561282
2043-10-23 12:00:00,2.3233292,2.0036435,3.624459,3.1702895,4.1347065,2.4695382
2043-10-24 12:00:00,2.5490103,2.4114697,4.6267667,5.4635825,5.717087,4.680413
2043-10-25 12:00:00,3.4769528,2.87975,4.1760597,5.678392,6.8216114,2.3438954
2043-10-26 12:00:00,1.0024967,1.0474465,2.0414193,3.0559149,5.654581,1.9859972
2043-10-27 12:00:00,1.5813904,1.5313575,3.1284192,4.4055824,5.4973617,3.2278314
2043-10-28 12:00:00,1.7761586,1.6118206,3.6845741,3.9476488,4.505473,3.6476803
2043-10-29 12:00:00,3.78786,3.1886544,5.216676,6.2253933,3.3867097,5.081783
2043-10-30 12:00:00,3.3870025,2.5636249,5.17505,5.202342,3.1465223,3.7069912
2043-10-31 12:00:00,4.3928175,3.287875,6.670417,5.305658,2.2978365,4.0847225
2043-11-01 12:00:00,2.5863137,2.4297476,3.4660754,2.872136,2.2203867,2.346143
2043-11-02 12:00:00,1.0765988,1.2445894,1.7591925,3.5903509,3.0649426,1.4814305
2043-11-03 12:00:00,1.8320742,1.722508,3.227785,1.847978,3.2291572,1.8320454
2043-11-04 12:00:00,2.223476,2.5822425,2.545777,3.9926696,5.1985483,2.488908
2043-11-05 12:00:00,2.347184,2.1512723,4.758353,2.6947217,5.515584,2.8537328
2043-11-06 12:00:00,0.9446367,1.0954735,3.8153698,3.2698193,5.1355686,1.8414255
2043-11-07 12:00:00,1.2066414,1.1564989,3.2485006,3.3534274,6.5209346,2.0289845
2043-11-08 12:00:00,1.4259682,1.7469246,5.9906363,4.7932134,8.04822,4.7316976
2043-11-09 12:00:00,2.24158,2.513903,6.251582,5.8692136,6.738585,4.869789
2043-11-10 12:00:00,1.5867475,1.923866,6.1378717,4.6785083,5.914438,4.422707
2043-11-11 12:00:00,1.4615792,1.5303794,5.020744,3.7860074,5.749633,3.1442358
2043-11-12 12:00:00,2.2158015,1.5023186,4.1915393,3.2202373,5.3110433,2.100996
2043-11-13 12:00:00,1.3947444,1.1830598,4.569105,2.8866746,3.5742736,2.7220004
2043-11-14 12:00:00,0.84721696,1.0514106,3.5626588,3.6842294,2.8882258,3.296461
2043-11-15 12:00:00,0.83870506,0.96795213,2.8428838,3.890592,3.0325365,2.695159
2043-11-16 12:00:00,1.3117707,1.0619252,3.6488807,2.1531227,5.0821524,1.6745712
2043-11-17 12:00:00,1.914056,1.7657588,4.2129683,4.7620597,5.444165,1.7332854
2043-11-18 12:00:00,3.914686,3.3099267,7.2745295,6.0510473,3.8178663,4.186743
2043-11-19 12:00:00,3.586547,3.2403116,8.156402,6.810065,4.970956,5.185919
2043-11-20 12:00:00,2.1048734,1.8577186,5.327312,5.2035103,4.7429442,3.4035392
2043-11-21 12:00:00,0.91527313,0.9384825,3.2520797,3.771675,3.0071323,2.5506032
2043-11-22 12:00:00,1.494479,1.3636158,5.074735,3.6001713,2.6343737,3.003625
2043-11-23 12:00:00,2.060916,1.6533663,4.530934,3.833153,2.4132822,2.8996952
2043-11-24 12:00:00,0.7734046,0.95967895,2.7682168,3.407741,2.5215573,2.4236372
2043-11-25 12:00:00,2.6346908,1.8817828,3.7568576,3.427673,3.0883403,3.1935346
2043-11-26 12:00:00,2.0034087,1.4659741,4.2694836,2.8550766,4.371417,2.28359
2043-11-27 12:00:00,2.0299468,1.6929922,5.6570954,4.073262,4.009576,3.5394506
2043-11-28 12:00:00,2.37413,2.068672,5.387062,5.485439,5.2129827,3.8074946
2043-11-29 12:00:00,3.488733,2.5839064,4.095939,4.4234824,7.671219,1.788674
2043-11-30 12:00:00,2.9614697,2.716444,2.5875545,5.856667,5.6102815,2.923822
2043-12-01 12:00:00,2.5681856,1.8982193,6.452421,4.3052735,4.5345535,3.7820795
2043-12-02 12:00:00,4.639973,3.8018813,5.697204,5.818534,6.6425533,3.2525582
2043-12-03 12:00:00,2.8727732,2.6014385,4.65343,2.8815,4.185951,2.1953652
2043-12-04 12:00:00,3.2065532,2.6242518,5.6587734,4.364264,4.8322334,3.965534
2043-12-05 12:00:00,1.4746974,1.6186115,2.0761375,6.4753823,6.585974,2.2120166
2043-12-06 12:00:00,1.2549264,1.1594648,2.2313035,4.80509,6.8469133,2.1374974
2043-12-07 12:00:00,2.0593922,1.6671181,5.0146637,3.3799565,4.378454,2.6547778
2043-12-08 12:00:00,3.2656987,2.7528496,5.472152,4.676379,4.3247857,2.8411803
2043-12-09 12:00:00,2.708703,2.277662,5.395485,4.27351,4.195909,3.2770944
2043-12-10 12:00:00,2.0248413,2.1968,2.7685704,4.417079,4.4153666,2.1069705
2043-12-11 12:00:00,2.4035645,2.2789314,4.4882393,5.031039,5.877159,2.39313
2043-12-12 12:00:00,2.0533783,1.9493496,5.186896,4.4956,5.4507375,2.7457802
2043-12-13 12:00:00,2.9685862,2.389151,4.735651,4.168046,4.9221444,2.4898324
2043-12-14 12:00:00,2.6916099,1.9991617,5.036161,3.77565,4.787085,2.4094608
2043-12-15 12:00:00,2.0620732,1.4744791,3.9299386,2.683614,4.0981793,1.777284
2043-12-16 12:00:00,1.1774968,1.1694869,2.1225858,4.0351825,4.4251175,1.8448279
2043-12-17 12:00:00,0.8177016,1.0088592,1.9606853,4.3837447,3.924471,2.0068672
2043-12-18 12:00:00,1.1206813,1.4074682,1.9085157,2.6303687,3.0153494,1.5932173
2043-12-19 12:00:00,1.3093008,1.5341663,4.582955,3.7957222,3.3702931,3.5933337
2043-12-20 12:00:00,2.0817018,2.3206596,7.389457,6.300931,5.0056276,5.060723
2043-12-21 12:00:00,2.803592,2.5145369,5.5341625,4.4465714,4.2856016,3.3532777
2043-12-22 12:00:00,0.8112148,1.1484854,3.5465767,4.4943976,3.2657788,2.4117572
2043-12-23 12:00:00,1.8094411,1.633402,5.548364,4.170518,2.2928085,3.3781407
2043-12-24 12:00:00,2.9222627,2.1175623,5.5735464,3.9717262,3.0376372,3.0969136
2043-12-25 12:00:00,2.6716993,2.0830789,5.7513537,5.6676416,6.056981,3.9159834
2043-12-26 12:00:00,2.896049,2.6114528,5.317327,5.143976,4.7512474,3.7609828
2043-12-27 12:00:00,1.754525,1.7027065,2.5125136,4.3619766,3.9989307,2.275376
2043-12-28 12:00:00,1.7645519,1.3704792,2.199772,3.7537389,3.3913984,1.6573243
2043-12-29 12:00:00,0.8982284,0.909399,2.8569012,4.5697465,3.3777022,2.9323657
2043-12-30 12:00:00,2.509085,2.1787517,6.1637936,6.095651,5.208156,4.878297
2043-12-31 12:00:00,4.202257,3.7555654,6.87354,5.9821525,5.1506844,4.828026
2044-01-01 12:00:00,3.6822526,3.3172894,6.2058487,5.868715,5.9795976,4.478522
2044-01-02 12:00:00,2.641715,2.5672932,4.87513,6.1431713,6.177686,3.9740756
2044-01-03 12:00:00,3.0246425,2.51568,5.24641,3.7671258,5.4563193,2.4693491
2044-01-04 12:00:00,1.4540983,1.4702564,2.296354,3.4600062,5.6690197,1.3496246
2044-01-05 12:00:00,1.5560312,1.4325062,3.2688844,4.569228,6.150513,2.4229198
2044-01-06 12:00:00,2.7159114,2.2710195,3.8781252,3.7224069,5.5424857,2.1725595
2044-01-07 12:00:00,2.2278428,1.9182131,3.1005151,3.149787,4.407599,1.3595277
2044-01-08 12:00:00,1.2615681,1.387999,2.1990106,4.6552963,4.7153573,1.6113677
2044-01-09 12:00:00,0.83317566,1.0982457,2.765777,4.850535,2.929195,3.1054933
2044-01-10 12:00:00,1.5843183,1.6144613,3.7411866,3.202407,4.056266,2.9158833
2044-01-11 12:00:00,0.9508673,1.195542,3.5191972,5.4626837,5.3487535,3.8129325
2044-01-12 12:00:00,2.2282076,1.9390954,4.1356444,5.632036,7.9310775,2.9990358
2044-01-13 12:00:00,3.4968395,2.9800875,7.1836605,6.235653,7.527208,5.2776623
2044-01-14 12:00:00,3.0139163,3.0997128,6.7888155,6.987502,7.505303,5.29732
2044-01-15 12:00:00,2.8839064,2.9814403,6.692199,6.5172343,8.118508,4.272459
2044-01-16 12:00:00,2.7666583,2.337318,5.286305,5.6859074,6.801278,3.6069646
2044-01-17 12:00:00,2.4051418,1.8333179,2.9086533,4.977845,6.1131744,2.068812
2044-01-18 12:00:00,1.5625885,1.3594812,2.997272,4.949847,5.4061337,2.227305
2044-01-19 12:00:00,0.81131923,1.0241241,1.9923782,5.6656613,7.718861,1.9401679
2044-01-20 12:00:00,0.8317308,1.1221168,2.4617693,6.1001787,7.5511217,2.714046
2044-01-21 12:00:00,1.0338511,1.287661,2.7067373,5.104104,6.7054243,2.2104518
2044-01-22 12:00:00,0.75193375,1.0237828,2.3099463,6.7389045,8.299364,3.1568599
2044-01-23 12:00:00,1.1238679,1.0653063,2.7229252,5.646045,7.929711,2.6401956
2044-01-24 12:00:00,3.1509256,2.2042515,5.567727,3.4858541,7.2588425,2.4913118
2044-01-25 12:00:00,2.747571,1.9707118,4.470683,3.3298354,6.86745,2.2849302
2044-01-26 12:00:00,2.3783436,1.7281326,4.404427,3.0630074,3.1991012,1.9181182
2044-01-27 12:00:00,3.3369768,2.4160101,2.8423421,2.8577678,3.65549,2.2114263
2044-01-28 12:00:00,1.5321634,1.61075,2.92107,3.773,5.892939,2.7384272
2044-01-29 12:00:00,1.0722626,1.1459504,4.9704213,5.1315756,7.047854,3.7745893
2044-01-30 12:00:00,1.2684102,1.3469357,5.0539627,3.524329,5.5927615,2.3928716
2044-01-31 12:00:00,1.362443,1.5775036,5.0694017,4.6309705,5.4514394,3.6439188
2044-02-01 12:00:00,2.058484,2.149289,3.1270754,3.3674412,4.873802,2.578913
2044-02-02 12:00:00,0.9476502,1.0524837,5.2989697,4.7331634,6.7779675,3.9038808
2044-02-03 12:00:00,0.9520302,1.1565666,4.5865993,4.619905,5.348145,4.0785613
2044-02-04 12:00:00,0.98275316,1.0976709,3.292444,5.3064046,6.085979,3.7838182
2044-02-05 12:00:00,0.6884085,0.8019671,3.2145996,4.526879,5.0693536,3.0921884
2044-02-06 12:00:00,1.4819363,1.0363078,2.8240092,3.7882793,5.7709846,1.643309
2044-02-07 12:00:00,2.7750397,2.1246517,5.1907663,7.541987,8.122803,4.6920614
2044-02-08 12:00:00,2.0808697,1.9553313,4.3270307,5.812005,8.156586,3.3297496
2044-02-09 12:00:00,1.5501633,1.8020236,2.666808,4.4029684,4.9243593,1.7074918
2044-02-10 12:00:00,1.8680291,1.9590133,1.9860442,3.1097524,5.7970057,1.2907877
2044-02-11 12:00:00,1.1271306,1.1955129,2.3883708,3.3035882,6.3787994,2.267023
2044-02-12 12:00:00,0.9099503,1.2347684,3.9232163,6.8478537,6.6636724,3.650569
2044-02-13 12:00:00,2.5747573,2.315836,5.3983293,8.089188,6.4494114,4.5122643
2044-02-14 12:00:00,3.9745164,3.5890625,6.878243,8.87486,4.493164,5.5485096
2044-02-15 12:00:00,1.3953961,1.83684,3.6880414,5.595107,5.8013964,3.7786648
2044-02-16 12:00:00,1.9720869,2.0085251,5.1523347,5.3067627,5.3366227,4.5191875
2044-02-17 12:00:00,2.0931976,1.8451967,4.1618876,4.7564893,5.937402,3.2970922
2044-02-18 12:00:00,3.2626793,3.0511973,7.0308294,6.9898643,4.51184,5.703544
2044-02-19 12:00:00,4.0785055,3.5676138,6.353532,8.104678,5.4340234,5.6329656
2044-02-20 12:00:00,2.4718115,2.0031343,4.6096644,5.161128,4.4984756,3.2860754
2044-02-21 12:00:00,0.95738477,0.9909421,4.2324705,3.8026083,4.0307117,3.1271422
2044-02-22 12:00:00,3.2503576,3.1283333,7.633216,6.745226,4.316635,5.3391705
2044-02-23 12:00:00,2.918373,2.9395587,3.8744707,5.308282,4.2656713,2.7892523
2044-02-24 12:00:00,1.2352666,1.3346419,3.528702,5.7819886,8.447556,2.595051
2044-02-25 12:00:00,2.099659,1.8838085,4.4314723,5.915481,9.205763,2.8490164
2044-02-26 12:00:00,1.5813704,1.4539698,2.3458312,5.106163,7.925879,2.2795663
2044-02-27 12:00:00,2.7635272,2.4690702,4.030542,7.313264,10.503993,3.4374106
2044-02-28 12:00:00,2.071858,2.590902,4.1229544,6.001854,9.210328,3.0081098
2044-02-29 12:00:00,1.3275069,1.6155976,2.7114813,3.730384,6.972538,2.2666585
2044-03-01 12:00:00,1.5266454,1.5406092,3.2909079,3.7359664,3.9816227,2.7398946
2044-03-02 12:00:00,3.1657,3.0796125,7.203792,6.1341286,6.199169,5.202738
2044-03-03 12:00:00,3.7848034,3.7575672,8.153526,8.020665,9.6275215,5.8037677
2044-03-04 12:00:00,2.435898,2.332784,6.163976,5.335629,9.566704,3.4099479
2044-03-05 12:00:00,2.0335276,1.6988288,5.2203264,4.278116,5.2271123,2.6465688
2044-03-06 12:00:00,1.2344265,1.1445211,2.5114832,4.1965547,4.330747,1.8570302
2044-03-07 12:00:00,1.1450584,1.2344902,4.0485826,4.931384,5.261454,2.8961496
2044-03-08 12:00:00,4.0022216,3.9437008,9.596678,7.1238546,8.286084,5.855888
2044-03-09 12:00:00,3.0031276,3.1448379,5.4109473,7.4538035,8.429808,5.064784
2044-03-10 12:00:00,1.9033959,2.0493567,3.9145887,6.0577865,6.6946325,3.22677
2044-03-11 12:00:00,1.7463169,1.3726174,3.2345896,2.8866172,4.237908,2.0754704
2044-03-12 12:00:00,0.9638487,0.97469527,3.2580476,2.042041,5.5190997,1.4580665
2044-03-13 12:00:00,1.0134394,1.091758,2.6266608,2.3583448,7.1246386,1.4957519
2044-03-14 12:00:00,0.9275391,1.2230566,2.0083575,3.707243,7.2890635,1.3486019
2044-03-15 12:00:00,2.898346,2.2185457,4.0399513,3.0339222,5.515996,2.3080788
2044-03-16 12:00:00,2.3446681,2.0000014,4.046629,2.6092017,5.1381154,1.948071
2044-03-17 12:00:00,1.6964197,1.4708287,3.573663,2.0020604,5.012845,1.6084769
2044-03-18 12:00:00,1.0967177,1.233844,2.4023776,3.4132292,6.250286,1.5818999
2044-03-19 12:00:00,1.0411427,1.0706502,2.3786957,4.0807767,6.3404865,1.2891173
2044-03-20 12:00:00,1.2134535,1.0751326,2.5495832,5.24233,8.171339,1.5264319
2044-03-21 12:00:00,2.2194097,2.1112485,3.192142,8.103768,9.224548,3.8193972
2044-03-22 12:00:00,2.7549129,2.474327,4.22559,6.3016376,7.4228406,3.3849893
2044-03-23 12:00:00,2.3000104,2.3427896,5.560765,5.4181943,7.426294,3.7297
2044-03-24 12:00:00,2.5599751,2.1587315,3.349921,2.7825153,3.2579205,2.3812084
2044-03-25 12:00:00,2.7773938,2.6932466,4.8635454,6.794027,5.6555014,3.9072263
2044-03-26 12:00:00,3.0213134,3.0624242,4.728061,6.5384855,4.9738894,4.249265
2044-03-27 12:00:00,2.8044186,2.9458141,4.646655,6.944563,6.053255,3.8453467
2044-03-28 12:00:00,2.9780836,2.9148402,5.3679376,7.3225794,10.940782,4.0779614
2044-03-29 12:00:00,3.897441,3.152574,5.667745,4.31385,8.342734,4.190816
2044-03-30 12:00:00,2.954926,2.5136201,6.493908,3.2758372,6.103924,4.668903
2044-03-31 12:00:00,3.7976909,3.7852964,6.310408,7.460208,7.0114894,4.352944
2044-04-01 12:00:00,2.9532719,2.9045208,2.9344254,4.8167605,6.49066,2.0506656
2044-04-02 12:00:00,3.0508204,2.8516428,6.025181,5.889161,6.9783783,4.458703
2044-04-03 12:00:00,2.8251474,2.8341382,4.1571813,6.0321,8.104955,3.1711152
2044-04-04 12:00:00,1.8138101,1.4292142,2.7643483,2.5232298,6.405493,1.5961038
2044-04-05 12:00:00,1.4774773,1.564647,4.146698,3.205622,5.334732,1.8066981
2044-04-06 12:00:00,2.8761208,2.7421112,6.233648,3.6284025,5.53633,2.6684442
2044-04-07 12:00:00,2.1213934,1.8172565,3.8390014,2.8474116,4.733142,1.4147712
2044-04-08 12:00:00,2.1216595,1.6651235,3.163641,3.2499678,3.3496232,1.5029582
2044-04-09 12:00:00,0.9099872,0.94235265,2.69212,2.7232063,4.36225,1.7365843
2044-04-10 12:00:00,1.6457207,1.3219244,4.416686,2.773945,4.1867948,3.2142131
2044-04-11 12:00:00,2.1436863,1.9711801,5.5980487,2.625658,3.8115034,3.4785316
2044-04-12 12:00:00,1.5826154,1.6453075,2.6280677,2.9255106,3.3765945,2.3348901
2044-04-13 12:00:00,1.3326054,1.1122614,2.4640741,2.0230737,3.5936449,1.3111742
2044-04-14 12:00:00,1.9087276,1.5323515,3.1809874,2.0045667,2.6710577,1.6378523
2044-04-15 12:00:00,1.9560848,1.7678498,3.4056199,3.119853,3.5763464,1.7662917
2044-04-16 12:00:00,1.2613674,1.1132307,3.3479028,2.2953315,2.7988136,1.6704075
2044-04-17 12:00:00,1.2343117,1.087467,3.8750765,1.445482,2.6058328,1.5111982
2044-04-18 12:00:00,0.85879487,0.9764508,3.2921226,1.7603755,3.223245,1.5162221
2044-04-19 12:00:00,1.2778835,1.2415507,2.780266,2.7537355,1.9153575,1.4480678
2044-04-20 12:00:00,2.4401267,1.8793559,3.5752404,2.824145,2.0351245,1.6496879
2044-04-21 12:00:00,2.6137452,2.1269746,3.8974602,2.9902189,2.1449938,2.0498614
2044-04-22 12:00:00,1.2647626,1.4048355,3.7574296,3.7847433,2.6825671,3.064504
2044-04-23 12:00:00,0.95127934,0.93858045,2.420997,2.9711742,3.1958714,1.5372988
2044-04-24 12:00:00,1.4392545,1.1780351,1.7993469,2.453582,2.8880837,1.2656343
2044-04-25 12:00:00,2.1201282,1.5594953,2.7793834,2.158398,2.2702734,1.6498059
2044-04-26 12:00:00,2.76523,2.2576957,4.324769,2.4598231,2.5817542,2.1856658
2044-04-27 12:00:00,2.5092587,1.9335139,3.6343691,2.2523885,3.8775363,1.94775
2044-04-28 12:00:00,1.4599416,1.2134212,3.1219788,1.8182358,3.534081,1.4846835
2044-04-29 12:00:00,1.5232296,1.352714,2.425764,1.8473687,2.5736816,1.4711109
2044-04-30 12:00:00,1.7801404,1.4538541,2.9450696,1.7830276,3.9071825,1.689651
2044-05-01 12:00:00,1.7923332,1.3368891,2.965576,1.917682,3.4659503,1.8409122
2044-05-02 12:00:00,1.6789691,1.56461,3.173903,2.5433054,3.7586656,1.7730632
2044-05-03 12:00:00,1.958227,1.9313573,3.1448383,4.339418,4.8727007,2.6655374
2044-05-04 12:00:00,2.2623863,2.0107737,3.5947535,3.9292579,4.6723914,2.292718
2044-05-05 12:00:00,3.2995622,2.9123974,4.211739,3.2135274,3.2816231,2.9742606
2044-05-06 12:00:00,1.8667583,1.5750517,2.7539914,2.986834,3.3134184,2.20668
2044-05-07 12:00:00,1.1386015,1.2690486,3.2582746,3.5039415,3.7645192,1.555477
2044-05-08 12:00:00,2.1953728,1.7220333,3.7548852,3.507535,3.287818,1.5944037
2044-05-09 12:00:00,1.8701043,1.4921465,2.7421741,1.9966108,2.6653204,1.3419404
2044-05-10 12:00:00,1.0977407,1.3539021,2.2658868,2.4767349,3.200692,1.3683466
2044-05-11 12:00:00,2.3074083,2.1457481,3.0180035,4.154582,3.045522,2.0630755
2044-05-12 12:00:00,3.5728376,2.9670262,4.3986177,4.073103,2.2218924,3.7203975
2044-05-13 12:00:00,2.541902,2.4446974,4.423247,4.436201,5.9587216,3.3376102
2044-05-14 12:00:00,2.288691,2.3896923,4.414226,5.4810476,8.59927,3.3441691
2044-05-15 12:00:00,2.064376,2.2880564,4.8725863,4.969054,6.2035837,3.8278797
2044-05-16 12:00:00,1.4908601,1.4147141,2.565761,2.666444,4.6919184,1.8120197
2044-05-17 12:00:00,2.1243343,1.5230639,1.7949067,2.0050216,4.584506,1.0245686
2044-05-18 12:00:00,1.4547096,1.2534575,2.2319283,1.8806729,2.6621966,1.3110327
2044-05-19 12:00:00,2.0103002,1.9274474,4.3470154,1.9934461,4.8064632,2.0537083
2044-05-20 12:00:00,1.4383223,1.710186,2.3456943,3.2179043,5.4994526,2.2562418
2044-05-21 12:00:00,1.241812,1.3171475,2.7850273,1.9288168,5.1347866,1.353423
2044-05-22 12:00:00,1.6137152,1.5640737,3.2509816,2.08251,3.837576,1.7604059
2044-05-23 12:00:00,1.4822288,1.3240454,3.4531956,4.71748,3.4756112,1.6251128
2044-05-24 12:00:00,1.5302765,1.463077,3.0489988,5.801051,3.4368045,1.6352743
2044-05-25 12:00:00,2.6022706,2.205314,2.6177883,5.8125453,3.3909638,1.8164324
2044-05-26 12:00:00,2.3172529,1.8560996,2.552387,5.517442,3.1265821,1.7910266
2044-05-27 12:00:00,3.294615,2.3643174,3.021527,4.3260803,2.6630495,1.7504469
2044-05-28 12:00:00,1.8901423,1.9772602,3.613768,2.8845997,2.505669,3.3124259
2044-05-29 12:00:00,2.8052588,2.0886312,4.385327,2.369678,2.34845,3.563975
2044-05-30 12:00:00,2.9040804,2.0676532,4.7337747,2.7873776,2.6128268,3.570714
2044-05-31 12:00:00,2.9887817,2.3105133,3.8717458,3.441991,2.8438113,2.8937452
2044-06-01 12:00:00,2.6957648,2.3411837,3.315609,3.504394,2.2068498,2.6839852
2044-06-02 12:00:00,2.7011218,2.1793442,3.8107305,3.475601,2.6585057,3.5577745
2044-06-03 12:00:00,2.0572023,1.9714048,3.5081217,3.4048088,5.3349733,2.882974
2044-06-04 12:00:00,1.5780143,1.426962,2.8606985,2.7491782,5.6482286,1.8896071
2044-06-05 12:00:00,3.548404,2.6788619,3.6285927,3.1578026,4.419553,2.737685
2044-06-06 12:00:00,2.5743675,1.7918264,3.321189,3.2246156,3.1639645,2.2297761
2044-06-07 12:00:00,1.8219682,1.6710535,2.0729313,2.3865147,3.0649235,1.0088801
2044-06-08 12:00:00,1.2517911,1.5633132,2.0282702,2.024877,3.1311998,1.2524587
2044-06-09 12:00:00,1.8890655,1.6341008,2.7059386,2.0221744,2.7946887,1.6485325
2044-06-10 12:00:00,2.3869298,2.0967178,2.4890425,3.6342566,2.4587193,1.728943
2044-06-11 12:00:00,1.0350188,1.3259054,1.995823,2.8511217,3.3524232,1.5758861
2044-06-12 12:00:00,2.2076943,1.7902845,2.9687538,2.552787,3.200425,1.867554
2044-06-13 12:00:00,2.7799287,2.5814223,4.0131016,2.8238301,2.7469046,2.5737884
2044-06-14 12:00:00,2.0022426,2.0134673,3.5208073,3.3515413,3.168288,2.17107
2044-06-15 12:00:00,1.1236045,1.3615456,3.832619,2.6487617,3.5030231,1.8988338
2044-06-16 12:00:00,2.1214652,1.5929769,3.2353265,4.3161144,3.8663533,2.0756612
2044-06-17 12:00:00,1.8552839,1.6289878,3.0390015,5.78857,3.2701244,2.069475
2044-06-18 12:00:00,2.8540757,2.2451494,2.4415014,5.3472223,2.5076191,2.1280234
2044-06-19 12:00:00,2.336522,1.997953,2.784461,4.493879,3.0480094,1.7896824
2044-06-20 12:00:00,1.2049963,1.27506,2.2038643,2.780418,2.8732936,1.2194972
2044-06-21 12:00:00,1.515219,1.4555382,1.9902041,2.4517457,2.9237442,1.338898
2044-06-22 12:00:00,2.2972143,1.5732487,2.2861533,2.6027694,3.179732,1.3940365
2044-06-23 12:00:00,1.9428424,1.2502409,2.0343502,2.7010586,3.478314,1.9823623
2044-06-24 12:00:00,2.0166993,1.4180713,2.8571205,2.9994538,4.0076776,2.11697
2044-06-25 12:00:00,1.9994161,1.4757607,3.674797,3.3534486,3.8126063,2.2363582
2044-06-26 12:00:00,1.4007137,1.2946572,4.098011,3.3166175,4.0399384,2.5561743
2044-06-27 12:00:00,1.7328134,1.5406723,3.6925776,3.1335182,3.0986645,2.5951881
2044-06-28 12:00:00,3.0553586,2.4028966,3.5134087,4.4616427,2.7660637,2.1244447
2044-06-29 12:00:00,3.693162,3.1751776,4.4446945,3.4942288,3.3858879,2.3357716
2044-06-30 12:00:00,3.1846657,2.775633,3.303039,3.2978437,3.3336465,2.1620352
2044-07-01 12:00:00,1.71625,1.7547493,3.2281623,3.1096869,2.9639685,1.9843272
2044-07-02 12:00:00,2.6207829,2.3354914,3.9945705,2.9273899,2.7806058,2.6133542
2044-07-03 12:00:00,3.1857686,2.6108384,3.6797009,5.070023,3.7746942,2.977001
2044-07-04 12:00:00,2.0551972,1.6531276,2.3623292,2.6834242,4.5448174,2.1410632
2044-07-05 12:00:00,0.85967886,1.1164678,1.7265868,1.9702587,2.3162265,1.3386352
2044-07-06 12:00:00,2.0546443,1.7772081,4.0593724,2.4596748,2.753403,1.9902681
2044-07-07 12:00:00,2.8825536,2.969141,4.0165234,4.747216,3.044572,3.5503466
2044-07-08 12:00:00,3.1374397,2.548771,4.454023,3.376053,4.053368,3.319486
2044-07-09 12:00:00,3.1243052,2.718519,3.1657465,3.6781688,3.4372993,3.1172464
2044-07-10 12:00:00,1.6250869,1.4033738,2.68137,2.9033473,4.138894,1.5876398
2044-07-11 12:00:00,1.117923,1.2775365,1.9345324,2.4208288,3.4216223,1.4393082
2044-07-12 12:00:00,1.6047821,1.3564585,2.709279,2.7563095,3.6671536,1.5972376
2044-07-13 12:00:00,3.1671085,2.9219697,4.642581,4.3788114,3.21661,3.755881
2044-07-14 12:00:00,1.8816116,1.9717486,3.458609,3.2131667,3.1232,3.2858572
2044-07-15 12:00:00,1.178636,1.242896,2.0366087,2.3769782,2.3627813,1.8303555
2044-07-16 12:00:00,1.2985034,1.2426188,2.608483,2.6401496,2.2312353,1.5692654
2044-07-17 12:00:00,1.5524454,1.4466188,3.0244653,2.0684264,2.299225,1.7682108
2044-07-18 12:00:00,1.1342114,1.1348615,3.2037847,2.3023643,1.8228518,1.8939692
2044-07-19 12:00:00,1.0763265,1.0922166,2.03564,2.1224134,2.2942545,1.548667
2044-07-20 12:00:00,2.2820811,2.0029385,2.1354659,2.4290879,2.9637365,1.7702658
2044-07-21 12:00:00,1.679565,1.4321157,1.6867836,4.094003,4.0024753,1.2164303
2044-07-22 12:00:00,1.3783038,1.2235901,1.6197397,4.279093,2.9381585,1.2626739
2044-07-23 12:00:00,1.4269739,1.157002,1.6114036,2.7932444,3.1263494,1.4278781
2044-07-24 12:00:00,2.131888,1.4788244,1.8650892,3.0221748,3.6253474,1.4134922
2044-07-25 12:00:00,2.1581721,1.3905889,2.3152313,1.9590293,3.904632,1.12613
2044-07-26 12:00:00,2.1240723,1.8110312,3.0402246,2.5939946,2.657643,2.3912208
2044-07-27 12:00:00,3.5603726,2.9026816,4.4769516,3.0676446,2.151475,3.3243842
2044-07-28 12:00:00,3.6438534,2.8112628,4.395769,3.550626,4.0535116,3.7002897
2044-07-29 12:00:00,3.537661,2.63406,4.6122594,2.9721377,3.5520036,3.4625735
2044-07-30 12:00:00,2.7722728,2.1726317,3.6735733,4.5575213,3.1940715,2.7229455
2044-07-31 12:00:00,2.296099,1.6768568,2.3740063,2.9844904,2.4799335,2.0233703
2044-08-01 12:00:00,2.1603541,1.6916751,2.5107908,2.5845704,1.8313397,1.7113038
2044-08-02 12:00:00,2.5771012,2.0917332,3.4313676,2.5578923,1.725773,2.2032077
2044-08-03 12:00:00,2.922225,2.5676203,3.9026244,3.059334,2.7636814,2.7718222
2044-08-04 12:00:00,3.8469045,3.1522093,5.40764,3.5570025,4.5457187,3.559833
2044-08-05 12:00:00,3.6843216,2.9122224,4.386034,5.011495,4.7628603,2.442961
2044-08-06 12:00:00,2.2134206,1.9750642,3.996888,3.1042771,2.840252,2.0635986
2044-08-07 12:00:00,2.722375,2.1406884,2.7650228,4.371126,3.254384,1.8402911
2044-08-08 12:00:00,1.9287205,1.7658343,2.8331454,2.8731995,3.411518,1.510182
2044-08-09 12:00:00,2.2057152,2.1093907,4.446185,3.7776935,3.4538376,2.5524855
2044-08-10 12:00:00,1.1954988,1.3340399,2.1658635,2.7489228,5.8412714,1.6672101
2044-08-11 12:00:00,3.60569,3.143912,4.1948967,3.401775,3.4887285,2.5308988
2044-08-12 12:00:00,3.652569,2.9087048,5.1567836,4.2556334,4.0979314,2.48849
2044-08-13 12:00:00,3.1383457,2.6652603,3.7278423,3.5299494,3.2996943,2.5684767
2044-08-14 12:00:00,1.1907673,1.2163098,2.7155714,2.5359356,2.6227243,2.039659
2044-08-15 12:00:00,1.2176692,1.5842451,2.6728888,2.4121895,3.734627,1.5925727
2044-08-16 12:00:00,1.3654085,1.4316412,3.5449233,4.3843307,3.7098382,2.0121768
2044-08-17 12:00:00,2.5263405,2.1778858,3.3728862,5.520107,5.0699162,2.39812
2044-08-18 12:00:00,2.3351145,1.8047394,3.2826662,3.857716,3.5903141,2.3858953
2044-08-19 12:00:00,2.9443698,2.3581483,3.8676682,2.6850507,2.891733,1.602696
2044-08-20 12:00:00,0.9805637,1.2439768,2.8651774,2.9083035,2.797178,1.2715478
2044-08-21 12:00:00,1.6659601,1.5193995,3.1019237,3.978058,3.327816,2.469981
2044-08-22 12:00:00,1.5465982,1.5979809,2.3657665,5.5342507,4.0691495,2.1926947
2044-08-23 12:00:00,1.141503,1.3594663,2.4212549,4.6412063,3.7953265,1.4945723
2044-08-24 12:00:00,1.3170469,1.1706402,2.0941582,3.875416,5.3106256,1.6033347
2044-08-25 12:00:00,1.7054774,1.2670616,1.7590643,3.7845917,6.826043,1.2040918
2044-08-26 12:00:00,1.7755508,1.8819636,2.645655,1.8531418,5.8966026,1.5199814
2044-08-27 12:00:00,2.3654184,2.211779,3.5312173,2.4086976,3.0637765,2.484338
2044-08-28 12:00:00,3.5692706,3.011285,6.608306,3.9631448,4.1879063,4.289489
2044-08-29 12:00:00,2.8115654,2.7721965,3.8019764,6.218749,6.005466,2.8117502
2044-08-30 12:00:00,2.6151834,2.846267,3.2767448,7.241649,4.916288,2.4604607
2044-08-31 12:00:00,3.010713,3.1751533,3.0769315,5.377755,4.8777013,2.1585639
2044-09-01 12:00:00,1.4424107,1.4698237,2.9796102,2.3579736,2.932563,1.3607064
2044-09-02 12:00:00,1.757144,1.9333684,4.583389,3.423211,3.2643964,3.4395568
2044-09-03 12:00:00,2.583859,2.4678762,3.1785948,4.430309,5.2818356,3.3184211
2044-09-04 12:00:00,2.9759016,2.432634,3.7110202,4.956365,6.191557,2.812007
2044-09-05 12:00:00,2.2757807,2.284803,3.3915675,5.9205585,6.3120813,2.8771906
2044-09-06 12:00:00,1.568408,1.7218038,2.5456316,3.5224197,5.305141,1.7582546
2044-09-07 12:00:00,1.1119936,1.0937655,1.9267138,1.7303684,4.692059,1.0940715
2044-09-08 12:00:00,1.1837434,1.0107641,2.700483,1.9361862,3.0219445,1.7472323
2044-09-09 12:00:00,0.69018126,0.8018864,2.6673265,2.0392225,3.0908623,1.7971983
2044-09-10 12:00:00,1.078165,1.0388082,1.955907,2.3982306,3.00671,1.4967297
2044-09-11 12:00:00,0.93813497,1.042784,1.8927531,1.9475268,2.3041027,1.2317511
2044-09-12 12:00:00,1.4274027,1.1220237,3.027207,1.8685395,3.6179125,1.3849577
2044-09-13 12:00:00,1.1791162,1.0879517,2.2645822,1.5431461,3.6840167,1.3809721
2044-09-14 12:00:00,0.8927029,0.938346,1.8899915,1.311495,3.9633245,1.2144282
2044-09-15 12:00:00,1.1651318,1.0626556,1.8488777,3.325358,4.545209,1.5594109
2044-09-16 12:00:00,1.3639275,1.5417819,2.0071895,4.550469,4.229321,1.6307011
2044-09-17 12:00:00,1.1130749,1.1223232,2.2516282,2.1281934,3.0352776,1.8650727
2044-09-18 12:00:00,1.4719111,1.3968836,2.68219,3.1912134,3.5687165,1.8887242
2044-09-19 12:00:00,1.3333073,1.3689505,1.9593995,2.967297,4.8360934,1.3047063
2044-09-20 12:00:00,1.6543536,1.3265382,2.343074,4.813882,5.775141,2.4831433
2044-09-21 12:00:00,1.433585,1.5393845,2.876912,3.950791,4.038525,2.776707
2044-09-22 12:00:00,1.4023803,1.5618955,2.862112,4.2942777,4.0180726,2.4653845
2044-09-23 12:00:00,2.042557,1.953725,3.5124564,5.724057,4.661869,1.843093
2044-09-24 12:00:00,1.9511831,2.2209334,3.1198432,4.1715455,4.33548,2.1503596
2044-09-25 12:00:00,2.0072792,1.8447115,2.0748992,2.139032,2.193226,1.5469317
2044-09-26 12:00:00,2.0233853,1.5136319,3.1345701,2.6279528,4.7163453,1.5154597
2044-09-27 12:00:00,1.6362422,1.2610302,3.143122,1.8675355,4.494749,1.4635998
2044-09-28 12:00:00,2.0356092,1.5639445,3.0357707,1.8715122,4.3560987,1.6507274
2044-09-29 12:00:00,1.4765029,1.2459067,3.3203876,2.175111,4.9712677,1.631607
2044-09-30 12:00:00,1.0284986,1.2928987,3.7165475,3.009406,5.987447,3.0461473
2044-10-01 12:00:00,1.2133077,1.461294,4.1125903,4.7336016,5.0230827,4.2049413
2044-10-02 12:00:00,2.5712993,2.2147095,4.033916,3.545582,3.173593,2.561063
2044-10-03 12:00:00,1.1129194,1.0201787,1.5751609,4.064783,3.7837327,1.4939237
2044-10-04 12:00:00,0.7321003,0.8004853,1.4721673,2.7247365,4.7788997,1.2193974
2044-10-05 12:00:00,0.82802796,0.829222,1.9346497,3.268472,4.4277883,1.5836989
2044-10-06 12:00:00,1.4966047,1.1433306,2.4112859,3.9054663,4.582351,2.3312788
2044-10-07 12:00:00,0.9754234,1.1339427,2.4463494,5.502189,4.6296453,1.4619665
2044-10-08 12:00:00,3.4130836,2.8062265,5.804194,3.835472,4.5799913,2.7404113
2044-10-09 12:00:00,3.413651,3.1168377,4.724178,6.44631,6.6567264,4.0618157
2044-10-10 12:00:00,2.1788578,2.08968,4.480365,4.467286,4.195585,3.8014479
2044-10-11 12:00:00,2.7853613,2.6797755,4.447453,4.5047345,5.4768176,3.296189
2044-10-12 12:00:00,2.4580894,2.2988644,3.6143312,4.0407014,4.323235,2.9921968
2044-10-13 12:00:00,2.7450495,2.406898,3.5215292,3.4327257,4.1415052,2.364053
2044-10-14 12:00:00,2.9935977,2.2777028,3.0517168,4.116326,3.582784,2.6903687
2044-10-15 12:00:00,2.0171323,1.7866712,3.1111538,5.0123653,6.1196074,3.2224889
2044-10-16 12:00:00,2.518637,2.4702876,5.4157906,5.1446466,5.8985515,3.7606144
2044-10-17 12:00:00,2.6681623,2.762265,5.565139,4.3199935,6.2446833,3.5437617
2044-10-18 12:00:00,2.2469995,2.637816,6.9166775,5.759902,5.9619493,4.533687
2044-10-19 12:00:00,2.1163325,2.2762787,6.2843657,3.7073627,6.3525105,3.563685
2044-10-20 12:00:00,2.3201654,2.1168942,5.437989,3.1916766,5.8794117,2.5337312
2044-10-21 12:00:00,3.139958,2.8352973,6.188459,4.684925,5.2441597,3.14335
2044-10-22 12:00:00,2.5924804,2.5550973,6.042065,4.773527,5.5712276,3.1474676
2044-10-23 12:00:00,1.3785481,1.4093562,3.6779568,4.6216536,4.280235,1.4881059
2044-10-24 12:00:00,0.8257668,0.856812,4.0181265,3.5197039,3.7813008,1.4108157
2044-10-25 12:00:00,2.556581,2.4200196,5.115376,4.9264026,6.484981,4.502973
2044-10-26 12:00:00,4.788164,3.663112,6.818338,4.2602,4.981862,4.3667965
2044-10-27 12:00:00,4.387808,3.8645027,4.792435,4.8134265,3.9660697,3.3869138
2044-10-28 12:00:00,3.9086382,3.0394554,4.011087,4.324884,4.5047984,2.6166196
2044-10-29 12:00:00,1.6436157,1.2725538,2.4014297,2.3592527,3.8244321,1.3359592
2044-10-30 12:00:00,1.0887792,1.4272527,2.132329,2.8841126,4.1810474,1.8372449
2044-10-31 12:00:00,1.157239,1.311233,2.4923522,2.9962225,3.5713675,2.2242453
2044-11-01 12:00:00,3.6759667,3.007986,6.4764123,5.713981,3.5583642,3.8716993
2044-11-02 12:00:00,3.1068172,2.5264723,3.9348967,2.688024,2.786478,2.5767527
2044-11-03 12:00:00,1.2118582,1.3288666,1.7044389,2.6545904,2.9565706,1.3841434
2044-11-04 12:00:00,1.0618966,1.2866411,2.6007018,2.9239447,3.9763484,1.6224827
2044-11-05 12:00:00,1.2565827,1.3593005,2.5146983,4.8427367,3.8609695,2.4607906
2044-11-06 12:00:00,0.85803723,1.170753,3.9746094,4.9732113,4.699485,2.955791
2044-11-07 12:00:00,1.8183935,1.6572577,4.040228,4.152878,6.0119224,2.9191222
2044-11-08 12:00:00,2.025833,2.4166324,5.34678,6.6006413,5.7783995,3.8640075
2044-11-09 12:00:00,1.984853,2.1023936,2.9851847,4.2359424,5.4309707,2.7002978
2044-11-10 12:00:00,1.4364364,1.6530324,4.487918,5.114331,4.4139967,3.412426
2044-11-11 12:00:00,0.97074205,1.108288,3.2540894,2.7835226,4.854651,2.3571136
2044-11-12 12:00:00,0.748795,0.98424923,2.218161,3.2360442,4.5444093,1.7256837
2044-11-13 12:00:00,1.298589,1.2114421,1.9207754,2.284296,4.489328,1.9165295
2044-11-14 12:00:00,1.7488368,1.6729245,3.0207257,3.822902,3.6174607,2.9166412
2044-11-15 12:00:00,1.4699994,1.3326544,3.6815977,3.2628777,4.71282,2.0874033
2044-11-16 12:00:00,1.4236209,1.2831289,4.636209,5.0369253,5.3984942,2.7899752
2044-11-17 12:00:00,1.5828646,1.3752875,4.3850594,6.4959,7.827193,4.1986375
2044-11-18 12:00:00,1.9078912,1.7651916,5.0967917,6.031072,7.438582,4.056271
2044-11-19 12:00:00,1.3121915,1.1132348,3.6281848,3.046666,6.091604,2.0711336
2044-11-20 12:00:00,2.0453131,1.7502475,4.686908,4.1136355,4.150867,2.4830136
2044-11-21 12:00:00,3.279742,2.6299694,5.720082,4.7293043,3.931894,3.792627
2044-11-22 12:00:00,3.8032894,2.6693225,6.526942,3.1270614,4.7657294,3.7615736
2044-11-23 12:00:00,1.4326141,1.4984087,4.2443414,3.128442,5.5294847,2.6359522
2044-11-24 12:00:00,1.3383892,1.203189,2.7839246,2.3416343,6.082486,1.8719553
2044-11-25 12:00:00,3.6610122,2.4429204,5.6968775,2.6796844,4.1339316,2.692173
2044-11-26 12:00:00,3.339428,2.5586617,3.960174,2.6664107,4.52078,1.9245938
2044-11-27 12:00:00,2.4027162,2.3764987,3.4243267,4.459047,5.8833365,2.6642148
2044-11-28 12:00:00,2.903118,2.5535707,3.9750302,3.0728087,5.523035,2.8252559
2044-11-29 12:00:00,1.6643347,1.6541868,2.455811,3.2464254,4.3346987,1.9713148
2044-11-30 12:00:00,1.3414574,1.5671577,2.7325563,5.4816766,4.266646,2.1693306
2044-12-01 12:00:00,2.365614,2.1616187,5.40071,7.948558,6.079721,4.678288
2044-12-02 12:00:00,3.720346,2.8099675,7.498153,7.499176,5.5314627,5.5250545
2044-12-03 12:00:00,2.9078226,2.834619,7.5221114,6.8081074,4.1582212,5.3584394
2044-12-04 12:00:00,1.6358411,1.9516083,3.337475,3.2133734,5.5320764,2.3019753
2044-12-05 12:00:00,1.6442729,1.3040597,3.6462426,3.9703138,5.8351264,2.4010923
2044-12-06 12:00:00,0.7971143,0.97765756,3.3849366,4.119312,5.3246555,2.568515
2044-12-07 12:00:00,0.9663574,1.3207077,3.3259625,5.0443897,4.57786,2.3136394
2044-12-08 12:00:00,1.3274257,1.4799672,3.3601513,6.7373247,4.07537,2.7109244
2044-12-09 12:00:00,2.0422666,2.374846,4.9742994,4.747075,3.865982,4.3560853
2044-12-10 12:00:00,1.9958334,1.7619371,2.9831743,2.6827114,3.558192,2.1627815
2044-12-11 12:00:00,1.2641083,1.1748095,5.34662,4.504112,5.143248,4.0507193
2044-12-12 12:00:00,2.5523658,2.3715749,5.5846286,6.7023344,6.4040623,4.087415
2044-12-13 12:00:00,2.729404,2.3750005,4.3610444,6.056276,6.7656703,2.6399374
2044-12-14 12:00:00,2.733942,2.105651,4.88035,4.7909575,7.665753,2.99088
2044-12-15 12:00:00,1.7836308,1.7712069,5.4229565,5.0913935,6.5179024,4.384453
2044-12-16 12:00:00,1.8419307,1.8733232,4.52565,5.0709367,4.7684064,3.8470278
2044-12-17 12:00:00,3.2050323,2.7201884,6.722042,6.800542,4.813797,4.8805604
2044-12-18 12:00:00,1.9211397,1.6711175,3.879114,6.303035,5.3775167,3.228197
2044-12-19 12:00:00,1.1752281,1.2023458,5.058898,3.3464794,3.8584418,2.6993115
2044-12-20 12:00:00,1.0285456,1.1790168,3.8042848,3.4883957,2.6452203,2.1684275
2044-12-21 12:00:00,0.8721152,1.2627386,2.678487,3.1161635,3.0188015,1.8307027
2044-12-22 12:00:00,1.3429768,1.5170617,3.5537386,3.5424156,3.2232723,3.0100207
2044-12-23 12:00:00,1.081348,1.3572373,3.3642244,3.1444979,4.091775,2.1168222
2044-12-24 12:00:00,1.763415,1.4190482,5.3128743,3.5464005,3.746155,3.102356
2044-12-25 12:00:00,1.5880182,1.2001331,3.4052248,3.07849,2.9942415,2.180959
2044-12-26 12:00:00,1.417008,1.7720137,3.0118172,2.613356,3.0200543,2.0760367
2044-12-27 12:00:00,2.7598398,3.18662,3.9687486,4.2416286,3.5234656,2.8785057
2044-12-28 12:00:00,4.3105383,3.833698,5.29899,3.697305,3.8883924,3.2012975
2044-12-29 12:00:00,3.0521934,2.495754,3.7550569,3.5075774,4.4773445,2.2955577
2044-12-30 12:00:00,1.5135655,1.7429242,3.0776403,5.463631,3.6133254,2.4641314
2044-12-31 12:00:00,1.0566878,1.3440468,2.9266992,3.9910488,4.051245,2.035771
2045-01-01 12:00:00,2.187664,1.6890028,5.8916965,3.4817426,5.961352,2.6799395
2045-01-02 12:00:00,3.339499,2.3723137,5.226054,3.142952,4.69639,2.604333
2045-01-03 12:00:00,3.3708124,2.34326,5.743645,3.1601098,4.391651,2.8704886
2045-01-04 12:00:00,2.4807446,2.0186932,4.879277,4.309303,5.56076,2.7772
2045-01-05 12:00:00,1.6208335,1.3074418,4.3471885,3.4712474,3.6056733,3.0133088
2045-01-06 12:00:00,2.2997353,1.6592611,3.7655137,2.8112702,4.1550245,2.2029977
2045-01-07 12:00:00,1.6189618,1.4704987,2.616744,2.747552,4.899652,1.9954633
2045-01-08 12:00:00,1.4499731,1.4917136,2.6677752,2.2491736,5.2416825,1.8001249
2045-01-09 12:00:00,1.2516814,1.1503162,2.5863755,3.8331933,6.790561,2.0285702
2045-01-10 12:00:00,0.99117905,1.3122853,3.7095265,6.1118464,7.692369,3.8157709
2045-01-11 12:00:00,2.867985,2.8766062,7.4032445,7.692894,6.070196,5.9096174
2045-01-12 12:00:00,3.9176948,3.380364,6.6151175,5.795747,5.155812,3.9409227
2045-01-13 12:00:00,3.2323494,2.400969,3.140679,4.8289742,4.817138,2.4639454
2045-01-14 12:00:00,1.7889137,1.6075221,5.754207,5.136776,4.8606954,4.1080174
2045-01-15 12:00:00,2.3866296,2.248079,3.8151674,5.7129908,5.5500216,2.2098737
2045-01-16 12:00:00,2.0898747,1.999861,5.2148466,4.915085,6.4811716,3.2612033
2045-01-17 12:00:00,3.1275775,2.8891172,4.668076,8.125353,6.7154164,4.412463
2045-01-18 12:00:00,2.2117128,1.9552346,5.3157263,5.078697,6.9166374,3.6948442
2045-01-19 12:00:00,2.0257936,1.8517916,5.6211796,5.1505957,5.7139864,3.8102055
2045-01-20 12:00:00,2.563869,2.2653048,7.5377355,5.7823377,6.61309,5.175871
2045-01-21 12:00:00,3.1116638,2.7496717,6.1202264,5.560357,6.986434,4.694875
2045-01-22 12:00:00,1.8911195,1.6016741,5.099904,4.520273,5.095463,4.0570393
2045-01-23 12:00:00,2.925647,2.1462765,3.916906,2.88799,4.5383425,2.3686657
2045-01-24 12:00:00,2.6695695,1.8806081,3.1180818,2.4347978,3.6080236,1.6643933
2045-01-25 12:00:00,1.6438003,1.559709,3.9694552,4.472084,3.9280295,2.6010535
2045-01-26 12:00:00,2.0104995,1.5043399,6.0430512,4.1223235,6.200327,2.8558366
2045-01-27 12:00:00,2.9488068,2.1838489,5.4337792,3.6237755,5.0099425,2.7256205
2045-01-28 12:00:00,2.6653087,2.0141654,3.1211262,3.3859096,4.359844,2.0418036
2045-01-29 12:00:00,1.9947598,1.6092883,3.3650103,2.9938865,4.3214836,2.556646
2045-01-30 12:00:00,2.8691027,2.3419735,4.8357887,3.6197536,4.4630976,3.1152198
2045-01-31 12:00:00,2.0225372,1.5536466,3.7525256,2.9274688,4.389367,1.7411181
2045-02-01 12:00:00,1.6234518,1.200828,3.5756664,2.278515,3.6855743,2.4184012
2045-02-02 12:00:00,1.7725242,1.526046,3.4829865,2.326286,3.3217933,2.3984141
2045-02-03 12:00:00,1.3787222,1.3594817,6.875684,4.9074197,4.753346,4.206917
2045-02-04 12:00:00,1.6587965,1.8023692,4.8648744,4.7794776,4.552514,3.3998413
2045-02-05 12:00:00,1.58128,1.4749699,4.943896,4.994722,3.8781955,4.055301
2045-02-06 12:00:00,1.9673526,1.6690418,4.772868,5.1298585,4.1840277,4.2886276
2045-02-07 12:00:00,3.1064825,2.7579722,5.455732,5.3243976,5.0527244,4.175391
2045-02-08 12:00:00,2.1625175,2.0783677,5.882634,5.325777,6.5757117,4.6686344
2045-02-09 12:00:00,2.4831703,2.3715122,5.581734,5.1987114,6.3946276,4.208666
2045-02-10 12:00:00,2.010116,2.0551538,3.2963192,3.7918735,6.598223,2.6083684
2045-02-11 12:00:00,1.9243331,2.117985,3.8631542,3.781769,5.1693316,2.3659246
2045-02-12 12:00:00,2.1358209,1.9113423,3.3173256,5.9847283,6.410778,2.7975276
2045-02-13 12:00:00,1.3889928,1.2260284,3.490392,3.668914,4.455854,1.8443302
2045-02-14 12:00:00,1.9653221,1.3479662,3.5308254,2.0635996,4.2816815,1.6162752
2045-02-15 12:00:00,2.0540812,1.3874564,3.1946847,2.526496,3.7996678,1.4403746
2045-02-16 12:00:00,1.2847025,1.0326825,3.3063688,2.429165,4.151224,1.3875746
2045-02-17 12:00:00,1.110282,1.0249807,1.9178634,1.885635,3.7014818,1.3409988
2045-02-18 12:00:00,1.2267007,1.4169897,2.1364982,4.3607783,9.220741,2.0541089
2045-02-19 12:00:00,2.445413,2.405163,3.627609,5.9276958,9.135588,3.2513654
2045-02-20 12:00:00,2.2918484,2.1063364,3.1618183,3.1851547,5.6344,2.398959
2045-02-21 12:00:00,1.3265641,1.3480498,2.585483,3.2956645,4.426612,2.025693
2045-02-22 12:00:00,0.81859636,1.0680455,2.6495254,2.2774017,3.9617226,2.8422706
2045-02-23 12:00:00,1.7388272,1.4782094,3.1993544,2.674877,4.55178,1.4713466
2045-02-24 12:00:00,4.576052,3.493844,4.8050485,1.9211237,3.679846,2.69648
2045-02-25 12:00:00,3.887199,2.5827367,4.403187,3.9303384,4.0151443,2.3075457
2045-02-26 12:00:00,1.2671125,1.3962997,4.0864563,6.5641036,8.2017565,4.232594
2045-02-27 12:00:00,2.2073438,1.4797384,2.74879,2.8899486,7.302052,1.3253481
2045-02-28 12:00:00,2.0915508,1.8248048,4.463117,3.4418266,4.5288196,3.221627
2045-03-01 12:00:00,3.0890336,2.8157158,4.560556,5.6820297,4.6518354,4.0655766
2045-03-02 12:00:00,1.882587,1.9638717,4.1477885,6.040773,6.162156,4.0999513
2045-03-03 12:00:00,3.5514188,3.3971007,7.7263927,6.23011,5.9547625,5.122302
2045-03-04 12:00:00,3.617251,3.5665548,6.355642,7.170242,8.317635,4.8913684
2045-03-05 12:00:00,2.7881665,2.8044703,5.1923013,6.577827,9.126884,4.101362
2045-03-06 12:00:00,4.4373927,4.0650034,3.1440985,6.69929,9.615601,2.210114
2045-03-07 12:00:00,1.1928821,1.3283228,2.9659579,5.130012,9.836538,2.3076203
2045-03-08 12:00:00,1.6185222,1.8931677,3.921771,6.7658496,9.660591,3.661952
2045-03-09 12:00:00,3.0775666,3.0865273,5.1125975,7.420148,9.213268,4.6336102
2045-03-10 12:00:00,1.5230528,1.5656185,2.029574,6.44202,9.023106,2.8923101
2045-03-11 12:00:00,1.9420264,1.728001,4.691855,5.8398438,7.8136644,4.045423
2045-03-12 12:00:00,4.2725363,3.9448671,5.360812,6.2807097,7.114405,3.729762
2045-03-13 12:00:00,4.217594,3.6038857,5.4411464,5.65807,8.344672,3.9275556
2045-03-14 12:00:00,3.668669,3.347216,4.602853,5.8666425,7.458568,3.2219977
2045-03-15 12:00:00,3.566556,3.278173,4.4795156,6.567776,7.2210026,3.808251
2045-03-16 12:00:00,2.3347068,2.3337736,3.5097835,5.833519,6.590033,3.105345
2045-03-17 12:00:00,3.0303109,2.595472,2.8461144,5.2156916,7.3754106,2.3393075
2045-03-18 12:00:00,3.9029398,3.6649795,3.8149946,5.5086856,7.951787,2.2089329
2045-03-19 12:00:00,2.5614228,2.548828,3.6998405,5.56242,7.513252,2.9604695
2045-03-20 12:00:00,2.5154095,2.39307,3.5107498,4.8714533,6.401886,3.281966
2045-03-21 12:00:00,3.0849657,2.659622,4.48636,3.5167983,5.9355264,2.6998909
2045-03-22 12:00:00,4.2793264,3.6600893,6.539317,4.435392,5.366637,4.2036715
2045-03-23 12:00:00,4.399445,3.564494,5.9682164,5.9585032,4.1027393,4.0061955
2045-03-24 12:00:00,2.2493298,1.9989429,3.9001875,4.6363516,4.186276,2.3144598
2045-03-25 12:00:00,1.6910144,1.6788378,3.9526176,5.431171,3.5395935,3.2964876
2045-03-26 12:00:00,2.335215,2.2501888,3.1176605,5.146984,3.4317567,2.4012816
2045-03-27 12:00:00,1.1590999,1.2264738,1.8561636,6.721317,7.7415147,1.8749516
2045-03-28 12:00:00,2.637414,2.5762281,3.5681357,7.535463,8.086457,4.192285
2045-03-29 12:00:00,3.0067677,2.8017075,5.2877297,5.331081,5.785414,3.6290169
2045-03-30 12:00:00,2.8564243,2.4804845,5.364026,5.628485,3.6589592,3.4304163
2045-03-31 12:00:00,3.647716,3.3083124,5.253409,6.388665,4.7345777,4.2675343
2045-04-01 12:00:00,2.2885075,2.487879,2.3094559,5.081633,5.638316,1.7839532
2045-04-02 12:00:00,1.1026368,1.238785,5.546402,3.438732,3.8084817,2.4773524
2045-04-03 12:00:00,2.6510549,2.2891457,5.3775315,3.6220143,2.6069224,3.1014373
2045-04-04 12:00:00,2.1753626,2.091879,4.0764575,2.7781374,2.7900746,2.0749998
2045-04-05 12:00:00,2.6848917,1.9608561,4.182886,2.4847262,2.3712819,1.9011217
2045-04-06 12:00:00,1.7958503,1.3152089,2.9177516,3.3181252,3.0721338,1.9128878
2045-04-07 12:00:00,1.4095763,1.376761,3.214768,2.9153402,2.8586004,2.6453617
2045-04-08 12:00:00,0.9913768,1.3168241,3.1574259,2.6203864,2.32912,2.487426
2045-04-09 12:00:00,3.1766543,2.8797486,3.941196,3.8038533,3.972668,2.653646
2045-04-10 12:00:00,1.3338153,1.567025,2.6513987,3.0088727,5.0336204,1.1553137
2045-04-11 12:00:00,1.2838492,1.5139548,2.9106753,2.4621587,5.655403,1.4256278
2045-04-12 12:00:00,1.1290507,1.2936742,3.2508264,4.814396,5.2566333,1.3537278
2045-04-13 12:00:00,1.9034683,1.6119405,3.3457737,4.794672,4.219758,2.79245
2045-04-14 12:00:00,2.67801,2.1332374,3.85176,4.25732,3.6854746,3.147403
2045-04-15 12:00:00,3.4858835,3.1882765,5.042274,8.067349,5.824404,4.6299157
2045-04-16 12:00:00,3.0369616,2.3599272,4.6684556,4.153068,5.6681547,3.4185033
2045-04-17 12:00:00,3.2481852,2.8190892,3.9573164,3.9403017,2.8089585,3.3597956
2045-04-18 12:00:00,2.7773294,2.57395,3.610198,5.8312883,3.9833584,3.3937948
2045-04-19 12:00:00,1.0006266,1.1093103,2.6172872,2.9148953,3.2085264,2.1485498
2045-04-20 12:00:00,2.1830196,1.9503225,3.2560096,3.6367564,3.1648674,1.980197
2045-04-21 12:00:00,1.5209947,1.2655181,2.8517232,3.3756576,4.051638,1.2610065
2045-04-22 12:00:00,4.2644496,3.7823968,5.69421,5.4105425,3.9505203,3.3365505
2045-04-23 12:00:00,5.0036316,4.4188194,6.292452,6.141519,5.512475,3.144215
2045-04-24 12:00:00,2.656725,2.5350842,3.098773,5.7441545,6.556462,2.2945454
2045-04-25 12:00:00,1.330471,1.3242525,2.6070678,2.930426,5.245196,1.5911901
2045-04-26 12:00:00,2.338059,1.7788719,4.4326453,2.897984,5.4812117,2.4085114
2045-04-27 12:00:00,3.628231,3.218307,5.568891,4.362868,5.898089,2.8487682
2045-04-28 12:00:00,2.5060754,1.7258677,3.6746454,2.658716,3.555903,2.093587
2045-04-29 12:00:00,2.9990664,2.285521,3.8238802,3.3785157,3.873512,2.1777427
2045-04-30 12:00:00,1.6943187,1.5864947,4.8017178,3.0081346,3.1433425,2.0279484
2045-05-01 12:00:00,1.067463,1.1152741,3.0987267,1.8863747,3.0017204,1.3963279
2045-05-02 12:00:00,1.3079374,1.1725156,2.2226512,1.5887542,3.535716,1.3699427
2045-05-03 12:00:00,1.5868531,1.41835,1.9790254,1.6776322,3.1706562,1.2255813
2045-05-04 12:00:00,1.3068064,1.1351023,1.9788026,1.5106822,3.4579132,1.2644808
2045-05-05 12:00:00,1.2332636,1.1631339,2.1835682,1.5810773,3.205438,1.3717507
2045-05-06 12:00:00,1.2103599,1.2295651,2.0498948,1.96265,3.5852947,1.570845
2045-05-07 12:00:00,2.775145,2.369682,1.9702585,4.043152,5.08156,1.887926
2045-05-08 12:00:00,1.6720433,1.3064481,2.752125,2.5573452,2.6287024,1.98438
2045-05-09 12:00:00,2.1365917,1.9414864,3.8084915,4.40738,2.9600792,3.0149035
2045-05-10 12:00:00,4.088253,3.4661834,4.9457,5.15478,2.426864,3.8551326
2045-05-11 12:00:00,2.0504756,1.7040292,4.06091,3.0401537,4.1857457,2.3490405
2045-05-12 12:00:00,1.2494037,1.2928996,3.4789712,2.424379,3.5352998,3.376407
2045-05-13 12:00:00,3.1623774,2.6806052,3.208464,3.282608,2.9376822,2.6137547
2045-05-14 12:00:00,3.625704,3.1141083,4.497082,3.3360286,3.8038483,2.781786
2045-05-15 12:00:00,2.9546013,2.6501596,3.758709,3.4645112,3.0594122,2.6013756
2045-05-16 12:00:00,3.671792,3.0670447,3.6497567,4.7502794,3.8897932,2.4784846
2045-05-17 12:00:00,2.788394,2.5396373,4.419126,4.941309,5.7348485,3.1973205
2045-05-18 12:00:00,3.0453315,2.7367098,4.1849017,3.9353676,3.6989944,3.3467846
2045-05-19 12:00:00,1.7878568,1.8715405,4.6928406,3.8219635,3.94144,3.571998
2045-05-20 12:00:00,2.3464055,2.227833,3.5826795,3.428592,4.021315,3.047833
2045-05-21 12:00:00,2.8305998,2.4926429,4.0926075,3.881676,3.0407007,3.3488288
2045-05-22 12:00:00,3.2649944,2.914717,4.3643093,5.1368713,4.356103,3.240188
2045-05-23 12:00:00,2.1199265,1.9641236,3.1499689,3.3806953,4.8618407,2.2506351
2045-05-24 12:00:00,3.189991,2.5286248,3.4561958,3.7028594,2.9165204,2.9115477
2045-05-25 12:00:00,1.7585099,1.992085,3.4940648,2.9363425,3.4439547,2.2161102
2045-05-26 12:00:00,2.4417677,1.7059157,3.3708835,2.1403782,3.0717652,2.6131186
2045-05-27 12:00:00,1.8572066,1.4620997,3.08842,2.4591863,1.8267663,2.1408386
2045-05-28 12:00:00,1.3214422,1.4103401,2.5786033,3.4612725,2.6771684,1.7870905
2045-05-29 12:00:00,1.3233232,1.3297716,2.0306158,2.2358193,2.726314,1.533552
2045-05-30 12:00:00,1.1651146,1.3965731,3.0267627,3.1681063,2.21768,2.3597734
2045-05-31 12:00:00,3.3614478,2.6287572,4.196662,2.9714904,2.6414945,2.7972708
2045-06-01 12:00:00,2.2862358,2.1082091,3.7475612,2.952012,2.4069479,2.1783922
2045-06-02 12:00:00,1.6052008,1.7644459,2.6158717,2.6699312,2.355008,1.8239427
2045-06-03 12:00:00,1.3277013,1.1381439,2.473154,2.018071,1.6725463,1.883069
2045-06-04 12:00:00,2.3294973,2.003222,3.840436,3.0899673,2.1945095,2.9349904
2045-06-05 12:00:00,2.2876053,2.041069,3.6522713,2.803024,2.7687478,2.365984
2045-06-06 12:00:00,2.6045244,2.4239094,2.4740548,2.6735814,2.7467086,1.8130294
2045-06-07 12:00:00,1.6553805,1.628589,2.218949,2.3837578,2.7715456,1.6026295
2045-06-08 12:00:00,2.5885296,2.3336248,3.1549985,3.0639532,2.9945796,2.5330403
2045-06-09 12:00:00,3.4361625,2.7183926,2.9659152,3.850002,3.2479537,1.8171785
2045-06-10 12:00:00,3.3272371,2.4025807,3.0000477,3.0839138,2.8734276,1.6061857
2045-06-11 12:00:00,1.7563412,1.6874714,2.1084223,3.518951,2.5969217,1.530223
2045-06-12 12:00:00,2.01828,1.9463676,2.0720885,4.6556306,4.0681314,1.8373325
2045-06-13 12:00:00,3.2968001,2.5741343,2.9925148,3.8114314,4.432066,1.6776224
2045-06-14 12:00:00,3.7720296,2.8161473,4.2727413,3.3454664,4.645593,2.5107915
2045-06-15 12:00:00,2.8291187,2.1383932,3.4968748,3.0664754,4.288783,1.8090957
2045-06-16 12:00:00,2.0634751,1.6056166,3.4420424,3.5334814,3.3083115,1.7784244
2045-06-17 12:00:00,1.2547464,1.169082,3.201098,3.6552203,2.0252113,1.6276317
2045-06-18 12:00:00,1.4918332,1.4107083,2.6059399,4.667681,2.1547775,1.6502898
2045-06-19 12:00:00,2.5045013,2.0832279,3.5975664,5.3982577,2.6316895,1.6826808
2045-06-20 12:00:00,1.7891256,1.5341033,3.0173326,4.908395,3.2229414,1.3529066
2045-06-21 12:00:00,1.8572484,1.453086,2.291361,4.406934,3.699409,1.2871722
2045-06-22 12:00:00,1.9048045,1.7669263,1.7926702,4.1099443,3.4070206,1.2441854
2045-06-23 12:00:00,1.7176174,1.353624,2.0714967,3.2823625,3.2316236,1.2365009
2045-06-24 12:00:00,2.8157268,1.9628897,3.2230608,3.759361,3.8955436,2.159687
2045-06-25 12:00:00,1.9515026,1.5297468,3.0974205,3.0108502,3.2797723,2.0301595
2045-06-26 12:00:00,1.2604437,1.3912556,3.0450587,2.9727495,2.4599457,2.4154778
2045-06-27 12:00:00,1.1415815,1.4341623,2.8000448,3.6016905,2.5455995,1.6940675
2045-06-28 12:00:00,1.3995334,1.4450538,2.1808195,3.2838554,2.5227966,1.8275452
2045-06-29 12:00:00,1.0432715,1.1484379,2.1731117,2.1403146,2.4800835,1.2055773
2045-06-30 12:00:00,0.9175929,1.1108583,3.368873,2.2486768,1.9579659,1.3953248
2045-07-01 12:00:00,2.4152856,2.2394686,4.270058,2.8844864,2.0104666,2.3542998
2045-07-02 12:00:00,2.652521,2.4593778,4.5838814,3.011095,1.8094933,2.3865201
2045-07-03 12:00:00,1.9824233,2.0676093,2.5250957,3.84721,1.9937756,2.3106105
2045-07-04 12:00:00,1.8845704,1.7126323,1.9817171,2.7082567,2.9681609,1.482945
2045-07-05 12:00:00,2.9375322,2.4224355,3.187989,2.8511434,3.0086334,1.7333022
2045-07-06 12:00:00,3.2271695,2.8627567,4.254384,3.7172868,2.5106146,2.6345997
2045-07-07 12:00:00,3.404386,2.7901292,4.155963,2.8484547,3.081668,2.3070185
2045-07-08 12:00:00,2.981853,2.3313248,3.8239326,2.1858075,3.1384382,2.1752615
2045-07-09 12:00:00,2.744369,2.24292,2.929381,2.2121294,3.0687613,1.9846381
2045-07-10 12:00:00,2.3836637,1.9647126,2.2447617,2.2943707,2.4818327,1.408266
2045-07-11 12:00:00,1.4537928,1.6070436,1.6446276,2.1350179,2.7018716,1.510842
2045-07-12 12:00:00,1.9792413,1.8372096,2.4895866,3.9009056,2.9107385,2.0615976
2045-07-13 12:00:00,3.231423,2.3174005,3.162628,3.6721096,3.7305918,2.263068
2045-07-14 12:00:00,2.1317239,1.5758145,2.7081466,2.2823446,3.2238727,1.6925477
2045-07-15 12:00:00,0.9041017,1.1282246,2.541843,2.3165812,2.44061,1.9802649
2045-07-16 12:00:00,1.5376353,1.4457644,2.5007615,3.2526712,2.4707775,2.299046
2045-07-17 12:00:00,1.6801409,1.5728545,2.4861937,2.8241675,3.942128,2.077078
2045-07-18 12:00:00,1.2052662,1.5324821,3.6634822,3.2894044,5.1552196,2.6310291
2045-07-19 12:00:00,2.1341534,1.6169583,3.9062834,2.5158913,3.765974,2.7080588
2045-07-20 12:00:00,1.751859,1.8328084,4.0271773,3.317676,3.4094725,3.0165489
2045-07-21 12:00:00,2.9517226,2.4168015,3.198713,4.422778,4.1492257,2.8917139
2045-07-22 12:00:00,2.0320864,1.5406594,2.319436,3.45777,3.235605,1.8826855
2045-07-23 12:00:00,2.2813826,1.8138671,3.172413,2.4749706,2.462133,1.7787933
2045-07-24 12:00:00,2.9372878,2.598815,2.9159403,3.4987407,2.4510806,1.7318518
2045-07-25 12:00:00,1.8388294,1.7900716,2.2660413,2.8659868,2.8562195,1.6671151
2045-07-26 12:00:00,1.8870436,1.5543933,2.4587877,3.1371863,3.241755,1.5736369
2045-07-27 12:00:00,1.2871089,1.0894247,3.037628,3.6409059,3.3243623,1.2477508
2045-07-28 12:00:00,0.9804114,1.0131723,1.7280761,3.5639646,2.3239367,1.4608271
2045-07-29 12:00:00,1.0778201,0.96531576,1.9863886,2.775606,2.223979,1.2710629
2045-07-30 12:00:00,1.6236436,1.1924229,1.9867611,3.0881484,2.8945372,1.2794673
2045-07-31 12:00:00,1.8003907,1.3756466,2.9711688,3.2518265,3.254569,1.9311742
2045-08-01 12:00:00,1.4986432,1.7941408,4.3166766,3.3706098,4.1051226,2.6288555
2045-08-02 12:00:00,2.678357,2.3069015,3.5105474,2.9473994,3.0713418,2.65405
2045-08-03 12:00:00,2.4862142,2.2117639,3.2984838,2.500372,2.4458683,2.6355114
2045-08-04 12:00:00,1.9938786,1.4834132,2.2807362,2.7322536,2.5396626,1.5824277
2045-08-05 12:00:00,1.7370276,1.3452306,2.8251176,2.0249472,2.2770045,1.3963605
2045-08-06 12:00:00,1.7073069,1.3098384,2.831329,1.5899018,3.3521628,1.7018983
2045-08-07 12:00:00,1.7722485,1.4356484,3.080713,2.3962963,3.5924711,1.9371517
2045-08-08 12:00:00,2.594959,2.6126318,4.360927,3.8336964,3.9451606,2.7188814
2045-08-09 12:00:00,3.1948333,2.616312,4.0248275,4.6889095,3.1908617,2.4897957
2045-08-10 12:00:00,3.3530443,2.533358,3.2824154,3.0121348,3.2690046,1.9150796
2045-08-11 12:00:00,1.7054874,1.4310318,4.381049,2.6793842,3.726038,2.5258257
2045-08-12 12:00:00,1.9023671,1.5540544,3.196003,2.0668569,3.2885413,2.1971607
2045-08-13 12:00:00,1.0466843,1.0434594,2.2800229,2.1801894,3.980352,1.5481874
2045-08-14 12:00:00,0.85591114,0.9268263,2.4289494,1.9478102,4.08447,1.8770232
2045-08-15 12:00:00,0.7112911,0.76626545,1.7372353,1.784476,4.2451353,1.1109583
2045-08-16 12:00:00,0.7086541,0.7877869,2.68607,1.7653015,3.628311,1.6144217
2045-08-17 12:00:00,1.1115978,1.0323937,2.435473,1.600733,3.125943,1.3568265
2045-08-18 12:00:00,1.4114134,1.2697141,2.9127262,1.7445472,4.501503,1.4212623
2045-08-19 12:00:00,1.1773254,1.0943476,3.038092,1.8374023,5.446131,1.4428371
2045-08-20 12:00:00,1.1854298,1.0970608,2.83217,2.0837593,5.158656,1.2424707
2045-08-21 12:00:00,1.3198252,1.1900973,2.2686818,3.511169,3.4570959,1.6928431
2045-08-22 12:00:00,1.5103654,1.2655596,3.2050333,3.2719963,3.495289,3.0830646
2045-08-23 12:00:00,2.0200179,1.8692721,3.3352425,3.4391072,3.3486762,2.1381347
2045-08-24 12:00:00,2.425877,1.7191153,3.5645752,3.375594,3.683105,1.7329683
2045-08-25 12:00:00,2.23488,1.7711747,4.5908394,3.4551198,3.1117575,1.8306055
2045-08-26 12:00:00,2.5517704,2.0450492,3.7545898,3.896863,2.647844,2.126291
2045-08-27 12:00:00,2.680109,2.2872832,3.0518622,5.3261113,3.6319735,2.363149
2045-08-28 12:00:00,1.6193941,1.8629377,3.7404578,4.5458784,4.6928167,4.3996096
2045-08-29 12:00:00,2.1462548,1.6993006,3.4581587,2.8320518,3.5654924,2.1841853
2045-08-30 12:00:00,1.7760999,1.6891369,3.3079236,4.15627,3.2138102,2.5663126
2045-08-31 12:00:00,1.1446172,1.2984791,2.829544,5.5359645,4.8374295,2.7045271
2045-09-01 12:00:00,1.7176181,1.5428374,2.809174,5.51308,4.4854274,3.0070686
2045-09-02 12:00:00,2.1129293,2.1470332,2.9337769,6.202758,2.9470475,2.9441059
2045-09-03 12:00:00,2.310915,2.209454,3.0814595,6.8423824,3.6180966,3.2256465
2045-09-04 12:00:00,3.0846806,3.1976774,4.708459,6.6779776,4.5937366,3.2731683
2045-09-05 12:00:00,2.005291,2.2080212,3.2304194,3.5362535,4.9861784,1.8648325
2045-09-06 12:00:00,1.9929435,1.7988878,3.1450083,5.757849,3.7818806,2.7221494
2045-09-07 12:00:00,3.16609,2.9342184,5.235986,6.972701,3.7393973,3.5103314
2045-09-08 12:00:00,2.5217562,2.8051383,4.3751273,5.7306547,4.0789213,2.7156544
2045-09-09 12:00:00,1.4122477,1.6292952,3.1524496,4.385738,4.7695,2.2546742
2045-09-10 12:00:00,1.2648895,1.3824728,3.7603035,3.516981,4.458775,2.838451
2045-09-11 12:00:00,0.9094157,0.9757819,3.0090523,1.614042,4.3571467,1.911477
2045-09-12 12:00:00,1.393762,1.2407366,3.3759053,2.0973191,2.9541185,2.5700724
2045-09-13 12:00:00,2.742227,2.56816,4.332581,4.9444056,3.4894836,3.7210698
2045-09-14 12:00:00,1.758837,1.5389372,4.172158,2.4231505,5.8537846,2.035422
2045-09-15 12:00:00,2.497396,2.2558122,4.206438,3.948607,4.151872,2.4032018
2045-09-16 12:00:00,0.7778653,0.95637953,3.7870214,2.8234036,3.1106188,2.337788
2045-09-17 12:00:00,1.1367308,1.0035698,3.2696476,1.6793149,2.3677819,1.3673041
2045-09-18 12:00:00,0.9528549,0.96188676,1.8502926,2.2419252,2.6224558,1.1073239
2045-09-19 12:00:00,0.83974594,0.90482885,2.2787993,1.9780376,2.6499286,1.4335588
2045-09-20 12:00:00,1.1233337,1.2637906,3.0667026,2.5659728,1.7136014,2.1308696
2045-09-21 12:00:00,3.0572002,2.3096418,2.8764246,2.3865037,2.3334131,1.1872412
2045-09-22 12:00:00,1.1707544,1.0460011,2.1968918,2.8296235,3.709321,2.2841222
2045-09-23 12:00:00,1.2460358,1.0237576,2.2866714,2.9960113,4.3654237,1.3837506
2045-09-24 12:00:00,1.255861,1.1128693,2.3613892,3.4171295,6.029769,1.5518613
2045-09-25 12:00:00,0.889379,0.9035435,1.4102596,2.3006794,5.7708015,1.1688402
2045-09-26 12:00:00,1.0544871,0.93497324,1.467776,3.0266666,3.841591,1.5224993
2045-09-27 12:00:00,0.94499063,1.0131344,3.014464,2.330701,4.4480715,1.8759462
2045-09-28 12:00:00,1.6690896,1.6546351,4.6866317,2.637322,4.556382,2.7949314
2045-09-29 12:00:00,1.9911269,2.0926025,3.939766,4.212399,4.572936,2.5547886
2045-09-30 12:00:00,2.3936133,1.8653938,2.4374487,2.6133795,4.842306,1.4102031
2045-10-01 12:00:00,1.5814191,1.6853398,4.258575,3.375998,4.171711,3.7475123
2045-10-02 12:00:00,1.7521594,1.7084731,3.9378295,3.2548962,3.597791,2.5169077
2045-10-03 12:00:00,2.4227445,2.353464,2.5373132,2.5023513,3.9390032,1.6039542
2045-10-04 12:00:00,2.3318427,2.0185506,4.7947025,3.1345704,3.8167028,2.6289666
2045-10-05 12:00:00,1.3689384,1.3860401,3.9259121,3.0382016,4.6012454,1.9441442
2045-10-06 12:00:00,1.4123747,1.0518677,3.1550987,3.9638746,3.4671774,1.6987108
2045-10-07 12:00:00,2.909507,2.6608613,3.1802478,3.7398942,3.0322115,1.9858837
2045-10-08 12:00:00,2.029314,1.8436507,3.6756327,3.4268405,4.8956313,1.7223927
2045-10-09 12:00:00,2.6277943,2.1106553,3.5608509,3.721702,3.6217182,2.042279
2045-10-10 12:00:00,2.9781609,2.3229702,3.359673,3.146625,4.5195,1.4176654
2045-10-11 12:00:00,2.3123233,1.7051026,2.9120538,4.0619874,5.793603,2.061817
2045-10-12 12:00:00,0.9875258,0.9698317,2.6170814,2.8226914,3.6668081,2.5816767
2045-10-13 12:00:00,0.72954834,0.74190664,2.2528489,2.6164002,3.0108454,1.6560941
2045-10-14 12:00:00,0.83883464,0.8107717,2.6422935,1.5928947,4.6898775,1.2668506
2045-10-15 12:00:00,0.7281191,0.74604815,2.733805,1.5579847,5.7469745,1.1266288
2045-10-16 12:00:00,1.122923,0.9460208,3.435313,1.8840663,4.4869037,1.9214495
2045-10-17 12:00:00,1.3948119,1.2029848,3.8956478,2.0020065,3.8384151,2.348509
2045-10-18 12:00:00,1.5844684,1.3616843,2.5558996,3.3474922,3.5553145,2.2399342
2045-10-19 12:00:00,2.0212588,1.6094923,2.2593899,3.0443006,4.7489467,1.4072208
2045-10-20 12:00:00,1.2708923,1.3199313,3.4216733,3.007355,4.0328665,2.3100507
2045-10-21 12:00:00,1.9200525,1.9314121,4.4413457,4.309525,3.6722467,2.7496574
2045-10-22 12:00:00,1.6742048,1.5252526,3.55299,4.458347,2.7677767,2.9807093
2045-10-23 12:00:00,2.075964,1.8402122,4.354364,5.7012563,4.5212426,2.937125
2045-10-24 12:00:00,1.5980262,1.5056918,2.7859738,4.0661616,6.7298136,2.2892606
2045-10-25 12:00:00,0.79099905,0.886723,2.6584353,3.996675,4.964666,2.3754976
2045-10-26 12:00:00,0.7921159,0.911906,2.1877377,3.5069568,4.6481676,1.3455867
2045-10-27 12:00:00,1.1001318,1.0388405,3.2565289,2.5661533,4.1862035,1.4051273
2045-10-28 12:00:00,1.8468977,1.4725572,3.3542647,2.404149,3.2049434,1.9010278
2045-10-29 12:00:00,1.5919917,1.3989497,2.3889325,2.649908,3.976038,1.8820925
2045-10-30 12:00:00,2.8983784,2.8146951,7.5038815,6.4095874,5.4312706,5.4871435
2045-10-31 12:00:00,3.3824801,3.1371286,6.0433598,6.5846553,7.308877,4.82941
2045-11-01 12:00:00,3.800048,3.4042487,5.784239,7.491416,7.032328,4.6233354
2045-11-02 12:00:00,4.334735,3.6293445,7.4088645,5.522878,7.0718656,4.2296076
2045-11-03 12:00:00,4.055008,3.6976097,5.9818606,6.085548,4.1693883,4.142878
2045-11-04 12:00:00,2.7528622,2.4894881,5.360994,3.9884088,4.091621,3.269234
2045-11-05 12:00:00,1.6635671,1.2602273,3.6376672,2.3117092,4.677754,2.0619464
2045-11-06 12:00:00,2.3750165,2.328122,5.4961967,2.9951456,3.4907331,3.3156934
2045-11-07 12:00:00,2.845818,2.6348891,4.2405777,2.9629502,2.686387,1.9502854
2045-11-08 12:00:00,2.9846132,2.767742,3.72472,2.9061751,2.4317157,1.9841205
2045-11-09 12:00:00,2.8932052,2.294617,3.2324753,2.8448853,2.6734989,2.2624583
2045-11-10 12:00:00,1.8437779,1.9522984,3.0057807,4.327657,4.733234,2.260621
2045-11-11 12:00:00,2.2204654,2.0656004,5.117708,7.106546,5.3131576,4.2469573
2045-11-12 12:00:00,2.3449214,2.0269382,6.2839456,6.2467904,5.257673,4.1976304
2045-11-13 12:00:00,1.625613,1.7767681,4.069454,5.8627467,3.824233,3.5695207
2045-11-14 12:00:00,3.3974965,3.4155557,5.683513,10.064513,5.3396416,4.8334007
2045-11-15 12:00:00,1.8435764,1.7065547,3.0505629,4.974234,4.874376,2.8250432
2045-11-16 12:00:00,1.4441617,1.3891697,3.0743673,2.3122292,5.044751,1.7573423
2045-11-17 12:00:00,1.8454376,1.4611509,3.42267,4.263639,6.260141,2.1747012
2045-11-18 12:00:00,0.95751894,1.1277456,2.506577,7.0960226,5.8001432,2.8174133
2045-11-19 12:00:00,1.4330077,1.5687953,3.6424894,6.610392,3.9664316,3.431672
2045-11-20 12:00:00,2.5151665,2.6221304,5.565473,8.276205,6.6564107,4.189591
2045-11-21 12:00:00,2.4529023,2.3708549,7.008979,7.435715,5.8117895,4.540632
2045-11-22 12:00:00,2.854031,3.4467142,5.1204257,7.2598753,3.7895722,3.8409698
2045-11-23 12:00:00,1.6631602,1.6011021,6.6078253,5.710658,3.3090875,4.8412256
2045-11-24 12:00:00,2.3898735,2.0403886,6.956774,4.0719266,4.856592,4.2276354
2045-11-25 12:00:00,1.7356449,1.5407726,3.8506367,2.2930112,4.0227933,1.5658453
2045-11-26 12:00:00,1.6578454,1.2057028,2.6744983,2.6257455,3.6570241,1.4099064
2045-11-27 12:00:00,1.7894468,1.4451452,3.3768568,2.8301425,3.916753,1.9617575
2045-11-28 12:00:00,1.1271634,1.4150101,2.1701415,4.434933,4.971084,1.8081907
2045-11-29 12:00:00,1.8819325,1.8006306,3.8030756,5.4318814,3.6215427,3.0574496
2045-11-30 12:00:00,1.4058192,1.576142,3.2832155,5.1040015,5.444848,2.4003327
2045-12-01 12:00:00,1.4870409,1.7034217,2.7281175,7.658105,6.9921336,3.3218992
2045-12-02 12:00:00,1.4040022,1.7769786,2.7561228,7.7408147,6.2276816,2.472167
2045-12-03 12:00:00,0.8541937,1.2649561,2.202368,5.413499,8.339662,1.803651
2045-12-04 12:00:00,1.4834543,1.2853957,2.862744,2.7112174,6.846863,1.4653127
2045-12-05 12:00:00,0.922549,0.98895454,2.8084607,2.5205464,5.4810305,1.5955195
2045-12-06 12:00:00,0.9532441,1.3476223,1.7659245,4.713935,5.1627083,1.4937946
2045-12-07 12:00:00,0.9164983,1.3506105,1.8852571,3.9388807,4.310813,1.4973538
2045-12-08 12:00:00,1.3940084,1.2229519,3.319625,2.8857338,2.6408145,1.8498272
2045-12-09 12:00:00,2.8842192,2.3256037,5.8509545,4.0480194,3.2947056,3.1109564
2045-12-10 12:00:00,3.197184,2.8803113,5.669633,5.6939387,4.623979,3.3972826
2045-12-11 12:00:00,2.1983757,2.325644,5.726961,5.626977,5.09067,4.4930773
2045-12-12 12:00:00,2.227528,1.635272,4.6151133,3.5653205,3.4281485,2.3763635
2045-12-13 12:00:00,1.6764722,1.377705,2.855889,4.8463306,3.9729576,1.5677426
2045-12-14 12:00:00,1.4694848,1.4756746,4.0968623,3.4656076,4.085144,3.0971334
2045-12-15 12:00:00,1.3305848,1.5397553,2.78223,2.7909179,3.5718026,1.9336939
2045-12-16 12:00:00,1.0265898,1.130016,3.197051,5.4830785,2.7792485,1.618599
2045-12-17 12:00:00,1.9391773,1.2869942,3.673852,4.218276,3.0580652,1.575088
2045-12-18 12:00:00,1.8350701,1.2833014,3.3703806,2.046845,3.125513,1.6670123
2045-12-19 12:00:00,2.257328,1.5204272,4.3087225,2.5233884,2.7076685,2.1452284
2045-12-20 12:00:00,1.8303001,1.5965413,4.6086884,3.19456,2.8108368,1.864594
2045-12-21 12:00:00,3.1270278,2.5660737,5.6537986,3.7407405,4.156689,2.375577
2045-12-22 12:00:00,2.2581215,1.6360879,4.4167275,2.7359042,5.051232,1.7544916
2045-12-23 12:00:00,2.1916885,1.4545546,3.7626042,2.7881181,4.2660494,2.105173
2045-12-24 12:00:00,1.0684874,0.978565,4.213489,5.239884,6.9864273,3.0789917
2045-12-25 12:00:00,0.94231,1.2280866,5.419931,6.6153703,7.5297527,4.988605
2045-12-26 12:00:00,5.1491866,4.4786024,8.885767,8.639888,9.426825,6.7022104
2045-12-27 12:00:00,3.0728374,2.396786,4.2060556,5.3123307,6.584855,2.0613327
2045-12-28 12:00:00,2.2513022,1.8415388,2.9047875,3.0978255,7.0199995,2.1236637
2045-12-29 12:00:00,2.037259,1.4566722,3.388724,3.8724253,5.5518017,2.7164829
2045-12-30 12:00:00,1.3908033,1.3674655,3.101557,5.599585,6.4048233,2.9870625
2045-12-31 12:00:00,3.2972796,2.519463,3.3493545,5.499586,4.945271,3.1016805
2046-01-01 12:00:00,1.3940618,1.46531,2.089174,4.0578737,5.9250364,2.3229666
2046-01-02 12:00:00,1.2591919,1.3317674,2.9022274,5.390576,7.0002894,1.9378788
2046-01-03 12:00:00,1.8310726,1.829483,2.7165496,5.514377,5.7985744,2.7439084
2046-01-04 12:00:00,1.545648,1.7228364,2.9580438,5.275048,5.962631,2.2178257
2046-01-05 12:00:00,1.3464506,1.6990703,2.9362228,4.0939875,5.380518,2.3208349
2046-01-06 12:00:00,0.9810488,1.3223158,2.7465205,3.1322052,4.0870857,2.0649054
2046-01-07 12:00:00,0.74619865,0.98200977,3.8758135,3.3842258,3.2275376,2.232453
2046-01-08 12:00:00,0.91366434,1.1717265,3.0393708,3.9610217,2.921583,1.6979855
2046-01-09 12:00:00,0.88282156,1.3078254,2.0273387,3.1672535,3.6097596,1.7166166
2046-01-10 12:00:00,0.8806871,1.0789149,2.7263846,3.293212,3.3166473,1.9101138
2046-01-11 12:00:00,2.2108574,1.5480196,4.362792,3.0492234,4.3099327,2.0637503
2046-01-12 12:00:00,3.6989956,2.6734583,5.5317287,3.1107652,5.87031,2.7490184
2046-01-13 12:00:00,2.846749,2.582015,5.4298606,4.3023434,5.972825,3.8826764
2046-01-14 12:00:00,1.6307479,1.7689131,3.9308252,5.134729,6.315165,2.6955569
2046-01-15 12:00:00,1.3866936,1.3673376,3.3780255,3.917174,4.6342163,1.662931
2046-01-16 12:00:00,2.5542479,1.761598,4.2428207,3.8902967,3.9633892,2.1797414
2046-01-17 12:00:00,1.2612727,1.2318993,2.397577,4.8780003,4.1100836,1.9987861
2046-01-18 12:00:00,0.97862947,1.2066913,2.5892873,4.50278,3.773661,1.8532827
2046-01-19 12:00:00,2.146164,1.8871363,3.9873073,3.8532732,5.640139,2.509449
2046-01-20 12:00:00,1.2294395,1.3432243,4.5426607,5.5758615,5.555526,4.488735
2046-01-21 12:00:00,2.7213862,2.5259278,5.873182,7.8760414,8.125167,4.8511252
2046-01-22 12:00:00,1.8974857,1.9105563,4.341107,6.906665,6.5305753,4.09556
2046-01-23 12:00:00,1.1531312,1.5478435,2.796074,5.3665504,4.569397,2.2916422
2046-01-24 12:00:00,2.0599732,1.9017494,3.2085316,2.6464665,4.710199,2.4079955
2046-01-25 12:00:00,0.8544605,1.054113,3.6187737,5.4362597,5.5095654,3.4392245
2046-01-26 12:00:00,0.93106556,1.2770654,4.3875895,7.1723895,5.380591,4.488271
2046-01-27 12:00:00,2.0023067,1.8976444,5.8008227,6.5788403,5.666339,4.005254
2046-01-28 12:00:00,1.4003001,1.9392756,5.0889606,4.9951262,4.495263,3.9623682
2046-01-29 12:00:00,1.4885799,1.9620153,4.3845525,6.6529355,6.1936707,3.8174355
2046-01-30 12:00:00,1.7215395,1.9684727,3.9133177,7.7610297,7.5539045,4.1009045
2046-01-31 12:00:00,2.7360497,2.7357411,6.6435738,8.535108,6.145215,4.6822705
2046-02-01 12:00:00,2.186184,2.311375,7.2795014,6.540624,5.0209217,5.0193934
2046-02-02 12:00:00,3.8529232,3.1452203,8.725566,6.5320477,5.454073,5.4209347
2046-02-03 12:00:00,3.4649498,3.238763,7.6848903,6.3352604,6.7278028,5.2730618
2046-02-04 12:00:00,2.415841,2.307255,4.6010165,6.0402503,4.601515,3.406088
2046-02-05 12:00:00,1.8114386,2.0542245,4.062532,5.0693235,4.6580963,2.5838382
2046-02-06 12:00:00,0.98077106,1.2168742,1.9471455,3.1920269,3.5947995,2.1397047
2046-02-07 12:00:00,1.224581,1.2990147,3.2126768,5.6139574,2.609348,2.9374118
2046-02-08 12:00:00,1.899412,1.8381475,3.8724654,4.9478617,4.940511,3.0733669
2046-02-09 12:00:00,1.3397424,1.7054421,3.4057503,6.2462807,4.4533772,2.7364905
2046-02-10 12:00:00,1.040004,1.692568,4.4309483,4.7998037,3.6646097,2.967114
2046-02-11 12:00:00,2.391923,2.1704535,5.3907485,6.205811,5.030981,4.3635073
2046-02-12 12:00:00,1.8529396,1.5581259,4.168698,3.333059,3.7203248,2.1021807
2046-02-13 12:00:00,2.1576252,1.5776503,2.1039755,2.7566197,2.383226,1.5913632
2046-02-14 12:00:00,0.70856273,1.0909152,2.5972238,3.2948358,2.8045063,2.2279634
2046-02-15 12:00:00,1.5834718,1.947026,3.3280735,4.6896405,4.12607,2.2240028
2046-02-16 12:00:00,1.4116831,1.6121845,3.935967,5.074981,3.3872187,3.269659
2046-02-17 12:00:00,3.932379,3.5448363,6.712959,8.780448,5.1295567,5.064585
2046-02-18 12:00:00,1.5829593,2.3145826,4.009465,4.1913195,6.558607,2.6136427
2046-02-19 12:00:00,1.9789702,1.966454,3.019315,6.0484753,5.7912107,3.084483
2046-02-20 12:00:00,0.74849564,1.0010096,2.975259,5.263617,5.349175,3.183122
2046-02-21 12:00:00,1.7805231,1.775916,4.532002,4.102428,6.229959,3.7472646
2046-02-22 12:00:00,1.3270358,1.4024643,3.9832585,5.429273,6.5218277,3.7001395
2046-02-23 12:00:00,2.324809,2.5859685,4.8760395,6.2952824,7.667705,3.675164
2046-02-24 12:00:00,1.9443741,1.8988664,3.5847173,6.776274,6.744562,3.4758277
2046-02-25 12:00:00,2.4277315,2.4346912,3.5169652,8.403671,5.139065,4.12063
2046-02-26 12:00:00,2.1390786,1.9431477,5.241411,4.625331,5.324615,4.0502553
2046-02-27 12:00:00,1.9702675,2.0128696,4.319793,6.186527,6.0835423,3.344229
2046-02-28 12:00:00,2.7166946,2.457476,3.6811228,4.700691,5.8757567,2.9734786
2046-03-01 12:00:00,2.062256,3.0922325,3.2373772,6.320479,8.551493,2.2110662
2046-03-02 12:00:00,1.6545426,2.362969,3.4628592,4.1861963,8.191389,2.8744822
2046-03-03 12:00:00,1.0175927,1.432941,2.7501268,3.5715985,5.579601,2.6258354
2046-03-04 12:00:00,1.5215535,2.4086993,3.4871235,6.0786867,6.2163515,2.4487429
2046-03-05 12:00:00,1.9780169,2.689659,3.5827816,6.1291986,6.5639873,2.2039423
2046-03-06 12:00:00,1.8157337,2.3225422,3.2623856,5.4232826,7.491571,2.0464733
2046-03-07 12:00:00,1.0712994,1.5444455,2.3611305,4.65101,5.4287243,1.7527164
2046-03-08 12:00:00,1.6014113,1.9624965,2.6586323,6.349769,3.9213185,2.654877
2046-03-09 12:00:00,2.0509896,3.1042287,4.0413876,5.7795625,4.843243,2.6635613
2046-03-10 12:00:00,1.1626348,1.7097518,2.1443865,3.3892128,3.9238858,1.5631311
2046-03-11 12:00:00,2.1707504,1.7530056,3.696915,6.3136697,6.565559,3.5934796
2046-03-12 12:00:00,1.371336,1.4746805,3.5589528,2.9787693,4.8716364,2.5190992
2046-03-13 12:00:00,1.1702225,1.227535,3.5623052,2.632041,4.7252917,2.4390905
2046-03-14 12:00:00,2.261049,2.4828231,4.673633,6.767557,6.6816554,4.3125706
2046-03-15 12:00:00,2.3139763,2.268497,4.884743,6.8004384,6.1414137,3.6155474
2046-03-16 12:00:00,1.710757,1.7354655,3.057025,4.300499,5.303092,2.7212985
2046-03-17 12:00:00,1.10469,1.1776874,1.7092452,3.964621,5.96306,1.3201333
2046-03-18 12:00:00,2.156483,1.8671108,2.8460574,6.4772105,7.045602,2.992022
2046-03-19 12:00:00,2.6475503,2.0011039,2.6498537,6.222687,8.534786,1.8980315
2046-03-20 12:00:00,1.2339789,1.2663801,3.3320177,2.794644,6.743148,1.8339789
2046-03-21 12:00:00,0.87485313,1.2283399,3.8864276,3.940404,4.6108313,2.475466
2046-03-22 12:00:00,1.3580279,1.1966208,4.830019,2.7936976,6.2096543,2.5998373
2046-03-23 12:00:00,1.2755928,1.4809461,4.911639,3.273417,7.186094,3.0333898
2046-03-24 12:00:00,1.0679488,1.2744666,3.9368246,3.1488311,5.3507223,2.2810874
2046-03-25 12:00:00,1.0007079,1.0764716,2.4161394,2.576927,5.0558357,1.6118605
2046-03-26 12:00:00,1.591763,1.355078,2.098117,2.6199162,5.0521207,1.2440367
2046-03-27 12:00:00,1.6004527,1.6952622,2.1573286,4.1772113,4.017787,1.6524342
2046-03-28 12:00:00,3.1052651,2.272311,4.560008,3.2909079,3.0658271,3.7484405
2046-03-29 12:00:00,3.463378,2.962169,4.536368,3.7968285,2.9034774,3.210049
2046-03-30 12:00:00,4.52593,3.6250324,6.318612,3.5914702,3.5725617,3.244962
2046-03-31 12:00:00,3.911079,3.484995,4.6310787,4.6351347,4.786216,2.4147677
2046-04-01 12:00:00,2.8201847,2.6757338,3.4163878,5.45145,4.8497214,3.1865735
2046-04-02 12:00:00,1.0099735,1.2069902,2.1269958,3.8737562,3.343888,2.4619703
2046-04-03 12:00:00,0.90460396,0.9452571,2.8964121,3.2895272,2.6090248,2.424863
2046-04-04 12:00:00,1.4317093,1.5364014,6.187077,3.185353,3.2099652,3.401939
2046-04-05 12:00:00,2.0169194,1.9666742,4.450533,2.5617766,4.889052,2.6466157
2046-04-06 12:00:00,1.9181757,1.6483268,3.984643,3.342517,5.727817,1.871594
2046-04-07 12:00:00,2.8035202,2.6335382,4.6279383,5.1821256,5.077911,2.7039998
2046-04-08 12:00:00,1.1408992,1.4474131,3.1446795,4.041269,3.6018524,2.695836
2046-04-09 12:00:00,1.4802809,1.3697978,3.1346447,3.2070417,3.3688626,2.9760442
2046-04-10 12:00:00,1.6373408,1.3563948,3.2064407,2.392086,3.9850922,1.9367732
2046-04-11 12:00:00,2.117737,1.9324389,3.7685668,2.9937718,2.4264765,2.4324903
2046-04-12 12:00:00,2.517612,2.1981761,4.467053,3.1695232,3.0357957,2.2576118
2046-04-13 12:00:00,1.4635327,1.4275599,3.2494256,2.7962155,3.5119963,2.009054
2046-04-14 12:00:00,1.5355372,1.3404698,2.2132316,3.2095494,5.2666197,1.4733458
2046-04-15 12:00:00,2.9532847,2.4099019,2.7188423,4.4599915,4.5669255,1.861862
2046-04-16 12:00:00,2.307753,1.9101771,3.402009,4.1727066,2.9917524,2.7425723
2046-04-17 12:00:00,1.9188344,1.605623,3.0121436,2.1012526,1.9956229,2.769734
2046-04-18 12:00:00,1.6231246,1.4492612,2.7634392,4.132089,3.2242215,2.310091
2046-04-19 12:00:00,1.3616083,1.4247704,3.9572535,3.7677798,4.8177953,2.2338479
2046-04-20 12:00:00,2.6606696,2.3661397,4.2372675,4.8900523,4.4903235,3.5402143
2046-04-21 12:00:00,3.854184,3.1147563,4.8005676,3.8057601,5.1122427,3.3126557
2046-04-22 12:00:00,3.2886806,2.5696855,3.4794626,4.097957,5.025786,2.985871
2046-04-23 12:00:00,2.1740785,1.8176734,3.3715048,3.7983868,4.9342217,3.0219076
2046-04-24 12:00:00,1.5645306,1.3506947,2.6174984,3.1144354,2.867389,2.8055809
2046-04-25 12:00:00,1.4175425,1.418284,2.5332546,4.283952,5.0059147,1.9681611
2046-04-26 12:00:00,2.0809207,2.0180788,3.5928414,7.4760385,7.978558,3.5281253
2046-04-27 12:00:00,2.5208204,2.1438084,4.130886,5.5276613,4.5097384,3.1712859
2046-04-28 12:00:00,3.6278403,2.96221,4.9324284,5.1070194,5.840091,4.422474
2046-04-29 12:00:00,2.3260846,2.5636537,4.3879957,4.4353433,5.289696,3.8197322
2046-04-30 12:00:00,1.6135843,1.6218808,2.6135375,2.7741156,4.0305552,1.5760736
2046-05-01 12:00:00,1.9358926,1.986119,2.6412299,3.6228478,3.1870325,2.0533104
2046-05-02 12:00:00,1.9126291,1.9805758,2.4950478,3.1004217,4.0648746,2.322052
2046-05-03 12:00:00,2.3092642,2.1081402,3.2012167,2.5223806,4.230838,1.7117208
2046-05-04 12:00:00,2.5108247,2.5922794,2.8430865,2.225794,3.3159878,1.7634826
2046-05-05 12:00:00,2.1517692,2.1087706,2.6283844,1.9704785,3.2929995,1.7823482
2046-05-06 12:00:00,2.385235,2.2265146,3.8036158,4.402747,4.05681,3.131705
2046-05-07 12:00:00,2.5255418,2.3016827,3.9107928,6.423546,5.0751286,3.7618015
2046-05-08 12:00:00,2.685693,2.4027061,4.3156085,5.7084026,5.6206884,3.2914844
2046-05-09 12:00:00,2.353444,2.0714624,5.0066266,3.1852162,4.998731,3.3059764
2046-05-10 12:00:00,2.9105308,2.6269808,5.6182194,3.9996674,3.622266,3.7929666
2046-05-11 12:00:00,3.4662404,3.0419188,4.7178726,4.49461,3.9378374,3.3886855
2046-05-12 12:00:00,3.0489764,2.6222637,4.234735,3.5346432,3.796772,2.949401
2046-05-13 12:00:00,1.2265172,1.4117985,3.3208547,3.0997505,3.429483,2.5675
2046-05-14 12:00:00,2.674828,2.6914241,4.5304317,3.2833157,5.0035915,4.0899453
2046-05-15 12:00:00,2.0669894,1.9118162,3.2612813,4.7294893,5.219158,2.3655784
2046-05-16 12:00:00,2.3852239,1.7170553,2.674217,4.1033463,5.2614245,1.5682697
2046-05-17 12:00:00,4.510141,3.483747,4.04241,4.4668593,4.6294155,2.2489877
2046-05-18 12:00:00,2.128681,1.9128135,2.6898935,3.8111048,3.5413918,1.5695853
2046-05-19 12:00:00,1.9611344,1.623625,3.2612433,2.4694557,4.089735,1.7229552
2046-05-20 12:00:00,3.6957111,2.9614904,3.6502376,3.887858,4.6500587,2.1468554
2046-05-21 12:00:00,3.7598052,3.6506326,4.4990387,4.9645934,4.979836,3.1084878
2046-05-22 12:00:00,1.7580277,1.7180364,4.312602,2.8583467,4.023097,2.6361022
2046-05-23 12:00:00,1.7977593,1.5915135,2.2541485,2.6289847,2.6171558,1.5054147
2046-05-24 12:00:00,2.361787,1.9623913,2.5814734,3.9981065,3.0450482,1.501239
2046-05-25 12:00:00,2.681057,2.3608232,3.0868535,3.8410387,3.440681,1.9226848
2046-05-26 12:00:00,2.311511,1.9793454,4.0977216,3.0302176,3.132994,2.1134024
2046-05-27 12:00:00,4.0883126,3.3323143,6.163521,3.450319,3.7295485,3.2202647
2046-05-28 12:00:00,3.8501265,3.2284846,5.07949,4.345752,3.5356638,2.8816829
2046-05-29 12:00:00,1.8521259,1.9570096,4.0527816,4.853704,5.3665037,2.5167897
2046-05-30 12:00:00,2.0485783,1.8943543,3.7272809,3.9746945,6.17496,2.537736
2046-05-31 12:00:00,2.8306527,2.2180347,3.3253558,3.6463113,5.6940274,2.1160994
2046-06-01 12:00:00,2.246465,2.218816,2.1981804,3.3405743,3.6619825,1.6133999
2046-06-02 12:00:00,2.8489537,2.3718455,2.830668,2.9001808,3.297157,1.8045869
2046-06-03 12:00:00,2.5062213,2.5983584,3.2411814,3.7998664,3.2599416,3.216712
2046-06-04 12:00:00,3.0509295,2.7813187,4.8634305,3.3477097,4.846491,3.117862
2046-06-05 12:00:00,3.243236,2.4380355,4.1854887,2.242456,2.9022255,2.6364622
2046-06-06 12:00:00,2.5052085,2.070798,3.6495748,3.5588098,3.6042833,2.3004887
2046-06-07 12:00:00,3.5915523,3.0119143,4.9143195,3.862256,5.4289017,2.905291
2046-06-08 12:00:00,2.0531511,1.5772648,2.4981177,3.9981327,4.8863287,1.9344391
2046-06-09 12:00:00,2.204165,1.8896881,2.7457013,5.151842,5.685326,1.5679365
2046-06-10 12:00:00,2.0411205,1.6594487,2.9725785,3.7423506,5.652113,1.6561663
2046-06-11 12:00:00,1.2258857,1.2837985,2.1544263,3.378109,4.6767,1.4005743
2046-06-12 12:00:00,1.3452516,1.2401975,2.8684778,2.3954735,4.74486,1.3567156
2046-06-13 12:00:00,1.5353957,1.5156782,2.2739944,1.7726405,3.4887152,1.2109512
2046-06-14 12:00:00,1.5143085,1.4594605,2.8188884,2.9324567,3.1031606,1.8834869
2046-06-15 12:00:00,2.5952282,2.3988395,4.1006484,4.1707215,3.6637719,2.891659
2046-06-16 12:00:00,1.2378842,1.4058853,3.0648818,2.5373483,2.888635,1.9481301
2046-06-17 12:00:00,1.4349067,1.7814046,3.5914602,2.4903862,2.6826355,1.632287
2046-06-18 12:00:00,3.1117914,2.7125645,4.2512097,2.5363736,2.9616072,1.7698597
2046-06-19 12:00:00,2.3452702,2.2317204,3.8511894,2.7487109,2.6075854,2.2920125
2046-06-20 12:00:00,1.4957441,1.3483446,2.7243369,2.7952666,4.9409447,1.7453871
2046-06-21 12:00:00,1.0841093,1.2792192,2.1502652,2.4618187,4.0711555,1.5301265
2046-06-22 12:00:00,3.6311545,2.7839618,3.778298,2.934964,2.7070704,2.211336
2046-06-23 12:00:00,3.510097,3.102753,3.230324,3.677486,2.4748628,2.416807
2046-06-24 12:00:00,2.781083,2.6754603,2.631428,4.088377,3.2802238,2.1651788
2046-06-25 12:00:00,1.081136,1.0338755,3.1140811,1.9904453,4.3785257,1.4696914
2046-06-26 12:00:00,1.6571862,1.6989064,3.3217344,2.9141645,3.192356,2.709229
2046-06-27 12:00:00,1.4344438,1.538329,2.132366,2.9483547,4.0129333,1.9322355
2046-06-28 12:00:00,1.3811275,1.4870051,1.7467301,3.418067,3.8587618,1.8641096
2046-06-29 12:00:00,1.6147165,1.77304,2.355115,3.7380366,4.2828727,2.3803287
2046-06-30 12:00:00,2.2932029,1.8260189,2.2787433,4.2179046,2.615777,1.8644009
2046-07-01 12:00:00,1.698237,1.5703998,2.5434492,4.5535436,2.7761905,1.7784452
2046-07-02 12:00:00,2.101382,1.5960109,2.306545,3.6771348,2.6077094,1.5079098
2046-07-03 12:00:00,2.5277183,1.8627187,3.5148304,2.7702224,3.4944847,2.348157
2046-07-04 12:00:00,2.357429,2.1027868,2.575923,3.1105268,4.2476,2.600735
2046-07-05 12:00:00,1.5755162,1.5925796,2.720279,2.268018,4.11945,1.7366053
2046-07-06 12:00:00,1.7620467,1.4641833,2.2101204,2.3913317,4.7772217,1.6752691
2046-07-07 12:00:00,1.6778486,1.724155,2.2566884,2.545481,3.498591,1.8255726
2046-07-08 12:00:00,2.6706042,2.3493173,4.428365,3.5662873,2.6603954,3.3161385
2046-07-09 12:00:00,2.1541848,1.7952336,3.1222732,4.636814,5.338567,2.7469907
2046-07-10 12:00:00,1.2570057,1.2669555,2.4814825,3.7726407,4.7126203,1.9608396
2046-07-11 12:00:00,2.7256985,2.3981657,3.6834724,4.173272,3.4267955,2.8185446
2046-07-12 12:00:00,1.8066154,1.6254212,2.6591318,3.477738,5.1671433,1.6489685
2046-07-13 12:00:00,1.9759078,1.6540561,2.4595861,2.1177778,6.784547,1.5699733
2046-07-14 12:00:00,2.0124729,1.9809177,3.391098,3.0089724,6.635507,2.1935081
2046-07-15 12:00:00,2.0785637,1.621767,2.9774091,3.828672,6.637319,2.0080373
2046-07-16 12:00:00,3.0537868,2.7212977,3.3310275,2.717261,4.5596514,3.1381733
2046-07-17 12:00:00,2.3450913,2.318395,3.9009032,5.089931,3.0098379,3.00241
2046-07-18 12:00:00,2.0406027,1.9002247,3.7743716,2.8456168,2.4359927,2.0261748
2046-07-19 12:00:00,2.4760046,2.4127696,4.5407314,2.600194,2.6057158,2.7598076
2046-07-20 12:00:00,2.283504,1.7090268,2.8904305,2.3287866,2.7387323,1.3283205
2046-07-21 12:00:00,1.4880321,1.4001613,2.9566374,1.9573915,2.313997,1.4563999
2046-07-22 12:00:00,1.8864583,1.8044027,4.7320175,3.3485074,4.0728574,2.8813715
2046-07-23 12:00:00,2.6849797,2.4857247,3.8556347,2.677839,5.094702,2.219715
2046-07-24 12:00:00,2.9465907,2.2302947,3.8153949,3.0563002,3.5913835,2.7457216
2046-07-25 12:00:00,2.8558402,1.7958523,2.646383,2.4734724,4.44631,1.6917313
2046-07-26 12:00:00,1.4666841,1.2160017,2.3602238,1.90061,2.5180647,0.994132
2046-07-27 12:00:00,2.2705975,2.212529,4.3454285,3.302431,2.497805,2.4589837
2046-07-28 12:00:00,3.5119033,3.2261567,5.861416,3.9330637,4.5645475,4.1364803
2046-07-29 12:00:00,2.5433748,2.4765596,4.2441473,4.1743093,3.806526,3.1528423
2046-07-30 12:00:00,2.8540335,2.2556129,4.6933575,2.4645889,2.7193375,2.1411905
2046-07-31 12:00:00,1.4754537,1.4667034,3.1033497,2.6068916,2.9138272,1.6852711
2046-08-01 12:00:00,1.9520187,1.7972617,2.5135415,2.5947778,3.715946,1.5338563
2046-08-02 12:00:00,2.6618326,2.2024806,3.012843,3.691792,3.3261237,1.5111821
2046-08-03 12:00:00,2.0473208,1.7025715,3.3864012,3.3514209,3.2001443,1.6257771
2046-08-04 12:00:00,2.5811777,2.1016834,3.949773,3.1283216,3.3151693,1.6820602
2046-08-05 12:00:00,3.8807979,2.9205575,3.5380332,3.115009,3.2888572,1.7328646
2046-08-06 12:00:00,4.254584,3.4919102,3.6050532,3.456143,2.4672709,2.0984256
2046-08-07 12:00:00,2.3570597,2.358965,2.45203,3.7234733,2.261724,1.6075331
2046-08-08 12:00:00,2.1974308,2.0328412,2.436499,3.3070614,2.391896,1.583619
2046-08-09 12:00:00,1.228426,1.6517626,2.3009176,3.8349488,2.4472308,1.6224962
2046-08-10 12:00:00,2.0391881,1.6239344,2.4040244,2.49195,2.2232456,1.2254994
2046-08-11 12:00:00,2.186291,1.6576593,2.782692,2.7575083,2.7086208,1.4590932
2046-08-12 12:00:00,1.9135481,1.5077873,3.3992138,3.0760293,2.509193,1.7288166
2046-08-13 12:00:00,3.0731993,2.7381916,5.0169816,3.860853,2.4436524,2.9691467
2046-08-14 12:00:00,3.4314747,2.7887714,3.612121,4.0491147,3.5216188,2.7258942
2046-08-15 12:00:00,3.322133,2.7026057,4.4568863,3.9739752,3.906163,2.1682103
2046-08-16 12:00:00,2.828113,2.3309178,3.2306523,4.1542277,4.5184927,2.0966136
2046-08-17 12:00:00,2.7792327,2.3186321,5.1089487,2.883722,3.9519725,2.5642948
2046-08-18 12:00:00,2.2845945,2.1008484,3.383297,3.5031533,3.5728798,1.9446478
2046-08-19 12:00:00,1.4177806,1.226222,2.6655538,3.1059232,2.8985822,1.4379714
2046-08-20 12:00:00,3.2757478,3.0112698,5.3044405,3.8784676,2.7170527,3.2524173
2046-08-21 12:00:00,2.873053,2.5414658,3.4528127,5.911405,4.339886,2.6211896
2046-08-22 12:00:00,2.036469,1.7353889,3.361165,3.6004035,4.6276975,1.7138731
2046-08-23 12:00:00,2.4418006,2.075369,4.1483965,4.2081265,4.584578,2.235472
2046-08-24 12:00:00,2.421216,2.282427,8.1208315,6.3690395,4.507595,3.9270182
2046-08-25 12:00:00,2.0059376,2.3533971,4.996105,4.201792,4.0061407,3.407837
2046-08-26 12:00:00,1.4909788,1.639967,2.9312892,2.2129376,2.9110067,1.3470601
2046-08-27 12:00:00,1.76742,1.6048241,2.5378003,3.4344234,2.7394857,1.8011707
2046-08-28 12:00:00,1.619811,1.4685643,2.4244847,3.261468,2.1438549,1.3626995
2046-08-29 12:00:00,1.2975478,1.2122769,2.4435532,3.2038162,1.9758211,1.37301
2046-08-30 12:00:00,1.1510929,1.0614947,2.0191264,2.1165206,2.1323276,1.3848386
2046-08-31 12:00:00,1.346201,1.497264,2.138239,3.6139054,2.96774,2.4037275
2046-09-01 12:00:00,1.0714672,1.0267085,2.6458418,2.105509,3.0100343,1.7695392
2046-09-02 12:00:00,1.8420911,1.8383689,3.0174098,2.4074113,2.2663448,1.6966845
2046-09-03 12:00:00,2.6095374,2.257197,4.3706617,4.0879664,3.5473254,3.389385
2046-09-04 12:00:00,3.1174378,2.5198953,5.1158094,3.626613,2.9564545,3.493554
2046-09-05 12:00:00,2.9417734,2.4447658,4.490855,4.5162463,3.9106412,3.4048696
2046-09-06 12:00:00,1.755465,1.8968639,4.0542235,5.6218724,3.9403965,2.459453
2046-09-07 12:00:00,1.8964989,2.1646166,3.302032,5.2746553,4.872787,2.1719723
2046-09-08 12:00:00,1.10687,1.2175053,3.6701884,2.2862387,4.7062907,1.5872965
2046-09-09 12:00:00,3.3150861,2.9973485,5.8053045,4.22962,3.619069,3.1557488
2046-09-10 12:00:00,2.887386,2.4431741,5.104662,5.122239,4.618051,3.2798576
2046-09-11 12:00:00,2.991056,2.5086198,4.356291,6.0546775,4.374459,3.6746612
2046-09-12 12:00:00,1.6333683,1.5699234,3.2303526,5.242608,4.0605154,2.4327965
2046-09-13 12:00:00,2.0482965,1.9143611,3.1404572,4.704012,4.434783,2.4435587
2046-09-14 12:00:00,2.0689797,1.7212048,3.6406417,4.420608,5.032765,2.8320534
2046-09-15 12:00:00,2.3398814,2.2382684,3.661524,3.0168672,2.9534788,2.7850568
2046-09-16 12:00:00,1.6103548,2.0600576,3.4131825,3.9668956,3.5578268,2.210958
2046-09-17 12:00:00,1.2477736,1.3639464,2.3926423,2.5891433,3.4068913,1.4235895
2046-09-18 12:00:00,0.91792876,0.965434,3.3586624,1.9835058,3.0003889,1.244855
2046-09-19 12:00:00,1.7304735,1.7103931,3.5847945,3.0250921,2.4716816,3.1948216
2046-09-20 12:00:00,2.0762029,1.7508805,2.2640495,3.9835436,3.9942806,2.1968348
2046-09-21 12:00:00,1.460459,1.6911589,2.0237825,4.1305842,5.391405,1.5126529
2046-09-22 12:00:00,2.9669347,2.370368,4.324094,3.8971844,4.229737,2.0900323
2046-09-23 12:00:00,1.6643928,1.3385214,4.4558673,2.2145956,2.4992454,1.6584661
2046-09-24 12:00:00,1.0314376,1.156584,3.900165,1.9762977,3.6890347,1.4151218
2046-09-25 12:00:00,0.97804916,1.0630752,3.7522826,2.4070203,4.83479,1.1811169
2046-09-26 12:00:00,1.2378392,1.3013331,3.4319065,2.3569837,3.5339952,1.2414734
2046-09-27 12:00:00,1.8432902,1.4789027,2.7670586,2.113287,2.8098652,1.7372127
2046-09-28 12:00:00,1.522974,1.4404619,2.8744526,3.820735,1.939444,2.2255712
2046-09-29 12:00:00,1.8186316,1.799455,3.0534565,4.3335977,2.6817012,2.4510343
2046-09-30 12:00:00,1.5191295,1.4535512,3.0234776,2.5383205,3.3092165,1.4738947
2046-10-01 12:00:00,1.5182836,1.3034765,3.4382255,3.43631,5.3538795,1.1415958
2046-10-02 12:00:00,2.4182296,1.6498394,3.7938278,1.728835,4.4421234,1.5146291
2046-10-03 12:00:00,2.0756752,1.4059457,3.4009311,1.8190364,4.1295857,1.4424824
2046-10-04 12:00:00,1.7891471,1.179234,3.4798524,2.0530047,3.7973523,1.3128667
2046-10-05 12:00:00,1.7755327,1.2361153,3.2102604,2.0378058,4.6047397,1.2605774
2046-10-06 12:00:00,1.8880811,1.6063943,3.4052093,3.8938491,2.6768198,2.872943
2046-10-07 12:00:00,1.7892013,1.9601145,2.3859377,3.6284783,3.1921287,1.97951
2046-10-08 12:00:00,1.3377692,1.3311749,3.979342,3.8768606,3.861916,3.6624305
2046-10-09 12:00:00,2.342173,2.1880238,3.3932712,6.089097,4.5395474,2.5988028
2046-10-10 12:00:00,0.9670792,1.0603744,1.9543605,5.361,3.8956838,2.2321913
2046-10-11 12:00:00,1.3377512,1.1048592,2.1351027,4.9113235,5.9779687,1.831616
2046-10-12 12:00:00,1.0946074,0.9769721,2.3229463,3.3016632,6.030542,2.0330262
2046-10-13 12:00:00,1.11981,0.9353129,2.6336408,3.8419726,4.6891603,2.6180446
2046-10-14 12:00:00,1.3134711,1.0842634,3.2589285,3.917859,5.5067253,3.0760074
2046-10-15 12:00:00,1.5828781,1.6654872,3.8922665,3.0376465,4.523685,2.9941742
2046-10-16 12:00:00,1.5860429,1.51089,3.0687146,3.9196694,4.5758705,2.1944692
2046-10-17 12:00:00,2.621976,2.44954,5.421436,5.3071914,4.5123844,4.5160365
2046-10-18 12:00:00,3.0685136,2.7253501,5.81889,4.2102513,2.5055559,4.0976825
2046-10-19 12:00:00,1.822628,1.896139,3.4912643,4.345633,3.016046,2.4660444
2046-10-20 12:00:00,2.8116307,2.5850952,2.938697,3.7742362,4.601226,2.836447
2046-10-21 12:00:00,2.9168077,2.812693,3.0246131,5.003395,4.3267374,2.9173517
2046-10-22 12:00:00,2.8393426,2.7727,3.912747,5.853088,5.1685596,3.4812937
2046-10-23 12:00:00,2.7032232,2.511843,3.2331705,3.5495672,3.1302083,2.8496978
2046-10-24 12:00:00,1.8727901,1.4679167,2.92757,1.7198938,2.6860442,1.457108
2046-10-25 12:00:00,4.033519,2.5321262,4.4596996,2.4605322,3.2902005,1.7546622
2046-10-26 12:00:00,4.394025,3.0826495,4.6676025,2.8289986,4.0754333,1.9842979
2046-10-27 12:00:00,3.0684204,2.038757,2.6712334,2.3251886,5.4073462,1.2390698
2046-10-28 12:00:00,1.2731326,0.8764268,2.044183,2.2071404,3.6304262,1.1855428
2046-10-29 12:00:00,0.5774774,0.53590155,1.5908209,1.6702942,3.030054,1.0098746
2046-10-30 12:00:00,1.1675426,0.8664828,3.1454597,2.367472,2.4740124,1.8511355
2046-10-31 12:00:00,1.3086817,0.90711457,2.9878883,2.0506299,2.68682,1.4966227
2046-11-01 12:00:00,1.1785244,0.97061574,2.986335,1.8918124,2.9213276,1.4414005
2046-11-02 12:00:00,1.457991,1.2636232,2.3344123,2.0528727,2.684768,1.2510136
2046-11-03 12:00:00,0.7461153,0.9972688,2.0819523,2.4460435,2.9674432,2.468858
2046-11-04 12:00:00,1.8745106,1.6932259,4.873552,5.1960306,4.245645,3.946772
2046-11-05 12:00:00,1.8255935,1.6986109,4.6787267,5.5434265,5.2698445,3.530549
2046-11-06 12:00:00,4.6032596,3.1942277,4.6846895,4.6142263,6.8312526,2.014803
2046-11-07 12:00:00,1.7964236,1.5275904,3.9938195,4.3956547,7.0734496,3.1795995
2046-11-08 12:00:00,2.3714097,2.0567875,4.5510235,7.118845,4.5719867,3.7770991
2046-11-09 12:00:00,3.0411286,2.597899,5.109583,8.543766,7.1316805,4.4423547
2046-11-10 12:00:00,1.9299321,2.2826173,3.3127956,7.788682,9.868578,3.3766444
2046-11-11 12:00:00,3.0323462,2.3216386,5.6413627,4.7111034,5.8672633,4.3831515
2046-11-12 12:00:00,3.0923853,3.0800505,4.87966,5.2964215,4.1910963,3.5320792
2046-11-13 12:00:00,2.5140085,2.364031,7.346528,6.3464665,4.8138847,5.4968524
2046-11-14 12:00:00,2.2450194,1.9905882,8.06639,5.2806234,4.288528,5.000634
2046-11-15 12:00:00,1.8215532,1.7919301,4.354624,5.0001225,4.2201033,3.269001
2046-11-16 12:00:00,1.8622994,2.1875024,6.190823,7.866473,4.211809,4.619696
2046-11-17 12:00:00,2.5650997,2.9515598,4.5490956,7.7014427,3.3433263,3.5792212
2046-11-18 12:00:00,1.9546039,2.0320241,3.4840384,3.8211358,3.690056,2.9904816
2046-11-19 12:00:00,1.3816098,1.4223588,4.1143227,4.8915586,4.1904488,2.548622
2046-11-20 12:00:00,1.5382924,1.6188833,2.9648914,4.109817,5.2926254,2.518706
2046-11-21 12:00:00,0.99510723,1.2340281,3.0951807,4.055328,4.3355145,1.8413892
2046-11-22 12:00:00,1.3910546,1.1428787,3.8475614,3.4394372,3.073503,1.4515102
2046-11-23 12:00:00,1.6953119,1.3212774,4.2993946,3.7176218,3.6601768,2.0554054
2046-11-24 12:00:00,2.1214623,1.7970471,4.488356,2.9542758,3.330348,2.489929
2046-11-25 12:00:00,1.0421884,1.3638477,2.3313584,2.7160068,3.7435474,1.4444133
2046-11-26 12:00:00,1.7047012,1.7682183,3.2210226,5.2398257,4.740529,3.2707825
2046-11-27 12:00:00,1.1180825,1.4372696,2.9630628,5.0280356,4.549726,2.1675463
2046-11-28 12:00:00,0.9918755,1.3550388,3.2735755,4.191934,6.645156,2.2464864
2046-11-29 12:00:00,0.72225934,0.9667186,4.2584243,5.2176623,7.3856244,3.0295894
2046-11-30 12:00:00,0.989921,1.1804047,3.6216667,5.6957526,5.950872,2.7724113
2046-12-01 12:00:00,0.7046409,0.8698704,3.7081702,3.6788778,5.0920534,3.1285498
2046-12-02 12:00:00,2.0270405,1.979829,5.6734905,6.2698855,7.633263,4.980076
2046-12-03 12:00:00,3.6119137,3.622469,7.309798,5.9268312,7.6232433,4.9141803
2046-12-04 12:00:00,2.103082,2.1621337,3.7841656,5.027429,6.9464693,3.3404117
2046-12-05 12:00:00,0.9359213,1.1381623,3.612638,4.5861883,6.6842966,2.6804087
2046-12-06 12:00:00,0.8913578,1.0086324,2.2764554,4.4215784,4.2527027,2.1256845
2046-12-07 12:00:00,0.7800018,0.97270447,3.290898,4.228106,3.684575,2.2642548
2046-12-08 12:00:00,1.8613771,1.6673905,4.922057,5.074342,3.77705,3.7596745
2046-12-09 12:00:00,1.6647222,1.6514657,5.069096,5.8220305,5.5930667,3.7428129
2046-12-10 12:00:00,1.2493701,1.2440649,5.318979,3.7043478,5.3902583,2.856721
2046-12-11 12:00:00,1.7288518,1.5151412,7.121438,4.697041,6.94359,4.9728065
2046-12-12 12:00:00,1.3467422,1.3588898,4.19536,5.526903,5.720361,3.5581083
2046-12-13 12:00:00,1.612169,1.8401544,4.4474506,4.9752617,5.64471,3.264726
2046-12-14 12:00:00,2.8980374,2.3315637,3.3924472,4.0407906,4.513885,1.830756
2046-12-15 12:00:00,1.200994,1.2985713,2.559584,4.850971,4.5693173,1.6485045
2046-12-16 12:00:00,1.6895384,1.5451598,3.033502,4.6533885,4.792176,2.3664985
2046-12-17 12:00:00,2.851329,2.782345,3.5670485,5.55674,4.7179737,2.7264926
2046-12-18 12:00:00,3.8459535,2.9017272,5.1349144,3.8808432,3.8018932,2.9295664
2046-12-19 12:00:00,3.8700514,2.9077647,3.8545454,3.686665,4.315772,2.1192667
2046-12-20 12:00:00,4.047027,3.0149984,4.0997086,3.447151,2.941893,2.2214196
2046-12-21 12:00:00,3.1635594,2.5221505,4.111778,2.95204,3.9166784,2.385157
2046-12-22 12:00:00,1.874888,1.8341967,3.1395733,2.0083525,5.2335463,1.8783704
2046-12-23 12:00:00,2.2620854,2.2446895,3.5331101,3.5565577,5.764771,1.9920871
2046-12-24 12:00:00,1.7734857,2.1771662,4.1832848,6.9566708,4.255892,3.6779547
2046-12-25 12:00:00,1.2056136,1.6795197,4.0407457,4.640827,2.7383966,2.6718605
2046-12-26 12:00:00,0.90775394,1.16825,3.333763,2.9926302,2.5013824,2.9875352
2046-12-27 12:00:00,2.5707479,2.0269012,4.741417,4.9993405,2.4464588,4.059481
2046-12-28 12:00:00,3.5683384,2.5871859,5.5651045,4.2506356,3.7605143,3.6086092
2046-12-29 12:00:00,1.5033288,1.5666928,2.70947,3.884096,4.9362655,2.0804536
2046-12-30 12:00:00,1.2924807,2.07348,3.1661062,6.849386,6.5193415,2.7012615
2046-12-31 12:00:00,1.3037694,2.3317375,4.334,5.5489125,3.759129,2.8054209
2047-01-01 12:00:00,1.2951775,1.9403137,4.922994,4.750594,3.7965572,3.9424076
2047-01-02 12:00:00,1.9110875,1.8653234,3.0770981,4.3201933,3.5808756,2.7428415
2047-01-03 12:00:00,1.2989655,1.2966384,4.049216,3.4847429,4.234815,2.6852567
2047-01-04 12:00:00,0.9868194,1.3109661,2.712299,6.4010415,7.316941,2.7327144
2047-01-05 12:00:00,1.5792437,2.3190136,5.1548853,6.737877,5.34764,4.267022
2047-01-06 12:00:00,1.4052732,2.1600544,4.68714,5.737824,5.0909142,3.1649456
2047-01-07 12:00:00,2.0733428,2.389976,3.6683187,3.643438,2.9986346,2.3689394
2047-01-08 12:00:00,1.5683084,1.4151809,3.8972182,3.455381,2.8205698,2.7317448
2047-01-09 12:00:00,1.259725,1.2221924,5.125336,6.4582386,4.5857797,4.512926
2047-01-10 12:00:00,1.3764697,1.7803948,6.241031,6.0352616,5.011501,5.004891
2047-01-11 12:00:00,1.3459353,1.665215,5.78973,5.5762944,5.549374,4.448368
2047-01-12 12:00:00,2.7783813,2.1049047,4.230771,5.0023637,7.171632,3.5284355
2047-01-13 12:00:00,2.1194744,1.9689614,4.7899723,5.699912,7.8490686,3.3214033
2047-01-14 12:00:00,0.80453146,1.0868977,4.1475286,5.165769,6.660511,3.1364875
2047-01-15 12:00:00,0.74411726,1.0779897,4.217332,5.047212,6.6371994,3.2490764
2047-01-16 12:00:00,1.1034517,1.2467152,3.9527671,5.0663643,6.070682,2.0327775
2047-01-17 12:00:00,3.3855557,2.3835118,4.8707333,4.0623994,5.321143,2.3865988
2047-01-18 12:00:00,1.5443099,1.3827804,4.6356015,2.4188557,4.465033,2.8476646
2047-01-19 12:00:00,1.0063248,1.2581624,2.6814716,2.4682426,2.7464561,1.9546294
2047-01-20 12:00:00,1.5118861,1.3951138,4.4196944,2.3804846,2.7126164,2.107854
2047-01-21 12:00:00,1.5215484,1.2673935,3.927406,2.7916577,3.4682555,2.3890035
2047-01-22 12:00:00,0.87703854,1.09437,3.999589,3.5566561,3.2879143,2.8570285
2047-01-23 12:00:00,0.77402675,0.9820323,5.5683556,4.3901005,4.461925,4.1131654
2047-01-24 12:00:00,1.9778079,1.9135063,7.8761578,5.991607,4.899197,5.407595
2047-01-25 12:00:00,2.7726994,2.787085,8.468912,6.2918477,7.2809153,5.4988933
2047-01-26 12:00:00,2.320645,2.2717783,6.6001863,5.9405546,7.8270025,4.473852
2047-01-27 12:00:00,2.0980737,2.0795403,5.1934896,5.4095902,7.8620763,3.766033
2047-01-28 12:00:00,2.7809868,2.7530324,7.0315866,6.774,8.493768,5.3339305
2047-01-29 12:00:00,1.6082184,1.6537164,4.6509395,5.463474,7.4693623,3.6571703
2047-01-30 12:00:00,1.1835812,1.1474373,3.2205908,4.7798133,5.6455817,3.0040536
2047-01-31 12:00:00,2.2567568,1.907619,5.7147794,5.8682103,4.915995,4.747423
2047-02-01 12:00:00,3.312844,2.995948,6.630879,6.5283337,5.692713,5.061779
2047-02-02 12:00:00,4.584485,3.7468367,6.744811,6.098698,6.9971004,4.042561
2047-02-03 12:00:00,3.5387878,3.0827253,5.584141,5.838928,7.6770434,4.49564
2047-02-04 12:00:00,2.6616008,2.3074067,4.5640025,5.1381154,6.2790904,4.0360613
2047-02-05 12:00:00,1.8832852,1.709101,4.03011,5.6558256,5.690666,3.2490156
2047-02-06 12:00:00,1.7941053,1.8106635,5.6820283,5.031499,6.0424337,4.4851665
2047-02-07 12:00:00,1.4519093,1.4726623,4.3818,5.6594405,5.868636,3.352013
2047-02-08 12:00:00,2.2701397,1.9685488,4.5999837,6.43849,5.8316,4.2624984
2047-02-09 12:00:00,1.8503602,1.6452764,2.831413,6.8796453,6.7101817,3.3725917
2047-02-10 12:00:00,1.9924761,1.8929654,3.5986269,7.5141854,8.398141,4.1610975
2047-02-11 12:00:00,2.290524,2.4384181,3.668204,8.130329,9.365208,4.3592362
2047-02-12 12:00:00,3.16678,2.9428465,3.962394,8.277346,6.039965,3.9009924
2047-02-13 12:00:00,2.334567,2.6132908,4.2640014,7.245565,8.530083,3.486893
2047-02-14 12:00:00,2.8398008,2.9696157,5.015917,8.15516,7.5896087,4.4968376
2047-02-15 12:00:00,3.6947637,3.5353634,5.4523616,8.448561,6.9895062,4.2486677
2047-02-16 12:00:00,1.319051,1.6895304,3.0483522,4.525168,6.346855,2.164453
2047-02-17 12:00:00,2.9028664,2.4179132,4.666694,5.48299,3.5941927,4.280036
2047-02-18 12:00:00,1.913909,1.8726596,3.915969,5.6354547,4.0524564,3.4395027
2047-02-19 12:00:00,1.4228041,1.432256,3.1765938,4.858075,4.7050095,2.0008798
2047-02-20 12:00:00,1.3709939,1.2875818,2.8062158,3.5204961,5.4770007,2.3526297
2047-02-21 12:00:00,0.9748533,1.2555898,2.3023741,3.081553,5.4220834,2.15541
2047-02-22 12:00:00,1.3679584,1.3633249,2.3423347,3.4651625,3.8513763,1.8202915
2047-02-23 12:00:00,3.324736,3.0702767,4.869205,6.4571366,6.3610125,3.9284058
2047-02-24 12:00:00,3.0570416,2.7831564,3.818572,6.413697,7.5667377,2.9289696
2047-02-25 12:00:00,3.9402173,2.9007535,4.691509,4.997974,6.082298,2.3111525
2047-02-26 12:00:00,4.5082016,3.3642771,3.2118568,4.2030234,4.998176,2.038046
2047-02-27 12:00:00,3.8538837,3.4130054,3.803394,5.809534,6.4173217,2.7020173
2047-02-28 12:00:00,2.7523174,2.179193,3.490096,4.582177,6.811846,2.253914
2047-03-01 12:00:00,3.593113,3.4379284,3.3545494,5.220545,3.9610624,2.6407926
2047-03-02 12:00:00,1.8852057,1.5623667,3.4904861,4.6070743,4.3100953,2.421278
2047-03-03 12:00:00,1.4448106,1.6456207,5.2116265,4.987911,5.349178,4.406818
2047-03-04 12:00:00,3.6772718,3.4349813,5.7205935,6.074567,6.7324615,4.082013
2047-03-05 12:00:00,2.7722578,2.3893952,4.452871,5.4922776,5.8642125,4.3392367
2047-03-06 12:00:00,3.172318,2.8095968,4.911676,7.458076,5.346318,3.8229542
2047-03-07 12:00:00,2.060283,2.291921,2.85825,4.940256,5.651411,1.8375692
2047-03-08 12:00:00,1.5336862,1.4080727,2.5359306,7.1106744,7.5652003,2.8803313
2047-03-09 12:00:00,1.9716928,2.1858432,3.2344496,7.7694855,8.995695,3.9841175
2047-03-10 12:00:00,1.2043065,1.3098199,2.4217544,3.9840891,9.468053,2.8968384
2047-03-11 12:00:00,2.3790927,2.3523223,4.87421,5.650123,7.0898833,4.2056417
2047-03-12 12:00:00,3.0943131,3.1082072,5.1028643,5.2552767,5.589507,3.2167943
2047-03-13 12:00:00,2.0940776,2.2952132,3.0580785,4.9119596,6.93006,2.0058825
2047-03-14 12:00:00,1.6215667,1.6031712,4.2335453,3.1588488,6.08457,2.6414094
2047-03-15 12:00:00,4.009347,3.3980992,5.2771063,4.1604934,5.2248707,3.783909
2047-03-16 12:00:00,1.6605377,1.2589606,3.1048048,4.7000313,7.958592,2.343747
2047-03-17 12:00:00,0.7812959,1.0659537,2.8021696,4.709397,7.521642,2.3801825
2047-03-18 12:00:00,1.0354424,1.0641669,1.6631784,3.7821069,5.869355,1.3424815
2047-03-19 12:00:00,1.5159979,1.6049083,4.424258,4.6889696,5.451511,3.6075032
2047-03-20 12:00:00,2.297287,2.0623026,4.9522047,4.5290422,4.8371835,3.0498295
2047-03-21 12:00:00,3.0444674,2.7775187,3.898364,3.7250621,2.9727206,2.0389607
2047-03-22 12:00:00,2.6208394,2.0847056,3.981996,3.613123,2.7278574,1.9202378
2047-03-23 12:00:00,2.4951475,1.711627,4.854099,2.0880105,3.271827,2.016748
2047-03-24 12:00:00,1.36635,1.0931273,3.0096319,1.664721,2.063477,1.2498016
2047-03-25 12:00:00,2.2586126,1.6396222,3.053995,2.0498033,3.4070323,1.2775158
2047-03-26 12:00:00,2.8938947,2.1694248,2.4815822,3.293335,5.049829,1.3597056
2047-03-27 12:00:00,0.9714177,1.1626607,4.047402,4.0232186,5.0879097,2.6749065
2047-03-28 12:00:00,1.1526196,1.2633228,3.8210204,2.3401632,3.5681944,1.6055776
2047-03-29 12:00:00,1.5864832,1.5132188,3.632409,2.1955402,2.813129,1.5701145
2047-03-30 12:00:00,2.7370312,1.9225584,4.5559483,2.555332,3.8009105,2.3793757
2047-03-31 12:00:00,3.7309823,3.1358936,4.9617596,4.39015,4.5785084,2.6510065
2047-04-01 12:00:00,4.1811924,3.2480307,5.9416146,4.093777,5.3175783,3.1538756
2047-04-02 12:00:00,3.143981,2.6673577,3.8678923,3.8335328,3.6515744,2.1807263
2047-04-03 12:00:00,1.4840329,1.3836659,3.734269,3.3497114,3.6934557,1.6087863
2047-04-04 12:00:00,1.7683566,1.2366897,3.9249282,2.5750284,4.0502734,1.915297
2047-04-05 12:00:00,1.1130394,0.969752,2.944746,2.9732811,3.1684027,1.5547423
2047-04-06 12:00:00,1.2795546,1.126548,3.0542037,1.8038976,5.072703,1.6053007
2047-04-07 12:00:00,1.6606956,1.5693103,2.8344831,1.8361244,4.349543,1.8073668
2047-04-08 12:00:00,0.9609387,1.1424112,2.3464315,1.7200735,3.8223994,1.2964691
2047-04-09 12:00:00,1.7756133,1.3739027,2.109458,2.5234506,3.5785465,1.3836533
2047-04-10 12:00:00,2.3205645,1.7351724,2.7897005,2.172142,3.4108424,1.331573
2047-04-11 12:00:00,2.3968046,1.8003323,2.7261765,2.4016368,3.8659515,1.5220714
2047-04-12 12:00:00,3.4008603,2.5966775,3.8558235,3.324973,3.8975542,1.7850534
2047-04-13 12:00:00,3.9514832,3.0675437,5.404753,3.8019168,3.559414,2.618548
2047-04-14 12:00:00,3.2217681,2.7513428,5.483402,3.8743935,3.5095673,2.482657
2047-04-15 12:00:00,1.8201866,1.8312825,4.8974032,2.3791482,4.272255,2.0001516
2047-04-16 12:00:00,1.5577452,1.6333449,4.296745,1.6248233,5.7468987,1.575342
2047-04-17 12:00:00,1.7175589,1.6715425,4.6633663,2.5169787,5.849673,2.1480536
2047-04-18 12:00:00,1.3701015,1.4053404,3.48821,2.3738322,7.04558,1.7614309
2047-04-19 12:00:00,1.6619068,1.4197924,2.0523853,2.2829165,4.693865,1.4781803
2047-04-20 12:00:00,1.8220828,1.9675332,5.0136127,3.1826334,5.002251,3.0502598
2047-04-21 12:00:00,2.7846987,3.3995564,8.24626,4.8695226,5.242136,5.5406294
2047-04-22 12:00:00,3.5320446,3.865891,7.31028,5.2190404,7.510811,5.4921637
2047-04-23 12:00:00,3.7400315,3.724742,4.768813,5.997979,6.7406344,4.8044868
2047-04-24 12:00:00,2.171471,2.0098755,2.3424025,4.380777,7.28274,1.9348779
2047-04-25 12:00:00,1.7177563,1.6742063,1.6241802,3.271682,5.88089,1.1470981
2047-04-26 12:00:00,1.6129686,1.2129236,3.3298373,3.0424275,3.967961,2.394767
2047-04-27 12:00:00,2.0100605,2.1147902,5.150465,4.9609394,8.320677,4.4437995
2047-04-28 12:00:00,2.3737736,2.7066882,4.217273,4.3658376,6.4750366,3.0135443
2047-04-29 12:00:00,3.3607073,3.0366213,4.086368,3.2468603,3.6753287,2.102255
2047-04-30 12:00:00,1.5755224,1.534172,2.413546,3.150179,4.559654,1.2138247
2047-05-01 12:00:00,2.2307549,2.126443,3.000136,3.1703274,4.201794,1.5885496
2047-05-02 12:00:00,3.1144767,2.7616348,3.2913985,3.9158823,2.7074156,2.125656
2047-05-03 12:00:00,1.7789634,1.5116873,1.8945066,2.8543334,2.5404966,1.3095036
2047-05-04 12:00:00,1.4010499,1.3182346,1.921971,1.8094696,2.6695225,1.0033484
2047-05-05 12:00:00,1.5601246,1.5142508,2.8664975,2.7000234,2.8758335,1.6064631
2047-05-06 12:00:00,1.2625434,1.4794737,4.054744,3.5365474,5.465,2.57553
2047-05-07 12:00:00,2.117778,1.6059316,3.0474727,3.5066378,5.2650127,2.5269756
2047-05-08 12:00:00,2.0700405,1.6275566,2.2504158,2.8768425,3.4343157,1.7431263
2047-05-09 12:00:00,2.087698,1.7463856,4.173085,2.6886966,3.115777,1.9297372
2047-05-10 12:00:00,2.7287204,2.2502053,4.2275043,2.8748019,3.4167812,1.890279
2047-05-11 12:00:00,1.9871985,1.5445577,2.983256,4.2494,3.3551478,1.5905664
2047-05-12 12:00:00,1.8953692,1.8156565,2.1129615,4.6435657,3.8057127,1.4893711
2047-05-13 12:00:00,1.2099085,1.3510798,1.9889507,4.1179023,5.107117,2.0164466
2047-05-14 12:00:00,1.2453887,1.3965663,2.440618,2.978661,3.6252,2.581543
2047-05-15 12:00:00,1.5789652,1.5282254,2.3036711,2.6359358,2.8645766,1.9232793
2047-05-16 12:00:00,2.20198,1.7484628,2.7815614,2.8077972,2.6353807,1.6297048
2047-05-17 12:00:00,1.8450466,1.5600497,3.0358365,3.0861077,2.620946,2.293528
2047-05-18 12:00:00,1.4564247,1.642183,2.8813362,2.2515445,2.7007413,1.5924183
2047-05-19 12:00:00,1.9039855,1.6731938,2.8887563,2.222814,5.034535,1.9148319
2047-05-20 12:00:00,1.8023665,1.5276219,3.558168,3.8099556,4.65761,2.8210838
2047-05-21 12:00:00,2.8189662,2.4460485,3.9665785,3.2797017,3.3654265,2.9938185
2047-05-22 12:00:00,2.2129278,2.044862,3.5522559,4.0889635,4.17986,2.5761092
2047-05-23 12:00:00,2.6679568,2.304521,4.294659,4.725601,4.579489,2.638721
2047-05-24 12:00:00,2.3602095,2.2577956,3.368583,5.125776,4.302726,2.5048704
2047-05-25 12:00:00,1.924607,1.7610353,2.1563914,4.077887,3.848632,1.6343808
2047-05-26 12:00:00,0.98619336,1.135417,2.6125891,2.047582,3.3130722,1.596581
2047-05-27 12:00:00,1.0752943,1.1169761,3.4799843,2.5435123,2.8475401,2.0806298
2047-05-28 12:00:00,1.4331139,1.7091758,3.0423617,2.6155696,2.8325353,2.06101
2047-05-29 12:00:00,2.1762187,1.6014725,2.8953927,2.8471663,3.2918856,1.6961507
2047-05-30 12:00:00,2.959986,2.4213376,2.8271964,2.6935697,3.8835502,1.620432
2047-05-31 12:00:00,2.0668268,1.8794936,2.6476645,2.6376646,4.0479026,1.1663084
2047-06-01 12:00:00,2.3301425,1.9103718,3.4718835,2.5142658,3.6836605,1.8665798
2047-06-02 12:00:00,2.4934413,2.014353,3.4809089,2.310158,3.3987823,2.0618794
2047-06-03 12:00:00,1.479996,1.2767317,2.3356192,2.3460445,2.3279638,1.3328424
2047-06-04 12:00:00,1.8185945,1.6181303,2.4646375,2.3340058,3.4289746,1.9782938
2047-06-05 12:00:00,1.2953638,1.5071796,2.7494185,3.4486802,4.51446,1.9115187
2047-06-06 12:00:00,2.3886743,2.2154717,3.0814953,4.345893,4.8454013,1.9898404
2047-06-07 12:00:00,1.6939719,1.5087924,2.7381828,3.059368,3.2543561,2.0070813
2047-06-08 12:00:00,1.5941796,1.4817759,2.5515542,2.8001957,2.7169478,1.94635
2047-06-09 12:00:00,2.022223,1.5403917,3.318702,2.5942323,3.89012,1.9128374
2047-06-10 12:00:00,1.4249349,1.2409339,2.1532714,3.386887,4.34631,1.3618945
2047-06-11 12:00:00,3.3359122,2.3186193,3.5830207,2.7107246,3.9390411,1.6278301
2047-06-12 12:00:00,2.216979,1.7600269,2.1587229,2.2308228,3.080116,1.2672582
2047-06-13 12:00:00,2.3388495,1.8509395,3.7226882,2.7318122,4.4142795,2.085644
2047-06-14 12:00:00,2.9353452,2.0910487,3.9790173,2.8845596,6.8401775,1.8422875
2047-06-15 12:00:00,1.6995338,1.5709783,2.309492,2.44848,3.0557508,1.5574896
2047-06-16 12:00:00,2.481128,2.1714556,4.138352,3.3235836,2.4306235,2.398668
2047-06-17 12:00:00,3.1209059,2.8863924,3.332416,4.999488,3.4771457,2.7955787
2047-06-18 12:00:00,1.8754907,1.7090963,3.7296135,2.9940107,4.977056,3.244952
2047-06-19 12:00:00,1.9431756,1.5515479,2.3199556,2.7384596,3.8169029,1.7921515
2047-06-20 12:00:00,1.0246239,1.0671932,1.8193874,1.7984113,4.8248024,1.5129304
2047-06-21 12:00:00,0.9951921,0.82464015,1.5320631,1.8955219,4.524864,1.456183
2047-06-22 12:00:00,1.8381236,1.7455083,2.9099982,3.3679647,4.62451,2.7171354
2047-06-23 12:00:00,2.657984,2.4120443,4.310154,3.9663112,3.817775,3.8657866
2047-06-24 12:00:00,2.1145267,1.8170396,4.519658,3.249396,3.7811928,3.1802523
2047-06-25 12:00:00,3.0083613,2.573543,3.9865367,4.9527016,3.500055,3.8115869
2047-06-26 12:00:00,2.174552,2.1008685,3.1325173,3.8338375,2.984394,3.36127
2047-06-27 12:00:00,1.6436348,1.5082073,2.0464432,3.3961244,2.6245596,2.4271922
2047-06-28 12:00:00,1.1993926,1.0145748,1.481666,2.7961736,2.2096875,1.7751408
2047-06-29 12:00:00,1.3907293,1.076573,2.2297356,2.8546517,1.8446199,1.9884489
2047-06-30 12:00:00,0.8749048,1.0060606,3.0700986,3.477922,2.0943801,2.0327294
2047-07-01 12:00:00,1.7159247,1.5807512,3.814543,3.3719494,2.8926585,2.3522425
2047-07-02 12:00:00,2.2845445,1.8897893,2.7568798,2.0515168,3.3432941,1.4583766
2047-07-03 12:00:00,1.5777893,1.2011799,1.993708,1.9801124,2.0483637,1.5624692
2047-07-04 12:00:00,2.1712785,1.75845,1.7998536,2.3577957,2.299241,1.3932669
2047-07-05 12:00:00,1.9420447,1.6289984,2.073276,2.8233986,3.140935,1.3430561
2047-07-06 12:00:00,1.6986582,1.3765755,2.1931722,2.2945108,2.8051922,1.2136414
2047-07-07 12:00:00,1.5009236,1.1558454,2.5065315,2.4087386,2.6288207,1.9112141
2047-07-08 12:00:00,1.5676866,1.1184886,3.1081994,2.3032973,2.5177195,1.9670072
2047-07-09 12:00:00,1.8197112,1.9149764,3.720202,3.2201035,2.780467,2.0355308
2047-07-10 12:00:00,2.5145888,2.3842828,3.6888895,3.825237,2.4556673,2.0951972
2047-07-11 12:00:00,2.162735,2.2088745,2.842801,3.1183686,2.498974,1.3862797
2047-07-12 12:00:00,1.7096574,1.4061215,3.4935758,2.308734,2.7400284,2.542994
2047-07-13 12:00:00,2.2744107,2.1958988,3.6171148,3.8498764,3.7394562,2.2832189
2047-07-14 12:00:00,2.338738,2.0452404,2.8255565,2.984653,3.446475,1.6034914
2047-07-15 12:00:00,1.2990017,1.163346,1.896263,2.1031566,2.1419837,1.125441
2047-07-16 12:00:00,1.3175287,1.1018834,1.5794606,1.7104543,2.1500807,1.0156684
2047-07-17 12:00:00,1.536459,1.4242048,3.542311,2.165657,2.202588,1.6214069
2047-07-18 12:00:00,2.5101585,2.3043487,3.9650352,3.140953,2.323822,2.152137
2047-07-19 12:00:00,2.6988258,2.3265738,4.0437427,4.3081226,2.7900274,3.398758
2047-07-20 12:00:00,2.0356736,2.0878026,2.8763545,4.7818227,3.5448904,3.1410625
2047-07-21 12:00:00,1.4669034,1.2330836,1.9327855,4.16139,3.978921,1.4647238
2047-07-22 12:00:00,1.1492381,1.2726465,2.0908716,2.0190635,2.278161,1.1412202
2047-07-23 12:00:00,2.065331,1.738706,2.6030555,2.307583,2.549004,1.5037565
2047-07-24 12:00:00,2.5654655,1.9458706,2.1678753,1.9504784,3.1678026,1.1877891
2047-07-25 12:00:00,1.332633,1.412619,2.9277513,2.1142235,3.060287,1.630699
2047-07-26 12:00:00,1.3015547,1.587254,3.5535002,3.0288682,2.7225,2.6975474
2047-07-27 12:00:00,1.4321673,1.4232033,2.8310788,2.3759594,2.6557636,1.9489946
2047-07-28 12:00:00,1.8055558,1.4923937,3.4124873,2.9558215,2.7030983,2.6042848
2047-07-29 12:00:00,1.2130939,1.2983199,3.0149615,2.699202,3.423471,1.6546204
2047-07-30 12:00:00,1.6277857,1.2781526,3.0489774,2.28469,2.2603471,1.495611
2047-07-31 12:00:00,0.9091798,1.0343146,2.4488623,1.8608937,1.9088017,1.4433125
2047-08-01 12:00:00,1.038487,1.2690867,1.6135144,2.0976799,2.064254,1.5668131
2047-08-02 12:00:00,0.9774992,1.115356,1.718753,1.4801557,2.4339721,1.0668601
2047-08-03 12:00:00,1.1842847,1.1230097,2.0340078,1.34918,2.3801055,1.092486
2047-08-04 12:00:00,1.665437,1.4981741,1.9746151,1.4177125,3.2261753,1.1236987
2047-08-05 12:00:00,1.182622,1.2245119,2.362628,1.6910084,2.5412836,1.1406783
2047-08-06 12:00:00,1.1693398,1.1305591,2.8133643,1.6170594,2.8857982,1.2530706
2047-08-07 12:00:00,1.1857771,1.1250134,2.145906,1.8081614,2.7494006,1.351291
2047-08-08 12:00:00,1.0228747,1.1908245,1.8543856,2.3847964,3.3196304,1.1916631
2047-08-09 12:00:00,1.2397873,1.0719429,2.491863,2.9553368,2.6858277,1.4903011
2047-08-10 12:00:00,1.5088258,1.2059311,3.1888292,3.1187038,2.412934,1.8894393
2047-08-11 12:00:00,1.7735308,1.405134,3.1773586,3.1201997,2.0788481,1.7017939
2047-08-12 12:00:00,0.9491497,0.9643008,1.9303901,2.2149365,2.2829962,1.2413956
2047-08-13 12:00:00,1.4114602,1.1345174,1.8142071,2.311123,2.3907354,1.2126999
2047-08-14 12:00:00,1.6012511,1.556764,2.398494,2.0790818,2.3378637,1.8088022
2047-08-15 12:00:00,1.8942555,1.9012461,3.4858577,3.1065893,2.3430476,2.244571
2047-08-16 12:00:00,2.769102,2.221984,2.8376415,2.7174573,2.1274762,1.2365427
2047-08-17 12:00:00,2.5599813,2.110883,3.508489,3.2172241,2.5309546,1.3866179
2047-08-18 12:00:00,2.5564988,1.8924078,3.6249301,2.523399,4.024762,2.1753063
2047-08-19 12:00:00,2.4466434,1.9592104,3.4715738,2.1176143,3.4321365,2.2937105
2047-08-20 12:00:00,1.7359264,1.5147595,3.8424542,3.1194458,4.4891543,1.8491355
2047-08-21 12:00:00,1.36454,1.6239319,5.807376,4.3942223,4.891624,1.8444366
2047-08-22 12:00:00,2.1251128,2.0605793,2.7253206,4.1208534,3.4429233,1.9028258
2047-08-23 12:00:00,2.3050601,2.3621116,5.1518965,5.048905,2.832563,3.9548824
2047-08-24 12:00:00,2.1448076,2.3489537,4.1068835,4.39404,4.2046847,2.6915276
2047-08-25 12:00:00,2.0664358,1.6508117,2.3225527,6.183625,4.668094,1.7606442
2047-08-26 12:00:00,2.2382686,1.7512034,2.1076891,6.5388126,5.638607,1.6016023
2047-08-27 12:00:00,1.7505405,1.9251381,3.4084318,3.353452,5.9386206,2.3137174
2047-08-28 12:00:00,2.4526966,2.4344141,3.808378,4.1097145,4.1274085,2.8808246
2047-08-29 12:00:00,2.8258028,2.5631125,4.4448752,4.8791785,3.2533402,3.303179
2047-08-30 12:00:00,3.102979,2.726334,5.189589,5.76464,4.8984604,3.3527884
2047-08-31 12:00:00,2.131518,2.015937,4.6483564,3.645706,5.929225,2.517361
2047-09-01 12:00:00,3.1138806,2.6387181,6.550411,3.6421673,4.0559144,3.3269432
2047-09-02 12:00:00,2.7995753,2.277224,4.092283,4.3217316,4.1541734,3.1407967
2047-09-03 12:00:00,3.002201,2.6767282,5.575108,4.6313763,3.3832088,3.7371407
2047-09-04 12:00:00,4.0507855,3.1801965,6.450604,5.3740997,4.0599084,3.9922926
2047-09-05 12:00:00,4.0607295,3.5053976,6.732198,8.242673,5.2875924,4.1615543
2047-09-06 12:00:00,2.5376306,2.4983106,4.5038123,7.743064,6.4306774,3.1854088
2047-09-07 12:00:00,4.0348577,3.490928,6.6117353,6.954737,5.391625,5.565519
2047-09-08 12:00:00,3.5481153,3.344863,5.2868433,8.870353,5.7727084,4.2577376
2047-09-09 12:00:00,3.159453,2.7667043,4.730366,6.1481824,6.0000353,3.6009755
2047-09-10 12:00:00,3.148156,2.739531,4.660233,5.0153675,4.3513427,3.4381573
2047-09-11 12:00:00,2.7412996,2.6817906,3.9995928,5.440053,5.883349,3.1859045
2047-09-12 12:00:00,2.9360733,2.4593294,3.303919,3.436601,5.3924556,2.693347
2047-09-13 12:00:00,1.0498586,1.4500878,2.7618878,4.589179,3.8387897,2.6269634
2047-09-14 12:00:00,1.0105652,1.444058,1.6746652,3.465339,5.2171035,1.5715939
2047-09-15 12:00:00,0.9164074,0.9517179,1.6758564,1.9749975,6.79884,1.1060017
2047-09-16 12:00:00,1.0739443,1.2813263,2.623689,2.242535,6.6453056,1.8951336
2047-09-17 12:00:00,0.9639374,1.0469834,2.733575,2.6691446,5.607331,1.3347876
2047-09-18 12:00:00,1.5714157,1.4593318,3.9449918,2.793433,4.1707463,1.5752543
2047-09-19 12:00:00,1.1875012,1.2878586,3.200715,1.9794214,3.5856702,1.35365
2047-09-20 12:00:00,1.5316023,1.9172759,3.6243558,3.6571681,5.2108035,2.6445415
2047-09-21 12:00:00,2.6977234,2.4951584,3.742127,5.293454,4.8140507,2.8982637
2047-09-22 12:00:00,2.0492725,1.8015592,3.6178923,5.6423497,5.7424965,3.1025603
2047-09-23 12:00:00,2.7432866,2.4430883,3.8344624,3.7239919,5.9003553,3.6180418
2047-09-24 12:00:00,2.1884859,2.1549087,2.9211771,4.6945605,7.6291275,2.7294106
2047-09-25 12:00:00,2.064177,1.8454776,2.7835727,4.9801455,7.9679217,2.74365
2047-09-26 12:00:00,2.2105086,1.9352992,2.1943374,4.1364894,5.406223,2.2365851
2047-09-27 12:00:00,1.830331,1.6427678,3.5693958,3.4108403,5.353722,2.0040576
2047-09-28 12:00:00,1.8898185,1.7759243,3.0590336,6.200197,6.538528,2.125031
2047-09-29 12:00:00,2.8011563,2.5420525,4.9809036,6.187286,5.452733,3.651239
2047-09-30 12:00:00,3.109561,2.9836328,4.66953,5.6339393,5.0382795,3.0653346
2047-10-01 12:00:00,2.141382,2.1871734,4.016365,5.294395,4.5003815,2.815623
2047-10-02 12:00:00,1.8326924,2.0148168,3.232211,5.2793775,4.7909427,2.1722667
2047-10-03 12:00:00,2.1696882,2.2654462,3.3229313,7.7049694,6.0863967,2.8285377
2047-10-04 12:00:00,3.3507936,3.5401525,5.471246,9.057153,9.409197,4.354432
2047-10-05 12:00:00,3.0287418,3.3473465,4.5206017,6.1185884,7.571683,3.063984
2047-10-06 12:00:00,1.8215557,1.8790125,3.1552472,6.1195855,5.286059,2.7048256
2047-10-07 12:00:00,2.666162,2.646093,4.346832,4.926617,5.8367486,2.9959164
2047-10-08 12:00:00,3.6421168,3.2250288,6.8230762,4.755729,3.0135157,4.832653
2047-10-09 12:00:00,2.5072021,2.449006,3.998722,4.4300027,4.12656,2.6210368
2047-10-10 12:00:00,1.1874877,1.0999801,2.3254972,3.280514,3.7105665,1.8206934
2047-10-11 12:00:00,2.571341,2.043154,4.7624917,3.2016664,3.1419594,1.9602343
2047-10-12 12:00:00,3.9586065,3.849818,5.8852363,6.4192557,3.3199189,3.9538455
2047-10-13 12:00:00,2.8647752,2.1670244,5.9829884,3.967661,3.468114,3.4851885
2047-10-14 12:00:00,3.7262726,3.5479255,7.519272,5.677113,3.6486917,3.9123044
2047-10-15 12:00:00,2.3051999,2.3610728,6.477566,4.824476,4.7895503,4.768513
2047-10-16 12:00:00,0.7666067,0.87470144,4.65252,2.5763173,2.9579453,3.0278883
2047-10-17 12:00:00,1.71344,1.2784342,3.9007664,1.9386563,2.127524,2.1240013
2047-10-18 12:00:00,2.2166836,2.0013433,2.5951648,3.0762467,4.0072064,1.4431491
2047-10-19 12:00:00,1.1819575,1.2522823,2.4953413,3.0961432,3.4616976,1.4111083
2047-10-20 12:00:00,1.4236252,1.3240323,5.315009,2.9977312,2.9089549,2.9265888
2047-10-21 12:00:00,3.3151405,2.7686532,6.116659,3.7965446,3.2850022,3.7432117
2047-10-22 12:00:00,1.6538439,1.4567937,2.2269015,3.3153424,3.9744186,1.8282827
2047-10-23 12:00:00,2.2056482,1.8667465,2.7891357,4.795173,4.428519,1.4217697
2047-10-24 12:00:00,2.339992,1.7273014,3.8311698,2.7941492,2.9082177,2.52616
2047-10-25 12:00:00,2.8582547,2.5747335,6.009841,4.496001,4.0755935,4.54552
2047-10-26 12:00:00,3.592555,3.7304988,4.664537,5.4919977,3.8670228,3.2388258
2047-10-27 12:00:00,2.6781883,2.8341067,4.4195423,6.438729,4.9203944,3.240495
2047-10-28 12:00:00,2.0488384,2.3995883,4.491838,5.42296,7.297347,3.1635172
2047-10-29 12:00:00,1.1476294,1.4062219,2.6348593,2.565846,7.243991,2.4658034
2047-10-30 12:00:00,1.398838,1.4464853,4.2630973,3.8310394,5.529806,3.149855
2047-10-31 12:00:00,1.7287874,1.859291,3.772741,3.7912614,3.918132,2.524018
2047-11-01 12:00:00,1.9962714,1.5156522,3.5956454,4.0331016,3.4227493,1.7822111
2047-11-02 12:00:00,4.2818327,3.3605754,3.6111445,5.4043818,3.9762046,2.4363258
2047-11-03 12:00:00,4.2546263,3.2469969,4.120344,2.929678,3.8821464,2.6965215
2047-11-04 12:00:00,1.4140531,1.2270565,2.159467,4.237952,3.771961,1.5382502
2047-11-05 12:00:00,3.0473442,2.5305815,5.4600425,4.01775,2.7477412,3.1640785
2047-11-06 12:00:00,3.1553488,3.158206,4.933289,6.28981,5.0343223,3.8544078
2047-11-07 12:00:00,1.5148473,1.5147837,4.452608,3.0491686,7.284688,1.7903978
2047-11-08 12:00:00,1.4102881,1.2986389,2.7656095,5.071807,5.5996633,1.6074553
2047-11-09 12:00:00,3.1781151,2.4987333,4.8400774,3.1416543,6.1616077,1.6021283
2047-11-10 12:00:00,1.6551127,1.5251997,3.6304355,3.3535936,4.4126763,2.5903952
2047-11-11 12:00:00,1.3550365,1.6021874,4.1102414,4.796836,4.1934147,2.6847312
2047-11-12 12:00:00,1.9997326,1.907124,4.466903,4.6957426,4.786389,4.0880723
2047-11-13 12:00:00,3.0336754,2.5505223,3.9176822,5.312648,4.529554,3.650159
2047-11-14 12:00:00,1.8763252,1.4905734,3.438776,4.5465307,4.058493,1.7528926
2047-11-15 12:00:00,1.2607187,1.1583178,2.909278,4.5612545,4.3547235,2.4013677
2047-11-16 12:00:00,3.1332774,3.151112,7.7125864,7.161747,4.0217056,6.166891
2047-11-17 12:00:00,4.074521,3.955028,6.4388313,6.3469415,3.488516,4.6333375
2047-11-18 12:00:00,3.4942284,2.453826,4.3194094,3.614535,3.1741397,2.1618698
2047-11-19 12:00:00,2.1967885,1.438655,2.6910594,2.6867974,3.2736423,1.5865817
2047-11-20 12:00:00,1.2922019,1.3538048,2.2934277,2.3692076,3.9503531,1.5865561
2047-11-21 12:00:00,1.0184654,1.3067849,1.99947,5.64554,3.5525117,2.5913675
2047-11-22 12:00:00,0.98078734,1.1379242,3.522047,5.106172,5.0384946,3.0097144
2047-11-23 12:00:00,2.506987,1.7781388,5.300913,3.671936,4.3845434,2.5394504
2047-11-24 12:00:00,2.6618361,1.7794856,4.444189,4.0354557,3.876959,2.832957
2047-11-25 12:00:00,1.3049188,1.4430246,4.9812,5.615228,5.243518,4.495725
2047-11-26 12:00:00,3.6359563,3.3942652,6.521222,6.578722,7.070307,5.3040614
2047-11-27 12:00:00,2.5894423,2.4227784,5.66039,5.1774297,6.615935,4.41861
2047-11-28 12:00:00,3.2660513,2.94631,6.599074,6.397486,5.9353023,5.306139
2047-11-29 12:00:00,2.234013,2.2657394,4.0648165,6.071203,7.8575506,3.1204166
2047-11-30 12:00:00,1.3400717,1.1929069,2.9674523,4.0406194,5.809047,2.2081258
2047-12-01 12:00:00,1.5073801,1.3757688,4.6184764,5.140673,5.299557,4.1049457
2047-12-02 12:00:00,4.5752573,3.7887192,6.765959,6.0386205,8.846162,4.7973127
2047-12-03 12:00:00,2.511534,2.3146763,5.2335715,5.6102266,8.337161,3.7988594
2047-12-04 12:00:00,2.8451722,2.2606244,4.9981213,4.8175797,7.3567443,2.9964087
2047-12-05 12:00:00,2.6441667,2.005586,5.043276,6.168257,5.627271,3.636667
2047-12-06 12:00:00,1.1716733,1.3557634,4.2208686,5.7013288,5.863768,2.3903198
2047-12-07 12:00:00,1.7416403,1.6803781,3.449878,6.124342,4.3036933,2.839536
2047-12-08 12:00:00,3.000936,2.4441335,6.1981406,7.1168666,4.333536,4.665012
2047-12-09 12:00:00,3.481758,2.5105844,7.1427155,6.5069222,4.5238166,5.146275
2047-12-10 12:00:00,3.5496707,2.7353528,6.5637197,6.141341,3.1581068,4.6119556
2047-12-11 12:00:00,4.0737915,3.679588,7.744171,5.795778,3.289768,4.728126
2047-12-12 12:00:00,3.6708174,3.8597412,4.8178506,5.975929,4.56173,3.1592126
2047-12-13 12:00:00,2.6638975,2.2239625,5.7083883,6.213746,4.537085,4.31465
2047-12-14 12:00:00,3.8235524,2.9145503,8.046073,7.5998373,6.068611,5.642913
2047-12-15 12:00:00,4.2649274,3.7041378,8.07936,7.4044547,5.757771,5.3822994
2047-12-16 12:00:00,2.6726084,2.2647874,6.3518353,6.2672715,3.929987,4.380543
2047-12-17 12:00:00,1.9117377,2.0203686,5.068552,5.0448866,3.5303612,4.1725802
2047-12-18 12:00:00,1.2500274,1.4335742,3.6706922,4.1236005,3.8477414,2.9486198
2047-12-19 12:00:00,2.9000144,2.4809022,5.928453,5.9517245,4.247692,4.3578367
2047-12-20 12:00:00,0.960728,1.1523138,5.858459,3.98202,5.689785,3.5476158
2047-12-21 12:00:00,1.5517149,1.3524572,5.317967,3.8111584,5.043854,3.2358687
2047-12-22 12:00:00,1.5808783,1.3084594,4.026125,4.4144826,4.5272307,3.3439379
2047-12-23 12:00:00,2.8242311,2.2410023,6.5359616,5.588123,4.366712,4.3182325
2047-12-24 12:00:00,2.1061578,1.7824146,3.286963,5.1626945,5.4027095,2.6895986
2047-12-25 12:00:00,3.583013,2.5180545,4.8121867,3.9946823,5.113073,2.6398342
2047-12-26 12:00:00,1.6857752,1.3853495,2.338719,2.6889422,3.8453822,1.8481643
2047-12-27 12:00:00,1.4898629,1.2141455,3.686168,2.275796,3.3245482,2.0996025
2047-12-28 12:00:00,3.7029605,2.5469954,3.472901,2.5483248,3.14012,2.0354412
2047-12-29 12:00:00,2.52993,2.2841952,3.4820588,2.4888551,4.6968513,2.4800572
2047-12-30 12:00:00,0.7164333,1.1757531,2.9002402,5.768085,4.6601253,2.0521998
2047-12-31 12:00:00,0.9589747,1.2987181,3.6710076,5.4772224,7.0680118,3.7399073
2048-01-01 12:00:00,2.1148734,1.9814157,3.6575882,6.14235,8.035599,2.8395941
2048-01-02 12:00:00,1.9559947,1.8096346,5.0913424,6.2501607,8.3676815,4.154707
2048-01-03 12:00:00,3.944191,3.8922465,6.6977735,7.095827,8.863595,4.8977613
2048-01-04 12:00:00,3.7272058,3.3942533,5.164604,6.8959293,9.178116,3.9553597
2048-01-05 12:00:00,3.6339128,3.169837,5.217465,5.0940237,7.296606,3.6946752
2048-01-06 12:00:00,1.819098,1.6824253,4.7870955,4.7872977,7.312262,3.6067863
2048-01-07 12:00:00,2.7947736,2.4179158,4.0774865,5.0935183,5.95563,3.2671173
2048-01-08 12:00:00,5.060117,4.6564326,6.9975395,6.4965878,6.165271,4.881527
2048-01-09 12:00:00,2.4104133,2.0763357,3.1860745,3.7430522,3.7192144,2.75844
2048-01-10 12:00:00,3.4883468,3.007117,6.049643,6.446302,6.452735,4.371458
2048-01-11 12:00:00,3.10641,2.9380069,6.842992,6.0826683,6.204141,4.5909247
2048-01-12 12:00:00,3.006967,2.502459,3.890644,4.3213267,5.1757636,3.0429828
2048-01-13 12:00:00,1.7227858,1.4874038,3.4603035,4.2704654,5.370751,2.3341467
2048-01-14 12:00:00,1.8623452,1.7304889,4.550659,4.9692245,5.3297014,3.3965838
2048-01-15 12:00:00,3.4276195,2.9213433,3.2664456,4.722367,6.6038766,1.5134788
2048-01-16 12:00:00,1.460034,1.7030221,2.9227684,3.3986015,5.505229,2.2074838
2048-01-17 12:00:00,1.3544796,1.3952664,3.9414074,3.3476794,4.1846952,2.8892722
2048-01-18 12:00:00,1.6840774,1.6025683,4.511306,3.7823882,5.0803285,2.7965615
2048-01-19 12:00:00,2.5229259,2.2871914,5.1716685,5.9955025,5.8268623,4.340154
2048-01-20 12:00:00,2.375381,2.2598138,3.918376,7.3079853,9.96688,3.3658276
2048-01-21 12:00:00,4.98229,3.7953115,6.5127053,7.1259627,7.727381,6.2156563
2048-01-22 12:00:00,3.2194397,3.5243678,3.877974,8.865017,7.2650785,3.78984
2048-01-23 12:00:00,1.1691575,1.3918345,2.5105252,5.0941515,9.27781,2.9144278
2048-01-24 12:00:00,1.9761906,2.2032042,4.2811546,8.362342,6.340731,4.162772
2048-01-25 12:00:00,1.3290958,1.5380499,4.064526,6.4198813,4.7879863,4.0376973
2048-01-26 12:00:00,1.9356745,2.0273192,3.9535193,7.3836136,8.344254,3.7621894
2048-01-27 12:00:00,2.2327266,2.105734,4.025279,6.6321845,6.234155,4.397035
2048-01-28 12:00:00,3.7148669,2.8790066,5.7268105,6.5858183,4.9495544,4.829251
2048-01-29 12:00:00,4.5130215,3.9695876,8.18061,6.9095354,5.661685,5.996346
2048-01-30 12:00:00,2.1838412,2.2719994,4.1016707,4.798892,6.0398083,2.7832294
2048-01-31 12:00:00,3.5915856,3.1801212,7.3946214,4.8998423,3.7346742,4.850451
2048-02-01 12:00:00,3.4153914,3.174078,5.1936765,5.933293,3.7109308,3.5649202
2048-02-02 12:00:00,2.2085178,1.7485067,2.538286,3.9401772,3.6783252,1.7524903
2048-02-03 12:00:00,1.1743567,1.3460877,2.6962104,3.9876425,3.8763556,1.9826156
2048-02-04 12:00:00,1.2532599,1.489605,2.3352861,3.1830547,3.7816615,1.745877
2048-02-05 12:00:00,1.4924004,1.4633179,4.0263176,5.604078,4.3013887,3.7366493
2048-02-06 12:00:00,2.493712,2.3160381,5.510805,5.253577,4.3486586,4.022367
2048-02-07 12:00:00,1.3547935,1.5675715,5.4002976,3.532482,4.4304094,2.830356
2048-02-08 12:00:00,1.6134067,1.47045,3.7040567,2.9413238,4.5674915,2.3197565
2048-02-09 12:00:00,2.5793705,1.6432375,3.1834285,3.4942346,4.453231,2.3298304
2048-02-10 12:00:00,0.8375621,0.88456935,2.9466777,3.8859942,3.1223333,2.4690197
2048-02-11 12:00:00,2.3329763,1.7982084,6.2246213,3.970563,5.0717764,3.049763
2048-02-12 12:00:00,3.1756992,2.2057192,4.443312,2.9694903,5.4784026,2.3831916
2048-02-13 12:00:00,2.1071522,2.069989,1.9497793,3.4599032,4.037641,1.4922076
2048-02-14 12:00:00,2.4273114,1.9747113,2.9096274,2.0316663,3.4946022,1.9162859
2048-02-15 12:00:00,0.81939626,1.1288642,1.6893785,3.0293355,3.1116078,1.820929
2048-02-16 12:00:00,1.7930951,2.0106652,3.0505562,6.9653583,3.844559,3.2546973
2048-02-17 12:00:00,1.5916103,1.9689003,3.213336,5.203299,5.368255,3.1971045
2048-02-18 12:00:00,3.9987617,3.4843216,6.8575225,8.728821,6.5795655,5.3557534
2048-02-19 12:00:00,4.068956,3.4704907,7.45759,7.088826,3.8035948,5.328271
2048-02-20 12:00:00,2.880424,2.3039248,4.983179,4.129415,4.3581266,3.8269198
2048-02-21 12:00:00,3.1971493,2.3993914,4.8348045,3.6698718,4.9498444,3.2847636
2048-02-22 12:00:00,2.045854,1.9204082,3.0903494,5.3241434,4.9711094,2.5223653
2048-02-23 12:00:00,2.3916216,2.5513706,4.7775593,7.718324,7.092923,3.7246625
2048-02-24 12:00:00,3.0846586,3.684796,5.138974,8.204555,6.4084706,3.883885
2048-02-25 12:00:00,1.3137082,1.5887529,4.296458,4.302254,5.4592457,3.0039134
2048-02-26 12:00:00,2.1544852,1.9332861,5.226918,6.0951405,5.145571,3.9308388
2048-02-27 12:00:00,3.6728425,3.1585903,5.77148,7.1353645,5.6799912,4.191894
2048-02-28 12:00:00,3.464213,3.4715588,5.658594,8.747145,4.5226164,4.4995093
2048-02-29 12:00:00,2.4201212,2.625549,4.471735,5.2760587,4.93065,3.0385966
2048-03-01 12:00:00,2.6570835,2.280158,4.4178033,6.2506924,3.5764186,3.8999686
2048-03-02 12:00:00,2.3560362,2.559332,3.8400106,8.330565,4.2397923,3.916146
2048-03-03 12:00:00,1.9638114,1.7386559,4.2517085,5.999354,4.7676754,4.429042
2048-03-04 12:00:00,0.667787,1.0072854,3.45416,4.6562285,6.1196117,3.9816256
2048-03-05 12:00:00,1.6829011,1.5315592,3.6832829,4.6807857,6.771159,3.7199256
2048-03-06 12:00:00,1.3627319,1.3418808,2.6933289,5.569249,6.93834,2.6827276
2048-03-07 12:00:00,3.7486722,3.3824046,5.4619036,7.4798594,8.947083,4.9088297
2048-03-08 12:00:00,2.2312176,2.665719,4.495451,6.708089,8.227738,3.4387796
2048-03-09 12:00:00,1.9494262,1.8179815,2.222802,2.3121855,5.2043676,1.7960178
2048-03-10 12:00:00,1.7683214,1.3115544,2.297455,1.8008474,4.4800935,1.2203736
2048-03-11 12:00:00,1.0632036,1.1576895,2.0301437,1.7158922,7.3465667,1.4068842
2048-03-12 12:00:00,2.3260107,2.2119038,2.194671,2.21714,5.926606,1.659856
2048-03-13 12:00:00,2.7384467,2.1734586,2.9876587,2.5849981,5.5631957,1.6160092
2048-03-14 12:00:00,2.018678,1.5929257,3.7249491,2.3966334,4.6744375,1.944531
2048-03-15 12:00:00,1.0505687,0.95561314,2.3066766,2.54926,5.2022653,1.3185842
2048-03-16 12:00:00,1.2761428,1.133253,2.3930068,3.646722,4.9278593,1.7656046
2048-03-17 12:00:00,1.5044346,1.5058749,1.8126234,3.9561327,6.6361995,1.700004
2048-03-18 12:00:00,2.3516617,1.7029144,3.4279213,2.446214,6.0768075,1.96021
2048-03-19 12:00:00,0.9067205,1.2555707,1.9160297,4.021293,6.5158257,1.5968889
2048-03-20 12:00:00,0.7971188,0.9294778,1.810517,3.4075832,4.364732,1.3962885
2048-03-21 12:00:00,0.92849314,1.2305003,1.8857524,4.855964,4.9995375,1.7059178
2048-03-22 12:00:00,1.3764939,1.7974867,1.9701515,3.7307553,5.1461477,1.8503832
2048-03-23 12:00:00,0.9383316,1.138581,1.7638273,2.1634085,2.969231,1.5606475
2048-03-24 12:00:00,1.7556859,1.5162863,1.645072,1.9780618,2.543348,1.9795201
2048-03-25 12:00:00,1.6795226,1.274029,2.9986095,2.107824,2.8877769,1.5408741
2048-03-26 12:00:00,2.8822842,2.4586222,6.7914476,4.398908,3.0433772,4.063757
2048-03-27 12:00:00,4.6682286,4.1642127,6.8211513,7.6719084,5.629809,5.1704364
2048-03-28 12:00:00,1.8195648,1.9733144,4.82403,4.3642845,7.788148,3.3306482
2048-03-29 12:00:00,3.8386905,3.1570826,4.683862,4.3267784,6.3385873,3.1327014
2048-03-30 12:00:00,1.7500488,1.6413263,2.3048913,4.5788445,4.4126062,2.3742216
2048-03-31 12:00:00,1.884819,1.5461707,2.842453,1.8108083,2.915022,1.5994625
2048-04-01 12:00:00,4.121582,3.1661215,4.265409,2.735148,3.2536273,2.0936873
2048-04-02 12:00:00,3.1827345,2.7810783,2.7708273,4.631999,4.626726,1.8691944
2048-04-03 12:00:00,2.4398685,2.125523,3.3490374,3.8911853,5.7838073,2.2935662
2048-04-04 12:00:00,1.5508659,1.4507043,3.528784,4.016272,4.9177637,1.8062121
2048-04-05 12:00:00,1.7652365,1.6004032,3.353935,4.0766997,4.9562674,1.4849261
2048-04-06 12:00:00,2.8765044,2.3977702,2.5003722,3.785676,7.1323977,1.9532582
2048-04-07 12:00:00,1.6750202,1.2285553,3.3370588,2.4455118,7.137164,1.8086154
2048-04-08 12:00:00,1.0110488,1.1631975,2.105366,2.0401707,5.9038434,1.3227633
2048-04-09 12:00:00,0.9964993,1.113544,2.3081415,2.3380492,4.158195,1.4415334
2048-04-10 12:00:00,2.0214853,1.5740322,5.442566,3.145346,2.352647,2.558855
2048-04-11 12:00:00,2.8926704,2.5186377,6.4405146,3.5902312,2.5795803,3.5320177
2048-04-12 12:00:00,1.4903419,1.5297897,3.9676554,3.1956048,2.9833755,2.5308042
2048-04-13 12:00:00,2.414213,1.9501288,3.5821893,3.1772664,3.2542956,2.6267054
2048-04-14 12:00:00,3.2170475,2.917244,6.051358,5.0346975,2.9737124,4.263299
2048-04-15 12:00:00,3.5786283,3.14691,4.78382,5.570061,4.8675485,4.462473
2048-04-16 12:00:00,2.4628959,1.8945448,4.150003,4.233304,4.6078687,3.198684
2048-04-17 12:00:00,4.6171274,3.9009392,7.1225176,5.677542,4.106216,5.0772505
2048-04-18 12:00:00,4.4786196,4.082325,5.7749124,6.336972,5.766861,3.7931988
2048-04-19 12:00:00,2.6274722,1.9017805,2.346816,4.3771653,7.0169325,1.5878886
2048-04-20 12:00:00,1.6159699,1.5161732,3.0779839,2.9666026,5.7218885,1.9247959
2048-04-21 12:00:00,4.0233374,3.6388323,4.24861,4.2314196,4.655462,2.4219182
2048-04-22 12:00:00,3.333991,2.8999074,4.709752,5.1187706,4.9697423,2.8895435
2048-04-23 12:00:00,3.3292227,2.957154,4.389226,3.533949,3.4417832,2.5574293
2048-04-24 12:00:00,2.1531394,2.4874616,3.0516307,3.7030067,2.6133423,2.079924
2048-04-25 12:00:00,2.4489126,2.2640574,2.286405,3.5087714,2.8968327,1.6526448
2048-04-26 12:00:00,2.23841,2.284093,2.4152894,3.9962401,3.2315214,2.2844198
2048-04-27 12:00:00,2.3864503,1.9355433,3.00683,2.3142397,3.0532377,1.3054062
2048-04-28 12:00:00,1.2609708,1.0829197,2.0757535,2.102751,3.1322646,1.224508
2048-04-29 12:00:00,1.4784889,1.7586673,2.418561,3.3430135,6.431382,1.1959622
2048-04-30 12:00:00,1.5260088,1.6407828,4.296903,3.822594,5.63081,2.8843312
2048-05-01 12:00:00,2.9120996,2.3702667,4.6647844,2.354245,5.7233605,1.8636541
2048-05-02 12:00:00,1.4472482,1.7491841,2.7801368,2.0150988,4.394944,1.8663027
2048-05-03 12:00:00,1.8550789,1.5291656,4.470538,2.7654285,3.356656,3.1850011
2048-05-04 12:00:00,2.3482697,2.1742735,5.374613,3.4185507,3.8254735,3.5103517
2048-05-05 12:00:00,3.2882652,3.0410378,4.8253083,4.209053,3.2773707,2.8830469
2048-05-06 12:00:00,2.0281203,1.7145891,4.107763,2.5411587,2.017023,2.2566617
2048-05-07 12:00:00,1.3335385,1.1998851,3.6442432,2.3309202,1.9985493,1.6926647
2048-05-08 12:00:00,1.0195223,1.0799279,3.3805697,1.8174723,2.8061585,1.5238138
2048-05-09 12:00:00,1.4175209,1.2733655,2.9725902,1.3067945,3.885076,1.5003499
2048-05-10 12:00:00,1.3321176,1.1868664,2.518921,2.401514,3.1126275,1.3506429
2048-05-11 12:00:00,1.2429466,1.146692,3.0163107,3.7014112,3.1881938,1.696024
2048-05-12 12:00:00,1.3594164,1.2217144,2.5254254,4.767052,3.2438486,1.8801265
2048-05-13 12:00:00,2.73482,2.032295,3.0704582,4.441444,2.4496965,1.8829879
2048-05-14 12:00:00,1.8577428,1.3695183,4.039211,3.6569338,2.503907,1.7420366
2048-05-15 12:00:00,0.82024753,1.0203563,2.7717738,2.4792674,2.6455154,1.5205697
2048-05-16 12:00:00,1.0170331,1.0027916,2.387951,2.0330038,3.0415611,1.483896
2048-05-17 12:00:00,1.2577586,1.1511582,2.6154819,1.9957407,3.8118215,1.4984051
2048-05-18 12:00:00,0.97898054,1.2177044,2.6332338,1.9241906,3.8906593,1.440715
2048-05-19 12:00:00,1.2266849,1.2538894,1.7422539,2.3878171,3.0213163,1.5353891
2048-05-20 12:00:00,1.9210255,1.656526,2.0097232,2.4539406,3.118168,1.7039044
2048-05-21 12:00:00,1.2587042,1.2674158,2.0370562,2.0757546,2.8506806,1.415204
2048-05-22 12:00:00,1.8237672,2.0028932,2.8634694,3.5760822,4.150679,2.1205223
2048-05-23 12:00:00,1.8930159,1.6093694,2.9128852,4.0469346,4.249425,2.2918835
2048-05-24 12:00:00,2.1364055,1.5797533,2.07913,3.8002408,2.4144335,1.2057719
2048-05-25 12:00:00,1.2191174,1.188786,2.4197836,2.9490743,3.760903,1.4299042
2048-05-26 12:00:00,2.4000094,2.242292,4.594278,3.0336084,4.0292354,3.0004282
2048-05-27 12:00:00,3.900393,3.3025131,3.3590906,3.4752324,4.503188,2.4484708
2048-05-28 12:00:00,2.889145,2.5789523,2.4030054,2.449634,3.5677426,2.047686
2048-05-29 12:00:00,2.1961694,1.9542714,2.7822158,2.861731,3.21884,1.9776492
2048-05-30 12:00:00,1.3917208,1.3892461,3.5768926,2.788667,4.479102,3.2273068
2048-05-31 12:00:00,2.020709,1.8956549,3.057062,3.4772046,3.4634821,2.888618
2048-06-01 12:00:00,2.02226,1.6620367,3.3320332,3.2605295,3.8737268,2.6012626
2048-06-02 12:00:00,2.200624,2.0271816,3.8748386,2.6606688,2.8733861,1.9688007
2048-06-03 12:00:00,2.6990929,2.4658968,3.758052,2.8579714,3.7294285,1.8541301
2048-06-04 12:00:00,1.4782577,1.24792,2.740516,2.01409,4.8038297,1.5180072
2048-06-05 12:00:00,2.8041809,2.1532366,4.0942464,3.5531058,5.768103,2.9988558
2048-06-06 12:00:00,3.6979654,3.4306707,4.3075285,5.5674863,3.8486464,4.435226
2048-06-07 12:00:00,3.5535674,3.0727246,4.370906,4.786414,4.229982,3.9401066
2048-06-08 12:00:00,2.217383,1.8333097,3.4047885,2.4216144,2.7481225,2.2613966
2048-06-09 12:00:00,1.5059719,1.4757165,3.4861207,2.6696532,3.380283,1.8534949
2048-06-10 12:00:00,2.4131389,2.2084072,3.537538,4.656654,4.202346,2.6894114
2048-06-11 12:00:00,2.7468963,2.5276744,3.9993615,4.7502365,3.0723598,2.88804
2048-06-12 12:00:00,3.1466293,2.6533854,4.6013083,4.4321623,3.4820209,3.0820167
2048-06-13 12:00:00,3.264536,2.6707203,4.2616477,3.6973743,4.3554115,3.0695677
2048-06-14 12:00:00,2.2666001,1.8524426,3.7463493,2.0339649,3.3420625,2.4011605
2048-06-15 12:00:00,1.8434148,1.6759766,2.5965483,3.1683729,2.6492903,1.6240927
2048-06-16 12:00:00,1.8456315,1.9115247,2.0700562,1.9794308,2.7405992,1.7124972
2048-06-17 12:00:00,1.3947104,1.3339479,2.5987957,1.8989319,2.0078683,1.4255917
2048-06-18 12:00:00,2.6710935,1.9270731,3.266133,2.654214,2.3969405,2.0963292
2048-06-19 12:00:00,2.734706,2.3476691,2.8120196,4.6359625,3.7036428,2.3950849
2048-06-20 12:00:00,3.1316366,2.8526263,2.471107,4.4904,4.338592,3.7957954
2048-06-21 12:00:00,3.4780858,2.92424,2.7902775,4.1503887,4.6286893,3.041932
2048-06-22 12:00:00,2.2598426,1.8992352,1.9166656,3.5834913,3.5797765,1.6814878
2048-06-23 12:00:00,2.4852657,2.130409,2.1195378,3.185933,2.4476888,1.5162923
2048-06-24 12:00:00,1.6586818,1.4998058,2.1743193,3.1445978,2.576047,1.6073319
2048-06-25 12:00:00,1.7143749,1.3844267,3.2238526,3.6157348,2.7667964,1.7891465
2048-06-26 12:00:00,1.9086728,1.6554137,3.2328737,3.0012348,4.31675,1.5914733
2048-06-27 12:00:00,1.4167535,1.3841481,2.0769126,2.8986623,3.1365094,1.5377219
2048-06-28 12:00:00,1.8674335,1.5638186,1.9068118,3.3829296,3.223141,1.4822967
2048-06-29 12:00:00,1.8090363,1.384099,2.4739273,3.0757313,3.8461304,1.3036771
2048-06-30 12:00:00,1.8269345,1.7247555,2.2674742,2.524367,3.4990282,1.4627727
2048-07-01 12:00:00,3.8188496,3.3516495,3.1320996,4.570874,3.9386518,2.154918
2048-07-02 12:00:00,2.5883243,2.2708762,3.8942673,3.4337966,4.0793114,2.6750855
2048-07-03 12:00:00,3.1652215,2.9040759,2.8003917,3.359095,3.4054837,1.9643055
2048-07-04 12:00:00,2.7851148,2.3712752,2.746262,3.8750079,4.133347,1.8507595
2048-07-05 12:00:00,1.469991,1.8202723,2.025652,3.0538814,3.2042382,1.4524277
2048-07-06 12:00:00,1.3557407,1.3307842,2.6138866,2.4322877,2.6788495,1.3084562
2048-07-07 12:00:00,2.115049,1.8942683,3.679128,2.7167244,2.4298592,1.7692351
2048-07-08 12:00:00,1.9948324,1.7894984,2.7662907,2.5712314,2.4476717,1.8939115
2048-07-09 12:00:00,1.953261,1.6084657,3.031113,2.2298365,2.2058485,1.632647
2048-07-10 12:00:00,1.3865855,1.0815018,2.8594723,1.9145644,2.909173,1.4940478
2048-07-11 12:00:00,1.555639,1.309518,3.1680589,3.11214,3.8572721,1.5739722
2048-07-12 12:00:00,1.7099123,1.3269725,2.2791812,3.1928163,3.8313935,1.2562631
2048-07-13 12:00:00,2.6387906,1.975494,1.8906275,2.7077746,2.7537827,1.1602556
2048-07-14 12:00:00,3.006654,2.2937717,2.963785,2.71659,2.6516232,1.4381577
2048-07-15 12:00:00,2.690783,2.0076983,3.1572218,2.2612073,2.5398276,1.6619389
2048-07-16 12:00:00,2.1594367,1.7071584,2.33213,1.8621942,2.5359266,1.465401
2048-07-17 12:00:00,2.2495782,1.8110417,2.3155208,2.4219768,2.8020086,1.6958572
2048-07-18 12:00:00,2.508707,2.1210036,2.1745489,3.0535944,3.4707332,1.794813
2048-07-19 12:00:00,2.7645297,2.332345,2.7554252,3.3511796,3.336724,1.6148194
2048-07-20 12:00:00,3.15001,2.2154636,4.625045,4.0907583,3.7825825,2.8782074
2048-07-21 12:00:00,1.3193977,1.7282581,4.5547366,5.642787,4.9646873,2.834735
2048-07-22 12:00:00,1.9487331,1.6907296,3.7585945,4.845896,7.133075,2.6808743
2048-07-23 12:00:00,1.5416238,1.3728828,2.6746595,3.4673402,5.584075,2.4678624
2048-07-24 12:00:00,1.1320703,0.9853045,2.3569858,2.3898993,5.0982704,1.3628427
2048-07-25 12:00:00,0.5913607,0.75658375,2.4084265,2.330017,4.395615,1.2702664
2048-07-26 12:00:00,0.83390087,0.91653556,2.6915226,2.767024,2.4825783,1.7731256
2048-07-27 12:00:00,1.5243946,1.3397926,2.4079401,3.5839033,2.0788903,1.2168835
2048-07-28 12:00:00,3.5555744,2.5692163,3.2274785,3.0213685,2.063032,1.5701276
2048-07-29 12:00:00,2.4063985,1.9513646,2.6277826,2.3037329,1.8589228,1.1197815
2048-07-30 12:00:00,0.87066954,1.0237478,2.2754998,2.7219548,3.1139138,1.7928748
2048-07-31 12:00:00,1.1838958,1.2016311,2.0686953,1.7513279,3.0859215,1.4775983
2048-08-01 12:00:00,2.2297602,2.0359306,3.1029341,2.6615021,2.6394036,2.544919
2048-08-02 12:00:00,1.8719726,1.751359,3.7636132,3.9306953,2.4183013,2.3561687
2048-08-03 12:00:00,2.0933073,2.0046158,3.0577343,4.3971305,4.6494975,2.1002362
2048-08-04 12:00:00,1.990849,1.6961783,3.2113874,3.3308094,7.5356383,2.2331676
2048-08-05 12:00:00,1.9884387,1.9794129,3.5826461,4.1212378,5.059206,1.8479786
2048-08-06 12:00:00,3.6008549,2.9172986,5.425519,4.3493247,4.5662107,2.9400272
2048-08-07 12:00:00,3.160824,2.783688,5.1681366,3.83401,3.636854,2.7439141
2048-08-08 12:00:00,3.6698534,3.035165,4.353255,4.0018587,2.8539622,2.4152455
2048-08-09 12:00:00,3.0731351,2.6125953,3.184982,3.7003672,3.0373998,1.8184228
2048-08-10 12:00:00,3.7190948,3.1038737,2.8229573,3.8196757,3.0080261,1.7978076
2048-08-11 12:00:00,2.2936895,1.905001,2.4124594,3.0394404,3.09327,1.7287761
2048-08-12 12:00:00,2.0689545,1.8542215,2.286603,2.0839374,2.9992409,1.9922282
2048-08-13 12:00:00,1.1021092,1.1241267,2.559329,2.410249,2.672146,1.9932673
2048-08-14 12:00:00,1.112493,1.032504,3.0580454,1.7638865,2.2160053,1.7395859
2048-08-15 12:00:00,1.080025,0.9324672,2.2720966,1.6968209,1.8980584,1.2045348
2048-08-16 12:00:00,0.8729563,1.0276805,1.8336258,2.5233202,2.1412492,1.7840585
2048-08-17 12:00:00,1.674857,1.4433552,3.3536654,3.0048275,2.7207763,2.8690486
2048-08-18 12:00:00,2.2279174,1.945311,3.232465,3.1342537,2.4861872,2.3181438
2048-08-19 12:00:00,1.4558723,1.5038704,1.766883,2.0521054,2.7260897,1.1602476
2048-08-20 12:00:00,1.7535418,1.7796972,4.0919313,3.054869,2.5902655,2.2224498
2048-08-21 12:00:00,2.5897212,2.7016606,3.5603433,4.481152,3.0247154,2.2030892
2048-08-22 12:00:00,2.8288426,2.1956632,3.9636912,3.348866,3.6357613,2.1088417
2048-08-23 12:00:00,1.977029,1.9384457,4.1106625,3.495618,3.4121664,3.3230488
2048-08-24 12:00:00,2.0087752,1.9749135,3.0618598,2.7106757,2.7846332,1.7372289
2048-08-25 12:00:00,3.4850326,3.208892,6.215787,4.008123,3.7148533,2.9729402
2048-08-26 12:00:00,4.5325403,4.128533,5.5811243,7.203896,5.7312226,4.8729486
2048-08-27 12:00:00,2.4687495,2.0556805,3.195093,4.689689,5.502725,2.4553454
2048-08-28 12:00:00,2.3195562,2.0418453,4.8389525,3.1488256,2.9667299,2.7936976
2048-08-29 12:00:00,2.2887259,1.9853367,3.66668,4.4280367,3.256643,3.2597618
2048-08-30 12:00:00,1.9622799,1.5876498,3.233301,2.5320668,2.6425087,2.88839
2048-08-31 12:00:00,1.7140043,1.4041438,3.3357215,2.499882,2.3650196,2.6421468
2048-09-01 12:00:00,2.3326855,2.0904293,3.921311,3.9186456,3.801096,3.7264814
2048-09-02 12:00:00,1.8832037,1.7074062,2.7833579,3.7461095,5.432864,2.355586
2048-09-03 12:00:00,2.3145454,2.5580256,3.1233423,2.4480054,4.123274,2.3324351
2048-09-04 12:00:00,1.941927,2.378163,3.7334044,4.44761,4.0820727,2.9906018
2048-09-05 12:00:00,2.7520428,2.7051797,3.6120818,4.4788933,4.8590813,2.8100855
2048-09-06 12:00:00,2.4251106,2.3267395,2.5162718,3.7112825,4.1763916,1.9823666
2048-09-07 12:00:00,1.4767507,1.6754917,3.272944,2.6700191,2.9451041,2.4911723
2048-09-08 12:00:00,2.6307287,2.4914956,4.6913486,3.8514695,3.6329637,3.8492522
2048-09-09 12:00:00,3.0429044,2.4563708,4.847669,4.209252,2.9316483,3.430943
2048-09-10 12:00:00,2.6945453,2.1332402,2.7110481,3.8920534,3.0968447,2.474241
2048-09-11 12:00:00,1.2499974,1.3138279,2.7675545,4.1226635,3.6049106,1.4749048
2048-09-12 12:00:00,1.9651197,1.8826882,5.009188,3.1106184,3.6758566,3.3284292
2048-09-13 12:00:00,2.2151504,2.2340925,4.3814797,4.1154556,4.0444965,2.500724
2048-09-14 12:00:00,1.7064147,1.6668925,4.5674195,5.641519,4.3003125,3.8369834
2048-09-15 12:00:00,2.7487931,2.4352398,4.692527,4.662457,3.8288782,3.7864122
2048-09-16 12:00:00,2.6984649,2.3101048,3.958685,3.9167454,3.8888552,3.1294494
2048-09-17 12:00:00,2.9866343,2.4571574,3.204602,2.7694337,3.0617123,2.6099565
2048-09-18 12:00:00,1.4057119,1.4262826,2.7699866,4.218643,3.0120046,2.0971835
2048-09-19 12:00:00,1.5658069,1.8933991,3.451398,6.1692004,3.9544513,2.6277874
2048-09-20 12:00:00,1.5837984,1.7313336,3.2933524,3.9442663,2.7442088,2.671381
2048-09-21 12:00:00,2.6072576,2.181715,3.3741038,2.746116,2.735158,2.216766
2048-09-22 12:00:00,1.2426357,1.1494027,2.2670808,3.7024732,6.0154686,1.8940585
2048-09-23 12:00:00,1.0641967,1.558209,1.8501388,4.180048,7.079218,1.7010542
2048-09-24 12:00:00,2.5572166,1.9939722,4.1421256,3.666145,5.079291,1.9447951
2048-09-25 12:00:00,2.7169323,2.1008704,5.535339,3.5098965,2.9755633,2.2789588
2048-09-26 12:00:00,2.468564,1.7547474,4.9727283,2.2921135,3.5854652,2.0205774
2048-09-27 12:00:00,2.4937804,1.9098271,4.5778513,3.0395584,4.075505,1.9870701
2048-09-28 12:00:00,2.2166672,1.5754433,4.5843034,2.8024619,4.5183578,1.9677695
2048-09-29 12:00:00,1.4567497,1.511131,2.4226995,2.1069386,5.1615787,1.4564114
2048-09-30 12:00:00,1.700491,1.521057,2.1789122,2.1281216,3.942802,1.1421735
2048-10-01 12:00:00,0.8501349,0.8604441,1.7730659,2.1610918,3.0088332,1.0460911
2048-10-02 12:00:00,1.0655079,0.9413741,2.5189338,2.625563,3.2078574,1.5680811
2048-10-03 12:00:00,1.0027313,1.1742823,4.1699834,2.282567,5.012187,2.29653
2048-10-04 12:00:00,1.752585,1.5403396,4.7232385,2.6893547,2.479735,2.800752
2048-10-05 12:00:00,3.40699,2.9590888,6.099085,4.3627143,2.734519,3.4008603
2048-10-06 12:00:00,1.5002351,1.4000596,2.9319253,4.984877,4.6427813,2.4642696
2048-10-07 12:00:00,1.1256226,1.6631187,5.439199,4.2582183,5.4187093,4.229171
2048-10-08 12:00:00,2.3678236,2.747576,6.1627626,5.1454515,5.5541077,4.5983315
2048-10-09 12:00:00,2.2981122,2.0237718,3.0460033,2.577831,4.9068203,1.6859212
2048-10-10 12:00:00,1.2060657,1.0464619,2.3309646,2.2113013,4.2233777,1.3035946
2048-10-11 12:00:00,1.9370084,1.732033,2.5055616,3.8949285,3.1258342,1.6655176
2048-10-12 12:00:00,1.796143,1.7240958,3.4775505,3.0745163,3.7174025,2.1019
2048-10-13 12:00:00,1.9198288,1.7949572,3.7007716,3.0528145,3.5887916,2.4259427
2048-10-14 12:00:00,1.2471817,1.1968902,2.9233577,2.1573873,3.007741,1.8244624
2048-10-15 12:00:00,1.2906345,1.0155988,3.8180091,2.6996872,3.8019836,1.8539401
2048-10-16 12:00:00,1.0752585,1.4395703,2.6058242,3.2730715,5.9255776,1.522406
2048-10-17 12:00:00,2.4379892,2.7885406,3.7962043,3.7776217,5.6022835,3.1363323
2048-10-18 12:00:00,1.3501824,1.3347499,2.539579,2.7075243,4.269891,1.9861932
2048-10-19 12:00:00,1.3289486,1.7122273,2.7228367,5.3650694,4.2071767,1.7450975
2048-10-20 12:00:00,1.7017784,1.9197904,2.7852833,6.17493,4.639389,2.433677
2048-10-21 12:00:00,1.2819934,1.2923805,2.9986422,6.177716,4.515858,3.0480137
2048-10-22 12:00:00,1.3852835,1.7308872,2.2230148,5.9296956,6.777359,1.869436
2048-10-23 12:00:00,0.80888546,1.0693746,1.7033976,3.588409,6.5191045,1.689559
2048-10-24 12:00:00,0.9047143,0.9910642,2.6178448,5.288647,5.2216053,2.7143278
2048-10-25 12:00:00,1.8709086,2.142706,3.7510273,7.962873,8.039381,3.432146
2048-10-26 12:00:00,3.5388129,3.8894167,5.3389263,7.0655518,7.4566236,4.0910454
2048-10-27 12:00:00,3.002639,2.9200122,4.8098865,5.771455,5.389308,3.5598378
2048-10-28 12:00:00,2.527852,2.4903276,3.7665372,3.690688,4.404112,2.7644317
2048-10-29 12:00:00,1.3089654,1.3940432,2.265205,1.9679899,3.7534497,1.785361
2048-10-30 12:00:00,1.0784479,1.0081893,2.8069417,1.5358591,2.788442,1.4873986
2048-10-31 12:00:00,1.9002752,1.3017968,3.0786376,2.717339,2.7546306,1.6246988
2048-11-01 12:00:00,4.09533,2.8975284,4.518687,3.5909667,2.5864875,2.470706
2048-11-02 12:00:00,2.8574948,2.2200332,5.706121,4.235568,2.9737394,3.0286891
2048-11-03 12:00:00,2.9902031,2.07862,6.4712234,3.074895,3.1847456,3.0790193
2048-11-04 12:00:00,2.7550995,1.9698288,5.3123956,3.1477873,3.5585022,2.541778
2048-11-05 12:00:00,3.9066942,2.9490912,6.8818517,3.7117734,4.8440814,3.170573
2048-11-06 12:00:00,3.9658647,3.3723912,5.0642595,4.8150835,4.579637,2.6084068
2048-11-07 12:00:00,2.4255362,2.1076834,2.9403481,3.9092104,4.152555,1.4904033
2048-11-08 12:00:00,1.758615,1.4961194,4.3306165,2.7213786,2.936634,1.7376536
2048-11-09 12:00:00,2.4346492,1.6111706,4.070727,3.2888174,2.2515152,1.8454309
2048-11-10 12:00:00,3.8454351,3.1954937,5.4634533,5.4720697,5.3120704,3.0280566
2048-11-11 12:00:00,2.2843246,2.1759214,3.749547,5.4527445,6.0151443,3.1650126
2048-11-12 12:00:00,0.9953901,0.9391438,2.9575088,2.9820137,5.179992,2.5268648
2048-11-13 12:00:00,1.0238972,1.04259,3.929319,3.0131872,4.9306226,2.4821627
2048-11-14 12:00:00,1.6957235,1.5418051,4.017231,2.9219491,4.567181,2.0448468
2048-11-15 12:00:00,1.6682388,1.2057893,2.6061487,2.970436,4.243767,1.5847181
2048-11-16 12:00:00,1.1971526,1.3373598,2.781836,5.7099633,4.489471,2.4127126
2048-11-17 12:00:00,1.6794952,1.8813627,3.145905,5.251842,4.995353,2.222736
2048-11-18 12:00:00,1.0141582,1.2145617,2.5099006,3.6585999,4.672743,2.5020592
2048-11-19 12:00:00,0.7633029,0.9326149,3.5006046,4.1602545,4.5659037,1.7555562
2048-11-20 12:00:00,1.2426299,1.3368963,3.1007013,3.1981313,4.3771524,1.9446808
2048-11-21 12:00:00,1.2021637,1.4481128,2.4981995,4.964205,3.7628238,1.9291317
2048-11-22 12:00:00,0.6925705,1.0780301,1.8774703,7.0352173,5.462458,2.5681605
2048-11-23 12:00:00,0.66430616,0.94834465,2.6787803,6.074595,6.8236985,2.652784
2048-11-24 12:00:00,1.031908,1.0511868,3.8332603,4.440796,6.776808,2.3159428
2048-11-25 12:00:00,2.258343,1.7943937,3.6252646,3.7600412,5.140259,2.0375426
2048-11-26 12:00:00,3.3957055,2.3956368,4.9834676,2.4130127,5.7935295,2.5475087
2048-11-27 12:00:00,2.0709162,1.4036784,4.049247,3.4144423,7.0158362,2.1241212
2048-11-28 12:00:00,1.5523272,1.3131038,2.9581757,2.931895,6.171423,1.7834982
2048-11-29 12:00:00,1.6221579,1.432966,3.9014897,2.7127855,5.4658737,2.1174579
2048-11-30 12:00:00,1.0022364,1.006111,3.1336424,2.910322,7.1434226,1.8626783
2048-12-01 12:00:00,0.72873783,0.9239054,2.9331772,3.606106,8.192687,2.3880486
2048-12-02 12:00:00,0.66827536,0.9122367,3.852075,5.6279488,9.223945,3.9882016
2048-12-03 12:00:00,1.1972396,1.4419886,3.336699,7.393901,8.76164,3.5427928
2048-12-04 12:00:00,0.9900107,1.1361332,3.1799283,3.1695025,6.798733,2.1010554
2048-12-05 12:00:00,0.96515656,1.0756717,2.829854,2.6573546,6.981206,1.6672785
2048-12-06 12:00:00,2.4035459,1.9811174,3.8577752,3.0296006,5.582144,2.0166998
2048-12-07 12:00:00,1.9159404,1.4498693,4.792015,2.9390285,5.6011353,2.5728889
2048-12-08 12:00:00,1.3682681,1.3016886,5.3889875,4.456657,5.246722,3.329908
2048-12-09 12:00:00,1.5194516,1.6709585,5.7123885,5.330451,4.5837493,3.5179536
2048-12-10 12:00:00,1.4921991,1.6418204,4.808754,6.290333,5.816607,3.1737614
2048-12-11 12:00:00,1.4001119,1.309571,5.5151563,3.905863,5.6965337,2.8732755
2048-12-12 12:00:00,2.6790333,2.2742367,5.526526,4.6971784,5.2212114,3.527039
2048-12-13 12:00:00,3.8825881,3.0230312,4.6898665,4.473788,6.336031,3.1416883
2048-12-14 12:00:00,2.0843985,1.9910653,3.2763767,2.6431756,5.3278646,2.047716
2048-12-15 12:00:00,2.5576007,1.9589119,4.295417,3.6206038,5.829614,1.9778489
2048-12-16 12:00:00,2.020379,1.6012297,4.144711,3.2110744,7.194021,2.3753176
2048-12-17 12:00:00,1.395699,1.3353205,5.7643886,4.3520174,8.277841,3.7455833
2048-12-18 12:00:00,2.267826,1.6874176,5.159894,3.8559527,4.340634,3.3313527
2048-12-19 12:00:00,1.3945972,1.2447622,4.777747,4.2279167,4.385534,3.080776
2048-12-20 12:00:00,1.1003096,1.2537265,3.5571668,5.601917,5.1544952,2.9453478
2048-12-21 12:00:00,1.5455207,1.7944741,2.8953383,5.0321903,4.694506,2.1053555
2048-12-22 12:00:00,0.9943423,1.1409116,5.410997,3.480236,4.261169,3.47199
2048-12-23 12:00:00,2.5777683,2.1316297,6.2188,5.156778,4.3750443,4.5092735
2048-12-24 12:00:00,3.2023005,2.627114,5.305853,4.744033,3.1961284,2.873003
2048-12-25 12:00:00,2.3482165,1.7542381,3.6784027,3.71742,3.4448078,2.1546004
2048-12-26 12:00:00,2.7861483,1.9274282,3.6611617,3.3232603,3.9299252,2.3463557
2048-12-27 12:00:00,2.8348956,1.9597158,3.822719,2.8015268,4.726825,2.2771838
2048-12-28 12:00:00,1.2446302,1.3857912,2.9988315,4.6560926,7.89078,2.5072913
2048-12-29 12:00:00,3.143331,2.7611735,5.8511677,8.43527,9.432981,5.1740193
2048-12-30 12:00:00,4.0327797,3.2315338,6.9519377,5.4013577,6.245958,5.423047
2048-12-31 12:00:00,2.5880618,2.1824498,4.3030977,4.61027,5.018709,3.3030176
2049-01-01 12:00:00,1.0783329,1.2800164,2.0885363,3.0960457,4.7659364,1.6372225
2049-01-02 12:00:00,0.9069718,1.0063415,2.1227243,3.700163,4.858978,2.0538611
2049-01-03 12:00:00,1.9918507,1.9730685,2.2496574,3.3342652,5.736719,2.3114796
2049-01-04 12:00:00,1.6630714,1.448606,2.7308338,1.7277994,5.0179477,1.7074976
2049-01-05 12:00:00,1.6128359,1.7930592,2.2542148,2.3481393,4.3717136,1.6979264
2049-01-06 12:00:00,1.3633412,1.4348716,3.4929943,3.3502162,5.0681076,2.602149
2049-01-07 12:00:00,0.93843627,1.1277258,5.3837185,6.659248,8.700997,4.6383
2049-01-08 12:00:00,2.3904967,1.6338221,6.5165267,4.8648415,5.9453096,3.1567538
2049-01-09 12:00:00,2.7469862,1.7874417,5.6312027,3.7540123,4.351998,2.6584532
2049-01-10 12:00:00,2.5807486,1.6920608,3.966367,5.2685738,7.2992635,2.7339659
2049-01-11 12:00:00,1.6831386,1.3476782,5.9141073,4.6376386,4.538655,3.999709
2049-01-12 12:00:00,3.3180072,2.9273157,6.0911226,6.053696,5.8175173,4.1893225
2049-01-13 12:00:00,2.0146444,1.7406102,4.89371,4.8463473,6.739932,3.206853
2049-01-14 12:00:00,3.442197,2.916472,4.0501657,4.958106,5.3028927,2.7360017
2049-01-15 12:00:00,3.221883,3.0359373,6.253236,5.6868324,5.306314,4.0629425
2049-01-16 12:00:00,3.3093944,3.0821002,6.1395073,5.4914117,5.725717,4.338854
2049-01-17 12:00:00,2.4658823,2.265066,4.5275335,5.011931,4.845421,3.5684276
2049-01-18 12:00:00,3.6670337,3.033778,5.337422,4.0722485,4.7411695,3.0793276
2049-01-19 12:00:00,2.369116,2.0279806,5.2236342,3.9800332,5.191538,3.288627
2049-01-20 12:00:00,6.196863,4.8948283,8.825552,6.0445633,5.0094175,4.882945
2049-01-21 12:00:00,4.0572762,3.1680741,5.455906,6.8302336,5.2736497,3.7128031
2049-01-22 12:00:00,1.9669163,1.8401954,6.0013366,5.5784163,7.8040943,4.477894
2049-01-23 12:00:00,1.8995138,1.9386262,4.1167965,5.484924,5.6329083,3.7703578
2049-01-24 12:00:00,2.115643,2.0138707,5.6940107,4.786529,4.023138,4.19836
2049-01-25 12:00:00,1.6249111,1.9705123,4.365328,4.4583807,5.506446,4.2893877
2049-01-26 12:00:00,1.6236954,1.6978114,4.5565257,4.80408,6.3727803,3.7672322
2049-01-27 12:00:00,1.938506,1.4647044,4.5705037,3.4320984,4.0536957,2.867112
2049-01-28 12:00:00,2.1373487,1.8559713,4.6748643,3.619044,4.139252,2.222046
2049-01-29 12:00:00,2.161576,2.4528372,6.4455853,6.6795583,5.567948,6.136701
2049-01-30 12:00:00,3.4148562,3.2790456,5.229937,8.47184,7.875864,4.9284663
2049-01-31 12:00:00,3.633172,3.3474517,7.165745,6.948484,6.3220215,5.943095
2049-02-01 12:00:00,4.2693934,3.4684799,6.7062907,6.331642,5.806221,4.9332843
2049-02-02 12:00:00,2.8148236,2.4941924,4.0527115,6.847945,6.7864814,3.931255
2049-02-03 12:00:00,1.6935716,1.447994,3.9126213,5.119936,5.7254033,3.2158067
2049-02-04 12:00:00,2.2181547,1.7939274,4.53952,5.0116506,5.0025296,2.9779942
2049-02-05 12:00:00,1.325218,1.331077,4.6242514,4.629913,3.6611285,2.8214297
2049-02-06 12:00:00,1.2929873,1.2576753,5.3772593,5.23854,4.0447927,2.0466063
2049-02-07 12:00:00,2.7853274,2.5905383,4.5445437,4.720182,4.045125,2.803619
2049-02-08 12:00:00,1.7088186,1.7385309,3.764085,3.8850865,4.6598253,3.0162208
2049-02-09 12:00:00,1.1620233,1.2764574,3.315081,4.567383,3.6000578,2.3441367
2049-02-10 12:00:00,3.4131742,2.7721894,5.639585,7.521723,6.8275466,4.4931517
2049-02-11 12:00:00,3.2479672,2.8803117,6.7117357,8.171621,6.7456145,5.2875223
2049-02-12 12:00:00,2.807199,3.1079016,5.179942,6.0341525,4.673618,3.3690705
2049-02-13 12:00:00,3.4254944,2.7443018,5.559209,3.8966649,5.4155154,3.363677
2049-02-14 12:00:00,2.423831,2.2466974,4.020662,6.1561494,5.8699417,3.4582603
2049-02-15 12:00:00,1.9531531,1.6781226,3.6801713,5.3705473,5.6707807,2.7416372
2049-02-16 12:00:00,2.2543993,2.011896,4.174669,4.734738,4.759729,2.4543054
2049-02-17 12:00:00,2.060882,1.6317016,3.1468544,5.8605137,7.44541,3.0197017
2049-02-18 12:00:00,1.4725296,1.5061334,2.8787608,5.7737584,6.9561057,2.5450542
2049-02-19 12:00:00,3.0329087,2.5510209,6.1273923,6.6116138,6.503034,4.6734715
2049-02-20 12:00:00,1.9365401,1.8597533,3.5545685,6.011214,5.1875615,2.9757388
2049-02-21 12:00:00,1.8523918,2.0750926,4.1567717,8.6550665,8.433773,4.226808
2049-02-22 12:00:00,4.4865694,3.6824496,6.837657,6.668195,9.392613,5.4715123
2049-02-23 12:00:00,3.7521389,3.7423277,6.508285,8.170073,7.341937,4.7202663
2049-02-24 12:00:00,1.7069461,1.6789566,3.1205115,4.027032,6.1247225,1.7059976
2049-02-25 12:00:00,2.3741589,1.8942527,4.6724644,3.480633,4.9110575,2.7208734
2049-02-26 12:00:00,1.5798349,1.7201658,2.7914405,3.1922467,4.9616494,2.4465508
2049-02-27 12:00:00,3.6120524,3.1266987,6.0680685,7.394063,7.3820457,4.975939
2049-02-28 12:00:00,3.9627366,3.208372,5.4697766,5.9288416,8.186981,4.560637
2049-03-01 12:00:00,4.3175898,3.6462183,6.7733808,7.2208304,8.388312,6.1340475
2049-03-02 12:00:00,4.041117,3.6152709,6.0211167,7.5448694,9.284627,5.4326367
2049-03-03 12:00:00,5.5417366,4.3568196,5.800849,6.305967,9.122109,4.495571
2049-03-04 12:00:00,2.745371,2.4375217,4.602475,5.774157,7.504061,4.309147
2049-03-05 12:00:00,2.1989405,1.9157062,4.10092,4.7015486,6.8764257,3.6102011
2049-03-06 12:00:00,4.398198,3.9130003,6.7163367,9.372014,7.047253,5.6579475
2049-03-07 12:00:00,2.8560135,3.292885,3.7725308,6.799944,7.960161,3.0092266
2049-03-08 12:00:00,1.9168785,2.0892746,4.924709,5.6127386,5.3086424,3.8412354
2049-03-09 12:00:00,2.2814217,2.0387254,4.618924,3.754383,4.7639813,2.4476123
2049-03-10 12:00:00,1.3061228,1.2915764,3.1481202,3.914645,4.230097,2.7144585
2049-03-11 12:00:00,2.5848136,2.738856,4.359102,5.9816113,5.370276,3.5097961
2049-03-12 12:00:00,1.5460917,1.6167314,4.0831943,4.9478393,5.4042416,3.39726
2049-03-13 12:00:00,3.113339,2.5805132,4.1552687,5.3399034,5.7899776,3.3762476
2049-03-14 12:00:00,3.2925997,2.8953722,5.57909,4.5388536,6.6286287,4.402416
2049-03-15 12:00:00,3.8579779,3.4729927,5.873705,6.3183074,6.050925,4.847398
2049-03-16 12:00:00,2.589726,2.352197,2.978414,5.7115316,7.3298874,2.4457736
2049-03-17 12:00:00,1.1694026,1.2171323,2.6093102,5.2079644,7.8257585,2.2900774
2049-03-18 12:00:00,1.4015676,1.5191128,4.2211995,4.9339886,4.5289326,2.8670049
2049-03-19 12:00:00,1.2257917,1.6823286,3.4080803,5.396742,7.049877,1.973204
2049-03-20 12:00:00,2.087274,2.338239,3.1730914,7.266968,8.577469,2.9193468
2049-03-21 12:00:00,2.7666035,3.2592032,4.2299247,6.6658554,8.353102,3.2396045
2049-03-22 12:00:00,2.5345216,2.295902,3.8317478,8.045567,6.8363814,4.3724155
2049-03-23 12:00:00,4.138115,3.4608603,5.487473,7.679287,5.1758833,5.469692
2049-03-24 12:00:00,2.965653,2.5090923,3.0664127,4.2568846,4.3696394,2.4874096
2049-03-25 12:00:00,2.7889915,2.2605326,5.127492,3.827092,3.8417304,3.9156172
2049-03-26 12:00:00,3.8608923,3.5014465,5.61641,5.2324767,4.803395,4.1060696
2049-03-27 12:00:00,3.7345207,3.4198349,4.73343,4.8711166,5.278435,3.138903
2049-03-28 12:00:00,3.455386,3.1694646,6.523718,4.3944225,4.86066,5.062864
2049-03-29 12:00:00,2.0120816,1.985386,5.0381618,3.3385649,4.1599646,3.0568576
2049-03-30 12:00:00,3.1347332,2.784498,5.9263763,4.0808845,3.5931795,3.298537
2049-03-31 12:00:00,3.4463973,3.0319266,6.125874,5.0171695,4.450914,3.1610134
2049-04-01 12:00:00,2.1702828,2.1108541,4.839767,4.2150145,5.006333,3.0401516
2049-04-02 12:00:00,1.1608703,1.5426097,5.0458665,3.418654,4.075386,3.1656272
2049-04-03 12:00:00,3.6384544,3.4084408,6.276849,5.1023426,4.174137,4.220846
2049-04-04 12:00:00,2.6326957,2.4808443,4.823123,4.7965603,4.9060965,4.547894
2049-04-05 12:00:00,3.1108,2.5395837,5.6212897,3.2038207,3.0405996,3.8692176
2049-04-06 12:00:00,3.2059622,2.7296212,5.5911727,3.470499,3.810892,3.5595818
2049-04-07 12:00:00,3.1401348,2.9506562,5.4228644,3.9032538,3.697285,4.071203
2049-04-08 12:00:00,2.1870303,1.9454813,3.1044586,2.4034097,3.4853246,2.3746467
2049-04-09 12:00:00,1.4627867,1.4282355,2.4184692,3.7178414,3.1764762,1.7667161
2049-04-10 12:00:00,3.8117647,3.0486424,4.2464848,3.808682,3.7959898,3.0421298
2049-04-11 12:00:00,2.8558502,2.237711,3.5737457,2.2463732,3.366965,2.6238472
2049-04-12 12:00:00,1.7004197,1.4491377,3.0839875,3.3304687,4.7683544,1.7158566
2049-04-13 12:00:00,2.4580212,2.4636524,4.1057973,5.920152,4.6540647,3.2494185
2049-04-14 12:00:00,4.1254635,3.6548934,5.0492225,5.558162,5.522306,3.7415485
2049-04-15 12:00:00,2.5229342,2.4446354,3.7976203,4.125942,3.2477014,2.9965203
2049-04-16 12:00:00,1.640033,1.512253,3.2358475,3.695653,2.7828317,2.4102004
2049-04-17 12:00:00,2.6936464,2.2103329,3.0084524,3.3826122,3.2112677,1.8044055
2049-04-18 12:00:00,2.06568,1.7201917,3.8945744,2.7001288,2.797544,2.06009
2049-04-19 12:00:00,1.6459116,1.5997055,2.7466722,2.148107,2.6054823,1.8293957
2049-04-20 12:00:00,1.5454688,1.303224,2.601354,1.8831047,2.3491294,1.9231325
2049-04-21 12:00:00,1.020102,1.0997233,2.899593,1.8776202,3.8041277,1.7814664
2049-04-22 12:00:00,1.3475015,1.3283076,2.5443537,1.7199415,3.9918478,1.6181451
2049-04-23 12:00:00,1.2672588,1.5224104,3.5246537,3.075367,2.7526658,2.1044648
2049-04-24 12:00:00,2.8177543,2.4264648,4.8808665,3.2037258,3.788807,2.2853186
2049-04-25 12:00:00,4.4688816,3.7213063,3.3597379,3.7243757,3.1853118,2.465902
2049-04-26 12:00:00,2.0280886,2.2449594,1.928412,3.9645333,3.0399396,1.7881387
2049-04-27 12:00:00,1.5083308,1.5195714,1.7846628,3.5419192,4.933112,1.3968177
2049-04-28 12:00:00,1.0671538,1.4192678,1.7390004,4.289124,3.7460134,2.088255
2049-04-29 12:00:00,2.9854994,2.8139277,3.503209,4.817024,3.622773,3.905916
2049-04-30 12:00:00,3.003984,2.7314782,3.1470342,2.8853037,3.5001745,3.0900078
2049-05-01 12:00:00,1.56676,1.3346493,2.2304294,2.9963913,5.610155,1.6540118
2049-05-02 12:00:00,1.5942847,1.560333,1.8313689,3.6623392,6.446449,1.5205474
2049-05-03 12:00:00,1.3841698,1.2561067,1.890357,4.0200543,5.9661455,2.1164372
2049-05-04 12:00:00,1.4965447,1.5967869,3.2273972,4.46816,5.8770833,2.2058733
2049-05-05 12:00:00,2.1589203,2.0552278,3.5429914,3.8030794,5.7491403,1.9502167
2049-05-06 12:00:00,2.2191253,2.11085,2.8473876,7.172477,5.487188,2.8724878
2049-05-07 12:00:00,3.1755514,2.9642348,4.305073,6.8830376,5.533841,3.8375115
2049-05-08 12:00:00,2.5115972,2.2445378,3.3177505,5.073306,4.554563,2.8076181
2049-05-09 12:00:00,1.2618048,1.3577104,2.578893,3.5374985,4.224659,1.2282645
2049-05-10 12:00:00,1.1710032,1.1206427,2.4024222,2.8731236,4.0670404,1.4141057
2049-05-11 12:00:00,0.97735775,1.0626172,1.8539404,1.8992494,3.1039276,1.4068366
2049-05-12 12:00:00,2.5797572,2.1561384,4.146707,2.4910302,4.3270464,2.259654
2049-05-13 12:00:00,3.515109,2.8426986,4.129018,3.6720319,3.5019503,2.7483423
2049-05-14 12:00:00,3.021997,2.9745126,4.138255,3.9827163,3.071189,2.682027
2049-05-15 12:00:00,2.7875912,2.718154,2.5770848,3.9142141,2.428205,2.0392058
2049-05-16 12:00:00,3.736581,3.2166054,4.0660033,3.589232,2.3004606,2.873425
2049-05-17 12:00:00,2.0627089,1.9213915,3.686269,3.1758177,2.9316854,2.100621
2049-05-18 12:00:00,2.3978868,1.965906,3.4574225,2.6893086,3.0832584,1.8977367
2049-05-19 12:00:00,2.2485573,1.9903561,4.2042885,2.607222,3.6399546,2.5525296
2049-05-20 12:00:00,1.7579851,1.5599034,2.0794775,2.6455355,2.4290433,2.0303335
2049-05-21 12:00:00,1.3143361,1.4591295,2.8511994,2.0336392,2.5290387,1.3494049
2049-05-22 12:00:00,2.3081758,2.6603937,3.3380537,4.4359775,5.1804447,1.99569
2049-05-23 12:00:00,1.7216616,1.646824,2.1437335,2.973598,4.3861966,1.6446211
2049-05-24 12:00:00,2.383761,2.220094,3.047957,2.865035,3.1335297,1.7548324
2049-05-25 12:00:00,1.5735283,1.6895391,2.23236,3.0778751,2.858182,1.3353753
2049-05-26 12:00:00,2.2348037,1.6871581,2.9432704,2.1549242,2.742773,1.296178
2049-05-27 12:00:00,2.5036907,2.2249405,3.768206,2.8561459,3.4849057,2.464392
2049-05-28 12:00:00,3.3374453,2.5645275,3.7158966,3.6920502,4.465096,2.377289
2049-05-29 12:00:00,3.1612754,2.3100042,3.3322046,2.6220865,4.666522,1.9316313
2049-05-30 12:00:00,1.2988484,1.2089711,2.5821793,2.8066254,3.3998544,1.7738833
2049-05-31 12:00:00,1.6343178,1.7913234,3.4294631,3.9437943,3.3185494,3.1578093
2049-06-01 12:00:00,2.6076322,2.0536878,3.7929103,2.9689324,3.5363705,2.497472
2049-06-02 12:00:00,1.9138788,2.0171392,3.340943,3.5313215,3.704412,2.6796784
2049-06-03 12:00:00,3.3803005,3.1070085,4.0209928,6.910772,4.6661587,2.9455402
2049-06-04 12:00:00,1.8285074,1.6659052,2.383973,3.3154624,7.227369,1.6334808
2049-06-05 12:00:00,2.5688763,1.8771818,3.0507748,3.1352673,5.1489005,1.5542343
2049-06-06 12:00:00,1.7330922,1.6535228,2.596123,3.136087,3.469044,1.9144804
2049-06-07 12:00:00,1.8741359,1.7493507,2.7687886,4.6309443,3.2800467,2.3547955
2049-06-08 12:00:00,1.9434159,1.7830522,2.6407106,4.033651,2.9603653,2.108371
2049-06-09 12:00:00,1.6769619,1.576147,2.4750564,2.9699588,2.575056,1.8381765
2049-06-10 12:00:00,1.4645158,1.2126968,2.184506,1.931116,2.2209725,1.6974427
2049-06-11 12:00:00,0.9140787,1.1175436,2.9171505,2.4008167,2.790441,1.6802931
2049-06-12 12:00:00,1.668225,1.6880678,2.8545477,2.321587,2.960256,1.9958211
2049-06-13 12:00:00,1.6851833,1.4402285,2.120254,2.7899659,2.8750792,1.7198334
2049-06-14 12:00:00,1.2147169,1.1147517,2.5225084,3.009212,3.1365705,1.3050481
2049-06-15 12:00:00,1.3643909,1.384863,2.3690178,2.1835523,2.925061,1.6737441
2049-06-16 12:00:00,2.0374465,1.8705747,2.6241257,3.8042488,3.8067706,2.5970113
2049-06-17 12:00:00,2.942531,2.693682,2.3725483,5.3660574,4.080957,1.9646356
2049-06-18 12:00:00,3.0695329,2.6095815,2.6592758,4.5124035,4.8093214,1.7569124
2049-06-19 12:00:00,1.8538469,1.7741777,2.4135048,3.0007074,3.7443657,1.8017566
2049-06-20 12:00:00,1.7485048,1.7756381,3.6385396,3.0966575,2.8291605,3.2854362
2049-06-21 12:00:00,1.9969574,1.6801827,4.213824,3.197459,3.1607058,3.7826989
2049-06-22 12:00:00,2.6509748,2.3617854,2.9790764,4.434763,4.7294316,3.747919
2049-06-23 12:00:00,3.2475348,2.7276459,2.6317556,4.5375047,4.3188596,3.0202482
2049-06-24 12:00:00,1.9333388,1.5194985,2.797458,2.5723677,3.0875473,2.1244073
2049-06-25 12:00:00,2.859037,2.0906835,3.4898908,2.5777047,2.9885883,2.6753383
2049-06-26 12:00:00,3.2056122,2.5292404,2.7859535,3.9434676,2.4511366,2.2059042
2049-06-27 12:00:00,1.6800424,1.6674694,3.9379222,3.0732477,3.4865012,1.9637836
2049-06-28 12:00:00,1.9225107,1.8526065,3.6080124,3.0125947,4.386851,2.2021961
2049-06-29 12:00:00,2.5167336,2.190278,2.3988023,2.7730448,5.1305466,1.7952071
2049-06-30 12:00:00,2.704417,2.5526392,2.5791094,3.4467814,2.9902947,1.7096858
2049-07-01 12:00:00,3.1325512,2.7360246,2.6772485,2.8644655,3.1686165,1.6883851
2049-07-02 12:00:00,3.7064855,3.326442,3.5270553,4.407038,4.2296224,2.3787618
2049-07-03 12:00:00,3.0548813,2.6161206,4.042805,3.6244771,3.881936,3.2060964
2049-07-04 12:00:00,1.498094,1.4461931,3.41521,2.7187936,4.1158733,2.2445295
2049-07-05 12:00:00,1.5374335,1.718165,4.378195,3.8360498,3.1756666,3.5123467
2049-07-06 12:00:00,1.251685,1.602554,3.578576,2.7294502,3.8810215,2.220413
2049-07-07 12:00:00,1.2298875,1.2920344,3.0309289,2.0770557,3.819802,1.7086942
2049-07-08 12:00:00,0.8706999,1.0440478,2.5884662,2.7268317,4.5337934,1.3127487
2049-07-09 12:00:00,1.2470381,1.2143507,2.089713,2.935835,4.102387,1.7756653
2049-07-10 12:00:00,2.6628523,2.6986122,4.215318,4.806911,3.2705882,3.9674573
2049-07-11 12:00:00,3.5685039,3.1801162,5.179057,5.4280524,3.6815102,4.091128
2049-07-12 12:00:00,2.621118,2.1538472,4.339232,2.5872843,2.0267901,3.1113038
2049-07-13 12:00:00,1.1826638,1.1784517,2.9870856,2.0768201,2.8205245,1.9989685
2049-07-14 12:00:00,2.4277148,1.9720124,2.4555156,2.3406658,2.0803404,1.4949552
2049-07-15 12:00:00,3.1992998,2.5495431,2.889071,3.2329817,3.0168686,1.4433811
2049-07-16 12:00:00,1.8485451,1.8866425,3.5454898,3.1335287,3.233558,1.8418405
2049-07-17 12:00:00,2.9657238,2.1513257,4.4068027,4.348315,2.664583,2.335779
2049-07-18 12:00:00,2.3341527,1.5590571,3.7047825,2.977465,3.7816842,2.2812805
2049-07-19 12:00:00,0.92131126,1.1890976,3.0256708,2.7805939,3.998413,1.8850732
2049-07-20 12:00:00,2.0751526,1.5484288,2.9420984,3.0238268,2.3951914,1.9758418
2049-07-21 12:00:00,1.8222033,1.3028424,2.539705,3.2944522,2.3616564,1.6124024
2049-07-22 12:00:00,1.4398643,1.1205485,2.4233017,2.7866375,2.9712248,1.6015817
2049-07-23 12:00:00,1.4647384,1.2220802,2.3739064,3.2021139,4.5033474,1.5300037
2049-07-24 12:00:00,2.4446712,1.8258241,3.2400532,2.4977553,4.760623,1.5912
2049-07-25 12:00:00,2.9994798,2.291113,3.8817139,2.449532,4.201552,1.936343
2049-07-26 12:00:00,2.2745874,1.8669777,4.0106406,2.506586,4.0361423,2.2890577
2049-07-27 12:00:00,2.4704409,2.320892,2.421316,2.588042,3.3806555,1.8597472
2049-07-28 12:00:00,2.4239612,2.1871965,2.1832879,3.0574963,2.6463103,1.6517199
2049-07-29 12:00:00,2.8886034,2.2625525,2.7517455,2.4909356,1.676487,1.6112074
2049-07-30 12:00:00,1.364674,1.3483536,4.6354213,2.4783306,1.8166744,2.1272774
2049-07-31 12:00:00,1.3139303,1.2687196,3.9951036,2.080103,2.798704,1.9799509
2049-08-01 12:00:00,1.4966817,1.2449431,2.1516278,2.3844414,3.9909217,1.4065435
2049-08-02 12:00:00,1.5838648,1.4565457,2.481343,3.4505458,4.779413,1.5083653
2049-08-03 12:00:00,1.6302614,1.6407812,2.9024107,4.2594314,3.5472817,1.3685415
2049-08-04 12:00:00,1.2441194,1.168258,1.6607467,4.3524356,3.1408792,1.1464125
2049-08-05 12:00:00,1.0107908,1.1136597,1.5652325,4.4292927,3.196447,1.1780989
2049-08-06 12:00:00,1.494523,1.6951727,2.1466274,4.458013,2.8764741,1.3564633
2049-08-07 12:00:00,1.6366395,2.1024425,2.894079,4.274773,2.8223257,1.8269361
2049-08-08 12:00:00,1.7750783,1.4676387,4.7054915,3.6394331,2.8833702,3.059417
2049-08-09 12:00:00,1.6396632,1.3890806,2.6274464,2.8093758,3.940282,1.234588
2049-08-10 12:00:00,2.403711,2.1833541,4.3926296,3.015191,3.514288,2.0656874
2049-08-11 12:00:00,2.86838,2.5195088,4.7880116,3.874083,3.1361961,2.5972595
2049-08-12 12:00:00,2.7470865,1.9075575,2.8955286,4.2266135,3.2370353,1.8187028
2049-08-13 12:00:00,1.7244279,1.8754934,2.9476388,4.267798,4.204895,1.8745006
2049-08-14 12:00:00,1.8698618,1.593422,2.9308195,2.7142942,4.312834,2.4113681
2049-08-15 12:00:00,2.8532906,2.102314,3.384192,3.4353228,3.7726476,2.393036
2049-08-16 12:00:00,1.472871,1.2325143,3.2235372,1.8091358,2.840241,1.4974052
2049-08-17 12:00:00,1.7267804,1.6658946,4.0764275,2.029577,2.4532597,1.7464002
2049-08-18 12:00:00,1.3473121,1.3432149,3.5067837,2.3697112,2.1069887,2.214716
2049-08-19 12:00:00,2.1007369,2.0110328,5.532657,3.586399,2.4555326,3.0018988
2049-08-20 12:00:00,1.8557739,1.4712045,4.163455,2.0516965,2.069731,2.1040895
2049-08-21 12:00:00,1.401439,1.1875432,2.5512023,1.9502816,2.8939111,1.5522596
2049-08-22 12:00:00,1.071657,1.0046083,2.1280658,2.5901203,3.0006344,1.4693177
2049-08-23 12:00:00,1.1064982,0.9872691,3.3748188,4.1661158,2.9598472,1.5012954
2049-08-24 12:00:00,1.3646374,1.2267513,2.5841615,3.815093,2.7976131,1.4511057
2049-08-25 12:00:00,1.686424,1.7306191,2.1439548,3.226911,2.2049317,1.3498712
2049-08-26 12:00:00,2.4171252,1.6236094,2.7990913,3.100132,3.9428291,1.5641465
2049-08-27 12:00:00,2.3188615,1.6138899,2.431115,3.1147692,3.4905164,1.3841271
2049-08-28 12:00:00,2.6686447,2.0635803,2.7039928,2.2489483,2.5916698,1.3449283
2049-08-29 12:00:00,1.6183171,1.4970652,2.257064,2.6311305,3.94054,1.2984852
2049-08-30 12:00:00,1.0144832,1.2154486,4.2113104,2.9926922,3.167137,3.025953
2049-08-31 12:00:00,1.949666,1.5578355,2.5837684,3.0434418,2.830604,2.1556714
2049-09-01 12:00:00,0.7770895,0.93455046,2.9237103,3.0072205,4.4900823,1.3500836
2049-09-02 12:00:00,1.5164819,1.2716742,2.2480283,4.1154313,4.1888113,1.1710862
2049-09-03 12:00:00,2.1727605,1.8581942,2.4698596,4.0881457,3.1056159,1.6378368
2049-09-04 12:00:00,2.9516191,2.0516076,2.0369823,3.096544,2.40813,1.3858297
2049-09-05 12:00:00,3.0402684,2.2944708,3.8948073,2.541732,2.548939,1.841548
2049-09-06 12:00:00,2.8019423,1.8901283,2.9374068,2.2988536,3.8937266,2.0206058
2049-09-07 12:00:00,1.1732857,1.190013,2.2289093,2.179476,4.697024,1.4034678
2049-09-08 12:00:00,2.1077785,1.7156738,2.5327063,3.320596,4.691087,1.8766965
2049-09-09 12:00:00,3.4859142,2.921032,3.5030634,4.210711,5.4432845,2.6398113
2049-09-10 12:00:00,2.68165,3.047392,4.0107965,4.4680777,3.9823153,2.7727635
2049-09-11 12:00:00,1.2982368,1.349375,2.8593385,3.1933959,3.3060029,1.8984067
2049-09-12 12:00:00,1.3562591,1.424238,2.9852693,3.1749964,2.9348712,1.8772575
2049-09-13 12:00:00,2.9250193,2.3321323,3.253633,2.51999,4.1621847,2.2877278
2049-09-14 12:00:00,1.3197677,1.212149,3.0547266,3.3440318,4.914159,2.446417
2049-09-15 12:00:00,3.0574527,2.6392753,5.2801414,6.228622,5.3648295,4.923669
2049-09-16 12:00:00,2.947336,2.5733316,5.4933558,4.739283,5.03232,4.2340546
2049-09-17 12:00:00,1.1765162,1.2463607,4.360669,2.746085,4.636193,2.7640584
2049-09-18 12:00:00,1.2814772,1.0612522,3.2936416,2.0472238,2.776086,1.507943
2049-09-19 12:00:00,1.052125,1.1197503,3.1975684,2.0553849,2.0632713,1.5392509
2049-09-20 12:00:00,1.685746,1.6795684,3.3451037,2.5566516,3.0303,2.4895976
2049-09-21 12:00:00,1.905164,1.5923085,1.908445,1.7943298,3.9698002,1.6647862
2049-09-22 12:00:00,1.5868318,1.3402114,1.9042455,2.0597892,2.7298932,1.3745947
2049-09-23 12:00:00,2.9920292,2.3391762,4.4771376,3.4722228,2.445727,2.9739208
2049-09-24 12:00:00,3.5821004,2.647643,6.2735944,3.9625475,2.757609,3.7512412
2049-09-25 12:00:00,4.4371357,3.4814615,8.416097,4.8913035,4.5207663,5.2938056
2049-09-26 12:00:00,3.7139502,3.9187167,6.2339153,5.9959393,4.5728126,3.6969538
2049-09-27 12:00:00,1.8517709,1.8087201,3.3551776,3.6940064,3.4420972,2.8481286
2049-09-28 12:00:00,3.7027237,3.0405447,5.42166,5.1129684,4.566639,3.9792204
2049-09-29 12:00:00,3.909565,3.2294343,6.5178027,5.6593685,3.498702,4.6765547
2049-09-30 12:00:00,1.9061998,1.6208616,2.7775373,4.024246,4.1978674,2.1609101
2049-10-01 12:00:00,0.73595196,0.8335883,2.3225684,2.2581372,4.030177,1.2901058
2049-10-02 12:00:00,1.2389841,1.3087919,1.5036258,2.6759975,3.8742068,0.9797851
2049-10-03 12:00:00,1.5328104,1.3728118,2.3675215,3.7931852,3.6261344,2.070566
2049-10-04 12:00:00,1.7840781,1.6064522,3.0463955,2.8401265,3.1313028,1.8022394
2049-10-05 12:00:00,2.1980648,1.9002582,1.8886588,3.612588,2.7064545,1.639662
2049-10-06 12:00:00,1.8326923,1.7658993,3.4056423,3.9077315,2.6346412,2.4928129
2049-10-07 12:00:00,2.0244598,2.1558075,6.5008483,5.1614866,3.605562,4.210994
2049-10-08 12:00:00,1.5918349,1.6939379,4.592481,5.514135,4.0532346,3.9836795
2049-10-09 12:00:00,1.947582,1.6446127,3.530055,3.649784,3.5902872,3.1632514
2049-10-10 12:00:00,2.2448153,1.8732893,4.310961,2.7750719,3.3618116,2.3467317
2049-10-11 12:00:00,2.8719082,2.6236634,5.2007217,5.384983,4.24252,3.9825642
2049-10-12 12:00:00,1.1789335,1.1039371,3.2831774,2.917547,5.2671413,2.1873922
2049-10-13 12:00:00,1.370485,1.3219919,3.468695,3.3548229,4.165416,2.362704
2049-10-14 12:00:00,2.5780013,2.4383903,5.868557,4.2638216,2.8295288,3.5038075
2049-10-15 12:00:00,3.3960624,3.2562723,4.151296,4.6587043,3.5572042,3.268636
2049-10-16 12:00:00,2.623085,2.4569094,4.9920664,4.1024804,4.1659017,3.4347622
2049-10-17 12:00:00,1.9746428,1.9482971,2.5399249,3.1629896,2.9975765,1.7934097
2049-10-18 12:00:00,1.694865,1.4802804,3.2176573,3.3558843,3.609116,2.3059392
2049-10-19 12:00:00,3.9971485,3.6060011,6.9984937,7.6696205,4.4164696,6.091719
2049-10-20 12:00:00,3.4576201,3.4000342,5.8893757,7.406981,5.3673425,4.0635233
2049-10-21 12:00:00,1.7279601,1.9598333,2.919582,4.524581,5.449673,1.7629721
2049-10-22 12:00:00,1.3868039,1.2415797,3.6482725,2.4597387,2.8544264,2.6382844
2049-10-23 12:00:00,1.4452343,1.6323826,2.911736,3.4622223,3.5386229,1.5214748
2049-10-24 12:00:00,1.6346364,1.8380098,4.95207,4.349827,5.0540967,3.0246341
2049-10-25 12:00:00,1.2681929,1.5736504,2.5204558,2.3013048,5.6520844,1.6930927
2049-10-26 12:00:00,2.4220657,2.006592,5.374221,3.2278862,3.6812198,2.9819973
2049-10-27 12:00:00,2.4613886,2.212584,4.671136,4.597361,3.0543678,2.6244402
2049-10-28 12:00:00,3.1787827,2.7060714,5.0056744,4.4839654,4.736081,2.4622486
2049-10-29 12:00:00,2.6386185,2.2119405,6.6395044,4.4363,4.299125,4.4729447
2049-10-30 12:00:00,2.5111856,2.1524909,6.423801,7.012834,2.463984,3.9961627
2049-10-31 12:00:00,2.2400732,2.1433444,3.6511457,6.9640117,3.399295,3.7139945
2049-11-01 12:00:00,2.3832304,2.2787914,3.7374885,4.9040446,4.8225393,2.849568
2049-11-02 12:00:00,1.1783979,1.0074251,3.3400378,4.744404,4.3797317,2.2431865
2049-11-03 12:00:00,2.1883917,1.7236146,4.7914886,4.5340514,4.8129234,2.698105
2049-11-04 12:00:00,1.2074978,1.2988145,4.0123076,2.9467545,3.9593277,2.175812
2049-11-05 12:00:00,2.218432,2.1148689,4.860134,4.83974,5.266468,3.4674456
2049-11-06 12:00:00,0.8381958,1.3539873,3.344951,5.5088825,4.51319,2.9349573
2049-11-07 12:00:00,1.3695917,1.3694602,3.7780924,4.066252,4.867295,3.068966
2049-11-08 12:00:00,1.8790758,1.5400002,4.312648,3.378869,4.7828903,2.8301697
2049-11-09 12:00:00,2.61625,2.3953328,4.227061,4.5307546,3.8404565,3.01603
2049-11-10 12:00:00,1.3108544,1.463499,2.406391,5.6849527,3.440193,2.8203042
2049-11-11 12:00:00,1.8179553,1.8142977,3.6310148,8.623093,6.9758086,4.082185
2049-11-12 12:00:00,2.6659646,2.347009,5.327391,6.8162837,6.055593,4.3692255
2049-11-13 12:00:00,3.5546708,2.958277,6.210737,6.2535825,4.8282433,4.017965
2049-11-14 12:00:00,1.8771076,1.9215777,4.424846,4.9364977,5.2906094,2.8379848
2049-11-15 12:00:00,2.1981683,2.094279,3.9558349,5.849994,5.8947277,2.5498228
2049-11-16 12:00:00,1.3943405,1.4434112,3.7016647,4.755296,5.702198,2.5246308
2049-11-17 12:00:00,1.7558687,1.6840782,3.531883,5.6162333,5.944848,2.5256193
2049-11-18 12:00:00,3.7896035,3.0131588,5.1816764,4.535506,6.154904,2.9734771
2049-11-19 12:00:00,2.4492614,2.3243454,4.952913,5.3193254,6.5681133,3.3314147
2049-11-20 12:00:00,1.2280369,1.2087034,3.4748418,3.9372919,5.32582,1.9121158
2049-11-21 12:00:00,1.4249177,1.3057464,3.1209047,4.097884,5.144949,2.1734533
2049-11-22 12:00:00,0.66438043,0.78517073,4.9473443,3.482954,4.0267324,3.4497468
2049-11-23 12:00:00,2.4877028,2.3209116,7.11417,6.02494,4.497446,4.854885
2049-11-24 12:00:00,2.076994,2.132428,4.6877613,7.289945,6.0464306,4.298269
2049-11-25 12:00:00,1.0304601,1.2643641,2.8877208,5.2282434,6.3804927,2.3351133
2049-11-26 12:00:00,0.9976461,1.2944635,3.8617675,4.749331,5.146173,3.1569293
2049-11-27 12:00:00,3.2365808,2.889914,5.0980773,7.544629,5.9699097,4.570093
2049-11-28 12:00:00,2.0839918,1.9415914,3.9051533,7.313771,5.978103,3.5119138
2049-11-29 12:00:00,3.5882494,2.7668374,6.7882543,5.664953,4.268165,4.621523
2049-11-30 12:00:00,4.275543,3.2772293,7.8663535,5.369973,5.221839,5.215611
2049-12-01 12:00:00,3.6879706,3.3167028,5.877725,4.4088736,6.225905,4.2027206
2049-12-02 12:00:00,2.197165,2.1635478,3.9721088,5.8651304,5.335782,3.415732
2049-12-03 12:00:00,1.7025573,1.6079676,3.4834936,2.782799,3.215724,2.7207558
2049-12-04 12:00:00,2.0724945,1.625759,3.8239362,1.944304,3.8038986,2.1200259
2049-12-05 12:00:00,3.989173,2.639206,4.3436546,2.376888,3.316025,2.3669562
2049-12-06 12:00:00,1.9531479,1.5969568,3.9621878,2.8643796,2.9907043,2.798585
2049-12-07 12:00:00,1.8067828,1.7810441,4.204853,3.2774541,3.3924646,4.2017717
2049-12-08 12:00:00,3.0403886,2.3830569,6.3381915,3.8659918,3.681595,4.0091286
2049-12-09 12:00:00,2.2254033,1.9211735,4.171172,2.811899,4.0836854,2.4284515
2049-12-10 12:00:00,2.4134214,2.2572448,6.559717,5.03019,3.999172,3.9957259
2049-12-11 12:00:00,2.6611438,2.4180105,4.362487,3.8929865,4.7093267,2.663809
2049-12-12 12:00:00,1.1437248,1.1373569,2.8012834,2.8315432,6.4306383,1.8669454
2049-12-13 12:00:00,1.6810932,1.3677671,2.4348037,3.1733143,4.587651,1.6014906
2049-12-14 12:00:00,1.2300448,1.2188472,2.5378096,3.594953,2.9016995,1.9449439
2049-12-15 12:00:00,1.8880509,1.7812121,4.611881,3.9092326,4.800291,2.6352637
2049-12-16 12:00:00,0.7217009,1.2043813,4.1855483,5.2238545,7.6195116,2.7124743
2049-12-17 12:00:00,0.9801406,1.2783122,3.264806,5.5811625,4.7822084,3.7868369
2049-12-18 12:00:00,3.1425035,2.5442655,5.8312073,5.519789,4.1415253,4.7659073
2049-12-19 12:00:00,1.4757372,1.3103971,4.993038,3.4673638,4.089127,2.5376751
2049-12-20 12:00:00,1.1189196,1.3305082,4.370085,3.921477,3.7348578,2.8993468
2049-12-21 12:00:00,2.108591,1.8918201,2.751856,3.6963916,3.04395,2.642575
2049-12-22 12:00:00,3.5648181,2.3320348,4.2915626,3.243477,5.6755548,2.1584356
2049-12-23 12:00:00,1.2748581,1.2376328,3.151905,5.789896,7.59854,2.637751
2049-12-24 12:00:00,1.6223736,1.6830714,4.597724,7.54991,7.5332184,3.9775338
2049-12-25 12:00:00,1.9032464,1.586146,3.1667736,4.8197436,6.9542522,2.271325
2049-12-26 12:00:00,0.9882276,1.0360129,2.5767012,4.218672,6.481896,2.5604925
2049-12-27 12:00:00,2.0796099,1.7535212,3.8643034,5.511269,5.932457,3.686733
2049-12-28 12:00:00,0.9991541,1.1680645,2.6672966,4.5739574,4.950539,2.5131488
2049-12-29 12:00:00,1.4361477,1.238597,3.046755,3.8952146,4.755446,2.3254988
2049-12-30 12:00:00,1.5723996,1.5508583,3.2649407,3.8130765,4.86465,2.1622627
2049-12-31 12:00:00,2.1517453,1.5095748,3.413343,3.860387,4.2905283,2.0584037
2050-01-01 12:00:00,0.69674546,1.0529869,2.388285,3.4434485,4.271866,2.123883
2050-01-02 12:00:00,0.966364,1.0642434,3.9773972,3.2421494,4.1730475,1.8832539
2050-01-03 12:00:00,1.6955723,1.591756,3.8707514,3.2548218,5.304736,2.3175123
2050-01-04 12:00:00,2.3984869,1.9199858,4.33544,4.1401935,6.4105287,2.2490203
2050-01-05 12:00:00,4.495578,3.1017296,6.1752634,3.0866618,4.0180297,2.723501
2050-01-06 12:00:00,4.4555435,3.6402693,4.8924084,4.2067327,2.644006,2.939309
2050-01-07 12:00:00,3.2355666,2.3978617,3.9081724,3.7644942,2.9786816,2.4983137
2050-01-08 12:00:00,2.5707805,1.6735684,4.030516,3.002353,3.4790313,2.2336235
2050-01-09 12:00:00,1.1273348,1.1105989,3.228267,3.0985205,3.6830547,1.6386323
2050-01-10 12:00:00,1.6202482,1.5983728,3.5569048,3.8774235,4.369113,2.5679698
2050-01-11 12:00:00,1.5872483,1.7930502,3.058394,4.6057167,3.4409833,2.4811769
2050-01-12 12:00:00,1.1958011,1.5583398,2.3650932,4.238652,4.466208,1.9336581
2050-01-13 12:00:00,1.1415725,1.5663813,2.1901238,4.6470394,4.7912865,1.9103837
2050-01-14 12:00:00,1.3388838,1.4373512,3.2669094,3.6790624,4.4339843,2.4601927
2050-01-15 12:00:00,1.3910749,1.2578821,4.9432106,4.417673,4.604283,3.8365462
2050-01-16 12:00:00,1.4414656,1.3102621,5.4055915,5.3638544,5.1544905,3.9943187
2050-01-17 12:00:00,1.3974181,1.1382041,5.241145,5.12443,4.9618635,3.536419
2050-01-18 12:00:00,0.83559835,0.95667005,4.959815,3.8386161,5.3461204,3.0279505
2050-01-19 12:00:00,1.4159272,1.2833327,5.852015,3.2889729,4.5544486,2.7240503
2050-01-20 12:00:00,2.1685848,1.5380969,6.2887177,3.684023,3.207403,3.3765342
2050-01-21 12:00:00,2.7011154,2.0705833,5.274362,3.3283827,3.3492486,2.4585505
2050-01-22 12:00:00,3.4870837,2.6162229,6.430664,3.2712495,4.29953,2.9849956
2050-01-23 12:00:00,1.8709788,2.0209289,3.8759,2.3641305,4.7817507,2.0045402
2050-01-24 12:00:00,2.2115185,2.3934715,3.6266525,3.5256858,6.3786893,2.290213
2050-01-25 12:00:00,2.5960994,2.521545,3.9513903,4.1644607,3.6724572,2.2526066
2050-01-26 12:00:00,1.4569576,1.4772539,3.3241062,5.471822,6.1464243,2.784829
2050-01-27 12:00:00,2.8490734,3.126406,7.438644,8.778748,6.2800636,5.6051006
2050-01-28 12:00:00,1.549122,1.709821,6.5018773,6.3090916,5.5067854,5.540954
2050-01-29 12:00:00,1.9135019,2.2730846,5.078316,6.679377,4.8334603,3.8751392
2050-01-30 12:00:00,1.4222502,1.8084548,2.7896492,5.297798,3.0614436,2.1124194
2050-01-31 12:00:00,1.4582896,1.5680821,3.0629318,4.377899,3.3406203,2.8162665
2050-02-01 12:00:00,1.6435089,1.849771,5.653838,4.5752087,3.3029454,4.4624104
2050-02-02 12:00:00,2.0174336,1.8550801,5.413762,3.3002644,2.9436774,3.7740915
2050-02-03 12:00:00,1.5124685,1.4344106,3.4710522,5.1864076,4.1861606,3.090224
2050-02-04 12:00:00,2.162747,2.0814283,4.252806,5.983922,5.073062,3.6422672
2050-02-05 12:00:00,2.0973434,2.1369634,5.011357,6.017014,4.864716,3.4683666
2050-02-06 12:00:00,1.0321834,1.2393199,3.2183473,4.417584,5.578685,2.0891542
2050-02-07 12:00:00,1.1744013,1.5619843,2.450194,4.382175,5.332915,1.7625067
2050-02-08 12:00:00,0.88953173,1.3294321,2.2430356,5.9327145,6.248686,2.144427
2050-02-09 12:00:00,0.8480159,1.0998386,2.105234,5.6306043,7.8458447,2.4258242
2050-02-10 12:00:00,0.78965783,1.1001254,2.5559788,6.5402145,8.860277,3.0854332
2050-02-11 12:00:00,0.88165617,1.1654935,1.937172,4.913459,8.471434,2.0749044
2050-02-12 12:00:00,0.8098571,1.1919049,1.7458005,5.2542343,6.196752,1.5186992
2050-02-13 12:00:00,0.6537627,1.1618379,1.6249917,5.5667114,5.835659,1.2424017
2050-02-14 12:00:00,0.82375026,1.2606704,2.942019,6.4815493,5.1588416,2.6890547
2050-02-15 12:00:00,1.8629766,2.0829742,4.182248,4.7082624,4.101825,2.8680286
2050-02-16 12:00:00,1.3927246,1.6792008,2.9057424,5.517069,5.258869,2.231225
2050-02-17 12:00:00,1.3466756,1.6959482,3.714674,4.330193,4.285972,2.7695773
2050-02-18 12:00:00,1.359625,1.5528328,3.1766195,3.36928,3.5672834,2.1498556
2050-02-19 12:00:00,1.9103761,1.7632499,4.0818624,5.4529605,5.211899,3.5548697
2050-02-20 12:00:00,2.3257465,2.1218784,5.013835,3.2795987,4.0500655,3.1212268
2050-02-21 12:00:00,1.4620105,1.4472919,3.9289148,2.343575,5.316325,3.0261068
2050-02-22 12:00:00,1.7556365,1.3469465,3.5059655,2.1950853,4.580407,2.1106932
2050-02-23 12:00:00,2.5622644,1.9745055,3.941953,5.662886,3.8907797,3.4867485
2050-02-24 12:00:00,1.1972115,1.2527796,3.5864117,2.8447251,4.0301323,2.159571
2050-02-25 12:00:00,1.2552005,1.4440633,2.715277,5.433177,5.2059236,2.232026
2050-02-26 12:00:00,2.5271342,2.366012,3.9907675,7.7585034,4.664689,3.985796
2050-02-27 12:00:00,2.7698402,2.0334551,4.1000195,4.159297,6.248926,2.6387122
2050-02-28 12:00:00,1.0710356,1.1512184,1.8797585,1.8262111,5.760382,1.3473845
2050-03-01 12:00:00,2.4227939,2.1492846,2.4795957,2.270362,3.601351,2.193525
2050-03-02 12:00:00,1.6778266,1.7463502,2.2183259,1.8780811,2.5169754,2.480557
2050-03-03 12:00:00,3.3917513,2.677767,2.7310848,2.1340668,3.554805,1.9954947
2050-03-04 12:00:00,1.4815185,1.5454,4.582345,5.9100122,4.9569297,4.2766986
2050-03-05 12:00:00,3.2573435,2.7996426,4.107629,5.8582006,4.6727242,3.16387
2050-03-06 12:00:00,1.3825448,1.3250297,3.5426307,4.3371696,3.61176,1.825292
2050-03-07 12:00:00,1.6195886,1.9172246,2.5353215,4.7745037,3.6794362,2.4938622
2050-03-08 12:00:00,2.6198673,1.7505168,4.1960897,3.5938861,3.7546468,2.8625834
2050-03-09 12:00:00,0.9078415,1.2028685,5.0042415,5.536694,6.246602,4.351328
2050-03-10 12:00:00,1.0398903,1.3914828,4.100528,6.614064,8.030777,4.10048
2050-03-11 12:00:00,1.4459656,1.1911919,3.2162647,3.9332273,4.7725616,2.9178307
2050-03-12 12:00:00,0.9229246,0.99780583,3.1497698,5.1397595,7.400344,2.9821558
2050-03-13 12:00:00,1.803937,1.631364,5.0466347,6.5574665,8.081262,4.988905
2050-03-14 12:00:00,2.7720554,2.4168248,5.9462647,5.4999304,7.2938876,4.4578624
2050-03-15 12:00:00,2.074469,2.3307977,5.976826,4.597441,4.638718,4.121727
2050-03-16 12:00:00,2.3616757,2.5792773,6.5949736,5.073912,3.616159,4.2479715
2050-03-17 12:00:00,2.189071,2.0732784,2.6826334,4.2928305,4.6835318,2.3350801
2050-03-18 12:00:00,2.2995653,2.1401558,3.7051554,3.6938214,4.8494177,2.2717404
2050-03-19 12:00:00,1.6934347,1.5728412,3.961914,3.2886555,5.536594,2.220969
2050-03-20 12:00:00,3.6487927,2.6164896,4.597038,2.63984,4.752021,2.4759922
2050-03-21 12:00:00,2.4635057,1.8541962,2.7533152,3.0120575,2.4697297,2.3345494
2050-03-22 12:00:00,1.1955807,0.99465567,3.0966704,2.2712855,2.3729577,2.0688365
2050-03-23 12:00:00,1.8816571,1.5162973,5.210874,2.4401145,3.336291,2.342577
2050-03-24 12:00:00,3.1953506,2.406655,5.8533387,3.2313414,4.0237875,2.6524389
2050-03-25 12:00:00,2.012282,1.8760817,3.9878938,3.3989635,4.5992374,1.798994
2050-03-26 12:00:00,1.3128389,1.5716573,2.285232,3.785022,5.8328075,1.6289916
2050-03-27 12:00:00,1.9924319,2.0639713,2.4946232,3.9474225,6.0330615,2.0990322
2050-03-28 12:00:00,1.4996654,1.3689597,3.4186647,2.689034,5.6520333,2.5816867
2050-03-29 12:00:00,1.9284786,1.6496607,3.0002122,3.7815795,3.4918928,2.1617658
2050-03-30 12:00:00,3.2295408,2.7401516,4.55167,4.13617,2.8204892,3.8502052
2050-03-31 12:00:00,4.007749,3.5313618,5.4455814,4.485786,3.388422,2.845696
2050-04-01 12:00:00,2.6960182,2.374697,2.2889566,3.1390972,5.801051,1.7468014
2050-04-02 12:00:00,1.038738,1.081305,2.7684088,2.461142,3.5057082,2.3251102
2050-04-03 12:00:00,2.0472722,1.7416638,4.0247955,3.3601644,3.5079346,3.0635087
2050-04-04 12:00:00,1.8591156,2.0794084,3.3894103,3.3114378,4.8387904,3.0065224
2050-04-05 12:00:00,2.1397629,1.9854486,4.0957317,4.2037897,4.6117625,2.720432
2050-04-06 12:00:00,2.578995,2.3281357,4.138845,6.1344886,4.536658,3.9253106
2050-04-07 12:00:00,3.621218,3.376296,4.779576,5.6392026,6.030806,4.7142277
2050-04-08 12:00:00,3.3306682,2.8660758,3.8679676,4.9821253,5.1867723,2.9207482
2050-04-09 12:00:00,2.0865097,1.5847281,3.6096628,4.266746,7.8786054,2.4165666
2050-04-10 12:00:00,3.9832525,3.3939722,6.8903656,5.1860285,5.5231094,4.3257036
2050-04-11 12:00:00,3.9416523,3.2440212,5.808157,5.702071,4.696826,4.0690665
2050-04-12 12:00:00,4.8895464,4.0170393,6.950622,4.850683,3.5331235,4.707773
2050-04-13 12:00:00,3.6772938,3.1810367,4.4367075,6.066767,3.3226373,2.9461555
2050-04-14 12:00:00,2.949316,2.3735342,3.7263029,6.1363854,4.8544464,2.9968774
2050-04-15 12:00:00,2.0295763,1.8698841,3.499921,4.661612,5.5646486,2.39811
2050-04-16 12:00:00,2.1219416,1.9504703,2.8359113,4.4585743,3.775373,1.8672369
2050-04-17 12:00:00,2.7347002,2.6872168,5.025204,6.0831637,4.137903,4.619528
2050-04-18 12:00:00,3.0143166,2.5848224,6.3125916,5.797212,5.1526628,4.750096
2050-04-19 12:00:00,3.49135,2.9856348,5.5631113,6.16472,3.5491707,4.5491815
2050-04-20 12:00:00,3.4516914,3.1142573,5.912458,6.8583083,3.66245,4.1343083
2050-04-21 12:00:00,2.8072698,2.70483,3.447876,5.6907063,3.5551634,3.1008792
2050-04-22 12:00:00,1.4061855,1.7184832,4.1474833,2.987024,4.516779,2.9513643
2050-04-23 12:00:00,2.6705918,2.7727692,4.3397493,4.4041166,4.4137316,3.4562144
2050-04-24 12:00:00,2.7131371,2.6038976,3.2088156,5.0619955,6.6019096,2.1066122
2050-04-25 12:00:00,2.6193233,2.4050922,4.1097956,3.35854,5.0788517,2.3298194
2050-04-26 12:00:00,1.8597095,1.770313,3.6914332,4.5421247,4.765573,2.6503367
2050-04-27 12:00:00,2.9092104,2.7769303,4.9682107,5.535359,5.321461,3.495829
2050-04-28 12:00:00,3.6724935,3.0788977,3.8958883,4.464364,4.180751,3.283573
2050-04-29 12:00:00,3.7699487,3.2012227,3.4542687,4.6760607,4.942134,2.5639005
2050-04-30 12:00:00,3.4267998,2.9990747,3.7825155,4.4239397,3.135458,2.5068402
2050-05-01 12:00:00,1.6334336,1.537146,2.924889,2.6587272,5.4541564,1.725791
2050-05-02 12:00:00,1.8108668,2.084074,3.3871677,4.5537953,4.724962,2.5784762
2050-05-03 12:00:00,1.7564306,1.837242,3.7672124,5.2101197,6.268398,2.720774
2050-05-04 12:00:00,1.6393461,1.3677098,2.6701164,3.8358088,4.0048976,2.3915932
2050-05-05 12:00:00,1.924901,1.4715962,1.8470455,2.153806,2.2469792,1.311776
2050-05-06 12:00:00,1.9380653,1.5226954,2.4059546,2.100296,2.5311885,1.7068965
2050-05-07 12:00:00,2.9253042,2.4075365,3.9686658,3.743573,2.520123,2.1441228
2050-05-08 12:00:00,3.0313401,2.3185766,3.0913992,4.5592103,2.8729131,2.0140471
2050-05-09 12:00:00,1.4786016,1.6282575,3.1912694,2.8061922,3.1645296,2.4159853
2050-05-10 12:00:00,1.2273648,1.3252155,2.3428447,2.7418714,3.3218768,1.9652884
2050-05-11 12:00:00,1.4151313,1.4033513,2.104832,3.334795,4.8819966,2.086512
2050-05-12 12:00:00,2.1109116,2.2895846,5.532503,3.11368,4.3495383,3.4695764
2050-05-13 12:00:00,2.2577872,2.382507,3.7447746,3.8837523,2.5555775,3.4240992
2050-05-14 12:00:00,1.8128809,1.4803182,3.1053314,2.656409,2.9214377,2.3590856
2050-05-15 12:00:00,2.8807483,2.0841305,3.3683522,3.2747822,3.1488833,2.458539
2050-05-16 12:00:00,1.904413,1.7148317,4.1545973,3.41039,3.4634392,3.1771312
2050-05-17 12:00:00,1.4135349,1.7360642,4.195391,4.802955,4.2873387,2.4315786
2050-05-18 12:00:00,2.4765458,2.4441104,3.7645502,4.3282175,5.4121475,2.0058568
2050-05-19 12:00:00,2.1346521,1.8049693,4.3733253,2.9359517,4.634594,3.1541386
2050-05-20 12:00:00,2.2141762,2.472731,4.3879805,3.5489361,4.4177656,3.8610582
2050-05-21 12:00:00,1.9353981,1.9264532,3.870448,3.0641592,2.081083,3.1298125
2050-05-22 12:00:00,2.167598,1.9560148,3.0568602,3.6631923,2.2737625,2.408856
2050-05-23 12:00:00,2.6853063,2.3537083,2.9502473,5.9172955,3.4949222,3.1028106
2050-05-24 12:00:00,2.715298,2.2533057,3.935477,4.64837,4.5971346,3.1517022
2050-05-25 12:00:00,4.842232,4.120118,5.7926383,3.9912632,3.904924,4.0072613
2050-05-26 12:00:00,3.186191,3.2891736,6.3667445,7.6309314,9.420894,4.1468062
2050-05-27 12:00:00,4.14669,3.8572335,4.5779405,5.9225073,6.8364787,3.4278502
2050-05-28 12:00:00,3.3587122,2.854612,3.3008957,3.1853998,3.5635839,2.0092516
2050-05-29 12:00:00,3.1311042,2.4929903,3.1215372,3.2854831,4.2397532,1.9178466
2050-05-30 12:00:00,3.2909975,2.7231038,3.3039694,4.575657,4.814073,1.893727
2050-05-31 12:00:00,2.5302753,2.223233,2.613221,4.7372136,4.737376,1.7838923
2050-06-01 12:00:00,2.0579696,1.6225197,2.8052344,2.7312155,4.945815,1.7942241
2050-06-02 12:00:00,1.3368937,1.4505455,2.4994252,3.2175744,5.0129004,1.9662786
2050-06-03 12:00:00,1.6182868,1.449308,2.5677483,3.9510386,4.1756454,1.3591969
2050-06-04 12:00:00,1.2946587,1.169443,2.1955788,3.9306865,4.2857513,1.3474988
2050-06-05 12:00:00,1.434799,1.3622493,3.7920578,3.6519482,4.579213,1.9439007
2050-06-06 12:00:00,2.4092016,1.8141694,3.4273753,3.7015781,4.712987,2.1207457
2050-06-07 12:00:00,3.158499,2.6322858,3.3402743,3.2904012,3.733005,2.2021122
2050-06-08 12:00:00,2.9781175,2.6635962,3.1423688,3.5363271,3.576833,1.8609023
2050-06-09 12:00:00,3.3847542,2.8793232,4.5071015,3.289574,4.447095,2.533481
2050-06-10 12:00:00,2.9670286,2.430757,3.7369113,2.6282787,3.4135716,2.5947948
2050-06-11 12:00:00,1.3870466,1.2294555,2.1385252,2.1732478,2.4261162,1.3868196
2050-06-12 12:00:00,2.6089292,1.6871649,2.692799,2.5245955,2.4205425,1.4151306
2050-06-13 12:00:00,2.5587864,2.0141807,4.0492034,2.6390705,2.402952,2.0382211
2050-06-14 12:00:00,2.8341503,2.1470795,4.2634573,3.0450394,2.5391831,2.4976223
2050-06-15 12:00:00,2.1513824,2.4267359,4.7668633,4.0218735,2.603509,2.7748578
2050-06-16 12:00:00,1.7913748,1.6143514,3.2219522,3.1731024,3.6558688,2.800976
2050-06-17 12:00:00,3.5073447,2.9133081,4.815669,3.9620736,4.0157075,3.9524732
2050-06-18 12:00:00,3.328369,2.708909,3.5531907,5.2797294,3.0630636,2.9600847
2050-06-19 12:00:00,2.9694667,2.7924433,3.914545,6.213154,5.141865,3.2403545
2050-06-20 12:00:00,3.2276065,3.0185723,5.0404806,6.6048045,3.7436097,3.438374
2050-06-21 12:00:00,2.2549353,1.9353268,3.7980783,4.256442,3.5433602,2.3338084
2050-06-22 12:00:00,1.3820567,1.613625,2.71643,2.948237,3.1034474,1.7690641
2050-06-23 12:00:00,1.7525039,1.7248652,2.9656618,2.4004812,3.8039892,1.8907382
2050-06-24 12:00:00,1.9914596,1.8482442,3.1472,4.0410275,3.3379564,2.9103298
2050-06-25 12:00:00,2.3730097,1.9730971,2.54515,3.3508613,3.1783135,2.0527613
2050-06-26 12:00:00,2.6241953,2.3366108,5.0469785,2.6475458,2.961576,2.4969797
2050-06-27 12:00:00,3.4284832,3.306068,4.365936,5.0011086,3.0783324,2.7427073
2050-06-28 12:00:00,2.9062867,2.3526967,3.84688,3.711555,4.8553987,3.0034785
2050-06-29 12:00:00,2.0767672,1.6736171,2.2886307,3.4522188,3.5367143,1.4388094
2050-06-30 12:00:00,1.4073818,1.4836868,3.1993294,2.3705616,2.8090992,1.9716465
2050-07-01 12:00:00,3.1039782,2.8262887,4.0704327,2.7201207,1.8863009,3.1535885
2050-07-02 12:00:00,2.5324006,2.1293466,4.026946,3.0706296,1.8303338,2.7831943
2050-07-03 12:00:00,2.861095,2.5011272,4.145416,5.214461,4.8999534,3.2765498
2050-07-04 12:00:00,2.802642,2.3443537,3.8373978,5.2793846,4.858313,2.9318788
2050-07-05 12:00:00,2.1847227,2.17077,4.4791417,5.81316,4.045191,2.7617974
2050-07-06 12:00:00,1.9481682,1.8354545,3.0105994,3.2798862,3.1086073,1.4595294
2050-07-07 12:00:00,1.4809024,1.2941215,2.3207688,1.7715383,2.5450757,1.3383662
2050-07-08 12:00:00,2.3792353,1.9448384,3.3953323,2.588666,2.1284897,2.7944643
2050-07-09 12:00:00,2.2394905,1.8518213,3.0221202,2.242554,3.1883655,1.7160567
2050-07-10 12:00:00,2.383871,2.3034167,4.2112265,2.541479,3.3968627,2.0251853
2050-07-11 12:00:00,1.323169,1.520809,4.60758,3.0427985,3.4363277,2.8874104
2050-07-12 12:00:00,1.8354628,2.086533,5.9762545,4.0147157,2.8995252,3.2599452
2050-07-13 12:00:00,1.4491811,1.4207186,4.595753,2.5402865,2.9601743,2.5322092
2050-07-14 12:00:00,1.2559597,1.5303355,4.3364906,2.6289637,2.2065902,2.4410684
2050-07-15 12:00:00,2.1609058,2.022053,3.713745,2.771346,2.585359,1.8511188
2050-07-16 12:00:00,1.6246924,1.4750288,2.7489665,3.1741579,2.8293734,1.5814753
2050-07-17 12:00:00,2.330931,2.156112,3.8373296,3.0983622,2.7832246,2.1194973
2050-07-18 12:00:00,4.0810213,3.4925244,5.2832932,4.785089,3.647858,4.396688
2050-07-19 12:00:00,1.5593336,1.4015149,2.6258767,3.4351165,3.7801902,1.9958333
2050-07-20 12:00:00,2.0051155,1.8661876,3.5307636,3.11366,3.8306482,1.9393675
2050-07-21 12:00:00,2.1022086,2.0845845,2.9400866,3.543801,5.0271244,2.2172215
2050-07-22 12:00:00,1.9676946,1.6092397,3.382213,2.680895,3.9438195,2.2506063
2050-07-23 12:00:00,2.914765,2.42536,3.9051862,3.3539083,3.4757211,2.3928053
2050-07-24 12:00:00,2.204499,2.2015986,3.8246562,3.018835,3.0811393,1.8321688
2050-07-25 12:00:00,1.9850268,1.9044231,4.4967313,2.1015484,3.611364,1.7349962
2050-07-26 12:00:00,2.2807107,2.063048,3.2012863,2.2344527,3.8425455,1.8445896
2050-07-27 12:00:00,3.0505915,2.5713038,4.116358,3.6007473,4.562557,2.7237337
2050-07-28 12:00:00,2.618933,2.3672094,3.9092171,3.3850033,4.8087187,2.1929145
2050-07-29 12:00:00,3.340748,3.023101,3.8277307,4.2718554,3.8307312,2.7501588
2050-07-30 12:00:00,0.99092466,1.1788996,3.6015482,2.7492342,3.7813234,2.1528993
2050-07-31 12:00:00,1.6945119,1.4747581,2.8900442,2.5002732,3.141445,1.6677865
2050-08-01 12:00:00,2.0067103,1.53566,5.1263695,2.9721916,3.796342,2.0644658
2050-08-02 12:00:00,2.9449778,2.3111587,4.143341,3.7542832,2.8751643,2.4023566
2050-08-03 12:00:00,3.4457362,2.5475707,3.5909512,3.2427778,2.646799,2.3117557
2050-08-04 12:00:00,1.826372,1.3135405,2.4549844,2.7781763,2.650274,1.6160946
2050-08-05 12:00:00,1.2088928,1.2802343,2.3196378,3.660034,3.0781896,1.5761156
2050-08-06 12:00:00,1.5468912,1.4334413,1.9259553,3.1718326,2.084128,2.0543125
2050-08-07 12:00:00,2.1071959,1.7652673,3.0478003,2.8332522,2.8074718,2.7212684
2050-08-08 12:00:00,1.3644183,1.4446598,2.291268,3.6311421,2.5539048,1.5761873
2050-08-09 12:00:00,2.4869251,1.8851519,2.4069335,2.6949236,2.460833,1.4164343
2050-08-10 12:00:00,2.7886336,2.258847,2.8916578,3.1914163,3.8391259,1.6320047
2050-08-11 12:00:00,4.313382,3.533029,2.9909108,4.429933,5.199023,2.2200897
2050-08-12 12:00:00,3.2251086,2.3980808,2.6064281,3.755414,3.2290754,1.5402503
2050-08-13 12:00:00,1.8321488,1.606532,2.4153044,3.740181,2.7884946,1.6451635
2050-08-14 12:00:00,1.4285864,1.3901867,1.9502252,2.3418632,3.0628216,1.240962
2050-08-15 12:00:00,1.8233066,1.5535336,3.3728151,2.3359003,3.19913,2.586344
2050-08-16 12:00:00,2.8498414,1.982472,3.9403977,3.2218566,3.7902107,3.2748191
2050-08-17 12:00:00,3.0922713,2.597281,3.2272172,3.5133426,4.409233,2.3788016
2050-08-18 12:00:00,1.6073122,1.3783504,2.2668252,2.1134305,3.899355,1.5003814
2050-08-19 12:00:00,3.3173983,2.904131,2.9104214,3.1623273,3.344592,1.5567526
2050-08-20 12:00:00,1.6960703,1.7306709,4.3748817,2.962594,2.568509,2.747317
2050-08-21 12:00:00,2.620213,2.564095,3.794485,2.9735396,2.6416807,2.4528015
2050-08-22 12:00:00,2.9469361,2.4783223,3.5856123,2.6623561,3.9789567,2.3727293
2050-08-23 12:00:00,1.1226332,1.211202,3.650523,2.3763363,3.8342218,2.2325828
2050-08-24 12:00:00,1.6227473,1.4069843,2.578007,2.1482534,4.6625805,2.1285095
2050-08-25 12:00:00,1.3446548,1.0868723,2.6762383,2.352059,3.1122513,1.5757504
2050-08-26 12:00:00,0.9047843,1.0710096,2.9849849,3.7994676,3.2492821,2.752522
2050-08-27 12:00:00,1.2118055,1.4625869,4.039246,3.3370512,4.107797,2.500489
2050-08-28 12:00:00,2.0836248,1.584284,2.5399084,4.4325233,2.6624863,1.6987957
2050-08-29 12:00:00,1.9266706,1.7453499,3.1168602,2.9791336,3.5121508,2.2705922
2050-08-30 12:00:00,1.7941698,1.5780385,3.7027202,2.7109377,2.9814398,2.2250204
2050-08-31 12:00:00,1.4378016,1.4011549,3.2514527,3.403791,2.929277,2.934802
2050-09-01 12:00:00,2.9263763,2.6460154,4.385262,4.63173,3.4249892,4.1022396
2050-09-02 12:00:00,2.101348,2.0711968,2.5948787,5.8901377,3.3012757,2.325423
2050-09-03 12:00:00,0.904614,1.1816584,3.4470987,2.8610094,3.6341681,1.9146413
2050-09-04 12:00:00,0.96806073,1.1804498,2.4058619,2.3176057,3.4388,1.3117391
2050-09-05 12:00:00,0.70370793,0.8344837,2.5053723,1.927669,3.5082946,1.655382
2050-09-06 12:00:00,0.8879168,0.9397778,2.717795,1.6926123,3.2032316,1.4663721
2050-09-07 12:00:00,0.7204811,0.73638725,2.0855126,1.5836433,2.5611978,1.2889578
2050-09-08 12:00:00,1.0989723,0.9560501,1.974667,1.4557221,3.199378,1.1323858
2050-09-09 12:00:00,0.73343146,0.8992432,2.210232,1.288171,3.976684,1.2212507
2050-09-10 12:00:00,1.0146798,0.97563934,1.6025192,2.057506,6.8377695,1.2232713
2050-09-11 12:00:00,1.1178931,1.3463943,1.7117059,3.602955,6.72417,1.7967734
2050-09-12 12:00:00,2.1637845,2.6825674,3.5030375,4.9316335,5.007905,3.8646748
2050-09-13 12:00:00,2.6523647,2.6781795,4.3570657,4.2979302,4.658353,4.014327
2050-09-14 12:00:00,2.8971462,2.4127388,3.7694414,3.3863385,4.058863,3.4049187
2050-09-15 12:00:00,1.941467,1.8077142,2.6693776,3.0501487,3.8398664,2.5154614
2050-09-16 12:00:00,1.3374423,1.1376928,2.190814,2.1473246,3.1592703,1.4454465
2050-09-17 12:00:00,0.8967596,1.0250549,3.097236,2.0906734,5.205511,1.8649297
2050-09-18 12:00:00,1.8642371,1.4887017,3.6573994,3.7365258,5.5573215,1.3756013
2050-09-19 12:00:00,2.4942305,1.7981372,3.2911127,3.6997929,4.0053654,1.8531499
2050-09-20 12:00:00,2.043009,1.8639336,2.5315259,3.7111094,4.3587704,2.5084271
2050-09-21 12:00:00,1.0110378,1.2265565,3.153719,2.6983316,4.6521263,1.9318261
2050-09-22 12:00:00,1.6405492,1.5805736,3.2181358,1.6259329,4.6500745,1.2045839
2050-09-23 12:00:00,2.4192038,2.215795,2.4130707,2.4919639,4.0663214,1.244182
2050-09-24 12:00:00,2.0299773,2.4795406,1.7892501,3.728155,3.194677,1.5681044
2050-09-25 12:00:00,2.8321157,2.4239974,3.5970523,4.0425463,2.8327088,2.0589962
2050-09-26 12:00:00,2.4213698,1.8762879,4.7452273,3.170322,3.946419,2.1989288
2050-09-27 12:00:00,1.7785106,1.7302204,5.91244,3.2810695,2.9048166,3.5834584
2050-09-28 12:00:00,1.3766181,1.5787897,5.3285193,4.881091,2.675869,4.167684
2050-09-29 12:00:00,1.1707406,1.1948837,4.8386884,3.7096646,4.6366673,3.069005
2050-09-30 12:00:00,0.9903219,0.8379374,4.7184234,2.0228252,3.4203482,2.1864913
2050-10-01 12:00:00,1.1656685,1.2138329,4.874182,2.7259583,3.5573523,3.179999
2050-10-02 12:00:00,1.3452065,1.3139997,4.6368976,2.7751806,3.1622233,2.7104669
2050-10-03 12:00:00,3.756033,3.2805073,5.0839396,4.681533,3.2061603,3.2358367
2050-10-04 12:00:00,2.8343844,2.2423496,4.9403276,3.8444004,3.8393693,2.5426185
2050-10-05 12:00:00,2.348005,1.8919548,3.5873373,3.7346725,2.9353106,2.2100735
2050-10-06 12:00:00,1.7357695,1.5143365,3.4602494,3.3760664,2.7966979,2.0838428
2050-10-07 12:00:00,3.120071,2.6927607,5.157743,3.136264,3.069257,3.0342915
2050-10-08 12:00:00,3.1434479,2.7796202,6.414082,4.162896,3.232796,4.1886787
2050-10-09 12:00:00,2.3681638,2.2640445,2.749268,4.5210958,4.639412,2.3069727
2050-10-10 12:00:00,2.598259,2.1549873,4.1979527,4.5074587,3.9563096,2.8936088
2050-10-11 12:00:00,1.3867853,1.4422048,2.768175,4.2847767,4.0380464,2.3106568
2050-10-12 12:00:00,1.0852096,1.2405308,3.445888,4.6779976,5.020177,1.6642237
2050-10-13 12:00:00,3.3240056,2.218807,4.9212728,3.207396,3.0420127,2.433127
2050-10-14 12:00:00,2.4542484,2.2106133,3.8545797,2.3702152,2.2396796,1.8109146
2050-10-15 12:00:00,0.8014855,0.94998384,2.174696,2.020143,2.561717,1.8926231
2050-10-16 12:00:00,1.9861724,1.6402851,4.6106577,2.8772256,3.0276332,2.878896
2050-10-17 12:00:00,2.6480172,2.3134313,4.91192,3.3292897,3.616816,3.3529475
2050-10-18 12:00:00,3.091607,2.235957,4.794639,3.9786892,4.1527476,3.010689
2050-10-19 12:00:00,1.2246387,1.1874008,2.384963,3.4990022,3.767627,2.1865673
2050-10-20 12:00:00,1.1595368,1.0835727,2.7318442,3.8461037,3.1498785,1.9556772
2050-10-21 12:00:00,2.0236757,1.5831448,3.4379747,4.667933,4.691656,3.3515499
2050-10-22 12:00:00,1.8588467,1.8358648,4.8691816,4.7292323,5.747645,3.2807322
2050-10-23 12:00:00,3.3624642,3.0443528,4.8017964,4.7426376,5.9433007,3.5227396
2050-10-24 12:00:00,2.153938,1.8720518,3.212248,3.9247215,7.301726,2.0852513
2050-10-25 12:00:00,3.6798334,3.1845627,6.4465194,4.94491,4.2213874,4.0091867
2050-10-26 12:00:00,4.034134,3.4683466,4.7020555,4.563614,4.1585975,1.9195075
2050-10-27 12:00:00,0.7547744,0.86767095,1.5468228,3.4569073,6.334641,1.3900007
2050-10-28 12:00:00,0.720297,0.84510964,2.3001926,4.9633317,6.4450774,1.1782165
2050-10-29 12:00:00,1.1850927,0.93983185,2.6663997,5.3534718,7.830611,1.0901401
2050-10-30 12:00:00,1.1336095,1.1686858,2.6735768,4.555562,6.184563,1.5565673
2050-10-31 12:00:00,0.89104664,1.0326201,2.7240767,4.60091,5.642014,1.78854
2050-11-01 12:00:00,0.9852057,1.093915,3.7381225,4.186957,4.1558857,2.8124342
2050-11-02 12:00:00,2.0051928,1.8952614,6.0491686,5.2792277,3.372077,4.8439865
2050-11-03 12:00:00,3.279992,2.9706318,4.592568,4.9072127,4.5816813,3.3628705
2050-11-04 12:00:00,2.3632736,2.3448684,4.366478,5.145442,5.6164975,3.4282491
2050-11-05 12:00:00,1.2124195,1.2603322,3.0302987,3.1424327,6.019571,2.7804985
2050-11-06 12:00:00,2.010376,1.3169014,3.458182,3.5494943,4.779848,2.754558
2050-11-07 12:00:00,1.5071104,1.137446,3.542889,3.1134953,3.2935593,2.5145705
2050-11-08 12:00:00,1.2734649,1.2176956,3.9446654,2.8178859,4.068031,2.446951
2050-11-09 12:00:00,1.1431742,1.2328924,3.8781853,3.8355103,4.69229,2.9766035
2050-11-10 12:00:00,0.75516325,0.8211534,2.7584634,3.914968,5.2957773,2.28511
2050-11-11 12:00:00,1.0625694,1.1637028,2.5035331,4.7133546,5.5170407,2.2577324
2050-11-12 12:00:00,1.1865609,1.7013478,3.5871985,7.2444706,5.165365,2.035296
2050-11-13 12:00:00,1.586905,1.9427017,3.3301713,7.456458,6.349751,2.1375418
2050-11-14 12:00:00,1.7946204,2.1141548,4.5854373,6.611345,6.0565333,3.5880055
2050-11-15 12:00:00,1.0501119,1.3121394,4.761442,3.1760395,4.080291,2.804001
2050-11-16 12:00:00,0.86775744,1.2292577,2.6161623,2.5502439,2.9019277,1.8852786
2050-11-17 12:00:00,1.2386334,1.3320141,2.4085796,2.0657294,2.7870228,1.7025076
2050-11-18 12:00:00,1.4934208,1.4386104,4.231734,3.113399,3.6964176,2.0052583
2050-11-19 12:00:00,5.3588676,3.9006917,5.6729064,3.5278559,3.3916373,2.468944
2050-11-20 12:00:00,3.4824219,3.5990548,3.1910508,4.2958035,5.5573854,2.1851678
2050-11-21 12:00:00,1.8123963,2.159446,2.5358217,6.503418,4.607199,2.5349815
2050-11-22 12:00:00,2.4804778,2.0132837,5.974432,4.9893794,4.382473,3.2499473
2050-11-23 12:00:00,1.6909173,1.7289202,5.3764586,4.481808,3.9535286,4.879403
2050-11-24 12:00:00,2.4632974,2.491435,6.2131395,5.8253837,4.4704947,4.6822085
2050-11-25 12:00:00,1.8216717,1.8277267,4.254631,6.6458635,4.966054,3.1044793
2050-11-26 12:00:00,1.2551875,1.3620565,2.614328,6.6242657,3.8269928,2.418691
2050-11-27 12:00:00,0.94098926,1.2608575,2.9751165,5.016219,3.268172,2.5267024
2050-11-28 12:00:00,1.0189894,1.0313189,4.048915,2.285425,3.876809,2.0131705
2050-11-29 12:00:00,1.292319,1.2789347,2.7754252,2.850167,4.1875315,1.7919588
2050-11-30 12:00:00,1.522613,1.4883729,2.731592,4.1332717,3.7386672,2.075486
2050-12-01 12:00:00,1.0358605,1.3773181,2.1589682,6.9999,4.6916614,2.3530731
2050-12-02 12:00:00,1.3160245,1.5244157,3.0439281,8.976031,8.049665,3.3952181
2050-12-03 12:00:00,1.652012,1.5398741,3.5831692,6.143266,6.2434673,3.0554159
2050-12-04 12:00:00,1.223847,1.1294904,3.651867,4.7906485,3.352633,2.9499962
2050-12-05 12:00:00,2.6093583,2.0367677,4.164067,3.294704,3.4513965,2.808801
2050-12-06 12:00:00,1.302124,1.2137606,2.1205096,3.1946115,3.238328,1.6043267
2050-12-07 12:00:00,0.92832834,1.1843634,2.9129643,3.8172965,3.4684718,2.622272
2050-12-08 12:00:00,3.1161942,2.5893993,6.3149643,5.659858,4.408057,4.5577507
2050-12-09 12:00:00,3.4035656,2.7060452,6.883072,4.5002437,6.173409,4.2000065
2050-12-10 12:00:00,2.2078824,2.718254,4.8645067,8.06805,5.9834943,3.974121
2050-12-11 12:00:00,2.2996938,2.6369855,2.9201655,5.4655,7.0661154,2.386023
2050-12-12 12:00:00,0.9011407,1.1799992,3.7247872,5.526112,7.381616,3.5314612
2050-12-13 12:00:00,1.02772,1.227524,4.241216,5.2686944,7.512731,3.4610555
2050-12-14 12:00:00,1.3403826,1.4121876,4.2558737,4.889967,6.787652,3.4748044
2050-12-15 12:00:00,1.0482577,1.0328264,3.6063309,3.4652805,5.4185076,2.6673737
2050-12-16 12:00:00,1.2254564,1.0628011,2.2621384,3.6370785,3.312875,1.3456591
2050-12-17 12:00:00,1.9329464,1.3514026,3.3064492,2.441481,3.620968,1.7240653
2050-12-18 12:00:00,2.5116053,1.6163769,3.3202686,2.7831306,3.655811,1.8264905
2050-12-19 12:00:00,1.2457218,1.2543694,2.0915549,2.1057518,3.581699,1.9573992
2050-12-20 12:00:00,0.7648374,0.98639953,1.9111518,2.7407517,4.2230816,1.7966893
2050-12-21 12:00:00,0.67935985,0.9215463,2.5479002,3.1878445,3.772584,2.0660024
2050-12-22 12:00:00,1.2311362,1.0788312,4.1408544,2.237162,2.8930793,2.0553002
2050-12-23 12:00:00,1.7700673,1.2279364,5.2224107,2.6895058,3.4299388,2.2641656
2050-12-24 12:00:00,2.9450817,2.2361042,6.24425,4.422818,4.129767,3.49959
2050-12-25 12:00:00,2.721108,2.5988011,5.492923,5.6665874,4.5992966,3.5738099
2050-12-26 12:00:00,2.638422,2.5392985,5.4803004,5.9935474,6.5107327,3.740144
2050-12-27 12:00:00,3.0424557,2.76678,6.264926,6.0218406,7.3050017,4.742987
2050-12-28 12:00:00,1.9256724,1.9701594,5.2510014,6.031686,6.9629707,3.7449129
2050-12-29 12:00:00,3.6386933,3.1966248,6.6670833,5.4461303,5.9390044,4.1779065
2050-12-30 12:00:00,2.544889,2.2613978,4.031819,3.847857,3.8431306,2.904507
2050-12-31 12:00:00,1.176291,1.2441305,1.9466716,2.3216891,3.5847273,1.3189697
2051-01-01 12:00:00,1.8425646,1.3107226,2.614481,2.490733,4.0373383,2.1012378
2051-01-02 12:00:00,0.9333942,1.0164604,2.598302,2.5136437,4.018481,2.0514956
2051-01-03 12:00:00,0.66114205,0.8993287,1.9724827,2.0513444,4.847951,1.5167276
2051-01-04 12:00:00,1.6242048,1.6219759,2.7354763,4.0849876,5.2368736,2.2486067
2051-01-05 12:00:00,2.8947797,2.1094983,5.374509,3.3994174,4.714587,2.82394
2051-01-06 12:00:00,1.3029703,1.3275185,4.497871,4.032265,6.2393265,3.2022038
2051-01-07 12:00:00,1.0826194,1.1544609,4.7315187,5.2808914,7.3691216,4.307763
2051-01-08 12:00:00,0.96448517,1.1666992,4.7936664,6.120689,7.335001,4.169665
2051-01-09 12:00:00,4.081731,3.4971087,6.9520793,9.483239,8.710356,5.9016156
2051-01-10 12:00:00,4.529737,3.4862099,6.591086,8.041095,6.7665563,4.321821
2051-01-11 12:00:00,2.8300552,2.226667,5.7860417,5.1469264,5.1018987,3.6777556
2051-01-12 12:00:00,0.9884256,1.1151532,2.8552067,3.628706,5.373068,1.9359524
2051-01-13 12:00:00,1.4112985,1.3341341,2.5449736,4.033333,4.740049,2.2540367
2051-01-14 12:00:00,0.9014829,1.0222628,3.113834,5.657254,4.896023,3.1244671
2051-01-15 12:00:00,0.9352178,0.9860007,4.7734733,5.0887966,5.139322,4.2386103
2051-01-16 12:00:00,1.2771416,1.2173017,5.8684316,5.526649,5.5184665,4.6461673
2051-01-17 12:00:00,2.3234289,2.0417817,7.0128555,6.1194816,5.8967237,4.1731505
2051-01-18 12:00:00,1.6562915,1.5817474,4.416445,5.6328278,4.7650237,3.2773066
2051-01-19 12:00:00,0.8631806,0.9473418,4.3411336,5.029519,5.1416864,2.8933556
2051-01-20 12:00:00,1.1479455,1.2189997,3.8956618,5.697764,5.3149967,3.5937645
2051-01-21 12:00:00,3.80267,3.3187528,5.850118,6.223882,7.096956,3.78062
2051-01-22 12:00:00,3.1083543,3.0424006,5.794212,6.671679,7.894232,4.851156
2051-01-23 12:00:00,3.4848413,2.9908397,6.3875155,5.491138,6.973983,4.26808
2051-01-24 12:00:00,3.5428236,3.3003333,5.7245026,6.132567,7.178922,3.9939938
2051-01-25 12:00:00,3.4316373,3.2141407,5.8015227,6.0221033,6.693155,4.1677732
2051-01-26 12:00:00,3.749436,3.5788424,6.842817,6.122628,5.8707404,4.54094
2051-01-27 12:00:00,3.414785,3.0046458,5.4212375,5.1460133,7.1355896,3.8239386
2051-01-28 12:00:00,1.407541,1.141315,3.3581808,3.4060426,5.096891,3.022028
2051-01-29 12:00:00,1.240127,1.2211194,2.4575703,2.748495,3.9155178,2.442384
2051-01-30 12:00:00,0.7756092,1.0089172,2.383134,4.2297854,4.7488,2.2707827
2051-01-31 12:00:00,2.4884474,1.7422596,4.4246826,2.8395123,4.4187846,1.9666066
2051-02-01 12:00:00,2.8771782,1.8513485,3.8220985,2.7416961,3.717568,1.3791088
2051-02-02 12:00:00,1.9887738,1.2395868,3.007986,2.5624928,3.7511435,1.8264757
2051-02-03 12:00:00,1.1522264,1.049973,2.4597905,4.519702,5.347008,2.1448781
2051-02-04 12:00:00,1.3513317,1.479762,2.8793576,7.9869223,7.536513,3.7042139
2051-02-05 12:00:00,1.651266,1.6175814,2.9003632,7.3688145,6.987677,3.429354
2051-02-06 12:00:00,1.4258865,1.2315273,3.4973493,4.249852,6.6001267,2.433205
2051-02-07 12:00:00,2.5695724,2.14483,3.6479151,3.4497404,4.5955977,2.6446695
2051-02-08 12:00:00,2.5528123,2.0397873,3.4177287,4.032023,7.247312,3.0203075
2051-02-09 12:00:00,1.9303159,1.8152567,5.349093,4.59257,6.9730053,3.5035112
2051-02-10 12:00:00,3.868023,2.5699294,5.2697315,3.031191,5.1441216,2.4824686
2051-02-11 12:00:00,2.9109256,2.7097387,3.3354833,3.3218892,5.150671,2.1733408
2051-02-12 12:00:00,1.3595008,1.3946226,2.3353176,4.628181,7.5168815,2.1366408
2051-02-13 12:00:00,1.9454224,1.6668309,2.8714685,3.9360216,9.1915045,2.3809075
2051-02-14 12:00:00,1.2562604,1.2435949,2.3131654,3.0543172,6.139484,2.5574436
2051-02-15 12:00:00,1.4333775,1.3089207,3.7412064,2.8143134,4.15828,3.0384636
2051-02-16 12:00:00,1.0989413,1.0305085,4.1611886,3.490613,4.9132347,2.6502013
2051-02-17 12:00:00,0.99332315,0.9975144,3.3286192,5.8578424,6.866428,3.26123
2051-02-18 12:00:00,2.251987,1.8001343,4.210809,6.770239,7.299834,4.492574
2051-02-19 12:00:00,2.3853097,1.9709278,3.5338912,3.1178749,5.2806463,2.6985073
2051-02-20 12:00:00,1.7562876,1.3639601,2.7184002,3.3996685,4.7844615,2.2248385
2051-02-21 12:00:00,3.1281488,2.4029,4.9691525,4.191528,4.3302784,2.7999408
2051-02-22 12:00:00,3.513445,2.7778609,4.7653627,3.9101396,2.8698509,2.7734783
2051-02-23 12:00:00,2.4699159,2.0742517,4.382222,4.8907843,4.4780917,3.2879717
2051-02-24 12:00:00,2.9695444,2.6615844,5.406936,5.549433,5.6754208,4.2376385
2051-02-25 12:00:00,3.6941314,3.228656,4.10495,4.648106,5.9905252,2.4316502
2051-02-26 12:00:00,3.0143476,3.02774,6.079715,4.013555,5.066408,3.9505486
2051-02-27 12:00:00,4.582659,3.5160823,5.2733307,4.78765,3.9842727,3.9078069
2051-02-28 12:00:00,2.1037793,1.7181244,3.237247,3.141786,2.738292,2.6903982
2051-03-01 12:00:00,1.3199387,1.5346919,4.2418942,5.6444035,4.9645405,3.2356164
2051-03-02 12:00:00,2.23067,1.9558535,4.814692,4.3161564,5.550434,3.1173236
2051-03-03 12:00:00,4.448312,3.7012496,7.154274,4.8244476,4.695807,4.205915
2051-03-04 12:00:00,2.725254,2.4698472,3.720456,5.6594863,4.852751,2.2027597
2051-03-05 12:00:00,2.0158799,1.6842366,4.8322835,3.8505416,6.892023,3.5208027
2051-03-06 12:00:00,2.0658178,1.8256953,3.3505166,2.9591415,5.816597,2.7797887
2051-03-07 12:00:00,2.2341995,2.5313315,5.76789,4.287902,3.9984334,3.2798002
2051-03-08 12:00:00,3.1652842,2.9834585,5.383559,5.385494,3.53871,3.6995037
2051-03-09 12:00:00,1.9458516,1.9047494,3.6104422,4.889998,4.4344535,3.1979144
2051-03-10 12:00:00,2.810006,2.4899821,5.4546905,6.777597,7.34582,4.032476
2051-03-11 12:00:00,3.28085,2.7829885,6.241797,6.9291415,8.47325,5.036345
2051-03-12 12:00:00,5.4594717,4.7216015,7.3171887,7.3933196,8.177709,6.2552524
2051-03-13 12:00:00,3.880339,3.540302,5.222245,7.8761263,9.760627,4.7745504
2051-03-14 12:00:00,1.3078059,1.2777106,3.0543716,3.6128838,6.759267,2.1328542
2051-03-15 12:00:00,1.8782023,1.7366443,4.0743575,3.5626037,4.4094176,2.448867
2051-03-16 12:00:00,1.4744473,1.8214138,3.1596909,4.4651604,6.0230646,2.9171736
2051-03-17 12:00:00,1.6129806,2.033555,2.3672574,4.104146,5.8708787,2.9673064
2051-03-18 12:00:00,4.491597,4.202405,6.296563,5.7898393,8.578732,5.5573354
2051-03-19 12:00:00,4.893515,4.1224794,6.284214,4.475337,4.9414725,4.0907164
2051-03-20 12:00:00,3.4375393,3.1573575,5.6220865,7.0008926,6.7544394,4.507738
2051-03-21 12:00:00,3.9247785,3.5428696,6.0150824,5.852735,7.1304126,4.4970126
2051-03-22 12:00:00,3.072288,2.9564297,4.528864,4.4581122,5.4554796,2.7324352
2051-03-23 12:00:00,4.0499363,3.2163975,5.412584,5.550867,4.909198,3.9638543
2051-03-24 12:00:00,2.4725718,2.286635,2.5479238,4.3480535,4.217396,1.3783525
2051-03-25 12:00:00,1.4972765,1.3667885,2.2596533,6.54697,6.7575774,2.9730928
2051-03-26 12:00:00,1.0933166,1.0392665,2.1581163,6.3601613,7.7314095,1.9888681
2051-03-27 12:00:00,0.9177813,1.0000798,2.3271577,3.2821198,7.863235,1.6693124
2051-03-28 12:00:00,2.0476973,1.7117109,2.5442886,3.149383,6.4376693,2.4637005
2051-03-29 12:00:00,1.6959693,1.6061723,2.1720428,3.2291028,5.114917,2.113373
2051-03-30 12:00:00,2.2033498,2.8905025,4.6534576,5.9768987,6.4448056,3.3595798
2051-03-31 12:00:00,3.1307435,2.809511,5.0780373,4.48885,4.928006,3.540924
2051-04-01 12:00:00,3.3317616,2.6773248,3.6931577,2.5267076,4.810449,2.546896
2051-04-02 12:00:00,1.5570018,1.3620971,2.3898914,1.6263856,4.1576796,1.4558419
2051-04-03 12:00:00,1.1540039,1.073029,2.8329718,2.976053,3.5973034,1.7615576
2051-04-04 12:00:00,1.9882874,1.5886457,4.1401186,4.0060534,4.406753,2.041926
2051-04-05 12:00:00,3.9656074,2.7548506,4.8138566,2.7184365,4.3840723,1.9727896
2051-04-06 12:00:00,4.051897,3.0985622,3.4539082,2.8476734,2.7716916,1.70552
2051-04-07 12:00:00,1.5341663,1.3118135,1.7969612,2.007407,2.2933378,1.7520281
2051-04-08 12:00:00,1.4185083,1.2437655,3.355208,2.192424,3.5192869,2.2765632
2051-04-09 12:00:00,2.8722725,2.2303095,4.4186683,2.5253024,2.0657868,1.9982512
2051-04-10 12:00:00,2.1292486,1.8981087,2.7396805,2.0090265,4.707504,1.6475284
2051-04-11 12:00:00,1.7421622,1.6690478,2.997924,3.296768,4.105348,2.0381494
2051-04-12 12:00:00,2.1694093,1.8295146,3.843717,2.3614748,3.369578,2.041541
2051-04-13 12:00:00,1.5123734,1.2310458,3.5164235,2.4564087,3.6302352,1.9559078
2051-04-14 12:00:00,1.5449712,1.4330239,3.771645,5.3801556,3.8911045,3.0337932
2051-04-15 12:00:00,3.3117504,2.5934072,5.6660023,6.2443395,3.0796418,4.3934975
2051-04-16 12:00:00,3.1099045,2.9962595,5.6276402,4.423781,3.0736432,4.0810003
2051-04-17 12:00:00,1.4246606,1.7433519,4.010005,2.4997642,4.179225,2.1990497
2051-04-18 12:00:00,0.92351377,1.0439479,2.786181,2.0023494,5.338878,2.0065832
2051-04-19 12:00:00,2.4483202,2.0235999,3.743194,2.4893928,5.520714,2.155201
2051-04-20 12:00:00,2.2805908,1.8063833,3.9032786,2.4886134,2.7607784,2.6084714
2051-04-21 12:00:00,2.3826861,1.8426355,2.548079,3.9779992,3.2786717,1.7420577
2051-04-22 12:00:00,2.3219986,1.7608162,3.6439362,5.667107,2.8068163,2.0387459
2051-04-23 12:00:00,1.1543357,1.3828276,2.204881,5.6119123,5.7959375,1.7237386
2051-04-24 12:00:00,1.3623967,1.9074008,2.7790341,6.208871,8.962202,2.093576
2051-04-25 12:00:00,2.7944827,3.2163413,4.039548,7.0666633,8.510508,3.5634983
2051-04-26 12:00:00,1.9653785,2.3715367,3.0770767,5.0007052,5.4079466,2.0919163
2051-04-27 12:00:00,1.0110675,1.2589855,2.6051197,3.2206526,3.3133144,1.5379727
2051-04-28 12:00:00,2.193082,2.01489,3.2737746,2.8887548,2.2391222,1.8940802
2051-04-29 12:00:00,1.9160835,1.8916678,2.4285533,2.7609644,2.7766118,1.3660263
2051-04-30 12:00:00,1.7308054,2.0040967,2.6469064,2.4554358,3.177312,1.4089289
2051-05-01 12:00:00,1.5859948,1.9161241,2.79918,4.8236823,4.501823,2.4942017
2051-05-02 12:00:00,1.5932617,1.5937948,2.7476687,5.770037,5.2076225,2.9027178
2051-05-03 12:00:00,1.9116702,1.7308687,3.3486888,3.306578,6.6537833,2.897843
2051-05-04 12:00:00,3.8486948,3.2597506,5.773471,4.344183,4.322691,4.381816
2051-05-05 12:00:00,4.064774,3.5245407,7.912464,5.6536546,4.77561,5.638984
2051-05-06 12:00:00,3.1615057,3.260676,5.424378,7.025573,3.3802152,3.619724
2051-05-07 12:00:00,1.5537492,1.3430834,2.7209346,5.5171165,2.9648721,1.6354238
2051-05-08 12:00:00,2.4934206,2.029976,3.3384635,3.1140482,3.4963176,2.0601535
2051-05-09 12:00:00,2.470089,1.9822934,2.7976847,3.1856441,5.345248,1.297601
2051-05-10 12:00:00,1.0349312,1.1432095,2.8521578,2.3189871,5.0235376,1.6080449
2051-05-11 12:00:00,2.7053552,2.5111206,4.273441,4.0648193,4.1094594,2.5520666
2051-05-12 12:00:00,2.257235,2.1228824,4.9559298,3.5822315,4.119856,3.8121073
2051-05-13 12:00:00,1.1095562,1.4362019,5.1827035,3.769,2.847742,3.888283
2051-05-14 12:00:00,1.9138889,1.9718388,4.986481,3.2881167,2.3653502,3.1986084
2051-05-15 12:00:00,2.4424672,2.310259,5.285445,3.9794827,2.6138897,3.5559475
2051-05-16 12:00:00,2.3092823,2.3087015,3.8541343,3.4521718,3.0490859,2.870738
2051-05-17 12:00:00,1.5609783,1.5968615,2.7649624,2.771443,3.0492415,2.4152484
2051-05-18 12:00:00,0.9675399,1.142055,2.9245036,3.2020087,3.226725,2.9773893
2051-05-19 12:00:00,1.5274535,1.2205772,2.3468835,3.5545516,2.7394383,2.2374196
2051-05-20 12:00:00,1.3284106,1.0284421,1.9106152,2.9440327,4.450731,1.7717468
2051-05-21 12:00:00,1.5448976,1.4853454,2.1521118,3.5807054,4.8488383,1.4164972
2051-05-22 12:00:00,1.8466424,1.6226275,2.0402021,4.253372,4.239368,1.7333187
2051-05-23 12:00:00,1.8865039,1.5707711,2.0170116,3.5471644,3.3244193,2.50236
2051-05-24 12:00:00,1.8880734,1.5325764,2.8260913,2.5259824,2.3854687,1.7416301
2051-05-25 12:00:00,3.1647923,2.2641246,3.635335,2.61805,2.895125,1.5296543
2051-05-26 12:00:00,3.006442,2.1885052,3.2348402,2.6353736,3.341382,2.4741657
2051-05-27 12:00:00,2.1036048,1.8722003,4.6668878,3.1700773,2.5492184,3.679971
2051-05-28 12:00:00,1.8892587,1.6761563,3.8929226,3.5382397,5.4439173,2.15346
2051-05-29 12:00:00,2.3932061,2.2879472,3.9223652,3.6019902,5.709365,2.1459312
2051-05-30 12:00:00,3.7421165,3.3293347,5.041444,5.771915,5.6152487,2.9276278
2051-05-31 12:00:00,1.6349635,1.8973216,3.961957,3.8401978,5.865943,2.820448
2051-06-01 12:00:00,3.0957532,3.1015415,4.5260987,3.624613,4.4677877,2.9689047
2051-06-02 12:00:00,1.9185104,2.1189363,3.2856348,3.492986,4.8259,2.3952048
2051-06-03 12:00:00,3.350078,2.5720956,4.3471465,4.7741733,5.077114,3.147155
2051-06-04 12:00:00,4.740629,3.6182647,5.1293216,4.5493627,4.047545,3.499491
2051-06-05 12:00:00,3.521477,2.891156,3.0863936,4.3028965,3.804464,2.410092
2051-06-06 12:00:00,2.3357208,2.3266041,2.8436139,5.029044,3.8561602,2.266687
2051-06-07 12:00:00,1.3532557,1.2070789,2.9213965,3.964934,3.9271245,1.8290466
2051-06-08 12:00:00,1.3976731,1.4496894,3.0230258,3.560241,3.6677372,2.492828
2051-06-09 12:00:00,1.1124772,1.4526004,3.4513774,4.1965904,3.1188104,2.6684144
2051-06-10 12:00:00,1.9169452,1.5140141,2.661273,3.861094,4.185025,2.3608425
2051-06-11 12:00:00,1.3890517,1.4872684,2.4544961,2.2148724,3.9016461,1.3441588
2051-06-12 12:00:00,2.1384382,1.9496732,3.2880147,2.338406,2.7539618,1.5379895
2051-06-13 12:00:00,1.6904001,1.8438293,3.750006,4.3518257,4.348879,3.1782598
2051-06-14 12:00:00,3.2474,2.299166,4.506832,3.507571,4.944254,3.8382201
2051-06-15 12:00:00,1.5897019,1.5125843,3.8430426,3.4391003,2.9934819,3.461056
2051-06-16 12:00:00,1.3876255,1.7480531,2.4794252,4.8737893,3.628334,3.0933416
2051-06-17 12:00:00,1.8609232,1.9637328,1.8393333,5.723092,4.307983,2.663711
2051-06-18 12:00:00,1.3116112,1.3200291,2.0525372,5.0492797,3.9375644,1.7204344
2051-06-19 12:00:00,1.6044711,1.7302148,2.7748592,5.1310854,3.9033787,1.929216
2051-06-20 12:00:00,1.4812391,1.3656582,2.513283,4.6305413,3.8787985,1.5814596
2051-06-21 12:00:00,1.8422713,1.4545329,2.2866552,3.4055455,4.2392635,1.5815827
2051-06-22 12:00:00,2.435525,1.9776559,3.252725,2.3109953,3.260668,1.4533068
2051-06-23 12:00:00,2.533184,2.2279205,4.8400974,2.721522,3.2992902,2.7838635
2051-06-24 12:00:00,2.5239744,2.4804337,3.3188598,3.0049603,3.716635,1.811465
2051-06-25 12:00:00,1.6736205,1.4404411,2.7365985,2.7751722,3.7732651,1.6547931
2051-06-26 12:00:00,2.0719593,1.5676125,3.5959108,4.0773683,3.7202387,1.7421992
2051-06-27 12:00:00,2.113227,2.183981,5.0370436,4.0730066,4.2976613,3.4705951
2051-06-28 12:00:00,2.258048,2.2301073,3.189425,3.085629,3.196232,2.0998576
2051-06-29 12:00:00,1.6770403,1.488488,3.8520114,2.7891943,2.6642885,1.9878114
2051-06-30 12:00:00,2.3021483,2.1971745,4.756773,3.1816945,2.5996635,2.7734096
2051-07-01 12:00:00,2.6172557,2.1181378,2.6837497,2.975891,3.4817834,1.672109
2051-07-02 12:00:00,2.1862264,1.4820071,2.434917,2.5429592,3.1327858,1.1827096
2051-07-03 12:00:00,2.7891645,2.1170263,2.9853544,2.0387654,3.577769,1.8209127
2051-07-04 12:00:00,2.127598,1.6956762,3.0474,2.0689883,2.9108634,2.0639658
2051-07-05 12:00:00,1.0738034,1.3203361,2.7625854,2.0769627,3.002151,1.376941
2051-07-06 12:00:00,0.9216628,1.1818024,2.5617285,2.5367215,3.6221135,1.3943636
2051-07-07 12:00:00,1.3446093,1.2704829,2.5818427,3.199237,3.877368,1.0522019
2051-07-08 12:00:00,2.6094303,1.7352074,2.7810774,3.2844276,4.5821977,1.5469221
2051-07-09 12:00:00,2.4169724,1.8000737,2.6286592,2.8355951,5.1915255,1.4236112
2051-07-10 12:00:00,2.8629456,2.4302583,4.7669597,4.165064,2.8833995,2.5272105
2051-07-11 12:00:00,3.0315895,2.7177255,3.0848923,4.060765,3.5512078,2.745566
2051-07-12 12:00:00,2.9616787,2.7972937,2.6569881,2.9144502,2.827151,2.3365595
2051-07-13 12:00:00,2.5450778,2.2931693,2.645899,4.0731225,3.5885918,2.151546
2051-07-14 12:00:00,1.2088803,1.3639848,2.7425447,3.2238226,4.0570636,2.3340902
2051-07-15 12:00:00,2.3311563,1.9514292,3.135883,4.1562166,3.6964977,1.8146
2051-07-16 12:00:00,2.7886052,2.1303806,4.678785,2.4573267,3.1942651,2.383651
2051-07-17 12:00:00,2.0318599,1.686377,4.1038423,1.9818087,2.5601988,1.7655697
2051-07-18 12:00:00,2.4077003,1.8904561,3.7055554,2.314486,3.3520994,1.6521269
2051-07-19 12:00:00,2.1038144,1.655838,2.4027016,3.2680202,4.411458,1.3975693
2051-07-20 12:00:00,1.571491,1.4685357,1.9568089,4.4657774,4.465978,1.3420689
2051-07-21 12:00:00,1.1111293,1.246313,1.521504,3.6911082,2.3762553,1.0219193
2051-07-22 12:00:00,1.4639522,1.4954424,1.8874125,3.3018296,2.181212,1.2655424
2051-07-23 12:00:00,1.5959405,1.5335317,2.0955713,3.3861454,2.5652134,1.309125
2051-07-24 12:00:00,1.7319167,1.6578892,2.4912488,3.1514099,2.8754778,1.525427
2051-07-25 12:00:00,1.0400565,1.0582495,2.1319687,2.4894445,3.2342646,1.4164336
2051-07-26 12:00:00,1.053164,1.0244372,2.4876964,2.0215504,2.9582195,1.8099742
2051-07-27 12:00:00,0.8275469,0.8911719,2.723383,2.1517491,3.244199,2.065443
2051-07-28 12:00:00,1.360874,1.1272335,3.6879656,2.0034049,4.482313,2.2164044
2051-07-29 12:00:00,1.3126633,1.0487278,3.3043032,2.441324,3.257368,1.7720288
2051-07-30 12:00:00,1.0932606,1.0342686,2.4125674,4.38701,4.0223055,1.36825
2051-07-31 12:00:00,1.158309,1.6874821,1.715777,5.9049077,5.387976,2.1748521
2051-08-01 12:00:00,2.8724587,2.2308528,2.4590392,4.8553987,5.154696,2.055533
2051-08-02 12:00:00,3.2764711,2.2815373,3.1415405,3.3986309,2.9325333,1.47287
2051-08-03 12:00:00,3.517509,2.4552042,3.5796356,3.2531247,3.2348454,2.0687754
2051-08-04 12:00:00,2.654366,1.9097656,2.5954406,3.106427,2.8505642,1.6630088
2051-08-05 12:00:00,1.9634538,1.9120755,3.3845415,3.1935496,2.8366919,2.8934042
2051-08-06 12:00:00,3.42417,2.785969,3.033828,2.3471358,2.2176354,1.7126005
2051-08-07 12:00:00,2.5762923,2.2290986,2.6478553,2.5461667,3.6212668,1.7711941
2051-08-08 12:00:00,3.665779,3.1674173,4.1031933,5.0069737,3.5029619,2.78294
2051-08-09 12:00:00,2.1626773,1.8944335,3.5650718,2.6590466,3.2379467,1.8179775
2051-08-10 12:00:00,2.2768905,2.1373718,2.932602,2.616572,3.5393174,2.0136654
2051-08-11 12:00:00,3.6016839,3.1080754,4.8253617,3.4083025,3.541745,3.033207
2051-08-12 12:00:00,2.5028553,2.1959145,4.2884197,3.2835324,3.9321716,2.4078557
2051-08-13 12:00:00,3.3188539,2.7061071,2.72004,2.923987,2.7695904,2.2027464
2051-08-14 12:00:00,2.0528708,2.0015175,4.0307503,3.4874926,2.308027,2.2581265
2051-08-15 12:00:00,1.885311,1.875451,5.174066,2.6248224,2.2097447,2.7099931
2051-08-16 12:00:00,1.8782068,1.9288895,3.911508,3.2064068,2.3962758,2.2167366
2051-08-17 12:00:00,2.5244517,2.2550664,3.2757795,3.2346654,2.8249485,2.498022
2051-08-18 12:00:00,1.4319558,1.300274,2.2240767,3.366569,3.9682348,1.7161458
2051-08-19 12:00:00,1.2831004,1.2187063,1.8620124,2.1864605,3.6756973,1.6558658
2051-08-20 12:00:00,2.5757895,2.1321247,3.0312605,2.5246935,2.5577848,1.841353
2051-08-21 12:00:00,2.8000941,2.4167361,3.369045,3.3080547,2.616564,2.7056978
2051-08-22 12:00:00,1.832099,1.8044599,3.7911513,3.1295593,2.9283376,2.9384875
2051-08-23 12:00:00,1.3126904,1.4763687,3.6837735,3.0999668,2.5400457,2.5966828
2051-08-24 12:00:00,2.406798,1.7661662,2.063743,2.6742065,2.5801098,1.3600384
2051-08-25 12:00:00,1.4500723,1.1721929,2.6103287,2.2125278,3.8185267,1.1472845
2051-08-26 12:00:00,0.91058296,0.91975975,2.6899288,2.277592,4.0757213,1.3455795
2051-08-27 12:00:00,0.9884167,0.89138114,2.0111673,1.6212016,2.946482,1.1674805
2051-08-28 12:00:00,1.4050572,1.1565694,1.5029124,1.697764,2.9243052,1.0496535
2051-08-29 12:00:00,2.07613,1.428908,2.181444,3.0280313,2.6267483,1.4051914
2051-08-30 12:00:00,1.0859882,1.3717201,3.0313456,3.2985582,2.623746,1.5663092
2051-08-31 12:00:00,2.9898777,2.1831572,4.0633755,2.3890984,2.499644,2.4618387
2051-09-01 12:00:00,3.2937014,2.2677755,3.5608335,2.724526,2.463884,1.8240167
2051-09-02 12:00:00,3.0843735,2.2508805,3.776621,2.3462846,2.0066717,1.6997513
2051-09-03 12:00:00,2.1603827,1.7137283,3.9572492,2.016349,1.9227126,1.8506042
2051-09-04 12:00:00,2.2455807,1.8658295,3.4083164,2.006802,2.451672,1.7561336
2051-09-05 12:00:00,1.6046593,1.4952741,2.01402,2.162102,2.2474694,1.2914977
2051-09-06 12:00:00,1.7362032,1.2338401,2.3331966,2.1804826,1.8536625,1.1057649
2051-09-07 12:00:00,1.0555198,0.9290488,1.7724037,1.6268662,2.2211988,1.0168254
2051-09-08 12:00:00,0.97393435,1.1284447,2.672884,1.3721168,1.9867536,1.1521403
2051-09-09 12:00:00,2.0040905,1.7255449,3.4248304,2.4621046,2.471177,1.6810061
2051-09-10 12:00:00,1.9537572,1.4803295,1.6596547,2.2660656,3.2938802,1.2220663
2051-09-11 12:00:00,0.9519128,1.0525289,1.7781622,2.0639591,4.1198096,1.8227617
2051-09-12 12:00:00,2.0246215,1.8643776,2.685499,2.424934,4.46019,1.8095416
2051-09-13 12:00:00,1.817915,1.8017776,2.266377,1.8312354,4.1085134,1.347017
2051-09-14 12:00:00,1.8928955,1.760654,2.5931995,2.2247615,3.0135047,1.3838304
2051-09-15 12:00:00,0.8170832,1.0848238,2.3576276,3.6574626,3.6804836,1.9925866
2051-09-16 12:00:00,1.298957,1.30942,2.737961,3.320348,3.2289689,2.6739461
2051-09-17 12:00:00,1.5394897,1.3354177,1.6668679,2.7136831,3.6240304,1.3692197
2051-09-18 12:00:00,2.023716,1.7918903,1.6332189,1.9036669,3.4611168,1.3902788
2051-09-19 12:00:00,1.4483595,1.4136156,2.4817424,2.1606176,3.8180277,1.832519
2051-09-20 12:00:00,1.8012166,1.7283964,4.31051,4.381166,4.8498707,4.017347
2051-09-21 12:00:00,1.8690099,2.2239323,4.350274,3.8862128,5.9689145,3.842486
2051-09-22 12:00:00,1.2758224,1.40722,4.2168455,2.5099921,4.505857,2.2982638
2051-09-23 12:00:00,1.8067844,1.5561311,4.5206738,2.9876134,3.2199414,2.7571297
2051-09-24 12:00:00,1.7036544,1.5832657,4.584582,2.5926652,2.7536573,2.040764
2051-09-25 12:00:00,1.9599043,1.7397419,4.426013,2.691673,2.5802262,2.162551
2051-09-26 12:00:00,2.0369816,1.7223706,4.6784077,2.4660916,2.7627454,2.3800397
2051-09-27 12:00:00,1.6715364,1.3650179,4.2327595,2.0912342,3.3789756,1.8478013
2051-09-28 12:00:00,2.3408208,1.781497,4.6905327,2.0936227,2.467772,1.9073374
2051-09-29 12:00:00,1.7877343,1.3114487,4.563259,1.7575355,4.9129496,1.6310929
2051-09-30 12:00:00,1.45119,1.237703,4.372469,2.4079053,4.457245,1.6819658
2051-10-01 12:00:00,1.8268812,1.3206257,4.378446,2.3662426,2.5034754,1.6560377
2051-10-02 12:00:00,0.91797817,0.94327265,2.664705,2.1543908,2.6672459,1.3436275
2051-10-03 12:00:00,0.82278115,1.0951585,2.4008164,2.8067868,4.057373,1.5369569
2051-10-04 12:00:00,1.9121065,1.5938107,3.6360903,5.62355,4.4317136,2.9919279
2051-10-05 12:00:00,1.8257431,1.4840991,4.5364437,4.3979864,3.6427603,3.8500211
2051-10-06 12:00:00,3.1694643,2.5263627,5.0176144,6.4406986,4.0010233,4.24439
2051-10-07 12:00:00,3.167995,3.0733624,5.5685816,7.0763645,5.127081,4.2493644
2051-10-08 12:00:00,3.7677026,3.7409208,6.0538025,7.9914527,5.0095263,4.6586003
2051-10-09 12:00:00,2.5173974,2.3712468,3.6343403,3.9129593,5.1884217,2.1619895
2051-10-10 12:00:00,1.9871049,1.6004726,2.5062864,3.670223,5.080478,1.2307031
2051-10-11 12:00:00,2.181332,1.7817616,3.8183692,3.638381,3.9866934,1.4729643
2051-10-12 12:00:00,5.1586294,3.8697724,5.72894,4.2197285,2.7863157,2.9503303
2051-10-13 12:00:00,3.8763223,3.4169667,3.645755,5.3500285,3.7824087,3.1290917
2051-10-14 12:00:00,1.3244836,1.2695488,2.6539395,3.485282,2.9419656,1.1875477
2051-10-15 12:00:00,1.0364203,0.9643422,2.1506574,1.9653296,3.1744401,1.2520181
2051-10-16 12:00:00,0.9646649,0.8598282,2.468529,2.421811,3.6370225,1.9266493
2051-10-17 12:00:00,0.9267343,1.1869093,2.3266382,2.6598713,3.2583303,1.2509768
2051-10-18 12:00:00,1.4076698,1.8327185,3.876738,3.6714714,3.09676,2.394483
2051-10-19 12:00:00,3.744635,3.748971,5.350231,5.2913876,3.2126203,3.5300403
2051-10-20 12:00:00,1.3559194,1.5587636,2.4702966,2.984674,4.067384,1.3922781
2051-10-21 12:00:00,1.3352916,1.1864918,3.5806737,3.3602648,3.6247437,1.5734214
2051-10-22 12:00:00,1.1407028,1.1971784,3.539901,3.476985,4.6410365,2.79535
2051-10-23 12:00:00,2.8626082,2.7503102,5.660736,6.177423,6.28966,4.604223
2051-10-24 12:00:00,3.43306,2.2207816,5.1814,4.337221,4.7582436,2.4754603
2051-10-25 12:00:00,2.9469943,2.6192439,5.8910108,4.0919194,4.678342,3.4930084
2051-10-26 12:00:00,1.0972269,1.3812244,2.2358031,4.1607966,5.6382494,1.5863603
2051-10-27 12:00:00,1.6968393,1.5583074,2.8248591,3.7078776,4.693414,2.7472787
2051-10-28 12:00:00,1.8832304,1.7211752,4.8960137,4.8502073,3.6664357,4.0566034
2051-10-29 12:00:00,4.882966,3.5964634,6.9534993,5.4663024,3.5902069,4.0477695
2051-10-30 12:00:00,4.5761585,3.1270192,5.133122,3.9342272,3.9987595,2.3353877
2051-10-31 12:00:00,3.0141096,2.3482418,3.7060533,2.9118042,2.0742729,2.3426077
2051-11-01 12:00:00,2.2172222,1.8671715,4.436595,4.96223,2.438059,3.6518993
2051-11-02 12:00:00,2.451826,2.0605378,4.748737,5.3708496,3.0486634,3.441308
2051-11-03 12:00:00,2.6490588,1.9888797,5.2437253,3.796889,2.438452,2.310944
2051-11-04 12:00:00,3.2384093,2.4482358,4.88167,4.6254797,3.7637496,4.430965
2051-11-05 12:00:00,2.9319828,2.627351,3.6736326,4.0623183,4.004907,2.5492628
2051-11-06 12:00:00,2.7890935,2.317098,3.6063278,4.411362,4.3259325,2.0598135
2051-11-07 12:00:00,1.1029521,1.0842028,3.0973117,5.2096987,5.0158978,2.6695483
2051-11-08 12:00:00,1.7164361,1.6487205,4.3041825,5.829868,4.2973027,3.9810605
2051-11-09 12:00:00,1.7924763,1.6289818,4.9201183,5.2719684,5.1600027,3.5169027
2051-11-10 12:00:00,3.3605638,2.8533218,5.279993,5.084301,4.646721,3.981604
2051-11-11 12:00:00,3.1959467,2.7485635,5.0526433,3.9365423,4.368701,3.3098035
2051-11-12 12:00:00,1.9745753,2.009573,4.5159793,5.4821177,5.6512423,4.679065
2051-11-13 12:00:00,0.97422117,1.1281579,1.7668264,4.75772,6.026658,2.0023613
2051-11-14 12:00:00,1.3875132,1.0452306,3.3250384,2.7975044,4.011417,2.1628096
2051-11-15 12:00:00,2.1398015,1.6740061,5.981411,4.0773106,4.341307,3.2820792
2051-11-16 12:00:00,2.6463785,2.3881385,6.741539,5.5000486,4.645038,3.946735
2051-11-17 12:00:00,3.553015,3.1337848,6.3130097,5.52531,5.3465543,3.9085915
2051-11-18 12:00:00,2.038984,1.7221323,4.1363277,4.7219954,5.2479954,2.5411909
2051-11-19 12:00:00,1.7624023,1.3387077,3.9796507,2.8471205,4.056604,2.4268851
2051-11-20 12:00:00,1.8996572,1.3111672,4.0627785,2.0431929,3.2088883,1.9787022
2051-11-21 12:00:00,1.6454368,1.1758978,5.035183,2.4016259,2.3928719,2.0464153
2051-11-22 12:00:00,2.3550196,1.5715805,5.6244183,2.8925471,3.638173,2.2010434
2051-11-23 12:00:00,2.7443657,2.086351,5.272434,4.499234,5.4572973,2.725291
2051-11-24 12:00:00,1.1090941,1.2601959,4.148331,4.8835325,3.9433572,3.31809
2051-11-25 12:00:00,1.5618529,1.294005,5.5265493,5.785891,5.9198203,4.827256
2051-11-26 12:00:00,4.1332893,3.8845885,8.56445,7.694867,4.836172,6.4640007
2051-11-27 12:00:00,1.6105285,1.9493464,3.4589875,6.154515,6.110074,2.936126
2051-11-28 12:00:00,1.0657841,1.155914,2.7974744,5.014791,7.2238774,2.9356403
2051-11-29 12:00:00,0.9030163,1.1926391,3.4023688,5.841598,6.574051,3.1194701
2051-11-30 12:00:00,2.4625044,2.2205603,6.185298,7.0476694,6.596814,4.865978
2051-12-01 12:00:00,4.2070985,3.692289,6.9955645,7.402436,7.7501197,5.56086
2051-12-02 12:00:00,2.6556606,2.4446278,5.5671487,6.3781805,8.196085,3.3895764
2051-12-03 12:00:00,3.850021,3.2901125,5.289094,4.0109725,5.544829,2.9571993
2051-12-04 12:00:00,1.953187,2.036066,6.8086386,2.8353186,3.2548397,3.2849708
2051-12-05 12:00:00,1.3355772,1.4448347,3.7442055,2.7324085,4.4559255,3.0111647
2051-12-06 12:00:00,0.8432556,1.0256017,2.880178,3.7450378,4.124822,3.5802855
2051-12-07 12:00:00,0.9043104,1.1349051,3.009091,2.770225,3.188134,1.7669026
2051-12-08 12:00:00,0.8600092,1.0630733,2.9103887,3.7661474,4.657012,2.218412
2051-12-09 12:00:00,0.91895527,1.1377991,2.8394544,5.160516,5.2456064,1.6857486
2051-12-10 12:00:00,0.7693056,1.04897,2.637492,6.0750914,5.099482,2.481021
2051-12-11 12:00:00,0.8584866,1.098691,3.115107,4.5615597,4.963082,2.4196906
2051-12-12 12:00:00,2.5818956,2.2777877,7.536242,5.6050973,4.3577995,5.0130305
2051-12-13 12:00:00,3.2957153,3.1849184,8.096023,6.6600976,6.198268,5.430882
2051-12-14 12:00:00,2.4137106,2.040071,3.5855885,5.659634,7.1373863,3.526661
2051-12-15 12:00:00,1.2935596,1.203749,3.9796104,3.7865338,6.001546,3.4063597
2051-12-16 12:00:00,2.887539,2.2153099,4.8058867,4.0489097,4.739743,2.7408228
2051-12-17 12:00:00,3.1402125,2.4074643,4.2534475,3.0304837,4.282817,2.2643025
2051-12-18 12:00:00,2.9227712,2.0392463,4.399388,2.948169,2.648286,2.2213132
2051-12-19 12:00:00,2.9577222,2.2852526,3.4207892,3.5117157,3.166017,2.4364753
2051-12-20 12:00:00,1.5151162,1.2034628,2.668008,2.2401989,3.6744716,1.7666277
2051-12-21 12:00:00,1.535995,1.2527459,2.3436432,2.7787566,4.7925773,1.7922989
2051-12-22 12:00:00,2.2281766,1.6675973,2.8085892,2.771584,3.3527539,2.1896675
2051-12-23 12:00:00,1.4872303,1.4861509,2.7858512,2.1316793,2.3435686,1.9970442
2051-12-24 12:00:00,2.4182377,2.6063328,2.7829468,2.7617183,3.5613751,2.137946
2051-12-25 12:00:00,2.367876,2.7005062,3.2558143,2.6997688,4.360382,2.1451313
2051-12-26 12:00:00,3.1106584,2.4554036,3.615697,2.4270494,3.8691378,2.2537696
2051-12-27 12:00:00,1.9606646,1.6908007,2.7982774,3.8160622,4.5668764,1.809426
2051-12-28 12:00:00,1.4220921,1.6174546,3.0512342,4.3507037,3.7975905,2.1898558
2051-12-29 12:00:00,1.1394831,1.5460473,2.1031137,3.1517477,5.7553115,1.4445533
2051-12-30 12:00:00,1.2164121,1.3214675,3.8515816,3.4473104,4.9268055,2.1197824
2051-12-31 12:00:00,2.1425014,1.74214,5.7517757,3.6590745,3.8910983,2.5170035
2052-01-01 12:00:00,3.1733954,2.7132983,3.6674562,5.1800427,3.7792964,2.3343523
2052-01-02 12:00:00,3.4128392,2.9494321,3.0983567,4.810169,4.3921275,2.0106456
2052-01-03 12:00:00,1.2103696,1.4097254,2.4917924,3.8772416,4.497046,2.3688836
2052-01-04 12:00:00,0.7067814,1.0063788,3.1043751,3.399689,5.2537665,2.262198
2052-01-05 12:00:00,1.321131,1.3205398,2.614251,3.1319299,4.697494,1.8877652
2052-01-06 12:00:00,1.177455,1.1995839,2.574759,4.018776,4.5241747,1.6052297
2052-01-07 12:00:00,2.993858,2.3162994,5.100599,3.6296916,3.9489548,2.1694903
2052-01-08 12:00:00,1.7111664,1.6941003,3.5002942,3.4727616,2.9084094,2.9087431
2052-01-09 12:00:00,2.074098,1.625783,3.7007813,3.3952742,3.0186837,3.1198957
2052-01-10 12:00:00,3.2632093,2.2289383,4.9658093,3.1254523,3.4667816,2.8793702
2052-01-11 12:00:00,1.6187248,1.5693665,3.5201893,2.6812916,5.2127104,1.9122045
2052-01-12 12:00:00,1.3390822,1.5925689,2.4554694,6.5335073,6.6343904,2.4983168
2052-01-13 12:00:00,2.7070637,3.3287418,6.3897977,7.398699,7.5383525,5.070918
2052-01-14 12:00:00,2.0893877,2.0687134,3.9829397,3.4169958,3.301898,3.0762577
2052-01-15 12:00:00,1.076324,1.48343,3.815918,4.968708,2.5227787,2.74356
2052-01-16 12:00:00,1.1724768,1.4445387,3.7369134,4.0783005,3.3653696,2.2845924
2052-01-17 12:00:00,1.081396,1.0549824,3.3138845,2.8353698,3.6144419,2.7035983
2052-01-18 12:00:00,2.2600434,1.9557086,3.7789326,3.1044838,4.0522285,2.3482096
2052-01-19 12:00:00,2.2041287,1.7316748,6.0433035,2.4377189,4.1991744,2.5577722
2052-01-20 12:00:00,3.6419044,2.7376094,5.0579453,3.7614548,5.593003,2.530759
2052-01-21 12:00:00,2.6895332,1.8546364,2.9817722,3.0605805,7.5329604,1.9752492
2052-01-22 12:00:00,1.9150501,1.564124,3.8351407,3.979853,4.62426,2.1690254
2052-01-23 12:00:00,1.6927848,1.457568,5.2312527,3.7424273,4.5283284,3.1353962
2052-01-24 12:00:00,2.080502,1.7822168,4.491203,4.6554074,3.8548384,3.3911712
2052-01-25 12:00:00,1.00896,1.043174,3.1522174,4.4835653,3.0860412,2.2491481
2052-01-26 12:00:00,1.4705296,1.2331558,5.0350943,3.805995,3.7760348,2.8041444
2052-01-27 12:00:00,2.3870223,1.9575225,6.876031,4.576408,4.4988728,4.116709
2052-01-28 12:00:00,1.6144145,1.4780648,4.3448896,4.568246,4.368017,3.9558818
2052-01-29 12:00:00,1.3110228,1.1700976,4.495428,3.9473586,4.518916,2.8222604
2052-01-30 12:00:00,1.3544064,1.3826077,5.553047,4.0516562,4.713022,3.8007853
2052-01-31 12:00:00,2.6706061,2.5940096,5.6164103,6.261601,5.1600637,4.488158
2052-02-01 12:00:00,2.7871962,2.5310142,6.7164464,5.3308926,5.9229503,4.595282
2052-02-02 12:00:00,2.737907,2.3948812,5.690913,6.6453457,5.773855,3.9887078
2052-02-03 12:00:00,1.5556147,1.2311822,4.013486,5.0488195,5.3141317,3.1982024
2052-02-04 12:00:00,2.1225436,1.7249265,4.927411,5.9684787,4.217583,4.190711
2052-02-05 12:00:00,2.312654,2.0031948,4.164687,5.081796,5.1131244,2.8370273
2052-02-06 12:00:00,1.5087823,1.4646447,4.040405,3.6358945,4.999629,2.8241208
2052-02-07 12:00:00,2.198645,1.7378137,5.23447,4.148562,4.1606703,3.8681967
2052-02-08 12:00:00,2.096263,1.9059961,2.9566634,4.153582,4.100635,2.909155
2052-02-09 12:00:00,1.3809525,1.3034326,2.1161203,4.07959,3.8891785,1.9279554
2052-02-10 12:00:00,0.9327498,0.8978591,3.030434,4.427583,3.615851,2.1437123
2052-02-11 12:00:00,2.2181995,1.462573,5.449524,2.972877,4.7614822,3.0708568
2052-02-12 12:00:00,3.322069,2.804285,5.4045568,4.7712865,5.3112245,3.7416608
2052-02-13 12:00:00,3.3909216,2.707606,6.1090727,5.2474055,6.493483,4.370227
2052-02-14 12:00:00,2.7843392,2.4618518,4.7014084,4.317501,6.1636734,3.3501468
2052-02-15 12:00:00,2.8619194,2.6381447,5.8619733,4.5487385,5.4090395,4.6152124
2052-02-16 12:00:00,4.130145,3.5098786,6.23373,5.5861435,7.4535236,3.821033
2052-02-17 12:00:00,2.911461,2.3280518,6.713406,4.4637523,5.990903,2.716152
2052-02-18 12:00:00,2.2219388,1.8142756,4.919915,3.5626261,4.739764,3.4140708
2052-02-19 12:00:00,1.5183294,1.3679008,3.658277,3.8480017,4.1608186,3.896674
2052-02-20 12:00:00,2.6833434,2.2671223,4.688264,3.1560864,3.2556322,3.324693
2052-02-21 12:00:00,1.5953013,1.5857288,2.3881917,5.7165985,3.8953545,3.2545002
2052-02-22 12:00:00,2.6579967,2.290132,3.3902361,4.728113,3.849819,2.7008202
2052-02-23 12:00:00,3.245496,2.9022064,7.0841026,5.668614,4.6747084,5.089685
2052-02-24 12:00:00,4.4153414,4.05711,6.6691546,6.45172,6.739254,4.5552773
2052-02-25 12:00:00,2.8878365,2.2548106,5.616043,4.096752,7.6621633,3.1967185
2052-02-26 12:00:00,2.8861527,2.4446824,4.023414,3.5116618,6.4876223,3.3448393
2052-02-27 12:00:00,3.2942667,2.3624418,4.167814,3.6703143,5.5888925,2.1001742
2052-02-28 12:00:00,3.3413343,2.486054,3.9528887,3.1895063,4.527519,2.7952752
2052-02-29 12:00:00,2.3966165,1.9663043,3.0920732,1.8435045,3.5648077,2.0978003
2052-03-01 12:00:00,1.8209989,1.4425983,3.6413567,3.051373,5.70207,2.292887
2052-03-02 12:00:00,2.3125792,1.6335365,3.8148336,3.2101438,5.6584687,2.3721728
2052-03-03 12:00:00,1.6670647,1.3806472,2.4831314,3.2164433,5.2664933,1.6742213
2052-03-04 12:00:00,2.556436,1.950266,2.9735825,3.630989,7.428317,1.842752
2052-03-05 12:00:00,1.7080339,1.4183968,2.9976895,3.5195975,7.4312873,1.4179374
2052-03-06 12:00:00,2.3029323,1.961925,4.1397734,3.4770916,8.31199,1.9045266
2052-03-07 12:00:00,3.7021465,2.7005293,5.547311,3.9420638,5.222548,2.4821348
2052-03-08 12:00:00,3.4986186,2.9875395,3.9039185,4.890388,3.7897024,2.753089
2052-03-09 12:00:00,0.9496657,1.0330018,1.9242476,4.6002035,4.141589,2.0384412
2052-03-10 12:00:00,1.9507433,1.7827945,4.6291976,4.3780313,3.8539538,4.0828347
2052-03-11 12:00:00,3.0805817,3.1320698,5.4020367,6.5218334,5.5755467,5.182557
2052-03-12 12:00:00,2.4990532,2.6846182,3.6869168,7.7777524,6.5873594,3.7183418
2052-03-13 12:00:00,3.6299298,3.2319906,4.61917,7.6926327,5.329037,3.801591
2052-03-14 12:00:00,2.53017,2.6108282,3.216031,4.523141,3.4012105,2.415139
2052-03-15 12:00:00,1.5114392,1.4437838,2.729782,4.7094293,7.133984,2.3048403
2052-03-16 12:00:00,1.4055297,1.5546563,2.4649434,6.408501,7.4510937,2.069687
2052-03-17 12:00:00,2.7017336,2.8080022,3.2199304,7.0513873,6.808224,3.306619
2052-03-18 12:00:00,1.5180341,1.5489337,2.9340196,5.4838386,6.3419,3.3154576
2052-03-19 12:00:00,1.8887196,1.7689853,3.7884567,5.007002,8.385235,3.9543915
2052-03-20 12:00:00,2.935466,2.6626027,4.488236,6.550101,6.5939546,4.089934
2052-03-21 12:00:00,3.1657727,3.2621994,4.6457286,7.3176336,6.0762215,3.9573553
2052-03-22 12:00:00,2.578833,3.0705814,3.6476884,4.487667,5.3081894,2.6265354
2052-03-23 12:00:00,1.3190064,1.8446457,1.9705151,3.2461748,5.202086,1.5233327
2052-03-24 12:00:00,1.0633612,1.1179762,1.9350857,3.37186,5.5230093,1.5985242
2052-03-25 12:00:00,2.0715694,2.0745072,2.3018868,2.9374368,5.0943875,1.5156482
2052-03-26 12:00:00,1.4290235,1.2671491,3.7837653,2.4046116,4.402075,2.2005582
2052-03-27 12:00:00,2.6104894,1.7602637,3.9124324,3.1467245,5.9423633,3.2912076
2052-03-28 12:00:00,2.544563,2.1022213,3.937344,4.291117,4.9709287,3.8434114
2052-03-29 12:00:00,4.745633,3.6494284,6.3839893,5.66114,4.467115,4.2680902
2052-03-30 12:00:00,4.335053,4.182388,5.6500125,5.837325,5.1823134,3.9277353
2052-03-31 12:00:00,2.8704748,2.5591698,4.5630274,2.8941832,7.8852654,3.5008152
2052-04-01 12:00:00,2.9813902,3.0758266,3.925987,3.7547925,6.032465,2.2251916
2052-04-02 12:00:00,2.220336,2.0883226,3.9810934,3.9426553,4.14196,3.251739
2052-04-03 12:00:00,3.291574,2.9576418,4.609353,5.152341,5.933455,3.6005507
2052-04-04 12:00:00,3.5685868,2.777419,4.7147565,3.3710222,5.5145416,2.421469
2052-04-05 12:00:00,2.699109,2.6542883,3.3123367,3.745549,4.646456,1.8597989
2052-04-06 12:00:00,2.1336946,1.9392768,4.9957323,4.0457706,6.3004265,4.076878
2052-04-07 12:00:00,4.884984,4.3055344,5.8614388,6.9138374,7.258182,3.9639964
2052-04-08 12:00:00,3.3809776,3.2417512,6.94219,7.095451,5.624854,4.5975456
2052-04-09 12:00:00,4.0063496,3.7449775,6.3018,6.6240745,7.566769,4.1587877
2052-04-10 12:00:00,3.1160583,2.7528458,3.7780435,3.8908002,4.693014,2.1339014
2052-04-11 12:00:00,1.8848691,1.6219622,3.5027063,4.4327674,4.2816586,3.505129
2052-04-12 12:00:00,1.9347869,1.4725995,2.976205,4.928214,6.7605057,2.6049874
2052-04-13 12:00:00,0.8914335,1.0044985,2.0659893,4.770676,8.019031,1.6909301
2052-04-14 12:00:00,1.830789,1.5158118,3.5546572,2.6248655,5.5146728,1.8429224
2052-04-15 12:00:00,1.7146819,1.509795,3.2031257,2.0626159,3.725689,1.8249284
2052-04-16 12:00:00,1.9016676,1.5380358,2.7439108,2.2186291,3.801418,1.6709263
2052-04-17 12:00:00,1.0991516,1.0460991,2.3177156,4.0473623,6.201375,1.2765764
2052-04-18 12:00:00,2.6811485,2.30818,2.2917345,4.9433756,4.303972,1.7889609
2052-04-19 12:00:00,2.1792977,2.2505128,2.6304924,4.6358047,4.2497168,2.2567422
2052-04-20 12:00:00,2.1349263,1.9220736,3.3007865,4.797461,4.788984,1.9132185
2052-04-21 12:00:00,1.8839567,1.7217567,3.3594394,6.1685963,3.6159556,1.9323552
2052-04-22 12:00:00,3.4080267,2.847568,5.3375773,5.3420696,2.5036495,3.4076216
2052-04-23 12:00:00,2.961269,2.5093307,4.52488,2.8938856,3.3426442,2.7701302
2052-04-24 12:00:00,2.7518551,2.565546,5.1901836,3.8516848,3.7500942,3.175064
2052-04-25 12:00:00,1.8734277,1.8645532,5.91491,4.877505,5.5430784,4.0406327
2052-04-26 12:00:00,3.0440087,2.302491,3.2699218,4.705489,6.5150332,2.698041
2052-04-27 12:00:00,2.8963125,2.580679,3.830041,3.3114312,4.3539615,2.0931485
2052-04-28 12:00:00,2.1538281,1.717044,4.130663,2.706094,3.8495538,2.5013788
2052-04-29 12:00:00,3.7955546,3.3668356,5.318253,4.9604607,3.154266,3.812408
2052-04-30 12:00:00,2.2041435,2.211562,2.458249,3.6192725,2.912491,1.9492413
2052-05-01 12:00:00,3.6383305,2.9406812,3.3324096,3.9155064,3.8825898,1.7433894
2052-05-02 12:00:00,2.62727,2.477634,2.7004678,3.2607543,4.3766537,2.17284
2052-05-03 12:00:00,1.9035311,1.655138,2.8408058,2.4226403,4.40202,1.7546369
2052-05-04 12:00:00,1.2692649,1.3996592,2.6073687,2.3246856,3.0350015,1.8791088
2052-05-05 12:00:00,2.201314,2.38154,2.0694406,3.600903,2.7717695,1.4730535
2052-05-06 12:00:00,1.251891,1.3263532,2.1790795,2.9933639,2.83516,1.8610829
2052-05-07 12:00:00,1.6383163,1.4904833,2.4106398,1.6764778,2.4363756,1.5772904
2052-05-08 12:00:00,1.4004658,1.206321,1.689943,2.2780285,3.2494092,1.3928756
2052-05-09 12:00:00,1.8765222,1.615473,1.855532,1.9754192,2.6842525,1.5457549
2052-05-10 12:00:00,2.6795573,2.2227383,3.6848433,3.629177,2.9459257,2.9726946
2052-05-11 12:00:00,3.2476902,2.90288,4.4485135,3.9143705,6.276443,3.0859168
2052-05-12 12:00:00,1.9195853,1.7408112,3.1200254,2.6478992,3.2790008,2.5268116
2052-05-13 12:00:00,4.478634,3.762383,6.501967,5.812802,3.3364978,4.7768683
2052-05-14 12:00:00,1.5706239,1.4047115,4.2347784,2.7065032,2.9706013,2.4264848
2052-05-15 12:00:00,2.1335564,2.394657,5.594935,3.4831553,3.6820405,3.7134209
2052-05-16 12:00:00,1.9465773,1.9850097,4.311264,2.6890235,5.7607713,2.5604432
2052-05-17 12:00:00,1.450233,1.3680992,3.288472,4.2036633,5.4333925,1.4985316
2052-05-18 12:00:00,1.3068924,1.3013545,1.9184066,4.2361574,5.1249027,1.1317301
2052-05-19 12:00:00,2.4056394,1.5387444,2.4050083,2.1078606,4.015013,1.0889287
2052-05-20 12:00:00,1.802736,1.4660932,2.7380185,3.053939,5.5206223,1.6259031
2052-05-21 12:00:00,2.5355008,2.0935154,3.7247493,4.830301,4.761962,2.2336042
2052-05-22 12:00:00,1.6823374,1.6589385,3.1553428,2.8042858,4.553817,1.9063398
2052-05-23 12:00:00,2.4668503,1.9614661,4.5096574,2.5244515,4.815599,2.906295
2052-05-24 12:00:00,2.4040685,2.09009,4.330957,2.7196438,5.435204,2.8234758
2052-05-25 12:00:00,3.1052094,3.1635137,4.369927,5.240076,5.2399793,3.24598
2052-05-26 12:00:00,3.4090376,3.4871502,3.2182677,5.044196,4.8237247,2.6462924
2052-05-27 12:00:00,2.034483,2.0362499,3.1693463,3.938018,5.193799,2.1759007
2052-05-28 12:00:00,3.9058943,3.1921186,3.8893406,4.0096416,4.5643215,2.4886453
2052-05-29 12:00:00,3.358426,2.7920427,3.326846,4.43396,5.558506,2.4041693
2052-05-30 12:00:00,2.1284816,1.6807878,3.627588,3.9615722,4.7112713,2.3386242
2052-05-31 12:00:00,1.3599148,1.0491068,2.6341095,2.5807195,3.6018696,1.3357202
2052-06-01 12:00:00,2.060176,1.5659292,2.728971,2.4471757,3.0902908,1.1726025
2052-06-02 12:00:00,3.2938752,2.532136,3.5410824,2.8069777,2.9022334,1.5533592
2052-06-03 12:00:00,2.3872077,1.862465,2.5104764,2.4987292,2.9026926,1.3254343
2052-06-04 12:00:00,2.2806954,2.0670013,3.5410933,3.318192,3.2250333,1.7172053
2052-06-05 12:00:00,2.2083607,1.7153528,3.9036627,4.611387,4.0217834,1.6831287
2052-06-06 12:00:00,2.058673,1.5825098,2.174404,4.768459,3.0724344,1.659916
2052-06-07 12:00:00,3.7389913,2.778868,3.5696323,5.118899,3.6387582,2.1583817
2052-06-08 12:00:00,1.6548829,1.4288136,2.2482624,3.753439,2.9354794,1.9911877
2052-06-09 12:00:00,2.2197242,1.8142359,3.6258938,4.334708,3.2916298,2.0881062
2052-06-10 12:00:00,4.760845,3.4420464,5.432622,5.861155,4.014068,3.5433705
2052-06-11 12:00:00,2.4400144,2.4284174,4.821082,3.7732253,3.3003938,2.9310591
2052-06-12 12:00:00,1.4941114,1.6005287,2.396751,2.6553566,3.0656562,1.5926502
2052-06-13 12:00:00,1.3656164,1.4710214,4.537765,2.764313,2.8039758,1.8468798
2052-06-14 12:00:00,2.4457092,2.4421046,3.8332868,3.7071195,3.0153484,2.692303
2052-06-15 12:00:00,1.1245449,1.4195621,2.090339,3.7357657,3.2745507,1.7121733
2052-06-16 12:00:00,1.7872838,1.7082433,1.8510848,2.1733963,3.1850626,1.3630922
2052-06-17 12:00:00,1.5798874,1.4471432,2.2670789,2.2439678,3.060623,1.895935
2052-06-18 12:00:00,1.153691,1.2370853,1.9115119,2.3360848,3.0725074,1.1942078
2052-06-19 12:00:00,2.4590654,2.5518103,3.8782575,3.8550143,3.622888,2.9885368
2052-06-20 12:00:00,2.3016515,2.103488,3.6017747,6.027558,5.3992734,2.638862
2052-06-21 12:00:00,3.3285494,2.6328182,3.635257,3.1299145,3.1602206,3.2946675
2052-06-22 12:00:00,2.4170523,2.2719777,3.94617,3.223173,2.7853072,3.0181403
2052-06-23 12:00:00,1.8538883,1.6943399,3.212609,2.9839644,3.1197455,2.0408463
2052-06-24 12:00:00,2.1913123,2.0675676,3.1379514,2.8696938,4.1312947,2.3671253
2052-06-25 12:00:00,1.4497346,1.2545491,2.2255569,2.549365,3.451364,1.4259222
2052-06-26 12:00:00,2.7982442,2.5394526,4.848863,3.419199,3.2281296,3.6431599
2052-06-27 12:00:00,3.0379725,2.520496,4.2851396,4.335379,3.3857183,3.530008
2052-06-28 12:00:00,3.027212,2.407899,4.336037,3.810439,3.4859207,3.3005505
2052-06-29 12:00:00,3.8335924,3.161531,4.838135,4.2252655,2.6333756,3.7641337
2052-06-30 12:00:00,2.804862,2.1992471,3.3714547,4.741575,4.0763545,2.7143993
2052-07-01 12:00:00,2.4056523,1.7666404,2.8674145,2.4018884,3.1128032,2.5288718
2052-07-02 12:00:00,1.6127274,1.6554004,3.8572607,2.4034817,2.1805859,2.5451949
2052-07-03 12:00:00,1.5629513,1.7893629,3.0863771,3.6085043,3.7148807,2.6543684
2052-07-04 12:00:00,1.9537673,1.5752302,2.2930658,4.363921,3.8727825,1.4745367
2052-07-05 12:00:00,1.2143744,1.2583885,1.904897,3.504369,4.7534604,1.1100309
2052-07-06 12:00:00,1.6089249,1.806028,1.7487805,4.9499063,4.792021,1.414338
2052-07-07 12:00:00,2.6054795,2.1054857,2.2636952,5.0519576,4.6744184,1.4647356
2052-07-08 12:00:00,1.4567835,1.2561423,2.245449,3.9171557,4.468779,1.566856
2052-07-09 12:00:00,1.3766669,1.7701725,2.2924495,4.2462287,4.2052593,1.7814394
2052-07-10 12:00:00,2.6644044,2.3166661,3.5384574,4.3769407,3.916981,3.6913054
2052-07-11 12:00:00,2.9091537,2.3316228,3.9405615,4.4050684,4.0085,4.0033846
2052-07-12 12:00:00,1.8999178,1.643307,3.1578543,3.4457846,3.9199913,3.207493
2052-07-13 12:00:00,2.5385761,2.0584562,3.9540296,3.3739402,3.566032,2.962573
2052-07-14 12:00:00,2.883428,2.3421812,3.625216,3.7824562,3.871133,2.5713964
2052-07-15 12:00:00,1.6007016,1.740195,3.0697165,3.348958,2.8091102,2.446667
2052-07-16 12:00:00,1.5978223,1.308395,3.24653,2.3419473,2.2474296,2.3702595
2052-07-17 12:00:00,1.526195,1.5433872,2.11935,2.2949915,2.1336622,2.221108
2052-07-18 12:00:00,0.91775787,0.96990544,1.8015323,2.3824155,2.115674,1.4473714
2052-07-19 12:00:00,1.8881254,1.5089508,1.760802,2.636682,1.9475337,0.9988785
2052-07-20 12:00:00,2.1055722,1.9023445,2.348428,2.4604907,2.3743024,1.6612458
2052-07-21 12:00:00,2.2700987,2.0426881,3.4583316,3.4682884,2.6997113,2.8281484
2052-07-22 12:00:00,2.4747567,2.46666,3.277076,3.5020294,2.575729,2.6277337
2052-07-23 12:00:00,1.65263,1.5200632,2.7448404,3.2395022,3.568444,2.0569203
2052-07-24 12:00:00,3.1504083,2.4261765,3.9328833,3.048059,4.05451,2.2820368
2052-07-25 12:00:00,4.1252165,3.09973,4.6723347,3.8269377,3.763924,3.2614918
2052-07-26 12:00:00,3.1446772,2.7786047,3.7949533,4.401538,3.665395,2.6961904
2052-07-27 12:00:00,1.7242799,1.6325563,2.8662703,4.706627,3.0198739,2.2093432
2052-07-28 12:00:00,2.3444,2.1902945,3.3066206,3.758321,3.930339,2.0420866
2052-07-29 12:00:00,2.3491201,2.1325564,2.7745888,2.8695223,5.549116,2.0061922
2052-07-30 12:00:00,1.3436809,1.3984792,2.3454475,2.1580849,4.4856005,1.9649588
2052-07-31 12:00:00,1.2009535,1.0970647,2.003078,2.1936953,3.7100215,1.4826543
2052-08-01 12:00:00,1.6250682,1.3576766,2.038684,2.1137927,4.1205144,1.2300246
2052-08-02 12:00:00,1.4042516,1.6156435,1.9342886,2.517313,3.3485217,1.5378451
2052-08-03 12:00:00,1.647521,1.3800826,2.5412943,1.7348326,3.0879138,1.3352152
2052-08-04 12:00:00,1.3596001,1.3131353,3.024413,1.6230142,2.8827147,1.6393955
2052-08-05 12:00:00,2.0435555,1.727813,3.7560604,5.6345973,4.076274,2.7107496
2052-08-06 12:00:00,1.8920354,2.0823834,2.5490906,4.726806,4.050596,1.6295702
2052-08-07 12:00:00,2.1780467,1.7105106,2.9288857,3.8520381,3.4310966,2.510104
2052-08-08 12:00:00,2.1175785,2.1239064,4.574503,3.6048253,3.657099,3.0221872
2052-08-09 12:00:00,2.1839197,2.3916523,3.74837,3.2880614,2.5044107,1.9443786
2052-08-10 12:00:00,1.1857002,1.1209486,2.105818,2.123027,2.432285,1.5999156
2052-08-11 12:00:00,1.2445288,1.2909671,2.3365285,2.1718302,2.3983233,1.6710851
2052-08-12 12:00:00,1.7955623,1.6292826,3.3994102,2.4991055,2.8498654,1.7631503
2052-08-13 12:00:00,1.4459498,1.0699372,3.1441617,2.9039717,3.5338528,1.776568
2052-08-14 12:00:00,2.2962546,1.85737,3.0391083,2.0924578,3.2052643,2.2768023
2052-08-15 12:00:00,2.4514983,1.9570202,3.9432726,2.561564,3.2107987,3.1190693
2052-08-16 12:00:00,1.5217637,1.862516,3.2192087,2.9742477,2.3017683,2.2812154
2052-08-17 12:00:00,1.5416427,1.7847861,3.716417,3.1976979,2.2625854,1.9898661
2052-08-18 12:00:00,2.8690453,2.6801305,3.2476807,3.1437325,3.584691,1.653701
2052-08-19 12:00:00,1.4849529,1.3110784,3.5809627,2.3331203,3.5404723,1.591001
2052-08-20 12:00:00,1.3073006,1.6337591,5.3413033,4.3406296,3.302497,3.7148879
2052-08-21 12:00:00,2.902128,2.184401,3.684618,2.7761095,2.6614437,2.0886822
2052-08-22 12:00:00,2.4780395,2.0075886,2.1795714,3.6127071,2.4943,1.9262501
2052-08-23 12:00:00,3.056192,2.2865782,2.3280163,4.2746563,2.9671285,2.0550292
2052-08-24 12:00:00,2.5218513,2.0442746,1.906013,2.6330185,2.529841,1.5232533
2052-08-25 12:00:00,2.0005946,1.9449236,2.0695403,2.3441808,2.670121,1.5777417
2052-08-26 12:00:00,1.2283671,1.5717094,1.8859218,2.1328905,3.274101,1.281838
2052-08-27 12:00:00,1.5912611,1.2791053,2.1943321,2.3602147,3.3396852,1.7102057
2052-08-28 12:00:00,0.9112507,1.0297558,1.7776154,2.1595101,2.8437548,1.2436595
2052-08-29 12:00:00,1.3341684,1.3061044,1.6794463,1.418976,2.2629805,1.0210321
2052-08-30 12:00:00,0.9138453,0.95409584,2.622442,1.3738061,2.2767727,1.0700403
2052-08-31 12:00:00,1.3911371,1.2629358,2.1383421,1.695811,1.6709483,1.2863917
2052-09-01 12:00:00,1.4988225,1.1892178,2.5982962,2.0154147,2.6538944,1.5125064
2052-09-02 12:00:00,1.3241825,1.0713531,2.6626723,3.1404214,3.5687406,1.3630015
2052-09-03 12:00:00,1.2794368,1.1482512,2.8130774,2.5222967,3.5921822,1.4181492
2052-09-04 12:00:00,1.6040857,1.4828218,3.5887125,1.8096159,3.823599,1.5337958
2052-09-05 12:00:00,1.2071265,1.1714314,3.4366348,1.6196496,3.8932223,1.6247269
2052-09-06 12:00:00,1.1843452,1.1840719,3.0727656,1.7374507,2.6427958,1.6148709
2052-09-07 12:00:00,1.3763696,1.3065102,2.579386,2.2438047,3.4810352,1.2272745
2052-09-08 12:00:00,1.2034742,1.0975676,3.500229,2.0061474,5.085915,1.7354044
2052-09-09 12:00:00,1.517416,1.5679344,3.0772483,2.5353909,3.3682911,2.1249523
2052-09-10 12:00:00,2.0947018,1.8310401,3.3425896,2.883291,3.1781087,2.780908
2052-09-11 12:00:00,1.9241855,1.6464691,3.6409082,2.5528684,2.8821127,2.5408132
2052-09-12 12:00:00,1.6686403,1.6540079,4.3704505,3.078551,3.3025146,2.6711721
2052-09-13 12:00:00,3.0269926,2.8754556,3.319487,4.7283883,5.490647,2.9093843
2052-09-14 12:00:00,2.864748,2.5402677,4.5414996,4.061611,5.5159073,3.6262836
2052-09-15 12:00:00,3.5510192,3.0190866,4.0039153,4.304607,4.6268525,3.0666106
2052-09-16 12:00:00,2.6934104,2.0410855,2.73056,2.5262058,3.1806846,2.1723523
2052-09-17 12:00:00,2.4483023,2.4523487,2.121492,2.0741725,2.7494833,1.930339
2052-09-18 12:00:00,3.4525242,3.0954645,5.373481,3.586314,2.4924772,2.9977603
2052-09-19 12:00:00,3.6253383,3.6271343,5.6822577,5.0450377,3.4933524,3.6373806
2052-09-20 12:00:00,1.4234016,1.7431641,4.3091135,3.3818576,2.5198312,2.913258
2052-09-21 12:00:00,1.1946218,1.2784094,4.705507,3.0125742,2.8124163,2.8230448
2052-09-22 12:00:00,2.7798262,2.7994723,5.300268,5.3241673,4.1531687,4.0745325
2052-09-23 12:00:00,2.9424314,2.5938044,4.04652,4.0625706,5.458235,3.215121
2052-09-24 12:00:00,2.2022667,1.9002845,3.560785,4.9953084,4.0252433,2.90171
2052-09-25 12:00:00,2.0072427,1.7422689,4.271704,4.7425137,3.5700777,3.3294704
2052-09-26 12:00:00,2.021583,1.9087216,3.0192788,5.549299,2.510717,2.5894933
2052-09-27 12:00:00,2.5789425,2.1569858,3.9353805,2.9068084,2.6001499,1.8455824
2052-09-28 12:00:00,3.0418205,2.9608037,5.092544,3.3074584,2.8580892,2.4708714
2052-09-29 12:00:00,3.2291322,3.1284275,4.0929065,3.5790133,3.441383,2.6652243
2052-09-30 12:00:00,1.4317753,1.3726225,3.1281345,2.605603,4.137457,1.7907044
2052-10-01 12:00:00,4.1657133,3.1493514,5.2442136,3.8232841,4.1622467,2.3405263
2052-10-02 12:00:00,3.1032655,2.2247353,4.678277,3.112121,2.6464543,2.0866082
2052-10-03 12:00:00,1.6458082,1.3719339,5.430793,3.5214262,3.8614173,2.8700535
2052-10-04 12:00:00,1.500974,1.7634848,6.161217,4.4897428,4.2090807,3.9676733
2052-10-05 12:00:00,3.7731507,3.2725358,6.46343,5.498375,3.966089,4.395659
2052-10-06 12:00:00,3.0150146,3.092624,6.368312,6.320922,5.436606,3.6208966
2052-10-07 12:00:00,2.4351926,2.8465602,4.988653,6.0057783,4.4840894,3.0436335
2052-10-08 12:00:00,2.1586113,2.3714497,3.1055024,3.821358,3.717837,1.6228491
2052-10-09 12:00:00,1.2559946,1.2867163,2.1478314,4.178906,3.965248,1.9669152
2052-10-10 12:00:00,2.0243926,2.128097,6.0663486,4.981637,4.5212107,4.416448
2052-10-11 12:00:00,4.2321534,3.4249113,3.380659,5.6553526,4.0756316,2.819324
2052-10-12 12:00:00,2.4052866,2.1774507,3.5472496,4.610822,3.2544076,2.848628
2052-10-13 12:00:00,3.0081844,2.594703,4.9826417,4.0528107,3.5446422,2.6691072
2052-10-14 12:00:00,2.9695492,2.8167338,5.5008645,5.878132,4.8228016,4.045962
2052-10-15 12:00:00,2.3299944,2.4533362,4.9605045,5.6953154,5.126227,3.6435559
2052-10-16 12:00:00,1.549661,1.3971053,4.3862243,3.6700478,4.749785,2.911301
2052-10-17 12:00:00,1.2323833,1.4486858,3.8124743,4.060662,4.365873,2.9401762
2052-10-18 12:00:00,1.7596276,1.7535342,4.836484,4.612322,4.158135,3.5505717
2052-10-19 12:00:00,1.877609,1.9233564,5.6070733,4.1200566,2.495668,3.5907469
2052-10-20 12:00:00,1.7792914,1.9484701,3.5758905,3.429328,3.3716075,2.6047497
2052-10-21 12:00:00,2.279059,1.9553405,4.8589177,4.9974,3.821483,4.072847
2052-10-22 12:00:00,1.6665864,1.3817965,2.889598,3.7447152,2.6442175,2.214709
2052-10-23 12:00:00,1.3347088,1.3695885,3.9499717,3.6014216,3.3785958,2.8903592
2052-10-24 12:00:00,2.4877033,2.3424015,4.592565,4.859276,5.515429,3.2958064
2052-10-25 12:00:00,2.1793268,2.1284068,5.8683558,4.022781,5.1241536,3.7522697
2052-10-26 12:00:00,1.741906,1.9366887,4.269015,4.720766,5.494734,3.4346867
2052-10-27 12:00:00,1.1777709,1.0155363,2.734404,2.5396943,4.798052,1.7868215
2052-10-28 12:00:00,1.3724245,1.2999933,4.6388683,4.044843,3.711186,3.0694838
2052-10-29 12:00:00,1.8760166,1.8678073,6.6126003,5.450663,5.199803,4.001719
2052-10-30 12:00:00,1.5625488,1.8511996,5.947235,4.3639517,6.043657,3.971036
2052-10-31 12:00:00,1.4872358,1.3881269,3.9710011,3.8396535,7.6058235,3.3508708
2052-11-01 12:00:00,1.522711,1.2985477,2.3976674,3.2756774,7.600461,1.7383342
2052-11-02 12:00:00,1.202304,1.0736145,3.0061862,2.6555955,5.407456,1.2054278
2052-11-03 12:00:00,1.2001541,1.1092241,2.4028249,2.8194237,4.4103723,1.5763123
2052-11-04 12:00:00,1.4530292,1.8271319,3.153477,3.5814798,2.40356,3.1393416
2052-11-05 12:00:00,2.3842883,2.2777374,3.929466,3.5778804,3.0777934,2.7020683
2052-11-06 12:00:00,1.7107217,1.9964719,2.7878602,3.9043303,4.490313,2.282263
2052-11-07 12:00:00,1.4533298,1.712876,2.586146,3.3784492,5.0888414,1.735575
2052-11-08 12:00:00,1.0131166,1.2135453,2.025349,3.1681976,5.4487996,1.6810513
2052-11-09 12:00:00,1.0285181,1.2931422,1.7637409,5.047307,4.6923,1.4888134
2052-11-10 12:00:00,1.098927,1.0498883,3.2038543,2.9082584,4.698402,1.6294478
2052-11-11 12:00:00,1.7669065,1.5232744,5.773812,3.2890313,2.525047,2.687195
2052-11-12 12:00:00,3.1493778,2.7315552,4.9462347,4.9724054,3.7187989,2.873622
2052-11-13 12:00:00,2.7752967,2.502802,4.234335,4.858573,5.1667414,2.6169264
2052-11-14 12:00:00,1.8753226,1.8138931,3.8513834,4.6721244,4.63803,3.728294
2052-11-15 12:00:00,3.1469982,2.6667542,3.443928,3.587893,3.9412248,2.078565
2052-11-16 12:00:00,2.8939564,2.540687,3.134994,5.0472574,4.769152,1.8958544
2052-11-17 12:00:00,1.5823373,1.275459,3.5232093,4.0519557,6.4219494,2.1324103
2052-11-18 12:00:00,3.6745007,2.7553124,4.609085,3.294492,4.7240806,2.3561473
2052-11-19 12:00:00,2.8427765,2.1712294,3.0148573,3.0568116,3.7422225,1.5391753
2052-11-20 12:00:00,1.8543324,1.9332275,2.285383,6.1769996,4.751373,2.7420337
2052-11-21 12:00:00,1.7974459,1.9568807,4.0844975,4.920955,5.569555,2.9010642
2052-11-22 12:00:00,0.99613345,1.0508442,2.6218138,1.5591329,3.105471,1.7028687
2052-11-23 12:00:00,1.156838,1.2796158,2.1205387,2.7693481,3.529064,1.9051538
2052-11-24 12:00:00,0.78165203,0.9118334,4.8040214,3.2370777,3.273577,2.7544715
2052-11-25 12:00:00,2.1786869,1.5415063,4.839642,2.5464857,2.7192464,2.4839735
2052-11-26 12:00:00,1.8667542,1.5608696,3.4174385,3.073813,3.321493,2.2490535
2052-11-27 12:00:00,3.06396,2.3583636,4.1097703,3.8864977,4.4172363,3.0937996
2052-11-28 12:00:00,2.6552095,2.0990171,6.0333695,3.4230483,4.1923914,3.2315617
2052-11-29 12:00:00,2.4105465,2.0363793,5.6043816,3.7235622,3.448352,3.3366995
2052-11-30 12:00:00,3.7727082,3.0590189,4.2563596,3.9167764,4.1707354,3.0058773
2052-12-01 12:00:00,1.8454778,1.9086351,2.5689702,4.1816206,4.085223,1.851196
2052-12-02 12:00:00,1.3385601,1.2039169,3.1896987,2.3842,3.4307473,1.6585354
2052-12-03 12:00:00,2.773602,2.094453,3.8086061,2.900372,4.6561284,2.0883338
2052-12-04 12:00:00,2.4035983,1.5917137,4.412477,2.5907772,4.67436,1.992529
2052-12-05 12:00:00,2.5319066,1.6633164,4.574436,2.8564706,4.1757565,2.0964928
2052-12-06 12:00:00,4.1492224,2.8095171,5.060368,3.0568032,5.260466,2.476039
2052-12-07 12:00:00,1.8387465,1.6669867,3.0095134,4.7881837,5.21757,2.353955
2052-12-08 12:00:00,3.057487,2.5848076,5.9317317,6.292915,4.9509892,4.1650295
2052-12-09 12:00:00,1.0420042,1.2044055,2.8887413,4.85296,3.2428193,2.3540182
2052-12-10 12:00:00,1.5313556,1.0967486,4.00284,3.8764157,3.3591743,3.3178043
2052-12-11 12:00:00,1.5955237,1.2869251,3.4210026,2.3219264,2.3406334,1.7937216
2052-12-12 12:00:00,1.1752229,1.2179418,2.3537984,2.282813,2.8647163,1.5777112
2052-12-13 12:00:00,1.5053345,1.0621165,4.6044407,3.7382963,4.496915,2.716921
2052-12-14 12:00:00,1.7450178,1.190195,4.482432,5.0378385,5.838716,3.3142903
2052-12-15 12:00:00,0.6743627,0.90058285,4.020814,5.5336084,7.169228,3.5513813
2052-12-16 12:00:00,1.1517539,1.3017845,3.8727791,5.4400244,4.274894,3.239908
2052-12-17 12:00:00,0.88086647,1.0053765,2.815853,5.1926827,4.151209,2.3627841
2052-12-18 12:00:00,2.9743812,2.4691112,6.7098274,5.491084,6.1571293,4.4358177
2052-12-19 12:00:00,2.6442916,2.762529,7.2173777,6.1577225,5.1050124,4.881453
2052-12-20 12:00:00,4.715497,3.8956423,5.4316936,5.4952803,6.422313,3.2705383
2052-12-21 12:00:00,1.6756798,1.4290227,4.063141,3.6020353,3.9161127,3.3771486
2052-12-22 12:00:00,2.0013423,1.7875025,3.9592073,6.3601475,5.060218,3.3572009
2052-12-23 12:00:00,2.976029,2.4437213,6.4496775,6.8835816,8.42099,4.537784
2052-12-24 12:00:00,1.726105,1.5592171,4.573961,6.9720316,7.0681043,3.239462
2052-12-25 12:00:00,1.665385,1.3440711,3.442424,4.129585,7.736045,2.207169
2052-12-26 12:00:00,2.8513153,1.9230545,4.5390186,2.8743033,6.6865644,2.0500453
2052-12-27 12:00:00,1.6435863,2.0552425,2.9834726,3.4751656,6.0073547,1.7197933
2052-12-28 12:00:00,1.6621796,1.9352473,3.744393,4.4630585,4.2700973,3.103557
2052-12-29 12:00:00,1.5939881,1.3588663,2.2100568,4.389873,3.5525725,1.8240931
2052-12-30 12:00:00,0.87162054,1.1586787,3.5882864,5.3254576,4.4178996,2.462339
2052-12-31 12:00:00,3.1624794,2.5880682,7.3659425,6.0105457,6.584387,4.825663
2053-01-01 12:00:00,3.327631,2.866911,4.61253,6.962188,8.996665,3.9494433
2053-01-02 12:00:00,2.153336,1.9247273,2.456236,3.0444565,8.397213,1.7244829
2053-01-03 12:00:00,1.7619358,1.4734986,3.5045872,2.2968085,4.022464,2.120206
2053-01-04 12:00:00,1.7202362,1.5811381,3.9038177,4.108478,5.6892085,2.8782432
2053-01-05 12:00:00,2.9003797,2.7144668,4.3914294,8.34824,7.0122123,3.8361738
2053-01-06 12:00:00,1.9645145,2.3757048,4.3298955,7.5228653,4.6057377,3.3176208
2053-01-07 12:00:00,1.4319313,1.7307271,2.7256835,5.101958,6.2180815,2.177987
2053-01-08 12:00:00,1.1673801,1.6257142,3.4098158,8.093343,8.045813,3.7127542
2053-01-09 12:00:00,1.3432288,1.9537288,4.634266,6.398599,9.426457,3.6385252
2053-01-10 12:00:00,1.1620951,1.8836403,3.2724724,6.1396127,5.971207,2.4076488
2053-01-11 12:00:00,1.2812712,1.5786544,3.503625,7.062691,3.6867232,3.5576468
2053-01-12 12:00:00,3.0479426,2.5698693,5.8723717,4.6659856,4.8214846,4.611254
2053-01-13 12:00:00,2.6806345,3.0329309,7.222291,6.2724,6.433539,5.517715
2053-01-14 12:00:00,2.0648541,2.4143026,5.1038303,6.773196,5.8031797,3.8095777
2053-01-15 12:00:00,1.6634457,2.06132,2.523378,5.0017943,5.925846,1.8342205
2053-01-16 12:00:00,0.89892274,1.1236136,3.6179457,4.1748166,5.2657223,2.9958124
2053-01-17 12:00:00,1.4869767,1.5851227,4.8542657,4.7997475,3.2744923,2.8415227
2053-01-18 12:00:00,2.5301948,2.1894884,5.20817,4.999633,3.7351716,4.2034655
2053-01-19 12:00:00,2.4787884,2.5330794,2.8802488,3.4868157,3.0940194,2.929043
2053-01-20 12:00:00,3.4842753,2.6561553,4.494958,3.2475612,4.6468625,2.4461634
2053-01-21 12:00:00,3.7229278,2.6995742,4.3568754,4.6138377,4.014577,2.134147
2053-01-22 12:00:00,2.1064086,1.4355965,3.1200485,4.440506,3.2654421,1.4066081
2053-01-23 12:00:00,2.767683,1.8389069,3.0688086,5.2018576,3.1322377,1.7380896
2053-01-24 12:00:00,1.2789752,1.4039538,2.2266507,3.4264967,3.8907142,2.573858
2053-01-25 12:00:00,1.753999,1.3647342,4.168386,2.9288123,4.844235,2.0736716
2053-01-26 12:00:00,4.557341,3.0409727,3.858264,3.1645956,4.023454,2.1841447
2053-01-27 12:00:00,2.9523282,2.1073327,3.8555636,3.493446,3.4530907,2.330089
2053-01-28 12:00:00,2.7336493,2.6462717,6.749965,6.278129,3.8509767,4.704249
2053-01-29 12:00:00,2.939301,2.4778707,5.8737397,7.683664,4.2803297,3.5666535
2053-01-30 12:00:00,1.7969217,2.2155192,3.1240807,6.4170294,3.832084,2.4260905
2053-01-31 12:00:00,1.3622935,1.3880348,5.353544,4.844,5.149617,3.5584822
2053-02-01 12:00:00,3.407508,2.8488853,7.029059,6.090834,7.891562,4.0480824
2053-02-02 12:00:00,3.6383407,3.46284,8.288543,7.6430664,7.664226,5.797502
2053-02-03 12:00:00,2.1622787,2.431665,4.7945914,6.002079,7.0359087,3.715509
2053-02-04 12:00:00,1.9808683,1.7693384,4.7708664,4.158707,5.647338,3.0151374
2053-02-05 12:00:00,2.35362,2.388964,4.8730507,7.132462,6.4188495,4.9219875
2053-02-06 12:00:00,1.4220836,1.501476,3.038782,6.4533753,6.662747,2.6175978
2053-02-07 12:00:00,3.4600155,3.1528833,3.3843377,4.484703,7.584734,2.3875217
2053-02-08 12:00:00,2.6499734,1.9848325,4.106688,2.93487,4.0906296,2.4966412
2053-02-09 12:00:00,2.5850537,1.8602414,4.711519,2.8280864,6.449362,2.1637251
2053-02-10 12:00:00,2.3254812,1.7811016,5.5170884,2.5496435,7.2732134,2.3420675
2053-02-11 12:00:00,2.4214754,1.9847217,6.236148,3.7146974,5.634907,2.774421
2053-02-12 12:00:00,1.584666,1.2295434,5.203157,2.3389862,6.818181,2.10261
2053-02-13 12:00:00,1.496176,1.411047,3.550569,2.5987844,7.166694,1.7725618
2053-02-14 12:00:00,1.3666383,1.2375009,4.9812946,3.6738794,4.3194957,2.0909135
2053-02-15 12:00:00,0.8288866,0.9102074,3.5985441,2.8896446,4.591483,1.9831854
2053-02-16 12:00:00,0.84717506,1.0398997,2.6324973,4.110575,3.9669335,2.4677315
2053-02-17 12:00:00,2.3979235,2.1943624,3.496169,2.933728,5.850717,2.265833
2053-02-18 12:00:00,0.77593493,0.93627965,3.0959806,3.303998,3.3231997,2.9095953
2053-02-19 12:00:00,2.0079963,2.0042613,2.7180622,6.0347075,4.1899905,2.3158755
2053-02-20 12:00:00,3.0735054,2.7044692,4.1412883,5.8886833,4.4342713,2.9716551
2053-02-21 12:00:00,2.6190925,2.6093264,4.579168,5.79072,4.1855245,2.8733675
2053-02-22 12:00:00,1.6479831,1.7248496,3.4344459,3.5919223,5.2423453,2.3112512
2053-02-23 12:00:00,1.0991927,1.3060273,5.3157597,4.9326262,5.6962633,4.18637
2053-02-24 12:00:00,2.8724136,3.1296525,8.120208,5.333227,5.3669066,4.8466744
2053-02-25 12:00:00,3.8197556,3.6942618,8.074951,6.3663754,5.9852786,5.0259914
2053-02-26 12:00:00,2.883648,2.9821763,6.9038997,6.901995,7.5638146,4.952702
2053-02-27 12:00:00,2.6154768,2.7318661,6.183088,6.363725,8.742789,4.7694955
2053-02-28 12:00:00,4.2307005,4.4017234,8.479646,8.473383,8.55277,6.3157606
2053-03-01 12:00:00,3.0167332,2.860354,3.8911357,5.3964114,9.753927,2.5319314
2053-03-02 12:00:00,1.4638449,1.402082,2.6989436,5.2056723,6.729921,2.9517357
2053-03-03 12:00:00,2.889619,2.390294,6.9081554,4.21967,6.175211,3.2378664
2053-03-04 12:00:00,3.0065866,2.9379263,5.8070145,5.0152235,7.474705,2.7692087
2053-03-05 12:00:00,2.826588,2.5060873,5.5599947,4.045013,6.5982275,3.1356282
2053-03-06 12:00:00,3.6622036,2.9504726,6.748619,4.54997,5.20433,4.3695617
2053-03-07 12:00:00,2.4201844,2.0405421,3.2379074,4.1374145,4.0589795,1.8622041
2053-03-08 12:00:00,3.4299881,2.6312394,3.1418462,3.51058,4.4970846,1.958865
2053-03-09 12:00:00,1.8206266,1.6937604,2.7106395,2.1835508,3.5666928,1.9810709
2053-03-10 12:00:00,3.756669,3.161908,7.3694654,4.7016973,3.3131585,3.9378884
2053-03-11 12:00:00,2.9261541,2.5271351,3.5221543,4.4985843,3.801803,3.0839114
2053-03-12 12:00:00,1.2139248,1.1957713,2.326164,2.7381344,2.8871977,1.6484605
2053-03-13 12:00:00,1.945753,1.6374047,3.3898783,3.3127046,3.036761,2.6723824
2053-03-14 12:00:00,1.7005665,1.6777529,2.3720014,2.7240279,4.2768016,1.6729631
2053-03-15 12:00:00,2.4460616,2.2993717,2.6960616,2.2735105,3.8068616,1.9900986
2053-03-16 12:00:00,2.7507358,2.0296273,1.910034,5.7228327,5.0341167,1.5991845
2053-03-17 12:00:00,1.1616513,1.3853399,1.6057042,6.5823636,4.9292407,1.56136
2053-03-18 12:00:00,1.9735501,1.81333,2.7592113,6.8369884,4.0014515,2.3051622
2053-03-19 12:00:00,2.3687248,2.236378,3.3442898,5.0898075,4.2310863,1.8568811
2053-03-20 12:00:00,1.389859,1.3954084,2.4733584,3.8906276,3.687384,2.783147
2053-03-21 12:00:00,0.91932446,1.0428599,1.789314,3.6412027,4.8869414,1.5450404
2053-03-22 12:00:00,0.92115474,1.0604167,2.643473,2.716471,3.2315338,1.2646955
2053-03-23 12:00:00,2.305393,1.9635383,4.064774,3.169953,2.1924646,1.6704925
2053-03-24 12:00:00,2.1545973,1.6453545,2.0581217,2.8688312,2.6830287,0.914138
2053-03-25 12:00:00,1.4471197,1.3929813,2.7069638,2.711553,3.0556347,1.4257838
2053-03-26 12:00:00,3.4366508,2.8268805,4.776705,4.7856417,3.9669495,2.2437055
2053-03-27 12:00:00,2.6463566,2.3291903,4.4889703,4.03754,4.3838053,1.9851028
2053-03-28 12:00:00,3.9267948,3.3554401,5.835845,4.9334483,4.489552,3.4333997
2053-03-29 12:00:00,2.8832223,2.6145437,3.8594875,4.3651147,4.5685754,2.781477
2053-03-30 12:00:00,2.9674125,2.1234217,4.6037855,3.22811,4.3316803,2.0528064
2053-03-31 12:00:00,3.1511724,2.6621242,5.1812835,4.91835,4.0781274,2.6196887
2053-04-01 12:00:00,1.6350116,1.5719584,2.4419181,4.4325013,3.5275457,2.3492162
2053-04-02 12:00:00,0.8643148,1.1125187,2.2844002,3.2493396,3.9825523,2.1783152
2053-04-03 12:00:00,1.7105331,1.8810099,2.6274831,2.2953942,3.3745425,1.7031734
2053-04-04 12:00:00,4.0941677,3.7046885,3.3229878,3.5153344,4.0275407,2.5905886
2053-04-05 12:00:00,4.3252363,3.4657812,4.925433,3.7130888,2.8634632,2.5360084
2053-04-06 12:00:00,3.1423345,2.3830771,4.431812,2.6191773,4.8258524,1.9361601
2053-04-07 12:00:00,1.9589036,1.646972,3.3657343,2.3371737,4.658975,1.7264997
2053-04-08 12:00:00,1.6540356,1.3662086,2.8490465,2.707069,5.2923317,1.5326318
2053-04-09 12:00:00,1.8542622,1.4691256,2.4367115,3.1798413,4.044521,1.4264503
2053-04-10 12:00:00,1.3142052,1.3791033,2.8169298,3.6981,4.6156955,1.6836556
2053-04-11 12:00:00,1.4886898,1.2188346,3.1362011,2.4482982,5.2050104,1.673075
2053-04-12 12:00:00,0.88787997,0.946131,2.0893416,1.8413838,6.5691285,1.4075229
2053-04-13 12:00:00,1.3738427,1.2100991,2.2175741,3.014658,6.7676992,1.888641
2053-04-14 12:00:00,3.5527904,3.1958501,4.950408,7.4604073,4.8090873,4.716887
2053-04-15 12:00:00,4.0397987,3.5064764,5.1345396,5.2768354,5.057318,4.3998194
2053-04-16 12:00:00,2.522977,2.4978938,4.4374304,3.8186772,4.4469666,2.87394
2053-04-17 12:00:00,1.713582,1.4379257,2.8501806,2.5317733,2.9927738,1.5187912
2053-04-18 12:00:00,1.0640752,1.0909536,2.1038897,3.5823245,2.4491186,1.6067872
2053-04-19 12:00:00,1.2497587,1.29513,1.7504636,3.4884324,2.6678483,1.3860391
2053-04-20 12:00:00,1.5392773,1.2444347,2.3803077,3.5563786,5.1629887,2.1397305
2053-04-21 12:00:00,1.4196486,1.1258465,2.7848675,2.3887618,4.523206,1.9495596
2053-04-22 12:00:00,1.3045774,1.3482763,2.0449603,1.9689026,4.3210363,1.6988785
2053-04-23 12:00:00,2.7726297,2.2493165,2.7901125,2.303961,3.1986892,1.5957396
2053-04-24 12:00:00,1.8379965,1.6317531,2.5647094,2.4592829,3.142061,2.0385938
2053-04-25 12:00:00,1.558703,1.3862114,2.9968832,3.3382473,2.6592271,1.9469888
2053-04-26 12:00:00,1.0710096,1.14238,2.1646247,2.456296,2.0673394,1.5091991
2053-04-27 12:00:00,1.3944378,1.1611656,2.246863,1.807957,2.1037397,1.0713443
2053-04-28 12:00:00,1.4227569,1.1389618,1.8435203,2.1870525,2.0525827,1.0864056
2053-04-29 12:00:00,1.4667782,1.3261857,2.6773224,2.7514079,3.0413394,2.0837872
2053-04-30 12:00:00,2.385164,2.5934224,5.294782,4.6023374,4.003493,3.5209908
2053-05-01 12:00:00,3.1677902,2.893977,5.9599085,3.4710994,5.24592,3.309631
2053-05-02 12:00:00,3.8454282,3.4433131,6.0403423,5.819582,5.9161205,4.3770094
2053-05-03 12:00:00,3.3455017,2.8885102,5.0847077,4.5288534,4.7542677,4.0599627
2053-05-04 12:00:00,2.8359244,2.5042238,5.6593175,3.010547,4.712943,3.228936
2053-05-05 12:00:00,3.2460551,2.5335264,3.1201766,2.9150374,3.6059575,1.7464641
2053-05-06 12:00:00,1.7222464,1.517289,1.9640908,1.4076033,3.18731,1.0913634
2053-05-07 12:00:00,1.5104271,1.3721515,2.3883188,2.04851,3.1520011,1.3421245
2053-05-08 12:00:00,2.2086844,1.805155,3.440371,2.878961,3.4858735,1.7616816
2053-05-09 12:00:00,2.9875815,2.5013072,4.3806973,4.377636,5.0007706,4.2390237
2053-05-10 12:00:00,4.793423,4.1850886,5.325409,4.928617,3.0923038,4.522813
2053-05-11 12:00:00,4.116108,3.6048806,3.937137,4.090949,3.669793,3.1141627
2053-05-12 12:00:00,2.3759394,2.3951888,2.7602868,3.0597951,5.738053,1.4732043
2053-05-13 12:00:00,1.3464354,1.3120209,3.025429,2.335643,4.222041,1.6566558
2053-05-14 12:00:00,1.2335682,1.1857638,2.5596664,2.4841812,2.2519004,1.5919973
2053-05-15 12:00:00,1.4730253,1.2618196,2.349602,2.9814098,2.7914057,2.2937016
2053-05-16 12:00:00,1.4497359,1.3515455,2.5176468,3.7845092,3.795657,2.422293
2053-05-17 12:00:00,2.8772082,2.5131316,3.1513054,5.8662276,6.1615505,2.9229038
2053-05-18 12:00:00,2.1856775,1.9909561,3.512448,3.6691914,5.5215774,2.557914
2053-05-19 12:00:00,2.2252617,2.221029,3.3926609,4.0276685,5.562683,1.9079769
2053-05-20 12:00:00,1.8488778,2.1588504,2.9279354,2.9109943,5.1640058,1.8832499
2053-05-21 12:00:00,1.3281024,1.8732955,2.8660948,3.935433,3.1937232,1.7335293
2053-05-22 12:00:00,1.9567797,1.9679066,2.4391081,3.4773116,2.6216667,2.2621608
2053-05-23 12:00:00,1.4930274,1.4352164,2.72102,2.4626913,3.8312502,1.910439
2053-05-24 12:00:00,2.2635598,1.9721595,2.8424006,2.1676016,2.8723798,1.6784712
2053-05-25 12:00:00,1.8406014,1.5037165,2.056334,1.9273112,2.2401447,1.2737188
2053-05-26 12:00:00,2.1392436,1.7957501,4.457782,2.0803702,2.3290415,1.7835393
2053-05-27 12:00:00,1.6579832,1.5156252,2.1817636,2.7620668,2.8174102,2.0572731
2053-05-28 12:00:00,2.3826473,1.9475751,2.6431177,3.6104631,4.1605515,2.4559848
2053-05-29 12:00:00,2.6230094,2.3273177,3.9458296,3.1383457,4.106449,2.6570003
2053-05-30 12:00:00,1.2377938,1.2281395,2.3987248,2.1636374,3.311572,1.561221
2053-05-31 12:00:00,1.4754505,1.1958423,2.1164806,1.62791,2.0460165,1.5166024
2053-06-01 12:00:00,1.7440374,1.3882924,2.107796,1.9409907,2.2081292,1.6289047
2053-06-02 12:00:00,1.8189964,1.4528546,2.5692577,2.2148683,2.5892515,2.1350126
2053-06-03 12:00:00,1.3089868,1.2457333,2.9139893,3.2293484,3.4240239,2.3147337
2053-06-04 12:00:00,1.7362764,2.0177867,4.9919147,2.6291435,2.3295226,3.025039
2053-06-05 12:00:00,3.312576,3.1652741,5.8411617,3.9785392,4.395077,3.443745
2053-06-06 12:00:00,2.688739,2.3861933,3.081153,4.130662,4.5614514,2.2299469
2053-06-07 12:00:00,2.7518477,2.7455227,5.2778654,3.403092,4.3264036,3.0805337
2053-06-08 12:00:00,1.4363272,1.5982854,3.5286639,2.4879038,4.0449643,1.7221026
2053-06-09 12:00:00,1.9566984,1.6541723,2.6586123,2.5100954,3.7215445,1.7225057
2053-06-10 12:00:00,2.4018066,2.275999,3.3619418,3.0511792,3.4370625,2.3147879
2053-06-11 12:00:00,2.9415412,2.3571334,2.960558,2.782115,3.019471,1.7772932
2053-06-12 12:00:00,2.016667,1.9901876,2.5478148,3.1149385,3.395709,1.7782264
2053-06-13 12:00:00,2.7367468,2.1373863,3.2219493,3.200994,2.7828157,2.1742163
2053-06-14 12:00:00,2.1190488,2.0346837,2.5946834,3.0463073,2.8960068,2.202052
2053-06-15 12:00:00,1.9483054,1.644829,2.9334354,2.6298892,4.2990413,2.077165
2053-06-16 12:00:00,1.4532348,1.4598851,3.1537156,3.7959204,4.5584154,2.4853086
2053-06-17 12:00:00,1.779993,1.5835695,2.4601362,2.542107,2.7466733,2.1254144
2053-06-18 12:00:00,1.6696842,1.667034,2.00207,2.7073634,2.596911,1.5652927
2053-06-19 12:00:00,1.3068805,1.0961009,1.9787563,3.1622274,3.0358865,1.3706603
2053-06-20 12:00:00,1.2058105,1.1926289,1.7007558,3.4469104,3.7812788,1.2680377
2053-06-21 12:00:00,0.9468253,1.1078148,2.320612,2.4657915,2.7899623,1.0601885
2053-06-22 12:00:00,1.0896688,1.1947201,2.5904124,2.0621743,3.0268474,1.1998761
2053-06-23 12:00:00,2.0561142,1.7478621,2.93919,2.335934,2.415115,1.5436294
2053-06-24 12:00:00,1.4639757,1.6769025,2.861511,3.4951842,3.6129954,2.6688724
2053-06-25 12:00:00,1.540831,1.6261148,3.9707365,2.372435,3.4122624,2.6595495
2053-06-26 12:00:00,1.4937594,1.4851093,3.2678633,3.4796753,2.882437,1.8866968
2053-06-27 12:00:00,3.3200705,3.0593,5.289578,4.1451464,2.6947763,4.0739126
2053-06-28 12:00:00,3.0244367,2.2814598,3.4711308,2.632377,3.3303528,2.2740443
2053-06-29 12:00:00,1.0427524,1.2418668,1.9039055,2.1172068,3.364529,1.2471632
2053-06-30 12:00:00,1.4798971,1.3844802,1.5665785,1.7246532,2.2730505,1.3316897
2053-07-01 12:00:00,1.6440797,1.3954431,2.1391408,2.267936,2.0303237,2.0372195
2053-07-02 12:00:00,1.7077425,1.9276477,3.123082,3.0241783,2.7765286,2.7898374
2053-07-03 12:00:00,1.7768106,1.957648,3.014925,3.059633,2.698289,2.1957655
2053-07-04 12:00:00,3.011317,2.7782822,3.1972713,3.0566242,2.6243265,2.3076777
2053-07-05 12:00:00,1.9245522,1.9430854,2.9649239,3.3244023,3.7014432,2.5811036
2053-07-06 12:00:00,1.5893037,1.4250331,3.3912284,3.9100437,3.851118,2.829461
2053-07-07 12:00:00,2.4678385,2.2042215,2.8286545,4.955715,3.7228322,3.4024477
2053-07-08 12:00:00,2.3251476,1.8319039,2.9495995,4.125567,2.416026,2.556907
2053-07-09 12:00:00,1.7195097,1.9422498,2.2362893,3.0689774,3.3054929,1.732268
2053-07-10 12:00:00,3.0013702,2.6403131,4.0086884,4.2451463,3.7923808,3.7944052
2053-07-11 12:00:00,2.8677955,2.3425934,3.0734916,4.0656385,4.015326,2.8233054
2053-07-12 12:00:00,1.0797703,1.2235352,1.8526951,2.8034184,3.2145073,1.2378416
2053-07-13 12:00:00,3.1940694,2.5166767,3.0407822,2.7909312,3.343108,1.8311429
2053-07-14 12:00:00,3.5354278,2.7416692,3.333774,3.123439,3.5065978,1.8149036
2053-07-15 12:00:00,2.7458181,2.1796715,3.6665168,3.1248393,3.361911,1.8169384
2053-07-16 12:00:00,1.636758,1.3310723,2.65337,1.9442471,2.5173697,1.3910046
2053-07-17 12:00:00,1.1159594,0.90650356,2.089334,2.029207,2.772726,1.8076997
2053-07-18 12:00:00,1.1550168,1.1581217,2.356406,3.020847,5.0943418,1.3654239
2053-07-19 12:00:00,1.1308607,1.2580569,2.0438292,3.8175673,4.4408846,1.147859
2053-07-20 12:00:00,1.6782799,1.7674402,1.784613,2.8224664,2.9197433,1.5748107
2053-07-21 12:00:00,1.7785513,1.591454,2.5768263,2.0288744,2.8072917,1.4462198
2053-07-22 12:00:00,1.1036257,1.184936,2.8615634,2.0597622,2.4358876,1.7252228
2053-07-23 12:00:00,1.3560538,1.2556858,2.6629605,2.571152,2.6820004,1.4000503
2053-07-24 12:00:00,1.5326221,1.3259985,2.1801825,2.0397682,2.510727,1.6070026
2053-07-25 12:00:00,1.302844,1.261971,2.3275154,2.5653703,2.1724846,1.638856
2053-07-26 12:00:00,3.6245599,2.9258823,4.2587733,3.70228,3.0368407,3.4735541
2053-07-27 12:00:00,3.5786626,2.4447997,2.4282212,3.7812846,3.778321,1.3969915
2053-07-28 12:00:00,2.2133417,1.6958895,1.7087239,2.3553271,2.9340036,1.2304249
2053-07-29 12:00:00,2.451161,1.6708935,2.4910154,2.5257342,2.8599591,1.4399474
2053-07-30 12:00:00,2.706809,2.1601284,3.698343,2.7855854,3.3050146,2.5309792
2053-07-31 12:00:00,2.8062706,2.2459733,3.9607623,3.6728034,3.5191963,3.474198
2053-08-01 12:00:00,1.794761,2.0693426,3.9825659,3.2694786,3.5311544,2.971599
2053-08-02 12:00:00,1.962575,1.9217507,3.6656592,3.9170773,4.370591,2.5625696
2053-08-03 12:00:00,1.8132172,1.6088643,3.4547923,3.134805,3.2832565,1.9018673
2053-08-04 12:00:00,2.466437,1.8226433,2.9307475,2.4575944,3.063747,2.3675978
2053-08-05 12:00:00,2.6760306,2.2087343,2.1886134,2.4053848,2.386534,1.9391286
2053-08-06 12:00:00,3.367973,2.9099326,3.2148001,3.7072797,2.0811064,2.5793893
2053-08-07 12:00:00,2.0570657,1.7034731,2.7418153,2.4023452,2.8778477,1.9452039
2053-08-08 12:00:00,1.6404974,1.4015261,3.4286819,2.4797068,2.5092106,1.8405962
2053-08-09 12:00:00,2.1681776,1.7511917,2.24985,3.366641,2.652946,2.022005
2053-08-10 12:00:00,1.94285,1.584862,2.2325342,2.3846138,3.078439,1.3325665
2053-08-11 12:00:00,1.2383642,1.5159547,4.0354633,3.0067677,2.9663203,2.4215345
2053-08-12 12:00:00,2.0686674,2.1319644,3.2225413,3.1462553,2.7261229,2.8531752
2053-08-13 12:00:00,1.5455747,1.6389825,2.1668918,2.5149224,2.3655367,1.9570124
2053-08-14 12:00:00,2.2512414,2.2232575,2.6941261,2.9047296,2.426155,2.0419762
2053-08-15 12:00:00,2.8685713,2.2516506,3.5962825,2.4876306,3.1218538,2.802891
2053-08-16 12:00:00,2.1505203,1.6949425,2.849738,2.7134478,2.2902875,2.0243003
2053-08-17 12:00:00,2.3299298,1.7981901,3.7517347,2.731904,2.320511,2.821631
2053-08-18 12:00:00,3.586131,3.000991,5.4263096,4.695904,3.7078943,4.1778274
2053-08-19 12:00:00,2.253127,1.9683721,3.0553505,4.0714326,4.1697617,2.444331
2053-08-20 12:00:00,2.5755246,1.8894316,3.20709,3.7314699,2.8349836,2.051802
2053-08-21 12:00:00,3.474059,2.7420554,5.195405,3.6343656,4.03727,2.49619
2053-08-22 12:00:00,4.1066675,3.3164036,6.416405,5.1846213,4.8668528,3.4328039
2053-08-23 12:00:00,2.899622,2.2772315,3.8557496,4.67722,5.890685,2.6294625
2053-08-24 12:00:00,1.7144051,1.5835614,2.2188044,2.957228,4.5081196,1.5818671
2053-08-25 12:00:00,1.2960539,1.2860954,2.2897565,2.0388837,3.3260124,1.4235433
2053-08-26 12:00:00,1.7762554,1.8782929,4.5080748,3.087561,4.0726566,2.6826937
2053-08-27 12:00:00,2.0461204,2.209529,3.7450142,4.940034,3.9531682,2.4433224
2053-08-28 12:00:00,1.6305312,1.5191298,2.778954,3.7588522,5.61,2.014715
2053-08-29 12:00:00,1.831943,1.6829612,3.729784,3.4920437,3.8856325,2.578056
2053-08-30 12:00:00,1.6763304,1.5374528,3.028691,2.7185533,3.236068,1.7292814
2053-08-31 12:00:00,2.810595,2.043015,2.8566353,2.1243098,1.7726932,1.3855543
2053-09-01 12:00:00,3.033974,2.3620777,3.5460315,2.8092217,2.4978397,1.7770019
2053-09-02 12:00:00,4.1689177,3.371921,3.3063252,3.756193,2.7485244,2.0808103
2053-09-03 12:00:00,2.4066057,2.1681516,2.3710687,3.846255,3.8215141,1.5994097
2053-09-04 12:00:00,1.9999794,1.7029487,3.3463817,2.5270712,2.6205263,1.594802
2053-09-05 12:00:00,1.1859088,1.3704542,3.9317248,2.482195,2.2316947,2.0382934
2053-09-06 12:00:00,1.8743279,2.0512474,4.0665293,3.3385186,2.4207919,2.6907659
2053-09-07 12:00:00,2.1362529,1.9160196,4.7001467,2.7358782,2.1593797,2.3997462
2053-09-08 12:00:00,1.9635525,1.772288,4.3447447,3.4699764,2.06926,2.9410493
2053-09-09 12:00:00,2.4367588,2.2337189,3.8548803,3.5099492,2.891699,2.9061954
2053-09-10 12:00:00,2.526021,2.3504696,3.814234,4.1952825,4.162561,3.0128634
2053-09-11 12:00:00,3.314415,2.377226,3.297115,3.4671955,3.9901314,1.952723
2053-09-12 12:00:00,1.8768284,1.6885802,3.7825575,2.7030096,5.6585145,2.0721724
2053-09-13 12:00:00,3.0661232,2.5414305,4.237363,2.7544363,4.444608,2.3150978
2053-09-14 12:00:00,2.3863764,1.813033,3.1345959,4.44397,2.8878434,2.2559838
2053-09-15 12:00:00,3.1916113,2.6345804,5.3943157,4.4907537,3.3334749,4.1458864
2053-09-16 12:00:00,2.7783585,2.4234724,2.8371956,3.5489166,4.5356326,2.9356341
2053-09-17 12:00:00,2.6493888,2.4425976,3.5802302,3.59601,4.0196433,2.8176293
2053-09-18 12:00:00,3.2038639,3.1929653,4.9495435,3.7351267,3.8633666,4.2525973
2053-09-19 12:00:00,3.0473917,3.107059,3.7203484,6.0832367,5.2522297,4.4545856
2053-09-20 12:00:00,1.2658702,1.3533071,4.111168,5.1404595,6.379416,2.4860556
2053-09-21 12:00:00,1.9592681,2.144488,3.4524343,4.6913795,4.374606,4.034992
2053-09-22 12:00:00,2.028376,1.7186416,3.262969,5.7194195,3.5302486,1.6760975
2053-09-23 12:00:00,1.3558398,1.3273947,4.1736507,4.041834,4.8560185,3.1915605
2053-09-24 12:00:00,3.1395335,2.9495854,5.3762064,4.863216,4.921047,4.1531353
2053-09-25 12:00:00,1.9490967,2.0986032,3.9607422,4.4005184,4.692463,4.2574244
2053-09-26 12:00:00,1.834238,1.7793635,2.6224277,3.7355309,3.7894833,2.2286706
2053-09-27 12:00:00,1.7921913,1.6923368,1.7671179,2.438205,3.9158351,0.9950884
2053-09-28 12:00:00,1.403094,1.5581566,2.3233457,1.718221,3.2279649,1.0941217
2053-09-29 12:00:00,2.8105896,2.3191173,2.97504,2.0630832,4.034358,2.1001647
2053-09-30 12:00:00,1.958838,1.5256164,2.4799707,2.242991,6.1009507,1.7207865
2053-10-01 12:00:00,1.4682615,2.1203034,3.7537386,5.0224085,8.9262295,2.7500017
2053-10-02 12:00:00,2.5165634,2.7543998,3.8602512,5.370913,8.445788,3.3792741
2053-10-03 12:00:00,1.2008204,1.7875025,3.96567,4.319742,5.312821,2.7565463
2053-10-04 12:00:00,1.5577075,2.2585602,4.1404133,4.7878823,4.527332,2.6976235
2053-10-05 12:00:00,0.96329224,1.3356847,2.973253,3.1393564,3.4268827,2.0098715
2053-10-06 12:00:00,0.878129,0.93367577,2.2857046,2.6971123,2.7547286,1.1862985
2053-10-07 12:00:00,1.2237782,1.140067,2.6214511,3.5590453,3.53654,2.328424
2053-10-08 12:00:00,3.3725462,2.5253623,5.88112,4.3402066,3.5009065,4.144673
2053-10-09 12:00:00,2.6204147,1.9381806,4.5337877,4.4161224,5.090918,3.2109327
2053-10-10 12:00:00,1.9558622,1.7952161,3.4176173,5.8636317,6.402803,2.9118228
2053-10-11 12:00:00,1.7014692,1.7782654,5.382798,4.48856,4.45248,4.3208346
2053-10-12 12:00:00,1.4068421,1.3900398,2.0955584,3.6559489,5.3797054,1.8550236
2053-10-13 12:00:00,2.6878119,2.5654202,3.7847,3.0589054,3.7717476,2.4596
2053-10-14 12:00:00,1.7065535,1.6099695,2.5902648,3.0236645,4.259058,1.3401414
2053-10-15 12:00:00,1.3078969,1.498859,3.69437,3.4907439,4.992756,2.4737284
2053-10-16 12:00:00,1.9211586,1.7591442,3.8275917,4.858702,5.378826,2.1991465
2053-10-17 12:00:00,1.3230871,1.3035737,2.6736798,2.70942,3.9456172,1.7759753
2053-10-18 12:00:00,1.1843092,1.2251863,2.878463,4.6163683,3.5309527,2.540446
2053-10-19 12:00:00,2.6133695,2.397045,5.261846,5.523442,3.9482737,4.09109
2053-10-20 12:00:00,3.8010218,3.9606884,6.327588,6.727925,4.3062463,3.7649987
2053-10-21 12:00:00,2.4644864,2.6985025,4.2664003,4.146281,3.9655585,2.889013
2053-10-22 12:00:00,1.498111,1.6325887,2.2723825,2.8144093,4.094026,1.9888567
2053-10-23 12:00:00,1.780195,1.7850609,3.1746063,2.1906614,2.478211,1.904567
2053-10-24 12:00:00,2.4602513,2.0712006,2.6642802,2.2271986,2.7334914,1.6064643
2053-10-25 12:00:00,1.0732865,1.1087749,3.2683525,2.9549317,3.089497,2.4028475
2053-10-26 12:00:00,2.0195944,2.0188909,4.776915,5.6523385,3.8334372,3.9824355
2053-10-27 12:00:00,2.0084963,1.7651796,4.0982423,4.77784,3.0507913,3.5894315
2053-10-28 12:00:00,2.113045,1.7592862,3.458124,3.55463,2.9558644,1.8008597
2053-10-29 12:00:00,0.9649605,1.252687,1.7921728,3.862292,3.987129,1.6850322
2053-10-30 12:00:00,2.8342314,2.6899123,4.258861,4.4442554,4.483354,2.9363177
2053-10-31 12:00:00,2.4942136,2.432008,3.1196632,2.890318,3.987315,2.147831
2053-11-01 12:00:00,1.3054471,1.5469993,2.0338075,6.3338785,4.9047594,2.0407572
2053-11-02 12:00:00,1.4133112,1.7318287,3.3968763,4.9010825,4.86345,3.1457357
2053-11-03 12:00:00,0.8732029,1.0460817,2.785608,3.1219501,3.652034,2.2931514
2053-11-04 12:00:00,0.64497054,0.8270229,3.038159,2.7081501,4.5344067,2.0746439
2053-11-05 12:00:00,0.52213913,0.7649085,3.0611129,4.164154,5.5149918,2.9868336
2053-11-06 12:00:00,0.8196465,1.1196675,3.120482,6.825739,6.5197473,3.4951653
2053-11-07 12:00:00,0.7507278,1.1286619,2.4720721,5.0544434,5.1072955,2.7664633
2053-11-08 12:00:00,0.6804253,0.8909526,2.8204672,4.890747,3.1063263,1.6800387
2053-11-09 12:00:00,0.6420219,0.9550059,2.9309301,3.3239353,3.7267218,1.6486022
2053-11-10 12:00:00,0.9148503,1.0312748,4.416587,2.962346,5.3550425,2.60834
2053-11-11 12:00:00,1.9389546,1.727952,4.678414,3.8327632,3.6228805,3.329772
2053-11-12 12:00:00,1.0680206,1.1176904,2.8266094,4.5679336,3.4175444,2.8076544
2053-11-13 12:00:00,1.8089557,1.3474283,2.870488,2.7167304,5.207052,1.6738924
2053-11-14 12:00:00,0.7865021,1.0586833,2.5959556,2.465343,4.3300886,1.382406
2053-11-15 12:00:00,1.7262831,1.5274792,3.8000631,2.7896152,4.1471925,1.8160062
2053-11-16 12:00:00,1.288096,1.6327852,3.4653623,4.685166,5.4952836,2.5583704
2053-11-17 12:00:00,0.8791479,1.2183737,2.4184282,2.8901446,4.3660674,1.6902791
2053-11-18 12:00:00,1.0156152,1.1763763,2.957165,3.287904,2.986277,2.375092
2053-11-19 12:00:00,1.4071857,1.3302592,2.2432883,2.6878004,4.1031985,1.8819957
2053-11-20 12:00:00,2.2336798,2.1801243,3.9302707,3.6286051,4.448014,2.6518092
2053-11-21 12:00:00,1.8704627,1.8831985,3.0811427,4.524492,4.9555793,2.3528135
2053-11-22 12:00:00,1.8944271,1.6959095,4.8397613,4.2094297,4.1765437,3.0146954
2053-11-23 12:00:00,3.3055832,2.9627013,5.1370797,6.5234566,4.470241,3.1272893
2053-11-24 12:00:00,1.0774311,1.3316208,2.4199514,6.752224,4.4817944,3.0834398
2053-11-25 12:00:00,0.94119453,1.220598,3.0610116,6.4382563,4.664541,2.3052452
2053-11-26 12:00:00,1.3050555,1.4487491,2.7787907,5.3338003,5.0380673,1.6939591
2053-11-27 12:00:00,2.428276,2.3369684,3.7315075,5.3658886,6.6286216,2.759656
2053-11-28 12:00:00,2.0337653,1.8791513,4.5259027,2.8200643,5.3822393,2.8760793
2053-11-29 12:00:00,1.0544921,1.055479,5.7685614,4.635284,5.8583083,4.2867904
2053-11-30 12:00:00,1.3674417,1.4851469,6.473493,6.217244,5.454322,4.7277565
2053-12-01 12:00:00,4.087263,3.907637,9.264796,7.26064,5.264064,6.4037333
2053-12-02 12:00:00,2.875853,2.794181,6.940756,5.550532,5.0357842,4.3141184
2053-12-03 12:00:00,1.5206566,1.3547596,4.9059825,3.5940678,4.538864,3.1887047
2053-12-04 12:00:00,1.8964419,1.4246787,4.9041185,3.644298,3.7636898,3.3418257
2053-12-05 12:00:00,2.8747969,1.9474303,3.1139724,2.3385186,2.8480456,1.7917511
2053-12-06 12:00:00,1.8866467,1.6417272,3.4739172,5.512945,4.083235,3.5325832
2053-12-07 12:00:00,2.030554,1.8515781,5.5493364,6.7088165,5.0820837,4.732691
2053-12-08 12:00:00,2.2804632,2.4865823,4.32308,8.145836,3.6321905,3.5365784
2053-12-09 12:00:00,2.9908953,3.3632183,3.7341785,6.016091,4.6029515,2.4359682
2053-12-10 12:00:00,1.9732355,2.0531538,3.5048547,7.3339896,5.662861,3.6591594
2053-12-11 12:00:00,1.8561583,2.3550978,3.9587228,5.531686,5.844223,2.8659394
2053-12-12 12:00:00,1.3109475,1.5470695,4.278719,4.8247876,7.0429745,3.4020627
2053-12-13 12:00:00,1.1821313,1.1957026,4.1099844,3.953967,7.3862953,2.892602
2053-12-14 12:00:00,1.3758838,1.2431805,3.8274689,3.7135704,6.8823495,2.5646691
2053-12-15 12:00:00,1.481451,1.4734986,3.6887696,4.1392784,6.804437,3.0354335
2053-12-16 12:00:00,1.5492125,1.5883446,2.860574,5.2274733,7.042517,2.617985
2053-12-17 12:00:00,2.281277,1.7916455,4.1095896,4.918838,7.2658997,3.0798604
2053-12-18 12:00:00,1.7140768,1.539546,3.9839861,4.7144775,5.8966503,2.7123501
2053-12-19 12:00:00,2.4555945,2.225275,5.265076,5.057466,5.657835,3.7659354
2053-12-20 12:00:00,1.4797041,1.4422363,3.7264957,3.666776,4.753788,1.9356004
2053-12-21 12:00:00,3.3176801,2.5791712,5.589164,5.126664,5.377821,3.225693
2053-12-22 12:00:00,3.5281813,2.9984539,6.829193,5.3053145,5.797211,4.7914953
2053-12-23 12:00:00,3.013497,2.4749668,5.6576066,4.3308992,3.4524224,4.000866
2053-12-24 12:00:00,1.8306718,1.7815276,3.7796896,5.579847,2.9847033,3.1823423
2053-12-25 12:00:00,3.6394944,3.1393661,6.064431,4.6645107,4.3686705,3.5075216
2053-12-26 12:00:00,1.6840806,1.5767775,4.640837,4.07,3.6563544,2.9722114
2053-12-27 12:00:00,2.8261049,1.9874755,2.7515924,3.728397,4.319502,2.155379
2053-12-28 12:00:00,1.8623297,1.5409154,1.6832519,3.366614,5.944333,1.7181208
2053-12-29 12:00:00,1.0216872,1.2948468,1.8042957,2.9497256,4.3717556,1.7948195
2053-12-30 12:00:00,2.0290654,1.6121521,3.7598612,4.3253217,6.478314,2.9180186
2053-12-31 12:00:00,1.0886474,1.298445,2.599462,2.8241038,5.1555166,1.8250947
2054-01-01 12:00:00,1.0349125,1.0116445,3.123987,4.130621,5.328403,3.0110898
2054-01-02 12:00:00,2.4930077,1.8925123,4.0653715,4.0359287,5.29052,3.5437264
2054-01-03 12:00:00,3.205943,2.2258582,4.0706277,3.2998219,6.5630856,2.7098722
2054-01-04 12:00:00,3.3466501,2.22055,3.8116846,3.9897425,5.100402,2.5044332
2054-01-05 12:00:00,2.6728613,1.9924408,4.1691356,3.9856355,5.63684,2.5373065
2054-01-06 12:00:00,1.9918814,1.5656605,4.7177362,4.810444,5.5236754,2.9883237
2054-01-07 12:00:00,2.2844098,1.9069924,5.862407,4.00399,4.670261,3.6311624
2054-01-08 12:00:00,1.8238211,1.4901686,4.792452,3.5549648,5.257113,3.345718
2054-01-09 12:00:00,1.2279223,1.4227048,3.873904,3.706827,2.9181159,2.6877613
2054-01-10 12:00:00,1.8865671,1.9750817,3.0590847,2.51789,3.0679219,2.1903713
2054-01-11 12:00:00,0.8531971,1.0432432,2.9145374,5.0726447,4.6902018,2.7550504
2054-01-12 12:00:00,0.6102635,0.9443286,2.1555746,6.063637,5.5182977,2.384944
2054-01-13 12:00:00,1.1824961,1.382415,2.3472033,5.5602646,7.7018065,1.7703077
2054-01-14 12:00:00,1.292485,1.871748,2.8317368,4.7553005,7.3132915,2.4726458
2054-01-15 12:00:00,1.2278421,1.7309716,3.0483756,5.8738866,8.786248,2.3018413
2054-01-16 12:00:00,1.2496274,1.6249644,2.081622,4.9502406,8.274297,2.425235
2054-01-17 12:00:00,1.0854576,1.5666456,2.1120646,5.2133994,7.7604494,2.308576
2054-01-18 12:00:00,1.060457,1.5689229,2.0178525,4.205099,7.1216373,2.2137477
2054-01-19 12:00:00,1.198906,1.2752237,3.1946702,2.8163776,4.258021,2.2630348
2054-01-20 12:00:00,0.78835887,0.9098607,3.3429866,3.0871024,3.3654063,2.6534584
2054-01-21 12:00:00,0.72029185,0.9103994,2.5180614,3.2920916,3.659081,2.4888563
2054-01-22 12:00:00,0.89730364,1.0923394,2.133872,2.7716324,3.23806,1.8860195
2054-01-23 12:00:00,1.9721448,1.4007696,3.231989,2.5748723,3.2605975,2.383748
2054-01-24 12:00:00,0.7743885,0.94436985,3.4821224,3.8255906,3.2674677,3.0580647
2054-01-25 12:00:00,0.77701795,1.0327578,4.337943,6.2050624,4.799607,4.174955
2054-01-26 12:00:00,2.9561605,2.2912238,4.3198886,6.8227572,6.1502357,3.5449636
2054-01-27 12:00:00,1.8335667,1.7200453,4.7894583,5.7608776,5.1455812,3.3133216
2054-01-28 12:00:00,1.5305209,1.8598717,2.180567,4.927927,4.061824,2.242023
2054-01-29 12:00:00,1.6033132,1.5990068,3.292488,3.4470313,5.6860046,2.1866446
2054-01-30 12:00:00,1.520355,1.8256894,2.6024053,5.1341343,6.0970807,2.3897173
2054-01-31 12:00:00,1.2862775,1.3796327,4.42846,3.4929676,3.8427982,3.2565792
2054-02-01 12:00:00,0.98033416,1.2991635,2.770695,6.3978195,4.9274087,2.6216447
2054-02-02 12:00:00,1.362086,1.4424651,3.826312,5.7305946,3.708229,3.6034427
2054-02-03 12:00:00,1.8675559,1.8319312,5.2031674,6.526405,5.8639607,3.8890774
2054-02-04 12:00:00,1.6130271,1.6963199,4.293382,5.1105337,4.7938437,3.6014016
2054-02-05 12:00:00,2.3701735,2.1482165,6.4583073,5.4683566,5.3841267,4.223879
2054-02-06 12:00:00,1.7224469,2.0718973,5.4697366,5.6086574,5.148945,3.7908356
2054-02-07 12:00:00,2.092433,2.2830296,4.5949593,5.774025,5.8953867,3.9145236
2054-02-08 12:00:00,3.5442271,3.2017226,6.4856095,7.2197347,7.7782283,5.183568
2054-02-09 12:00:00,2.88519,2.1586668,3.2738314,6.4286246,7.797659,2.1060364
2054-02-10 12:00:00,1.6027225,1.6519171,2.167566,2.8593044,4.5682917,1.7607822
2054-02-11 12:00:00,2.126296,1.6481357,2.587814,1.875929,4.0206327,1.6743029
2054-02-12 12:00:00,2.1298099,1.5027392,3.705022,2.0564916,5.2739277,1.9027759
2054-02-13 12:00:00,2.450608,1.9547112,2.8292,2.326867,4.8759074,1.5008023
2054-02-14 12:00:00,2.7099986,1.9727725,3.6232555,3.0182905,5.8396034,1.6829184
2054-02-15 12:00:00,1.659628,1.8470981,2.2620044,3.4368618,6.1210175,2.195234
2054-02-16 12:00:00,2.399086,2.173175,3.6734278,3.115922,3.6654255,2.468872
2054-02-17 12:00:00,0.9864065,1.2253441,3.322844,2.4791262,5.3749833,1.7267578
2054-02-18 12:00:00,0.7595689,0.8965064,4.083717,2.0470603,7.6313167,1.9346167
2054-02-19 12:00:00,1.2601825,1.201257,5.263763,2.935578,8.120007,2.544221
2054-02-20 12:00:00,1.8545804,1.5753642,5.732282,3.7722805,4.570265,3.3817608
2054-02-21 12:00:00,1.5434234,1.538772,4.5093374,4.622492,4.6600137,3.579098
2054-02-22 12:00:00,1.0572226,1.2598387,4.096316,4.3018847,5.325956,3.4597287
2054-02-23 12:00:00,2.2284446,2.2952526,5.275582,5.824574,5.4685345,4.4029737
2054-02-24 12:00:00,3.4446545,3.0650501,6.7302594,6.612189,7.53302,4.757458
2054-02-25 12:00:00,3.026471,2.2876797,4.8017473,5.344235,7.3301153,3.9317715
2054-02-26 12:00:00,3.2997477,3.388324,6.414463,5.594931,5.3528357,5.600467
2054-02-27 12:00:00,3.1889057,2.9944744,5.6698976,5.071224,5.5091863,4.494651
2054-02-28 12:00:00,3.3917341,3.3189433,5.3759,6.3183713,6.1983085,4.5530176
2054-03-01 12:00:00,2.104813,1.9902583,3.3503437,4.3239527,5.5048785,2.629032
2054-03-02 12:00:00,2.191952,1.8672222,4.2656884,5.5313087,5.4259915,4.0699735
2054-03-03 12:00:00,3.7370172,2.9965377,5.162939,6.429733,5.707675,4.470775
2054-03-04 12:00:00,2.338393,2.0459065,4.4936614,5.9505143,5.604797,4.2221427
2054-03-05 12:00:00,3.2626252,2.7603347,4.6293736,6.0249486,5.0627007,3.8096519
2054-03-06 12:00:00,1.600241,1.4995852,3.6771069,6.115687,6.60016,3.9850314
2054-03-07 12:00:00,2.9169626,2.1892745,4.1803994,5.3970056,6.279379,3.9799287
2054-03-08 12:00:00,1.753561,1.6058459,3.715495,5.61497,4.759638,3.9978206
2054-03-09 12:00:00,1.9660991,1.8766375,5.0328946,4.0518236,6.211481,4.2791257
2054-03-10 12:00:00,1.6242149,1.9310008,5.2352037,4.361058,5.206804,4.6584954
2054-03-11 12:00:00,2.3808312,2.3627667,3.879653,5.7263856,7.8800955,3.7950644
2054-03-12 12:00:00,2.5895867,2.4387312,3.688613,3.5737646,6.91065,2.1190486
2054-03-13 12:00:00,1.9007678,2.1338902,2.7759228,4.218145,7.6148124,1.6611949
2054-03-14 12:00:00,2.940697,2.845211,5.3029275,5.9523344,5.9476924,2.750302
2054-03-15 12:00:00,3.4736555,3.004309,6.173611,4.6227055,4.6643424,2.7172139
2054-03-16 12:00:00,3.7474198,2.9218922,6.0146947,4.182634,3.8877943,2.7044442
2054-03-17 12:00:00,2.7843494,1.9963093,4.0044575,2.4932785,5.065073,1.6850356
2054-03-18 12:00:00,2.0072603,1.6702527,3.3576448,2.6407154,4.8045993,1.7064954
2054-03-19 12:00:00,2.6533332,2.1947608,2.933571,2.9971738,4.543084,1.7213044
2054-03-20 12:00:00,1.1536448,1.157117,2.1791935,3.0836363,3.1721525,1.6800139
2054-03-21 12:00:00,1.2230254,1.2422773,2.4334898,3.2742307,2.8826008,2.4450662
2054-03-22 12:00:00,1.4594319,1.2832825,2.922682,2.7611005,3.3707168,1.9824555
2054-03-23 12:00:00,1.6642272,1.8940862,2.1728058,5.63578,4.108154,2.1550193
2054-03-24 12:00:00,3.822976,3.0651448,4.255438,3.5477471,4.338443,3.3541746
2054-03-25 12:00:00,2.9346905,2.763391,4.463548,6.3139486,7.448182,3.3642905
2054-03-26 12:00:00,2.3564434,2.1715171,4.7016025,4.277851,5.392654,3.2365696
2054-03-27 12:00:00,3.6686697,3.1704438,7.2058015,5.5174766,3.4111927,5.0975633
2054-03-28 12:00:00,4.323911,3.8516865,6.5966578,4.261096,5.0313926,4.7050586
2054-03-29 12:00:00,3.113109,2.2468936,4.0270042,4.617964,4.1297216,2.6502733
2054-03-30 12:00:00,1.7507787,1.428443,2.8721435,3.5850954,3.80912,1.8488297
2054-03-31 12:00:00,1.7809327,1.5403448,4.1387177,3.2885952,3.0526779,2.4351373
2054-04-01 12:00:00,3.2045786,2.7432516,2.8225965,3.6413813,4.3961873,1.5282978
2054-04-02 12:00:00,2.079475,1.8207228,3.654831,3.0337582,3.729894,1.943669
2054-04-03 12:00:00,1.4952123,1.7098405,2.8230422,2.0734022,3.188552,1.5598692
2054-04-04 12:00:00,1.6868002,1.524473,3.3688014,3.3223917,2.0587838,2.37648
2054-04-05 12:00:00,3.954214,3.5767784,4.313663,5.6071444,3.7058148,4.5707603
2054-04-06 12:00:00,3.3732896,3.0477598,3.6754627,5.1588745,4.000038,3.3881555
2054-04-07 12:00:00,4.760901,3.748713,8.040465,7.711409,5.235559,5.914938
2054-04-08 12:00:00,3.393629,3.0592527,4.769724,4.58336,6.726133,2.4250653
2054-04-09 12:00:00,2.5917947,2.1440787,4.7874246,3.4774394,7.3626313,2.7277992
2054-04-10 12:00:00,4.366622,4.1610003,8.004987,6.2010016,5.5914083,4.24681
2054-04-11 12:00:00,3.6218593,3.3213263,5.056991,5.6964865,7.5284057,3.6038458
2054-04-12 12:00:00,3.38592,3.2308478,4.9945283,6.2616634,7.2031507,4.145374
2054-04-13 12:00:00,2.11348,1.6632395,3.5246556,3.5686646,5.232161,2.9435596
2054-04-14 12:00:00,2.0925386,1.6710303,2.7119238,2.1305969,2.5690413,1.6503235
2054-04-15 12:00:00,2.1812396,1.7918233,2.5968077,4.287284,3.4194355,1.4134938
2054-04-16 12:00:00,1.201507,1.367922,1.8103715,3.4698055,3.6212862,1.7918159
2054-04-17 12:00:00,0.9766918,0.98548156,1.8153998,2.7521849,3.6284592,1.7882835
2054-04-18 12:00:00,1.3385487,1.1031227,2.4892478,2.6618013,5.4591556,1.3782957
2054-04-19 12:00:00,1.219259,1.153353,3.8305392,1.8205596,4.2469664,1.7717813
2054-04-20 12:00:00,1.0656796,1.0052283,3.0620708,1.7996392,2.9305475,1.6713706
2054-04-21 12:00:00,1.1842382,1.191802,2.8014069,2.553883,4.0648174,2.138553
2054-04-22 12:00:00,1.3699291,1.221788,2.6489,2.7483585,5.4940953,1.6946445
2054-04-23 12:00:00,4.423925,3.3956306,4.197922,4.4463224,3.7383637,2.179703
2054-04-24 12:00:00,4.4457946,3.4964592,4.928323,4.20383,2.6721258,2.2089517
2054-04-25 12:00:00,3.8706203,2.9610682,3.8791785,3.9165714,2.7530384,2.1241722
2054-04-26 12:00:00,1.9262489,1.5501418,2.127925,3.2073302,3.3102255,1.4893297
2054-04-27 12:00:00,1.6034446,1.4537609,2.1816003,2.82981,3.4591382,1.545525
2054-04-28 12:00:00,2.192721,2.0857296,4.5101233,3.2718768,3.2005155,2.3588443
2054-04-29 12:00:00,2.0572324,1.613478,3.173778,3.0712514,3.6710548,1.8976291
2054-04-30 12:00:00,1.465102,1.6100547,2.230709,2.2019632,2.6208746,1.3362836
2054-05-01 12:00:00,1.7956688,1.9201031,4.61907,2.7807722,3.6365526,2.9650037
2054-05-02 12:00:00,2.9485116,3.1087592,5.170704,4.3162427,4.6886373,3.5307121
2054-05-03 12:00:00,1.752353,1.6449195,2.4635463,2.1190615,4.3049135,1.7558689
2054-05-04 12:00:00,2.0447733,1.9437367,4.5810013,2.41932,4.9227867,2.5097187
2054-05-05 12:00:00,2.033782,2.0364087,3.8320074,3.229696,4.6599045,2.3896303
2054-05-06 12:00:00,1.2980564,1.1631867,2.6222444,2.0816953,6.2512956,1.360969
2054-05-07 12:00:00,1.1088606,1.1155515,2.6883328,2.776201,4.1134915,1.4987727
2054-05-08 12:00:00,1.2635388,1.2495314,2.1600122,2.3412812,3.4900765,1.400832
2054-05-09 12:00:00,1.3926694,1.1459914,2.5054617,2.10076,3.1801941,1.6042441
2054-05-10 12:00:00,2.5312529,2.0609136,3.13893,2.8484278,3.1825445,1.8028224
2054-05-11 12:00:00,1.9087857,1.8143034,3.0533898,4.1918454,2.9776518,1.9124055
2054-05-12 12:00:00,3.0376115,2.6745608,5.0046883,3.6662612,2.5805569,3.5692387
2054-05-13 12:00:00,3.3618505,2.7656755,5.402779,3.0463192,3.2376158,3.3294196
2054-05-14 12:00:00,3.3469865,2.9756134,5.3169675,3.6013095,3.3709352,3.8774354
2054-05-15 12:00:00,1.5406829,1.4141071,2.5878208,2.935812,2.0408223,2.7329664
2054-05-16 12:00:00,1.5324061,1.4671807,2.6334913,1.9078757,2.2808485,1.4278175
2054-05-17 12:00:00,2.6923656,2.1926258,3.0135603,3.789755,2.3497832,2.1220045
2054-05-18 12:00:00,4.1754794,3.315401,4.3180604,4.0585413,4.2401876,2.8600101
2054-05-19 12:00:00,2.8306828,2.7650757,3.8474803,6.006057,5.273595,2.8022957
2054-05-20 12:00:00,2.0575337,1.7396305,3.3302984,3.8242548,5.0547266,2.0233629
2054-05-21 12:00:00,3.9076529,3.2620096,4.112293,4.5979266,3.8607116,2.760198
2054-05-22 12:00:00,2.1817164,2.1399822,5.0627418,3.3314457,4.060975,3.308665
2054-05-23 12:00:00,3.8279924,3.1366735,4.1860824,3.4016893,3.9829347,2.574615
2054-05-24 12:00:00,4.3863664,3.772502,5.5948706,5.34034,4.672843,3.8132284
2054-05-25 12:00:00,3.2324488,2.6678207,3.6894608,2.9765937,5.1036386,2.535441
2054-05-26 12:00:00,1.8020422,1.8293554,2.6490889,2.7084715,4.771513,1.7383956
2054-05-27 12:00:00,3.7450647,2.852652,5.7574353,5.784736,6.4796705,3.6084905
2054-05-28 12:00:00,2.6129282,2.178961,3.3578439,3.9963777,5.7215548,2.637497
2054-05-29 12:00:00,3.0921872,2.8141415,2.2898328,4.2598004,3.5274668,1.6949908
2054-05-30 12:00:00,1.6820948,1.7981824,3.901548,3.5733461,2.727509,2.135666
2054-05-31 12:00:00,1.8122652,1.7255502,4.234366,2.5521364,2.125881,2.3057954
2054-06-01 12:00:00,1.8808526,1.7259331,4.2285295,2.4761536,2.3046904,2.0590231
2054-06-02 12:00:00,1.7303495,1.4792088,3.4556334,2.216385,3.216908,1.7726765
2054-06-03 12:00:00,0.9672786,1.0783161,2.4125865,2.0039194,3.846924,1.3085216
2054-06-04 12:00:00,1.3481123,1.2367702,1.9431025,3.5298576,3.497853,1.3740996
2054-06-05 12:00:00,2.3952856,2.0954695,3.734394,4.440617,2.721833,1.9048314
2054-06-06 12:00:00,2.752552,2.4199207,2.8293636,3.930465,2.560797,1.6513375
2054-06-07 12:00:00,1.763722,1.4794815,3.2880886,2.9351983,2.864627,2.176457
2054-06-08 12:00:00,1.9331057,1.7138227,3.2934918,3.2584078,4.120704,1.4632592
2054-06-09 12:00:00,2.17588,1.8282081,4.3044086,2.9806309,6.447395,2.0454228
2054-06-10 12:00:00,2.022489,1.8730813,2.9367974,4.1544886,5.593495,1.8465021
2054-06-11 12:00:00,1.9889059,2.1372955,4.308038,3.3648052,3.9990504,3.0817654
2054-06-12 12:00:00,2.848702,2.5670407,3.9178524,4.0288916,3.7737446,3.273794
2054-06-13 12:00:00,1.7954073,1.7669672,2.9224563,4.541488,5.4866676,1.7362001
2054-06-14 12:00:00,1.7787086,1.853891,3.0517237,4.152754,5.0470505,2.7124991
2054-06-15 12:00:00,1.6590908,1.5696826,2.3725753,3.1693952,5.48829,1.9049104
2054-06-16 12:00:00,2.0150313,2.0619152,3.4971492,3.5280051,3.6481767,2.5257459
2054-06-17 12:00:00,1.6958698,1.7251229,1.9927806,2.5654745,3.942589,1.6488302
2054-06-18 12:00:00,1.4283631,1.5762466,2.72658,2.653487,2.6181045,2.2063794
2054-06-19 12:00:00,2.1771786,1.9544289,3.0887177,3.6862433,3.9940162,2.5926685
2054-06-20 12:00:00,1.357364,1.341242,1.8906713,2.8830962,3.8577337,1.4407465
2054-06-21 12:00:00,1.332397,1.2300727,1.705311,2.3084912,2.6986623,1.4726923
2054-06-22 12:00:00,0.9197802,0.8823977,1.8167732,3.2802694,3.889178,2.2406776
2054-06-23 12:00:00,0.860071,0.86352956,1.5655425,3.347246,3.6521163,1.120674
2054-06-24 12:00:00,0.90421516,1.0132546,2.610949,2.2003531,2.5722408,1.7356249
2054-06-25 12:00:00,2.2282906,2.080619,3.947621,2.5524929,2.9533875,2.13346
2054-06-26 12:00:00,1.4203054,1.6451597,3.6654747,2.790947,3.6274323,2.2680566
2054-06-27 12:00:00,1.5854826,1.5032809,3.2302065,4.5671434,4.5227427,1.9042093
2054-06-28 12:00:00,2.443069,2.005286,3.5116158,5.5760145,3.5877,2.183739
2054-06-29 12:00:00,2.527983,2.058866,3.6993477,6.312367,4.091138,2.302074
2054-06-30 12:00:00,3.2526424,2.5583978,3.1813738,5.4538035,3.526228,2.1404424
2054-07-01 12:00:00,2.697205,2.1937263,2.8045511,4.304822,3.0694396,2.102551
2054-07-02 12:00:00,2.6681209,2.1521885,3.0079203,3.7997398,3.3290973,1.6443086
2054-07-03 12:00:00,2.5074372,1.9762155,2.8235018,3.6063025,3.3498547,1.8168832
2054-07-04 12:00:00,3.2945867,2.5739155,2.689552,4.3552327,3.404461,1.8410039
2054-07-05 12:00:00,2.5252275,2.0200806,4.0573416,2.9121168,2.0519104,1.5930022
2054-07-06 12:00:00,1.376621,1.1437781,3.5429544,2.328974,1.749706,1.5452683
2054-07-07 12:00:00,1.3815621,1.2219214,2.329485,2.6802232,2.670923,2.067648
2054-07-08 12:00:00,2.0402415,1.6677548,3.6769924,2.9459786,2.560112,3.0619452
2054-07-09 12:00:00,2.7338054,2.1587584,2.5956056,4.1076717,3.534464,2.0061557
2054-07-10 12:00:00,2.0898452,1.8093933,2.229961,2.6204476,3.1866267,1.2225181
2054-07-11 12:00:00,2.44144,2.1626759,2.7753272,2.3281274,3.723247,1.7838993
2054-07-12 12:00:00,3.3777676,2.9463012,3.4465134,3.098047,3.043451,1.807857
2054-07-13 12:00:00,2.3534098,2.5996423,3.3901868,3.5118375,3.0627155,1.8308121
2054-07-14 12:00:00,3.1506443,2.875697,2.759614,4.079313,2.9489703,2.0232046
2054-07-15 12:00:00,2.0388684,2.1315563,2.052461,2.9733481,3.0024633,1.7049764
2054-07-16 12:00:00,1.824069,1.705522,2.9382305,2.4173446,2.6867754,1.8307123
2054-07-17 12:00:00,1.5804574,1.4968144,4.1282563,2.2223015,3.546097,2.0399714
2054-07-18 12:00:00,1.0198618,1.1514181,2.9521327,2.5979118,3.7487948,1.8802689
2054-07-19 12:00:00,1.2296536,1.1856185,2.3704174,2.9224043,3.5751522,1.4587677
2054-07-20 12:00:00,2.0111728,1.6820763,2.343196,2.3505728,2.52088,1.6756802
2054-07-21 12:00:00,1.7501162,1.3529674,2.0836513,2.3032594,2.1916523,1.2872661
2054-07-22 12:00:00,1.687763,1.4765964,1.8422081,2.3754272,2.4421484,1.455
2054-07-23 12:00:00,0.84040743,1.0575572,2.1029503,3.3585815,3.3309467,1.3258907
2054-07-24 12:00:00,1.4279248,1.3827721,2.9589639,3.4562786,3.264132,1.7810407
2054-07-25 12:00:00,2.395946,2.0271926,3.1018329,3.5080626,3.488012,2.0187979
2054-07-26 12:00:00,1.9122796,1.4879074,3.108798,2.150518,2.7835631,1.6902313
2054-07-27 12:00:00,1.8222245,1.723175,2.9372501,2.6450777,2.46638,2.156394
2054-07-28 12:00:00,1.6934456,1.4405538,2.786001,2.9626722,2.970773,1.8792727
2054-07-29 12:00:00,1.5261736,1.3835574,3.516569,2.6225507,2.6328516,2.5238166
2054-07-30 12:00:00,1.7274215,2.0206826,3.6145809,3.7114985,2.7049043,2.7088385
2054-07-31 12:00:00,1.7847058,1.7263006,2.7543526,3.2353652,4.9361567,1.7506382
2054-08-01 12:00:00,2.0871377,1.9767174,3.4522552,2.707,5.2726655,2.4530096
2054-08-02 12:00:00,3.2496183,2.6304836,3.386934,3.5227058,3.8548968,2.1740527
2054-08-03 12:00:00,2.6145153,2.2587047,3.9972167,3.3938036,4.7045527,2.413408
2054-08-04 12:00:00,3.0193563,2.4889205,4.9611435,3.6125305,3.8698,3.1048608
2054-08-05 12:00:00,4.56008,3.7663894,6.5532484,3.864895,3.7344677,4.6251063
2054-08-06 12:00:00,3.0319057,2.7702482,4.140994,4.6564865,3.160255,2.5528595
2054-08-07 12:00:00,1.9062984,1.9096628,2.8576353,3.7617445,3.4998772,1.6679825
2054-08-08 12:00:00,1.3273389,1.1448278,2.4893177,2.2214596,2.845507,1.4815841
2054-08-09 12:00:00,1.5310831,1.7320985,2.327918,3.683105,2.584521,2.5805829
2054-08-10 12:00:00,2.0393715,1.6131585,3.5729632,3.0597236,3.4205112,1.969275
2054-08-11 12:00:00,2.4267821,2.508052,3.7426333,2.704955,2.7482555,2.0056295
2054-08-12 12:00:00,2.023655,1.9387075,3.749914,3.2074616,3.8676052,2.1452584
2054-08-13 12:00:00,2.1293616,2.1215575,4.023697,3.6904447,4.5214195,2.6221526
2054-08-14 12:00:00,2.0210571,1.7942606,3.6636302,4.2324324,4.767029,1.8958353
2054-08-15 12:00:00,1.3414747,1.3474011,2.7391472,3.4747913,3.5408144,1.2479354
2054-08-16 12:00:00,1.6983289,1.4635961,2.6788857,3.1374435,3.6401272,2.0929742
2054-08-17 12:00:00,3.2589316,2.609705,3.9774377,3.7068102,3.2226746,2.9333062
2054-08-18 12:00:00,2.4260147,2.0654032,2.553495,3.3976207,2.2040918,2.0161612
2054-08-19 12:00:00,1.4538026,1.374449,1.9387131,2.3386016,2.0383923,1.1900384
2054-08-20 12:00:00,2.1466556,2.0010686,2.3505988,2.8575897,2.8935504,1.4288325
2054-08-21 12:00:00,1.8405992,1.8676249,2.7830896,3.4943585,3.347644,2.1660664
2054-08-22 12:00:00,1.2165881,1.252504,2.3954563,2.775774,3.368636,2.5425212
2054-08-23 12:00:00,2.4082253,1.8069842,3.6961184,2.436009,2.895358,1.8194005
2054-08-24 12:00:00,1.4864905,1.4054925,2.8585281,3.169869,3.2838905,2.2431393
2054-08-25 12:00:00,0.78521353,0.94073564,2.9977367,2.3241084,2.246614,1.0707592
2054-08-26 12:00:00,1.4892027,1.0974153,2.8556378,1.8369961,2.2906196,1.6485461
2054-08-27 12:00:00,2.8474724,1.9231287,4.225779,2.1483655,1.9678642,2.5835502
2054-08-28 12:00:00,1.4385736,1.1166375,2.8480673,1.4017206,2.627328,1.4338485
2054-08-29 12:00:00,1.5243714,1.4051887,3.3150325,2.4025366,2.050972,2.6330059
2054-08-30 12:00:00,3.1312141,2.6596398,3.9216888,3.2865412,2.8526187,3.0173697
2054-08-31 12:00:00,2.2977438,2.1364887,3.3585136,3.0594976,3.8368964,3.2980683
2054-09-01 12:00:00,2.7277997,2.099396,3.7766523,2.4193842,3.8885484,2.3718312
2054-09-02 12:00:00,2.417165,1.8149898,3.209844,2.9825528,3.7000732,2.0742595
2054-09-03 12:00:00,1.6631052,1.3916794,2.7242553,2.2524292,3.7723346,1.6672237
2054-09-04 12:00:00,2.1908321,1.9209542,3.517861,2.9257615,3.8428752,2.1760533
2054-09-05 12:00:00,1.8164859,1.5691625,2.7836056,3.6161227,2.9098604,2.133497
2054-09-06 12:00:00,2.5483458,2.4487784,3.0837696,6.3744855,5.834039,3.5833812
2054-09-07 12:00:00,2.4794884,2.3198097,3.176215,4.4953284,4.5236874,3.1505396
2054-09-08 12:00:00,2.8568935,2.7544305,4.664915,4.35568,3.5394833,4.1809974
2054-09-09 12:00:00,2.842525,2.6213908,3.2128837,5.661166,6.344231,3.6941493
2054-09-10 12:00:00,2.0752058,1.7351956,2.9751189,3.2626398,5.854437,1.7637497
2054-09-11 12:00:00,4.0396757,3.1870778,4.9864607,4.353665,4.509166,2.8221917
2054-09-12 12:00:00,3.888345,3.2585318,6.6836796,3.9391315,6.2146225,3.8342865
2054-09-13 12:00:00,2.9933052,2.5868752,3.9304495,2.7317967,4.6871524,2.0891056
2054-09-14 12:00:00,1.5700436,1.6285169,3.6837728,5.2363744,6.19629,2.4720585
2054-09-15 12:00:00,2.8840246,2.9906702,4.1865506,5.57137,3.9078283,2.5657227
2054-09-16 12:00:00,1.8938117,2.3175502,2.2425325,3.3419132,3.495118,1.2429398
2054-09-17 12:00:00,1.5261233,1.8603312,2.5658147,3.058612,3.2172132,1.3898394
2054-09-18 12:00:00,1.5946933,1.2390916,2.737216,2.5546598,3.1959815,2.3852692
2054-09-19 12:00:00,2.4701996,2.1551545,3.8994057,3.0315733,3.7771935,1.8602579
2054-09-20 12:00:00,3.1471086,2.9670925,4.126057,4.766183,4.3064513,2.4024599
2054-09-21 12:00:00,1.4942846,1.5717474,3.3330147,3.6280842,4.8057833,2.3434
2054-09-22 12:00:00,2.4740744,2.0678258,4.0214276,3.651936,4.315281,2.5072005
2054-09-23 12:00:00,2.401177,2.248414,3.4277182,3.2859304,3.0504322,2.2291038
2054-09-24 12:00:00,3.0193074,2.7174728,5.2966356,3.1419291,4.703522,2.7484014
2054-09-25 12:00:00,1.7521467,1.4765133,2.2907627,3.0127075,2.940445,1.1353315
2054-09-26 12:00:00,2.241558,1.5900087,3.0803382,2.164183,3.5096655,1.4072785
2054-09-27 12:00:00,1.1465127,1.1199973,3.252096,2.1967688,2.7288783,1.9351825
2054-09-28 12:00:00,4.750675,3.7969444,6.3296175,4.0826297,2.694299,3.3171191
2054-09-29 12:00:00,2.5473008,2.232658,6.1306806,3.718772,3.6406333,2.648495
2054-09-30 12:00:00,1.7392119,1.5738691,5.5163984,3.0301344,4.793702,2.4455304
2054-10-01 12:00:00,1.3974942,1.2792333,3.449111,3.6449924,3.846616,2.1471932
2054-10-02 12:00:00,1.5591363,1.3060122,2.1067085,2.0992305,2.1029243,1.0595104
2054-10-03 12:00:00,1.1725271,0.845165,2.0741656,2.218401,2.7464206,1.0611105
2054-10-04 12:00:00,1.1403126,1.1751884,1.2918228,3.3267055,3.126874,1.0783534
2054-10-05 12:00:00,1.3800886,1.4064847,1.9274341,3.2383764,3.9864485,1.4179473
2054-10-06 12:00:00,0.99425995,1.0296303,2.3964047,2.45206,5.545454,1.1857417
2054-10-07 12:00:00,2.3083286,1.9264776,5.309163,4.0010037,3.9715643,2.9830985
2054-10-08 12:00:00,3.2944472,2.7870977,3.3901064,4.190863,4.5505824,2.638286
2054-10-09 12:00:00,1.9159429,1.7986985,2.093137,3.5759728,3.9063296,1.3472686
2054-10-10 12:00:00,0.98971814,1.1374099,2.3990285,4.7176557,4.3607593,1.6753509
2054-10-11 12:00:00,1.3402066,1.3640409,3.7394543,3.5376537,3.9669797,2.9047997
2054-10-12 12:00:00,1.4263678,1.3905121,3.2210538,3.079228,4.82521,2.237103
2054-10-13 12:00:00,3.7633722,2.7188003,5.743095,3.8368828,4.135005,2.5914805
2054-10-14 12:00:00,3.4699297,2.955033,5.3066177,5.444842,2.5237923,3.7802818
2054-10-15 12:00:00,2.0803227,1.9288087,3.1266654,6.2163534,4.148594,2.6332324
2054-10-16 12:00:00,2.0043716,1.635426,4.7202725,3.7530432,2.8402932,3.0545354
2054-10-17 12:00:00,1.6810515,1.649642,4.8833714,3.5648515,4.7405,2.6855063
2054-10-18 12:00:00,2.0757754,1.7327293,3.2545788,3.5536587,5.797168,1.6141877
2054-10-19 12:00:00,1.4337673,1.2188503,2.7221012,3.003951,4.618177,1.4899052
2054-10-20 12:00:00,2.2070882,1.5848027,3.4877243,3.1321845,3.3198195,2.3150592
2054-10-21 12:00:00,1.9490237,1.7741185,3.7647128,4.3148866,4.5706925,3.2350512
2054-10-22 12:00:00,1.2469397,1.2710291,2.8855221,5.981158,6.766866,3.1811175
2054-10-23 12:00:00,2.3256412,2.2864907,2.9680126,5.889799,5.5725284,3.4058647
2054-10-24 12:00:00,2.6427505,2.4326746,3.5611937,4.2410417,6.3199925,2.831272
2054-10-25 12:00:00,1.4053277,1.9167702,2.2425764,5.024603,7.1496735,1.9005941
2054-10-26 12:00:00,1.1634476,1.8602077,2.3177388,5.306236,5.3098607,2.539109
2054-10-27 12:00:00,1.0535083,1.5166408,1.715986,4.032646,4.315397,2.0146654
2054-10-28 12:00:00,0.8547279,0.9190385,2.2342207,3.7441967,5.2529454,1.9128599
2054-10-29 12:00:00,1.1254406,1.0917779,2.5090199,4.9098973,6.010227,2.4876213
2054-10-30 12:00:00,1.9415275,1.5896133,2.2743397,6.538161,6.574124,2.6736994
2054-10-31 12:00:00,1.5682815,2.0485923,3.674195,6.4993978,6.25596,2.911737
2054-11-01 12:00:00,2.4585671,2.4508429,3.3505685,3.4215581,5.7642517,2.0801075
2054-11-02 12:00:00,2.1743853,2.2351542,3.977047,8.398933,6.539384,3.9942288
2054-11-03 12:00:00,2.4559088,2.2159226,4.392407,6.4896092,5.103718,2.6069338
2054-11-04 12:00:00,1.701721,1.9139564,4.243812,5.892849,4.641269,3.5159829
2054-11-05 12:00:00,3.026672,3.1175551,4.5223308,5.8148828,4.9910808,3.017993
2054-11-06 12:00:00,1.5395305,1.5802408,2.7391894,3.206516,4.8994517,1.8408402
2054-11-07 12:00:00,1.0113306,1.118003,2.6705694,5.404283,6.524152,3.055391
2054-11-08 12:00:00,1.1119428,1.1808472,3.1911807,4.7844105,7.5621057,2.4837027
2054-11-09 12:00:00,2.3811717,2.0485353,5.19964,5.982079,6.9939823,3.8349216
2054-11-10 12:00:00,1.6505182,1.4049103,4.4020634,3.4438527,4.0918555,2.768281
2054-11-11 12:00:00,1.7545373,1.8340113,5.1029468,7.1461916,4.0338693,3.9196744
2054-11-12 12:00:00,1.9860312,2.239987,3.3061428,4.700726,3.6145282,2.9093287
2054-11-13 12:00:00,2.2208314,2.0836716,6.598251,4.8682904,4.1499996,4.357251
2054-11-14 12:00:00,3.4346368,2.969063,6.233566,6.290395,6.0818877,3.8956792
2054-11-15 12:00:00,1.5087099,1.8923917,3.269904,4.837982,7.4780817,2.0762017
2054-11-16 12:00:00,1.1041653,1.2631205,3.0543072,4.4510517,6.079994,1.7126803
2054-11-17 12:00:00,1.9780766,1.475395,4.556293,3.8509889,6.7874527,2.7416556
2054-11-18 12:00:00,1.2971013,1.4167676,5.1209426,5.105129,7.9045877,3.439918
2054-11-19 12:00:00,0.89112735,1.1181651,3.3519897,5.737488,8.101954,2.4891977
2054-11-20 12:00:00,0.6655,1.0057254,2.2130613,6.946391,6.3978357,2.701665
2054-11-21 12:00:00,0.94218844,1.2843919,3.0242114,7.0307946,8.6718645,3.8499203
2054-11-22 12:00:00,1.1712755,1.3318413,2.5454328,4.5895543,10.231737,1.613275
2054-11-23 12:00:00,0.819329,1.0463179,2.7398243,5.3894954,6.7701592,2.4315434
2054-11-24 12:00:00,0.8067701,1.0681669,1.9573216,5.1808915,7.260775,2.3808072
2054-11-25 12:00:00,0.63320583,1.0809884,2.396614,6.2763143,5.7934275,3.0646698
2054-11-26 12:00:00,2.0193844,1.7809787,3.269388,4.162661,6.4619117,2.2836142
2054-11-27 12:00:00,2.0939875,2.0001721,3.0417817,2.976458,4.42873,2.299
2054-11-28 12:00:00,0.91782427,1.0632961,2.491241,4.56618,7.611195,1.9952698
2054-11-29 12:00:00,1.0273726,1.2422963,2.7766685,4.170619,7.900601,2.034862
2054-11-30 12:00:00,0.97387326,1.0476277,2.9167635,4.912184,6.9193506,1.9507504
2054-12-01 12:00:00,0.90834624,0.9782988,3.6899998,4.364037,7.741358,2.266149
2054-12-02 12:00:00,1.6423001,1.3627491,4.6841016,4.572288,8.557195,2.5942235
2054-12-03 12:00:00,1.5917543,1.3887558,3.2162764,3.520143,5.440843,2.4289212
2054-12-04 12:00:00,0.60565203,0.91366154,2.5919986,4.38482,5.324344,2.2151053
2054-12-05 12:00:00,2.3819222,2.0719576,5.5986114,5.068597,4.0729904,3.99297
2054-12-06 12:00:00,3.8375208,3.3019292,5.6783447,5.4391737,4.8906636,3.571189
2054-12-07 12:00:00,3.0199084,2.4122252,4.203063,3.7083983,5.89064,2.2924528
2054-12-08 12:00:00,1.9885814,1.6224657,2.0402966,4.505613,5.7679906,1.7462507
2054-12-09 12:00:00,1.5158811,1.419765,3.3487651,3.2818084,4.119904,2.7868836
2054-12-10 12:00:00,1.9676434,1.6783453,3.1602564,2.6326287,2.990299,2.497538
2054-12-11 12:00:00,2.50427,1.9102612,3.8422837,2.5845578,3.3396034,2.4873197
2054-12-12 12:00:00,3.081093,1.9708375,4.994702,3.872305,3.0942903,2.8944414
2054-12-13 12:00:00,2.5553339,2.0175211,6.9619794,5.548735,3.535409,4.5319524
2054-12-14 12:00:00,3.6888883,3.0299664,7.8718643,6.5588217,4.3420467,5.109699
2054-12-15 12:00:00,3.1504436,2.9763575,8.067732,5.825189,6.5856967,4.446818
2054-12-16 12:00:00,3.3172808,3.1465545,6.726361,6.8625727,8.6368885,4.514662
2054-12-17 12:00:00,2.2639732,2.2961166,4.8051972,6.2117124,7.770184,4.1272254
2054-12-18 12:00:00,3.2526739,2.8062835,4.2837667,5.8451614,6.76418,3.0959663
2054-12-19 12:00:00,3.1895797,2.3627183,4.2237344,4.808179,4.7618866,2.820521
2054-12-20 12:00:00,2.2723413,1.8008555,4.5558233,4.888282,5.5516963,3.289983
2054-12-21 12:00:00,2.068078,1.7263217,4.4210796,4.9494543,5.6502995,3.1603115
2054-12-22 12:00:00,1.8244845,1.6071622,2.5498073,4.7670283,6.0341988,1.9109387
2054-12-23 12:00:00,0.9052847,1.2156572,2.0294976,2.6824992,3.8276093,1.7209383
2054-12-24 12:00:00,1.2056241,1.400117,3.8334074,3.1954808,5.001792,2.9964478
2054-12-25 12:00:00,3.2818134,2.5283935,4.035328,3.5227633,6.0864472,1.921074
2054-12-26 12:00:00,3.6135406,3.1334648,3.9283648,4.355485,6.687411,2.284131
2054-12-27 12:00:00,2.0952253,2.0378435,3.2722824,4.5360427,6.6942415,1.7297744
2054-12-28 12:00:00,2.495397,2.2467432,2.9764242,3.3091078,5.83998,2.2074168
2054-12-29 12:00:00,1.8396337,1.5240934,6.249369,3.7259676,4.2703557,3.651649
2054-12-30 12:00:00,3.9916124,3.0677018,3.0344527,4.059713,4.680783,2.3551464
2054-12-31 12:00:00,1.362745,1.4800115,2.9097328,4.0636992,5.545057,2.284718
2055-01-01 12:00:00,1.2462363,1.1377072,2.6929898,3.8687873,5.065084,1.9277034
2055-01-02 12:00:00,1.1500164,1.0004852,4.2923236,4.612875,4.8996177,3.6729808
2055-01-03 12:00:00,1.7917519,1.3134383,4.739501,3.3538694,4.5594068,2.5659738
2055-01-04 12:00:00,2.1710248,1.7408756,4.991514,3.3782973,3.079357,3.6605473
2055-01-05 12:00:00,1.3069994,1.4598533,4.092656,3.351459,4.2509527,3.1819153
2055-01-06 12:00:00,2.2743058,2.058225,6.334953,4.5695934,5.372044,4.6816707
2055-01-07 12:00:00,2.2942653,2.0489624,4.758089,5.2450376,6.423026,2.8540108
2055-01-08 12:00:00,2.090372,2.4525082,4.412177,7.0019917,4.7187357,3.35035
2055-01-09 12:00:00,1.3937196,1.8073117,2.9953246,5.023469,4.1544867,2.1735563
2055-01-10 12:00:00,3.0337462,2.728678,6.0126824,7.5095024,4.8657365,4.728689
2055-01-11 12:00:00,2.088542,1.8365916,3.7812738,5.644507,6.233758,2.9914293
2055-01-12 12:00:00,0.7476357,0.9111192,3.5054681,4.2247453,4.440121,2.4682546
2055-01-13 12:00:00,0.9481942,1.0783712,2.509601,5.3481064,5.3335123,2.0487404
2055-01-14 12:00:00,0.9376194,1.2596254,2.2497694,5.3945312,5.226482,1.4708396
2055-01-15 12:00:00,1.0963842,1.3702291,2.6399412,4.1043234,4.5095267,2.441995
2055-01-16 12:00:00,1.6840014,1.6499653,5.0321054,5.831776,5.995124,4.1448
2055-01-17 12:00:00,4.116151,3.5716689,5.8424935,6.8527265,7.187055,4.3907433
2055-01-18 12:00:00,3.4257736,3.0207605,3.6823397,5.681797,7.654056,2.3247304
2055-01-19 12:00:00,0.9897088,1.0427043,3.0216966,4.7712865,6.5024533,2.7697425
2055-01-20 12:00:00,1.0155194,1.1305017,3.7325568,2.9079828,4.970063,2.6898954
2055-01-21 12:00:00,0.819613,1.017229,3.3772802,2.5737476,2.709684,2.012515
2055-01-22 12:00:00,0.9296979,0.903706,2.4921472,2.5018387,2.7070239,2.0101714
2055-01-23 12:00:00,1.5785582,1.23814,2.1501188,2.4207442,2.738884,1.2852874
2055-01-24 12:00:00,1.3740585,1.1488103,2.5542555,2.2154772,3.6456869,1.4752994
2055-01-25 12:00:00,1.2324026,1.4659679,2.685092,3.4331691,6.11987,2.0569313
2055-01-26 12:00:00,1.4465408,1.6824231,2.487346,5.1084824,3.4854863,2.2050781
2055-01-27 12:00:00,1.0745907,1.1222982,2.353185,4.586471,4.856758,1.4978786
2055-01-28 12:00:00,2.4081771,1.7459176,3.6730666,3.9052472,3.997442,1.5941834
2055-01-29 12:00:00,2.9577332,2.2021866,2.225973,2.9002774,3.5005019,1.5764326
2055-01-30 12:00:00,2.1181607,2.048734,2.939209,2.1474545,3.9145956,1.7456485
2055-01-31 12:00:00,3.4544203,2.3787594,3.9853446,2.3716233,3.530245,1.89193
2055-02-01 12:00:00,3.909236,2.8104572,3.999528,2.489267,4.0647273,2.4998689
2055-02-02 12:00:00,2.0127802,1.5688405,3.0183702,3.1259391,3.8119545,2.1625063
2055-02-03 12:00:00,3.2350245,2.3432162,3.9104722,2.3290172,4.0116663,2.021286
2055-02-04 12:00:00,3.2383325,2.7076366,3.8621488,3.2845485,6.8308086,2.2313669
2055-02-05 12:00:00,4.2536545,3.339678,4.769254,3.2439473,5.9102883,3.219329
2055-02-06 12:00:00,2.946296,2.3028061,3.5037577,3.1013842,4.3578873,2.487183
2055-02-07 12:00:00,2.3489215,2.1111372,3.542501,3.5208688,4.850675,2.506803
2055-02-08 12:00:00,1.8634552,1.622407,3.6401565,3.0405676,3.6983693,2.771026
2055-02-09 12:00:00,1.0858382,1.4501138,3.3359447,5.08617,3.3822541,2.8170922
2055-02-10 12:00:00,1.1806941,1.4545559,2.6217656,3.9325535,4.2321124,2.2791746
2055-02-11 12:00:00,0.93748355,1.0459044,2.4706042,2.7405853,6.366291,1.4082559
2055-02-12 12:00:00,1.1018872,1.0400665,2.212291,3.6138332,6.343823,1.7785562
2055-02-13 12:00:00,1.3792257,1.2231412,5.843917,4.5738883,4.7132907,3.2217424
2055-02-14 12:00:00,3.0784469,2.7319937,8.33211,5.7834396,3.698939,4.3014245
2055-02-15 12:00:00,3.2927046,3.0327868,7.153467,5.1989694,4.7703094,3.6116529
2055-02-16 12:00:00,2.299415,2.2753992,5.911805,4.5304265,5.546007,3.1331735
2055-02-17 12:00:00,3.1076999,3.0401547,8.248288,5.419447,7.326166,4.370952
2055-02-18 12:00:00,4.102232,3.9064229,6.9444513,6.753611,8.122538,3.9530976
2055-02-19 12:00:00,3.524392,3.1214554,6.6374464,6.2031775,7.469964,3.640215
2055-02-20 12:00:00,3.5548923,2.4974198,4.6407595,4.4333315,5.5603304,2.1503088
2055-02-21 12:00:00,3.1586704,2.4091823,3.2283397,4.333887,4.151091,2.1930687
2055-02-22 12:00:00,1.9992759,1.8764575,5.176178,4.3776245,4.342654,3.8908064
2055-02-23 12:00:00,3.251927,2.750716,6.125479,4.542738,4.6560097,3.9056964
2055-02-24 12:00:00,2.3501735,1.6895132,2.6294513,3.7734208,4.9062147,1.5806437
2055-02-25 12:00:00,0.7325959,0.9697942,2.6416073,3.189674,4.1688886,1.6127146
2055-02-26 12:00:00,3.7229972,2.3987398,6.987359,3.471823,3.9186444,2.7300017
2055-02-27 12:00:00,1.3207157,1.4767162,3.323483,4.0206857,3.80728,2.4065661
2055-02-28 12:00:00,1.2263026,1.3413622,3.35492,5.4258804,3.264945,2.9693882
2055-03-01 12:00:00,2.9864106,2.2118769,5.0169535,4.5903134,5.2372484,2.8046823
2055-03-02 12:00:00,1.5979232,1.657525,4.6171336,3.1933756,5.115842,3.1475801
2055-03-03 12:00:00,0.7285894,0.90819174,2.3004072,2.424091,5.5288515,2.129946
2055-03-04 12:00:00,1.4328829,1.4623615,3.704066,3.0161314,3.9479127,2.8373785
2055-03-05 12:00:00,2.2571704,2.196699,3.4646208,3.2095082,3.1814773,1.8296115
2055-03-06 12:00:00,1.58686,1.6917552,2.1248467,3.3764386,4.3934526,1.6824294
2055-03-07 12:00:00,1.8946155,1.7898616,5.576795,4.4359813,4.660948,4.518896
2055-03-08 12:00:00,3.5627658,2.8602695,5.558652,5.5783052,5.4476185,3.4786267
2055-03-09 12:00:00,4.507238,3.4693012,6.7616262,5.493456,3.7981606,5.036099
2055-03-10 12:00:00,4.225909,3.2154925,6.43476,4.8031106,3.3039534,3.8456886
2055-03-11 12:00:00,2.522212,2.319691,6.8228645,4.50609,3.2232118,3.6025076
2055-03-12 12:00:00,2.2315512,2.3531516,3.8624077,4.748556,3.6356049,2.1376452
2055-03-13 12:00:00,1.7626803,1.6377498,2.302811,3.087891,3.641761,2.2579408
2055-03-14 12:00:00,2.2985125,1.738215,4.523022,3.233566,3.2693768,2.6427033
2055-03-15 12:00:00,1.4920474,1.6951399,6.895667,5.4145327,5.0378165,4.477684
2055-03-16 12:00:00,1.9175055,2.6490133,8.205891,6.6144323,5.54662,5.885045
2055-03-17 12:00:00,3.5904245,3.8252914,7.7932177,8.342526,7.8488855,6.06296
2055-03-18 12:00:00,4.0858884,3.9106705,8.214767,7.2448773,7.8172855,5.3440723
2055-03-19 12:00:00,3.1821456,2.5758832,6.2737837,4.702893,6.1241026,2.7795238
2055-03-20 12:00:00,1.8780594,1.2470628,3.2775795,2.9366791,5.4023657,1.243831
2055-03-21 12:00:00,2.4287422,1.8926538,3.924631,3.4636922,5.2752037,1.9337313
2055-03-22 12:00:00,3.145875,2.8989599,4.549038,4.872111,6.5240116,2.5041835
2055-03-23 12:00:00,2.888843,2.7196376,5.3140883,5.273392,5.930173,3.2897913
2055-03-24 12:00:00,3.015562,2.811161,5.699002,4.846881,4.222785,3.2868786
2055-03-25 12:00:00,1.8378406,1.8129548,5.5789213,3.6625774,3.7681494,2.9010527
2055-03-26 12:00:00,1.8956059,1.3880837,4.381768,1.9593456,3.5452437,1.8584818
2055-03-27 12:00:00,1.6996241,1.425848,3.1614153,2.7010748,3.0973656,1.5564753
2055-03-28 12:00:00,2.0059645,1.4962729,2.8088102,2.4384508,3.5180748,1.9449139
2055-03-29 12:00:00,1.0995219,1.0291737,1.8480626,3.2492101,3.5368621,1.5011548
2055-03-30 12:00:00,1.4402599,1.3735956,2.761128,4.3718505,2.451284,2.5994196
2055-03-31 12:00:00,2.0733585,1.8466326,3.2492847,3.9697678,3.813675,3.0011625
2055-04-01 12:00:00,1.4990878,1.5577255,4.7722697,2.788331,4.0139194,3.2913458
2055-04-02 12:00:00,1.3212249,1.7141236,4.2678123,2.9349236,4.3067102,2.8996763
2055-04-03 12:00:00,1.4313028,1.3898118,3.3447607,2.8901339,4.596516,2.3484373
2055-04-04 12:00:00,1.04396,1.2896533,3.1660438,2.9474037,3.770957,2.3966951
2055-04-05 12:00:00,1.930395,1.8884404,2.8226035,3.0584533,2.2718494,2.2929802
2055-04-06 12:00:00,1.1111853,1.227962,1.8937981,4.249176,2.874091,1.8777585
2055-04-07 12:00:00,2.6905246,2.4645662,2.3151526,2.666851,3.9498498,1.7983748
2055-04-08 12:00:00,2.7778265,2.0146148,2.8267965,2.2485807,5.2389183,1.6984884
2055-04-09 12:00:00,1.4585022,1.6502331,2.478425,3.85784,6.735028,2.029347
2055-04-10 12:00:00,2.3803196,2.6809192,4.006266,5.357663,7.3620806,3.8019264
2055-04-11 12:00:00,4.719902,4.3553104,5.6983604,6.7426295,8.260436,4.46011
2055-04-12 12:00:00,3.7484694,3.4764638,3.8029206,5.8894114,6.489877,3.7457833
2055-04-13 12:00:00,2.7387655,2.5768971,2.7864735,3.7804062,3.6687102,2.7928889
2055-04-14 12:00:00,2.1733756,2.0988626,2.5284784,3.0224745,2.6633244,2.0339472
2055-04-15 12:00:00,2.2796764,2.1043453,3.4088168,3.5368776,1.8792696,3.3238428
2055-04-16 12:00:00,1.6168339,1.6682762,3.7590802,3.8716574,2.5892417,2.757757
2055-04-17 12:00:00,1.4674616,1.5139602,3.368651,2.77284,2.7758722,2.2110565
2055-04-18 12:00:00,3.034618,2.408852,4.0310373,4.009267,2.5978742,1.8800904
2055-04-19 12:00:00,1.5820285,1.2200798,2.909182,2.561646,2.2796886,1.6611301
2055-04-20 12:00:00,0.9764135,0.92857933,2.109259,2.6525843,2.1567569,1.7216779
2055-04-21 12:00:00,2.0105085,1.4462858,2.9151,3.023448,2.9213958,2.4686894
2055-04-22 12:00:00,1.8226912,1.85152,3.490982,4.9580956,3.4721956,3.2543893
2055-04-23 12:00:00,3.3633728,2.9714344,3.2343762,3.7270257,2.5870893,3.1283953
2055-04-24 12:00:00,2.3700497,2.0559554,2.9119692,2.1208827,1.9763764,1.9188689
2055-04-25 12:00:00,1.0145605,1.0665722,3.098474,2.55728,3.8523922,1.9969822
2055-04-26 12:00:00,2.1063948,2.04125,4.855835,3.6345162,4.89495,3.0751612
2055-04-27 12:00:00,3.195477,2.882902,4.9948997,4.121907,4.070716,2.820066
2055-04-28 12:00:00,3.1457427,2.8288627,4.689422,3.9726882,2.8925295,2.270457
2055-04-29 12:00:00,4.0156956,3.30829,5.107366,3.5618982,2.3363404,2.567464
2055-04-30 12:00:00,3.5648744,3.154844,5.40107,4.072776,2.3202837,2.704443
2055-05-01 12:00:00,4.0235863,3.33971,3.9993722,3.6277697,3.3469937,2.6170695
2055-05-02 12:00:00,2.7725077,2.2769933,4.0103555,2.7400331,2.7946942,1.9384843
2055-05-03 12:00:00,2.226777,1.8857971,4.927926,2.143843,2.2592747,1.9324214
2055-05-04 12:00:00,1.9037113,1.7021202,4.4485703,2.0869474,2.711208,1.8449546
2055-05-05 12:00:00,3.1096487,2.655632,4.86375,3.3026445,4.3290253,2.6745284
2055-05-06 12:00:00,2.6024873,2.329454,3.860448,3.5677857,4.5880113,3.6707103
2055-05-07 12:00:00,1.349517,1.3828684,2.4472585,2.6746926,4.0354037,1.9316214
2055-05-08 12:00:00,2.7009704,2.0945008,2.8334384,4.413155,3.5241578,1.6845527
2055-05-09 12:00:00,1.8299791,1.9262685,3.8586001,5.0748553,3.8448281,3.9528809
2055-05-10 12:00:00,2.8183107,2.7390149,4.552841,3.1182437,4.2236085,3.505266
2055-05-11 12:00:00,3.5358984,3.246338,4.9228606,2.8741324,3.634269,3.3937368
2055-05-12 12:00:00,2.414926,2.1482234,3.6919355,4.0833387,5.610533,2.0632105
2055-05-13 12:00:00,1.0569694,1.1958008,2.8683865,4.6301785,5.7436724,2.6546936
2055-05-14 12:00:00,2.3684385,2.2236135,3.6665661,2.7256086,5.1032968,2.1174035
2055-05-15 12:00:00,2.684658,2.3321905,3.647847,3.191535,2.7933483,2.076712
2055-05-16 12:00:00,1.6954453,1.7517761,2.1811223,3.4448795,3.4878244,1.7252811
2055-05-17 12:00:00,1.566498,1.5420346,2.4115915,2.4516516,3.1026423,1.4835397
2055-05-18 12:00:00,2.4203146,1.8845205,2.4172275,2.768719,3.051219,1.846426
2055-05-19 12:00:00,1.9025221,1.3268266,3.2312095,3.2943108,2.8403208,1.7510422
2055-05-20 12:00:00,1.1868806,1.2923604,2.0997624,1.7367494,2.1715722,1.546026
2055-05-21 12:00:00,1.2514822,1.3247688,1.9986477,2.0343394,3.7400696,1.5933603
2055-05-22 12:00:00,1.0423485,1.3437879,2.057159,3.194256,4.6614504,1.9967401
2055-05-23 12:00:00,1.6967697,1.8680563,1.8524481,3.5835376,4.866502,2.1853948
2055-05-24 12:00:00,2.0205681,1.9306034,2.203682,3.310861,3.673048,1.5280421
2055-05-25 12:00:00,1.4649736,1.354792,2.124652,2.840138,2.464075,1.5023824
2055-05-26 12:00:00,2.2131708,2.007903,2.6792219,3.0054836,2.673938,1.7426168
2055-05-27 12:00:00,1.3139076,1.4408813,2.1020985,3.1371064,3.4368737,1.3208627
2055-05-28 12:00:00,2.016336,1.9267162,2.679308,3.5787697,3.1578705,1.3767574
2055-05-29 12:00:00,2.8533845,2.5359018,3.902546,3.7433715,3.3743505,2.6910794
2055-05-30 12:00:00,1.5170164,1.5282301,2.4547942,4.212709,4.397476,2.2909706
2055-05-31 12:00:00,1.1521798,1.1583506,2.402309,3.200636,4.1457596,1.5240264
2055-06-01 12:00:00,2.0265002,1.564979,1.88498,2.2980838,2.4904742,1.7839687
2055-06-02 12:00:00,1.3743999,1.3446419,3.125428,3.326512,2.8825908,2.2258015
2055-06-03 12:00:00,1.7114886,2.0981932,4.12539,4.8188415,5.1532073,2.5000856
2055-06-04 12:00:00,2.6955378,2.3296459,4.7038426,3.0957916,5.624478,3.4606936
2055-06-05 12:00:00,3.1445713,2.515199,4.353607,3.7796168,3.2398965,4.0457625
2055-06-06 12:00:00,1.7805808,1.6283437,3.0464768,2.6252372,4.279725,2.4556844
2055-06-07 12:00:00,1.5969998,1.4823515,2.4201512,3.0205739,5.424283,1.6793195
2055-06-08 12:00:00,1.4562386,1.529163,2.1842628,3.7061357,4.825212,1.1293486
2055-06-09 12:00:00,1.3430263,1.3455718,1.8633661,1.5522366,3.3396108,1.3486843
2055-06-10 12:00:00,1.0829347,1.2694759,2.6092243,1.8380371,2.8838186,1.1979208
2055-06-11 12:00:00,2.0724254,1.7705935,3.5410972,1.9821812,2.859075,1.772702
2055-06-12 12:00:00,2.066153,1.6963437,3.4781141,2.4081433,3.303459,1.8419797
2055-06-13 12:00:00,1.6763155,1.3705981,2.4868927,1.8905592,3.4942374,1.498518
2055-06-14 12:00:00,1.5370845,1.2157832,3.1364076,2.5942316,4.1589937,1.459698
2055-06-15 12:00:00,1.1057333,1.1242139,3.100681,2.3294914,3.571338,1.3795091
2055-06-16 12:00:00,2.2616694,1.8021032,2.9202857,4.7192445,5.0611005,1.814376
2055-06-17 12:00:00,2.360486,2.2797842,2.700742,4.460099,4.5519047,1.6833582
2055-06-18 12:00:00,1.5736314,1.6153405,2.5627632,3.4033325,3.6743715,1.9136766
2055-06-19 12:00:00,0.97799397,1.1001358,2.3582518,2.2910633,3.8408842,1.2877595
2055-06-20 12:00:00,2.1892684,1.506016,2.8715575,1.983135,3.2537842,1.9467809
2055-06-21 12:00:00,2.7213414,2.2021208,3.526822,3.6415849,3.265404,2.47674
2055-06-22 12:00:00,2.0603752,1.6736919,3.1029456,4.087581,3.523715,2.6874764
2055-06-23 12:00:00,1.7176212,1.4588535,2.5836565,3.1100688,2.1978128,2.3548532
2055-06-24 12:00:00,2.2369761,2.2661307,3.8108354,2.9313273,2.3505526,2.8596964
2055-06-25 12:00:00,1.6059439,1.6393203,2.4251556,2.6471105,2.9321187,2.1121914
2055-06-26 12:00:00,1.509907,1.5470238,4.2147784,3.9173377,2.4870749,3.2107992
2055-06-27 12:00:00,2.8936772,2.6595714,4.3090034,3.9343047,2.7608545,3.3390467
2055-06-28 12:00:00,2.4762878,1.660241,2.4893794,4.7887278,3.6503336,1.1613247
2055-06-29 12:00:00,1.6878768,1.3431851,1.9277571,4.470852,3.6485507,1.0851797
2055-06-30 12:00:00,1.4695637,1.403878,2.3750672,4.095068,3.382722,0.98337424
2055-07-01 12:00:00,2.147552,1.5138161,2.3313775,3.5836213,3.4303844,1.1048863
2055-07-02 12:00:00,2.841613,1.7277504,2.716336,3.4351523,3.489848,1.2733927
2055-07-03 12:00:00,2.0993373,1.4034709,2.5080564,3.3862386,3.557081,1.3450204
2055-07-04 12:00:00,1.5995326,1.6746485,3.0593812,3.0766523,3.4044478,1.9431373
2055-07-05 12:00:00,2.7772489,2.1111953,3.2752397,2.9869487,3.4186528,1.9815578
2055-07-06 12:00:00,3.3067298,2.7515538,4.175943,3.3340707,3.180109,1.8949034
2055-07-07 12:00:00,3.8126705,3.4931493,4.6446013,4.5584764,4.118033,3.531888
2055-07-08 12:00:00,3.4434416,2.734634,4.1630087,3.0554411,3.4768908,2.802924
2055-07-09 12:00:00,1.6434724,1.501448,2.7215142,2.874819,4.622119,2.0214381
2055-07-10 12:00:00,2.3310826,1.7511284,3.2619038,3.7292204,2.8782437,2.9901648
2055-07-11 12:00:00,2.5445528,2.2501957,3.1190152,4.1546454,3.4732625,3.3749022
2055-07-12 12:00:00,1.986429,1.8128512,3.4864244,4.056215,4.04469,1.8033581
2055-07-13 12:00:00,1.5100503,1.3180383,2.5118854,3.1527789,4.1889853,1.4923106
2055-07-14 12:00:00,1.6525534,1.6790836,2.5908072,2.1883204,3.7219303,1.3029844
2055-07-15 12:00:00,2.6275954,2.6145113,2.9433498,3.5116932,2.7798636,1.6757526
2055-07-16 12:00:00,2.1190062,2.2355387,3.0237098,4.283313,3.441514,1.8604363
2055-07-17 12:00:00,3.5222452,3.216223,3.70728,4.3740163,3.322311,2.8591342
2055-07-18 12:00:00,2.2472837,2.449561,2.6856523,3.5004082,3.131901,1.8009214
2055-07-19 12:00:00,1.3369571,1.5253423,1.849104,2.7673783,3.4122672,1.4070121
2055-07-20 12:00:00,1.5390654,1.3689189,2.98614,2.6621203,2.9500284,1.7306837
2055-07-21 12:00:00,1.6503323,1.1852809,3.2328022,2.4701974,3.532971,1.7789092
2055-07-22 12:00:00,1.7511495,1.3206861,2.3284,2.9574552,3.1700337,1.5202549
2055-07-23 12:00:00,1.163331,1.2838801,3.378642,3.3725822,2.380798,1.5942239
2055-07-24 12:00:00,2.8354456,2.305362,3.3842196,3.773378,2.6341155,2.164808
2055-07-25 12:00:00,1.4559537,1.4360332,2.5159445,3.216931,2.6381464,1.693587
2055-07-26 12:00:00,1.7010822,1.3585355,3.432116,4.1528153,4.0917897,1.6540331
2055-07-27 12:00:00,1.4475117,1.4856135,1.91096,3.6481125,4.1314063,1.5959815
2055-07-28 12:00:00,2.147419,1.7156894,2.1793587,3.9592457,3.9520001,1.5852418
2055-07-29 12:00:00,2.29978,2.2673945,2.1500113,4.7914357,3.7242591,2.4152286
2055-07-30 12:00:00,2.3458934,1.871641,3.8336394,2.7806501,3.4145074,2.046111
2055-07-31 12:00:00,1.0869445,1.0675144,2.7767599,3.0164008,3.491099,1.6213031
2055-08-01 12:00:00,1.1804401,0.9672926,1.9358077,3.1426253,3.196313,1.3248974
2055-08-02 12:00:00,1.1473627,1.1458361,1.6739968,3.098374,3.428547,1.386053
2055-08-03 12:00:00,1.206722,1.2688723,1.4823089,3.0235174,2.7498229,1.1966075
2055-08-04 12:00:00,1.6527371,1.7921495,3.0099442,3.5172076,2.382306,1.3993742
2055-08-05 12:00:00,2.9445102,2.3063393,3.8123388,3.125995,2.3545735,1.8324876
2055-08-06 12:00:00,2.887777,2.231738,2.4211311,3.5321372,3.1943169,1.4352723
2055-08-07 12:00:00,1.4010859,1.3980138,2.4220388,2.7499864,4.2701554,1.2697965
2055-08-08 12:00:00,2.4011903,2.031235,3.1781394,2.2456002,4.128467,1.4777288
2055-08-09 12:00:00,1.9400659,1.6299123,3.033246,3.4409623,3.2868822,1.4562174
2055-08-10 12:00:00,1.4615076,1.7268794,3.568738,3.0610104,2.649222,1.7063138
2055-08-11 12:00:00,2.7964604,2.6683264,4.259095,4.319865,2.6934528,2.6418946
2055-08-12 12:00:00,2.216821,2.1207578,4.365998,4.6279488,3.0260177,3.0696542
2055-08-13 12:00:00,2.15752,1.6145939,3.2947888,2.7123542,3.294246,1.619789
2055-08-14 12:00:00,0.96626425,0.8874524,2.834447,1.7118679,2.5227437,1.6591246
2055-08-15 12:00:00,0.9326699,1.1028099,2.5478952,2.442901,2.952465,1.3499624
2055-08-16 12:00:00,1.2140697,1.1344441,2.0167618,2.7428203,3.0157893,1.1466719
2055-08-17 12:00:00,1.813328,1.463845,3.5261989,3.61456,3.7929914,1.7043451
2055-08-18 12:00:00,0.9368719,1.1396793,3.717578,2.9954057,4.487097,2.011383
2055-08-19 12:00:00,1.7951999,1.4673806,3.5787919,2.4469538,2.24975,1.9676485
2055-08-20 12:00:00,2.3476255,2.0914567,3.1554718,2.9323053,2.9954123,2.2379029
2055-08-21 12:00:00,2.583932,2.0181236,3.488893,2.6081574,4.123866,1.7246317
2055-08-22 12:00:00,2.6884665,2.3124216,4.826327,5.55942,4.7022405,1.9504904
2055-08-23 12:00:00,1.7569692,1.7545451,2.8672237,5.302126,5.3135257,2.312542
2055-08-24 12:00:00,1.3872185,1.6693108,4.7619863,4.341794,3.6117156,3.2356987
2055-08-25 12:00:00,2.1111636,2.4960735,3.5619109,6.294148,4.295542,2.1454039
2055-08-26 12:00:00,1.5682526,1.5193192,3.32751,3.7099762,4.8027067,2.0715528
2055-08-27 12:00:00,1.6836514,1.2996086,3.237249,2.5572844,4.193539,1.3791121
2055-08-28 12:00:00,0.94258255,1.0168419,2.7552698,1.9760201,4.263117,0.90512305
2055-08-29 12:00:00,2.0299096,1.7131873,3.626066,2.4692662,4.566137,2.1795795
2055-08-30 12:00:00,1.2321526,1.1002165,3.7470827,1.6475708,4.179291,1.465262
2055-08-31 12:00:00,1.5071725,1.3753469,4.994864,1.3457397,3.721809,1.7605699
2055-09-01 12:00:00,2.6946912,2.2523336,2.9127991,2.1875074,2.5829558,2.3570256
2055-09-02 12:00:00,2.3358095,1.9038846,3.0531025,2.2204723,2.879608,1.9206616
2055-09-03 12:00:00,2.883778,2.2632914,4.173759,2.6147523,3.091759,2.2351654
2055-09-04 12:00:00,2.9976404,2.8110654,4.4785695,3.6192415,3.2770567,2.6224291
2055-09-05 12:00:00,2.9303083,2.6512618,4.8833685,3.4723845,3.923844,2.1248474
2055-09-06 12:00:00,2.0494325,1.7734567,3.9991322,4.97565,4.7582536,2.868694
2055-09-07 12:00:00,1.8199607,1.7932369,4.8876586,3.634738,3.381738,3.1946058
2055-09-08 12:00:00,1.6264558,1.6232216,3.8619032,2.9388885,3.5224957,1.9462854
2055-09-09 12:00:00,0.9528644,1.1302451,2.0093925,3.0813487,3.2964106,1.11867
2055-09-10 12:00:00,0.9641676,1.0024027,2.5917447,1.9300739,3.0995107,1.1781183
2055-09-11 12:00:00,1.7916365,1.6536647,3.830934,2.2832496,2.2978895,1.6778609
2055-09-12 12:00:00,2.0563302,1.6775753,3.5861347,2.832238,3.8269424,1.3813281
2055-09-13 12:00:00,2.5037143,1.6372589,2.9436991,2.4008608,3.1276915,1.7909251
2055-09-14 12:00:00,1.4290124,1.2286832,3.0414462,1.6342423,2.8628383,1.7649914
2055-09-15 12:00:00,1.9188213,1.371392,4.2133317,1.6361016,4.0935354,1.6170651
2055-09-16 12:00:00,2.3848228,1.8970435,5.5285892,2.7585032,3.9088109,2.6012862
2055-09-17 12:00:00,3.1646626,2.9033377,6.1754217,4.456674,3.57476,3.05909
2055-09-18 12:00:00,2.8801417,2.7888856,6.032588,4.442389,2.908159,3.403132
2055-09-19 12:00:00,3.1354516,2.832424,6.4224677,4.154824,3.1931498,3.3145788
2055-09-20 12:00:00,2.5838013,2.4890249,4.9454427,4.579829,3.1747718,3.4541643
2055-09-21 12:00:00,2.894741,2.602637,2.9131439,3.592026,3.2359784,2.10271
2055-09-22 12:00:00,2.8565283,2.5520904,3.646721,3.996489,3.6042738,2.8188725
2055-09-23 12:00:00,2.9686484,2.3549755,4.604454,3.2441878,3.1367292,2.7111273
2055-09-24 12:00:00,3.2068164,2.764657,5.456283,3.1781254,3.9954386,3.1363375
2055-09-25 12:00:00,3.1842377,2.771451,3.40627,3.6765697,3.5191898,2.4165049
2055-09-26 12:00:00,2.035675,1.6691295,2.9754264,3.164053,4.1010385,1.3051237
2055-09-27 12:00:00,1.2067511,1.0471386,1.5452646,2.1028802,3.3535032,1.1014788
2055-09-28 12:00:00,1.0452007,1.0670869,2.5479143,2.307579,1.7879555,2.0205061
2055-09-29 12:00:00,0.92706627,0.96936524,4.103981,2.6702,2.4552624,2.5416224
2055-09-30 12:00:00,3.5597956,2.6172893,4.601352,3.216327,4.129281,2.4024804
2055-10-01 12:00:00,2.7070708,2.3980505,5.4265532,3.55145,3.618537,3.3669145
2055-10-02 12:00:00,2.523102,2.2170308,4.449273,3.7421753,3.0128615,3.8113294
2055-10-03 12:00:00,1.6554236,1.6010183,3.7610075,3.649084,2.820412,3.1435888
2055-10-04 12:00:00,3.1485205,2.445624,6.131328,2.8696342,1.8377753,2.7907362
2055-10-05 12:00:00,5.713441,4.2092214,6.3938794,3.6372504,1.7480705,3.110033
2055-10-06 12:00:00,4.237029,3.4792397,3.9767225,4.2869563,3.291587,2.3989093
2055-10-07 12:00:00,1.8660129,1.6717172,3.2197194,3.5990086,4.894482,2.1753497
2055-10-08 12:00:00,2.236835,1.5726157,3.8505359,2.3818219,3.4129045,1.8291204
2055-10-09 12:00:00,1.716227,1.5012329,3.6179526,1.641628,3.6857352,1.692726
2055-10-10 12:00:00,1.8738965,1.4938127,3.2961311,3.9815168,4.2245283,1.8372865
2055-10-11 12:00:00,1.7742786,1.451911,3.4892442,3.3588555,3.001326,1.9298258
2055-10-12 12:00:00,3.2644744,3.0235531,4.943881,4.669919,3.7771516,3.3224587
2055-10-13 12:00:00,2.9948611,2.902789,5.284715,5.3162246,6.200164,4.3096585
2055-10-14 12:00:00,2.054114,1.8884937,3.782069,3.506279,4.2815614,3.1527514
2055-10-15 12:00:00,2.19521,2.1667624,3.7925818,4.265129,6.0722823,2.199832
2055-10-16 12:00:00,2.1662097,1.8513148,4.401649,5.137355,4.073856,3.095629
2055-10-17 12:00:00,2.996849,2.5396879,5.950919,5.553413,3.5052137,4.114117
2055-10-18 12:00:00,3.1429079,2.6487434,5.6177897,4.9027624,3.7606509,3.8664682
2055-10-19 12:00:00,1.9238862,1.6702862,2.5317647,5.0931354,3.0652478,1.9454608
2055-10-20 12:00:00,0.98444533,1.1951997,2.2890105,4.804638,3.6211433,1.8413798
2055-10-21 12:00:00,1.7671504,1.5850596,2.2905996,2.5566258,3.383384,1.4143602
2055-10-22 12:00:00,1.3544064,1.0796707,2.539088,3.39541,4.283426,1.5335102
2055-10-23 12:00:00,0.84797776,0.9896474,2.6235113,2.4947734,4.5666304,1.2780548
2055-10-24 12:00:00,2.0709279,1.6495452,3.425681,2.3003778,5.385119,1.6428541
2055-10-25 12:00:00,2.5840833,1.8153502,4.1504683,3.3448749,8.216991,1.9031765
2055-10-26 12:00:00,3.5710926,2.4278543,4.8422747,2.3389554,6.270873,2.2375607
2055-10-27 12:00:00,3.121696,2.1661737,4.8967423,2.7983408,2.7374113,1.9937015
2055-10-28 12:00:00,2.2704687,1.6704102,4.9232306,3.4687703,4.624179,2.4196367
2055-10-29 12:00:00,1.6877791,1.622461,5.56071,3.4496975,7.2252054,3.1131651
2055-10-30 12:00:00,2.3377626,2.2133617,6.2161174,4.807625,5.7504725,3.6292622
2055-10-31 12:00:00,2.182291,2.0590048,6.0658135,4.7170043,5.8129196,3.1608343
2055-11-01 12:00:00,2.0690336,1.8708274,4.6056843,4.5096827,4.353253,2.8853812
2055-11-02 12:00:00,2.0220523,1.7318784,4.7052903,4.626332,4.914058,3.8013973
2055-11-03 12:00:00,3.0003748,2.6188412,6.9300847,4.2260146,4.675084,4.4995894
2055-11-04 12:00:00,3.5960388,3.208533,5.206305,5.8595214,4.638848,4.227435
2055-11-05 12:00:00,2.9119432,2.4891531,4.624333,6.2082896,5.5196443,4.121177
2055-11-06 12:00:00,2.2341797,1.9539298,4.725081,5.17069,3.1572464,3.3834224
2055-11-07 12:00:00,1.5990272,1.5091527,3.282351,4.256223,3.6616678,2.9523098
2055-11-08 12:00:00,1.6502917,1.4371617,3.6853561,3.0380988,3.637992,2.249714
2055-11-09 12:00:00,3.506976,2.4971132,5.2974176,3.5432334,2.909216,2.5613885
2055-11-10 12:00:00,1.3926606,1.2215834,3.1639335,4.5986214,3.0199122,2.158845
2055-11-11 12:00:00,2.2590182,1.8701048,5.22537,3.7256794,4.21925,2.9399798
2055-11-12 12:00:00,3.9240632,3.4969418,4.8040543,4.78485,4.2881804,2.54881
2055-11-13 12:00:00,3.0361624,2.1602018,5.2502155,2.9557397,4.7248263,2.1745317
2055-11-14 12:00:00,2.7063851,2.125803,3.0676072,2.5383132,3.8588812,2.573484
2055-11-15 12:00:00,1.9983993,1.4919975,3.2264926,2.161997,3.192553,1.9115297
2055-11-16 12:00:00,2.5902994,2.1816647,3.357788,2.8629801,3.4201202,1.8717406
2055-11-17 12:00:00,2.019918,1.5378779,2.3959775,2.7508621,4.9906683,1.7329365
2055-11-18 12:00:00,1.1718509,1.5133094,2.2765858,6.4680977,6.6427116,2.704814
2055-11-19 12:00:00,1.7583507,1.7390248,2.8607452,5.197012,4.838601,3.0825262
2055-11-20 12:00:00,2.7937975,2.3992796,4.9164963,2.9191632,4.0969214,3.0883112
2055-11-21 12:00:00,1.1713917,1.0828142,2.9666743,3.202499,4.346449,1.475917
2055-11-22 12:00:00,3.396271,2.5706697,4.243542,2.6890178,3.5257194,2.3273451
2055-11-23 12:00:00,1.9411482,1.5519043,3.6025126,3.7907944,3.5349035,1.8205205
2055-11-24 12:00:00,1.0462816,1.3020749,1.934657,5.3865786,3.3321211,2.21272
2055-11-25 12:00:00,1.4427961,1.700806,3.3857703,5.937,4.2849417,3.0613315
2055-11-26 12:00:00,1.9702175,1.7963247,3.9114914,3.588173,3.2627463,2.7755556
2055-11-27 12:00:00,1.9557049,1.6963164,4.053085,2.3280745,2.972685,2.592297
2055-11-28 12:00:00,1.1774733,1.2845408,2.3928056,4.1975665,5.7879467,2.1792483
2055-11-29 12:00:00,1.3250134,1.4696451,3.159098,3.7962894,5.5158243,2.6941144
2055-11-30 12:00:00,0.7384691,1.0392888,2.7711115,4.2806644,4.950833,2.0644643
2055-12-01 12:00:00,0.76763266,1.171994,2.3518012,4.8510704,5.0466156,2.150012
2055-12-02 12:00:00,0.96392286,1.3876325,2.6137414,7.134291,5.9613533,2.8883026
2055-12-03 12:00:00,1.5429893,1.669309,3.6263163,5.187982,5.39853,3.9016626
2055-12-04 12:00:00,1.3472769,1.3110886,2.272118,2.702241,3.213164,1.5192975
2055-12-05 12:00:00,2.398716,2.0615249,2.668461,3.8733308,2.099375,1.6927537
2055-12-06 12:00:00,2.4966698,2.017433,3.7932918,3.8882332,3.276666,1.7565374
2055-12-07 12:00:00,2.4778073,2.0629964,3.780057,4.690467,6.55551,2.7164946
2055-12-08 12:00:00,2.3926046,1.7470903,4.752841,4.4935493,7.751114,2.8871777
2055-12-09 12:00:00,2.5329628,1.7849159,4.4001637,5.40177,6.1071534,3.2975888
2055-12-10 12:00:00,1.6655037,1.3035289,4.7261086,4.711806,4.7444,3.3426173
2055-12-11 12:00:00,2.1095543,1.7970039,4.962884,4.4485,4.1346064,3.3210485
2055-12-12 12:00:00,3.9620008,3.1884325,6.829282,6.0661077,5.525259,4.472351
2055-12-13 12:00:00,3.514656,2.751179,5.179283,6.2577276,4.24735,3.7176754
2055-12-14 12:00:00,2.3757873,2.2146053,7.3838277,6.2862663,3.585371,4.455522
2055-12-15 12:00:00,2.716495,2.3475432,6.9077854,5.4231796,3.1346695,3.6956677
2055-12-16 12:00:00,1.5631051,1.427354,5.214378,4.0514503,3.5477076,3.0563784
2055-12-17 12:00:00,1.5731783,1.3451962,5.3136716,4.753459,6.721755,3.7119792
2055-12-18 12:00:00,1.8358674,1.3367304,3.9835515,4.414576,7.2582235,2.3547573
2055-12-19 12:00:00,0.9677829,1.1769125,2.8363192,3.6357663,4.270616,2.7975721
2055-12-20 12:00:00,0.68521523,0.90704525,3.2819476,5.2384486,5.1821966,3.760176
2055-12-21 12:00:00,1.1762569,0.9077619,3.0272417,4.353499,7.287292,2.3887935
2055-12-22 12:00:00,1.5636415,1.7918645,3.470364,3.5836933,4.2419004,2.4717498
2055-12-23 12:00:00,1.719618,1.6441478,3.1426277,2.700315,3.8247647,1.7920568
2055-12-24 12:00:00,1.0616041,1.2988585,2.5174186,4.3517685,7.264971,1.75121
2055-12-25 12:00:00,0.72390664,0.95857,2.9489908,3.4209151,7.204368,2.1634214
2055-12-26 12:00:00,1.5585154,1.5947759,3.1053758,8.064127,9.348537,3.7240307
2055-12-27 12:00:00,2.2300174,1.9428974,5.7361293,3.6998928,5.1511254,3.8202033
2055-12-28 12:00:00,1.3964508,1.3738449,4.757216,5.668487,4.452472,3.430392
2055-12-29 12:00:00,2.8574915,3.1559958,6.5078845,8.440923,4.3919287,5.0286765
2055-12-30 12:00:00,4.5862145,3.6661975,5.9088407,3.846187,4.45414,3.6219196
2055-12-31 12:00:00,1.4112054,1.3802288,3.5974572,4.7063885,2.9198496,2.8090842
2056-01-01 12:00:00,3.0816925,2.248256,4.878079,4.2245693,2.9365838,3.4013035
2056-01-02 12:00:00,1.5525014,1.7417547,3.410081,4.4816885,3.7623672,2.3968103
2056-01-03 12:00:00,1.4118884,1.4422023,2.7334762,2.460866,3.180245,2.0497813
2056-01-04 12:00:00,1.1824487,1.397043,4.2371774,5.5896025,4.4526596,3.0595512
2056-01-05 12:00:00,1.4180887,1.6804134,3.8535383,4.909969,4.021336,3.3357277
2056-01-06 12:00:00,1.686166,1.7922428,5.958358,6.577122,6.3878603,3.7702816
2056-01-07 12:00:00,1.4750632,1.3327924,4.3378344,3.2369647,5.941945,2.6365547
2056-01-08 12:00:00,1.4520955,1.433431,3.681705,4.0500255,5.003765,2.4995196
2056-01-09 12:00:00,1.0453335,1.3043668,5.047668,3.6120899,5.495402,3.1056726
2056-01-10 12:00:00,1.355354,1.6006044,4.6181793,5.4510765,3.7880628,3.4224567
2056-01-11 12:00:00,3.9991646,4.1133432,7.1561074,8.056107,4.0023203,6.56496
2056-01-12 12:00:00,1.8880067,2.3974981,2.6973279,4.8209624,2.9082787,2.2289784
2056-01-13 12:00:00,1.1213398,1.3572317,4.5486994,4.764228,3.5192585,4.132583
2056-01-14 12:00:00,1.8441793,1.849528,4.1481705,6.620957,6.473066,3.7510526
2056-01-15 12:00:00,0.94844335,1.242473,4.473811,5.982869,6.222821,4.069706
2056-01-16 12:00:00,1.5723884,1.4668137,3.0445879,4.653146,4.853909,2.7548988
2056-01-17 12:00:00,0.7597788,0.82628894,2.9202554,3.9967268,5.513326,2.166158
2056-01-18 12:00:00,2.0004656,1.5790739,5.1250267,3.426839,3.600066,3.579187
2056-01-19 12:00:00,2.332788,2.102666,4.2143126,3.6242962,3.591305,2.4866138
2056-01-20 12:00:00,1.8211229,1.8908899,4.566769,4.2198186,3.9438107,3.3725474
2056-01-21 12:00:00,2.2259674,2.3203704,4.6245713,4.0116653,4.824365,2.9827452
2056-01-22 12:00:00,1.244035,1.4377741,3.520053,5.9460907,5.8159623,3.8091362
2056-01-23 12:00:00,3.890932,3.0863965,5.8814955,7.36931,10.526679,4.3460255
2056-01-24 12:00:00,3.9698436,3.0996702,6.405326,6.5706463,8.668161,3.9222283
2056-01-25 12:00:00,1.8931754,1.7170336,3.4784842,2.1114337,5.2787805,1.5251002
2056-01-26 12:00:00,1.976534,1.4392878,3.053698,2.485035,3.0087967,2.2410805
2056-01-27 12:00:00,1.096431,1.0744804,3.6910894,4.9580526,3.4797509,2.9783294
2056-01-28 12:00:00,2.5749264,2.2916982,5.9955974,5.5472403,6.3056793,4.082032
2056-01-29 12:00:00,3.119863,2.3623884,5.4404798,4.2286353,6.799287,3.0203052
2056-01-30 12:00:00,3.8957586,2.7905858,7.2831287,5.460744,6.533857,4.5056534
2056-01-31 12:00:00,4.812821,4.0777345,7.359559,4.1932487,4.17606,4.040784
2056-02-01 12:00:00,2.7797608,2.6396031,3.5900486,3.837426,3.7994537,2.4178293
2056-02-02 12:00:00,0.9056902,1.2479883,3.4049187,4.6701226,4.8290052,2.613796
2056-02-03 12:00:00,0.9418256,1.2104847,2.9347181,6.6404963,5.0227737,2.582025
2056-02-04 12:00:00,1.8151389,2.045979,4.6857705,6.3232617,6.44805,3.7902455
2056-02-05 12:00:00,1.6045854,1.9896924,2.8712442,5.3303347,4.811894,2.0536182
2056-02-06 12:00:00,1.3305006,1.6252775,3.338248,9.053878,9.029635,4.008998
2056-02-07 12:00:00,4.8792543,4.198311,6.303153,8.933045,7.5483546,5.749764
2056-02-08 12:00:00,2.9788537,2.494069,4.1672893,4.871542,5.6025114,3.0090137
2056-02-09 12:00:00,2.8993406,2.636264,6.6731563,5.93711,6.571853,5.567005
2056-02-10 12:00:00,2.4202242,1.9423418,4.3705235,3.72657,4.61608,2.4300508
2056-02-11 12:00:00,1.1543765,1.6257861,2.1380064,5.181069,6.7439194,2.6364596
2056-02-12 12:00:00,1.6160212,2.223004,3.276683,7.1603975,7.5202966,3.7265391
2056-02-13 12:00:00,2.0533643,2.0975852,5.0592494,6.6591444,5.9806256,4.2591753
2056-02-14 12:00:00,1.7237171,1.8345438,6.194543,5.1993103,3.890631,4.7866306
2056-02-15 12:00:00,3.0374126,2.3498936,5.245244,4.661494,5.791521,3.284002
2056-02-16 12:00:00,2.252736,1.7931782,2.7998126,4.038892,4.7818336,2.5276048
2056-02-17 12:00:00,0.983981,1.191095,3.9000943,5.2957907,4.7454453,2.4368265
2056-02-18 12:00:00,2.5556962,1.9610405,3.7348163,4.979471,7.0959396,2.8766277
2056-02-19 12:00:00,2.3658702,2.1359034,5.167591,4.1254907,7.5342474,3.0019987
2056-02-20 12:00:00,3.463097,3.292864,5.2913938,6.6431737,5.52351,4.858483
2056-02-21 12:00:00,2.817596,2.4426649,4.6061816,5.529021,6.267409,3.7468882
2056-02-22 12:00:00,1.5558666,1.6989931,2.1865268,6.000066,5.0254207,1.9175632
2056-02-23 12:00:00,1.1602061,1.2266326,2.0609672,4.5675154,4.441574,2.1630127
2056-02-24 12:00:00,0.9312923,1.0917513,2.7286649,5.9361844,3.9152267,2.7578135
2056-02-25 12:00:00,1.1084883,1.3066968,3.145191,5.9372153,3.227584,3.7493064
2056-02-26 12:00:00,1.2611291,1.0973253,2.1156917,2.4750345,3.843379,1.5083208
2056-02-27 12:00:00,1.6673799,1.1983378,1.8367964,2.4972885,3.5912988,1.294545
2056-02-28 12:00:00,1.1924698,1.2388625,1.9477154,2.4916134,2.7959788,1.3552918
2056-02-29 12:00:00,1.4814038,1.4159435,1.9641653,2.396579,3.6529508,1.4473218
2056-03-01 12:00:00,2.5915565,2.4943469,2.6366668,2.153441,3.3093472,2.1100304
2056-03-02 12:00:00,2.4170887,2.0985856,2.4731426,4.319869,4.5476418,1.8559933
2056-03-03 12:00:00,1.3486046,1.6825424,2.440131,4.6371427,5.6897182,2.399163
2056-03-04 12:00:00,1.1364746,1.1542563,3.1001852,5.7693615,6.5514545,3.720191
2056-03-05 12:00:00,0.80652773,1.1334486,3.5742297,6.7272277,7.9852705,4.1959767
2056-03-06 12:00:00,1.0356765,0.9175201,2.3897433,4.4261084,7.331077,1.966217
2056-03-07 12:00:00,0.8373463,1.0092452,2.2963057,2.560844,6.9579034,1.3902569
2056-03-08 12:00:00,1.7265873,1.2858329,2.0760434,1.5054399,4.6415443,1.3960633
2056-03-09 12:00:00,0.8385147,0.86823565,2.2284615,1.5542178,2.9440138,1.3025497
2056-03-10 12:00:00,0.8005568,0.8882308,2.9886687,1.7816151,4.531408,1.5990632
2056-03-11 12:00:00,1.7782266,1.5981637,4.610471,2.615711,4.182832,2.077098
2056-03-12 12:00:00,1.433944,1.3528508,4.7292843,2.3312275,3.182263,2.356301
2056-03-13 12:00:00,1.2752429,1.2038058,3.7244585,2.1799417,4.3120375,2.0220315
2056-03-14 12:00:00,1.3246706,1.0962625,2.3133264,2.564493,4.157713,1.1250224
2056-03-15 12:00:00,3.1014204,2.7321427,2.78662,6.0223103,4.1764135,1.6490355
2056-03-16 12:00:00,4.9537916,4.3364463,4.0594215,6.1825166,4.903161,3.388625
2056-03-17 12:00:00,3.181413,2.484836,4.8079085,4.139712,5.1762137,2.4610167
2056-03-18 12:00:00,1.7725984,1.4903346,2.0453384,3.3267672,3.267179,1.6949186
2056-03-19 12:00:00,1.4149354,1.4257118,3.3071342,3.2395892,3.1899076,1.9290253
2056-03-20 12:00:00,1.4692168,1.7696729,3.8940673,3.5099876,3.137891,3.0452843
2056-03-21 12:00:00,3.2952886,2.9625812,5.372372,1.9797068,2.4732807,3.1411052
2056-03-22 12:00:00,2.2458482,1.9281198,4.6521134,3.4093928,3.6006315,2.8868048
2056-03-23 12:00:00,1.3013444,1.4964797,3.6192818,4.223452,5.1132274,2.1751046
2056-03-24 12:00:00,1.4473367,1.6038471,3.1145294,5.0362678,5.7530365,1.8071271
2056-03-25 12:00:00,1.8879546,1.988129,3.158179,4.8906493,5.226919,2.444344
2056-03-26 12:00:00,1.8047553,1.7249405,3.850271,3.9181871,5.072271,3.0877318
2056-03-27 12:00:00,2.236095,1.9666011,3.9170783,4.2397256,5.4990163,3.7939656
2056-03-28 12:00:00,1.4639359,1.6177096,2.837841,4.054844,6.143485,2.9616172
2056-03-29 12:00:00,1.7756361,1.8108547,3.7017179,3.2423654,3.491421,2.4399726
2056-03-30 12:00:00,1.3997763,1.7567902,3.4830227,3.456612,4.1095123,3.1045668
2056-03-31 12:00:00,1.9621081,1.4365845,2.978488,2.2806714,4.4168787,1.1802754
2056-04-01 12:00:00,1.328956,1.2187289,2.2016191,2.8326128,2.9765792,1.2610273
2056-04-02 12:00:00,2.0356114,1.805456,2.7019403,3.4499884,3.1686945,1.3484696
2056-04-03 12:00:00,2.1790419,1.8841254,4.354117,3.4782658,4.3571463,3.2075818
2056-04-04 12:00:00,2.460862,2.4682636,5.0995293,4.8756213,4.1166487,3.819257
2056-04-05 12:00:00,2.8236175,2.6756403,4.1402154,4.4809184,4.233451,2.8524365
2056-04-06 12:00:00,1.6924945,1.5625343,2.4513497,4.190775,5.5133038,2.3432705
2056-04-07 12:00:00,2.882279,2.439988,2.9893978,3.989433,5.3874807,1.9229798
2056-04-08 12:00:00,2.6155286,2.525155,3.6390488,4.593239,5.8998814,2.4686382
2056-04-09 12:00:00,1.3836753,1.6768305,3.2361,2.66753,5.133288,2.2891946
2056-04-10 12:00:00,1.3926296,1.3707924,3.6462064,3.2138333,4.413707,2.9097953
2056-04-11 12:00:00,1.5406449,1.4295086,3.5491056,3.306865,4.2984266,2.6059332
2056-04-12 12:00:00,1.2886868,1.1177067,2.1055338,2.1881614,5.089247,1.3429004
2056-04-13 12:00:00,1.1920525,1.0501329,1.6265289,2.3080983,6.84854,1.3787371
2056-04-14 12:00:00,1.1020557,1.0800182,1.8369478,1.7405415,5.713209,1.2268506
2056-04-15 12:00:00,1.7281862,1.3789836,2.0935009,2.26809,4.976701,1.547511
2056-04-16 12:00:00,1.9536309,1.7122524,2.521913,2.8523722,5.6407423,2.025967
2056-04-17 12:00:00,2.2484288,2.4120102,2.3724942,3.4542222,6.944602,2.3174639
2056-04-18 12:00:00,2.434383,2.4425027,3.2027018,3.889872,5.37611,3.2504733
2056-04-19 12:00:00,2.178112,1.873126,3.5900474,2.6736205,2.9290435,2.9949152
2056-04-20 12:00:00,1.2003092,1.1226221,2.1289883,2.0492055,1.8981752,2.2403464
2056-04-21 12:00:00,1.762036,1.7302957,2.5164819,2.2614079,2.4327648,1.6549631
2056-04-22 12:00:00,1.5102618,1.4886376,3.4107006,2.432125,2.9416323,1.6019473
2056-04-23 12:00:00,3.6168816,3.131227,3.9043195,3.5851047,3.801606,2.251212
2056-04-24 12:00:00,3.3129497,2.8298666,4.532555,3.698876,4.259496,2.224875
2056-04-25 12:00:00,3.9196618,3.5684972,4.64665,5.620693,5.5797863,2.9042828
2056-04-26 12:00:00,2.2774463,1.8298943,2.9466522,5.4889674,6.7448854,2.3521137
2056-04-27 12:00:00,2.100916,2.1053417,3.6920955,2.7028332,4.5334535,1.9650517
2056-04-28 12:00:00,3.50563,3.3524618,5.204042,4.7398906,4.0454865,3.0082986
2056-04-29 12:00:00,3.576372,3.2745101,4.893722,4.866201,4.48853,2.915728
2056-04-30 12:00:00,2.6617694,2.4456139,4.090343,3.761078,4.4775214,2.361207
2056-05-01 12:00:00,1.6786575,1.8071669,3.5726569,2.9585996,2.6217823,2.4680803
2056-05-02 12:00:00,1.7916831,1.5791948,4.1762314,3.0040307,1.9992762,3.0683088
2056-05-03 12:00:00,1.2037656,1.502915,3.3904612,2.4893582,3.7476745,1.7283087
2056-05-04 12:00:00,2.3667984,2.3367403,5.0601797,3.4715817,3.5614514,4.2539973
2056-05-05 12:00:00,2.8447206,2.3407133,3.5383065,3.3168452,2.2675185,3.5189385
2056-05-06 12:00:00,1.7932808,1.5708277,4.0222425,3.3871636,2.6019592,1.9773816
2056-05-07 12:00:00,2.4766068,1.9426026,3.043048,4.055569,2.5310383,3.0150976
2056-05-08 12:00:00,2.7265785,2.773666,3.6209924,5.2386284,3.6336627,3.8616798
2056-05-09 12:00:00,2.7557907,2.6926987,3.4187539,3.8889954,4.711141,2.9171832
2056-05-10 12:00:00,1.3567082,1.445446,2.3778396,3.0942166,5.047364,1.4688287
2056-05-11 12:00:00,1.8380547,1.5550845,2.4175274,3.5387983,2.7697082,1.2454914
2056-05-12 12:00:00,2.1617892,1.6462538,2.3616796,2.8016973,3.4172435,1.5762218
2056-05-13 12:00:00,2.2044616,1.7115495,3.1829076,2.9028864,2.5818582,1.7279652
2056-05-14 12:00:00,1.2104294,1.2044069,2.6966078,2.7330697,2.5930398,1.5879667
2056-05-15 12:00:00,1.6562241,1.7031295,2.3991551,2.147343,3.512795,1.371709
2056-05-16 12:00:00,1.6080558,1.7032561,3.0642076,2.5655174,3.0403657,2.2015028
2056-05-17 12:00:00,3.183646,3.0022104,3.955984,4.0289145,4.43222,2.755878
2056-05-18 12:00:00,3.2821937,2.9019258,5.688701,3.4754298,2.9096391,2.6331995
2056-05-19 12:00:00,2.7079625,2.5357146,5.595409,3.2343442,2.51352,2.5164864
2056-05-20 12:00:00,1.6294355,1.6836528,3.4195025,2.6677814,2.6182528,2.0350673
2056-05-21 12:00:00,1.5354505,1.2651311,1.8053187,2.109197,2.4729633,1.2480818
2056-05-22 12:00:00,2.3554149,1.7207704,2.4634647,1.784264,2.803371,1.5165237
2056-05-23 12:00:00,2.6176932,2.1050138,2.9935727,2.5659842,2.8851666,1.6825068
2056-05-24 12:00:00,2.9518943,2.18025,3.8278306,2.465541,2.544354,1.8581331
2056-05-25 12:00:00,3.849924,3.0414941,4.3650255,2.973639,2.187335,2.1098435
2056-05-26 12:00:00,3.6128438,3.1410394,5.0483823,3.12967,2.2296004,2.5056815
2056-05-27 12:00:00,3.0234427,2.6570904,5.225768,3.1227248,2.0898383,2.335714
2056-05-28 12:00:00,2.7510474,2.3181121,5.0339828,2.7624545,3.25508,2.1039739
2056-05-29 12:00:00,2.4067044,1.806223,3.4100318,2.2475271,4.807159,1.7146485
2056-05-30 12:00:00,2.0864277,1.6540126,2.441083,5.1037054,5.3407526,1.6385832
2056-05-31 12:00:00,2.2775335,2.1370287,1.6397191,5.825603,5.224917,1.3220952
2056-06-01 12:00:00,2.1406379,1.6620077,1.9419042,4.851322,3.5043368,1.2867832
2056-06-02 12:00:00,1.8754771,1.5113156,1.8605103,5.322522,3.5598826,1.0994426
2056-06-03 12:00:00,2.028091,1.7536299,2.5412004,5.3651934,4.0528264,1.3728591
2056-06-04 12:00:00,2.3679562,2.1568687,2.4293675,3.8403692,4.504625,2.3031158
2056-06-05 12:00:00,2.2566588,1.9761261,3.1194382,3.09772,3.977349,2.4851332
2056-06-06 12:00:00,1.3561076,1.3660241,2.5071495,2.9148922,3.1721003,1.6480098
2056-06-07 12:00:00,1.5566646,1.5621552,2.5409338,3.4560876,3.719445,1.8132212
2056-06-08 12:00:00,3.1649666,2.8773713,5.560881,3.4450073,3.4485414,2.6270313
2056-06-09 12:00:00,2.5705333,2.7328064,4.0352645,3.9985068,3.4899597,2.8255444
2056-06-10 12:00:00,3.0393705,2.7446148,4.7858896,3.4601007,3.411757,4.1880956
2056-06-11 12:00:00,2.7680864,2.4225104,3.7659154,3.4848845,3.401736,3.8803163
2056-06-12 12:00:00,1.4571939,1.6331275,3.067422,2.4825373,3.6097198,2.1596968
2056-06-13 12:00:00,2.536439,2.6027153,2.8457088,2.7646563,3.573572,2.580358
2056-06-14 12:00:00,1.3005476,1.2659228,2.4577167,3.0902448,3.586207,2.2640464
2056-06-15 12:00:00,1.5002098,1.3524632,2.4215019,3.9545825,4.261954,1.3661869
2056-06-16 12:00:00,2.581874,1.8460051,3.0145965,3.4137964,4.8936195,1.2150495
2056-06-17 12:00:00,3.06884,2.3897183,3.5118525,3.5346913,4.2779818,2.1374352
2056-06-18 12:00:00,2.0286305,2.0271614,3.5301147,4.559027,4.543899,2.1117692
2056-06-19 12:00:00,2.4218893,1.9242305,2.901104,3.9953582,4.3620696,1.4119459
2056-06-20 12:00:00,1.5449779,1.3139479,2.4901304,2.990844,4.6406937,1.2682582
2056-06-21 12:00:00,1.3902445,1.2542049,2.736155,2.8859894,3.8400917,1.3936049
2056-06-22 12:00:00,1.6304533,1.4699974,3.2391381,2.221207,2.5341396,1.6877528
2056-06-23 12:00:00,1.8769708,1.9471141,3.1956863,2.7384431,2.1732953,1.952271
2056-06-24 12:00:00,3.03884,2.8157394,3.1575668,2.478384,2.3426669,1.9756339
2056-06-25 12:00:00,3.873223,2.8495946,3.8069704,3.5734978,3.0107448,2.4225862
2056-06-26 12:00:00,3.554301,2.5696094,3.5998406,3.8303297,4.494635,2.0786455
2056-06-27 12:00:00,3.7299402,3.4591193,5.012878,5.5214534,4.327453,4.063318
2056-06-28 12:00:00,2.499057,2.2565567,3.2710707,4.1463013,6.113896,2.2628045
2056-06-29 12:00:00,1.5407994,1.4455178,3.136463,2.7216675,4.047514,2.7152672
2056-06-30 12:00:00,1.6560838,1.4448137,3.091281,3.2067533,2.5988028,2.868236
2056-07-01 12:00:00,1.4579508,1.4405038,2.9327404,4.077566,2.9751296,1.9841254
2056-07-02 12:00:00,1.5919337,1.3042929,3.367054,3.9509888,3.2651594,1.4375077
2056-07-03 12:00:00,1.9146079,1.8241824,3.0148523,2.7213705,2.9677355,1.9711275
2056-07-04 12:00:00,2.0397,1.7463816,3.6421194,2.380835,3.2869997,1.7565763
2056-07-05 12:00:00,1.6079991,1.4146216,3.5922735,3.1698306,3.383873,1.6997862
2056-07-06 12:00:00,2.2231634,1.7907758,2.6080124,3.2092474,4.1553197,1.62314
2056-07-07 12:00:00,1.8451056,1.8208445,2.577018,2.8130693,3.4767416,1.5609739
2056-07-08 12:00:00,1.5442774,1.2052499,1.9155833,2.2791886,3.0205107,1.4089441
2056-07-09 12:00:00,1.6993119,1.4020038,2.0934868,2.9316163,3.27923,2.002752
2056-07-10 12:00:00,1.5497544,1.2079648,2.0973692,3.0270736,2.4385955,2.093406
2056-07-11 12:00:00,1.1034254,1.0802132,1.9570836,3.4458408,2.527469,1.2379986
2056-07-12 12:00:00,1.1985035,1.1834391,2.6404486,3.6434824,4.067409,1.555145
2056-07-13 12:00:00,1.5358136,1.350521,1.9694965,2.8007557,3.6354945,1.7316024
2056-07-14 12:00:00,1.7946283,1.3591318,1.7245728,2.3468993,4.47995,1.3991046
2056-07-15 12:00:00,1.815065,1.5081024,1.651618,2.1631765,4.551882,1.3738132
2056-07-16 12:00:00,1.4902694,1.3191212,2.4415596,1.9243822,4.0077386,1.2868353
2056-07-17 12:00:00,1.7109857,1.4270942,3.367039,1.9509366,3.302643,1.8958867
2056-07-18 12:00:00,1.7819877,1.4068992,2.5391736,1.8379186,2.380876,1.4925271
2056-07-19 12:00:00,1.2392784,1.3214774,2.5501246,1.9677277,2.1170578,1.4974357
2056-07-20 12:00:00,1.674684,1.4781312,2.4403486,2.0681834,2.0732896,1.450394
2056-07-21 12:00:00,1.1719021,1.357511,3.0273552,2.8958974,2.9508307,2.1606166
2056-07-22 12:00:00,0.9285507,1.1763153,1.7954507,2.3487942,3.06114,1.520482
2056-07-23 12:00:00,0.960333,1.0045792,2.097686,2.1601954,2.6107738,1.4305995
2056-07-24 12:00:00,1.5648952,1.3197625,1.7643181,3.2086425,2.5604455,1.486543
2056-07-25 12:00:00,1.1242108,1.0083157,2.0660086,2.864448,3.010411,1.3506702
2056-07-26 12:00:00,1.6998369,1.4399796,2.3745375,1.9740928,2.4200912,1.4759576
2056-07-27 12:00:00,1.6733096,1.2773507,2.133834,1.9527737,2.610279,1.3011249
2056-07-28 12:00:00,2.1410577,1.4834696,2.553054,2.6466339,3.492454,1.2932388
2056-07-29 12:00:00,2.3054924,1.5230235,3.1650794,3.2581458,3.9571877,1.4486231
2056-07-30 12:00:00,0.9998636,0.93069685,2.1358294,3.526225,3.8730495,1.3254434
2056-07-31 12:00:00,0.82534355,0.90971047,2.32556,3.6299736,3.327305,2.1970158
2056-08-01 12:00:00,1.1123525,1.187957,2.5928743,3.5353007,3.3281355,1.7491868
2056-08-02 12:00:00,1.8211262,1.4147487,2.7998765,3.8450966,3.9171977,1.4717082
2056-08-03 12:00:00,1.3542026,1.5193632,2.924312,4.8368826,4.466495,1.620595
2056-08-04 12:00:00,2.493328,2.0918689,2.4990048,4.629545,4.3233976,1.4257803
2056-08-05 12:00:00,1.2634532,1.1480753,2.396446,3.5563524,4.201273,1.7815015
2056-08-06 12:00:00,1.6029437,1.4930316,2.1467376,2.2185733,3.120789,1.6764249
2056-08-07 12:00:00,2.2642937,1.8509021,2.2130141,2.4814587,3.60551,1.5652521
2056-08-08 12:00:00,2.2052412,1.7244525,2.8689477,3.337354,3.2871506,1.7047734
2056-08-09 12:00:00,1.5178782,1.5109993,3.3706589,4.722377,2.8175125,2.299972
2056-08-10 12:00:00,2.4052572,2.0685005,3.8897307,2.4071035,2.4143198,2.0254087
2056-08-11 12:00:00,1.9818968,1.6752654,3.0368311,2.906937,2.9250312,2.0115302
2056-08-12 12:00:00,2.1850426,1.9027259,3.9509385,4.3626065,3.130008,2.7410314
2056-08-13 12:00:00,2.6110587,2.0252073,3.3553016,3.9865026,3.743756,2.9952273
2056-08-14 12:00:00,1.9654498,1.5709531,3.3369386,2.509149,4.1121902,2.0062482
2056-08-15 12:00:00,1.666277,1.8985316,2.9918137,3.4315083,3.6359262,2.0305474
2056-08-16 12:00:00,3.5433135,3.0758882,4.3964834,4.650671,3.2374594,2.9883816
2056-08-17 12:00:00,1.9543021,1.744319,2.9892032,3.581004,5.0647254,2.4132707
2056-08-18 12:00:00,2.2179554,1.9264159,3.6372306,3.4622316,3.4391594,3.4834661
2056-08-19 12:00:00,2.9648323,2.5821629,3.7455919,4.8368807,3.5566545,3.7514973
2056-08-20 12:00:00,2.4132652,1.9628083,2.683487,5.430183,6.003589,1.9560218
2056-08-21 12:00:00,3.7332842,2.630881,4.053636,4.692997,4.8364797,2.8921094
2056-08-22 12:00:00,2.2958634,1.9541223,2.91423,4.974004,5.063496,2.641913
2056-08-23 12:00:00,2.560808,1.9753695,3.9689736,3.6065335,3.0527196,2.8837104
2056-08-24 12:00:00,3.2861667,2.9182503,4.468985,4.2286425,2.6903725,3.3755877
2056-08-25 12:00:00,3.1550646,2.3763568,4.711248,2.7115467,3.1032524,2.7107089
2056-08-26 12:00:00,3.556735,2.594227,6.1823955,4.159343,1.8735949,3.9684894
2056-08-27 12:00:00,3.1872005,2.9855642,6.151564,4.880628,2.6383657,3.9887438
2056-08-28 12:00:00,2.5199168,2.418411,3.542959,3.072158,2.5878525,1.7264472
2056-08-29 12:00:00,1.4861302,1.3474612,2.5721514,3.7548525,2.4781187,2.4080532
2056-08-30 12:00:00,0.8594636,0.9978412,2.2919364,3.1011786,3.2465482,1.2688144
2056-08-31 12:00:00,1.9318322,1.2846677,2.038878,2.056895,3.6174607,1.0029204
2056-09-01 12:00:00,2.0966089,1.7195504,3.0301812,2.1436744,3.1247602,1.9445267
2056-09-02 12:00:00,2.227782,1.7922451,3.0363848,4.688208,4.5945425,2.3950758
2056-09-03 12:00:00,3.5338924,3.1135607,4.8165298,7.8711867,6.2783136,3.8582144
2056-09-04 12:00:00,3.4543972,3.1110413,5.3590283,7.238622,5.360617,3.5683289
2056-09-05 12:00:00,1.9151361,1.9406614,3.3148532,5.115671,4.9691677,1.8280956
2056-09-06 12:00:00,1.5078104,1.5204546,2.7414756,4.0002904,3.3216784,2.1531458
2056-09-07 12:00:00,2.0638103,2.2277272,3.9177375,4.934496,4.0034695,2.6229248
2056-09-08 12:00:00,2.4557505,2.1976607,3.130723,3.031465,2.9452808,2.6179535
2056-09-09 12:00:00,1.8503461,1.3723104,2.225422,2.047416,4.7097263,1.3928952
2056-09-10 12:00:00,1.1979408,1.0167472,1.8327197,1.7122374,5.95984,1.1663293
2056-09-11 12:00:00,2.6436324,2.1203113,2.6143637,1.6781716,4.0492854,1.3318324
2056-09-12 12:00:00,2.6088367,1.7344744,2.1532264,2.1237051,3.1066103,1.1774312
2056-09-13 12:00:00,2.2866592,1.6363205,2.3758643,1.6151415,2.5869656,1.048537
2056-09-14 12:00:00,2.437221,1.7935725,2.8018682,2.0952227,1.9828374,1.2609
2056-09-15 12:00:00,1.7710423,1.2997787,3.141434,2.2656822,2.9587557,1.3468833
2056-09-16 12:00:00,0.8895633,0.96296334,2.6854224,1.8701667,3.1083543,1.5736914
2056-09-17 12:00:00,1.6113915,1.5454751,3.5163968,4.208949,3.346442,2.3760073
2056-09-18 12:00:00,1.5118511,1.3877393,3.6414235,4.525747,3.6196468,1.8025756
2056-09-19 12:00:00,3.4704213,2.9450414,5.9918537,2.5440893,2.7080176,2.625006
2056-09-20 12:00:00,3.211382,2.9026542,4.850142,3.4051898,2.566911,2.7952702
2056-09-21 12:00:00,1.8959324,1.967578,3.6304882,3.8970568,3.931672,2.7629874
2056-09-22 12:00:00,2.8187835,2.7277346,2.9437013,4.508862,4.0106487,1.7157725
2056-09-23 12:00:00,2.5634704,1.7515979,2.89062,2.7790709,2.1506116,1.9380125
2056-09-24 12:00:00,1.9193166,2.0176773,4.739819,3.5059836,2.6176026,3.6290364
2056-09-25 12:00:00,4.053463,3.4391582,6.229473,6.418308,4.5816326,4.976336
2056-09-26 12:00:00,2.9266717,2.8019762,4.4862933,6.773682,5.318337,4.217971
2056-09-27 12:00:00,2.1942735,1.790003,2.8674178,5.3858914,5.5888476,2.6932104
2056-09-28 12:00:00,2.838335,2.4884114,5.713423,4.415435,4.7554955,3.6304078
2056-09-29 12:00:00,3.7873218,3.115422,4.1454678,3.7891839,3.4681609,2.9632852
2056-09-30 12:00:00,1.546806,1.4752445,2.7046485,3.2727778,5.2641215,1.9181134
2056-10-01 12:00:00,2.407161,2.2697015,5.005663,5.6192527,5.1566024,4.1573415
2056-10-02 12:00:00,1.4000361,1.7636453,2.396484,3.6625185,3.871133,2.0210862
2056-10-03 12:00:00,0.9853779,1.1817194,2.0773838,2.4774075,3.292646,1.962771
2056-10-04 12:00:00,1.3407335,1.5190203,2.0804443,2.6850963,3.016837,1.9032549
2056-10-05 12:00:00,3.739154,3.1868825,5.15631,6.4148827,5.770586,4.70402
2056-10-06 12:00:00,1.7439473,1.6509886,2.5451396,5.6692734,7.841585,2.3726134
2056-10-07 12:00:00,2.617724,2.3722372,4.709795,5.88594,7.447965,4.5199504
2056-10-08 12:00:00,3.2702365,3.0639699,4.544318,4.307021,4.432176,3.271036
2056-10-09 12:00:00,2.363046,2.3070204,4.171488,3.6019964,4.8633323,2.6451464
2056-10-10 12:00:00,1.8484364,1.8923292,3.2257195,4.5297065,5.278114,2.725742
2056-10-11 12:00:00,2.2094333,1.732539,3.210852,2.228481,5.2908015,1.977176
2056-10-12 12:00:00,3.876498,3.6718264,5.0589185,5.7471156,4.6477523,3.5617938
2056-10-13 12:00:00,2.497213,2.3351274,4.5232744,3.8069098,5.3265324,2.1467164
2056-10-14 12:00:00,3.4506502,2.7791035,5.4378724,3.5779746,6.783228,2.5232232
2056-10-15 12:00:00,2.94916,2.508325,3.876926,4.761331,5.156656,2.7819815
2056-10-16 12:00:00,3.4131312,2.6171234,4.8892646,4.368298,5.9356184,2.734802
2056-10-17 12:00:00,1.2288864,1.1355995,2.4077735,3.760878,4.630866,1.615957
2056-10-18 12:00:00,3.0973425,2.7481349,3.495529,4.7058563,4.0576878,3.5022748
2056-10-19 12:00:00,1.450486,1.5643644,3.0222592,3.164666,4.9754543,2.5435674
2056-10-20 12:00:00,2.5938325,2.3201082,2.8356557,2.2215426,5.150628,1.7101483
2056-10-21 12:00:00,1.9034792,1.6606829,4.1748037,1.952189,4.446684,1.9670618
2056-10-22 12:00:00,1.0189604,0.92104095,4.409655,2.7429209,3.8176086,1.6374359
2056-10-23 12:00:00,0.7911743,0.8347867,4.9454484,2.1842299,2.5244946,1.7079417
2056-10-24 12:00:00,2.3275337,1.8687913,5.5242906,2.6228364,2.295359,2.6912725
2056-10-25 12:00:00,2.7111216,2.096192,4.177989,3.1738,3.524965,2.2304118
2056-10-26 12:00:00,1.7975209,1.7516127,2.240375,3.374621,4.4941945,1.5094326
2056-10-27 12:00:00,1.5464739,1.1060842,2.0496998,2.6167583,4.110666,0.8936617
2056-10-28 12:00:00,1.0004926,1.0860693,2.5503602,2.7272139,3.2522957,1.3003538
2056-10-29 12:00:00,3.1421955,2.231394,3.9805021,3.1635177,3.1778505,2.3391519
2056-10-30 12:00:00,2.320385,1.8199606,3.9071226,2.4825447,2.9649901,2.5334804
2056-10-31 12:00:00,3.3807483,2.864912,3.9577882,3.956415,3.144503,3.6558785
2056-11-01 12:00:00,2.3941314,2.0258613,3.7869039,4.220573,3.2838233,2.5513914
2056-11-02 12:00:00,2.9462185,2.5337412,3.2422338,2.184586,3.9656677,2.467221
2056-11-03 12:00:00,1.7376524,1.436775,2.492379,3.5804892,3.9491658,2.4897103
2056-11-04 12:00:00,0.8234966,0.999316,3.2124877,4.538407,4.0874166,3.1084375
2056-11-05 12:00:00,2.3767228,1.8091152,4.756782,4.779301,5.2840476,2.1798422
2056-11-06 12:00:00,2.2957463,2.2264245,3.6368985,4.9478903,4.0845594,2.4397762
2056-11-07 12:00:00,1.4678731,1.64094,4.5273685,4.470553,3.961285,3.8379283
2056-11-08 12:00:00,2.203489,2.0493472,4.4129534,6.06772,6.0977664,3.0759883
2056-11-09 12:00:00,1.0483506,1.1395719,2.9437742,4.268595,5.838464,2.3434377
2056-11-10 12:00:00,2.7993078,2.774199,4.507196,5.7294126,5.872394,3.4011858
2056-11-11 12:00:00,2.659585,2.2895417,3.4538524,5.4608603,5.7792606,2.8167288
2056-11-12 12:00:00,1.0087126,1.14055,2.8810694,4.085933,6.2759852,2.5824118
2056-11-13 12:00:00,0.76128256,0.9845709,3.1684122,4.6300793,5.321753,2.9378705
2056-11-14 12:00:00,1.797808,1.370621,3.8530657,4.0162616,5.0455403,2.5812802
2056-11-15 12:00:00,2.4397268,1.5394173,3.2187102,2.7037764,3.841571,1.4122599
2056-11-16 12:00:00,1.8783652,1.4224696,2.6325457,2.342851,3.2363925,1.7977403
2056-11-17 12:00:00,2.150963,1.5281237,3.0543349,2.3549087,2.7969897,1.7619383
2056-11-18 12:00:00,1.1836303,1.0790743,2.1958115,3.8695965,3.672772,1.9230655
2056-11-19 12:00:00,3.0745912,2.15233,3.35562,3.3896742,2.695101,1.9844847
2056-11-20 12:00:00,1.7958953,1.3308694,3.6261055,3.22385,3.021062,2.810156
2056-11-21 12:00:00,0.8626847,0.9333691,3.417057,4.235819,4.151631,3.176794
2056-11-22 12:00:00,0.68335503,0.97022414,3.2861824,4.0123844,3.0266538,3.190804
2056-11-23 12:00:00,2.413199,1.8531995,2.9172657,3.4149878,3.1360595,2.2086387
2056-11-24 12:00:00,2.7558432,2.2789006,3.1972888,3.9895957,4.8014345,2.4135365
2056-11-25 12:00:00,2.7129524,2.1836581,4.5293436,3.7604542,5.4389277,2.2681434
2056-11-26 12:00:00,1.7142475,1.4142674,3.8203216,4.184516,6.0814486,2.1712246
2056-11-27 12:00:00,2.6800852,2.4181964,3.3652549,3.9469666,3.7413065,1.953014
2056-11-28 12:00:00,2.7115147,2.4846275,3.6266768,3.6365674,5.039233,2.6237037
2056-11-29 12:00:00,3.8080745,2.8517542,4.1469774,3.5706775,5.6622796,1.7121114
2056-11-30 12:00:00,1.9662629,1.8966078,2.6085892,5.3182487,6.827691,1.949889
2056-12-01 12:00:00,3.0049982,2.3762515,3.75719,3.5389056,5.6780987,2.1546674
2056-12-02 12:00:00,1.4412875,1.5094028,3.127071,5.5265436,4.94227,2.5062222
2056-12-03 12:00:00,3.809832,3.4057567,6.659277,5.3897734,5.947109,4.978672
2056-12-04 12:00:00,1.354763,1.6861677,2.205713,6.3154025,5.618731,2.5675824
2056-12-05 12:00:00,1.8641703,1.706228,3.30984,6.0503554,5.154786,2.7436993
2056-12-06 12:00:00,1.7093031,1.4998095,4.0818977,4.262168,5.592721,2.2742496
2056-12-07 12:00:00,1.7284322,1.3961788,3.2514262,2.772771,4.9109654,2.3120227
2056-12-08 12:00:00,2.6020615,2.0506303,3.1667247,3.2099767,4.5877614,2.377514
2056-12-09 12:00:00,1.8037275,1.728064,2.846324,2.75457,4.3418865,2.311259
2056-12-10 12:00:00,1.3637376,1.5856936,5.056105,7.3192806,9.461932,4.9736814
2056-12-11 12:00:00,5.4831715,4.378881,8.770911,8.179885,7.0727835,6.643894
2056-12-12 12:00:00,2.975072,2.6049788,5.5428014,5.260049,5.3966317,2.835325
2056-12-13 12:00:00,1.2106781,1.4078468,3.5269048,2.9353418,8.665082,2.3799455
2056-12-14 12:00:00,0.9746684,1.2718097,2.9948053,3.7566006,6.0986123,2.3677733
2056-12-15 12:00:00,1.4534969,2.2813191,5.1303167,5.901814,4.2728205,3.678653
2056-12-16 12:00:00,2.2510357,2.739092,6.0650816,7.6635647,5.4890933,4.918396
2056-12-17 12:00:00,2.989296,3.3165781,5.5671215,5.5811157,5.224569,3.863245
2056-12-18 12:00:00,1.060256,1.1908654,2.3365362,4.585063,5.1521735,2.4626675
2056-12-19 12:00:00,2.1262908,1.9610356,4.386095,5.001494,6.028358,3.5671818
2056-12-20 12:00:00,1.593378,1.5679018,4.615457,4.6124635,4.095092,2.8330824
2056-12-21 12:00:00,2.0089722,2.2169292,6.1610994,4.791017,3.2127273,4.16016
2056-12-22 12:00:00,2.222572,2.2740786,3.428616,4.7489805,3.2792878,2.2840078
2056-12-23 12:00:00,1.7146993,1.7054441,3.0435417,5.9733434,4.1203666,3.3450217
2056-12-24 12:00:00,2.3543108,1.8619965,4.327836,4.908781,3.5385659,2.0611906
2056-12-25 12:00:00,1.7401661,1.7656817,5.050747,5.4289036,3.947728,3.8649454
2056-12-26 12:00:00,2.4365385,2.0999537,7.0001326,6.789386,4.451306,5.410219
2056-12-27 12:00:00,2.8037403,2.2692251,7.4417877,4.75403,3.5953584,5.3510237
2056-12-28 12:00:00,1.1830325,1.3840351,5.0907764,3.667877,3.4691145,2.6493778
2056-12-29 12:00:00,1.7426155,1.4626355,3.1360707,4.7007537,4.545772,2.8181121
2056-12-30 12:00:00,4.189141,3.1180823,5.6361456,4.910419,4.9127593,3.2878478
2056-12-31 12:00:00,3.2743416,2.5098388,2.7017648,3.4599102,5.51398,1.7652848
2057-01-01 12:00:00,1.1602871,1.212613,2.8392844,2.0953538,4.0850043,1.9148016
2057-01-02 12:00:00,2.875245,1.9729828,4.579451,4.0344844,4.1536593,2.4817512
2057-01-03 12:00:00,2.3701296,2.0252995,4.764385,6.2642374,5.523813,3.7475982
2057-01-04 12:00:00,2.738153,1.9864174,3.2419145,4.427205,5.7987804,2.0272446
2057-01-05 12:00:00,1.6701534,1.257556,2.4602494,3.124828,6.7390804,2.3702488
2057-01-06 12:00:00,2.053344,1.572468,5.344245,3.3401296,6.197847,2.8976197
2057-01-07 12:00:00,2.8294516,2.0954165,5.373385,3.4164135,4.4232173,2.4109135
2057-01-08 12:00:00,1.1942899,1.1941495,2.454371,2.896437,7.2334023,1.6833694
2057-01-09 12:00:00,0.79327106,1.2208486,2.1617026,3.6214664,5.805984,2.2521057
2057-01-10 12:00:00,0.8791752,1.1749979,2.513264,4.729763,4.386727,1.6068113
2057-01-11 12:00:00,0.9552245,1.1268061,2.5924845,4.362741,4.4830594,1.5635018
2057-01-12 12:00:00,0.8727367,1.0704615,2.617534,4.5893373,4.8971972,2.2999096
2057-01-13 12:00:00,1.322598,1.1631004,4.552877,3.925213,4.573187,2.967645
2057-01-14 12:00:00,1.419789,1.1730063,5.215532,3.2021546,4.0849714,2.891045
2057-01-15 12:00:00,2.173798,1.4244446,5.5812497,3.2585099,3.9966335,3.0077345
2057-01-16 12:00:00,3.1119108,2.0840602,5.6807203,3.0259967,4.222178,2.8236072
2057-01-17 12:00:00,2.2783322,1.579291,4.4957385,2.5028236,5.1506968,2.0613863
2057-01-18 12:00:00,1.4234538,1.1436796,4.0187926,4.1761994,5.6638746,2.7830431
2057-01-19 12:00:00,1.1538875,1.1446432,4.8953586,4.7554502,6.068308,3.5680501
2057-01-20 12:00:00,1.4011736,1.2822232,4.460659,4.5795326,6.7267427,3.2970278
2057-01-21 12:00:00,1.2750074,1.3080598,5.8022842,6.431118,7.6620092,4.929999
2057-01-22 12:00:00,1.9994836,2.1508627,6.1272,7.458099,9.018908,4.5759497
2057-01-23 12:00:00,1.8898475,1.9193618,6.3560486,6.215325,8.364671,4.707159
2057-01-24 12:00:00,1.4818822,1.4722745,5.1359854,5.5925884,6.552517,3.403879
2057-01-25 12:00:00,2.2856717,2.1536179,3.153017,4.1035347,3.9380946,2.592333
2057-01-26 12:00:00,3.7156973,2.5859675,4.1100383,2.8955884,3.528095,2.2315753
2057-01-27 12:00:00,1.0394528,1.114979,2.8441136,5.219225,5.433016,2.7220514
2057-01-28 12:00:00,0.88030964,0.976363,3.3103144,3.668857,6.8895154,2.702841
2057-01-29 12:00:00,1.0693451,1.3682166,4.9593472,6.972684,5.169125,3.8996038
2057-01-30 12:00:00,1.0506592,1.3218122,3.9272866,5.692704,4.2548275,2.759208
2057-01-31 12:00:00,1.1779144,1.0154396,2.658308,4.0181537,4.222406,1.873332
2057-02-01 12:00:00,1.0060657,1.0076921,3.1802714,3.012703,3.589214,2.756733
2057-02-02 12:00:00,1.5093619,1.5589755,6.111589,4.8331265,3.2075965,3.8764794
2057-02-03 12:00:00,1.8162732,2.0520563,4.1261344,4.687509,3.790647,2.622204
2057-02-04 12:00:00,0.83352524,1.0217541,2.5269313,3.0024319,3.5773985,2.3973362
2057-02-05 12:00:00,1.5054102,1.4955423,3.7804062,4.977406,4.1190896,3.2332287
2057-02-06 12:00:00,2.1048431,2.1438918,5.2200847,7.1267877,7.465588,3.8953185
2057-02-07 12:00:00,2.8516874,2.288411,6.7376776,5.604365,7.9504714,4.5700173
2057-02-08 12:00:00,4.2286844,3.655948,6.6612267,5.3166475,7.97581,3.775581
2057-02-09 12:00:00,3.2641706,2.6474245,5.4324927,4.249517,7.2411633,2.7594628
2057-02-10 12:00:00,2.9349031,2.3504062,5.3125696,4.638376,5.841815,3.1005719
2057-02-11 12:00:00,3.3094647,2.3826125,5.8347607,3.9579127,4.7116833,3.3818448
2057-02-12 12:00:00,3.6549578,3.0324075,5.0558305,3.6957266,4.3453794,2.5249379
2057-02-13 12:00:00,3.8688745,3.4202602,4.534597,5.841501,4.579707,2.6874964
2057-02-14 12:00:00,2.3463225,1.998593,4.280584,6.2756286,5.0307565,3.5985982
2057-02-15 12:00:00,2.2989798,1.832868,5.506817,4.634572,5.4110622,3.15013
2057-02-16 12:00:00,1.520385,1.4466825,4.814181,4.0444746,4.031438,2.9998226
2057-02-17 12:00:00,1.3027753,1.3653827,2.5783749,5.889798,3.546233,2.0697544
2057-02-18 12:00:00,1.3241907,1.5653334,3.3352532,3.8304358,2.8265722,2.4936497
2057-02-19 12:00:00,1.4696698,1.55479,2.830741,2.4741595,4.0907817,1.7799588
2057-02-20 12:00:00,2.3105059,1.9074593,3.526879,3.3675153,3.9590566,2.9486394
2057-02-21 12:00:00,1.857662,1.8346117,3.3313558,3.0735402,3.1249974,2.4512877
2057-02-22 12:00:00,1.9663055,1.784285,2.9829142,3.3326564,3.0824494,1.8903263
2057-02-23 12:00:00,0.9110899,1.1430157,1.8338286,5.271372,5.4279695,1.779526
2057-02-24 12:00:00,1.0464995,1.6253445,2.7069614,6.611703,5.8990393,2.2857502
2057-02-25 12:00:00,1.2551882,1.9034511,2.8080134,5.5871754,3.9086165,1.8956964
2057-02-26 12:00:00,0.87973,1.1172031,2.0742195,4.573001,3.675365,1.7538916
2057-02-27 12:00:00,1.0108062,1.1596351,2.3423457,5.924802,5.0939207,2.387863
2057-02-28 12:00:00,1.3755018,1.7256519,3.0087736,5.9478893,4.4088173,2.66107
2057-03-01 12:00:00,3.3108907,3.317289,4.9901814,5.3121486,3.3286605,3.6117737
2057-03-02 12:00:00,1.8963106,1.9339756,2.6018322,2.9151382,3.2212286,2.1885717
2057-03-03 12:00:00,1.7653811,1.6241457,3.465975,4.8734713,4.8096337,2.853436
2057-03-04 12:00:00,1.3354595,1.5629692,3.3447418,5.0685625,6.204534,3.198821
2057-03-05 12:00:00,3.455255,2.9017045,5.852961,6.3756156,5.5402427,4.444909
2057-03-06 12:00:00,2.541318,2.022072,6.926964,4.7907877,3.6710336,3.9450533
2057-03-07 12:00:00,2.0130804,2.1274657,5.414537,4.5936637,4.3817477,3.3610115
2057-03-08 12:00:00,1.3177115,1.4265348,2.0374856,3.6929731,4.8784432,1.3127054
2057-03-09 12:00:00,1.593014,1.3475103,2.7239287,3.1097054,4.2062263,1.7461466
2057-03-10 12:00:00,3.7084756,2.6694303,2.999729,3.3027127,2.9979713,1.816115
2057-03-11 12:00:00,3.004783,2.074104,3.747073,2.1920617,2.7958193,2.0835757
2057-03-12 12:00:00,1.3930469,1.162571,2.0311575,2.6177597,3.0763128,1.694976
2057-03-13 12:00:00,1.4543278,1.3255137,4.7234545,4.4892764,2.7146451,3.8974419
2057-03-14 12:00:00,3.4710133,3.1784673,7.34969,5.0482335,4.485543,4.86762
2057-03-15 12:00:00,2.5809293,2.4592164,3.57302,5.674838,4.88551,3.9013388
2057-03-16 12:00:00,0.80513805,1.0813632,2.0342236,5.731162,4.993116,2.0093815
2057-03-17 12:00:00,1.4749193,1.2579046,3.4736373,2.8390357,4.135744,2.1572392
2057-03-18 12:00:00,2.593522,2.5075412,5.8046365,4.7287707,4.1664615,3.623183
2057-03-19 12:00:00,1.5558505,1.9353359,5.104735,4.114602,6.737339,3.1277654
2057-03-20 12:00:00,1.7880843,1.8860189,3.1463904,4.365137,7.6068516,2.15044
2057-03-21 12:00:00,1.6486467,1.8136986,4.168463,4.4647336,4.864597,4.079434
2057-03-22 12:00:00,2.9783094,2.4188461,5.0354156,5.3726726,6.2990084,4.8905206
2057-03-23 12:00:00,1.1798453,1.1927402,3.3227794,3.8860867,6.9896684,3.4500406
2057-03-24 12:00:00,1.2201343,1.203645,2.1999674,3.8742018,6.306087,2.3939729
2057-03-25 12:00:00,1.4308097,1.4614446,2.6434302,6.4858212,6.1483574,2.2402499
2057-03-26 12:00:00,1.4188668,1.8082093,2.698047,6.554764,4.940476,1.7873574
2057-03-27 12:00:00,1.9333434,2.416737,3.4136608,5.699094,3.804176,2.1395748
2057-03-28 12:00:00,1.3632821,1.9590876,3.1204429,4.47605,4.875564,2.4088693
2057-03-29 12:00:00,1.8039594,2.3477743,2.5248785,5.560936,6.176638,1.9994303
2057-03-30 12:00:00,1.6481662,1.9573349,2.2094352,3.792872,4.9869294,2.0833323
2057-03-31 12:00:00,1.0002997,1.0287944,2.9333353,2.3386338,2.8657756,2.428235
2057-04-01 12:00:00,1.925357,1.8860848,3.2122946,3.6662195,2.5731223,2.4032044
2057-04-02 12:00:00,2.561678,2.1729486,3.9111066,3.6024282,3.6276336,2.7283058
2057-04-03 12:00:00,2.3035965,1.8416961,3.6169696,4.3477964,4.698351,3.0123208
2057-04-04 12:00:00,1.9639065,1.8273741,3.3376503,4.55852,4.304233,3.0247295
2057-04-05 12:00:00,2.9550807,2.3509133,3.093048,2.4863198,4.243706,1.9981176
2057-04-06 12:00:00,2.0860102,2.0909197,5.200972,2.5221257,4.856415,3.1176293
2057-04-07 12:00:00,2.308179,2.443443,3.6807709,2.5289207,3.893359,2.810142
2057-04-08 12:00:00,3.8641396,3.4150481,6.352651,4.5012884,2.999432,4.4415765
2057-04-09 12:00:00,3.2331033,2.6338785,5.1921897,2.6793096,3.0412323,3.0495963
2057-04-10 12:00:00,2.8019233,2.5118306,5.4851885,4.2497954,3.7547393,3.972248
2057-04-11 12:00:00,4.227721,3.6770616,5.0337086,5.3211837,4.5648417,3.8419645
2057-04-12 12:00:00,1.7217429,1.5469905,3.1200233,3.3481128,2.662892,1.4902949
2057-04-13 12:00:00,1.691474,1.5829743,2.5802832,3.1224513,2.3856444,2.4812326
2057-04-14 12:00:00,3.4048638,2.8626664,4.758071,3.512954,2.4971144,2.741149
2057-04-15 12:00:00,3.7276628,3.3247874,5.6749516,4.852623,2.5020053,4.6256676
2057-04-16 12:00:00,3.325203,2.7647612,6.2732315,3.073033,4.3184476,3.0888062
2057-04-17 12:00:00,2.9128518,2.7796586,6.2418504,5.520362,4.215285,4.0201926
2057-04-18 12:00:00,2.615829,2.5317392,3.6518373,5.1402807,5.836846,2.23206
2057-04-19 12:00:00,2.8098385,2.6594574,5.7864003,4.939576,4.624745,4.452223
2057-04-20 12:00:00,2.764256,2.3754716,4.1071954,3.8432064,5.2448893,3.1365805
2057-04-21 12:00:00,2.5078385,2.1851199,4.340159,3.2565262,3.5234761,3.1746488
2057-04-22 12:00:00,2.5838232,2.4022257,5.004477,5.0705624,2.5611794,3.2284138
2057-04-23 12:00:00,3.0347085,2.6124954,6.8561935,4.1276727,3.7215862,3.1404824
2057-04-24 12:00:00,3.254006,3.032102,6.887694,5.836555,3.2026868,4.2014465
2057-04-25 12:00:00,2.538825,2.4500437,4.7351823,5.588653,3.171362,2.5300908
2057-04-26 12:00:00,1.6342196,1.596931,3.8485577,3.5562093,4.8825474,1.8410487
2057-04-27 12:00:00,2.155867,1.9887893,3.5145934,5.0822387,5.1195607,2.6658652
2057-04-28 12:00:00,3.1600761,2.8993328,4.842573,4.063224,5.5438557,3.4059536
2057-04-29 12:00:00,4.4223356,3.6913896,4.8408036,4.3617473,4.1515636,2.52306
2057-04-30 12:00:00,2.976766,2.6666338,3.7992826,4.633626,7.1004815,3.2304847
2057-05-01 12:00:00,1.2176137,1.1562071,2.5525699,2.7514052,6.1276717,1.6848
2057-05-02 12:00:00,1.7365865,1.3677709,2.442655,2.1925066,3.3453157,1.7354732
2057-05-03 12:00:00,2.648951,2.4169164,3.2147655,2.6809716,2.4557095,2.4929662
2057-05-04 12:00:00,1.7281303,1.5533377,2.860883,2.9192374,3.3070629,1.6094558
2057-05-05 12:00:00,2.8436937,2.2797039,3.4006045,2.9156494,3.2744586,2.1672783
2057-05-06 12:00:00,3.3807054,3.1537752,5.7774305,4.242575,3.3921819,4.1396594
2057-05-07 12:00:00,3.4699135,3.0172133,5.166959,3.8270853,3.3462107,3.6416361
2057-05-08 12:00:00,4.4278855,3.0990958,5.0050135,4.259583,3.349952,2.8838143
2057-05-09 12:00:00,2.0224729,1.7277538,3.1162868,3.464445,4.606566,2.670917
2057-05-10 12:00:00,3.3023615,3.2756016,5.1911945,5.2203865,4.77156,4.2875195
2057-05-11 12:00:00,2.5789936,2.3846815,4.0357437,3.8239627,5.1114984,3.1317403
2057-05-12 12:00:00,3.8417282,3.343843,5.283791,5.439416,4.9410176,4.191609
2057-05-13 12:00:00,3.3948836,3.0883992,4.975988,6.508889,3.9739358,3.630188
2057-05-14 12:00:00,2.6114573,2.397052,3.986262,5.3092194,4.8154655,3.515314
2057-05-15 12:00:00,3.164534,2.7597508,3.0487032,6.363122,6.2019024,2.692041
2057-05-16 12:00:00,2.4785807,2.1248388,3.9206471,4.4469867,5.543456,3.5537329
2057-05-17 12:00:00,2.8733585,2.713942,3.059371,6.346614,4.8922963,2.7692888
2057-05-18 12:00:00,1.6017802,1.8043375,1.980602,3.983373,4.0036755,1.4889627
2057-05-19 12:00:00,1.4415535,1.2362541,2.2713082,2.4163392,2.8064668,1.42177
2057-05-20 12:00:00,1.2977521,1.3684378,1.9319168,1.8331436,2.7528255,1.2142707
2057-05-21 12:00:00,2.4886556,2.3862386,4.5305295,2.5330985,2.9536037,2.8842623
2057-05-22 12:00:00,2.324301,2.2646184,5.264283,2.4918933,3.044713,3.2187085
2057-05-23 12:00:00,0.7123485,1.0741808,2.259441,2.3891175,3.4449348,1.4597654
2057-05-24 12:00:00,1.8119534,1.8540248,2.7426152,2.8267112,2.3544805,1.4751996
2057-05-25 12:00:00,3.4560337,3.11894,4.222731,3.7500973,2.2536745,2.560802
2057-05-26 12:00:00,2.6543398,2.350315,4.4740863,3.9867144,3.1996307,3.750364
2057-05-27 12:00:00,2.3017366,1.9989046,3.571923,3.9590256,4.5337405,2.5935934
2057-05-28 12:00:00,1.362504,1.3473763,3.8989456,2.9436564,3.3551514,2.7868772
2057-05-29 12:00:00,1.541791,1.5581311,4.127912,2.799634,3.0435808,2.95821
2057-05-30 12:00:00,1.0373732,1.1181178,2.2438326,2.18202,4.9046316,1.6646292
2057-05-31 12:00:00,1.4253736,1.4629426,3.0977204,1.972349,6.143119,1.4919767
2057-06-01 12:00:00,2.4556751,2.054582,3.2449443,2.2228556,3.751796,1.662202
2057-06-02 12:00:00,1.7337267,1.4878792,2.6166766,2.4598498,2.5586543,1.3671923
2057-06-03 12:00:00,2.4625392,2.003801,2.4239137,3.6844265,2.8155365,1.189601
2057-06-04 12:00:00,1.0877241,1.2425656,3.1150835,4.597556,3.0953102,2.1546667
2057-06-05 12:00:00,2.0584238,1.9182281,3.7985742,3.1182148,3.7745986,2.42815
2057-06-06 12:00:00,2.5088181,2.3151393,3.9689994,5.1823115,4.3678527,2.549637
2057-06-07 12:00:00,3.8588674,3.6663306,6.5152764,6.266048,4.422038,4.6264987
2057-06-08 12:00:00,3.7310283,3.675708,5.7805486,7.4236054,6.2570367,4.9941845
2057-06-09 12:00:00,4.014881,3.6184192,4.642374,6.3720355,6.434275,4.5894446
2057-06-10 12:00:00,1.9621701,1.6463633,2.324237,3.626189,4.0158544,3.0287824
2057-06-11 12:00:00,1.4388679,1.421567,2.447362,3.2030005,2.4904737,2.2459028
2057-06-12 12:00:00,2.5189204,1.9000884,3.6615531,4.644157,2.639084,3.0591383
2057-06-13 12:00:00,3.2736282,2.8382492,4.2436223,5.4727106,3.8321884,3.6342077
2057-06-14 12:00:00,2.662755,2.0837438,3.0271382,4.0600686,3.9245589,1.8048468
2057-06-15 12:00:00,1.247955,1.2211813,3.0835724,2.7909534,3.3705752,2.1865764
2057-06-16 12:00:00,1.8004344,1.4385495,2.9865556,2.5418444,2.3462784,2.0768223
2057-06-17 12:00:00,2.2284508,1.6397283,2.9707296,2.6978047,2.5247428,2.3310914
2057-06-18 12:00:00,3.2827883,2.5917373,4.4141846,3.2372835,3.038243,2.2543392
2057-06-19 12:00:00,1.8995063,2.1072369,4.2804523,3.1655731,2.9902246,3.0663617
2057-06-20 12:00:00,2.9223676,2.4235096,2.6207018,2.9167466,2.5344372,2.1109693
2057-06-21 12:00:00,1.8069029,1.846579,1.7747678,3.0059838,3.0118687,1.8027802
2057-06-22 12:00:00,3.0333605,2.6785772,3.987749,2.9253914,4.4687266,2.8386602
2057-06-23 12:00:00,1.7110748,1.7352947,2.5441253,2.6068263,3.2108207,2.311441
2057-06-24 12:00:00,2.6011581,2.35695,4.060686,3.660321,3.6652274,2.6895375
2057-06-25 12:00:00,2.6667352,2.5267596,3.730459,3.4976532,3.7741725,2.497736
2057-06-26 12:00:00,2.450951,2.0990674,3.6398463,3.1844049,3.6625981,2.963287
2057-06-27 12:00:00,1.8390411,1.9304789,3.5642207,2.8615453,3.0161262,2.3034246
2057-06-28 12:00:00,2.3293252,1.918,2.666878,2.9660206,4.514005,1.5621836
2057-06-29 12:00:00,1.7693053,1.4157515,1.8016872,3.2740288,3.6860106,1.1946032
2057-06-30 12:00:00,1.1588062,1.3447376,2.1045017,3.0696602,3.487585,0.9954407
2057-07-01 12:00:00,1.4583987,1.2405628,1.9319849,2.6354609,3.3575766,0.86136526
2057-07-02 12:00:00,0.9039754,1.1581208,2.5810254,2.2654216,3.049741,1.891022
2057-07-03 12:00:00,1.8471029,1.5898213,2.3053565,3.7466385,3.957278,1.3963933
2057-07-04 12:00:00,1.4279346,1.728973,2.9006398,4.4566426,4.6680555,1.7499648
2057-07-05 12:00:00,2.2279615,2.2623851,3.5204184,3.9283032,4.187484,2.8181665
2057-07-06 12:00:00,2.901781,2.8944566,4.945923,3.2940636,4.6239476,2.789637
2057-07-07 12:00:00,3.2369494,2.925975,3.8756452,3.459744,3.932558,2.8854275
2057-07-08 12:00:00,2.5242717,2.1100872,3.0128791,2.6322231,4.007475,2.26238
2057-07-09 12:00:00,1.7421169,1.6056417,2.2329636,1.8964894,2.657578,2.030777
2057-07-10 12:00:00,2.1285467,1.6118207,3.9510717,2.0401664,2.6348336,1.9484076
2057-07-11 12:00:00,2.1826286,1.4011914,3.188673,3.9182851,3.1484966,2.0692484
2057-07-12 12:00:00,1.7627032,1.6160094,2.4668353,3.3716516,3.1663544,1.8598164
2057-07-13 12:00:00,1.5730205,1.6148198,2.8410323,3.4491003,4.3014345,2.0314107
2057-07-14 12:00:00,2.111724,1.7159492,2.602847,2.9149456,4.3030987,2.189627
2057-07-15 12:00:00,1.7559314,1.6335388,2.9937453,3.5687685,2.7162395,2.1129138
2057-07-16 12:00:00,1.6134491,1.5379001,2.5961962,3.6576009,2.3416176,2.5638814
2057-07-17 12:00:00,1.6552298,1.5762663,1.8485146,3.845032,2.3243861,1.3262354
2057-07-18 12:00:00,1.5578527,1.5151563,2.9704945,2.0905147,2.4337685,1.1366874
2057-07-19 12:00:00,1.5698352,1.4235674,2.2197497,1.6022413,2.9650857,1.7821422
2057-07-20 12:00:00,1.1118015,1.1817539,2.1087992,2.0421574,4.8768473,1.4314772
2057-07-21 12:00:00,1.2923381,1.1193899,2.869592,2.6611154,4.808308,1.391627
2057-07-22 12:00:00,1.2337809,1.2120041,2.8364754,2.7532814,3.204754,1.343309
2057-07-23 12:00:00,1.596475,1.364857,2.5207088,2.4769056,2.8566027,1.7163831
2057-07-24 12:00:00,1.6264213,1.4799637,2.7207317,2.6529222,2.8783896,1.8467118
2057-07-25 12:00:00,1.2802188,1.160718,2.232539,2.3254712,2.7256784,1.4554579
2057-07-26 12:00:00,1.7065336,1.4957967,3.7051146,2.5658138,2.4097283,2.293746
2057-07-27 12:00:00,2.6664255,2.133007,4.0145597,3.5226228,3.765335,2.980131
2057-07-28 12:00:00,1.9654443,2.058158,3.4967947,1.9990493,3.1240501,1.9949064
2057-07-29 12:00:00,2.168456,1.8259797,3.3646028,2.0172246,2.369063,1.7687669
2057-07-30 12:00:00,1.228519,1.336535,3.5446532,3.4748657,3.0335698,2.1848834
2057-07-31 12:00:00,3.1581721,2.6633432,4.3311896,2.8780985,4.2243977,2.4857442
2057-08-01 12:00:00,2.276775,1.9786164,3.1356282,2.2728353,4.179528,1.3976029
2057-08-02 12:00:00,1.5883386,1.4889072,3.6265736,2.9232101,2.4532883,1.7990438
2057-08-03 12:00:00,1.877929,1.8147755,3.128154,2.8476024,2.6980546,1.7480665
2057-08-04 12:00:00,2.6960847,2.3549676,3.2535174,2.767849,3.3166342,1.96033
2057-08-05 12:00:00,2.8264642,2.9201386,2.7873447,4.381434,3.6301224,2.5243316
2057-08-06 12:00:00,3.506277,2.8726513,2.4571218,4.696001,3.878987,1.7792146
2057-08-07 12:00:00,1.7706039,1.4346814,2.5113485,3.4609067,2.585554,1.4572071
2057-08-08 12:00:00,1.2352052,1.1095766,2.5382698,2.6535337,2.0923853,1.2707269
2057-08-09 12:00:00,1.2757952,1.1690356,2.1289623,1.5781242,2.269417,1.0607151
2057-08-10 12:00:00,1.5319645,1.2213047,2.7802691,1.4152423,2.166364,1.2997403
2057-08-11 12:00:00,1.8517135,1.4649563,3.8023841,2.2824962,2.5677109,1.8193386
2057-08-12 12:00:00,1.2398235,1.2885063,4.0905824,3.123347,3.591317,1.8291171
2057-08-13 12:00:00,1.6433563,1.5721043,2.0225575,3.2926733,3.1998212,2.0914493
2057-08-14 12:00:00,1.0657952,1.3121747,1.7582763,1.8455751,2.1927037,1.6756968
2057-08-15 12:00:00,1.3340852,1.2580528,1.6925049,1.7412714,2.623376,1.4101408
2057-08-16 12:00:00,2.0836225,1.7289033,2.03015,2.4139206,2.8626826,2.29552
2057-08-17 12:00:00,2.144255,1.7929035,2.2770576,4.061363,3.1878865,1.6395628
2057-08-18 12:00:00,1.9652219,1.8467771,3.299854,3.52345,3.2119203,1.9611408
2057-08-19 12:00:00,1.7481563,1.3863679,2.99399,2.6201575,2.9241338,1.7806015
2057-08-20 12:00:00,1.3677139,1.1397454,1.9019728,2.1004484,3.2422383,1.1942436
2057-08-21 12:00:00,2.0953088,1.655252,2.2299664,2.8553154,4.261923,1.6252499
2057-08-22 12:00:00,2.0909219,1.5901704,2.676957,2.2178895,4.393398,1.5370884
2057-08-23 12:00:00,1.3850381,1.4625459,3.8342888,2.492699,3.7470834,2.469002
2057-08-24 12:00:00,2.0530365,1.9135985,3.8072126,3.1318145,2.4894412,2.7096899
2057-08-25 12:00:00,1.8663713,1.7768948,2.0515432,2.6371593,2.7729394,1.496366
2057-08-26 12:00:00,1.5031803,1.0903627,2.4097059,1.8765328,2.4341247,1.5717806
2057-08-27 12:00:00,1.3498625,1.3612789,2.5523772,2.5512254,3.7146816,1.5839566
2057-08-28 12:00:00,1.4079487,1.6904329,2.9161334,2.4982297,3.1906838,1.6342481
2057-08-29 12:00:00,2.0380716,1.9824939,5.218432,3.615061,3.2073102,3.5746002
2057-08-30 12:00:00,2.5879838,2.1005962,4.4060183,3.9254456,3.833821,2.9259827
2057-08-31 12:00:00,2.8404152,2.3323135,4.15438,2.864226,3.031613,3.1201637
2057-09-01 12:00:00,1.270323,1.1160482,2.106684,2.2503524,2.0030656,1.5190476
2057-09-02 12:00:00,1.9198693,1.7618288,3.0551808,3.033788,1.6821,2.5902975
2057-09-03 12:00:00,3.0997639,2.657886,5.3802667,5.8306427,3.8045201,3.9703596
2057-09-04 12:00:00,3.2992644,2.9454808,5.970591,6.0296607,3.1819913,4.53353
2057-09-05 12:00:00,2.643952,2.3004172,4.080074,4.5492854,4.3652334,2.7710319
2057-09-06 12:00:00,2.6231313,2.258925,3.646385,5.5663385,3.5116048,3.3114154
2057-09-07 12:00:00,2.8440416,2.61212,3.8386192,6.8122454,4.2506657,3.8403192
2057-09-08 12:00:00,2.5682986,2.2573469,3.3725874,6.2758007,5.024479,3.1921651
2057-09-09 12:00:00,1.6963711,1.607856,3.0519552,4.995859,3.5479846,2.9059148
2057-09-10 12:00:00,2.1312287,1.8285372,3.572993,4.374649,2.7057936,3.466819
2057-09-11 12:00:00,2.6618443,2.162557,3.47821,4.1626415,3.3856618,2.5584185
2057-09-12 12:00:00,1.8273644,1.7585862,3.5687666,4.158974,2.6972647,2.0871396
2057-09-13 12:00:00,2.2213411,2.0737362,2.5552752,2.855463,3.6653762,1.3035676
2057-09-14 12:00:00,1.8226067,1.6143976,3.3190174,3.5195808,2.7545285,2.6848187
2057-09-15 12:00:00,1.7394052,1.4779031,3.5004017,4.575316,3.9009743,2.7368019
2057-09-16 12:00:00,2.029177,1.7132026,5.364194,4.5757666,3.7294118,3.3106983
2057-09-17 12:00:00,3.1531005,2.7742636,5.663528,5.329934,3.4275463,3.304672
2057-09-18 12:00:00,1.6640103,1.7962266,2.5491478,3.6266782,2.178681,1.9531095
2057-09-19 12:00:00,1.3268929,1.4300687,2.6189914,5.237227,2.9697835,1.922909
2057-09-20 12:00:00,1.4639893,1.3739399,2.9604142,4.540172,3.266901,2.915454
2057-09-21 12:00:00,2.4341087,2.2879822,3.694057,5.950396,4.1134534,3.2888372
2057-09-22 12:00:00,2.2732186,2.3249118,2.8031983,4.876169,4.588702,2.123644
2057-09-23 12:00:00,1.2636788,1.1241051,2.8288248,2.211027,5.3741426,1.4564991
2057-09-24 12:00:00,0.76163423,0.87590283,2.628895,1.8086714,4.6495914,1.1291051
2057-09-25 12:00:00,0.8815509,0.9947008,2.544421,1.834525,2.932643,1.3431247
2057-09-26 12:00:00,1.3949888,1.341597,2.5033429,4.5634694,6.273845,1.5395309
2057-09-27 12:00:00,1.3116276,1.6038202,3.3966572,4.997956,5.4024673,2.8372276
2057-09-28 12:00:00,2.503541,2.37294,4.0701766,4.15545,4.6431413,2.9289036
2057-09-29 12:00:00,1.743093,1.7068003,3.1320994,2.9944024,3.884812,2.4455059
2057-09-30 12:00:00,1.2628733,1.2249074,3.302277,2.209226,3.550444,2.2757342
2057-10-01 12:00:00,1.2728176,1.2754779,3.323138,2.601449,4.6744876,2.3928506
2057-10-02 12:00:00,0.9059495,0.8992311,3.2103877,2.3593514,3.6157384,1.4557309
2057-10-03 12:00:00,0.865904,0.9494504,3.2422378,2.6106634,3.2910855,2.8003194
2057-10-04 12:00:00,1.0196381,1.3200239,3.5276732,3.3318448,3.3560567,3.225412
2057-10-05 12:00:00,2.6024528,2.2009506,2.990436,3.628275,3.7136335,1.8413296
2057-10-06 12:00:00,2.9361653,2.733406,3.7447617,4.5993466,3.4667537,2.0906556
2057-10-07 12:00:00,1.5743954,1.6924211,3.4000535,4.3591404,4.6068254,1.6280122
2057-10-08 12:00:00,1.3202138,1.2725613,3.303792,3.2325857,4.425255,2.6896636
2057-10-09 12:00:00,2.1519938,1.9788089,4.430169,4.3495145,4.3992367,4.0459576
2057-10-10 12:00:00,1.9003074,1.7978497,2.3080206,6.7826796,5.080424,2.6137788
2057-10-11 12:00:00,1.1567843,1.2166544,2.339739,6.1560955,5.3669558,2.0910287
2057-10-12 12:00:00,2.921445,2.3457532,5.113027,4.628539,5.2524424,3.787578
2057-10-13 12:00:00,2.5193334,2.3467515,2.7456787,3.179697,5.4178286,3.0293088
2057-10-14 12:00:00,2.1606321,1.8144385,5.219616,3.7307386,6.162854,2.5657842
2057-10-15 12:00:00,1.7230902,1.3998135,3.6774516,2.7632387,5.936774,1.6032609
2057-10-16 12:00:00,2.880896,2.4409058,4.430114,3.9912748,3.9285338,2.4052806
2057-10-17 12:00:00,3.2410064,2.6844935,5.842116,4.51571,4.179933,3.8315253
2057-10-18 12:00:00,3.067421,3.2480724,4.246342,5.206091,5.6668577,2.8082647
2057-10-19 12:00:00,1.6588436,1.6394647,2.2323954,4.124151,4.651639,1.406175
2057-10-20 12:00:00,1.5826955,1.5347307,2.9497602,4.5719113,3.3108084,2.5922484
2057-10-21 12:00:00,1.2781715,1.4374936,5.120074,4.388947,3.0916376,3.4288688
2057-10-22 12:00:00,1.3423264,1.204554,3.4068277,3.1232016,4.595036,1.9655324
2057-10-23 12:00:00,1.1709449,1.1053599,2.8201308,4.5711126,7.279006,1.6375439
2057-10-24 12:00:00,2.3820977,1.8656654,2.9543676,5.962577,4.913124,2.4997206
2057-10-25 12:00:00,1.4018865,1.3303748,3.0462353,3.4433625,3.2419055,2.212612
2057-10-26 12:00:00,2.24895,2.310918,4.087418,5.388869,4.840709,3.2104392
2057-10-27 12:00:00,1.8945553,1.7936664,3.1867635,2.8795502,2.7055464,2.3011975
2057-10-28 12:00:00,1.5043534,1.4967631,2.1075916,4.0651207,3.1186965,1.7851121
2057-10-29 12:00:00,1.3363519,1.132424,2.7385356,2.8640127,2.6423457,2.040775
2057-10-30 12:00:00,2.3303475,1.9900739,3.0562782,1.9723604,2.04397,1.8452092
2057-10-31 12:00:00,1.884599,1.5908663,2.0459266,2.6727924,3.5374417,1.6453125
2057-11-01 12:00:00,2.5303411,2.0475998,4.1039767,3.4306111,4.3381553,2.4952488
2057-11-02 12:00:00,3.6675584,2.9081745,3.9749732,2.8226495,3.8248925,2.4219286
2057-11-03 12:00:00,2.7034478,2.0665731,3.1155593,2.363773,3.4441807,1.6755983
2057-11-04 12:00:00,2.2735815,1.8452505,3.0197241,2.3003943,2.8746808,1.6730877
2057-11-05 12:00:00,1.8168116,1.440379,3.3739939,3.5956964,7.0899167,1.9495635
2057-11-06 12:00:00,0.83996534,1.1579713,2.0211906,5.8481116,4.822277,1.951408
2057-11-07 12:00:00,0.6108769,0.9491824,2.4093812,5.6086497,4.5158324,2.2365823
2057-11-08 12:00:00,1.0045347,1.2095782,3.8693538,6.558631,6.624545,2.7223825
2057-11-09 12:00:00,1.802145,1.7138817,4.1950746,4.495602,6.487228,2.7822
2057-11-10 12:00:00,1.2406489,1.396401,3.4414835,3.968278,3.9019384,2.4948313
2057-11-11 12:00:00,3.042993,2.6810281,5.6246996,4.2684336,3.802215,3.061905
2057-11-12 12:00:00,2.3068972,2.561174,3.339962,2.3456516,5.060764,2.0563846
2057-11-13 12:00:00,1.1721,1.0553956,2.7620914,3.6084862,5.8921156,2.1648052
2057-11-14 12:00:00,1.2901237,1.0916319,5.557931,3.2770076,5.5909724,2.9966586
2057-11-15 12:00:00,2.8309836,1.8286785,6.0658736,3.165139,5.2201877,2.8775566
2057-11-16 12:00:00,3.0749187,2.2665095,4.538844,3.3762462,5.9007993,2.3096867
2057-11-17 12:00:00,2.5907793,2.0738149,4.4913187,4.4218817,5.8393865,2.2144873
2057-11-18 12:00:00,2.0672567,1.810201,3.0016217,4.005049,5.5652304,1.4967085
2057-11-19 12:00:00,2.2836823,1.6184685,3.7538009,3.6207457,3.8225102,2.1452172
2057-11-20 12:00:00,1.7174581,1.2124794,2.9933994,1.9764264,3.1252973,1.4909617
2057-11-21 12:00:00,1.0973272,1.2429016,2.4583483,2.17904,3.4658408,2.1356058
2057-11-22 12:00:00,1.0158844,1.0420476,4.9294252,4.0875936,4.565053,3.7836037
2057-11-23 12:00:00,1.699357,1.6296835,5.985062,5.4799314,5.587898,4.196619
2057-11-24 12:00:00,2.0490558,1.737409,6.536458,5.1646185,5.97375,4.4726987
2057-11-25 12:00:00,3.0193276,3.0175374,7.2891626,6.9016066,6.3657603,5.563848
2057-11-26 12:00:00,1.6319773,1.8979548,3.5404372,6.121882,7.687886,3.1167321
2057-11-27 12:00:00,1.506329,1.582887,5.2024364,6.184843,6.7119226,4.276212
2057-11-28 12:00:00,1.897207,1.9483918,5.010178,6.0510635,5.723603,3.2739398
2057-11-29 12:00:00,1.2764388,1.5610831,3.502122,5.0907645,4.6858907,1.9769626
2057-11-30 12:00:00,0.91462815,1.2913269,3.7458913,4.728376,3.71041,2.4375606
2057-12-01 12:00:00,0.8178206,1.2246066,3.3479369,4.3247647,3.6420684,2.0228734
2057-12-02 12:00:00,0.6797589,1.13093,2.592283,6.730285,5.3734627,3.0643916
2057-12-03 12:00:00,1.1446774,1.3321042,4.6886554,5.442191,5.420799,4.17449
2057-12-04 12:00:00,3.8594494,3.447767,6.2108555,6.0817137,5.166841,4.409083
2057-12-05 12:00:00,2.7652507,2.4860654,5.142139,4.864405,4.567379,3.521906
2057-12-06 12:00:00,3.8413668,3.532544,7.946615,6.0482626,4.4727125,4.4533176
2057-12-07 12:00:00,3.4797268,2.999618,5.448339,5.33847,5.0441055,3.403064
2057-12-08 12:00:00,2.1070755,1.5769948,4.731938,4.1315327,4.7850327,2.8200605
2057-12-09 12:00:00,1.9188888,1.5585414,3.0207016,2.3286104,3.9250293,1.773813
2057-12-10 12:00:00,0.83466697,1.111246,1.5959492,2.553864,4.329121,1.4200315
2057-12-11 12:00:00,1.3626298,1.1510987,2.673367,3.4531212,4.381436,1.8139948
2057-12-12 12:00:00,2.355081,1.4678309,4.7959356,2.6724231,3.6259558,2.0448709
2057-12-13 12:00:00,2.3385715,1.5156924,4.0777135,3.8665283,4.5367265,3.1285088
2057-12-14 12:00:00,2.1024613,1.7665256,5.048132,5.783195,5.047088,4.1936765
2057-12-15 12:00:00,1.5626123,1.3433672,4.6853395,4.434529,3.9970827,2.9720345
2057-12-16 12:00:00,1.5785307,1.719032,3.608823,5.549353,5.075752,3.5177603
2057-12-17 12:00:00,1.1510835,1.4049073,2.7797654,6.2281346,5.1563387,3.229144
2057-12-18 12:00:00,1.5623288,1.3524218,3.7536628,3.8085248,4.4894476,2.2077084
2057-12-19 12:00:00,2.8304858,2.7527924,5.181616,3.0829525,3.5924444,3.4408114
2057-12-20 12:00:00,2.3243294,2.459877,4.3282075,4.919903,3.334568,3.2985704
2057-12-21 12:00:00,1.7826382,2.0971093,3.0869598,4.0411596,5.324755,2.360379
2057-12-22 12:00:00,1.0896292,1.8131288,3.1602778,4.7771387,6.0480866,2.0624523
2057-12-23 12:00:00,1.3993962,1.9265598,2.97834,4.1595345,3.6183894,2.339506
2057-12-24 12:00:00,0.9601469,1.4601607,2.4138215,5.543822,4.8655443,1.8694096
2057-12-25 12:00:00,0.7509545,1.2825539,2.527994,6.3578243,5.2359176,2.6455016
2057-12-26 12:00:00,1.1075673,1.1641973,4.860479,3.6772926,4.0693455,3.6291132
2057-12-27 12:00:00,1.4870343,1.201434,3.2420897,5.0170174,5.528311,2.6091914
2057-12-28 12:00:00,1.090306,1.2402508,3.314745,5.670224,4.4442205,3.5664942
2057-12-29 12:00:00,2.7472687,2.1476429,5.0334344,5.182623,4.105893,4.2159653
2057-12-30 12:00:00,3.5951452,3.095932,4.951222,7.3801785,4.3268366,4.5040064
2057-12-31 12:00:00,1.7138853,1.6927841,3.7442806,5.63792,5.6596594,2.3874633
2058-01-01 12:00:00,1.1510754,1.3452773,2.538461,5.3387055,4.530084,2.2373412
2058-01-02 12:00:00,0.9370275,1.1853672,2.650861,4.7812047,3.7941096,2.5847561
2058-01-03 12:00:00,1.854264,1.7583119,3.8229253,3.8651109,4.811699,1.7330724
2058-01-04 12:00:00,1.3152661,1.6195879,4.0745487,6.281345,6.4529185,4.6231594
2058-01-05 12:00:00,2.6848798,1.9150293,4.8457675,3.943788,6.1436615,3.3400934
2058-01-06 12:00:00,0.89488816,0.8933005,4.003273,3.268108,3.6145077,2.977812
2058-01-07 12:00:00,1.03517,1.0450522,4.483794,4.106055,4.010871,3.7515113
2058-01-08 12:00:00,2.297031,2.451377,5.377939,6.4089413,7.7888603,4.796837
2058-01-09 12:00:00,1.6570184,1.5253006,3.287031,5.2310195,7.9436383,2.6780717
2058-01-10 12:00:00,1.1980854,1.367187,3.447213,6.5542917,6.1988783,3.6732967
2058-01-11 12:00:00,0.971461,1.0844841,2.5986307,4.68738,8.63724,2.520177
2058-01-12 12:00:00,1.2734363,1.4293808,5.0798364,3.0847561,5.931553,3.2304816
2058-01-13 12:00:00,3.4203863,2.8836823,6.1806183,4.6925044,4.3453593,3.4011981
2058-01-14 12:00:00,2.768127,2.9425364,5.142625,6.72764,4.559843,3.6192508
2058-01-15 12:00:00,1.0639894,1.4759548,2.0458703,4.716583,5.2086926,1.4511377
2058-01-16 12:00:00,2.6193414,2.2046728,4.41743,2.4287071,4.205165,2.7894323
2058-01-17 12:00:00,1.4345462,1.5005224,2.9863067,4.8247275,5.7254486,2.4002397
2058-01-18 12:00:00,1.6825378,1.6601216,4.7266355,7.1371393,9.754799,4.3523765
2058-01-19 12:00:00,1.3680875,1.3719223,3.3543077,3.895371,11.796191,2.9130821
2058-01-20 12:00:00,1.298964,1.3557374,4.025816,6.092556,8.766646,4.1924586
2058-01-21 12:00:00,3.0077815,2.737638,5.371985,7.6716723,7.223345,4.9596786
2058-01-22 12:00:00,4.382377,3.706997,7.682977,7.3569536,7.6341434,5.330706
2058-01-23 12:00:00,1.7291195,1.6026592,6.4021044,4.893843,5.7736926,3.9382055
2058-01-24 12:00:00,1.531426,1.9100624,6.309967,5.538147,3.5576775,4.817485
2058-01-25 12:00:00,1.6510086,2.0742643,6.5887156,5.7368355,3.3576198,5.1359544
2058-01-26 12:00:00,1.3523376,1.8407216,5.4791145,4.722685,2.7143521,4.307808
2058-01-27 12:00:00,1.1272554,1.4745886,2.9445107,3.7429428,4.1834607,2.3147871
2058-01-28 12:00:00,1.0637984,1.6289939,3.5335283,6.5013647,6.6372204,2.906148
2058-01-29 12:00:00,2.2318254,3.5524259,4.737433,7.0107036,8.03787,3.3360462
2058-01-30 12:00:00,1.4628899,1.8940965,4.619911,7.0562716,6.0784755,3.4647067
2058-01-31 12:00:00,1.2707174,1.5992551,3.2342548,5.684557,6.309499,3.0852802
2058-02-01 12:00:00,1.7146509,1.8097551,4.803915,5.8612833,5.8596506,4.4423094
2058-02-02 12:00:00,1.7572194,1.5555851,2.595073,5.939081,7.75138,2.7917876
2058-02-03 12:00:00,0.8876959,0.9075985,3.8802972,4.7401776,5.25357,3.8361573
2058-02-04 12:00:00,1.5075845,1.2292745,5.144899,4.103572,5.853411,3.3925312
2058-02-05 12:00:00,1.8136601,1.7769585,5.6319695,4.8698745,5.456818,3.4609199
2058-02-06 12:00:00,2.5475793,2.5994236,7.1076875,6.202095,6.250335,4.20415
2058-02-07 12:00:00,3.7458549,3.610347,8.995317,6.90894,7.443339,5.840691
2058-02-08 12:00:00,4.2623024,4.153301,8.586571,8.590507,8.899709,6.380652
2058-02-09 12:00:00,2.5222697,2.575934,5.4247746,7.435457,8.323187,4.6720834
2058-02-10 12:00:00,3.4104185,3.1074111,5.2400723,6.617725,8.035651,4.093917
2058-02-11 12:00:00,2.249899,1.8495687,2.6100743,4.7136602,7.9432893,2.0551448
2058-02-12 12:00:00,1.9030839,1.5755118,4.1138787,4.7356806,7.8080773,2.897901
2058-02-13 12:00:00,3.2760105,2.6682093,5.2887654,4.112075,6.685143,2.4029417
2058-02-14 12:00:00,2.2912908,1.9381424,4.344126,3.9184806,6.2549844,2.9195733
2058-02-15 12:00:00,1.7713261,1.4529363,5.144745,3.4138162,7.451761,2.920217
2058-02-16 12:00:00,2.752202,2.3346732,4.3869286,3.3853955,6.0883884,2.4478765
2058-02-17 12:00:00,1.9859772,2.0003545,4.2354517,5.2622,7.8401785,3.9339118
2058-02-18 12:00:00,4.3276625,4.13618,6.4021115,7.656712,9.216596,5.1422133
2058-02-19 12:00:00,3.532289,3.3138764,4.426892,6.6052785,9.972239,3.8003638
2058-02-20 12:00:00,2.656898,2.504422,3.8576763,6.356582,9.143781,3.2901032
2058-02-21 12:00:00,3.6199815,3.4515278,6.8361435,7.0832963,8.986134,5.0951395
2058-02-22 12:00:00,2.630616,2.5952294,6.2435627,7.4548693,8.963298,3.7941313
2058-02-23 12:00:00,1.5551803,1.5033056,4.1848464,6.1569796,7.007167,3.5086002
2058-02-24 12:00:00,2.0849075,2.1236343,3.109945,6.320462,8.273058,3.204849
2058-02-25 12:00:00,1.0084541,1.2397239,2.9653368,5.077087,7.1964417,2.4007754
2058-02-26 12:00:00,2.8123662,2.6862285,3.6535306,6.62302,5.892742,3.810263
2058-02-27 12:00:00,2.3001313,1.9711021,4.4127007,6.2619486,6.523571,3.7338662
2058-02-28 12:00:00,4.1468983,3.210289,7.104022,5.2982144,6.216116,4.0433917
2058-03-01 12:00:00,4.672204,3.6150696,6.865744,5.504366,5.211166,4.537036
2058-03-02 12:00:00,5.005419,4.024801,7.3958564,5.046145,3.3775322,5.5952296
2058-03-03 12:00:00,2.8604093,2.6042342,3.077543,6.371291,3.5703812,3.3401904
2058-03-04 12:00:00,2.34739,1.910389,4.8726335,4.742639,3.2518055,3.2615793
2058-03-05 12:00:00,2.5273738,2.171854,3.1983628,3.69421,3.4026637,1.6573521
2058-03-06 12:00:00,1.2405198,1.2641257,2.5502968,4.8085856,4.1960454,2.628691
2058-03-07 12:00:00,3.6671882,3.3480918,7.685537,7.94395,6.314095,6.2075267
2058-03-08 12:00:00,3.526547,3.1054356,4.675331,5.798966,6.1602044,3.1868293
2058-03-09 12:00:00,1.6187341,1.4418947,2.7565968,3.9247384,3.958292,2.4071646
2058-03-10 12:00:00,1.5943036,1.4481755,3.118702,3.5224948,3.5567389,1.794386
2058-03-11 12:00:00,1.0549226,1.1094174,3.1609774,2.9708917,3.3485084,2.0701625
2058-03-12 12:00:00,3.6222358,2.6819904,5.5038347,2.6269054,3.2381382,2.469419
2058-03-13 12:00:00,3.5380843,2.5049057,3.2781997,1.7166876,3.2816873,1.9372816
2058-03-14 12:00:00,1.3460419,1.0986638,1.7635951,1.5142726,2.9926724,1.423705
2058-03-15 12:00:00,2.108632,1.5753292,3.3619006,2.610228,3.440161,1.9972643
2058-03-16 12:00:00,1.4222348,1.344438,3.6970935,4.249744,4.2081475,2.426594
2058-03-17 12:00:00,2.4648447,2.1570399,4.0987644,4.097311,3.5130312,2.5591543
2058-03-18 12:00:00,1.4659466,1.2637049,3.2057695,3.146903,2.6559985,2.5697145
2058-03-19 12:00:00,2.5901287,2.3398118,3.7758303,4.07327,4.4901905,3.0476022
2058-03-20 12:00:00,1.7884691,1.8157701,2.6101763,3.2389562,5.4020715,1.8885356
2058-03-21 12:00:00,2.1224275,1.7111549,4.8842726,4.4662733,4.4116535,3.920699
2058-03-22 12:00:00,1.0705819,1.204017,3.010905,3.4913056,2.8320765,1.8140807
2058-03-23 12:00:00,1.5273659,1.396245,2.6270118,1.7633728,2.6020377,1.5582602
2058-03-24 12:00:00,2.0482287,1.5725472,1.9486327,1.7643743,3.2679477,1.6622542
2058-03-25 12:00:00,2.5761003,2.3532498,3.0057573,4.949913,5.585497,2.8756907
2058-03-26 12:00:00,2.7409425,2.5405629,3.9751894,4.8661475,3.7745924,2.6499007
2058-03-27 12:00:00,2.1752505,2.1356974,2.8403513,3.8655565,3.5113192,1.8527232
2058-03-28 12:00:00,1.3714547,1.5114783,2.659892,3.0260735,2.6433995,2.625428
2058-03-29 12:00:00,1.2802186,1.2728239,3.0055907,3.2162015,2.912627,2.692194
2058-03-30 12:00:00,1.8895136,1.8589981,3.3200376,3.5303047,4.2167463,2.40079
2058-03-31 12:00:00,1.9395212,1.9101005,2.8636205,4.1779943,3.4160342,2.486395
2058-04-01 12:00:00,1.7396195,1.4251143,3.673803,2.6287942,2.4041464,1.7441332
2058-04-02 12:00:00,1.735653,1.5956151,3.5694325,3.660876,2.0516891,2.3222268
2058-04-03 12:00:00,1.3682963,1.2859102,3.5529008,3.8896441,2.1836028,1.905369
2058-04-04 12:00:00,2.1937938,2.2325597,2.3562431,3.5906768,2.5923245,2.02613
2058-04-05 12:00:00,1.7874501,1.8006701,5.701865,3.6469386,3.1553543,2.9928448
2058-04-06 12:00:00,2.8917365,2.8523495,7.0799494,4.463484,3.4857779,3.4773765
2058-04-07 12:00:00,3.6393971,3.391241,6.6043415,5.233249,4.9717145,3.5862968
2058-04-08 12:00:00,3.3567843,2.948869,4.0722666,4.5375047,4.7312937,2.2361782
2058-04-09 12:00:00,1.3586551,1.2382109,2.7668445,3.1700327,3.5793974,2.1440547
2058-04-10 12:00:00,0.9195599,0.9579854,2.796555,2.9627295,2.9429457,2.4375458
2058-04-11 12:00:00,1.5870278,1.8267949,6.2899513,4.779685,3.1672444,4.887261
2058-04-12 12:00:00,3.1198843,3.3442085,6.853417,5.6149616,3.6467838,4.707331
2058-04-13 12:00:00,3.7610445,3.458755,4.4011602,4.6820564,3.7991755,3.1120183
2058-04-14 12:00:00,1.8745356,1.8509557,2.182548,3.4110105,4.0206633,1.7865294
2058-04-15 12:00:00,1.2626109,1.0425228,2.1672258,2.2162476,5.3803377,1.4585522
2058-04-16 12:00:00,2.140993,1.5986019,3.3116744,2.204524,5.88869,1.5440323
2058-04-17 12:00:00,1.9048944,1.3947675,3.2754393,1.8871801,2.4531512,1.6234385
2058-04-18 12:00:00,1.3375182,1.2562965,4.4256063,2.3989968,4.8918076,2.574362
2058-04-19 12:00:00,1.5481198,1.7656952,3.5259213,3.4903374,4.6111016,2.74946
2058-04-20 12:00:00,2.2004607,2.0804582,3.0587728,5.630465,5.245816,2.4124637
2058-04-21 12:00:00,1.1674218,1.2184907,2.3851702,2.5838013,5.622998,2.2818935
2058-04-22 12:00:00,1.2682667,1.0781919,2.266509,2.1502657,3.9729817,1.8544077
2058-04-23 12:00:00,1.5367718,1.3907117,3.0897434,2.558123,2.859407,2.0168629
2058-04-24 12:00:00,1.4647484,1.3762197,2.551596,2.5662427,4.819256,2.274036
2058-04-25 12:00:00,1.9259818,1.8269714,2.3562903,3.2192135,5.4225783,1.5384084
2058-04-26 12:00:00,1.1385446,1.3296133,1.7481066,2.5201013,5.209571,1.1980215
2058-04-27 12:00:00,1.6172571,1.3149452,2.8464496,2.7658877,2.5431674,1.5558463
2058-04-28 12:00:00,2.9673011,2.6445603,2.6306038,3.4568124,2.8548834,1.5966308
2058-04-29 12:00:00,1.7820815,1.6809751,4.547525,3.1855128,3.9308789,2.7074254
2058-04-30 12:00:00,2.449357,2.2691529,3.7615464,3.2989104,4.350753,1.7086399
2058-05-01 12:00:00,2.0389888,1.4948252,2.4220905,2.437932,4.021976,1.6621124
2058-05-02 12:00:00,1.858532,1.6146163,2.7516704,2.877717,2.8887932,1.8358364
2058-05-03 12:00:00,1.4498942,1.4402819,2.396659,2.542444,4.1295404,1.2736498
2058-05-04 12:00:00,2.6729896,2.1888294,3.1984591,2.9840455,3.2948732,2.363302
2058-05-05 12:00:00,1.1016779,1.202985,2.4504724,2.8829546,2.3991852,1.9156443
2058-05-06 12:00:00,1.872382,1.8516304,3.5588481,2.4581883,2.7162685,1.9154252
2058-05-07 12:00:00,2.793655,2.6678464,5.405052,4.6422734,3.3758755,4.3724475
2058-05-08 12:00:00,2.279481,1.9496686,4.2209573,2.8082242,3.3162162,3.3345964
2058-05-09 12:00:00,2.099103,2.2088044,4.1617146,4.035512,3.6656768,3.0859053
2058-05-10 12:00:00,2.5360224,2.2222047,2.9542823,3.7217352,3.9117997,2.5372016
2058-05-11 12:00:00,2.6427343,2.5401182,2.7218354,3.0880806,3.77229,2.0561068
2058-05-12 12:00:00,1.6164806,1.4352852,2.8240898,3.278901,2.3516223,1.8977382
2058-05-13 12:00:00,3.0206027,2.52556,2.624123,3.4428434,3.056935,1.485341
2058-05-14 12:00:00,3.6554432,3.0107517,3.4165032,3.7703269,2.4934673,2.2781613
2058-05-15 12:00:00,3.422372,3.067561,3.8802438,4.134724,2.5669453,2.6131124
2058-05-16 12:00:00,3.0116115,2.81204,2.4717293,3.3148994,2.1915002,2.1584625
2058-05-17 12:00:00,1.1628431,1.4731016,3.2687428,3.0068533,2.5496576,1.9041402
2058-05-18 12:00:00,1.6625813,1.4918526,3.3815577,2.063249,4.1627393,1.8327645
2058-05-19 12:00:00,1.7051576,1.5159488,3.1567173,2.1689944,3.2789164,1.7719395
2058-05-20 12:00:00,1.9212744,2.1137028,3.9068038,3.1900325,3.4482045,2.9940786
2058-05-21 12:00:00,1.7440268,1.8236207,1.8642157,2.897279,4.0934052,1.3592538
2058-05-22 12:00:00,0.96775293,1.125311,2.202315,2.9319556,4.4496675,1.357342
2058-05-23 12:00:00,0.96877134,0.9633612,2.359466,3.1322165,4.2533064,1.742075
2058-05-24 12:00:00,1.5125769,1.4987714,2.4658833,3.7139285,4.5968685,2.3576334
2058-05-25 12:00:00,2.786809,2.4243941,2.2166274,5.029212,4.8645377,2.4762504
2058-05-26 12:00:00,1.8750851,1.8804009,2.060574,4.3922486,4.5089855,2.562366
2058-05-27 12:00:00,2.1661434,1.6229489,1.917278,3.6316874,4.4695034,2.947266
2058-05-28 12:00:00,1.7627003,1.7230779,2.3630795,3.286398,3.7060683,2.6125917
2058-05-29 12:00:00,1.4927979,1.6004609,2.8812926,3.3021362,3.733386,3.3439677
2058-05-30 12:00:00,2.8880317,2.4601192,3.434866,4.731832,3.7783298,2.7998698
2058-05-31 12:00:00,2.3605,2.1488194,2.627507,3.6313643,3.298873,1.9489305
2058-06-01 12:00:00,2.1151228,1.9844882,3.0273342,2.2833586,3.658153,1.8298924
2058-06-02 12:00:00,4.263481,3.2897584,4.1246586,3.2904255,5.728098,2.5551076
2058-06-03 12:00:00,2.0736408,2.3212922,3.2775178,4.4628406,7.357549,2.4072964
2058-06-04 12:00:00,2.7236328,1.9692986,3.2670717,3.6227386,3.5420442,1.6872967
2058-06-05 12:00:00,3.254202,2.7596974,5.260195,3.1548083,3.99907,2.406192
2058-06-06 12:00:00,2.7110763,2.127008,4.2053604,3.2933986,3.041819,1.9508044
2058-06-07 12:00:00,2.0803165,1.6847028,3.7755384,2.4975538,2.8779395,1.6832813
2058-06-08 12:00:00,1.498979,1.587318,3.5592232,2.813837,3.3215177,2.4540215
2058-06-09 12:00:00,1.3290775,1.3472257,2.1644359,3.6078408,4.4290867,1.7451458
2058-06-10 12:00:00,1.5793444,1.3643416,1.8812147,3.2518988,3.5200958,1.2404145
2058-06-11 12:00:00,1.4559655,1.4413153,1.9435694,2.5700803,2.9407907,1.2444329
2058-06-12 12:00:00,2.0461855,1.7181587,2.0653763,2.4075007,3.3838358,1.3004373
2058-06-13 12:00:00,1.486454,1.5721484,2.5027542,3.006594,4.5254335,1.6857905
2058-06-14 12:00:00,2.1802657,1.7537706,2.5802388,3.9146857,5.184969,1.7761432
2058-06-15 12:00:00,1.4857047,1.4448155,2.2712686,3.2512197,3.735824,1.9722306
2058-06-16 12:00:00,2.2509506,1.8184655,2.4816458,3.7944727,3.7126095,2.1167076
2058-06-17 12:00:00,1.3152789,1.4176214,2.1175957,5.3731465,4.6246185,1.5257035
2058-06-18 12:00:00,2.440805,2.0712984,3.059014,4.3021603,4.791577,1.9698756
2058-06-19 12:00:00,1.4378706,1.3617557,2.3887136,4.2006125,6.1178365,1.5273081
2058-06-20 12:00:00,1.580852,1.5438268,1.7769779,3.9303854,5.909702,1.3650526
2058-06-21 12:00:00,1.2864796,1.1433995,2.3308992,2.2330587,5.362852,1.43313
2058-06-22 12:00:00,1.3772899,1.167706,3.1039233,2.1333451,4.045328,1.9157412
2058-06-23 12:00:00,1.3129344,1.3437068,2.692179,2.296917,2.8769433,1.527312
2058-06-24 12:00:00,1.185339,1.3009636,2.4269757,2.658657,2.1659155,1.4962167
2058-06-25 12:00:00,2.502825,2.2972682,5.3913474,3.607688,2.666867,2.9514952
2058-06-26 12:00:00,3.5864496,3.272851,5.9190636,3.981829,2.5213165,3.14596
2058-06-27 12:00:00,2.7317152,2.3210652,4.4577756,4.565207,3.4636984,3.6913319
2058-06-28 12:00:00,3.6039157,2.6585937,4.992009,3.175954,4.1066556,3.9166822
2058-06-29 12:00:00,2.1133265,1.8514246,2.914631,3.5037022,4.52368,2.2400146
2058-06-30 12:00:00,2.302086,1.9678491,2.238507,2.900017,4.26682,1.3665355
2058-07-01 12:00:00,1.4661078,1.1466243,2.0589836,3.8433402,3.7076824,1.2246717
2058-07-02 12:00:00,2.6284745,1.7619691,2.875598,3.6469853,3.1863577,1.5825455
2058-07-03 12:00:00,1.5023725,1.3855247,3.2644744,4.0164065,3.5189257,1.9448894
2058-07-04 12:00:00,2.6730204,2.3974943,4.2620025,4.0193624,4.8082547,2.6497462
2058-07-05 12:00:00,0.9919475,1.3274242,2.2033546,3.2120326,3.519137,1.6334087
2058-07-06 12:00:00,2.1081305,1.876384,3.252345,3.0723004,4.2669487,1.5931411
2058-07-07 12:00:00,2.95884,2.5577834,4.851529,3.0191934,4.4316072,2.1868238
2058-07-08 12:00:00,3.005291,2.6267924,4.5893884,3.3536606,3.3016217,2.444102
2058-07-09 12:00:00,2.167346,1.9329782,3.0839207,2.6681423,3.1996775,1.8946967
2058-07-10 12:00:00,1.5278143,1.6338309,2.8568668,2.907757,2.7081637,2.146641
2058-07-11 12:00:00,1.8705122,1.7371442,2.8513374,2.7276208,3.0908918,1.5401711
2058-07-12 12:00:00,3.2737617,2.705928,2.782131,1.9728925,3.51669,1.5284821
2058-07-13 12:00:00,2.8465538,2.3998947,2.427637,1.75354,2.647307,1.2753158
2058-07-14 12:00:00,2.9705434,2.4462173,2.681215,2.4129279,2.0405264,2.0406177
2058-07-15 12:00:00,2.5426404,2.115444,2.7243142,2.5834508,2.1371467,2.490974
2058-07-16 12:00:00,2.9975452,2.5107713,3.3763974,4.0152316,3.530018,3.200958
2058-07-17 12:00:00,2.580774,2.101171,2.7983828,3.4552722,2.9631479,2.741196
2058-07-18 12:00:00,1.5017214,1.3296143,2.6759188,3.1247623,3.0403311,2.3212874
2058-07-19 12:00:00,1.6434569,1.6194108,3.233298,4.2077894,4.2701416,2.8157203
2058-07-20 12:00:00,2.4205484,1.8282695,3.3519588,3.6012654,3.9556289,1.7530814
2058-07-21 12:00:00,0.7770355,1.0463781,2.5101788,3.9862998,3.640623,1.9926548
2058-07-22 12:00:00,1.9254262,1.7397789,2.4189901,3.678504,3.332143,1.6506472
2058-07-23 12:00:00,2.5014858,2.1389136,3.7138422,3.0243242,3.3311687,2.1489096
2058-07-24 12:00:00,1.3122104,1.4734365,3.3280902,3.2526948,3.6171365,1.6930151
2058-07-25 12:00:00,2.0478423,1.688003,3.4963663,2.1299293,2.5453396,1.7190211
2058-07-26 12:00:00,1.9570814,1.5780473,3.124784,2.9471002,2.484005,1.8496552
2058-07-27 12:00:00,2.4375358,2.0568295,2.7555196,1.5847992,2.5154588,1.3660815
2058-07-28 12:00:00,1.9116943,1.7298214,2.8744993,3.7442393,3.09213,1.9666507
2058-07-29 12:00:00,2.5417402,1.9662536,3.9536846,5.2140036,3.2020302,2.66358
2058-07-30 12:00:00,1.1162481,1.1558836,2.937423,4.2496657,2.8324916,1.9582671
2058-07-31 12:00:00,3.3813808,2.5653603,3.0537927,3.4779558,1.6735324,1.7524447
2058-08-01 12:00:00,4.5985823,3.3686671,3.5449424,3.663477,2.2821016,2.175039
2058-08-02 12:00:00,3.2271695,2.7384005,2.7980323,3.373746,2.9811776,1.7459688
2058-08-03 12:00:00,1.3229034,1.6690102,2.6608572,3.316475,3.5408132,1.6026886
2058-08-04 12:00:00,2.6566358,1.9860466,3.16233,3.4280756,3.3894658,1.5805049
2058-08-05 12:00:00,3.1831832,2.596187,3.8325915,3.3647847,2.8361597,2.0261223
2058-08-06 12:00:00,3.1056275,2.42706,4.0485377,3.2257242,3.1241877,1.9112675
2058-08-07 12:00:00,2.7757254,2.3514388,2.7205203,3.3419569,3.350483,1.6424804
2058-08-08 12:00:00,2.2735696,2.3268633,2.0019107,3.7709856,3.2689817,1.8779131
2058-08-09 12:00:00,1.4112775,1.4069608,3.0322502,3.3267057,3.1902375,2.0074139
2058-08-10 12:00:00,1.189339,1.0643023,2.4555197,2.4705067,3.3053515,1.3585749
2058-08-11 12:00:00,0.94262624,0.9740337,2.579993,1.764869,3.503359,1.2818573
2058-08-12 12:00:00,0.85668224,1.0508878,1.9987657,1.805434,3.1906652,1.4375347
2058-08-13 12:00:00,2.4336286,2.5299392,1.8663186,2.9033356,2.6703794,1.6574591
2058-08-14 12:00:00,1.7430186,1.5908753,1.8034327,2.5799248,2.409773,1.4320407
2058-08-15 12:00:00,1.2915311,1.2093623,1.6326169,2.3192875,2.7349398,1.0304682
2058-08-16 12:00:00,1.3429556,1.2188843,1.5439756,2.6477454,3.2285156,1.3383435
2058-08-17 12:00:00,1.256121,1.0981075,1.449177,2.3422773,2.7952554,1.139742
2058-08-18 12:00:00,1.0734227,1.2784598,1.746468,2.6433804,2.5941353,1.3006802
2058-08-19 12:00:00,1.6167629,1.897449,2.8985255,3.9071038,3.2058024,2.2120671
2058-08-20 12:00:00,1.4250541,1.6471852,2.9250393,3.05198,2.9190114,1.4480418
2058-08-21 12:00:00,1.3898447,1.5849973,2.2057946,2.3776004,2.9917765,1.444278
2058-08-22 12:00:00,1.11156,1.0082358,2.4955938,1.8758056,2.503929,1.2540594
2058-08-23 12:00:00,1.3736877,1.4169225,3.9671516,2.6728373,1.7744595,2.3187132
2058-08-24 12:00:00,1.8342327,1.6318665,2.8786218,4.4038906,2.8670433,2.9436014
2058-08-25 12:00:00,1.2954917,1.2185873,2.9723284,3.7291696,2.5656598,2.9479363
2058-08-26 12:00:00,1.3918172,1.6605415,4.7399197,3.0398397,2.3174791,3.3453653
2058-08-27 12:00:00,2.4554493,2.5279114,4.9292765,4.7790093,2.9173694,3.556712
2058-08-28 12:00:00,3.5244994,2.9513206,2.9047716,3.4134502,3.3684227,1.6293025
2058-08-29 12:00:00,2.8541353,2.3218522,2.6226993,2.813044,2.1242056,1.536767
2058-08-30 12:00:00,1.9434257,1.4922777,3.0126598,2.1506221,1.9059619,1.4868531
2058-08-31 12:00:00,1.8001411,1.3500309,2.4605725,1.9493157,2.0476005,1.5247897
2058-09-01 12:00:00,1.4569688,1.200772,2.1190174,2.4629588,2.2859602,1.730988
2058-09-02 12:00:00,1.9707197,1.5449071,2.689644,1.8681889,2.0295584,1.3908571
2058-09-03 12:00:00,2.2319798,1.7396513,3.2984643,2.155458,2.679434,1.3639462
2058-09-04 12:00:00,2.4744258,2.0509443,2.7457855,2.8826728,2.8831208,1.3125582
2058-09-05 12:00:00,2.2008533,1.7758795,2.6343536,2.6118937,1.8457367,1.7902793
2058-09-06 12:00:00,1.6740707,1.4935272,3.316799,2.0134537,2.3910487,1.3810816
2058-09-07 12:00:00,1.4181086,1.3041896,3.2437692,1.5294689,3.910843,1.3063091
2058-09-08 12:00:00,1.0888011,1.0712167,2.492788,1.6543193,4.6724052,1.2730085
2058-09-09 12:00:00,0.7308049,0.8773646,1.5874231,2.740857,5.9593563,1.4193752
2058-09-10 12:00:00,1.3591542,1.0761267,1.5114969,2.7232387,3.6525753,1.0719038
2058-09-11 12:00:00,0.818295,0.8640976,1.7614666,1.4449809,5.3657947,1.0132296
2058-09-12 12:00:00,0.974761,0.9375899,2.0165932,2.0773041,6.4932218,1.2899866
2058-09-13 12:00:00,0.8858724,0.9342785,1.6002532,2.8283389,5.2457156,1.3814139
2058-09-14 12:00:00,1.4787621,1.2480668,1.9310125,3.826572,5.8211613,1.3247344
2058-09-15 12:00:00,1.0712345,1.2382233,2.5474446,4.219269,5.7747145,2.2000074
2058-09-16 12:00:00,1.2986264,1.3976128,3.4450274,3.7907486,4.246034,2.6751301
2058-09-17 12:00:00,2.576247,1.7902826,3.6474717,2.7776163,4.251755,2.1966078
2058-09-18 12:00:00,4.336008,3.2986257,5.564833,4.3241987,4.116583,3.625046
2058-09-19 12:00:00,4.0560274,3.192842,4.679102,3.3476396,2.6363878,2.917178
2058-09-20 12:00:00,2.2753654,1.8829141,2.903451,2.2168806,1.3171127,2.1502626
2058-09-21 12:00:00,1.093949,1.105843,2.6407208,2.0221932,1.569805,1.5073855
2058-09-22 12:00:00,0.92799395,1.0195062,2.0788903,2.6640449,2.826954,1.2524179
2058-09-23 12:00:00,1.8547523,2.0344374,3.5504491,3.7566807,5.4307365,2.3499966
2058-09-24 12:00:00,1.157053,1.2884779,3.2643535,4.2568703,6.8125124,1.5480295
2058-09-25 12:00:00,1.3227499,1.6907063,1.9858992,5.068177,4.560234,2.174514
2058-09-26 12:00:00,1.1817245,1.3161471,1.9282271,3.489122,4.394211,1.7141824
2058-09-27 12:00:00,1.1536175,0.99171543,2.9669547,2.2728121,4.0955634,1.6668352
2058-09-28 12:00:00,1.7864168,1.5343872,3.6386724,2.5894742,4.310369,1.8663586
2058-09-29 12:00:00,2.2990851,1.7899417,3.3149543,2.477447,3.8120742,1.7690722
2058-09-30 12:00:00,2.2467518,1.7893537,2.414154,2.5056033,2.9801316,1.323367
2058-10-01 12:00:00,2.1535864,1.8336875,2.911438,3.0721946,2.708331,1.4405867
2058-10-02 12:00:00,2.0772402,2.2114809,1.8069824,3.940108,3.5100553,1.1935642
2058-10-03 12:00:00,3.137221,2.5887597,1.9278811,3.2196465,3.891574,1.2254132
2058-10-04 12:00:00,2.551702,1.7303797,3.2652407,1.8955915,3.2245393,1.456138
2058-10-05 12:00:00,1.2053788,0.9650471,3.6345136,1.6811001,4.222611,1.399045
2058-10-06 12:00:00,1.0705578,1.2215488,5.7679925,3.1104531,3.8298078,2.5693643
2058-10-07 12:00:00,2.4230878,2.1649828,4.952953,3.598257,4.249331,2.3346305
2058-10-08 12:00:00,2.0536938,1.9653268,3.2055883,4.6296225,4.818997,1.771136
2058-10-09 12:00:00,2.2910414,2.1051927,5.067589,5.199379,5.4645967,3.5152624
2058-10-10 12:00:00,2.8796961,2.4543676,5.4855275,4.952714,6.3517423,3.890701
2058-10-11 12:00:00,2.8339763,2.5251505,5.254802,3.9185636,6.0224886,3.3805916
2058-10-12 12:00:00,2.7850716,2.4421754,3.3467274,4.399776,4.795044,2.4413733
2058-10-13 12:00:00,1.217282,1.1474464,2.8533227,3.0091045,2.7166755,1.7918565
2058-10-14 12:00:00,1.0785158,0.95518124,2.3586977,2.2239027,4.25327,2.3942468
2058-10-15 12:00:00,1.4517138,1.0889181,3.025314,2.3041503,3.3272192,1.507863
2058-10-16 12:00:00,2.0384872,1.407882,2.7876198,2.4540162,3.880018,1.855725
2058-10-17 12:00:00,2.0436325,1.3742734,3.0457778,2.0498621,3.850978,1.1593128
2058-10-18 12:00:00,2.2641387,1.8296301,3.3193846,2.5867116,2.538942,1.9734837
2058-10-19 12:00:00,4.019819,3.2742808,4.7634397,4.434384,3.9791236,2.6209311
2058-10-20 12:00:00,2.0531936,2.208774,2.9720323,5.114168,4.7101393,2.2242584
2058-10-21 12:00:00,1.5117292,1.3451253,3.3845022,4.6676188,4.7873425,2.8864942
2058-10-22 12:00:00,1.7320634,1.4153044,4.5684004,3.1223829,5.1730204,2.3869417
2058-10-23 12:00:00,2.3295674,1.9496136,4.457933,4.058545,4.814384,3.1031437
2058-10-24 12:00:00,3.0725377,2.5059001,5.5187874,3.5959754,4.27529,2.6743536
2058-10-25 12:00:00,3.2336805,2.1880977,4.446678,3.7178926,3.4905214,2.4059196
2058-10-26 12:00:00,2.7169998,2.1190479,4.713296,3.527819,3.8168821,3.026184
2058-10-27 12:00:00,3.564323,2.8339655,6.19864,5.164823,3.325446,4.4095006
2058-10-28 12:00:00,5.2593484,4.1809983,6.300077,6.861624,4.5536036,4.5514946
2058-10-29 12:00:00,3.8190513,3.1393552,5.14307,5.4259944,4.578666,2.850305
2058-10-30 12:00:00,1.7061653,1.359622,2.8831215,3.1546009,6.106117,1.501839
2058-10-31 12:00:00,1.0230161,1.0429771,3.3318853,4.260153,5.012675,2.848609
2058-11-01 12:00:00,3.3376336,2.3667996,5.536625,4.00803,5.5959363,2.882544
2058-11-02 12:00:00,3.4946785,2.8487363,5.4335666,1.5408152,3.2294738,2.6060534
2058-11-03 12:00:00,2.6675346,2.0638943,4.737409,3.156044,2.6120687,2.9949658
2058-11-04 12:00:00,1.2671509,1.1224897,2.3924754,2.6666212,2.3236563,2.2722394
2058-11-05 12:00:00,2.6851394,2.3834665,3.8580348,3.7620707,2.6149173,3.1785283
2058-11-06 12:00:00,1.5228198,1.8232772,3.9513903,5.7673345,3.1000996,3.1081722
2058-11-07 12:00:00,1.5380893,1.7633924,4.2569065,5.168825,3.1368382,3.292495
2058-11-08 12:00:00,1.6852857,1.7364508,2.9535897,2.5838196,3.325279,2.189553
2058-11-09 12:00:00,0.93040586,1.0753056,2.8416312,2.0944643,4.1231985,1.4695722
2058-11-10 12:00:00,0.5826577,0.82007045,2.711336,3.9511542,3.8891149,1.7309159
2058-11-11 12:00:00,1.0725287,1.055969,4.359309,4.3045835,3.3154166,1.915247
2058-11-12 12:00:00,2.84635,1.8563449,4.270653,3.2664645,3.7279482,1.9620254
2058-11-13 12:00:00,1.2643297,1.1975814,4.071386,3.0582352,3.5091429,2.4135795
2058-11-14 12:00:00,1.7142949,1.6333946,4.3185277,4.1707206,4.1108656,3.0653365
2058-11-15 12:00:00,2.726007,2.3548543,5.276956,4.612009,4.6201634,3.6404274
2058-11-16 12:00:00,2.0211363,1.7843249,2.853037,4.239332,6.3842397,3.006357
2058-11-17 12:00:00,0.9503793,1.0965137,5.0242896,3.588376,6.748926,2.4426577
2058-11-18 12:00:00,1.1776652,1.2094829,3.6143177,2.7384222,3.3769948,2.1160245
2058-11-19 12:00:00,2.5289774,2.5209992,5.802377,6.6061406,4.6964617,4.7272997
2058-11-20 12:00:00,1.3677123,1.1472657,3.2832763,4.3877153,5.095618,2.6424215
2058-11-21 12:00:00,1.172388,1.2790576,3.0394776,4.4454236,5.7827625,1.8982482
2058-11-22 12:00:00,1.3969853,1.310192,2.1461546,4.0701165,6.2347765,1.6660384
2058-11-23 12:00:00,1.9227524,2.0347624,5.548474,5.4604635,7.0706377,4.357944
2058-11-24 12:00:00,2.2075548,2.5015826,3.5406842,7.3286834,8.832482,3.2617912
2058-11-25 12:00:00,2.0493503,1.7807018,3.416215,5.45816,7.840393,2.497826
2058-11-26 12:00:00,1.0262507,1.2694933,2.5938337,4.881025,7.067469,1.9905075
2058-11-27 12:00:00,0.98612684,0.95158064,3.2170205,3.5679424,7.238839,2.001674
2058-11-28 12:00:00,1.8116138,1.6087673,3.7883842,3.146647,4.403195,3.0282826
2058-11-29 12:00:00,5.721321,4.8932986,6.9646854,6.040092,4.5196247,4.6165905
2058-11-30 12:00:00,2.642514,2.2073615,4.054727,4.9275475,5.1497297,3.0221932
2058-12-01 12:00:00,1.9086385,1.8299061,6.1138363,4.4228125,6.8611317,3.105811
2058-12-02 12:00:00,2.195189,2.4623122,5.2406483,5.853405,7.196833,3.5372405
2058-12-03 12:00:00,2.1612391,2.348575,2.9330518,4.362383,5.766181,1.8159583
2058-12-04 12:00:00,1.5048234,1.6405075,3.127561,6.147088,5.24914,3.4146879
2058-12-05 12:00:00,3.1084406,2.361503,5.925456,5.322439,7.631562,2.6235094
2058-12-06 12:00:00,2.2188668,1.7155405,5.211336,5.0424905,6.0995255,3.4177897
2058-12-07 12:00:00,1.5483994,1.5181713,3.2194817,3.2211282,5.090348,1.9557765
2058-12-08 12:00:00,1.6135564,1.7449793,3.924845,4.943662,3.8896706,3.0957773
2058-12-09 12:00:00,5.0011687,4.0806956,7.335813,6.415011,4.157856,4.816361
2058-12-10 12:00:00,3.1643364,2.6419425,4.5416307,7.175055,5.034594,1.9441501
2058-12-11 12:00:00,1.544857,1.7500128,3.9558027,5.7576003,4.1617813,2.876375
2058-12-12 12:00:00,1.0755006,1.362968,2.9498692,3.2301056,3.814795,2.080308
2058-12-13 12:00:00,1.743963,1.4982383,3.695369,2.4228237,3.0767102,1.8818394
2058-12-14 12:00:00,0.8576594,0.9940296,3.768397,3.7481892,3.101349,2.849873
2058-12-15 12:00:00,1.5708332,1.2341511,3.4146569,2.8484607,2.9997535,2.1353457
2058-12-16 12:00:00,2.9359865,1.9771152,4.0830126,3.6693916,3.8689814,1.5200614
2058-12-17 12:00:00,1.5077333,1.3519262,2.296941,4.6466107,6.042148,2.0729754
2058-12-18 12:00:00,0.9294403,1.2947301,2.6451383,6.249661,7.2735677,2.7754428
2058-12-19 12:00:00,1.1725711,1.4870459,4.3016405,6.6027756,9.00928,4.3779798
2058-12-20 12:00:00,2.8421264,2.0733716,4.757381,2.7194974,7.411923,2.6852386
2058-12-21 12:00:00,2.0620713,1.7292519,4.0246468,3.1317632,4.8718505,2.851039
2058-12-22 12:00:00,2.538288,2.1517382,4.2193074,3.3043845,3.520839,3.1009707
2058-12-23 12:00:00,1.5662946,1.4438378,3.4795399,2.533369,4.042697,2.0765574
2058-12-24 12:00:00,1.4233503,1.3162315,3.1885164,3.2586672,3.3817523,2.6750174
2058-12-25 12:00:00,1.0283732,1.1430862,2.1429577,3.0666523,3.2486217,1.8660723
2058-12-26 12:00:00,1.4853597,1.7780248,3.5628982,6.093876,3.53052,2.9637828
2058-12-27 12:00:00,2.4734764,2.3282762,4.4854493,5.3930206,3.0774484,3.4298344
2058-12-28 12:00:00,3.6359282,2.678206,4.627249,3.123448,5.7937274,2.644039
2058-12-29 12:00:00,1.1178916,1.4466352,2.7328563,6.1355934,5.261178,2.6640253
2058-12-30 12:00:00,1.3930211,1.5958529,3.0072055,5.7933965,4.0626287,3.1032674
2058-12-31 12:00:00,1.302749,1.3901979,3.2573507,3.8646958,2.9889488,3.3381073
2059-01-01 12:00:00,0.7126539,0.9615926,4.0000434,5.0234704,4.8007035,3.8843296
2059-01-02 12:00:00,3.2894914,2.7221987,8.441471,6.066095,5.2108154,5.900199
2059-01-03 12:00:00,3.9325995,3.4644885,7.3427157,6.363775,4.156854,5.0995054
2059-01-04 12:00:00,2.8668475,2.7796948,4.2521214,6.2531304,4.0109315,3.57252
2059-01-05 12:00:00,2.5659952,2.377295,5.5813627,7.0867953,4.6011796,4.0959296
2059-01-06 12:00:00,4.207129,3.3775845,7.5714393,7.8929787,6.0997753,5.7468524
2059-01-07 12:00:00,3.065197,2.6964052,6.3379602,6.0432496,5.978595,4.2127676
2059-01-08 12:00:00,1.2973769,1.5235274,3.168924,6.442359,5.1800504,2.6628497
2059-01-09 12:00:00,1.2651224,1.3499024,3.0507352,4.5544796,4.0326962,3.0487275
2059-01-10 12:00:00,2.117827,1.7917863,4.6143,4.805819,5.409359,2.9151769
2059-01-11 12:00:00,2.275357,1.800205,4.2556973,5.0472007,5.1418357,2.8154333
2059-01-12 12:00:00,1.4385571,1.6105258,4.288604,7.5107555,5.280576,3.2120233
2059-01-13 12:00:00,2.2484717,2.0349054,6.980335,5.674241,4.0748644,4.6244717
2059-01-14 12:00:00,3.7683337,3.587823,7.3376966,7.0504694,3.3114402,5.652832
2059-01-15 12:00:00,2.723022,3.01371,6.1710668,6.2714195,3.004842,4.1962833
2059-01-16 12:00:00,3.4213057,2.6203053,5.5925155,4.1428857,2.9567018,3.1497576
2059-01-17 12:00:00,1.5744708,1.5856668,3.136683,3.5206358,3.7136571,2.0981848
2059-01-18 12:00:00,2.0235548,2.085165,5.2451844,5.979249,3.7010608,4.5718756
2059-01-19 12:00:00,3.4137447,2.6985447,6.0468574,7.9078603,5.8923736,4.9770365
2059-01-20 12:00:00,4.731977,3.8176258,6.815401,5.958468,6.2647476,4.9814663
2059-01-21 12:00:00,3.6976573,3.1747494,6.558794,7.885119,5.2908425,5.480123
2059-01-22 12:00:00,4.869548,4.109309,7.1926627,6.7515807,6.309449,5.0638156
2059-01-23 12:00:00,3.7376647,3.0126166,5.703821,5.622274,4.676125,4.063769
2059-01-24 12:00:00,4.407262,3.5993946,7.522046,6.246996,5.3013964,5.2711563
2059-01-25 12:00:00,4.0460033,3.2906845,5.0151396,5.1864777,6.263882,3.8927808
2059-01-26 12:00:00,1.8812853,1.6881691,3.7849698,6.0517893,6.8878837,2.9991243
2059-01-27 12:00:00,1.3717393,1.4740312,2.8576758,7.1111155,5.6988373,3.404085
2059-01-28 12:00:00,1.5182544,1.755995,3.8328562,6.2702584,6.259352,2.6263816
2059-01-29 12:00:00,1.5590167,1.7401292,3.6002748,6.303758,5.620966,2.9205573
2059-01-30 12:00:00,2.0625687,1.9923369,6.0419836,4.825621,2.8781297,4.2046227
2059-01-31 12:00:00,3.1099796,2.8424377,5.5721407,5.341682,3.0389755,3.9448411
2059-02-01 12:00:00,3.1595845,2.7905312,4.786896,4.6735816,3.2766528,3.6086493
2059-02-02 12:00:00,2.1123195,1.8153329,3.3584092,3.2492428,2.6870048,2.2850103
2059-02-03 12:00:00,0.65890265,1.0058103,2.6338475,4.037028,3.1013992,2.1683352
2059-02-04 12:00:00,2.8614354,2.4775946,3.4461064,4.0335913,3.644166,3.0187967
2059-02-05 12:00:00,2.2907195,1.9649649,3.4840841,3.137971,2.7178168,2.642287
2059-02-06 12:00:00,3.4548006,2.6016164,3.2722585,1.8715426,2.3963394,2.4365046
2059-02-07 12:00:00,1.3576694,1.0516456,2.7712712,1.8203977,2.720078,1.6311938
2059-02-08 12:00:00,1.2791688,1.1197157,3.9656572,2.3068125,5.11135,1.6757367
2059-02-09 12:00:00,4.0090737,3.1565936,4.255227,3.6834228,6.3050175,2.3453033
2059-02-10 12:00:00,3.4733627,2.8983316,5.29205,3.5366747,6.7096176,2.6767292
2059-02-11 12:00:00,2.6125093,2.1873047,5.502065,3.8095222,5.8751535,2.462484
2059-02-12 12:00:00,4.1387424,3.4211607,7.4263816,5.008251,4.5308123,3.7729669
2059-02-13 12:00:00,3.7383103,3.5646188,5.2290363,6.131763,6.897554,3.8712354
2059-02-14 12:00:00,1.2667979,1.2860271,2.2505345,3.3484268,7.894752,1.6712769
2059-02-15 12:00:00,3.7924356,2.7500367,5.0077033,2.7988324,5.272999,2.593817
2059-02-16 12:00:00,3.4425688,2.9442956,4.0852027,4.634564,5.21589,2.0965648
2059-02-17 12:00:00,1.9892321,1.9191563,2.9346936,6.147507,4.5446706,3.2522433
2059-02-18 12:00:00,1.5599706,1.4509326,4.3880773,5.083369,4.9185123,2.2057896
2059-02-19 12:00:00,2.119771,1.9902211,6.560543,3.7373564,5.088128,3.2722538
2059-02-20 12:00:00,1.0618763,1.4137266,6.1591344,3.1296005,3.921336,3.5453916
2059-02-21 12:00:00,0.90266097,1.0031822,3.3004286,4.8917074,4.4161596,2.848096
2059-02-22 12:00:00,1.5767772,1.8370088,2.9077458,5.127042,5.2131143,2.431595
2059-02-23 12:00:00,1.6692154,1.8847637,2.4759,4.906239,4.584005,1.9330487
2059-02-24 12:00:00,0.82802033,1.0846001,2.2594054,6.09072,4.338389,1.748948
2059-02-25 12:00:00,2.2833767,1.6744307,3.67381,4.020289,3.3559399,2.1057208
2059-02-26 12:00:00,3.766097,3.0429509,5.208252,3.0349433,5.2203593,2.7035627
2059-02-27 12:00:00,4.4684324,3.2128153,6.8783855,2.8811333,7.0698657,3.3069959
2059-02-28 12:00:00,3.789009,3.213169,4.6791973,3.7544208,7.4546266,3.1865594
2059-03-01 12:00:00,1.4405613,1.7709494,4.2699327,3.905194,6.863188,2.435486
2059-03-02 12:00:00,1.9062905,1.9520818,3.052645,3.6568742,5.0832176,1.513075
2059-03-03 12:00:00,2.6819782,2.049755,3.3254316,2.7610955,5.815181,1.8211087
2059-03-04 12:00:00,1.7703751,1.683258,3.0679946,4.73485,5.0901103,2.4350069
2059-03-05 12:00:00,1.0719774,1.0587044,3.8218112,4.2687273,4.103986,2.507223
2059-03-06 12:00:00,2.4172344,2.1902776,5.4125323,4.1636243,3.704035,2.764365
2059-03-07 12:00:00,2.1555326,2.1259181,6.4331822,3.2110515,4.7195625,3.182506
2059-03-08 12:00:00,2.2398014,2.070576,6.260142,2.8622603,3.2085848,3.038001
2059-03-09 12:00:00,2.2630553,1.8542464,4.5636954,2.232943,2.6564202,2.2498176
2059-03-10 12:00:00,1.6754037,1.5831826,4.445414,2.2166443,3.507684,2.1665645
2059-03-11 12:00:00,2.0728374,1.637704,3.3803449,3.1890152,4.859657,1.8656622
2059-03-12 12:00:00,3.5570884,3.1875408,3.5201693,5.9079466,6.152307,3.0077107
2059-03-13 12:00:00,3.254032,2.301336,4.4159694,3.3075135,4.696293,2.4063692
2059-03-14 12:00:00,2.2143955,2.2032683,3.8665123,5.7495975,5.5287156,3.2076712
2059-03-15 12:00:00,2.1170063,2.2048228,5.762946,5.1516566,5.3398867,4.7801385
2059-03-16 12:00:00,1.9623685,1.6252688,5.3723335,4.084115,4.895276,3.2465525
2059-03-17 12:00:00,1.3834691,1.2759142,4.0192065,4.003891,4.8482614,2.4993677
2059-03-18 12:00:00,1.5211911,1.3729721,3.2579114,4.074358,4.738993,2.4524722
2059-03-19 12:00:00,1.4101657,1.413853,3.9262164,3.437125,4.057376,2.803277
2059-03-20 12:00:00,2.1712694,2.2432032,5.0349035,6.5600786,6.2490153,4.505902
2059-03-21 12:00:00,1.0492573,1.3851953,3.1486712,4.7085404,5.9551554,2.1692653
2059-03-22 12:00:00,2.1531315,1.8238314,3.8691998,4.074348,4.6352754,3.0127256
2059-03-23 12:00:00,2.8132315,2.394594,5.0000553,3.6710439,3.8394668,3.0852575
2059-03-24 12:00:00,2.770236,2.8922324,5.2759743,3.6405976,3.268813,3.0895355
2059-03-25 12:00:00,1.3498889,1.3219885,2.211846,3.8115082,3.4263952,1.8627332
2059-03-26 12:00:00,1.170961,1.0760714,3.3807971,3.304919,3.7485867,2.6174812
2059-03-27 12:00:00,1.3051838,1.2704631,3.9414482,1.7972511,2.6548371,2.0430505
2059-03-28 12:00:00,0.9616659,1.1542879,1.9935962,1.4294269,2.7668927,1.3134518
2059-03-29 12:00:00,1.882494,1.5702525,3.1165612,1.7910779,2.7944934,1.7705778
2059-03-30 12:00:00,4.4132233,3.7158475,6.6294127,4.556784,2.9627755,3.8003917
2059-03-31 12:00:00,3.713074,3.4184182,3.6347656,3.8327737,2.2670128,2.5998926
2059-04-01 12:00:00,2.1464796,1.9493448,3.194483,2.6020548,3.4914913,2.0732398
2059-04-02 12:00:00,1.6780996,1.3165461,4.615655,3.2941754,6.0930476,1.8088918
2059-04-03 12:00:00,1.9221686,1.5623927,5.2617383,3.021973,6.279484,2.4140081
2059-04-04 12:00:00,1.9502454,1.7957864,4.3370442,3.7845142,5.098287,2.09163
2059-04-05 12:00:00,1.6426803,1.6242244,3.2138736,3.4709451,4.7730966,2.9204407
2059-04-06 12:00:00,1.5200337,1.0969956,3.636267,3.1514845,6.277749,2.0565386
2059-04-07 12:00:00,0.94459474,0.9779583,3.7640138,2.2439091,4.6940155,1.6406885
2059-04-08 12:00:00,0.9549228,1.1429566,3.5698838,1.9071382,2.8126588,1.499005
2059-04-09 12:00:00,0.84696746,0.90949106,1.7857239,2.0344625,2.547046,1.1555911
2059-04-10 12:00:00,1.9239161,1.6474905,3.0237124,3.6367831,3.113692,1.5400459
2059-04-11 12:00:00,1.6353997,1.7029136,3.2908525,4.0470953,4.0446653,2.2387059
2059-04-12 12:00:00,1.5878471,1.8720385,3.1232703,4.0302806,3.1380167,2.106966
2059-04-13 12:00:00,1.2494099,1.5221537,2.534108,3.5350606,2.92699,2.2596483
2059-04-14 12:00:00,2.6485734,2.2647424,4.228649,3.5391834,2.0998757,2.5978856
2059-04-15 12:00:00,1.4178587,1.712675,3.415787,4.0326385,3.3957508,2.1928926
2059-04-16 12:00:00,3.3056712,2.7977674,2.5798852,4.6787086,3.4280803,2.0251
2059-04-17 12:00:00,1.8582917,1.9824827,4.368758,5.0280404,7.6981845,2.973673
2059-04-18 12:00:00,2.012784,2.0393472,3.5743432,3.7746744,8.958259,1.434131
2059-04-19 12:00:00,1.2616271,1.5935007,3.5868564,3.7169068,6.3836946,1.4287566
2059-04-20 12:00:00,1.2664572,1.3171917,5.202344,3.1827557,5.6458364,2.555974
2059-04-21 12:00:00,2.287531,2.079303,4.1151633,3.7128196,4.5567226,2.869372
2059-04-22 12:00:00,3.0726933,2.5711324,2.5950663,3.076432,3.3391342,2.130225
2059-04-23 12:00:00,3.0144835,2.6799152,3.141133,3.0946403,3.1260376,1.9671127
2059-04-24 12:00:00,3.3227837,2.733399,4.068841,3.3641522,3.0672257,2.1492176
2059-04-25 12:00:00,3.2854855,2.8099146,4.4925833,3.6586652,2.9013278,2.2849731
2059-04-26 12:00:00,2.0641499,2.124923,2.584746,3.0195668,3.6742373,1.9160006
2059-04-27 12:00:00,1.163633,1.1538376,2.1300266,2.5321026,3.8255677,1.6623119
2059-04-28 12:00:00,2.8120394,2.49679,4.9521117,3.3813453,3.9434032,2.575146
2059-04-29 12:00:00,4.0889654,3.4745767,5.938788,5.4112105,5.1873703,4.082322
2059-04-30 12:00:00,3.9856834,3.6459851,5.62861,7.107419,6.35921,4.514928
2059-05-01 12:00:00,2.6784506,2.3422205,4.6827216,4.6686273,3.7681332,3.0600774
2059-05-02 12:00:00,2.77037,1.9290693,3.4891038,3.5165532,6.2261267,2.3621223
2059-05-03 12:00:00,1.3983059,1.5045843,2.816143,4.382784,5.6999807,2.3518553
2059-05-04 12:00:00,1.98016,2.1321228,3.458945,3.571778,4.475385,2.1183004
2059-05-05 12:00:00,1.4795707,1.3478442,3.2929764,2.1121216,3.6236596,2.550124
2059-05-06 12:00:00,1.6271071,1.7976772,3.092242,2.455498,2.987366,2.612152
2059-05-07 12:00:00,1.725044,1.7057265,2.7181275,3.218103,3.0560598,2.4979718
2059-05-08 12:00:00,1.7919996,1.6399889,2.2318327,2.9938724,3.2897625,1.7078657
2059-05-09 12:00:00,2.1855097,1.9162929,2.7372367,3.179176,3.3573482,2.2185917
2059-05-10 12:00:00,2.8192747,2.1963022,2.980292,3.0925133,3.59343,2.029145
2059-05-11 12:00:00,2.587466,2.3809385,4.465422,3.319698,3.5590699,2.5861745
2059-05-12 12:00:00,2.1791282,2.2223072,3.4168406,3.6706593,4.4693904,3.664201
2059-05-13 12:00:00,2.3310099,1.8482533,3.908392,2.702506,4.3121552,3.1394765
2059-05-14 12:00:00,2.1162047,1.8670115,3.798713,3.2266524,4.52191,2.4558673
2059-05-15 12:00:00,2.0941029,2.3152661,2.6363428,5.4140215,5.4194965,2.4204695
2059-05-16 12:00:00,1.9762138,1.6290846,3.1657047,3.392919,5.572663,2.0074496
2059-05-17 12:00:00,4.0827293,3.097012,4.098578,5.310739,5.913667,3.1628988
2059-05-18 12:00:00,1.813036,1.6649985,3.0614426,4.1168303,5.2892394,2.9130838
2059-05-19 12:00:00,1.1862233,1.4430625,2.613019,3.612273,3.9291718,1.6501843
2059-05-20 12:00:00,2.0121398,1.4947643,2.6976955,2.201738,2.4893737,1.6334987
2059-05-21 12:00:00,1.2408957,1.1634358,2.435922,2.5327168,4.3845673,2.0392008
2059-05-22 12:00:00,2.322423,2.1763363,5.2531147,3.09619,3.5710144,3.6752634
2059-05-23 12:00:00,2.9002426,3.0648146,5.8463387,3.4019918,3.8933663,2.6438036
2059-05-24 12:00:00,2.8235111,2.3873615,3.963576,3.5043454,2.9388647,1.9319211
2059-05-25 12:00:00,2.9777613,2.0986273,3.8577542,3.7830358,2.6318076,1.6481038
2059-05-26 12:00:00,1.8671911,1.9760064,6.41053,5.2782593,4.2262125,3.5881073
2059-05-27 12:00:00,2.3663008,2.4911304,3.771927,3.574712,3.9979973,2.11389
2059-05-28 12:00:00,2.2983966,2.240281,3.3164172,4.373286,6.0143437,2.374552
2059-05-29 12:00:00,2.8755174,2.845936,3.6182914,5.513023,5.248232,3.1987476
2059-05-30 12:00:00,2.2756708,2.3184009,3.715927,3.2245297,3.83524,2.495792
2059-05-31 12:00:00,2.4020834,2.186373,4.273434,3.8666146,2.4960644,2.8010426
2059-06-01 12:00:00,1.7255731,1.7736549,3.5422864,2.8123143,2.0066497,2.091553
2059-06-02 12:00:00,2.4589782,2.0629666,2.9237518,3.5158417,2.405551,2.5636423
2059-06-03 12:00:00,2.1376152,1.970832,2.7204688,4.014549,2.6166654,1.8697225
2059-06-04 12:00:00,1.8973471,2.1995544,2.1719348,3.2211547,2.1634235,1.5384955
2059-06-05 12:00:00,1.869636,1.4945318,1.64356,2.0273979,2.6091142,1.3798481
2059-06-06 12:00:00,1.8608123,1.7655022,2.332864,2.9409304,4.236975,1.5270611
2059-06-07 12:00:00,2.723456,2.2574773,2.2662523,2.9698641,3.5901241,1.4909604
2059-06-08 12:00:00,3.1795676,2.6345687,3.0511987,3.6076493,3.2340481,2.0753076
2059-06-09 12:00:00,2.1972442,1.8480566,1.966047,4.142923,3.3291717,1.3438433
2059-06-10 12:00:00,1.6902491,1.6147029,2.1555355,3.0251436,3.3184457,1.3832654
2059-06-11 12:00:00,2.1965055,1.8152183,1.9656777,2.3674142,4.0903864,1.5686661
2059-06-12 12:00:00,2.2896414,1.948201,2.6292737,2.1557653,3.8965516,1.8670148
2059-06-13 12:00:00,2.5730991,1.8565525,3.5083706,2.49859,2.4203005,2.5523062
2059-06-14 12:00:00,1.043703,1.0057552,2.660612,2.0367987,2.95149,1.9847132
2059-06-15 12:00:00,1.1430223,1.3280107,2.7111452,3.0686827,3.619848,1.9614496
2059-06-16 12:00:00,1.2659804,1.2273033,2.698711,2.606656,5.802111,1.8973596
2059-06-17 12:00:00,1.3241267,1.249142,3.4839125,3.6054614,5.525226,2.1000695
2059-06-18 12:00:00,2.3150666,1.8767617,3.9030905,3.9431074,4.93225,2.6631236
2059-06-19 12:00:00,1.687539,1.7741868,4.1408844,3.4003859,4.387228,3.414522
2059-06-20 12:00:00,1.8787935,1.8830192,3.7574856,3.2693906,4.4478536,3.1384156
2059-06-21 12:00:00,2.9721644,2.6468782,3.329153,3.988449,4.564853,3.0093699
2059-06-22 12:00:00,2.277246,2.1449337,2.719755,3.9656587,4.7903295,2.207862
2059-06-23 12:00:00,2.0042396,1.7173663,1.9786785,3.8889716,4.895808,1.3577565
2059-06-24 12:00:00,1.5999604,1.5295956,1.9312053,3.1518283,4.881492,1.440033
2059-06-25 12:00:00,1.3719312,1.2739322,2.1035688,2.8378513,5.431981,1.7850147
2059-06-26 12:00:00,1.1323273,1.1903732,1.8964213,2.805542,5.4541025,1.5682667
2059-06-27 12:00:00,1.3143209,1.2907156,1.952578,2.6718197,4.9836884,1.3700533
2059-06-28 12:00:00,1.3979118,1.3856777,2.4108357,2.6006691,4.8833017,1.4146724
2059-06-29 12:00:00,1.199814,1.2812605,2.2896984,1.9505271,3.918289,1.1876196
2059-06-30 12:00:00,1.1017148,1.38778,2.4618664,1.8512537,3.1612694,1.441627
2059-07-01 12:00:00,1.8305957,1.5581807,3.1620696,3.0885081,3.76098,2.3238738
2059-07-02 12:00:00,1.7228484,1.7483199,3.3618584,3.4602275,3.2615876,2.3808014
2059-07-03 12:00:00,1.5516174,1.3910125,3.632278,2.6874812,3.284385,2.4913287
2059-07-04 12:00:00,1.3404315,1.3904852,2.917161,2.6068187,3.2477913,1.6761283
2059-07-05 12:00:00,1.7289565,1.8405986,2.2407506,3.44948,2.6938925,1.4327656
2059-07-06 12:00:00,1.6266594,1.7480296,2.3352141,2.37162,3.0555084,1.8599286
2059-07-07 12:00:00,0.9508498,1.108894,3.6787438,2.4682515,3.4469829,2.5306182
2059-07-08 12:00:00,2.0413275,2.232517,5.0445957,2.3093736,2.676401,2.708853
2059-07-09 12:00:00,2.7906005,2.5786555,4.340549,3.8095822,3.9840996,3.090109
2059-07-10 12:00:00,2.6724672,2.534366,4.2455087,5.0278077,5.875962,2.4552572
2059-07-11 12:00:00,2.6624198,1.9465952,3.3005602,3.1375387,5.537003,2.4479437
2059-07-12 12:00:00,1.4434344,1.2196165,1.9147894,2.227821,4.529074,1.5241777
2059-07-13 12:00:00,1.6497486,1.4866759,2.234598,1.8168122,2.9072013,1.0726916
2059-07-14 12:00:00,1.5090559,1.252062,2.0561252,1.5748748,1.8704263,1.1438371
2059-07-15 12:00:00,0.9313228,0.8868822,2.1565802,1.6772143,2.0156314,1.4044291
2059-07-16 12:00:00,1.4593678,1.4058142,2.5282845,1.9117434,2.197107,1.9015167
2059-07-17 12:00:00,1.2354887,1.2922587,2.5866654,1.8367385,3.0047357,1.5198804
2059-07-18 12:00:00,1.1642866,1.1895595,2.2349455,1.8494334,2.2860005,1.4142994
2059-07-19 12:00:00,1.8258959,1.4912391,2.8368716,2.7054734,2.8909903,1.4356334
2059-07-20 12:00:00,2.6338966,1.9958993,4.1037936,2.8852365,3.2100625,2.1482627
2059-07-21 12:00:00,1.9472626,1.5585712,4.415113,2.595445,4.069359,2.1238766
2059-07-22 12:00:00,1.6937037,1.3371068,3.5929346,2.2667956,2.9737756,1.8169723
2059-07-23 12:00:00,1.4784443,1.2992808,2.0754285,2.0888844,2.5308993,1.1976
2059-07-24 12:00:00,2.4399304,2.2025285,2.72532,3.5359523,3.239741,2.233821
2059-07-25 12:00:00,1.6672832,1.7525628,3.3690913,3.6125777,5.286265,2.3516917
2059-07-26 12:00:00,2.249209,1.7870684,3.0523024,4.6753283,5.0101223,1.5693026
2059-07-27 12:00:00,1.4972095,1.2993181,2.2366693,3.785272,4.1393623,1.4420398
2059-07-28 12:00:00,1.1400063,1.1715317,1.7764854,3.578654,3.9244034,1.3334962
2059-07-29 12:00:00,1.5814259,1.3705343,2.5762222,3.9358385,4.144092,1.7973232
2059-07-30 12:00:00,2.018497,1.6184219,3.0598092,4.193114,4.180312,1.8484435
2059-07-31 12:00:00,1.713621,1.5475787,2.6174722,3.835181,4.952984,1.9079742
2059-08-01 12:00:00,2.7075634,2.0887682,4.4227786,4.344432,3.6425767,2.2273517
2059-08-02 12:00:00,2.0261734,1.7295082,3.6843853,6.0044584,3.7802818,2.548226
2059-08-03 12:00:00,2.8371065,2.5314784,4.009027,5.108993,3.8501675,3.9790251
2059-08-04 12:00:00,3.2848783,2.9181228,5.550729,3.2886605,3.0933154,3.5918784
2059-08-05 12:00:00,2.636553,2.4871192,3.4309502,2.2769768,2.7935987,1.5498381
2059-08-06 12:00:00,1.9311382,1.6372167,2.9779177,2.4132617,2.404252,1.688211
2059-08-07 12:00:00,1.5186002,1.5207136,2.941955,2.6180542,2.9191418,1.9966992
2059-08-08 12:00:00,1.904824,1.6634219,2.4700098,2.4816823,2.976319,1.693336
2059-08-09 12:00:00,1.6198772,1.460985,3.2493775,3.4268322,3.3994217,2.282429
2059-08-10 12:00:00,2.3903685,2.5468524,4.525205,4.3108706,3.718601,2.5101738
2059-08-11 12:00:00,3.6293726,2.9916544,4.4379134,3.4482977,3.3875732,4.2460837
2059-08-12 12:00:00,1.6985242,1.6729162,2.1703763,3.660072,3.5952697,1.8999602
2059-08-13 12:00:00,1.4033031,1.2893243,2.2645998,2.3912914,2.9265273,1.4739515
2059-08-14 12:00:00,1.0020797,1.3954514,2.300295,3.7895446,3.4993405,1.2752169
2059-08-15 12:00:00,1.9966407,1.8567047,2.392245,2.671722,3.0956511,1.5576653
2059-08-16 12:00:00,1.9701403,1.6646469,1.6810913,2.8869383,2.716958,1.2331933
2059-08-17 12:00:00,1.3018266,1.2087775,2.2007205,2.0332997,3.6458044,1.1301585
2059-08-18 12:00:00,2.557005,1.8000494,2.3940918,2.924398,4.5797873,1.3567792
2059-08-19 12:00:00,2.7044358,2.5065482,3.3352969,3.5078197,4.3684,2.2607317
2059-08-20 12:00:00,2.1284204,2.1928048,3.362209,5.33613,4.554766,2.1858525
2059-08-21 12:00:00,2.1019726,1.5416819,2.8490279,1.9116713,5.465355,1.545945
2059-08-22 12:00:00,1.2159064,1.1389158,2.4312494,2.3700917,3.8940465,1.3299586
2059-08-23 12:00:00,1.4457095,1.4335814,2.7305999,3.1369379,4.055902,1.1064517
2059-08-24 12:00:00,1.3540584,1.3691787,2.9891052,1.7706733,3.574244,1.297981
2059-08-25 12:00:00,0.74157983,0.8102362,2.4292057,1.2068949,3.1474142,1.2900076
2059-08-26 12:00:00,0.85550773,0.9103481,1.93154,1.5786878,4.384829,1.0793148
2059-08-27 12:00:00,1.2951514,1.0812813,1.660961,1.3349669,5.2025933,1.1233499
2059-08-28 12:00:00,1.6837807,1.1882747,1.6476729,2.2142463,5.434849,1.0728959
2059-08-29 12:00:00,1.0854341,1.0601046,1.6909083,2.356703,5.3874755,1.1852254
2059-08-30 12:00:00,1.0204424,0.989624,2.1492565,1.6276124,3.8524683,1.6042804
2059-08-31 12:00:00,1.6793057,1.4809191,2.9553115,2.252652,2.041857,1.6139292
2059-09-01 12:00:00,1.9405136,1.9793901,2.4216058,3.403483,2.363905,1.6552051
2059-09-02 12:00:00,2.3811255,2.2507603,3.701799,2.6750436,3.4228873,1.9882735
2059-09-03 12:00:00,3.5823424,2.731605,5.068123,3.535921,3.5924857,3.1128273
2059-09-04 12:00:00,2.740261,2.3704638,3.1897163,5.5093613,4.5510616,2.3503077
2059-09-05 12:00:00,2.3469844,2.1317084,4.3346033,2.8951728,3.4583335,2.5442572
2059-09-06 12:00:00,1.4749458,1.5957813,3.665599,2.7439318,2.9303997,2.121039
2059-09-07 12:00:00,1.447894,1.3172709,2.6772127,2.6906445,2.4036887,1.9080666
2059-09-08 12:00:00,2.8094454,2.288564,4.2131104,2.6377733,1.9815903,1.8912917
2059-09-09 12:00:00,2.367783,2.5099254,2.5882182,3.4086196,2.8927374,1.5357242
2059-09-10 12:00:00,3.7803597,3.170601,3.041457,3.5896747,3.4869447,1.6734651
2059-09-11 12:00:00,1.9200225,1.9213837,2.3653765,3.0752437,3.7285843,1.4878987
2059-09-12 12:00:00,3.092105,2.5021007,3.512055,3.538497,3.5258865,2.4116452
2059-09-13 12:00:00,3.011705,2.259627,4.245851,2.4860303,4.087002,2.0343738
2059-09-14 12:00:00,2.1716,2.003091,3.6122167,2.1893404,3.5524158,1.8798174
2059-09-15 12:00:00,1.6947773,1.681367,3.0343652,3.2205625,3.0987482,1.967598
2059-09-16 12:00:00,2.83886,2.3329513,5.5824814,4.4336042,3.7988672,3.8165045
2059-09-17 12:00:00,2.1508133,2.2337358,3.539408,4.3284984,3.8209794,1.962477
2059-09-18 12:00:00,1.2712193,1.2132001,1.8971163,2.0130327,2.1680276,1.1472293
2059-09-19 12:00:00,1.2567973,1.1781955,2.8147068,1.9680299,2.0518167,1.168649
2059-09-20 12:00:00,1.2355202,1.1137313,3.3152416,1.5886918,2.1082635,1.4347019
2059-09-21 12:00:00,1.5602107,1.5234607,4.096567,2.6920264,2.3301806,2.0545096
2059-09-22 12:00:00,2.3604627,2.056474,2.9750917,3.8504584,4.0441966,1.9736747
2059-09-23 12:00:00,2.856178,2.6799114,4.6125226,3.2066166,4.136052,3.1694145
2059-09-24 12:00:00,2.2607477,2.343029,3.52459,3.9116635,5.565577,2.3427742
2059-09-25 12:00:00,1.7825252,1.6213839,3.229358,5.03992,4.222531,2.6648881
2059-09-26 12:00:00,1.1354425,1.1568283,1.6147211,6.3397436,6.054597,1.5598662
2059-09-27 12:00:00,1.9101367,1.5862976,2.094478,4.330876,5.4558477,1.6265177
2059-09-28 12:00:00,1.1921797,1.061906,2.2456338,2.2724009,4.333734,1.3102036
2059-09-29 12:00:00,1.105309,1.3044292,2.7782514,3.0243497,6.7561617,1.2818805
2059-09-30 12:00:00,1.5802021,1.4406095,2.3359256,4.131154,7.3778353,1.6035596
2059-10-01 12:00:00,2.3585982,1.9832339,1.9245021,4.7298098,5.156347,1.9870414
2059-10-02 12:00:00,2.5800247,2.3312676,3.933239,5.757047,3.203561,3.5700827
2059-10-03 12:00:00,3.9094288,3.5878887,7.3326817,5.9970284,4.1239276,5.0153084
2059-10-04 12:00:00,3.187454,3.009523,7.0367975,6.036062,5.4453306,4.729305
2059-10-05 12:00:00,3.3646693,3.591095,3.4199798,7.2721543,6.8928103,2.7801993
2059-10-06 12:00:00,1.7463284,1.8984925,2.1292424,3.603577,6.699998,2.026055
2059-10-07 12:00:00,1.9366884,1.6890519,2.330132,3.2586908,4.748195,1.8565199
2059-10-08 12:00:00,1.5160064,1.2469416,4.353532,3.3811934,4.5853653,1.5996823
2059-10-09 12:00:00,1.6972276,1.7398096,3.225371,4.8319216,3.2175434,2.6720314
2059-10-10 12:00:00,1.5707141,1.7066082,2.8526819,2.365933,2.2982383,2.2919893
2059-10-11 12:00:00,0.6685042,0.79355866,1.8685782,1.4886715,3.0450747,1.3487564
2059-10-12 12:00:00,1.0754312,0.83696747,3.0118492,1.8680354,3.5160856,1.1507993
2059-10-13 12:00:00,1.2301261,1.139188,2.0083253,1.7089043,3.7321465,1.2459888
2059-10-14 12:00:00,0.8070749,0.98202837,1.4507796,2.4792304,2.7238972,0.9395689
2059-10-15 12:00:00,1.1606348,1.0360699,3.484979,2.085458,4.113825,1.0889446
2059-10-16 12:00:00,2.364183,1.6165489,3.5201938,1.2885858,5.440621,1.717338
2059-10-17 12:00:00,2.7429864,2.0378938,4.9087157,2.1331785,5.627542,2.3827066
2059-10-18 12:00:00,2.1674166,2.2235982,3.414578,2.1851904,3.1830876,2.1882775
2059-10-19 12:00:00,1.3160961,1.4317442,2.2609832,2.4124582,1.7482156,1.3481716
2059-10-20 12:00:00,1.1838753,1.0858048,3.0089493,2.5824447,2.3798974,1.5469489
2059-10-21 12:00:00,1.4759127,1.2382607,5.095006,3.0318763,2.6865501,2.8316514
2059-10-22 12:00:00,4.085784,3.109073,5.967889,4.1163216,2.6706731,3.0554292
2059-10-23 12:00:00,3.2060657,2.639547,2.4241264,3.282065,2.8826642,1.3849708
2059-10-24 12:00:00,0.8918432,0.9148975,2.5955982,2.6848743,3.0215416,2.1097264
2059-10-25 12:00:00,2.69173,2.5171485,4.960141,5.084198,3.5015624,3.8910444
2059-10-26 12:00:00,1.7684047,1.6904933,3.0340304,4.1536074,3.860738,1.6932958
2059-10-27 12:00:00,1.9692094,2.143363,3.5994751,5.5174203,4.396614,2.442623
2059-10-28 12:00:00,2.2210522,1.9832429,4.435559,2.5784512,5.008803,2.782793
2059-10-29 12:00:00,2.0952106,2.3310764,6.7069798,5.897112,5.3487854,5.063482
2059-10-30 12:00:00,2.25425,2.3594816,4.1285543,3.423976,4.0812254,3.026254
2059-10-31 12:00:00,2.6070645,2.2642086,5.730769,5.3219643,4.3611164,4.9986567
2059-11-01 12:00:00,3.7051287,3.3392744,5.190745,4.6738997,4.427984,4.509334
2059-11-02 12:00:00,1.6970822,1.6293244,5.084399,3.4910278,3.929525,3.519163
2059-11-03 12:00:00,2.3746266,1.8900867,4.9987655,3.6742637,3.8307314,2.6878304
2059-11-04 12:00:00,1.3811436,1.5076854,3.1252086,4.10126,3.5360115,1.9573103
2059-11-05 12:00:00,3.4684942,2.6888788,4.40074,2.8787954,2.189782,2.7936964
2059-11-06 12:00:00,2.7059293,2.0945237,4.7586784,2.6223454,4.747337,2.1638858
2059-11-07 12:00:00,2.9173856,2.063182,5.355969,2.045445,4.8131948,2.4656878
2059-11-08 12:00:00,2.3862724,1.6439917,4.9773993,3.181101,5.091354,2.1730542
2059-11-09 12:00:00,2.5188763,2.2015247,3.8870356,5.3480606,6.648774,2.2017467
2059-11-10 12:00:00,1.7554862,1.545413,5.0285087,4.278093,7.3341517,2.325179
2059-11-11 12:00:00,4.106765,2.9458694,7.163142,3.7153206,6.6469607,3.4339843
2059-11-12 12:00:00,2.8978584,2.750015,3.5099332,4.769557,5.511818,2.8552873
2059-11-13 12:00:00,0.8484166,1.0741401,2.6275377,4.354725,3.0912914,2.4524913
2059-11-14 12:00:00,1.8212477,1.4697881,4.0285063,3.334759,3.7387283,2.8256035
2059-11-15 12:00:00,0.86859095,1.068795,2.46432,4.4742894,4.131931,2.278558
2059-11-16 12:00:00,1.4372551,1.4120672,4.553735,3.7431886,3.5246375,2.630022
2059-11-17 12:00:00,2.803121,2.294786,5.397663,4.299721,4.149281,2.5576653
2059-11-18 12:00:00,2.1867104,2.5782135,3.504288,3.6515005,3.3821163,2.5627277
2059-11-19 12:00:00,2.6200037,2.2964995,6.4858565,5.361141,3.9772034,4.7553835
2059-11-20 12:00:00,2.0787294,1.772555,3.9275835,4.281564,5.1450796,2.7348716
2059-11-21 12:00:00,2.0943856,1.7471827,4.0444736,3.3889306,6.297363,2.2376544
2059-11-22 12:00:00,1.7346052,1.7518092,4.992408,4.78443,4.1702037,3.2759151
2059-11-23 12:00:00,3.4313707,2.9280517,4.570667,5.8839817,6.0165243,5.1510754
2059-11-24 12:00:00,1.3917065,1.8165709,3.2925332,5.526105,4.757314,2.5358887
2059-11-25 12:00:00,1.609044,1.4995426,3.8797338,2.731644,5.318221,2.1560786
2059-11-26 12:00:00,2.2016296,1.5911756,4.6485696,2.9374256,5.5137806,2.1747456
2059-11-27 12:00:00,3.8907623,2.540948,5.9585166,3.1769233,4.6911154,2.8981519
2059-11-28 12:00:00,4.8909707,3.5749938,4.5436482,4.2067623,5.845533,2.7041068
2059-11-29 12:00:00,3.2516656,2.276489,3.1302743,3.6201727,3.905922,1.9893212
2059-11-30 12:00:00,2.3338478,1.6211729,3.3271265,3.325381,4.4157166,2.1150887
2059-12-01 12:00:00,0.9305912,1.0664265,4.438929,4.0756917,5.0614085,3.0966647
2059-12-02 12:00:00,0.9736861,1.0944324,3.3290129,4.1418734,6.6305714,2.3984585
2059-12-03 12:00:00,1.7366159,1.8548396,4.4866376,3.2554913,5.5308795,3.1339588
2059-12-04 12:00:00,3.1782756,2.9214451,4.8617773,4.4771676,6.527237,4.0284166
2059-12-05 12:00:00,1.7157023,1.5429405,2.6807866,4.9561415,7.5784316,2.7971208
2059-12-06 12:00:00,1.5276964,1.5891807,4.5204844,3.5963132,5.9114227,3.5908797
2059-12-07 12:00:00,2.5013103,2.403958,5.275718,3.1915622,4.479737,3.902458
2059-12-08 12:00:00,1.930531,2.0188901,6.0650387,4.0386987,3.9364157,3.4138923
2059-12-09 12:00:00,2.2013605,2.1952462,5.8295226,6.2273397,4.5628667,4.600853
2059-12-10 12:00:00,4.299388,3.803294,8.030277,7.3062725,3.8418386,5.917371
2059-12-11 12:00:00,2.3785498,2.2822526,6.5330334,5.4076037,4.2949057,3.624075
2059-12-12 12:00:00,1.4284481,1.6270019,2.8516767,5.2132406,5.3584876,1.800194
2059-12-13 12:00:00,1.4420288,1.3820543,2.0355165,3.2898304,5.849259,2.8306153
2059-12-14 12:00:00,1.0526042,1.0734721,4.078638,3.7204564,4.7324386,3.256673
2059-12-15 12:00:00,1.7698413,1.5558393,5.038668,4.088033,4.181826,2.9528658
2059-12-16 12:00:00,2.8293514,2.3320532,4.8880954,4.703587,4.0045905,3.2377682
2059-12-17 12:00:00,2.16667,1.8906857,5.241219,4.9164443,3.5171633,3.1359777
2059-12-18 12:00:00,2.068991,1.9531783,3.9285362,5.1976714,4.6873403,3.1657002
2059-12-19 12:00:00,2.429201,1.8520999,4.9176526,3.7045004,5.3732533,2.8950162
2059-12-20 12:00:00,2.0220385,1.5113882,4.9945455,3.6899998,4.153247,3.4217002
2059-12-21 12:00:00,1.3174331,1.2352147,5.4896145,3.8802476,2.842846,3.5210626
2059-12-22 12:00:00,2.749133,2.3032537,6.407216,4.3685203,3.2130213,4.256534
2059-12-23 12:00:00,2.7501364,2.3126044,4.078601,3.1848974,2.5047452,2.3908796
2059-12-24 12:00:00,2.7005708,1.994476,3.4074862,2.8093498,2.9702713,1.6496584
2059-12-25 12:00:00,1.5945135,1.3664764,4.221915,3.7404907,3.7409172,3.2555354
2059-12-26 12:00:00,1.5613378,1.6175154,2.800056,5.1373134,6.137217,2.7386146
2059-12-27 12:00:00,1.2080495,1.1255941,5.033532,3.7344022,5.964036,3.350662
2059-12-28 12:00:00,2.3221164,2.0736015,4.4534926,4.613226,5.0240526,3.100991
2059-12-29 12:00:00,2.0305295,1.7715245,3.7896705,4.394254,4.2748265,2.0536695
2059-12-30 12:00:00,0.9871471,1.171627,2.6492484,3.3751757,3.559449,2.105173
2059-12-31 12:00:00,1.5107052,1.6756356,3.733069,6.175092,4.011757,3.5137644
2060-01-01 12:00:00,0.97087735,1.2728392,4.1374116,4.3002152,7.328805,2.983094
2060-01-02 12:00:00,2.9757926,2.3382425,5.282864,5.939853,6.485291,3.695335
2060-01-03 12:00:00,2.572462,2.083399,4.300671,6.0405054,4.852793,3.5112035
2060-01-04 12:00:00,2.794034,2.3956814,5.556227,7.733686,5.2685523,4.7476463
2060-01-05 12:00:00,4.110116,2.9734342,6.506886,5.324764,3.0611281,4.793596
2060-01-06 12:00:00,2.6645396,2.4465663,3.6300275,6.5713077,5.970467,3.701176
2060-01-07 12:00:00,2.6497173,2.0482879,4.8919463,3.5035515,5.186651,2.0655959
2060-01-08 12:00:00,1.4582236,1.3723708,5.027879,4.917557,3.9688401,3.2728333
2060-01-09 12:00:00,1.3690066,1.4644351,3.3416646,2.7181542,3.825781,2.1960444
2060-01-10 12:00:00,1.6352642,1.3481071,2.365043,2.7835796,4.337527,1.4000177
2060-01-11 12:00:00,2.8487883,2.1209643,4.33759,3.2035685,5.3581057,2.111428
2060-01-12 12:00:00,3.2807217,2.4214509,4.7354355,2.6522896,3.1756482,2.428893
2060-01-13 12:00:00,4.1793365,2.7796276,4.4368653,2.624741,3.9686153,2.281286
2060-01-14 12:00:00,2.0459077,1.6266301,3.0866435,2.6043496,4.710767,1.9187359
2060-01-15 12:00:00,1.207369,1.3145033,2.7322872,2.422249,4.851557,1.8475897
2060-01-16 12:00:00,0.7715603,1.1363478,3.4193866,2.5659359,3.1391912,2.01682
2060-01-17 12:00:00,1.6198823,1.4309939,4.749376,2.222128,3.2678838,2.0153542
2060-01-18 12:00:00,3.1100411,2.0130727,4.906664,3.0999339,3.4087214,2.5278263
2060-01-19 12:00:00,2.8967755,1.9320447,5.4860306,3.4539099,4.070953,2.6030574
2060-01-20 12:00:00,1.3115089,1.1862351,4.0854263,3.750874,4.1372004,3.0068514
2060-01-21 12:00:00,1.2766347,1.1933752,5.903301,3.2049406,3.971719,2.7746918
2060-01-22 12:00:00,2.1437445,1.6312171,5.644155,4.8110566,4.015249,3.515492
2060-01-23 12:00:00,2.2264154,1.5845122,3.5184433,5.4187293,4.7742767,2.7130623
2060-01-24 12:00:00,1.2386104,1.5440758,4.0795603,4.941303,4.4069886,3.0458677
2060-01-25 12:00:00,2.417927,1.9391444,6.475334,3.3450298,4.027807,3.1697874
2060-01-26 12:00:00,3.6293492,2.3321645,5.852342,3.6493027,5.9803286,3.2946126
2060-01-27 12:00:00,1.9989209,1.2956961,4.164958,2.6531572,5.0133314,2.164028
2060-01-28 12:00:00,1.3102765,0.8969441,3.6543136,2.956097,5.3689485,2.3040314
2060-01-29 12:00:00,0.9057783,0.82398146,4.145322,3.6341326,4.9825616,2.848881
2060-01-30 12:00:00,1.471424,1.2371721,2.1976857,4.7905283,3.6365342,1.7605575
2060-01-31 12:00:00,1.4624618,1.2491641,2.762787,3.696345,3.7953484,1.476093
2060-02-01 12:00:00,2.674605,2.0308764,3.1178308,2.497707,5.4129214,1.6978995
2060-02-02 12:00:00,1.1235567,1.3725291,2.2214823,4.3444395,4.549259,1.8516227
2060-02-03 12:00:00,1.3802934,1.4534318,3.0190527,2.4659946,2.933508,2.083241
2060-02-04 12:00:00,1.9440259,1.529336,2.8905222,3.3120441,2.8940127,2.3667738
2060-02-05 12:00:00,3.2998772,2.7430325,4.7895684,3.650086,3.8499563,3.983295
2060-02-06 12:00:00,3.7247868,3.1231155,3.5720336,4.924386,4.6697454,3.013697
2060-02-07 12:00:00,3.393818,2.5715091,3.4572806,3.9850132,5.169562,2.632061
2060-02-08 12:00:00,3.275288,2.248252,3.703401,2.4498734,5.590157,2.28396
2060-02-09 12:00:00,3.2528787,2.4025974,3.2139962,3.025038,6.813705,2.0080168
2060-02-10 12:00:00,2.1639698,1.5508162,3.564275,3.9613538,6.1742926,2.689945
2060-02-11 12:00:00,0.759792,0.9805053,4.8060684,5.9231443,7.153831,4.75444
2060-02-12 12:00:00,0.69510883,0.82086504,4.182283,4.299533,6.4380684,2.8765745
2060-02-13 12:00:00,1.5049505,1.4917439,5.2690787,4.7121987,4.408636,4.2428217
2060-02-14 12:00:00,3.0178332,2.564518,4.6755586,5.237659,5.0635552,3.280858
2060-02-15 12:00:00,3.8507173,3.1954553,5.54707,5.0890183,6.7465167,3.7890005
2060-02-16 12:00:00,2.2984,2.176592,4.6567802,6.1675906,5.607222,4.3929424
2060-02-17 12:00:00,1.1704668,1.1859297,4.150189,4.8807154,6.828109,3.1352663
2060-02-18 12:00:00,2.481511,1.8567741,6.4506307,4.3961854,4.4145994,3.43954
2060-02-19 12:00:00,2.2696106,2.044102,6.066326,4.159897,4.0385365,3.1612039
2060-02-20 12:00:00,1.7234646,1.7371747,5.1782274,3.5167768,3.7533362,2.7315762
2060-02-21 12:00:00,1.771987,1.7505792,4.492791,3.5637116,4.143876,2.968513
2060-02-22 12:00:00,2.0049622,1.778133,2.191113,2.9136605,3.232693,2.000082
2060-02-23 12:00:00,1.3824512,1.1403025,1.4296132,1.8139894,2.3744717,1.2747763
2060-02-24 12:00:00,0.79238,0.8699237,2.7579756,1.6207916,2.680976,1.4931757
2060-02-25 12:00:00,1.1708528,1.0309114,3.3544047,2.6162324,3.7638614,1.4473302
2060-02-26 12:00:00,1.542623,1.5177019,4.1204233,3.9599977,5.4064903,1.8037796
2060-02-27 12:00:00,2.8244202,2.3047993,6.4137654,3.7960677,5.8925934,2.9095693
2060-02-28 12:00:00,3.9472618,3.5978355,7.2932343,6.3959794,6.0158963,4.006288
2060-02-29 12:00:00,3.2639737,2.8341696,6.0468273,5.9809117,6.125503,3.4150522
2060-03-01 12:00:00,2.2150297,1.694982,5.622529,4.6507564,7.14183,3.0671103
2060-03-02 12:00:00,1.7000806,1.4854915,6.7253313,3.8150403,6.805054,3.172238
2060-03-03 12:00:00,0.79213303,0.9377865,4.1470585,2.9777842,5.2839174,1.644669
2060-03-04 12:00:00,1.812377,2.0938103,2.724714,4.5684557,4.078622,1.9673383
2060-03-05 12:00:00,1.4201314,1.6597897,5.6986313,4.884204,3.6827834,3.2532773
2060-03-06 12:00:00,2.3141193,1.822788,6.1576223,4.635934,4.221494,3.4962425
2060-03-07 12:00:00,1.8350456,1.4128151,4.9014277,4.233094,4.931471,2.4123669
2060-03-08 12:00:00,1.9910887,1.4530619,4.3264112,3.388513,5.666131,2.517828
2060-03-09 12:00:00,1.9473269,1.4080342,4.318779,2.9104028,6.248907,2.2298937
2060-03-10 12:00:00,1.1750019,1.1637683,3.1018662,4.8428707,4.7113013,1.9875814
2060-03-11 12:00:00,1.7781017,1.3992172,2.966822,5.243478,2.9155636,2.2253232
2060-03-12 12:00:00,1.0054241,1.0668806,3.0062342,6.066535,3.9628913,3.3125541
2060-03-13 12:00:00,0.91183233,1.2194954,4.1232567,6.049074,4.356633,4.5614343
2060-03-14 12:00:00,1.1093159,1.4600302,3.8934054,5.67621,4.849501,4.106067
2060-03-15 12:00:00,1.736689,1.9012059,4.561066,6.1082997,4.146744,3.6288586
2060-03-16 12:00:00,2.2778065,2.1163924,3.2970715,4.3139787,3.5169365,2.1667147
2060-03-17 12:00:00,1.816735,1.5944014,4.5720563,2.9459984,5.0529222,1.9856247
2060-03-18 12:00:00,2.0092635,1.5310644,3.6295211,2.12603,3.5830345,1.7958261
2060-03-19 12:00:00,1.562669,1.600981,2.3482287,4.3920727,3.0178225,2.2300344
2060-03-20 12:00:00,1.4747834,1.641601,3.3915946,2.9101725,3.144751,2.080573
2060-03-21 12:00:00,1.2631668,1.2622104,2.6968832,2.2477489,3.367323,1.7656745
2060-03-22 12:00:00,1.3430204,1.2346451,3.4370239,2.3369737,4.3877354,2.007168
2060-03-23 12:00:00,1.950793,1.9568751,5.09949,3.831312,4.9629254,4.1859927
2060-03-24 12:00:00,2.1385074,2.6489038,5.8852696,6.7100015,5.159123,5.2698116
2060-03-25 12:00:00,2.88583,2.803136,5.033101,5.6923904,6.3947253,3.6781533
2060-03-26 12:00:00,4.16535,3.391271,6.5343213,5.220826,6.128834,4.1160893
2060-03-27 12:00:00,3.805126,3.7349677,5.3572345,5.4264994,4.9490805,3.1294496
2060-03-28 12:00:00,2.2313662,2.2230506,4.336508,3.7683115,3.8673837,3.0566235
2060-03-29 12:00:00,3.3049533,2.6983366,5.187364,3.4527802,4.2222347,3.1870449
2060-03-30 12:00:00,2.2490854,2.1786923,4.873258,2.1226597,4.141259,2.5600007
2060-03-31 12:00:00,2.540419,2.5084295,4.000119,3.253085,4.7500863,2.7894266
2060-04-01 12:00:00,2.3058631,2.353329,5.538542,5.809782,5.106889,4.6749425
2060-04-02 12:00:00,3.184637,2.7366183,5.7764845,4.58501,5.875591,4.3109593
2060-04-03 12:00:00,3.5601268,3.2689536,5.0916867,6.931722,7.172271,4.794483
2060-04-04 12:00:00,2.6192844,1.9550508,4.2241592,2.6598644,5.396451,2.1278284
2060-04-05 12:00:00,3.1225219,2.5505018,4.629046,3.9946806,2.3161356,3.2313285
2060-04-06 12:00:00,2.8651834,2.121366,4.5530343,4.6326623,3.1929314,3.2576325
2060-04-07 12:00:00,2.7881398,2.4808633,4.789168,3.5499656,3.4153318,2.6083915
2060-04-08 12:00:00,1.9717771,1.6203178,4.423931,2.6037216,4.7295914,1.8910215
2060-04-09 12:00:00,2.1695151,1.5511714,3.0627794,3.2438076,4.583398,1.6663224
2060-04-10 12:00:00,4.4841523,3.9106243,4.4630985,5.716378,4.747263,3.552052
2060-04-11 12:00:00,5.4769154,4.948876,5.4638295,6.575963,5.857507,4.3297067
2060-04-12 12:00:00,2.7520504,2.637704,3.009264,3.5139883,5.526541,1.9074671
2060-04-13 12:00:00,1.6445217,1.6764319,4.5032167,3.8544366,6.293892,2.7551208
2060-04-14 12:00:00,1.2587043,1.363884,2.5335178,3.201366,4.1884437,2.162939
2060-04-15 12:00:00,1.6119838,1.5654312,3.8256252,2.7596045,3.4859324,2.3976858
2060-04-16 12:00:00,2.8542292,2.154382,3.0226722,2.628821,4.1508684,1.8535006
2060-04-17 12:00:00,1.8180333,1.7987204,4.553527,3.5255988,4.1736317,3.2882473
2060-04-18 12:00:00,1.077262,1.634537,7.3765483,3.6532974,2.9857419,3.4300497
2060-04-19 12:00:00,2.1198049,1.7641637,4.34622,3.3367622,3.6992605,1.8996253
2060-04-20 12:00:00,1.8906121,1.9956042,5.139699,3.332209,3.5366776,3.045554
2060-04-21 12:00:00,4.464467,3.5246472,5.3135853,3.4045887,3.2259898,2.9546318
2060-04-22 12:00:00,4.4458103,3.7127376,4.7705827,4.705646,4.9004564,3.4733136
2060-04-23 12:00:00,2.644179,2.2250354,2.6707578,2.2476919,3.2987862,2.0496569
2060-04-24 12:00:00,1.7272961,1.4020776,2.8879852,2.766164,3.0164967,2.2389
2060-04-25 12:00:00,1.9218488,1.6586548,3.0556986,2.618784,3.3549411,1.8561344
2060-04-26 12:00:00,1.6667736,1.3228197,4.088663,2.3283236,3.45452,1.708941
2060-04-27 12:00:00,1.9226655,1.440197,4.2399006,2.4826105,3.4998827,1.7251465
2060-04-28 12:00:00,2.8849137,2.1510725,4.0049653,2.6244943,4.609967,2.171903
2060-04-29 12:00:00,3.0784106,2.5000715,3.4389846,3.150827,4.11271,3.1628723
2060-04-30 12:00:00,2.0175335,1.6851196,3.416556,2.3863382,4.8063903,2.3841183
2060-05-01 12:00:00,2.5723698,2.4330168,4.234322,4.193907,4.3780317,2.8031209
2060-05-02 12:00:00,2.4811394,1.954681,2.978411,2.5071888,3.5909922,2.0510185
2060-05-03 12:00:00,2.6161842,2.3764756,3.5565429,4.112417,4.6444798,3.036982
2060-05-04 12:00:00,2.0469813,1.9248255,3.8347275,3.944017,3.3503332,2.4270766
2060-05-05 12:00:00,2.4085271,2.103661,3.3589606,3.7992625,3.9122057,2.478292
2060-05-06 12:00:00,1.6330819,1.3769753,2.5594726,2.0685604,3.2875285,1.691992
2060-05-07 12:00:00,2.6426969,2.0549355,3.3294284,3.2307982,4.240382,2.434212
2060-05-08 12:00:00,2.2999842,2.3586671,4.187771,4.393512,3.5858357,2.8080864
2060-05-09 12:00:00,3.6871955,2.7989066,5.2112885,3.189633,3.941718,3.1129518
2060-05-10 12:00:00,2.613544,2.3322458,3.8155472,4.1198173,5.999962,3.565158
2060-05-11 12:00:00,3.4254475,2.9112992,3.7013054,4.9479833,5.410959,2.4255881
2060-05-12 12:00:00,2.6599908,2.3256373,3.3701718,3.6324286,3.7437456,3.029735
2060-05-13 12:00:00,2.6928172,2.1397576,3.8256958,5.748919,3.5332706,2.160023
2060-05-14 12:00:00,1.9901376,1.7478119,2.6341698,6.145407,3.9500616,2.8421366
2060-05-15 12:00:00,1.8551118,1.879718,2.9654398,5.836709,4.093321,3.4823883
2060-05-16 12:00:00,3.844911,2.9099665,4.417755,5.6264253,4.5868196,3.6700072
2060-05-17 12:00:00,2.846496,2.4152467,4.3791995,4.2239027,2.9922192,4.101628
2060-05-18 12:00:00,3.304034,2.6903155,5.056052,4.2205124,3.846844,4.540617
2060-05-19 12:00:00,3.9136248,3.2324653,3.943751,4.4145274,3.6505213,3.4305384
2060-05-20 12:00:00,3.9089832,3.2933187,4.0642595,5.1334424,4.2547345,2.6797
2060-05-21 12:00:00,3.288541,2.9296432,2.642496,5.126348,4.15632,1.8785617
2060-05-22 12:00:00,1.4360936,1.5958712,2.480851,3.7880995,4.58335,1.9120682
2060-05-23 12:00:00,1.580151,1.4417099,2.568794,2.326554,3.907927,1.8301471
2060-05-24 12:00:00,2.2027223,1.8873707,2.6209908,2.540424,2.6678843,2.0778534
2060-05-25 12:00:00,2.8169267,2.2560744,3.8344064,2.7295103,3.279068,2.395264
2060-05-26 12:00:00,3.2433214,2.5429971,3.3803332,2.9499276,4.174512,2.293534
2060-05-27 12:00:00,2.3913279,1.9089385,3.0163255,2.7273688,3.7648203,1.5226934
2060-05-28 12:00:00,3.144425,2.3816943,3.8540168,2.8134103,3.5854547,1.7024026
2060-05-29 12:00:00,3.1933908,2.2803564,3.47665,2.841893,4.6083713,1.6103992
2060-05-30 12:00:00,2.0139308,1.6506968,2.4196932,5.3001223,6.3067613,1.6452193
2060-05-31 12:00:00,1.1317759,1.0722767,2.0246994,3.160814,5.1340675,1.7379057
2060-06-01 12:00:00,1.0156379,1.3018051,3.112938,3.4745615,5.137745,2.1626165
2060-06-02 12:00:00,1.3482196,1.4331003,2.1797678,2.4861386,4.125416,1.3217063
2060-06-03 12:00:00,1.9445227,1.5133669,2.3011131,2.3134704,2.971112,1.7012796
2060-06-04 12:00:00,0.92298687,1.0100392,2.3313766,2.1844811,2.9192204,1.9746481
2060-06-05 12:00:00,1.5186529,1.3721664,2.6403406,1.962699,2.6003635,1.6085061
2060-06-06 12:00:00,1.1568612,1.2791638,2.1830494,2.6575086,3.9027278,1.3192854
2060-06-07 12:00:00,1.6221954,1.2691813,1.816074,1.8518108,3.3014283,1.1981785
2060-06-08 12:00:00,1.8328668,1.9963771,4.0163074,3.2235951,2.880241,2.6360216
2060-06-09 12:00:00,2.248782,2.3888004,3.3750865,6.4400053,4.0794845,3.1916442
2060-06-10 12:00:00,2.45963,2.3704765,4.173787,5.0587196,3.5345545,2.3910544
2060-06-11 12:00:00,2.4728465,2.0841346,3.2507272,3.2237725,3.9674306,1.8452498
2060-06-12 12:00:00,3.4385717,3.1375153,4.990383,5.0448155,5.1777506,3.8908825
2060-06-13 12:00:00,3.1697102,2.886829,4.6711082,6.275168,6.029546,3.2438014
2060-06-14 12:00:00,4.245277,3.714588,7.023078,6.230592,5.7808886,5.3279
2060-06-15 12:00:00,3.174697,2.9129512,5.6317744,4.425014,4.6184745,3.7304304
2060-06-16 12:00:00,3.5108588,3.5430388,4.5928345,5.9564576,6.75402,3.5392973
2060-06-17 12:00:00,3.092202,2.860087,2.4131548,4.5157905,5.016717,1.9923152
2060-06-18 12:00:00,1.453611,1.338182,2.30087,2.2302363,2.9347985,1.5153579
2060-06-19 12:00:00,1.7559226,1.763888,3.4449894,1.7388687,2.0275705,1.7236589
2060-06-20 12:00:00,3.565373,3.1375449,4.9900937,3.4454281,2.0696268,2.8216002
2060-06-21 12:00:00,2.8299415,2.2952,3.4905596,3.5192385,3.1665738,2.6853478
2060-06-22 12:00:00,1.5968864,1.5445201,2.4121087,3.4296021,2.26201,1.7145947
2060-06-23 12:00:00,2.1844604,1.8119783,3.0802855,2.8815422,3.033217,2.8116355
2060-06-24 12:00:00,2.3097854,1.9668293,2.6376722,2.4595156,3.5485404,1.8128586
2060-06-25 12:00:00,1.5941255,1.38813,2.1820822,2.076852,3.7990239,1.4146166
2060-06-26 12:00:00,2.072116,1.8326523,3.0286334,2.3802395,3.071679,2.3343961
2060-06-27 12:00:00,1.389652,1.6729487,4.030109,2.595742,2.949031,3.0218174
2060-06-28 12:00:00,1.6615492,1.5371366,3.2871544,2.2533689,2.3824494,2.009157
2060-06-29 12:00:00,2.1941667,1.9748663,3.0900726,3.4606295,2.8622901,2.1383045
2060-06-30 12:00:00,2.3790202,2.036164,2.8789363,3.1019883,4.0925083,1.8541472
2060-07-01 12:00:00,2.599669,2.2489948,5.566859,3.2499626,4.297916,2.7636523
2060-07-02 12:00:00,1.6888096,1.7573817,5.2147403,2.7314224,3.2624094,2.225631
2060-07-03 12:00:00,1.5070999,1.4387357,3.4563155,1.9162807,3.7793958,1.6211163
2060-07-04 12:00:00,1.5052367,1.2500618,2.0615027,2.3576727,3.8975923,1.6007452
2060-07-05 12:00:00,1.0617849,1.1694889,1.7581674,3.0825174,4.581645,1.3995543
2060-07-06 12:00:00,1.6342754,1.3759582,2.2299297,4.267405,4.0414386,1.5117339
2060-07-07 12:00:00,1.6485252,1.4444792,2.6919901,3.865926,3.9026349,1.4618037
2060-07-08 12:00:00,2.358157,1.9127814,2.8275986,3.6893027,3.6398015,1.3978146
2060-07-09 12:00:00,1.3573829,1.3165159,2.5465653,3.6309392,3.5913901,1.5120224
2060-07-10 12:00:00,1.2644825,1.2370247,2.7082167,4.4083796,3.5262656,1.2995652
2060-07-11 12:00:00,1.3633934,1.3056852,2.2141235,2.8751085,2.8663306,1.5231957
2060-07-12 12:00:00,2.0728912,1.8449544,2.8793142,2.5525448,2.4448605,1.7920303
2060-07-13 12:00:00,2.1701586,2.1532953,3.0877671,2.8319974,2.6073759,2.7896383
2060-07-14 12:00:00,1.0082814,1.2710841,3.0548227,2.33895,2.3628986,1.6072918
2060-07-15 12:00:00,2.3411813,1.9837695,2.7970684,2.6486392,2.3386352,1.80456
2060-07-16 12:00:00,2.6231132,2.204882,3.436077,3.4015522,3.8370726,2.3940663
2060-07-17 12:00:00,2.2489002,1.7711332,2.6050096,3.819947,2.861769,2.048524
2060-07-18 12:00:00,1.4247309,1.2296458,2.9428825,3.5396292,3.112025,1.5347807
2060-07-19 12:00:00,1.3115029,1.1177669,2.1178002,2.8516173,3.4282935,1.440707
2060-07-20 12:00:00,1.1336101,1.0911866,2.5049682,1.9471381,2.6242616,1.3148245
2060-07-21 12:00:00,1.7784522,1.6645797,2.0353355,2.3087761,2.5199473,1.3461686
2060-07-22 12:00:00,2.0980453,1.9212524,2.723938,2.297956,1.9310348,1.2361121
2060-07-23 12:00:00,1.5238086,1.3776131,3.864047,2.446219,2.1939442,1.8668505
2060-07-24 12:00:00,0.9109175,1.008134,2.293529,2.5636024,3.0556915,1.4492283
2060-07-25 12:00:00,1.1465231,1.2604455,4.1198835,3.0513651,2.9770496,2.5396402
2060-07-26 12:00:00,2.0439558,1.8743212,3.2852528,2.7167058,3.0985973,2.291093
2060-07-27 12:00:00,2.0539265,1.9031073,2.8632798,2.9221234,3.8799536,1.3764491
2060-07-28 12:00:00,1.4075692,1.6267973,2.8975992,2.2449074,4.20915,1.5282222
2060-07-29 12:00:00,1.2627615,1.3336314,2.886589,3.0664623,3.6069252,1.7227925
2060-07-30 12:00:00,1.378504,1.1850921,2.209971,3.1451576,3.039578,1.7067053
2060-07-31 12:00:00,1.2232041,1.2131938,3.0591993,3.9692948,2.2947855,1.3007202
2060-08-01 12:00:00,1.4285817,1.5713086,2.3181345,3.7320356,3.4662535,1.2551386
2060-08-02 12:00:00,1.3819187,1.131126,2.057878,2.9210794,4.2819514,1.6675165
2060-08-03 12:00:00,1.1428196,1.1375414,2.1118948,2.6253357,4.220641,1.1758822
2060-08-04 12:00:00,2.760251,2.5369923,3.8419394,3.8172824,4.331333,2.1061344
2060-08-05 12:00:00,4.372431,3.7211077,5.567198,4.1166945,4.1692157,4.1548905
2060-08-06 12:00:00,3.4296422,3.0835135,4.1214123,4.4657254,4.954195,2.9806378
2060-08-07 12:00:00,2.030488,1.4955761,2.1568055,3.175664,3.8904526,1.0287976
2060-08-08 12:00:00,2.055645,1.7051446,2.3233702,3.02162,3.6318784,1.3845578
2060-08-09 12:00:00,2.0338998,1.5697492,2.570313,2.1826615,2.6040225,1.4067765
2060-08-10 12:00:00,1.2940569,1.1683874,2.4275498,1.7808033,2.3282354,1.3350497
2060-08-11 12:00:00,2.2299747,1.8665235,2.726314,3.4987464,2.578757,2.189633
2060-08-12 12:00:00,1.4012883,1.4648324,1.7547573,2.5764992,5.26687,1.4459237
2060-08-13 12:00:00,2.2968502,1.7589718,2.0879583,1.8231726,2.4375775,1.4537573
2060-08-14 12:00:00,1.4421494,1.7699195,2.733555,2.5643702,2.9032688,1.6700597
2060-08-15 12:00:00,1.2692722,1.4955435,3.1881855,3.4509413,3.916578,2.254425
2060-08-16 12:00:00,0.925622,0.95482016,2.8122926,2.9944246,4.196296,1.7152292
2060-08-17 12:00:00,1.3391634,1.1486409,2.7261784,2.4442596,5.4870276,1.3010356
2060-08-18 12:00:00,1.864184,1.7630277,3.9084291,3.9115028,6.0882406,2.939667
2060-08-19 12:00:00,3.1590493,2.7539937,4.5007286,4.2554893,3.7353199,4.1762047
2060-08-20 12:00:00,2.5826263,2.1277478,2.8208282,3.9386966,3.8163216,1.7715191
2060-08-21 12:00:00,1.1971743,1.2660816,2.8364105,2.5684304,2.3494966,1.8969054
2060-08-22 12:00:00,1.5984813,1.4817444,2.4133768,2.7317343,2.089675,1.66065
2060-08-23 12:00:00,1.2713528,1.120669,1.8924875,1.7190388,3.0998676,1.2437567
2060-08-24 12:00:00,1.715764,1.5555038,2.1679034,3.2630262,3.9742832,2.2926924
2060-08-25 12:00:00,2.3297212,2.3021061,2.9853196,3.7898033,3.265094,3.7071276
2060-08-26 12:00:00,2.9279842,2.42923,3.641207,3.2635612,4.6942897,2.7301965
2060-08-27 12:00:00,2.514573,2.173343,3.0510056,4.079847,3.7708428,2.5978389
2060-08-28 12:00:00,1.4280826,1.3167076,2.9158301,2.6405325,4.4404697,1.6747162
2060-08-29 12:00:00,1.8036255,1.4382141,4.1130977,2.3253376,4.2000713,1.9940088
2060-08-30 12:00:00,2.031766,1.7813681,2.7329462,2.7893114,3.1543937,1.6669298
2060-08-31 12:00:00,3.9762447,3.4518576,6.0148478,5.2927833,4.201982,4.488243
2060-09-01 12:00:00,4.694172,3.9450092,7.2143106,6.408928,5.619507,4.9307504
2060-09-02 12:00:00,2.592071,2.27536,4.7564855,6.31661,5.5547757,3.6067727
2060-09-03 12:00:00,2.0962317,1.9561245,4.578202,4.0413976,3.7871733,2.578879
2060-09-04 12:00:00,2.6704066,2.7776651,4.450565,3.0429754,3.5948887,3.0254755
2060-09-05 12:00:00,1.9312531,2.103474,2.9428492,3.049994,3.5923066,2.4228435
2060-09-06 12:00:00,1.8500481,1.8599811,3.2921026,2.972058,3.1528423,1.6405902
2060-09-07 12:00:00,1.688108,1.7194912,3.2394235,3.3734984,4.5802274,1.5116401
2060-09-08 12:00:00,4.144787,2.8212452,4.0204372,4.765069,5.4387593,2.2742774
2060-09-09 12:00:00,2.7670107,2.5984929,5.0516887,4.195633,3.2094252,3.209711
2060-09-10 12:00:00,1.3920712,1.3979154,3.2639084,3.1762164,2.768116,2.4813223
2060-09-11 12:00:00,0.73089796,0.8179287,1.9765073,2.4345932,1.8221016,1.3103156
2060-09-12 12:00:00,1.9426402,1.7271436,3.0128133,4.8100514,2.9597297,2.6854944
2060-09-13 12:00:00,2.8172922,2.7030683,4.8296967,6.8371744,3.4382179,3.553771
2060-09-14 12:00:00,1.7304881,1.6545829,3.2848516,3.7137141,4.4643064,2.6051934
2060-09-15 12:00:00,1.6133438,1.8074743,4.5559278,2.6956534,2.7136042,2.973175
2060-09-16 12:00:00,3.2314842,2.9395177,4.7479277,6.929996,5.583414,3.450529
2060-09-17 12:00:00,4.8308544,4.3896704,5.908551,8.501946,8.909351,4.57143
2060-09-18 12:00:00,3.2394137,2.7713518,3.3137321,4.4095373,5.4633093,2.0588732
2060-09-19 12:00:00,1.4081335,1.1317337,2.422463,2.0567062,3.5875938,1.8799826
2060-09-20 12:00:00,1.6275297,1.4627818,2.4397538,2.395305,2.8259006,1.3783885
2060-09-21 12:00:00,2.4928396,2.1181304,2.190725,2.9184809,3.1934807,1.7203007
2060-09-22 12:00:00,2.0728447,1.6510338,2.6102817,2.379371,3.1870077,1.5194587
2060-09-23 12:00:00,3.0321157,2.2616887,3.1932957,2.7284753,3.0197227,1.594529
2060-09-24 12:00:00,3.1175497,2.553916,4.959568,3.327655,3.7723036,3.2216346
2060-09-25 12:00:00,3.1049056,2.6569183,4.8438096,3.8188372,4.926696,3.8995352
2060-09-26 12:00:00,4.059736,3.1336088,4.4663696,4.2542324,5.5223722,1.7593187
2060-09-27 12:00:00,3.0937378,2.3366032,3.624895,2.3993573,4.896869,2.3349504
2060-09-28 12:00:00,3.0879388,2.484586,4.1517024,4.018248,3.7051427,3.4599562
2060-09-29 12:00:00,3.665164,3.0482376,4.965286,6.167583,4.320509,4.0267377
2060-09-30 12:00:00,3.569656,3.307482,5.75752,8.351883,4.4979434,5.1445246
2060-10-01 12:00:00,2.4310045,2.484832,3.2223477,5.6088166,4.855664,2.8476176
2060-10-02 12:00:00,3.0414157,2.4389358,3.9163704,3.1024737,6.187801,3.2933583
2060-10-03 12:00:00,2.569637,2.519739,4.49379,6.0300055,6.7009864,3.514411
2060-10-04 12:00:00,2.4057808,2.5531907,3.24607,7.607229,8.523902,3.0587
2060-10-05 12:00:00,2.0372992,1.7756736,2.4431953,4.8346,7.23112,2.019118
2060-10-06 12:00:00,1.2206918,1.2927221,3.4056795,5.589874,5.555395,1.9225298
2060-10-07 12:00:00,1.6353834,1.8549272,2.858495,5.9558496,5.3904757,2.6791267
2060-10-08 12:00:00,2.488708,2.2312162,3.9096603,5.945071,6.2148805,3.849841
2060-10-09 12:00:00,1.9028599,1.7551143,3.384981,3.5897665,5.642395,2.5674305
2060-10-10 12:00:00,2.1039448,1.8953878,2.7317195,5.410924,4.541319,2.306552
2060-10-11 12:00:00,1.2917343,1.53899,1.9705007,3.5223804,4.2042923,1.6587856
2060-10-12 12:00:00,1.5266694,1.4062709,4.552264,2.9432092,3.8274233,1.9584943
2060-10-13 12:00:00,1.7430732,1.8457012,3.9706607,4.1642833,3.530408,3.5595036
2060-10-14 12:00:00,2.7442641,2.1077669,3.017903,4.251592,2.1698222,2.4346962
2060-10-15 12:00:00,2.5450237,1.9949038,3.2820227,4.351605,2.4017313,2.5403695
2060-10-16 12:00:00,2.269773,1.72147,3.3654633,3.852089,3.2438762,1.6193932
2060-10-17 12:00:00,2.230501,1.9597292,3.5947516,3.2723582,5.0762095,1.6883925
2060-10-18 12:00:00,4.488385,3.5479658,5.906562,5.6681886,3.6284301,3.6946924
2060-10-19 12:00:00,1.5159935,1.7144849,3.239006,3.196742,3.2397034,2.5416055
2060-10-20 12:00:00,2.5979497,2.282524,3.897577,2.265556,2.869875,2.1623003
2060-10-21 12:00:00,4.104398,3.8035922,3.7442544,5.179322,3.9504006,2.6877146
2060-10-22 12:00:00,5.039105,4.2334814,4.655542,3.8436365,5.078565,2.6042235
2060-10-23 12:00:00,5.6274753,4.605823,5.6697855,4.8444448,4.347376,3.1183352
2060-10-24 12:00:00,6.4525723,5.355846,7.462405,6.1692896,5.1701894,4.3409505
2060-10-25 12:00:00,4.8888555,4.2335415,7.6547184,5.3415437,5.3030095,4.203981
2060-10-26 12:00:00,4.0186367,3.5281684,6.547042,5.4283805,4.1957235,3.7660367
2060-10-27 12:00:00,2.260247,1.9244037,3.5012143,3.9051046,5.1013823,2.3725233
2060-10-28 12:00:00,2.548407,2.1883426,3.703022,3.0837672,4.932371,1.7458315
2060-10-29 12:00:00,1.7165403,1.4512101,3.9553385,2.8115458,3.1029108,1.9427387
2060-10-30 12:00:00,0.84976065,1.0273052,3.4376576,2.9128964,4.638891,1.5311103
2060-10-31 12:00:00,0.9043747,0.9717031,3.3011885,2.3519058,3.3932073,1.6349686
2060-11-01 12:00:00,1.1805336,0.9959204,3.7663999,1.7693635,2.6512659,1.720513
2060-11-02 12:00:00,2.0909913,1.3782085,4.452553,2.8887112,3.137358,1.7827332
2060-11-03 12:00:00,2.8640585,2.2489276,6.885151,3.681832,3.5874553,3.30427
2060-11-04 12:00:00,3.2911787,3.08154,6.088831,5.9015856,4.9059997,4.195811
2060-11-05 12:00:00,2.4137208,1.8987644,3.2173882,4.286157,4.791857,3.2325568
2060-11-06 12:00:00,0.79613686,1.0436535,2.8594813,4.569467,4.428157,1.9537673
2060-11-07 12:00:00,1.7300882,1.3817842,2.4448252,3.4291317,3.7873278,1.8867581
2060-11-08 12:00:00,1.6239886,1.177719,4.104082,2.6436462,3.43459,1.4163756
2060-11-09 12:00:00,2.6645138,1.938203,3.5649252,3.298629,2.6663744,1.9968846
2060-11-10 12:00:00,1.1084167,1.2315707,2.7442377,3.6024346,3.4006324,2.8029914
2060-11-11 12:00:00,1.251944,1.4719852,3.664939,3.9832506,3.8283558,3.0459979
2060-11-12 12:00:00,1.7087975,1.6414461,3.966166,5.092156,5.28008,2.9707363
2060-11-13 12:00:00,3.8297138,2.8476746,5.071171,4.846784,4.200009,3.85449
2060-11-14 12:00:00,2.6460376,2.074829,4.331111,3.9867134,5.373831,3.5355675
2060-11-15 12:00:00,2.3336754,2.2252553,6.1822295,4.31156,4.1501746,3.5399144
2060-11-16 12:00:00,3.252873,2.857698,4.93822,5.925618,5.1785765,3.192879
2060-11-17 12:00:00,1.613976,1.5478172,4.475582,3.902555,4.18665,3.467997
2060-11-18 12:00:00,2.8695247,2.5395334,5.675784,4.403517,3.3128366,3.7239292
2060-11-19 12:00:00,3.098023,2.5164406,5.3445287,4.0334635,3.804538,3.9491565
2060-11-20 12:00:00,3.0236537,2.2195868,3.3752608,3.1469772,4.779827,2.9130461
2060-11-21 12:00:00,1.913502,1.4486989,3.5152209,3.2616885,4.134605,2.6501966
2060-11-22 12:00:00,1.183573,1.1752733,2.9356096,3.2824938,4.2758,3.0068898
2060-11-23 12:00:00,1.5370915,1.5327588,2.8680544,2.3018703,4.173915,2.1065576
2060-11-24 12:00:00,1.6647916,1.8329961,4.2368917,5.8679442,6.5748754,3.2857175
2060-11-25 12:00:00,1.9326787,1.7486182,4.624173,5.7866435,7.164571,3.866283
2060-11-26 12:00:00,2.3864877,2.5267704,4.304095,5.42343,5.510252,3.2290099
2060-11-27 12:00:00,2.070527,2.037966,3.1133308,3.2335918,4.9519367,2.764468
2060-11-28 12:00:00,1.7221763,1.6536556,2.745897,2.1614707,3.9999018,1.9959365
2060-11-29 12:00:00,1.2778225,1.3056841,3.026517,3.9271483,4.5622864,2.6134975
2060-11-30 12:00:00,1.2239234,1.521551,2.5905445,6.030602,4.943903,2.4992287
2060-12-01 12:00:00,1.0874369,1.3100269,3.3292236,6.24692,4.8262596,3.2842124
2060-12-02 12:00:00,0.869115,1.1122319,3.6269274,4.0108395,3.3212686,2.8749819
2060-12-03 12:00:00,2.4101758,2.1192172,5.2338486,4.0918975,2.9438436,2.6655383
2060-12-04 12:00:00,2.7936525,2.0315135,4.8713684,3.912225,2.5501904,2.5894957
2060-12-05 12:00:00,0.9920323,1.2648816,4.6169224,3.513068,2.5002253,3.2646554
2060-12-06 12:00:00,1.226073,1.188505,4.6089635,3.9035473,3.8741586,2.9651785
2060-12-07 12:00:00,2.2731752,2.0577047,5.979887,5.2130322,5.726418,3.8860135
2060-12-08 12:00:00,1.065357,1.3022815,3.3655179,5.699863,5.9177685,2.7503653
2060-12-09 12:00:00,0.9829162,1.0572296,3.7942152,4.976951,4.09995,3.0899963
2060-12-10 12:00:00,1.6983945,1.5758424,3.8794248,3.7093723,4.993023,2.0068858
2060-12-11 12:00:00,2.8378553,2.8108106,3.787933,5.371488,6.788538,3.0688815
2060-12-12 12:00:00,3.6815705,3.222212,3.1718655,3.3631551,4.4395533,2.586915
2060-12-13 12:00:00,1.1415336,1.1869087,3.033199,4.84249,10.256717,2.85855
2060-12-14 12:00:00,1.3691065,1.1544515,3.334846,2.9361913,6.349613,2.3573465
2060-12-15 12:00:00,0.98060894,0.97768706,2.567379,2.3775423,4.970654,1.4453665
2060-12-16 12:00:00,0.9948494,1.207863,2.2527823,3.5026083,4.7033587,2.1646888
2060-12-17 12:00:00,1.6350304,1.869737,4.366094,5.0058784,5.0256443,3.562928
2060-12-18 12:00:00,1.9035686,1.9151403,3.2869859,3.3381855,4.601668,2.359045
2060-12-19 12:00:00,1.3045596,1.2472366,4.9278646,5.9436274,6.2752233,4.3100553
2060-12-20 12:00:00,2.7047062,2.5997133,7.5735455,6.629176,5.961999,5.5228877
2060-12-21 12:00:00,4.284161,3.7119217,8.442699,6.638374,7.578762,5.902897
2060-12-22 12:00:00,3.9221635,3.4342754,4.87498,5.701,6.5330424,3.1329262
2060-12-23 12:00:00,1.5526056,1.4882723,3.6057448,3.5010195,4.9824734,1.9844757
2060-12-24 12:00:00,1.2063645,1.3512034,3.2880185,3.982165,3.5645635,3.1034799
2060-12-25 12:00:00,1.07933,1.3716207,4.861467,5.379701,6.0581985,4.3157315
2060-12-26 12:00:00,1.9369233,1.9070354,3.3317158,4.341848,4.8846345,2.8659925
2060-12-27 12:00:00,1.0935678,1.1366826,3.4384732,3.7572212,5.149424,2.4354353
2060-12-28 12:00:00,3.3738825,2.9006329,6.338441,5.2260866,3.9485974,4.7217064
2060-12-29 12:00:00,2.6512394,2.0593657,4.840799,4.608721,3.2450113,3.5112755
2060-12-30 12:00:00,1.3054795,1.7340708,4.161653,4.104084,2.85068,2.5420434
2060-12-31 12:00:00,0.7950078,1.0369539,2.920111,5.70613,5.7533555,3.5811794
