,Norway,NO1,NO2,NO3,NO4,NO5
1971-01-01 12:00:00,2.3500583,1.7642317,3.7094014,2.613764,3.7694108,1.8617427
1971-01-02 12:00:00,0.7544374,1.0418952,3.5008435,5.2262444,3.8197975,2.5921
1971-01-03 12:00:00,1.3926686,1.2620857,4.3498616,4.417638,3.673774,2.5247853
1971-01-04 12:00:00,3.3166966,2.3134933,3.5400171,4.159618,7.550549,1.7998986
1971-01-05 12:00:00,1.8007739,1.7230024,3.9747686,5.1167827,5.837837,3.488229
1971-01-06 12:00:00,2.8132696,2.2435143,5.588225,6.9667106,9.282167,4.1551175
1971-01-07 12:00:00,4.494353,3.7579663,7.7018595,5.895361,8.045464,4.5744276
1971-01-08 12:00:00,5.5552273,4.343141,7.490019,5.0248604,6.703309,4.371709
1971-01-09 12:00:00,2.0901008,1.7910211,4.38708,4.492153,7.279326,3.3441484
1971-01-10 12:00:00,1.6281518,1.4906852,3.61498,5.5737453,6.6809897,2.9204688
1971-01-11 12:00:00,1.6171832,1.4379585,3.9805682,4.3551016,4.9109635,3.1910846
1971-01-12 12:00:00,1.1090806,1.0885546,3.2727013,3.3326497,3.637493,2.8101225
1971-01-13 12:00:00,1.0098755,1.2282624,2.8707929,4.4128933,3.7001383,1.841757
1971-01-14 12:00:00,1.7598572,1.8431062,3.878838,3.57633,3.4769561,2.952744
1971-01-15 12:00:00,1.3748552,1.447642,4.0702753,4.0648375,4.671312,2.8046596
1971-01-16 12:00:00,3.9119017,3.0692465,4.9735856,3.9695377,3.9004078,2.7543542
1971-01-17 12:00:00,1.7683699,1.4146786,3.3799,3.0274444,3.2448802,2.3554094
1971-01-18 12:00:00,1.73137,1.716847,5.25272,4.164369,3.2909389,3.782365
1971-01-19 12:00:00,2.5938601,2.2537992,4.8955874,4.9063263,4.0635014,3.044805
1971-01-20 12:00:00,6.303499,5.1415825,8.429332,5.8977,4.9082303,5.2254276
1971-01-21 12:00:00,2.181418,1.9952939,4.780182,4.310213,4.510091,3.0951931
1971-01-22 12:00:00,2.2902846,1.9473821,4.3980646,4.988567,5.74556,2.6915767
1971-01-23 12:00:00,2.6507483,2.031529,4.9921937,4.03195,3.9486997,2.321247
1971-01-24 12:00:00,3.2311485,2.4212873,5.018374,3.84224,5.7091384,3.0425348
1971-01-25 12:00:00,2.1111252,1.7251854,3.9034553,3.0499465,4.7961535,2.451375
1971-01-26 12:00:00,2.1011062,1.6032903,3.3696635,3.58091,4.1621256,2.1623375
1971-01-27 12:00:00,1.4805565,1.4942714,4.6257,5.8984566,6.310632,4.837838
1971-01-28 12:00:00,4.6467304,4.0894265,7.143389,7.52689,5.9797616,6.114713
1971-01-29 12:00:00,3.0683427,3.0104244,4.8987026,6.1008205,5.1719165,3.7539287
1971-01-30 12:00:00,2.212921,2.02795,5.28925,6.208727,5.326803,4.30313
1971-01-31 12:00:00,2.3075643,2.1069307,4.926551,6.524946,4.951776,4.2148314
1971-02-01 12:00:00,2.9247537,2.7439544,4.8536716,9.285854,9.124242,3.9531097
1971-02-02 12:00:00,2.713397,2.2135594,4.2401347,7.519185,8.243768,3.6173613
1971-02-03 12:00:00,2.1688466,2.0195823,3.9333305,8.185617,4.9044924,4.0153646
1971-02-04 12:00:00,2.0041175,1.7235678,3.5814004,4.4855256,3.859416,2.7507787
1971-02-05 12:00:00,3.567558,2.4635723,3.6962204,2.7653146,3.7135115,2.906701
1971-02-06 12:00:00,2.4782724,1.794086,2.8697002,2.7422256,3.414256,2.1927226
1971-02-07 12:00:00,1.0566292,1.0934511,2.6948335,4.4627066,4.5362215,2.5147178
1971-02-08 12:00:00,0.914691,1.059566,4.558716,5.831709,5.1544714,3.8146758
1971-02-09 12:00:00,2.1768491,1.6669647,7.7878833,4.1084943,3.4722612,3.9293246
1971-02-10 12:00:00,2.8652458,2.4955745,7.3310018,5.320506,3.94122,3.9673274
1971-02-11 12:00:00,2.1450496,1.8419576,5.965084,3.395595,4.023042,3.023514
1971-02-12 12:00:00,2.8274064,2.1219397,5.316432,4.5769143,4.4807916,2.5139983
1971-02-13 12:00:00,3.7677305,3.2419474,5.2353053,5.8840895,3.9579859,2.6807787
1971-02-14 12:00:00,4.065754,3.3686275,5.8474827,5.9832606,5.346121,3.1059208
1971-02-15 12:00:00,4.048807,2.8544405,4.9772615,4.999219,4.997982,2.7336643
1971-02-16 12:00:00,2.6261072,1.8154702,3.3959575,3.5897381,3.7185912,1.9726343
1971-02-17 12:00:00,0.983354,1.0098997,4.5891876,2.4988616,3.141673,2.337011
1971-02-18 12:00:00,2.102074,1.578094,5.276808,3.2325635,4.4278164,3.0657318
1971-02-19 12:00:00,3.054325,2.7559185,7.736146,5.520402,5.004888,4.704676
1971-02-20 12:00:00,3.0304735,2.5852356,7.4356585,5.4784417,5.0542154,3.8070858
1971-02-21 12:00:00,3.020798,2.4607852,4.1943235,4.349135,4.660686,2.8392272
1971-02-22 12:00:00,2.9542627,2.695154,2.437582,4.3708053,5.3489604,1.710994
1971-02-23 12:00:00,1.8625511,1.8343372,3.8129241,5.595075,6.851707,3.0057588
1971-02-24 12:00:00,2.5056024,1.9877098,3.9890964,3.4860709,6.674205,2.090053
1971-02-25 12:00:00,2.326218,2.2216403,4.828202,3.9755425,5.2629485,2.6638136
1971-02-26 12:00:00,2.7670732,2.787225,7.027191,4.543274,4.287689,4.6845717
1971-02-27 12:00:00,2.9127448,2.9155395,6.914191,6.017728,7.34717,4.6231523
1971-02-28 12:00:00,2.8000145,2.6049542,4.475966,6.2740483,7.0174613,3.9062407
1971-03-01 12:00:00,1.2225013,1.3341175,3.6479967,5.3128967,6.382913,3.2552023
1971-03-02 12:00:00,1.6278613,1.5019073,4.218352,4.6557207,5.145718,3.3837712
1971-03-03 12:00:00,1.8597125,1.8590984,5.1635284,4.18142,4.2687287,3.8043585
1971-03-04 12:00:00,3.0979152,2.9336913,5.3868256,5.277756,4.282942,4.316392
1971-03-05 12:00:00,2.565203,2.2499561,3.5406156,3.419052,3.7716732,2.273836
1971-03-06 12:00:00,3.160901,2.311844,5.2605376,3.632031,3.0112152,3.0634916
1971-03-07 12:00:00,2.9494371,2.4438453,4.466785,4.337144,3.451957,4.22752
1971-03-08 12:00:00,0.8297552,1.0372686,3.286283,4.0234017,3.15393,3.5282087
1971-03-09 12:00:00,1.3137546,1.2869923,2.744072,2.0203514,2.6004765,1.5963678
1971-03-10 12:00:00,3.5621636,2.462146,4.7585354,3.0139103,3.9011693,2.6955805
1971-03-11 12:00:00,3.2281442,2.5359073,3.7780712,2.3538601,3.6935894,2.5647814
1971-03-12 12:00:00,2.027721,1.4001914,2.8003726,2.6526513,4.561154,1.4530339
1971-03-13 12:00:00,1.1080241,1.120721,2.129398,3.2431443,3.5750883,1.3675463
1971-03-14 12:00:00,1.2764235,1.1508124,1.7719264,4.654754,4.9972897,1.6136663
1971-03-15 12:00:00,1.2429029,1.409812,2.047102,2.8620317,5.247211,1.4512224
1971-03-16 12:00:00,1.7483436,2.3211937,2.8746402,4.1489053,4.5559096,2.4849231
1971-03-17 12:00:00,2.4894338,2.793901,2.8465185,3.2286396,4.6598887,3.1795685
1971-03-18 12:00:00,1.2420455,1.3129512,2.3445106,2.1003356,5.596746,2.2495332
1971-03-19 12:00:00,1.3391333,1.1777387,2.4008539,4.946011,7.138543,2.7369335
1971-03-20 12:00:00,1.6169872,1.4183142,4.217535,5.206707,5.552549,3.5073383
1971-03-21 12:00:00,1.6741352,1.5480226,5.7205563,3.1203218,3.1395133,3.68125
1971-03-22 12:00:00,3.037656,2.5364125,5.3207245,4.2422743,3.4144208,3.7436042
1971-03-23 12:00:00,3.4153383,3.079799,4.935924,4.5665364,3.9354103,3.2102246
1971-03-24 12:00:00,4.4287133,3.5938818,5.350912,4.658405,4.018643,3.242199
1971-03-25 12:00:00,3.518508,3.0937126,4.6565337,5.2364316,4.5046024,1.9832681
1971-03-26 12:00:00,2.2966013,2.0765448,4.2545834,5.6766663,4.413931,2.9045632
1971-03-27 12:00:00,1.7470639,1.8052711,2.7072122,5.225443,4.3278046,2.3308153
1971-03-28 12:00:00,2.3579268,2.1478007,3.9608483,2.969605,2.4786642,2.6311915
1971-03-29 12:00:00,2.76448,2.3634143,2.585581,2.1285634,3.9416301,1.9099016
1971-03-30 12:00:00,1.5385336,1.5515966,4.699819,4.1346383,5.8772144,3.5598087
1971-03-31 12:00:00,3.3106766,2.417049,5.168083,4.9239526,5.201133,3.7588477
1971-04-01 12:00:00,1.9540508,1.7143812,4.239756,3.99455,4.6747885,3.31235
1971-04-02 12:00:00,2.1652522,1.7765305,3.2574174,3.0224957,4.722655,2.6392727
1971-04-03 12:00:00,2.3593988,2.1430826,3.5226696,2.4312794,3.9465163,1.6045656
1971-04-04 12:00:00,1.8362453,1.7843332,4.1523514,2.2229302,4.510946,1.7209147
1971-04-05 12:00:00,1.3691308,1.6680237,2.6222308,4.4994135,6.5257273,2.5262902
1971-04-06 12:00:00,2.0611753,1.7767462,3.1183543,3.9436588,5.167943,2.3552356
1971-04-07 12:00:00,2.8745975,2.5909257,3.2454152,5.0779243,3.5049767,1.974825
1971-04-08 12:00:00,3.255264,2.7757995,4.9220114,4.140038,4.6627116,2.4876745
1971-04-09 12:00:00,3.2411618,2.7583933,6.0301523,3.519711,3.5682433,2.7025394
1971-04-10 12:00:00,2.6781363,2.3460984,5.44287,3.5037472,2.910677,2.3173654
1971-04-11 12:00:00,1.3986281,1.6102698,3.0635903,4.132931,3.6208315,2.025184
1971-04-12 12:00:00,1.9543436,1.4366438,2.624391,3.2103899,4.356379,1.9568472
1971-04-13 12:00:00,1.9433933,1.9981484,3.9658794,4.015513,6.191697,3.734306
1971-04-14 12:00:00,1.3800133,1.5512531,2.6791878,3.511394,4.78228,2.6810822
1971-04-15 12:00:00,2.2667046,2.019248,4.339384,5.264981,5.0910625,3.3740017
1971-04-16 12:00:00,1.7303524,1.6484398,2.6282206,5.9151216,6.5260234,2.1559439
1971-04-17 12:00:00,3.3845346,3.1616802,5.620155,4.415444,6.613953,3.2296793
1971-04-18 12:00:00,2.4311686,1.9889677,4.232641,4.0014453,4.6753187,2.0688155
1971-04-19 12:00:00,3.7196832,3.1380117,4.7592354,5.7577677,4.312964,3.3327296
1971-04-20 12:00:00,2.3706393,2.1730413,3.5197208,4.6524653,3.5325093,2.7230535
1971-04-21 12:00:00,1.6544548,1.6134176,3.3966937,5.2568235,5.433988,3.3800476
1971-04-22 12:00:00,1.2749228,1.0887917,2.1674623,4.222682,5.3835,2.0703366
1971-04-23 12:00:00,0.7329081,0.89211905,1.885783,2.0360546,4.2840066,1.3663318
1971-04-24 12:00:00,1.1334528,1.2198628,2.5970871,2.3293211,4.9478536,1.9214694
1971-04-25 12:00:00,1.1224444,1.05925,2.4580066,2.474308,5.5553865,1.6276621
1971-04-26 12:00:00,0.78414136,0.9464167,3.3170667,2.5268924,3.930296,2.244565
1971-04-27 12:00:00,2.596712,2.3567836,5.146177,4.0414176,4.093562,3.6244655
1971-04-28 12:00:00,2.9265094,3.1592128,5.6411757,5.417891,4.7133865,4.502051
1971-04-29 12:00:00,3.3807926,3.3124187,4.921345,5.7257566,3.6223257,4.84198
1971-04-30 12:00:00,2.9960024,2.9703634,4.5103602,5.207259,4.6080594,3.1007576
1971-05-01 12:00:00,1.2359061,1.4573402,1.9816583,3.462391,5.5391603,1.2886933
1971-05-02 12:00:00,1.216103,1.1369709,1.6324184,2.1706488,5.7754865,1.2815657
1971-05-03 12:00:00,1.6752684,1.2985717,2.4239917,2.1450768,4.791363,1.9489293
1971-05-04 12:00:00,2.8698378,2.3167205,4.321383,4.7051516,4.3374405,4.072807
1971-05-05 12:00:00,3.6234956,3.2076025,6.0109544,4.4228096,3.7865958,4.9611278
1971-05-06 12:00:00,4.287236,3.6982818,3.9256244,3.1614318,4.1410093,2.505958
1971-05-07 12:00:00,1.9801672,1.6820368,2.5038323,2.9618766,4.346852,1.6019453
1971-05-08 12:00:00,2.5808086,2.381309,4.9854865,3.0667863,4.0564604,3.0482943
1971-05-09 12:00:00,2.7165353,2.4884038,3.8628225,3.204533,4.1939445,2.093834
1971-05-10 12:00:00,1.8510072,1.607445,2.4833117,2.9598384,3.6598947,1.3601519
1971-05-11 12:00:00,2.4856412,2.3566864,3.2364109,2.459756,3.846721,1.90654
1971-05-12 12:00:00,2.0693855,1.8118488,3.721539,3.3424144,3.956175,1.8999857
1971-05-13 12:00:00,2.0344453,1.922601,5.125279,4.815867,3.6034071,2.6099539
1971-05-14 12:00:00,2.262591,1.9287477,3.3620033,3.9314644,6.149863,2.0356152
1971-05-15 12:00:00,2.4806075,1.9540716,3.311217,2.3926334,6.2478294,2.2980754
1971-05-16 12:00:00,1.7644136,1.399574,2.751601,3.9256976,5.4102473,2.3494496
1971-05-17 12:00:00,1.087002,1.317558,2.5282886,4.604528,4.605636,1.649719
1971-05-18 12:00:00,1.671238,1.7453575,3.502083,3.7979226,3.5639043,2.5873475
1971-05-19 12:00:00,2.5805726,2.273121,3.6486387,3.7848003,3.670286,3.016724
1971-05-20 12:00:00,2.0630913,2.0889418,2.44717,4.5754843,3.312811,2.1722467
1971-05-21 12:00:00,1.4158089,1.5579046,2.175994,2.6703417,2.8634164,1.5974579
1971-05-22 12:00:00,1.2007236,1.3773092,2.2453988,2.34298,2.6304548,1.276402
1971-05-23 12:00:00,2.1333413,1.6314415,2.5736818,2.9714644,3.3722947,1.7829696
1971-05-24 12:00:00,1.6572559,1.8252064,2.9638104,2.3121915,4.0981245,1.6338998
1971-05-25 12:00:00,1.4968743,1.4405581,2.9128892,2.4996207,3.5433638,2.1515691
1971-05-26 12:00:00,2.5661976,2.5961409,3.2834468,3.5210075,4.043352,2.1642587
1971-05-27 12:00:00,2.1740646,1.9114815,2.0651553,3.287147,2.831843,1.3432496
1971-05-28 12:00:00,1.5900751,1.6586291,4.1068745,2.7566926,2.4095545,2.2019312
1971-05-29 12:00:00,1.721567,1.4499345,2.1482947,2.2243674,3.4143276,1.1795323
1971-05-30 12:00:00,1.3294137,1.472498,1.875921,2.2451186,2.2622125,1.5259181
1971-05-31 12:00:00,1.412662,1.4689006,3.1906116,1.8438028,1.8906649,1.4461168
1971-06-01 12:00:00,2.422095,2.3084202,5.4542165,2.6029727,2.4190118,3.1061733
1971-06-02 12:00:00,1.4219916,1.5925465,4.068723,4.3064747,2.487643,2.930108
1971-06-03 12:00:00,3.276391,2.6020432,4.668575,3.7506986,2.8491504,3.2314265
1971-06-04 12:00:00,3.7442214,2.9626126,3.3656316,3.9949112,2.4406376,2.5916617
1971-06-05 12:00:00,2.7994356,2.651804,3.8764217,5.4469814,3.1282291,3.1211092
1971-06-06 12:00:00,2.6176522,2.2939026,4.2241035,4.289127,3.6547425,3.8091502
1971-06-07 12:00:00,2.6028185,2.3939717,3.744473,3.3446412,2.7778182,3.0689828
1971-06-08 12:00:00,3.3062372,2.8645203,4.9696636,5.1594,3.6564915,2.6283937
1971-06-09 12:00:00,3.438199,3.323415,4.407138,5.9598827,4.019014,3.0289052
1971-06-10 12:00:00,2.8364117,2.4464302,3.5374703,4.0663047,3.1400254,2.9153411
1971-06-11 12:00:00,1.9855099,1.8425007,3.517779,4.144428,3.3854244,2.968951
1971-06-12 12:00:00,3.4574976,2.9057071,4.059539,5.472901,4.433147,3.4256954
1971-06-13 12:00:00,2.7979136,2.4868429,4.1095843,6.014403,4.118726,3.5979443
1971-06-14 12:00:00,1.65031,1.7739502,3.9038284,4.6139517,3.6446295,2.0142436
1971-06-15 12:00:00,1.9387648,1.6459516,4.234448,3.2132528,2.610075,2.5069928
1971-06-16 12:00:00,1.9215142,1.7458425,4.8474894,2.3911417,3.7033927,2.4864209
1971-06-17 12:00:00,1.5830405,1.6036783,3.3550365,2.4510198,3.5533845,1.881112
1971-06-18 12:00:00,2.3327472,2.1307168,3.19379,2.7879457,3.0083184,1.5196257
1971-06-19 12:00:00,1.1933181,1.2571611,3.0638025,2.5516732,3.2361426,1.6941221
1971-06-20 12:00:00,1.762453,1.6432028,3.775888,3.6967313,2.6923425,3.033181
1971-06-21 12:00:00,3.6138935,2.8737025,4.5852346,4.128215,3.247635,3.4645746
1971-06-22 12:00:00,2.3393936,1.9053383,3.199499,2.4798918,3.5419805,2.3114142
1971-06-23 12:00:00,2.3142135,1.9601125,3.7240703,2.26679,3.8165545,1.7773802
1971-06-24 12:00:00,1.1276228,1.0778844,2.0955503,1.9381195,3.1183875,1.5063826
1971-06-25 12:00:00,0.94982135,1.1665528,1.868677,3.899233,3.1851828,1.4293886
1971-06-26 12:00:00,1.0545344,1.0276464,2.4135735,3.019044,3.5130696,1.3571901
1971-06-27 12:00:00,1.3090527,1.1818637,2.8967872,1.8936371,3.9482777,1.5156803
1971-06-28 12:00:00,1.3616045,1.5247921,3.3046708,2.0373266,3.8133357,1.9756732
1971-06-29 12:00:00,2.201677,1.8349733,2.9567294,2.248352,2.8948078,1.5273325
1971-06-30 12:00:00,1.5983772,1.3678912,2.9332428,2.6134353,2.6342106,2.2125812
1971-07-01 12:00:00,0.92169183,1.0299506,2.2733598,2.5946393,3.4352584,1.9458468
1971-07-02 12:00:00,1.6420392,1.7784268,3.9195995,2.441266,3.2711601,2.4253182
1971-07-03 12:00:00,1.559973,1.9293113,2.692219,3.7691805,3.412357,2.4276705
1971-07-04 12:00:00,2.6069846,2.0834858,2.82946,2.3003666,3.481007,1.5520331
1971-07-05 12:00:00,2.8947334,2.2673836,4.011561,2.6068609,2.5101943,3.1670165
1971-07-06 12:00:00,3.2022486,2.488315,2.9601982,2.2541382,2.54581,2.4571757
1971-07-07 12:00:00,2.414446,2.12907,2.9690928,3.8966563,2.9728258,2.049328
1971-07-08 12:00:00,1.4974638,1.4292469,2.4217305,5.2463083,4.569722,2.0866137
1971-07-09 12:00:00,1.830153,1.7083743,1.6610589,3.8469546,3.0310032,1.8411593
1971-07-10 12:00:00,2.009961,1.8067825,2.807654,2.2117496,2.3579605,2.3119977
1971-07-11 12:00:00,2.3952448,2.1197274,2.7504246,2.5625298,2.4566038,2.0248911
1971-07-12 12:00:00,2.0039043,2.0109847,3.2636256,2.7394166,3.4916909,2.2245617
1971-07-13 12:00:00,2.6249628,2.0660334,3.003797,3.644616,3.338517,2.4470603
1971-07-14 12:00:00,1.9265184,1.9156604,2.5535767,3.2976367,4.1960797,1.9905515
1971-07-15 12:00:00,1.2994034,1.2775401,2.222592,2.8301876,2.69059,1.9745945
1971-07-16 12:00:00,2.212232,2.2990835,2.9599328,3.9425821,3.070962,3.1460323
1971-07-17 12:00:00,2.6614296,2.1463048,3.283856,4.0050564,3.4422002,2.3033943
1971-07-18 12:00:00,3.2232804,2.280476,4.06524,2.3889034,3.8734763,2.8271174
1971-07-19 12:00:00,2.1451116,1.3665475,3.4326184,2.0161881,4.415833,2.5552769
1971-07-20 12:00:00,1.0161989,1.0716299,3.429209,2.9118068,3.5065682,2.0968897
1971-07-21 12:00:00,1.6194302,1.7271265,3.8225796,2.634218,3.1137145,2.6653526
1971-07-22 12:00:00,3.0536525,2.7114477,4.519118,2.928329,5.4650917,2.8865082
1971-07-23 12:00:00,2.0083742,1.8529032,4.03295,2.8343573,4.9609995,2.373196
1971-07-24 12:00:00,1.7023273,1.4762987,3.506309,1.9610703,3.04246,1.8894658
1971-07-25 12:00:00,1.8219713,1.7212391,3.6599782,1.9349357,2.572603,2.0683198
1971-07-26 12:00:00,1.3683113,1.3767799,3.2374852,4.0897884,2.174832,2.194141
1971-07-27 12:00:00,2.1454253,1.8872596,3.8307586,3.933428,2.740272,1.8939778
1971-07-28 12:00:00,2.1554613,1.6792895,3.3819175,2.1375656,2.6411316,1.7882291
1971-07-29 12:00:00,3.4104178,2.3681736,3.532131,2.262026,3.3023596,2.354754
1971-07-30 12:00:00,1.3509662,1.5210056,2.8508446,2.9398873,3.5355422,1.2648289
1971-07-31 12:00:00,2.0836904,1.9724231,5.161596,2.32923,3.4469972,2.2548602
1971-08-01 12:00:00,1.9958255,1.8870265,4.9814463,2.122766,2.8127494,2.2459857
1971-08-02 12:00:00,2.9391227,2.3532841,3.7438536,3.8933904,3.0430396,2.8763723
1971-08-03 12:00:00,1.7959847,1.5430849,2.4331706,2.3590765,3.8470435,1.9107057
1971-08-04 12:00:00,2.863307,1.9779495,4.163454,3.686355,3.6498578,2.1190696
1971-08-05 12:00:00,2.10961,2.1508956,3.0798595,4.9396486,3.5188818,1.9266623
1971-08-06 12:00:00,2.01474,1.9494934,2.2325008,4.53441,3.711803,1.5375174
1971-08-07 12:00:00,1.4849521,1.6531016,2.7771256,3.4746199,4.118676,1.2354925
1971-08-08 12:00:00,1.2102263,1.2520585,2.8344061,1.8724792,3.5695872,1.5922801
1971-08-09 12:00:00,1.8352661,1.6753056,3.1096559,2.6033144,3.2937667,2.292194
1971-08-10 12:00:00,1.271172,1.1833159,2.718686,2.1894214,2.3704991,1.8750513
1971-08-11 12:00:00,2.0318875,1.857314,2.6699052,2.8127713,2.5514758,1.8021625
1971-08-12 12:00:00,1.6482911,1.6083423,1.6462331,2.5935066,2.5456626,1.3320853
1971-08-13 12:00:00,1.4195349,1.5726289,2.512139,2.4737127,2.6690862,1.4074881
1971-08-14 12:00:00,2.0232596,1.8201889,2.6118965,3.0918555,3.0845783,1.9397806
1971-08-15 12:00:00,1.3073697,1.442964,3.5560677,3.5190408,3.5900702,2.8092585
1971-08-16 12:00:00,1.7048664,1.5187804,2.6321518,3.5662093,4.0723243,2.1384764
1971-08-17 12:00:00,1.0018293,1.1396792,2.8637886,2.8832297,4.4246383,1.6471902
1971-08-18 12:00:00,1.6906126,1.4929637,3.5109453,1.9402355,2.3982975,1.8329797
1971-08-19 12:00:00,1.3001859,1.3520002,3.4241,1.9611979,2.112079,1.851718
1971-08-20 12:00:00,1.5975285,1.5236628,2.560224,2.4653237,2.1983247,1.5131648
1971-08-21 12:00:00,1.5856825,1.3711163,1.8540177,3.3485153,2.7281742,1.7008778
1971-08-22 12:00:00,1.870349,1.3957382,2.6684263,2.7624042,3.9847639,1.2711841
1971-08-23 12:00:00,1.1163952,1.1631966,2.8769677,2.5259004,3.1322005,2.3889349
1971-08-24 12:00:00,1.017078,1.1518054,2.8970885,2.5029716,2.0104098,1.7323905
1971-08-25 12:00:00,0.9854282,1.0025886,3.0125403,2.0158765,2.0238473,1.3490955
1971-08-26 12:00:00,1.2758596,1.0522612,2.1530898,1.6706679,2.1870997,1.1407938
1971-08-27 12:00:00,2.468528,1.8470591,2.4573781,2.0279834,2.1115217,1.4366274
1971-08-28 12:00:00,2.2267556,1.6269511,3.2743685,2.0994372,2.2259383,1.5288486
1971-08-29 12:00:00,2.0251102,1.6679784,2.8305128,2.0052464,3.149371,1.4784003
1971-08-30 12:00:00,1.8316865,1.3928518,2.162283,1.895237,2.2827075,1.1792818
1971-08-31 12:00:00,1.2092793,0.96565783,1.8014815,1.446265,3.767993,1.1000901
1971-09-01 12:00:00,1.34636,1.2685411,3.2971973,2.091169,3.8299935,1.509726
1971-09-02 12:00:00,1.0152618,1.3977529,3.4908504,2.3710015,4.165979,1.7184308
1971-09-03 12:00:00,2.204863,2.2204537,3.9519002,3.549541,4.788145,2.6827822
1971-09-04 12:00:00,3.6462228,2.8332934,3.1937518,4.2693386,6.622052,2.8617585
1971-09-05 12:00:00,2.125513,1.6196402,2.7502482,3.7984161,6.9757853,1.1476412
1971-09-06 12:00:00,1.8793888,1.4313303,2.1472857,2.9069846,5.6822524,1.2521322
1971-09-07 12:00:00,1.2667075,1.2560328,2.2609696,2.8787925,3.84573,0.94126815
1971-09-08 12:00:00,1.3211155,1.2581538,2.9243298,3.4169,2.7233634,2.504226
1971-09-09 12:00:00,2.0855947,1.5144272,2.8905294,2.4591982,3.22832,2.7824225
1971-09-10 12:00:00,2.4114652,1.7998403,3.848333,2.441008,3.1812932,3.1550581
1971-09-11 12:00:00,2.3322864,1.9708093,3.2480483,2.0848591,2.055453,2.3367102
1971-09-12 12:00:00,1.3478928,1.1952574,3.855995,2.8436637,2.5139523,1.7305318
1971-09-13 12:00:00,1.8536446,1.3991493,4.774021,3.5370593,4.3688436,2.4279168
1971-09-14 12:00:00,2.1004412,1.6399446,4.7954774,3.3072946,3.49358,2.436659
1971-09-15 12:00:00,3.5103338,2.897907,5.234354,5.0899773,3.465794,3.6789308
1971-09-16 12:00:00,2.691162,2.1635277,4.315414,3.1294649,3.8693495,2.3579135
1971-09-17 12:00:00,2.3919592,1.9063952,4.1752224,3.4968941,2.7401109,1.9949834
1971-09-18 12:00:00,1.5656679,1.4873817,2.6079142,4.016531,2.8987257,2.7386832
1971-09-19 12:00:00,1.2904766,1.485235,2.5561852,7.1592636,5.153123,2.249953
1971-09-20 12:00:00,2.0450668,1.8092425,2.8708613,3.5841346,3.9128888,1.5966582
1971-09-21 12:00:00,1.8843408,1.8778747,3.7882679,3.8077333,2.6911702,2.6854181
1971-09-22 12:00:00,2.4615622,2.1935823,2.7685404,2.7364244,3.4312177,1.5328424
1971-09-23 12:00:00,2.2963338,2.429388,5.7227464,6.5922394,4.867859,5.267956
1971-09-24 12:00:00,2.4706717,2.3476655,3.4158564,7.4780817,6.2314496,3.4958775
1971-09-25 12:00:00,1.1560353,1.1756349,3.205779,4.875227,5.560281,3.0535827
1971-09-26 12:00:00,1.516104,1.6957346,4.771001,4.046317,2.998663,4.1664915
1971-09-27 12:00:00,1.5358477,1.5206461,5.2226443,2.7108767,4.1542006,2.4944131
1971-09-28 12:00:00,1.8376424,2.0200233,5.590658,3.6541746,3.6858423,3.2903783
1971-09-29 12:00:00,1.7705712,1.9269458,6.066991,3.0145526,5.2636137,3.12182
1971-09-30 12:00:00,2.3236217,2.7822351,7.181269,5.2412977,6.064616,4.851484
1971-10-01 12:00:00,2.332029,2.483047,5.835308,4.447355,6.3836803,3.489591
1971-10-02 12:00:00,2.11802,2.233791,6.0530515,4.612314,3.784878,3.8878071
1971-10-03 12:00:00,2.5113888,2.5380366,6.0393157,4.426107,4.6469445,3.7412047
1971-10-04 12:00:00,3.411157,2.913618,3.9646084,5.127582,4.8289695,3.2639158
1971-10-05 12:00:00,2.6187665,2.26721,2.89086,2.9546647,3.9573336,2.210012
1971-10-06 12:00:00,0.83950007,0.8827622,1.828949,3.029501,3.7845745,1.7023972
1971-10-07 12:00:00,2.8914669,2.0750623,2.694516,2.612865,3.6463614,1.567568
1971-10-08 12:00:00,2.0019312,1.9347196,2.9000165,2.6583908,3.7039402,1.7213804
1971-10-09 12:00:00,0.99349934,0.9703048,2.8917878,3.364213,2.216411,2.715777
1971-10-10 12:00:00,2.4611871,2.1297402,3.9885824,3.7018447,2.7415848,2.7717435
1971-10-11 12:00:00,1.9314017,1.8595843,4.841257,3.364459,3.1362908,2.913323
1971-10-12 12:00:00,3.4052072,3.0806243,7.314695,4.8516393,4.1759505,4.0931454
1971-10-13 12:00:00,3.142599,3.0316172,4.8623776,6.2091722,4.490782,4.066554
1971-10-14 12:00:00,1.5754225,1.3957753,3.404699,3.6623394,4.173853,3.2540946
1971-10-15 12:00:00,1.669575,1.4432833,2.4314463,4.580504,4.4043736,2.8434784
1971-10-16 12:00:00,1.1098795,0.9824027,2.39652,4.0044894,5.7428946,2.6089725
1971-10-17 12:00:00,1.7672731,1.5268582,3.9784026,4.087703,5.205262,3.0509007
1971-10-18 12:00:00,2.12471,2.0041468,2.4843726,3.293178,5.0910854,1.5351688
1971-10-19 12:00:00,1.0705762,1.0940105,3.1113055,3.7934632,4.2739553,2.6868548
1971-10-20 12:00:00,2.8519342,2.3323226,4.4137783,4.310151,4.2259893,3.7224896
1971-10-21 12:00:00,3.8326902,3.568104,7.87833,6.2749505,5.516252,5.296423
1971-10-22 12:00:00,4.1367,3.944701,6.543125,6.8578243,6.439703,3.8361795
1971-10-23 12:00:00,0.91887116,1.0184109,2.319653,3.50689,5.0624714,2.542577
1971-10-24 12:00:00,1.3377367,1.3953949,4.7879295,4.1278677,3.638441,3.6477337
1971-10-25 12:00:00,2.643256,2.4508162,6.6837926,5.103488,4.5161815,3.8288965
1971-10-26 12:00:00,2.8689618,2.5138102,6.999054,5.0469136,5.1292686,4.035853
1971-10-27 12:00:00,3.1046395,2.617222,5.1206503,3.8121967,5.081788,3.2738378
1971-10-28 12:00:00,2.146585,1.8136266,4.510436,2.8521283,4.2169495,2.5304859
1971-10-29 12:00:00,1.8542283,1.4630129,3.321968,2.2530766,4.1031313,2.0593176
1971-10-30 12:00:00,1.6496949,1.5178418,2.6172378,3.859616,3.3366241,1.858115
1971-10-31 12:00:00,1.5059044,1.2110342,4.9379663,2.9466507,5.2283,2.0306895
1971-11-01 12:00:00,1.5822289,1.3402979,3.0023086,4.1102924,4.1992884,2.1408885
1971-11-02 12:00:00,2.2826538,2.0849736,3.7173982,4.630002,4.692778,1.7734021
1971-11-03 12:00:00,1.9924012,1.8026897,2.9223716,3.7194595,4.7372274,1.6098436
1971-11-04 12:00:00,2.3360314,2.0134048,3.6428177,4.6895256,2.990864,1.7403805
1971-11-05 12:00:00,2.134704,1.9701506,3.6274717,4.8489723,3.83778,2.7249243
1971-11-06 12:00:00,1.5794042,1.6872588,4.9236536,3.9807467,3.6128247,3.3635378
1971-11-07 12:00:00,1.5041074,1.7844293,4.9986677,4.860101,4.152346,4.104625
1971-11-08 12:00:00,1.6335189,1.7124137,4.913768,3.5478904,5.0076547,3.539377
1971-11-09 12:00:00,1.662225,1.608928,3.6268227,3.3023813,5.0153155,2.869089
1971-11-10 12:00:00,1.0015016,1.1008765,3.0196326,3.435229,4.064968,2.8493369
1971-11-11 12:00:00,1.2032571,1.1190578,4.6534696,3.683907,3.1294544,2.8846843
1971-11-12 12:00:00,1.9932507,1.7378937,4.9519577,4.2523756,2.5654213,3.850329
1971-11-13 12:00:00,1.5185816,1.4170219,3.092072,3.8873215,3.17985,2.3964212
1971-11-14 12:00:00,0.85524976,0.9253106,3.838683,4.024053,4.0498834,3.0773137
1971-11-15 12:00:00,2.3639112,2.1263437,6.0884137,4.5953655,4.1773868,4.2426453
1971-11-16 12:00:00,1.7872516,2.0101228,5.175337,5.251808,4.5214257,4.274589
1971-11-17 12:00:00,1.377725,1.306563,4.0252094,3.6835952,4.4972434,2.9440846
1971-11-18 12:00:00,1.1302378,1.1730683,3.485987,4.109658,5.1806126,2.1509647
1971-11-19 12:00:00,0.98571265,1.3949202,2.2578628,4.152078,6.3411393,1.6031953
1971-11-20 12:00:00,1.3638288,1.4672008,4.564602,4.2874107,3.5827818,3.878498
1971-11-21 12:00:00,1.4015336,1.5827101,4.7893543,5.614887,4.8218327,2.7873535
1971-11-22 12:00:00,1.3331625,1.3151429,3.5471585,3.7381423,4.6733866,3.506705
1971-11-23 12:00:00,2.7218075,2.2717981,6.955009,4.4382963,3.258925,4.541177
1971-11-24 12:00:00,3.6502323,3.2032938,4.334742,5.180574,4.708384,2.48754
1971-11-25 12:00:00,1.6960788,1.9803551,3.3958194,3.518545,3.1916966,2.9338956
1971-11-26 12:00:00,1.0537269,1.3260791,4.462212,5.230183,4.751525,3.690975
1971-11-27 12:00:00,3.5238578,3.1707726,6.966589,6.622419,6.063132,5.351069
1971-11-28 12:00:00,3.1238914,3.149052,5.9573817,7.1323233,7.294653,5.1791673
1971-11-29 12:00:00,2.5797906,2.3054285,4.983917,6.074871,6.8506117,3.908203
1971-11-30 12:00:00,1.2109967,1.257794,3.6574323,4.6083956,5.4503384,3.085587
1971-12-01 12:00:00,1.5377649,1.5560085,4.9427757,4.7942395,5.982616,3.3787298
1971-12-02 12:00:00,1.4962988,1.4587672,4.61778,5.3975644,5.01932,2.958142
1971-12-03 12:00:00,1.7649286,1.5686363,3.8950043,5.6440353,6.072657,2.3552976
1971-12-04 12:00:00,2.158362,1.9611696,4.110768,4.574427,5.361744,3.1150508
1971-12-05 12:00:00,0.9415344,1.0935034,4.1053915,3.2219841,6.0454617,2.4927802
1971-12-06 12:00:00,1.0111203,1.0991416,2.5252666,4.3713393,4.065371,2.4416463
1971-12-07 12:00:00,1.8511242,1.4225488,3.173964,3.968888,4.2553263,2.9461117
1971-12-08 12:00:00,3.3318486,2.5773132,5.4046607,3.878201,3.092173,3.2084987
1971-12-09 12:00:00,1.2636806,1.604137,3.167507,3.451035,4.3917537,2.0863779
1971-12-10 12:00:00,1.6777442,1.6484745,3.3095837,4.6006308,4.7464156,2.0032153
1971-12-11 12:00:00,1.1040158,1.1972184,2.751609,3.854146,4.6241803,2.8873487
1971-12-12 12:00:00,1.150976,1.3432082,4.3293123,3.3984468,2.9794867,3.7983346
1971-12-13 12:00:00,1.7629031,1.8305703,4.91612,4.530743,5.1985536,3.7382696
1971-12-14 12:00:00,3.6964848,3.1481056,7.145837,5.6303544,6.1885962,4.4533186
1971-12-15 12:00:00,2.0306606,2.1240005,4.471429,7.404361,7.3123364,3.446302
1971-12-16 12:00:00,1.8088088,1.9274,4.034471,7.9614215,5.8840137,2.9317
1971-12-17 12:00:00,1.0498741,1.3054209,2.9940188,5.3916883,4.076164,2.149394
1971-12-18 12:00:00,1.9685684,1.9610629,5.6382875,6.0463634,5.2274837,4.4408746
1971-12-19 12:00:00,2.192153,2.0954986,5.206263,7.075415,7.8603773,3.0899305
1971-12-20 12:00:00,2.5708084,2.0899186,5.4484015,4.790667,6.3147817,3.7192316
1971-12-21 12:00:00,2.7801867,2.7289703,5.5325665,6.3470697,6.154405,4.065704
1971-12-22 12:00:00,2.636694,2.4717946,3.706834,6.6368484,6.6060076,3.4831069
1971-12-23 12:00:00,2.4043248,1.9451982,2.9470181,4.919919,5.956023,2.6245189
1971-12-24 12:00:00,3.216652,2.6625245,3.060179,4.876052,4.9705434,2.8420646
1971-12-25 12:00:00,3.4029512,2.4792364,4.4696684,5.147872,3.5284824,3.342788
1971-12-26 12:00:00,1.9435462,1.5937818,4.892287,3.9364622,3.9385736,3.2201397
1971-12-27 12:00:00,3.1573548,2.8513708,7.7491016,5.669862,5.723947,4.6657734
1971-12-28 12:00:00,2.8151946,2.4701939,7.2875953,6.6451845,6.1332755,4.548162
1971-12-29 12:00:00,3.757524,3.0735247,6.3715663,6.1149993,5.656647,4.5736556
1971-12-30 12:00:00,2.9904518,2.668449,6.9281764,5.742805,6.189191,4.1954637
1971-12-31 12:00:00,2.312997,1.8415505,4.6986947,3.9031541,4.354047,3.321777
1972-01-01 12:00:00,1.2565391,1.1303368,3.5614746,3.0754793,3.3167071,2.1372426
1972-01-02 12:00:00,2.0196824,1.5935397,3.3941643,3.3592663,3.7288954,2.152384
1972-01-03 12:00:00,1.1894827,1.2198998,2.9794,3.779026,4.076104,1.6207389
1972-01-04 12:00:00,3.898024,2.8724241,3.2509334,4.239617,3.8107054,2.2275176
1972-01-05 12:00:00,3.4328046,2.5939837,3.926772,4.036214,4.006384,2.1255896
1972-01-06 12:00:00,2.5526469,1.9761976,5.003412,4.0028305,3.4438581,2.4006991
1972-01-07 12:00:00,3.1248422,2.3113735,5.508361,4.6570616,2.9649193,2.7332542
1972-01-08 12:00:00,4.2918983,2.942544,6.1320786,5.4628677,3.6937454,3.1400642
1972-01-09 12:00:00,4.2362356,3.259734,5.1094475,5.184477,4.862084,2.6299727
1972-01-10 12:00:00,3.422934,2.5171459,3.9165258,5.059188,5.8518376,2.3555768
1972-01-11 12:00:00,1.6500714,1.5154537,3.5220811,4.947059,5.9001465,2.8672123
1972-01-12 12:00:00,3.878334,2.8253503,4.5583024,4.649179,5.856763,2.494925
1972-01-13 12:00:00,3.4924977,2.7164903,2.9859486,3.4076314,4.5804157,2.0208662
1972-01-14 12:00:00,1.1426315,1.5084518,2.1921225,3.8249977,2.9912302,2.5015337
1972-01-15 12:00:00,0.8142748,1.0468631,2.1548908,4.27094,3.305807,1.9805598
1972-01-16 12:00:00,0.8478838,1.0201662,4.4672,4.8864245,5.0287237,3.3826382
1972-01-17 12:00:00,2.8712964,2.4464455,5.711621,5.434874,4.815178,4.590755
1972-01-18 12:00:00,1.4304016,1.6088959,4.987281,4.9750504,6.160932,3.5313866
1972-01-19 12:00:00,1.8170251,1.7271265,5.5638027,3.3868647,4.9745893,2.7135365
1972-01-20 12:00:00,1.9905035,1.5439875,5.1982265,3.4735346,5.8330636,2.6953447
1972-01-21 12:00:00,3.0892687,2.0565882,6.314433,3.6235607,5.554717,3.0251331
1972-01-22 12:00:00,3.5873232,2.4423254,6.57178,3.951211,4.4653563,3.3123677
1972-01-23 12:00:00,4.174794,3.3809776,5.5706797,5.2176814,3.7979956,3.2004662
1972-01-24 12:00:00,1.8376927,1.5838122,2.8129184,3.9597838,4.965532,1.8949736
1972-01-25 12:00:00,3.0556927,2.1158144,3.7354827,2.976837,5.707479,2.022849
1972-01-26 12:00:00,1.8814509,1.4162303,3.258714,3.5509608,4.3892274,1.92243
1972-01-27 12:00:00,0.983034,0.9746151,4.3688307,4.131536,3.5805964,3.3233285
1972-01-28 12:00:00,1.0468235,1.074232,3.1064162,4.2836704,3.9452271,2.661212
1972-01-29 12:00:00,0.6136812,0.7846133,2.729699,5.427403,4.3040547,2.8710704
1972-01-30 12:00:00,0.84134877,0.8492962,3.2858105,5.7617145,4.896434,2.52792
1972-01-31 12:00:00,2.645027,1.5291241,3.8978662,4.241479,6.3963556,1.5246266
1972-02-01 12:00:00,1.8044101,1.2491966,2.3764038,2.9639292,4.6738453,1.8429769
1972-02-02 12:00:00,1.2334908,0.9523939,2.4331846,3.903931,3.5659323,2.0658095
1972-02-03 12:00:00,0.7417289,0.94516367,2.4423783,3.0528796,3.599413,2.5773017
1972-02-04 12:00:00,1.9200016,1.8928187,6.0246143,5.9575114,5.0136366,4.9453497
1972-02-05 12:00:00,3.9605308,2.8840492,5.682869,7.0889716,7.6535797,4.9392076
1972-02-06 12:00:00,3.5653417,2.7620046,5.1996403,6.7859674,4.727016,4.802533
1972-02-07 12:00:00,2.4092531,2.060552,3.1490157,6.892232,5.212324,2.4386897
1972-02-08 12:00:00,1.254535,1.4113176,3.2672756,6.6411695,4.731368,2.816323
1972-02-09 12:00:00,1.6615736,1.6681311,4.347672,5.8465037,5.5645847,3.8127053
1972-02-10 12:00:00,3.1872532,2.6319506,5.59162,6.696174,6.936479,4.3700094
1972-02-11 12:00:00,2.5292041,2.0263433,5.0906205,5.3328543,5.6025853,3.4366815
1972-02-12 12:00:00,1.4263912,1.6057875,2.1732552,2.9671278,3.9446616,1.6423913
1972-02-13 12:00:00,1.9161738,2.0870922,2.2068508,2.246891,4.1934566,1.7726601
1972-02-14 12:00:00,1.4158133,1.5469193,2.768173,2.8528125,3.1563468,1.5139365
1972-02-15 12:00:00,1.6572585,1.7004033,3.5203106,4.129584,4.8053823,2.822396
1972-02-16 12:00:00,2.4133039,1.7742494,2.8565335,2.63892,3.6068127,2.2282665
1972-02-17 12:00:00,0.81341803,0.92561877,3.4343288,4.6120305,4.123229,3.0167294
1972-02-18 12:00:00,1.2215513,1.4809779,2.553993,4.2361608,6.6654797,1.8315836
1972-02-19 12:00:00,1.0260501,1.2089134,2.0178094,4.750852,6.068057,1.6159637
1972-02-20 12:00:00,1.2188182,1.0543035,3.1843534,3.131791,7.088323,2.0147514
1972-02-21 12:00:00,1.469902,1.203283,4.376304,2.2761488,6.552927,2.11884
1972-02-22 12:00:00,1.2304045,1.0680391,3.8913748,3.1948586,7.496481,2.053146
1972-02-23 12:00:00,1.565233,1.1678419,2.9298599,2.35822,7.407965,1.4251913
1972-02-24 12:00:00,1.0105174,1.1235266,2.5512779,3.5352118,5.3803344,1.4336444
1972-02-25 12:00:00,1.0166364,1.2816966,2.4290006,3.8307488,5.759814,1.9698594
1972-02-26 12:00:00,0.9514282,1.0043699,2.2975163,2.4806783,4.16504,1.4469298
1972-02-27 12:00:00,1.5553463,1.319724,2.423203,3.5340705,3.6598275,2.111765
1972-02-28 12:00:00,2.901961,2.2633708,3.5326674,3.9911947,4.3865075,2.5000794
1972-02-29 12:00:00,1.8714929,1.4305503,4.2013984,4.030126,3.4068058,2.4023342
1972-03-01 12:00:00,1.5834129,1.5178388,2.8343043,3.5447772,3.44678,2.6188893
1972-03-02 12:00:00,1.1164887,1.20407,4.913202,5.0067344,4.0236773,4.183376
1972-03-03 12:00:00,0.9288565,1.2434015,4.219809,7.367567,5.633765,4.652703
1972-03-04 12:00:00,1.3797112,1.5376711,3.5360506,7.1734934,7.5524044,4.4180374
1972-03-05 12:00:00,1.8346288,1.7063293,4.5821466,4.689555,6.0591755,4.5927196
1972-03-06 12:00:00,2.9764478,3.0758257,8.87249,6.5173106,5.8572364,6.4809146
1972-03-07 12:00:00,3.458324,3.2281966,5.2509212,6.8740544,4.2119727,4.5144253
1972-03-08 12:00:00,1.4865724,1.3063248,5.0957093,4.6565375,3.5103953,3.5800512
1972-03-09 12:00:00,2.27427,2.3680596,7.233563,5.0157213,3.9784732,4.0647984
1972-03-10 12:00:00,1.5289526,1.9005058,6.245724,3.662205,4.405475,3.734278
1972-03-11 12:00:00,1.4745694,1.3675773,3.7006972,4.885922,5.067975,2.83794
1972-03-12 12:00:00,0.8695316,0.90575457,2.0915246,2.2920866,3.8802955,1.4264376
1972-03-13 12:00:00,1.2263662,1.1302164,1.6806834,3.4858396,3.6205919,1.8264337
1972-03-14 12:00:00,1.7581463,1.5056142,4.00331,3.663183,2.9733486,3.6606574
1972-03-15 12:00:00,3.0702333,2.501482,4.1011596,4.6857758,2.9762733,3.0194192
1972-03-16 12:00:00,1.088113,1.2019624,3.514308,3.3511436,3.727368,2.7559123
1972-03-17 12:00:00,3.554292,3.238891,4.958575,6.3050303,5.766774,3.2942584
1972-03-18 12:00:00,3.791389,3.659647,4.286047,5.6356196,6.6473308,2.6885538
1972-03-19 12:00:00,2.2014904,2.2287083,3.0725198,3.9958754,3.7316344,1.96503
1972-03-20 12:00:00,2.1478117,1.8299272,4.3162417,2.856292,3.5688126,3.2305837
1972-03-21 12:00:00,3.7529402,2.7800612,5.177512,2.3154175,3.7408855,2.7575166
1972-03-22 12:00:00,3.5340316,2.449392,4.530747,3.8743298,4.1988287,3.7649615
1972-03-23 12:00:00,2.3719554,2.1110163,5.038972,5.6142526,4.9971128,3.4372625
1972-03-24 12:00:00,3.6971326,3.1895525,6.3811603,4.1656756,3.6338577,3.6668437
1972-03-25 12:00:00,3.221352,2.4596543,5.367487,4.127047,5.292051,2.961701
1972-03-26 12:00:00,2.0756505,2.0245967,4.6433587,4.8916874,4.7878323,3.0492983
1972-03-27 12:00:00,1.7189393,1.6626645,3.2205932,4.6089416,5.624482,2.6512084
1972-03-28 12:00:00,2.0186176,2.0064983,3.3029459,5.1828003,6.641773,3.158365
1972-03-29 12:00:00,1.9051037,1.7860616,4.0117126,4.5087266,7.863318,3.25958
1972-03-30 12:00:00,2.73873,2.4121296,4.128477,4.647267,5.5663276,3.1583505
1972-03-31 12:00:00,2.5942216,2.01942,3.613411,3.7289484,4.4866786,2.2364595
1972-04-01 12:00:00,3.11041,2.8006132,5.007386,5.974415,6.581611,4.0819535
1972-04-02 12:00:00,2.9206338,2.6365218,5.146987,6.900153,7.7222466,3.029601
1972-04-03 12:00:00,3.5284343,3.5135374,5.0009127,6.583896,5.4389706,2.902309
1972-04-04 12:00:00,2.376202,2.0950286,2.401391,4.0573907,5.6827188,1.6606724
1972-04-05 12:00:00,1.0767636,1.5008366,2.4577732,4.8440614,8.600956,1.3887132
1972-04-06 12:00:00,1.795258,2.2659566,3.1622264,4.0042543,9.410851,2.155415
1972-04-07 12:00:00,1.3936354,1.3924047,2.544085,1.7609897,6.5837507,2.1216006
1972-04-08 12:00:00,1.1288296,1.0955685,2.1659906,3.3333545,4.9618006,2.1912928
1972-04-09 12:00:00,0.8934288,1.1035967,1.7043878,3.817973,5.1284547,1.6139982
1972-04-10 12:00:00,1.2339684,1.0120095,1.7242113,2.5376086,4.812089,1.2982543
1972-04-11 12:00:00,1.5547891,1.4255551,2.8617878,4.850169,7.9470406,2.613223
1972-04-12 12:00:00,1.952946,2.209661,4.5099473,5.5780454,9.15899,4.618298
1972-04-13 12:00:00,3.0798454,2.863765,4.976755,4.562424,5.608733,4.215346
1972-04-14 12:00:00,4.323512,3.647201,6.6670375,4.6360326,3.9812503,4.365486
1972-04-15 12:00:00,2.8233356,2.3018138,4.6520696,4.069428,6.3610826,3.4881544
1972-04-16 12:00:00,2.393846,2.2532399,4.477645,4.085711,5.204254,3.441113
1972-04-17 12:00:00,2.9113557,2.1978686,3.9956346,3.805877,3.3031054,2.7929626
1972-04-18 12:00:00,2.6729443,2.3152635,4.5473814,4.348783,3.6789994,3.729786
1972-04-19 12:00:00,3.4083834,3.4145203,6.1316395,4.574564,4.187371,4.295531
1972-04-20 12:00:00,3.0391583,3.0077708,6.87988,4.37845,3.4952126,4.0627103
1972-04-21 12:00:00,3.3771505,3.3720195,5.6865416,5.555951,5.1002054,4.3852572
1972-04-22 12:00:00,1.3899357,1.5891922,2.8666306,3.1565025,5.9490023,1.4200511
1972-04-23 12:00:00,2.4684262,1.9637207,4.8299,2.5797188,3.503806,2.1828656
1972-04-24 12:00:00,2.9225457,2.47035,3.8136153,3.6778698,2.626483,1.8831875
1972-04-25 12:00:00,1.7983055,1.5437165,2.312825,3.0101051,4.0284085,1.4039258
1972-04-26 12:00:00,1.910013,1.362659,1.8713474,1.7545208,3.47661,1.2215276
1972-04-27 12:00:00,1.4756613,1.515806,3.0850475,2.40679,3.803025,1.9087805
1972-04-28 12:00:00,2.375833,2.1765258,3.584003,3.2433481,3.498764,2.038982
1972-04-29 12:00:00,2.7204003,2.464486,3.3373547,3.4806778,3.2991195,1.9187027
1972-04-30 12:00:00,2.1505086,2.03745,2.46293,2.9066405,4.1939187,1.901566
1972-05-01 12:00:00,3.6366832,2.9553936,3.7455533,3.0963132,4.0783424,2.4229634
1972-05-02 12:00:00,2.2552319,1.7027744,3.6435282,2.5695038,3.2785015,1.8903345
1972-05-03 12:00:00,1.2397237,1.6221777,2.5123203,3.6556017,4.1166725,1.546688
1972-05-04 12:00:00,2.1789613,1.833176,2.1837606,3.8625169,4.004313,2.6532595
1972-05-05 12:00:00,1.750969,1.6329926,3.033103,3.9929538,4.5810885,3.576504
1972-05-06 12:00:00,1.7728162,1.3774978,2.805424,3.972842,5.877651,2.0376472
1972-05-07 12:00:00,1.9824368,1.8336266,3.1445575,2.4432263,5.23376,1.4726306
1972-05-08 12:00:00,2.9424436,2.561375,4.934277,2.2094133,4.7979336,2.2536604
1972-05-09 12:00:00,3.200503,2.6610246,3.9870424,3.1777399,4.028054,2.2395175
1972-05-10 12:00:00,2.1307395,2.1012487,2.2801886,3.0364795,4.158298,1.6545001
1972-05-11 12:00:00,1.6689668,1.5872036,2.4206653,3.8228872,7.0181236,1.7372985
1972-05-12 12:00:00,3.233521,2.6861506,3.1296313,5.3491225,3.5863504,1.8224673
1972-05-13 12:00:00,2.8366833,2.2387753,3.0029848,6.035035,3.97641,1.5544933
1972-05-14 12:00:00,1.8854107,1.5189414,2.6794355,5.282488,4.0213823,1.1745133
1972-05-15 12:00:00,1.9838686,1.4734513,2.2963612,4.4673448,3.4904845,1.0718184
1972-05-16 12:00:00,2.414406,1.7528325,3.4100707,4.4207234,3.8201334,2.123922
1972-05-17 12:00:00,2.7237713,2.4534497,4.637775,4.6410174,4.0837264,3.315073
1972-05-18 12:00:00,2.2157412,2.1922472,3.0667152,4.6790395,3.386889,2.1935692
1972-05-19 12:00:00,1.8250592,1.6960474,1.7518208,4.3157797,3.0528414,1.6567688
1972-05-20 12:00:00,1.7451757,1.6104769,2.3524048,3.2613752,4.1505184,2.8526
1972-05-21 12:00:00,1.6367624,1.4804862,2.7747972,2.4709563,2.9702802,1.639508
1972-05-22 12:00:00,2.821055,2.6271338,4.6858964,3.3778906,3.2589695,2.1347272
1972-05-23 12:00:00,3.499815,2.894858,4.3207545,3.2858238,4.6092687,3.070674
1972-05-24 12:00:00,2.6579154,2.323077,4.2409678,3.6140375,2.8840983,3.1977966
1972-05-25 12:00:00,1.9713069,1.8191847,5.1395874,3.8765872,4.040293,2.2386913
1972-05-26 12:00:00,1.9200506,1.8532796,3.6188302,3.327735,5.9623156,2.2539568
1972-05-27 12:00:00,1.34106,1.0991305,2.7706728,2.4836745,5.2823477,1.9149079
1972-05-28 12:00:00,2.8656259,2.3725026,4.096,3.5221334,5.0500727,3.226965
1972-05-29 12:00:00,2.2347202,2.0278215,4.189741,2.9804165,5.643592,2.7151682
1972-05-30 12:00:00,1.1328843,1.6205899,4.6891146,4.2872043,4.823393,2.8218577
1972-05-31 12:00:00,2.2090592,2.0085127,2.8736534,3.1529155,4.6573377,2.525567
1972-06-01 12:00:00,2.4588547,2.0288224,2.045037,3.4119463,4.157529,2.0832539
1972-06-02 12:00:00,1.5477129,1.2229238,1.8338218,3.666559,3.9626276,1.6491501
1972-06-03 12:00:00,1.1543654,1.3029095,2.2866392,4.635554,3.5785482,1.716702
1972-06-04 12:00:00,1.5189338,1.5150019,3.466629,3.034362,2.7316282,2.6317282
1972-06-05 12:00:00,1.1035129,1.1435198,2.9540975,2.4154744,2.1084795,1.7995274
1972-06-06 12:00:00,1.6970421,1.6213213,4.354835,3.7049344,2.9638913,2.539303
1972-06-07 12:00:00,1.6199148,1.7794003,3.0244954,3.0919137,3.9276266,2.101876
1972-06-08 12:00:00,1.0334997,1.1284531,2.4359663,4.842909,4.39318,2.5263643
1972-06-09 12:00:00,0.9957135,1.1129781,1.9316409,4.0893316,3.7846735,1.7140672
1972-06-10 12:00:00,2.3096423,1.7625268,2.3751364,2.91241,3.6618602,1.579363
1972-06-11 12:00:00,1.6145756,1.487295,2.5530415,1.9117092,4.5156803,1.2918756
1972-06-12 12:00:00,1.7470272,1.7529604,2.8414164,2.17701,4.3034716,1.9688277
1972-06-13 12:00:00,3.0189815,2.958138,4.8946805,4.611525,3.512249,3.6593912
1972-06-14 12:00:00,3.4811432,3.0013576,4.161902,4.1865377,2.8910012,2.7346518
1972-06-15 12:00:00,2.382749,2.3683853,4.2830915,3.5264876,2.2476408,2.7949789
1972-06-16 12:00:00,1.696296,1.5544263,2.3172498,2.639702,2.345434,1.7925476
1972-06-17 12:00:00,2.3980927,2.0555196,2.5102706,3.2857046,2.4217625,1.884587
1972-06-18 12:00:00,1.4589546,1.2999694,2.1694868,1.9310629,1.9588262,1.1716578
1972-06-19 12:00:00,1.4434711,1.0336586,1.8103542,1.602465,1.8576039,1.3375155
1972-06-20 12:00:00,0.9957271,0.8606121,2.0933266,1.8230164,2.167416,1.7407709
1972-06-21 12:00:00,1.965918,1.3708297,3.1091673,1.8955637,2.6932218,2.190199
1972-06-22 12:00:00,1.0473287,0.9110959,2.7065332,2.1293468,2.6160297,1.8918128
1972-06-23 12:00:00,1.4550025,1.5459673,3.4933953,3.6054745,3.6488867,2.18596
1972-06-24 12:00:00,2.6077533,2.233688,4.286655,3.1701622,3.6096058,2.739292
1972-06-25 12:00:00,2.307489,1.6172569,3.496485,2.7449503,3.0535967,1.6185232
1972-06-26 12:00:00,1.7045307,1.9384406,4.8686194,2.8048747,2.0174727,3.256913
1972-06-27 12:00:00,2.0294876,1.9022561,3.3335965,2.278186,2.2540643,1.9365482
1972-06-28 12:00:00,1.3686081,1.1864151,3.6682444,2.2496157,4.053776,1.8386551
1972-06-29 12:00:00,2.3182106,1.8441914,3.5795448,2.9919853,5.908607,2.4542944
1972-06-30 12:00:00,1.9804531,1.6551969,2.6650102,3.084341,4.8466744,1.936274
1972-07-01 12:00:00,0.9916452,1.2502726,2.47321,2.8047533,2.6558955,1.3241786
1972-07-02 12:00:00,2.4557862,2.2259114,4.019791,3.8987575,3.1110651,2.072878
1972-07-03 12:00:00,2.3367848,2.037144,3.3218904,3.4683867,3.3140533,2.1170523
1972-07-04 12:00:00,1.3968151,1.5541254,4.694396,2.6234276,2.0205152,2.3934283
1972-07-05 12:00:00,1.6961603,1.9414284,5.2327566,3.0207589,3.187641,3.050431
1972-07-06 12:00:00,2.028062,2.0142686,2.368879,3.2973127,3.7040355,2.21589
1972-07-07 12:00:00,1.5332184,1.5073069,2.9572074,1.9927876,4.177821,1.3548456
1972-07-08 12:00:00,2.0535672,1.6301644,3.0092807,2.3036,4.024959,1.6735234
1972-07-09 12:00:00,1.5802866,1.6792883,2.127945,2.5748835,4.023611,1.3631687
1972-07-10 12:00:00,1.9717324,1.9230946,2.7848196,2.3252964,3.7973764,1.6294429
1972-07-11 12:00:00,1.3975809,1.366508,3.1690452,1.9392931,2.919962,1.9937271
1972-07-12 12:00:00,2.0243216,1.6732094,3.857673,3.1129017,2.518033,2.2326558
1972-07-13 12:00:00,1.495728,1.3257903,3.0030098,2.618898,3.024402,1.9923269
1972-07-14 12:00:00,3.1165807,2.752121,3.5400662,5.34634,3.649473,2.906506
1972-07-15 12:00:00,1.4216373,1.6119463,2.5133665,3.4289095,4.219529,1.8337706
1972-07-16 12:00:00,1.5134809,1.2870172,2.6775703,2.8609014,3.211625,2.4257112
1972-07-17 12:00:00,1.0568159,1.1053177,2.7451198,3.1914904,3.571649,1.8476776
1972-07-18 12:00:00,2.1557515,1.5611947,3.457251,3.4493866,3.8961322,1.5371474
1972-07-19 12:00:00,2.6562667,2.0010386,3.4152014,4.3490806,3.9688199,1.716366
1972-07-20 12:00:00,2.9533165,2.2245543,3.2196052,4.7960005,3.6169224,1.8763797
1972-07-21 12:00:00,2.403903,1.6818535,2.4103644,4.6707478,3.507009,1.4279861
1972-07-22 12:00:00,0.9546193,1.0559906,1.9652585,4.2784357,3.4167259,1.2609347
1972-07-23 12:00:00,1.0647688,0.96628714,2.1440175,3.1957169,3.2689784,1.3617421
1972-07-24 12:00:00,1.5817249,1.2751162,2.4248393,2.0600536,3.6948984,1.6020387
1972-07-25 12:00:00,2.226902,1.5556408,2.07689,2.4211657,3.4262538,1.6016086
1972-07-26 12:00:00,2.1339312,1.6901499,2.2360344,3.2404623,3.205531,1.5793504
1972-07-27 12:00:00,1.6658951,1.5460639,1.5842694,3.110596,4.014168,1.2429717
1972-07-28 12:00:00,1.6792986,1.2193611,1.4948868,2.9327466,4.1330037,1.1853032
1972-07-29 12:00:00,1.6826675,1.6184237,3.6355207,3.1654851,4.453364,2.097723
1972-07-30 12:00:00,2.9265351,2.3127053,4.2338767,3.0168939,3.0424106,2.7707088
1972-07-31 12:00:00,2.1448903,2.2600534,3.300509,3.7946055,4.4853053,2.6748567
1972-08-01 12:00:00,3.372368,3.1689544,4.919103,6.3924127,5.8036675,4.08842
1972-08-02 12:00:00,3.545274,3.0731995,4.1954365,5.586301,3.8171287,3.8230476
1972-08-03 12:00:00,2.5296216,2.0864165,2.1691923,4.05019,2.683332,1.4732938
1972-08-04 12:00:00,1.471755,1.3167,2.3559835,3.161504,2.4019525,2.0969734
1972-08-05 12:00:00,2.3223796,2.2505596,3.2901225,3.360016,3.0638762,2.3296766
1972-08-06 12:00:00,2.3773396,1.8916606,3.780344,2.979961,3.3027222,1.9346324
1972-08-07 12:00:00,1.9952955,1.8145177,3.637595,3.5683577,3.0370846,1.9052595
1972-08-08 12:00:00,2.573767,2.0483973,3.2348657,2.5128312,3.285596,2.091532
1972-08-09 12:00:00,1.7465658,1.8062657,3.7003105,3.2508576,3.9449918,2.2425473
1972-08-10 12:00:00,1.5719863,1.4235332,3.6232803,3.4447803,4.2292476,2.328022
1972-08-11 12:00:00,1.4285797,1.3884244,4.4848976,2.8256056,2.91881,1.9779563
1972-08-12 12:00:00,0.9950468,0.9282934,2.8550096,1.9453872,3.1763642,1.4992275
1972-08-13 12:00:00,1.3801415,1.4933822,3.6129928,3.7180088,3.3054397,1.7884333
1972-08-14 12:00:00,1.5060711,1.4863945,2.1438093,3.199769,3.1001608,1.1344439
1972-08-15 12:00:00,1.5888189,1.2732633,2.9471657,2.0879874,2.9175644,1.8222464
1972-08-16 12:00:00,1.1603832,1.2545855,4.1389484,2.2206237,2.3272166,2.0614207
1972-08-17 12:00:00,2.2769217,2.0871253,4.26223,3.1873646,2.4280908,3.1551447
1972-08-18 12:00:00,2.7794836,2.6147964,4.605365,3.6506588,3.2055163,3.9359446
1972-08-19 12:00:00,1.8872675,1.7173052,3.9220376,3.283517,3.62374,2.6824694
1972-08-20 12:00:00,1.8363917,1.8502077,3.9925184,3.7805464,2.782505,2.661336
1972-08-21 12:00:00,2.704093,2.379347,5.63191,4.0374312,2.7895212,4.641918
1972-08-22 12:00:00,3.397743,3.1112394,3.6441324,3.4553416,3.5513134,2.5796318
1972-08-23 12:00:00,1.9183403,1.6038873,3.278431,3.3167787,3.9876242,2.7051618
1972-08-24 12:00:00,1.767441,1.6042844,4.6904488,3.834434,4.350139,2.990957
1972-08-25 12:00:00,1.214568,1.3802869,3.0474904,3.1589055,2.5481954,2.2584658
1972-08-26 12:00:00,2.5315666,1.7534125,3.3059814,2.296886,2.398497,2.5066202
1972-08-27 12:00:00,2.8314219,2.0418527,4.2152534,2.858682,2.326947,1.7870967
1972-08-28 12:00:00,2.4669962,1.9452187,4.001438,2.8287811,2.6145525,2.0510576
1972-08-29 12:00:00,2.1942272,1.8789381,2.8414853,2.8416653,3.1045156,1.6072255
1972-08-30 12:00:00,2.2829063,1.946265,2.4163616,2.506421,2.588442,1.5320661
1972-08-31 12:00:00,2.074493,2.3771524,4.0512447,3.348432,3.2982306,2.2955086
1972-09-01 12:00:00,1.937076,1.7904912,3.8460906,3.6524215,3.5297918,2.8733711
1972-09-02 12:00:00,1.1681795,1.29768,3.6326935,2.8401787,4.7734113,2.8033686
1972-09-03 12:00:00,1.177864,1.1497182,2.8992746,3.0447755,3.5322573,2.1398685
1972-09-04 12:00:00,1.2355735,1.1909262,1.855733,2.0091696,2.7572167,1.3030646
1972-09-05 12:00:00,1.0324463,1.0989243,2.5074654,1.9108999,2.180387,1.48754
1972-09-06 12:00:00,2.6676412,2.2999883,4.212602,2.794445,2.1060314,2.454475
1972-09-07 12:00:00,2.1943142,1.9700223,2.663942,3.5402665,2.2688437,2.6508298
1972-09-08 12:00:00,1.1313455,1.0704085,1.8009727,2.2884264,2.7726958,1.4661174
1972-09-09 12:00:00,2.8743563,2.2515311,4.7768817,3.122968,4.463734,2.140714
1972-09-10 12:00:00,2.9179158,2.3536472,3.6068635,3.4524496,3.897537,2.220885
1972-09-11 12:00:00,1.8045421,1.3751259,2.5826294,2.2490988,2.3542516,1.5121152
1972-09-12 12:00:00,1.5823593,1.1687161,3.3382273,2.1836517,2.4892364,1.3901491
1972-09-13 12:00:00,1.2579938,1.0809219,2.9872115,2.0705147,3.0313845,1.2537887
1972-09-14 12:00:00,1.147397,1.1647234,3.1146588,1.7233521,2.3406196,1.386202
1972-09-15 12:00:00,1.5452904,1.4740236,4.371139,2.3097227,2.4963713,1.9090762
1972-09-16 12:00:00,2.6440115,2.2800379,3.2642899,3.0524938,2.9872832,2.2859888
1972-09-17 12:00:00,2.21177,2.0885139,3.4232981,3.0914567,4.672759,2.2571049
1972-09-18 12:00:00,3.150606,2.6529102,3.6800478,3.1104567,5.2666645,1.9109674
1972-09-19 12:00:00,2.2427077,1.948384,2.8793619,6.279922,5.176845,1.7281804
1972-09-20 12:00:00,2.8833728,2.463445,4.1979437,3.955516,5.4198213,3.5332398
1972-09-21 12:00:00,1.4375083,1.5089684,2.0875142,5.5892467,4.28352,1.6546531
1972-09-22 12:00:00,2.8741536,2.2398615,3.7832444,2.587718,4.483921,1.655914
1972-09-23 12:00:00,3.4620073,3.0343838,3.860106,3.7943912,4.1134005,1.9909608
1972-09-24 12:00:00,3.6383476,3.038115,6.3177886,3.6653981,4.714275,3.029598
1972-09-25 12:00:00,3.16616,2.9173167,4.7499323,3.3521752,3.069359,3.204203
1972-09-26 12:00:00,2.9192219,2.8226035,4.3079586,4.6587796,3.6833994,3.3069086
1972-09-27 12:00:00,1.8636206,1.7587559,2.9409463,4.368689,5.412251,2.8036451
1972-09-28 12:00:00,1.9879273,1.7866908,3.824074,2.8197136,3.3871403,2.2406452
1972-09-29 12:00:00,1.4940736,1.3248695,2.3522036,2.859076,3.584973,1.4158573
1972-09-30 12:00:00,1.9169066,1.71876,2.3240798,2.5084255,4.7213326,1.0341643
1972-10-01 12:00:00,1.8274064,1.5894867,3.045825,1.8793898,3.8749387,2.1283503
1972-10-02 12:00:00,1.464923,1.5062301,3.9479806,2.404188,3.0078883,2.5148094
1972-10-03 12:00:00,0.98723763,1.1201723,2.1295204,2.9974248,3.4627101,1.8029689
1972-10-04 12:00:00,1.4931898,1.3482947,2.5559194,3.9767883,4.126828,1.3183776
1972-10-05 12:00:00,2.6151416,2.093973,3.7589052,4.0810275,2.9911718,1.910914
1972-10-06 12:00:00,2.276722,2.2059093,4.0258923,4.316725,2.6265678,2.60899
1972-10-07 12:00:00,0.90730083,1.0979974,4.5762362,3.7503376,3.4037702,3.216622
1972-10-08 12:00:00,1.5597447,1.510423,6.4103823,3.7300391,3.3386118,3.8482778
1972-10-09 12:00:00,1.2572482,1.1834503,4.7356486,2.3169265,3.1658454,1.8870238
1972-10-10 12:00:00,1.3708936,1.2149756,4.0313387,2.7368608,3.1705372,1.3243855
1972-10-11 12:00:00,0.79826474,0.9389145,3.560669,1.8063745,5.0870943,1.3417754
1972-10-12 12:00:00,1.1083369,1.2167326,2.1444771,1.6037978,5.4815173,1.4105607
1972-10-13 12:00:00,1.7315531,1.727132,1.958144,1.5638765,4.2959685,1.3686153
1972-10-14 12:00:00,1.5453575,1.53393,2.3564079,1.8832414,5.1223283,1.3572209
1972-10-15 12:00:00,0.8557251,0.87478846,3.266884,2.8450816,5.2414527,1.5030185
1972-10-16 12:00:00,0.8797636,0.7979239,2.5009952,2.1158988,6.429885,1.2795602
1972-10-17 12:00:00,1.5132387,1.4361485,3.2479692,2.3726006,5.507351,1.8210032
1972-10-18 12:00:00,1.8177991,1.831066,5.040503,4.500633,3.854186,3.7579112
1972-10-19 12:00:00,2.1021686,2.0578074,3.2463424,5.2396255,5.847004,2.9049196
1972-10-20 12:00:00,0.7613807,0.84325266,2.488547,3.2826052,4.1491294,2.6598742
1972-10-21 12:00:00,0.7246531,0.8126026,2.3530195,3.1946137,2.5033178,2.3844383
1972-10-22 12:00:00,1.0729803,1.2381164,3.0084386,4.0678196,4.1092033,2.6569526
1972-10-23 12:00:00,3.0043802,2.5109494,3.377004,2.7950666,4.2044983,1.7744068
1972-10-24 12:00:00,1.4412262,1.5111749,3.944206,2.0958338,3.6227756,2.5011008
1972-10-25 12:00:00,1.9155267,1.6590399,3.0330067,2.336603,4.0768027,1.412219
1972-10-26 12:00:00,1.1889067,0.9716174,2.2335296,2.3342555,4.286858,1.3204888
1972-10-27 12:00:00,1.6880498,1.2131522,3.3642843,2.4455566,4.5558405,1.5291355
1972-10-28 12:00:00,2.31895,1.7068826,5.4300756,3.5316203,3.3506436,2.188279
1972-10-29 12:00:00,3.3389347,2.779573,5.1882076,4.486059,3.0022624,2.4492452
1972-10-30 12:00:00,2.913723,2.26198,6.868007,3.7374682,3.643711,2.9563324
1972-10-31 12:00:00,2.6504455,2.0540264,4.8878484,3.1017077,3.6630545,2.6890445
1972-11-01 12:00:00,2.1695938,1.6253085,3.4794793,3.078958,2.2321575,2.0172799
1972-11-02 12:00:00,2.501299,1.9560544,3.1062324,4.033069,2.2822907,1.6212492
1972-11-03 12:00:00,2.5278897,2.0142183,3.2788868,3.0022674,3.8058867,1.745735
1972-11-04 12:00:00,2.7061744,1.8012362,4.367806,2.7755969,4.5105577,2.020319
1972-11-05 12:00:00,2.2258282,1.6489699,4.897323,3.3807774,3.9613676,2.3016446
1972-11-06 12:00:00,1.6416066,1.377267,5.250275,3.4687045,2.9781713,3.3786764
1972-11-07 12:00:00,1.9979877,1.7577777,4.454948,3.7287514,3.5674293,3.1251302
1972-11-08 12:00:00,2.1597803,1.7667996,3.1254275,3.0425906,3.6063738,2.1781135
1972-11-09 12:00:00,2.36675,1.937023,3.2477405,2.9502702,4.737218,1.4867445
1972-11-10 12:00:00,1.8920224,1.4975823,2.3096812,3.7018065,4.084026,1.0775933
1972-11-11 12:00:00,0.6877246,0.9130207,1.8096936,4.244716,3.8349438,1.4065135
1972-11-12 12:00:00,1.4650542,1.1835524,3.124981,2.5949569,3.4187593,1.6671076
1972-11-13 12:00:00,1.6110517,1.3390725,5.8033056,3.180895,2.5415213,3.643549
1972-11-14 12:00:00,3.925222,3.6674783,7.598434,6.2551775,4.6161013,5.451156
1972-11-15 12:00:00,2.796074,2.4629815,5.00119,5.8543444,4.0378356,4.441029
1972-11-16 12:00:00,2.482774,2.3819108,5.622089,5.077826,4.9023275,3.6791966
1972-11-17 12:00:00,3.1417966,2.9474173,4.9600415,5.9513426,6.3233757,3.6061866
1972-11-18 12:00:00,2.327169,2.1048696,3.59295,4.886947,7.0745206,2.6085742
1972-11-19 12:00:00,0.82661235,1.1821085,3.066458,6.3553443,7.1904063,4.067567
1972-11-20 12:00:00,1.8537557,2.1429057,6.581664,6.7013273,6.8288245,5.6901803
1972-11-21 12:00:00,3.5119896,3.4087358,7.0291786,6.224237,8.190294,5.21721
1972-11-22 12:00:00,3.0097399,2.7739685,4.7747293,5.5743084,6.7048373,3.6554434
1972-11-23 12:00:00,3.1631856,2.7498028,3.2262735,3.5992959,6.336384,1.8207875
1972-11-24 12:00:00,1.748648,1.4323344,2.225999,2.65199,3.2536776,1.9759765
1972-11-25 12:00:00,1.6075289,1.3133456,2.2069323,2.3321035,4.124962,1.7672486
1972-11-26 12:00:00,2.5640354,2.1608908,4.8359976,3.5029979,4.853829,3.3593466
1972-11-27 12:00:00,3.8880415,3.134583,4.008487,4.354327,5.4433827,2.297829
1972-11-28 12:00:00,2.8064177,2.3288555,5.638627,5.7190604,4.9639006,3.8402746
1972-11-29 12:00:00,2.6338296,2.2047899,3.6765194,3.6044407,4.8734756,2.9703918
1972-11-30 12:00:00,0.68028295,0.9579817,3.2955096,2.6155667,3.2452955,2.8802986
1972-12-01 12:00:00,0.71967006,0.99858433,4.509419,2.9938111,3.575031,2.744269
1972-12-02 12:00:00,1.4632516,1.1872528,3.8723214,2.7348068,3.964958,2.3545635
1972-12-03 12:00:00,2.2941997,1.6855075,3.2732456,2.248305,4.0892825,2.4199924
1972-12-04 12:00:00,3.0635087,2.2182457,3.7974327,2.6045775,2.978163,1.8752948
1972-12-05 12:00:00,0.9201853,1.1324474,2.7692022,3.126851,2.4638865,2.502116
1972-12-06 12:00:00,2.8645375,2.4865055,6.4299226,3.6792562,3.1113076,3.9104779
1972-12-07 12:00:00,3.1396937,3.005252,3.8548114,4.832465,3.9376125,2.8597429
1972-12-08 12:00:00,2.2725866,1.8695594,3.9452934,2.920188,3.8767335,2.5294566
1972-12-09 12:00:00,2.4312358,1.9062828,4.279407,3.5455697,4.70082,2.662533
1972-12-10 12:00:00,1.4068068,1.1820366,2.7934353,2.450726,5.0789714,2.4500875
1972-12-11 12:00:00,2.5895946,2.507679,2.639415,3.0940735,6.311603,2.0847256
1972-12-12 12:00:00,1.4291257,1.620532,2.522034,4.152168,5.8230777,1.6568495
1972-12-13 12:00:00,0.9413026,1.2922132,3.369055,5.536886,5.1938057,2.2787175
1972-12-14 12:00:00,1.2451007,1.5847324,3.000252,3.9263694,3.939879,2.531129
1972-12-15 12:00:00,1.6757926,1.8558393,6.5580244,5.8647785,6.0885854,5.0525045
1972-12-16 12:00:00,2.5137293,2.4803624,5.627483,7.82951,9.671674,4.014795
1972-12-17 12:00:00,1.0153345,1.3093132,4.0014944,4.81559,9.531102,2.6827545
1972-12-18 12:00:00,1.9110131,1.8485179,4.7088943,6.5392747,6.61485,4.730829
1972-12-19 12:00:00,3.7529912,3.0367348,5.764587,6.570869,4.539399,5.160625
1972-12-20 12:00:00,3.5228992,3.3509905,6.6318665,6.3291845,5.890941,6.048135
1972-12-21 12:00:00,3.0192204,3.005764,5.513482,5.762978,8.88706,4.445305
1972-12-22 12:00:00,2.020435,2.6320999,5.281399,5.665214,6.6899943,5.081269
1972-12-23 12:00:00,2.0572472,1.763642,3.6864893,3.3025718,6.6551485,1.9065043
1972-12-24 12:00:00,2.824502,2.7140822,6.698971,4.4332495,3.6956015,4.446565
1972-12-25 12:00:00,2.0012765,2.2508235,3.6446252,6.1301527,6.5682592,2.5166852
1972-12-26 12:00:00,3.626782,2.9356542,5.393464,8.151052,6.3328714,4.688668
1972-12-27 12:00:00,1.7135687,2.068901,3.3903036,4.721061,4.769704,2.758544
1972-12-28 12:00:00,3.401818,3.2691398,7.5154705,7.0903573,4.538993,5.4126916
1972-12-29 12:00:00,3.1689606,2.50701,4.389824,5.873735,5.066891,3.292695
1972-12-30 12:00:00,2.7516813,2.8304672,6.684939,7.6453404,6.275414,4.9271426
1972-12-31 12:00:00,2.3917139,2.581631,6.617542,5.369494,5.144228,4.787986
1973-01-01 12:00:00,1.4755957,1.8623754,2.6513762,5.121422,7.154552,2.477025
1973-01-02 12:00:00,1.3821149,1.4143281,3.804973,5.565974,4.0285287,3.4132655
1973-01-03 12:00:00,0.83652467,1.0657858,2.8493712,3.2362926,4.19219,2.5678918
1973-01-04 12:00:00,1.2943847,1.1266382,3.8871722,4.6091285,4.5318327,2.7757657
1973-01-05 12:00:00,4.3385625,3.6667175,7.4200606,8.674053,5.9471445,6.080471
1973-01-06 12:00:00,3.404387,3.550762,6.263244,8.710813,6.5711327,4.8020773
1973-01-07 12:00:00,1.236153,1.5114894,3.00129,3.6313267,4.8685784,2.5826762
1973-01-08 12:00:00,1.9471297,1.748016,5.181488,5.112127,3.547257,3.1351142
1973-01-09 12:00:00,1.56112,1.7647308,3.7778828,5.974117,5.914197,2.8768132
1973-01-10 12:00:00,2.0809124,2.3334742,5.2234693,5.3542957,7.615891,3.2801256
1973-01-11 12:00:00,1.6563753,1.7827612,4.3384414,5.6717696,7.488541,3.050817
1973-01-12 12:00:00,2.0941062,1.9686974,4.4178643,6.359058,5.83725,3.9521058
1973-01-13 12:00:00,2.6709976,2.2365127,4.616839,3.5987298,6.267457,3.579932
1973-01-14 12:00:00,1.395164,1.4077284,3.791087,4.0335126,5.169216,2.342426
1973-01-15 12:00:00,1.2103245,1.4171559,4.633027,5.5892525,7.259551,3.8064063
1973-01-16 12:00:00,2.6297865,2.1530766,7.638656,5.6950607,5.996486,4.439237
1973-01-17 12:00:00,2.523992,2.3004348,5.2438993,4.112146,4.5763884,3.8956604
1973-01-18 12:00:00,1.9498072,1.477022,5.739807,3.6593664,5.565014,3.8182833
1973-01-19 12:00:00,2.9273493,2.2218037,5.8445635,3.8628025,6.169349,3.2291782
1973-01-20 12:00:00,2.888396,2.6160305,5.799149,5.8437448,4.776552,3.6289477
1973-01-21 12:00:00,3.716497,2.6576884,4.9699163,4.7733293,4.3873944,3.0310369
1973-01-22 12:00:00,2.972104,2.19238,4.1317396,4.658327,4.520061,1.7733626
1973-01-23 12:00:00,1.7855195,1.5007533,2.6568341,4.4772215,6.3345466,2.042294
1973-01-24 12:00:00,1.1510582,1.1632117,3.3781238,5.781093,7.7674394,3.7538316
1973-01-25 12:00:00,3.217177,2.9354208,6.3880935,7.617751,8.609329,5.0109324
1973-01-26 12:00:00,2.1233509,1.9019077,4.3271046,7.4889817,7.121246,4.4701114
1973-01-27 12:00:00,2.0467064,2.0906682,6.4427104,5.987076,7.553725,4.8520546
1973-01-28 12:00:00,3.0283484,2.9711013,6.1522694,7.340072,9.053946,4.9903636
1973-01-29 12:00:00,3.4438617,3.069999,5.530683,5.840335,8.192579,3.622719
1973-01-30 12:00:00,1.3511987,1.3423796,2.7766802,3.41793,7.018685,2.2106655
1973-01-31 12:00:00,2.1629307,1.9580916,5.300237,5.113454,5.2716093,3.0690968
1973-02-01 12:00:00,2.3752327,2.2749527,5.563235,5.486388,6.1514425,3.101787
1973-02-02 12:00:00,2.6799664,2.4901419,5.6671557,5.398792,7.2579293,2.983832
1973-02-03 12:00:00,1.4284387,1.4020537,4.292015,5.336754,8.036538,2.63794
1973-02-04 12:00:00,0.51941407,0.7592779,3.6944935,4.7205405,5.0951257,2.4385087
1973-02-05 12:00:00,0.8447282,0.88868695,4.231674,4.4011893,7.5432096,3.1519697
1973-02-06 12:00:00,0.7113833,0.93329406,3.7317138,4.7104745,6.4773965,3.0248098
1973-02-07 12:00:00,0.7333446,0.96975076,3.36868,4.574516,8.130553,3.0546734
1973-02-08 12:00:00,1.1353669,1.1767471,2.4096944,4.580094,7.1654716,2.5880287
1973-02-09 12:00:00,0.7705152,0.90864724,2.299064,4.6165123,4.921532,2.787171
1973-02-10 12:00:00,0.71692824,0.91917163,3.568423,5.541496,6.78899,3.7147336
1973-02-11 12:00:00,2.8063831,1.9225279,5.0575185,6.590975,7.6107783,4.560877
1973-02-12 12:00:00,3.7360375,3.057795,6.1847544,6.33884,5.544331,5.1612687
1973-02-13 12:00:00,1.9348787,1.6535187,2.7085166,4.2945056,5.094383,2.3203948
1973-02-14 12:00:00,0.7941129,0.8320316,2.619613,2.1873288,3.7565818,2.3086016
1973-02-15 12:00:00,1.45068,1.1414491,3.740618,2.816464,4.4070683,2.1898885
1973-02-16 12:00:00,1.9051361,1.4245512,2.7706163,3.8517344,4.1850033,2.1630898
1973-02-17 12:00:00,1.7150468,1.5457715,2.6135237,3.0304084,5.176684,1.8486698
1973-02-18 12:00:00,1.7591263,1.4209055,3.4472046,3.1579022,7.682973,2.1809773
1973-02-19 12:00:00,1.120981,1.3866438,2.712787,2.5473528,5.431256,2.054821
1973-02-20 12:00:00,1.4581096,1.226311,4.936391,3.4421487,5.988554,2.5920036
1973-02-21 12:00:00,1.1813059,1.1980346,5.9439206,3.3798182,7.3464046,3.367065
1973-02-22 12:00:00,1.3547434,1.3834931,5.1184454,2.2650108,7.3442597,2.78557
1973-02-23 12:00:00,2.5150032,1.8688833,3.395649,2.74111,5.273575,1.7987661
1973-02-24 12:00:00,2.354439,1.645503,3.7182167,2.9146762,6.3620477,2.015331
1973-02-25 12:00:00,1.2993621,1.2850404,2.6449654,2.113476,4.2842913,1.571832
1973-02-26 12:00:00,1.4650594,1.5247736,2.0251079,3.6048288,5.83873,1.6377016
1973-02-27 12:00:00,2.096212,1.674502,3.9865541,2.8686883,5.95821,1.9474901
1973-02-28 12:00:00,2.392951,2.896755,2.7940266,4.9770317,8.166413,2.2119899
1973-03-01 12:00:00,1.6730849,1.7359645,3.0484369,2.7300825,7.193561,1.86374
1973-03-02 12:00:00,0.8950715,1.2261759,1.8900934,4.526728,8.572187,1.7882448
1973-03-03 12:00:00,1.250591,1.2613891,1.7535799,3.2048297,7.6264296,1.3778509
1973-03-04 12:00:00,0.77560854,0.8376513,1.6270847,2.8437395,6.708763,1.3848021
1973-03-05 12:00:00,1.2803857,1.310932,3.8404534,3.367457,4.70302,2.6752317
1973-03-06 12:00:00,1.8593079,1.4188911,4.7104306,3.7537582,3.7429671,2.9302144
1973-03-07 12:00:00,0.86845666,0.944277,4.2479777,4.1051855,4.8058367,2.9691803
1973-03-08 12:00:00,0.96656495,1.1494453,5.4944115,3.966272,4.430086,3.5702355
1973-03-09 12:00:00,1.6657454,1.8982946,6.7493353,3.8980339,4.656895,4.0848713
1973-03-10 12:00:00,1.7162187,1.7912542,6.2346706,3.6638637,3.9339373,3.4931962
1973-03-11 12:00:00,2.2230854,1.9064109,5.3616233,3.8187714,4.3277392,2.554298
1973-03-12 12:00:00,1.9805825,1.582912,4.8411818,3.7576103,5.6411,1.9635158
1973-03-13 12:00:00,1.8485097,1.40357,3.8561294,3.3259656,4.057285,1.6771258
1973-03-14 12:00:00,1.8655428,1.6711266,3.4443662,3.182153,3.3073125,1.8190637
1973-03-15 12:00:00,2.4057379,1.7762272,3.9681802,2.825826,7.122887,1.8802648
1973-03-16 12:00:00,1.5107329,1.4078908,3.804633,4.7766495,4.671201,3.2828236
1973-03-17 12:00:00,1.409126,1.7925377,4.802552,5.689653,5.3955736,4.69869
1973-03-18 12:00:00,3.5170865,2.806446,5.6417613,5.906289,5.8627906,3.6830661
1973-03-19 12:00:00,3.1514332,3.2236264,5.221676,5.204505,6.3239307,4.514246
1973-03-20 12:00:00,3.3849397,3.0402153,4.736492,3.887673,4.2710624,3.0491085
1973-03-21 12:00:00,3.0031953,2.5056014,4.0767117,5.683921,5.2672,3.964224
1973-03-22 12:00:00,2.7380862,2.174684,5.1492853,5.807085,5.780094,3.5465472
1973-03-23 12:00:00,2.8529522,2.1735682,4.7647038,5.1238136,7.1858463,3.1549327
1973-03-24 12:00:00,2.155184,2.2431536,4.7082577,2.8100383,4.2748556,2.5307333
1973-03-25 12:00:00,2.6057467,2.0592318,4.449397,2.8425972,6.326614,2.3042111
1973-03-26 12:00:00,1.8982338,1.9476886,3.9643948,3.7689598,4.432312,2.7673125
1973-03-27 12:00:00,2.2669358,2.2326362,3.5706189,5.170108,4.2162294,3.6861076
1973-03-28 12:00:00,1.2750394,1.432021,3.9996195,4.518322,4.326048,3.1847544
1973-03-29 12:00:00,1.1200871,1.5011528,4.3073297,3.5213385,3.7776694,2.8112333
1973-03-30 12:00:00,1.724475,1.7147502,4.1757197,2.902648,3.982102,2.7787228
1973-03-31 12:00:00,1.0685158,1.2788277,2.3705463,2.773276,4.1049566,2.1351738
1973-04-01 12:00:00,1.4418716,1.2051612,2.9596212,2.3300922,4.2272964,2.3354163
1973-04-02 12:00:00,0.8397235,1.0933253,4.256049,2.8068137,4.9544425,3.2921596
1973-04-03 12:00:00,1.8153383,1.7878742,3.7666085,4.2010336,5.5736814,3.6968026
1973-04-04 12:00:00,2.6564236,2.6368961,4.0485215,4.7584877,4.9108043,2.43789
1973-04-05 12:00:00,2.7917821,2.7788913,6.602061,5.5059795,4.174633,3.854111
1973-04-06 12:00:00,1.6133517,1.3979788,2.556713,1.9708767,4.2024107,1.4087666
1973-04-07 12:00:00,0.9748384,0.9249881,1.9606998,1.6464397,3.5360627,1.136214
1973-04-08 12:00:00,1.214422,1.5633898,4.38604,3.5871675,3.6043622,3.3793938
1973-04-09 12:00:00,1.3543818,1.2724558,2.4624069,4.08153,4.45484,2.2249663
1973-04-10 12:00:00,0.9929566,0.9928415,2.5033982,2.8406348,4.6746387,1.6899629
1973-04-11 12:00:00,1.4428296,1.2683291,2.56662,2.4139817,3.8928082,2.2419624
1973-04-12 12:00:00,1.5175183,1.3675249,3.0895765,1.6286554,3.9586673,1.6926972
1973-04-13 12:00:00,1.8783041,1.6982656,2.662711,1.7007235,5.01444,1.4711334
1973-04-14 12:00:00,2.8315814,2.4251175,3.2394173,3.3461318,4.873371,1.9638778
1973-04-15 12:00:00,1.5326259,1.7772558,2.2105849,4.526888,5.256759,1.450372
1973-04-16 12:00:00,1.6759379,1.5332212,2.3389933,3.9772258,5.6439533,1.4390792
1973-04-17 12:00:00,1.0879197,1.289953,2.08881,5.3171043,5.2421584,1.6501735
1973-04-18 12:00:00,3.256698,2.7232544,2.8851416,3.9302447,5.715213,2.0788112
1973-04-19 12:00:00,3.1729794,3.4693422,3.3025777,6.2402425,7.029066,3.1480625
1973-04-20 12:00:00,1.3663607,1.712543,3.1587324,3.9605093,6.249843,2.3756466
1973-04-21 12:00:00,4.471715,3.6400282,7.9545074,5.5097485,4.099683,4.632666
1973-04-22 12:00:00,3.5166988,3.2090843,5.959571,5.8716407,5.32857,4.035921
1973-04-23 12:00:00,2.840888,2.4509277,3.5915284,3.125492,9.4424715,2.6144834
1973-04-24 12:00:00,1.3129158,1.32822,2.1650853,2.55033,5.185944,1.6917219
1973-04-25 12:00:00,1.9671719,1.9302174,5.439044,3.9223344,3.4380074,4.310383
1973-04-26 12:00:00,2.6601057,2.8307261,4.1578474,5.0369697,5.6273685,3.5409613
1973-04-27 12:00:00,2.8129487,2.0691109,3.2652028,2.175978,3.225625,2.0566812
1973-04-28 12:00:00,1.9701152,2.0438986,4.118209,4.146065,2.797128,3.5571592
1973-04-29 12:00:00,2.1100698,1.8764607,3.1149857,2.7277627,4.023987,2.6331048
1973-04-30 12:00:00,1.0177238,1.4250093,4.5577807,2.9214978,2.4701357,3.476731
1973-05-01 12:00:00,1.5137202,1.6105174,2.7063067,3.1327517,3.4662209,2.5507698
1973-05-02 12:00:00,2.5719938,2.1473417,3.5609336,2.9301536,4.229972,2.551867
1973-05-03 12:00:00,0.98311305,1.3504628,3.7949917,3.2055452,2.9943664,2.7679248
1973-05-04 12:00:00,1.7594327,1.899019,2.8431273,2.4287076,2.4363751,1.5729965
1973-05-05 12:00:00,1.4928174,1.8596448,2.650886,2.7380443,3.3646917,1.543657
1973-05-06 12:00:00,2.1074443,1.7856737,3.4208167,2.3997476,4.003414,2.4947898
1973-05-07 12:00:00,1.8227,1.4146574,2.7330446,2.5983574,3.806539,2.148492
1973-05-08 12:00:00,1.5040634,1.5110339,2.5473735,2.4290493,3.0007904,1.886065
1973-05-09 12:00:00,1.2107226,1.1988443,3.268727,2.1913779,2.15176,1.6303793
1973-05-10 12:00:00,2.7696633,2.186855,2.955768,2.577271,1.8999075,2.0394917
1973-05-11 12:00:00,1.9507632,1.8443731,1.8294157,2.5906518,2.2967296,1.1392512
1973-05-12 12:00:00,1.1382835,1.2007987,2.0222237,2.6542642,3.0007625,1.457236
1973-05-13 12:00:00,2.2779548,1.9427475,3.549465,2.3351467,2.996746,2.2497058
1973-05-14 12:00:00,1.9595658,1.6700796,4.0936728,2.8450744,2.26688,2.4798586
1973-05-15 12:00:00,1.2029653,1.5172124,2.6967492,2.5093112,4.254965,1.5714405
1973-05-16 12:00:00,1.8706799,1.9290504,2.691351,2.4518683,3.7109847,1.8922569
1973-05-17 12:00:00,1.8450189,1.6545606,3.6575768,2.646987,3.1706142,2.7037137
1973-05-18 12:00:00,2.8537707,2.477314,4.0324936,3.7592492,3.8199718,3.815084
1973-05-19 12:00:00,3.1502838,2.8053415,3.8356187,4.59814,4.03977,2.51295
1973-05-20 12:00:00,2.8318768,2.3539293,2.72754,3.6278622,3.2820294,1.6418915
1973-05-21 12:00:00,1.5203016,1.210106,2.0843859,2.0085688,1.9626733,1.293624
1973-05-22 12:00:00,1.3422608,1.3254563,1.7943394,2.2948582,2.0266204,1.1175259
1973-05-23 12:00:00,1.4188823,1.3677582,3.3879704,2.0427785,3.0883715,1.7566508
1973-05-24 12:00:00,1.5219223,1.4421829,3.1581864,2.3174222,2.5584698,1.7217834
1973-05-25 12:00:00,2.848582,2.7090137,2.954166,2.9588165,2.5070226,1.9664431
1973-05-26 12:00:00,3.1011124,2.8646939,3.0192153,3.4895444,3.2782152,2.033141
1973-05-27 12:00:00,2.1705217,1.9406332,2.2668753,2.9537024,3.6481636,1.70281
1973-05-28 12:00:00,2.1264045,1.9898478,3.3644087,3.0957012,3.0032163,2.2343962
1973-05-29 12:00:00,2.4207807,1.9948374,2.7096443,3.19797,2.7461047,2.3380027
1973-05-30 12:00:00,2.3084898,1.99418,3.2953284,2.4571214,3.153475,1.905661
1973-05-31 12:00:00,2.4041874,1.8649676,3.5817878,2.6379006,2.545369,1.5781558
1973-06-01 12:00:00,2.0226352,2.149995,3.4693043,3.5698478,5.045655,2.3427203
1973-06-02 12:00:00,1.8130634,1.5579306,2.7998598,2.7699368,5.000935,1.6824099
1973-06-03 12:00:00,1.4460596,1.624651,3.2500901,3.2442303,4.3278146,2.0051372
1973-06-04 12:00:00,2.2303221,1.9020231,2.5178533,4.4878006,3.7756405,1.3275371
1973-06-05 12:00:00,1.9863365,1.5631006,3.358374,3.4994044,3.8783622,1.4736594
1973-06-06 12:00:00,1.5506151,1.2151046,3.436648,4.094906,3.7532277,1.527518
1973-06-07 12:00:00,1.8209522,1.5690495,2.9325798,4.2782087,3.9495277,1.8248979
1973-06-08 12:00:00,2.3640528,1.706931,3.329277,3.8517,2.8329108,2.3488848
1973-06-09 12:00:00,2.5255468,1.9151394,3.7986789,2.696869,2.7639165,2.7704334
1973-06-10 12:00:00,1.3281484,1.2047334,3.4038298,2.2686906,3.4382522,3.2884698
1973-06-11 12:00:00,1.3650134,1.388365,4.100831,2.9174185,4.2160125,3.1879034
1973-06-12 12:00:00,1.783133,1.9981849,4.8385444,4.14798,5.0293326,3.590237
1973-06-13 12:00:00,2.183636,2.0042508,3.5848365,3.0783162,6.081067,2.2301502
1973-06-14 12:00:00,1.5135721,1.3628632,2.0373607,2.7162478,4.6669683,1.3001179
1973-06-15 12:00:00,1.0404074,1.0700998,2.0676978,2.346491,3.1958187,1.3781198
1973-06-16 12:00:00,1.5682185,1.424752,2.1011977,2.626793,3.3010242,1.5740178
1973-06-17 12:00:00,1.1922337,1.5051509,2.6362145,3.2600377,3.3506403,1.6890665
1973-06-18 12:00:00,1.6630783,1.9119071,3.7355654,3.3486702,2.9400706,2.2675996
1973-06-19 12:00:00,2.1712668,2.2493284,3.1906636,3.6645977,2.601326,2.47787
1973-06-20 12:00:00,2.4943938,2.47111,2.1347861,4.022842,3.9554017,1.8291667
1973-06-21 12:00:00,1.9196224,1.5914928,3.1815615,2.19864,4.5764503,1.6170205
1973-06-22 12:00:00,1.566988,1.3387805,2.6178608,2.567414,3.5983367,1.8298234
1973-06-23 12:00:00,2.8847725,2.2780209,3.2326872,2.9412262,3.664623,2.615567
1973-06-24 12:00:00,1.8739233,1.5415548,3.162234,2.43859,3.0344977,2.3897736
1973-06-25 12:00:00,1.715405,1.7692937,3.7572727,3.039156,3.1129847,2.4624536
1973-06-26 12:00:00,2.0687275,1.7010703,2.5905182,3.4268453,3.3694854,1.4720485
1973-06-27 12:00:00,1.5530958,1.3661791,3.1190228,2.9373667,2.847119,1.7253679
1973-06-28 12:00:00,2.0690253,1.4288534,2.76747,1.9123169,2.2358549,1.6475755
1973-06-29 12:00:00,2.540049,1.7410574,2.6742578,1.8811883,2.5090656,1.2199683
1973-06-30 12:00:00,1.6961188,1.4947344,2.5074162,2.2161038,2.5228174,1.4645888
1973-07-01 12:00:00,2.6635153,2.3464377,3.5302432,2.522005,2.7796192,2.1500413
1973-07-02 12:00:00,3.4667084,2.9967198,3.7547646,5.160209,3.3910358,3.5253723
1973-07-03 12:00:00,2.2174196,1.9606235,2.951474,2.8084755,2.9078891,2.0892367
1973-07-04 12:00:00,2.1350098,2.4093246,3.0372124,4.5791388,3.011648,1.8938262
1973-07-05 12:00:00,3.1979177,2.6029994,2.9140503,3.3125505,4.0985656,1.7598163
1973-07-06 12:00:00,2.909793,2.6557589,4.213338,2.9409266,2.3908546,2.3009515
1973-07-07 12:00:00,1.4504318,1.3259335,2.8419585,2.0939312,2.0459843,1.9142896
1973-07-08 12:00:00,2.2488894,1.794625,2.8327253,2.1912463,2.2524598,1.8868936
1973-07-09 12:00:00,2.0458903,1.7145298,2.8250155,3.0850055,2.7144303,1.7339816
1973-07-10 12:00:00,2.252842,1.6810212,2.5436249,3.6401408,2.9420953,1.510011
1973-07-11 12:00:00,2.0718145,1.5218565,2.6681561,2.6566577,2.7231684,1.3209434
1973-07-12 12:00:00,2.3732595,1.856801,2.4588914,2.3061476,2.8291984,1.3250912
1973-07-13 12:00:00,2.0564098,1.7282261,2.05261,2.2061253,2.7337883,2.002724
1973-07-14 12:00:00,0.83141035,0.90937334,1.7485765,2.817328,3.2467484,1.2551609
1973-07-15 12:00:00,0.9162074,1.122097,1.9137117,2.898967,3.3223839,1.2266235
1973-07-16 12:00:00,0.76036817,0.86914855,2.1582623,3.4996016,4.043285,1.4989852
1973-07-17 12:00:00,1.6567211,1.1792248,2.9440072,3.769033,3.707186,2.2072961
1973-07-18 12:00:00,1.0415794,1.1885825,3.144453,4.397516,3.0210264,1.8233744
1973-07-19 12:00:00,2.3866897,2.3790464,3.8403168,3.9444113,4.2196984,3.5022905
1973-07-20 12:00:00,2.8371348,2.4283173,5.397522,4.462731,5.731504,3.5050955
1973-07-21 12:00:00,2.8105564,2.5918174,4.241064,4.8030243,3.5232944,3.9382777
1973-07-22 12:00:00,2.0846334,1.7878635,4.8028407,4.099646,2.7833564,4.116824
1973-07-23 12:00:00,2.608377,3.1345336,5.5750127,5.1423016,3.733402,3.5995922
1973-07-24 12:00:00,3.228455,3.141444,4.167879,4.0148582,3.7073336,2.6758454
1973-07-25 12:00:00,1.7412108,1.5543182,2.5631034,2.593133,4.726137,1.3298526
1973-07-26 12:00:00,2.314889,1.9601492,3.332689,2.5619097,4.763581,2.4216866
1973-07-27 12:00:00,2.4574056,1.8313712,3.0308464,2.7522557,3.2545717,1.9141965
1973-07-28 12:00:00,3.7212443,3.2538762,3.9659734,2.9894464,2.8152165,2.0719557
1973-07-29 12:00:00,2.489521,2.150397,3.4150147,3.1076336,4.444503,2.2868662
1973-07-30 12:00:00,2.4052012,1.9400375,3.3645144,2.741842,3.8614721,2.7905257
1973-07-31 12:00:00,1.5763891,1.3131547,2.0834942,3.5142505,2.252096,1.4801569
1973-08-01 12:00:00,2.8815002,2.225036,3.7344835,1.937223,1.76756,1.9618316
1973-08-02 12:00:00,1.4291437,1.4300925,2.2732975,3.3476012,2.2156456,1.9188126
1973-08-03 12:00:00,0.8417462,0.9217755,1.6725346,2.0752907,2.4317648,1.1774282
1973-08-04 12:00:00,0.91800857,1.0096016,2.4916248,1.5905361,1.8711765,1.2350417
1973-08-05 12:00:00,1.5764356,1.4860829,4.3657236,2.4187763,1.9266709,1.8812634
1973-08-06 12:00:00,2.135941,2.066428,4.936534,3.6245615,1.9537672,2.8955574
1973-08-07 12:00:00,2.4498684,2.2503371,2.403751,2.9083178,1.9599124,1.852542
1973-08-08 12:00:00,1.5567132,1.4476743,1.9223356,2.470748,2.116937,1.3668718
1973-08-09 12:00:00,0.92419285,1.0205115,1.9498361,1.663429,1.7721794,1.187141
1973-08-10 12:00:00,1.3485849,1.1665316,2.137275,1.5710548,1.455231,1.2078247
1973-08-11 12:00:00,1.594848,1.2807647,2.3273597,1.9099317,2.095692,1.2489976
1973-08-12 12:00:00,1.6361296,1.2888225,1.8275005,2.60853,3.0148299,1.1916769
1973-08-13 12:00:00,1.758456,1.3449702,1.8556962,2.485086,2.6832829,1.0359495
1973-08-14 12:00:00,2.4579396,1.9327003,2.7680008,2.2906246,2.3999698,1.4814273
1973-08-15 12:00:00,2.7514465,2.2405777,3.1450794,2.777069,2.0463736,1.9426517
1973-08-16 12:00:00,2.2766182,1.8787906,2.6656103,2.1566255,2.0482235,1.5936843
1973-08-17 12:00:00,2.0043342,1.7603364,3.023525,1.8316795,2.1461556,1.5129032
1973-08-18 12:00:00,2.925455,2.2682786,3.780901,2.2508945,2.2956424,1.9213934
1973-08-19 12:00:00,2.7999458,2.2426074,4.4666386,3.1399026,2.8121262,2.3434353
1973-08-20 12:00:00,2.292316,2.2475908,3.3957558,3.65159,2.3041098,2.0496218
1973-08-21 12:00:00,2.6090527,2.2519329,2.8317466,3.279112,2.7220144,1.7014116
1973-08-22 12:00:00,3.4337072,3.0335665,4.233252,3.9071836,3.7277672,1.9543775
1973-08-23 12:00:00,3.6943681,3.2515395,4.4947586,4.2736435,4.1541824,3.2570739
1973-08-24 12:00:00,3.1565542,2.748116,4.7914033,4.4140253,3.5992277,3.3907843
1973-08-25 12:00:00,2.116645,2.06243,3.1322787,4.3449464,2.6155455,2.4790406
1973-08-26 12:00:00,1.5135982,1.4630125,3.097002,4.0515194,2.7747445,2.040839
1973-08-27 12:00:00,3.8206513,3.2859592,4.1004624,4.3048263,3.626666,2.690888
1973-08-28 12:00:00,2.1556864,1.9003156,4.278865,3.975408,3.3641732,3.25223
1973-08-29 12:00:00,3.3314734,2.9110239,5.058613,4.225188,4.176248,3.6352513
1973-08-30 12:00:00,2.3726277,2.2574937,4.5283933,3.1690958,4.419274,2.7475755
1973-08-31 12:00:00,4.162938,3.801559,4.974306,5.038532,5.385272,3.028878
1973-09-01 12:00:00,4.065934,3.5071533,4.810094,4.272756,4.5122614,2.6062078
1973-09-02 12:00:00,3.6163998,2.8659217,5.655513,4.395873,5.384503,2.9113579
1973-09-03 12:00:00,1.8801368,1.8655324,3.5614965,3.1535785,4.8466687,1.8919388
1973-09-04 12:00:00,2.1047425,2.0255308,3.6368837,3.0420814,3.0185294,2.2449658
1973-09-05 12:00:00,2.4603634,2.7214136,4.8990154,4.6489277,5.7317147,3.7581627
1973-09-06 12:00:00,1.594868,1.590222,2.065631,2.8100514,4.37223,1.6988269
1973-09-07 12:00:00,1.9512146,1.5682756,3.215174,2.58732,4.324715,2.7165935
1973-09-08 12:00:00,1.9387137,1.5134007,2.6936514,3.6465816,3.7069283,2.1522555
1973-09-09 12:00:00,1.7543962,1.6772162,3.838921,4.101485,3.5517294,3.4458241
1973-09-10 12:00:00,2.2080386,1.9703947,3.3068528,3.2599003,3.687542,2.606448
1973-09-11 12:00:00,1.3785397,1.1538506,1.9525149,2.2274544,4.0865297,1.27025
1973-09-12 12:00:00,1.2206079,1.0278491,2.3826609,1.800906,5.8244596,1.3001059
1973-09-13 12:00:00,1.7566473,1.491469,3.2006578,2.2886224,4.618598,1.6264219
1973-09-14 12:00:00,2.5147338,1.934144,5.131695,2.4289262,3.328995,1.9442823
1973-09-15 12:00:00,2.9052117,2.3595555,4.6948333,3.3538089,3.2816145,2.5636022
1973-09-16 12:00:00,2.209226,1.8955344,4.2210517,3.01866,3.4296277,2.2971528
1973-09-17 12:00:00,1.576027,1.312388,4.6900635,2.0477626,4.2701106,2.1907544
1973-09-18 12:00:00,1.3011316,1.137942,4.1932483,1.7967943,4.0623746,1.6850454
1973-09-19 12:00:00,0.99026483,0.93254757,3.3429766,1.7406107,3.7114367,1.4145976
1973-09-20 12:00:00,1.1190243,1.098127,2.1080835,1.7635076,3.3005278,1.0828642
1973-09-21 12:00:00,1.799871,1.4008669,2.413713,2.2961452,2.3808856,1.1935507
1973-09-22 12:00:00,0.7091241,0.92827964,2.6687438,2.0299234,3.5510874,1.3596219
1973-09-23 12:00:00,0.9407668,0.959415,2.4424334,3.1208684,3.5764625,1.5405593
1973-09-24 12:00:00,1.2069411,1.1018453,3.3049257,2.5671842,3.3657067,1.9368571
1973-09-25 12:00:00,2.3656123,1.7038448,3.590966,3.1779513,5.095806,1.7816553
1973-09-26 12:00:00,2.5416021,2.178188,3.6887767,4.2762647,4.1513844,3.4743404
1973-09-27 12:00:00,2.3300867,2.275708,3.5243247,4.2999563,3.9104006,2.7904844
1973-09-28 12:00:00,2.1831555,2.5072055,3.9143107,5.8515897,5.867484,2.8180864
1973-09-29 12:00:00,3.06605,3.0737848,3.891823,4.8147564,4.403616,2.6236732
1973-09-30 12:00:00,2.0025325,2.2546678,3.237329,3.7685025,5.2442513,1.9884129
1973-10-01 12:00:00,1.4707661,1.7160332,1.8034854,2.5743964,4.8378325,1.397056
1973-10-02 12:00:00,1.2194949,1.5013274,2.052117,3.6404388,4.5225973,1.5147426
1973-10-03 12:00:00,1.8853717,1.9945658,2.8106587,3.6631792,6.1033716,2.160155
1973-10-04 12:00:00,1.5384094,1.8206683,2.9507446,3.1543605,6.0497537,1.515835
1973-10-05 12:00:00,1.4595628,1.6712799,2.5108078,3.0859945,2.9093313,1.5998073
1973-10-06 12:00:00,1.8218722,1.7278352,5.684108,5.047609,2.6626234,3.9551723
1973-10-07 12:00:00,1.4147434,1.6615329,5.446887,5.4300485,4.8422647,3.922913
1973-10-08 12:00:00,2.1263337,1.9740598,4.0200653,4.9576178,4.384917,3.460853
1973-10-09 12:00:00,1.1324914,1.1903827,2.4889061,3.9727085,5.212332,2.0622563
1973-10-10 12:00:00,1.1170895,1.064027,3.5810335,4.210606,5.0199356,3.6551645
1973-10-11 12:00:00,0.7977215,0.8214898,3.0049806,3.1771624,4.935897,2.5750484
1973-10-12 12:00:00,0.7793409,0.8000107,3.3687885,2.0413191,4.5760403,2.038356
1973-10-13 12:00:00,1.2073308,1.0905728,3.8021054,2.9083476,3.9316955,2.663582
1973-10-14 12:00:00,1.72745,1.4551945,5.020532,3.0212028,5.8954434,2.3786416
1973-10-15 12:00:00,3.0595055,2.794622,5.7150927,5.372205,3.991917,3.96795
1973-10-16 12:00:00,3.0375013,2.7136376,4.136738,4.9811206,4.3295927,2.4937024
1973-10-17 12:00:00,2.2741365,2.2384748,4.5091424,5.4600105,4.8808584,3.7058613
1973-10-18 12:00:00,0.86939585,0.9580939,2.8579624,4.0069213,5.0599575,2.158742
1973-10-19 12:00:00,0.8727962,0.94250053,3.200733,3.8231707,4.8890643,1.9365064
1973-10-20 12:00:00,1.2359463,1.0138917,2.7762852,1.8665643,3.5725827,1.5080538
1973-10-21 12:00:00,1.3937908,1.5675292,2.125403,1.4538292,2.2627745,1.3498927
1973-10-22 12:00:00,2.6094792,1.9400431,4.078396,2.3754609,3.6979332,1.8224432
1973-10-23 12:00:00,2.6964388,2.196556,4.29095,3.4967744,4.682154,2.1573038
1973-10-24 12:00:00,1.141856,1.0911931,2.6793797,2.2302225,3.8618858,2.1136293
1973-10-25 12:00:00,0.96390784,0.98860055,3.902327,3.1956418,5.2471476,2.3293037
1973-10-26 12:00:00,3.375157,2.640578,6.9307976,3.5685172,3.9680164,4.2360063
1973-10-27 12:00:00,3.8506386,3.4513776,6.163424,5.519742,5.770025,5.844392
1973-10-28 12:00:00,2.828524,2.721174,3.5053344,4.238617,6.5976663,2.2156217
1973-10-29 12:00:00,2.7925227,2.3086562,5.521078,4.3886323,2.6563022,3.1512396
1973-10-30 12:00:00,2.3282323,2.2433894,4.365176,4.1643605,3.0454288,2.1738799
1973-10-31 12:00:00,1.8286543,1.7419775,3.7836566,3.352965,2.9515553,2.5535414
1973-11-01 12:00:00,1.1617002,1.5165635,4.091933,6.1385746,5.1149836,3.5255852
1973-11-02 12:00:00,1.3918408,1.4587985,3.5206788,5.3818727,6.675592,2.7330594
1973-11-03 12:00:00,1.0875987,1.1035521,2.923995,2.6085958,3.7547195,2.3439562
1973-11-04 12:00:00,2.123004,2.2049682,4.9293575,6.542081,3.9842052,4.4777317
1973-11-05 12:00:00,1.9526775,1.9073825,4.372174,6.1392937,3.8001218,3.8856738
1973-11-06 12:00:00,1.7439573,2.1742153,4.437294,4.9862366,2.9628487,3.30153
1973-11-07 12:00:00,1.3917334,1.5984783,2.1661904,2.8739882,2.584649,1.7389437
1973-11-08 12:00:00,1.007368,1.0933219,2.336321,2.3192043,3.4356477,2.077408
1973-11-09 12:00:00,2.9615178,2.7474594,5.9885006,5.7157803,3.4818861,4.100073
1973-11-10 12:00:00,1.3406721,1.4829453,4.9137425,4.8941784,5.4646645,3.6530612
1973-11-11 12:00:00,2.038113,1.5315552,2.8261726,4.5602965,6.251221,1.7887758
1973-11-12 12:00:00,1.3535705,1.1515911,3.2712972,3.3942022,4.696076,2.6504145
1973-11-13 12:00:00,1.1136706,1.0963708,3.1672883,4.4510503,5.3542123,2.2022161
1973-11-14 12:00:00,1.6248608,1.4896251,5.0088124,4.331952,5.1715064,3.522011
1973-11-15 12:00:00,3.1225855,2.8156676,6.925239,4.8427987,4.3116426,4.231865
1973-11-16 12:00:00,2.9054966,2.737236,5.593264,5.2311096,4.276617,3.4761941
1973-11-17 12:00:00,0.93816435,1.3578455,4.7325993,4.021163,4.84769,2.4523337
1973-11-18 12:00:00,1.6319792,1.6294394,8.005497,5.7501264,4.0204587,4.9743547
1973-11-19 12:00:00,2.9364696,2.7911747,7.12278,6.452307,4.0226207,4.775997
1973-11-20 12:00:00,2.073655,1.544507,4.3643646,3.727409,4.4674277,2.722241
1973-11-21 12:00:00,1.6546615,1.7582335,3.2770667,4.797675,4.5845833,1.6938539
1973-11-22 12:00:00,2.6282482,2.3955402,4.292306,5.1011357,4.244915,2.1226115
1973-11-23 12:00:00,2.9742491,2.3106291,4.942236,4.8308597,4.0737143,2.4989786
1973-11-24 12:00:00,3.520268,2.6885698,5.4002132,4.565578,3.7132647,2.9967585
1973-11-25 12:00:00,2.7714272,2.0334487,5.794458,5.1100297,4.3968787,3.0685692
1973-11-26 12:00:00,4.07642,2.9165196,5.5719075,5.035505,4.7212205,2.8174505
1973-11-27 12:00:00,4.9033794,3.5196288,4.40887,3.9181712,3.5637162,2.14374
1973-11-28 12:00:00,3.1025424,2.2635198,4.421184,4.5187254,4.292264,2.6030993
1973-11-29 12:00:00,2.0223033,1.4222264,3.347347,2.9005506,3.6237736,2.4621065
1973-11-30 12:00:00,1.4485594,1.1638756,3.9229782,3.2128162,3.2710578,2.5400836
1973-12-01 12:00:00,2.5877223,1.8247548,5.4846125,3.872697,3.264524,2.9229286
1973-12-02 12:00:00,4.38581,3.346611,5.643649,4.994024,3.9676647,3.0034325
1973-12-03 12:00:00,2.4106321,2.4659293,4.874228,5.6469173,4.4115,3.1298487
1973-12-04 12:00:00,2.7565198,2.2131567,5.5516925,3.939622,3.7857022,2.5728564
1973-12-05 12:00:00,3.0098114,2.2900038,5.615857,3.8804731,3.031445,2.871445
1973-12-06 12:00:00,2.357401,1.8051401,4.9933777,3.294223,3.1144822,2.4742098
1973-12-07 12:00:00,1.9702178,1.3974603,3.4039793,2.7947538,2.5458832,2.1136127
1973-12-08 12:00:00,0.8226278,0.9090055,2.73846,3.7079294,2.4986877,3.1017668
1973-12-09 12:00:00,0.82567513,0.9628729,3.7749827,5.136481,2.7546365,3.2296896
1973-12-10 12:00:00,2.19557,1.7552351,6.630509,4.2796316,3.1411593,4.146469
1973-12-11 12:00:00,3.5394945,3.1357617,7.0027857,6.2004695,4.4788575,5.268224
1973-12-12 12:00:00,2.4058373,2.017829,4.7810326,7.160962,5.761534,3.7743537
1973-12-13 12:00:00,2.8178308,2.3866544,5.5532274,5.2241344,6.4042597,4.1136923
1973-12-14 12:00:00,2.4023767,1.9665625,3.4502068,4.8973775,5.9295516,2.5508547
1973-12-15 12:00:00,2.6286829,1.756926,3.2498302,4.1209006,5.52947,2.2075555
1973-12-16 12:00:00,2.4291499,1.4947267,4.142285,3.4461644,6.1133165,2.5210283
1973-12-17 12:00:00,2.4085426,1.8177941,2.7845294,2.5090725,5.7298937,1.8708594
1973-12-18 12:00:00,1.3933272,1.3954731,2.9148242,2.9349582,4.31811,2.3647852
1973-12-19 12:00:00,2.1555455,1.7573042,4.883961,4.177404,5.825451,2.7870145
1973-12-20 12:00:00,1.7976305,1.6926494,5.906086,4.8692045,4.833399,2.9693444
1973-12-21 12:00:00,2.2594917,1.8877125,5.788519,5.36466,5.5498104,3.6408873
1973-12-22 12:00:00,1.5935948,1.4043132,3.8882358,4.5443535,5.9558573,3.377353
1973-12-23 12:00:00,2.2001758,2.0670013,5.0096655,5.8779674,6.4056845,4.036488
1973-12-24 12:00:00,2.5897014,2.4827578,5.2589664,6.093793,6.056196,3.593783
1973-12-25 12:00:00,1.7914813,1.3831235,2.675685,4.73194,5.726052,1.6961774
1973-12-26 12:00:00,1.6189914,1.1948005,2.3784533,3.8581312,6.1907377,2.2780933
1973-12-27 12:00:00,3.1825533,2.0914252,3.391002,3.3050117,4.7050867,2.0825245
1973-12-28 12:00:00,1.7716749,1.746462,3.1692975,3.2909603,2.9244912,2.510201
1973-12-29 12:00:00,1.0358831,1.2080518,3.7193801,5.439635,6.464164,3.332797
1973-12-30 12:00:00,1.5471983,1.512173,4.196125,4.0813103,6.404385,2.9065437
1973-12-31 12:00:00,2.1565475,2.0500653,6.5964766,7.4370294,6.419908,4.6022086
1974-01-01 12:00:00,3.1470947,2.610722,7.771245,7.2817855,5.0506988,5.2799935
1974-01-02 12:00:00,2.637126,2.570781,7.14753,7.791235,3.8621671,5.242437
1974-01-03 12:00:00,3.3377423,3.4008756,7.109739,8.022071,4.566086,5.260199
1974-01-04 12:00:00,2.509282,3.1511638,4.661093,7.2584887,4.217102,3.4650261
1974-01-05 12:00:00,1.6864378,1.8674139,4.852963,4.7231836,3.4240932,3.8468916
1974-01-06 12:00:00,1.9884572,1.9186755,6.367252,5.3576245,3.0626125,4.2141705
1974-01-07 12:00:00,1.2428038,1.5708292,4.282999,3.909455,4.026377,2.8640537
1974-01-08 12:00:00,1.7904812,1.7381384,3.9904613,3.9379544,3.2002916,2.4309225
1974-01-09 12:00:00,1.6938483,1.4028157,6.2888327,4.2464137,3.2227263,3.0729976
1974-01-10 12:00:00,2.2542894,1.6526642,5.7482514,3.807868,2.7344801,2.8137624
1974-01-11 12:00:00,3.2443733,2.1392503,7.0171423,3.874453,2.266974,3.4420607
1974-01-12 12:00:00,3.5399523,2.397577,6.59519,3.9500432,2.953484,3.3030736
1974-01-13 12:00:00,3.0802712,2.174499,4.960065,3.0216074,2.363607,2.4978218
1974-01-14 12:00:00,1.5155554,1.4400042,3.3625853,2.9094145,2.4895585,2.163695
1974-01-15 12:00:00,1.2103868,1.1097423,3.3274612,3.4841974,3.450453,2.4829528
1974-01-16 12:00:00,2.1097775,1.7742358,5.430507,3.3165689,4.2219653,2.8974805
1974-01-17 12:00:00,1.7225485,1.917112,3.5824294,3.0235975,3.5354576,2.2684114
1974-01-18 12:00:00,1.3616395,1.5686953,2.6669455,2.1462383,3.4237754,1.9690593
1974-01-19 12:00:00,1.4152962,1.4676901,2.4619644,2.0662644,4.148229,1.813556
1974-01-20 12:00:00,1.4038774,1.2991074,2.865959,2.472596,3.5113542,1.941865
1974-01-21 12:00:00,0.97501457,0.99731416,3.260149,2.962252,5.9102364,1.907083
1974-01-22 12:00:00,1.2881131,1.4954567,3.0767882,2.878212,4.437955,2.3427312
1974-01-23 12:00:00,2.292812,2.0793366,3.254187,2.1056633,4.7537413,2.0545094
1974-01-24 12:00:00,2.1332703,1.9617074,3.2815893,2.3695657,4.1906943,2.084446
1974-01-25 12:00:00,2.7486668,2.235439,3.2302845,2.3818617,2.9461718,2.0337784
1974-01-26 12:00:00,1.9750271,1.5289087,3.6985865,2.85915,3.648948,1.9959091
1974-01-27 12:00:00,0.77925617,0.94247717,3.903774,4.610783,4.711093,2.51768
1974-01-28 12:00:00,1.170147,1.1589099,2.9062707,4.2259817,4.9656777,2.7766418
1974-01-29 12:00:00,2.0116017,1.8382523,4.460024,2.4624572,4.0496755,2.292224
1974-01-30 12:00:00,1.9654043,2.0170403,3.154444,3.2031832,5.6718693,2.2488146
1974-01-31 12:00:00,1.7697941,1.9968765,2.932582,4.0718846,3.545924,2.4328253
1974-02-01 12:00:00,1.0343131,1.308531,2.3869596,3.4584525,4.019802,2.4322174
1974-02-02 12:00:00,1.0113438,1.1542974,2.0374992,3.3121626,4.3308554,1.6760365
1974-02-03 12:00:00,1.2063401,1.2377378,2.3761795,3.5310824,5.049441,1.7433736
1974-02-04 12:00:00,0.62000585,0.9101801,2.7406561,4.216189,2.887963,3.1288085
1974-02-05 12:00:00,0.9541141,0.937451,4.0519366,3.3386896,2.889627,2.7730455
1974-02-06 12:00:00,1.9035627,1.4384073,4.5902705,3.5397928,3.5128655,2.3305235
1974-02-07 12:00:00,1.6461587,1.3442868,3.8254364,3.3023505,3.957769,2.0025606
1974-02-08 12:00:00,2.8900003,2.0644898,5.0959888,3.7288325,5.5557823,2.90542
1974-02-09 12:00:00,4.799674,3.490914,5.513096,3.687607,6.0892324,3.0068085
1974-02-10 12:00:00,3.7695227,2.7559652,5.369061,3.572234,4.4823837,2.7387304
1974-02-11 12:00:00,2.3445878,1.8018066,4.290412,2.8255744,8.474864,2.2814293
1974-02-12 12:00:00,0.8060087,1.0581441,3.7218468,3.04279,10.302234,1.9140418
1974-02-13 12:00:00,1.3694739,1.4686722,3.2355502,2.3884914,6.094778,1.7825928
1974-02-14 12:00:00,2.0215988,1.4642143,4.092943,3.2464094,5.3302116,2.0811708
1974-02-15 12:00:00,1.4372597,1.1425778,3.6644108,3.5989788,8.921515,2.0140293
1974-02-16 12:00:00,1.112406,0.98476356,3.5614913,2.8127537,9.094088,1.8040984
1974-02-17 12:00:00,0.86843455,0.884733,4.072348,3.189798,8.911796,2.6458747
1974-02-18 12:00:00,0.8766749,0.9556899,3.9134483,3.6473851,7.9165196,2.6213686
1974-02-19 12:00:00,0.9479271,1.0947315,4.6759624,4.7804255,7.032003,3.0402293
1974-02-20 12:00:00,1.0966425,1.0082247,4.524933,4.0346837,7.1332736,2.7446167
1974-02-21 12:00:00,1.0746052,1.3604604,5.4527674,5.212009,6.800619,3.6100888
1974-02-22 12:00:00,1.3594183,1.8744893,4.4910293,5.864555,6.565166,3.7877905
1974-02-23 12:00:00,1.705111,2.1709538,4.4053946,6.851782,8.265707,2.9181764
1974-02-24 12:00:00,1.6078215,1.9670479,2.9150517,4.6050277,5.33573,2.0882373
1974-02-25 12:00:00,1.1272433,1.3346287,3.6774151,3.1534505,3.976781,2.900953
1974-02-26 12:00:00,2.2453752,2.4107378,4.5210323,7.017876,7.5698686,4.435552
1974-02-27 12:00:00,2.7637296,2.2813199,4.632205,6.808273,7.6422524,2.9794276
1974-02-28 12:00:00,1.8082224,1.5682187,4.245554,6.9213185,6.8959723,3.1206014
1974-03-01 12:00:00,2.481558,2.587244,4.5998616,5.397189,6.5365705,3.6101177
1974-03-02 12:00:00,2.754291,2.5464058,4.3764105,7.1055574,4.29722,4.8315525
1974-03-03 12:00:00,2.42463,2.0019042,2.887312,4.701753,4.8067293,2.8114753
1974-03-04 12:00:00,0.7100893,1.0520632,2.701621,4.77374,5.087514,2.6380882
1974-03-05 12:00:00,1.1458433,1.394234,2.7083654,4.5057034,4.1626945,2.1062253
1974-03-06 12:00:00,2.785234,1.9782335,3.3647718,3.183475,4.790923,2.0137258
1974-03-07 12:00:00,1.94991,1.3462379,2.703635,2.9889681,6.0207453,2.3300817
1974-03-08 12:00:00,1.0112293,0.961692,3.607792,2.592914,4.302603,1.7377053
1974-03-09 12:00:00,0.92905915,0.9725128,4.240342,3.5294552,3.5485513,2.7038631
1974-03-10 12:00:00,1.362261,1.6196767,3.3252006,3.5116856,3.3191037,2.7415457
1974-03-11 12:00:00,2.3804839,2.3519864,2.8224995,3.5186374,3.9699876,2.1999488
1974-03-12 12:00:00,0.9575079,1.3060141,2.6006143,3.1239898,4.9125915,1.7493315
1974-03-13 12:00:00,1.4758219,1.4391992,2.69934,4.5399013,5.477103,2.5244627
1974-03-14 12:00:00,1.2839882,1.3736508,3.447208,3.89045,5.063758,2.3547933
1974-03-15 12:00:00,2.4921129,2.4760423,4.366321,4.742732,4.2385535,2.736724
1974-03-16 12:00:00,1.9290384,1.9508271,2.4671123,2.6183963,4.4846344,1.6652942
1974-03-17 12:00:00,1.415401,1.2912494,3.2050414,2.0131402,4.683573,1.8263133
1974-03-18 12:00:00,1.4555771,1.6603997,2.4169674,5.795047,4.8399477,2.3972383
1974-03-19 12:00:00,4.3186846,3.8061447,7.1863227,9.956656,8.435493,6.1235757
1974-03-20 12:00:00,3.4539537,3.2269762,5.3308225,8.782262,6.818758,4.7858443
1974-03-21 12:00:00,4.3116407,3.5557044,6.4390535,7.3401833,6.0219655,5.4334145
1974-03-22 12:00:00,4.3346677,3.9030542,6.9719305,8.278124,6.451224,5.40233
1974-03-23 12:00:00,3.327385,2.9702673,4.0410004,5.2244534,5.529874,3.0699596
1974-03-24 12:00:00,1.3910187,1.5139009,4.5786695,3.7942214,3.9036973,3.3857422
1974-03-25 12:00:00,1.3408622,1.6531281,4.248495,3.25751,4.0348835,2.6500673
1974-03-26 12:00:00,1.6670864,1.6013038,4.2372446,3.4873424,4.267353,2.3808928
1974-03-27 12:00:00,3.142379,2.5758345,3.4117038,3.7187066,5.9508944,1.6448318
1974-03-28 12:00:00,1.6204439,1.4541488,4.2364383,2.9542944,5.364708,1.686841
1974-03-29 12:00:00,1.9161674,1.7123016,3.5776906,3.4955294,4.1499896,2.9752553
1974-03-30 12:00:00,1.8814757,1.6306981,2.0173893,3.7009006,4.8784094,1.872647
1974-03-31 12:00:00,1.5736375,1.3012066,2.8271952,3.0675986,5.930824,1.2591604
1974-04-01 12:00:00,1.8536296,1.4060644,2.9543927,2.0566206,5.241259,1.4824382
1974-04-02 12:00:00,1.0802704,0.9520353,3.6157458,2.2928345,6.748037,2.0596676
1974-04-03 12:00:00,1.2134095,1.4240466,4.770838,2.869596,6.5373096,3.1725147
1974-04-04 12:00:00,2.1386487,1.9399556,5.4513154,3.4972456,5.052069,3.3347106
1974-04-05 12:00:00,2.3094678,2.2795815,6.1649194,4.301404,4.168706,3.2205536
1974-04-06 12:00:00,2.5407057,2.3533347,4.0336833,3.5784528,3.1965322,2.4867108
1974-04-07 12:00:00,1.061665,1.2386844,2.3863266,3.382105,4.2268085,3.0943625
1974-04-08 12:00:00,1.9872875,1.6202157,2.64013,2.3506062,3.6335492,1.2892231
1974-04-09 12:00:00,1.7272643,1.4206868,2.689026,2.2939594,5.702442,1.6069437
1974-04-10 12:00:00,1.1770825,1.1219801,3.7978706,2.0173197,5.386126,1.8206949
1974-04-11 12:00:00,0.89995235,1.03011,2.332419,3.6936338,4.919201,1.7925948
1974-04-12 12:00:00,2.5067286,2.0396957,2.941911,3.3678398,7.2122946,2.8150349
1974-04-13 12:00:00,1.266369,1.4960487,2.8226914,3.449146,4.9515,1.9414799
1974-04-14 12:00:00,1.7126383,1.5433036,2.3444145,4.4729853,5.679874,1.8208063
1974-04-15 12:00:00,1.6230623,2.024432,2.8158429,6.3458486,5.3713207,1.5250995
1974-04-16 12:00:00,1.6190242,1.8437444,2.6261013,6.33256,4.7671905,1.7143251
1974-04-17 12:00:00,2.0446804,2.2071784,2.370475,5.845383,4.0985875,2.225662
1974-04-18 12:00:00,2.1409419,2.0419114,3.2747328,6.8370767,3.6882904,3.5172207
1974-04-19 12:00:00,2.5617085,2.40551,3.2284482,5.118834,4.5090322,2.1735258
1974-04-20 12:00:00,1.8612033,1.9253404,2.318958,4.056103,2.8001115,1.7750533
1974-04-21 12:00:00,2.614469,2.3111746,3.232339,3.5311832,3.095638,1.6443942
1974-04-22 12:00:00,1.2475157,1.4805524,2.373222,3.4745998,3.3604593,1.585374
1974-04-23 12:00:00,2.0684187,1.9662226,3.1789231,3.9331484,3.510672,2.735574
1974-04-24 12:00:00,2.0876403,1.7375441,3.8298287,3.2524843,2.7665918,3.4363294
1974-04-25 12:00:00,2.628779,1.9353664,3.2090132,3.566982,2.950397,2.7045422
1974-04-26 12:00:00,1.0625143,1.2634437,2.4845502,3.1714666,4.2113605,2.6076896
1974-04-27 12:00:00,2.1059952,2.0554087,4.3083854,3.046844,4.398341,3.1430948
1974-04-28 12:00:00,1.2907172,1.4614719,4.15861,2.6057386,3.744611,2.432716
1974-04-29 12:00:00,1.7275658,1.7689732,3.278689,2.2773285,2.9158835,1.622655
1974-04-30 12:00:00,2.269208,2.0078895,3.7629254,2.6734009,2.924752,1.7381855
1974-05-01 12:00:00,2.4103436,2.4397507,4.3223996,3.4970226,2.3644469,2.0423632
1974-05-02 12:00:00,3.5042634,3.1338766,5.601307,4.032707,2.5835638,3.3077278
1974-05-03 12:00:00,2.5443597,2.2847347,4.351114,3.7657013,3.1096647,2.3195422
1974-05-04 12:00:00,1.8053219,1.6106341,3.6281004,2.717097,3.1314816,1.8755476
1974-05-05 12:00:00,1.7975888,1.5926968,4.429835,2.2837987,2.043411,2.305522
1974-05-06 12:00:00,1.8799528,1.7146993,5.026013,2.7249956,3.3080854,2.7327974
1974-05-07 12:00:00,1.9206135,1.892857,5.348384,2.570526,3.335408,2.922886
1974-05-08 12:00:00,1.4838314,1.724651,4.6278386,2.2213838,4.387701,2.829234
1974-05-09 12:00:00,1.888751,2.03641,3.3258917,2.9826417,3.4269798,3.1181471
1974-05-10 12:00:00,2.3420444,2.1400583,2.8257165,2.464235,2.353442,1.491415
1974-05-11 12:00:00,2.77251,2.408261,3.696334,3.356442,2.8646173,2.43985
1974-05-12 12:00:00,1.4213439,1.5649644,4.519263,3.110633,2.467937,2.7035005
1974-05-13 12:00:00,1.9500153,1.7703689,2.7583487,2.3502893,2.8046465,1.7930342
1974-05-14 12:00:00,1.1328993,1.3326408,1.881646,2.6073096,3.2031958,1.2387769
1974-05-15 12:00:00,1.4513859,1.2775055,2.4412296,2.3104966,3.7515452,1.264209
1974-05-16 12:00:00,1.8850743,1.448266,2.1945086,3.0560615,3.183218,1.4542154
1974-05-17 12:00:00,3.2928534,3.509661,4.842041,6.370251,5.6779966,3.8117723
1974-05-18 12:00:00,3.228106,2.89631,6.4345613,5.1849575,4.833023,4.478418
1974-05-19 12:00:00,2.2339196,2.1783924,6.107552,3.2163777,4.216006,3.9441528
1974-05-20 12:00:00,2.087351,2.1494849,4.8639054,3.0437067,5.467481,2.7106178
1974-05-21 12:00:00,2.4407368,2.1057172,3.8721855,2.6225126,4.564501,2.5664554
1974-05-22 12:00:00,1.5695152,1.3543411,3.1071186,2.7843955,3.6148195,1.5907686
1974-05-23 12:00:00,1.2582823,1.2866569,2.553142,3.14157,5.3241944,1.8483113
1974-05-24 12:00:00,1.3770066,1.670115,2.9501884,3.4928682,5.601252,1.4681319
1974-05-25 12:00:00,1.8778698,1.6743215,2.7811067,2.5877168,5.210416,1.4699637
1974-05-26 12:00:00,2.6822572,2.2029188,2.566359,2.336221,3.6112807,1.5774136
1974-05-27 12:00:00,2.052323,1.5870674,2.072631,2.342091,3.7391598,1.3060733
1974-05-28 12:00:00,1.3814738,1.3905113,2.429753,2.2041779,3.9212308,1.8039675
1974-05-29 12:00:00,2.3454432,2.0158868,3.5180361,2.8043656,3.2528267,2.276066
1974-05-30 12:00:00,2.9498029,2.43357,3.0058951,3.758456,2.7947102,3.5125034
1974-05-31 12:00:00,2.0106053,1.9107069,2.3050117,4.361493,3.4061668,2.289987
1974-06-01 12:00:00,2.083692,2.0528038,4.0663276,3.5398045,3.2293,2.9924493
1974-06-02 12:00:00,2.5482693,2.8102586,3.3649056,4.307271,4.6428223,2.0687087
1974-06-03 12:00:00,1.6610644,1.5212475,3.0801604,2.8085666,5.1159105,2.0214431
1974-06-04 12:00:00,1.9108114,1.741278,2.6712632,2.5104363,4.062106,1.7719771
1974-06-05 12:00:00,0.83937037,0.99106693,2.0523157,2.274547,3.2571445,1.5711646
1974-06-06 12:00:00,1.2103655,1.2194836,2.8717773,2.9677489,2.8470836,2.2200012
1974-06-07 12:00:00,1.7410343,1.824569,4.3217096,3.0922177,3.012686,2.836313
1974-06-08 12:00:00,2.6367843,2.6112003,3.8496182,2.699802,2.7909558,2.3148627
1974-06-09 12:00:00,2.5636196,2.418184,3.945473,3.1171534,3.2098935,2.3088958
1974-06-10 12:00:00,2.1480656,1.8964951,3.0814927,3.1922522,3.0607917,2.027001
1974-06-11 12:00:00,2.6145914,2.3790548,4.0107393,6.0804296,3.399528,2.9030771
1974-06-12 12:00:00,2.4569805,2.3699265,4.00866,4.3388324,3.8769152,2.551846
1974-06-13 12:00:00,2.4726312,2.2041223,3.9827876,3.1100984,2.887414,2.8938403
1974-06-14 12:00:00,2.4586773,2.0854182,3.6917968,2.3018541,2.568137,2.5738165
1974-06-15 12:00:00,1.1038942,1.2684032,3.5283113,2.5707412,2.560308,2.400729
1974-06-16 12:00:00,2.3200395,1.799223,3.7812572,2.4248257,2.9750042,3.103188
1974-06-17 12:00:00,1.3044623,1.4135619,3.8474886,3.8963218,4.422966,2.8802667
1974-06-18 12:00:00,1.3607339,1.3158325,3.3566463,4.337537,5.485981,2.8201244
1974-06-19 12:00:00,1.5208131,1.7784443,3.5648072,5.918598,4.2973723,3.011475
1974-06-20 12:00:00,2.5093005,2.1320555,3.758181,5.207258,4.92647,2.9041567
1974-06-21 12:00:00,1.1197038,1.0857999,2.90134,2.6672912,2.4553356,2.4914715
1974-06-22 12:00:00,0.83242714,0.8758176,2.2405252,1.8595486,2.5625558,1.4064639
1974-06-23 12:00:00,1.2200356,1.0217928,1.7743906,2.0770113,2.713366,1.3085014
1974-06-24 12:00:00,1.3345742,1.2542311,2.0756586,1.4781854,2.5100265,1.0464888
1974-06-25 12:00:00,0.7490847,0.9796969,1.9313506,1.6014949,3.2192643,1.2732346
1974-06-26 12:00:00,1.8379462,1.6926181,1.9838005,2.305061,3.006476,1.5034868
1974-06-27 12:00:00,1.5698333,1.3600298,2.530903,2.9929593,3.2582076,1.6327251
1974-06-28 12:00:00,1.4339595,1.3138131,2.9207313,2.8491778,3.8485572,2.172982
1974-06-29 12:00:00,1.2626271,1.1757177,2.5385969,2.0854986,3.5980203,1.7634991
1974-06-30 12:00:00,1.0308169,0.9506951,1.5859294,2.1600397,3.0501957,1.5205973
1974-07-01 12:00:00,1.5844316,1.2807759,1.7139517,2.2501369,2.1352026,1.8806475
1974-07-02 12:00:00,1.9008844,1.6522515,1.9299968,2.4295466,3.4021509,1.7201403
1974-07-03 12:00:00,3.2631311,2.7505233,2.9941642,2.7031898,2.4855502,2.0560727
1974-07-04 12:00:00,2.0325048,1.8492205,3.1350439,1.914625,2.5952597,1.7193869
1974-07-05 12:00:00,1.5645278,1.4596952,3.4699814,2.9359837,2.2158713,2.4211066
1974-07-06 12:00:00,1.7597346,1.8807104,2.4385746,4.6165314,2.5298173,1.2100574
1974-07-07 12:00:00,1.5823703,1.5777564,2.35019,2.8630626,3.1193721,1.5247991
1974-07-08 12:00:00,1.5616827,1.6112307,3.0146863,2.6815073,2.5654364,2.463249
1974-07-09 12:00:00,1.5805055,1.5456468,2.9743774,2.4960475,3.1044853,1.8143512
1974-07-10 12:00:00,0.91542387,1.0873471,2.929436,2.7819138,2.8325863,1.6493683
1974-07-11 12:00:00,1.3451504,1.4606128,3.1977,3.9228694,2.8622963,1.99446
1974-07-12 12:00:00,2.4000862,2.1137927,4.189801,4.047925,3.429081,2.4844632
1974-07-13 12:00:00,1.5075027,1.505997,2.5749705,2.851043,4.128796,1.5000516
1974-07-14 12:00:00,2.6724796,2.1104984,3.925701,3.410074,4.2272854,3.733445
1974-07-15 12:00:00,3.2506018,3.0826852,3.735325,3.350754,3.1909654,3.334631
1974-07-16 12:00:00,2.2843537,2.2957456,4.082223,3.1866488,2.270189,2.97555
1974-07-17 12:00:00,3.2842336,2.6313777,3.9658396,2.9308257,3.895722,2.503596
1974-07-18 12:00:00,3.381023,2.4167414,3.4714878,2.902233,3.974624,1.6527104
1974-07-19 12:00:00,2.5690994,1.8777664,2.9513626,2.1978917,3.026167,1.3287398
1974-07-20 12:00:00,1.8341188,1.420418,2.0954115,1.5821157,2.2131188,1.3212783
1974-07-21 12:00:00,1.4014132,1.1618767,1.6656121,1.7228669,2.2152836,1.3115339
1974-07-22 12:00:00,2.1341202,1.7533784,2.3793175,2.0585182,2.168514,2.0370018
1974-07-23 12:00:00,1.5959613,1.5709381,2.540524,2.5282173,1.9570066,1.9587723
1974-07-24 12:00:00,1.589025,1.782139,2.8887732,3.4163554,2.8346941,1.966293
1974-07-25 12:00:00,2.2144508,2.3024137,3.381237,3.9473112,4.2929416,3.6160553
1974-07-26 12:00:00,1.6471276,1.4731575,2.3702672,2.7373414,3.490081,2.1528513
1974-07-27 12:00:00,3.2341914,2.8676124,3.6320293,4.2167816,4.984774,2.0129206
1974-07-28 12:00:00,1.4509926,1.6219603,2.0593781,6.3904514,6.2680936,2.1575842
1974-07-29 12:00:00,1.6110642,1.4494096,2.8519847,2.9774861,4.4817877,1.9636688
1974-07-30 12:00:00,1.45222,1.1811107,2.914527,2.506426,5.9460917,2.311446
1974-07-31 12:00:00,0.7803301,1.0276371,2.0949914,3.3099113,5.43798,2.340014
1974-08-01 12:00:00,0.9446386,1.0298285,1.6787951,2.820187,4.646756,1.2757671
1974-08-02 12:00:00,1.0670402,1.1266718,1.9713469,4.509065,4.616355,1.6640586
1974-08-03 12:00:00,2.3684351,2.2474027,2.1007962,6.213158,4.7059126,2.3091776
1974-08-04 12:00:00,2.9273238,2.557276,2.9406326,4.112817,4.576335,2.1185327
1974-08-05 12:00:00,1.9312338,1.8578857,3.6844423,3.7324507,4.685106,2.9678893
1974-08-06 12:00:00,1.8255037,1.6656952,4.394044,2.8320534,3.9643595,3.2499523
1974-08-07 12:00:00,1.4831635,1.2701159,3.687654,2.1928685,2.942867,1.9600251
1974-08-08 12:00:00,0.92239237,0.96117955,2.37149,1.8248193,4.0989776,1.5174961
1974-08-09 12:00:00,1.8188035,1.8070416,3.6135678,2.803869,3.1791031,1.9230952
1974-08-10 12:00:00,3.026819,2.4685981,2.9061959,2.8309827,2.666107,1.508816
1974-08-11 12:00:00,2.0167947,1.7533664,2.3561063,2.843802,3.1489153,1.2854043
1974-08-12 12:00:00,2.2255583,1.616198,2.009761,2.2140715,2.701194,1.2339642
1974-08-13 12:00:00,2.7632508,2.2133076,3.7239854,2.7701783,2.6086044,1.9631034
1974-08-14 12:00:00,1.7319682,1.4041122,3.9319997,2.6331127,2.3154023,2.541747
1974-08-15 12:00:00,1.3540306,1.2121906,2.1631541,2.5547268,2.4704921,1.1581762
1974-08-16 12:00:00,1.4521021,1.2224228,2.6530514,2.005825,3.2389364,1.5126566
1974-08-17 12:00:00,1.2338375,1.1748981,2.350803,1.7763443,4.2024465,1.1509521
1974-08-18 12:00:00,2.1930523,1.679071,2.4800878,1.3377917,4.118483,1.2959073
1974-08-19 12:00:00,2.477652,1.8501892,3.7802703,1.9140456,4.6197414,1.560783
1974-08-20 12:00:00,3.2351336,2.346883,4.296466,3.69166,4.05347,1.8131258
1974-08-21 12:00:00,2.785672,1.8791157,3.0038955,1.9162039,3.5549848,1.9076818
1974-08-22 12:00:00,1.61374,1.6152701,3.5091887,2.1982896,3.9534566,2.0886345
1974-08-23 12:00:00,1.4475338,1.426196,2.869623,2.4626675,4.3538313,1.8615476
1974-08-24 12:00:00,1.6289129,1.4851576,3.3142917,2.3697143,3.1702535,1.5147876
1974-08-25 12:00:00,2.1236932,1.9079462,2.9434602,3.5887678,3.274754,1.4202209
1974-08-26 12:00:00,2.7897258,2.0542388,3.339512,3.4118042,3.125789,1.9195035
1974-08-27 12:00:00,2.6604614,1.8321149,3.8177164,3.0545802,3.1017115,2.1774445
1974-08-28 12:00:00,0.95697457,1.3055384,3.7971609,2.2080824,3.898846,2.266512
1974-08-29 12:00:00,2.2267017,1.9361534,2.8927107,2.7745051,3.3006022,1.9146596
1974-08-30 12:00:00,0.8778252,1.2483288,1.7858579,2.4668999,3.4280744,1.4293011
1974-08-31 12:00:00,2.3573012,1.8380349,2.191538,2.9417367,3.2758563,2.313054
1974-09-01 12:00:00,0.79053915,0.9195337,1.9511946,2.7399957,3.0136085,2.0284522
1974-09-02 12:00:00,1.2748115,1.6162869,2.5663798,2.6410494,3.3217263,1.8586649
1974-09-03 12:00:00,1.6089516,2.1387346,4.040926,4.3803015,3.2141852,2.8716462
1974-09-04 12:00:00,2.6921408,2.6321042,3.328103,2.9056778,2.8377273,1.7806205
1974-09-05 12:00:00,1.121642,1.4126225,2.6112974,2.583361,2.1288025,2.757526
1974-09-06 12:00:00,2.5942702,2.0799267,3.0188272,3.2714655,2.3664594,2.2194462
1974-09-07 12:00:00,2.82237,2.271125,2.988919,2.7255063,2.2370367,2.476784
1974-09-08 12:00:00,1.4579551,1.2030956,2.664357,2.1032603,3.2943394,1.6429429
1974-09-09 12:00:00,2.8634117,2.3816347,2.8491397,2.176825,2.4161491,1.9360648
1974-09-10 12:00:00,2.537201,2.2425854,3.848629,1.7790686,2.3247685,2.0824249
1974-09-11 12:00:00,2.2895179,2.2757492,3.3097913,1.8618392,3.1430552,1.392644
1974-09-12 12:00:00,3.2128391,2.686738,4.502521,1.9521846,3.1419675,1.8402014
1974-09-13 12:00:00,2.179799,2.210007,3.127187,2.7822876,4.2826605,1.6677722
1974-09-14 12:00:00,1.7779098,2.0585566,3.4263158,2.75302,4.24365,1.6196243
1974-09-15 12:00:00,2.8604772,2.3266172,3.6221437,3.724445,3.1641579,2.8623972
1974-09-16 12:00:00,1.8244501,1.4455167,3.5346649,4.2452874,3.3822672,2.8465543
1974-09-17 12:00:00,2.0836964,1.7137651,4.4256296,3.530664,4.0180206,2.578355
1974-09-18 12:00:00,3.006539,2.9612248,3.1300952,4.560446,4.102628,2.0248392
1974-09-19 12:00:00,2.7903142,2.4363725,2.6129756,3.8430269,3.423712,1.5006909
1974-09-20 12:00:00,2.8579817,2.029135,3.2394633,2.7577488,3.1275573,1.6319089
1974-09-21 12:00:00,1.8919084,1.3670443,4.4072056,2.1012187,3.648875,1.5640528
1974-09-22 12:00:00,1.576066,1.492549,2.2194154,2.5967343,2.5716245,1.6823764
1974-09-23 12:00:00,1.3004254,1.4253435,2.9908335,3.3374813,3.6202729,2.2013736
1974-09-24 12:00:00,2.2819822,2.2890706,3.2476594,4.024564,4.9369164,2.3770635
1974-09-25 12:00:00,1.6376646,1.8474238,2.573649,3.6940742,2.741306,1.950287
1974-09-26 12:00:00,1.2890313,1.3904161,2.2021203,2.322826,2.0553422,1.4575742
1974-09-27 12:00:00,1.8210785,1.7742057,3.1705346,1.678037,3.294053,1.949916
1974-09-28 12:00:00,1.1033461,0.986551,1.9915718,2.0753307,4.547596,1.1618099
1974-09-29 12:00:00,0.9359816,1.043765,2.4029102,2.4796875,4.6312375,1.5161622
1974-09-30 12:00:00,1.3459122,1.183124,3.4595833,2.9620283,3.204311,2.1521266
1974-10-01 12:00:00,1.6270871,1.2968615,4.690598,2.4210286,2.870898,2.196279
1974-10-02 12:00:00,2.014514,1.5302193,4.583993,2.3311172,3.1859665,1.8715034
1974-10-03 12:00:00,0.984922,1.1229185,3.9894664,3.5110223,2.8414228,3.0328608
1974-10-04 12:00:00,1.1136463,1.7429864,3.0021267,6.1542544,3.9025292,2.284249
1974-10-05 12:00:00,1.6558686,1.4905182,3.3307204,4.234304,4.285222,2.768368
1974-10-06 12:00:00,2.8247519,2.4804127,4.970565,5.4156876,3.3969958,4.5062265
1974-10-07 12:00:00,2.4141064,2.2819571,4.136625,4.9621797,3.4712794,4.056748
1974-10-08 12:00:00,2.8660653,2.415631,4.1941795,5.6394386,3.4681387,4.459007
1974-10-09 12:00:00,2.729321,2.457817,3.9763556,6.6979737,4.923486,3.0818477
1974-10-10 12:00:00,1.9895186,1.835887,4.5658603,3.5650427,6.379457,2.8633587
1974-10-11 12:00:00,4.338353,3.5617142,5.9801555,5.0234466,5.042754,4.502704
1974-10-12 12:00:00,3.0326912,2.7659953,4.955501,4.7240973,7.2020645,3.3543897
1974-10-13 12:00:00,2.7697997,2.4381645,3.2546258,4.690823,5.7968507,1.933128
1974-10-14 12:00:00,1.2307441,1.3616041,2.5042434,5.4555197,7.2605557,2.456223
1974-10-15 12:00:00,1.2981068,1.9342629,4.8102455,6.9139314,10.153045,5.0914774
1974-10-16 12:00:00,3.6790843,3.0890462,5.376707,5.6665044,7.07287,4.409077
1974-10-17 12:00:00,2.9425335,2.3609853,4.3237624,4.792467,7.310489,4.352959
1974-10-18 12:00:00,2.7447553,2.3454716,4.168651,6.0171504,5.2821927,4.0800395
1974-10-19 12:00:00,2.4486291,2.529529,3.7574494,7.0141015,5.364085,3.0263777
1974-10-20 12:00:00,1.9313741,2.1454139,2.7354417,3.939589,4.7962036,2.4380083
1974-10-21 12:00:00,1.0635432,1.2110144,2.9574237,1.9855558,3.2973917,1.8789616
1974-10-22 12:00:00,0.7727601,0.83041984,3.1337328,1.8943739,2.3522422,2.1364038
1974-10-23 12:00:00,1.0111129,1.1653305,4.3919806,3.8026612,2.4540918,3.1137788
1974-10-24 12:00:00,1.9180735,1.9183353,4.460761,5.039369,5.2889524,3.2670836
1974-10-25 12:00:00,1.3295982,1.2387873,3.1262567,4.2956605,4.973969,3.028704
1974-10-26 12:00:00,2.2121556,1.6610876,3.2887156,2.4089367,2.4002485,1.8422697
1974-10-27 12:00:00,1.4883852,1.1642463,3.0798683,2.411307,2.2105026,2.0122876
1974-10-28 12:00:00,2.0264502,1.7575219,3.047312,2.639361,3.7936597,1.4596686
1974-10-29 12:00:00,1.0813239,1.0274842,2.908461,3.2163181,4.895734,2.186738
1974-10-30 12:00:00,0.7179967,0.9313313,2.3577805,4.243083,2.78643,1.8767701
1974-10-31 12:00:00,1.4993604,1.425185,5.7394013,3.3864026,3.3753386,2.9202414
1974-11-01 12:00:00,2.1852531,1.9685494,4.2953186,3.8484912,4.089743,2.899992
1974-11-02 12:00:00,1.8367032,1.2714531,3.4287875,2.1965318,3.83376,1.8025539
1974-11-03 12:00:00,2.554517,1.9055204,4.1623874,4.097979,5.179799,2.1225288
1974-11-04 12:00:00,1.8156447,1.6479678,3.8028083,3.5778794,4.783664,2.4851637
1974-11-05 12:00:00,2.4698257,1.87216,3.3305004,2.6129975,3.6467164,2.1457767
1974-11-06 12:00:00,3.303966,2.5869288,4.5215406,3.271084,2.9814298,2.51188
1974-11-07 12:00:00,2.148593,1.9668083,2.9234586,3.9355564,2.8484833,2.1014092
1974-11-08 12:00:00,2.778572,2.2524433,4.1163406,2.8958673,3.5447297,1.8662982
1974-11-09 12:00:00,2.322567,1.7781913,4.4723263,2.9366984,4.0494776,2.1773922
1974-11-10 12:00:00,2.5912237,1.9734364,2.9788926,2.588282,3.626785,1.3697724
1974-11-11 12:00:00,1.40514,1.2297981,2.5950992,3.2549272,3.1280909,1.308914
1974-11-12 12:00:00,1.1579885,0.991672,2.2249408,3.1887438,4.1522064,1.2916844
1974-11-13 12:00:00,1.4667331,1.1306425,2.293021,3.2489598,4.8953037,1.7010665
1974-11-14 12:00:00,1.0214665,1.2741766,3.130596,2.8215091,6.5952296,2.0826697
1974-11-15 12:00:00,1.6546823,1.6385596,3.5901792,2.4711037,4.6189275,2.1813867
1974-11-16 12:00:00,2.421183,2.1298158,4.428002,3.3944507,4.040119,2.3966715
1974-11-17 12:00:00,1.5381577,1.7147467,3.0163672,3.42178,4.215613,2.182445
1974-11-18 12:00:00,2.0201,1.7777661,3.4267821,2.283809,2.764025,1.8800502
1974-11-19 12:00:00,0.996277,1.1689622,1.8516724,3.3109086,2.7530386,1.720461
1974-11-20 12:00:00,1.0900816,1.3194585,3.3919394,2.8569999,3.873981,2.4286182
1974-11-21 12:00:00,1.5983114,1.2807889,3.0628052,2.1001284,4.865958,1.7148598
1974-11-22 12:00:00,1.518274,1.1122651,2.9288576,2.983397,4.593477,1.4541566
1974-11-23 12:00:00,1.3036932,1.4684731,3.0775707,4.497536,4.524396,2.0334008
1974-11-24 12:00:00,2.526911,2.4884896,5.6013746,5.611412,4.7584267,2.9377987
1974-11-25 12:00:00,3.9235618,2.9197814,6.584929,5.4298525,6.064726,3.6370604
1974-11-26 12:00:00,2.6518335,2.390556,4.764578,5.6576643,8.621178,3.546832
1974-11-27 12:00:00,3.822237,3.3877308,6.8827868,6.104735,6.2527814,5.1037803
1974-11-28 12:00:00,2.9820278,3.0255256,4.1842995,9.062274,6.669301,4.493303
1974-11-29 12:00:00,1.5727415,1.4560643,4.6657877,5.3601017,6.2384324,2.6404533
1974-11-30 12:00:00,1.5815992,1.7450539,3.1857536,6.969807,5.425086,2.8324523
1974-12-01 12:00:00,1.8477029,1.8476433,7.5813203,5.2785077,4.833804,4.77009
1974-12-02 12:00:00,3.4992695,3.053893,6.7769766,5.24141,3.9230926,4.7627554
1974-12-03 12:00:00,1.7935315,1.4932446,4.159535,3.8156466,3.9727724,2.9940403
1974-12-04 12:00:00,2.3831973,2.113302,6.2872467,4.8595495,3.6471732,3.6032443
1974-12-05 12:00:00,3.2826142,2.9407904,6.1657133,5.692968,4.237218,3.076254
1974-12-06 12:00:00,2.1387658,1.750853,5.1389923,4.822496,4.9251533,2.6754103
1974-12-07 12:00:00,0.9225358,1.0294181,3.601019,6.347443,4.4260945,3.727708
1974-12-08 12:00:00,2.048923,1.876519,5.1445312,7.5625896,6.2053876,4.612954
1974-12-09 12:00:00,3.406272,3.034738,5.385346,8.556944,9.262821,4.2109137
1974-12-10 12:00:00,2.0124426,2.595775,4.05489,6.790937,7.480013,3.660333
1974-12-11 12:00:00,1.4848443,2.0383224,3.0117917,3.7452154,4.060086,2.302749
1974-12-12 12:00:00,1.0918102,1.3362716,4.159,4.6119657,3.4388819,3.2689462
1974-12-13 12:00:00,1.4506804,1.8035573,4.0126667,5.71713,5.1839395,2.9092646
1974-12-14 12:00:00,1.8010093,1.7474098,5.9637895,3.7401757,5.613652,4.168001
1974-12-15 12:00:00,1.515644,1.6708332,3.021089,3.257943,6.065386,2.4744158
1974-12-16 12:00:00,0.8664745,1.1176053,2.9900236,3.4993525,4.592427,2.7881916
1974-12-17 12:00:00,1.0618068,1.1494688,2.794891,2.9852087,3.121725,1.7550371
1974-12-18 12:00:00,0.97146195,0.98473215,3.7961059,2.9971015,3.5967689,2.534009
1974-12-19 12:00:00,1.7457861,1.6755352,5.2673984,4.330781,4.1378603,3.4792364
1974-12-20 12:00:00,1.8131691,1.6404796,4.339813,4.4361954,5.9822226,3.3194208
1974-12-21 12:00:00,1.2649597,1.2074031,2.695778,4.1799316,6.475153,2.6161215
1974-12-22 12:00:00,0.6939852,0.8400101,1.8904047,4.3794875,5.182437,1.8610715
1974-12-23 12:00:00,0.9626215,1.1070145,3.3765247,5.0457435,6.350656,3.6437294
1974-12-24 12:00:00,1.4234269,1.4663713,4.336339,7.0425553,9.173775,4.6654406
1974-12-25 12:00:00,1.3435383,1.3559859,3.3893535,7.05133,7.9429035,3.6488526
1974-12-26 12:00:00,1.456636,1.1844436,3.3799798,4.3267374,5.717052,2.1433318
1974-12-27 12:00:00,2.597089,1.791164,5.24847,2.7180135,6.2726135,2.2586489
1974-12-28 12:00:00,2.49411,2.0008748,3.9263237,3.641401,6.0155706,2.4783015
1974-12-29 12:00:00,1.6681511,1.3766091,4.0313616,3.831957,3.2078967,2.3063643
1974-12-30 12:00:00,1.5015008,1.2274473,4.383435,3.969486,5.6923385,2.61741
1974-12-31 12:00:00,0.84038234,1.0469588,2.1703396,3.4992938,6.3266377,1.6064875
1975-01-01 12:00:00,1.5719919,1.3815507,2.5545847,2.5429022,5.1655393,1.4270687
1975-01-02 12:00:00,1.190813,1.1870692,3.2016768,5.4760795,7.726958,2.500944
1975-01-03 12:00:00,2.1512835,2.3499846,3.545674,8.10714,8.995278,3.0939617
1975-01-04 12:00:00,1.2458346,1.8228916,3.0536702,4.1981235,5.8137903,2.4092765
1975-01-05 12:00:00,1.1464483,1.1165495,5.4222755,3.9075272,3.4419541,3.8337004
1975-01-06 12:00:00,1.7186563,1.3678235,3.5837986,2.67945,5.9759855,2.2259893
1975-01-07 12:00:00,1.5881519,2.2189455,3.4960268,8.373975,6.495028,3.0092876
1975-01-08 12:00:00,3.0723689,3.8543715,6.515819,9.007346,4.458544,5.183386
1975-01-09 12:00:00,2.6185708,2.5361657,5.3679504,5.7995467,4.1708016,3.983605
1975-01-10 12:00:00,3.698525,2.5884511,4.8811693,3.7944174,6.1639295,2.6502092
1975-01-11 12:00:00,1.6308999,1.9148427,3.0632112,7.895722,4.4592814,2.991455
1975-01-12 12:00:00,1.9460628,2.1145208,6.3098726,6.7267265,5.23106,4.3319454
1975-01-13 12:00:00,1.1980399,1.3521137,4.657886,4.4751644,7.640891,2.5444882
1975-01-14 12:00:00,2.3284287,1.8455106,4.2812157,3.6019382,5.984337,2.655324
1975-01-15 12:00:00,0.69414103,1.0827855,2.369611,3.5338848,3.3691034,2.0533242
1975-01-16 12:00:00,2.6377616,2.340413,4.953829,6.627979,4.6069307,4.2562823
1975-01-17 12:00:00,1.7214497,1.9232602,4.223309,4.0180855,3.6957614,2.8693411
1975-01-18 12:00:00,1.1629288,1.446557,3.337557,3.493905,3.7740753,2.0934083
1975-01-19 12:00:00,1.0940711,1.5428431,2.4205852,4.5609527,6.0493917,2.576733
1975-01-20 12:00:00,0.7020993,1.0083349,3.5703633,5.7152805,6.336865,3.834674
1975-01-21 12:00:00,0.87425745,1.07838,5.5373087,6.233472,6.3848796,4.5669026
1975-01-22 12:00:00,2.9838643,2.826854,7.296373,6.3546124,5.215076,5.4076824
1975-01-23 12:00:00,1.6256793,1.5896763,3.7407348,4.8996735,4.994618,3.295136
1975-01-24 12:00:00,2.2507517,1.8735095,4.948874,5.815517,5.1515293,3.7254434
1975-01-25 12:00:00,2.792553,2.4244115,5.4927044,5.153036,5.542743,4.1806755
1975-01-26 12:00:00,2.1028464,2.0313833,5.3591785,5.1498938,5.511193,3.9205146
1975-01-27 12:00:00,1.1549649,1.2557374,4.355291,4.9129786,5.5451665,3.3841367
1975-01-28 12:00:00,2.1257024,1.7791446,4.8952837,5.447472,4.841658,3.1350951
1975-01-29 12:00:00,1.3182925,1.369575,3.49894,3.62312,4.9857445,2.4742768
1975-01-30 12:00:00,2.6256368,1.9194971,3.6871076,3.7385426,5.0061617,2.6461802
1975-01-31 12:00:00,5.2949066,4.5465126,6.245724,5.072663,4.5140247,3.7081664
1975-02-01 12:00:00,2.3392322,2.0690267,3.3088944,4.62594,4.9401045,2.1188295
1975-02-02 12:00:00,1.6330724,1.5718634,2.7006462,3.4755273,4.5471277,2.9491382
1975-02-03 12:00:00,1.4081647,1.4932208,5.019042,3.8122234,4.0501885,3.1519814
1975-02-04 12:00:00,3.5800085,2.7425196,5.8330393,3.9748101,4.153552,3.4996214
1975-02-05 12:00:00,3.0835195,2.3698356,4.48912,4.0946302,3.380091,2.9969175
1975-02-06 12:00:00,1.3765955,1.2600428,2.6695292,2.3795638,4.522052,1.4953412
1975-02-07 12:00:00,0.9743213,1.0479497,2.7987444,3.7478216,5.4404774,2.3852773
1975-02-08 12:00:00,1.0015564,1.2758684,4.2445164,5.4778013,4.136567,2.911737
1975-02-09 12:00:00,1.020538,1.3685225,3.3226936,4.92504,4.2452536,2.8920748
1975-02-10 12:00:00,1.5422928,1.5077468,3.5097086,6.481315,4.6293125,3.3237743
1975-02-11 12:00:00,2.4937577,2.139171,4.4668036,7.181562,7.0166016,3.8123116
1975-02-12 12:00:00,1.7332702,1.6384637,4.160732,6.896428,7.5455937,3.805731
1975-02-13 12:00:00,3.505015,3.1741483,6.8797617,6.690604,7.2657433,5.2832284
1975-02-14 12:00:00,4.6802645,4.2762527,7.0867753,7.63647,7.658066,5.743087
1975-02-15 12:00:00,2.85629,2.5764756,4.0704865,7.458581,6.1804338,3.0053122
1975-02-16 12:00:00,3.8507688,3.010747,3.4938161,5.920645,4.2984066,2.177536
1975-02-17 12:00:00,1.5507646,2.0776,2.2525406,3.977618,3.6749983,3.2172449
1975-02-18 12:00:00,1.7101693,1.422859,3.3045382,2.871326,3.3674738,2.207469
1975-02-19 12:00:00,2.269886,1.4947852,4.5215683,2.8854265,3.045213,2.322505
1975-02-20 12:00:00,2.7914166,2.1938481,5.403239,3.694143,3.8354135,3.098529
1975-02-21 12:00:00,3.1044872,2.819931,5.214223,6.140261,6.406028,3.7081156
1975-02-22 12:00:00,3.5934253,3.2825134,7.043023,6.0123825,6.15275,4.7652555
1975-02-23 12:00:00,3.537365,3.3009021,3.9630964,6.1607976,6.52697,3.0335217
1975-02-24 12:00:00,2.0426784,2.202392,4.570288,5.659835,6.7986045,3.0042286
1975-02-25 12:00:00,3.9148033,3.3072834,6.469696,5.365891,6.6675544,3.9306242
1975-02-26 12:00:00,3.3741996,3.030973,3.3719058,5.1093125,5.0775375,2.4829125
1975-02-27 12:00:00,2.949699,2.3076215,1.93142,4.081367,4.8975863,2.0204928
1975-02-28 12:00:00,1.6869712,1.4125379,3.0612872,3.3658283,4.4424944,1.9860444
1975-03-01 12:00:00,1.7181605,1.5095485,2.3176064,2.2417388,5.242076,1.5049758
1975-03-02 12:00:00,3.4291215,2.5084064,2.7107244,2.3521872,4.804908,1.7845079
1975-03-03 12:00:00,2.4834871,2.0033286,3.6609678,4.4737134,4.0800705,3.0133932
1975-03-04 12:00:00,3.029561,2.7954454,5.0851736,6.5423255,6.4540877,4.1098742
1975-03-05 12:00:00,2.9440677,2.7137895,4.1120815,7.2748594,8.596558,4.426942
1975-03-06 12:00:00,4.024101,3.8133855,5.861945,8.955551,10.034744,5.912481
1975-03-07 12:00:00,2.039888,1.4722437,3.3698606,5.4242325,6.707516,3.127176
1975-03-08 12:00:00,0.98774296,0.9827702,3.014402,3.9255602,5.257225,2.375434
1975-03-09 12:00:00,0.79928356,0.8998356,2.7974074,3.636642,5.8048086,2.4970732
1975-03-10 12:00:00,0.91130966,0.9332171,3.0349455,4.449246,7.9565463,2.9700084
1975-03-11 12:00:00,0.75374234,0.9055429,3.1171627,3.794526,6.2712607,2.884147
1975-03-12 12:00:00,1.0666466,1.1727601,3.0419335,4.876433,6.744881,3.0049946
1975-03-13 12:00:00,1.1311983,1.2130737,2.4673064,7.169578,9.222565,2.9975762
1975-03-14 12:00:00,1.5414516,1.4551162,3.2140396,6.853869,6.877468,3.5304508
1975-03-15 12:00:00,1.5988142,1.6176881,3.8857749,6.500328,7.4300046,3.77117
1975-03-16 12:00:00,4.0466537,3.2494106,5.9135847,5.974144,3.8609269,4.7807837
1975-03-17 12:00:00,2.2513196,2.356285,2.7068958,6.241204,8.022326,2.552048
1975-03-18 12:00:00,4.5769124,3.726854,5.4689426,4.7854624,4.013035,3.8436775
1975-03-19 12:00:00,3.7009506,2.764416,3.705443,3.7436314,2.9889953,2.2310417
1975-03-20 12:00:00,1.8647568,1.8510556,2.4879506,6.1860757,4.4108686,2.2426693
1975-03-21 12:00:00,2.6092458,2.3010173,6.351383,3.9391112,4.735651,3.1724803
1975-03-22 12:00:00,2.1616614,2.0312083,4.251136,4.6806226,4.625501,3.1718223
1975-03-23 12:00:00,3.5948808,2.728009,5.5437307,4.0604315,3.6215036,3.6558254
1975-03-24 12:00:00,2.1182728,2.4304135,5.268446,4.48726,5.228756,4.147251
1975-03-25 12:00:00,1.6193593,1.6809738,2.559789,3.8374877,4.474743,2.1202571
1975-03-26 12:00:00,2.2725759,1.6353524,4.556875,4.6433377,6.286899,2.0609758
1975-03-27 12:00:00,1.8257565,1.322194,3.9614856,3.489981,5.5118318,1.4309171
1975-03-28 12:00:00,1.2614392,1.5582302,4.0620813,2.7809217,3.510905,1.6533376
1975-03-29 12:00:00,1.1001184,1.0091941,3.5685244,1.8885927,5.0786805,1.6780499
1975-03-30 12:00:00,1.0969553,1.017752,3.3382273,2.099405,3.7386544,1.596143
1975-03-31 12:00:00,0.9719399,1.0739897,2.4997642,2.2411616,4.366481,1.8424579
1975-04-01 12:00:00,1.0071685,1.125735,1.695859,2.8497472,3.4903195,1.5749656
1975-04-02 12:00:00,1.2276785,1.398245,2.3623776,3.292598,4.4131365,1.7139965
1975-04-03 12:00:00,1.738419,1.7284248,3.644381,2.9149084,4.3879037,2.1238809
1975-04-04 12:00:00,2.8673048,2.4848638,4.1716847,2.8390627,4.439057,2.8183024
1975-04-05 12:00:00,2.1746383,2.009498,2.7691047,2.7296531,2.3080947,2.3461444
1975-04-06 12:00:00,1.8550272,1.7755127,3.1125307,1.9728013,2.0970266,2.1503012
1975-04-07 12:00:00,2.0365,1.7543341,2.6586673,2.1915793,3.4911382,2.3128362
1975-04-08 12:00:00,1.5159997,1.3041747,2.1126287,1.5616654,3.6727617,1.4204388
1975-04-09 12:00:00,1.1061267,1.2809765,1.7196026,2.0645242,3.3852794,1.3456889
1975-04-10 12:00:00,1.4789183,1.5017936,2.7080643,1.995251,3.422009,2.6053205
1975-04-11 12:00:00,1.4731632,1.3104525,1.8138273,2.5817904,2.4524798,1.5870545
1975-04-12 12:00:00,1.9840785,1.5663214,3.9564266,2.9495351,2.6197093,2.2029402
1975-04-13 12:00:00,2.337178,2.1864538,6.6036673,4.1765814,3.7265494,3.6314096
1975-04-14 12:00:00,2.619864,2.5197651,6.048208,3.4747465,4.0279713,3.1344795
1975-04-15 12:00:00,1.9296498,1.8469203,3.9612286,3.8107595,3.8696465,2.4272497
1975-04-16 12:00:00,2.1034844,1.6224183,3.502528,3.3727145,3.6492891,2.4737706
1975-04-17 12:00:00,1.3446419,1.2599956,3.2876189,2.3121984,2.5402286,1.7060395
1975-04-18 12:00:00,1.8015606,1.4136436,4.7744427,2.6078084,3.0272326,1.9186041
1975-04-19 12:00:00,4.2985115,3.444656,6.8380294,3.5186808,2.6219528,3.170226
1975-04-20 12:00:00,3.0354943,2.5035093,2.8735943,4.082714,4.497759,1.8321837
1975-04-21 12:00:00,1.5693221,1.6640093,3.476092,4.67837,5.79105,1.974901
1975-04-22 12:00:00,3.985256,3.13104,3.23887,5.7160406,3.5388813,2.1118522
1975-04-23 12:00:00,1.557234,1.7784761,2.5170121,3.613764,3.439395,2.4251654
1975-04-24 12:00:00,1.2790216,1.2287265,2.4664056,3.268552,5.035127,2.2689598
1975-04-25 12:00:00,1.644124,1.4363198,2.8012292,3.230796,5.6610436,1.6945423
1975-04-26 12:00:00,3.9142025,2.9246383,5.098203,3.8535905,4.7795544,3.3520906
1975-04-27 12:00:00,4.4067907,3.409138,6.8307657,3.6019335,5.1010413,2.7628736
1975-04-28 12:00:00,4.738145,3.776675,5.4374647,4.8746943,3.836004,4.0313373
1975-04-29 12:00:00,3.4500601,2.9399674,4.2023587,4.780102,5.5351844,3.5270903
1975-04-30 12:00:00,2.2490911,2.1043508,3.903279,3.0304508,6.612754,3.1214223
1975-05-01 12:00:00,1.1891737,1.3957319,2.7937865,3.3409178,5.5357027,2.9141493
1975-05-02 12:00:00,1.9518934,1.9098138,3.145085,4.664626,5.805156,2.91192
1975-05-03 12:00:00,2.4412198,2.3478875,3.6829867,5.85976,5.939696,2.0957713
1975-05-04 12:00:00,1.6132087,1.49588,2.7494826,4.5854445,5.4922423,1.3202204
1975-05-05 12:00:00,1.1855233,1.1880186,1.9095545,3.5013351,4.704573,1.1995763
1975-05-06 12:00:00,1.2517211,1.2503215,2.2410293,3.5208135,5.2120366,1.390707
1975-05-07 12:00:00,0.8034349,1.1574569,2.5582085,3.222272,4.5812044,1.4782614
1975-05-08 12:00:00,2.0986464,1.7481066,2.9955642,1.9944057,3.4568355,2.3407764
1975-05-09 12:00:00,1.3491637,1.391053,2.700465,3.2368827,3.9218972,1.2560759
1975-05-10 12:00:00,2.414196,2.2191238,1.8353136,3.6427011,2.8769042,1.5782313
1975-05-11 12:00:00,1.6789881,1.5286387,2.8154867,2.8366117,2.3396008,1.694024
1975-05-12 12:00:00,2.1393576,1.9339921,3.5357473,3.5537813,2.4624732,1.5706644
1975-05-13 12:00:00,1.8823576,1.693571,2.7994587,3.1410434,2.6522443,1.9748905
1975-05-14 12:00:00,1.8101273,1.790102,2.8359952,2.781162,2.939955,1.865442
1975-05-15 12:00:00,2.0145597,1.7037156,1.9882767,2.3830965,3.732498,1.3096722
1975-05-16 12:00:00,2.062143,1.55561,2.1439912,1.9462386,3.1686206,1.1191925
1975-05-17 12:00:00,2.2089634,2.0542667,3.2533185,5.1518126,4.619867,3.5690794
1975-05-18 12:00:00,1.9994855,1.9262055,4.4234686,4.4581175,3.7650864,2.8353293
1975-05-19 12:00:00,2.647503,2.5711641,3.66479,4.984687,3.9263864,2.7678244
1975-05-20 12:00:00,3.1115148,2.7383626,4.044027,4.4848065,4.980081,2.5872376
1975-05-21 12:00:00,3.339631,2.828366,4.4698224,3.256554,3.6921651,2.3675406
1975-05-22 12:00:00,2.4425926,2.1161523,2.9304209,3.6298602,4.140924,1.8839602
1975-05-23 12:00:00,2.0404463,1.7189095,2.525215,3.6301343,3.1307545,1.7326614
1975-05-24 12:00:00,1.9039466,1.7035204,3.4386609,4.4322147,3.559257,2.5042598
1975-05-25 12:00:00,2.1713867,2.3591769,2.8850675,5.1577435,4.467599,2.9904947
1975-05-26 12:00:00,1.9761088,1.8548684,3.0128975,4.6793385,5.8671727,3.1781871
1975-05-27 12:00:00,2.7728865,2.62378,4.0264053,5.606529,5.4787602,3.5835288
1975-05-28 12:00:00,2.5454557,2.225351,2.9178898,2.970859,3.113313,2.1180737
1975-05-29 12:00:00,1.9541407,1.8062906,2.9222002,3.2552495,4.2456183,2.3215528
1975-05-30 12:00:00,3.4361672,2.9313436,4.95324,4.710189,3.011286,3.8647382
1975-05-31 12:00:00,3.5159307,2.9478686,4.7419357,3.7017615,2.530428,3.4714692
1975-06-01 12:00:00,2.0971382,2.1906896,4.4553185,3.4992743,3.4841743,2.8442283
1975-06-02 12:00:00,2.7677379,2.4974253,4.6471033,4.457797,4.9955063,3.1753561
1975-06-03 12:00:00,2.7990832,2.6580155,6.077111,5.342375,4.9133015,4.4085383
1975-06-04 12:00:00,1.5095944,1.4836131,4.0407586,2.872178,4.1249166,2.7678838
1975-06-05 12:00:00,2.495707,2.3137112,4.9033217,3.6484318,3.1531034,3.47934
1975-06-06 12:00:00,3.4666207,3.3988018,6.7499104,4.898023,3.5695353,4.4247813
1975-06-07 12:00:00,2.9181051,2.6257858,3.6380138,3.560309,3.8532162,2.0339484
1975-06-08 12:00:00,3.4486167,2.6961992,3.4189477,4.030715,3.9518752,1.9504374
1975-06-09 12:00:00,3.7986784,2.9097025,3.3832605,4.500791,3.7010367,2.1078918
1975-06-10 12:00:00,1.3746701,1.4559853,2.3033352,3.208322,4.92593,1.6821718
1975-06-11 12:00:00,0.95712674,1.0534585,2.2910736,1.9953927,4.578128,1.4664344
1975-06-12 12:00:00,1.9822066,2.1067243,3.636088,3.5968702,4.0269856,3.1071973
1975-06-13 12:00:00,2.4953132,2.526024,2.4576523,5.808172,3.7333138,2.3704982
1975-06-14 12:00:00,2.4239364,2.3575697,2.5208426,4.6598253,4.744617,2.6828632
1975-06-15 12:00:00,3.313929,2.8215768,2.9377203,4.8456955,4.134374,2.1793456
1975-06-16 12:00:00,2.3198252,2.0873225,2.5068586,3.585867,2.97806,1.4983921
1975-06-17 12:00:00,1.8202335,1.6029397,2.853462,2.3893456,2.198153,2.091417
1975-06-18 12:00:00,1.5386305,1.298249,2.490733,2.5804136,3.5069308,1.8914067
1975-06-19 12:00:00,2.8186,2.40721,3.596886,3.6721802,3.02861,2.7188814
1975-06-20 12:00:00,1.5339385,1.5568227,4.248172,3.00476,3.2434003,2.7350268
1975-06-21 12:00:00,2.307144,1.8586462,3.7624185,2.3574002,3.318757,2.689841
1975-06-22 12:00:00,1.5556747,1.3464571,2.3356485,2.2944067,2.621564,1.2823441
1975-06-23 12:00:00,2.8765302,2.3798456,3.488654,3.0012956,3.1454551,1.7760774
1975-06-24 12:00:00,1.5601573,1.2929101,2.040916,2.896541,3.6287544,1.680469
1975-06-25 12:00:00,3.1749344,2.7311335,3.144711,3.0430717,2.5972507,1.8394336
1975-06-26 12:00:00,2.899413,2.726685,4.3844614,4.3941975,3.4556823,3.3827677
1975-06-27 12:00:00,2.3567429,2.0885034,2.840948,3.653218,3.6809015,2.1808646
1975-06-28 12:00:00,2.3388014,2.2000935,2.5097835,2.99917,2.8541682,1.7486278
1975-06-29 12:00:00,1.5371323,1.3292811,1.6569612,2.2741482,2.689445,1.4899796
1975-06-30 12:00:00,2.5323436,1.897829,2.2914758,2.3917992,3.4364285,1.9228148
1975-07-01 12:00:00,2.467266,2.07192,1.7513864,2.7413268,3.6386714,1.4200816
1975-07-02 12:00:00,2.2541363,1.7534627,1.9664993,2.5402272,3.7623549,1.606238
1975-07-03 12:00:00,1.5502439,1.2276523,1.8798282,2.210557,4.1526017,1.2321992
1975-07-04 12:00:00,1.0073298,1.0633371,2.2884958,3.695551,4.6273565,1.7964544
1975-07-05 12:00:00,1.3928006,1.2401171,1.8708203,4.7132454,4.080316,1.0802594
1975-07-06 12:00:00,1.252415,1.2209762,1.9466187,4.452585,3.910187,1.1983616
1975-07-07 12:00:00,0.7486105,0.900856,1.8844358,4.202304,4.983108,1.29425
1975-07-08 12:00:00,1.6400201,1.3553699,2.074772,4.494158,4.955923,1.0772806
1975-07-09 12:00:00,1.3847104,1.2070292,2.186206,4.341342,4.9661803,1.1043986
1975-07-10 12:00:00,1.4379247,1.1528424,1.9368491,3.8568587,4.1718917,0.92596954
1975-07-11 12:00:00,2.2806804,1.8985418,2.853703,3.9800422,3.6750555,1.8211573
1975-07-12 12:00:00,1.9655663,1.7574323,2.4912295,2.5021906,3.478401,2.0602267
1975-07-13 12:00:00,1.5207675,1.2265363,2.6533008,2.3961897,3.6691973,1.750844
1975-07-14 12:00:00,1.4883549,1.442582,3.5308485,2.4218805,4.111391,1.6219876
1975-07-15 12:00:00,1.324651,1.5670136,2.7349448,2.924101,4.801134,1.3109664
1975-07-16 12:00:00,1.4745251,1.379213,2.9557927,1.9330211,3.8901472,1.7290405
1975-07-17 12:00:00,2.4290433,2.0385861,2.313428,2.6432266,3.1363068,1.7218305
1975-07-18 12:00:00,3.4231422,2.8531227,3.0123515,3.896817,3.5442984,1.5677588
1975-07-19 12:00:00,3.1847854,2.8426025,5.8823767,3.5312557,3.4075205,2.7886083
1975-07-20 12:00:00,3.3845963,3.119238,3.9305916,4.991505,3.4295607,2.5622754
1975-07-21 12:00:00,1.049449,1.1647727,1.6683471,2.371965,2.840084,1.3743242
1975-07-22 12:00:00,1.5317563,1.4922262,2.6686916,2.1245959,3.3194027,1.4054079
1975-07-23 12:00:00,2.5272114,2.100503,3.288215,2.9670138,3.2785215,1.6763276
1975-07-24 12:00:00,1.9757583,1.5916313,2.7672813,2.7925885,3.4230444,1.9577376
1975-07-25 12:00:00,0.99211717,1.0451635,3.0164697,2.3783739,3.2682574,2.172067
1975-07-26 12:00:00,1.2869043,1.3627546,4.421549,2.7593591,2.2007077,2.9310582
1975-07-27 12:00:00,1.5622303,1.5526237,4.7494836,3.29297,2.4208372,3.6570306
1975-07-28 12:00:00,1.0237582,1.2795466,3.605763,2.4623592,2.8542156,1.9102116
1975-07-29 12:00:00,1.163914,1.2725441,3.7921119,2.9979072,3.0362844,2.338256
1975-07-30 12:00:00,1.000566,1.1050005,1.6177558,2.6663132,2.305258,1.4423065
1975-07-31 12:00:00,1.1599689,1.0279337,1.8158387,1.7322778,2.8279157,1.0458771
1975-08-01 12:00:00,0.7918793,1.0784119,1.5964917,2.0544703,3.2995608,1.1745709
1975-08-02 12:00:00,1.1944828,1.3562492,1.8087933,2.2322414,2.344323,1.2857021
1975-08-03 12:00:00,2.0419714,1.5713114,2.9141374,4.1966696,2.7367668,1.8053374
1975-08-04 12:00:00,1.7222595,2.266663,4.3093805,5.0578356,2.1090097,3.443725
1975-08-05 12:00:00,3.477583,3.126539,3.423554,4.1831174,2.2229257,3.3886833
1975-08-06 12:00:00,3.0863266,2.5409894,2.7999532,3.0080729,2.3364484,2.289327
1975-08-07 12:00:00,2.6658573,1.966168,2.4409451,2.7353022,2.3629193,1.3970397
1975-08-08 12:00:00,3.89694,2.9939597,3.737441,3.4420207,2.098578,2.6013744
1975-08-09 12:00:00,2.1068606,1.7911162,3.4948814,3.0114663,1.8508022,2.9759665
1975-08-10 12:00:00,1.2243392,1.2036849,2.8603048,2.0049465,2.7299304,1.5877908
1975-08-11 12:00:00,0.8038579,1.0873904,2.1455066,4.098594,5.516731,1.1248989
1975-08-12 12:00:00,1.5381258,1.5168719,1.8017853,3.3655565,3.7774386,1.2726889
1975-08-13 12:00:00,1.9670857,1.7406477,3.7541099,2.6878443,2.5643318,1.5893115
1975-08-14 12:00:00,1.9624708,1.8534527,4.303281,2.7204475,1.9194126,1.913829
1975-08-15 12:00:00,3.5627236,2.7548692,5.6112747,2.8641434,2.0026827,2.3078806
1975-08-16 12:00:00,3.199153,2.5240924,2.9091663,3.809939,3.0328612,1.9952084
1975-08-17 12:00:00,1.8089873,1.5970378,3.1690524,3.8755224,4.0090036,2.215257
1975-08-18 12:00:00,3.0913835,2.4415793,3.090528,3.3404446,3.562305,2.028806
1975-08-19 12:00:00,2.0563712,1.8221954,3.838043,2.634604,3.814196,2.0962274
1975-08-20 12:00:00,2.742207,2.4517677,4.7321978,3.145318,3.7266097,3.4078162
1975-08-21 12:00:00,2.4360397,1.9052542,2.5939274,2.7783215,3.0215187,1.2742772
1975-08-22 12:00:00,4.344658,3.607844,4.6231937,4.3643746,3.2386549,2.9756823
1975-08-23 12:00:00,2.1914623,2.0493467,2.8263695,5.264059,4.2178364,1.9392886
1975-08-24 12:00:00,2.8045506,2.3579204,3.8442314,3.6270201,3.5942945,2.265934
1975-08-25 12:00:00,4.0369725,3.3903985,5.455229,5.2546144,4.5561957,3.1439002
1975-08-26 12:00:00,4.7561154,3.532196,4.98301,3.4813085,3.9959688,2.3033488
1975-08-27 12:00:00,2.664969,2.3000565,4.7041945,3.353906,4.166283,2.0802076
1975-08-28 12:00:00,1.8845406,1.7430328,3.3695486,3.4741611,3.6190436,1.8474461
1975-08-29 12:00:00,0.8665993,0.8872204,1.8140805,2.5581515,2.7162957,1.3082844
1975-08-30 12:00:00,0.7624824,0.9644576,1.9218795,2.1472766,2.8701322,1.610978
1975-08-31 12:00:00,2.079586,1.9362981,3.4608815,3.0434191,2.5720494,2.8752048
1975-09-01 12:00:00,2.2924657,1.7818633,2.16401,2.5575109,2.2907658,1.6393307
1975-09-02 12:00:00,2.2160974,2.1829832,3.1115596,2.6776564,2.200453,1.5289552
1975-09-03 12:00:00,0.7663659,0.9492462,2.0493705,1.9941036,3.9337983,1.3898945
1975-09-04 12:00:00,1.0082197,1.083563,1.7536024,2.3776422,3.8666463,1.4861959
1975-09-05 12:00:00,2.48071,1.8188497,3.3747437,2.3786013,3.0552268,2.1574168
1975-09-06 12:00:00,1.7365229,2.067439,3.926356,3.9700136,3.8056433,3.9142392
1975-09-07 12:00:00,2.662877,2.4411716,3.395308,4.224879,5.663345,2.9248462
1975-09-08 12:00:00,1.5303808,1.3356032,2.5387032,2.5825057,2.520552,1.7700377
1975-09-09 12:00:00,0.74438596,0.9022891,2.0792608,3.6975234,2.601288,1.5225576
1975-09-10 12:00:00,1.3281738,1.1526194,1.6729653,3.9855983,5.474393,1.5233542
1975-09-11 12:00:00,2.300131,1.6359198,2.0015013,5.3066707,5.463098,1.6284591
1975-09-12 12:00:00,1.7062559,1.5145614,2.4690275,3.6489594,6.2212524,2.3406594
1975-09-13 12:00:00,1.524581,1.5230002,2.2501535,2.8966675,5.071392,1.7779619
1975-09-14 12:00:00,2.9506814,2.260633,3.0543644,4.1941767,3.9481838,3.3942747
1975-09-15 12:00:00,3.364698,2.4292557,4.709486,2.4172134,2.6915627,2.2792706
1975-09-16 12:00:00,1.8732191,1.7411853,3.5621872,3.333452,2.9469354,2.155421
1975-09-17 12:00:00,2.4193377,1.9219322,3.1639955,3.810126,2.9839737,1.8330078
1975-09-18 12:00:00,2.822641,2.264674,4.4986405,2.692967,3.468621,2.5109637
1975-09-19 12:00:00,2.864599,2.2681618,3.806922,2.2681193,2.1694317,2.423496
1975-09-20 12:00:00,0.9603588,1.2350413,2.7676592,2.245385,1.9317429,1.8981384
1975-09-21 12:00:00,1.2527691,1.2488087,1.8821741,2.7242105,2.6920197,1.9724643
1975-09-22 12:00:00,3.6195364,2.8071914,4.23033,3.1149292,4.751799,2.710084
1975-09-23 12:00:00,2.5777378,2.4141567,5.6544833,4.3339806,6.433568,3.378288
1975-09-24 12:00:00,3.1172175,2.996491,6.8596997,6.170333,5.1373067,3.5444221
1975-09-25 12:00:00,2.681665,2.4594345,6.045216,6.054124,4.8952336,3.581673
1975-09-26 12:00:00,2.00326,2.05881,4.403045,5.926156,5.008233,3.7129376
1975-09-27 12:00:00,1.4869702,1.3220752,2.8931944,3.533805,4.803738,1.684661
1975-09-28 12:00:00,0.6745181,1.3700897,2.026892,3.6187484,5.111154,1.5030997
1975-09-29 12:00:00,0.67936325,1.3529555,1.9405553,3.3516874,4.4234037,1.465552
1975-09-30 12:00:00,0.8202411,0.9525513,3.030623,2.3932374,3.3879824,1.978153
1975-10-01 12:00:00,2.1809034,2.227536,5.992305,5.546127,4.4458165,4.9910355
1975-10-02 12:00:00,3.2985435,2.7965064,4.6714745,4.946495,6.8693614,3.5870543
1975-10-03 12:00:00,1.407372,1.3037786,2.9470253,4.093411,4.2608147,2.6266987
1975-10-04 12:00:00,1.0116357,0.95141226,2.5482285,2.8855011,2.231411,1.9994814
1975-10-05 12:00:00,0.7833804,0.76994854,1.9545339,1.4416631,2.9314218,1.3725783
1975-10-06 12:00:00,1.7207705,1.5409628,3.2270803,2.2042172,2.135512,1.9212075
1975-10-07 12:00:00,2.1545153,1.8638344,3.0729494,2.5582414,2.2818952,2.5075357
1975-10-08 12:00:00,2.4958673,1.9328591,3.6943583,3.8435314,4.2915654,3.0441985
1975-10-09 12:00:00,2.9118595,2.1088743,4.508379,2.693075,5.5931954,1.9226562
1975-10-10 12:00:00,2.935699,1.8383517,3.8595645,3.3637085,7.7236547,1.3935803
1975-10-11 12:00:00,2.303249,1.7888001,3.0809429,2.8449728,5.6652727,1.4551765
1975-10-12 12:00:00,1.8334913,1.6833934,2.6827734,4.6306825,4.746308,2.2708845
1975-10-13 12:00:00,2.085148,2.1907835,4.493911,6.5261955,4.563103,3.6424189
1975-10-14 12:00:00,3.741968,3.3500717,5.141514,6.1864066,3.5779772,3.8693457
1975-10-15 12:00:00,2.9040608,2.3074589,4.4163933,2.436333,2.9553032,2.5646007
1975-10-16 12:00:00,1.1225926,1.160663,2.9562159,4.3701563,3.7920203,2.29876
1975-10-17 12:00:00,1.5361426,1.2999561,2.368232,3.6928759,4.0854845,2.6119738
1975-10-18 12:00:00,1.2035449,1.2096066,1.8385235,3.9897351,5.7688236,1.5381522
1975-10-19 12:00:00,1.746949,2.1760232,3.2899632,5.6924796,4.779471,2.6861675
1975-10-20 12:00:00,3.1101928,2.4087236,5.9702697,4.2687297,4.272056,3.286847
1975-10-21 12:00:00,2.3008974,1.6595286,4.9763064,3.0768535,5.285018,1.8455893
1975-10-22 12:00:00,1.4504249,1.3631966,3.2724185,3.664415,6.5793324,1.6191158
1975-10-23 12:00:00,1.5153885,1.7251174,2.3602302,4.2033916,3.200453,2.1086237
1975-10-24 12:00:00,1.9449017,1.8719277,4.4668407,7.6068497,4.1058435,4.0767493
1975-10-25 12:00:00,3.506529,3.0127301,7.283766,7.531684,4.4772387,5.6835513
1975-10-26 12:00:00,4.5692086,4.04239,7.526897,5.12503,4.223741,3.3312936
1975-10-27 12:00:00,3.1192544,2.7712297,4.8908267,6.1328673,3.254997,3.5191135
1975-10-28 12:00:00,1.9093696,1.7971321,4.029084,5.737039,3.3448982,2.8702605
1975-10-29 12:00:00,4.1344805,3.171581,4.097158,4.809267,4.139607,3.848336
1975-10-30 12:00:00,4.077259,3.2453592,3.796235,2.6081133,3.6913595,2.8994048
1975-10-31 12:00:00,4.4822845,3.2984204,4.8038936,2.2717898,4.1937194,3.180657
1975-11-01 12:00:00,3.53464,2.4351065,5.046732,3.9528317,4.973317,2.2735972
1975-11-02 12:00:00,1.5337825,1.9923781,2.8635042,5.81903,5.0005636,1.5820731
1975-11-03 12:00:00,1.8870802,2.2404976,3.3845294,7.7548914,5.398103,2.555706
1975-11-04 12:00:00,2.005349,2.582176,5.0628557,4.538458,5.6439023,3.201021
1975-11-05 12:00:00,1.4823979,1.6762877,3.8721733,5.9106503,4.5426745,2.8983529
1975-11-06 12:00:00,1.4920187,1.9373734,5.2426305,5.2744956,4.3021083,4.156361
1975-11-07 12:00:00,1.9232862,2.7307673,5.785073,6.4891753,4.828908,4.063533
1975-11-08 12:00:00,1.9860796,2.2641733,5.045622,4.7922454,5.9653645,3.3847697
1975-11-09 12:00:00,1.3217143,1.4827783,2.3873904,2.373075,4.150602,2.0517461
1975-11-10 12:00:00,2.1708906,1.6841853,5.0526648,2.6682236,2.5692782,2.3681371
1975-11-11 12:00:00,2.4488397,1.7446764,3.7696924,2.2973459,2.2026243,1.7483665
1975-11-12 12:00:00,0.85586077,0.90490055,1.933063,1.8711104,2.4805293,1.5496408
1975-11-13 12:00:00,0.862658,1.0062755,3.0406601,2.3399687,3.278291,1.9114709
1975-11-14 12:00:00,1.2096181,1.138705,2.9518235,2.5326986,3.1516032,1.3043221
1975-11-15 12:00:00,1.2429737,1.0556271,2.5442796,2.497956,5.234276,1.4250546
1975-11-16 12:00:00,1.0632888,0.99834734,2.8332565,3.5964386,8.21966,2.0480292
1975-11-17 12:00:00,0.9557258,1.1510252,2.5941203,4.35222,5.434989,2.17348
1975-11-18 12:00:00,1.0434115,1.2887001,2.3500528,3.171342,3.3087194,1.6235701
1975-11-19 12:00:00,2.0262473,1.7239178,4.6640897,2.536485,3.3019087,3.260449
1975-11-20 12:00:00,2.084467,1.8377767,2.722722,2.4606361,3.2347708,1.6864213
1975-11-21 12:00:00,0.8079545,1.1597346,2.2379544,2.44611,2.6691227,1.7778902
1975-11-22 12:00:00,2.0289378,1.974022,4.0598617,7.339156,5.0394826,3.6703632
1975-11-23 12:00:00,1.9558705,1.7910792,3.407793,5.1334,4.218292,2.4228723
1975-11-24 12:00:00,0.9561478,1.0896312,2.0685027,2.4504871,3.4153826,1.5976424
1975-11-25 12:00:00,0.9921818,1.1529615,2.2062318,2.8363965,3.2457614,1.6793898
1975-11-26 12:00:00,2.004069,1.5586382,5.4761796,2.888685,2.733481,3.166507
1975-11-27 12:00:00,1.8093402,1.5412422,4.0649815,3.1863332,3.0050814,2.6410902
1975-11-28 12:00:00,2.439954,2.0676398,5.315209,4.845331,3.7589943,3.717493
1975-11-29 12:00:00,1.2850794,1.2473203,3.430885,3.1998281,4.7084126,2.3701801
1975-11-30 12:00:00,2.484529,1.7544724,3.596393,4.076432,4.0610757,1.6313812
1975-12-01 12:00:00,0.9681265,0.99300957,3.3489876,4.116086,4.1798444,2.895767
1975-12-02 12:00:00,2.2136405,1.8756429,5.498206,4.766612,4.861204,3.3438454
1975-12-03 12:00:00,3.3212118,3.1444652,5.253382,6.381208,7.268,3.53128
1975-12-04 12:00:00,1.9575914,1.8931272,4.383338,5.77882,6.899822,3.6624887
1975-12-05 12:00:00,0.9953059,1.0511086,3.3184216,4.1854696,5.2169394,2.60149
1975-12-06 12:00:00,1.137707,1.2220029,2.8613763,2.8059647,3.1751597,2.1573832
1975-12-07 12:00:00,1.3348911,1.2100376,2.913312,2.4950926,3.936568,1.6729333
1975-12-08 12:00:00,1.4029292,1.1273171,3.134122,3.4146607,5.8021493,1.7629472
1975-12-09 12:00:00,1.1298169,0.951393,3.402685,4.3687315,4.334721,1.867699
1975-12-10 12:00:00,0.8051501,0.90463406,2.6915324,3.3483279,4.3545365,2.0759375
1975-12-11 12:00:00,1.0128403,1.3971239,2.204255,4.5122485,3.4504178,1.9566259
1975-12-12 12:00:00,1.5046892,1.7423748,2.8018312,2.6312404,3.9384463,2.0736578
1975-12-13 12:00:00,1.820303,1.8158861,2.4104939,2.920558,5.686382,1.8938111
1975-12-14 12:00:00,1.2607265,1.2319474,3.111691,5.0163274,6.0151634,2.9303956
1975-12-15 12:00:00,0.9999021,1.1047624,4.1639724,5.299268,9.040967,3.132631
1975-12-16 12:00:00,1.3163711,1.2369308,4.441099,5.523072,8.793762,3.4399512
1975-12-17 12:00:00,0.8386608,1.0504407,2.788593,6.291868,6.7600064,2.9590552
1975-12-18 12:00:00,0.9651216,1.3388227,3.4453056,4.5852995,5.1671944,2.626754
1975-12-19 12:00:00,3.2811215,2.2848577,5.5813966,3.5020754,4.075633,2.9408848
1975-12-20 12:00:00,1.0295439,1.1411532,5.016114,3.0672476,4.7556067,2.7491703
1975-12-21 12:00:00,1.2779757,1.322199,3.0612924,2.466317,4.39417,1.6670191
1975-12-22 12:00:00,1.0229323,1.1423255,3.1440365,2.8898726,5.0135064,1.9841526
1975-12-23 12:00:00,0.690395,0.9614888,4.141453,3.7737105,4.2828107,3.089092
1975-12-24 12:00:00,1.0277101,1.0490631,4.6985993,3.6207216,2.95329,2.8400197
1975-12-25 12:00:00,1.0839895,1.0632699,4.924684,2.7363675,2.6983237,2.2256792
1975-12-26 12:00:00,1.0826889,0.96933323,4.779302,2.897337,4.2164702,2.114981
1975-12-27 12:00:00,2.5024986,1.6581948,4.3413935,3.0555987,4.597799,1.8769745
1975-12-28 12:00:00,3.0562434,2.1501696,3.2907913,3.9905262,4.5798125,1.6285186
1975-12-29 12:00:00,2.8989162,2.069898,3.0779164,4.030005,3.35957,2.35624
1975-12-30 12:00:00,1.2481321,1.5543965,4.9107184,4.181672,2.5275905,4.0556335
1975-12-31 12:00:00,1.1139071,1.506671,3.0568297,4.109477,3.9461896,2.3231754
1976-01-01 12:00:00,0.96224576,1.1434165,5.428925,4.2476273,5.5703936,4.104102
1976-01-02 12:00:00,1.4800552,1.6411006,5.8665786,5.8359585,3.811498,3.9435456
1976-01-03 12:00:00,3.3907127,2.5423357,4.702217,3.1116755,4.34061,2.6203473
1976-01-04 12:00:00,1.8127816,2.2827861,3.9512868,7.16437,4.531675,3.5952206
1976-01-05 12:00:00,2.3976622,2.5432017,3.4119647,2.9504554,3.295742,2.404272
1976-01-06 12:00:00,1.2797191,1.5258558,3.043905,2.293914,4.174927,2.070216
1976-01-07 12:00:00,1.311161,1.485069,3.078294,4.078123,7.34951,2.0009358
1976-01-08 12:00:00,1.616996,1.9041228,2.9171839,4.145471,7.1429615,1.8898221
1976-01-09 12:00:00,1.8113123,1.6929651,3.7960129,2.8458688,5.565491,2.3382287
1976-01-10 12:00:00,1.8754656,1.520575,4.9172516,2.7917826,4.004027,2.8788006
1976-01-11 12:00:00,2.164109,1.6386003,5.5436172,3.3801076,5.065499,2.877656
1976-01-12 12:00:00,2.0980833,1.4981328,5.3564134,3.455906,6.2555118,2.568192
1976-01-13 12:00:00,1.7878008,1.2399882,4.432902,4.0297637,5.158847,2.4903073
1976-01-14 12:00:00,1.1963654,1.1443068,3.0312204,4.365232,5.785059,2.3406181
1976-01-15 12:00:00,0.85522807,1.1198382,3.3055818,4.5170126,3.9425275,3.1075714
1976-01-16 12:00:00,2.9327722,2.7882376,5.1333165,9.625404,6.830519,5.3706903
1976-01-17 12:00:00,2.3058345,2.0437024,5.0010366,4.8972945,5.78485,2.1918132
1976-01-18 12:00:00,2.2544808,1.5849495,3.7092137,2.0872471,5.2419004,2.1475825
1976-01-19 12:00:00,1.1300974,1.1819524,3.9375348,2.7990813,6.6235976,2.1278453
1976-01-20 12:00:00,1.9177539,1.5180789,5.4918895,4.4454274,6.409005,3.2334807
1976-01-21 12:00:00,1.539104,1.568584,6.567761,5.272605,6.445488,4.667609
1976-01-22 12:00:00,2.4570768,2.3983068,6.9115877,5.918525,6.4264374,5.1252713
1976-01-23 12:00:00,1.9505264,1.8069997,4.153828,5.1697216,5.1537156,2.5344841
1976-01-24 12:00:00,0.8989525,0.9218102,3.3296497,2.9929357,5.0692463,1.6724972
1976-01-25 12:00:00,0.6853348,0.824615,3.8062062,2.966161,5.7729363,1.8914404
1976-01-26 12:00:00,1.0180268,1.0269132,4.5152044,2.524871,4.7382207,2.061515
1976-01-27 12:00:00,2.273836,1.6317133,4.9462986,2.9622653,4.5121284,2.4248562
1976-01-28 12:00:00,1.9238586,1.3374743,4.5133905,3.2658427,4.5594807,2.254059
1976-01-29 12:00:00,0.60980207,0.7478325,3.7395875,3.6672783,3.4177868,3.4661891
1976-01-30 12:00:00,0.89126337,0.85063094,3.8848593,3.7536433,5.5017333,2.2523022
1976-01-31 12:00:00,1.6305115,1.1742198,4.295145,2.6419084,4.4072747,1.9455338
1976-02-01 12:00:00,3.0310924,2.2602713,5.2857265,4.5380073,5.402208,2.7646947
1976-02-02 12:00:00,1.0958904,1.3072281,4.147737,4.8803844,5.395106,3.2459834
1976-02-03 12:00:00,1.3950524,1.3159248,5.1607943,5.154807,6.1415906,4.117717
1976-02-04 12:00:00,0.93730676,1.2072467,3.0164537,4.742555,7.265961,3.003687
1976-02-05 12:00:00,1.0146608,1.0456372,3.078698,3.9442883,6.6229506,2.4124606
1976-02-06 12:00:00,1.4852064,1.3622901,1.858856,3.644785,4.8688025,1.9840603
1976-02-07 12:00:00,1.1381191,1.1232005,2.9077244,3.8007524,5.0648594,2.085215
1976-02-08 12:00:00,2.2711594,1.670381,3.243989,5.0334253,4.5936728,2.6085489
1976-02-09 12:00:00,2.2146878,2.3101752,2.7916722,3.9875352,5.365647,1.9367379
1976-02-10 12:00:00,1.4343116,1.6937945,3.7674522,3.6933608,6.610262,2.9938924
1976-02-11 12:00:00,2.7632086,2.33393,3.978314,2.45807,4.0466533,2.7329986
1976-02-12 12:00:00,1.0205474,1.1779082,1.9957671,3.387872,3.944639,2.0404656
1976-02-13 12:00:00,1.6630521,1.2562712,2.9420886,2.5230248,3.1736681,1.9595318
1976-02-14 12:00:00,1.6480682,1.3162956,5.165163,4.887842,5.504373,3.7610981
1976-02-15 12:00:00,1.1906354,1.5656705,6.1026535,6.1772285,5.8246975,4.996496
1976-02-16 12:00:00,3.6486354,3.2756343,7.0733156,6.9491186,7.2070804,5.4564614
1976-02-17 12:00:00,2.6559377,1.8445299,5.064191,4.281865,6.1919694,3.3159878
1976-02-18 12:00:00,0.9419452,0.89376473,2.6118712,2.8540025,3.3239434,2.0947244
1976-02-19 12:00:00,0.95338696,1.2196656,2.3727674,3.484512,2.9197075,2.021509
1976-02-20 12:00:00,1.2783432,1.648183,2.214386,3.591969,3.7427354,1.6792529
1976-02-21 12:00:00,2.0336962,1.8550445,2.785349,3.0443742,4.778155,2.1024506
1976-02-22 12:00:00,2.0417914,1.966755,3.7133803,2.8087757,5.231317,2.087444
1976-02-23 12:00:00,1.7025003,1.3393157,2.949641,1.906061,4.234228,1.6296976
1976-02-24 12:00:00,1.0551522,1.2661265,2.5013402,3.1877987,3.7354257,2.2364688
1976-02-25 12:00:00,2.5168145,2.5293124,5.1774535,5.638772,4.1091657,3.619293
1976-02-26 12:00:00,2.8687787,2.4652977,3.0363836,2.5287285,3.4367757,2.2949977
1976-02-27 12:00:00,2.1868274,1.7233548,2.7118006,2.5126297,2.9185526,2.2308621
1976-02-28 12:00:00,1.6845088,1.8233405,6.1026354,5.6452827,3.0816019,4.7520266
1976-02-29 12:00:00,3.7457385,2.9410613,4.0996723,5.0580974,4.3801165,2.7884703
1976-03-01 12:00:00,0.85497296,1.0611569,2.2170112,2.0980759,5.094841,1.903635
1976-03-02 12:00:00,1.9435636,1.7792398,4.4922667,3.5359106,5.389633,2.7751238
1976-03-03 12:00:00,1.7995653,2.0138512,5.5090823,2.7476938,4.230863,2.4444532
1976-03-04 12:00:00,0.71213484,0.98068595,3.0377474,2.2992904,3.1551952,1.4263027
1976-03-05 12:00:00,0.853649,0.9604059,3.7180467,2.805353,4.7191796,2.438678
1976-03-06 12:00:00,1.1485775,1.175397,2.8502455,3.9411967,4.7456894,1.4449753
1976-03-07 12:00:00,1.0863625,1.0361928,2.4752119,2.8674493,3.8776405,1.2299806
1976-03-08 12:00:00,1.3648157,1.2906102,3.7965314,4.9309278,4.4756765,1.8995612
1976-03-09 12:00:00,2.7388191,1.8820804,5.4620137,3.0467806,2.7381458,2.1339087
1976-03-10 12:00:00,3.789112,2.5042531,4.120079,3.6621437,5.092737,1.8835758
1976-03-11 12:00:00,1.8323725,1.4677542,4.5194845,5.0610256,6.661798,3.7993832
1976-03-12 12:00:00,1.4214722,1.305643,3.7820885,5.253347,5.5775805,3.297732
1976-03-13 12:00:00,1.9754502,1.6267896,3.383257,5.4427867,5.708221,2.7319
1976-03-14 12:00:00,1.893811,1.7998109,4.343661,4.3280277,4.179178,2.2713401
1976-03-15 12:00:00,0.9884748,1.1159749,2.9317446,3.973659,3.66689,1.9633358
1976-03-16 12:00:00,2.26682,1.5624782,2.8480709,2.5511994,3.4329078,1.795728
1976-03-17 12:00:00,1.6233767,1.3299891,1.9360826,2.5928423,3.6158044,1.4054437
1976-03-18 12:00:00,0.91698724,1.028438,3.5631194,2.7159152,5.2566657,2.3494139
1976-03-19 12:00:00,2.1327503,1.8755674,4.676517,3.875161,5.191778,3.2692444
1976-03-20 12:00:00,2.4328077,1.5705045,3.4439247,4.1472096,6.5645,2.5518856
1976-03-21 12:00:00,2.0599418,1.5426576,3.9157321,5.1090217,4.244597,3.7750502
1976-03-22 12:00:00,3.8273602,3.5979867,5.5459676,6.2257743,7.2364535,3.8062081
1976-03-23 12:00:00,3.7100766,3.0232136,4.744207,5.124981,3.8670666,3.40355
1976-03-24 12:00:00,2.4812958,2.454641,3.6472347,4.961355,5.0550394,2.4580343
1976-03-25 12:00:00,2.1352522,2.459988,3.6673968,5.854045,4.3515267,2.878866
1976-03-26 12:00:00,2.8185,3.0693796,4.3172655,7.464066,4.738852,3.343923
1976-03-27 12:00:00,1.8827593,2.2553196,2.9991903,4.092183,3.5048754,1.9673834
1976-03-28 12:00:00,1.3440995,1.397355,4.2811522,2.7038388,3.9355023,2.5406911
1976-03-29 12:00:00,1.3608288,1.7228808,4.537383,4.1133165,4.165869,3.1271403
1976-03-30 12:00:00,3.0738616,2.6811345,4.03786,4.6997967,4.265915,2.6080992
1976-03-31 12:00:00,2.0101886,1.7825828,2.6789494,3.1874022,3.0851538,2.4958632
1976-04-01 12:00:00,2.0765548,1.6624197,3.610582,3.6770704,2.8205278,2.687725
1976-04-02 12:00:00,2.6800318,2.1518111,3.6034033,2.0308077,2.9133234,2.323601
1976-04-03 12:00:00,1.3072642,1.1750633,3.202748,3.2823143,6.195064,1.9408771
1976-04-04 12:00:00,0.7508123,0.91206765,2.7972102,3.245053,7.501566,1.6612107
1976-04-05 12:00:00,1.1805265,1.2578,3.1416373,2.301868,7.9574404,1.7371314
1976-04-06 12:00:00,1.6158395,1.5254627,3.312912,2.393222,5.199882,1.7369927
1976-04-07 12:00:00,1.7216702,1.3596603,2.6423354,2.019548,3.3387504,1.6079949
1976-04-08 12:00:00,2.1080074,1.7705314,1.9977347,2.3609753,3.8713064,1.3810058
1976-04-09 12:00:00,1.3719052,1.304702,1.8952299,2.8743172,5.965671,1.4208655
1976-04-10 12:00:00,2.5621927,2.1087286,1.9967738,3.5467596,4.375862,1.2919478
1976-04-11 12:00:00,3.222703,2.83478,2.416399,3.8626308,5.259522,1.416421
1976-04-12 12:00:00,2.8050408,2.3749826,2.1930323,3.626824,3.9579926,1.2288456
1976-04-13 12:00:00,1.3910061,1.3080258,2.2147923,2.7615337,2.066166,1.6799058
1976-04-14 12:00:00,1.7878196,1.9030558,4.621104,4.2290177,2.7858438,3.0651846
1976-04-15 12:00:00,1.2739034,1.5221667,3.3417013,3.7842607,3.258487,2.2496865
1976-04-16 12:00:00,1.0365624,1.2185647,2.3397095,4.8099995,3.2776327,2.5263484
1976-04-17 12:00:00,1.1433599,1.256415,2.6806853,2.1710567,2.2942073,1.7982322
1976-04-18 12:00:00,1.3895767,1.0944031,2.1466238,1.7415086,2.5996466,1.4414996
1976-04-19 12:00:00,1.5205526,1.6266366,2.1203787,1.7302661,3.0060103,1.5610367
1976-04-20 12:00:00,0.85939884,1.1207318,2.2212768,2.9404566,2.9605997,1.4253726
1976-04-21 12:00:00,2.2554836,1.712678,3.524916,2.460921,2.9172025,2.053263
1976-04-22 12:00:00,2.0034292,1.8371761,2.2395477,2.7588756,2.5332963,1.7353511
1976-04-23 12:00:00,1.4626675,1.235554,1.8863583,2.213526,2.4112144,1.0983392
1976-04-24 12:00:00,1.1507856,1.054541,1.57229,1.894734,2.902139,1.5651972
1976-04-25 12:00:00,1.8913326,1.4891686,1.9986129,1.9571248,2.808344,1.6475965
1976-04-26 12:00:00,1.0635605,1.1390488,2.351626,3.8504584,4.7700515,1.3362768
1976-04-27 12:00:00,2.0460649,2.4152448,3.2081177,4.7222443,6.8811574,2.2987413
1976-04-28 12:00:00,3.4208608,3.2170358,4.077658,4.3939095,4.280221,3.5421221
1976-04-29 12:00:00,2.149743,1.879831,2.4434829,2.2530777,2.8079002,1.4595681
1976-04-30 12:00:00,2.760631,2.2735622,1.9815022,3.3627324,3.3782902,1.4681914
1976-05-01 12:00:00,2.7290363,2.3926191,2.6626222,3.6015341,4.675237,1.4178821
1976-05-02 12:00:00,2.1850572,1.6886148,2.753659,2.535796,4.52636,1.662299
1976-05-03 12:00:00,5.1580887,4.151886,5.3998585,3.5442836,4.1416836,3.706287
1976-05-04 12:00:00,5.600652,4.909876,5.672038,6.353519,3.7137766,4.821711
1976-05-05 12:00:00,2.9327297,2.6945865,2.2014847,4.694509,4.5382113,2.2954311
1976-05-06 12:00:00,2.3462157,1.8542012,2.065641,2.9093058,4.962324,1.5777267
1976-05-07 12:00:00,2.1119132,1.809582,2.5831728,3.1027544,4.102928,1.4267935
1976-05-08 12:00:00,1.8773791,1.5425185,3.202062,2.793827,3.0099962,1.9246918
1976-05-09 12:00:00,1.5788809,1.2776291,2.4303982,2.081191,2.7965872,1.3659244
1976-05-10 12:00:00,1.8296692,1.636062,3.7452812,2.161842,2.6405158,1.8160046
1976-05-11 12:00:00,3.293726,2.3768296,4.785879,2.8945534,3.3496957,1.8946999
1976-05-12 12:00:00,1.9769696,1.8765996,2.953154,4.250274,2.8315136,2.2877467
1976-05-13 12:00:00,1.4201119,1.3377516,3.4963906,3.2489402,3.2144296,2.7124825
1976-05-14 12:00:00,2.5938194,2.3266659,4.177034,2.9571977,2.8642044,2.573727
1976-05-15 12:00:00,1.6550894,1.5163796,2.3120012,2.0780692,2.925574,1.7277627
1976-05-16 12:00:00,2.75831,2.1108983,3.1152697,4.086776,2.910275,2.0602005
1976-05-17 12:00:00,1.3362176,1.4953356,2.0897675,3.9302669,4.6376963,1.2096502
1976-05-18 12:00:00,2.3034308,2.3787181,4.765594,3.434163,4.3374596,3.4037387
1976-05-19 12:00:00,2.445674,2.4090683,2.9735885,3.6399379,3.9972477,2.7640355
1976-05-20 12:00:00,3.2660546,2.4592755,3.2944233,3.7114415,4.194707,2.277578
1976-05-21 12:00:00,2.4307852,1.9818171,3.2562075,3.6659858,6.1531386,2.0397975
1976-05-22 12:00:00,2.8521435,2.572509,2.3823197,3.978946,3.3794825,1.8690214
1976-05-23 12:00:00,2.4054184,2.0887778,1.9152205,2.7054293,4.3472295,1.6217098
1976-05-24 12:00:00,2.8746998,2.640651,3.0653987,4.471222,4.3506413,2.268044
1976-05-25 12:00:00,3.131509,2.5277488,2.3399262,4.2548337,5.9337726,1.5037981
1976-05-26 12:00:00,2.4899552,2.203883,3.4306414,2.4970758,4.0111675,2.7067347
1976-05-27 12:00:00,2.029091,2.0148654,3.465878,3.0453846,2.5675583,2.5355933
1976-05-28 12:00:00,1.8843997,1.9296361,3.0187619,2.4793892,3.3555367,1.7951921
1976-05-29 12:00:00,1.0936143,1.3530172,2.1176438,3.2308986,4.1625237,2.3396823
1976-05-30 12:00:00,2.335188,1.9636328,2.2110054,4.1836567,2.759887,1.7975963
1976-05-31 12:00:00,1.2959144,1.2159878,2.0746226,3.1872432,4.237783,1.5670823
1976-06-01 12:00:00,1.5611308,1.2446172,2.0293381,2.9340289,4.789245,1.3403006
1976-06-02 12:00:00,1.4329902,1.4317793,2.391887,2.7079835,4.8005137,1.6697161
1976-06-03 12:00:00,1.5053875,1.2899414,2.6278598,2.713437,3.5267856,1.869894
1976-06-04 12:00:00,2.1233015,1.6740898,3.7510667,2.766267,3.6133485,1.6344104
1976-06-05 12:00:00,1.5414102,1.3900853,2.1680555,3.7407582,3.191163,1.6519743
1976-06-06 12:00:00,1.4719266,1.109759,2.0392983,1.8609178,2.2648153,1.4355062
1976-06-07 12:00:00,2.1729236,1.6370038,2.9032547,1.9657291,2.461689,1.3951524
1976-06-08 12:00:00,2.5432203,2.2345986,2.7400603,3.1180959,4.484909,1.3207532
1976-06-09 12:00:00,1.5217328,1.4719012,3.0794775,3.6989768,4.399861,1.9118037
1976-06-10 12:00:00,2.1623814,1.9874128,3.773025,4.7353053,4.3198686,2.560195
1976-06-11 12:00:00,2.9022174,2.4756186,4.593028,2.8290823,4.7179914,3.0701191
1976-06-12 12:00:00,1.7632829,1.818851,3.742909,3.2823658,3.693667,2.7358036
1976-06-13 12:00:00,1.0758579,1.258455,3.1932378,3.379318,2.918025,2.0491462
1976-06-14 12:00:00,3.2267394,2.814256,3.612473,5.2277994,3.8711543,2.7910225
1976-06-15 12:00:00,3.7630138,2.7531567,3.060564,5.1061883,3.6183743,2.2352166
1976-06-16 12:00:00,2.524979,1.9031001,2.588937,2.8146336,3.4201334,1.6969744
1976-06-17 12:00:00,1.1815468,1.2040161,2.9041839,2.4907918,3.233531,2.0917542
1976-06-18 12:00:00,1.1259986,1.2564858,3.1017418,2.3735588,3.6321251,2.0569756
1976-06-19 12:00:00,1.3495929,1.4718121,3.4953156,3.2265131,4.0327578,2.4124365
1976-06-20 12:00:00,1.468442,1.3897773,2.6038165,2.2898974,3.2917647,1.5073938
1976-06-21 12:00:00,2.4859257,1.9439509,3.5239873,2.639509,3.5499778,2.0803044
1976-06-22 12:00:00,3.1304169,2.9584203,4.2972565,4.5885243,4.882438,2.737898
1976-06-23 12:00:00,2.9989684,2.6223338,2.3311126,3.1789002,4.7288876,2.0579495
1976-06-24 12:00:00,2.9144254,2.0931106,3.292316,2.413414,3.9288278,2.0303197
1976-06-25 12:00:00,1.7022216,1.378976,3.254198,1.979991,3.156017,1.4729584
1976-06-26 12:00:00,2.025323,1.5770378,2.2240107,2.5885959,3.525958,1.4341954
1976-06-27 12:00:00,1.4636256,1.4752873,1.8382436,3.3735065,2.766454,1.2999576
1976-06-28 12:00:00,1.3804576,1.30515,1.8970485,3.0408998,2.750909,1.492395
1976-06-29 12:00:00,1.1579394,1.277509,2.5515926,2.6692853,3.4045577,1.5891023
1976-06-30 12:00:00,1.2356685,1.3606924,2.6499324,3.3406303,3.890953,1.6931732
1976-07-01 12:00:00,3.1679301,2.5822008,3.15449,4.0924487,3.1941342,1.6911671
1976-07-02 12:00:00,2.3392584,2.1546016,2.5543127,2.8985238,2.5868263,1.3658905
1976-07-03 12:00:00,3.0496416,2.7524283,3.4871936,3.5741665,2.8156133,2.5582304
1976-07-04 12:00:00,1.6449376,1.6253139,3.284317,3.9899275,2.2706654,1.9845623
1976-07-05 12:00:00,1.3855909,1.6756899,2.5547004,2.3741596,2.1121488,1.5139428
1976-07-06 12:00:00,1.7084835,1.7716688,2.8936918,2.6911643,2.5897007,1.7130377
1976-07-07 12:00:00,2.2440977,2.0965087,4.007003,2.9554956,2.7914042,2.0109303
1976-07-08 12:00:00,1.5224717,1.2671604,3.9334254,2.6110818,3.990347,1.783842
1976-07-09 12:00:00,1.9758949,1.6529545,3.236878,3.6661515,3.9663208,1.1088022
1976-07-10 12:00:00,2.2280815,1.4552785,1.9714947,3.0672166,4.7173843,1.2032559
1976-07-11 12:00:00,1.0374196,1.0701963,1.8205612,2.272233,4.0254974,1.3006704
1976-07-12 12:00:00,1.8246386,1.8454931,2.8259366,3.1529105,4.4072666,1.9500856
1976-07-13 12:00:00,0.856385,1.0201465,1.820641,2.6325586,3.016616,1.5771133
1976-07-14 12:00:00,2.1238542,1.8735682,2.1209376,2.8535764,2.3751888,1.4732053
1976-07-15 12:00:00,3.3800912,2.7695825,4.138051,3.0815902,2.7086518,2.5094304
1976-07-16 12:00:00,1.1105739,1.4894326,2.6884336,2.9905992,3.078822,1.624057
1976-07-17 12:00:00,1.7903076,1.418026,1.8612447,2.4255652,2.1591675,1.0189357
1976-07-18 12:00:00,2.0429277,1.6806343,3.2386565,3.3941967,2.2187138,2.3882837
1976-07-19 12:00:00,2.6319563,2.5316548,3.9967632,3.4696362,2.60737,2.7400208
1976-07-20 12:00:00,3.7279863,3.437635,5.7714324,4.1596003,3.4273758,4.5742774
1976-07-21 12:00:00,1.3807054,1.4570781,2.180444,3.5008593,5.1116014,1.5723791
1976-07-22 12:00:00,1.372172,1.2216356,3.2575653,3.192045,3.398906,2.338613
1976-07-23 12:00:00,2.445271,2.0151048,3.8343596,4.5363326,3.845171,3.0840516
1976-07-24 12:00:00,2.6954117,2.6372886,4.7400193,4.600608,4.184515,3.5866394
1976-07-25 12:00:00,1.1902298,1.3310176,3.2133842,4.054924,3.1425898,3.1209257
1976-07-26 12:00:00,3.3218813,2.5538855,5.492076,3.7922394,2.9641569,3.374115
1976-07-27 12:00:00,2.1007414,2.1038382,5.433478,4.3442516,4.22532,2.7147844
1976-07-28 12:00:00,1.2598724,1.3376378,4.0592785,2.7194638,2.4572172,2.848832
1976-07-29 12:00:00,1.1805044,1.2624785,2.8564627,2.92607,2.567152,2.4869864
1976-07-30 12:00:00,1.5857589,1.200331,1.9876527,2.3965182,3.8345695,1.6406457
1976-07-31 12:00:00,1.1768488,1.1785253,2.474114,2.1420324,2.5352607,1.5818603
1976-08-01 12:00:00,2.2385201,1.847012,2.0628705,4.0978966,4.6762676,2.1372123
1976-08-02 12:00:00,2.2049985,1.7304223,3.4627576,4.3026757,4.4029627,1.4390243
1976-08-03 12:00:00,2.1840334,1.944095,4.011127,3.335214,3.6087914,1.6201795
1976-08-04 12:00:00,2.6220713,2.4522438,3.0774791,2.792777,2.6439095,1.7877125
1976-08-05 12:00:00,2.805727,2.6063857,2.3389463,2.7685356,2.5566227,1.248602
1976-08-06 12:00:00,2.5096214,2.3505762,2.8953044,2.967505,2.697628,1.5275284
1976-08-07 12:00:00,2.592684,2.576479,4.7397547,4.520952,2.441667,3.5409176
1976-08-08 12:00:00,1.3485477,1.5255955,2.8223753,2.8435564,3.002853,2.283985
1976-08-09 12:00:00,1.1398398,1.1425611,2.3347702,2.2787461,2.0845325,1.6789509
1976-08-10 12:00:00,1.4880452,1.1430594,2.3000288,1.8396783,1.47467,1.4321518
1976-08-11 12:00:00,1.7681987,1.3869919,2.1917903,1.9044867,1.7967391,1.1730853
1976-08-12 12:00:00,1.0870335,0.97642845,2.0987742,1.6136329,1.9593377,1.1000835
1976-08-13 12:00:00,1.5529134,1.138551,2.2958362,1.6443081,2.7444448,1.2845902
1976-08-14 12:00:00,1.704216,1.5311632,2.2110176,2.4829562,2.7267988,1.6265515
1976-08-15 12:00:00,2.1801076,1.7748952,1.7424194,3.3052115,3.3883374,1.1811347
1976-08-16 12:00:00,1.6037945,1.5025245,1.8308815,3.3605795,3.587973,1.3817966
1976-08-17 12:00:00,1.9782474,1.7177666,2.6651275,3.1576946,4.3138723,2.7224429
1976-08-18 12:00:00,1.3627529,1.2484138,2.6292653,4.2466903,3.0054233,1.3674325
1976-08-19 12:00:00,1.133075,1.19266,1.9052973,2.5654476,2.460742,1.1843355
1976-08-20 12:00:00,2.1469233,1.9191349,2.922078,3.1012309,2.7707922,2.4615157
1976-08-21 12:00:00,1.3979154,1.4588503,2.6971095,2.6511264,3.6831927,1.4097587
1976-08-22 12:00:00,1.5247157,1.7333049,4.576537,2.1974578,3.1405652,2.1959648
1976-08-23 12:00:00,2.5345695,2.478615,5.0712857,3.7964368,3.156458,3.9654145
1976-08-24 12:00:00,3.241816,2.8553019,4.1257396,4.599417,4.0876417,3.4863653
1976-08-25 12:00:00,1.236731,1.2396526,2.245604,3.8586228,5.1483197,1.6831394
1976-08-26 12:00:00,2.1662598,1.822389,4.390955,3.1566095,2.880121,2.8907714
1976-08-27 12:00:00,3.0130382,2.4675708,4.289175,2.7200427,4.469327,2.4515364
1976-08-28 12:00:00,2.7815597,2.169049,3.1223617,2.7017846,5.208713,2.5452635
1976-08-29 12:00:00,1.2263813,1.1112987,2.2735665,2.2757816,4.0697565,1.4184815
1976-08-30 12:00:00,1.1775603,1.1343455,2.9666524,2.4687188,2.9688737,2.4519281
1976-08-31 12:00:00,0.92845434,1.0520566,2.016703,2.232567,2.624909,1.5947099
1976-09-01 12:00:00,1.1408232,1.0744382,1.9955001,3.1173706,3.323113,2.1238837
1976-09-02 12:00:00,1.4941905,1.493072,2.1620772,2.5324326,3.5435393,1.9323043
1976-09-03 12:00:00,1.137278,1.2900482,3.1056643,2.4676175,2.0191479,2.6173556
1976-09-04 12:00:00,1.5255842,1.92754,4.857736,4.015832,3.2744565,4.2342234
1976-09-05 12:00:00,3.5391932,2.8662548,3.5946808,3.5150762,4.650659,2.488488
1976-09-06 12:00:00,2.7629225,2.7917414,4.0523186,3.3174646,3.9196863,3.2845304
1976-09-07 12:00:00,2.0522923,1.8597298,2.3114545,3.106577,4.1429734,2.0663245
1976-09-08 12:00:00,3.0692651,2.857764,3.392613,2.4973016,4.110042,2.1871486
1976-09-09 12:00:00,1.9553964,1.8717327,2.4116397,2.5988164,4.7682276,1.131244
1976-09-10 12:00:00,1.5988128,1.4312217,2.3727515,2.3475626,4.649245,1.346194
1976-09-11 12:00:00,1.8559716,1.7012365,3.762507,2.6575897,4.632988,2.3809013
1976-09-12 12:00:00,3.0107331,2.8637123,6.1454473,4.7849846,3.8338354,4.450367
1976-09-13 12:00:00,4.5556355,4.17094,5.353108,4.8586845,4.977653,2.5805972
1976-09-14 12:00:00,2.428244,2.1640787,6.584999,3.716402,3.271165,3.4218206
1976-09-15 12:00:00,2.8303635,2.8415067,6.5421467,5.387326,4.2085457,3.740875
1976-09-16 12:00:00,2.3126342,2.2457721,2.9295244,4.276977,6.8998632,2.2203245
1976-09-17 12:00:00,0.9172642,0.9958501,2.479703,2.4387708,4.4998736,1.3389822
1976-09-18 12:00:00,1.9147581,1.8709468,4.816686,3.9634867,3.0721714,3.3632555
1976-09-19 12:00:00,2.5228224,1.9935427,4.5289226,4.1941247,4.056032,2.8332498
1976-09-20 12:00:00,2.437059,2.2648005,3.1769843,4.6467667,3.1188967,2.3702116
1976-09-21 12:00:00,2.1281466,1.882841,5.824938,2.9506955,2.9118078,2.6598904
1976-09-22 12:00:00,1.6946816,1.3792974,4.3835454,2.0082521,2.9642038,1.6896062
1976-09-23 12:00:00,1.3078443,1.1031537,2.8223226,1.8353019,2.6907656,1.2555014
1976-09-24 12:00:00,1.5897543,1.6666324,5.0424128,2.3267128,4.4420066,2.4938524
1976-09-25 12:00:00,2.3107352,2.2974246,7.190705,3.357813,5.1380644,3.5217342
1976-09-26 12:00:00,1.886188,1.8916492,5.8558874,2.4246786,3.5116458,2.521211
1976-09-27 12:00:00,1.2063668,1.3379165,3.409156,2.036994,2.6854637,2.1013618
1976-09-28 12:00:00,1.7993534,1.6377842,5.0153604,2.1648002,2.3293717,2.1741235
1976-09-29 12:00:00,2.4189665,2.257424,5.4263864,4.563146,3.3054945,3.5979145
1976-09-30 12:00:00,2.5292902,2.1471689,4.7506666,3.4640245,4.204221,3.0085902
1976-10-01 12:00:00,1.2994355,1.4374334,2.5874987,3.3789973,3.8677802,3.1363153
1976-10-02 12:00:00,1.2704437,1.0955924,2.507069,3.1303487,3.2991247,2.5813947
1976-10-03 12:00:00,1.9909431,1.9406183,2.9877222,4.573016,4.5996943,3.0632381
1976-10-04 12:00:00,1.7332728,1.35716,3.7048872,3.146068,4.5992107,2.201852
1976-10-05 12:00:00,1.6642807,1.445851,2.8536558,2.3563278,3.480775,1.212507
1976-10-06 12:00:00,1.4452696,1.2835498,2.0870543,2.3266098,2.757234,1.506883
1976-10-07 12:00:00,2.7561355,2.1496089,3.467758,2.4365978,2.606082,1.6808811
1976-10-08 12:00:00,1.7059891,2.0379803,1.7459035,4.0580745,6.00202,1.1202838
1976-10-09 12:00:00,1.8960841,1.5776212,3.2800999,2.8330255,7.1703353,1.6921992
1976-10-10 12:00:00,3.313466,2.8718042,4.677026,5.135824,4.41388,2.9155436
1976-10-11 12:00:00,1.8738034,1.4595091,3.984554,2.0779378,4.1596017,1.993777
1976-10-12 12:00:00,2.7600205,1.9874296,4.557615,2.8412144,3.7476254,2.5622833
1976-10-13 12:00:00,1.4667894,1.3000582,3.708886,2.6404629,3.4546742,2.1020355
1976-10-14 12:00:00,0.9936785,1.3543587,3.2288787,3.876236,4.3005385,1.7943299
1976-10-15 12:00:00,1.1444948,1.2356893,3.890384,2.3745334,3.184839,2.0315585
1976-10-16 12:00:00,1.5490613,1.4894966,3.40092,3.049066,3.6960323,3.315009
1976-10-17 12:00:00,1.3825089,1.4533873,4.264204,4.5611877,3.5117772,2.9164636
1976-10-18 12:00:00,2.177528,2.1077454,3.5291827,4.8096366,3.865772,2.9840274
1976-10-19 12:00:00,1.6628935,2.0079708,3.1038942,5.172261,3.837226,2.4323885
1976-10-20 12:00:00,2.2852905,2.451769,2.9364905,4.6285725,3.4237864,1.9005039
1976-10-21 12:00:00,1.3415754,1.4653066,3.602795,2.4928057,3.2017183,2.3176928
1976-10-22 12:00:00,1.227544,1.0849041,5.13005,3.1559393,3.1996996,3.0550177
1976-10-23 12:00:00,2.3131738,2.4110813,6.4517684,4.3276386,4.14922,4.1765966
1976-10-24 12:00:00,1.8463762,2.0050125,5.4208307,5.0527005,5.3930035,4.020437
1976-10-25 12:00:00,2.2177372,2.0140045,5.090206,4.027421,5.8238883,3.5736845
1976-10-26 12:00:00,3.0667934,2.4696705,5.1171694,4.017729,5.575945,3.8139493
1976-10-27 12:00:00,1.5954409,1.2913233,5.2191596,3.3498263,3.8460734,2.9876764
1976-10-28 12:00:00,3.2376013,2.7955873,5.089274,4.998964,4.090943,3.2759156
1976-10-29 12:00:00,2.2725286,2.0734804,2.2334864,3.1699727,4.296467,1.9330473
1976-10-30 12:00:00,3.1065211,2.6701844,3.2820923,4.6945643,6.185785,4.2076926
1976-10-31 12:00:00,2.3263597,1.9123075,4.5028563,2.7093775,7.0060787,3.0697289
1976-11-01 12:00:00,2.300057,1.6478152,4.1869135,3.9749,5.148184,2.1220725
1976-11-02 12:00:00,3.84215,3.0282705,5.617114,5.72981,5.136495,4.069489
1976-11-03 12:00:00,3.4505777,3.7548776,3.8661957,5.94457,5.080734,2.8215196
1976-11-04 12:00:00,2.025439,2.3472044,3.3753996,4.083555,4.0126643,2.8666725
1976-11-05 12:00:00,1.8655851,2.0562477,3.9813843,6.9277787,2.6779368,3.1130579
1976-11-06 12:00:00,2.5496361,2.454794,4.8799195,3.8371985,3.207782,3.3106182
1976-11-07 12:00:00,5.026754,3.758489,7.010818,2.6753833,4.025864,3.9392023
1976-11-08 12:00:00,4.0007887,3.1141524,4.259262,1.7864112,2.8334157,1.9281911
1976-11-09 12:00:00,3.5137033,2.7441473,3.9911854,1.7156686,3.6779885,2.225571
1976-11-10 12:00:00,2.7759128,2.2371554,3.294828,3.0200806,3.7372615,2.0736294
1976-11-11 12:00:00,1.5532801,1.7236267,2.381652,4.4184895,4.4055,1.8348035
1976-11-12 12:00:00,1.0631701,1.1783155,2.4242067,4.33212,6.002004,2.3805666
1976-11-13 12:00:00,1.7220776,1.6048398,4.1392403,7.075303,10.110903,4.430134
1976-11-14 12:00:00,3.3450286,2.4183211,4.323327,5.6724854,7.7208953,2.7605555
1976-11-15 12:00:00,2.1308599,1.7018018,1.9763473,2.275221,4.1281276,1.3321764
1976-11-16 12:00:00,1.3681097,1.3185061,2.9605258,2.293112,2.8395267,1.7914141
1976-11-17 12:00:00,1.5942538,1.2557622,4.635196,4.417931,6.897343,3.0735757
1976-11-18 12:00:00,2.6355011,1.6655289,4.482892,3.4364533,7.1329193,2.1095068
1976-11-19 12:00:00,1.7119007,1.3801252,4.5449314,4.082962,7.4574533,2.6954646
1976-11-20 12:00:00,1.9070501,1.5060378,5.3456864,4.393992,6.653977,3.647483
1976-11-21 12:00:00,1.2246921,1.373724,5.0828085,4.8689017,4.420697,4.0781207
1976-11-22 12:00:00,1.0945268,1.3586539,4.8108974,3.9417884,4.1934404,3.4901986
1976-11-23 12:00:00,1.4651694,1.4912665,4.4009647,4.13585,4.8413033,3.4526885
1976-11-24 12:00:00,1.3928224,1.3131754,2.5538132,3.8089533,5.477643,2.3597765
1976-11-25 12:00:00,0.87717336,0.93698514,3.5339382,3.6361258,4.9985356,2.6964915
1976-11-26 12:00:00,1.7551666,1.2918614,5.1025934,3.5325453,4.870917,2.9796662
1976-11-27 12:00:00,2.6323595,2.2657816,6.344058,4.9580913,5.6193466,3.381958
1976-11-28 12:00:00,2.403502,1.9527217,5.9388156,4.2168946,6.2176137,3.2066534
1976-11-29 12:00:00,2.3821468,1.8775314,4.6007876,3.6298366,7.7749457,2.489042
1976-11-30 12:00:00,2.0846853,1.7362537,4.647967,4.1447344,5.425598,2.270561
1976-12-01 12:00:00,1.6857829,1.3894973,3.7198546,4.960974,5.8699017,1.767349
1976-12-02 12:00:00,1.5662749,1.5150764,2.8702848,2.953129,4.2744365,1.8420705
1976-12-03 12:00:00,1.1397626,1.0764023,3.40462,3.6747456,2.9113545,1.8031275
1976-12-04 12:00:00,0.5800006,0.7588817,2.9959157,3.387491,2.5806408,2.1204922
1976-12-05 12:00:00,1.2873313,1.326572,2.3258123,3.4314854,3.0310798,1.8017523
1976-12-06 12:00:00,3.0142877,2.2203007,4.319163,2.9386353,2.7582574,2.3056006
1976-12-07 12:00:00,2.3638785,1.8166556,4.1732407,3.4917474,3.0565603,2.1566443
1976-12-08 12:00:00,1.7675658,1.4611733,4.0108595,3.5602238,4.4702044,2.1408803
1976-12-09 12:00:00,1.3164793,1.2702233,3.5463989,4.5652966,5.7547474,2.4791768
1976-12-10 12:00:00,1.6173558,1.7337075,3.9867342,5.6213007,5.3723025,2.8976736
1976-12-11 12:00:00,1.2523972,1.5717114,2.6001933,4.5157843,8.056994,1.8664128
1976-12-12 12:00:00,0.99970067,1.441063,2.4065654,5.7539606,5.513666,2.476079
1976-12-13 12:00:00,1.2355993,1.8600583,2.2430937,7.939135,5.1704836,2.3238323
1976-12-14 12:00:00,1.0801623,1.4677452,2.9085264,4.673354,7.9239845,1.9294931
1976-12-15 12:00:00,2.1201677,1.626667,4.0541434,2.4353414,6.290334,1.974441
1976-12-16 12:00:00,1.4388578,1.3162419,3.5395372,2.3010871,5.15553,1.849095
1976-12-17 12:00:00,1.2467697,1.3533803,2.611753,2.471228,4.557367,1.9578149
1976-12-18 12:00:00,0.75539243,1.0783298,2.6234097,3.4542217,3.3742008,2.5878906
1976-12-19 12:00:00,0.864112,1.1987135,3.022155,3.4675436,4.1296597,2.3613338
1976-12-20 12:00:00,1.0394952,1.3905289,2.2439969,3.319347,5.3757606,1.6461916
1976-12-21 12:00:00,1.3504595,1.5981218,2.4210386,2.9500287,6.2064505,1.9123336
1976-12-22 12:00:00,1.2389266,1.0831934,2.9063094,2.5523543,3.033001,1.6834842
1976-12-23 12:00:00,0.9081026,0.9171662,4.1845074,3.1707857,3.4164867,2.2685282
1976-12-24 12:00:00,0.83103836,1.02808,3.30147,3.5882556,4.985705,2.4957654
1976-12-25 12:00:00,2.2403412,1.6963955,4.0349474,3.7291744,4.601616,2.3019674
1976-12-26 12:00:00,1.0246482,1.3590959,3.3643305,5.537605,3.6652684,3.021433
1976-12-27 12:00:00,1.1207778,1.4737409,4.4395213,6.131103,3.6621706,3.9195356
1976-12-28 12:00:00,0.9716307,1.1878757,3.1858552,2.746017,4.2853346,2.3625877
1976-12-29 12:00:00,1.5831151,1.422259,2.779883,3.154214,5.2916903,2.1286333
1976-12-30 12:00:00,1.1199034,1.3862158,2.5524943,5.268307,5.8165903,2.150141
1976-12-31 12:00:00,1.1636248,1.4413961,2.6088395,5.339689,5.82322,1.8377974
1977-01-01 12:00:00,1.300148,1.3863305,3.810917,3.6212583,6.3379493,2.5477345
1977-01-02 12:00:00,1.3829155,1.3163191,6.2593246,5.0731006,6.724686,4.496056
1977-01-03 12:00:00,1.5639583,1.4173316,7.7221227,5.7597375,5.1908507,4.724944
1977-01-04 12:00:00,1.9518311,1.6842431,7.1567473,4.0810304,4.219083,3.376696
1977-01-05 12:00:00,1.4385431,1.7904011,4.049371,2.9212408,4.185782,1.9493636
1977-01-06 12:00:00,3.2416782,2.4445305,4.354426,3.191747,4.6763887,2.5698237
1977-01-07 12:00:00,1.9732285,1.917209,3.3098667,4.309973,6.4811606,2.074517
1977-01-08 12:00:00,1.8979647,2.1721702,3.3307483,6.153108,7.7884483,1.9834613
1977-01-09 12:00:00,1.9398668,2.6305304,4.2540407,7.0356603,6.3184047,3.2298667
1977-01-10 12:00:00,1.9758395,2.3771315,4.6157584,6.7035494,3.7027736,3.6280942
1977-01-11 12:00:00,1.224535,1.6868144,5.6134925,4.9609933,3.3334248,3.83093
1977-01-12 12:00:00,1.3472857,1.4816182,4.458506,3.787915,4.616708,3.6618938
1977-01-13 12:00:00,1.2483889,1.4280406,2.231094,4.371334,4.7320266,1.5648617
1977-01-14 12:00:00,2.2927852,1.7797816,3.4831483,2.398431,3.282079,2.0178907
1977-01-15 12:00:00,1.8092867,1.27636,3.6532617,3.8597217,3.537349,2.504177
1977-01-16 12:00:00,1.6217054,1.4618591,4.1989574,2.9743369,5.0600266,2.4238985
1977-01-17 12:00:00,1.9997321,2.1137066,2.770382,3.0638719,5.8580136,2.3004384
1977-01-18 12:00:00,0.9641736,1.1185737,3.5725906,4.235791,5.565167,3.1562557
1977-01-19 12:00:00,1.1437557,0.99524814,3.2039254,3.598177,5.244886,1.9052122
1977-01-20 12:00:00,1.3793712,1.1857959,2.9342663,3.4270167,3.980915,2.3522818
1977-01-21 12:00:00,1.885824,1.6216365,2.9706175,3.255693,4.216601,2.0120173
1977-01-22 12:00:00,1.160862,1.3273267,2.8836646,5.018667,3.600393,3.044626
1977-01-23 12:00:00,2.1875749,1.788096,6.5492935,4.735056,3.6468427,4.7892947
1977-01-24 12:00:00,2.3060107,2.08129,5.432559,6.6912518,5.4011083,4.5635552
1977-01-25 12:00:00,1.2498758,1.1954832,4.5042124,6.1766677,7.0435295,2.786549
1977-01-26 12:00:00,1.1174324,1.1336236,2.4542181,4.8384337,5.397944,1.9225581
1977-01-27 12:00:00,0.95639616,1.0054075,3.7067432,4.298296,4.7251444,3.2728279
1977-01-28 12:00:00,1.6032522,1.6725848,3.1570802,5.6607556,5.7171407,2.954264
1977-01-29 12:00:00,2.4028122,2.3899107,6.038246,5.811477,5.8899145,2.563167
1977-01-30 12:00:00,1.718189,1.7988602,5.571673,5.3392024,6.23729,2.0965807
1977-01-31 12:00:00,0.9543886,1.1907189,3.729836,5.757598,6.5622516,2.301775
1977-02-01 12:00:00,1.4573429,1.8442302,2.5512483,6.883295,6.0936284,2.7556303
1977-02-02 12:00:00,3.9098487,4.641431,5.443196,8.971811,7.545775,4.51595
1977-02-03 12:00:00,2.2982242,2.8545413,3.6861558,6.4398856,5.159578,2.719674
1977-02-04 12:00:00,1.5867105,2.2526896,3.8555875,5.1882496,5.1745963,2.558135
1977-02-05 12:00:00,0.8978517,1.2067599,2.3256285,5.044722,4.0446105,2.3964021
1977-02-06 12:00:00,1.7488816,1.5749159,5.043401,5.165954,3.6338058,4.1269374
1977-02-07 12:00:00,3.6041405,3.1138823,6.0039034,6.213586,7.8270617,5.0771194
1977-02-08 12:00:00,4.409629,3.7123768,6.681651,6.1834073,9.209077,4.311482
1977-02-09 12:00:00,2.8555799,2.2825315,8.087015,5.691229,5.2092686,5.136854
1977-02-10 12:00:00,2.9211202,3.1307247,5.220567,7.6053143,7.2311325,3.7870667
1977-02-11 12:00:00,3.212551,2.59507,6.5632463,6.9552026,6.1814485,4.2565465
1977-02-12 12:00:00,1.9306571,1.9421461,3.264286,6.709782,4.60129,2.5114162
1977-02-13 12:00:00,1.6503443,1.470519,4.042957,2.603374,3.1545262,2.2695453
1977-02-14 12:00:00,1.0530989,1.0923154,4.4680676,3.318663,3.8950129,2.928487
1977-02-15 12:00:00,1.8319721,1.6150318,4.067818,4.6661983,3.794228,3.2618048
1977-02-16 12:00:00,3.2987528,2.7546933,5.482994,4.756402,4.370758,2.8745642
1977-02-17 12:00:00,2.1575434,1.8965601,5.1749525,2.641875,5.482724,2.677402
1977-02-18 12:00:00,2.967689,1.8343915,3.832019,2.390579,4.5012994,2.352813
1977-02-19 12:00:00,1.4102533,1.2809737,2.8040946,4.6987066,4.240905,2.722645
1977-02-20 12:00:00,2.1460786,1.5249023,3.881196,3.627157,5.1533427,2.708433
1977-02-21 12:00:00,1.8425617,1.7252567,6.953228,5.230877,4.933068,4.2979474
1977-02-22 12:00:00,3.9009104,3.5927129,6.998675,7.8533893,5.462612,5.459225
1977-02-23 12:00:00,1.8425877,2.0480206,3.6274028,6.7383165,7.3215003,3.819132
1977-02-24 12:00:00,2.5494742,2.4096398,3.5116718,6.4723606,7.809368,2.9474492
1977-02-25 12:00:00,2.6679778,1.8862661,3.5097513,5.7713447,6.5940175,3.7299845
1977-02-26 12:00:00,4.0976844,2.947814,5.533219,7.373309,8.93398,5.3096933
1977-02-27 12:00:00,3.807365,2.903511,5.4363365,7.7241774,8.529554,5.0001087
1977-02-28 12:00:00,3.0104268,2.2076144,4.6998496,6.7612295,7.7882686,3.1550262
1977-03-01 12:00:00,3.6197567,3.3522477,5.8673615,7.777925,5.3614182,5.0327315
1977-03-02 12:00:00,2.2622018,2.3367646,3.191134,5.6345735,4.472003,2.770147
1977-03-03 12:00:00,1.999497,2.1174326,4.221753,5.729868,2.86126,3.3552206
1977-03-04 12:00:00,1.568455,1.645762,4.4211345,4.066584,3.2187486,3.331614
1977-03-05 12:00:00,0.9455023,1.0933467,3.2160766,2.5532484,3.2490625,2.1495159
1977-03-06 12:00:00,2.6470184,2.396417,6.6185446,4.653789,5.7262845,4.0661645
1977-03-07 12:00:00,2.497293,2.387212,5.398984,7.155227,6.091889,4.751695
1977-03-08 12:00:00,1.6812186,1.9936045,3.7269552,6.808778,8.469717,3.6968746
1977-03-09 12:00:00,3.3927684,3.2363858,5.5241647,5.793159,7.851947,3.6724424
1977-03-10 12:00:00,2.523838,2.5138779,5.8524327,6.117819,9.075942,4.4310203
1977-03-11 12:00:00,3.0059972,2.3756125,5.552811,5.569747,7.3057394,3.1174464
1977-03-12 12:00:00,2.3236175,1.7507191,3.009522,4.266478,6.8396144,1.7802874
1977-03-13 12:00:00,1.1943483,1.4482564,2.6294594,4.0807514,4.9240613,2.5845609
1977-03-14 12:00:00,1.582444,1.5544202,2.8461523,2.7107723,5.4917397,2.0347254
1977-03-15 12:00:00,1.644599,1.217017,4.0973644,3.0664,4.6889586,2.427789
1977-03-16 12:00:00,1.5777087,1.5435439,5.711923,3.393762,3.9085245,3.030274
1977-03-17 12:00:00,1.8190768,1.9192673,4.484448,3.8742352,3.623904,3.2537475
1977-03-18 12:00:00,0.9979451,1.1734105,2.636799,4.573528,4.1697965,1.9446836
1977-03-19 12:00:00,1.1400824,1.2082473,3.2817516,5.1437173,3.964174,3.3884246
1977-03-20 12:00:00,2.7815516,2.2633932,3.8442647,2.9344547,4.2641473,2.445175
1977-03-21 12:00:00,1.5725693,1.5334563,2.7396634,2.161426,4.3172665,1.7794145
1977-03-22 12:00:00,1.8989192,1.6549547,4.097462,2.5831804,2.9816275,1.900376
1977-03-23 12:00:00,1.0823824,1.2216463,3.44981,3.9043136,3.196555,2.6947331
1977-03-24 12:00:00,1.4254756,1.1611675,2.3829303,5.2438583,5.5069633,2.7057323
1977-03-25 12:00:00,0.7956681,0.99128556,1.4605123,5.001132,5.5982018,1.3755075
1977-03-26 12:00:00,0.71200085,0.94968265,1.462597,4.1303196,5.683152,1.1823816
1977-03-27 12:00:00,1.6314989,1.4246298,1.6687888,1.7973998,7.1519456,1.3704883
1977-03-28 12:00:00,2.2635005,1.5944129,2.7093658,2.5330627,5.0996704,1.5316312
1977-03-29 12:00:00,2.047834,1.5952538,2.7912765,2.4627032,2.4471653,1.6364108
1977-03-30 12:00:00,2.4525185,1.8236517,2.8898635,2.48554,3.7661073,1.4491504
1977-03-31 12:00:00,2.670261,2.1323764,3.1901963,2.5653474,2.3703241,1.6975927
1977-04-01 12:00:00,3.773421,3.0172591,5.066617,3.7349272,2.0692122,2.8615975
1977-04-02 12:00:00,4.073675,3.3601048,5.7923326,3.8567407,1.778004,2.8980694
1977-04-03 12:00:00,3.3291397,2.893664,5.203501,4.1664014,1.8670856,2.7063036
1977-04-04 12:00:00,2.2424705,1.8331319,4.382883,2.8658898,2.3487425,1.9420348
1977-04-05 12:00:00,1.5784156,1.2225357,3.011254,1.8225958,1.9508364,1.4198394
1977-04-06 12:00:00,1.7697234,1.4529822,2.790681,1.7644058,1.7239571,1.362425
1977-04-07 12:00:00,3.8629735,3.1546447,3.4469275,3.4312747,2.4922988,1.9445947
1977-04-08 12:00:00,2.2323656,2.011293,2.1681478,3.580698,3.7993956,1.3592134
1977-04-09 12:00:00,1.7018698,1.5852443,2.2913766,2.9555569,4.0685673,1.3262117
1977-04-10 12:00:00,2.9967177,2.7405107,5.0371532,3.7171116,4.6142554,2.5629447
1977-04-11 12:00:00,4.5992513,4.0104723,5.699471,5.1203003,4.423854,3.6349735
1977-04-12 12:00:00,2.980877,2.553539,3.0281084,3.7637534,3.065922,2.2256036
1977-04-13 12:00:00,1.4917436,1.2963877,2.266085,3.0352523,2.5708358,1.3977078
1977-04-14 12:00:00,1.8488548,2.0175912,3.6308126,4.4836254,3.0204747,2.9177825
1977-04-15 12:00:00,1.8827518,1.5383885,3.1515074,4.0883975,4.541338,2.0341702
1977-04-16 12:00:00,2.0474203,1.9527072,4.5097203,3.8933363,4.4943933,3.1515598
1977-04-17 12:00:00,3.6028001,3.484062,5.895341,6.02741,4.476712,4.256338
1977-04-18 12:00:00,3.327578,2.9898314,6.731656,4.70848,4.9211206,5.1444807
1977-04-19 12:00:00,3.4588454,2.9285872,6.643071,4.2932534,5.7778034,4.299446
1977-04-20 12:00:00,2.973684,2.5567658,3.9832578,4.1464334,5.861068,2.1400142
1977-04-21 12:00:00,2.6050482,2.3575618,2.70218,4.157885,5.4501224,2.1407354
1977-04-22 12:00:00,2.544989,2.3951879,2.8252373,3.9420102,6.8146343,2.6226046
1977-04-23 12:00:00,2.0519307,2.1390922,2.9179642,3.2379687,5.9172597,2.38832
1977-04-24 12:00:00,1.9324915,1.8016738,3.513579,2.7400508,3.2365403,2.089068
1977-04-25 12:00:00,2.1117074,2.2359087,5.202955,4.3757057,3.2431386,2.6070857
1977-04-26 12:00:00,2.2261052,2.4652739,4.878696,5.9030476,3.9147463,4.373513
1977-04-27 12:00:00,1.7421404,1.7291361,3.422973,5.930992,4.66363,3.5218878
1977-04-28 12:00:00,3.457272,2.8140965,5.38917,3.4502778,3.5336652,3.022437
1977-04-29 12:00:00,3.5056992,2.7943723,4.298573,3.3103456,4.555538,2.9704597
1977-04-30 12:00:00,3.2263207,2.9294295,4.052168,3.1160848,3.7006938,3.0395539
1977-05-01 12:00:00,1.112381,1.2669272,4.087272,3.599902,5.565526,2.7243357
1977-05-02 12:00:00,3.2704186,2.718808,4.1010327,3.6667655,4.176527,2.877534
1977-05-03 12:00:00,1.5120964,1.7892903,3.4317307,4.47137,5.3577156,1.7650386
1977-05-04 12:00:00,2.9896457,2.2797258,4.5882044,2.3107395,3.3047168,2.082667
1977-05-05 12:00:00,2.4726129,2.1896794,3.434866,3.1625366,3.3509402,1.971745
1977-05-06 12:00:00,2.2602458,1.8223219,2.8135269,2.6553295,3.0953898,1.8026187
1977-05-07 12:00:00,1.537152,1.2255071,2.8040988,2.1154294,4.1960964,1.606693
1977-05-08 12:00:00,1.2855371,1.1418713,2.6069958,1.8214417,3.1099532,1.8285189
1977-05-09 12:00:00,1.3374865,1.1504741,2.2857497,2.6313214,2.3511465,1.6490519
1977-05-10 12:00:00,1.2055998,1.0176363,2.0071542,1.9115516,3.3050857,1.3997751
1977-05-11 12:00:00,1.5786552,1.2678355,1.8984485,2.3545177,4.1369834,1.1827207
1977-05-12 12:00:00,1.78129,1.256034,2.2017574,2.0576706,2.6778786,1.36314
1977-05-13 12:00:00,1.1364824,1.0860136,1.7620296,2.2453327,2.9873853,1.4481411
1977-05-14 12:00:00,1.6122274,1.7246395,2.9251916,2.915852,4.129888,2.589954
1977-05-15 12:00:00,1.8076563,1.4607941,2.182631,3.5542321,4.7404337,1.6961057
1977-05-16 12:00:00,2.0073771,1.8528942,2.4198067,3.1807988,3.98154,2.1688817
1977-05-17 12:00:00,2.9522696,2.3744624,4.304845,3.9934008,3.6560514,3.4646175
1977-05-18 12:00:00,2.8529694,2.5315647,3.69139,4.8611455,3.2435973,3.5133176
1977-05-19 12:00:00,2.744995,2.5492284,3.7644725,4.5167017,4.835994,3.6835492
1977-05-20 12:00:00,3.2359235,3.1237535,3.4252937,4.1689377,3.6531959,3.4798563
1977-05-21 12:00:00,2.1441486,1.6577694,2.0418355,3.4046774,3.4570112,1.7231455
1977-05-22 12:00:00,1.6326444,1.3864559,1.9519365,3.142102,4.436473,1.4139371
1977-05-23 12:00:00,2.6072903,2.538728,3.6220665,4.1880283,3.8778224,3.0073357
1977-05-24 12:00:00,2.8989635,2.5044193,3.5390003,5.592136,5.79255,2.7491252
1977-05-25 12:00:00,2.3099723,2.2825446,2.674802,5.5279627,6.0972457,2.2027454
1977-05-26 12:00:00,2.5600932,2.0046299,2.5397878,3.9309568,4.7522254,1.9150181
1977-05-27 12:00:00,2.3134933,1.9695587,4.292459,3.3185303,3.525937,2.4478128
1977-05-28 12:00:00,3.2799683,3.0254505,5.3559303,3.665517,3.348386,3.1384013
1977-05-29 12:00:00,2.2924023,2.2806497,3.1203017,3.8673773,2.019681,1.9994588
1977-05-30 12:00:00,1.3220735,1.5049196,3.1915655,2.534668,2.6228704,1.4110131
1977-05-31 12:00:00,1.3356574,1.1169409,1.6176465,2.657843,2.1021883,1.0359184
1977-06-01 12:00:00,1.9887487,1.7552228,2.701251,3.469286,2.2598743,1.4691892
1977-06-02 12:00:00,3.4749007,2.9886324,5.3990874,4.860121,4.442122,4.126
1977-06-03 12:00:00,2.9067712,2.4481232,4.639165,3.6154623,4.335787,2.9617145
1977-06-04 12:00:00,3.3182592,2.9255016,5.313546,3.3597245,3.9912598,3.5786252
1977-06-05 12:00:00,1.857764,1.8923411,4.130749,2.589569,3.7953415,2.4223695
1977-06-06 12:00:00,2.8258667,2.6448216,2.938219,2.876279,2.6386786,1.9487882
1977-06-07 12:00:00,2.024619,1.7974133,2.1767688,3.5351934,3.3878572,1.3535929
1977-06-08 12:00:00,1.7658165,1.5874453,1.7699934,3.577038,4.367377,1.2063085
1977-06-09 12:00:00,2.030417,1.8569738,2.2827847,3.677538,3.9775295,1.6600976
1977-06-10 12:00:00,2.7117887,2.2033355,3.2910998,2.974025,3.030127,2.1764934
1977-06-11 12:00:00,2.8225722,2.2691386,3.4959323,2.961923,2.9453225,1.8596567
1977-06-12 12:00:00,3.933628,3.150561,5.046657,3.7514513,2.9472919,2.5140543
1977-06-13 12:00:00,2.118585,1.7085439,2.324375,3.1853304,2.1647735,1.5381182
1977-06-14 12:00:00,1.5123494,1.2280041,2.9399621,2.5772448,2.653203,1.4623641
1977-06-15 12:00:00,2.1066318,1.7325583,3.3445513,4.7104764,2.9714515,1.8321155
1977-06-16 12:00:00,3.2387853,2.3308048,3.6263285,3.6380968,3.317498,1.8332449
1977-06-17 12:00:00,2.5355759,2.0028431,2.846758,2.8319728,3.2643242,2.2944026
1977-06-18 12:00:00,2.3828616,1.7880292,3.1788337,2.0586214,2.3177412,1.7728055
1977-06-19 12:00:00,1.8871174,1.9153446,3.3604949,3.211734,2.8056304,2.414176
1977-06-20 12:00:00,3.159811,2.6921124,2.5945008,3.2964835,3.22976,1.9341886
1977-06-21 12:00:00,1.9855949,1.9897143,2.725168,2.5775077,5.1931367,1.9525377
1977-06-22 12:00:00,0.9127953,1.2028449,2.2494395,2.2884908,3.4766018,1.5551203
1977-06-23 12:00:00,1.6451038,1.7601198,2.7797234,2.6353512,3.1996708,1.9357605
1977-06-24 12:00:00,1.2383292,1.2233648,2.7955716,2.2728393,3.7316735,1.3187959
1977-06-25 12:00:00,1.2012124,0.99270076,2.921177,2.8467524,3.5266266,1.5509604
1977-06-26 12:00:00,1.3025342,1.0028806,2.4029083,2.31956,2.4282167,1.2448124
1977-06-27 12:00:00,1.157335,1.0099386,1.8747455,1.4987986,1.7932252,1.2180125
1977-06-28 12:00:00,2.0169296,1.4503894,1.8298864,2.323165,3.0903244,1.5738933
1977-06-29 12:00:00,1.8974246,1.4195518,1.9780965,2.4272685,3.859264,1.4467759
1977-06-30 12:00:00,2.1992173,1.6460282,2.485051,2.1383655,2.5303154,1.4646624
1977-07-01 12:00:00,2.386933,1.824445,2.6588066,2.182401,2.0469744,1.4070417
1977-07-02 12:00:00,2.1479568,1.6080251,2.343374,1.9806029,1.9324338,1.2264456
1977-07-03 12:00:00,1.95895,1.9641548,2.7732983,2.4569075,2.799543,2.2854881
1977-07-04 12:00:00,1.743744,2.0432162,3.3380733,2.8975255,2.5561264,2.967359
1977-07-05 12:00:00,1.9457382,2.008375,2.0438774,2.845928,2.5830836,2.38851
1977-07-06 12:00:00,2.454581,2.121527,2.7952297,2.7233696,4.31642,2.0376735
1977-07-07 12:00:00,1.4407227,1.843187,3.0291035,3.009478,3.1202505,2.6517098
1977-07-08 12:00:00,1.4158797,1.537074,2.4018338,3.2108288,2.9308143,1.9781823
1977-07-09 12:00:00,1.0613524,1.2355331,2.8170226,2.4447644,4.2158847,2.146765
1977-07-10 12:00:00,1.2610699,1.1934665,2.4491775,3.1319025,3.353814,1.6501749
1977-07-11 12:00:00,1.2218118,1.2791522,2.485711,2.8560905,2.5144057,1.3679202
1977-07-12 12:00:00,1.9195645,1.8465152,3.2909076,2.9789767,2.6870866,2.007302
1977-07-13 12:00:00,2.332446,2.061934,3.8221505,4.0347986,3.9030106,2.5449708
1977-07-14 12:00:00,3.4257636,2.8517826,3.9585419,5.9526515,4.463274,4.073378
1977-07-15 12:00:00,1.7677488,1.7436695,2.5199904,4.138639,3.1231134,1.950166
1977-07-16 12:00:00,2.867175,2.232474,2.9839823,3.4342268,1.8298157,1.8148503
1977-07-17 12:00:00,2.7123084,2.468671,4.6495624,3.8061142,2.707237,4.0369735
1977-07-18 12:00:00,3.8095922,2.9030123,4.2337375,3.5281842,3.5691278,2.9067087
1977-07-19 12:00:00,1.6523898,1.6293708,3.4105937,2.7773914,3.317736,1.5539733
1977-07-20 12:00:00,2.4441278,1.9319558,3.3877647,2.1466722,1.9763277,2.1210356
1977-07-21 12:00:00,2.8862388,2.3449728,2.764424,2.8901644,2.2883842,2.3195817
1977-07-22 12:00:00,2.8637807,2.5164776,2.3213077,3.2130132,2.6442866,1.822374
1977-07-23 12:00:00,2.1212306,2.0461416,1.9036211,2.952568,2.1342857,1.793291
1977-07-24 12:00:00,1.1140244,1.1925275,2.0446584,2.5000014,1.8118209,1.1357462
1977-07-25 12:00:00,1.6558104,1.1623687,2.38812,1.9865024,1.982926,1.284369
1977-07-26 12:00:00,1.2935915,1.1963979,2.083199,1.6113595,1.7938008,1.3429294
1977-07-27 12:00:00,1.7635953,1.6057999,3.4569972,2.961195,2.1372256,1.7212589
1977-07-28 12:00:00,2.2141633,2.0558925,3.3271196,3.199092,2.2343245,2.1553102
1977-07-29 12:00:00,2.3809807,1.9108049,2.7210982,2.7119527,2.2912834,1.4425616
1977-07-30 12:00:00,2.5538776,2.4770224,3.66025,4.241127,4.731847,1.6800791
1977-07-31 12:00:00,2.4650965,2.272021,3.0785336,1.6328318,5.0704823,1.4179442
1977-08-01 12:00:00,2.3659306,1.8704882,2.6104615,1.4312466,3.7087953,1.341471
1977-08-02 12:00:00,1.8998017,1.35364,2.2783237,1.9690555,2.8864887,1.099166
1977-08-03 12:00:00,2.028237,1.5438603,1.8925444,2.663846,2.8891191,1.1926161
1977-08-04 12:00:00,1.5917113,1.620796,1.839911,2.2736413,3.1831293,1.8044728
1977-08-05 12:00:00,2.2639832,1.7221258,3.4783685,2.1310525,3.226404,1.4449755
1977-08-06 12:00:00,2.5588439,1.9586525,2.709401,2.723881,4.6177983,1.4670669
1977-08-07 12:00:00,2.0422363,1.6531479,2.2605271,3.0045278,3.679616,1.5968889
1977-08-08 12:00:00,4.075697,3.5797384,4.355694,5.428776,3.5345492,3.125095
1977-08-09 12:00:00,2.287559,2.4551728,3.1008222,5.4165287,4.113927,3.478988
1977-08-10 12:00:00,2.5671792,2.457134,3.2337956,3.4252186,4.2377515,1.9442507
1977-08-11 12:00:00,1.975148,1.8081049,4.6115813,3.5859537,4.4852242,2.966294
1977-08-12 12:00:00,2.2384667,2.1126719,3.458098,3.3852444,3.532221,2.8473566
1977-08-13 12:00:00,2.128487,1.9338324,3.9266114,2.6333861,2.266545,2.618914
1977-08-14 12:00:00,2.6365695,2.250503,3.8662314,4.2432113,2.9052696,2.5258212
1977-08-15 12:00:00,1.3268489,1.2619305,2.855358,3.4022493,3.0816405,1.571023
1977-08-16 12:00:00,1.8033514,1.3939958,3.2194593,2.462035,2.5472188,2.1806722
1977-08-17 12:00:00,1.6927652,1.8393376,3.235076,3.142079,3.0418108,2.5338922
1977-08-18 12:00:00,2.180914,1.9197427,5.7508,3.467723,3.4270887,2.6201544
1977-08-19 12:00:00,2.2032351,2.0865178,4.2891765,3.7190533,3.8345928,2.408291
1977-08-20 12:00:00,0.9273063,1.140498,3.2201679,2.459773,2.281182,2.0335782
1977-08-21 12:00:00,2.7880046,2.4083328,3.446174,3.547865,3.965545,2.2776089
1977-08-22 12:00:00,2.508302,2.3515594,4.97343,3.1186082,3.9188094,2.9493842
1977-08-23 12:00:00,2.5835254,1.9853964,3.6113918,3.880656,3.0221806,2.7030945
1977-08-24 12:00:00,2.7370903,2.5078402,5.381109,3.9227815,3.0717645,3.4497194
1977-08-25 12:00:00,3.4450655,3.1288414,4.875875,5.8849387,4.9806886,4.5441613
1977-08-26 12:00:00,1.5170426,1.5419364,2.8444307,3.7042217,4.85429,2.2394886
1977-08-27 12:00:00,2.0312762,1.8018832,3.262902,2.7161443,2.7038693,1.9040849
1977-08-28 12:00:00,2.4831073,2.1468527,4.736787,3.5496569,3.1585374,3.1184053
1977-08-29 12:00:00,3.0342011,2.7454543,5.6358495,4.1087437,2.9084797,3.4339795
1977-08-30 12:00:00,2.8028765,2.9361074,3.9232352,4.597843,2.9482324,3.1567082
1977-08-31 12:00:00,2.8577435,2.797062,5.2320433,5.214618,4.3031783,4.619491
1977-09-01 12:00:00,2.1040878,1.8374004,3.3529592,3.0854726,3.5169175,2.077342
1977-09-02 12:00:00,3.6168463,3.2119634,4.1183558,4.079933,2.561862,2.6800678
1977-09-03 12:00:00,4.1171346,3.2771404,4.1834564,4.0297356,2.6747787,2.753853
1977-09-04 12:00:00,3.507167,2.9560587,4.3359375,4.0186114,2.5876439,2.452071
1977-09-05 12:00:00,3.395345,2.9006155,5.047952,4.077158,2.5907807,2.6983075
1977-09-06 12:00:00,1.6857365,1.4547302,4.0210876,2.9760666,2.3438222,1.727429
1977-09-07 12:00:00,2.2173717,1.734216,1.8882704,2.6441753,3.9547305,1.3925639
1977-09-08 12:00:00,1.173567,0.94944435,2.4031284,2.7819207,4.2464666,1.5734618
1977-09-09 12:00:00,1.6857026,1.3915035,3.0598814,1.9471344,2.7080202,2.011676
1977-09-10 12:00:00,1.3067927,1.1967728,2.8346834,2.6680508,3.0450923,2.2307787
1977-09-11 12:00:00,1.1220791,1.1852525,3.5227249,3.6133857,3.3521643,2.8729384
1977-09-12 12:00:00,2.1264138,1.8178306,4.5069346,3.7237644,4.9526377,2.6061459
1977-09-13 12:00:00,1.5226996,1.6102418,4.85041,3.8118885,5.3102574,2.341548
1977-09-14 12:00:00,1.257922,1.6371415,2.652127,3.5654933,4.774148,1.4998578
1977-09-15 12:00:00,3.5867357,3.276606,5.8908277,4.8218703,4.823419,3.341444
1977-09-16 12:00:00,3.5185761,3.0016422,4.997962,5.7551055,6.702963,3.1004035
1977-09-17 12:00:00,1.7380905,1.5105467,3.1483014,2.9181328,5.2349763,2.316863
1977-09-18 12:00:00,2.4316955,2.4167657,4.908084,5.090577,4.2025084,2.7904804
1977-09-19 12:00:00,1.7973658,1.8714057,2.4253447,7.30773,4.624516,2.193147
1977-09-20 12:00:00,2.5744636,2.2032735,5.889224,5.126328,3.1309564,3.8112936
1977-09-21 12:00:00,4.0785756,3.1022406,7.247134,3.9552495,4.1969085,3.4907076
1977-09-22 12:00:00,2.7486215,2.572328,4.258666,5.072145,3.445011,3.112635
1977-09-23 12:00:00,1.785983,1.2789035,2.098809,3.6418526,3.6801965,1.3814635
1977-09-24 12:00:00,1.1277227,1.2236913,1.9281119,2.219127,2.0993936,1.0022215
1977-09-25 12:00:00,0.8472489,1.1123004,1.8086764,3.104451,2.4176412,1.1575849
1977-09-26 12:00:00,0.9718797,1.060792,3.5799356,2.5493333,2.3379881,2.5073264
1977-09-27 12:00:00,1.0425334,1.4051324,3.694762,1.8510722,2.9304574,1.4717464
1977-09-28 12:00:00,0.79953027,1.3119975,2.5944622,3.0426955,6.893949,1.3150836
1977-09-29 12:00:00,0.9287642,1.2660991,1.6869551,3.4753356,6.9926615,1.2755637
1977-09-30 12:00:00,2.105857,1.7014933,3.9039717,3.598682,5.2918096,1.8085635
1977-10-01 12:00:00,1.5945196,1.2714034,3.9394639,2.6948504,5.270055,2.0113719
1977-10-02 12:00:00,2.2900245,2.1624572,6.9684877,3.9651527,4.0648575,3.4434872
1977-10-03 12:00:00,3.6066852,3.3102612,7.6726785,5.9053164,4.488828,4.598099
1977-10-04 12:00:00,2.7798612,2.534135,4.9727902,5.054974,3.9106333,3.661888
1977-10-05 12:00:00,2.9215355,2.4331381,4.874833,4.2861223,4.6659155,3.6932
1977-10-06 12:00:00,1.3421481,1.5289314,3.3311393,5.190586,5.386344,3.4544544
1977-10-07 12:00:00,2.5718899,2.0787408,4.790425,3.1639552,4.7389264,2.139251
1977-10-08 12:00:00,2.3563054,1.9552782,4.8804827,2.8216426,4.199076,2.11381
1977-10-09 12:00:00,1.0200754,1.2962929,2.5218503,2.4347806,3.6191976,2.2502964
1977-10-10 12:00:00,1.4078866,1.436012,3.8235955,3.3132653,4.732926,1.9300411
1977-10-11 12:00:00,3.3696356,2.8031788,3.371079,2.8239872,3.2689793,2.6418653
1977-10-12 12:00:00,2.055724,1.6381729,2.6852114,3.498177,3.3540597,1.6889242
1977-10-13 12:00:00,1.4439336,1.4737412,2.3682077,3.9702215,3.6674294,2.2922304
1977-10-14 12:00:00,3.0171714,2.649418,4.4151897,4.2780547,3.689359,3.3583994
1977-10-15 12:00:00,1.8287455,1.7128394,2.7338216,2.3985584,3.7206755,1.9779325
1977-10-16 12:00:00,2.1802144,1.9606783,3.2045655,2.5351355,3.719291,2.150614
1977-10-17 12:00:00,1.6762539,1.793828,2.381447,3.5133345,5.128149,1.9221052
1977-10-18 12:00:00,1.047669,1.2958422,2.003645,3.8822997,3.9100592,2.2248647
1977-10-19 12:00:00,0.6820922,0.9473794,2.0403671,5.1489935,3.0172637,2.072744
1977-10-20 12:00:00,0.6036668,0.74618196,3.7251682,3.8188105,3.3608074,2.0262916
1977-10-21 12:00:00,0.72707814,0.82690215,4.342767,2.1920295,2.9462843,1.9434223
1977-10-22 12:00:00,2.641467,2.517219,7.5412273,4.456769,3.6447785,3.793967
1977-10-23 12:00:00,3.8536773,3.3513503,7.5884867,6.32773,4.939252,4.577666
1977-10-24 12:00:00,4.8004036,4.2066636,6.8677015,7.6305366,6.039358,4.774925
1977-10-25 12:00:00,3.1325538,2.9596775,6.7227716,8.115901,7.7349715,4.9716177
1977-10-26 12:00:00,5.177047,4.559753,7.2187986,7.793044,8.995397,4.8349996
1977-10-27 12:00:00,3.2880166,2.6130311,2.4026105,4.731976,5.7644486,2.0092316
1977-10-28 12:00:00,0.5538126,0.7144451,2.4629536,3.4283016,2.6080322,1.9719137
1977-10-29 12:00:00,0.71620834,0.81475884,3.982025,2.3447227,3.3381755,2.2010498
1977-10-30 12:00:00,1.8889405,1.7576925,3.5856297,3.621574,2.412953,2.8855069
1977-10-31 12:00:00,2.7124405,2.1945496,2.757971,3.5757418,3.2954004,1.5184158
1977-11-01 12:00:00,1.0839034,0.96765655,3.3968976,2.871851,3.6689878,2.3168154
1977-11-02 12:00:00,0.78622746,0.8847238,2.0919647,2.1912818,2.8624182,1.3365062
1977-11-03 12:00:00,1.8125947,1.3714861,2.4657562,1.9059528,3.2021403,1.3555067
1977-11-04 12:00:00,1.6380159,1.3530146,2.3470871,2.1401784,3.2785227,1.5957469
1977-11-05 12:00:00,0.9302707,1.0706166,2.1505404,4.8855414,4.0873637,2.2946537
1977-11-06 12:00:00,2.7898636,2.4256058,4.1376967,6.3059306,5.265315,4.563285
1977-11-07 12:00:00,1.3547041,1.5175431,2.252076,4.2757516,3.4585834,2.752793
1977-11-08 12:00:00,2.1909144,1.8801748,3.4334242,2.6341476,2.8682027,2.7254202
1977-11-09 12:00:00,1.3480711,1.4243816,3.004114,2.7266073,2.8818085,1.9163787
1977-11-10 12:00:00,1.4424593,1.1759888,5.3441057,2.7380383,2.8970919,2.6399782
1977-11-11 12:00:00,2.7474575,2.1102793,6.9069242,4.14882,2.6549945,3.7395856
1977-11-12 12:00:00,2.916522,2.5529697,6.20131,5.6542673,5.4716883,4.3414106
1977-11-13 12:00:00,3.9273458,3.554203,7.762136,7.0255704,7.067855,4.929366
1977-11-14 12:00:00,3.7358437,3.2429392,4.4683385,6.239467,7.50452,3.5059936
1977-11-15 12:00:00,2.2402363,2.4327745,4.2218366,7.924071,4.8628225,4.2979684
1977-11-16 12:00:00,1.562788,1.8109115,2.8545377,5.098475,5.486979,2.1952913
1977-11-17 12:00:00,0.7547459,1.0146064,2.638293,5.8532367,5.1495814,2.4660308
1977-11-18 12:00:00,1.6932565,1.3028309,3.9561625,4.4861703,5.57662,2.5973635
1977-11-19 12:00:00,2.0512922,1.3479006,4.058872,3.438921,6.584664,2.6290874
1977-11-20 12:00:00,1.7075002,1.3330439,4.288961,3.2576838,5.5151153,2.7941084
1977-11-21 12:00:00,1.369292,1.4315124,5.0850754,4.48712,4.027121,4.1416426
1977-11-22 12:00:00,3.4167237,3.3574653,7.677777,6.705054,5.589942,5.685885
1977-11-23 12:00:00,2.996587,2.6020477,5.5638494,6.5480356,6.615357,3.7403605
1977-11-24 12:00:00,2.6913695,2.207816,4.895806,7.1099443,6.0064,3.8797514
1977-11-25 12:00:00,1.7056532,1.5794511,4.3145275,6.704569,7.3952646,4.184893
1977-11-26 12:00:00,1.9443736,1.7407142,4.3476243,6.21477,6.769895,3.7672625
1977-11-27 12:00:00,2.540415,2.3684301,5.4738593,6.1559424,5.363484,3.6630414
1977-11-28 12:00:00,1.6827087,1.4982625,4.32224,5.98462,7.0172744,3.5435266
1977-11-29 12:00:00,1.1292107,1.2707392,3.102583,3.991111,6.4200287,2.0916104
1977-11-30 12:00:00,0.9168111,1.0684617,2.8882124,4.984111,4.3463225,2.2639244
1977-12-01 12:00:00,1.1278533,1.2380481,4.1142716,4.9602375,6.14078,2.622376
1977-12-02 12:00:00,1.3018433,1.2569224,2.985843,4.055518,5.3918786,1.9775583
1977-12-03 12:00:00,2.8700323,2.0114813,3.8915281,5.116252,4.382258,2.6286554
1977-12-04 12:00:00,1.3352044,1.5092599,5.1563845,7.0561247,6.94256,4.6648736
1977-12-05 12:00:00,3.9067073,2.9935663,5.622673,4.332181,8.821444,3.4421535
1977-12-06 12:00:00,3.9818192,2.7429395,5.4136825,3.2146845,4.98104,2.8894675
1977-12-07 12:00:00,1.961699,1.7281581,3.1898842,2.925745,5.7453504,1.9169451
1977-12-08 12:00:00,2.3076658,1.9327052,5.220088,5.3440404,3.8814182,4.152699
1977-12-09 12:00:00,2.348569,2.142705,3.5950062,4.9554,4.1314106,2.5682905
1977-12-10 12:00:00,2.3254292,2.0799577,4.3451505,4.601495,3.902363,2.3947132
1977-12-11 12:00:00,2.797995,2.4901142,2.919045,5.110496,5.1833158,1.8129333
1977-12-12 12:00:00,1.45031,1.2873827,3.6278133,4.664796,4.812409,1.8447001
1977-12-13 12:00:00,3.9106288,2.5455332,5.2329392,3.0043535,4.24624,2.6022837
1977-12-14 12:00:00,3.7448783,2.5728104,3.5299034,3.6309092,4.070615,2.6405292
1977-12-15 12:00:00,0.90538234,0.9055875,3.8562872,3.6879234,3.8566802,3.3310707
1977-12-16 12:00:00,0.70726466,0.917867,3.667911,3.22422,5.891465,3.0482147
1977-12-17 12:00:00,1.0155928,1.0736432,3.092461,4.3327904,5.2738514,2.7668653
1977-12-18 12:00:00,1.2635075,1.1076994,3.76576,5.1911163,4.9313235,3.1305315
1977-12-19 12:00:00,1.8607092,1.3712224,5.271941,6.0637255,6.5254974,3.271487
1977-12-20 12:00:00,1.9697223,1.4009621,4.678292,5.14657,6.7733383,2.6901767
1977-12-21 12:00:00,3.0924056,2.0541043,4.7654223,3.6306245,4.2622123,2.2197974
1977-12-22 12:00:00,4.8831263,3.2423985,5.8419743,3.2592244,2.896116,2.8055487
1977-12-23 12:00:00,3.5607038,2.418428,4.7777348,3.5887284,3.1587517,2.2963746
1977-12-24 12:00:00,2.9460974,1.8363192,4.3325725,3.5650778,3.620218,1.9145952
1977-12-25 12:00:00,2.1084445,1.2715573,4.6313024,2.5865471,3.3328924,2.0251403
1977-12-26 12:00:00,0.96944124,0.96371394,3.656489,2.1520052,4.585707,1.6741979
1977-12-27 12:00:00,1.4067495,1.3580391,3.0510225,2.2976468,4.155206,1.8248576
1977-12-28 12:00:00,1.7173609,1.2579536,4.361899,2.7682142,3.4775362,1.9218638
1977-12-29 12:00:00,1.148223,1.2007409,4.0925875,3.5004559,4.729968,2.5597687
1977-12-30 12:00:00,0.9830518,1.0922139,3.9561577,5.603995,7.047084,3.0785868
1977-12-31 12:00:00,1.0964322,1.3595035,2.5563657,2.7640226,5.0586576,2.1496708
1978-01-01 12:00:00,0.95549977,1.1378472,3.3540053,4.5567503,3.4768941,2.7836173
1978-01-02 12:00:00,3.3683474,2.5537758,5.5487432,5.856789,3.065356,4.311264
1978-01-03 12:00:00,2.8127413,2.234693,4.0842295,4.5867486,4.5987625,2.6882384
1978-01-04 12:00:00,1.8739269,1.8714908,4.174729,6.71963,5.421396,3.4775836
1978-01-05 12:00:00,1.7679816,2.3608077,6.224642,5.425279,6.468474,3.3596885
1978-01-06 12:00:00,1.6453041,1.6192365,4.490419,4.2380586,6.434584,3.393728
1978-01-07 12:00:00,2.650034,3.6141772,7.801926,7.9601316,6.407139,5.774371
1978-01-08 12:00:00,1.5711813,1.7056837,3.631262,3.8158767,6.194368,2.9634886
1978-01-09 12:00:00,1.9114759,2.5110118,5.7316236,5.9170475,4.243129,4.589366
1978-01-10 12:00:00,1.4518846,1.8563728,2.9482753,3.882649,4.1451793,2.5089915
1978-01-11 12:00:00,1.184416,1.236186,3.2837834,3.784398,3.3261576,3.1372344
1978-01-12 12:00:00,1.7639346,1.7548728,5.3344197,6.698163,4.998542,3.9286327
1978-01-13 12:00:00,4.1212106,3.6325417,7.7116637,5.781229,4.7606306,4.3866796
1978-01-14 12:00:00,1.4181421,1.8103191,2.6443703,5.2838225,4.2889237,2.196386
1978-01-15 12:00:00,1.3644569,1.4754338,4.141156,3.9489155,3.4439137,2.9969156
1978-01-16 12:00:00,1.7964047,1.8556086,3.313875,4.4886136,4.4459524,3.2533603
1978-01-17 12:00:00,1.8148632,1.7739632,3.737581,3.1600776,4.183585,2.0338278
1978-01-18 12:00:00,1.3136626,1.3413359,3.695342,4.562803,4.010225,2.6428032
1978-01-19 12:00:00,1.4345384,1.3684506,4.097002,4.848934,4.1944766,2.359673
1978-01-20 12:00:00,1.6126609,1.3910322,3.00832,2.6105764,5.2089663,2.1387694
1978-01-21 12:00:00,1.460452,1.4517128,4.7306542,3.734042,4.8495665,3.7246146
1978-01-22 12:00:00,2.0552926,1.7985514,4.5560765,4.1947083,5.025902,3.3205104
1978-01-23 12:00:00,3.9793441,2.9909718,3.9343846,4.182853,3.9686935,2.6568036
1978-01-24 12:00:00,3.8746808,2.749654,4.3253694,3.7899747,3.686404,2.8195965
1978-01-25 12:00:00,4.7339835,3.1312022,5.0315356,3.9498088,3.9512434,2.6423972
1978-01-26 12:00:00,4.8036757,3.3333492,4.379898,3.450017,3.8709126,2.5762386
1978-01-27 12:00:00,2.6413064,1.8210127,5.434927,3.8661973,3.2596495,4.0270686
1978-01-28 12:00:00,2.5067532,2.2223115,7.4511023,5.4212494,4.213734,3.805341
1978-01-29 12:00:00,3.308389,2.507918,6.3137584,5.6347466,5.105799,5.810131
1978-01-30 12:00:00,2.4432077,2.3090963,3.0763786,4.7525253,5.7965465,2.5583956
1978-01-31 12:00:00,1.0182936,1.1206938,2.3025572,4.0305624,4.758976,1.4475573
1978-02-01 12:00:00,0.7008817,1.1340673,4.356756,3.8575616,3.5144188,2.6047094
1978-02-02 12:00:00,0.89415866,1.2658281,4.852011,4.879426,4.31449,3.937047
1978-02-03 12:00:00,1.2619989,2.0010347,2.8977854,8.896588,6.60868,3.6599662
1978-02-04 12:00:00,1.6522921,2.1956105,3.9779224,6.076269,8.124137,2.7334206
1978-02-05 12:00:00,1.0594339,1.2482737,3.269478,2.8199396,4.627132,2.6939516
1978-02-06 12:00:00,2.5780962,2.142286,3.953761,5.658606,5.328065,3.5241148
1978-02-07 12:00:00,1.6088517,1.1865796,5.610319,5.021551,5.994095,3.2703185
1978-02-08 12:00:00,2.2334151,1.6110467,5.420684,3.1739106,3.6193843,3.255348
1978-02-09 12:00:00,2.0014052,1.367302,3.968278,2.5118523,4.5775495,2.0560575
1978-02-10 12:00:00,1.6775179,1.1283208,4.1391087,2.4855902,4.815387,1.970196
1978-02-11 12:00:00,1.961148,1.269052,3.2632387,2.5576677,3.5709298,1.8707992
1978-02-12 12:00:00,1.0949693,1.0603025,2.2675965,4.8246517,4.0667577,2.3203478
1978-02-13 12:00:00,0.88631254,1.1330229,4.6018915,4.1438527,3.9966927,3.702306
1978-02-14 12:00:00,1.3960353,1.4927384,5.5590534,4.90219,5.9612427,3.5473318
1978-02-15 12:00:00,2.0542676,1.934458,5.380796,4.8355675,5.442301,4.5485334
1978-02-16 12:00:00,2.525178,2.0342782,3.1340747,6.03511,6.1695027,3.319354
1978-02-17 12:00:00,1.5283971,1.406308,3.906855,5.323457,6.217758,3.5256693
1978-02-18 12:00:00,2.1721766,2.017451,2.4685016,4.2127266,6.19148,1.7115158
1978-02-19 12:00:00,1.7192656,1.611906,2.6174903,4.3790636,5.518803,2.194863
1978-02-20 12:00:00,3.5503335,3.0260942,4.7448673,6.693285,5.586538,3.7220764
1978-02-21 12:00:00,2.1959853,1.7976669,3.7130165,4.8224883,4.6026473,2.752802
1978-02-22 12:00:00,1.491265,1.2170829,2.7747393,3.7977288,3.4332347,1.679912
1978-02-23 12:00:00,1.6736214,1.2286212,3.6603231,2.4061162,3.6118762,2.2880507
1978-02-24 12:00:00,0.7951157,0.8237978,2.24345,2.1856444,3.475007,1.480476
1978-02-25 12:00:00,1.4146438,1.2296288,2.204025,2.6088946,4.2037687,1.6383287
1978-02-26 12:00:00,1.1036106,1.3677994,2.1595123,4.333828,4.124887,1.8340136
1978-02-27 12:00:00,1.3026526,1.6590284,3.6310854,3.7726288,2.703723,3.09249
1978-02-28 12:00:00,2.4905462,1.8986099,3.9810522,2.6590176,4.6506753,1.9449221
1978-03-01 12:00:00,2.937315,2.1722307,6.706574,3.241959,5.9468784,3.1160817
1978-03-02 12:00:00,1.9740503,1.827733,6.33808,3.5973525,6.7797766,2.9578316
1978-03-03 12:00:00,2.5332494,1.9481779,6.3081603,3.9161787,5.7305784,2.8822641
1978-03-04 12:00:00,3.4552293,2.5946813,5.2519126,3.3614302,5.010661,2.6416657
1978-03-05 12:00:00,3.854306,3.3054724,6.255867,4.4203367,4.2636514,3.1984537
1978-03-06 12:00:00,3.478239,3.1126347,6.872388,5.0463157,4.706313,3.2309291
1978-03-07 12:00:00,3.9244332,3.4710743,7.263745,5.101499,6.196333,3.6091206
1978-03-08 12:00:00,2.0804598,1.9357958,5.1676536,3.5867572,6.604836,2.5021613
1978-03-09 12:00:00,0.93017775,0.9597204,2.936191,2.9160411,6.4607525,2.312619
1978-03-10 12:00:00,1.4340076,1.6442909,4.4787097,5.2456083,7.3558354,3.2891576
1978-03-11 12:00:00,4.4893,4.154047,6.3595443,5.4455786,4.8443737,5.3879223
1978-03-12 12:00:00,2.991451,2.7275944,3.7978258,5.5393143,3.594188,3.986756
1978-03-13 12:00:00,1.9091288,1.5184075,3.5188549,3.1547563,2.743553,2.7516198
1978-03-14 12:00:00,3.0600586,2.690002,4.1076617,4.297442,3.5654502,3.809895
1978-03-15 12:00:00,3.1852438,2.6994631,4.1527853,6.07525,4.698631,3.1904361
1978-03-16 12:00:00,1.4357401,1.6701754,4.655759,4.7043924,5.235655,3.1432106
1978-03-17 12:00:00,1.8457379,1.9061332,3.0763686,2.801121,4.0310683,2.228287
1978-03-18 12:00:00,1.4605758,1.3344442,2.1667643,2.5539463,3.7758157,1.483655
1978-03-19 12:00:00,3.4727247,2.839703,4.947385,4.5300965,4.163981,3.9812465
1978-03-20 12:00:00,2.6737037,2.3378308,4.5641317,3.2304068,5.045993,2.5559156
1978-03-21 12:00:00,2.7313356,2.1668286,4.847358,3.2548115,4.4549127,3.1926441
1978-03-22 12:00:00,2.5539303,1.8323098,3.1685848,3.002401,4.542844,2.4514606
1978-03-23 12:00:00,1.288943,1.3585808,2.4347677,4.855545,5.856426,2.8701031
1978-03-24 12:00:00,1.440198,1.5192568,6.1027217,4.599667,7.0458364,4.3527317
1978-03-25 12:00:00,2.8421464,2.7490823,8.117287,5.5680184,4.0030384,5.3645897
1978-03-26 12:00:00,3.565956,3.3206716,5.24109,6.8922467,8.235556,4.071655
1978-03-27 12:00:00,3.8153543,3.5648992,3.9859595,5.4866834,10.160072,2.7177591
1978-03-28 12:00:00,3.2874465,3.0504704,3.2350135,6.551376,9.746807,2.8857625
1978-03-29 12:00:00,3.6150687,3.0857468,5.784447,4.89344,7.484571,3.6603155
1978-03-30 12:00:00,4.6622477,4.1052413,5.740104,6.2067738,6.373756,3.8564966
1978-03-31 12:00:00,4.169971,3.7795222,4.9855294,5.830847,6.1245246,2.776751
1978-04-01 12:00:00,3.3872027,2.981952,5.02416,5.125928,5.9635515,2.4396155
1978-04-02 12:00:00,1.3175067,1.3834429,3.3287861,5.102405,4.7019777,2.3506367
1978-04-03 12:00:00,1.5904344,2.00857,5.986901,5.780224,5.595183,4.644137
1978-04-04 12:00:00,3.6474373,3.7225192,6.6245995,6.14369,7.2455497,3.9525461
1978-04-05 12:00:00,2.8888702,2.2754655,4.373396,3.9074693,6.326142,2.9707925
1978-04-06 12:00:00,3.7343168,3.1798673,5.250341,5.888722,4.41801,4.1533165
1978-04-07 12:00:00,1.6224289,1.736011,2.8563275,3.5420096,4.283769,1.9616113
1978-04-08 12:00:00,1.8658366,1.728425,4.399585,3.3685622,3.5136309,3.342991
1978-04-09 12:00:00,3.024591,2.65409,4.09761,5.8038125,5.8967123,3.4068377
1978-04-10 12:00:00,2.5698085,2.2989056,4.1789117,4.344187,6.075885,3.3816183
1978-04-11 12:00:00,1.6172863,1.5467982,4.8624477,5.847073,5.540313,3.5057306
1978-04-12 12:00:00,4.2457438,3.561207,5.809278,3.113308,5.03449,2.7465692
1978-04-13 12:00:00,3.4110243,3.2310297,5.2332535,2.3388443,2.752675,2.8776188
1978-04-14 12:00:00,2.1990695,1.7580459,3.3006227,2.831384,3.2165906,2.7029521
1978-04-15 12:00:00,2.5420628,3.1349204,6.3849444,7.8566647,7.180702,5.3466687
1978-04-16 12:00:00,1.3513708,1.8486707,2.9608693,4.508483,5.8519697,2.1706874
1978-04-17 12:00:00,2.3296206,2.074262,3.678247,2.635479,4.93008,1.4601384
1978-04-18 12:00:00,2.469893,1.9809291,4.3046255,3.5465894,5.0109143,2.7865193
1978-04-19 12:00:00,1.8222396,1.6784405,3.1506855,5.345417,3.7973573,3.4806452
1978-04-20 12:00:00,2.0291212,2.4067454,2.6599674,5.4458575,3.567797,3.6177285
1978-04-21 12:00:00,1.0507565,1.3947536,1.7859488,3.4043653,2.7396665,1.6598655
1978-04-22 12:00:00,1.6700408,1.5302912,1.9297321,2.3515015,3.4735897,1.3232507
1978-04-23 12:00:00,2.1095066,1.4890068,3.5948777,1.9712414,6.115645,1.6716015
1978-04-24 12:00:00,1.5839525,1.2017945,3.023729,1.7395095,6.859681,1.8105181
1978-04-25 12:00:00,1.1078329,1.0904249,2.3624225,2.4819813,6.028776,1.4183016
1978-04-26 12:00:00,0.8641445,0.9804451,2.1925168,2.9224732,6.636548,1.2795275
1978-04-27 12:00:00,0.96739316,1.1495265,2.264982,3.0714684,5.4458776,1.4904004
1978-04-28 12:00:00,1.8725362,1.3466691,2.501295,3.2550437,3.1143565,1.2956522
1978-04-29 12:00:00,1.0545757,1.15007,2.39155,2.567409,2.647946,1.2791289
1978-04-30 12:00:00,1.8872285,1.6699121,2.6710007,2.2688804,2.0247195,2.3510215
1978-05-01 12:00:00,1.9980853,1.8009309,3.635387,4.649536,2.763054,2.6063542
1978-05-02 12:00:00,1.817184,1.9416224,2.785343,5.09857,3.38546,2.1044757
1978-05-03 12:00:00,1.8363968,1.5568018,3.5421946,2.765792,3.3756194,1.7981479
1978-05-04 12:00:00,2.9882836,2.7245436,4.080036,3.9355872,3.8167057,2.8163157
1978-05-05 12:00:00,3.0136867,2.9372609,3.506106,4.21669,4.7836103,2.8296235
1978-05-06 12:00:00,2.1506033,1.858527,2.9679935,2.5049715,5.279664,1.8177164
1978-05-07 12:00:00,2.8412418,2.6848764,2.7780442,4.0115724,3.7283995,2.265616
1978-05-08 12:00:00,2.0654511,1.5521894,2.13724,2.4566627,3.9773557,1.5311846
1978-05-09 12:00:00,1.5033913,1.5899907,2.452552,2.7816865,4.9023256,1.5581219
1978-05-10 12:00:00,2.0641127,1.639944,2.9314349,3.7100906,5.510303,1.4635274
1978-05-11 12:00:00,2.709657,2.0462785,5.238232,3.0981112,3.93022,2.6222577
1978-05-12 12:00:00,3.141709,2.6764314,4.636581,3.640362,4.02819,2.681364
1978-05-13 12:00:00,3.869791,3.554827,5.2947884,4.10794,4.794698,4.2791934
1978-05-14 12:00:00,2.714925,2.2349946,2.2973804,4.966014,5.9057283,2.1443589
1978-05-15 12:00:00,2.2362785,2.2631102,3.7910957,3.9326103,5.243253,3.1229672
1978-05-16 12:00:00,2.3110623,1.9205027,3.8978374,4.681315,5.3393345,2.5854802
1978-05-17 12:00:00,1.3784733,1.6850573,2.2596242,3.5247622,4.8641634,2.370231
1978-05-18 12:00:00,1.1135125,1.0582966,2.06329,2.4519477,2.7011073,1.7696794
1978-05-19 12:00:00,1.0301081,1.0947711,2.0265214,2.4154894,3.416551,1.5447952
1978-05-20 12:00:00,1.4482124,1.192473,1.9738175,3.0154219,3.6053512,1.4203568
1978-05-21 12:00:00,1.0986009,1.2410513,1.8566891,2.710734,4.258083,1.3570375
1978-05-22 12:00:00,1.2283798,1.3787718,2.1028926,1.8865305,3.0575998,1.34462
1978-05-23 12:00:00,1.3566422,1.312205,2.2299814,2.0705922,2.9717002,1.1731027
1978-05-24 12:00:00,1.3533971,1.2569792,1.7356658,2.6315274,3.5684953,1.343449
1978-05-25 12:00:00,1.549763,1.3346385,2.312469,2.8204143,3.9408185,1.8635846
1978-05-26 12:00:00,1.4763157,1.467056,2.6002614,3.3098943,3.1469378,2.5219576
1978-05-27 12:00:00,2.047307,1.8377026,2.955018,3.455747,3.5704105,2.185247
1978-05-28 12:00:00,2.070636,2.028036,4.614733,3.530434,2.9321516,2.7654498
1978-05-29 12:00:00,3.7658186,3.3180015,5.7782984,4.15215,3.9853902,3.4712067
1978-05-30 12:00:00,3.0878353,2.7127209,4.763329,3.329951,3.1780295,2.4249442
1978-05-31 12:00:00,2.7030485,2.5262496,3.9499838,3.2846925,3.220443,2.5882661
1978-06-01 12:00:00,2.5979972,2.3525403,3.697509,3.3925397,2.8780737,2.8471284
1978-06-02 12:00:00,2.7080898,2.5610442,3.0728307,3.7835467,3.410699,2.8496835
1978-06-03 12:00:00,2.3392122,1.6771556,2.1753187,3.062948,2.1784034,1.7143666
1978-06-04 12:00:00,1.6332979,1.2000129,2.1924434,2.0080292,1.6311151,1.3930341
1978-06-05 12:00:00,1.7796738,1.3834462,2.14988,1.8629466,1.9173403,1.2749088
1978-06-06 12:00:00,1.7455486,1.5373665,3.2058747,2.4083633,2.5126565,1.9690627
1978-06-07 12:00:00,1.8696465,1.6769623,4.4786634,3.453274,2.4436963,3.380365
1978-06-08 12:00:00,1.6050929,1.636861,3.5934951,3.5376873,4.069745,2.65606
1978-06-09 12:00:00,1.4330714,1.4702934,2.2864847,4.010403,3.0104992,1.875874
1978-06-10 12:00:00,1.5227016,1.7892733,2.4602454,3.2876427,3.736364,1.7675391
1978-06-11 12:00:00,1.8924625,1.5233538,2.0756915,3.6728323,5.424906,1.5752692
1978-06-12 12:00:00,1.2415011,1.5705553,2.3683717,5.6359468,5.41434,1.2938524
1978-06-13 12:00:00,2.4706187,2.1811597,2.2542343,5.3044367,5.37406,3.084953
1978-06-14 12:00:00,2.4005713,2.160189,2.6538968,4.6857066,4.764198,3.150747
1978-06-15 12:00:00,1.5829015,1.5272704,2.1520689,4.599083,5.252118,2.2812016
1978-06-16 12:00:00,1.7142206,1.917219,2.2304177,3.8229945,3.8196251,1.5347742
1978-06-17 12:00:00,1.9401724,1.7657951,2.3654308,2.9450653,2.825357,1.5675644
1978-06-18 12:00:00,0.97847193,0.93227696,2.5971153,2.4453943,2.1408923,1.3878566
1978-06-19 12:00:00,1.2974417,1.2525982,3.0421734,3.0015628,1.9870479,1.4928918
1978-06-20 12:00:00,2.986774,2.602128,4.412515,2.6589162,2.8320222,1.8977942
1978-06-21 12:00:00,2.8273215,2.5815399,3.3688767,3.8701887,3.4250946,1.8927646
1978-06-22 12:00:00,2.6436977,2.1941986,2.806518,2.141439,3.4536393,1.5089861
1978-06-23 12:00:00,1.9907296,1.785127,3.0521004,2.1466637,3.8808987,1.6513953
1978-06-24 12:00:00,1.6265016,1.5155265,2.2686293,3.4649029,4.7886176,1.6753193
1978-06-25 12:00:00,1.2081249,1.0571715,2.3874867,3.5437222,4.3672676,1.3956118
1978-06-26 12:00:00,1.7023468,1.2392242,2.708222,4.205787,4.4100685,1.3261831
1978-06-27 12:00:00,1.885028,1.45991,2.6405108,4.9875846,4.3922124,1.5207328
1978-06-28 12:00:00,1.9908724,1.8850961,2.0851243,5.785696,5.072459,2.4100456
1978-06-29 12:00:00,2.9935958,2.8140452,3.2763247,4.087407,3.529533,3.2518742
1978-06-30 12:00:00,1.5874066,1.7028147,3.7512412,2.9165866,2.3817205,3.5966961
1978-07-01 12:00:00,1.7536957,1.6866721,4.213194,2.978563,2.2866986,3.0944285
1978-07-02 12:00:00,1.8608888,1.5632296,3.7290013,3.0263743,2.2271063,2.540563
1978-07-03 12:00:00,1.2361352,1.2824498,2.990824,2.5518696,2.5364869,1.9892507
1978-07-04 12:00:00,1.2721624,1.1740353,2.1287622,2.3298123,3.7447915,1.6599139
1978-07-05 12:00:00,1.9387311,1.8114773,2.6617167,2.7147467,3.086993,1.6740927
1978-07-06 12:00:00,1.8863425,1.7428869,3.6819417,3.6006236,2.7682045,2.836702
1978-07-07 12:00:00,1.1556067,1.4370621,3.2347271,4.177699,2.7261195,2.7708368
1978-07-08 12:00:00,1.4042196,1.1303788,2.1078703,3.4126673,3.0625947,2.3617306
1978-07-09 12:00:00,1.9959265,1.7251643,2.927494,3.7171388,2.7964458,1.6713945
1978-07-10 12:00:00,1.981566,2.0969157,3.0952191,3.4262574,2.6927881,2.6052885
1978-07-11 12:00:00,1.1403644,1.2603265,2.743962,3.2706323,2.6697776,1.7396991
1978-07-12 12:00:00,2.3353596,2.0981011,3.9989927,2.789788,2.6093802,2.5291162
1978-07-13 12:00:00,2.615818,2.464736,4.194459,3.0284226,2.701704,3.2364275
1978-07-14 12:00:00,1.385874,1.3881905,3.0405407,2.4503767,3.086011,2.6067524
1978-07-15 12:00:00,1.8218929,1.5069625,2.986163,2.1962266,2.2646828,2.38157
1978-07-16 12:00:00,1.1541631,1.3358363,2.5722444,2.5045688,4.352819,1.8148859
1978-07-17 12:00:00,2.7053425,2.2210357,3.6763825,3.5893242,5.428863,2.9722993
1978-07-18 12:00:00,3.0485039,2.5920444,3.375006,2.900074,3.8037004,2.9100454
1978-07-19 12:00:00,1.3594506,1.2436498,3.3865023,2.7782695,3.8965213,2.3656137
1978-07-20 12:00:00,1.5146126,1.6080151,3.495876,3.0792923,2.3493297,2.0491335
1978-07-21 12:00:00,1.7569556,1.5282942,3.190814,5.835563,2.5675938,3.0717244
1978-07-22 12:00:00,1.278549,1.1619359,2.251452,2.753207,1.9995123,2.691476
1978-07-23 12:00:00,1.6534379,1.4477651,2.7609503,1.6286181,2.0339625,1.5056962
1978-07-24 12:00:00,2.0505598,1.555406,3.2913897,1.6641793,3.527578,1.5658429
1978-07-25 12:00:00,2.7219825,1.9786563,3.056845,2.7720935,2.614266,2.1206741
1978-07-26 12:00:00,0.81101716,1.0374092,3.3640008,2.1628861,2.2056477,2.3257017
1978-07-27 12:00:00,1.5550457,1.3492668,2.2628589,2.8327067,2.1574585,1.7636763
1978-07-28 12:00:00,1.1649106,1.1990867,3.837279,2.7499676,2.65823,1.8423474
1978-07-29 12:00:00,1.6804972,1.6251959,3.7992327,2.616734,3.2708507,2.3987448
1978-07-30 12:00:00,2.4755702,1.8989923,3.338494,2.2480025,2.889389,2.4513142
1978-07-31 12:00:00,2.0905554,1.8610814,4.5604887,2.3224225,1.8291506,2.3969488
1978-08-01 12:00:00,2.7232566,2.4276032,4.941032,3.701496,2.7317865,3.9717562
1978-08-02 12:00:00,1.5974762,1.7742258,4.051748,2.716016,2.7899115,3.3164673
1978-08-03 12:00:00,0.914892,0.9862717,2.8996408,2.0669377,1.7157135,2.006772
1978-08-04 12:00:00,1.4052057,1.320914,3.506731,2.2816339,2.066346,1.7769977
1978-08-05 12:00:00,3.4243846,2.6094282,5.1368494,3.0144215,2.6903005,3.0224466
1978-08-06 12:00:00,3.5420887,2.8833416,4.493236,3.1376147,3.9197996,3.1449687
1978-08-07 12:00:00,2.342983,2.1390493,3.7311656,3.637906,3.7361543,1.9380261
1978-08-08 12:00:00,1.5484216,1.3189565,2.836303,1.8840709,3.9372404,1.8721968
1978-08-09 12:00:00,1.6663651,1.5851519,3.0875235,2.4543183,4.057187,1.6971079
1978-08-10 12:00:00,3.2926576,2.9354959,5.0268574,4.387981,3.7130842,2.6635249
1978-08-11 12:00:00,2.4218647,2.7040865,5.6014123,5.6652684,4.0713134,3.6836486
1978-08-12 12:00:00,2.4547157,1.8838549,3.800439,3.1130066,3.6514406,2.644597
1978-08-13 12:00:00,2.3521452,2.2185345,4.0202613,2.641315,3.169774,2.289825
1978-08-14 12:00:00,2.6085372,2.3278072,5.4509544,3.8386931,3.3164241,4.3657837
1978-08-15 12:00:00,3.1590595,2.9318097,5.1346126,3.81989,3.5795355,4.7727723
1978-08-16 12:00:00,1.8857602,2.1159112,5.5434427,3.9973924,3.0753958,3.903744
1978-08-17 12:00:00,2.8937633,2.712442,5.1645675,5.075091,3.7834094,4.1272826
1978-08-18 12:00:00,2.3042345,2.1067324,4.277291,3.4837189,4.117554,2.5519657
1978-08-19 12:00:00,2.780705,2.2708054,3.9759374,3.6251683,3.6136158,2.93263
1978-08-20 12:00:00,2.4971445,2.102381,4.040828,3.944406,3.24316,2.448548
1978-08-21 12:00:00,1.7050707,1.6841922,2.3831255,4.742795,3.7804844,1.4861512
1978-08-22 12:00:00,1.4542485,1.4735069,1.9514343,3.648276,3.976145,1.8259864
1978-08-23 12:00:00,2.1820748,1.9862754,3.0097604,3.5075755,3.0920167,2.4585302
1978-08-24 12:00:00,3.6436646,2.832459,4.8347735,4.526471,3.1151814,3.5048451
1978-08-25 12:00:00,3.1556168,2.5276859,3.7329504,3.9178176,5.2174683,1.8775617
1978-08-26 12:00:00,2.3558578,2.051848,3.836359,2.8564482,3.0344584,2.1962054
1978-08-27 12:00:00,2.1957054,1.80922,2.9022677,3.6014864,3.1170871,2.0285597
1978-08-28 12:00:00,2.494372,1.9827939,2.6902351,4.3829045,4.031778,1.8116602
1978-08-29 12:00:00,1.2637331,1.2734518,1.9039657,3.2047286,4.1097403,1.1427573
1978-08-30 12:00:00,1.0053266,1.1566734,2.7175307,2.2068753,3.276964,1.8495952
1978-08-31 12:00:00,2.476513,1.8522488,2.9261377,1.9187114,3.3997054,1.887948
1978-09-01 12:00:00,1.9297528,1.7582952,3.5569174,2.8346019,2.9922934,2.935117
1978-09-02 12:00:00,3.4359703,2.8910623,4.5484176,5.2745795,4.3654294,4.2673516
1978-09-03 12:00:00,3.213295,2.5686781,3.331737,5.6603913,5.103312,2.286599
1978-09-04 12:00:00,2.4099088,1.7494307,2.5578134,2.1732533,3.863913,1.6270537
1978-09-05 12:00:00,1.3321067,1.1077437,1.8524513,2.3907971,2.380441,1.4486283
1978-09-06 12:00:00,1.0095508,1.1717403,1.8852619,3.1060977,2.6312048,1.0251505
1978-09-07 12:00:00,1.3999252,1.8072574,3.6659663,3.824288,3.2426848,3.0845518
1978-09-08 12:00:00,3.1723042,3.017072,3.7991314,4.7538166,6.777281,4.078661
1978-09-09 12:00:00,2.3747988,2.3520243,3.9973478,3.9782097,5.506627,2.8560667
1978-09-10 12:00:00,1.8258879,1.7702345,3.830812,3.2113101,3.564005,2.8290422
1978-09-11 12:00:00,2.758534,2.420717,3.3432655,3.4314988,4.029713,2.5411775
1978-09-12 12:00:00,1.7211103,1.5337625,2.9033601,3.4620583,5.846398,2.3802836
1978-09-13 12:00:00,1.9168465,1.7890201,3.715304,2.9910014,3.8464668,2.4433484
1978-09-14 12:00:00,1.9631575,1.5932448,2.8298984,3.5316558,3.6954184,1.6311747
1978-09-15 12:00:00,2.1223338,2.2619686,5.4720116,2.7910948,2.7554266,4.2477612
1978-09-16 12:00:00,3.3640645,2.8454468,5.251761,3.5637991,3.126341,3.024572
1978-09-17 12:00:00,2.4268746,2.3837748,3.7527432,5.791926,4.66337,3.2003412
1978-09-18 12:00:00,1.7118111,1.5314806,2.4350603,5.1916246,5.004076,2.3441985
1978-09-19 12:00:00,2.426583,2.1949153,5.3387256,3.6478846,3.8986595,3.5575938
1978-09-20 12:00:00,3.6854277,3.2482145,5.7787986,5.5706916,4.2470593,4.5681534
1978-09-21 12:00:00,2.2798934,2.1669695,4.366901,4.6211333,4.422116,4.25092
1978-09-22 12:00:00,2.1036968,2.1095912,5.344299,5.4048266,3.688083,4.790123
1978-09-23 12:00:00,1.7287333,1.7218087,4.881724,3.7304425,3.3569121,3.400253
1978-09-24 12:00:00,1.3733776,1.3633395,3.8252094,3.0283883,3.582644,2.4464443
1978-09-25 12:00:00,1.7267473,1.5225265,4.1460648,2.3940423,3.516568,2.210697
1978-09-26 12:00:00,1.5498791,1.584886,4.442959,3.3543422,3.5953548,2.7813933
1978-09-27 12:00:00,2.3596635,2.2268755,4.458145,3.6524575,4.7095275,3.7366152
1978-09-28 12:00:00,2.4234946,2.5280309,4.878403,5.0235944,5.085788,4.540158
1978-09-29 12:00:00,2.6229928,2.3385358,4.214943,5.575052,5.771537,4.0244994
1978-09-30 12:00:00,1.9046351,1.9939357,3.9222898,4.9721165,4.519837,4.0380545
1978-10-01 12:00:00,1.8091801,2.338886,4.708648,6.000937,7.8869286,5.0378847
1978-10-02 12:00:00,1.0415776,1.5726991,3.8771715,4.866929,5.612892,3.8796818
1978-10-03 12:00:00,2.194994,2.4431813,5.578015,4.81635,3.5920758,4.3665514
1978-10-04 12:00:00,1.9522233,1.9304725,2.9259424,6.724507,5.5958505,3.0090327
1978-10-05 12:00:00,0.91527975,0.95596683,2.8218055,3.5888877,5.099843,1.5377523
1978-10-06 12:00:00,1.264789,1.460786,3.854007,3.3730078,4.0445185,2.8326228
1978-10-07 12:00:00,1.7795943,1.4624593,3.495284,3.614995,4.2538867,3.0661573
1978-10-08 12:00:00,1.4596686,1.1396567,3.230152,3.3494914,4.0050964,2.8711843
1978-10-09 12:00:00,1.1685472,1.3238945,3.4312828,2.5163355,3.8711562,2.560773
1978-10-10 12:00:00,1.0552707,1.4237686,2.8076365,3.156806,2.5738182,2.719287
1978-10-11 12:00:00,3.1464067,2.5208092,4.436836,4.996143,3.9381213,3.4595492
1978-10-12 12:00:00,2.2058768,2.189017,3.3528647,6.2189,3.6601,2.6575873
1978-10-13 12:00:00,1.849137,2.155416,3.7923145,6.0927043,4.4274626,2.6475286
1978-10-14 12:00:00,2.9129105,3.2684708,5.088908,7.0886745,4.137582,3.270052
1978-10-15 12:00:00,2.5916617,2.7891247,4.3729963,5.2859125,5.401257,2.803247
1978-10-16 12:00:00,1.4039575,1.5381632,2.3890834,4.4940677,5.61609,2.112404
1978-10-17 12:00:00,1.6456103,1.5673318,3.8394635,3.528071,3.5929525,2.7503932
1978-10-18 12:00:00,1.6202915,1.6899492,2.5951056,2.665104,3.8443358,1.4946524
1978-10-19 12:00:00,0.9849615,1.1880132,1.6378559,2.2300491,3.3046684,1.2506121
1978-10-20 12:00:00,1.1494079,1.0109309,1.5782745,1.9588064,3.4518125,1.4059505
1978-10-21 12:00:00,0.50229394,0.7226667,2.1809402,3.0704892,3.562476,1.5494838
1978-10-22 12:00:00,0.9251456,0.9453272,3.6668298,3.4738998,3.554467,2.0583348
1978-10-23 12:00:00,1.1113318,1.1041162,4.9508944,2.2004135,2.095908,2.3373148
1978-10-24 12:00:00,2.0031686,1.718329,3.7741094,3.8030858,3.3219552,2.8933926
1978-10-25 12:00:00,1.752163,1.4625486,2.5572412,3.3050377,4.1435647,1.575686
1978-10-26 12:00:00,1.3128871,1.494921,4.1238284,3.224106,5.869689,1.6864142
1978-10-27 12:00:00,0.9457407,1.119183,3.9928372,4.045984,4.878094,1.9721707
1978-10-28 12:00:00,2.2136102,1.8430436,5.0626864,4.385003,3.2879357,2.269538
1978-10-29 12:00:00,1.9852256,1.6502842,3.605854,2.6745844,4.0820956,1.8342229
1978-10-30 12:00:00,2.2795653,1.8452411,3.553372,3.9322135,3.7790577,1.9149683
1978-10-31 12:00:00,2.2717142,1.8152381,2.961132,3.12456,3.2612593,1.8656266
1978-11-01 12:00:00,2.8930266,2.1794963,3.8438919,2.5343046,2.9555573,1.7793156
1978-11-02 12:00:00,3.5487099,2.5633214,3.8924,3.4245083,3.0781221,2.1571312
1978-11-03 12:00:00,1.885566,1.820993,2.2865531,3.5508409,5.6662664,1.5178417
1978-11-04 12:00:00,1.7013917,1.2897421,3.6152132,3.2253132,6.682342,2.5692422
1978-11-05 12:00:00,1.737161,1.5219712,4.6126537,4.2170534,5.2831383,3.2806852
1978-11-06 12:00:00,2.0068426,1.9024357,4.3696585,4.512193,4.642427,2.310543
1978-11-07 12:00:00,2.5850525,2.344828,4.38455,3.783347,3.9677968,2.3856344
1978-11-08 12:00:00,2.3890872,2.0826287,4.771851,3.2818625,3.7370787,2.5172756
1978-11-09 12:00:00,2.41833,2.2884538,5.2806077,4.073744,4.3571997,2.9587677
1978-11-10 12:00:00,2.9096944,2.7068923,6.063782,4.0789504,4.8103685,2.9022756
1978-11-11 12:00:00,2.8957915,2.5587738,5.366179,3.9415019,4.1035166,2.4450202
1978-11-12 12:00:00,3.1657498,2.6292787,4.9861727,4.078281,3.7187796,2.0572526
1978-11-13 12:00:00,2.3550344,1.8617537,3.927298,3.436571,3.613948,1.738077
1978-11-14 12:00:00,1.5924904,1.4379432,3.1047256,4.196517,4.1922207,1.7848761
1978-11-15 12:00:00,1.2879303,1.2506177,3.2563176,4.183358,3.9673038,2.75355
1978-11-16 12:00:00,1.08607,1.175492,4.22742,2.4640918,3.409209,2.0482733
1978-11-17 12:00:00,0.91260517,1.1600952,2.1578512,2.450182,2.9804533,1.6050878
1978-11-18 12:00:00,1.554581,1.378552,5.137745,3.0122328,3.2671056,3.6801205
1978-11-19 12:00:00,1.9619725,1.7022562,3.5992842,3.347026,4.3357744,2.6678407
1978-11-20 12:00:00,3.4490552,2.5336182,4.2052217,3.6605036,3.6136684,2.508502
1978-11-21 12:00:00,3.0409317,2.35931,3.9346454,3.0805101,3.4306874,2.3915732
1978-11-22 12:00:00,2.674451,2.114919,6.0765743,4.947434,3.4624078,3.6896017
1978-11-23 12:00:00,3.3464618,2.8952606,8.26529,6.283065,5.2471075,4.677638
1978-11-24 12:00:00,3.0732625,2.7163053,8.066203,6.0974684,6.534074,4.2001305
1978-11-25 12:00:00,2.7741854,2.1299562,6.6284423,4.8625607,7.1253133,3.357602
1978-11-26 12:00:00,2.5886264,1.8339925,5.9992933,3.4787426,6.1887608,2.96521
1978-11-27 12:00:00,1.2896218,1.5327927,4.1606236,2.9573784,5.7100515,2.1093757
1978-11-28 12:00:00,1.437388,1.4210877,4.196795,2.8435779,4.9305253,2.4108267
1978-11-29 12:00:00,1.9227526,1.6026933,6.2435036,3.4260323,3.7247736,3.1522632
1978-11-30 12:00:00,2.7382178,1.9473134,6.680804,3.850906,4.133833,3.1318142
1978-12-01 12:00:00,3.5554998,2.9350986,5.998445,5.014707,5.0968585,3.484685
1978-12-02 12:00:00,2.5887356,2.4922168,5.622654,4.4654427,4.551731,3.5520842
1978-12-03 12:00:00,1.9710894,1.8971115,6.456296,4.880942,3.2622075,4.425047
1978-12-04 12:00:00,1.8532882,1.7399,5.3352523,5.554253,5.7510166,4.200854
1978-12-05 12:00:00,2.8260205,2.4276443,4.5489264,4.9270205,8.161417,3.0320976
1978-12-06 12:00:00,2.324374,2.1444204,4.825827,5.533664,7.1271744,3.9465113
1978-12-07 12:00:00,3.7090626,3.2065034,5.573277,5.6221967,7.370579,3.8478575
1978-12-08 12:00:00,4.201456,3.6783426,7.031255,6.630982,7.056536,5.1799335
1978-12-09 12:00:00,3.2332227,2.9793997,5.4954395,6.7796106,5.685132,3.4182742
1978-12-10 12:00:00,0.80552673,1.070932,2.94777,4.9992566,5.530132,2.4029157
1978-12-11 12:00:00,1.3639145,1.2320093,4.688836,4.1007795,5.0780044,2.7368166
1978-12-12 12:00:00,1.2761773,1.314436,5.177495,4.879346,4.6236115,4.10201
1978-12-13 12:00:00,3.3139362,2.8501034,4.3613577,4.459608,5.6534305,2.648487
1978-12-14 12:00:00,2.0999136,1.7139819,4.3783026,4.513925,4.690846,3.3911061
1978-12-15 12:00:00,3.1416216,2.6964788,4.8816466,4.7803545,5.2558303,3.4425633
1978-12-16 12:00:00,3.110801,2.5206482,6.02389,6.071957,5.6138644,4.6830425
1978-12-17 12:00:00,3.7512937,2.963288,6.3426003,5.4997015,3.9089518,5.3978066
1978-12-18 12:00:00,2.2657409,2.1891856,4.687412,5.7627864,5.524744,3.6935523
1978-12-19 12:00:00,3.3155026,2.592964,6.153567,6.328752,5.283298,4.2312837
1978-12-20 12:00:00,3.0767066,2.6858494,6.122602,5.242208,3.137677,4.4611816
1978-12-21 12:00:00,2.4610202,2.3315694,4.729069,6.705148,4.6118627,3.887252
1978-12-22 12:00:00,2.308792,2.1191294,5.0810466,5.1441207,4.540465,4.0399485
1978-12-23 12:00:00,3.1974418,2.227916,3.988158,3.6466749,5.1462593,2.2693734
1978-12-24 12:00:00,3.295632,2.9144015,5.0001593,4.4390235,5.774818,3.3915255
1978-12-25 12:00:00,2.4269648,1.8347641,4.6855183,3.871994,6.008968,2.6923277
1978-12-26 12:00:00,2.9410028,2.2199812,4.3901606,2.9190307,5.6015077,2.3592286
1978-12-27 12:00:00,2.4010592,1.7761091,2.8988008,2.9053586,4.1887755,1.7597661
1978-12-28 12:00:00,1.1891391,1.1832138,3.1955838,3.594485,3.9120388,2.5224042
1978-12-29 12:00:00,1.1176922,1.4627526,4.9651,4.6982007,4.6000776,2.5495424
1978-12-30 12:00:00,1.1835561,1.643877,3.2150006,5.398522,4.3411427,2.2636652
1978-12-31 12:00:00,1.4695232,1.5725657,5.2357473,5.126445,3.3199642,4.550444
1979-01-01 12:00:00,0.94265616,1.3012273,3.2619162,6.3561764,6.1764708,2.873752
1979-01-02 12:00:00,2.348423,1.9916544,5.7869205,5.7334886,5.9424276,4.530686
1979-01-03 12:00:00,4.0502806,3.4302335,5.92183,8.402689,7.8007855,4.6558566
1979-01-04 12:00:00,3.9328058,2.650226,6.4788394,5.3836284,7.0279164,3.8777874
1979-01-05 12:00:00,3.8363824,3.1227508,5.6738667,6.3422713,5.4363546,3.5837655
1979-01-06 12:00:00,1.0415823,1.3116468,2.3558326,5.7511315,4.315279,1.8313873
1979-01-07 12:00:00,1.137769,1.4057974,2.709176,3.8055098,3.9612947,2.1384375
1979-01-08 12:00:00,2.0138416,1.8205144,5.0031395,3.1359758,4.6012244,2.580045
1979-01-09 12:00:00,2.3862329,1.8394074,4.4526653,2.1004395,3.1010056,2.454723
1979-01-10 12:00:00,0.7972828,0.9676676,4.831823,4.490324,3.4680517,3.2034552
1979-01-11 12:00:00,2.11231,2.027978,4.124357,7.988686,6.244494,4.117568
1979-01-12 12:00:00,1.6331413,1.582351,3.5690746,5.7073064,7.1341314,2.1123765
1979-01-13 12:00:00,2.5334601,1.9448515,4.4622564,2.4536755,5.320942,2.1789577
1979-01-14 12:00:00,2.4095159,2.2242203,4.2117324,3.9997725,7.205121,3.525127
1979-01-15 12:00:00,2.9614093,2.2869139,3.6428466,4.167329,4.4725585,3.205246
1979-01-16 12:00:00,2.1686893,2.0481026,5.26356,5.8268867,6.0526867,3.7473814
1979-01-17 12:00:00,2.1242971,1.9888595,3.3993754,5.7780175,4.862916,3.0770197
1979-01-18 12:00:00,1.3309917,1.5677127,2.724302,4.483406,4.7228045,2.321181
1979-01-19 12:00:00,1.4545221,1.5617137,2.776566,4.2428603,6.244433,2.068713
1979-01-20 12:00:00,1.1840419,1.4201128,4.973084,7.335702,6.5034065,3.9346087
1979-01-21 12:00:00,1.8993508,1.7928451,5.457561,4.7838454,4.8286085,3.9086971
1979-01-22 12:00:00,4.398074,3.3335936,7.1040144,3.8522573,5.577046,4.4434147
1979-01-23 12:00:00,1.9919139,1.6819851,2.6736841,3.2387412,6.4759254,2.1362822
1979-01-24 12:00:00,2.3082047,2.362991,4.129043,6.613126,6.9418983,4.2153807
1979-01-25 12:00:00,1.7530355,1.6094201,3.2972982,5.2026095,7.989446,2.021932
1979-01-26 12:00:00,1.057334,1.2162006,4.4961057,4.1066327,6.507634,2.8706477
1979-01-27 12:00:00,1.9894096,1.9760778,5.391997,5.477112,5.858513,4.0789475
1979-01-28 12:00:00,1.0458205,1.1564478,2.5761876,3.8414953,5.945093,2.9163358
1979-01-29 12:00:00,2.428304,2.3771052,4.375406,9.193713,5.3049684,3.928345
1979-01-30 12:00:00,3.1841407,4.33858,3.7180116,10.346479,4.7600045,4.4728155
1979-01-31 12:00:00,3.4958234,3.4909928,4.3537855,6.826594,5.9468575,3.5609503
1979-02-01 12:00:00,1.8373972,1.9829643,3.510042,7.1752896,5.0158587,2.9809573
1979-02-02 12:00:00,1.991331,2.1676657,4.2974052,5.891796,3.9425504,3.0718758
1979-02-03 12:00:00,0.93443453,1.1538357,3.2285535,4.106793,5.080705,2.757194
1979-02-04 12:00:00,1.0289519,1.4769666,3.9611304,5.1845293,3.744197,3.4955995
1979-02-05 12:00:00,1.9358557,2.5526567,5.5273705,8.455105,7.0201974,4.7516117
1979-02-06 12:00:00,2.0211287,2.3194907,3.7067788,6.9664903,4.58385,3.7983847
1979-02-07 12:00:00,3.5729122,3.370251,6.55599,8.835143,7.568017,5.5407486
1979-02-08 12:00:00,2.2983105,2.822141,3.8290296,5.6121206,7.529966,3.0205414
1979-02-09 12:00:00,0.823191,1.2524673,1.7905419,3.6794639,7.3208237,1.5006698
1979-02-10 12:00:00,0.8277024,1.1938289,1.9068391,4.1931806,4.7426686,1.5503478
1979-02-11 12:00:00,0.9260808,1.1815473,1.4219311,4.56635,7.8768377,1.5299318
1979-02-12 12:00:00,0.99603754,1.3847674,1.6967086,3.9674222,7.5041575,1.6228092
1979-02-13 12:00:00,0.8862181,1.1243529,2.1949656,3.103024,3.894505,2.1009085
1979-02-14 12:00:00,0.6478323,0.93028986,2.7363844,5.5887613,4.502736,2.964404
1979-02-15 12:00:00,0.7728337,1.095605,1.8114654,5.553927,4.492527,2.338788
1979-02-16 12:00:00,1.2121739,1.1826643,2.987074,3.159181,4.3962026,2.0614939
1979-02-17 12:00:00,1.3375838,1.1992084,6.0246634,4.700828,5.336837,4.135036
1979-02-18 12:00:00,1.829654,1.9884069,7.272212,5.8033867,5.310089,4.833931
1979-02-19 12:00:00,2.2452261,2.229072,7.2488613,5.893112,6.1626506,4.5846868
1979-02-20 12:00:00,1.469778,1.4852778,5.4373384,4.8018126,7.7068605,2.8248994
1979-02-21 12:00:00,0.8801689,1.0565898,4.210433,5.008579,7.8592057,1.7835543
1979-02-22 12:00:00,0.9161469,1.3928821,2.1824465,3.5669098,6.1285243,1.3902438
1979-02-23 12:00:00,1.4532593,1.4100678,2.773442,2.1321728,6.8400693,1.9153488
1979-02-24 12:00:00,0.64977634,1.0111756,2.4958692,4.403855,8.577796,2.4545016
1979-02-25 12:00:00,1.1572518,1.2082057,3.97092,5.3350806,5.793411,3.8696878
1979-02-26 12:00:00,2.3048708,1.817614,4.664208,4.171394,3.9558296,3.0612178
1979-02-27 12:00:00,1.5078498,1.4637271,2.2846055,2.7854745,4.34347,1.6051279
1979-02-28 12:00:00,2.105363,1.8942202,5.7913365,4.580427,3.936026,4.1462545
1979-03-01 12:00:00,3.4481058,3.0710897,6.042383,6.5604124,5.094916,4.3617325
1979-03-02 12:00:00,1.5134715,1.6755589,5.811851,4.4417458,4.889735,2.4051054
1979-03-03 12:00:00,1.4498302,1.4627755,4.0851226,4.704387,3.6847,2.3716667
1979-03-04 12:00:00,1.1206882,1.3149285,2.8144994,4.7022433,2.456256,2.0274546
1979-03-05 12:00:00,1.2141337,1.1457101,4.107064,3.2940006,3.1082776,2.4574907
1979-03-06 12:00:00,2.3408422,1.8461556,3.6555412,5.0822196,5.2184668,2.8527784
1979-03-07 12:00:00,2.194295,2.201301,4.1701317,5.495272,4.6197557,3.902514
1979-03-08 12:00:00,3.7517421,2.8506255,3.329953,4.1026626,4.34521,2.6366913
1979-03-09 12:00:00,1.5709069,1.1944674,3.7338893,3.7860184,4.129328,2.799374
1979-03-10 12:00:00,1.9773725,2.0190156,5.821103,5.3381166,4.99854,3.9164739
1979-03-11 12:00:00,2.4422731,1.9273636,4.4730744,5.143407,4.6492586,2.7166936
1979-03-12 12:00:00,2.3141174,1.7726657,3.4620202,3.6201231,2.754905,1.7400053
1979-03-13 12:00:00,1.3091253,1.4733745,2.2819202,4.0024548,3.1752882,1.9916795
1979-03-14 12:00:00,2.3163028,1.7568276,4.3055873,2.7222536,3.665318,2.0645552
1979-03-15 12:00:00,4.199828,3.4890132,5.106868,3.213052,3.3733244,2.8918514
1979-03-16 12:00:00,4.0124655,3.0121439,3.118615,2.822431,3.3012323,2.3619184
1979-03-17 12:00:00,2.4677243,1.9356476,2.8165374,4.181841,4.1014104,1.9590567
1979-03-18 12:00:00,1.8770614,1.87062,3.4577687,5.3054867,3.1672273,3.0686114
1979-03-19 12:00:00,2.1754775,1.8064185,4.9920616,4.963595,3.8329425,3.2207518
1979-03-20 12:00:00,1.861754,1.9197346,4.9385366,3.9727242,4.981922,3.1143463
1979-03-21 12:00:00,2.6768675,2.7378018,5.2750664,6.2601523,6.585594,2.8328304
1979-03-22 12:00:00,5.0227046,4.176161,5.714226,5.8326983,4.7880526,2.9505668
1979-03-23 12:00:00,3.3650894,2.6885903,3.9795294,4.922567,4.736633,2.318069
1979-03-24 12:00:00,1.631126,1.6443579,3.943135,3.5005047,3.2191124,2.550299
1979-03-25 12:00:00,2.2479599,1.9862579,3.684174,3.2738793,4.5870724,2.5338113
1979-03-26 12:00:00,2.2009766,2.223903,5.5217557,4.1797323,5.0613737,3.7308168
1979-03-27 12:00:00,2.0251808,1.980544,3.7417026,3.9444938,4.8553634,2.9974086
1979-03-28 12:00:00,2.714333,2.3659883,3.0394258,3.810641,4.5474377,1.7565893
1979-03-29 12:00:00,2.16288,1.9448123,4.0785823,4.820116,3.7401855,3.2020912
1979-03-30 12:00:00,3.103909,2.5136492,4.3019805,4.9947095,4.17952,3.5273712
1979-03-31 12:00:00,2.4193685,2.4083202,5.4438243,4.259476,4.290463,3.2769005
1979-04-01 12:00:00,5.070995,4.9153223,5.5339794,6.394803,4.7351155,3.7052927
1979-04-02 12:00:00,3.25352,3.2113948,2.631254,5.6720138,4.664268,2.6195364
1979-04-03 12:00:00,3.2683463,2.956141,2.7644293,4.6666555,3.3266466,2.6929662
1979-04-04 12:00:00,2.4458818,2.1929595,3.4033575,2.3481266,2.4000773,2.4300745
1979-04-05 12:00:00,1.1581868,1.2286534,2.2078555,3.5269217,4.2281036,1.8669095
1979-04-06 12:00:00,2.6875527,2.041216,2.707664,3.7094126,6.1608324,2.2073984
1979-04-07 12:00:00,1.9865814,1.8065104,4.3201423,2.8938918,4.275153,2.9132059
1979-04-08 12:00:00,1.7325253,1.7813637,4.4181447,3.9169693,3.3937705,3.0395641
1979-04-09 12:00:00,2.3373537,2.3426394,3.0645182,3.3496807,3.3072999,2.2664998
1979-04-10 12:00:00,3.3668199,3.048928,5.4148884,4.7151127,3.7713552,4.080818
1979-04-11 12:00:00,2.1655312,2.2005084,2.5477493,4.2443094,6.0308714,2.1398168
1979-04-12 12:00:00,1.9700698,1.5511832,2.7674851,5.3665595,7.5151224,2.3916063
1979-04-13 12:00:00,0.9119813,1.0076066,2.1674314,5.457768,7.092612,2.0405552
1979-04-14 12:00:00,1.011772,0.9387646,1.9500611,2.660686,6.8139105,1.375391
1979-04-15 12:00:00,1.1004903,1.1112168,1.8104775,3.9082057,5.9116354,1.3144091
1979-04-16 12:00:00,1.1402388,1.4148444,1.7905798,2.6548615,5.4974003,1.5956217
1979-04-17 12:00:00,1.5688264,1.5736669,2.0478854,2.620674,5.117295,1.5232425
1979-04-18 12:00:00,2.1154463,1.9197729,1.9594775,3.9914367,4.1701527,1.4435267
1979-04-19 12:00:00,3.2099636,2.7081213,3.5581782,4.341275,2.7834644,3.0804744
1979-04-20 12:00:00,3.7343173,2.7727087,4.275925,4.1893735,2.0350294,2.9575436
1979-04-21 12:00:00,2.9008698,2.032022,3.848426,3.3908272,2.1128905,2.024938
1979-04-22 12:00:00,3.2009215,2.5142555,3.4817562,2.3484387,2.2276323,2.3407304
1979-04-23 12:00:00,3.9238591,3.2397628,3.7556267,3.1914942,2.283748,2.696033
1979-04-24 12:00:00,2.6241426,2.4405763,2.8792331,3.2539399,3.4059212,1.7768278
1979-04-25 12:00:00,1.8227409,1.8311076,2.548765,3.4804344,3.7710066,2.0069406
1979-04-26 12:00:00,1.1825601,1.1467153,2.3087378,3.3717332,4.0980997,2.0608947
1979-04-27 12:00:00,1.5536835,1.3377545,2.1285994,2.6497927,3.043005,1.9807566
1979-04-28 12:00:00,1.1333996,1.2264299,2.5682077,2.3270361,2.2050412,2.6742725
1979-04-29 12:00:00,1.3947062,1.3086897,2.4989579,3.5956888,3.2987537,2.9012084
1979-04-30 12:00:00,1.171373,1.5642474,3.6355674,2.6705256,3.348922,2.7353559
1979-05-01 12:00:00,1.7180552,1.6224077,3.8507528,3.8184032,3.8120136,2.6693554
1979-05-02 12:00:00,2.3440917,2.2065554,3.3238783,3.5137894,4.647114,1.8829406
1979-05-03 12:00:00,2.9313657,2.3308077,3.925467,2.8677425,4.3494415,3.1911077
1979-05-04 12:00:00,2.1530275,2.2478924,4.7664294,3.6465409,2.4899423,2.9525
1979-05-05 12:00:00,2.1461844,2.0011404,4.2055154,4.920071,3.679675,2.6703398
1979-05-06 12:00:00,4.0677238,3.267542,5.549748,3.2843091,5.763504,3.7394595
1979-05-07 12:00:00,3.4364095,3.2689054,5.5653667,4.965312,6.127993,5.561191
1979-05-08 12:00:00,3.0093608,2.8602836,3.0382612,5.929685,7.3576145,2.7346575
1979-05-09 12:00:00,1.2734491,1.3599367,2.9660375,2.7195234,3.962464,1.7898947
1979-05-10 12:00:00,2.7262986,2.6394281,3.2587595,2.5263824,3.0501568,1.9331384
1979-05-11 12:00:00,1.8272696,1.7955482,3.2580597,2.4851437,4.35589,2.3561778
1979-05-12 12:00:00,1.8009636,1.7316242,3.6180189,3.6356041,3.112558,2.6447608
1979-05-13 12:00:00,2.6549098,2.3527477,2.797749,4.2268744,4.573308,2.124234
1979-05-14 12:00:00,1.6035185,1.5872221,4.299014,3.2672176,3.1754599,2.867011
1979-05-15 12:00:00,2.6032677,2.523392,3.8407097,2.7565756,2.2818751,2.1014798
1979-05-16 12:00:00,1.9018329,1.5926985,4.0278735,3.2316177,2.3344874,3.2735944
1979-05-17 12:00:00,3.0750313,2.8007038,5.1689167,4.8405085,3.9206202,4.1168456
1979-05-18 12:00:00,2.8362827,2.5466275,3.7380505,5.428148,3.8813572,2.938716
1979-05-19 12:00:00,2.7479062,2.4195867,4.3399076,4.118593,3.2489552,3.1056957
1979-05-20 12:00:00,2.5854158,2.3845458,4.112803,5.017165,4.7002463,3.2594097
1979-05-21 12:00:00,2.812305,2.2691839,3.4343584,5.2290173,4.760154,2.722413
1979-05-22 12:00:00,3.1347775,2.4650478,5.403068,2.9779255,3.536959,2.9198432
1979-05-23 12:00:00,3.616739,3.389755,5.945336,5.3850503,3.858267,4.2041764
1979-05-24 12:00:00,3.7624557,3.2291207,7.5114155,4.616477,3.4051387,4.8459754
1979-05-25 12:00:00,4.0240912,3.77766,6.9842734,6.0732055,3.7916818,4.693101
1979-05-26 12:00:00,1.8457515,2.1250834,3.6348233,4.0239882,4.348289,2.1635091
1979-05-27 12:00:00,1.6409612,1.4691095,2.4023225,4.140073,5.0918508,1.62325
1979-05-28 12:00:00,1.7606332,1.2627473,2.3368382,2.17066,3.7677805,1.8227237
1979-05-29 12:00:00,2.0702152,1.5410832,1.7887884,2.5782769,3.9126363,1.3207219
1979-05-30 12:00:00,2.218249,1.6655666,2.351869,3.4606469,3.2180789,1.5049875
1979-05-31 12:00:00,1.3609959,1.659431,3.1832628,5.8546705,5.775403,2.2990863
1979-06-01 12:00:00,1.2879279,1.475331,3.9862432,4.038292,3.3897963,2.018885
1979-06-02 12:00:00,2.2053914,1.9851869,3.0385487,2.5078242,2.1869645,2.1531026
1979-06-03 12:00:00,2.1588569,2.0269284,2.2796664,4.158179,3.6604714,1.8549694
1979-06-04 12:00:00,1.7332053,1.6078049,4.2011986,3.6441288,3.767734,1.9407481
1979-06-05 12:00:00,1.7806162,1.797831,5.262978,4.662922,3.0023985,2.5248249
1979-06-06 12:00:00,0.93247503,1.1120421,3.030562,3.4995055,3.247215,1.779256
1979-06-07 12:00:00,2.1610527,2.1403012,3.1673377,2.5535355,2.5561488,1.5962994
1979-06-08 12:00:00,1.9808884,1.7380598,2.6510458,2.0736878,2.8842733,1.5517567
1979-06-09 12:00:00,1.8487492,1.7351253,2.4708176,2.4290009,3.9825985,2.3451838
1979-06-10 12:00:00,1.0358663,1.235893,2.6507678,2.7558882,4.311326,1.8091351
1979-06-11 12:00:00,2.033679,2.0328348,2.9832232,2.847379,4.5614033,2.3381517
1979-06-12 12:00:00,2.6096382,2.7841022,4.008772,4.484902,4.754718,3.527118
1979-06-13 12:00:00,3.7292528,3.330355,4.2975125,5.2927213,6.05609,3.9556615
1979-06-14 12:00:00,3.784998,3.3826075,4.7156405,6.067386,6.2404256,4.0263686
1979-06-15 12:00:00,3.2016068,3.0397105,5.018918,5.6614676,4.2581162,4.4525213
1979-06-16 12:00:00,2.6008196,2.2763915,4.1804414,3.5727577,3.7587848,3.6786664
1979-06-17 12:00:00,2.0839214,1.934734,3.8295507,2.1103518,2.9222043,2.784493
1979-06-18 12:00:00,1.4445026,1.2424302,2.011566,2.1193779,2.774714,0.9985561
1979-06-19 12:00:00,1.7652117,1.6041094,3.5133274,2.252784,3.0138674,1.8214542
1979-06-20 12:00:00,3.367741,2.7011416,5.121143,2.6593757,2.5181007,2.2878458
1979-06-21 12:00:00,2.3993258,1.9649334,3.46664,2.825888,2.7619815,2.6917136
1979-06-22 12:00:00,2.0163102,1.6926386,2.8209646,3.7738175,2.3148084,1.8866124
1979-06-23 12:00:00,2.8921847,2.0484438,3.3347676,2.2450361,1.99619,2.259695
1979-06-24 12:00:00,2.0028162,1.5885319,3.2595904,2.2929962,2.3831053,2.7256153
1979-06-25 12:00:00,1.5304948,1.4849,2.2976913,2.9079943,2.9923315,1.829413
1979-06-26 12:00:00,1.5836722,1.5068978,2.7427382,3.6283727,3.3854704,1.6470661
1979-06-27 12:00:00,2.3923113,2.0917206,2.3309314,3.8179758,2.812004,1.5928255
1979-06-28 12:00:00,1.4791567,1.1939644,2.2479165,3.2447073,2.2554822,1.6116452
1979-06-29 12:00:00,1.50563,1.3363078,1.6622858,2.592431,2.2401567,1.7014742
1979-06-30 12:00:00,2.750167,2.195682,2.7794988,3.0396757,2.4641852,2.0198708
1979-07-01 12:00:00,3.9565277,3.3750753,4.7674613,3.2533271,1.9488723,2.3396006
1979-07-02 12:00:00,2.976252,2.5902615,3.4719322,3.0625558,2.5616708,1.8487568
1979-07-03 12:00:00,2.951351,2.6908944,2.356086,2.8628285,3.250087,1.57089
1979-07-04 12:00:00,1.6792526,1.3382152,2.189626,2.53173,4.5094357,1.2376215
1979-07-05 12:00:00,0.9369135,0.94853324,2.1603537,2.8967044,3.7864366,1.225629
1979-07-06 12:00:00,1.4126315,1.1757563,2.4601839,3.0997992,3.8744602,1.3110616
1979-07-07 12:00:00,1.5757196,1.2578077,2.9677756,2.6889715,3.0320487,1.2040403
1979-07-08 12:00:00,1.4698588,1.2400919,2.3649993,2.8635354,2.5410788,1.1340113
1979-07-09 12:00:00,1.5578384,1.4963441,3.9706447,3.7110364,3.2193253,2.8801808
1979-07-10 12:00:00,2.3159437,1.934421,4.0296965,3.1630106,3.008223,2.568204
1979-07-11 12:00:00,2.9020054,2.226038,4.3530135,2.9638653,2.9633956,3.636159
1979-07-12 12:00:00,2.3166869,1.7893602,3.169314,2.590322,2.9933832,2.81484
1979-07-13 12:00:00,1.1992265,1.1459634,2.8535147,2.648779,2.8317578,2.6079504
1979-07-14 12:00:00,1.8772945,1.6128527,2.845587,2.8956046,2.3152084,2.261565
1979-07-15 12:00:00,1.442967,1.4334836,2.3124762,3.295554,2.760363,1.4984814
1979-07-16 12:00:00,1.5748547,1.3412384,2.5135934,2.15587,3.4318094,1.6854551
1979-07-17 12:00:00,2.234047,1.6983523,2.954873,2.5826397,2.523147,1.4028541
1979-07-18 12:00:00,2.8090167,2.209344,5.0168586,2.2769,1.9225216,2.7408001
1979-07-19 12:00:00,3.3344412,2.4666862,4.3786664,3.5746758,2.1561842,2.8077326
1979-07-20 12:00:00,2.067154,1.6382089,2.430897,3.161311,2.858121,2.103538
1979-07-21 12:00:00,2.7873888,2.3487341,3.7598262,3.3242793,3.1902156,2.0567312
1979-07-22 12:00:00,3.4465485,2.9831703,3.8079383,4.9728527,3.9968545,2.7368355
1979-07-23 12:00:00,3.18997,2.5773323,4.7199974,4.295396,4.2706714,3.6902092
1979-07-24 12:00:00,2.9677083,2.336498,4.523706,3.08221,3.3940287,3.6373332
1979-07-25 12:00:00,1.909919,1.6370473,3.2150962,2.648797,3.2413063,3.007588
1979-07-26 12:00:00,1.3796966,1.1897298,1.8601428,2.1038456,3.9059112,1.3426647
1979-07-27 12:00:00,1.2635318,1.5966874,2.7936583,3.8876834,4.2189226,2.0686498
1979-07-28 12:00:00,1.7242991,1.6071355,2.851043,2.837359,3.6455238,1.7003238
1979-07-29 12:00:00,1.3162335,1.5911852,2.7082977,3.5879853,4.1788497,2.2689226
1979-07-30 12:00:00,1.2559111,1.3542657,2.0976985,2.74248,3.0533304,1.5944928
1979-07-31 12:00:00,2.2179036,2.0227115,2.6255517,2.8631594,2.7201235,1.4965376
1979-08-01 12:00:00,3.0470276,2.667996,3.219127,3.9186697,3.5084672,2.2626402
1979-08-02 12:00:00,2.821407,2.5994608,4.06836,3.3990273,4.2983546,3.6330872
1979-08-03 12:00:00,3.0667853,2.5653358,3.160872,4.6976314,3.9201388,2.584463
1979-08-04 12:00:00,3.6820035,3.0912354,4.480011,3.6471262,3.3897295,2.7439446
1979-08-05 12:00:00,4.986019,4.03185,5.1763444,4.8070717,4.052062,3.046181
1979-08-06 12:00:00,1.7551014,1.5301011,2.370652,4.6963367,4.873052,1.7339454
1979-08-07 12:00:00,1.3312628,1.3044181,2.4891713,2.6862721,3.5876656,1.3885534
1979-08-08 12:00:00,1.3391488,1.1952931,2.8942978,2.5056722,2.295382,1.3068699
1979-08-09 12:00:00,1.5481851,1.3668678,2.3261507,1.7961187,3.2470002,1.1338438
1979-08-10 12:00:00,2.3300543,2.0514781,4.466953,2.931377,3.2853398,2.8138855
1979-08-11 12:00:00,2.5657988,2.4591506,4.360416,3.084516,3.716031,2.2606697
1979-08-12 12:00:00,2.253223,2.526477,4.501005,2.7594383,4.2878723,2.4618845
1979-08-13 12:00:00,1.8115379,2.0426276,3.9019241,3.1395907,4.5036483,1.9590058
1979-08-14 12:00:00,1.9175756,1.5651121,3.0188053,2.3012645,3.0026693,2.2918277
1979-08-15 12:00:00,2.0012403,1.4698752,2.2694933,2.2640285,1.8497679,2.0697668
1979-08-16 12:00:00,1.4927561,1.40481,2.370604,2.4775743,2.1800807,1.7756224
1979-08-17 12:00:00,2.49048,1.7805063,3.887599,2.3861027,3.0782306,2.8177278
1979-08-18 12:00:00,2.6043801,2.0922952,3.6823115,2.2040005,2.6678333,2.221325
1979-08-19 12:00:00,1.5280248,1.2993063,2.4977877,3.889042,3.6210778,1.2384664
1979-08-20 12:00:00,1.8067945,1.6746824,3.9308124,3.2774796,4.322926,1.8165327
1979-08-21 12:00:00,2.9616747,2.3094177,6.292767,2.993525,2.8803048,2.6737587
1979-08-22 12:00:00,2.1923869,1.8575231,4.061647,3.066993,2.744651,3.094859
1979-08-23 12:00:00,2.6775222,2.3530493,3.7919686,3.9998558,2.5694652,2.9706616
1979-08-24 12:00:00,1.9321021,1.818551,2.8821604,2.648761,3.4301107,1.8926169
1979-08-25 12:00:00,1.6861935,1.3302045,1.9578044,1.831391,2.647099,1.4710954
1979-08-26 12:00:00,2.4574962,1.731908,2.5783734,2.3064232,1.9623454,2.3093708
1979-08-27 12:00:00,1.9364198,2.1622121,4.8628554,3.7158842,3.3741448,3.9271157
1979-08-28 12:00:00,2.987908,2.3973668,3.788418,3.3642015,4.057756,2.873043
1979-08-29 12:00:00,1.206918,0.9931863,2.572973,1.9597464,4.033452,1.5193639
1979-08-30 12:00:00,1.2325085,1.3281285,2.3542829,3.7411995,3.9695418,1.6781965
1979-08-31 12:00:00,4.823073,4.0330305,5.751394,5.097767,2.8772562,3.1041477
1979-09-01 12:00:00,4.055645,3.6733224,3.1977878,5.7813754,2.8819141,2.560534
1979-09-02 12:00:00,1.6309156,1.4749253,3.7170675,3.0186212,2.331323,1.7062366
1979-09-03 12:00:00,1.7812558,1.4594796,3.697559,1.8825631,2.9711013,1.7488769
1979-09-04 12:00:00,1.9675882,1.48965,3.0367963,2.9388065,2.8848429,1.656633
1979-09-05 12:00:00,2.5770855,1.8371059,3.1993256,3.238103,2.7560499,1.4633944
1979-09-06 12:00:00,2.290532,1.5768183,2.4070528,2.2728019,2.8131592,1.3673644
1979-09-07 12:00:00,1.617287,1.2372379,1.9937931,1.7444872,2.3319397,1.1490432
1979-09-08 12:00:00,1.8965129,1.6005541,4.047511,2.7269437,2.3324618,1.7623084
1979-09-09 12:00:00,2.3573337,2.1472995,5.38809,3.6641426,2.5259545,2.324
1979-09-10 12:00:00,2.787329,2.3896139,4.9629164,3.8139527,3.0129945,2.2279215
1979-09-11 12:00:00,2.398466,1.9920456,2.4982553,3.365195,2.2756064,1.8652514
1979-09-12 12:00:00,1.3545892,1.3868777,3.8208373,2.8982372,2.7282817,1.778195
1979-09-13 12:00:00,2.2673228,1.9323894,4.223454,3.6008856,3.5918539,2.8822348
1979-09-14 12:00:00,2.3430562,1.9453628,3.5276308,2.8394046,2.7056751,1.6637982
1979-09-15 12:00:00,3.175187,2.6700733,4.013288,3.5911164,2.9000733,2.1072605
1979-09-16 12:00:00,3.0010238,2.7038512,4.344964,4.7828164,5.2645864,2.571087
1979-09-17 12:00:00,2.3153977,1.9775381,3.567056,6.447548,7.2268004,3.3133366
1979-09-18 12:00:00,1.2676609,1.5220495,3.9353597,3.2667966,3.5904043,3.3009667
1979-09-19 12:00:00,2.0189016,1.6966034,3.6042209,3.3942163,3.1587203,2.8205163
1979-09-20 12:00:00,3.860545,3.0272043,5.323886,3.9663985,3.0886576,3.710023
1979-09-21 12:00:00,2.9551148,2.1447675,3.2573447,2.7474992,4.0550942,2.3407247
1979-09-22 12:00:00,1.9124324,1.6694741,2.982077,2.7064698,3.5709438,2.3577862
1979-09-23 12:00:00,3.640002,3.1021383,3.937285,3.9450426,6.0560465,2.7070384
1979-09-24 12:00:00,1.4770821,1.3109913,3.8571804,2.548048,6.3942466,2.1850023
1979-09-25 12:00:00,2.6486607,2.1890779,5.3926253,3.4559908,3.452196,2.7491827
1979-09-26 12:00:00,1.9914582,1.8539422,4.397026,3.5348525,2.5753498,2.6727238
1979-09-27 12:00:00,1.8396132,1.5983629,3.4445255,2.467564,2.2845895,1.9551224
1979-09-28 12:00:00,1.2910422,1.3189795,3.1448095,2.526765,3.096238,2.0532734
1979-09-29 12:00:00,3.0019238,2.3936548,5.2176785,3.6052728,6.5846915,3.4010997
1979-09-30 12:00:00,2.5911477,2.2068613,4.8721676,4.7957706,6.3423653,3.2723308
1979-10-01 12:00:00,2.4274895,2.0612574,5.2973123,5.5576673,7.3687367,2.8791037
1979-10-02 12:00:00,1.9417167,1.9516066,2.859708,5.2558208,8.284,1.7549905
1979-10-03 12:00:00,2.4199393,2.046368,5.256033,4.4545655,6.935455,2.3194492
1979-10-04 12:00:00,4.809806,4.1651163,6.4032507,5.9805036,5.616871,4.4122815
1979-10-05 12:00:00,1.671092,1.7795962,4.2784457,4.4989133,6.5777044,1.7779535
1979-10-06 12:00:00,3.5016692,2.81766,6.261742,4.4809165,3.1962965,3.9173036
1979-10-07 12:00:00,3.2602353,2.7648127,4.3967223,3.9321249,3.4863763,3.037952
1979-10-08 12:00:00,1.3614516,1.4506553,3.0191357,2.3811913,4.1831484,2.4060116
1979-10-09 12:00:00,3.0309746,2.2779913,3.8995285,2.814395,4.455968,2.4713626
1979-10-10 12:00:00,1.8176343,1.6710979,3.229667,3.261688,3.1954362,2.499494
1979-10-11 12:00:00,2.1034095,1.7890849,3.7500014,3.2782028,2.8921182,2.431559
1979-10-12 12:00:00,1.6216698,1.4401791,2.2092433,2.615933,2.2519145,1.3248379
1979-10-13 12:00:00,3.594397,2.9112017,5.066526,3.75432,3.4709861,3.0517366
1979-10-14 12:00:00,1.6134703,1.7009773,6.083649,3.9302318,4.1406083,3.7624407
1979-10-15 12:00:00,2.979836,2.414334,4.4310865,3.7423239,4.9327545,3.0161796
1979-10-16 12:00:00,3.2015603,2.5858593,4.8902555,3.5444355,5.0731363,3.29157
1979-10-17 12:00:00,2.79237,2.4426324,3.408263,3.376857,3.971089,2.3243055
1979-10-18 12:00:00,2.207928,1.653633,2.6629627,3.6442125,3.245633,2.3017874
1979-10-19 12:00:00,0.9704204,1.1140134,2.2377157,4.251859,3.9047282,2.2229767
1979-10-20 12:00:00,0.90679944,0.9971669,3.190754,3.2802076,4.713604,2.7920878
1979-10-21 12:00:00,2.034293,1.7245824,4.0895624,4.849874,4.8638678,3.3679621
1979-10-22 12:00:00,1.2183017,1.4675668,4.6051693,5.4283333,4.3738446,4.7155275
1979-10-23 12:00:00,1.8410983,2.0505886,4.0279775,4.9389153,5.098225,3.490078
1979-10-24 12:00:00,1.9787838,1.8468115,4.3341236,5.836672,5.5541987,4.2101994
1979-10-25 12:00:00,4.4914007,3.4009368,6.9085073,5.726654,6.0301967,3.176588
1979-10-26 12:00:00,4.038413,3.1174743,5.7259703,3.5875685,6.0035934,4.541104
1979-10-27 12:00:00,1.7650194,1.7618252,4.5481935,4.5576572,4.0720596,3.3274677
1979-10-28 12:00:00,1.9021138,2.0179,5.275186,3.9138355,5.9800825,3.2889032
1979-10-29 12:00:00,2.540544,2.237236,4.57392,4.3045344,5.9122047,3.1137083
1979-10-30 12:00:00,2.8700147,2.6997871,3.1591938,5.0478253,6.282173,2.2888923
1979-10-31 12:00:00,3.1662226,2.3562536,6.183689,4.9738846,4.94835,3.2553456
1979-11-01 12:00:00,2.7267447,2.1865928,6.5100737,4.3300996,4.896833,3.183118
1979-11-02 12:00:00,1.810745,1.7201813,6.4202833,3.7534246,5.357049,3.330734
1979-11-03 12:00:00,1.3967872,1.329047,5.4005485,2.7912865,6.084814,2.7250512
1979-11-04 12:00:00,2.2969637,1.6870672,6.1074505,2.7307398,4.9157505,2.775191
1979-11-05 12:00:00,2.3866453,1.8955474,6.823413,3.5125787,5.1326013,3.322159
1979-11-06 12:00:00,1.9130151,1.4424691,5.263876,2.20806,5.8917756,2.4234934
1979-11-07 12:00:00,1.0043355,1.1440961,3.6936255,1.6692566,5.7207227,1.6944044
1979-11-08 12:00:00,2.090282,2.1797507,2.2282043,4.3720756,7.422915,2.1762745
1979-11-09 12:00:00,2.35167,2.5798624,4.194339,4.9408216,5.72217,3.7980788
1979-11-10 12:00:00,1.4401621,1.4591529,3.7398098,2.6799679,3.8281279,2.7316797
1979-11-11 12:00:00,1.4681001,1.326408,2.7268896,2.8480258,4.0960393,2.049194
1979-11-12 12:00:00,3.360111,2.35679,4.050203,2.7262003,3.6066513,1.9653385
1979-11-13 12:00:00,2.668003,1.9345573,3.7182631,3.174574,3.8976593,2.3931253
1979-11-14 12:00:00,2.634254,1.9069796,5.1266146,3.1190052,4.6942096,2.6106246
1979-11-15 12:00:00,2.003602,1.4977491,4.214544,4.173865,3.386252,2.3444064
1979-11-16 12:00:00,0.6401049,1.0120816,3.3866816,4.7954645,2.8580134,2.1280177
1979-11-17 12:00:00,1.0864122,1.3013701,4.288429,4.0160193,3.731051,3.1889591
1979-11-18 12:00:00,1.8310981,1.548841,2.4347725,3.3216848,4.1859183,1.4616024
1979-11-19 12:00:00,0.7992067,0.9625337,2.3370187,4.3874426,5.5357304,2.2259858
1979-11-20 12:00:00,1.3489214,1.2326506,2.1561108,3.7224002,5.2919946,1.4744185
1979-11-21 12:00:00,1.849012,1.6991957,2.7217317,3.555605,5.664269,2.1560714
1979-11-22 12:00:00,1.799317,2.0279918,6.151938,6.5110326,5.341067,5.061558
1979-11-23 12:00:00,2.0497444,2.004319,3.597939,6.655183,7.2052975,3.3612328
1979-11-24 12:00:00,1.4759498,1.4933641,4.6896443,3.0162644,4.404789,2.4726992
1979-11-25 12:00:00,1.7219292,1.6317213,5.827457,4.8602295,4.8977356,3.6172698
1979-11-26 12:00:00,1.7235538,1.7298703,3.9712384,4.0427766,4.079243,3.2457094
1979-11-27 12:00:00,3.1144252,2.5744426,3.2833533,2.4483204,2.8338788,1.9949012
1979-11-28 12:00:00,2.580473,1.8898131,3.3041844,3.17222,3.4515488,2.038282
1979-11-29 12:00:00,1.6234434,1.6241348,3.215812,2.8474898,3.2041783,2.5926669
1979-11-30 12:00:00,1.1330262,1.4770106,6.710416,6.7192326,8.453435,5.514417
1979-12-01 12:00:00,1.1178522,1.4063506,5.4796557,5.4238095,7.7712946,4.1197643
1979-12-02 12:00:00,1.3626852,1.3933704,5.3024364,4.1469727,6.2137394,3.3732216
1979-12-03 12:00:00,1.839313,1.6712068,5.4347568,4.8895626,5.7984624,4.0899343
1979-12-04 12:00:00,1.5597498,1.647583,5.5646367,5.373643,6.2395077,3.7930293
1979-12-05 12:00:00,3.508119,2.4064937,6.2045193,3.7553449,6.507149,3.4119687
1979-12-06 12:00:00,2.8371553,2.2716317,6.553523,4.3121305,4.5844574,4.5413747
1979-12-07 12:00:00,2.6557388,2.3591552,5.393846,3.6048112,4.8040347,4.339861
1979-12-08 12:00:00,1.9157891,1.8197216,3.9885185,3.31883,4.7428327,1.8618069
1979-12-09 12:00:00,2.1334872,2.4372475,2.937081,3.7030978,4.332552,2.245684
1979-12-10 12:00:00,1.930214,1.8104631,6.1275835,5.0693736,4.0328264,4.4374495
1979-12-11 12:00:00,2.0887449,1.9641565,3.9891465,5.754971,6.1206703,3.670585
1979-12-12 12:00:00,2.8029537,2.6311624,7.3478937,5.283138,5.0436277,4.7647333
1979-12-13 12:00:00,3.5317812,3.2377553,6.786422,7.1333456,6.1098843,5.276573
1979-12-14 12:00:00,2.2505255,2.223768,5.823101,6.708764,6.782894,4.7421837
1979-12-15 12:00:00,2.4565415,2.4582496,5.5251746,6.3999147,6.8078957,4.7970924
1979-12-16 12:00:00,1.1249037,1.3404512,3.2470882,5.244037,6.667375,3.5162792
1979-12-17 12:00:00,3.5960536,3.3987973,6.576556,6.9375167,7.785566,4.4631224
1979-12-18 12:00:00,2.0090585,1.7037947,5.2273755,5.9590993,6.6696215,3.715289
1979-12-19 12:00:00,2.0396686,1.947017,5.348253,4.247694,4.441236,3.6875737
1979-12-20 12:00:00,0.99784815,1.1395543,4.290653,3.4490073,4.1710095,3.2998593
1979-12-21 12:00:00,1.8226043,1.9094037,4.795335,7.744474,5.4428144,3.374505
1979-12-22 12:00:00,1.5459263,1.8463285,2.745927,5.2089972,4.7521114,2.4685192
1979-12-23 12:00:00,0.9249595,1.0908264,4.2249427,5.7167344,7.2867527,4.357692
1979-12-24 12:00:00,0.7640675,1.0570581,4.559994,6.439993,8.712544,4.93877
1979-12-25 12:00:00,0.8873056,0.94109154,4.6324167,4.742733,5.157852,4.087118
1979-12-26 12:00:00,0.91431296,0.9524749,4.9786825,3.1490858,2.9398534,3.1404698
1979-12-27 12:00:00,2.357685,1.5951549,5.553933,2.9140344,4.9132113,2.5984807
1979-12-28 12:00:00,3.6473613,2.615368,5.501762,4.251783,4.905266,3.0724642
1979-12-29 12:00:00,2.0699654,1.9387581,3.9968486,5.3196406,6.3484654,2.7392836
1979-12-30 12:00:00,1.197643,1.2107791,4.2925973,3.0800543,6.64955,1.9310409
1979-12-31 12:00:00,0.8264527,1.0319242,3.557301,2.865127,6.0493345,1.6009136
1980-01-01 12:00:00,1.1334684,1.1609037,4.123279,2.527062,8.682878,1.9429865
1980-01-02 12:00:00,0.8610052,1.0082176,3.8209558,2.9750488,7.1305146,1.5434996
1980-01-03 12:00:00,2.378821,1.7900351,5.078021,3.7056255,5.323804,2.4798763
1980-01-04 12:00:00,2.5093846,1.8018903,5.790498,4.0310764,4.604084,2.9233868
1980-01-05 12:00:00,2.0511522,1.5379966,5.36815,3.3502734,4.512413,2.563859
1980-01-06 12:00:00,3.3326042,2.279828,5.34605,3.0598009,3.652602,2.9384325
1980-01-07 12:00:00,2.923225,2.1185424,4.359107,2.9483242,3.8676217,2.4972146
1980-01-08 12:00:00,2.2649546,1.715784,4.3898873,4.5885677,5.35602,2.825683
1980-01-09 12:00:00,1.8692834,1.2554315,5.013565,4.459241,5.579347,2.881766
1980-01-10 12:00:00,2.327591,1.4627273,5.4503126,2.7327063,3.6845965,2.5222661
1980-01-11 12:00:00,3.151944,1.932125,6.2998576,3.1395462,3.580026,3.0248952
1980-01-12 12:00:00,2.8391805,2.0229082,6.5624104,3.9523978,5.1812534,3.309693
1980-01-13 12:00:00,2.164871,1.609868,5.5006943,3.0376372,4.8942184,2.6467516
1980-01-14 12:00:00,1.3160518,0.9863562,3.7475045,2.1486902,3.0209403,1.4771038
1980-01-15 12:00:00,0.42629564,0.67901266,2.0536718,3.9920945,4.519253,2.3107367
1980-01-16 12:00:00,0.8079713,1.0118979,3.4941983,4.1524606,4.9621463,2.890998
1980-01-17 12:00:00,2.613533,2.1841834,4.562416,4.446864,3.7191627,2.5337586
1980-01-18 12:00:00,2.1458063,1.9956542,4.0591674,5.5859957,3.5481236,2.906968
1980-01-19 12:00:00,1.7249675,1.8582151,3.5306957,6.1930113,3.3893564,3.0597384
1980-01-20 12:00:00,1.2715821,1.554335,3.0036094,5.1550865,4.665367,1.889288
1980-01-21 12:00:00,2.809342,2.3243332,4.2592635,3.8425963,3.3421814,2.8274431
1980-01-22 12:00:00,1.2409072,1.475281,2.5385108,3.0015333,2.6941087,2.3478692
1980-01-23 12:00:00,0.841375,1.1423167,3.337759,5.3365073,4.777992,3.5910115
1980-01-24 12:00:00,1.5198219,1.5631133,6.044833,4.763642,5.546683,4.778866
1980-01-25 12:00:00,1.4053911,1.6303372,3.6322143,3.3911533,5.062786,2.4785144
1980-01-26 12:00:00,1.2176499,1.4600945,4.3724947,6.102225,4.7810903,3.2379608
1980-01-27 12:00:00,2.9806504,2.364072,5.711647,6.637274,5.4283133,4.1547804
1980-01-28 12:00:00,3.4310699,3.0401688,6.128205,9.235741,6.8401995,5.4453335
1980-01-29 12:00:00,1.5689814,2.1086617,4.213935,5.866974,7.096195,2.2539341
1980-01-30 12:00:00,1.3403783,1.3653613,2.3847818,3.5423214,3.9914665,1.6455444
1980-01-31 12:00:00,2.0797935,1.7775073,5.152898,7.1050506,6.7454443,4.568836
1980-02-01 12:00:00,2.5272956,2.0560377,5.074491,5.7242646,7.0492344,3.7403364
1980-02-02 12:00:00,3.6982453,2.8684204,6.5186715,7.0454617,7.3893967,5.1408257
1980-02-03 12:00:00,3.1826358,2.7164345,5.500998,5.054118,7.019008,4.012559
1980-02-04 12:00:00,0.8335482,1.200783,3.3081858,4.8574386,5.4095707,2.2796044
1980-02-05 12:00:00,2.391486,2.2547474,4.4569955,6.0800447,5.1604366,3.1522615
1980-02-06 12:00:00,2.9420996,2.4558415,3.5451775,6.983524,6.1337523,3.5623472
1980-02-07 12:00:00,2.5233464,2.3826663,6.7359734,6.9127107,7.985466,5.3141623
1980-02-08 12:00:00,3.7137966,3.2734082,5.47004,6.646566,6.8070564,4.2707357
1980-02-09 12:00:00,1.9990721,1.9847666,4.421141,5.838961,5.583096,4.1072164
1980-02-10 12:00:00,2.25983,2.0212386,5.368335,4.7973847,5.6032324,4.03062
1980-02-11 12:00:00,2.9019098,2.5529764,7.12809,5.209244,4.152109,4.389573
1980-02-12 12:00:00,1.9103937,1.7721145,4.280564,4.9971814,3.6823275,4.0100937
1980-02-13 12:00:00,2.744291,2.4887817,6.9537587,5.0997415,4.2468686,4.326101
1980-02-14 12:00:00,3.5141518,3.2145445,6.7909575,6.037402,4.0157413,4.7564616
1980-02-15 12:00:00,2.0622046,1.8412472,5.299536,4.6511216,3.30561,3.9207842
1980-02-16 12:00:00,0.9117285,1.1766737,6.2165604,3.6089332,2.6164925,3.8438916
1980-02-17 12:00:00,1.3577718,1.6028817,4.653275,5.153654,3.7353723,4.1292896
1980-02-18 12:00:00,2.8502364,2.5644724,6.7392683,5.6823063,5.8907385,4.7116966
1980-02-19 12:00:00,3.3367631,3.1035762,6.113406,6.6369114,5.798637,4.812678
1980-02-20 12:00:00,4.1918344,3.7768164,6.5183773,6.8511496,5.903853,4.987504
1980-02-21 12:00:00,1.7249665,1.5842669,3.7048416,5.5640693,4.5849123,3.5739176
1980-02-22 12:00:00,2.4871364,2.129173,5.795046,3.9278505,3.7940965,4.410661
1980-02-23 12:00:00,2.9915156,2.8442407,5.4455757,5.209176,4.5516376,4.482751
1980-02-24 12:00:00,2.5467718,2.3766987,4.1500745,5.281756,5.958054,3.3582387
1980-02-25 12:00:00,0.9980573,1.041293,2.8498437,4.6482406,7.5317035,2.2436748
1980-02-26 12:00:00,3.861291,3.0923097,5.183113,6.51235,8.083879,4.119542
1980-02-27 12:00:00,1.9179972,2.1189728,3.2263858,6.8573446,8.363969,2.993099
1980-02-28 12:00:00,2.2209184,1.7441179,4.03903,5.0672417,4.8717513,3.5001574
1980-02-29 12:00:00,1.9232458,1.853422,3.2032187,6.748161,5.9132986,2.9010935
1980-03-01 12:00:00,2.2165153,2.0064871,3.362498,7.5798097,6.8504696,3.411214
1980-03-02 12:00:00,2.6083622,2.5308933,4.3541236,6.6029706,5.9443836,3.7354732
1980-03-03 12:00:00,2.6466014,2.6062272,3.989804,5.628715,5.605515,3.1145015
1980-03-04 12:00:00,2.6668563,2.530848,6.013437,6.4174953,4.0054145,3.9858887
1980-03-05 12:00:00,3.1520672,3.3537703,4.8725634,6.298269,4.6410236,3.6449537
1980-03-06 12:00:00,1.1436819,1.3031665,2.6827126,3.7489188,4.496999,2.629525
1980-03-07 12:00:00,2.3531342,2.24102,2.9060547,4.810844,3.9695475,3.2297373
1980-03-08 12:00:00,3.0968378,2.667763,5.9777946,6.7443943,5.043253,4.5375247
1980-03-09 12:00:00,3.0392904,2.681776,6.893999,5.2883387,4.1692605,4.394614
1980-03-10 12:00:00,2.249257,2.3975694,3.0929098,4.1693697,3.7251382,2.0732715
1980-03-11 12:00:00,1.4958128,1.3740189,5.3084664,2.6986122,2.8256624,2.951788
1980-03-12 12:00:00,1.5620658,1.4008975,2.6314027,3.2517352,4.495341,1.5012736
1980-03-13 12:00:00,2.6285586,2.330967,5.745377,3.6338737,5.361518,4.40649
1980-03-14 12:00:00,3.898323,2.8066528,6.391775,3.1409917,5.817808,3.2807264
1980-03-15 12:00:00,2.398873,2.216494,7.5735426,5.0507016,6.425853,4.151134
1980-03-16 12:00:00,3.828173,3.0822628,4.966204,5.20129,5.278418,2.7170596
1980-03-17 12:00:00,2.3344133,1.8379662,5.5350227,4.483697,4.724735,2.8786175
1980-03-18 12:00:00,1.2740178,1.273099,4.058576,3.7391992,3.6014051,2.0588274
1980-03-19 12:00:00,1.4182662,1.4407598,2.40004,3.8718398,4.6224327,1.4759175
1980-03-20 12:00:00,2.4807866,2.325903,2.6964371,2.580704,4.0584874,2.2138205
1980-03-21 12:00:00,2.3046176,1.9354681,3.493023,2.270852,4.3048677,2.2069812
1980-03-22 12:00:00,1.7939965,1.5244712,4.927544,3.0473313,6.0791783,2.5980659
1980-03-23 12:00:00,1.0205944,1.1526212,5.771099,2.560884,6.1173596,2.8208692
1980-03-24 12:00:00,1.7072191,1.6054457,6.187619,2.705909,4.6905427,3.0120296
1980-03-25 12:00:00,2.3233528,1.9889694,6.6583576,3.2749808,3.6482232,3.1988459
1980-03-26 12:00:00,2.951993,2.3758101,5.790036,3.9993382,3.368644,2.6720545
1980-03-27 12:00:00,2.3564432,1.9546367,4.867026,3.6053407,3.6533823,2.2129889
1980-03-28 12:00:00,1.9278741,1.2994848,2.869784,1.9331815,3.911047,1.191525
1980-03-29 12:00:00,2.8305898,2.2188392,2.4816825,5.2387266,3.9443915,2.1383302
1980-03-30 12:00:00,3.0509505,2.412337,3.7907906,3.9032278,3.7949557,2.902052
1980-03-31 12:00:00,1.9619493,1.6670796,2.68439,3.408613,2.956847,1.795151
1980-04-01 12:00:00,1.8447307,1.457369,3.8608208,3.240727,6.084866,1.675028
1980-04-02 12:00:00,0.9408227,1.0450714,2.4070392,4.3935957,5.5910797,1.8474132
1980-04-03 12:00:00,2.4085984,1.8440328,3.9628012,2.5315623,5.1296573,2.4562006
1980-04-04 12:00:00,1.7511187,1.4324262,2.404839,2.7071574,7.884738,1.3291454
1980-04-05 12:00:00,1.8654829,1.8662542,3.1329768,4.038178,6.573084,1.6433141
1980-04-06 12:00:00,1.4778422,1.3278731,2.6732562,4.084247,5.137028,1.9200455
1980-04-07 12:00:00,2.903276,2.3248224,5.700727,3.4053922,5.131171,2.9478128
1980-04-08 12:00:00,4.4023476,3.9825816,5.8181753,6.1673927,6.244614,3.5243342
1980-04-09 12:00:00,3.3018198,3.2197824,3.0423782,5.533542,8.582561,1.7779546
1980-04-10 12:00:00,3.0646346,2.862197,4.6429157,5.2814617,8.343072,3.4351618
1980-04-11 12:00:00,2.7887692,2.7289236,4.3817897,5.61778,7.6482806,3.9141755
1980-04-12 12:00:00,1.8839836,2.1377544,5.4657416,5.107621,5.9347134,4.795116
1980-04-13 12:00:00,2.055904,2.318363,3.7591302,4.8821955,5.9733076,4.024708
1980-04-14 12:00:00,1.3696635,1.7757821,3.2118359,4.2707615,5.75005,2.8651028
1980-04-15 12:00:00,3.256112,2.9927626,3.5022693,4.291834,4.7108183,2.9757898
1980-04-16 12:00:00,1.7764032,2.141152,2.6382985,5.9510016,5.653722,3.0282536
1980-04-17 12:00:00,2.580193,2.6608207,2.9499807,5.1578,6.8595276,3.3007874
1980-04-18 12:00:00,3.3874302,3.2501063,3.8946457,5.039993,5.8536916,3.382038
1980-04-19 12:00:00,2.2110715,2.1576138,3.6894782,3.024768,2.6583445,2.3319056
1980-04-20 12:00:00,1.3291438,1.3481647,3.4441116,2.0419703,2.27917,2.2347267
1980-04-21 12:00:00,2.0182168,1.728724,4.0859537,3.1892097,2.497399,3.161955
1980-04-22 12:00:00,1.8788364,1.5283953,3.6195517,2.110745,2.1528707,2.3389735
1980-04-23 12:00:00,1.136373,1.1388423,2.202049,1.6178977,2.2100399,1.6953441
1980-04-24 12:00:00,2.9955242,2.3374836,2.8929946,2.6953897,2.7959206,1.5125877
1980-04-25 12:00:00,1.4287912,1.3023939,2.399929,2.7161682,2.349599,1.8763275
1980-04-26 12:00:00,2.0824795,1.9523672,3.325832,3.2453697,2.7959604,2.3457396
1980-04-27 12:00:00,3.616589,2.9977412,3.1411781,3.767959,4.3550305,2.041269
1980-04-28 12:00:00,1.6868789,1.8033257,2.5935676,4.0423427,3.823468,1.9149002
1980-04-29 12:00:00,1.8162944,1.7354838,2.6859238,4.229813,6.0788136,1.8224585
1980-04-30 12:00:00,1.8133385,1.5013533,3.0944169,2.7904408,7.080405,2.2449744
1980-05-01 12:00:00,3.018241,2.6716957,5.300964,4.3240733,4.684334,2.6893554
1980-05-02 12:00:00,2.6281288,2.2763224,4.8011928,4.5640454,4.9906054,2.4092555
1980-05-03 12:00:00,2.642675,2.2675054,3.4237094,3.872498,4.40029,2.203864
1980-05-04 12:00:00,1.8459637,1.516402,3.3531172,2.7614756,4.3521075,2.2082603
1980-05-05 12:00:00,1.1092341,1.303553,3.0933113,4.1510825,4.096357,3.194685
1980-05-06 12:00:00,1.6297702,1.3712536,3.304761,3.3904421,4.553857,2.398814
1980-05-07 12:00:00,1.2755712,1.1353996,2.2250426,2.7226377,5.2774634,1.216135
1980-05-08 12:00:00,0.881558,0.9067348,1.5397985,2.3310587,3.585267,1.1662878
1980-05-09 12:00:00,1.1226074,1.0999026,1.8655674,2.2116046,2.7947824,1.6204954
1980-05-10 12:00:00,2.115314,1.8041527,3.0106456,3.1544013,2.9185102,2.3922026
1980-05-11 12:00:00,2.0218883,1.7442126,3.5417352,3.4125495,3.6628675,3.1333945
1980-05-12 12:00:00,2.5688667,2.1166394,3.2319305,4.4662733,4.1535673,2.7271178
1980-05-13 12:00:00,3.281319,2.6108017,4.6262245,4.9243445,3.1909673,3.3970249
1980-05-14 12:00:00,2.620131,1.9806535,2.9732583,3.6498134,2.534793,1.9900756
1980-05-15 12:00:00,0.9288901,1.3143475,3.8149934,3.5609226,2.832795,2.2779346
1980-05-16 12:00:00,2.4253035,1.9350256,2.8181684,2.0909986,3.1923294,1.7464306
1980-05-17 12:00:00,2.4414687,2.022009,2.9211977,2.9215991,3.8042595,1.7591678
1980-05-18 12:00:00,4.04041,3.4046571,5.6433635,4.661636,4.0132656,2.7464921
1980-05-19 12:00:00,3.1611533,2.5868747,3.1459367,6.4368634,5.7011805,2.0397685
1980-05-20 12:00:00,0.9881105,1.1449178,2.4120867,2.5187666,6.129122,1.939794
1980-05-21 12:00:00,0.977435,1.2022393,2.6084716,1.7993796,3.9074457,1.7375824
1980-05-22 12:00:00,1.3610083,1.2437743,2.6879692,2.8118565,4.4107294,1.7966934
1980-05-23 12:00:00,1.3117843,1.3510245,3.961855,3.4114125,3.7734272,2.2349403
1980-05-24 12:00:00,2.6060503,1.9439688,4.2823462,4.9278107,4.545756,2.0109718
1980-05-25 12:00:00,3.4805171,2.6308098,4.4216194,6.0656204,3.920928,2.417618
1980-05-26 12:00:00,4.3063016,3.5188026,4.300039,5.296234,3.5365348,2.4051394
1980-05-27 12:00:00,3.4264233,2.8153465,2.8911579,3.4379184,2.6181855,1.6631101
1980-05-28 12:00:00,1.9307146,1.4644413,2.71427,2.7458756,3.2724533,1.9626925
1980-05-29 12:00:00,2.0698276,2.10072,3.3379714,3.2216458,3.6563222,1.8119075
1980-05-30 12:00:00,1.5439099,1.5689529,2.186903,2.7607522,2.788281,1.756989
1980-05-31 12:00:00,1.9317766,1.7195961,2.3212256,3.142275,2.6390955,1.642903
1980-06-01 12:00:00,2.3944666,1.8813989,2.4858165,2.9066374,3.528233,1.7984643
1980-06-02 12:00:00,2.4581494,2.1283786,2.901217,3.6407049,3.4486103,2.2574816
1980-06-03 12:00:00,2.0060475,1.6995989,3.1974373,3.7158208,3.2781582,2.305204
1980-06-04 12:00:00,2.7008858,2.4244275,3.9274645,5.3174686,4.0076942,3.4718657
1980-06-05 12:00:00,2.2898388,2.0690455,2.8148732,4.319889,4.9081593,2.6418478
1980-06-06 12:00:00,1.0338657,1.2469947,1.6925842,2.7556336,3.391793,1.563736
1980-06-07 12:00:00,1.9714084,1.6816673,2.9287052,3.5960777,2.901233,1.9308915
1980-06-08 12:00:00,2.734313,2.2431846,3.5534782,2.785707,3.8235395,2.1522105
1980-06-09 12:00:00,1.475591,1.629073,2.9161417,2.6466758,5.6924915,1.4871588
1980-06-10 12:00:00,1.9573587,2.1415133,3.3482199,2.9025178,4.1771455,2.8653533
1980-06-11 12:00:00,2.2832313,2.5920155,3.3120944,3.7317395,4.7948804,3.3919687
1980-06-12 12:00:00,3.2075152,2.7951853,5.1075554,4.392623,4.6286416,4.8532786
1980-06-13 12:00:00,3.9080408,3.254164,4.2807865,4.873125,5.4268665,3.5413363
1980-06-14 12:00:00,1.5665058,1.7737368,3.787487,2.626265,5.888545,2.4344714
1980-06-15 12:00:00,2.2711987,1.8837144,3.8883264,2.9865875,3.379056,2.7908888
1980-06-16 12:00:00,1.2133192,1.4111876,2.4032035,3.2089884,3.3628683,2.0991545
1980-06-17 12:00:00,1.6889868,1.3090941,2.361566,2.997994,5.5883846,1.4116381
1980-06-18 12:00:00,0.9071201,1.0388527,2.474411,3.259633,5.2904983,1.3858793
1980-06-19 12:00:00,1.5817361,1.5880978,1.7332108,4.098682,3.884781,1.3094406
1980-06-20 12:00:00,2.1408906,1.776474,2.6919808,4.0874147,3.5985963,1.5785892
1980-06-21 12:00:00,1.5572429,1.4456187,2.2452486,3.0211,4.780204,1.8449278
1980-06-22 12:00:00,0.8192403,0.97692186,1.8239098,2.1202226,4.8813963,1.384656
1980-06-23 12:00:00,1.4412934,1.2839445,2.1230214,2.6291473,4.111336,1.5929767
1980-06-24 12:00:00,1.707782,1.4387273,2.1343098,3.354309,4.218716,1.5249602
1980-06-25 12:00:00,1.6344466,1.5185691,2.1180732,3.1951704,4.3861704,1.3206981
1980-06-26 12:00:00,1.2980369,1.165318,2.6001198,3.5258825,3.6901631,1.3307924
1980-06-27 12:00:00,2.5905733,1.9552503,3.2096913,2.7858224,3.5088768,1.7172995
1980-06-28 12:00:00,2.917873,2.1219954,2.4655218,1.8056213,3.821381,1.3089654
1980-06-29 12:00:00,2.094657,2.031388,2.5686069,2.650733,3.5895648,1.6119488
1980-06-30 12:00:00,1.9375545,1.5069026,2.5212197,2.1030447,3.294452,1.6329819
1980-07-01 12:00:00,2.8521934,1.9067515,2.6848,2.3139446,3.4381216,1.4617617
1980-07-02 12:00:00,3.404243,2.3577006,3.1879544,2.731989,5.411082,1.9448302
1980-07-03 12:00:00,2.5837772,2.3168797,4.5935416,2.657937,3.6117725,2.501824
1980-07-04 12:00:00,4.323286,3.819392,6.554252,4.0180745,3.946535,3.213575
1980-07-05 12:00:00,3.0684774,2.5209024,3.4294767,5.6061378,5.3821907,2.4054663
1980-07-06 12:00:00,1.1403655,1.0389707,2.7884111,3.7410505,6.351372,2.2271638
1980-07-07 12:00:00,2.8818665,2.1504698,3.7517977,2.8235242,3.5603552,2.4843054
1980-07-08 12:00:00,2.2870705,2.0723648,4.226963,3.7277188,2.544975,2.885543
1980-07-09 12:00:00,2.7049046,2.1046662,3.57872,3.2958984,2.201599,2.1133373
1980-07-10 12:00:00,2.533658,2.147412,3.8311365,3.2697613,2.2091486,2.912536
1980-07-11 12:00:00,2.6624084,2.700076,5.1993036,3.6937625,2.8947449,3.3301344
1980-07-12 12:00:00,3.4152074,3.1488626,3.6546502,6.867979,5.050889,3.8895533
1980-07-13 12:00:00,1.0337462,1.1701826,2.3349495,3.128124,6.0131407,1.4694754
1980-07-14 12:00:00,1.8502274,1.6450539,2.4782267,2.226252,3.0496624,1.2072388
1980-07-15 12:00:00,1.6780688,1.465417,1.813552,1.9157649,2.1545072,1.1139292
1980-07-16 12:00:00,2.6974862,2.1543732,2.2318308,2.5911396,2.1873953,1.4351112
1980-07-17 12:00:00,2.6836638,2.446343,3.8968892,3.7447429,3.303139,2.6147878
1980-07-18 12:00:00,1.8464954,1.5713643,3.2268484,2.735127,3.501661,2.4662874
1980-07-19 12:00:00,1.6609437,1.3602802,3.184844,5.061674,3.002459,2.6408327
1980-07-20 12:00:00,1.9603674,1.6636271,2.6816185,5.5837283,3.4565885,2.0592885
1980-07-21 12:00:00,2.2058637,1.7475128,2.7361612,3.5427773,3.0392604,1.6645652
1980-07-22 12:00:00,1.6514089,1.5158855,2.736076,2.931124,2.9481432,1.6634731
1980-07-23 12:00:00,3.573961,2.6635416,4.1318173,3.7196581,2.9860075,2.9418702
1980-07-24 12:00:00,2.3171089,1.9227285,4.5977006,3.7423356,3.732713,1.998996
1980-07-25 12:00:00,2.9286942,2.4166207,3.1934667,2.8794935,2.7634566,1.590111
1980-07-26 12:00:00,2.027461,1.8809513,3.7284224,3.3948088,3.2813034,1.9518384
1980-07-27 12:00:00,2.6472611,2.4392238,3.973212,3.9852262,2.7819705,3.0497112
1980-07-28 12:00:00,1.1494882,1.1155342,1.9334319,2.3294437,2.6941502,1.1689999
1980-07-29 12:00:00,1.1318897,1.0318732,1.9900621,3.2481332,2.6298292,1.7389011
1980-07-30 12:00:00,1.2832963,1.3112503,1.7260511,2.9661498,3.3345377,1.2919812
1980-07-31 12:00:00,1.3407037,1.3001559,2.1971786,2.096421,3.4270031,1.2486697
1980-08-01 12:00:00,1.2069795,1.1158239,2.0980294,1.4258355,3.1216986,1.2396444
1980-08-02 12:00:00,1.000453,0.9156463,2.1076198,1.7366104,2.0442858,1.1049311
1980-08-03 12:00:00,0.80519414,0.9454748,1.9197552,2.0899575,2.1100423,1.4401455
1980-08-04 12:00:00,1.2710422,1.091202,1.5393814,2.3075063,2.6377907,1.5012225
1980-08-05 12:00:00,1.1693355,1.1082474,1.803916,3.1983683,3.6041536,1.2141969
1980-08-06 12:00:00,1.6615232,1.3648047,2.2354193,4.8029933,3.7757835,1.8755245
1980-08-07 12:00:00,2.0715675,1.756531,1.9037935,4.589051,3.0437078,1.3565278
1980-08-08 12:00:00,2.3720424,1.9746114,3.2020712,3.1984768,2.4840906,2.4415386
1980-08-09 12:00:00,3.0845516,2.552319,3.5401733,3.5516388,2.9056258,3.1481678
1980-08-10 12:00:00,2.3069787,1.8634487,2.9563038,3.3953385,4.3404036,2.139679
1980-08-11 12:00:00,2.6081996,2.2571716,3.060587,2.819464,3.2537062,2.1548707
1980-08-12 12:00:00,1.6722769,1.6966578,2.7540026,2.3812277,3.6286316,1.6176072
1980-08-13 12:00:00,1.9665692,1.7634611,3.0666344,3.1845515,3.5005736,2.0090604
1980-08-14 12:00:00,3.3438363,3.1111531,4.9647937,5.564758,3.8232877,3.6389456
1980-08-15 12:00:00,3.1015394,2.5422754,5.141798,5.40296,5.4598184,3.4382892
1980-08-16 12:00:00,3.6977024,3.148285,4.912228,5.5940876,3.6375608,4.76619
1980-08-17 12:00:00,2.8932908,2.759551,4.299219,7.3024573,2.9248025,3.338441
1980-08-18 12:00:00,2.8773425,2.568795,3.3599308,5.9270587,4.754644,2.1681697
1980-08-19 12:00:00,1.8113143,1.7314512,2.4181905,4.114481,5.611191,1.9987359
1980-08-20 12:00:00,2.3495731,2.0564356,3.5948398,4.496018,4.869193,2.9281042
1980-08-21 12:00:00,2.604599,2.1955392,4.072565,3.4239237,4.309319,2.7948117
1980-08-22 12:00:00,2.181736,1.8650695,3.6876078,3.2798371,5.371411,2.23481
1980-08-23 12:00:00,2.026432,1.8552002,3.6507363,4.7518187,4.561629,3.1897748
1980-08-24 12:00:00,2.7866006,2.4987893,3.6707108,4.4103794,2.9927943,2.7187681
1980-08-25 12:00:00,1.6872144,1.4497327,2.8693705,3.3108292,3.5913513,1.4785599
1980-08-26 12:00:00,2.6487164,2.4509685,3.6797898,3.9559078,2.9534936,2.8223548
1980-08-27 12:00:00,3.3393843,2.6591954,3.7633746,3.840261,3.548079,2.9737206
1980-08-28 12:00:00,2.1355631,2.0051956,4.7552323,3.5852644,4.1334105,3.80853
1980-08-29 12:00:00,2.956803,2.4185777,5.795082,3.1438224,5.3094325,2.6458647
1980-08-30 12:00:00,2.7328024,2.108785,4.1025176,5.234922,6.798542,2.8950214
1980-08-31 12:00:00,2.9581306,2.5482173,4.708313,3.720829,4.372253,3.484253
1980-09-01 12:00:00,2.1218824,2.290593,2.907225,4.2994275,2.9884222,2.2073934
1980-09-02 12:00:00,0.7599805,0.9621874,2.445138,3.8870077,4.322585,2.7921913
1980-09-03 12:00:00,0.9188569,0.96591026,2.6184013,2.741376,2.604563,2.5512943
1980-09-04 12:00:00,1.509057,1.5632766,4.654672,2.7249236,2.1422026,2.866226
1980-09-05 12:00:00,3.399712,3.2186716,5.769386,5.3096466,4.0487227,3.2431123
1980-09-06 12:00:00,3.7271523,3.1648574,5.2454634,4.724428,4.342448,3.642274
1980-09-07 12:00:00,2.0327966,1.7999939,4.3097305,4.192001,3.9269323,2.8098466
1980-09-08 12:00:00,1.7767565,1.809946,3.1304898,4.4256167,4.034969,1.855988
1980-09-09 12:00:00,1.7029223,1.7153612,2.9968424,5.072616,3.6392753,3.110095
1980-09-10 12:00:00,4.7445946,4.009483,6.57927,7.495645,5.267405,5.490084
1980-09-11 12:00:00,3.7231073,3.3023298,4.4709487,7.7177243,4.81905,3.6999817
1980-09-12 12:00:00,1.4097862,1.5592535,2.4598904,4.8084307,6.0604625,3.0175056
1980-09-13 12:00:00,3.6983318,3.0575461,5.314177,4.1199827,4.3429394,2.9640245
1980-09-14 12:00:00,3.9105701,3.2360916,4.676167,6.1971674,6.286351,3.168255
1980-09-15 12:00:00,1.9362699,2.2594469,4.2928753,4.8636146,5.5540004,4.291978
1980-09-16 12:00:00,1.7677343,1.8860598,3.3728478,4.436421,3.3977537,3.2510893
1980-09-17 12:00:00,2.8954606,2.6108048,4.5598145,3.976999,3.2125158,2.654136
1980-09-18 12:00:00,2.8144464,2.311656,3.635934,5.51824,5.433458,2.1975331
1980-09-19 12:00:00,2.8302813,2.0035203,4.415176,3.9416723,5.3534555,2.7510066
1980-09-20 12:00:00,1.6459575,1.6702436,4.1344852,3.4439197,4.8597045,3.2346113
1980-09-21 12:00:00,1.3534913,1.7292829,4.4618316,3.7347724,4.2694573,3.5645173
1980-09-22 12:00:00,1.6044319,1.9956834,4.2974124,4.5725503,5.0022163,3.9729779
1980-09-23 12:00:00,2.2995248,2.5470784,2.9776537,5.174304,6.6454625,3.1893554
1980-09-24 12:00:00,1.6510506,1.576518,2.6951773,2.7691574,7.9745274,2.0746965
1980-09-25 12:00:00,2.5593472,2.376331,3.7072906,5.3823404,5.7586274,3.8568656
1980-09-26 12:00:00,1.4695587,1.4827876,2.9146807,6.193441,5.7305636,3.3530676
1980-09-27 12:00:00,1.4568298,1.6405361,2.1733117,4.5590467,4.9368644,2.4319432
1980-09-28 12:00:00,0.8437128,0.95496964,1.7782705,3.7307684,5.927251,1.9305384
1980-09-29 12:00:00,1.826855,1.7364197,3.3749635,4.198633,6.5211368,3.3526888
1980-09-30 12:00:00,2.8566208,2.4686966,2.9282138,5.2423472,6.092231,2.722636
1980-10-01 12:00:00,1.2495722,1.2976325,2.3268716,4.801717,5.8976717,1.826765
1980-10-02 12:00:00,1.0273046,1.2799294,1.8780192,3.9637654,5.500879,2.2016473
1980-10-03 12:00:00,2.1085873,1.5441995,2.891722,2.7688239,4.333544,2.001717
1980-10-04 12:00:00,2.0463777,2.131341,4.931822,5.0908027,3.1385272,4.274149
1980-10-05 12:00:00,3.0773647,2.5094492,3.8366911,4.7043467,6.1661954,2.8289454
1980-10-06 12:00:00,1.9865943,1.7951696,3.8230288,3.8049593,6.4091053,2.5763767
1980-10-07 12:00:00,2.4368918,2.203867,4.1471667,3.9394212,4.414258,2.1735656
1980-10-08 12:00:00,1.5701594,1.3199196,2.9068024,3.147537,3.5101762,2.1328652
1980-10-09 12:00:00,2.4162827,1.9565758,1.7431,2.6714919,3.433222,1.2741026
1980-10-10 12:00:00,1.9671001,1.5022144,2.149867,4.489711,3.7163594,1.3883321
1980-10-11 12:00:00,1.1615715,1.6314175,2.2379766,4.6733537,3.7138994,2.7610686
1980-10-12 12:00:00,1.6061692,1.3966682,2.0463977,5.162431,5.118081,1.9628477
1980-10-13 12:00:00,3.0557978,3.2779062,6.071632,9.2681675,6.236825,4.9213796
1980-10-14 12:00:00,5.675566,5.2199125,8.335447,10.436475,8.799364,6.361855
1980-10-15 12:00:00,5.662019,4.869409,6.960187,7.7763934,5.6660295,4.9405236
1980-10-16 12:00:00,4.238499,3.7418816,5.329776,4.8357306,4.788887,3.5607016
1980-10-17 12:00:00,1.9055959,1.6845456,2.3620367,3.5541592,3.772832,2.132424
1980-10-18 12:00:00,1.6482782,1.7511457,4.529808,5.013346,4.7965546,3.8364263
1980-10-19 12:00:00,0.9858859,1.2346812,4.121535,2.8441567,3.5096178,2.01857
1980-10-20 12:00:00,0.5884816,0.84458953,2.5391943,2.116315,3.6486793,1.5170417
1980-10-21 12:00:00,0.95610064,1.0906917,2.4529555,4.3238993,5.1187577,2.5333304
1980-10-22 12:00:00,1.07649,1.212707,4.11694,4.9959183,6.220813,2.8787298
1980-10-23 12:00:00,2.1606345,2.047287,4.0796266,5.9198,4.539708,3.3780744
1980-10-24 12:00:00,1.747008,1.7250185,3.9622765,4.4584327,2.49703,2.4854076
1980-10-25 12:00:00,1.9441072,1.9628367,3.8333373,4.1011033,2.090097,2.534298
1980-10-26 12:00:00,0.96733165,1.0055557,1.8123404,2.629525,2.952963,1.3132513
1980-10-27 12:00:00,1.7929561,1.5489563,2.9241855,1.8250167,4.0816917,1.6247709
1980-10-28 12:00:00,4.4319277,3.1625855,4.4840617,2.4341073,2.6268444,2.3770685
1980-10-29 12:00:00,4.0270944,3.0965724,3.5229743,2.454328,3.1471403,2.2425318
1980-10-30 12:00:00,4.2816114,3.8973634,3.899206,3.5516956,3.0461357,3.2812443
1980-10-31 12:00:00,1.6562908,1.5665119,2.6434422,4.2064,3.6426818,2.522675
1980-11-01 12:00:00,2.0923998,1.9005393,4.7352405,5.87794,5.2784443,3.3460407
1980-11-02 12:00:00,0.8931765,0.97903633,2.6810358,3.8162336,3.683391,2.3384473
1980-11-03 12:00:00,1.003525,0.9289453,3.5286222,2.5796914,3.7628663,2.0571663
1980-11-04 12:00:00,1.4185579,1.2184907,4.5709944,2.1051946,3.2301447,2.171931
1980-11-05 12:00:00,1.7395309,1.404649,4.4248075,2.3096654,2.935335,2.0682042
1980-11-06 12:00:00,2.192597,1.494411,4.2284117,2.7081754,3.3246384,1.9346344
1980-11-07 12:00:00,1.8279711,1.5998296,4.538694,3.5558765,4.3597736,2.293909
1980-11-08 12:00:00,1.8090751,1.6701515,5.3663363,3.9459476,3.7259512,3.02197
1980-11-09 12:00:00,1.5781337,1.401813,5.0818243,2.395539,2.8910582,2.5524085
1980-11-10 12:00:00,1.7837613,1.2464247,4.422833,2.5765452,3.118013,2.150593
1980-11-11 12:00:00,2.8553443,1.9414219,4.356052,2.4213033,3.7303972,1.9349315
1980-11-12 12:00:00,2.0236914,1.407354,3.6097405,2.2852855,4.7921233,1.5112906
1980-11-13 12:00:00,1.1266149,1.1386963,2.1311567,3.122801,6.0971723,1.3642621
1980-11-14 12:00:00,0.60902166,0.97116643,1.6892587,5.534081,7.4965906,2.0052667
1980-11-15 12:00:00,0.6875989,0.8275406,1.8871661,4.4891334,6.126283,2.3982823
1980-11-16 12:00:00,1.2402363,1.2716987,3.4576159,5.0950203,4.8162236,3.2612896
1980-11-17 12:00:00,3.4910424,3.2229996,6.8483295,6.769604,6.2637405,5.11627
1980-11-18 12:00:00,4.454068,3.9864023,4.652484,4.8090487,8.165599,2.7692647
1980-11-19 12:00:00,1.6024945,1.7477622,2.6295295,4.52821,6.50656,1.6111339
1980-11-20 12:00:00,1.2465774,1.3208007,4.022693,5.158468,6.8241034,2.5661156
1980-11-21 12:00:00,3.1427536,2.6117227,5.300489,5.7803717,6.0479884,4.445082
1980-11-22 12:00:00,1.1754025,1.2049334,4.335422,5.349791,7.3310685,3.5866191
1980-11-23 12:00:00,2.5637841,1.8584529,3.4522462,4.1378565,5.8354783,2.142964
1980-11-24 12:00:00,1.3473308,1.5107822,2.8849185,3.5279975,4.919514,2.0159829
1980-11-25 12:00:00,1.2947497,1.2071002,2.907295,4.6663847,5.3866596,1.8645666
1980-11-26 12:00:00,1.6531407,1.4366277,4.5168204,2.470064,4.6826873,1.947853
1980-11-27 12:00:00,2.505741,1.7924147,4.780236,3.1417005,4.9328437,2.2012718
1980-11-28 12:00:00,1.8601137,1.4270494,3.9586344,3.403993,4.3586965,2.2104414
1980-11-29 12:00:00,1.7110112,1.2048551,4.3075957,2.4645994,3.2923596,2.1117644
1980-11-30 12:00:00,1.6268394,1.2039921,4.3615437,3.069942,2.758288,2.348724
1980-12-01 12:00:00,1.5448029,1.1987929,4.3249435,2.599498,2.5279956,2.267862
1980-12-02 12:00:00,0.80001545,0.8106694,3.783049,2.527437,2.670108,2.768624
1980-12-03 12:00:00,1.7242932,1.3659357,3.1931062,3.2928097,3.0687685,2.554917
1980-12-04 12:00:00,0.94865596,0.98575187,3.0666049,4.118977,4.264466,2.568589
1980-12-05 12:00:00,1.5399225,1.281543,4.217171,3.4753304,3.841912,2.5186903
1980-12-06 12:00:00,2.3039095,2.3384688,5.3889627,3.9439423,3.7728577,3.134547
1980-12-07 12:00:00,2.981624,2.4113495,3.4023843,4.4275255,4.5366454,2.1788778
1980-12-08 12:00:00,1.3290076,1.6190121,2.1150253,3.801912,4.7080626,1.4855139
1980-12-09 12:00:00,0.74657494,1.0884013,2.8137841,3.422886,4.581986,2.922086
1980-12-10 12:00:00,1.8132278,2.0378907,6.422492,6.563729,4.564126,4.990154
1980-12-11 12:00:00,3.901,2.8785594,6.1366096,5.722731,4.8063335,4.5330434
1980-12-12 12:00:00,4.830816,3.7601986,7.249169,7.3205667,4.9820776,5.304319
1980-12-13 12:00:00,4.1905026,3.2709923,5.7875824,7.292952,6.5195575,5.24726
1980-12-14 12:00:00,2.9738107,2.1442769,4.313762,4.194343,3.8045905,4.061445
1980-12-15 12:00:00,1.6010517,1.3975722,4.2350717,3.4763398,5.1236486,2.8452442
1980-12-16 12:00:00,1.117037,1.0981171,3.2490144,2.6639392,4.3638554,2.1746168
1980-12-17 12:00:00,1.0263882,1.270311,2.2391758,4.513993,5.2979097,2.301893
1980-12-18 12:00:00,1.7490869,1.58185,3.6161935,4.5128517,5.5866513,2.5419545
1980-12-19 12:00:00,1.6469418,1.7359304,2.774675,5.181815,4.2564487,2.369611
1980-12-20 12:00:00,3.0029545,2.5424273,6.5125074,7.6961613,7.5983014,4.8097157
1980-12-21 12:00:00,3.8954594,3.2420883,6.868995,8.551523,7.18245,5.322513
1980-12-22 12:00:00,1.3777373,1.3004687,4.329217,4.440768,5.888899,2.967449
1980-12-23 12:00:00,2.1858394,2.004622,3.598364,5.231717,4.367352,2.5761883
1980-12-24 12:00:00,2.1702325,1.6735301,4.643742,4.7797337,6.198635,2.750874
1980-12-25 12:00:00,0.9497533,1.0874995,3.5924215,3.619554,4.450385,3.0169594
1980-12-26 12:00:00,1.4092993,1.4878341,4.1497,5.071266,5.2519336,2.345649
1980-12-27 12:00:00,2.7654324,2.3042717,5.5749903,6.1168814,4.9715643,3.825956
1980-12-28 12:00:00,3.6326013,3.2941551,4.360986,7.4044995,5.575009,3.9486969
1980-12-29 12:00:00,2.7384305,2.3123446,5.457983,6.481622,5.8566427,3.9676874
1980-12-30 12:00:00,1.428044,1.1703502,5.8722367,4.9005876,3.9981534,3.9881635
1980-12-31 12:00:00,1.5747854,1.1505322,5.2067437,4.420978,4.1240525,3.8432925
1981-01-01 12:00:00,1.2724363,1.259718,3.3697665,5.9670405,4.1112065,3.4235833
1981-01-02 12:00:00,1.5559034,1.617471,5.1717114,7.237767,4.846379,3.9832907
1981-01-03 12:00:00,1.5029076,1.5144839,4.5662527,3.828297,5.004846,3.3974795
1981-01-04 12:00:00,2.3944845,1.95018,5.170766,3.7151015,4.8885264,3.731299
1981-01-05 12:00:00,1.5230305,1.3964604,4.006661,3.002171,3.9394627,3.0071468
1981-01-06 12:00:00,1.6027284,1.4187996,4.051621,3.0318732,4.4237275,2.3992329
1981-01-07 12:00:00,1.6965364,1.3729268,5.3206353,3.9787562,4.251646,3.0462399
1981-01-08 12:00:00,1.680698,1.4621093,7.1377573,4.2917733,4.6154156,4.154863
1981-01-09 12:00:00,2.4942298,2.2109005,3.6687133,6.288171,5.7614856,3.4932423
1981-01-10 12:00:00,1.19857,1.3758,3.246007,4.234148,5.424855,2.5118146
1981-01-11 12:00:00,1.5230861,1.2503953,3.68125,2.8442538,5.42057,2.4690604
1981-01-12 12:00:00,1.7713308,1.437421,5.8754563,4.0033903,4.615151,3.6844714
1981-01-13 12:00:00,2.7304254,2.3094714,6.621564,4.3402505,3.8124342,3.9490979
1981-01-14 12:00:00,1.6084194,1.3316165,4.303151,4.2512126,5.382107,3.1719604
1981-01-15 12:00:00,1.5485103,1.5291427,5.076717,5.936718,5.682334,4.6983376
1981-01-16 12:00:00,4.4437857,3.2696319,6.4559994,6.7037783,6.433702,4.7001777
1981-01-17 12:00:00,2.1905406,1.9768664,4.4214315,7.00402,7.381902,3.8109474
1981-01-18 12:00:00,2.996317,2.355957,5.628581,6.672534,6.1466174,4.280409
1981-01-19 12:00:00,2.9845548,2.3264334,5.4619837,5.945879,5.4217086,4.1714954
1981-01-20 12:00:00,2.5964894,2.253938,6.400005,5.817258,6.806492,4.705645
1981-01-21 12:00:00,3.6073492,3.1523705,7.7007337,8.055577,8.172147,5.920021
1981-01-22 12:00:00,3.2422917,2.4748485,6.130016,6.2008367,8.0132675,4.1051354
1981-01-23 12:00:00,2.866726,2.030758,6.1206636,6.5478945,7.7552752,4.205888
1981-01-24 12:00:00,2.3175101,2.2254999,5.187881,6.805829,6.5321717,3.9462993
1981-01-25 12:00:00,3.6825492,3.4044552,7.518972,9.083084,5.186944,5.512944
1981-01-26 12:00:00,2.0816922,2.1732945,4.124708,5.3080316,6.0896134,3.5740993
1981-01-27 12:00:00,3.6889873,2.9081995,6.038375,7.0407567,7.7226987,4.290569
1981-01-28 12:00:00,3.6629705,3.0405328,6.783144,6.502397,7.267886,4.600679
1981-01-29 12:00:00,3.6414154,3.410299,6.0214906,6.8418016,5.77251,4.611936
1981-01-30 12:00:00,2.5579772,2.4935904,5.619354,6.98529,6.2876287,4.3524475
1981-01-31 12:00:00,4.1637435,3.9510314,7.949517,10.041944,4.7512126,6.073497
1981-02-01 12:00:00,1.8641505,2.2612119,6.110896,5.019566,4.388688,2.818842
1981-02-02 12:00:00,2.371739,2.0009296,6.3898063,5.397945,5.0250444,4.491302
1981-02-03 12:00:00,2.217432,1.828111,5.6264467,6.5053983,6.0551596,3.168048
1981-02-04 12:00:00,2.2429323,2.1320014,5.117904,5.1656466,8.072837,3.5697803
1981-02-05 12:00:00,2.8379407,2.3034477,5.79002,7.9474373,6.573129,5.071086
1981-02-06 12:00:00,4.251278,3.4552925,6.183132,7.1902947,8.600166,4.953755
1981-02-07 12:00:00,2.6301546,2.2363977,5.488238,7.5103846,7.8783116,4.645161
1981-02-08 12:00:00,4.7511015,3.7725968,7.389343,8.030035,6.692046,5.597503
1981-02-09 12:00:00,5.16708,4.0475025,8.428862,7.473819,7.5985174,5.898029
1981-02-10 12:00:00,2.730126,2.45073,5.762677,7.240787,7.891988,2.4256122
1981-02-11 12:00:00,2.5959382,2.5438704,4.0602946,7.5466595,7.010506,3.472586
1981-02-12 12:00:00,1.826364,1.8069738,2.2206116,5.850535,5.2677145,1.9024173
1981-02-13 12:00:00,2.0725698,1.6516924,3.2231324,4.132128,3.9470773,2.885621
1981-02-14 12:00:00,1.0154749,1.0612284,3.2312546,3.8243992,3.875292,3.9424837
1981-02-15 12:00:00,3.278313,2.205955,6.5191236,3.7667146,3.8880086,3.1156366
1981-02-16 12:00:00,1.407085,1.1169049,2.944447,3.933184,3.8912113,3.3017423
1981-02-17 12:00:00,1.1537877,0.97618735,2.5965054,2.9917045,5.885529,2.1156313
1981-02-18 12:00:00,2.3729367,2.0106652,7.213091,4.196308,4.010604,3.846096
1981-02-19 12:00:00,1.7640175,2.070667,4.0268455,4.5335546,3.3433738,3.623526
1981-02-20 12:00:00,1.5500988,1.3852885,2.8915625,2.7261562,3.2671947,2.3837543
1981-02-21 12:00:00,1.2154026,1.2809539,2.3363788,3.954329,4.784456,2.5551443
1981-02-22 12:00:00,1.7371486,1.5682114,3.4147377,5.5845876,7.973791,2.597683
1981-02-23 12:00:00,2.1172523,1.7954849,3.4046514,3.9304392,7.4398766,2.0870836
1981-02-24 12:00:00,1.7026649,1.6169194,4.6966567,4.487342,6.791844,3.8140836
1981-02-25 12:00:00,2.5104942,1.85293,4.3764453,4.190096,6.0777054,2.1745825
1981-02-26 12:00:00,0.948033,1.0967705,5.3274,3.5340974,3.9235191,3.3234527
1981-02-27 12:00:00,1.8882872,1.8066303,4.0986648,3.937142,3.4808273,3.6293464
1981-02-28 12:00:00,2.0314727,1.8746403,3.368332,3.8926198,3.2519395,2.2265806
1981-03-01 12:00:00,2.5889118,2.279931,5.7190557,4.847368,4.269137,4.110876
1981-03-02 12:00:00,3.3521113,2.452474,5.6458826,5.1550426,5.9789157,3.5393758
1981-03-03 12:00:00,3.3459854,2.672451,5.803784,5.1478343,5.4813643,3.8092694
1981-03-04 12:00:00,3.1051853,2.2153704,5.050437,4.951542,4.5835805,3.463802
1981-03-05 12:00:00,2.0957994,1.6514932,4.427958,3.7780714,4.176412,2.6300437
1981-03-06 12:00:00,1.2114376,1.1834866,3.6274562,2.5183072,4.176971,1.5364108
1981-03-07 12:00:00,1.2864307,1.1441208,3.381679,2.4573333,4.5134907,1.9246489
1981-03-08 12:00:00,1.8871741,1.609737,4.6566176,4.4336305,4.5641975,3.496041
1981-03-09 12:00:00,3.586286,3.1403973,5.8594112,6.041608,5.24705,4.371764
1981-03-10 12:00:00,2.6863627,2.2693706,4.0499573,5.7236137,3.7965639,3.7318578
1981-03-11 12:00:00,2.259107,1.8734766,3.214958,5.513907,3.9688456,3.0852559
1981-03-12 12:00:00,2.875008,2.6246629,5.1220155,5.1849146,3.7666702,4.700951
1981-03-13 12:00:00,2.988961,2.3917503,4.793046,3.79271,4.160667,2.672616
1981-03-14 12:00:00,2.0538826,1.9112829,4.6544385,3.9445221,3.6836274,2.8242726
1981-03-15 12:00:00,2.334931,1.8807218,4.796392,4.640661,3.4162738,3.3471308
1981-03-16 12:00:00,3.944005,2.9710999,5.607986,5.2676096,3.9396882,3.5794332
1981-03-17 12:00:00,1.6553092,1.546712,3.0333605,4.1632786,4.024961,2.0797577
1981-03-18 12:00:00,1.2827554,1.3155448,3.1757514,4.2880507,5.2785993,2.8596444
1981-03-19 12:00:00,2.9377854,3.1468196,5.1213307,7.6003895,8.398248,4.391961
1981-03-20 12:00:00,2.7131674,2.4881556,5.089505,6.291968,9.288184,4.2748075
1981-03-21 12:00:00,3.1580439,2.5485482,5.7755127,5.291147,3.9068892,4.1200438
1981-03-22 12:00:00,2.8306167,2.1547282,5.410126,4.446121,4.2444863,2.9658256
1981-03-23 12:00:00,3.129998,2.7704446,4.5562825,3.7580957,3.7748191,3.0671077
1981-03-24 12:00:00,4.276815,3.7642114,5.4542274,8.129822,7.8740697,5.247481
1981-03-25 12:00:00,4.3022833,3.763403,7.695512,6.979854,5.0097795,5.8398614
1981-03-26 12:00:00,4.3525734,3.9769456,5.8782787,5.934719,6.9244037,4.071107
1981-03-27 12:00:00,3.0133195,2.760132,5.218176,6.6954308,5.077789,4.375109
1981-03-28 12:00:00,1.7220789,1.6509068,6.360823,4.79521,5.0013256,4.6858344
1981-03-29 12:00:00,5.3403645,4.203838,6.4158077,5.540644,4.343758,4.5594254
1981-03-30 12:00:00,2.0267103,1.5608705,2.9613855,5.2558947,9.103488,1.7842542
1981-03-31 12:00:00,0.923905,1.225948,1.5825545,4.4819026,8.896097,1.4124942
1981-04-01 12:00:00,1.5477172,1.2084761,2.0702012,2.2077968,5.301627,1.1873399
1981-04-02 12:00:00,1.1040735,1.0680594,1.8175496,3.129962,8.935956,1.1587305
1981-04-03 12:00:00,1.0783155,1.0314611,2.304991,1.999954,7.496135,1.3909302
1981-04-04 12:00:00,1.8369997,1.3422217,2.4861734,2.30043,5.267052,1.5017579
1981-04-05 12:00:00,1.7067616,1.461258,2.4410825,4.87956,7.9098954,2.734617
1981-04-06 12:00:00,1.9360759,2.045713,3.5484447,4.5523577,6.8472414,2.3759902
1981-04-07 12:00:00,3.9127536,3.3998508,3.995408,3.683897,6.6128607,2.9913452
1981-04-08 12:00:00,1.5831981,1.6494588,2.5847516,4.421895,6.125212,1.7755468
1981-04-09 12:00:00,1.3567674,1.6304233,2.4492998,6.384954,8.424005,1.7814305
1981-04-10 12:00:00,1.0777199,1.0916145,1.9010713,4.1181974,8.666118,1.6295469
1981-04-11 12:00:00,1.4435682,1.5493754,3.0137348,5.8023186,6.8012843,3.4795418
1981-04-12 12:00:00,1.6909406,1.5972656,2.7091162,6.330913,6.656291,2.4041069
1981-04-13 12:00:00,2.1375918,2.0932765,3.3553133,7.107272,8.1812105,3.3135786
1981-04-14 12:00:00,3.2445402,3.2734337,5.3062897,7.023236,7.7477417,4.048296
1981-04-15 12:00:00,3.4243567,3.2240245,5.2229304,5.8604884,6.5803337,3.5465267
1981-04-16 12:00:00,2.7644525,2.472723,4.0445495,4.9656277,3.800598,3.4702582
1981-04-17 12:00:00,2.5617301,2.4641056,5.965357,5.116374,4.0140634,4.330398
1981-04-18 12:00:00,3.183609,2.710739,4.048711,4.839201,4.2358923,2.8410542
1981-04-19 12:00:00,2.7513845,2.632567,5.084503,6.364107,4.07585,3.4524648
1981-04-20 12:00:00,3.4760983,3.2314653,5.9679427,6.663995,5.514414,4.574504
1981-04-21 12:00:00,3.1293483,2.7120292,5.3756847,4.339972,5.134532,3.7994983
1981-04-22 12:00:00,1.5876424,1.4299248,2.7470524,1.5952005,3.8430328,1.8469992
1981-04-23 12:00:00,1.2993248,1.1920857,2.5186045,2.298165,3.1621306,1.9164442
1981-04-24 12:00:00,1.4160669,1.3042142,2.480806,3.475162,3.900975,1.8645635
1981-04-25 12:00:00,2.9936802,2.4336488,3.6028771,5.080251,5.390857,2.6994793
1981-04-26 12:00:00,1.2231627,1.2586116,2.608268,4.460516,4.3978086,1.7648604
1981-04-27 12:00:00,2.0850325,1.7281501,3.0455627,4.168651,3.8746781,2.412655
1981-04-28 12:00:00,2.820088,2.610581,6.656493,4.4554753,5.944707,3.9464064
1981-04-29 12:00:00,5.705615,4.9902163,6.510569,4.230657,5.647527,3.3507633
1981-04-30 12:00:00,2.962677,2.8272333,3.363381,3.559796,4.7813067,2.7819695
1981-05-01 12:00:00,1.8371009,1.5747559,1.9764897,3.4920056,6.2377005,1.6530206
1981-05-02 12:00:00,1.7253935,1.3322148,3.1860719,2.2382412,4.8869505,2.479609
1981-05-03 12:00:00,2.5228376,2.251179,4.119926,2.5746381,5.4825015,2.7558804
1981-05-04 12:00:00,2.7307985,2.776424,4.2651844,4.216108,5.6708064,3.5679033
1981-05-05 12:00:00,1.5311077,1.3979673,2.9302855,2.6948457,4.2975516,2.416983
1981-05-06 12:00:00,1.2970543,1.2563648,3.9077682,2.794624,4.063482,2.9350033
1981-05-07 12:00:00,2.6287239,2.1211486,4.4842095,3.0743124,2.6581748,3.7619698
1981-05-08 12:00:00,3.656393,3.167696,5.1628804,4.5790024,3.0118036,4.39478
1981-05-09 12:00:00,1.8803847,1.7481844,3.2961774,4.749238,3.6436167,2.4191198
1981-05-10 12:00:00,1.9282576,1.4767225,2.9546432,3.4124136,3.1887856,1.7244459
1981-05-11 12:00:00,1.5625231,1.2863157,2.3590574,3.1907265,4.3204856,1.5724769
1981-05-12 12:00:00,0.923699,1.2064325,2.6355956,2.8786397,2.3810763,1.9055705
1981-05-13 12:00:00,2.730084,2.279579,2.8141596,2.6333222,2.5746248,2.5964272
1981-05-14 12:00:00,2.9630568,2.3927636,3.256068,3.3591828,2.6988597,3.3409948
1981-05-15 12:00:00,4.2866,3.8000638,4.4692354,5.3810673,3.621372,4.353475
1981-05-16 12:00:00,3.713111,3.2936838,4.278854,4.055868,3.4280741,3.7548146
1981-05-17 12:00:00,3.1170592,2.9062958,3.6117642,4.505245,4.655732,3.3598766
1981-05-18 12:00:00,3.2156444,2.9676147,4.0708427,4.3350897,5.117661,3.676331
1981-05-19 12:00:00,2.2796788,1.8934401,2.8671944,3.2910612,4.728561,2.5093417
1981-05-20 12:00:00,1.5887985,1.3218318,1.7199942,2.3976083,3.8726704,1.1657268
1981-05-21 12:00:00,1.080965,1.1132932,1.8011725,2.088584,3.1076314,1.1983782
1981-05-22 12:00:00,1.4566375,1.1759108,1.5853828,1.8429818,2.6546738,1.1891061
1981-05-23 12:00:00,1.7245042,1.3535337,1.7606345,2.0137165,2.6676595,1.247561
1981-05-24 12:00:00,1.8250502,1.7965952,2.4091945,2.6906912,2.7324224,1.467782
1981-05-25 12:00:00,1.9341799,1.9573131,2.9217792,3.3299975,3.3792312,2.1389925
1981-05-26 12:00:00,1.5320034,1.4770582,3.6694286,3.6668415,3.4202466,2.7642512
1981-05-27 12:00:00,2.841631,2.6554153,4.519786,3.3871381,3.5888844,2.8781474
1981-05-28 12:00:00,2.8926234,2.3251462,4.625934,3.707473,3.7707205,2.780007
1981-05-29 12:00:00,2.5308013,2.5187123,4.496973,3.4975305,3.7771006,3.8923402
1981-05-30 12:00:00,2.5743537,2.6105506,5.049277,4.388096,3.0766473,3.032147
1981-05-31 12:00:00,2.9002452,2.5328348,5.1463532,3.6850967,3.0128093,3.2249787
1981-06-01 12:00:00,1.457485,1.5533842,3.5888872,2.6632497,2.4375975,2.1942973
1981-06-02 12:00:00,1.0387682,0.990191,2.1072013,1.8887532,2.0485632,1.5785114
1981-06-03 12:00:00,1.8872273,1.6824169,1.8352003,2.0842495,1.6640172,1.7118173
1981-06-04 12:00:00,1.0217042,1.0064694,2.4717085,1.8600807,1.8338569,1.6524026
1981-06-05 12:00:00,2.3809905,2.192696,2.85712,2.2327101,2.0228987,1.5388849
1981-06-06 12:00:00,2.7193418,2.3764942,3.9510736,2.5370226,2.0535948,2.1254406
1981-06-07 12:00:00,2.7973993,2.4640772,4.783518,2.881626,1.9805385,2.5958486
1981-06-08 12:00:00,2.3286228,2.2596967,2.9574077,3.2130127,2.4243176,2.1391037
1981-06-09 12:00:00,2.3528614,1.9328454,3.210734,2.7702935,3.2141426,2.3488972
1981-06-10 12:00:00,1.4500856,1.583711,3.350918,2.464281,2.3401217,2.2463636
1981-06-11 12:00:00,1.2635323,1.4854676,3.1646278,2.5163558,2.991512,1.8117598
1981-06-12 12:00:00,1.4401348,1.5939298,3.1782434,3.5316918,3.9675243,1.895964
1981-06-13 12:00:00,1.1806247,1.2846886,2.1790278,3.5484955,3.4170089,1.2872806
1981-06-14 12:00:00,1.9410229,1.484274,2.8693824,3.2519617,2.950571,2.2644317
1981-06-15 12:00:00,2.5118368,2.1530292,3.8474622,3.1692948,3.7920308,1.8980107
1981-06-16 12:00:00,2.3188868,1.949284,3.9974093,2.938465,3.7840781,3.0782957
1981-06-17 12:00:00,1.8933711,1.7749436,4.057987,2.3644772,2.8764114,2.5442379
1981-06-18 12:00:00,2.115651,1.6535543,2.3086839,3.4395452,2.987033,1.7238876
1981-06-19 12:00:00,2.3941894,1.6161152,2.7382753,3.59528,3.6935544,1.9758645
1981-06-20 12:00:00,1.9071136,1.5418822,2.587485,2.819288,3.5894785,1.8003109
1981-06-21 12:00:00,3.1031852,2.4630318,4.2669296,2.4696088,2.4219306,2.1329546
1981-06-22 12:00:00,2.7111511,2.108383,3.429877,3.456745,2.8770938,2.2631092
1981-06-23 12:00:00,1.5137968,1.2624472,2.6199224,3.7533092,3.7874088,1.9262341
1981-06-24 12:00:00,1.1829312,1.0912831,2.297237,3.6558642,3.3419056,1.3226212
1981-06-25 12:00:00,1.2200109,1.135597,1.9270046,2.2971227,3.0658746,1.4505926
1981-06-26 12:00:00,1.7400174,1.580025,2.134081,2.4230342,4.3410897,1.4992456
1981-06-27 12:00:00,1.5300461,1.6084323,2.324017,2.5333729,2.7980182,1.5108141
1981-06-28 12:00:00,1.5201969,1.4839197,1.8623149,2.0784528,2.944667,1.2726824
1981-06-29 12:00:00,1.4888906,1.3697696,1.6871719,2.1373632,2.6195216,1.3020555
1981-06-30 12:00:00,1.6666789,1.3497505,1.6977983,3.0266669,3.2947524,1.523681
1981-07-01 12:00:00,0.94647783,1.0065206,1.9634634,2.6451712,2.8997815,1.6582854
1981-07-02 12:00:00,1.8136377,1.476029,2.3036838,3.7150016,3.2104692,1.5410129
1981-07-03 12:00:00,2.8009217,2.0198836,2.702773,3.2279587,3.556925,1.6301055
1981-07-04 12:00:00,2.7069685,1.9279721,2.830799,3.19809,2.8013787,1.6151124
1981-07-05 12:00:00,1.7798616,1.2489464,2.2191765,2.716405,2.8663607,1.2602179
1981-07-06 12:00:00,1.0830886,1.1390473,1.6349859,2.1340663,2.4445107,1.2080874
1981-07-07 12:00:00,1.7734022,1.4659215,2.2780793,2.0497193,3.213905,1.4083148
1981-07-08 12:00:00,3.3428004,2.209079,3.8043244,3.3244374,4.3811297,2.6275651
1981-07-09 12:00:00,2.4280136,2.0089521,3.1599293,2.8919382,4.507881,2.5189877
1981-07-10 12:00:00,0.933278,1.1553593,1.8684269,2.877582,3.1510322,1.5317369
1981-07-11 12:00:00,1.8821138,1.787785,2.7654984,2.467052,2.537842,1.6502447
1981-07-12 12:00:00,1.9336107,1.6290919,3.1325512,2.6800137,3.6258998,1.4752761
1981-07-13 12:00:00,3.016236,2.3995614,3.8599262,2.7008173,3.817794,2.322909
1981-07-14 12:00:00,3.0904884,2.5722067,4.318057,3.1187859,3.3420799,2.9539497
1981-07-15 12:00:00,2.1073852,1.975737,3.898044,5.0369954,3.5545268,3.047102
1981-07-16 12:00:00,3.047665,2.7417884,3.674882,3.5013154,4.1837974,1.8680047
1981-07-17 12:00:00,3.8632975,3.617294,4.7363663,4.3190093,4.324611,3.005863
1981-07-18 12:00:00,1.9019766,2.3153806,5.268958,4.6906557,4.066523,2.9142218
1981-07-19 12:00:00,1.0555544,1.2502099,2.7872741,2.5081856,3.9494836,1.0274051
1981-07-20 12:00:00,1.4431164,1.2656138,3.2783902,3.7734902,4.373522,1.3751453
1981-07-21 12:00:00,1.1457875,1.1105862,2.3807008,2.799936,2.8469641,1.5337199
1981-07-22 12:00:00,1.1132534,1.4153634,3.6524992,2.1057022,3.008265,2.0957425
1981-07-23 12:00:00,1.171334,1.1755193,3.0615015,3.2352931,2.9624944,2.0015018
1981-07-24 12:00:00,1.364393,1.4631363,3.5619526,3.8184085,2.1409442,1.9578803
1981-07-25 12:00:00,4.7110863,4.0897775,6.31415,5.217158,3.4470513,4.7153344
1981-07-26 12:00:00,3.844618,3.3212183,5.3375797,5.052128,3.8669944,4.930036
1981-07-27 12:00:00,3.2144594,2.467301,4.3919115,3.0706103,2.9163918,2.8785675
1981-07-28 12:00:00,3.142273,2.4449296,4.056889,3.7436461,3.1507053,2.8184638
1981-07-29 12:00:00,2.3599868,1.9968982,4.2833705,3.233639,3.6190333,3.075053
1981-07-30 12:00:00,2.7629485,2.4694479,4.3488665,4.4316883,2.9580433,3.5916023
1981-07-31 12:00:00,3.0721035,2.698574,3.958117,3.2629101,4.773755,3.2233849
1981-08-01 12:00:00,3.2258859,2.7873921,4.162536,4.096657,3.1260698,3.089596
1981-08-02 12:00:00,2.3453941,2.1152017,3.3908799,6.2133746,6.9999647,3.3010073
1981-08-03 12:00:00,2.6963797,2.3955386,4.8039637,4.593346,4.777814,3.7431314
1981-08-04 12:00:00,3.9765816,3.2458353,5.4558787,3.8981793,2.5962389,3.768682
1981-08-05 12:00:00,2.976066,2.4195035,3.6527972,6.0530353,3.8453665,2.6585732
1981-08-06 12:00:00,2.926895,2.8170736,4.767276,4.7648783,3.908833,2.951369
1981-08-07 12:00:00,2.5524373,2.528033,3.393376,3.8243103,4.179835,1.632146
1981-08-08 12:00:00,1.9528081,1.6447867,2.272092,4.2321315,4.327942,1.8833842
1981-08-09 12:00:00,3.3160186,2.6645458,3.9496114,4.225132,3.1781237,3.1733491
1981-08-10 12:00:00,1.7318492,1.4368745,3.0418162,2.7314274,2.0553784,2.220591
1981-08-11 12:00:00,0.989834,1.0355461,2.0834856,3.065968,2.4355578,1.3706481
1981-08-12 12:00:00,1.9299021,1.887461,2.2325509,2.2671483,2.3316698,2.1572535
1981-08-13 12:00:00,1.5699664,1.7128471,3.2352781,2.7790382,3.0316727,2.4980614
1981-08-14 12:00:00,1.2891836,1.6784577,2.7096415,3.321513,2.94441,2.3254647
1981-08-15 12:00:00,2.8993242,2.4568007,3.9867394,2.7085187,2.704487,3.2397394
1981-08-16 12:00:00,3.2830148,2.7012582,3.3980153,5.10724,4.7613177,3.056146
1981-08-17 12:00:00,1.4579394,1.27158,2.3429294,2.4871132,3.4367974,1.6642283
1981-08-18 12:00:00,2.615736,2.2153146,4.664735,2.7303512,3.4091103,2.611936
1981-08-19 12:00:00,2.423265,2.285126,3.3893907,2.602579,5.411692,1.3696841
1981-08-20 12:00:00,1.3246803,1.3214476,2.7270498,1.9835043,3.2669868,1.8008527
1981-08-21 12:00:00,1.2440047,1.3075658,2.4297607,2.4349244,2.908504,1.5249436
1981-08-22 12:00:00,1.9389932,1.6903218,3.5169709,3.1309004,3.7025104,2.019711
1981-08-23 12:00:00,2.1632562,2.3789303,3.1950426,3.1694262,2.1487823,1.937709
1981-08-24 12:00:00,1.9910591,1.8693159,3.60627,3.8566277,1.7479761,2.8454142
1981-08-25 12:00:00,1.9740493,1.7773113,4.025789,4.1405864,2.353732,2.8676665
1981-08-26 12:00:00,2.9190993,2.3852203,4.7910137,4.3297625,2.2215421,3.6388612
1981-08-27 12:00:00,3.7647398,3.3015103,4.641174,7.2329197,4.2518797,3.9707994
1981-08-28 12:00:00,2.385203,2.3827925,3.4971347,5.899813,3.549415,2.9554708
1981-08-29 12:00:00,2.0196462,1.966527,3.89187,5.090196,4.799434,2.8396604
1981-08-30 12:00:00,2.3470716,2.3781106,4.291982,5.735402,5.052651,2.9627995
1981-08-31 12:00:00,2.0449095,2.2723196,2.9068644,4.8188004,6.4433694,2.4917805
1981-09-01 12:00:00,1.9218899,1.5972089,2.9196274,4.803481,4.663107,2.907408
1981-09-02 12:00:00,2.9168963,2.5401847,4.1441545,5.483212,4.850026,3.8887448
1981-09-03 12:00:00,2.7004495,2.2287517,3.2473812,3.3110187,5.989648,2.111292
1981-09-04 12:00:00,3.1988225,2.7441661,3.3557587,2.5167549,3.8088822,3.232166
1981-09-05 12:00:00,3.0066454,2.477712,4.082577,3.6653957,3.040005,3.0363371
1981-09-06 12:00:00,2.9429343,2.672089,4.367523,5.351075,4.391588,3.6565318
1981-09-07 12:00:00,3.364351,2.539758,4.457098,4.74117,3.0560582,4.1085415
1981-09-08 12:00:00,2.589127,2.3215656,3.509508,4.1664495,4.367199,2.6976933
1981-09-09 12:00:00,1.6729133,1.4432461,2.7323349,4.382044,5.3223886,2.8574793
1981-09-10 12:00:00,1.5808766,1.5381219,3.5776694,3.8879514,4.1925893,3.1439326
1981-09-11 12:00:00,1.922717,1.7365634,3.8181415,4.4994493,2.851995,3.3565557
1981-09-12 12:00:00,1.2900803,1.2648053,4.007477,3.352756,2.9043097,2.9686089
1981-09-13 12:00:00,2.1130445,1.8317215,3.2839527,2.8380923,2.9035516,1.762987
1981-09-14 12:00:00,2.5631075,2.3023663,3.466518,3.5090704,3.707926,2.0792246
1981-09-15 12:00:00,2.022971,2.2838552,3.347297,4.3482814,4.4235373,1.364501
1981-09-16 12:00:00,1.6985955,1.2415985,2.7697906,2.5383909,4.3046293,1.1805624
1981-09-17 12:00:00,1.0230753,0.92868805,1.986455,2.7262042,3.3335948,0.9306026
1981-09-18 12:00:00,1.7064056,1.4478008,3.0482206,2.7253392,2.065569,1.1559159
1981-09-19 12:00:00,1.610706,1.864965,3.1911561,3.3734934,3.0024061,2.4998975
1981-09-20 12:00:00,1.466562,1.4355259,1.5178378,2.5576243,2.5299933,1.1200391
1981-09-21 12:00:00,2.1912298,1.9165744,2.9078422,4.925322,2.2675164,2.4386442
1981-09-22 12:00:00,2.0982976,2.0042994,3.6928082,2.9026296,3.346429,2.4768083
1981-09-23 12:00:00,1.5845506,1.2882723,2.447093,4.1075363,5.113573,1.4990077
1981-09-24 12:00:00,1.9070992,1.8879943,2.631161,6.342145,5.8813453,1.4757916
1981-09-25 12:00:00,1.5930741,1.5027428,2.1868122,4.8837953,5.4387946,2.1192105
1981-09-26 12:00:00,2.9199872,2.391719,2.9346337,4.8031497,4.6335683,3.0130472
1981-09-27 12:00:00,0.91347367,1.0138997,2.2143958,4.047884,3.5780654,2.433213
1981-09-28 12:00:00,1.0756273,1.0492104,2.3583076,2.4252224,3.9932978,2.2301424
1981-09-29 12:00:00,2.4659162,2.033978,5.0153728,2.8995707,3.5558212,2.3036735
1981-09-30 12:00:00,4.200263,3.0622826,5.482094,3.9059646,2.680424,2.3191426
1981-10-01 12:00:00,1.0756145,1.2917382,2.4639382,3.5200713,3.7871604,2.576186
1981-10-02 12:00:00,3.4658437,2.6902854,4.777049,3.468041,3.5660987,2.9899173
1981-10-03 12:00:00,2.3206496,1.9899114,2.8110323,2.3339703,2.906372,2.0300846
1981-10-04 12:00:00,2.256486,2.1674051,5.014385,4.876978,3.5228682,4.065019
1981-10-05 12:00:00,1.6091183,1.9876673,4.3655086,5.743685,5.6299157,3.4343822
1981-10-06 12:00:00,1.3222861,1.5925214,3.7662551,5.309658,5.292369,2.8678505
1981-10-07 12:00:00,1.8722,1.5443524,3.4685128,2.7693145,4.3239126,1.9957474
1981-10-08 12:00:00,1.0717247,1.0585608,2.521938,2.627682,5.508716,1.858176
1981-10-09 12:00:00,1.8778185,1.3404943,4.0600114,3.5555263,5.54875,3.1646388
1981-10-10 12:00:00,2.0340192,1.5812585,3.2723644,4.4117694,3.9385817,2.9954398
1981-10-11 12:00:00,0.83939,1.0139091,2.6279702,2.845705,3.3611283,1.923406
1981-10-12 12:00:00,1.9586785,1.9180889,3.6207988,3.4618263,4.238847,1.9442598
1981-10-13 12:00:00,1.1957943,1.5550812,5.389039,3.1519332,4.767099,3.2385085
1981-10-14 12:00:00,1.7741132,1.3781387,4.513636,3.2029314,6.385317,3.1494136
1981-10-15 12:00:00,0.8789659,0.89968705,3.4653745,2.9384077,5.9006953,2.517348
1981-10-16 12:00:00,0.65411866,0.76280254,2.8748398,3.6431124,7.261086,2.4616323
1981-10-17 12:00:00,0.816285,0.8935178,2.8723712,3.8584647,8.284172,2.7291074
1981-10-18 12:00:00,1.8744522,1.5758674,3.663819,4.631631,7.9088125,3.7112958
1981-10-19 12:00:00,3.368204,2.471296,4.298474,5.353418,8.240474,3.111899
1981-10-20 12:00:00,1.4792393,1.4544514,3.495851,5.6650653,6.124346,3.3442492
1981-10-21 12:00:00,2.0116115,1.9156523,3.7688823,6.514928,4.7544436,3.066528
1981-10-22 12:00:00,1.787145,1.4211078,4.0386333,4.7370505,4.062303,2.0475838
1981-10-23 12:00:00,2.3263764,2.3288107,5.789141,6.9512286,4.467785,4.3714805
1981-10-24 12:00:00,2.8629017,2.9419596,4.556581,4.481946,6.1562724,3.082745
1981-10-25 12:00:00,1.9048856,2.0660715,4.644031,6.1301455,6.0797844,3.826251
1981-10-26 12:00:00,1.3109558,1.2952577,4.071728,4.9104137,4.6425924,3.4142208
1981-10-27 12:00:00,1.8024828,1.5131974,2.8660862,2.5504334,4.0736017,1.8825254
1981-10-28 12:00:00,1.8307114,1.4453964,2.5948572,2.4271939,4.573767,2.3448107
1981-10-29 12:00:00,2.9819963,2.2930043,2.7144265,2.9424455,3.3600047,1.8961368
1981-10-30 12:00:00,2.7551396,2.2879906,2.901533,2.9007673,3.8885229,2.2928655
1981-10-31 12:00:00,1.6410893,1.7464895,4.059458,6.912866,7.8047905,4.044055
1981-11-01 12:00:00,4.6230793,3.8187423,6.465006,5.592752,8.032877,4.508358
1981-11-02 12:00:00,3.613992,2.2112696,4.8012724,2.8990386,5.91872,1.8552301
1981-11-03 12:00:00,2.7255428,2.298524,4.0390253,5.208002,4.8493376,2.4203277
1981-11-04 12:00:00,1.7485952,1.7224784,3.563438,5.518487,5.7259593,3.1596618
1981-11-05 12:00:00,2.4744444,1.9325775,4.190191,4.0215306,4.16334,3.3347278
1981-11-06 12:00:00,3.0297666,3.0152776,6.154198,7.8771687,8.878439,4.830492
1981-11-07 12:00:00,1.542597,1.4065136,3.9579306,5.6600394,7.912344,2.9092958
1981-11-08 12:00:00,1.6196773,1.7504647,4.111989,5.112345,5.181621,3.1780949
1981-11-09 12:00:00,3.182532,2.7638886,6.74038,5.665235,4.0962825,4.8449655
1981-11-10 12:00:00,2.6879053,2.6047566,6.0232162,5.2674437,3.7575266,3.6993177
1981-11-11 12:00:00,2.7565122,2.0273714,5.265056,5.057224,3.8089335,4.336761
1981-11-12 12:00:00,3.089365,2.5388224,4.705199,5.434904,7.659618,3.8987255
1981-11-13 12:00:00,2.5385919,1.9188687,2.8862963,4.369777,7.316593,2.2468615
1981-11-14 12:00:00,1.3089001,1.3192312,2.9384718,5.3897247,6.317012,3.1353366
1981-11-15 12:00:00,0.8946246,1.1570147,1.9139262,3.557921,6.8695045,1.8850222
1981-11-16 12:00:00,1.8831409,1.41778,3.584772,3.1323555,7.014596,1.9444312
1981-11-17 12:00:00,0.90726835,1.0913506,2.7263691,7.290846,10.692473,2.4379387
1981-11-18 12:00:00,1.7513561,1.5732235,3.5903223,6.6237884,5.9213533,3.3947482
1981-11-19 12:00:00,4.079121,3.3416286,5.863291,5.764469,4.630615,3.643131
1981-11-20 12:00:00,1.8466117,1.7567989,3.4021008,2.8389258,4.072242,2.4415438
1981-11-21 12:00:00,1.9725444,1.7539504,6.377226,4.1478047,2.808484,3.7013333
1981-11-22 12:00:00,5.3870106,3.8705828,5.269338,3.5640795,3.6646972,4.031551
1981-11-23 12:00:00,3.7494135,2.619788,3.9111843,2.6640549,4.508933,2.1796758
1981-11-24 12:00:00,2.1953588,1.9159962,7.2065535,6.5867453,7.4683123,5.310425
1981-11-25 12:00:00,2.845608,2.8098867,5.6189504,6.742461,8.021221,4.820263
1981-11-26 12:00:00,1.6065358,1.4561507,4.560237,3.731441,6.1739216,3.3733995
1981-11-27 12:00:00,2.3428354,1.8857827,4.5969,3.0839925,5.52843,3.173159
1981-11-28 12:00:00,1.71426,1.4790967,4.1930466,3.5316467,3.1717727,2.6167097
1981-11-29 12:00:00,0.69550735,0.86332816,4.425307,4.032026,4.5462966,3.1698413
1981-11-30 12:00:00,1.8498741,1.7496727,3.4570029,5.417749,5.4426627,3.739187
1981-12-01 12:00:00,3.711742,3.319764,4.960128,6.340871,5.929042,3.761924
1981-12-02 12:00:00,0.97642237,1.2956774,2.690812,5.045569,5.211727,2.578577
1981-12-03 12:00:00,1.392231,1.1748906,4.4077682,3.4716566,3.5710356,3.127268
1981-12-04 12:00:00,3.1077726,2.1887696,3.8777342,2.9944475,3.7701206,2.084297
1981-12-05 12:00:00,3.0399742,2.322384,2.9344501,2.537056,3.320582,1.8782461
1981-12-06 12:00:00,1.3895216,1.29615,2.2007658,2.9536495,2.8868876,2.2322428
1981-12-07 12:00:00,1.1025596,0.8891515,2.2072303,2.8025079,2.7956412,1.7301022
1981-12-08 12:00:00,2.1104095,1.3973455,2.8609948,2.6601398,2.4551702,1.5989041
1981-12-09 12:00:00,2.2520313,1.8046407,3.1234722,2.7754362,2.5975053,2.212494
1981-12-10 12:00:00,1.2254952,1.4579864,2.4366512,2.3875642,2.938977,1.7666913
1981-12-11 12:00:00,0.84343404,1.0604312,3.672148,2.6212885,3.8193426,2.6949334
1981-12-12 12:00:00,1.282767,1.217319,3.4703202,3.7192702,3.8353374,2.2533169
1981-12-13 12:00:00,1.0135741,1.404926,2.7461398,4.5697308,4.454848,2.4154255
1981-12-14 12:00:00,1.4636221,1.5342647,5.3431253,5.332726,4.4859185,4.3258457
1981-12-15 12:00:00,5.143058,3.7875593,7.445049,7.02575,6.758321,5.307788
1981-12-16 12:00:00,2.216219,1.7431173,2.8226094,4.897203,8.69071,2.0162187
1981-12-17 12:00:00,1.0999355,0.8654829,2.5203946,3.2538712,7.1429944,1.4424922
1981-12-18 12:00:00,1.7962806,1.6922133,4.7620506,3.0194,6.3201637,3.0236275
1981-12-19 12:00:00,3.2764573,2.853158,5.2684517,3.6359117,6.337771,3.2931218
1981-12-20 12:00:00,1.2643971,1.3610927,2.9518044,2.5393202,3.069044,2.3742332
1981-12-21 12:00:00,1.6740146,1.4472519,5.2501607,2.8209498,4.0260363,2.4402218
1981-12-22 12:00:00,2.8624048,1.8717496,5.1108837,4.239989,5.6840353,2.6883328
1981-12-23 12:00:00,1.9992714,1.9077305,3.470562,4.6438665,5.310485,2.3792326
1981-12-24 12:00:00,1.990346,1.9672465,3.7069354,6.0198917,5.781337,3.1767538
1981-12-25 12:00:00,1.9868028,1.6800265,4.0137067,2.8209941,4.5725408,2.1159372
1981-12-26 12:00:00,1.679918,1.5791353,3.1783752,2.5489075,4.6164956,2.0233653
1981-12-27 12:00:00,0.72898936,1.0234131,2.085248,2.4853218,4.059714,1.662699
1981-12-28 12:00:00,1.1845837,1.200587,3.68322,2.8164616,4.1806464,2.2093475
1981-12-29 12:00:00,1.0605991,1.1186932,3.9314654,3.5002625,3.4388585,2.656165
1981-12-30 12:00:00,1.8298857,1.3678344,3.060473,2.7930052,3.298824,2.441164
1981-12-31 12:00:00,1.5683091,1.4288126,3.430818,2.6026123,2.7409751,2.4196718
1982-01-01 12:00:00,2.754631,1.8958406,3.7159438,3.0858278,3.165081,2.2476
1982-01-02 12:00:00,3.9506001,2.536072,4.319959,3.559686,2.8666978,2.252655
1982-01-03 12:00:00,2.6067677,1.7864704,3.9005556,4.731307,4.974646,2.925231
1982-01-04 12:00:00,0.75830674,1.0538516,4.6348023,5.0112786,5.4826226,3.682001
1982-01-05 12:00:00,2.268577,1.6763738,3.0436046,3.94577,4.7033052,1.9761487
1982-01-06 12:00:00,2.2077289,1.6291313,4.416475,3.6883783,5.3993196,2.590707
1982-01-07 12:00:00,1.4092743,1.5108029,4.838379,8.41971,6.4712086,5.2577734
1982-01-08 12:00:00,5.6966867,4.5795693,8.352196,10.198553,4.721267,6.9121146
1982-01-09 12:00:00,3.8371766,2.7177486,5.93261,6.007084,4.475565,4.7327123
1982-01-10 12:00:00,2.2894645,1.6070502,4.167413,3.8385482,3.8104274,3.818975
1982-01-11 12:00:00,1.5135752,1.4820755,3.6756475,4.2478127,3.5931387,2.8420856
1982-01-12 12:00:00,0.88551474,1.2982095,2.4646068,5.145163,3.5720568,2.6139948
1982-01-13 12:00:00,1.5375872,1.5897763,3.110537,2.9724503,3.3429403,2.211304
1982-01-14 12:00:00,1.2367935,1.1767304,4.1028914,3.3133762,3.2066822,2.4357781
1982-01-15 12:00:00,1.6010525,1.3424454,6.0275145,3.7216697,3.272001,3.360791
1982-01-16 12:00:00,2.1345775,2.1614325,6.5489697,7.3316646,5.7619524,5.233257
1982-01-17 12:00:00,1.7588768,1.7808214,3.34539,5.209269,7.25321,2.246
1982-01-18 12:00:00,3.0529613,2.5411155,3.0700119,3.1717107,5.317919,1.7863595
1982-01-19 12:00:00,1.941257,1.6568898,3.3925145,4.523636,5.5745935,3.3853123
1982-01-20 12:00:00,0.9645473,0.9063942,3.7339606,5.52511,6.7487187,3.0526
1982-01-21 12:00:00,0.57057667,0.78460526,2.481703,5.539075,7.527452,1.9669999
1982-01-22 12:00:00,1.0439106,1.1802018,2.152586,3.7165637,6.9242268,1.8348246
1982-01-23 12:00:00,0.8350382,0.9887053,3.0165668,4.597213,7.0608597,2.7947807
1982-01-24 12:00:00,0.7991806,1.0150472,2.6633258,5.1521316,8.310679,2.8694975
1982-01-25 12:00:00,0.98023546,1.0325129,2.8799095,4.977744,7.866781,3.5188577
1982-01-26 12:00:00,2.435506,1.9160364,4.3262763,5.2105947,7.497006,2.8622358
1982-01-27 12:00:00,1.6284537,1.4625528,3.2413065,5.7332745,6.6594768,3.3148408
1982-01-28 12:00:00,4.333843,3.2575634,5.7462077,6.339852,7.1160917,4.38852
1982-01-29 12:00:00,2.6991932,2.0422745,4.729635,5.4754477,4.0346193,3.2611217
1982-01-30 12:00:00,2.0935786,1.6715647,4.080664,5.116164,5.1699085,2.9384584
1982-01-31 12:00:00,2.9846015,2.3050187,3.6030638,5.116175,4.9449253,3.0715265
1982-02-01 12:00:00,1.8082595,1.6592381,2.2959795,4.6956773,5.5439415,1.9075071
1982-02-02 12:00:00,3.0733547,2.5375843,6.893308,5.00983,6.745603,3.9442918
1982-02-03 12:00:00,3.2280676,2.28294,4.0467362,4.311784,5.630907,1.7808278
1982-02-04 12:00:00,0.65773606,0.9829454,2.9185894,3.5946534,5.7992406,1.8577418
1982-02-05 12:00:00,1.1064284,1.3936465,3.4802945,4.208178,4.5212355,2.952779
1982-02-06 12:00:00,0.77726626,1.0386887,5.008553,4.2116613,4.759272,4.010339
1982-02-07 12:00:00,1.393409,1.439356,3.481983,4.4770594,7.0706806,3.2189202
1982-02-08 12:00:00,4.0317945,3.1134696,4.8636374,3.1079264,3.7293396,2.7904296
1982-02-09 12:00:00,5.1674314,3.368048,5.066097,3.5358279,3.3732712,2.7321768
1982-02-10 12:00:00,3.4296963,2.3655965,4.611306,2.9583461,2.7026887,2.2341917
1982-02-11 12:00:00,1.9751977,1.7985324,2.81403,3.3036191,4.3068547,2.039521
1982-02-12 12:00:00,2.0412989,1.9655162,4.261276,8.029059,6.465612,3.7632608
1982-02-13 12:00:00,3.2367544,2.9634664,7.8525953,8.211308,4.8447413,6.238332
1982-02-14 12:00:00,4.2260876,3.2693398,8.141903,6.175816,3.644999,5.509151
1982-02-15 12:00:00,2.0513673,1.756707,5.407879,3.2088664,3.8819911,3.264576
1982-02-16 12:00:00,1.9878185,1.5280243,4.2447667,4.179426,3.416265,3.3601472
1982-02-17 12:00:00,2.8077433,2.2513766,3.4690874,1.9608411,2.604456,2.1983545
1982-02-18 12:00:00,1.7212744,1.4747567,2.023981,2.9281871,2.9078705,1.6995418
1982-02-19 12:00:00,0.78633726,0.9635727,2.3550622,3.410044,3.2854056,2.5712569
1982-02-20 12:00:00,1.7063535,1.5808113,4.0198007,6.3483553,6.669076,3.4476302
1982-02-21 12:00:00,2.8134809,2.1579,5.072123,4.2536325,6.6610684,3.0730839
1982-02-22 12:00:00,1.8738673,1.7551816,3.172731,5.2192435,5.2343836,2.1217299
1982-02-23 12:00:00,1.3201416,1.4564291,2.7265627,4.7226853,4.145156,2.1473188
1982-02-24 12:00:00,1.7737828,1.530648,4.1344714,4.5513587,2.8302157,3.177554
1982-02-25 12:00:00,2.3158975,2.4407916,4.19606,5.291384,2.8744822,3.350149
1982-02-26 12:00:00,4.1504536,3.7091122,5.1451607,5.6310763,4.43165,3.718842
1982-02-27 12:00:00,4.208846,3.3297257,4.5455184,3.5612807,3.1597106,2.93856
1982-02-28 12:00:00,2.3181124,1.638181,4.261085,3.9894433,4.76493,2.931881
1982-03-01 12:00:00,1.3808482,1.076477,4.1151695,3.3586414,3.40839,2.8409302
1982-03-02 12:00:00,0.8941485,1.0593201,2.5834541,3.0195568,2.5607383,2.0528772
1982-03-03 12:00:00,0.7788892,0.8848483,1.8123305,2.2794526,3.9899747,1.3742311
1982-03-04 12:00:00,0.98574626,1.2024592,1.9515374,2.4875488,3.2417347,1.4057516
1982-03-05 12:00:00,1.5194404,1.2109292,2.7228765,2.9292848,3.8799355,1.7096635
1982-03-06 12:00:00,1.6275246,1.3866184,3.972958,3.4300754,5.0513415,2.3446798
1982-03-07 12:00:00,1.398645,1.1021101,3.758705,2.4164383,5.088899,1.9864788
1982-03-08 12:00:00,1.1579573,1.1988695,2.185159,4.2945447,3.20363,2.23023
1982-03-09 12:00:00,1.0090797,1.3590168,2.044672,3.425668,3.5921292,1.6861359
1982-03-10 12:00:00,1.3792523,1.2796752,3.7271714,1.9535819,3.7100868,1.8451709
1982-03-11 12:00:00,2.586046,1.744314,5.201439,2.722179,4.7258363,2.1488883
1982-03-12 12:00:00,3.3091679,2.576086,5.284103,4.339199,6.183003,2.8110404
1982-03-13 12:00:00,2.541271,2.2571473,4.8262544,5.1662264,7.6838684,3.0453544
1982-03-14 12:00:00,1.2196053,1.5738232,4.1513033,5.6446342,9.423886,3.4555597
1982-03-15 12:00:00,0.7342134,0.9619863,3.2203262,4.938421,6.2762976,2.1647213
1982-03-16 12:00:00,0.9936027,1.0334592,3.2177036,2.6234086,5.7092595,1.510955
1982-03-17 12:00:00,1.4756376,1.0603223,2.9292967,4.5342956,6.6182303,1.8625848
1982-03-18 12:00:00,0.68853563,0.76888514,2.4297216,2.8796961,6.4052114,1.5332357
1982-03-19 12:00:00,0.9152093,1.0332555,3.8334672,2.0076745,7.723645,2.241616
1982-03-20 12:00:00,1.3953334,1.276761,5.2613807,2.993647,6.1769047,2.994816
1982-03-21 12:00:00,1.3843645,1.2943785,4.813246,2.5290892,6.4014835,2.1058953
1982-03-22 12:00:00,1.597474,1.3564749,4.663064,2.1536813,4.637507,1.9423021
1982-03-23 12:00:00,1.9754962,1.6884813,4.900577,3.1017056,4.943477,2.5757499
1982-03-24 12:00:00,1.9832888,1.9039681,4.4145937,3.8511217,6.0078073,2.7676826
1982-03-25 12:00:00,1.2024832,1.2384005,3.3169525,2.8583095,4.439741,2.7006724
1982-03-26 12:00:00,1.752908,1.3566215,3.0532558,3.1451695,3.105232,2.4363885
1982-03-27 12:00:00,2.388256,2.4194767,5.9863224,5.6210985,4.1286297,4.762749
1982-03-28 12:00:00,1.7219049,1.58463,3.2711337,3.7644517,6.4114504,3.0190809
1982-03-29 12:00:00,2.132314,2.1299393,6.0685573,4.470309,3.1501439,4.448988
1982-03-30 12:00:00,2.7317777,2.5446057,3.3976595,5.0493045,6.073727,2.9680011
1982-03-31 12:00:00,2.6915624,2.2976496,3.7527955,4.5381403,6.438475,2.578873
1982-04-01 12:00:00,2.4286947,2.0006835,3.2731633,2.297495,4.612052,1.9782534
1982-04-02 12:00:00,2.4871097,1.6963356,2.4596007,4.1766877,3.5681293,1.4756112
1982-04-03 12:00:00,1.7081829,1.2935612,2.896377,2.7525206,3.6816475,1.9014361
1982-04-04 12:00:00,1.2463673,1.0802674,3.5220819,2.5335107,3.6806707,1.8195097
1982-04-05 12:00:00,1.3174357,1.4787842,2.9984066,2.955312,3.4791164,1.5250622
1982-04-06 12:00:00,1.5692898,1.6851953,3.5997155,2.2305248,3.9826586,1.7326969
1982-04-07 12:00:00,1.2329528,1.149379,3.5155728,1.5646706,3.7639382,2.0543225
1982-04-08 12:00:00,1.8567336,1.2762657,2.6846704,1.9265822,2.8429275,2.0077083
1982-04-09 12:00:00,1.4399091,1.0984277,2.9764473,2.2607095,3.1732905,1.71356
1982-04-10 12:00:00,0.9377139,0.97170204,3.0499225,2.6846325,3.5410097,1.6374468
1982-04-11 12:00:00,1.466083,1.2915089,2.4600186,2.9016957,3.5952642,1.2653219
1982-04-12 12:00:00,1.376854,1.1151145,3.4731612,2.8907104,3.4672503,1.7432826
1982-04-13 12:00:00,2.3732505,1.9815271,6.0705867,3.4348044,2.9423113,2.9145436
1982-04-14 12:00:00,3.8042438,3.3428223,5.326489,4.5830617,4.225347,2.7427135
1982-04-15 12:00:00,2.4258072,2.4253445,4.2302995,5.171281,4.897699,2.7681952
1982-04-16 12:00:00,2.340693,2.073203,3.7938926,3.0570974,3.0200894,2.7551854
1982-04-17 12:00:00,1.4698294,1.4251819,2.4456894,3.3045948,1.8681078,2.2967033
1982-04-18 12:00:00,1.6274049,1.4925934,2.8427606,4.8721905,2.79926,2.0981905
1982-04-19 12:00:00,2.1903887,1.9334655,3.1309018,3.043523,3.0608914,2.2004724
1982-04-20 12:00:00,1.3892897,1.2632611,2.6451344,3.8084793,5.251829,1.6941013
1982-04-21 12:00:00,0.91891503,1.05123,1.7927217,2.5916462,5.9354076,1.3409176
1982-04-22 12:00:00,0.92150366,1.0084797,2.0043375,2.553712,5.7481165,1.4877441
1982-04-23 12:00:00,1.2465568,1.2605067,2.263123,2.9555528,4.8112717,1.4228891
1982-04-24 12:00:00,1.0961192,1.0301833,2.4584248,2.284464,3.5885217,1.5008861
1982-04-25 12:00:00,2.646751,2.452771,4.326073,3.4069915,2.8467424,3.2481885
1982-04-26 12:00:00,4.0002174,3.3295152,5.144629,3.8175015,2.9989643,4.400059
1982-04-27 12:00:00,3.391549,2.6811035,4.8022194,3.9829583,3.0035198,2.6656055
1982-04-28 12:00:00,3.489385,2.7509518,4.044715,2.8406026,3.6039093,3.4755125
1982-04-29 12:00:00,2.4004009,1.917323,3.2396207,3.449168,4.0149164,2.712285
1982-04-30 12:00:00,2.5587463,1.9507525,4.1598964,3.503151,4.2265005,3.9229465
1982-05-01 12:00:00,1.555915,1.8636526,4.788358,4.0025525,5.091586,4.2435765
1982-05-02 12:00:00,2.1333063,2.4618561,4.7770452,4.215016,3.3192515,4.247605
1982-05-03 12:00:00,3.261958,2.9510832,4.517681,6.906495,5.11343,3.9093168
1982-05-04 12:00:00,4.034765,3.503913,5.576944,6.800896,5.5726566,4.795788
1982-05-05 12:00:00,3.5528216,3.0770965,4.6464043,6.933201,5.0556607,3.2016473
1982-05-06 12:00:00,2.6599717,2.2405114,5.4690466,3.3208828,4.3586535,2.5962012
1982-05-07 12:00:00,2.7534459,2.7012682,6.319655,4.282142,4.6674523,3.7487218
1982-05-08 12:00:00,3.0785031,2.899676,5.3498473,5.8680525,3.7743008,3.8220835
1982-05-09 12:00:00,3.3088312,3.2628603,3.802124,4.1235404,3.8401732,2.0851412
1982-05-10 12:00:00,2.3543496,2.0802617,2.868862,2.1445212,3.1061172,1.8011932
1982-05-11 12:00:00,2.89391,2.503403,3.444771,2.615616,2.6033757,2.4926734
1982-05-12 12:00:00,2.1875215,2.00161,2.967411,5.8451962,5.4803867,2.8589566
1982-05-13 12:00:00,3.192561,2.8807135,6.075701,6.752896,5.224303,4.441948
1982-05-14 12:00:00,3.1230354,2.8888898,7.150032,5.849046,3.7410784,5.0479074
1982-05-15 12:00:00,4.3606687,3.9502614,6.3310285,5.790635,4.31738,3.9752257
1982-05-16 12:00:00,1.4573443,1.6969115,3.1758454,3.1786282,4.104473,2.468888
1982-05-17 12:00:00,0.8063214,1.0141011,2.3264468,2.1241047,4.1415243,2.0802495
1982-05-18 12:00:00,1.2618345,1.1128836,2.129415,2.5592196,4.03879,1.655292
1982-05-19 12:00:00,1.0932162,1.0868641,1.6215483,2.3831,3.7943032,1.1226437
1982-05-20 12:00:00,0.90011394,1.1115428,2.3038852,2.7781944,5.165851,1.9944553
1982-05-21 12:00:00,1.2892467,1.2601941,3.206378,3.1763473,3.765138,2.785316
1982-05-22 12:00:00,1.9776056,1.8681105,3.4222078,2.5045938,2.4180214,2.5146494
1982-05-23 12:00:00,1.934565,1.887397,3.104468,2.2280333,2.0878232,1.9456931
1982-05-24 12:00:00,1.9151807,2.0499065,2.6246564,2.5655682,3.561733,1.2557828
1982-05-25 12:00:00,1.705057,2.1378992,3.523104,4.735582,9.393238,2.4064946
1982-05-26 12:00:00,1.3493437,1.364583,3.2291722,3.0232017,7.180807,1.7041277
1982-05-27 12:00:00,1.6917152,1.7094585,2.1798542,2.760207,4.6209354,1.1576725
1982-05-28 12:00:00,2.8593714,2.472631,2.9700959,4.134292,4.9164867,1.8263992
1982-05-29 12:00:00,2.8362057,2.4615257,2.8954628,4.0552983,5.011352,2.6294641
1982-05-30 12:00:00,2.2848206,2.2396607,4.1663976,3.381199,3.257248,3.842202
1982-05-31 12:00:00,2.6391644,1.9518188,2.7842832,2.5386226,2.549185,1.9462472
1982-06-01 12:00:00,2.647078,2.1619308,2.686729,2.6710632,2.5867827,1.8007228
1982-06-02 12:00:00,1.5179034,1.3350464,3.240073,2.7787704,2.8947206,2.227035
1982-06-03 12:00:00,2.3055425,2.1065936,2.5395703,5.1902504,3.2176237,2.1406343
1982-06-04 12:00:00,1.5916852,1.6861503,2.915438,3.8513618,3.5961337,1.6994917
1982-06-05 12:00:00,1.9544063,1.7449697,2.693493,3.6791193,4.3723655,1.5742218
1982-06-06 12:00:00,2.0389004,2.058638,3.471117,4.281917,5.539414,2.5986798
1982-06-07 12:00:00,2.2460713,2.6017594,3.242004,4.008862,4.617915,1.5538158
1982-06-08 12:00:00,2.5178866,2.575807,2.9035254,3.9237132,3.3744013,1.8097204
1982-06-09 12:00:00,2.526969,2.5035372,3.4378314,4.8361444,3.3286526,2.761516
1982-06-10 12:00:00,1.9655778,1.8672056,2.8105123,4.216001,2.982114,3.320166
1982-06-11 12:00:00,2.8770523,2.2443242,2.4971468,3.2860847,2.6709044,1.9050564
1982-06-12 12:00:00,1.9246981,1.4885521,2.8042634,2.8644779,3.9023175,1.5530537
1982-06-13 12:00:00,2.3323727,1.8846949,3.224341,4.3739996,3.5572863,1.9675004
1982-06-14 12:00:00,1.5705867,1.3291522,2.3808968,4.7682366,3.9059005,1.5170027
1982-06-15 12:00:00,1.27616,1.2533636,1.935737,4.3473506,4.0384374,1.5645608
1982-06-16 12:00:00,2.161383,1.9461985,3.0728953,3.1793265,3.1937318,1.7912474
1982-06-17 12:00:00,1.886446,1.9089301,2.3539875,3.3694818,2.673656,1.6361566
1982-06-18 12:00:00,1.1715953,1.4262879,1.6737179,2.155107,1.8454136,1.3653731
1982-06-19 12:00:00,0.98228407,1.1160449,1.7518455,2.0004919,2.499687,1.3600476
1982-06-20 12:00:00,2.0780144,1.5289223,3.1543038,3.5875096,4.692821,1.8728399
1982-06-21 12:00:00,1.9563721,1.6383333,2.3007808,5.856848,4.5279455,1.4857991
1982-06-22 12:00:00,2.0845737,1.7206944,2.1206717,5.0640984,3.5756993,1.446666
1982-06-23 12:00:00,1.1433741,1.2839959,2.5078125,3.8071373,3.1127043,1.7330747
1982-06-24 12:00:00,1.5860258,1.4423116,2.3182516,2.5433092,3.094129,1.4865148
1982-06-25 12:00:00,1.533921,1.2845395,2.1387675,2.3806827,3.935683,1.3145796
1982-06-26 12:00:00,2.1679566,2.0427663,3.1190937,3.5871744,3.3092875,1.446948
1982-06-27 12:00:00,1.8419633,1.740189,3.5455067,3.7091062,3.0859478,2.3155043
1982-06-28 12:00:00,1.3004973,1.6622986,3.7749274,2.852142,3.1619322,2.3129766
1982-06-29 12:00:00,2.5964072,2.7661908,3.3593273,3.3988814,3.2579744,1.7533609
1982-06-30 12:00:00,1.8809346,1.7575735,4.2774725,3.7954817,3.2098608,2.1536222
1982-07-01 12:00:00,2.6271567,1.7834058,3.4170396,2.8432078,3.3567429,1.5386525
1982-07-02 12:00:00,1.9022145,1.5654097,2.5649822,2.4034111,2.672992,1.2491142
1982-07-03 12:00:00,1.5275965,1.3028104,3.274226,1.7092228,2.3901966,1.4764475
1982-07-04 12:00:00,2.569042,2.1406596,2.813075,2.8462095,3.3664548,1.8889133
1982-07-05 12:00:00,2.460432,2.184107,4.007503,4.486608,4.606152,2.2509897
1982-07-06 12:00:00,2.71814,2.0608158,2.9955702,4.243818,4.440781,2.1126835
1982-07-07 12:00:00,2.3783321,1.8424939,3.999962,2.4495432,3.084343,1.8441519
1982-07-08 12:00:00,1.712641,1.3992991,2.8224282,2.6899397,2.1469948,1.642743
1982-07-09 12:00:00,1.137774,1.0939136,2.4150243,2.0313287,2.5440798,1.0877402
1982-07-10 12:00:00,1.1443343,1.0334686,2.8007498,1.724884,2.430865,1.2043111
1982-07-11 12:00:00,1.8176028,1.487764,3.0761151,2.61308,2.7652547,1.8576357
1982-07-12 12:00:00,3.0453525,2.2406182,4.095489,3.0992165,3.5605922,2.533661
1982-07-13 12:00:00,2.6698775,2.3797927,3.5518951,2.7955909,3.35229,3.0508583
1982-07-14 12:00:00,2.6185799,2.1419067,2.9929643,3.1991184,2.9274049,2.3303962
1982-07-15 12:00:00,1.5850518,1.5131726,3.0028117,2.5828896,4.3727307,2.2891319
1982-07-16 12:00:00,1.9086651,1.6667296,2.8729768,3.258706,4.0262127,1.7123384
1982-07-17 12:00:00,1.6105163,1.5414771,3.5610337,2.9259627,3.6910987,3.1183555
1982-07-18 12:00:00,2.6950731,2.3909333,4.1384916,3.3951087,4.2725115,3.3677788
1982-07-19 12:00:00,2.5241013,1.973289,2.1378243,3.9298418,3.7792466,1.3372391
1982-07-20 12:00:00,0.7612227,0.99677986,2.6282473,2.5304632,3.9780831,1.7561326
1982-07-21 12:00:00,1.5486066,1.4131956,4.6073728,3.9961805,3.5755327,2.0470715
1982-07-22 12:00:00,2.2820568,2.2202203,4.411377,3.1051207,3.773199,2.1428258
1982-07-23 12:00:00,1.7147688,1.8494406,4.0907016,2.8013768,2.6205513,2.5132973
1982-07-24 12:00:00,2.070057,1.760652,1.8295652,2.2563436,2.554371,1.5803742
1982-07-25 12:00:00,2.5285459,2.0017939,2.8552704,2.2045965,2.4333246,2.1396215
1982-07-26 12:00:00,1.3709991,1.2209873,2.5115137,1.9654523,2.989723,1.9151068
1982-07-27 12:00:00,0.9581303,1.1205469,1.8186558,1.8022766,2.927401,1.4411739
1982-07-28 12:00:00,1.2264851,1.1116501,1.7077265,1.960382,2.247622,1.081226
1982-07-29 12:00:00,0.8529936,0.8599585,1.9918679,1.7412138,1.9853925,1.0183762
1982-07-30 12:00:00,1.0105577,0.8985776,2.0607092,1.657967,2.3497438,1.1863192
1982-07-31 12:00:00,0.9410219,0.8859871,2.1895552,1.7681249,3.4300187,1.3028647
1982-08-01 12:00:00,1.0579334,0.9893883,1.8997025,3.1059203,3.7568126,1.0247824
1982-08-02 12:00:00,1.1925097,1.1727666,1.702628,3.269812,3.2335253,1.0334268
1982-08-03 12:00:00,1.170429,1.0854443,1.7825109,2.922693,1.9727614,1.4232737
1982-08-04 12:00:00,1.4180182,1.4298955,1.5876373,3.7432408,2.0331502,1.1550207
1982-08-05 12:00:00,1.6272414,1.6934584,1.8630474,3.6245704,3.463986,1.3499279
1982-08-06 12:00:00,1.9164362,1.6750647,1.8213742,3.5551739,3.5765495,1.4798106
1982-08-07 12:00:00,1.222459,1.2833596,2.5947373,3.1555355,3.059584,2.2154696
1982-08-08 12:00:00,1.7641914,1.4392972,2.943287,2.216288,2.502291,1.4813173
1982-08-09 12:00:00,1.2645273,1.0915247,2.3883643,2.2225516,2.5036898,1.6100867
1982-08-10 12:00:00,1.2944571,1.1813308,3.0893548,2.6340752,2.2606077,2.3553662
1982-08-11 12:00:00,1.5767386,1.4540489,2.3403916,1.7560383,2.449695,1.6317462
1982-08-12 12:00:00,1.6551881,1.555674,2.3680923,2.5264053,2.6801863,1.9034585
1982-08-13 12:00:00,1.8527831,1.9015818,3.0483494,2.6894011,2.9170291,2.253557
1982-08-14 12:00:00,2.1457639,1.8230276,2.3939774,2.184164,2.9297678,1.3549305
1982-08-15 12:00:00,0.8092911,1.0878739,3.0946336,1.9079787,2.1902297,1.9135848
1982-08-16 12:00:00,1.4357876,1.2515239,2.9096198,2.3976252,1.8184017,1.6614332
1982-08-17 12:00:00,2.277976,1.9246527,3.9598408,2.781932,2.0457513,1.7917843
1982-08-18 12:00:00,1.7736999,1.5140766,4.5090404,2.7162666,3.0385237,1.8823948
1982-08-19 12:00:00,1.38778,1.1129005,2.620224,2.1571774,2.3472235,1.4990281
1982-08-20 12:00:00,1.0971439,1.0255821,2.6468039,1.7069695,2.0424109,1.357021
1982-08-21 12:00:00,1.7308719,1.3302557,3.2179728,2.5683434,1.7719812,1.4575555
1982-08-22 12:00:00,3.756343,2.7951221,5.154771,4.119786,1.8779918,2.177481
1982-08-23 12:00:00,3.4439437,2.8450735,4.2756224,4.3753843,2.7808306,2.3517056
1982-08-24 12:00:00,0.95891917,1.0809529,2.133075,2.9689214,3.421555,1.046277
1982-08-25 12:00:00,1.496067,1.1250609,1.9657898,2.0265927,3.5475602,1.1879337
1982-08-26 12:00:00,1.3691163,1.1457958,1.9912333,2.1383219,3.9654424,1.5104342
1982-08-27 12:00:00,1.2379874,1.2117423,1.8673513,2.5386193,3.8815153,1.1874058
1982-08-28 12:00:00,1.9638811,1.7695082,3.5154984,3.584093,2.9870796,2.4442816
1982-08-29 12:00:00,3.7506058,3.084026,4.2655334,3.6559665,3.9402938,2.892695
1982-08-30 12:00:00,3.2032824,2.6186678,4.916445,3.5801077,5.6152053,3.1413293
1982-08-31 12:00:00,2.83182,2.6254635,5.2188315,3.1648567,2.8272338,2.7435992
1982-09-01 12:00:00,1.7694864,2.002539,3.5076392,4.179338,2.5063126,2.706879
1982-09-02 12:00:00,2.8664472,2.3961291,6.0909686,3.3844082,2.6415234,3.5493493
1982-09-03 12:00:00,2.4745183,2.4406419,3.426704,6.173629,4.133431,3.7614784
1982-09-04 12:00:00,2.7986183,2.3144095,3.2460551,6.117175,4.9819765,2.3904276
1982-09-05 12:00:00,1.0853994,1.1427099,2.470324,3.8409514,6.250331,1.3428577
1982-09-06 12:00:00,2.1363814,1.9534746,3.641189,4.0759306,5.299873,3.3624027
1982-09-07 12:00:00,3.7619555,3.1924262,4.334087,2.6377609,3.383592,1.9645083
1982-09-08 12:00:00,3.1577072,2.7329807,3.3318357,2.7775154,3.2125735,2.4938803
1982-09-09 12:00:00,2.711873,2.5179245,5.3261375,2.9177067,3.6180975,3.3181887
1982-09-10 12:00:00,2.8998995,2.5585053,3.614834,4.1492195,3.6412919,3.1139586
1982-09-11 12:00:00,2.7884889,2.4099493,5.104085,3.7985468,2.8859696,4.22813
1982-09-12 12:00:00,3.3042057,2.888972,5.0121174,4.676165,3.7864666,3.1141872
1982-09-13 12:00:00,4.3288393,3.7643783,7.163568,4.3979273,3.7700484,3.9314396
1982-09-14 12:00:00,3.68022,3.0860953,4.926722,4.7797284,3.6170187,2.7656229
1982-09-15 12:00:00,3.0074148,2.2883384,3.039661,3.2087307,3.2677064,1.3650862
1982-09-16 12:00:00,1.621434,1.2983068,1.8537279,2.3924313,2.1406362,1.6717945
1982-09-17 12:00:00,1.3516363,1.2462484,2.4700701,4.1261563,3.0209947,2.0406625
1982-09-18 12:00:00,0.86446136,1.1527776,2.5053918,4.869462,4.089329,1.7303674
1982-09-19 12:00:00,1.3950527,1.5264727,2.3787773,5.1462126,6.042795,1.9378028
1982-09-20 12:00:00,1.1598476,1.2509763,1.8668715,2.482077,5.932938,1.38967
1982-09-21 12:00:00,1.412245,1.167781,1.4672645,5.0307684,6.6351886,1.3877835
1982-09-22 12:00:00,0.8844163,0.9113488,1.6282243,2.8085017,7.3701077,1.1704174
1982-09-23 12:00:00,0.8204888,0.93931544,2.546597,1.6424512,5.616521,1.1140828
1982-09-24 12:00:00,0.89542526,0.8840593,3.327686,1.838812,5.1922097,1.3705261
1982-09-25 12:00:00,1.2345259,1.1086302,3.8148463,2.8159883,3.3595073,1.3164989
1982-09-26 12:00:00,1.0669678,1.0235512,3.0511115,2.3259158,3.2083929,1.3484324
1982-09-27 12:00:00,0.8869838,1.0643771,1.6313094,2.0360365,4.3187094,1.0842612
1982-09-28 12:00:00,0.8824073,1.0233363,1.4883175,2.0198493,3.5697997,1.1204808
1982-09-29 12:00:00,1.2117058,1.0327334,1.5867673,2.1585758,3.0029597,1.0542586
1982-09-30 12:00:00,1.8122169,1.6091301,3.088214,3.2871716,4.1371346,1.2062087
1982-10-01 12:00:00,1.0081697,1.1561126,4.0077252,2.1898346,5.258754,1.3177187
1982-10-02 12:00:00,0.797824,0.89465636,2.83755,1.6320328,3.1578789,1.322381
1982-10-03 12:00:00,1.6694446,1.257466,4.4476266,2.1405516,1.9926898,2.375137
1982-10-04 12:00:00,1.5659112,1.4892823,2.9213662,3.7735431,2.5358837,1.9890004
1982-10-05 12:00:00,1.4356253,1.0853239,2.2747788,2.718899,2.8742783,1.2997814
1982-10-06 12:00:00,2.8066988,1.7051946,2.3821747,2.3536708,3.8370652,1.4362887
1982-10-07 12:00:00,1.3829169,1.1854259,2.1488726,2.960178,3.285146,1.7306393
1982-10-08 12:00:00,1.5103271,1.5090164,2.546886,3.3161995,4.207673,1.8662461
1982-10-09 12:00:00,2.1044936,1.8893977,4.823308,3.874383,4.0423646,3.2134552
1982-10-10 12:00:00,1.9551306,1.7964832,3.760037,5.0179625,4.605802,2.6177082
1982-10-11 12:00:00,2.219884,1.9067461,4.609695,4.065969,5.1528506,3.4123676
1982-10-12 12:00:00,3.1781602,2.387562,6.244423,3.4651096,2.7819219,3.6853373
1982-10-13 12:00:00,1.5765703,1.4308891,2.1650217,6.0414276,4.075631,2.0084653
1982-10-14 12:00:00,1.6152377,1.4308374,4.552602,3.7867236,3.7794378,3.0639672
1982-10-15 12:00:00,1.5517807,1.5199286,3.2683666,1.7117295,2.66022,1.4206243
1982-10-16 12:00:00,1.5520486,1.6433345,3.467003,3.2277694,3.3633993,2.3273885
1982-10-17 12:00:00,1.8428135,1.663344,3.0703828,2.4832447,3.428979,2.0518653
1982-10-18 12:00:00,2.0859683,1.9011619,2.888267,2.227036,3.8281894,2.2156231
1982-10-19 12:00:00,2.0160496,2.004181,7.4280825,4.567884,4.100682,4.795141
1982-10-20 12:00:00,3.5924366,3.138169,6.1414638,4.881763,5.051026,3.1134534
1982-10-21 12:00:00,2.4396946,1.6989356,3.0300763,4.719227,4.7172127,2.2209246
1982-10-22 12:00:00,1.9434793,1.7839644,4.5237455,6.314822,5.5667205,3.880476
1982-10-23 12:00:00,2.1217496,1.9790422,4.74165,5.1158266,4.139438,3.6175637
1982-10-24 12:00:00,2.6975465,2.897474,6.251084,4.318463,2.636647,3.8530123
1982-10-25 12:00:00,2.414566,2.4794881,5.2773046,6.7738633,4.668708,3.8010197
1982-10-26 12:00:00,3.284166,3.0283055,4.805299,4.6490865,5.3567023,3.0873485
1982-10-27 12:00:00,2.6559641,2.5087621,5.1456757,7.066174,5.307442,4.3254523
1982-10-28 12:00:00,2.9593506,2.4615993,7.637393,7.1050835,4.32937,5.499748
1982-10-29 12:00:00,3.786287,3.424202,6.167439,5.917174,3.7036312,4.4289613
1982-10-30 12:00:00,3.3836884,2.6377034,4.007398,2.3586993,4.586679,2.5017002
1982-10-31 12:00:00,1.4986987,1.5726883,2.908927,3.8353128,4.011718,2.559605
1982-11-01 12:00:00,1.8349965,1.8664378,6.7025223,4.278263,3.2781823,4.7319026
1982-11-02 12:00:00,2.987205,2.7805307,5.6860137,6.121913,3.837635,3.9522328
1982-11-03 12:00:00,4.087446,3.3148031,5.361214,4.492368,2.8639743,3.353881
1982-11-04 12:00:00,3.5797372,2.574664,4.8493733,3.6143441,2.6157238,2.4840345
1982-11-05 12:00:00,3.7158296,2.5476792,5.791231,3.6812375,3.4883893,2.5681324
1982-11-06 12:00:00,3.5350487,2.2806706,5.8606153,3.319164,6.13871,2.5870206
1982-11-07 12:00:00,2.2531152,1.4744674,5.1671915,2.615962,6.865214,2.0183964
1982-11-08 12:00:00,0.9525134,0.99123436,3.683171,1.931757,5.887618,1.4142718
1982-11-09 12:00:00,0.78975016,1.1160492,2.4994054,1.7372755,6.660802,1.6617678
1982-11-10 12:00:00,0.81640166,0.8568915,2.7661867,2.815176,2.9837584,1.8649546
1982-11-11 12:00:00,0.9381369,0.9950701,3.099853,5.1248245,3.94703,2.8624196
1982-11-12 12:00:00,1.6930509,1.740486,5.774915,5.010055,4.3935585,4.3407345
1982-11-13 12:00:00,3.7938623,3.3431468,6.555479,6.196406,6.254261,4.858264
1982-11-14 12:00:00,2.8440022,2.5773473,4.826119,5.1427546,7.080556,3.5471842
1982-11-15 12:00:00,1.9374225,1.7415967,3.041557,3.1474788,5.7516003,2.171671
1982-11-16 12:00:00,2.0331173,1.9503055,4.6306105,6.509212,6.50757,3.8408058
1982-11-17 12:00:00,3.5162392,2.943808,6.1517096,6.053514,6.194119,4.3532662
1982-11-18 12:00:00,2.7945802,2.4862695,5.418027,5.34421,5.1361914,3.9410555
1982-11-19 12:00:00,1.8725607,1.5781952,5.273213,3.738241,5.86316,3.0591807
1982-11-20 12:00:00,2.1769705,1.9655342,2.8066902,2.3030488,6.404713,2.0285807
1982-11-21 12:00:00,1.4764992,1.258549,2.4551907,2.1764798,3.1807306,1.7313739
1982-11-22 12:00:00,1.2026677,1.1281656,3.3409085,4.6767716,4.4416003,3.022677
1982-11-23 12:00:00,3.193072,3.2124977,6.4164886,8.042667,5.7918415,4.833043
1982-11-24 12:00:00,3.4529443,3.0458465,5.011887,4.9691873,3.6709597,2.9417198
1982-11-25 12:00:00,3.0182042,2.299923,3.5984895,3.0686357,5.166722,1.9027599
1982-11-26 12:00:00,2.941406,1.7870473,2.5507665,2.2935355,4.9845405,1.4761139
1982-11-27 12:00:00,1.0822335,0.90702105,2.9362495,2.1392698,3.9421191,1.6430637
1982-11-28 12:00:00,2.3345933,1.4755232,4.388919,2.4231625,2.803238,1.9401243
1982-11-29 12:00:00,2.9061337,1.8251891,3.4297824,2.3931818,3.411904,2.210509
1982-11-30 12:00:00,2.0091968,1.7624508,5.1935925,3.6984158,3.8753967,3.2038155
1982-12-01 12:00:00,2.6917663,2.3220856,3.4580443,2.4125683,2.4584365,1.692018
1982-12-02 12:00:00,1.7215443,1.762045,2.191504,2.7209458,3.4187374,1.960573
1982-12-03 12:00:00,1.5371044,1.2300363,2.0429835,3.2790313,4.384067,1.953608
1982-12-04 12:00:00,1.5811965,1.3227899,3.5802348,3.540114,5.6449995,1.9489452
1982-12-05 12:00:00,1.1804032,1.2544178,3.3062434,2.942858,5.6070113,2.3980782
1982-12-06 12:00:00,3.295049,2.4119167,5.6765313,4.4804635,5.0560174,3.8871708
1982-12-07 12:00:00,2.025074,1.6907535,5.395628,3.5727406,4.4687114,3.8515806
1982-12-08 12:00:00,4.233386,3.4445052,6.8127904,3.983252,3.4232128,3.3816447
1982-12-09 12:00:00,2.0172338,1.9690756,3.3707328,3.0609457,3.8544166,1.9831793
1982-12-10 12:00:00,1.7375786,1.4163848,3.3965852,2.0880044,3.649445,2.431369
1982-12-11 12:00:00,1.5438633,1.2329868,2.8533537,3.288472,3.3294098,2.1192272
1982-12-12 12:00:00,2.602372,2.1132207,5.7362585,5.9075727,5.1581974,4.542139
1982-12-13 12:00:00,1.7700093,1.7038915,2.832286,4.59766,5.5264153,2.2475488
1982-12-14 12:00:00,2.0678253,1.6022803,3.3423429,3.8927026,5.893677,2.5911937
1982-12-15 12:00:00,1.6378679,1.5261608,3.1558676,3.078216,5.852333,2.2772937
1982-12-16 12:00:00,2.03944,1.7198466,4.948381,3.5412006,3.3499358,2.9929852
1982-12-17 12:00:00,2.3784633,2.1637871,4.5899634,4.618308,4.3083096,2.7243798
1982-12-18 12:00:00,2.7203174,2.440553,4.7985244,4.0714116,3.8434525,2.6769803
1982-12-19 12:00:00,3.022563,2.6619608,4.601001,4.7036824,3.8302753,2.7093205
1982-12-20 12:00:00,2.841705,2.4246867,3.3925304,4.5325212,4.8852243,2.3099277
1982-12-21 12:00:00,1.5667894,1.4676441,3.866511,4.5826964,4.9197836,2.4868612
1982-12-22 12:00:00,1.7517716,1.7133712,3.1777442,4.2021165,4.374424,2.534203
1982-12-23 12:00:00,1.0946717,1.3440237,2.7427676,4.920695,3.3709834,2.1729443
1982-12-24 12:00:00,0.82115823,1.1585888,2.8707345,3.982781,2.2775164,2.5262187
1982-12-25 12:00:00,1.1354396,1.0947245,2.0246518,4.286597,4.540586,1.9006917
1982-12-26 12:00:00,0.7404345,0.97439474,2.8557484,3.6908526,5.67689,1.8835905
1982-12-27 12:00:00,1.2070216,1.2358397,3.8800204,2.5820484,5.858166,2.0019906
1982-12-28 12:00:00,0.9684052,1.1128256,3.5813649,2.948645,4.290921,2.452888
1982-12-29 12:00:00,0.9738717,1.1351718,3.1240518,3.3287747,3.6727903,3.205917
1982-12-30 12:00:00,1.903921,1.7417774,2.74125,2.6654997,3.6573982,2.1564019
1982-12-31 12:00:00,2.3619874,2.1498938,3.1963284,2.104909,4.1129117,2.0659285
1983-01-01 12:00:00,2.6079936,1.8991046,3.8520262,3.8029644,6.644987,2.7352977
1983-01-02 12:00:00,1.0261397,1.1002564,4.4986215,3.9770205,6.1002965,3.2961435
1983-01-03 12:00:00,1.5947362,1.3826036,5.476022,5.103132,5.0684915,4.189865
1983-01-04 12:00:00,2.071374,1.7315996,6.3601303,5.0488596,4.466068,4.33329
1983-01-05 12:00:00,3.5853467,2.7937489,5.7645674,4.3679385,4.9995832,2.7685454
1983-01-06 12:00:00,2.633677,1.9410794,3.3185875,2.7850761,5.264442,1.6287884
1983-01-07 12:00:00,1.1478103,1.3242736,3.1434643,5.4982004,5.075424,3.4447155
1983-01-08 12:00:00,3.8662171,3.3415055,6.2537894,7.4509115,8.914239,4.979171
1983-01-09 12:00:00,2.226015,2.0849912,4.957785,7.736058,9.277751,4.399896
1983-01-10 12:00:00,3.5019517,3.1284213,5.6740813,9.099173,9.504713,5.3000484
1983-01-11 12:00:00,2.889265,2.4354281,4.9880548,7.6139503,7.775112,4.537084
1983-01-12 12:00:00,2.7790847,2.2151287,5.34288,5.0297318,5.6761208,4.1390343
1983-01-13 12:00:00,2.8992398,2.0530176,5.122236,4.286566,6.023101,3.0985758
1983-01-14 12:00:00,2.2862394,2.1994238,4.4676332,6.326415,5.2607064,3.8310246
1983-01-15 12:00:00,1.2470789,1.2613668,4.828309,5.154084,5.131043,3.2105918
1983-01-16 12:00:00,1.5864152,1.3553411,3.2171144,3.1902587,3.7368891,3.0449064
1983-01-17 12:00:00,1.2262135,1.256921,2.9147077,3.8193264,3.8092422,2.5663233
1983-01-18 12:00:00,3.1605616,2.4287932,5.010614,6.1965795,6.6163054,3.4145937
1983-01-19 12:00:00,3.8739653,2.2905152,4.459792,4.806738,5.537152,1.6978129
1983-01-20 12:00:00,2.5532503,1.7605779,4.0696716,4.0041666,4.285414,2.3786123
1983-01-21 12:00:00,3.8559694,2.7156537,4.022813,2.8519783,3.2809086,2.4426038
1983-01-22 12:00:00,1.3644056,1.1859748,2.2248437,3.0729196,3.165666,1.0674794
1983-01-23 12:00:00,1.0274327,1.0504891,2.2922947,3.8953474,3.6239684,2.206206
1983-01-24 12:00:00,0.9374341,0.88027155,4.65577,4.7991095,3.8939312,4.167823
1983-01-25 12:00:00,1.5050657,1.3604332,6.5056553,5.0592494,3.7703307,4.588103
1983-01-26 12:00:00,2.3857408,1.9176272,6.7640557,5.3059983,3.8101065,4.689868
1983-01-27 12:00:00,3.2460604,2.5803952,6.339648,4.6843486,4.679601,3.3233502
1983-01-28 12:00:00,2.7854419,2.1220374,4.911842,4.263101,4.360082,2.9009306
1983-01-29 12:00:00,1.4956613,1.2917343,4.6375823,3.931351,3.442803,2.911855
1983-01-30 12:00:00,1.4639413,1.2388667,5.116121,3.8901978,2.9567544,3.20518
1983-01-31 12:00:00,2.279355,2.4419396,7.9650006,5.424424,4.648062,5.237011
1983-02-01 12:00:00,2.469237,2.4776938,5.449641,6.1156116,5.1366506,4.7851944
1983-02-02 12:00:00,3.3517418,3.1945786,7.1359105,6.5835857,4.166533,6.1547537
1983-02-03 12:00:00,2.270988,2.2508013,3.4065204,6.9930944,4.3677216,3.662772
1983-02-04 12:00:00,0.91579396,1.0547395,4.0926304,4.642154,5.13604,2.6807172
1983-02-05 12:00:00,1.6940104,1.3411232,3.1105957,3.5864367,3.4866889,2.4332726
1983-02-06 12:00:00,0.8223447,0.85918474,2.9439063,3.6523824,4.8256736,2.9744678
1983-02-07 12:00:00,0.8218901,0.7724312,3.8037393,2.749886,3.9194639,2.7531826
1983-02-08 12:00:00,0.9651352,0.85983956,3.6018908,2.4095728,2.7865505,1.8095232
1983-02-09 12:00:00,1.4011908,1.1101104,3.9123566,3.4374614,3.3800416,2.7645311
1983-02-10 12:00:00,3.0417457,2.2231827,6.069477,5.5687604,3.85307,3.8237636
1983-02-11 12:00:00,2.5044153,1.8230809,4.878599,4.3808303,3.7290773,2.7539508
1983-02-12 12:00:00,1.509064,1.3592899,4.028617,4.786477,5.37452,3.134874
1983-02-13 12:00:00,3.0353124,2.473294,3.9439888,6.6092663,6.224777,4.335182
1983-02-14 12:00:00,1.4418939,1.543276,3.3740833,3.7566698,6.3872533,2.4871778
1983-02-15 12:00:00,2.6174903,2.5374596,3.748668,5.920747,4.591027,3.2007575
1983-02-16 12:00:00,1.3464735,1.4064904,3.2152607,5.198232,7.009711,2.5867436
1983-02-17 12:00:00,2.6907878,2.0573123,4.44154,4.668991,5.2454863,2.9790323
1983-02-18 12:00:00,2.1236699,1.7720279,3.257621,5.413128,4.747736,3.0415924
1983-02-19 12:00:00,1.3296783,1.9230301,2.7169888,6.5121818,5.9642944,2.2981367
1983-02-20 12:00:00,0.9222081,1.178047,3.6047099,5.9386325,6.0294075,3.3825748
1983-02-21 12:00:00,3.5173492,2.9206104,4.9876466,7.833651,7.4141297,3.9186516
1983-02-22 12:00:00,2.9873435,2.3197975,5.127592,3.8866768,4.7798104,3.8186963
1983-02-23 12:00:00,3.9755273,3.2197025,6.238438,4.390029,4.808172,3.2456713
1983-02-24 12:00:00,4.711618,3.6041527,5.8655367,5.244678,6.497429,4.0423684
1983-02-25 12:00:00,2.4890451,2.1393602,4.429478,6.1607013,6.803598,3.8457367
1983-02-26 12:00:00,3.2814183,2.763052,6.8947654,5.6523547,6.4910035,4.8220496
1983-02-27 12:00:00,4.242198,3.9988773,7.6519694,6.456251,6.572351,5.8037133
1983-02-28 12:00:00,4.3786297,4.184205,5.7825866,6.9852915,6.545011,4.292709
1983-03-01 12:00:00,2.4295173,2.1858025,3.6742826,5.7170897,4.794021,3.0888615
1983-03-02 12:00:00,1.1090518,1.5457644,2.3336906,7.008711,4.0498767,2.0856452
1983-03-03 12:00:00,0.8851375,1.0554508,2.4408,2.7553887,2.6903129,1.4545873
1983-03-04 12:00:00,0.87846565,0.86125815,2.7537847,2.7574582,2.70026,2.5711186
1983-03-05 12:00:00,1.2696933,1.3131144,2.922271,4.5342517,3.9205143,2.419308
1983-03-06 12:00:00,0.8037645,1.0179625,1.9113525,4.4253006,5.821885,2.168771
1983-03-07 12:00:00,1.6467886,1.527522,3.7351818,3.941184,4.650816,2.5276372
1983-03-08 12:00:00,2.156653,1.934005,5.1018667,6.8825383,5.942599,4.4592752
1983-03-09 12:00:00,3.910768,3.4967372,6.0653462,7.329766,8.2428255,5.3985577
1983-03-10 12:00:00,4.444625,3.6697493,5.540741,6.129623,4.7353144,4.532245
1983-03-11 12:00:00,2.0536532,1.7885731,3.9100773,4.5974607,3.8019528,3.085532
1983-03-12 12:00:00,3.5520406,3.044826,5.777082,7.2192073,5.8970385,4.4589543
1983-03-13 12:00:00,3.1058984,3.275501,6.4450994,7.775822,6.9214373,4.549496
1983-03-14 12:00:00,2.4322705,2.4162097,4.817459,5.7377872,5.2210226,3.428973
1983-03-15 12:00:00,2.8806367,2.5531294,5.6295795,6.6806912,4.2624903,4.2086377
1983-03-16 12:00:00,3.2034163,2.8333254,5.646524,4.911109,4.318989,4.660067
1983-03-17 12:00:00,3.0768175,3.088916,5.0955205,4.9396205,5.3455777,4.7358375
1983-03-18 12:00:00,2.5412452,2.2860427,3.4439967,4.9766192,4.909309,3.4923215
1983-03-19 12:00:00,3.0942209,2.634404,4.3171997,7.279372,5.139257,4.159643
1983-03-20 12:00:00,4.0592403,3.342336,5.226102,6.2836146,4.10521,4.1529922
1983-03-21 12:00:00,4.0277367,3.7689216,4.1535378,6.047374,7.420074,3.7602897
1983-03-22 12:00:00,3.0732737,2.9923027,3.5354872,7.813807,6.8426075,4.184499
1983-03-23 12:00:00,3.6803536,3.6286411,3.908779,10.511879,5.65359,4.252412
1983-03-24 12:00:00,3.0652442,3.286234,4.154693,7.047855,8.19983,3.260017
1983-03-25 12:00:00,2.1305459,2.049823,3.7991421,3.7940865,5.4603596,3.3345346
1983-03-26 12:00:00,2.6556454,2.281485,4.7312293,3.107312,4.285865,2.8756151
1983-03-27 12:00:00,1.8251557,1.7858393,3.7678494,4.14464,4.83484,2.7280817
1983-03-28 12:00:00,1.5779195,1.4517945,3.9491603,3.3139138,3.6800616,2.7201922
1983-03-29 12:00:00,3.119629,3.1092734,4.449062,6.32484,4.317298,3.9605236
1983-03-30 12:00:00,2.2200894,1.9414102,3.1190956,4.549416,5.260225,2.4699943
1983-03-31 12:00:00,2.394518,2.1565661,4.395261,4.825388,7.311201,3.3994534
1983-04-01 12:00:00,3.7369523,3.159794,6.2838626,4.4275956,8.0607605,3.7939656
1983-04-02 12:00:00,2.5037441,2.684429,6.632026,6.5797873,4.5032535,4.5739613
1983-04-03 12:00:00,2.2249424,2.338191,3.5563033,5.146854,4.257834,2.491284
1983-04-04 12:00:00,2.3093805,2.1089935,3.8130581,4.31876,3.221427,3.069903
1983-04-05 12:00:00,4.1785183,3.3943305,4.2881837,4.5711217,4.845075,3.0782554
1983-04-06 12:00:00,1.4480516,1.5409395,3.043538,3.0796564,4.541243,2.2277837
1983-04-07 12:00:00,1.6603942,1.5863378,3.5390315,2.0776696,4.2511125,1.9511186
1983-04-08 12:00:00,2.1842778,1.7621701,3.904561,2.3602786,5.935359,2.31722
1983-04-09 12:00:00,3.6629019,2.8036487,4.5684276,3.7487438,4.272075,2.5279088
1983-04-10 12:00:00,1.3224001,1.6015482,4.497254,3.780972,3.6764789,2.4205775
1983-04-11 12:00:00,1.0978408,1.2454131,4.6921897,3.3408647,3.292131,2.642979
1983-04-12 12:00:00,1.9758995,1.8545234,3.7878895,3.1560159,4.3416553,2.1092806
1983-04-13 12:00:00,1.0895317,1.3176284,3.12123,2.6145566,6.189315,1.933166
1983-04-14 12:00:00,1.1535963,1.409468,3.0241938,2.96942,4.713399,2.9570377
1983-04-15 12:00:00,1.746462,1.5250373,3.253526,3.5196435,3.3879693,3.6241302
1983-04-16 12:00:00,2.3420048,1.921104,3.925469,2.887849,2.886515,3.7495763
1983-04-17 12:00:00,2.145432,1.7199798,3.8122096,2.60665,3.7722206,2.6229358
1983-04-18 12:00:00,2.4337707,1.9939004,3.2101634,3.976331,3.4328575,1.7313923
1983-04-19 12:00:00,1.6083953,1.401914,2.5473182,4.566726,3.2795117,1.516302
1983-04-20 12:00:00,2.3331943,1.9485387,1.7581863,3.5129714,4.0612655,1.8128072
1983-04-21 12:00:00,1.6529958,1.3029368,2.283426,3.0826573,4.771936,1.9973056
1983-04-22 12:00:00,2.2455115,1.7135965,1.8947815,2.5518756,4.1649117,1.5502279
1983-04-23 12:00:00,1.9092202,1.3613149,2.2104301,2.9059865,3.6174212,1.6296474
1983-04-24 12:00:00,1.2693698,1.2282346,2.1780207,2.9473915,5.0508237,1.4350449
1983-04-25 12:00:00,1.2884085,1.1603175,2.4745715,2.938179,5.4469676,1.3748616
1983-04-26 12:00:00,1.5928144,1.326274,2.6036487,2.0873861,3.3100228,1.3088878
1983-04-27 12:00:00,1.5223808,1.5912174,2.089946,1.9006209,4.459266,1.2501371
1983-04-28 12:00:00,1.9317526,1.5599225,2.0457566,1.9444946,3.3074133,1.5278955
1983-04-29 12:00:00,1.2041194,1.0780987,1.878268,1.5182605,3.5246007,1.223873
1983-04-30 12:00:00,1.113954,1.401046,2.4651456,2.5673018,4.6534348,1.376762
1983-05-01 12:00:00,2.4127715,2.2549467,3.3934746,3.8658142,3.5790336,2.526778
1983-05-02 12:00:00,3.2510672,3.1840425,4.9292684,5.5709023,3.3250778,3.4031558
1983-05-03 12:00:00,4.581309,4.241338,5.903779,6.2606316,3.394475,4.092066
1983-05-04 12:00:00,3.7800999,3.1109273,4.362338,2.430939,3.9380653,2.3399904
1983-05-05 12:00:00,1.4570022,1.2627403,2.986472,2.1333425,4.254954,1.325432
1983-05-06 12:00:00,2.692247,2.4114666,5.422612,3.318028,3.983717,3.0019293
1983-05-07 12:00:00,3.5623975,2.6746068,5.0764713,3.2149394,3.5185466,3.4207494
1983-05-08 12:00:00,3.8298016,3.1851592,3.7227063,5.7978325,3.7883277,3.38611
1983-05-09 12:00:00,2.0870996,2.3788776,2.509131,5.318604,4.0046563,2.4051938
1983-05-10 12:00:00,1.8228617,1.5370239,3.6414742,3.197488,3.2984056,2.028786
1983-05-11 12:00:00,2.0777028,2.1197712,4.486917,3.600617,3.0491445,2.7920284
1983-05-12 12:00:00,2.565037,2.3017564,2.7407646,3.3021238,3.0900843,2.095933
1983-05-13 12:00:00,1.055844,1.1187267,2.2636232,2.232437,2.4098442,1.391915
1983-05-14 12:00:00,1.7196709,1.8208687,2.9169593,3.438263,4.095242,2.55013
1983-05-15 12:00:00,2.2555757,1.8938725,3.655997,3.6131644,6.85244,2.755241
1983-05-16 12:00:00,3.0409095,2.2576966,3.4794657,3.5567188,3.78875,2.3527925
1983-05-17 12:00:00,2.7147748,2.4591057,3.1299756,4.1457386,2.4894724,2.4733558
1983-05-18 12:00:00,1.9307629,2.1650689,3.8407485,3.1154463,3.2453203,1.9469552
1983-05-19 12:00:00,2.4164085,2.45151,3.7694547,2.2267785,3.210565,1.8548315
1983-05-20 12:00:00,1.598952,1.367594,3.0413249,3.2863436,2.4163115,2.2180583
1983-05-21 12:00:00,1.8178898,1.6554441,3.942028,3.521945,2.6073623,2.377965
1983-05-22 12:00:00,2.1350207,2.1809597,5.0491276,4.6229024,2.8278296,3.105676
1983-05-23 12:00:00,1.4973911,1.4281672,3.6104343,4.039636,3.9035196,2.275749
1983-05-24 12:00:00,1.3671106,1.347468,2.4381602,2.7663815,2.567424,1.8176365
1983-05-25 12:00:00,1.7818561,1.2920042,2.2432024,2.5689998,2.5802515,1.6662933
1983-05-26 12:00:00,1.8362539,1.4520836,2.6232111,2.950608,3.3400855,2.1364465
1983-05-27 12:00:00,1.9531219,2.0541706,3.0911403,2.311972,2.799188,1.9263104
1983-05-28 12:00:00,1.4933763,1.2470254,2.3881745,2.5926962,2.111833,2.0227084
1983-05-29 12:00:00,1.9129063,1.6831869,2.4175115,2.4033217,2.3232212,1.4709696
1983-05-30 12:00:00,2.267387,1.872698,3.1370144,2.3870997,2.5711915,1.5883703
1983-05-31 12:00:00,2.1271796,1.7196856,3.0351977,2.4952853,2.974646,2.186148
1983-06-01 12:00:00,1.7549305,1.4313271,2.8484058,2.3654532,3.2281153,2.1919603
1983-06-02 12:00:00,2.0250416,1.9749135,3.0318136,2.4956722,3.1534495,1.8143373
1983-06-03 12:00:00,1.8582258,1.9513887,3.449958,4.4433923,4.636811,2.068658
1983-06-04 12:00:00,1.7341229,1.757555,3.3757267,4.710222,5.3557715,2.6069915
1983-06-05 12:00:00,2.2397628,2.2442997,3.0722985,4.174198,5.5986285,2.770309
1983-06-06 12:00:00,2.0701237,1.811654,3.0785704,3.0855494,4.272652,2.7368379
1983-06-07 12:00:00,4.502749,3.6105437,5.5269933,4.1824336,3.835434,4.524619
1983-06-08 12:00:00,2.8007703,2.456292,3.762593,3.0717015,2.7597263,2.071396
1983-06-09 12:00:00,1.8940402,1.755849,3.394742,2.944619,3.4581861,1.7790049
1983-06-10 12:00:00,1.3501018,1.6233423,3.151095,3.3109405,4.114293,2.222478
1983-06-11 12:00:00,1.7878642,1.317901,1.7978057,2.2538855,5.396469,1.7714461
1983-06-12 12:00:00,1.2374486,1.1267734,2.1966288,2.6062841,6.35804,1.3749005
1983-06-13 12:00:00,1.2387394,1.1256212,2.3060305,2.3589215,5.6811314,1.5926317
1983-06-14 12:00:00,1.4362174,1.5954157,2.028554,2.8230374,4.252793,1.5680212
1983-06-15 12:00:00,1.8789022,1.5792094,2.3414333,3.4564202,4.483201,2.6546252
1983-06-16 12:00:00,3.1255054,2.775671,4.280706,5.109682,5.7863803,4.3271556
1983-06-17 12:00:00,4.0383186,3.4284985,5.9416246,5.6254034,4.120262,4.1733465
1983-06-18 12:00:00,4.6083136,3.7019298,4.433195,5.0189934,3.973466,3.581921
1983-06-19 12:00:00,2.485949,2.618351,4.6251125,4.7251115,3.4873784,2.7260222
1983-06-20 12:00:00,2.350621,2.0218384,3.9311633,3.2488875,3.3257976,2.5642092
1983-06-21 12:00:00,1.6529508,1.7576051,2.6893399,3.046351,3.0471175,1.9042002
1983-06-22 12:00:00,1.9566928,1.6201707,3.2308178,2.3967166,2.7800508,2.1731145
1983-06-23 12:00:00,1.0435518,1.2187116,2.4468896,2.2315185,3.1975725,2.2344053
1983-06-24 12:00:00,2.4118488,2.0470066,3.0410259,2.3722134,2.6693163,1.7706069
1983-06-25 12:00:00,3.6216733,2.9796662,4.5135603,3.6488755,2.3931737,2.4505482
1983-06-26 12:00:00,3.34026,2.8843403,4.0744987,3.6577685,3.1509545,2.217106
1983-06-27 12:00:00,2.3217459,1.9793844,3.6409526,3.6113539,3.4360495,2.6409202
1983-06-28 12:00:00,1.6254141,1.4182628,3.0313594,2.9401226,4.0485425,2.6163008
1983-06-29 12:00:00,1.438127,1.5562818,2.283865,3.0199747,4.3690696,2.2638812
1983-06-30 12:00:00,1.3591315,1.3888541,2.0998075,3.082967,3.8515084,1.4008433
1983-07-01 12:00:00,0.997332,1.0684527,1.748575,3.35763,2.8206787,1.2202363
1983-07-02 12:00:00,1.1251985,1.1610746,1.80342,2.780103,3.4667358,1.1485059
1983-07-03 12:00:00,1.2423916,1.4284779,2.5982194,2.2787526,3.1676438,1.8752711
1983-07-04 12:00:00,1.6347386,1.7524414,3.177977,4.41695,3.0760138,2.2706845
1983-07-05 12:00:00,2.1291327,2.2098722,3.7089882,5.717468,5.2685537,3.0535853
1983-07-06 12:00:00,2.1644187,2.05318,2.6346488,3.8883965,4.0926886,2.6346083
1983-07-07 12:00:00,1.8439251,1.811179,1.6471301,3.7343092,3.2436996,1.9374325
1983-07-08 12:00:00,2.4426851,2.3726058,2.2939692,3.7768006,6.49097,1.4533483
1983-07-09 12:00:00,2.3806329,2.218685,2.390711,3.710646,4.5726476,1.4157358
1983-07-10 12:00:00,1.3282458,1.2685688,3.828835,2.8044517,3.0360382,1.5317954
1983-07-11 12:00:00,1.1455021,1.2244023,3.5353913,2.26425,2.0174093,1.7765751
1983-07-12 12:00:00,1.4625602,1.2640129,3.1189487,1.7475257,1.8791002,1.387972
1983-07-13 12:00:00,0.9992287,1.0514835,1.9609559,1.7101582,1.9371796,1.208658
1983-07-14 12:00:00,1.1661489,1.0246273,1.9089856,2.380527,2.0040133,1.4176949
1983-07-15 12:00:00,1.0242195,0.9796771,2.115963,2.952211,2.5938241,1.4588693
1983-07-16 12:00:00,1.2382749,1.0613981,1.920591,2.304226,3.159109,1.2847073
1983-07-17 12:00:00,2.2088811,1.8676118,1.8358736,2.166823,3.152316,1.6482362
1983-07-18 12:00:00,1.8737124,1.7643471,1.968043,2.937415,2.8674085,1.2894574
1983-07-19 12:00:00,2.944965,2.2826574,3.0393028,3.1639292,2.4738688,1.8758452
1983-07-20 12:00:00,3.2309728,2.500699,3.3373575,3.3725111,2.6905806,1.9176298
1983-07-21 12:00:00,2.3858433,2.1020958,2.2483237,3.0998306,3.0309618,1.4827061
1983-07-22 12:00:00,0.96068573,1.0919147,2.1675363,2.8745983,3.1901455,1.2974029
1983-07-23 12:00:00,1.4198673,1.218278,2.5050726,3.2235909,4.091834,1.4246503
1983-07-24 12:00:00,3.202823,2.623887,3.4794323,3.6441333,4.062694,1.7952275
1983-07-25 12:00:00,2.5561702,1.7940483,2.7573464,3.0965743,3.5570443,2.3345995
1983-07-26 12:00:00,1.8613279,1.5947094,2.9900372,2.5946167,3.4730525,1.6526062
1983-07-27 12:00:00,3.3130355,2.8752356,4.947708,3.6513488,3.388854,3.2641208
1983-07-28 12:00:00,2.2000175,2.2909198,3.0770564,3.7757974,4.052505,2.7654057
1983-07-29 12:00:00,2.0979803,1.8623887,3.5730913,2.550403,3.2216256,2.1129446
1983-07-30 12:00:00,1.4907728,1.3733891,2.6705513,3.2779093,2.6262054,2.5844562
1983-07-31 12:00:00,1.2569606,1.1665697,2.1181183,3.0892243,3.0714402,1.8494018
1983-08-01 12:00:00,2.895734,2.3966854,3.6407382,3.728718,3.0766387,1.8966016
1983-08-02 12:00:00,1.8981779,1.6816773,2.4296737,2.7388663,3.2297523,1.7517732
1983-08-03 12:00:00,2.0334415,1.5807239,2.5212064,2.0059013,4.0445733,1.727412
1983-08-04 12:00:00,1.5241597,1.4263837,2.679304,3.1042502,3.9753442,1.8067914
1983-08-05 12:00:00,3.1487703,2.7728672,3.3751872,3.3073468,2.8734164,1.934056
1983-08-06 12:00:00,3.0122914,2.9140756,4.5718584,4.192993,4.8853383,3.1703823
1983-08-07 12:00:00,2.0604002,2.1626134,4.3727355,2.6527834,2.9170234,2.7156985
1983-08-08 12:00:00,2.394925,2.1306536,3.9360356,2.5593565,2.0204055,1.9997065
1983-08-09 12:00:00,1.6930401,1.5663083,2.789969,3.2430353,2.6683238,1.6601552
1983-08-10 12:00:00,2.1358566,1.6679729,2.237841,3.594292,3.225261,1.5051517
1983-08-11 12:00:00,1.6595621,1.2418165,2.0748208,2.3455732,3.7340267,1.0703578
1983-08-12 12:00:00,1.1982503,1.135303,2.3585832,3.2794406,3.77915,1.3037759
1983-08-13 12:00:00,2.2385325,1.7491422,2.7118027,3.068719,3.5049508,1.2951893
1983-08-14 12:00:00,2.9372668,2.452385,4.0399957,3.9773755,2.9622881,2.2919135
1983-08-15 12:00:00,2.406695,2.2662785,4.6061983,3.4136624,4.248138,1.8218291
1983-08-16 12:00:00,2.7522645,2.364739,3.8528447,3.4643378,5.0663137,2.1475515
1983-08-17 12:00:00,2.8127728,2.620983,4.6742268,3.4577625,4.2894354,2.1551359
1983-08-18 12:00:00,3.770207,3.0942593,4.348235,3.2442667,4.547638,3.2669506
1983-08-19 12:00:00,2.7912557,2.4295616,3.6473973,3.1283746,3.4888043,2.6443238
1983-08-20 12:00:00,2.8862534,2.6995401,4.768463,4.883784,3.2965314,2.7795575
1983-08-21 12:00:00,1.7543396,1.7049003,2.4630852,5.260538,4.1228075,1.8234441
1983-08-22 12:00:00,2.1932096,1.6883403,2.522658,1.898887,4.0353074,1.374364
1983-08-23 12:00:00,1.3715965,1.2876064,2.3031454,2.1419294,3.466107,1.3368697
1983-08-24 12:00:00,0.67528945,1.0339012,2.8201468,1.8065071,3.6060345,1.5407038
1983-08-25 12:00:00,2.559474,2.4393258,4.5378466,3.921992,2.8414173,2.8837395
1983-08-26 12:00:00,1.5170324,1.6110806,3.170939,4.299162,3.8514829,2.719995
1983-08-27 12:00:00,1.1504045,1.3271949,2.471868,2.5319421,4.1744695,1.6425151
1983-08-28 12:00:00,2.488903,2.1324782,4.1517086,3.6000824,3.5653617,2.3678784
1983-08-29 12:00:00,2.2361884,2.005028,3.5618706,4.7698236,3.5759914,2.6231632
1983-08-30 12:00:00,1.8344012,1.7302009,2.5121386,4.905464,4.1500564,2.1561131
1983-08-31 12:00:00,1.5961285,1.5772738,2.6757321,3.1795504,3.6665864,1.9398999
1983-09-01 12:00:00,1.2254877,1.1010897,2.146683,2.9846609,3.2978442,1.6308299
1983-09-02 12:00:00,1.3311307,1.1681318,1.8642937,2.2452621,2.8304732,1.1625173
1983-09-03 12:00:00,2.1410031,1.6504582,2.7556987,3.0089993,2.4085095,1.3578057
1983-09-04 12:00:00,1.8853534,1.6620545,4.3869267,4.1635003,3.3278792,2.6408112
1983-09-05 12:00:00,2.736074,2.5584393,4.6550126,3.6542454,3.9801664,3.499478
1983-09-06 12:00:00,3.3762867,2.8741922,4.501094,3.053766,3.524557,2.713432
1983-09-07 12:00:00,3.9793272,3.3585336,5.330627,3.9159985,3.085809,3.2919748
1983-09-08 12:00:00,2.6983972,2.643401,4.5685663,2.7817125,5.0981216,2.8100078
1983-09-09 12:00:00,1.9875319,2.4442482,4.2554035,4.6635513,4.879116,3.7181246
1983-09-10 12:00:00,1.8687507,2.0007775,3.8192544,3.4282103,3.9062412,2.105675
1983-09-11 12:00:00,2.013945,1.7592251,3.8720548,3.1693242,2.8120315,2.1406796
1983-09-12 12:00:00,1.3138344,1.190558,2.59455,2.064212,3.572137,1.3426571
1983-09-13 12:00:00,0.90709937,1.060238,2.2327836,2.172899,3.8314621,1.1894245
1983-09-14 12:00:00,1.7192487,1.4259508,3.0821424,2.0487812,3.8222594,1.5033345
1983-09-15 12:00:00,2.531261,2.2151928,3.9606152,3.605671,3.1350849,2.0828254
1983-09-16 12:00:00,3.8136706,3.2987683,3.999806,4.477066,3.3100924,2.4835815
1983-09-17 12:00:00,2.822732,3.0027063,3.2994263,5.0031805,4.348759,2.4955378
1983-09-18 12:00:00,0.8651059,1.2397836,2.082584,2.9695358,3.741645,1.4268025
1983-09-19 12:00:00,1.7232449,1.8007748,1.9379038,2.643958,3.6255472,1.340511
1983-09-20 12:00:00,0.9548964,1.1668258,1.5533838,3.5813122,3.805789,1.0491928
1983-09-21 12:00:00,0.8566565,0.97833693,1.4302213,2.9855244,4.2302556,1.1033283
1983-09-22 12:00:00,1.1148363,1.4710314,1.513788,3.933684,5.0559673,1.571779
1983-09-23 12:00:00,1.6991438,1.5395693,2.1279929,3.7959878,3.5249338,1.2178495
1983-09-24 12:00:00,1.6593232,1.4013697,2.3271492,3.460113,3.1945703,1.4291061
1983-09-25 12:00:00,1.411588,1.3063333,2.641468,3.2955282,2.7166636,3.0697227
1983-09-26 12:00:00,2.341212,1.8213171,3.3052645,2.315752,2.76805,2.1818721
1983-09-27 12:00:00,2.8797238,2.087149,3.0969627,2.1684773,2.081265,1.4512546
1983-09-28 12:00:00,2.7591202,1.8312687,4.0828643,1.8543388,1.6550595,1.5116248
1983-09-29 12:00:00,1.6317605,1.2668276,3.490616,2.6718502,3.0954504,1.9282058
1983-09-30 12:00:00,1.2413436,1.6609397,5.7663603,5.8797464,4.410024,4.501745
1983-10-01 12:00:00,1.8498247,2.1875129,5.9605875,6.57433,6.095573,5.08584
1983-10-02 12:00:00,2.6283553,2.5487285,4.380524,5.85063,6.8877616,3.234481
1983-10-03 12:00:00,1.3537791,1.301048,2.4581723,3.7786016,3.499675,2.1132047
1983-10-04 12:00:00,1.314268,0.9712008,1.9529802,1.9836936,3.6362278,1.7276261
1983-10-05 12:00:00,0.87981963,0.8700659,1.844633,1.9854501,3.715014,1.4272829
1983-10-06 12:00:00,2.7233586,2.3567078,4.939381,5.06408,5.1321425,3.6628656
1983-10-07 12:00:00,2.9910626,2.6936052,6.2882366,6.561841,6.1211987,4.1332145
1983-10-08 12:00:00,3.8120754,3.3924925,7.22068,6.3608174,4.3313317,4.868253
1983-10-09 12:00:00,2.620519,2.407331,4.9305806,5.602676,4.6326466,2.6756184
1983-10-10 12:00:00,1.8665054,1.5865147,5.317684,2.8159246,4.8459964,1.8224118
1983-10-11 12:00:00,1.2987933,1.1681834,2.860604,2.8458989,5.249328,2.3146708
1983-10-12 12:00:00,2.317821,2.0367246,4.7253256,3.9785287,5.080478,2.539515
1983-10-13 12:00:00,2.2921603,2.346903,6.0125203,3.719968,3.3756025,3.0979106
1983-10-14 12:00:00,1.1700509,1.1862581,3.9712243,3.428978,2.9451723,3.1332698
1983-10-15 12:00:00,3.3094454,2.6545687,4.978246,5.5635448,5.4854336,3.948788
1983-10-16 12:00:00,1.6866179,1.498483,3.4032388,5.990605,6.2449265,3.3017683
1983-10-17 12:00:00,1.2774601,1.1815605,3.2345948,3.295953,4.8390436,2.814093
1983-10-18 12:00:00,0.9393898,0.9846391,3.3845136,2.008075,5.021439,1.8262782
1983-10-19 12:00:00,0.73960894,0.86909974,3.8490613,2.127279,3.113968,1.8464675
1983-10-20 12:00:00,2.1379104,1.6554403,4.598619,3.628072,3.6986234,1.9056115
1983-10-21 12:00:00,2.1363807,1.964486,5.176001,3.5924826,5.153934,2.7280118
1983-10-22 12:00:00,1.075968,1.5709313,3.5698507,5.050346,7.02568,2.2965243
1983-10-23 12:00:00,2.0184004,1.8762194,3.2236962,4.0664253,6.4977155,2.2964125
1983-10-24 12:00:00,1.519906,1.588889,3.084603,3.6610267,5.562702,2.3727465
1983-10-25 12:00:00,2.9518335,2.628511,4.2887993,2.968187,4.929197,2.829957
1983-10-26 12:00:00,0.96736073,0.9491497,2.7157662,2.6621187,4.4104595,2.6692407
1983-10-27 12:00:00,1.0429177,1.3435608,2.841836,3.523857,4.3348203,1.5798105
1983-10-28 12:00:00,1.3615172,2.0880575,2.9780614,4.9621696,4.267231,2.1561186
1983-10-29 12:00:00,1.151061,1.4125295,2.193036,3.199917,4.4085875,1.7347751
1983-10-30 12:00:00,1.12851,1.5552444,2.054435,5.48281,4.3894978,1.541617
1983-10-31 12:00:00,1.1838262,1.4635537,1.9274743,3.8639176,3.2918468,1.8827693
1983-11-01 12:00:00,0.9609801,1.0269502,2.0398355,2.6445124,2.5516224,2.0143392
1983-11-02 12:00:00,1.4245677,1.3230286,4.098077,4.070397,2.840234,3.3460248
1983-11-03 12:00:00,2.8906932,2.2795556,5.0279737,3.9917054,3.776179,2.968554
1983-11-04 12:00:00,2.6359293,2.6464643,5.1468053,4.4776654,3.666918,3.675408
1983-11-05 12:00:00,1.1962926,1.3348112,2.9414659,3.5649877,4.3441486,2.3999813
1983-11-06 12:00:00,2.1617033,1.6180303,3.0890188,2.951344,5.216404,2.1220734
1983-11-07 12:00:00,1.5647008,1.4364734,3.3682437,2.770031,4.1369567,2.24603
1983-11-08 12:00:00,1.7908975,1.5317179,2.6064148,2.924259,4.082687,1.9318527
1983-11-09 12:00:00,0.63173443,1.2547439,4.5223117,5.741036,4.2819777,4.38559
1983-11-10 12:00:00,2.9135962,2.8320034,5.8053155,6.974735,5.9556293,5.170794
1983-11-11 12:00:00,3.3910475,3.1274903,5.5452623,6.105767,7.0510836,3.8193104
1983-11-12 12:00:00,3.6436543,3.009591,4.840531,3.3413072,3.657488,2.9181404
1983-11-13 12:00:00,2.2416682,1.9214721,3.480512,2.4828887,4.1646442,1.9285635
1983-11-14 12:00:00,0.9466469,1.0487229,2.089182,4.798938,5.37553,2.1407912
1983-11-15 12:00:00,0.86750704,1.0113271,2.3421726,4.953764,7.73887,2.0083477
1983-11-16 12:00:00,1.64327,1.4160916,3.3638442,3.3377926,9.191623,1.9379526
1983-11-17 12:00:00,2.05198,1.6285794,5.9589796,2.6184793,7.206361,2.9052925
1983-11-18 12:00:00,1.5813828,1.5590159,4.968187,3.6192589,4.1736317,3.140552
1983-11-19 12:00:00,1.1507053,1.0619938,3.8026721,3.8851035,3.7747521,2.9601016
1983-11-20 12:00:00,1.3592284,1.2450483,4.3683786,3.201895,5.716209,3.0247223
1983-11-21 12:00:00,1.0106876,0.8777685,3.774741,2.6677666,5.916952,2.711389
1983-11-22 12:00:00,0.8123697,0.96618146,2.235471,3.140865,3.990277,1.8897592
1983-11-23 12:00:00,0.7250225,0.934976,3.8884847,3.0151658,4.634598,1.9873484
1983-11-24 12:00:00,1.2797296,1.0413808,4.5361795,2.3302138,2.9149714,2.4553223
1983-11-25 12:00:00,1.1626538,1.253268,4.533628,3.1501343,3.4039392,2.8440266
1983-11-26 12:00:00,2.1059976,1.6198769,3.8166587,2.574149,2.832565,2.7287436
1983-11-27 12:00:00,1.0665253,1.085043,2.6343157,3.6637866,5.148209,1.716148
1983-11-28 12:00:00,0.9996806,1.437271,2.2261662,6.4056005,7.2637115,2.5203905
1983-11-29 12:00:00,1.4923252,1.7294095,2.6709101,6.52959,4.6589246,2.922474
1983-11-30 12:00:00,1.0854387,1.1148564,3.3724358,4.8807993,4.6434665,2.6650126
1983-12-01 12:00:00,1.6631334,1.2954712,3.7816594,4.1383066,4.1193743,1.8926513
1983-12-02 12:00:00,3.9055426,3.230218,5.5395966,5.8193283,3.2758934,2.9191523
1983-12-03 12:00:00,3.9992256,3.0896971,6.6987753,5.359771,3.7477806,3.3447163
1983-12-04 12:00:00,2.7634873,2.1954432,6.927325,5.107258,7.5022306,3.406347
1983-12-05 12:00:00,3.1601336,2.6571577,7.043526,5.595068,5.305209,4.621242
1983-12-06 12:00:00,2.6569858,2.163854,4.631907,5.0910006,4.3023353,3.8537257
1983-12-07 12:00:00,1.3281872,1.2997125,3.8081768,3.6962106,3.3873787,2.867334
1983-12-08 12:00:00,1.7244918,1.4600811,3.5081692,2.9618936,3.979221,2.1318095
1983-12-09 12:00:00,0.9723121,1.0924648,2.4956045,3.564003,3.9053605,1.7485338
1983-12-10 12:00:00,2.0439935,1.472923,3.0051641,3.0730088,3.3695183,1.6023188
1983-12-11 12:00:00,1.856318,1.4025984,2.4013677,2.8558662,3.593325,1.6565638
1983-12-12 12:00:00,2.3458462,1.7129406,4.8926797,3.341111,5.0769854,2.3386414
1983-12-13 12:00:00,2.8986335,1.9024798,5.9797263,4.7291994,6.233614,2.9245913
1983-12-14 12:00:00,2.769658,2.1059754,5.6863494,4.252828,6.703379,3.2127814
1983-12-15 12:00:00,1.8250203,1.3337553,3.8842504,3.056393,4.787355,2.466064
1983-12-16 12:00:00,0.7741617,1.0056417,2.334363,4.760821,6.293697,2.4217265
1983-12-17 12:00:00,0.6682954,1.0915889,2.4079177,4.3824964,5.8334675,2.5612037
1983-12-18 12:00:00,0.778831,1.0575469,2.7253962,4.189646,5.376364,3.0067103
1983-12-19 12:00:00,0.67932725,1.0300599,4.505176,5.14159,3.7471783,3.5871038
1983-12-20 12:00:00,1.2464166,1.287562,4.401855,4.665115,4.439452,3.8318124
1983-12-21 12:00:00,0.7508404,0.9571173,2.6152146,4.4149337,5.943734,2.5919487
1983-12-22 12:00:00,0.6714858,0.8005168,3.3100052,4.6237707,5.2959495,2.9072611
1983-12-23 12:00:00,1.3978503,1.3239102,4.2592487,4.5162325,5.5209017,3.4355264
1983-12-24 12:00:00,3.7172465,2.8009987,6.205151,5.8675013,3.4736567,4.461858
1983-12-25 12:00:00,2.395601,2.2757087,3.5637581,7.081455,4.9869847,3.1390092
1983-12-26 12:00:00,0.83653176,1.1151487,3.628019,4.121349,4.799472,3.1653643
1983-12-27 12:00:00,1.4653974,1.3669885,4.1939235,5.310605,5.0915422,3.941865
1983-12-28 12:00:00,1.0757855,1.2415947,4.8621845,5.0381956,4.758117,4.3862157
1983-12-29 12:00:00,1.0099804,1.218397,3.4934492,4.1350937,5.5929675,2.8363943
1983-12-30 12:00:00,1.3665016,1.5634519,5.2656183,4.0926027,4.090364,3.8571966
1983-12-31 12:00:00,2.3710327,1.9878926,4.844062,4.4650064,3.8053954,3.626939
1984-01-01 12:00:00,3.23273,2.4977732,5.450019,4.780243,3.8280659,4.442362
1984-01-02 12:00:00,2.2809644,1.8717995,4.3556924,4.573679,3.6392102,3.1623995
1984-01-03 12:00:00,2.5715332,1.8203148,4.8825874,3.6504796,4.2137275,3.2841125
1984-01-04 12:00:00,3.2847698,2.5611184,4.463041,3.224168,3.365687,3.6803167
1984-01-05 12:00:00,1.6151975,1.4129214,3.8655567,2.6482124,4.126142,2.449029
1984-01-06 12:00:00,1.4438229,1.3708686,1.8023875,2.4288862,4.9401507,1.9345179
1984-01-07 12:00:00,1.1814774,1.2038908,3.318473,2.5434842,3.8641973,2.560913
1984-01-08 12:00:00,2.5379198,1.776522,3.0789874,3.379453,3.9137013,3.0448656
1984-01-09 12:00:00,1.8803673,1.7534641,4.979067,4.49144,3.988918,3.9390867
1984-01-10 12:00:00,1.7199916,1.7013333,3.887251,5.7715225,6.469666,3.1818569
1984-01-11 12:00:00,1.0904865,1.1919678,3.442727,4.5962553,6.7854457,2.8495507
1984-01-12 12:00:00,1.4468862,1.541024,5.2121673,4.977504,4.2288785,4.0854225
1984-01-13 12:00:00,1.5116117,1.8027675,4.5846806,5.190376,4.5247846,4.26115
1984-01-14 12:00:00,1.3113222,1.4243916,4.0457716,4.229058,6.293973,3.1493282
1984-01-15 12:00:00,2.7946305,2.3864527,6.878354,5.48536,5.901961,4.6774106
1984-01-16 12:00:00,3.033011,2.9634392,4.4709926,7.2479353,7.106401,4.295708
1984-01-17 12:00:00,1.3540595,1.3322194,2.726382,5.4672704,6.6448,2.4117196
1984-01-18 12:00:00,1.267732,1.2256541,4.2835684,3.9766278,3.7820787,2.8429582
1984-01-19 12:00:00,2.846859,2.4701748,6.1379237,5.1840386,5.1826615,4.362583
1984-01-20 12:00:00,3.6342049,3.055866,6.584221,6.019754,6.571179,3.9367573
1984-01-21 12:00:00,3.4991674,2.7741678,4.1790915,3.7447174,6.388647,2.7480004
1984-01-22 12:00:00,1.8180106,1.6090734,4.8483906,4.4332886,4.5173063,3.6015205
1984-01-23 12:00:00,1.3567011,1.1948678,3.3495824,3.0749092,3.0938654,2.210688
1984-01-24 12:00:00,1.0908862,1.1510088,5.9383354,3.419794,3.4039705,4.18654
1984-01-25 12:00:00,2.0001493,1.9503611,5.6795015,4.4758816,3.1191618,4.21686
1984-01-26 12:00:00,2.4282668,2.0387368,5.686336,5.909834,4.401124,3.3969054
1984-01-27 12:00:00,2.345805,1.9972508,6.130205,5.73131,4.710005,4.029694
1984-01-28 12:00:00,4.362494,3.533813,7.1844287,5.2720227,6.593303,4.525801
1984-01-29 12:00:00,4.394047,3.6035511,7.060684,3.9071758,6.6782875,3.9707148
1984-01-30 12:00:00,1.2942382,1.3122429,3.6992278,4.9072137,5.090881,2.3703854
1984-01-31 12:00:00,1.9790192,1.6199698,4.609122,3.0818095,5.2123766,2.9798262
1984-02-01 12:00:00,1.10204,1.1659333,3.8087165,4.1443696,4.8651457,3.3736987
1984-02-02 12:00:00,1.4322529,1.6218292,4.859785,3.492611,3.6750643,3.7877321
1984-02-03 12:00:00,3.446332,2.8484402,5.9667687,5.935565,4.97817,4.27795
1984-02-04 12:00:00,3.731514,2.9275544,6.1783257,6.615969,5.8984613,4.566249
1984-02-05 12:00:00,2.326977,2.105338,4.799426,6.370505,5.3687015,4.0898275
1984-02-06 12:00:00,2.9400225,2.3763034,5.5601234,4.598724,5.3188686,3.4061544
1984-02-07 12:00:00,3.8008053,3.182156,5.9647484,4.8674884,5.0768447,3.9988341
1984-02-08 12:00:00,1.8477399,1.6691719,3.0468693,2.5155778,4.19051,2.1927433
1984-02-09 12:00:00,0.7886166,0.8707168,3.3376563,3.708401,2.9860783,2.463238
1984-02-10 12:00:00,1.1571646,1.055516,2.0068817,3.2816706,3.021117,1.5492817
1984-02-11 12:00:00,0.8658293,1.049961,2.0686998,4.7893796,4.775365,2.22612
1984-02-12 12:00:00,3.6787927,3.0762787,6.2868123,7.5593266,6.7406106,4.887844
1984-02-13 12:00:00,4.3673754,3.5383022,7.503996,7.4621177,4.8072968,5.255101
1984-02-14 12:00:00,1.8881226,1.8976067,5.6577234,5.9565187,4.559819,4.3660684
1984-02-15 12:00:00,1.8613589,1.8540853,2.9717855,3.833402,5.5313573,2.4558494
1984-02-16 12:00:00,1.901041,1.6417727,3.4198947,6.316744,4.740644,3.616863
1984-02-17 12:00:00,3.5135984,2.9079018,5.6258206,7.343048,4.7241287,4.514518
1984-02-18 12:00:00,2.2506852,1.9054711,5.0647664,5.4173207,5.5119596,3.4144866
1984-02-19 12:00:00,1.4082408,1.317648,4.38086,4.015218,4.9938507,2.4215055
1984-02-20 12:00:00,2.497127,1.8850831,5.7147512,5.468178,3.9544442,3.6329062
1984-02-21 12:00:00,1.9611548,1.8319631,3.4769378,4.779118,3.771187,3.103756
1984-02-22 12:00:00,3.2752671,2.6521235,5.6276217,6.917953,6.0865564,4.0542374
1984-02-23 12:00:00,3.189548,2.4828665,4.9768295,6.4482746,5.176804,3.9803586
1984-02-24 12:00:00,2.4214602,1.9532084,4.000919,5.8917804,5.422172,3.1498322
1984-02-25 12:00:00,1.9919095,1.6717403,4.3401175,5.533176,5.9301996,3.4331806
1984-02-26 12:00:00,4.4766083,4.089413,8.090163,6.965267,5.443656,5.651604
1984-02-27 12:00:00,4.488833,4.3429484,4.5922623,6.775876,6.4764414,3.6179903
1984-02-28 12:00:00,3.0202856,2.5780475,4.7999573,5.8166747,6.301024,3.121671
1984-02-29 12:00:00,2.2872596,1.8220923,4.18452,4.8321757,6.716632,2.5764005
1984-03-01 12:00:00,2.3967314,2.030527,4.6042676,4.933595,7.28952,2.720493
1984-03-02 12:00:00,2.0717754,1.9285382,5.6035104,5.224253,6.3855143,3.2788389
1984-03-03 12:00:00,2.3972507,2.1513405,5.4370246,5.216781,6.8490987,3.322861
1984-03-04 12:00:00,2.7406158,2.39341,5.112494,5.0536284,6.4847608,3.3189745
1984-03-05 12:00:00,1.9945685,2.0294335,4.503606,4.166427,5.271821,2.8870234
1984-03-06 12:00:00,1.5578392,1.7147833,5.0732985,4.238339,5.110682,2.6914878
1984-03-07 12:00:00,1.3387239,1.0590311,3.1865728,4.8110394,6.0446978,1.847236
1984-03-08 12:00:00,1.3663142,1.073071,2.7508132,4.299535,7.090618,2.0115604
1984-03-09 12:00:00,2.5650778,1.5850629,2.6688545,4.1303687,4.842826,1.8296027
1984-03-10 12:00:00,2.73248,2.0223453,4.1731443,3.0527253,4.2761807,2.296645
1984-03-11 12:00:00,1.2705048,1.3299401,3.0479543,7.007347,7.0591516,2.8862674
1984-03-12 12:00:00,0.8577934,0.7647404,2.204594,3.2832088,5.0306735,1.913663
1984-03-13 12:00:00,1.2965306,1.0491729,2.345173,4.156899,5.951139,1.6757182
1984-03-14 12:00:00,1.3226287,1.2252121,2.2461894,4.6390414,6.1679664,2.8249285
1984-03-15 12:00:00,1.3535676,1.2873816,3.5371237,3.6304715,4.2324553,2.1631107
1984-03-16 12:00:00,1.0030284,1.0210309,2.7233508,3.1325588,3.9477053,2.1642313
1984-03-17 12:00:00,1.4583869,1.4450762,3.1340935,2.579253,2.6111412,1.9635783
1984-03-18 12:00:00,1.4836826,1.3115662,4.7439256,3.8865545,3.267955,3.1677797
1984-03-19 12:00:00,1.5529826,1.6732502,5.503586,4.4971375,4.870697,3.3228338
1984-03-20 12:00:00,1.2832831,1.2184094,5.1470404,2.901046,5.263802,2.801802
1984-03-21 12:00:00,0.93349546,1.0623256,3.0779636,3.3806841,5.7356977,2.0230687
1984-03-22 12:00:00,1.6484532,1.3080896,2.2971063,3.0970385,6.6663384,1.5910321
1984-03-23 12:00:00,1.8958824,1.4134593,2.354478,2.4620118,6.877831,1.6711289
1984-03-24 12:00:00,2.4586933,1.9303348,3.101982,2.3254807,6.4238024,1.7644616
1984-03-25 12:00:00,2.553812,2.4220815,4.1783905,3.9118187,5.9019647,2.358217
1984-03-26 12:00:00,2.8093157,2.5908182,5.069505,3.9324265,5.1862254,2.5811446
1984-03-27 12:00:00,2.7001112,2.1978235,4.1929665,3.4853616,3.8877501,2.4400818
1984-03-28 12:00:00,1.6258361,1.4063954,3.7251658,2.220902,3.8050885,1.6613193
1984-03-29 12:00:00,2.0073922,1.5662107,4.1250625,2.0364842,2.8743818,1.6977508
1984-03-30 12:00:00,2.8873444,1.9981748,4.668979,2.0808468,3.6632695,2.097621
1984-03-31 12:00:00,1.7698047,1.5037023,3.5560288,1.8319694,5.1504498,1.5460634
1984-04-01 12:00:00,1.2995663,1.3968778,2.99274,3.8425744,5.8124037,2.4432373
1984-04-02 12:00:00,2.7824564,2.3252888,4.3399053,4.8236017,5.255678,2.8857055
1984-04-03 12:00:00,3.4376185,3.0864697,5.3892345,4.4736233,4.7443905,3.5278788
1984-04-04 12:00:00,2.574375,2.6973834,2.9499123,6.1071353,5.3113766,2.9812121
1984-04-05 12:00:00,1.7911948,2.1232316,2.7075512,4.025068,4.20524,1.6384059
1984-04-06 12:00:00,1.1571615,1.1670445,1.988704,3.67682,5.969568,1.2544965
1984-04-07 12:00:00,1.7196407,1.2320608,2.885258,2.813267,6.6649637,2.1653004
1984-04-08 12:00:00,0.9556203,1.1274997,4.062244,1.9426327,5.7477145,2.1757507
1984-04-09 12:00:00,1.2460228,1.350123,4.5075536,2.4429255,4.8230066,3.2012446
1984-04-10 12:00:00,1.9875875,2.1060483,4.5099907,3.3892794,2.953206,3.6297119
1984-04-11 12:00:00,2.6382546,2.3258197,3.7818174,3.5806746,3.2651458,3.1309798
1984-04-12 12:00:00,3.9130177,3.4882834,6.4266253,4.622654,2.9688654,4.839536
1984-04-13 12:00:00,4.3479514,3.68173,5.6722364,5.205306,4.3190775,4.210485
1984-04-14 12:00:00,2.3274345,2.301928,3.9276218,6.1005325,4.4646897,2.8999102
1984-04-15 12:00:00,1.50649,1.597249,2.036272,3.287825,4.120446,1.4397143
1984-04-16 12:00:00,2.658921,2.4721115,4.587028,4.6335597,3.7680793,3.9386575
1984-04-17 12:00:00,2.3840525,2.1659367,3.651376,5.4461284,6.0013847,3.8523047
1984-04-18 12:00:00,2.4247205,2.1422234,4.346828,4.957556,5.6231747,4.523729
1984-04-19 12:00:00,2.1775393,2.182562,2.4312818,2.7704806,4.581461,2.2735248
1984-04-20 12:00:00,2.1851687,1.8518778,5.3186707,4.3813176,3.7296083,3.8093004
1984-04-21 12:00:00,2.7474144,2.8829103,6.2159863,7.0662837,6.183173,4.024754
1984-04-22 12:00:00,2.0277345,1.7645744,2.2985291,3.6906953,6.1761813,2.143271
1984-04-23 12:00:00,1.8130132,1.7160891,4.0884504,2.9375725,4.1643744,2.5992603
1984-04-24 12:00:00,2.0637603,2.3574936,4.217431,5.5959487,4.8130455,2.3683507
1984-04-25 12:00:00,1.1733999,1.433822,2.5118604,2.5694823,3.7587643,1.8484559
1984-04-26 12:00:00,2.5010042,2.2902548,5.6764903,3.7398255,4.630333,2.9216928
1984-04-27 12:00:00,2.5027752,2.5445929,7.1731844,4.552831,4.505557,3.433916
1984-04-28 12:00:00,2.3034143,1.7907841,4.3540106,2.490678,4.5535946,1.9759115
1984-04-29 12:00:00,3.8771,2.971499,4.5242457,2.5337076,3.834235,2.3340645
1984-04-30 12:00:00,3.048193,2.3788466,5.2464304,2.7311513,3.2116764,2.7939374
1984-05-01 12:00:00,2.2305841,1.8264047,3.6523366,2.51716,3.9598856,1.9742051
1984-05-02 12:00:00,1.9784114,1.4522036,2.8706594,2.1999123,3.699397,1.7712069
1984-05-03 12:00:00,1.134758,1.233287,2.2216225,2.4291303,4.2362094,1.7612636
1984-05-04 12:00:00,2.9250965,2.5236437,3.337698,5.4099116,5.631866,3.7389169
1984-05-05 12:00:00,3.402354,2.7755892,4.616945,4.5883546,3.1676466,3.6651988
1984-05-06 12:00:00,2.0157247,1.6737974,3.765222,2.015862,2.1794999,2.5351772
1984-05-07 12:00:00,2.3591518,1.7417923,2.9701922,2.187031,2.5763683,2.0681052
1984-05-08 12:00:00,2.1022124,1.885275,2.5627089,2.1303267,2.7601857,1.8975194
1984-05-09 12:00:00,1.2313339,1.1437477,2.354814,2.2616794,3.1125815,1.5417969
1984-05-10 12:00:00,1.6974983,1.4849291,3.3269782,2.4956257,3.4487798,1.7657747
1984-05-11 12:00:00,4.0920105,3.5892527,5.7777405,4.3889313,5.0873895,3.7569711
1984-05-12 12:00:00,4.6570363,3.9477053,4.3358235,3.938175,3.7751508,2.8203828
1984-05-13 12:00:00,3.4544091,2.6153965,3.500511,3.5588262,2.7973206,1.9675703
1984-05-14 12:00:00,3.7274942,3.0852299,4.0186205,3.6127896,1.8808542,3.3281493
1984-05-15 12:00:00,3.9747949,3.6353936,3.715334,6.2152734,3.6077192,3.1956735
1984-05-16 12:00:00,4.9649754,4.482188,6.0082417,5.7147007,4.532324,3.6820343
1984-05-17 12:00:00,3.3385997,3.2959776,5.151848,5.7727566,4.5571446,3.7043934
1984-05-18 12:00:00,1.3837199,1.5320199,3.2398298,3.1849208,3.3101423,2.48911
1984-05-19 12:00:00,0.9951954,0.9980221,1.6578771,1.8344676,5.070491,1.182192
1984-05-20 12:00:00,1.328157,1.1763487,2.323566,2.172966,3.370254,1.6427721
1984-05-21 12:00:00,1.0304289,1.0297731,2.4934187,3.0466988,2.6369555,1.388322
1984-05-22 12:00:00,3.4555197,2.6115744,4.975959,3.4913216,3.157179,2.5042782
1984-05-23 12:00:00,2.4293332,2.092251,3.0572476,2.5931535,3.4616094,1.8300151
1984-05-24 12:00:00,1.3602124,1.1931636,2.8215842,2.5199683,4.4094443,1.4836218
1984-05-25 12:00:00,2.036226,1.5903902,2.5880373,2.2209723,4.062945,1.4886056
1984-05-26 12:00:00,2.3230453,1.6987599,3.8028898,2.0236275,2.1631436,1.7114853
1984-05-27 12:00:00,1.5731945,1.4734162,3.7932894,1.7613219,3.2894592,1.6983614
1984-05-28 12:00:00,1.1473744,1.2271681,3.1469753,2.0838807,3.3594086,1.6398538
1984-05-29 12:00:00,0.99364346,1.1371409,2.810963,3.4780426,3.0170083,1.5546525
1984-05-30 12:00:00,1.7371635,1.4638919,2.1117687,4.142527,2.1361184,1.4502422
1984-05-31 12:00:00,2.645794,2.1179492,2.74386,4.6145573,2.5527925,2.0612576
1984-06-01 12:00:00,1.7195749,1.6039157,2.7570462,3.5193753,3.638967,2.1102629
1984-06-02 12:00:00,1.6660147,1.5314003,3.3772938,2.4109466,6.4274073,1.8836619
1984-06-03 12:00:00,3.3049052,2.7654035,4.1050305,3.6495743,4.5608582,2.8343697
1984-06-04 12:00:00,3.918552,3.5684683,3.157306,3.6405044,3.519247,2.617749
1984-06-05 12:00:00,2.5957217,2.191632,3.8129838,3.2472868,5.153282,2.7412736
1984-06-06 12:00:00,2.5694227,2.1890674,3.6027927,2.723768,2.7864997,2.3929546
1984-06-07 12:00:00,3.4549575,2.6769016,4.5134854,3.2585735,3.3107777,3.3309953
1984-06-08 12:00:00,3.1490674,2.4527333,3.9058414,4.3387046,4.2531233,2.9589088
1984-06-09 12:00:00,2.1419616,1.5952282,2.6611805,3.036777,2.3029904,2.2987638
1984-06-10 12:00:00,1.8970828,1.6360749,2.569036,2.0181084,2.7926276,1.6248386
1984-06-11 12:00:00,3.5619326,2.8373811,4.0095906,2.4879673,2.9963117,2.244916
1984-06-12 12:00:00,1.9249564,2.0955298,2.2208855,2.5058646,3.3802955,1.2902048
1984-06-13 12:00:00,1.1788911,1.1994119,1.7114305,2.474495,3.481692,1.2750124
1984-06-14 12:00:00,2.572716,2.1277623,3.4208093,3.5187705,3.842216,1.9768721
1984-06-15 12:00:00,3.4685771,2.8552039,5.583625,3.9883585,4.568583,3.1844018
1984-06-16 12:00:00,2.8961618,2.4671009,3.2705104,5.313143,5.526303,3.1314065
1984-06-17 12:00:00,1.9341581,1.8438691,3.5515575,2.7017534,4.9591284,1.7588075
1984-06-18 12:00:00,2.1168141,1.8955821,2.7890644,2.7631578,2.6433878,1.7384602
1984-06-19 12:00:00,2.5468874,1.9794351,3.4735286,2.5689228,2.409951,1.7101063
1984-06-20 12:00:00,1.9563329,1.9408643,3.6710892,3.062652,2.6107159,2.5312386
1984-06-21 12:00:00,1.853376,1.4735914,2.262834,3.3874924,3.246471,1.6893415
1984-06-22 12:00:00,2.7483506,2.0832105,2.644082,3.2637682,3.3987734,1.5713454
1984-06-23 12:00:00,1.6558752,1.3419116,2.3663058,2.2033775,3.8139615,1.6642816
1984-06-24 12:00:00,2.2371593,1.7907053,3.331068,2.3826256,4.127104,2.2145932
1984-06-25 12:00:00,1.7184979,1.6149571,3.9278014,3.6026268,4.271214,2.6204948
1984-06-26 12:00:00,1.5318918,1.350159,3.0854506,3.5682337,3.2720003,1.8517181
1984-06-27 12:00:00,1.84272,1.3378433,1.8878379,2.297588,2.7853045,1.2226613
1984-06-28 12:00:00,2.5506904,1.8519124,3.0238814,2.6723175,3.6409318,1.8381138
1984-06-29 12:00:00,2.0003936,1.833062,3.4753783,2.2377315,3.4889345,1.8321034
1984-06-30 12:00:00,1.4815727,1.689348,3.5438476,2.1113675,2.5501604,2.257986
1984-07-01 12:00:00,1.1926208,1.315208,2.99394,2.850866,3.4369442,1.7774118
1984-07-02 12:00:00,1.2152269,1.1571828,2.3630366,3.2493825,3.4823167,1.4396428
1984-07-03 12:00:00,1.3706048,1.3602381,2.4364076,3.6885571,3.3022926,1.3981142
1984-07-04 12:00:00,2.52883,1.9321457,2.4272053,3.0822976,2.2381577,1.546419
1984-07-05 12:00:00,3.5006878,2.804188,3.792803,2.8733592,2.5036056,1.938948
1984-07-06 12:00:00,2.655732,2.3144503,3.8991556,2.898306,2.218058,2.0208855
1984-07-07 12:00:00,2.1845877,1.788727,3.3033757,2.4678957,1.8136263,1.8098229
1984-07-08 12:00:00,3.161191,2.4692554,2.4746482,3.129147,2.122538,1.7164185
1984-07-09 12:00:00,1.5311108,1.4654642,1.4412569,3.4517233,2.3861063,1.3598813
1984-07-10 12:00:00,1.6088166,1.222095,2.530536,2.6024961,3.9599082,1.6851285
1984-07-11 12:00:00,2.7302399,2.071839,3.2091804,1.8822429,3.2168593,1.4912091
1984-07-12 12:00:00,2.9221869,2.0944319,3.0178869,2.1295342,3.6541202,1.2927942
1984-07-13 12:00:00,2.3397224,1.6798092,2.7909133,2.3361273,3.8933685,1.7000133
1984-07-14 12:00:00,1.3678017,1.2729936,2.229416,1.9993528,3.367815,1.0015576
1984-07-15 12:00:00,2.4924483,1.8544941,2.3086348,2.2267516,3.9914746,0.99550813
1984-07-16 12:00:00,2.7237802,2.2215855,3.9346275,2.4277325,4.477181,2.0331197
1984-07-17 12:00:00,2.6324654,2.5389555,4.734938,3.227785,3.8677287,3.236237
1984-07-18 12:00:00,1.8559988,2.0581827,4.115363,3.537187,3.6014602,3.6472354
1984-07-19 12:00:00,1.0125633,1.3174769,2.9055088,2.584827,2.9245906,1.9848363
1984-07-20 12:00:00,3.4954274,3.0374715,4.8882675,3.6077883,2.5011525,2.361115
1984-07-21 12:00:00,3.6039085,3.01398,4.1301527,4.976945,3.7056844,3.210904
1984-07-22 12:00:00,1.8987709,1.7022995,2.5822492,4.261706,3.3689744,2.4244692
1984-07-23 12:00:00,1.8998475,1.6399679,2.2745235,2.7658336,2.2237558,1.4596742
1984-07-24 12:00:00,1.8257526,1.3756163,1.7972579,2.346139,3.1735342,1.4300121
1984-07-25 12:00:00,0.9773496,1.0287178,1.5560478,2.400086,3.9184062,1.0859225
1984-07-26 12:00:00,1.0469425,0.98510695,1.7808331,1.6652092,3.5416555,1.1844827
1984-07-27 12:00:00,1.1805573,1.0118252,1.8492609,2.0241354,2.594195,1.4034721
1984-07-28 12:00:00,1.1517565,1.215171,1.7514102,1.9355456,1.8553504,1.7372944
1984-07-29 12:00:00,0.94457304,1.0094947,2.1980326,1.8072623,1.6867459,1.5861561
1984-07-30 12:00:00,1.0418155,0.97070456,1.6116188,1.5869776,1.7548221,1.1399865
1984-07-31 12:00:00,1.4580178,1.264492,1.4157727,1.6147292,1.6193556,1.1127149
1984-08-01 12:00:00,1.4354398,1.1776394,1.8979492,1.7002258,1.7905734,1.0880419
1984-08-02 12:00:00,1.9287106,1.5383126,2.1029308,2.3711538,2.6352556,1.4863532
1984-08-03 12:00:00,1.6488926,1.1441149,2.1694572,2.5953455,2.7289505,1.3382434
1984-08-04 12:00:00,1.1681826,1.2769073,2.2883492,3.4183311,4.684066,1.2565668
1984-08-05 12:00:00,1.809439,1.8957253,3.2073956,3.973653,5.148458,2.509293
1984-08-06 12:00:00,3.0665975,2.5288296,4.790448,4.5735416,4.342255,3.5770605
1984-08-07 12:00:00,1.9017949,1.7007226,3.441056,3.2034428,3.2621994,2.963742
1984-08-08 12:00:00,1.0972083,0.97066665,2.9509141,2.078299,2.0977716,1.7672049
1984-08-09 12:00:00,1.6795352,1.2097512,2.412565,2.2212389,1.8579916,1.467928
1984-08-10 12:00:00,1.569571,1.2154508,2.4634812,2.6158884,1.8762293,1.6752123
1984-08-11 12:00:00,1.708622,1.2686579,2.2267618,2.4046228,1.5463217,1.3575205
1984-08-12 12:00:00,1.0403306,0.91633457,2.1659262,2.5495214,2.0187275,1.2205148
1984-08-13 12:00:00,2.4707227,2.0338376,3.3229375,3.895559,2.0607219,2.028064
1984-08-14 12:00:00,3.2609315,2.780654,5.200352,6.5149317,3.509881,3.6117108
1984-08-15 12:00:00,4.6163087,3.976572,5.574597,4.6326,4.376319,3.349466
1984-08-16 12:00:00,2.0034857,1.8102297,2.814452,5.1077375,5.30822,1.521271
1984-08-17 12:00:00,2.053492,1.6524441,2.7396216,4.298698,3.4677348,2.1120036
1984-08-18 12:00:00,2.0289607,1.6416886,4.3285246,2.935608,2.4359574,2.8951588
1984-08-19 12:00:00,2.977694,2.4470286,4.5680423,2.8041928,2.967096,3.0340762
1984-08-20 12:00:00,1.9114417,1.6975445,2.998908,3.9691164,2.4789808,1.9757383
1984-08-21 12:00:00,2.6280007,2.4578855,3.9745965,4.6517425,3.1369267,2.7311468
1984-08-22 12:00:00,1.802074,1.7071047,2.6308646,2.5104544,2.6430783,1.6456296
1984-08-23 12:00:00,1.8955688,1.5105001,3.6313674,2.7597594,2.951108,2.6804903
1984-08-24 12:00:00,4.1274033,3.3564277,5.1582904,6.2245917,4.1584926,3.2888215
1984-08-25 12:00:00,3.7907703,3.6653163,5.5898166,8.2759495,5.5702333,3.5895908
1984-08-26 12:00:00,2.8133159,2.4587436,4.995651,4.49833,5.9414864,3.7626452
1984-08-27 12:00:00,3.3609679,2.6798236,5.9875145,2.9949117,3.4857697,2.5714364
1984-08-28 12:00:00,3.442006,3.207494,6.39324,5.5247226,3.5846999,3.3811893
1984-08-29 12:00:00,2.5960453,2.3841891,3.160189,3.8658814,3.5838497,2.5495827
1984-08-30 12:00:00,1.3986069,1.3296058,3.9797535,2.5801694,2.7321227,2.0821712
1984-08-31 12:00:00,2.5747328,2.0011384,2.8673546,3.1156778,2.929261,1.4691248
1984-09-01 12:00:00,2.437509,1.9040817,2.2980506,2.0903122,3.4795828,1.3915434
1984-09-02 12:00:00,2.2051158,1.5951518,2.5766625,1.9488611,5.8441415,1.4631897
1984-09-03 12:00:00,2.343315,1.6931347,3.496187,2.3555417,5.5320277,1.8601066
1984-09-04 12:00:00,2.2164392,1.6701099,3.1050746,2.865549,3.8637187,1.5951554
1984-09-05 12:00:00,1.66914,1.3043375,3.5606177,1.6742641,3.8119032,1.3936889
1984-09-06 12:00:00,0.9789293,1.0396893,2.4874063,2.6476629,5.795999,1.185583
1984-09-07 12:00:00,1.0463741,1.0800343,2.0994544,2.6745129,5.3028507,1.1948566
1984-09-08 12:00:00,1.1502446,1.056513,2.143986,2.5263925,3.300252,1.0387969
1984-09-09 12:00:00,1.7744223,1.394839,2.5443137,2.5505235,2.106558,1.3429669
1984-09-10 12:00:00,1.4048458,1.4745593,3.1407566,2.6755323,3.7439623,1.408487
1984-09-11 12:00:00,1.0649666,1.0710434,2.3481808,1.9340619,4.0362163,1.308709
1984-09-12 12:00:00,0.90270567,1.1843086,2.938128,3.4623315,3.3827212,2.046932
1984-09-13 12:00:00,1.1085082,1.271312,2.7251227,3.3180373,3.409515,1.6318809
1984-09-14 12:00:00,0.90205777,1.1022812,2.0891764,3.3724854,3.3481011,1.9616443
1984-09-15 12:00:00,1.0929289,0.9732633,1.6886593,2.4284978,2.5641296,1.4064391
1984-09-16 12:00:00,1.787597,1.4504863,1.937232,3.6295536,4.0882797,1.303967
1984-09-17 12:00:00,1.3817118,1.1268522,2.483989,3.0097322,6.079444,1.5001969
1984-09-18 12:00:00,0.9634206,1.0701022,2.1665134,3.1259303,4.135491,1.4797692
1984-09-19 12:00:00,2.1222875,1.82911,3.1752183,3.1977236,2.9228156,1.5395945
1984-09-20 12:00:00,1.6240529,1.6807115,2.2781274,2.050312,2.9256508,1.4952099
1984-09-21 12:00:00,0.68226033,0.7071031,1.8406012,1.6527185,3.3022501,1.2732524
1984-09-22 12:00:00,1.2619436,1.5403539,3.6945353,3.0243797,3.8644047,2.9897528
1984-09-23 12:00:00,3.396553,2.62098,3.4187572,3.4568968,5.534864,1.881698
1984-09-24 12:00:00,0.9640008,1.1233135,2.352858,2.8704503,4.989842,1.5852001
1984-09-25 12:00:00,1.5666759,1.8434916,2.529723,4.300587,3.7490942,2.518307
1984-09-26 12:00:00,1.0895863,1.4275109,2.873444,3.56753,6.0868797,2.5815022
1984-09-27 12:00:00,2.8728142,2.7097147,5.3436494,5.180199,4.768311,5.0335774
1984-09-28 12:00:00,2.9356027,2.984901,4.4964666,7.518715,4.824226,3.6496007
1984-09-29 12:00:00,2.2556877,2.1291823,3.9445012,5.7728734,5.137629,3.5672178
1984-09-30 12:00:00,1.9284612,1.6863422,3.0643387,5.383347,4.0428944,2.9538286
1984-10-01 12:00:00,1.6732619,1.477435,3.3364115,4.401668,3.9042075,2.509325
1984-10-02 12:00:00,1.6095166,1.2865453,3.3342786,2.4630926,4.249029,1.9236648
1984-10-03 12:00:00,4.592291,3.871385,5.3510957,6.3424754,4.482842,4.1975174
1984-10-04 12:00:00,3.4333622,2.869632,4.3651853,3.6100647,3.183122,2.5535443
1984-10-05 12:00:00,2.0698867,2.048473,3.7779906,6.6238394,6.308985,3.4739203
1984-10-06 12:00:00,3.9067256,3.4018576,6.5002723,7.9506917,6.768858,5.4845567
1984-10-07 12:00:00,4.9528446,4.8275213,8.003016,10.131502,5.712347,6.1851296
1984-10-08 12:00:00,2.689574,3.0446842,4.650811,6.0107937,6.293646,3.0787647
1984-10-09 12:00:00,1.9861953,1.7533654,4.882972,3.0473616,4.447487,3.0390804
1984-10-10 12:00:00,3.121525,2.597054,5.453702,4.4402337,4.129936,3.9496717
1984-10-11 12:00:00,1.3100595,1.500953,2.2751572,3.0143297,4.497142,1.4055806
1984-10-12 12:00:00,1.2926366,1.4387558,2.6422873,2.2748756,3.2410421,1.6975992
1984-10-13 12:00:00,1.1917408,1.2214205,2.7971451,5.27599,3.1767242,3.1283958
1984-10-14 12:00:00,2.5193138,2.3488686,6.304661,4.593525,2.7828255,4.1331935
1984-10-15 12:00:00,2.4859452,2.3159676,5.9003773,2.9673219,3.033102,3.4461586
1984-10-16 12:00:00,2.2486606,1.6902082,4.4038763,2.2770226,3.9595797,2.0790415
1984-10-17 12:00:00,2.942339,2.105698,3.4238768,2.4121146,4.247753,1.691214
1984-10-18 12:00:00,1.8413713,1.5722111,1.8243817,2.7868433,4.025322,1.5181109
1984-10-19 12:00:00,2.1418867,1.8517332,4.7977476,3.7814872,4.768248,2.5630114
1984-10-20 12:00:00,3.3410497,2.8408437,4.743037,4.8301425,6.601602,2.451898
1984-10-21 12:00:00,2.0490375,1.8397201,2.855319,2.8218489,5.7618,2.003746
1984-10-22 12:00:00,1.7763405,1.6744635,3.821949,3.4370542,3.8944318,3.1729078
1984-10-23 12:00:00,2.0125918,1.4563605,3.073357,4.7140784,5.1731124,3.0046134
1984-10-24 12:00:00,1.2878141,1.1620077,3.6916838,3.3218055,6.4220977,2.3762603
1984-10-25 12:00:00,1.8755586,1.5559955,4.325,2.4168754,6.0308547,2.1266446
1984-10-26 12:00:00,1.4560285,1.315565,3.8553588,2.8697512,4.804014,2.367512
1984-10-27 12:00:00,1.254123,1.1215583,3.2559042,2.6735168,4.7784586,2.343154
1984-10-28 12:00:00,1.1647809,0.89262307,3.7141292,3.096197,4.262808,2.0005226
1984-10-29 12:00:00,2.3669238,1.922556,3.5665565,4.5769515,3.4420443,2.333305
1984-10-30 12:00:00,1.2587852,1.2657393,3.0189853,3.7418277,3.3934364,1.1778773
1984-10-31 12:00:00,0.8024025,0.94177586,2.365522,3.9075596,4.2167997,1.4066144
1984-11-01 12:00:00,1.756206,1.743872,2.6749146,5.0303664,4.5033684,1.511952
1984-11-02 12:00:00,1.2271389,1.1266131,3.9059324,2.4535646,3.0488493,1.821971
1984-11-03 12:00:00,1.5031238,1.1909561,4.4017887,2.851319,2.9013302,2.4476101
1984-11-04 12:00:00,3.102265,2.5132427,5.5026975,3.4614017,3.0575786,3.3020728
1984-11-05 12:00:00,2.2921011,2.0289023,3.8508582,3.588176,3.4249852,2.8090048
1984-11-06 12:00:00,1.2055986,1.189754,3.5622861,2.9530413,3.4750228,1.8394185
1984-11-07 12:00:00,1.3617533,1.0873302,2.3806167,2.8108892,3.6415622,1.2790643
1984-11-08 12:00:00,0.7324294,0.7501895,3.0892441,2.5399768,3.4965708,1.9492855
1984-11-09 12:00:00,3.068677,2.273764,4.987844,3.7055147,3.4945493,2.9286568
1984-11-10 12:00:00,1.2619275,1.3573129,4.2415385,4.0617137,4.3717246,1.9957025
1984-11-11 12:00:00,2.3889277,1.80826,3.6658664,2.75502,4.460776,1.717074
1984-11-12 12:00:00,2.4231718,1.5663557,3.2336888,2.9489202,3.6409786,2.3501258
1984-11-13 12:00:00,1.0638874,1.0813947,4.3247547,4.003884,3.7978144,2.998784
1984-11-14 12:00:00,2.3288484,1.8410144,6.205321,4.266029,2.9987009,3.784954
1984-11-15 12:00:00,2.5009198,1.7624865,5.096653,3.7070334,2.7433693,2.4953613
1984-11-16 12:00:00,3.3063118,2.205193,4.2118206,3.0502868,2.47265,1.9994884
1984-11-17 12:00:00,2.5464272,1.7963299,3.5727007,2.5272865,2.864089,1.852178
1984-11-18 12:00:00,1.9186399,1.4724951,3.789481,2.2320602,3.2146235,1.8192958
1984-11-19 12:00:00,1.8781706,1.3728424,3.1280985,2.000548,1.8415865,1.6498538
1984-11-20 12:00:00,3.4384503,2.373911,4.1412163,3.0217886,4.870733,2.0988257
1984-11-21 12:00:00,1.1404841,1.2904773,2.5400796,4.50196,3.8389366,2.1748178
1984-11-22 12:00:00,1.5647964,1.1853111,3.9151945,3.8265462,5.223976,2.7953181
1984-11-23 12:00:00,2.3415651,1.7028595,4.0593147,2.7858198,4.5455017,2.2700977
1984-11-24 12:00:00,2.1206148,1.7133166,4.337936,3.1956036,3.5516376,1.9664639
1984-11-25 12:00:00,1.9353606,1.7634239,3.7878895,3.5696356,5.760589,2.3625145
1984-11-26 12:00:00,1.2058918,1.2236956,4.426452,3.1555264,6.5321603,2.880375
1984-11-27 12:00:00,2.5305645,2.060454,4.517829,4.092947,4.545705,3.1845434
1984-11-28 12:00:00,1.992101,1.8567907,4.864227,3.932738,3.7924817,3.1326158
1984-11-29 12:00:00,1.9964218,1.6420883,4.655585,3.7589421,4.00266,3.1885283
1984-11-30 12:00:00,1.9884439,1.9227802,4.8085165,4.619835,4.053698,3.3665814
1984-12-01 12:00:00,1.5591697,1.2665354,3.495642,3.161966,5.438922,2.053464
1984-12-02 12:00:00,3.7664824,2.5605254,3.402848,5.093635,7.730717,2.294811
1984-12-03 12:00:00,1.7585993,1.6399451,2.5402362,2.9055908,7.2308354,1.873605
1984-12-04 12:00:00,1.0486221,1.2395962,2.7008014,4.550176,4.819676,2.2913308
1984-12-05 12:00:00,1.9704748,1.8268355,4.1953382,4.618064,4.684188,4.4524236
1984-12-06 12:00:00,2.008462,1.9231586,6.2272477,4.597652,4.163267,4.499394
1984-12-07 12:00:00,3.0289288,2.2944188,4.2561765,4.9603467,5.094982,3.1062157
1984-12-08 12:00:00,3.361855,2.894083,3.5346968,5.2191043,6.594558,2.746338
1984-12-09 12:00:00,1.5632749,1.4385849,3.2433727,3.8207643,5.063993,2.7318876
1984-12-10 12:00:00,0.8463203,1.2073176,2.4918468,4.9088216,4.686183,1.7691777
1984-12-11 12:00:00,1.1487058,1.3022033,2.3964868,3.2776234,4.3831654,1.9013072
1984-12-12 12:00:00,1.1258595,1.4613637,2.6194901,4.2508063,4.333377,1.98075
1984-12-13 12:00:00,1.3090806,1.333014,5.5706806,4.670085,5.749045,3.7405498
1984-12-14 12:00:00,2.8170228,2.8913894,7.9448714,6.457927,5.0968337,5.4650097
1984-12-15 12:00:00,2.7499642,2.7976599,5.5542,6.4928,5.856614,4.5066247
1984-12-16 12:00:00,1.3688734,1.3351871,2.7151728,3.6033516,5.1111016,1.8821483
1984-12-17 12:00:00,2.1591322,1.5445262,4.3010163,2.8345604,6.506039,2.2581818
1984-12-18 12:00:00,3.4030414,2.729989,7.015561,5.3142242,5.2524943,4.4864645
1984-12-19 12:00:00,1.6241838,1.8616823,3.3030095,4.028074,4.3833203,2.0754774
1984-12-20 12:00:00,1.3426387,1.410849,3.800226,2.245877,3.9224608,1.9030131
1984-12-21 12:00:00,1.1249919,1.1796201,3.9543245,3.287852,3.5386922,1.875801
1984-12-22 12:00:00,1.6717699,1.9924463,4.2374454,3.1830006,4.5748982,2.376246
1984-12-23 12:00:00,3.2247303,2.3784912,4.557712,3.016258,5.0897985,2.534756
1984-12-24 12:00:00,2.742813,1.9904671,7.0471663,3.6950622,6.652274,3.2512703
1984-12-25 12:00:00,3.3246684,2.710415,6.4019284,4.544174,5.641938,3.4750855
1984-12-26 12:00:00,4.4516697,3.8153636,3.4140882,5.456853,3.72005,3.1475046
1984-12-27 12:00:00,4.746628,3.3532188,5.569143,3.5460749,4.35323,3.0947955
1984-12-28 12:00:00,2.7397041,2.0155652,4.936783,3.6075532,8.461332,2.6881573
1984-12-29 12:00:00,1.7529218,1.5317835,4.414855,2.9321249,8.118194,2.4192996
1984-12-30 12:00:00,2.1694965,1.6608471,4.9853516,2.7656157,9.767862,2.7646422
1984-12-31 12:00:00,2.9137423,1.8757558,5.239132,3.013264,7.1340337,2.847475
1985-01-01 12:00:00,1.9720153,1.415626,4.8644447,2.6096332,5.247215,2.2394898
1985-01-02 12:00:00,1.4909184,1.434254,3.2652018,2.5071867,4.900843,1.7029395
1985-01-03 12:00:00,2.5566669,2.1103518,2.9561808,2.2493668,3.18166,1.7209954
1985-01-04 12:00:00,2.2165132,1.8459151,3.0002713,2.1077871,4.258156,1.9561858
1985-01-05 12:00:00,2.0233068,1.3706235,2.7652242,3.6048748,6.884843,1.6673009
1985-01-06 12:00:00,1.1251681,1.1481934,2.3320937,2.2219763,4.3338675,1.4571681
1985-01-07 12:00:00,1.154343,1.2619084,3.1835043,4.2002597,4.725227,3.121934
1985-01-08 12:00:00,0.8393996,1.0854988,3.1138985,6.036398,5.8098655,3.3163638
1985-01-09 12:00:00,0.66029465,0.88976884,3.6590803,4.1668386,3.8343022,3.1775274
1985-01-10 12:00:00,1.0807493,1.1485834,5.958868,3.4339178,4.18016,3.3534055
1985-01-11 12:00:00,2.1029413,1.5594745,5.1355085,3.7199728,5.3206882,3.3678994
1985-01-12 12:00:00,0.95475006,0.9937814,3.8634374,3.3611052,4.2151985,3.4022868
1985-01-13 12:00:00,1.0540516,0.9413046,2.8472707,3.108159,4.5401173,3.1972828
1985-01-14 12:00:00,2.1954546,1.4239405,2.6007824,3.5834749,5.1126547,1.9272999
1985-01-15 12:00:00,1.8275787,1.5374058,4.1822243,5.6168623,4.614684,2.7372243
1985-01-16 12:00:00,0.9830531,1.1579323,3.2338731,5.4979873,4.232532,1.955694
1985-01-17 12:00:00,1.2653081,1.4646088,2.850012,3.0311637,4.608221,2.3904362
1985-01-18 12:00:00,2.2219672,1.8713704,3.5480313,3.562703,5.1210446,2.4550989
1985-01-19 12:00:00,1.0854704,1.1261792,2.967883,3.367959,3.2227628,2.3338377
1985-01-20 12:00:00,0.95646214,1.1480845,2.567809,2.548228,3.588302,1.8804727
1985-01-21 12:00:00,1.1701608,1.2602227,3.0575836,2.8173034,4.1211753,2.013928
1985-01-22 12:00:00,0.8682599,1.2365751,2.749694,5.080531,6.8996644,2.1459177
1985-01-23 12:00:00,1.4034593,1.5604334,2.7271059,4.85481,4.9031653,2.5174263
1985-01-24 12:00:00,1.0254399,1.3884882,4.3231626,8.770683,8.433693,4.6883006
1985-01-25 12:00:00,2.775663,2.292671,6.555906,7.1247993,6.1503124,4.4762497
1985-01-26 12:00:00,3.0612025,2.3005466,6.778972,6.5850506,4.682378,5.09918
1985-01-27 12:00:00,4.376981,3.5491781,6.9857306,7.7617407,7.603841,5.4980993
1985-01-28 12:00:00,4.3915462,3.578434,7.3121195,7.393492,7.5804286,5.35774
1985-01-29 12:00:00,2.6100466,2.4253497,4.5914707,5.597823,5.4239435,3.0772321
1985-01-30 12:00:00,1.2298701,1.3194999,4.1378675,5.961261,5.6276684,2.6138744
1985-01-31 12:00:00,1.2600131,1.4469553,3.0709922,4.905759,6.5384064,2.8007684
1985-02-01 12:00:00,1.2642348,1.3616414,4.3525343,6.4481072,6.235335,3.4403236
1985-02-02 12:00:00,1.5627674,2.0208495,4.237027,6.60667,7.5899606,3.2988849
1985-02-03 12:00:00,1.7879019,2.118833,4.3587356,6.1883736,5.287296,3.2828665
1985-02-04 12:00:00,1.4019558,2.655369,6.367177,6.1190567,6.769692,5.1094236
1985-02-05 12:00:00,2.2280672,2.4984884,3.6376445,3.3096805,3.2780704,3.027192
1985-02-06 12:00:00,1.2434871,1.2546808,3.2965584,2.709918,4.731262,2.6270714
1985-02-07 12:00:00,1.1065367,1.0371349,3.0114186,3.3942227,5.6408224,2.50562
1985-02-08 12:00:00,1.0106599,1.1539804,2.917689,3.0036225,5.6874027,1.9610046
1985-02-09 12:00:00,1.8928007,1.9753515,2.3499322,2.415579,5.671046,1.5744122
1985-02-10 12:00:00,3.823508,2.837246,4.08597,2.0952146,4.058436,1.9524537
1985-02-11 12:00:00,2.3572118,1.8126886,5.2650657,3.9176419,6.4489045,2.6360998
1985-02-12 12:00:00,2.7398376,2.2747667,6.268855,3.7609227,5.445855,3.127292
1985-02-13 12:00:00,3.1497183,2.451825,7.51976,4.4547443,3.784382,3.4866953
1985-02-14 12:00:00,3.295271,2.8127272,5.709325,5.3719263,4.0881877,3.7507188
1985-02-15 12:00:00,1.6924963,1.2548364,4.158486,4.417927,4.7426424,2.8056326
1985-02-16 12:00:00,0.69206697,0.8551962,4.1607785,5.3397446,4.9724283,3.4928398
1985-02-17 12:00:00,0.86820734,1.1064417,6.1052957,5.8948784,5.1191444,5.2273927
1985-02-18 12:00:00,1.7182136,1.9316446,7.555933,6.0228,6.764275,5.4154434
1985-02-19 12:00:00,1.0400772,1.3481444,5.339498,4.458775,5.3390265,4.014497
1985-02-20 12:00:00,1.1922044,1.1716924,3.2759135,3.950294,3.788704,3.3362935
1985-02-21 12:00:00,2.3400762,1.614511,4.2350116,4.0472646,2.8478346,2.8270385
1985-02-22 12:00:00,0.9896662,1.035887,2.8033543,2.8389628,2.6640995,2.2676919
1985-02-23 12:00:00,1.3542006,1.5585185,2.8067918,3.7040644,3.6393285,2.3731682
1985-02-24 12:00:00,1.644601,1.6302392,2.9636533,3.0532432,3.662639,2.026114
1985-02-25 12:00:00,1.5980299,1.7764504,4.0447483,5.7013445,5.0366755,3.6382203
1985-02-26 12:00:00,1.4525752,1.6200111,3.119768,5.2928576,4.210329,2.8562777
1985-02-27 12:00:00,1.6284361,1.6351432,4.590708,6.297635,5.3294506,3.021728
1985-02-28 12:00:00,2.0572677,2.3443024,4.6633406,4.4446855,4.5926237,3.1775668
1985-03-01 12:00:00,1.9014597,1.8496838,3.4536262,7.8766956,8.362026,3.739399
1985-03-02 12:00:00,4.3995185,3.5069866,5.714702,7.548158,4.3673496,4.8091073
1985-03-03 12:00:00,2.6243408,2.2163782,4.610236,5.8721695,4.4418697,4.0957236
1985-03-04 12:00:00,3.4520743,2.7303076,4.6093965,7.3628078,6.672578,3.8446429
1985-03-05 12:00:00,4.101261,3.0122547,4.8680964,6.469564,6.014382,3.841259
1985-03-06 12:00:00,3.0729804,2.662047,4.199526,7.24259,7.855234,3.7209618
1985-03-07 12:00:00,0.8661175,1.0745246,2.7103603,4.280286,7.766475,2.6263218
1985-03-08 12:00:00,2.7153008,2.0284016,3.6313703,5.6815596,6.4820924,3.0786216
1985-03-09 12:00:00,1.027389,1.1956173,1.8355091,3.433357,6.8068275,1.611851
1985-03-10 12:00:00,1.314477,1.3209879,3.0099776,4.078143,7.19399,2.757569
1985-03-11 12:00:00,0.9324817,1.1387798,2.211028,3.968634,8.164719,2.3082824
1985-03-12 12:00:00,1.0431681,1.1512668,3.1472926,5.345449,6.8644695,3.8018043
1985-03-13 12:00:00,3.5795348,2.9214818,4.936606,6.171724,5.864536,4.7296004
1985-03-14 12:00:00,3.5265977,2.7841513,4.773637,5.8575344,5.0354114,3.595757
1985-03-15 12:00:00,2.7388363,2.784216,5.093685,6.301168,6.05153,3.4830394
1985-03-16 12:00:00,2.2910352,2.1142442,5.1608114,4.983809,4.210782,3.6777127
1985-03-17 12:00:00,4.2353735,3.7791152,7.8422675,7.6651344,5.5821824,5.681237
1985-03-18 12:00:00,4.1895046,3.5385475,8.002092,6.7285094,8.470291,4.3809137
1985-03-19 12:00:00,3.3207984,3.3666072,5.4038687,5.316129,8.014149,3.6460147
1985-03-20 12:00:00,2.9118724,2.5163183,3.7663858,3.5146778,4.8895993,2.3010783
1985-03-21 12:00:00,1.8411252,1.5681198,2.0178747,2.7090814,3.1494038,1.435057
1985-03-22 12:00:00,2.631096,1.9822744,4.285855,2.1992455,3.9288826,2.0406067
1985-03-23 12:00:00,4.701606,3.5219283,4.8748627,2.4883683,4.859596,2.9436252
1985-03-24 12:00:00,2.9384933,2.5217173,3.1894789,4.5057898,3.232981,2.8913379
1985-03-25 12:00:00,1.0029733,1.324863,3.064779,5.054995,5.3898215,2.6523166
1985-03-26 12:00:00,2.4493577,1.9509658,3.0616183,4.771629,5.8713074,1.9591434
1985-03-27 12:00:00,2.1947749,2.010143,2.3618217,2.9024243,3.4570355,1.832416
1985-03-28 12:00:00,0.75215214,1.0033683,2.2818248,3.189438,3.5994322,1.5963327
1985-03-29 12:00:00,2.4662182,2.0403154,2.7464414,3.072383,5.15052,1.9431944
1985-03-30 12:00:00,2.4106126,1.5966002,3.0160246,1.9450566,4.0896378,1.4695127
1985-03-31 12:00:00,1.0510749,1.046972,2.8447437,2.7944431,4.643239,1.8878034
1985-04-01 12:00:00,1.0484787,1.0790445,2.7456493,2.14617,5.5591464,1.6844858
1985-04-02 12:00:00,0.70398104,0.8478277,2.04002,2.1806834,4.812327,1.6022826
1985-04-03 12:00:00,1.0140544,1.1558012,2.930828,3.223995,4.269772,2.97344
1985-04-04 12:00:00,1.4411337,1.846107,4.2077737,3.5974383,3.9352627,3.463972
1985-04-05 12:00:00,1.7931778,1.7837758,2.6857557,2.979794,3.4143758,2.218021
1985-04-06 12:00:00,2.3475375,2.0901504,3.3975747,3.6548464,3.1017597,3.136275
1985-04-07 12:00:00,2.298093,1.778653,2.5726078,4.561282,4.6616755,2.3935971
1985-04-08 12:00:00,1.7359711,1.5537157,2.9439359,4.152528,5.0356917,1.7506818
1985-04-09 12:00:00,1.128582,1.0507326,2.279726,1.7593948,5.118202,1.4298409
1985-04-10 12:00:00,1.3413937,1.2888384,2.7178416,2.6031706,6.207586,2.221226
1985-04-11 12:00:00,3.020285,2.4931529,5.011785,4.052214,4.627102,3.655665
1985-04-12 12:00:00,3.2836332,3.2778828,3.4067543,4.253637,3.5413706,2.2198384
1985-04-13 12:00:00,0.859359,1.2455776,3.2196236,3.089024,3.5636423,1.7736253
1985-04-14 12:00:00,2.42488,2.1686816,4.2673016,4.273649,3.2240229,3.1776547
1985-04-15 12:00:00,1.8994257,1.7597332,4.209459,3.3219342,4.1000957,2.955061
1985-04-16 12:00:00,1.7652922,1.6233038,3.3821187,3.059081,4.237028,2.1566489
1985-04-17 12:00:00,3.9111032,3.4660177,3.908453,4.9033113,5.3810587,2.2247717
1985-04-18 12:00:00,3.2029889,2.8719943,3.7158723,4.702733,7.8894835,1.7235125
1985-04-19 12:00:00,2.9387164,2.27108,3.7994409,4.0936155,7.349824,2.5015624
1985-04-20 12:00:00,1.0658302,1.1436433,2.4253926,2.6089246,5.0262985,1.554584
1985-04-21 12:00:00,1.4606981,1.2938809,2.4059505,2.1405737,3.3874915,1.5518262
1985-04-22 12:00:00,1.8512635,1.5808444,2.7016299,2.3677044,4.676747,1.7966911
1985-04-23 12:00:00,1.7143838,1.5008923,3.6901166,2.933369,5.381833,2.1142428
1985-04-24 12:00:00,1.7828451,2.1281302,4.3699384,4.022644,4.5270896,2.8448515
1985-04-25 12:00:00,2.2895412,2.257246,3.670251,4.9153295,4.9419055,2.6608374
1985-04-26 12:00:00,2.5942054,2.3771632,3.8764448,4.4578543,4.5381494,2.8542802
1985-04-27 12:00:00,2.5877295,1.9886159,3.6078498,3.1415873,5.0968075,2.0470164
1985-04-28 12:00:00,1.3803025,1.380173,4.1110415,2.0090427,4.5897923,1.7690432
1985-04-29 12:00:00,1.8100586,1.902595,4.0041366,2.3655353,4.8123403,2.097236
1985-04-30 12:00:00,2.816953,2.6821275,3.1449287,3.521692,5.137663,2.2533147
1985-05-01 12:00:00,3.5346358,3.077122,2.8732655,3.2200015,4.8596044,2.786082
1985-05-02 12:00:00,2.5836122,2.3034353,3.0148032,3.6112332,3.6129837,2.5400717
1985-05-03 12:00:00,2.0042982,1.6198477,2.9762065,3.1922762,4.4258523,2.0340402
1985-05-04 12:00:00,2.4176507,1.9607829,3.710362,2.6531272,2.3424616,1.681136
1985-05-05 12:00:00,2.2981603,2.1030009,3.2903628,4.3927736,3.2627707,2.5031059
1985-05-06 12:00:00,1.5647491,1.5812397,2.9732552,3.5638268,4.4288783,1.8046223
1985-05-07 12:00:00,1.4889332,1.4804193,3.647853,2.9688663,5.281614,1.707587
1985-05-08 12:00:00,1.7872846,1.9864594,3.9403906,3.058362,4.14427,2.1887934
1985-05-09 12:00:00,1.6428881,1.5288347,3.1530697,2.4132125,3.3901024,1.773444
1985-05-10 12:00:00,2.8379169,2.416365,3.832941,2.9295964,2.5505497,2.7272024
1985-05-11 12:00:00,3.5134983,2.6749392,5.192347,2.5556138,3.3090942,2.6964338
1985-05-12 12:00:00,3.2744422,2.8741927,3.2581217,3.132183,2.558833,2.584193
1985-05-13 12:00:00,1.8790027,1.9059182,3.7377923,3.236569,2.8287275,2.133097
1985-05-14 12:00:00,3.89193,3.3307378,5.67716,3.4057312,3.2144482,3.24016
1985-05-15 12:00:00,3.4519215,3.0219688,6.107804,3.235602,2.8290324,3.3712106
1985-05-16 12:00:00,3.65528,3.149796,5.360027,3.31934,2.396683,3.2936375
1985-05-17 12:00:00,2.2410278,1.8771615,3.8556848,2.3930137,1.7724774,2.1465647
1985-05-18 12:00:00,1.1688731,1.0873106,3.0484123,2.0382822,2.614256,1.670645
1985-05-19 12:00:00,1.749414,1.7421275,2.219224,3.5343068,5.6772213,1.6037403
1985-05-20 12:00:00,3.3796287,2.9620936,2.408144,5.6577826,5.3038335,2.4740198
1985-05-21 12:00:00,2.7585673,2.4850929,2.9519744,4.7411456,3.8643353,2.8866036
1985-05-22 12:00:00,1.865945,1.8122399,2.9104102,3.8209236,3.45382,2.5123048
1985-05-23 12:00:00,2.451901,2.3870819,4.5951605,4.969807,4.8944798,3.397732
1985-05-24 12:00:00,2.8621993,2.6358113,3.7393053,4.6309557,4.093545,3.4458873
1985-05-25 12:00:00,2.3096185,1.8673673,2.774545,3.2460513,1.6068364,2.948113
1985-05-26 12:00:00,1.6322801,1.4207038,2.7724583,2.2657237,2.2155297,2.1132066
1985-05-27 12:00:00,1.9470199,1.6093173,2.1011672,1.8278997,2.3653316,1.3174622
1985-05-28 12:00:00,1.9839472,1.5688171,2.5548859,2.3568318,2.350765,1.8149573
1985-05-29 12:00:00,1.8728886,1.53229,3.3231337,3.3557746,2.6357918,1.9809785
1985-05-30 12:00:00,2.7631278,2.117695,4.6610246,4.0932674,4.0363593,3.0396028
1985-05-31 12:00:00,1.3980253,1.4367362,2.499121,4.5847135,3.9773915,1.990125
1985-06-01 12:00:00,3.27747,2.9926772,3.264525,5.8410892,4.244007,3.0668242
1985-06-02 12:00:00,2.4262075,1.9390515,3.6833901,3.405325,5.3803277,1.8854734
1985-06-03 12:00:00,2.689567,2.3684192,3.4353187,3.7858014,4.439144,1.796306
1985-06-04 12:00:00,2.2921221,2.3298533,3.3400671,6.2284613,5.591419,3.2829893
1985-06-05 12:00:00,3.7600996,3.2746487,4.871459,4.4299917,3.9040236,4.2233624
1985-06-06 12:00:00,2.685968,2.1374497,3.3621614,3.7544906,4.838582,2.0681114
1985-06-07 12:00:00,2.647109,1.954075,3.1345637,3.7791119,4.9850564,1.8520511
1985-06-08 12:00:00,2.1117575,1.575275,2.1050055,4.158591,4.241475,1.3711951
1985-06-09 12:00:00,1.952882,1.5519917,1.9435612,3.9907875,3.7382572,1.3923614
1985-06-10 12:00:00,1.8171548,1.4507154,2.1029508,4.161456,3.1341803,1.1360744
1985-06-11 12:00:00,2.2054524,1.5835383,2.655346,3.7613308,2.9866853,2.0825813
1985-06-12 12:00:00,1.6948631,1.6363314,2.4066288,2.88571,2.6954932,1.5274028
1985-06-13 12:00:00,1.8771101,1.7826977,2.776919,2.597515,2.8365805,1.6530659
1985-06-14 12:00:00,3.22505,2.6977947,4.73465,3.1196666,2.41924,2.9262571
1985-06-15 12:00:00,2.2788239,2.0611103,2.625521,3.2491188,2.187151,2.3192432
1985-06-16 12:00:00,3.07188,2.6956522,4.4736123,2.925414,2.3821547,2.0388885
1985-06-17 12:00:00,2.5953748,2.1626468,3.3850636,2.7180595,4.1570864,2.0202932
1985-06-18 12:00:00,2.1608908,1.6832126,4.0219016,4.989053,4.268738,1.7256411
1985-06-19 12:00:00,1.7263321,1.8136932,2.5760403,5.175435,3.456975,1.7660595
1985-06-20 12:00:00,1.3364626,1.7437764,2.6579487,4.129161,3.827452,1.5115838
1985-06-21 12:00:00,0.8361306,1.2965803,2.171268,2.4100277,3.2757525,1.2866755
1985-06-22 12:00:00,1.2250718,1.3288858,2.3354044,2.5964243,2.8619928,1.4725941
1985-06-23 12:00:00,1.1806545,1.1658729,2.0919342,2.5620267,2.756249,1.3916911
1985-06-24 12:00:00,1.0660793,0.8647284,2.0648894,2.3618748,2.188439,1.4478366
1985-06-25 12:00:00,0.89772356,0.8928948,2.008513,1.9972134,2.0033584,1.1921477
1985-06-26 12:00:00,1.7845974,1.2447011,2.2062166,2.279033,2.2940888,1.3829103
1985-06-27 12:00:00,1.9352429,1.5395712,3.462538,3.1114614,3.034401,1.643306
1985-06-28 12:00:00,1.3400619,1.2324986,3.4173121,3.4798698,4.3988423,1.5783689
1985-06-29 12:00:00,1.5862463,1.6972013,2.2948442,4.7187996,5.4961724,1.5968572
1985-06-30 12:00:00,1.9032445,1.7656795,3.053966,4.5544543,5.8762813,2.131171
1985-07-01 12:00:00,2.0454893,1.8888011,2.6684985,4.9602475,5.4098244,2.0129573
1985-07-02 12:00:00,1.6535916,1.5964602,1.9181339,4.3919873,2.886916,1.8651223
1985-07-03 12:00:00,1.0702952,1.2296804,3.9932323,3.0179245,1.5120301,3.7824273
1985-07-04 12:00:00,1.6852028,1.8580673,4.5859036,2.1737242,1.9241173,3.3972318
1985-07-05 12:00:00,1.6948193,1.4191744,3.0440624,2.342087,2.0518422,1.70497
1985-07-06 12:00:00,1.312394,1.2500294,2.5875583,2.4935765,2.6758385,1.5406002
1985-07-07 12:00:00,2.106479,1.8839477,3.0788395,2.9217515,2.6629474,2.3085825
1985-07-08 12:00:00,1.0444703,1.0508016,2.2030106,2.5994892,2.9084523,1.5051199
1985-07-09 12:00:00,1.0204169,1.0659721,1.9763963,2.832868,2.7255151,1.9124769
1985-07-10 12:00:00,1.2649815,1.2933073,2.1737962,3.146978,2.8697011,1.8875781
1985-07-11 12:00:00,1.18046,1.2541484,2.1838052,3.1264584,2.7445674,1.7495778
1985-07-12 12:00:00,1.6289217,1.6084808,2.5102115,2.9562602,3.2909544,1.9282289
1985-07-13 12:00:00,1.419174,1.471542,2.728823,2.913131,3.3548603,2.0857599
1985-07-14 12:00:00,1.9776114,1.6039244,2.4346528,3.3112311,2.3073404,1.9943136
1985-07-15 12:00:00,2.0053973,1.893507,2.982229,4.1349797,2.3760839,2.3166225
1985-07-16 12:00:00,2.041482,1.8995328,3.0853,3.735302,4.057495,2.855325
1985-07-17 12:00:00,2.9836016,2.4602425,2.2944653,4.394345,4.820374,2.6708035
1985-07-18 12:00:00,2.3519979,1.4974579,3.1541286,2.782798,3.6139762,1.4266094
1985-07-19 12:00:00,1.3802722,1.2437258,3.1985,2.0155206,3.1111696,1.7930995
1985-07-20 12:00:00,2.6612873,2.0506628,4.4042926,3.6105373,3.1818812,2.0387926
1985-07-21 12:00:00,2.4920688,1.7828301,2.5350237,4.7977395,3.2675714,1.6938559
1985-07-22 12:00:00,2.5154862,1.7195792,2.6015174,3.9726694,3.2456293,1.7499806
1985-07-23 12:00:00,1.6575041,2.0411785,3.2289782,3.490495,3.1812053,2.0569832
1985-07-24 12:00:00,2.4096718,2.1575916,3.7144518,2.9863615,2.8293116,1.8665689
1985-07-25 12:00:00,2.7340627,2.2283971,3.236866,3.1407633,2.7207894,1.8006293
1985-07-26 12:00:00,2.129175,2.1028688,3.0335329,3.7628036,3.1988432,2.390368
1985-07-27 12:00:00,2.9441257,2.2202098,2.9711804,2.4011326,3.770374,1.9212838
1985-07-28 12:00:00,1.604569,1.3366508,2.2167556,2.0419378,3.2447126,1.723576
1985-07-29 12:00:00,0.8444865,0.9669554,2.7293327,2.294698,2.0153415,1.6403233
1985-07-30 12:00:00,1.0547369,1.1235771,2.2948077,2.7611566,2.7536316,1.7157841
1985-07-31 12:00:00,1.0704552,1.1522729,2.6004012,2.788412,3.519196,1.8658849
1985-08-01 12:00:00,0.97844136,0.97709656,1.7912103,3.3269987,2.9673336,1.5555522
1985-08-02 12:00:00,1.0367563,1.0507429,1.7430003,2.7092102,2.8813171,1.8861108
1985-08-03 12:00:00,0.76149577,0.8657239,2.2336986,1.6832228,2.5175934,1.2855055
1985-08-04 12:00:00,1.261226,1.2118825,3.0060198,2.3764267,1.9680083,1.5489221
1985-08-05 12:00:00,1.7472157,1.6099286,2.1243658,2.17836,2.8805656,1.3436848
1985-08-06 12:00:00,1.4401366,1.4422826,2.6250145,2.4236634,2.1519647,2.1025045
1985-08-07 12:00:00,2.2370691,1.8259397,2.7166932,2.7998955,2.5605042,1.9877405
1985-08-08 12:00:00,2.0154066,1.4592379,2.3713515,2.3281682,2.72727,1.8610641
1985-08-09 12:00:00,1.434334,1.171822,2.415196,2.107434,2.0343666,1.2147527
1985-08-10 12:00:00,3.494558,3.0660055,4.086425,3.9054565,2.3254864,1.6984563
1985-08-11 12:00:00,3.1530027,2.881479,4.3329434,5.501499,4.5562077,2.8658495
1985-08-12 12:00:00,2.408119,1.8913577,4.0606804,4.867189,4.7228117,1.9642181
1985-08-13 12:00:00,1.9454851,1.6195507,2.406256,4.5863123,3.7656043,1.6537031
1985-08-14 12:00:00,1.5581584,1.4281797,2.179714,2.06152,3.0835083,1.5572109
1985-08-15 12:00:00,1.1943548,1.1482079,3.0646672,3.0981448,2.575435,1.8104595
1985-08-16 12:00:00,1.5369473,1.4138637,2.5574987,4.3600063,3.7889044,2.258256
1985-08-17 12:00:00,1.2635343,1.3898983,2.5968423,2.9722025,4.6901994,1.640579
1985-08-18 12:00:00,1.3395579,1.2247452,2.4708068,2.3829195,3.8708243,1.6664549
1985-08-19 12:00:00,1.5876834,1.4410647,2.5769696,3.171751,3.4986305,1.7897688
1985-08-20 12:00:00,1.209578,1.1420358,2.508834,2.4566605,3.303018,1.2130903
1985-08-21 12:00:00,2.6432939,2.0743399,3.056433,2.4100378,2.3535216,1.7689235
1985-08-22 12:00:00,2.0548577,1.9258462,3.1414928,4.3301535,2.6161847,2.4654675
1985-08-23 12:00:00,1.5432266,1.5894737,3.8838944,3.498845,3.1565225,3.1757312
1985-08-24 12:00:00,2.8124084,2.3936746,4.002812,4.1047745,3.2310355,3.8522503
1985-08-25 12:00:00,2.1227427,2.337323,4.3437023,3.6831667,4.642627,3.393743
1985-08-26 12:00:00,2.0730572,2.3885255,4.230083,3.4053435,2.5905716,3.357318
1985-08-27 12:00:00,3.7701294,3.5766218,5.1573586,5.435469,4.611244,4.3113875
1985-08-28 12:00:00,2.0691004,1.7953367,3.3272269,4.28428,5.355621,3.5658286
1985-08-29 12:00:00,1.5522119,1.4912229,2.5248778,3.8626747,4.6893992,3.0055413
1985-08-30 12:00:00,0.86598986,1.1060336,2.5084703,2.7854502,4.8056846,1.6236746
1985-08-31 12:00:00,2.6485877,2.4033914,3.1543658,3.4644067,3.567547,2.2960472
1985-09-01 12:00:00,1.242634,1.2238741,2.1186805,3.3766112,3.3679397,1.6700064
1985-09-02 12:00:00,0.919536,1.074188,1.8937654,2.5413318,3.4881256,1.3462533
1985-09-03 12:00:00,1.9809467,1.7623771,3.393499,5.2176623,5.1920114,3.2048738
1985-09-04 12:00:00,2.657158,2.3883367,3.406417,4.244881,4.715417,2.2630334
1985-09-05 12:00:00,2.0123248,2.0513735,4.813138,3.7746844,5.435228,2.7936015
1985-09-06 12:00:00,1.6643018,1.6983407,3.1342304,3.760861,4.765,2.1885316
1985-09-07 12:00:00,1.5463669,1.6099937,2.7243574,5.939184,5.1235466,1.6683252
1985-09-08 12:00:00,2.316881,2.4780962,2.9136481,6.387727,6.009323,2.251617
1985-09-09 12:00:00,2.2394836,2.3023214,3.0557454,7.014067,3.8199031,2.8064947
1985-09-10 12:00:00,2.9190168,2.7460134,4.72105,6.6789784,4.128344,3.6735451
1985-09-11 12:00:00,2.5166411,2.3854036,5.466453,5.0619726,3.20713,3.7696497
1985-09-12 12:00:00,2.335196,2.4724727,4.379127,5.149574,3.6773393,2.9110286
1985-09-13 12:00:00,3.0473013,2.7008328,4.189957,3.6452558,2.9467459,2.7172644
1985-09-14 12:00:00,1.7069099,1.3429394,2.4795036,4.169017,5.2537484,1.4418514
1985-09-15 12:00:00,1.7883475,1.4139465,2.5267115,5.5110917,8.247415,2.2952056
1985-09-16 12:00:00,1.964615,1.9983523,3.1373324,4.7547946,6.838196,3.2378423
1985-09-17 12:00:00,2.4548166,2.1856854,4.4069686,6.16345,4.655165,3.0739145
1985-09-18 12:00:00,2.7002153,2.8597872,5.318917,5.89716,7.393578,3.6284618
1985-09-19 12:00:00,3.878404,3.654489,5.0338182,6.717797,5.16603,3.6035638
1985-09-20 12:00:00,2.8982332,2.5375707,3.4189632,2.8165855,2.5252209,1.9136846
1985-09-21 12:00:00,2.0461814,1.8769891,3.0857604,4.279958,6.3984494,2.4547513
1985-09-22 12:00:00,2.2821136,1.987764,5.1884747,3.4221897,4.12964,3.277714
1985-09-23 12:00:00,2.205554,2.0569086,4.8404346,5.2370925,3.2002475,3.4688907
1985-09-24 12:00:00,2.5440822,2.006578,3.3724556,3.7491405,2.5993574,2.1407785
1985-09-25 12:00:00,1.8687948,1.2933465,2.975156,2.52117,2.786664,1.777631
1985-09-26 12:00:00,3.372614,2.5143197,3.0637405,2.7104328,2.638457,2.335647
1985-09-27 12:00:00,2.8738143,2.3610961,2.4130166,3.22548,3.9523165,2.1483328
1985-09-28 12:00:00,1.6423293,1.4827948,2.00223,3.928736,5.4537516,1.8809329
1985-09-29 12:00:00,2.897551,2.0481825,3.4329007,3.077542,3.9482427,2.1859102
1985-09-30 12:00:00,2.3348625,2.1347625,2.4368935,3.0529819,3.06284,1.4972701
1985-10-01 12:00:00,2.5179198,2.1529467,2.3284895,3.248863,2.846436,1.472869
1985-10-02 12:00:00,1.0859579,1.0941541,3.4934485,3.2956705,2.7404616,1.8966874
1985-10-03 12:00:00,1.4023055,1.3038276,5.213177,2.8260078,2.2191513,2.2870595
1985-10-04 12:00:00,1.8061855,1.5939587,5.2149687,2.987281,2.7269766,2.186043
1985-10-05 12:00:00,1.3594258,1.3078593,5.1290746,2.5467045,1.8988385,2.1670141
1985-10-06 12:00:00,1.0614352,1.14142,5.545966,2.596991,3.104764,2.8994482
1985-10-07 12:00:00,1.5704504,1.4348003,5.4883556,2.9178662,4.25952,2.797698
1985-10-08 12:00:00,2.1789215,1.8984518,5.511665,2.5449924,4.721139,2.8065248
1985-10-09 12:00:00,3.0645046,2.677621,6.112165,4.498191,2.902393,4.1149406
1985-10-10 12:00:00,1.1649034,1.3914487,3.5459044,4.2736826,3.3985646,2.8938715
1985-10-11 12:00:00,1.1285883,1.0030891,2.7086375,2.7925665,4.7015247,2.0777278
1985-10-12 12:00:00,2.129305,2.0013838,5.095856,3.7952282,3.9604912,3.5941255
1985-10-13 12:00:00,3.120853,2.6790829,4.439511,3.7674198,4.2001834,3.7001467
1985-10-14 12:00:00,1.5349525,1.4784918,2.6794505,3.970931,4.220745,2.8362348
1985-10-15 12:00:00,1.7964683,1.4167123,3.5243738,3.509543,3.5330951,3.0604475
1985-10-16 12:00:00,2.446743,2.208749,4.9308,4.43984,3.7095652,3.5827444
1985-10-17 12:00:00,3.3083992,3.1789923,6.0006886,4.7104635,3.516217,4.340998
1985-10-18 12:00:00,1.9684232,1.6233839,2.244005,3.0970745,5.556479,1.5867218
1985-10-19 12:00:00,1.1011505,0.9626648,2.0460255,1.9490771,4.046192,1.8242297
1985-10-20 12:00:00,1.4642956,1.4589794,3.9587827,3.6014469,4.1970077,3.1467073
1985-10-21 12:00:00,1.2574842,1.2927814,3.6507344,4.7468944,3.1757722,2.9079328
1985-10-22 12:00:00,1.4413731,1.2103715,4.418367,2.8736324,2.9551032,2.6692593
1985-10-23 12:00:00,0.6877761,0.7781492,4.081568,2.2951856,3.7802322,2.329929
1985-10-24 12:00:00,1.0884954,1.2273028,3.8979883,3.3964405,3.8970344,3.244362
1985-10-25 12:00:00,1.0138619,1.1277194,2.3918912,2.8582766,3.9457724,1.988451
1985-10-26 12:00:00,0.9895153,0.83355767,2.710893,2.1609378,3.621867,1.975393
1985-10-27 12:00:00,2.0212176,1.996392,5.553076,5.3295674,4.932897,4.699202
1985-10-28 12:00:00,3.1576104,2.8501098,5.349146,4.8576765,6.5424123,3.1440592
1985-10-29 12:00:00,2.505355,2.2205594,3.209134,4.7731705,6.2807994,2.0829172
1985-10-30 12:00:00,2.019773,1.824973,3.930346,4.1201925,6.6083713,2.8573282
1985-10-31 12:00:00,1.5525326,1.3840841,3.4332492,3.126344,4.6041665,2.3765252
1985-11-01 12:00:00,0.8661645,0.90149343,3.1223936,2.7890549,2.0626142,2.5854008
1985-11-02 12:00:00,1.8784428,1.5626433,3.5038724,3.2443848,2.9499881,2.3501103
1985-11-03 12:00:00,1.1555493,1.0865868,2.629006,2.789899,4.6518946,1.8392158
1985-11-04 12:00:00,1.1017127,1.0980682,2.023546,3.7148187,6.117685,1.8506677
1985-11-05 12:00:00,1.5222223,1.2713062,3.2733579,4.7736573,4.8066053,2.0495856
1985-11-06 12:00:00,2.5316138,2.0081592,4.4918313,5.394512,2.9231188,3.0623913
1985-11-07 12:00:00,1.9316556,2.0149622,5.5906177,6.5951705,3.768353,4.4769425
1985-11-08 12:00:00,3.1606965,2.75112,5.8618975,8.082261,5.4013615,4.8470936
1985-11-09 12:00:00,2.4840631,2.099722,5.693664,4.6623254,3.552268,3.6321862
1985-11-10 12:00:00,2.2413037,2.2876322,4.7894235,5.3633914,5.9338346,3.443353
1985-11-11 12:00:00,1.7035632,1.7196207,3.4238713,2.606957,3.741384,2.2421293
1985-11-12 12:00:00,1.2146871,1.1437856,3.7117026,3.2433991,2.992702,3.8992584
1985-11-13 12:00:00,1.6568547,1.3335665,3.1460752,2.4358468,3.2294216,2.5609536
1985-11-14 12:00:00,2.4979799,2.2736468,3.7009587,5.8457184,4.850973,3.267091
1985-11-15 12:00:00,1.9335093,1.7890007,4.1311507,4.5762615,3.7702112,3.3252156
1985-11-16 12:00:00,1.9760913,1.4644392,4.1459084,3.0977674,3.163515,2.0969758
1985-11-17 12:00:00,1.5209066,1.2211882,3.5842588,3.422737,3.1667044,1.5644242
1985-11-18 12:00:00,3.6158073,2.4453201,3.8997939,3.3607051,3.1149247,2.0663562
1985-11-19 12:00:00,4.6604366,3.3418176,4.3829207,3.3098485,4.8402433,2.5301287
1985-11-20 12:00:00,2.042396,1.7154366,3.3757055,3.8210847,3.508598,1.9227297
1985-11-21 12:00:00,3.4085836,2.5836482,3.9740577,3.9124079,4.4551663,3.1822186
1985-11-22 12:00:00,2.3040688,2.2189438,4.4556227,4.9875903,4.587208,2.6625562
1985-11-23 12:00:00,2.397097,2.0613828,4.734755,4.022098,3.8251274,2.3338995
1985-11-24 12:00:00,1.7723967,1.2941489,6.0001736,2.8841972,2.9637933,2.8950799
1985-11-25 12:00:00,2.1808648,1.5138063,6.358106,3.0992339,2.382945,3.0229807
1985-11-26 12:00:00,3.3488717,2.166518,5.138831,3.1398454,2.9994037,2.4682982
1985-11-27 12:00:00,3.9701884,2.7990923,4.8430977,3.8303862,3.2042842,2.6968594
1985-11-28 12:00:00,4.103928,3.2986789,3.839981,4.1758447,3.6697495,2.4720573
1985-11-29 12:00:00,2.9157412,2.5368166,2.9504397,3.9752862,3.8140237,1.95076
1985-11-30 12:00:00,3.3692017,2.1405892,3.3430676,3.6444957,4.393344,1.6346459
1985-12-01 12:00:00,1.1925609,1.0190107,3.8069022,3.7883997,4.027535,2.8572528
1985-12-02 12:00:00,0.8224481,0.9663261,5.39839,4.607659,4.0736313,3.8663533
1985-12-03 12:00:00,1.9830091,2.0026102,7.7975583,5.418363,3.4152944,4.1785374
1985-12-04 12:00:00,2.6370132,2.7931476,7.812247,5.334578,4.5040383,4.7666245
1985-12-05 12:00:00,2.684186,2.4670372,6.5575914,5.3834743,5.1177006,3.8502128
1985-12-06 12:00:00,2.4308782,1.7594734,4.502142,3.586385,4.2248716,3.0027118
1985-12-07 12:00:00,0.6983231,1.0439647,3.3867478,3.834104,2.138838,3.4564624
1985-12-08 12:00:00,1.8357697,1.4029847,4.1208477,3.8732104,3.9594457,2.220554
1985-12-09 12:00:00,3.40472,2.5096552,3.2975464,3.0768263,5.26357,1.742563
1985-12-10 12:00:00,1.4176292,1.448808,2.5918932,2.5392456,3.7344868,1.9721552
1985-12-11 12:00:00,1.1960175,1.4684813,3.47998,4.143341,5.2161903,2.835181
1985-12-12 12:00:00,1.394196,1.2957761,3.440395,4.557796,7.2923756,1.5143988
1985-12-13 12:00:00,1.9042244,1.4852284,3.3258288,4.5465293,7.529978,1.9316269
1985-12-14 12:00:00,3.3015363,2.3422232,3.6225362,3.1086495,6.531251,2.1758661
1985-12-15 12:00:00,4.087429,2.8233302,3.3519394,3.4506512,6.295876,2.4184628
1985-12-16 12:00:00,2.1330528,1.7246438,4.162248,3.4089742,5.7136827,2.125599
1985-12-17 12:00:00,2.4069312,1.7810572,3.6155336,3.7249408,5.879441,1.8185942
1985-12-18 12:00:00,1.596151,1.4106743,3.7089324,5.380585,5.9244957,2.918647
1985-12-19 12:00:00,0.9457524,1.1769048,3.7361734,5.466999,5.3052154,2.4590402
1985-12-20 12:00:00,2.088786,1.780078,6.5359583,5.684061,4.909816,3.1858702
1985-12-21 12:00:00,2.9410808,2.1478004,7.5262666,5.043943,4.164349,3.3657143
1985-12-22 12:00:00,2.1259673,1.7253008,7.607725,4.727378,4.438726,3.3508298
1985-12-23 12:00:00,3.4830456,2.5255203,6.705636,4.5305243,5.3404136,3.25015
1985-12-24 12:00:00,3.1981072,2.5787764,5.8721666,4.978806,5.5017395,3.1019416
1985-12-25 12:00:00,3.3192477,2.8379254,7.147479,5.6395183,5.5259523,3.723758
1985-12-26 12:00:00,2.9634833,2.5889845,7.9395804,5.503345,5.4687843,4.4382076
1985-12-27 12:00:00,3.5330212,2.8115132,7.724491,5.490923,5.1045413,3.7811713
1985-12-28 12:00:00,2.3188019,1.9432532,4.7567816,3.885864,5.49103,2.3486297
1985-12-29 12:00:00,2.3326974,1.8437753,4.9361253,3.470605,5.741469,2.3746758
1985-12-30 12:00:00,2.624046,2.51296,4.1719832,4.910854,7.6524673,2.900548
1985-12-31 12:00:00,2.659328,2.5887437,3.3412702,5.045293,8.435569,2.779003
1986-01-01 12:00:00,1.2617182,1.4037408,3.5666883,4.662359,7.2518463,2.8266234
1986-01-02 12:00:00,2.457738,1.926836,5.7002916,3.5591667,5.3973074,3.229666
1986-01-03 12:00:00,3.1357095,2.7769122,4.6380687,4.773905,3.8311946,3.0914595
1986-01-04 12:00:00,2.4672813,2.2082365,3.551552,5.12367,3.676164,3.1947756
1986-01-05 12:00:00,2.8893266,2.106277,3.1262813,3.3352585,3.1017218,2.2437744
1986-01-06 12:00:00,3.245418,2.5388958,3.1649086,3.3558893,3.4347866,1.6893871
1986-01-07 12:00:00,0.99486226,1.1536751,2.4394295,3.3312132,3.6431913,2.1774955
1986-01-08 12:00:00,0.7331554,1.0281897,2.536993,3.7854197,3.0953033,2.681093
1986-01-09 12:00:00,1.0311769,1.1478244,2.1522703,3.4603121,3.8983848,2.1737652
1986-01-10 12:00:00,1.3125932,1.3014823,2.676215,3.5674157,4.8481574,2.2010944
1986-01-11 12:00:00,3.2356653,2.6876566,3.3292344,3.6096182,4.5407577,2.09266
1986-01-12 12:00:00,4.6864166,3.9217744,4.455917,2.1218846,2.8703444,2.7464662
1986-01-13 12:00:00,2.2502062,2.2285347,3.4606311,4.098112,2.999643,2.3916938
1986-01-14 12:00:00,0.9581814,1.3073009,3.0800142,4.7382245,3.8028154,3.2092679
1986-01-15 12:00:00,1.9111509,2.070873,6.473349,6.266811,5.468626,5.614984
1986-01-16 12:00:00,2.4907327,2.3875036,6.157159,6.806394,7.597053,4.6735277
1986-01-17 12:00:00,2.6521459,2.5110881,5.658853,5.8885646,7.4090667,4.2073627
1986-01-18 12:00:00,1.6979737,1.8864847,5.1536984,4.59811,5.6287465,3.9579463
1986-01-19 12:00:00,2.8557067,2.281688,5.54203,5.110931,3.970646,4.2142887
1986-01-20 12:00:00,4.1570916,3.5709293,7.3408666,6.133754,4.29981,4.574376
1986-01-21 12:00:00,3.0207543,2.787555,3.7476132,6.2539597,4.15953,2.9369874
1986-01-22 12:00:00,0.61319584,0.9140301,2.9511113,4.9834933,3.731825,2.4420931
1986-01-23 12:00:00,0.5985909,0.8376161,2.8085263,4.836673,4.1619897,2.5817406
1986-01-24 12:00:00,0.71220344,0.8575972,4.1778307,5.2260942,5.258981,3.4509249
1986-01-25 12:00:00,4.0631113,3.7056098,9.121399,7.399039,6.6923413,6.5064354
1986-01-26 12:00:00,2.6690812,2.5830245,4.4646163,6.485137,8.509159,3.9613147
1986-01-27 12:00:00,2.3653827,2.2758353,5.552357,5.775932,8.60975,3.93029
1986-01-28 12:00:00,1.7168967,1.3827375,2.677717,5.707751,7.4931226,2.5357366
1986-01-29 12:00:00,1.5382068,1.2519727,3.1885657,5.089324,6.1940985,2.311331
1986-01-30 12:00:00,1.8734657,1.3914241,3.0909336,3.5921392,6.3474026,1.7241775
1986-01-31 12:00:00,1.4466255,1.0664146,4.090832,3.102638,6.5085406,2.4641163
1986-02-01 12:00:00,3.649397,2.793221,8.335816,6.518821,6.2333503,4.875945
1986-02-02 12:00:00,4.173374,3.0590084,7.784759,3.4472456,4.8777103,3.7442238
1986-02-03 12:00:00,1.2976328,1.4411795,3.6142044,2.3011382,3.2291708,1.4938293
1986-02-04 12:00:00,1.7564297,2.0657773,2.7465022,3.561694,3.900576,1.7731843
1986-02-05 12:00:00,1.5533805,1.6176527,3.0296228,3.1796973,4.5440164,2.0527825
1986-02-06 12:00:00,0.8142272,1.0631272,2.227075,5.0724688,4.253821,2.4849277
1986-02-07 12:00:00,2.97761,2.4912488,6.207478,7.5894704,7.853724,5.4452186
1986-02-08 12:00:00,4.327173,3.2001133,5.914679,6.9386826,8.098249,4.0353837
1986-02-09 12:00:00,3.5503945,2.9026747,7.107414,8.007775,5.895854,5.479335
1986-02-10 12:00:00,3.947298,3.312335,6.9631286,8.120157,6.081157,5.0182242
1986-02-11 12:00:00,5.0423265,4.5321364,7.8978815,9.873064,8.406967,6.2875977
1986-02-12 12:00:00,4.0658717,4.197157,6.2053795,8.993497,7.6475034,5.1529684
1986-02-13 12:00:00,2.6824636,2.1090899,5.0585155,5.7152643,5.4756646,3.348209
1986-02-14 12:00:00,2.2703292,1.9880141,5.8867993,5.8678093,4.0767684,4.5271316
1986-02-15 12:00:00,3.4322548,2.7010376,5.0340457,3.5658135,3.3064587,2.7682917
1986-02-16 12:00:00,0.8731966,1.0134417,3.2806962,3.8393111,2.554804,2.760974
1986-02-17 12:00:00,3.1796665,2.075393,3.693284,2.2938337,2.9660316,1.849501
1986-02-18 12:00:00,1.3815193,1.2696576,1.9054174,3.8323507,3.2391067,1.561435
1986-02-19 12:00:00,1.3337076,1.5965116,2.0868769,4.7067366,3.732961,1.7895894
1986-02-20 12:00:00,3.3544502,2.5145667,4.334646,3.0797377,4.817035,2.4727764
1986-02-21 12:00:00,1.9348944,1.7613477,3.4745624,4.124922,5.3072968,2.3560717
1986-02-22 12:00:00,1.174995,1.3030537,2.5755723,3.3547707,3.3623054,1.7561982
1986-02-23 12:00:00,3.5078936,2.3479643,3.6751964,2.9248495,3.2446706,1.7960134
1986-02-24 12:00:00,2.0282173,1.7120248,2.5201025,2.4581034,4.3446274,1.7187308
1986-02-25 12:00:00,5.4876585,4.2010655,4.1029863,4.801766,4.709777,2.7519355
1986-02-26 12:00:00,3.391817,3.012998,3.620765,4.7600236,4.765856,2.1881855
1986-02-27 12:00:00,3.8504074,3.3852124,7.2988396,5.383729,6.4491024,4.7314396
1986-02-28 12:00:00,2.3144178,2.0358217,5.410583,4.531779,8.122222,3.6253705
1986-03-01 12:00:00,2.1324716,1.8978616,3.0405095,3.6986766,4.448719,2.2699707
1986-03-02 12:00:00,1.6756628,1.3911452,2.8149657,3.3509235,3.0224643,1.976009
1986-03-03 12:00:00,1.8552904,1.4786743,3.4573755,2.9476213,2.968066,1.7578192
1986-03-04 12:00:00,2.225257,2.0412314,5.5781727,3.5835164,3.6825712,3.53386
1986-03-05 12:00:00,2.1946657,2.0524478,3.7985494,5.5104356,6.472351,3.4018126
1986-03-06 12:00:00,3.2378004,2.8666403,5.239677,4.6682916,5.862808,2.7305825
1986-03-07 12:00:00,2.0208232,2.0351548,3.744415,5.277357,6.1844907,3.6999698
1986-03-08 12:00:00,2.5106835,2.27032,3.4223967,3.0732424,5.6746125,1.8073462
1986-03-09 12:00:00,1.4212042,1.3690548,2.5941458,3.5471053,6.0174956,1.486676
1986-03-10 12:00:00,1.8314633,1.4169039,4.205741,2.5566502,6.496786,2.2566838
1986-03-11 12:00:00,1.2096164,1.1890799,4.5059037,2.3744845,3.9793553,2.2872381
1986-03-12 12:00:00,1.9817059,1.4813797,4.920169,2.4307003,4.184303,2.2188497
1986-03-13 12:00:00,1.4302782,1.6190412,3.1324933,3.8920016,3.6890845,2.5492566
1986-03-14 12:00:00,1.4482605,1.7320927,4.5284524,2.6617053,4.136792,2.8090174
1986-03-15 12:00:00,1.805799,1.7389779,3.1542413,3.4273586,4.4575024,2.2501457
1986-03-16 12:00:00,1.1693195,1.1244801,1.9442405,3.6102638,3.9499102,1.1559032
1986-03-17 12:00:00,1.1093175,1.0721169,2.0984979,4.2226844,4.089121,1.1997523
1986-03-18 12:00:00,1.0229633,1.129053,1.776522,3.5452702,3.2039168,1.3983225
1986-03-19 12:00:00,1.5627582,1.3974141,1.5914313,1.7631686,4.1905084,1.3447703
1986-03-20 12:00:00,1.0285903,1.1107781,2.188623,1.9307951,4.955948,1.3416098
1986-03-21 12:00:00,0.84075624,0.9217553,2.1765182,3.1178384,3.880656,1.829832
1986-03-22 12:00:00,1.2102687,1.1273938,3.2985013,3.3090405,3.8801389,3.0231788
1986-03-23 12:00:00,1.845638,1.257951,3.716969,3.412349,4.6125903,3.285131
1986-03-24 12:00:00,1.9814582,1.622742,3.920107,3.6242788,5.6101937,3.3892393
1986-03-25 12:00:00,2.1897593,1.8394502,3.5552456,5.6823015,6.8466163,2.8096805
1986-03-26 12:00:00,2.2897882,2.2105296,3.5320325,5.6051173,6.618127,2.9554749
1986-03-27 12:00:00,3.873,3.5396736,6.2309465,5.205374,5.92652,4.588742
1986-03-28 12:00:00,3.4451854,3.3020592,3.2737052,4.363887,5.587751,2.1125755
1986-03-29 12:00:00,1.3786678,1.5088758,2.5297413,3.9263656,5.3258653,1.3626177
1986-03-30 12:00:00,1.2072501,1.3045826,2.3012328,3.4061313,4.1942024,1.5582607
1986-03-31 12:00:00,0.92313135,1.143984,2.317506,2.5911283,3.9212735,1.829773
1986-04-01 12:00:00,0.8981162,0.9620608,2.649261,2.9527705,3.609551,1.4253876
1986-04-02 12:00:00,1.8897161,1.6406333,4.433,3.1821604,2.94771,3.2834704
1986-04-03 12:00:00,1.9676559,2.1442304,3.659298,3.73061,4.442018,2.5138013
1986-04-04 12:00:00,2.6444845,2.3295352,5.272697,3.51783,5.0541034,3.6821947
1986-04-05 12:00:00,3.1571426,2.6594841,3.8221595,4.7701635,6.0055504,3.1343746
1986-04-06 12:00:00,2.0406637,1.7747579,3.896924,2.5968778,6.2486787,2.8702004
1986-04-07 12:00:00,2.8941898,2.2949574,3.3160992,2.5128286,4.805047,2.0220196
1986-04-08 12:00:00,1.8305289,1.5833503,1.877071,2.601,3.6434371,1.4400932
1986-04-09 12:00:00,3.989247,3.0691392,4.0544357,2.6045067,2.4715078,2.3421352
1986-04-10 12:00:00,3.0811868,2.420789,4.184437,2.573301,2.6158798,2.0532455
1986-04-11 12:00:00,2.2220428,1.9775383,4.672961,3.0736446,4.795397,2.0288198
1986-04-12 12:00:00,1.071775,1.2985133,3.8236542,1.9589903,6.0922685,1.595187
1986-04-13 12:00:00,0.88412243,1.0180076,2.7423642,2.4806929,6.5456448,1.5986791
1986-04-14 12:00:00,1.3238723,1.4424369,2.391944,3.2357316,7.8335066,2.3023524
1986-04-15 12:00:00,1.9496684,1.7357503,2.0123684,4.567723,4.290199,1.6767879
1986-04-16 12:00:00,2.3753667,2.300253,3.598726,4.0197406,3.6088784,3.6453884
1986-04-17 12:00:00,2.9288728,2.493986,3.4190538,4.1042395,3.0548804,3.5390842
1986-04-18 12:00:00,3.8719857,3.2168462,5.123637,4.2588296,3.547774,3.509462
1986-04-19 12:00:00,2.473034,2.193572,4.215981,4.0286036,3.847262,2.8800864
1986-04-20 12:00:00,2.4936872,2.0848157,3.1918426,3.7841525,4.9114394,2.0635548
1986-04-21 12:00:00,2.375307,2.170354,2.8714073,2.853295,3.3344595,1.9461771
1986-04-22 12:00:00,1.5165093,1.3885071,2.6280205,1.9518865,2.795367,1.5028142
1986-04-23 12:00:00,0.8513776,0.9371013,2.3311744,2.2258842,1.9719194,1.425534
1986-04-24 12:00:00,1.1233203,1.170304,2.4748032,2.0442264,2.0034194,1.6443162
1986-04-25 12:00:00,1.2717003,1.1610808,2.331466,1.6442755,2.3774526,1.1381072
1986-04-26 12:00:00,1.2903746,1.2121463,2.1853476,2.028991,2.482065,1.4228851
1986-04-27 12:00:00,2.5725484,2.3488271,5.4342313,3.1086943,2.9518774,2.748004
1986-04-28 12:00:00,4.444715,3.74501,7.4610906,4.680201,4.03018,4.2229195
1986-04-29 12:00:00,5.086636,4.402265,6.5286946,5.1402364,5.4740324,4.608766
1986-04-30 12:00:00,2.1391745,2.0952754,2.2765553,3.6007066,4.7602453,1.6945361
1986-05-01 12:00:00,1.8993359,1.4804116,4.578003,3.2366652,3.9832873,2.2490141
1986-05-02 12:00:00,1.5473485,1.5970372,4.897412,2.5480194,2.7266388,2.055624
1986-05-03 12:00:00,2.0421667,1.9697967,5.124165,2.7047033,2.2601008,2.3483324
1986-05-04 12:00:00,2.400096,2.172921,2.846178,3.0752406,3.2489114,2.413873
1986-05-05 12:00:00,1.1180243,1.2487713,2.4462106,3.5047264,4.5548816,2.1380649
1986-05-06 12:00:00,1.8977237,1.7881781,3.0524747,3.7383478,4.9468613,3.2698965
1986-05-07 12:00:00,1.723019,1.4631239,2.6330395,2.5344212,4.6897507,1.8659489
1986-05-08 12:00:00,1.9613814,2.1414278,4.582572,2.583701,3.3201475,3.2216744
1986-05-09 12:00:00,2.1947267,1.9985521,2.631684,2.3098457,3.1594207,1.7142439
1986-05-10 12:00:00,1.944801,1.7421353,2.2030737,2.5569367,4.1674066,1.6595966
1986-05-11 12:00:00,2.1007004,1.7930928,3.2946663,5.3816876,4.67887,2.0669003
1986-05-12 12:00:00,1.9430737,1.9309595,2.8520567,4.4398394,3.8082647,1.559305
1986-05-13 12:00:00,1.71737,1.6082897,3.1323602,2.8219795,3.0548213,1.569104
1986-05-14 12:00:00,1.7540647,1.6262158,2.9693391,4.176032,2.8802645,1.743754
1986-05-15 12:00:00,4.398195,3.5801353,5.2571597,5.1794033,3.9906826,3.6346896
1986-05-16 12:00:00,3.4265182,3.2723908,5.8060627,5.7393656,7.2430873,3.5625446
1986-05-17 12:00:00,1.7083943,1.7654707,2.5353072,4.084877,4.9836044,1.5592874
1986-05-18 12:00:00,1.6667588,1.5517962,3.5677278,3.5737634,3.2955792,2.4671257
1986-05-19 12:00:00,3.0621266,2.2813556,4.130606,2.7939847,3.8930917,2.421039
1986-05-20 12:00:00,3.0317035,2.0932832,3.4376779,3.4517913,3.652053,2.4633508
1986-05-21 12:00:00,2.1959884,1.8230054,3.6314788,3.672769,5.709333,3.1601934
1986-05-22 12:00:00,2.8443437,2.3492992,4.481961,3.6577592,4.5201287,3.7305892
1986-05-23 12:00:00,3.050748,2.5708954,4.199383,4.850121,4.162311,4.2546153
1986-05-24 12:00:00,1.8996165,2.0746691,4.5833097,3.2946818,3.834225,3.2683415
1986-05-25 12:00:00,2.9924781,2.8074987,4.3458095,2.612569,2.1796505,2.6640155
1986-05-26 12:00:00,2.8760772,2.993071,3.9081175,4.635224,2.9945889,2.6526513
1986-05-27 12:00:00,3.1739662,2.6240644,3.598342,4.5290895,5.9326596,2.6968987
1986-05-28 12:00:00,1.0286231,1.1270518,3.064457,2.7278652,4.1905255,2.1194205
1986-05-29 12:00:00,2.7276511,2.4705737,4.982197,3.197149,2.5452802,3.7139943
1986-05-30 12:00:00,2.78369,2.3938973,3.722075,3.7957258,3.3705196,3.2489135
1986-05-31 12:00:00,3.285387,2.9814997,4.6305904,6.1169953,5.7385974,3.713096
1986-06-01 12:00:00,2.4518995,1.8960103,2.6912088,3.8289511,3.2379432,2.1828299
1986-06-02 12:00:00,1.0546294,1.2549777,2.461418,1.7831917,2.378462,1.4817171
1986-06-03 12:00:00,1.6920831,1.7297672,2.6242437,3.8949564,2.1161654,2.2308726
1986-06-04 12:00:00,1.7839675,1.7917806,2.9982753,3.2669556,2.9330242,3.0262566
1986-06-05 12:00:00,3.3721375,2.7405825,4.6875367,4.257592,4.5795274,4.108881
1986-06-06 12:00:00,3.2343354,2.728438,3.602729,3.9801466,5.4300423,3.1237803
1986-06-07 12:00:00,1.8512712,1.7089633,2.7450948,4.0270166,3.0114388,2.2869618
1986-06-08 12:00:00,2.2536693,1.9063642,3.2605603,4.5476165,1.9278446,1.8280697
1986-06-09 12:00:00,1.6277127,1.470521,2.3237066,3.556572,2.9189746,1.3206171
1986-06-10 12:00:00,1.4936663,1.5302273,2.1944644,2.3994334,2.3732474,1.799646
1986-06-11 12:00:00,1.8389984,1.4800136,2.4784694,1.9630828,2.5790284,1.9200858
1986-06-12 12:00:00,2.5099688,2.2098484,3.6867862,3.1060858,3.1224818,2.6314929
1986-06-13 12:00:00,3.9965415,3.215882,5.39308,4.428751,3.8173087,3.4799788
1986-06-14 12:00:00,2.7425818,2.562862,4.156043,5.648758,4.978231,2.778071
1986-06-15 12:00:00,2.9019656,2.4203725,4.4276557,5.8771024,5.1294255,2.5280294
1986-06-16 12:00:00,3.6352472,3.1354449,4.8614044,5.0062466,7.0383043,3.3060737
1986-06-17 12:00:00,2.4333963,2.551774,2.4417524,4.1807375,5.852037,1.5224152
1986-06-18 12:00:00,1.3642628,1.2563741,2.38814,2.227349,3.7675247,1.1786269
1986-06-19 12:00:00,1.4414699,1.4526917,4.127186,2.4493117,3.1833377,1.6612091
1986-06-20 12:00:00,0.9186653,1.0865469,2.659692,2.4347496,2.7376118,1.5651666
1986-06-21 12:00:00,2.7762165,2.3863368,2.3152354,3.357201,2.061843,1.8385965
1986-06-22 12:00:00,2.4288645,2.1731286,3.1700659,3.2277672,3.5058022,1.9990796
1986-06-23 12:00:00,2.8859873,2.2629426,2.3809571,2.786749,3.5971143,1.6498183
1986-06-24 12:00:00,2.7296312,2.4151294,3.245545,2.9157395,2.9259224,1.8854073
1986-06-25 12:00:00,1.8126076,1.56001,3.1932425,3.047194,3.5529203,2.0707495
1986-06-26 12:00:00,1.0479472,1.435765,2.4828374,3.2281091,3.3856428,1.3807963
1986-06-27 12:00:00,1.8162664,1.4784209,2.570666,3.0379808,2.3646162,1.4333414
1986-06-28 12:00:00,2.4628544,1.8064189,3.0191302,2.5497205,2.6581728,1.8619905
1986-06-29 12:00:00,1.9492804,1.6891649,3.413694,2.54478,2.9688475,1.8555595
1986-06-30 12:00:00,2.1682105,1.926204,3.2560945,3.8472323,2.716874,2.0717854
1986-07-01 12:00:00,2.1642451,1.5112259,2.6612725,2.5893192,2.409904,1.8677813
1986-07-02 12:00:00,1.6633635,1.4914571,2.483504,2.5641625,2.0508087,2.0011313
1986-07-03 12:00:00,3.7415318,3.5038075,5.7524757,5.820438,3.3596234,4.029628
1986-07-04 12:00:00,3.8248627,3.7947922,4.66852,4.9395356,3.9666927,3.0780878
1986-07-05 12:00:00,2.5707574,2.4307096,4.176611,4.349395,4.1434484,3.1518183
1986-07-06 12:00:00,2.6312447,2.6883602,4.459112,4.3724756,4.313755,2.9970767
1986-07-07 12:00:00,2.4187965,2.476151,3.7033956,3.2833679,3.993373,2.5826337
1986-07-08 12:00:00,1.9471178,1.752793,2.579954,3.8246276,3.6938012,1.681195
1986-07-09 12:00:00,1.954677,1.5760498,1.6805445,3.7998135,4.247642,1.4423978
1986-07-10 12:00:00,2.236792,2.1405435,2.5780106,3.4909608,3.7714548,2.206764
1986-07-11 12:00:00,2.47761,2.1483743,3.8638635,4.00693,3.2380552,2.4417849
1986-07-12 12:00:00,1.873347,1.3470247,2.9514012,2.564101,2.9136784,1.5212011
1986-07-13 12:00:00,1.9111059,1.4096445,2.4361897,3.213234,3.4183233,1.6138444
1986-07-14 12:00:00,0.756243,0.87825024,2.622878,4.496532,3.97758,1.7020186
1986-07-15 12:00:00,1.4497404,1.2683328,2.5850213,4.5992713,3.613104,1.7145642
1986-07-16 12:00:00,2.086782,1.5167652,2.8307295,3.8605602,3.5024083,1.5719204
1986-07-17 12:00:00,2.3491294,1.5899334,2.8892434,3.6034153,2.0794759,2.132187
1986-07-18 12:00:00,1.3829715,1.1547452,2.7653046,2.6367648,1.9959348,2.694651
1986-07-19 12:00:00,1.5870341,1.4793018,2.6063964,2.647901,2.3231382,3.118572
1986-07-20 12:00:00,1.8053987,1.4726572,1.8674942,2.9052613,2.2722263,2.2897685
1986-07-21 12:00:00,1.3453254,1.215908,1.9212848,3.579685,2.037731,1.4920171
1986-07-22 12:00:00,1.2020351,1.1374154,2.5008328,2.6649454,2.300631,1.5750927
1986-07-23 12:00:00,0.9212151,0.9451748,2.4826026,2.2322996,2.4115531,1.3707205
1986-07-24 12:00:00,1.6135641,1.1817266,2.5324526,1.7109439,2.6720338,1.3608876
1986-07-25 12:00:00,2.1641726,1.585677,3.7363417,2.3038588,2.636479,2.0329359
1986-07-26 12:00:00,2.2168164,1.8812062,2.7313955,2.4028635,2.4816852,2.215259
1986-07-27 12:00:00,2.0269132,2.2154887,3.0426018,2.3417623,2.387065,2.0554316
1986-07-28 12:00:00,1.7816522,1.8347349,3.4987125,2.8617747,3.684272,2.1617465
1986-07-29 12:00:00,1.515547,1.4642552,3.3817616,2.3487427,3.196925,1.6939542
1986-07-30 12:00:00,1.4823865,1.2491697,2.7092733,3.30022,3.0071685,2.1216695
1986-07-31 12:00:00,1.3994553,1.3789454,1.9027572,2.4858675,2.979446,1.5860451
1986-08-01 12:00:00,2.3364303,2.0710707,1.8899792,2.9571395,3.2080717,1.3889495
1986-08-02 12:00:00,1.9619762,1.6250646,3.2803802,2.963361,3.9597116,1.9277323
1986-08-03 12:00:00,1.4528542,1.6838831,3.1570935,2.3602293,2.9718602,2.2133448
1986-08-04 12:00:00,1.4029894,1.5432848,3.4179866,2.2907631,2.2647722,1.9135817
1986-08-05 12:00:00,2.7026572,2.3405254,3.5919447,3.471712,2.0985477,2.6087084
1986-08-06 12:00:00,2.3377519,2.1813562,3.119673,2.2733843,2.4101396,1.7224303
1986-08-07 12:00:00,2.8085248,2.1521647,3.2642238,2.4878416,2.3235452,2.1138616
1986-08-08 12:00:00,2.823069,1.8600416,3.3361857,2.5370624,2.514503,2.79513
1986-08-09 12:00:00,2.5360518,1.9161394,4.1731114,2.431661,3.046296,2.763457
1986-08-10 12:00:00,3.171151,2.2762616,3.7888343,2.4591873,2.896299,2.4427521
1986-08-11 12:00:00,2.3154624,1.637126,2.496864,1.6975223,3.0374272,1.4838657
1986-08-12 12:00:00,0.97965306,1.2004523,2.570385,2.255576,3.6169004,1.3520616
1986-08-13 12:00:00,1.0962883,1.2182019,3.1469264,3.297918,4.4561152,1.296766
1986-08-14 12:00:00,1.5084579,1.4536453,3.0304856,3.4970934,3.5103693,1.716009
1986-08-15 12:00:00,1.9845753,1.4204638,3.0515466,2.6092596,3.112079,1.3620036
1986-08-16 12:00:00,1.2443713,1.2552168,3.6456685,2.822193,2.690229,1.984033
1986-08-17 12:00:00,1.8005613,1.5279698,3.2653756,2.4222014,3.3071222,1.8575603
1986-08-18 12:00:00,2.4316866,2.1420455,4.303693,3.908381,3.5964634,3.621838
1986-08-19 12:00:00,3.182917,2.7899926,5.604157,5.33041,3.5522215,4.658408
1986-08-20 12:00:00,3.7275321,3.4967723,4.2666855,8.271283,3.661678,4.867891
1986-08-21 12:00:00,2.1225214,2.0326707,3.7916863,5.4035573,4.6262145,3.2051432
1986-08-22 12:00:00,2.488366,2.4498425,4.430791,4.768242,3.7145374,3.324193
1986-08-23 12:00:00,2.248907,1.9163551,3.6653197,2.9953837,2.493867,2.4067786
1986-08-24 12:00:00,3.50567,2.7325003,4.873781,3.3170938,2.4773607,1.9982207
1986-08-25 12:00:00,4.04986,2.9761715,5.4420915,2.5594318,3.7556643,2.4019933
1986-08-26 12:00:00,2.5462391,1.7627226,2.203,2.301758,4.151031,1.3320348
1986-08-27 12:00:00,1.2876449,1.179975,2.8392367,2.167274,3.0410972,1.6174188
1986-08-28 12:00:00,1.7127085,1.569965,3.092233,2.203833,2.698415,1.905026
1986-08-29 12:00:00,2.4473443,2.1284006,4.3418684,2.976143,3.0353184,2.6928308
1986-08-30 12:00:00,1.3463832,1.0508484,3.2451339,2.921604,2.682623,1.8827401
1986-08-31 12:00:00,1.3841047,1.2445852,2.0081048,1.8784362,2.305728,1.3687745
1986-09-01 12:00:00,1.1936328,1.425344,2.661342,3.1997087,3.2441638,2.7362175
1986-09-02 12:00:00,1.1437871,1.2836126,2.8744423,2.3436635,3.7769687,1.8914521
1986-09-03 12:00:00,1.5445619,1.2950625,2.2943428,4.1302204,3.5402005,1.8218917
1986-09-04 12:00:00,1.334077,1.2653784,2.2253473,4.286984,5.2445526,2.2787557
1986-09-05 12:00:00,2.653958,2.0875888,2.928425,6.4812,7.10946,3.0904126
1986-09-06 12:00:00,2.5793138,2.250626,3.576193,4.6610956,8.062234,3.2535572
1986-09-07 12:00:00,1.4298158,1.5771433,3.3824728,3.4647443,5.095916,2.446476
1986-09-08 12:00:00,1.9035262,1.5568913,2.8676114,2.883192,2.4771485,2.093711
1986-09-09 12:00:00,2.3822513,1.9579091,3.8954546,2.2574692,4.1156797,2.1400473
1986-09-10 12:00:00,1.102144,1.1673915,2.6868918,2.26966,3.2588215,1.1824869
1986-09-11 12:00:00,3.4310284,2.5016787,4.176692,2.8647938,2.7776494,2.6042886
1986-09-12 12:00:00,2.796475,1.9675336,3.2792058,1.601164,2.8601034,1.8737563
1986-09-13 12:00:00,0.9214115,0.9252829,2.4840722,1.9606026,1.6537348,1.7620215
1986-09-14 12:00:00,4.664338,3.8511753,8.113768,5.917822,2.1420493,5.3302135
1986-09-15 12:00:00,4.1754208,3.703434,5.9589267,4.825464,5.5037513,4.206338
1986-09-16 12:00:00,2.2080817,2.3167005,3.123891,7.2266626,7.6197543,2.8184686
1986-09-17 12:00:00,1.3354647,1.5935464,2.858483,6.554726,6.6175485,1.8309549
1986-09-18 12:00:00,3.0941038,2.450798,5.3456526,3.5865617,4.5523357,2.764514
1986-09-19 12:00:00,3.326559,3.0333517,3.9348428,4.2791085,4.201879,2.4309757
1986-09-20 12:00:00,1.961398,1.7106365,3.791435,5.1081967,5.6677637,3.467632
1986-09-21 12:00:00,3.4851265,2.76032,4.8768167,2.6148534,5.1315355,3.3977911
1986-09-22 12:00:00,4.1941576,2.762136,3.0681503,2.010441,4.9001517,2.0809062
1986-09-23 12:00:00,3.1886616,2.2358375,3.8518987,2.7370715,3.4906974,1.9400096
1986-09-24 12:00:00,4.671073,3.7540045,6.4230394,4.4480085,4.233938,3.0557096
1986-09-25 12:00:00,3.4238515,2.8220158,5.9529634,4.537183,5.740449,2.798279
1986-09-26 12:00:00,2.3517709,2.127715,4.0556927,3.6935759,4.3226666,3.195014
1986-09-27 12:00:00,1.8989826,1.5203725,2.5882056,2.072836,3.1575782,1.7027906
1986-09-28 12:00:00,0.95259446,0.9642498,1.7084874,1.9219474,2.6010454,1.3012984
1986-09-29 12:00:00,1.133362,1.1516367,3.3098512,2.022524,3.2570088,1.5604529
1986-09-30 12:00:00,2.28603,1.8618671,3.7452166,2.6824365,2.9296005,2.1872232
1986-10-01 12:00:00,2.747335,2.3197534,2.6849782,3.077978,2.8420913,2.046045
1986-10-02 12:00:00,1.9246619,1.7308164,4.184205,3.292739,3.640154,2.4136717
1986-10-03 12:00:00,2.4095428,2.0520692,3.5728586,3.8099487,3.5282466,3.3130696
1986-10-04 12:00:00,1.1411833,1.0425394,2.8403635,3.4707696,5.0114565,2.2532327
1986-10-05 12:00:00,1.2249835,1.2588744,4.895754,2.8477373,3.5786812,2.3143137
1986-10-06 12:00:00,1.5939254,1.6856861,5.0553284,3.0504594,3.0707026,2.3459024
1986-10-07 12:00:00,1.2322334,1.4310943,3.6291208,2.6933043,3.6150615,2.3278124
1986-10-08 12:00:00,0.89606667,1.1308477,2.5770528,4.9171867,3.1120477,2.3198116
1986-10-09 12:00:00,1.2244047,1.202785,3.6135259,3.8221288,2.7147257,3.172876
1986-10-10 12:00:00,2.1326234,1.9622754,3.437453,4.023385,4.6459713,2.043075
1986-10-11 12:00:00,2.2473216,1.6675018,4.065522,3.416848,4.461207,2.7318647
1986-10-12 12:00:00,1.9135666,1.9359255,4.355722,3.6754582,3.482217,2.9729605
1986-10-13 12:00:00,3.279768,2.9120693,4.659208,5.73164,4.187032,3.5665438
1986-10-14 12:00:00,1.9304525,2.1514711,4.8399477,3.8789794,2.928478,3.5933082
1986-10-15 12:00:00,1.544902,1.5658458,2.644248,2.6065774,2.8309746,1.949639
1986-10-16 12:00:00,2.2193022,1.8679371,2.8577385,2.2006097,3.5383716,2.033144
1986-10-17 12:00:00,1.0871336,0.9991351,2.2793245,2.23374,3.7408524,1.26844
1986-10-18 12:00:00,1.3933748,1.557479,2.3003516,4.8003936,5.6756616,1.8015926
1986-10-19 12:00:00,1.291508,1.2834399,1.6039728,3.2915833,3.4095068,1.4243604
1986-10-20 12:00:00,2.0720224,1.9332799,3.0033941,4.110412,3.8206449,3.3193033
1986-10-21 12:00:00,2.4497972,2.3418982,3.0721042,4.386867,4.761859,2.128844
1986-10-22 12:00:00,1.9230233,1.7382624,1.8642716,2.520497,4.3478317,1.3545146
1986-10-23 12:00:00,0.99827605,1.123538,1.7780781,4.697614,4.395581,2.022637
1986-10-24 12:00:00,1.4188812,1.431135,1.9051244,5.911853,4.1764846,2.0603828
1986-10-25 12:00:00,1.8617718,1.4035615,2.3405929,4.4459753,5.100652,1.5942272
1986-10-26 12:00:00,4.226036,3.0286024,4.3783984,3.5382006,3.7687387,2.8450525
1986-10-27 12:00:00,4.5274277,3.6112728,4.947517,3.5323448,2.9857259,3.4110496
1986-10-28 12:00:00,3.148788,2.7218912,2.8829877,1.9267775,3.5507042,2.0244982
1986-10-29 12:00:00,1.4599812,1.432447,4.3761067,3.9989629,3.5989578,3.7811487
1986-10-30 12:00:00,2.5308788,2.0263982,6.5209746,4.6027255,3.7883298,3.2965245
1986-10-31 12:00:00,1.7050824,1.4576032,4.7687874,3.3207932,3.5636737,2.7782013
1986-11-01 12:00:00,1.0648406,1.3936406,4.469515,4.545996,3.507489,3.430959
1986-11-02 12:00:00,1.7544048,1.6865048,4.5110984,4.593398,3.1802137,3.5535047
1986-11-03 12:00:00,2.0230613,1.596329,3.0657833,2.106096,3.5939815,2.2765188
1986-11-04 12:00:00,0.68312025,0.90123874,2.0737023,2.2424698,4.296718,1.6268637
1986-11-05 12:00:00,0.565194,0.8045689,2.466664,2.6035562,3.0567534,2.080358
1986-11-06 12:00:00,1.0479987,0.94304055,3.0198116,3.2893558,3.1082282,1.8724018
1986-11-07 12:00:00,3.9567077,2.6169932,5.340471,4.0020714,5.880526,2.2941473
1986-11-08 12:00:00,4.835042,3.5938208,5.1037498,3.4061608,5.620614,3.1216807
1986-11-09 12:00:00,3.76408,2.9522202,3.1606612,3.9300478,4.699327,2.1175256
1986-11-10 12:00:00,3.866106,2.9554474,4.389595,3.8935966,4.80399,2.6119573
1986-11-11 12:00:00,4.4715047,3.323052,6.6810174,4.427048,3.6539726,3.637522
1986-11-12 12:00:00,4.8556585,3.8304176,7.2595835,5.6188927,4.5676327,3.8547373
1986-11-13 12:00:00,4.357567,3.4942334,7.686819,6.2200823,5.4904227,4.133688
1986-11-14 12:00:00,2.744571,2.279495,6.4169717,5.9944797,5.7837734,3.6957593
1986-11-15 12:00:00,1.3762507,1.4119099,5.2240925,5.287318,5.8424263,3.6570923
1986-11-16 12:00:00,1.0450282,1.3541253,4.4980073,6.515933,5.0948873,4.3115344
1986-11-17 12:00:00,1.0795406,1.0479158,4.428701,4.2889757,4.6699147,3.886486
1986-11-18 12:00:00,1.245879,1.236776,2.8385656,3.5979888,5.654923,2.5464156
1986-11-19 12:00:00,1.4765973,1.2848256,3.0773852,3.0622342,5.8863077,2.0168986
1986-11-20 12:00:00,0.9827328,1.0048393,2.9299061,2.9810247,4.5375285,1.766097
1986-11-21 12:00:00,1.0250561,1.053606,2.360709,2.916475,3.6808233,2.497924
1986-11-22 12:00:00,1.0213425,1.1431024,2.3267877,4.4822526,4.047456,2.793816
1986-11-23 12:00:00,3.7230601,2.9401958,5.3474894,7.0903144,6.645108,4.400558
1986-11-24 12:00:00,1.356354,1.422785,4.1879687,5.259674,6.2450495,4.011781
1986-11-25 12:00:00,2.5870025,2.5353305,6.4835014,6.1539474,5.7785707,5.533592
1986-11-26 12:00:00,1.828548,2.025557,5.440309,5.948848,4.4275875,4.5987787
1986-11-27 12:00:00,0.7968532,0.8771869,4.145627,2.8050437,4.0278735,2.3409102
1986-11-28 12:00:00,1.5127201,1.2422968,4.648498,3.6569567,4.608747,2.1198726
1986-11-29 12:00:00,2.404433,1.738904,4.9547863,3.7889354,5.7912126,2.2240694
1986-11-30 12:00:00,1.8080053,1.43097,3.7882273,3.8389864,5.350715,2.4703975
1986-12-01 12:00:00,1.5354071,1.4121649,5.428331,4.4380803,5.138023,3.7934473
1986-12-02 12:00:00,1.9433484,1.9142761,6.0145884,5.6831074,6.21689,4.2932787
1986-12-03 12:00:00,2.6098375,2.0759685,4.4600763,5.226087,6.943792,3.2289858
1986-12-04 12:00:00,1.816418,1.6447756,3.5000565,3.836851,5.867505,1.9598316
1986-12-05 12:00:00,0.8422542,0.84392494,4.578557,3.5305948,4.405775,3.0813465
1986-12-06 12:00:00,1.0051599,1.2834107,3.2317061,3.6319232,4.3616347,2.129145
1986-12-07 12:00:00,0.9329735,1.1900871,4.5264134,5.8728056,5.6205144,4.1782475
1986-12-08 12:00:00,2.6569178,2.1275845,5.8494725,4.9372773,4.3248715,4.632793
1986-12-09 12:00:00,1.4334037,1.5010237,5.9049535,4.432712,5.5065365,4.408242
1986-12-10 12:00:00,1.7440939,1.6720204,6.936847,4.7858424,6.3625135,4.6998158
1986-12-11 12:00:00,1.2336406,1.540137,4.3430114,5.6036487,5.843835,4.0859632
1986-12-12 12:00:00,1.4658037,1.588512,3.7589612,5.9853563,4.614302,3.3921282
1986-12-13 12:00:00,1.4893384,1.9201533,3.658332,4.527396,3.7793126,2.76656
1986-12-14 12:00:00,0.87686324,1.0931726,3.6779857,3.7039092,2.9050436,3.2227173
1986-12-15 12:00:00,1.8717879,1.7655114,4.551799,4.807948,3.4506457,3.0144365
1986-12-16 12:00:00,1.5857674,1.82119,2.4783256,2.4183776,3.1132553,1.9350531
1986-12-17 12:00:00,1.3756968,1.5464969,4.3757095,4.357709,3.7661786,3.7663348
1986-12-18 12:00:00,2.7798965,2.4812164,4.6133256,5.95679,6.7067294,3.1663797
1986-12-19 12:00:00,1.169101,1.1561388,4.01285,4.973964,6.49062,2.9876935
1986-12-20 12:00:00,1.5401232,1.4057912,3.8839664,3.9564338,4.2695875,2.7732067
1986-12-21 12:00:00,0.91734004,1.0593495,2.4179993,2.6465018,3.658512,1.7364078
1986-12-22 12:00:00,0.7899648,1.0051386,3.2672665,2.4552972,4.3087573,2.0904803
1986-12-23 12:00:00,2.572488,2.0709305,3.7113783,2.9802244,5.6185703,1.9929273
1986-12-24 12:00:00,1.3203144,1.5112207,3.1693554,2.6337008,5.1427646,1.980867
1986-12-25 12:00:00,2.5438733,2.0390844,5.354101,3.7739828,6.0963397,2.5340004
1986-12-26 12:00:00,1.7795508,1.713026,4.23298,4.91745,6.2699695,2.6286786
1986-12-27 12:00:00,1.5582047,1.9110779,3.7292988,5.6421576,5.172349,3.212214
1986-12-28 12:00:00,2.190053,2.0761118,4.746737,5.3512974,5.272935,3.3958135
1986-12-29 12:00:00,2.3079834,2.0418615,5.7997136,4.7421536,4.8807163,3.2463949
1986-12-30 12:00:00,1.1394045,1.3702525,4.267359,3.4079468,6.0237904,2.4605715
1986-12-31 12:00:00,3.1452398,2.4720733,5.5852466,4.4834228,4.4954495,3.7406695
1987-01-01 12:00:00,2.9500008,2.3906271,5.593859,4.0924115,3.5095334,4.6316953
1987-01-02 12:00:00,4.642768,3.4949973,6.3351407,6.233703,4.793722,5.0055413
1987-01-03 12:00:00,2.7576904,2.3209116,4.451482,6.510045,5.799277,3.196102
1987-01-04 12:00:00,1.9639156,1.9296972,4.4175158,5.5964923,5.6454787,2.5891087
1987-01-05 12:00:00,1.3554467,1.6894174,2.2089,4.845656,6.44463,1.8339596
1987-01-06 12:00:00,1.207071,1.4233404,3.5206325,4.333625,5.2128043,3.0329325
1987-01-07 12:00:00,1.3773859,1.6550095,5.176465,5.6574225,4.1906257,4.437252
1987-01-08 12:00:00,2.40859,2.349499,4.6029735,5.251774,4.3329725,3.6000257
1987-01-09 12:00:00,1.5956264,1.9262578,2.5621152,4.3937964,4.963134,1.8563763
1987-01-10 12:00:00,1.3626329,1.4676332,3.5845947,2.982323,5.9345794,2.6870098
1987-01-11 12:00:00,1.2004498,1.4622949,4.3890843,6.8473263,7.6844397,4.1531944
1987-01-12 12:00:00,2.091391,3.0127587,3.6028345,6.286069,8.89345,2.2499866
1987-01-13 12:00:00,1.8346167,2.2638102,3.034443,6.824139,7.076659,2.511399
1987-01-14 12:00:00,1.7344302,2.192668,3.1934295,7.3625045,7.267505,2.4363806
1987-01-15 12:00:00,1.9937689,2.1637971,4.480456,8.49281,6.548662,4.2276077
1987-01-16 12:00:00,1.5102065,1.8988708,4.565652,4.674932,5.947112,3.340597
1987-01-17 12:00:00,2.0538962,2.1968265,5.8059196,6.7080693,4.3116007,3.907381
1987-01-18 12:00:00,1.2411566,1.3812996,5.3475084,3.8327515,3.3233058,2.9965498
1987-01-19 12:00:00,1.8423105,1.9254,7.548512,6.577664,4.2173505,4.966363
1987-01-20 12:00:00,1.1995215,1.4005789,3.0478208,5.112964,4.330377,2.3095677
1987-01-21 12:00:00,2.034924,1.6655351,4.1455884,3.5303833,3.8084166,2.4048529
1987-01-22 12:00:00,0.98792464,1.0741322,2.5430152,4.3098836,3.7894678,2.5075526
1987-01-23 12:00:00,0.9395072,1.0079677,2.6956697,3.6929548,3.3095677,1.6877775
1987-01-24 12:00:00,2.6711872,2.0542285,4.924945,3.772842,3.155855,2.6491084
1987-01-25 12:00:00,3.053617,2.3575778,2.8988614,2.910353,3.5012305,2.153557
1987-01-26 12:00:00,1.586107,1.3413111,3.327051,3.142949,3.6154041,2.5680194
1987-01-27 12:00:00,1.0008476,1.4766563,5.812,7.025022,5.897145,5.591171
1987-01-28 12:00:00,2.4103749,2.5150762,4.793472,7.1035495,8.1952715,3.609601
1987-01-29 12:00:00,1.3513709,1.346188,2.509042,5.309408,7.063499,1.8515692
1987-01-30 12:00:00,2.614437,2.0270436,3.7122211,2.647199,6.1313663,2.5098493
1987-01-31 12:00:00,2.7248995,2.0145066,3.1213918,4.74714,8.02964,2.4579866
1987-02-01 12:00:00,1.7670783,1.7985489,4.107342,7.291087,8.670438,4.1449575
1987-02-02 12:00:00,2.023826,1.7321864,4.377052,6.3534045,7.199848,3.702793
1987-02-03 12:00:00,2.7906046,2.2584403,5.2936964,5.016607,7.736448,2.7781832
1987-02-04 12:00:00,1.8430082,1.5112926,2.6463733,4.6600027,7.1604114,1.9047843
1987-02-05 12:00:00,1.882538,1.4669528,2.3245049,3.0651088,4.064166,1.7326045
1987-02-06 12:00:00,1.7452013,1.3817012,2.6378005,2.330946,2.7718089,1.5808041
1987-02-07 12:00:00,1.43179,1.2396564,2.8960862,2.5496325,3.2998397,2.0520356
1987-02-08 12:00:00,1.4522703,1.3042438,5.695794,5.1485176,4.3540983,3.7697625
1987-02-09 12:00:00,2.7320771,2.4884338,7.0932975,7.119735,6.205468,4.9475646
1987-02-10 12:00:00,2.8685641,2.6559598,6.626647,6.387786,7.8395557,4.3334804
1987-02-11 12:00:00,2.900413,2.1306803,4.075601,4.9019938,6.9302645,2.5879843
1987-02-12 12:00:00,1.7334796,1.2927125,3.014324,5.309198,7.3591385,2.9990985
1987-02-13 12:00:00,1.0541317,1.0968231,4.259347,6.285687,8.031236,4.448504
1987-02-14 12:00:00,1.4533498,1.5706104,4.392041,5.5502195,7.4596286,3.6306245
1987-02-15 12:00:00,1.2035859,1.1794046,2.968592,5.119286,5.7937574,3.202686
1987-02-16 12:00:00,3.0598533,2.538604,5.500468,6.06627,7.429445,4.218479
1987-02-17 12:00:00,1.6712909,1.4569287,3.1363807,4.8265514,6.0025663,3.1229496
1987-02-18 12:00:00,1.9399922,1.614641,2.4578395,2.217828,6.917164,1.4759467
1987-02-19 12:00:00,0.8428469,1.094571,2.076732,4.260514,9.263111,1.3795127
1987-02-20 12:00:00,2.0652418,2.1271122,3.3102708,4.7027526,6.0689087,2.3558838
1987-02-21 12:00:00,1.560699,1.750586,3.4822342,5.349605,4.85888,2.743143
1987-02-22 12:00:00,1.9883814,2.1074672,6.694048,5.588601,4.246254,4.3249903
1987-02-23 12:00:00,4.357029,3.5798833,5.8866425,4.5355105,4.220674,3.374714
1987-02-24 12:00:00,2.1349406,1.8328298,3.0414493,3.4999254,3.7718744,1.7913611
1987-02-25 12:00:00,1.1890402,1.2468228,2.106336,2.9527996,3.635896,1.7138938
1987-02-26 12:00:00,0.7552906,0.9996202,2.1475592,4.594229,3.9588022,2.3163939
1987-02-27 12:00:00,1.3120406,1.9308972,4.624989,6.8140073,4.912583,4.3595357
1987-02-28 12:00:00,3.5628276,3.0774093,6.283655,5.810569,4.1565766,4.576562
1987-03-01 12:00:00,3.3699331,2.9121573,4.2111807,4.9821043,3.3527794,3.6517203
1987-03-02 12:00:00,3.4272213,3.0641592,5.339457,6.0515714,4.219297,3.9566805
1987-03-03 12:00:00,3.7626734,3.3156285,6.093059,5.641096,3.5288208,4.880747
1987-03-04 12:00:00,3.6731372,2.9583907,4.5303645,3.382448,3.524517,3.0802515
1987-03-05 12:00:00,2.940968,2.5431871,4.5369506,6.61873,5.222422,4.240197
1987-03-06 12:00:00,4.6598544,3.8514068,5.9077654,8.11985,5.8710394,4.902995
1987-03-07 12:00:00,2.0605385,1.8365725,3.123753,4.335344,5.223471,3.1002994
1987-03-08 12:00:00,0.85806423,1.0629992,3.466734,2.796035,4.9707055,2.4118903
1987-03-09 12:00:00,3.1019492,2.839644,5.721104,6.1266003,5.527129,4.6431494
1987-03-10 12:00:00,2.6525695,2.3756192,4.570297,4.781933,5.026738,3.6470594
1987-03-11 12:00:00,2.1486745,1.8030726,5.0656524,3.9438906,6.3948264,3.681164
1987-03-12 12:00:00,3.526212,2.3773818,5.4359202,3.2931223,6.0772395,3.12353
1987-03-13 12:00:00,2.7304263,2.1288793,3.8328986,3.808394,5.4087496,2.8247023
1987-03-14 12:00:00,1.8187854,1.4470506,3.7952912,3.0053713,4.528683,2.6800988
1987-03-15 12:00:00,2.0509648,1.40021,2.2113616,3.5810597,4.2824016,1.8187454
1987-03-16 12:00:00,2.4550314,1.9943339,5.2957087,3.6006389,3.9120963,2.632514
1987-03-17 12:00:00,2.8072615,2.211758,4.800973,3.86448,3.2691872,2.4009352
1987-03-18 12:00:00,3.0483646,2.4606838,4.5497556,4.4098234,4.211235,2.382703
1987-03-19 12:00:00,2.9848762,2.5967188,4.2753344,3.778298,4.1190743,2.8915374
1987-03-20 12:00:00,1.8301703,2.088448,5.1983705,4.2218733,3.5519173,4.111291
1987-03-21 12:00:00,2.0385156,1.9503134,4.202674,4.686258,4.7372103,4.238962
1987-03-22 12:00:00,3.0678596,2.9304214,5.2927375,5.909827,6.2688284,4.7948976
1987-03-23 12:00:00,3.7958488,3.0029247,4.3578844,3.8608494,7.1076627,2.5750852
1987-03-24 12:00:00,2.560116,2.3053696,4.2357497,5.40864,7.7078214,4.261284
1987-03-25 12:00:00,2.0680866,2.1875947,3.8218768,6.065624,8.871243,3.1931083
1987-03-26 12:00:00,0.89308167,0.9735289,3.5890522,2.429934,6.3296013,2.300821
1987-03-27 12:00:00,0.9026478,1.0512931,3.56124,2.2111652,3.336932,2.3088357
1987-03-28 12:00:00,0.84829736,0.9211536,1.8860117,1.7829734,4.063283,1.485118
1987-03-29 12:00:00,0.9926482,0.93525374,1.5477555,1.5430707,4.1986423,1.21461
1987-03-30 12:00:00,1.984061,1.9820536,4.142232,4.8880525,5.885396,4.1619577
1987-03-31 12:00:00,2.678608,2.4697099,2.7955809,6.465589,4.838723,2.3863504
1987-04-01 12:00:00,2.0290642,1.9420234,3.977575,4.698684,4.423127,3.9871233
1987-04-02 12:00:00,2.4138346,2.1504312,3.5996718,3.9175866,8.566832,3.6774762
1987-04-03 12:00:00,2.285672,2.300259,3.3089895,4.999992,5.167995,4.061825
1987-04-04 12:00:00,2.2592463,2.2134726,2.2489643,5.6957436,6.4992347,1.770356
1987-04-05 12:00:00,1.7559764,1.8363537,2.278747,5.1703415,6.237767,2.3093483
1987-04-06 12:00:00,1.8614547,1.57062,1.7886841,2.6498468,4.010665,1.1672322
1987-04-07 12:00:00,1.9608648,1.9393595,2.2182071,4.472165,5.2138486,2.2394776
1987-04-08 12:00:00,3.3547854,3.1340363,4.604938,5.5144877,4.406161,3.6504545
1987-04-09 12:00:00,3.3024871,3.1665924,3.960475,4.2291975,5.1138186,3.0890167
1987-04-10 12:00:00,2.8690782,2.9369102,4.0971675,5.205602,3.096225,2.7304592
1987-04-11 12:00:00,1.9431753,2.0331056,3.878443,3.0852065,3.0810978,2.07298
1987-04-12 12:00:00,1.3768833,1.4686514,3.3421524,2.467388,3.7611892,2.200009
1987-04-13 12:00:00,2.5937824,2.1141996,3.6025815,3.4241412,6.4225454,2.7330353
1987-04-14 12:00:00,1.9186666,2.1631427,3.2493684,4.5494337,5.651368,2.0396588
1987-04-15 12:00:00,1.5949532,1.802225,2.9297602,3.7699249,5.2109046,2.0073376
1987-04-16 12:00:00,1.7937834,1.9371686,2.7439442,4.031725,5.186132,1.8782556
1987-04-17 12:00:00,2.0151799,1.9437042,4.578927,3.461496,3.3125577,2.28884
1987-04-18 12:00:00,1.8954477,1.569986,3.9336593,4.311013,2.7762752,1.9624797
1987-04-19 12:00:00,3.1310515,2.5620291,2.7138233,4.3038945,3.7735047,1.5108759
1987-04-20 12:00:00,2.1949754,1.9356712,3.6238565,4.1030145,4.140058,1.8763936
1987-04-21 12:00:00,3.1619985,2.7702417,4.0990224,4.1675267,3.1609085,2.513202
1987-04-22 12:00:00,2.3214328,2.3620143,2.9388585,4.0171537,5.592409,2.958133
1987-04-23 12:00:00,1.9655067,1.6340562,2.2044659,2.4655359,6.106328,1.6560345
1987-04-24 12:00:00,1.6026521,1.4185741,3.021089,3.1279142,5.4416127,2.0983348
1987-04-25 12:00:00,2.038079,1.993583,3.5169146,3.599849,4.231871,2.7424977
1987-04-26 12:00:00,3.390927,3.0871167,5.17739,3.474209,3.1571076,2.8470676
1987-04-27 12:00:00,2.9641545,2.7218938,5.502133,4.0610447,3.3350852,2.6638985
1987-04-28 12:00:00,3.1368258,2.5570595,6.071187,3.4297972,2.56043,2.7943795
1987-04-29 12:00:00,3.1095273,2.6655025,4.125348,4.1580744,2.869722,3.048289
1987-04-30 12:00:00,2.9917536,2.5864456,3.4497726,3.1988378,5.2285056,2.0068007
1987-05-01 12:00:00,1.8924369,1.5231297,4.0081944,3.4656954,5.086396,3.4937568
1987-05-02 12:00:00,2.2554758,1.891237,3.11903,4.785461,4.5931787,2.606303
1987-05-03 12:00:00,1.8378808,1.8778197,2.8849916,4.3457813,6.2899213,1.9472054
1987-05-04 12:00:00,2.0116758,1.756046,3.2923648,4.964562,3.9917302,1.5298568
1987-05-05 12:00:00,1.904591,1.8873285,2.8242533,4.327312,3.1034997,1.8471594
1987-05-06 12:00:00,2.5649722,2.5026386,4.7224646,4.6735973,2.6864996,3.0534415
1987-05-07 12:00:00,2.1593015,1.8422111,3.5697515,3.8239198,3.2235916,3.1670341
1987-05-08 12:00:00,2.541109,2.2011669,4.6314006,5.477326,5.6843796,3.6259325
1987-05-09 12:00:00,1.4889176,1.8304298,5.3482513,2.3985422,3.9988394,3.2589576
1987-05-10 12:00:00,1.8877828,1.7850378,5.1126394,2.665361,2.9530816,2.308147
1987-05-11 12:00:00,2.3876977,1.9597507,5.9773755,2.4508555,3.7527094,2.803845
1987-05-12 12:00:00,2.604996,2.2077765,4.990396,2.1204367,3.019604,2.0983212
1987-05-13 12:00:00,2.6124568,2.0723002,3.900685,2.0044665,2.5828247,1.8322793
1987-05-14 12:00:00,1.3012499,1.1297128,2.1582637,3.504587,3.073289,1.3154925
1987-05-15 12:00:00,1.7634172,2.1644993,3.2420862,4.497495,5.2857165,3.0558631
1987-05-16 12:00:00,2.1074917,1.9401673,4.602613,3.463269,5.526825,3.9536183
1987-05-17 12:00:00,2.268527,2.4711618,4.334463,4.060545,3.0204358,3.806501
1987-05-18 12:00:00,3.4840076,3.0980597,3.722418,3.6603575,3.128266,3.3848379
1987-05-19 12:00:00,1.665592,1.4892043,2.4169867,1.6589746,3.0488062,1.5467612
1987-05-20 12:00:00,2.0075326,1.6853544,2.781123,2.9607463,2.472868,3.1844594
1987-05-21 12:00:00,1.9242525,1.5581754,2.2524467,3.60423,3.9586794,2.1509297
1987-05-22 12:00:00,1.0371001,1.1797152,2.4179857,2.6539676,3.214951,1.6530619
1987-05-23 12:00:00,1.5600319,1.3290509,2.6661613,1.6704743,3.9506116,1.4863743
1987-05-24 12:00:00,1.3393362,1.2993988,2.8955176,2.0866613,4.5578504,1.6085566
1987-05-25 12:00:00,1.487262,1.3697238,3.078454,2.3489435,3.9991775,1.5105578
1987-05-26 12:00:00,1.2593124,1.2029217,2.8344495,2.0417957,4.5906253,1.538549
1987-05-27 12:00:00,1.010318,0.9755829,2.568732,2.5417395,2.9908478,1.4354533
1987-05-28 12:00:00,1.5006387,1.340598,1.9392943,4.5141683,5.1522665,1.5013463
1987-05-29 12:00:00,1.9892969,1.6104158,2.4810832,5.6252155,5.157012,1.7190114
1987-05-30 12:00:00,1.7735174,1.4649192,2.794715,4.5158896,3.308344,1.2207401
1987-05-31 12:00:00,1.2860162,1.1869892,2.0204852,3.300579,2.7455955,1.2745719
1987-06-01 12:00:00,1.2666326,1.1973183,1.7520193,2.1450398,2.8351333,1.3551278
1987-06-02 12:00:00,1.9550419,1.8674866,3.2642546,2.281307,2.9481902,1.6175495
1987-06-03 12:00:00,2.8593302,2.7546837,4.617077,3.74893,2.7647452,2.3721247
1987-06-04 12:00:00,1.6802982,1.4406998,3.2770174,3.2240002,2.5994537,1.8668131
1987-06-05 12:00:00,1.1470978,1.4249927,4.250993,2.5425525,2.4959655,2.5096593
1987-06-06 12:00:00,1.9600555,2.08626,2.6349654,4.0168858,3.495727,1.659647
1987-06-07 12:00:00,1.3720796,1.2105362,2.2056417,2.1509535,3.7017577,1.5103946
1987-06-08 12:00:00,1.6864052,1.4191775,2.2160852,2.4111428,3.458843,1.6116972
1987-06-09 12:00:00,1.6568592,1.726955,2.2120304,2.702074,2.5915048,1.3209081
1987-06-10 12:00:00,1.7934703,1.6255186,3.581947,2.7153363,2.1809628,1.6545808
1987-06-11 12:00:00,1.3907273,1.2414669,3.2952116,1.7514633,2.3355598,1.4966668
1987-06-12 12:00:00,1.9708269,1.6663649,2.668509,2.2254298,2.4593616,1.7852069
1987-06-13 12:00:00,1.5269368,1.4787881,2.3659809,2.7312975,2.1992006,1.5721819
1987-06-14 12:00:00,1.3851392,1.4505411,2.7797236,2.512305,2.4400108,1.8964294
1987-06-15 12:00:00,1.2345915,1.1847711,2.3397987,2.600124,3.6238241,1.7193629
1987-06-16 12:00:00,1.9900565,1.9568644,2.9581087,4.240962,4.2590513,2.3477385
1987-06-17 12:00:00,2.3451571,2.063629,4.0058174,3.8315895,4.756822,2.4137104
1987-06-18 12:00:00,2.7571707,2.272282,3.9815917,3.009029,3.6765807,3.1225271
1987-06-19 12:00:00,1.2759905,1.3208002,3.3230026,2.8238819,4.6290894,2.161219
1987-06-20 12:00:00,2.537379,2.5809498,3.8591905,5.1570263,4.6390495,2.9163218
1987-06-21 12:00:00,1.0979613,1.4536132,3.389388,3.6765513,5.14558,2.297062
1987-06-22 12:00:00,2.6896386,2.0634186,3.0700152,4.310093,5.052436,1.7724462
1987-06-23 12:00:00,1.8217791,1.68154,4.745261,3.2253103,4.2723055,3.3334284
1987-06-24 12:00:00,2.5583034,1.8587108,4.055868,2.8852692,2.888817,3.3008134
1987-06-25 12:00:00,1.4206161,1.2409927,2.6903865,2.0568383,2.912356,2.299754
1987-06-26 12:00:00,1.8489118,1.8249391,4.505866,2.8483732,3.0161614,2.4035175
1987-06-27 12:00:00,2.7590623,2.1355846,3.8060894,3.2090068,3.0596132,2.9356554
1987-06-28 12:00:00,2.5971518,2.167863,3.2597804,2.9492683,2.7331004,2.2833304
1987-06-29 12:00:00,1.4224868,1.3760203,3.067434,2.803966,2.2966695,1.7305554
1987-06-30 12:00:00,1.8076193,1.7871743,2.64641,2.7925045,2.3985171,1.8617319
1987-07-01 12:00:00,1.6423025,1.4488186,2.530018,2.2739904,3.1765306,1.2144986
1987-07-02 12:00:00,3.005669,2.1082456,3.2165797,1.9540466,2.675435,1.3146887
1987-07-03 12:00:00,2.5346427,1.731328,2.7849193,3.2736897,3.512064,1.4450113
1987-07-04 12:00:00,1.5118455,1.4158459,3.9680746,3.614083,3.2893686,2.4931679
1987-07-05 12:00:00,2.053609,1.9190693,3.2759209,4.5667343,2.7356443,1.8196642
1987-07-06 12:00:00,1.9304128,1.9313663,2.3243673,5.177954,3.680046,1.430379
1987-07-07 12:00:00,2.5391665,1.9548674,4.411776,2.7853463,3.6035292,2.145052
1987-07-08 12:00:00,2.504521,1.7543273,2.8599684,2.4629312,2.5592158,1.6500751
1987-07-09 12:00:00,1.4668134,1.1605119,2.4617054,2.1218307,2.8632488,1.5084143
1987-07-10 12:00:00,3.3516064,2.8245785,4.824526,3.3888624,5.0757904,2.3014991
1987-07-11 12:00:00,3.363741,3.112923,3.5056722,4.36288,4.0581875,2.6946287
1987-07-12 12:00:00,3.0371242,2.4527135,3.8738832,2.698696,2.3015327,2.2460237
1987-07-13 12:00:00,2.7591298,2.447873,5.5189238,2.5581152,2.7543943,2.5808742
1987-07-14 12:00:00,2.2609477,2.0520046,3.6125464,3.205569,4.0788817,1.8672906
1987-07-15 12:00:00,2.078874,1.9167876,3.5327847,3.351089,2.884972,1.883417
1987-07-16 12:00:00,3.39146,2.914533,4.4773154,3.6693964,3.5945914,2.7015939
1987-07-17 12:00:00,1.0217856,1.036895,1.920245,4.0937138,5.969882,1.7146463
1987-07-18 12:00:00,1.5445685,1.4755274,1.8847952,2.9833586,3.8948588,1.354679
1987-07-19 12:00:00,1.7094399,1.4063215,3.3862169,2.9888275,4.6658854,1.6738299
1987-07-20 12:00:00,1.6235359,1.7225786,4.8016405,3.2113004,3.3153245,2.6708477
1987-07-21 12:00:00,1.6553035,1.7418798,3.229701,2.9287777,3.1263688,2.285659
1987-07-22 12:00:00,1.3332183,1.2847799,2.9678447,2.4433007,2.7047417,1.6064872
1987-07-23 12:00:00,0.9975151,1.0834894,2.8511004,3.920533,3.3019087,2.278061
1987-07-24 12:00:00,1.0011358,1.1584226,2.5252757,3.9364774,3.5249038,2.4150443
1987-07-25 12:00:00,2.1486897,1.7103624,4.2053375,3.0064666,3.5259392,3.8108997
1987-07-26 12:00:00,2.5220098,2.1533296,4.3473334,3.0262554,2.7322452,3.7018995
1987-07-27 12:00:00,2.0393574,1.6843128,4.3970175,2.6296835,4.1902976,2.5035658
1987-07-28 12:00:00,1.4388213,1.361533,4.914876,2.354526,3.9898093,2.9923198
1987-07-29 12:00:00,1.7183993,1.8379169,4.5981717,3.6112182,2.9395719,3.0280125
1987-07-30 12:00:00,1.4798195,1.2357272,2.4587603,2.9108312,2.937631,1.3430462
1987-07-31 12:00:00,0.94193125,0.9023196,3.0727804,2.36648,4.273321,2.301594
1987-08-01 12:00:00,1.7343752,1.3671745,2.8259964,1.8106987,5.9844127,1.2888123
1987-08-02 12:00:00,1.2079935,1.0892314,2.38774,2.3185637,4.6160145,1.4671748
1987-08-03 12:00:00,1.4479127,1.2306511,3.2295628,3.7151296,3.4310884,1.5184443
1987-08-04 12:00:00,1.3316457,1.1174647,2.07183,2.626548,4.3646603,1.2314053
1987-08-05 12:00:00,1.1328642,1.1231903,1.7139934,1.871765,5.351899,1.1358273
1987-08-06 12:00:00,0.92460304,0.8992842,2.0584002,2.1966484,4.0082173,1.284503
1987-08-07 12:00:00,1.3310273,1.128141,2.3747416,2.5896199,2.450141,1.6485587
1987-08-08 12:00:00,2.525176,2.1354504,2.8743536,3.4481673,2.16953,2.2707033
1987-08-09 12:00:00,3.5635056,3.0752392,3.466883,4.127657,2.026938,2.292274
1987-08-10 12:00:00,2.4463062,1.9842243,2.255566,4.0079126,2.5075274,1.4551549
1987-08-11 12:00:00,3.1012778,2.1761103,3.7429945,3.901244,2.6145995,1.6917654
1987-08-12 12:00:00,1.455137,1.1112583,2.767072,2.5267289,2.4678605,1.3710898
1987-08-13 12:00:00,1.0486897,0.99419504,2.5263748,1.9576626,3.8445265,1.540267
1987-08-14 12:00:00,0.76003766,0.87070453,2.0315232,1.9836483,3.8737166,1.4487933
1987-08-15 12:00:00,0.81102014,0.833893,1.7018782,2.0164003,3.5658607,1.1589671
1987-08-16 12:00:00,0.8493775,0.8405983,2.0655513,2.4110353,4.840905,1.3973455
1987-08-17 12:00:00,0.69961,0.77530575,2.149611,1.9898285,2.4695036,1.5400109
1987-08-18 12:00:00,0.91393983,0.8989872,1.9561254,1.7059026,2.0249119,1.2385653
1987-08-19 12:00:00,1.0030127,0.8956156,2.2933445,2.318324,2.335984,1.3056322
1987-08-20 12:00:00,1.3792635,1.1311392,3.7585666,3.1262436,2.105671,1.4599721
1987-08-21 12:00:00,0.9985856,1.013159,2.6616013,3.1858435,2.2263858,1.4953262
1987-08-22 12:00:00,2.4056268,1.8110677,3.0528774,2.91819,3.0891097,1.4239954
1987-08-23 12:00:00,3.4640145,2.1414442,3.511927,1.9207021,3.2091422,2.3033469
1987-08-24 12:00:00,1.9778512,1.6356481,4.1100497,2.4157236,3.034181,2.0496602
1987-08-25 12:00:00,3.6074052,2.679889,4.6777124,3.5094044,4.027519,3.1356082
1987-08-26 12:00:00,2.993493,2.3373544,4.3374763,3.2546499,3.8573806,2.8552375
1987-08-27 12:00:00,2.674024,2.377711,3.3824718,3.6977355,4.19512,1.7235953
1987-08-28 12:00:00,1.8319656,1.545419,2.243677,3.0090044,3.6547475,1.3058511
1987-08-29 12:00:00,3.2281423,2.5824122,3.5630114,3.1873405,3.0955753,2.5081322
1987-08-30 12:00:00,4.398162,3.2273371,2.8716497,3.8468256,2.5172312,2.5282335
1987-08-31 12:00:00,1.1659353,1.1847697,1.9435396,2.9871955,3.0480804,1.7000525
1987-09-01 12:00:00,0.9620892,1.0154123,1.9917507,1.8836131,1.8262192,1.7380167
1987-09-02 12:00:00,0.670436,0.77718794,1.8011346,2.0776885,1.8793832,1.7932019
1987-09-03 12:00:00,0.6832856,0.90405697,2.1341264,2.7874389,3.0475469,2.456013
1987-09-04 12:00:00,1.0345947,1.2558717,2.91663,3.4442768,4.2574773,2.68912
1987-09-05 12:00:00,2.4001389,2.1733706,4.4358234,5.1655407,4.866549,3.4747128
1987-09-06 12:00:00,3.285853,2.821932,6.6401215,5.6893497,3.300635,4.5685105
1987-09-07 12:00:00,3.266695,3.0335798,6.640138,6.0160756,5.6912704,4.612128
1987-09-08 12:00:00,3.30619,2.8874722,4.348015,3.906282,3.3740833,3.114988
1987-09-09 12:00:00,2.0990465,1.8431969,3.28971,3.1207998,3.1097074,2.554664
1987-09-10 12:00:00,3.119936,2.8962939,4.0564103,3.733388,3.4072316,2.6114352
1987-09-11 12:00:00,1.1761038,1.3636467,1.8337885,3.585635,3.5548697,1.5110167
1987-09-12 12:00:00,0.9662683,1.2299498,1.800123,3.535614,3.3432162,1.1494318
1987-09-13 12:00:00,0.9338515,1.3175054,2.5413363,3.9487154,2.7624032,1.5154877
1987-09-14 12:00:00,1.1358893,1.6245694,3.0994666,4.1394334,2.362472,2.142992
1987-09-15 12:00:00,1.1946347,1.1964531,2.6275477,2.6378257,1.9761955,2.3232095
1987-09-16 12:00:00,0.86752933,1.0657287,1.6941708,2.4680295,3.140449,1.8276167
1987-09-17 12:00:00,1.3486041,1.2922853,2.2950094,3.2734318,3.540839,1.6115829
1987-09-18 12:00:00,1.9359608,1.6372311,2.3682902,3.9013922,3.6356122,1.9196986
1987-09-19 12:00:00,2.2514186,1.6785249,3.547471,3.2986047,3.3388731,1.9522585
1987-09-20 12:00:00,1.9993331,1.4184922,3.6183786,2.2740335,2.9532611,1.8352141
1987-09-21 12:00:00,3.3527565,2.5224051,5.739484,2.3716264,3.783103,2.2355518
1987-09-22 12:00:00,3.4987793,2.7670403,3.3752005,3.9421344,4.0255294,1.5070109
1987-09-23 12:00:00,2.1538658,1.9573939,2.720402,3.4981441,4.5352654,2.2895732
1987-09-24 12:00:00,1.6639988,1.3466916,2.713109,2.0379694,4.9948716,2.1764412
1987-09-25 12:00:00,0.8031448,0.89251447,2.1570535,2.2513907,4.223515,2.179179
1987-09-26 12:00:00,1.5051899,1.3356007,1.874887,2.528052,3.6344454,1.2936158
1987-09-27 12:00:00,2.6876435,1.9163686,2.80986,2.9624462,2.8651385,1.6688455
1987-09-28 12:00:00,1.4998847,1.1545628,2.6690178,3.5714178,3.565431,2.226418
1987-09-29 12:00:00,0.9649471,0.85516423,2.3765435,1.8940098,2.7669673,1.5008516
1987-09-30 12:00:00,2.3402898,1.9953885,3.8628445,3.6945572,2.7842298,2.9370334
1987-10-01 12:00:00,2.3897371,1.9343969,4.362941,5.0865617,3.9107056,2.4880083
1987-10-02 12:00:00,3.8222022,3.1484132,5.045859,6.040503,4.449657,2.99583
1987-10-03 12:00:00,2.3577237,2.0409272,2.0634694,6.1068363,3.8839629,1.6620435
1987-10-04 12:00:00,1.1025202,1.3270478,2.756591,4.967035,3.5155385,1.5578663
1987-10-05 12:00:00,1.6454256,1.3864897,2.3936741,2.6713736,3.146152,1.8413007
1987-10-06 12:00:00,1.078173,1.1668046,3.867681,2.992522,3.3089209,2.8657815
1987-10-07 12:00:00,2.7948909,2.5044372,5.3477373,4.444346,4.555581,3.4115913
1987-10-08 12:00:00,2.5943818,2.2231724,4.113329,5.645305,5.0827327,3.3562813
1987-10-09 12:00:00,3.097025,2.9365578,5.6517715,5.4653926,5.014901,4.7505507
1987-10-10 12:00:00,1.7608778,1.9120415,3.7087462,5.542642,6.5885963,3.7629137
1987-10-11 12:00:00,2.2664592,1.8006945,2.8109584,2.5355039,5.069277,1.6338214
1987-10-12 12:00:00,2.6225414,2.461329,3.8847368,3.639798,3.8591545,2.4988801
1987-10-13 12:00:00,2.2176995,2.2221942,4.8631377,4.709739,5.306947,4.025265
1987-10-14 12:00:00,3.0178514,2.5885797,4.4452763,5.085805,5.2029696,4.202211
1987-10-15 12:00:00,1.6587665,1.8647819,3.5975735,5.1006265,4.876559,4.0535417
1987-10-16 12:00:00,0.8106977,1.0926071,2.2249157,4.5167947,5.0812273,2.436169
1987-10-17 12:00:00,0.85308504,0.99461573,2.3465662,4.836002,4.841304,1.6565257
1987-10-18 12:00:00,1.7716252,1.8722676,3.6406538,5.601394,5.36777,2.6375985
1987-10-19 12:00:00,2.7279222,2.6874163,3.270205,4.4171476,6.212866,2.1857219
1987-10-20 12:00:00,1.998241,1.6657118,2.971439,3.3774076,5.325296,2.2289093
1987-10-21 12:00:00,1.276144,1.5279096,4.580251,4.126786,6.2884774,3.8824942
1987-10-22 12:00:00,1.2366419,1.1038737,4.116615,2.738576,4.37244,1.4451925
1987-10-23 12:00:00,1.687066,1.3398762,3.5005376,3.3453,3.2084048,1.8967005
1987-10-24 12:00:00,3.7914722,2.9573684,4.6638403,4.044324,3.0502079,2.0636604
1987-10-25 12:00:00,2.167552,1.665076,3.0147352,3.4483266,3.45562,1.3106439
1987-10-26 12:00:00,1.6851447,1.6045552,3.0032399,3.2580085,3.602403,1.8358856
1987-10-27 12:00:00,1.2249963,1.151361,3.4644325,2.7415445,4.4330144,2.790051
1987-10-28 12:00:00,1.5655105,1.4467524,4.03465,2.4193048,4.186819,2.3585935
1987-10-29 12:00:00,1.618585,1.4992263,2.19274,5.977843,5.029662,2.5106864
1987-10-30 12:00:00,3.2268348,2.5655038,5.474516,4.865978,7.702978,3.9906247
1987-10-31 12:00:00,2.8119295,2.364531,3.6828477,3.3474429,6.2787023,2.0714226
1987-11-01 12:00:00,1.4188738,1.5815358,2.9412458,4.273118,5.2812967,1.8273871
1987-11-02 12:00:00,1.880676,1.8213192,3.073018,4.11259,5.1184115,2.5211062
1987-11-03 12:00:00,1.2154894,1.358202,2.7399983,3.7486856,3.8766172,2.1598473
1987-11-04 12:00:00,2.026702,2.5538874,6.2429857,7.0762253,4.5338144,4.9547744
1987-11-05 12:00:00,1.7872822,2.3460872,5.039758,6.63092,3.7695417,3.876447
1987-11-06 12:00:00,1.6229911,2.4107795,4.9296465,4.8529773,5.8296638,3.5532174
1987-11-07 12:00:00,0.8181063,1.0810951,2.2076104,2.9386227,5.3329296,1.590555
1987-11-08 12:00:00,1.4645517,1.2209177,2.753717,2.5879772,4.6287646,1.4998763
1987-11-09 12:00:00,1.1726608,1.081888,3.1094189,3.0725381,4.2249727,1.789099
1987-11-10 12:00:00,2.2567554,1.964072,5.5157104,3.7813084,4.304883,2.9251788
1987-11-11 12:00:00,2.0310364,2.1259823,4.267627,5.0844107,3.5535467,4.082726
1987-11-12 12:00:00,1.7452302,1.4467427,3.3673487,4.808909,4.045099,1.9326445
1987-11-13 12:00:00,1.955237,1.9508835,3.589887,5.838653,3.0917633,2.4377825
1987-11-14 12:00:00,1.1918551,1.5335827,3.4924588,5.790096,3.8472028,3.117235
1987-11-15 12:00:00,3.189542,2.5905547,3.692959,2.461324,3.397954,2.5519953
1987-11-16 12:00:00,1.2083926,1.0953798,2.1573899,2.9648533,3.5063334,1.5414747
1987-11-17 12:00:00,0.7275466,1.0175736,2.2344573,3.6170719,3.4120963,1.347301
1987-11-18 12:00:00,1.7202216,1.4536622,5.0740447,3.344759,5.498554,2.3004446
1987-11-19 12:00:00,1.7299119,1.5168738,5.1626325,4.4611945,5.357359,2.6169858
1987-11-20 12:00:00,1.8778986,1.7868645,3.8946693,2.9898438,3.1397557,2.8860452
1987-11-21 12:00:00,2.4561515,1.7487024,3.9456909,2.838648,3.246812,2.7719176
1987-11-22 12:00:00,4.007827,2.81821,4.7052903,2.2782834,3.4889479,2.7074273
1987-11-23 12:00:00,1.7788826,1.781182,3.5738158,2.653958,3.8134558,2.1707027
1987-11-24 12:00:00,1.2533934,1.3452282,4.3270698,4.267182,3.9509864,3.4995964
1987-11-25 12:00:00,2.1583061,1.6420976,4.439128,5.458041,4.5383935,3.1051078
1987-11-26 12:00:00,1.8030832,1.6785094,4.2542033,4.1074414,4.0492253,3.1302774
1987-11-27 12:00:00,2.4267788,2.3924778,6.3476877,3.247364,3.9833684,4.4337635
1987-11-28 12:00:00,1.4332597,1.6231921,4.301243,3.8076694,3.6826878,3.2897587
1987-11-29 12:00:00,0.84394073,1.0894302,4.007194,3.7550774,3.695303,2.3756292
1987-11-30 12:00:00,0.9552219,1.0505158,4.9112506,3.9464512,4.2488575,3.3923283
1987-12-01 12:00:00,1.2801077,1.4260592,3.755569,4.3295503,4.3026314,2.7603123
1987-12-02 12:00:00,1.4025161,1.3134003,4.9435444,4.531816,5.0668626,3.2982783
1987-12-03 12:00:00,2.5880518,1.9937487,6.0496116,3.310454,5.3961473,2.2377753
1987-12-04 12:00:00,4.2660923,3.692162,6.846402,4.662272,5.390855,4.9527593
1987-12-05 12:00:00,2.8840322,2.4521842,6.3085284,5.579388,4.489826,4.2393622
1987-12-06 12:00:00,4.0701504,3.218806,7.4845624,7.1029367,3.688243,5.7570276
1987-12-07 12:00:00,3.1862514,2.994413,5.64505,5.126135,4.448916,5.251641
1987-12-08 12:00:00,2.2048979,1.9780232,2.84933,5.483515,4.927605,2.4632578
1987-12-09 12:00:00,2.6769083,2.4532087,5.0987988,7.4486856,4.4305377,5.008369
1987-12-10 12:00:00,3.3687005,2.858656,7.286277,7.9382195,5.365484,5.333113
1987-12-11 12:00:00,3.086092,2.4911692,7.4051476,6.885705,4.186543,5.191958
1987-12-12 12:00:00,1.719455,1.6153071,5.7020316,5.648739,4.582055,3.3365934
1987-12-13 12:00:00,0.8001498,1.2159632,3.8495755,5.361484,4.100534,3.3893867
1987-12-14 12:00:00,1.844713,1.7739865,5.793181,4.365312,3.8339152,4.0553226
1987-12-15 12:00:00,1.6943024,1.6329241,3.019331,4.55177,5.670977,2.0669663
1987-12-16 12:00:00,3.250152,2.8520854,6.383281,2.8643897,6.394141,3.292129
1987-12-17 12:00:00,2.789678,2.2720387,3.7688587,5.623756,5.168462,2.3600004
1987-12-18 12:00:00,2.0941172,2.777501,2.6179671,6.178581,4.7585697,2.439737
1987-12-19 12:00:00,2.4082525,1.9220853,5.277701,3.3803642,3.9334311,2.88637
1987-12-20 12:00:00,3.1100636,2.1067426,6.001059,3.4052224,3.096072,2.7296863
1987-12-21 12:00:00,1.524156,1.5342069,3.695358,4.8930535,3.685207,2.8399699
1987-12-22 12:00:00,1.3602269,1.6025223,2.7555418,3.3662345,4.135167,1.856659
1987-12-23 12:00:00,0.9232806,1.2006551,2.4565315,3.2228591,3.7459989,2.0743263
1987-12-24 12:00:00,1.9261343,1.9261872,5.1240687,9.231332,7.7754717,5.1300464
1987-12-25 12:00:00,5.251815,4.14043,7.5479026,5.579803,5.9042087,4.271001
1987-12-26 12:00:00,2.1010025,1.8828547,4.4442067,4.3241467,5.479127,3.5288439
1987-12-27 12:00:00,2.7710814,2.6549807,5.325801,3.6266916,4.645531,3.6311018
1987-12-28 12:00:00,1.4193792,1.3677728,4.6415167,3.3125157,3.8755171,3.3661344
1987-12-29 12:00:00,1.4902384,1.6374376,3.5903056,2.7539546,4.2600393,2.5185738
1987-12-30 12:00:00,1.2493355,1.5289223,2.6462586,3.233135,6.17023,2.315269
1987-12-31 12:00:00,0.81829095,1.1736842,2.9322946,5.5848565,6.1711974,3.1261415
1988-01-01 12:00:00,1.389243,1.659154,4.136369,6.1060524,5.095146,3.5497112
1988-01-02 12:00:00,0.7559317,1.1088322,4.641001,3.5723565,3.8301034,3.7078521
1988-01-03 12:00:00,1.2459242,1.2257749,4.785098,4.981923,3.8602076,4.003536
1988-01-04 12:00:00,1.8520837,1.9221743,5.4133363,6.5537276,5.680268,4.8437476
1988-01-05 12:00:00,2.0530152,2.0741365,5.805851,6.5028486,5.7837186,5.3083477
1988-01-06 12:00:00,4.0148005,3.3855138,5.817179,4.7190495,5.3602853,4.532315
1988-01-07 12:00:00,3.5809627,3.0410233,6.5231614,6.792878,6.199577,5.295013
1988-01-08 12:00:00,2.5878806,2.116673,4.2067294,5.0179987,6.079238,3.9186118
1988-01-09 12:00:00,3.060804,2.5787823,6.5615816,5.494321,4.2322245,4.4802113
1988-01-10 12:00:00,4.5027328,3.5681646,7.2067795,6.7191906,6.1092863,4.7492824
1988-01-11 12:00:00,2.9220216,2.451372,5.332188,8.4383135,6.456943,4.7562675
1988-01-12 12:00:00,1.6371547,1.5865394,3.0497546,5.72879,4.262152,2.330191
1988-01-13 12:00:00,0.8480855,1.086439,3.5846713,3.3755863,3.7178838,3.098538
1988-01-14 12:00:00,1.8494079,1.7705792,4.0486665,3.3186269,3.256646,2.473988
1988-01-15 12:00:00,1.588026,1.5057052,3.1582785,2.9643779,5.2725964,1.8974969
1988-01-16 12:00:00,1.3862529,1.552235,3.2587974,3.288308,7.0890927,2.2320094
1988-01-17 12:00:00,1.0401238,1.1526891,4.9104514,3.639423,7.2515454,3.642994
1988-01-18 12:00:00,3.1507778,2.6371546,5.8515,6.309614,4.890125,4.6218677
1988-01-19 12:00:00,2.6886377,2.372971,3.2256033,4.9479575,4.12212,2.7898948
1988-01-20 12:00:00,2.598505,2.4119322,5.17412,5.254541,3.7510605,3.651422
1988-01-21 12:00:00,1.2801206,1.5318022,3.440736,4.1649523,4.0669417,2.5849733
1988-01-22 12:00:00,3.3558645,3.0601723,5.803575,5.550451,4.6476073,3.0495198
1988-01-23 12:00:00,3.1827035,2.403153,5.2964306,3.9408813,8.998368,2.6795485
1988-01-24 12:00:00,2.0402195,1.79654,4.447389,4.119369,5.085598,2.8977685
1988-01-25 12:00:00,4.2432613,2.8662982,4.7612934,3.3172784,2.7845833,2.303466
1988-01-26 12:00:00,5.0753965,3.3524282,4.7675905,3.7369173,3.9035313,2.3613265
1988-01-27 12:00:00,3.8764794,2.4472675,4.1167684,3.933443,3.6309667,2.2854307
1988-01-28 12:00:00,1.9667699,1.4835478,3.0072727,3.474221,3.2046654,2.0317435
1988-01-29 12:00:00,2.6061873,1.9841045,3.5541632,2.8435638,2.6022205,2.1296055
1988-01-30 12:00:00,1.8800899,1.835183,2.9411595,2.5443177,4.7694745,1.9978377
1988-01-31 12:00:00,1.6236584,1.7490036,2.8941247,3.035144,4.1147466,2.021702
1988-02-01 12:00:00,1.1607021,1.3510975,3.6184013,6.886318,4.53891,3.7810957
1988-02-02 12:00:00,5.865734,4.536859,8.813448,8.0823,8.595519,5.7649364
1988-02-03 12:00:00,1.7465817,1.7763159,6.0154004,6.1917853,8.73725,4.0781264
1988-02-04 12:00:00,1.913236,1.6271914,4.412578,4.812857,8.239682,3.0705297
1988-02-05 12:00:00,4.6139584,3.4025137,4.682039,4.1063633,6.078186,2.7573247
1988-02-06 12:00:00,1.1612718,1.3642902,3.7823312,4.831934,4.7979674,3.4415863
1988-02-07 12:00:00,3.4383216,2.6994011,6.354217,4.1337323,4.91092,4.190709
1988-02-08 12:00:00,1.899237,1.6270957,4.845841,2.961521,5.6398807,2.6621447
1988-02-09 12:00:00,1.7773601,1.4178848,2.9702916,2.2497947,4.4422097,1.6889986
1988-02-10 12:00:00,1.6020896,1.2369506,3.2868667,1.8736616,3.4190915,1.82935
1988-02-11 12:00:00,2.1265545,1.6417438,3.425139,2.8573794,3.4942737,2.4478567
1988-02-12 12:00:00,1.4779971,1.6805435,3.8915234,4.2492723,5.075115,2.6449134
1988-02-13 12:00:00,2.2364264,2.09835,5.396269,6.8874154,5.8816795,4.8256087
1988-02-14 12:00:00,3.8553548,3.0261815,7.129393,6.554867,6.05191,5.322741
1988-02-15 12:00:00,2.7772582,2.416323,6.2415633,5.20839,5.2762446,3.6416264
1988-02-16 12:00:00,2.2399929,2.4038062,4.376673,5.9508786,6.240669,3.3819766
1988-02-17 12:00:00,3.1682756,2.8534682,4.936976,6.0199895,5.311545,3.9478137
1988-02-18 12:00:00,2.8472357,2.448936,9.093105,4.609329,4.492318,5.4751706
1988-02-19 12:00:00,2.9448762,2.7523503,6.355524,6.150146,5.0034485,4.6846867
1988-02-20 12:00:00,4.0650797,3.2125149,8.433101,7.1149178,5.5501647,6.099792
1988-02-21 12:00:00,3.6169229,3.6192398,6.366965,7.1663656,4.868315,4.497271
1988-02-22 12:00:00,1.9909341,1.9394931,3.342553,5.5275493,7.079187,3.1413124
1988-02-23 12:00:00,4.319314,3.503939,6.5649867,7.062861,7.4470325,5.1572247
1988-02-24 12:00:00,4.808422,4.588467,7.7904577,9.654523,8.151968,6.284014
1988-02-25 12:00:00,1.6608316,1.7859312,2.8776195,5.036202,6.794561,2.9019785
1988-02-26 12:00:00,3.216063,2.764239,5.302713,6.337187,6.800787,4.4287987
1988-02-27 12:00:00,3.8643248,3.4746516,6.410298,6.8128657,8.993872,4.5778794
1988-02-28 12:00:00,2.8546438,2.0546596,6.0252347,5.2993164,8.5651865,3.2013104
1988-02-29 12:00:00,1.4373155,1.4264688,4.7908874,3.5925076,4.26842,3.0743873
1988-03-01 12:00:00,2.3293226,2.002887,5.068503,7.027191,3.9971397,4.5832067
1988-03-02 12:00:00,2.633236,2.7249155,6.993731,6.215522,5.553402,5.545601
1988-03-03 12:00:00,2.4122794,2.6614175,7.5478683,7.16033,6.9864817,5.7820826
1988-03-04 12:00:00,3.655178,3.547493,6.311029,7.051983,9.027283,4.747564
1988-03-05 12:00:00,3.5748992,3.1925735,7.322683,5.9633436,6.770364,3.7077336
1988-03-06 12:00:00,2.9901989,2.401089,5.8167977,5.101552,3.9569473,2.6839278
1988-03-07 12:00:00,2.436132,2.0073667,4.462814,5.2076445,4.5687933,2.4947917
1988-03-08 12:00:00,3.3520854,2.2179668,3.6534843,4.7855024,4.362838,2.380846
1988-03-09 12:00:00,2.0681698,1.3970875,2.5649753,3.7124443,3.7667265,1.757131
1988-03-10 12:00:00,1.3816364,1.1360878,2.1630864,3.344802,3.9310336,1.6783375
1988-03-11 12:00:00,2.5528736,1.9214439,3.4548419,2.7511108,3.7468607,2.0034726
1988-03-12 12:00:00,1.6845791,1.5951343,3.0140164,2.7029934,2.6227276,1.5489295
1988-03-13 12:00:00,1.206474,1.2479218,2.419155,4.6436896,3.8505192,1.4106503
1988-03-14 12:00:00,1.4615599,1.6770749,2.1757522,4.661304,4.3307137,1.8049288
1988-03-15 12:00:00,1.6653032,1.6142136,2.4999793,3.012151,4.3116207,1.8006119
1988-03-16 12:00:00,1.3383093,1.2714574,3.3914332,3.152817,3.7802782,3.2052546
1988-03-17 12:00:00,1.3811281,1.3326488,4.4146557,3.8861902,4.332736,3.4015818
1988-03-18 12:00:00,1.9437361,1.5136853,3.5050967,4.3906083,4.909182,2.317749
1988-03-19 12:00:00,2.8273547,2.129994,2.446817,2.2551115,4.738881,1.48969
1988-03-20 12:00:00,1.1887727,1.0968509,2.2668924,2.7828474,3.543672,2.3913386
1988-03-21 12:00:00,1.4209392,1.1720592,3.7729871,2.6297615,4.1982665,1.9174546
1988-03-22 12:00:00,1.716078,1.6130553,4.771241,4.5521965,3.8573084,3.7044935
1988-03-23 12:00:00,3.2592897,3.220129,5.2238345,7.333958,6.9140253,4.4421253
1988-03-24 12:00:00,2.235754,1.9424769,4.0736647,5.570949,7.9515452,3.4970968
1988-03-25 12:00:00,3.0010087,2.861904,4.6347103,4.928662,6.512606,4.2427025
1988-03-26 12:00:00,1.8212314,1.8681957,2.0789087,4.4314923,6.9818873,2.2155445
1988-03-27 12:00:00,1.6036694,1.2923152,2.1399374,3.514186,7.3050065,1.5716791
1988-03-28 12:00:00,2.7744994,2.5476081,4.400752,4.8097825,7.417717,2.9605336
1988-03-29 12:00:00,1.826669,1.5435566,3.4434624,4.9124403,6.5752063,2.9627469
1988-03-30 12:00:00,3.3465014,3.016527,6.2214537,5.2347946,5.178051,4.5431247
1988-03-31 12:00:00,4.1804266,3.819371,4.1736712,4.202173,5.975549,2.9715068
1988-04-01 12:00:00,1.9560881,1.754984,1.9774119,4.8703694,7.1348314,2.0021875
1988-04-02 12:00:00,1.74225,1.3103695,2.9341207,4.23198,6.408295,3.2267995
1988-04-03 12:00:00,1.4040956,1.3861215,2.7507927,3.9444354,5.9592266,2.1779592
1988-04-04 12:00:00,1.6749849,1.8841254,2.5480464,2.575249,6.6902757,2.174723
1988-04-05 12:00:00,2.0428746,2.0580175,4.2323475,3.8276384,4.583851,2.722775
1988-04-06 12:00:00,2.7807446,2.8614125,5.602348,4.666295,6.343397,3.6252735
1988-04-07 12:00:00,3.678526,3.3919063,5.661776,4.7749934,6.2521095,3.0966063
1988-04-08 12:00:00,3.2970002,2.8870397,5.365999,4.395585,6.450926,2.7799842
1988-04-09 12:00:00,2.3797574,2.421753,3.7011435,3.9401689,4.3456235,2.5877607
1988-04-10 12:00:00,1.1978834,1.0264473,2.1878588,2.7419643,6.561791,1.4779831
1988-04-11 12:00:00,0.88623637,0.97809863,3.066572,3.1587756,6.3404794,2.2746477
1988-04-12 12:00:00,1.8828719,1.6676145,3.9615853,2.1372247,5.358559,2.4184928
1988-04-13 12:00:00,2.98885,2.7530117,4.999725,3.2295837,3.5199234,2.6865618
1988-04-14 12:00:00,3.131969,2.812147,5.1760206,3.7304003,3.6052284,2.5430138
1988-04-15 12:00:00,2.0550365,1.8384191,4.554529,2.8428235,3.1375492,2.3842883
1988-04-16 12:00:00,1.9618659,1.7244996,4.418513,2.5876698,2.237743,2.272595
1988-04-17 12:00:00,2.1423347,2.0132587,3.8394718,3.4281247,2.3430715,1.9555539
1988-04-18 12:00:00,1.6611416,1.4340241,3.09901,2.1395724,2.2678468,1.6606121
1988-04-19 12:00:00,2.0765815,1.4744952,2.905384,1.622663,1.9087056,1.4769148
1988-04-20 12:00:00,2.166471,1.6455308,3.837852,2.0756943,1.8915823,1.6546383
1988-04-21 12:00:00,1.3686255,1.067627,3.2171297,2.3180885,3.0079002,1.4298846
1988-04-22 12:00:00,0.9569288,1.0099988,2.3357074,2.0894606,2.9622335,1.3520105
1988-04-23 12:00:00,1.9011645,1.2852637,1.9118186,1.775182,2.5884237,1.2223824
1988-04-24 12:00:00,0.8856971,0.82528234,2.1674645,1.5346215,2.8118336,1.6167344
1988-04-25 12:00:00,1.1360931,1.10689,2.9318252,1.9706621,3.5512593,1.4424123
1988-04-26 12:00:00,1.1623963,1.3439636,2.8037844,4.68078,4.169623,1.5779969
1988-04-27 12:00:00,1.9340417,2.218333,2.3963127,4.0162816,4.2165627,2.4716063
1988-04-28 12:00:00,2.2348723,2.1265361,3.3896234,4.1554914,3.5745869,3.0528724
1988-04-29 12:00:00,2.4340656,2.2104845,3.8671985,2.719877,2.1038282,2.6091866
1988-04-30 12:00:00,1.8224218,1.8653357,3.0892467,2.3250175,2.065386,2.103535
1988-05-01 12:00:00,1.821967,1.7952478,2.916772,2.2295496,2.32135,2.1897779
1988-05-02 12:00:00,1.9924265,1.7614113,3.2227707,3.104258,2.099266,2.7537603
1988-05-03 12:00:00,2.3080335,1.9528322,3.8715847,3.069932,2.9798443,2.4897428
1988-05-04 12:00:00,1.233793,1.2307086,3.6121068,1.8998772,2.6149964,1.8873245
1988-05-05 12:00:00,1.5406114,1.499612,3.199795,2.9555686,2.9569285,2.1188755
1988-05-06 12:00:00,1.391814,1.5125287,2.5275636,2.8790677,3.5056705,1.7286069
1988-05-07 12:00:00,3.0645535,3.0921435,2.0474794,5.9130883,3.6342456,3.20903
1988-05-08 12:00:00,1.806999,2.1769469,2.817336,4.101267,5.540029,1.8224274
1988-05-09 12:00:00,1.5780624,1.5081551,3.028445,2.6504924,5.289328,1.4670432
1988-05-10 12:00:00,0.9804757,1.1339235,4.5703406,2.3103926,3.4237266,2.241145
1988-05-11 12:00:00,0.9654359,1.0384932,3.0612798,2.1739993,2.862904,1.8141851
1988-05-12 12:00:00,1.0443181,1.3769397,3.8077044,2.658519,3.5594034,2.392406
1988-05-13 12:00:00,2.2576933,1.8411502,3.2481797,2.4733133,4.722373,2.372363
1988-05-14 12:00:00,2.070939,1.9256138,2.3455894,3.470463,3.0738952,1.7203491
1988-05-15 12:00:00,2.6979854,2.534698,3.3984036,4.1240687,5.861003,2.8299818
1988-05-16 12:00:00,2.1446016,1.9519073,2.7780075,3.553225,2.734636,2.363068
1988-05-17 12:00:00,1.49346,1.4870325,1.9754924,4.4369407,2.2121935,1.5420306
1988-05-18 12:00:00,1.362407,1.5320787,2.299551,4.5100617,3.534775,2.2756784
1988-05-19 12:00:00,2.5745006,2.2005439,4.813498,3.007122,3.738951,3.4706333
1988-05-20 12:00:00,2.2210238,2.0600688,3.3624382,3.3808339,4.3340945,1.8099383
1988-05-21 12:00:00,3.0827413,2.4505274,4.107167,3.775385,3.8421829,2.123615
1988-05-22 12:00:00,2.7840748,2.0791497,2.2185702,4.3815413,2.9415019,1.7417306
1988-05-23 12:00:00,2.8538885,2.499199,4.5825343,4.6090493,3.2082949,3.6733057
1988-05-24 12:00:00,3.541078,3.551974,5.4201612,4.8580627,4.870571,3.57026
1988-05-25 12:00:00,2.3226435,2.522764,4.296955,3.501413,6.164901,2.488733
1988-05-26 12:00:00,1.5605221,1.4643137,2.7885284,2.573838,6.441666,1.2395002
1988-05-27 12:00:00,1.8317927,1.6028806,2.8310723,2.80611,4.720252,1.8465949
1988-05-28 12:00:00,2.2719984,2.009852,4.162658,3.4974601,5.0385256,3.0837398
1988-05-29 12:00:00,1.253601,1.1449298,2.9805806,2.5159645,5.0552406,2.9404628
1988-05-30 12:00:00,1.2698396,1.1229634,2.2119386,2.042594,2.8597877,2.012293
1988-05-31 12:00:00,1.4138643,1.0182834,1.6665009,2.4589489,1.7731074,1.2160407
1988-06-01 12:00:00,3.2710736,2.7063484,3.3895772,3.226846,3.183227,2.0154629
1988-06-02 12:00:00,2.9152792,2.5629053,2.9823687,3.6003194,3.892069,1.7323385
1988-06-03 12:00:00,3.082138,2.6467235,4.0421863,3.3184307,3.9913292,1.9249828
1988-06-04 12:00:00,2.7831352,2.6017885,3.6414196,3.9429562,3.7243464,2.257289
1988-06-05 12:00:00,1.9415274,1.7458763,2.5963955,3.452313,3.3688047,2.089022
1988-06-06 12:00:00,2.2060022,1.7366384,2.8730636,2.4805427,2.458288,2.051197
1988-06-07 12:00:00,2.8706508,2.593723,3.276752,3.7938652,2.5142014,2.4295893
1988-06-08 12:00:00,2.0714533,1.9970891,3.5504324,3.0299127,4.0381384,2.6920362
1988-06-09 12:00:00,0.9690758,0.95608103,3.1312702,3.551094,5.230294,2.2939239
1988-06-10 12:00:00,1.0290533,1.3548326,2.5088034,2.9484494,4.6384525,2.183404
1988-06-11 12:00:00,2.1666284,1.6831622,2.4253972,3.808681,3.7361171,1.4577916
1988-06-12 12:00:00,2.4425597,2.208891,2.5165398,3.967063,3.647303,1.4619273
1988-06-13 12:00:00,1.631736,1.6374118,3.1756566,3.52205,3.9525373,1.8465941
1988-06-14 12:00:00,2.3934956,2.2801876,3.204334,4.8984776,3.1220973,2.3591566
1988-06-15 12:00:00,2.1069267,1.9577053,2.6208088,2.9358678,2.4339275,2.0805442
1988-06-16 12:00:00,1.4364862,1.5827829,3.2084146,2.8610113,3.0373964,2.6571321
1988-06-17 12:00:00,1.3715116,1.2358394,3.3795078,2.600372,4.000157,2.2506866
1988-06-18 12:00:00,0.95867926,1.0877235,2.7808545,4.0407467,3.9654462,1.6932975
1988-06-19 12:00:00,1.4284267,1.1398066,1.6422206,3.7869284,3.9307473,1.2507068
1988-06-20 12:00:00,1.3450344,1.1212599,1.4363047,3.1397588,2.6704285,1.1572628
1988-06-21 12:00:00,0.9632733,1.0984523,1.730057,3.6392334,3.3438296,1.1567987
1988-06-22 12:00:00,2.1389964,1.9903218,1.9197763,4.0760727,4.12496,1.5404477
1988-06-23 12:00:00,2.1227975,1.8486147,2.1981266,4.338541,5.1552615,1.9064137
1988-06-24 12:00:00,2.177073,1.9457014,1.960069,4.64062,4.5020685,1.8120393
1988-06-25 12:00:00,2.0503893,1.9612232,2.0651221,4.2606335,3.3306792,1.5558295
1988-06-26 12:00:00,1.7805169,1.5640117,1.91294,3.2968698,4.176883,1.4096797
1988-06-27 12:00:00,1.8575575,1.4484744,3.6703696,2.3485203,5.2856092,2.6816528
1988-06-28 12:00:00,2.0851088,1.7563986,3.2984264,2.4292035,4.624037,2.2939153
1988-06-29 12:00:00,1.0237296,1.1935651,2.0640175,2.6891835,3.2154639,1.5322214
1988-06-30 12:00:00,1.1991775,1.134145,2.2851763,2.6399686,2.860969,1.4853153
1988-07-01 12:00:00,1.3374857,1.381798,3.6933284,3.2684047,3.5836258,1.64036
1988-07-02 12:00:00,2.9993365,2.3032196,2.9399648,3.2794585,4.0350804,1.5929459
1988-07-03 12:00:00,3.5230477,2.9147577,3.2840552,3.5370417,4.7785316,1.865066
1988-07-04 12:00:00,2.7078652,2.7531972,2.502145,3.926547,4.5242434,1.4710481
1988-07-05 12:00:00,2.4247162,2.246308,2.9940362,4.263373,3.3596718,1.9689752
1988-07-06 12:00:00,2.9873247,2.711053,4.17776,4.208607,2.769596,2.3543928
1988-07-07 12:00:00,2.9668064,2.7049284,4.2445555,4.3878927,2.6258895,3.0808318
1988-07-08 12:00:00,2.9942436,2.4562104,4.289818,3.393322,2.2764268,2.6104815
1988-07-09 12:00:00,1.4518107,1.5420598,2.4822907,2.2994115,2.2158885,1.7025439
1988-07-10 12:00:00,1.7398348,1.506479,1.9153616,2.0180328,2.6016238,1.6864432
1988-07-11 12:00:00,1.6604009,1.3228312,1.6290549,1.7762934,2.841629,1.3265108
1988-07-12 12:00:00,0.757936,0.9038035,1.600277,1.9104793,2.8195949,1.23793
1988-07-13 12:00:00,0.74397874,0.835046,1.8576365,2.0954442,2.6131256,1.0117567
1988-07-14 12:00:00,1.6445795,1.2471623,1.7845163,2.0154629,2.567736,1.4070987
1988-07-15 12:00:00,2.045928,1.5349568,2.1418202,3.0748253,3.2956128,1.4456774
1988-07-16 12:00:00,1.8413161,1.5396115,2.8114347,2.8610725,3.7639089,1.8579923
1988-07-17 12:00:00,1.8990743,1.7763308,3.4337099,4.435013,4.1399646,2.818767
1988-07-18 12:00:00,1.8002917,1.6130849,2.5319052,3.6640847,5.2924285,2.3501892
1988-07-19 12:00:00,2.0157647,1.5279979,2.9515676,2.3260653,3.515708,1.5810329
1988-07-20 12:00:00,1.3985463,1.3792562,2.509458,2.7712162,2.9529264,2.006015
1988-07-21 12:00:00,1.6751812,1.5815495,2.4576938,2.2727864,2.7385461,1.9947011
1988-07-22 12:00:00,2.2372825,2.0012126,2.0688362,3.108426,3.3568997,2.065569
1988-07-23 12:00:00,1.4613378,1.6344299,2.7423983,3.1689858,4.0096807,2.4240427
1988-07-24 12:00:00,2.1908748,1.7018224,3.4417293,3.3132167,4.2140646,2.6667976
1988-07-25 12:00:00,2.0937684,1.8386108,2.2614746,4.5370617,4.717712,2.160654
1988-07-26 12:00:00,1.3431282,1.1563605,2.4500978,3.9123461,3.7646933,1.4671091
1988-07-27 12:00:00,1.561048,1.2884793,2.3673534,3.0694847,3.0702055,1.5278335
1988-07-28 12:00:00,2.0960455,1.4447746,2.6760228,2.7561347,2.498513,1.5923014
1988-07-29 12:00:00,1.5191959,1.2475023,2.0784316,3.1749396,2.8033314,1.3849143
1988-07-30 12:00:00,1.2443278,1.3247975,2.9861362,2.9137127,2.3639104,1.5064937
1988-07-31 12:00:00,1.7963825,1.4921486,2.6889107,2.8496163,2.0259345,1.6616032
1988-08-01 12:00:00,1.6058402,1.7759105,3.2336464,3.125627,2.404908,2.1725254
1988-08-02 12:00:00,1.5657463,1.8180263,2.7360146,3.0997815,2.74128,2.887854
1988-08-03 12:00:00,1.2833419,1.1437206,2.3842046,2.473729,3.3106494,1.9139932
1988-08-04 12:00:00,1.5838242,1.5394884,3.0516343,2.6093998,4.2188907,1.9485914
1988-08-05 12:00:00,0.88781995,1.2204186,2.5643885,3.3919582,3.9791143,1.5300171
1988-08-06 12:00:00,1.4997718,2.003708,2.5631268,3.8958287,2.8948755,1.3485125
1988-08-07 12:00:00,3.4249218,3.1530457,5.3309746,4.4023843,2.9182823,2.5065162
1988-08-08 12:00:00,4.1179876,3.820412,6.6539245,5.2120113,2.9829822,3.6336117
1988-08-09 12:00:00,2.6343322,2.5282142,3.9737988,4.124605,2.333355,2.5108953
1988-08-10 12:00:00,1.162157,1.1502637,2.4373434,2.280567,2.0197868,1.3339036
1988-08-11 12:00:00,1.5896347,1.2127328,1.7302953,1.8714247,2.369826,1.0694757
1988-08-12 12:00:00,1.5796571,1.4937183,3.591272,2.6658406,2.1636393,1.7555908
1988-08-13 12:00:00,3.0684988,2.3879535,5.047,4.0102468,2.858954,3.7559092
1988-08-14 12:00:00,2.7502644,2.3816829,3.5839753,5.9343233,2.0123444,3.0729845
1988-08-15 12:00:00,1.5418919,1.6326615,2.6365561,3.9225526,2.6556919,1.875452
1988-08-16 12:00:00,1.2374835,1.3190684,2.3555505,2.75831,3.965851,1.3440158
1988-08-17 12:00:00,3.1826773,2.5863438,4.9601116,3.3489194,2.5867932,2.3384125
1988-08-18 12:00:00,3.013449,2.3803096,2.5009973,3.5007663,2.3552718,1.449581
1988-08-19 12:00:00,2.5115526,2.011701,2.509263,2.7651908,2.6357481,1.5575644
1988-08-20 12:00:00,1.2545545,1.4704609,1.6004517,2.8378866,3.2653306,1.3371896
1988-08-21 12:00:00,1.6120706,1.249146,2.3825006,1.9971266,3.739966,0.97121286
1988-08-22 12:00:00,1.7184675,1.5830812,5.3775797,2.7572656,4.4001784,2.2045808
1988-08-23 12:00:00,1.9885831,1.8548249,4.575716,2.4406507,2.768692,2.1949506
1988-08-24 12:00:00,1.0958127,1.1835424,3.923681,1.6794434,2.5817537,1.5530031
1988-08-25 12:00:00,1.0138823,0.97116673,2.1185691,2.2293851,2.758386,1.6399472
1988-08-26 12:00:00,1.0124094,1.0371836,2.6503444,2.4656317,2.3783488,2.2954261
1988-08-27 12:00:00,2.1872644,2.0119002,2.784011,2.2654808,3.707869,1.4996339
1988-08-28 12:00:00,1.4820397,1.1920123,2.5771747,2.5388095,2.6490788,1.828104
1988-08-29 12:00:00,1.5607951,1.5900463,3.2500257,2.716925,2.2099628,2.3979342
1988-08-30 12:00:00,1.8498166,1.9467183,4.4311585,2.5817397,2.423189,2.75336
1988-08-31 12:00:00,2.727879,2.829551,4.330861,4.318974,2.7922516,2.9124186
1988-09-01 12:00:00,3.0280724,2.9387977,4.2578173,4.5015454,4.5063443,3.153169
1988-09-02 12:00:00,3.5135758,3.241442,2.6579742,3.4207976,3.2852814,1.6634746
1988-09-03 12:00:00,3.1024742,2.4618862,3.5291839,4.146487,3.7329838,2.3268793
1988-09-04 12:00:00,3.5719366,3.0119686,4.9490232,3.8137221,4.5647717,4.046699
1988-09-05 12:00:00,1.2897364,1.4318864,2.9553607,2.9161282,5.105841,2.0800953
1988-09-06 12:00:00,1.0011388,0.97581923,2.6249902,1.6917603,5.4411564,1.557368
1988-09-07 12:00:00,0.8126359,1.2877911,2.3591387,2.9722912,4.1235604,1.2784176
1988-09-08 12:00:00,2.870899,2.493006,2.4888463,4.348332,2.9018786,1.5024856
1988-09-09 12:00:00,2.0074713,2.1256008,2.5164714,4.37659,3.109673,2.1552346
1988-09-10 12:00:00,1.1664174,1.2676258,2.6306565,2.8110404,3.8789978,1.8295275
1988-09-11 12:00:00,2.2161555,1.8319046,2.7684786,2.4480555,3.8432968,1.9004929
1988-09-12 12:00:00,1.7272996,1.6784823,3.8564627,2.9134567,3.5432749,2.122913
1988-09-13 12:00:00,3.39261,3.0125046,6.0666757,4.451469,3.6149247,3.326392
1988-09-14 12:00:00,3.8985853,3.5045347,6.1379147,5.1356125,4.299205,4.548679
1988-09-15 12:00:00,2.907574,2.2450342,4.990282,3.9020457,3.8894534,2.6707277
1988-09-16 12:00:00,2.4297154,2.6163452,3.556489,3.598352,2.9047005,2.1605556
1988-09-17 12:00:00,1.5746758,1.447689,3.7622252,2.943121,2.0864363,2.0738819
1988-09-18 12:00:00,3.9325767,3.2388182,6.5819564,3.814407,2.3415897,3.1944616
1988-09-19 12:00:00,2.6382658,2.2144637,4.927697,2.3718686,2.630159,1.78113
1988-09-20 12:00:00,2.5896535,2.1702714,5.4210854,4.1392894,2.6768494,3.4734797
1988-09-21 12:00:00,2.9044492,2.7388353,5.0786233,4.421138,2.7760878,2.8937263
1988-09-22 12:00:00,1.5942211,1.5155222,3.229421,3.1612127,2.3729732,2.7262166
1988-09-23 12:00:00,1.4967675,1.5630376,4.005455,5.9982786,4.2992115,3.1171732
1988-09-24 12:00:00,2.736156,2.47181,5.514827,5.2911615,5.5608287,4.051141
1988-09-25 12:00:00,2.761625,2.570584,6.292483,5.650311,4.1056533,4.2629495
1988-09-26 12:00:00,2.998344,2.6318257,4.1009216,3.8960981,5.210046,3.0624611
1988-09-27 12:00:00,0.8296218,1.0118119,2.257446,4.2768683,5.507426,1.4165605
1988-09-28 12:00:00,1.3834679,1.1297468,1.5340017,5.412161,5.0111146,1.3040634
1988-09-29 12:00:00,1.0442009,1.0502974,1.5437928,3.8947334,5.140927,1.4613898
1988-09-30 12:00:00,1.358674,1.1960609,3.691946,2.0576956,6.3411393,1.3568369
1988-10-01 12:00:00,1.7879596,1.3081094,4.5864525,2.5335605,5.0268273,1.9502071
1988-10-02 12:00:00,1.8373677,1.4874638,3.8382242,2.0050466,5.7715287,1.810408
1988-10-03 12:00:00,1.1515247,0.98941636,2.7747388,2.05219,4.177417,1.1421535
1988-10-04 12:00:00,1.0640538,1.2442912,2.0619442,2.705164,3.8880866,1.7575467
1988-10-05 12:00:00,2.0726254,2.0079043,3.0866916,5.996559,4.9099803,2.6157248
1988-10-06 12:00:00,2.0025778,2.04176,2.8288274,3.7586014,4.177984,2.0730093
1988-10-07 12:00:00,1.8940417,1.3445077,3.1164885,2.4572086,4.328114,1.6934328
1988-10-08 12:00:00,0.73952615,0.8095327,2.800225,3.058664,7.6115603,1.3698939
1988-10-09 12:00:00,1.245214,1.0946364,3.203504,2.215947,6.4444804,1.4565465
1988-10-10 12:00:00,2.4866502,2.1131628,5.229032,3.6132686,4.262276,2.6292286
1988-10-11 12:00:00,1.6994572,1.2948086,3.7242463,2.884635,3.9439685,2.0256643
1988-10-12 12:00:00,2.0006309,1.7575699,4.4540544,4.411558,3.7751672,3.510136
1988-10-13 12:00:00,1.2817421,1.1894927,3.3721855,4.2511,4.7981973,3.561496
1988-10-14 12:00:00,1.3762151,1.1119723,3.4199302,4.179266,5.2350707,2.8279834
1988-10-15 12:00:00,1.2290146,1.1253026,3.5938745,2.1520972,3.7394197,2.0827067
1988-10-16 12:00:00,1.8904219,1.4204018,3.1482363,2.1029987,4.2743125,1.6893487
1988-10-17 12:00:00,1.6894486,1.3942492,3.5154202,2.1409652,4.2523017,1.9087759
1988-10-18 12:00:00,0.9344137,1.1190879,2.7878025,3.2277226,4.0207596,1.5720013
1988-10-19 12:00:00,1.6106782,1.2665975,2.9055307,3.3700638,3.4473898,1.5647581
1988-10-20 12:00:00,1.3362275,1.1510358,2.4339046,3.1799464,3.5898,1.9467926
1988-10-21 12:00:00,2.1330318,1.8892487,4.342315,3.2567139,3.0899215,2.9021058
1988-10-22 12:00:00,3.0189152,2.7063763,3.3052316,4.9532967,4.1064353,2.3066058
1988-10-23 12:00:00,2.698628,2.4028747,3.736901,3.817488,4.6186438,1.8561572
1988-10-24 12:00:00,4.2368064,3.9668138,5.8950286,5.628708,4.3443527,3.7052073
1988-10-25 12:00:00,2.4760852,2.2783337,4.2388406,4.6233897,4.239219,3.3202236
1988-10-26 12:00:00,2.044725,1.8346636,4.3011436,3.2312226,3.6959822,2.0757656
1988-10-27 12:00:00,2.7548032,2.4688454,6.614814,3.6869504,5.4045415,3.4760246
1988-10-28 12:00:00,0.9836004,1.2158109,4.891248,3.0318387,5.5994043,3.4449635
1988-10-29 12:00:00,1.1065638,0.923668,3.9366562,2.5616248,3.8304784,1.7674769
1988-10-30 12:00:00,2.0479774,1.3494148,3.3277943,3.467521,4.931884,1.1904894
1988-10-31 12:00:00,0.98666906,0.91804004,2.5037239,2.8362236,4.539006,1.2995236
1988-11-01 12:00:00,0.9016194,0.9913705,1.7053161,4.785998,7.156665,1.9735218
1988-11-02 12:00:00,2.3827145,2.352185,4.9142985,6.2209716,5.562003,4.447776
1988-11-03 12:00:00,2.055735,2.2817936,4.925482,4.688866,4.552931,3.307792
1988-11-04 12:00:00,1.1610782,1.367008,2.5004766,3.9740248,4.5715203,2.2826161
1988-11-05 12:00:00,3.136444,3.3576634,6.550073,8.569902,4.720218,5.061566
1988-11-06 12:00:00,3.3372426,3.336892,6.1132364,5.9023204,4.477565,4.5336246
1988-11-07 12:00:00,2.1910868,2.5322123,5.004473,6.629586,4.014968,3.5695503
1988-11-08 12:00:00,2.6954937,2.581014,4.3432813,5.8372383,4.255064,3.139128
1988-11-09 12:00:00,1.8897113,2.0454547,3.4923239,5.3824997,4.184831,2.8535876
1988-11-10 12:00:00,2.9546626,2.5406299,6.5818048,6.2791657,4.7503924,4.9159656
1988-11-11 12:00:00,2.2708044,2.2884293,5.840581,5.872845,4.7163672,3.9622042
1988-11-12 12:00:00,4.068178,3.3843865,5.031592,3.7646282,3.08401,3.3548553
1988-11-13 12:00:00,2.158145,1.7729888,3.0464573,5.1936846,7.3561115,2.8177915
1988-11-14 12:00:00,2.9056108,2.3311434,5.649422,5.8270483,7.532034,3.8388915
1988-11-15 12:00:00,1.9796666,2.0884995,4.308707,6.5491943,5.6866426,3.214164
1988-11-16 12:00:00,1.8540361,2.0614486,4.449416,7.2770777,4.2759514,3.7127876
1988-11-17 12:00:00,3.7199526,3.9352772,8.158469,9.084576,4.4440875,6.140986
1988-11-18 12:00:00,3.673817,3.6593738,7.186286,8.054567,4.2628098,5.2918735
1988-11-19 12:00:00,2.6371675,2.8847399,4.316792,5.1184525,4.406486,3.082176
1988-11-20 12:00:00,2.0023813,1.6922052,3.0831108,1.9511379,2.7462738,1.7827474
1988-11-21 12:00:00,1.1706512,1.1502239,2.2508147,2.9846487,3.8750138,1.578462
1988-11-22 12:00:00,1.0129086,1.2547814,1.7858354,3.84717,3.4762104,1.4998697
1988-11-23 12:00:00,0.9684623,1.1115968,2.9977841,2.6380987,3.495834,1.5790668
1988-11-24 12:00:00,3.152903,1.9984124,4.61531,3.1441345,3.9820318,1.7607303
1988-11-25 12:00:00,3.3323002,2.657481,2.8050256,2.5515842,4.596398,2.0183897
1988-11-26 12:00:00,2.5327742,1.9709251,2.666215,2.5539346,3.667548,2.051092
1988-11-27 12:00:00,0.8844223,0.925137,4.216725,3.1040254,3.7344594,3.029194
1988-11-28 12:00:00,1.888782,1.4752109,5.3180156,4.796781,4.2273602,3.6871307
1988-11-29 12:00:00,2.3955941,1.8547567,6.39535,4.5492377,3.941905,4.079755
1988-11-30 12:00:00,3.5141625,2.3356266,6.5193424,3.0538418,4.6959395,2.9992332
1988-12-01 12:00:00,2.7410314,1.9813002,4.3992753,3.1029181,4.3668933,2.3454497
1988-12-02 12:00:00,2.808758,2.1308408,3.6559248,2.3391461,4.389114,1.9288958
1988-12-03 12:00:00,2.808956,2.1393433,3.3818913,2.272506,4.181854,1.7333744
1988-12-04 12:00:00,1.947971,1.8579789,2.712682,5.3841677,4.303328,2.3145895
1988-12-05 12:00:00,1.8791361,2.2578363,3.5674322,5.731209,4.286809,2.3165612
1988-12-06 12:00:00,1.1759481,1.244209,3.060886,2.0595279,2.775819,1.960465
1988-12-07 12:00:00,1.1429663,1.1564473,3.5585232,2.236463,3.4468555,1.9817291
1988-12-08 12:00:00,0.8946979,1.1070647,3.4766126,3.153302,3.4126616,2.3472505
1988-12-09 12:00:00,1.231668,1.3487741,2.7694404,3.6061938,3.1114278,1.9522655
1988-12-10 12:00:00,1.807974,1.5407103,3.709961,3.804794,4.788427,2.4786465
1988-12-11 12:00:00,1.406652,1.5750867,3.817976,3.2672923,4.299782,1.9947313
1988-12-12 12:00:00,1.3836069,1.5880727,3.2340693,4.1203976,4.269356,2.1291654
1988-12-13 12:00:00,1.3813326,1.4734282,2.6501062,3.0260687,4.5339246,2.6082883
1988-12-14 12:00:00,1.1587445,1.374184,3.0468845,7.1171956,4.98922,2.8627071
1988-12-15 12:00:00,1.1095471,1.2102075,5.08558,4.394458,5.8401666,3.0866523
1988-12-16 12:00:00,1.8658023,1.9803201,6.2329335,4.061071,4.966913,4.3755946
1988-12-17 12:00:00,1.9533535,2.4258678,5.1620383,5.2917213,5.0610538,4.42551
1988-12-18 12:00:00,1.744646,2.273964,3.2275498,3.6247458,4.5244927,2.2241218
1988-12-19 12:00:00,1.072858,1.1930163,3.1395974,2.35832,3.2637734,2.0127454
1988-12-20 12:00:00,0.82754827,1.2044723,2.2721028,2.7472079,3.2764037,2.1277928
1988-12-21 12:00:00,1.9064755,1.9906435,4.3299875,5.733535,3.48174,4.809596
1988-12-22 12:00:00,2.6523447,2.3907144,3.7498991,4.080417,3.1507537,3.4735277
1988-12-23 12:00:00,2.7904286,1.8910227,3.4787226,2.9852664,3.8624654,2.1601322
1988-12-24 12:00:00,1.0624871,1.1956187,4.815228,4.871222,4.491438,3.4235456
1988-12-25 12:00:00,1.1904371,1.4625567,3.4547338,5.9830685,4.6556115,3.105375
1988-12-26 12:00:00,1.1539125,1.3955057,3.3037114,4.159312,4.9363823,2.6320443
1988-12-27 12:00:00,2.2450404,1.8045589,3.9404342,3.532797,5.381168,2.3396356
1988-12-28 12:00:00,1.3054429,1.5310721,2.9598002,4.5051513,6.33263,2.5419497
1988-12-29 12:00:00,0.8588966,1.0935899,2.2832167,5.272466,6.495689,1.965083
1988-12-30 12:00:00,1.3183916,1.074587,2.8520591,5.0663342,6.753918,2.175403
1988-12-31 12:00:00,0.98625803,0.9882381,2.8704698,4.7483797,5.228122,1.8516448
1989-01-01 12:00:00,1.1678754,1.1811328,4.1665273,4.957955,5.6356287,3.0623841
1989-01-02 12:00:00,1.2828326,1.1429167,6.8209925,4.310461,5.347939,3.7443645
1989-01-03 12:00:00,1.6691034,1.4115083,5.3083124,5.2983994,5.6322083,3.8246338
1989-01-04 12:00:00,2.9802465,2.0466053,4.4844575,4.1176004,6.8266044,2.3942745
1989-01-05 12:00:00,0.8996583,1.0515976,4.5119896,4.400903,4.881155,3.7209911
1989-01-06 12:00:00,1.9821559,2.080407,6.9064517,6.091492,7.5012503,5.327247
1989-01-07 12:00:00,1.7730107,1.841518,4.6888046,5.980363,4.8622127,4.126601
1989-01-08 12:00:00,2.6282141,2.507219,5.9008837,5.2802033,4.518356,4.9526024
1989-01-09 12:00:00,0.8317565,1.0402147,2.0447834,3.404463,5.5616875,2.3207548
1989-01-10 12:00:00,1.4898965,1.274452,4.461079,3.698799,5.9388547,3.1693091
1989-01-11 12:00:00,2.849489,2.4961667,5.394959,6.9724016,7.3579655,4.322746
1989-01-12 12:00:00,0.8939195,1.0335256,2.5066164,4.9759903,8.0622425,2.3625536
1989-01-13 12:00:00,1.321376,1.1134114,4.657078,4.323006,6.297758,3.3652918
1989-01-14 12:00:00,3.4527254,3.1025393,6.8634343,6.4337296,4.9871964,4.6656575
1989-01-15 12:00:00,3.9343724,3.5464938,7.8907404,7.128716,6.8237324,5.2451253
1989-01-16 12:00:00,3.9232872,3.670751,7.4131775,7.222472,6.3139534,5.2279673
1989-01-17 12:00:00,2.6276329,2.1785488,4.651257,5.9925117,7.5287113,3.4587555
1989-01-18 12:00:00,1.2810756,1.2286233,3.0950387,5.0235662,7.4671745,3.4964569
1989-01-19 12:00:00,3.1075594,2.7934165,6.726502,6.4624467,7.317376,5.0274725
1989-01-20 12:00:00,2.2417932,2.0898433,4.117237,5.8436227,7.0220075,3.0454502
1989-01-21 12:00:00,3.170666,2.506569,4.291684,4.4226756,5.825331,3.153523
1989-01-22 12:00:00,1.0713751,1.0446099,3.8488402,3.5264256,4.50043,2.3451548
1989-01-23 12:00:00,1.7596153,1.254572,3.633135,3.1793618,4.0227222,2.0097556
1989-01-24 12:00:00,2.6040826,1.777434,3.096906,3.3773258,3.658522,2.1741598
1989-01-25 12:00:00,1.1059738,1.1402776,2.7454712,4.3699617,4.1330624,2.9950008
1989-01-26 12:00:00,0.7943445,0.89434534,3.6125958,5.68571,4.436004,3.9815552
1989-01-27 12:00:00,1.239818,1.0641819,4.2036767,4.1937785,5.320252,2.9697597
1989-01-28 12:00:00,0.80985945,0.9318207,5.107267,4.5187774,4.2881393,3.9786987
1989-01-29 12:00:00,0.9415152,1.2473698,6.013373,5.661692,6.131267,4.835046
1989-01-30 12:00:00,1.443267,1.5029882,6.4855137,5.5084395,6.0415535,4.681951
1989-01-31 12:00:00,1.5081007,1.5988377,6.3525767,6.259247,6.668305,4.8993726
1989-02-01 12:00:00,1.3828571,1.2312579,5.1928897,5.027405,5.1332135,3.881137
1989-02-02 12:00:00,1.3442218,1.2443551,4.308375,5.604157,6.63121,3.5778577
1989-02-03 12:00:00,2.5024273,2.1163113,5.221521,7.173862,7.7300887,4.8076243
1989-02-04 12:00:00,2.7745533,1.9870443,5.4800596,5.780428,4.9606905,4.6633596
1989-02-05 12:00:00,2.7152963,2.6783023,6.6080203,6.012022,6.3370214,4.930453
1989-02-06 12:00:00,1.9095694,2.5387623,6.9122396,6.961489,7.910368,5.363625
1989-02-07 12:00:00,3.1281753,3.1520355,7.2673736,8.327297,8.543482,5.8653398
1989-02-08 12:00:00,2.4847898,2.4837568,4.1388607,7.6760793,7.5871215,4.3751593
1989-02-09 12:00:00,1.3436899,1.4763259,4.1804504,5.8743343,8.436108,3.0024312
1989-02-10 12:00:00,2.6111097,2.4329524,5.007366,6.4227977,7.200478,4.1498075
1989-02-11 12:00:00,3.6819701,2.9465377,7.3887286,6.825644,7.6367326,4.9227915
1989-02-12 12:00:00,3.4904993,2.8295772,6.490724,6.614942,6.0554466,4.565682
1989-02-13 12:00:00,2.061676,1.9708496,4.9258785,3.8909063,5.2854004,3.6350458
1989-02-14 12:00:00,0.8592319,0.9665172,3.1520667,4.1078506,6.0337133,2.4485629
1989-02-15 12:00:00,3.8059614,3.0388107,3.1950479,5.014937,6.3670406,2.6084678
1989-02-16 12:00:00,1.9652318,1.9073415,2.4592502,4.0091825,7.1497188,2.476214
1989-02-17 12:00:00,1.9436984,2.1592157,3.157474,3.7890415,5.4022994,1.6927451
1989-02-18 12:00:00,1.9159869,1.9036326,6.088077,4.739837,4.540539,4.449011
1989-02-19 12:00:00,3.0615306,2.8250656,4.8389416,5.8354535,5.5761857,3.9567158
1989-02-20 12:00:00,3.6987906,3.2619889,5.5251293,5.3994703,6.6363935,3.4604654
1989-02-21 12:00:00,3.3244684,3.2640395,4.9714828,6.5091834,7.2057824,3.8666892
1989-02-22 12:00:00,1.7391164,1.6097186,4.7434683,4.5851374,7.0921474,3.6215422
1989-02-23 12:00:00,1.749248,1.2722882,3.3949952,3.1805248,4.4661,2.2889094
1989-02-24 12:00:00,2.7809727,2.1413357,4.8282657,3.6156657,3.8386743,2.3625224
1989-02-25 12:00:00,2.4579992,1.9921397,4.038891,4.240855,3.518876,2.2190497
1989-02-26 12:00:00,2.1545334,1.8258916,4.40332,4.1475053,4.071873,2.8673007
1989-02-27 12:00:00,3.34756,2.9245164,6.5769644,5.279076,6.7487984,4.295294
1989-02-28 12:00:00,3.769431,3.3940969,6.7734437,5.369919,5.3920164,5.481236
1989-03-01 12:00:00,4.732785,3.8361824,7.0070186,5.3409944,5.121864,4.7945
1989-03-02 12:00:00,3.3160343,2.943624,6.0235476,5.1031528,3.9935842,3.5455716
1989-03-03 12:00:00,1.8660364,1.6806436,5.923968,3.9786603,3.3251398,3.2414162
1989-03-04 12:00:00,2.4155915,2.5438843,5.5620337,6.6922345,4.191407,4.65451
1989-03-05 12:00:00,2.3596,2.195503,3.1916008,6.1800375,7.4975824,2.4999964
1989-03-06 12:00:00,1.4967339,1.486569,2.209269,5.121507,8.676778,1.6771514
1989-03-07 12:00:00,2.3286757,2.0100825,5.3903723,4.1812387,6.3996534,3.7547026
1989-03-08 12:00:00,4.453332,3.5366905,5.4781675,3.1815958,5.292979,3.0791461
1989-03-09 12:00:00,1.0657401,1.2891413,4.7438245,4.67525,4.9118176,2.120608
1989-03-10 12:00:00,3.7043514,3.0562267,8.282576,5.399768,6.1070976,4.609286
1989-03-11 12:00:00,2.4098313,2.5614898,4.363839,7.4175534,7.694792,4.0372357
1989-03-12 12:00:00,2.1046255,2.1270185,4.926748,5.848679,6.5148377,4.199137
1989-03-13 12:00:00,1.4353929,1.4542035,3.362018,4.400534,4.841426,2.7001488
1989-03-14 12:00:00,2.901085,2.5078893,5.2413936,3.323402,5.0359035,4.0053806
1989-03-15 12:00:00,2.2020023,1.6931357,2.8350298,2.116562,3.582703,1.5559226
1989-03-16 12:00:00,2.2002726,1.9702765,2.0665264,3.5352173,3.8081667,1.146912
1989-03-17 12:00:00,3.2204456,2.554125,4.6651254,3.8474362,3.4566362,2.8944561
1989-03-18 12:00:00,3.030818,2.5128143,4.0197515,3.6608324,2.9868355,3.1073334
1989-03-19 12:00:00,1.4598361,1.4942045,4.3555627,3.158441,4.581478,2.345582
1989-03-20 12:00:00,1.6674448,1.8135759,4.8862996,2.9638999,3.957832,3.165774
1989-03-21 12:00:00,1.8787996,1.7661835,2.8124025,2.6440477,5.2229977,2.351092
1989-03-22 12:00:00,1.4465541,1.0161867,1.4974139,2.9077148,4.334885,1.1174487
1989-03-23 12:00:00,1.1449637,1.1824262,1.9856663,4.9277377,8.514313,1.7939891
1989-03-24 12:00:00,1.6409564,1.5760484,2.7255208,4.544894,8.057615,2.3553052
1989-03-25 12:00:00,1.364379,1.410494,2.8953602,3.6289122,6.8995886,2.7242117
1989-03-26 12:00:00,3.7567396,2.890663,4.2474723,5.1897073,5.6527343,2.900745
1989-03-27 12:00:00,5.9553013,4.7582235,6.5371623,5.1719375,5.4621587,4.5875993
1989-03-28 12:00:00,3.304247,2.23152,4.724752,2.5223882,6.0029693,2.0977142
1989-03-29 12:00:00,1.6154809,1.3902799,3.7251825,3.753282,5.0148306,1.5934811
1989-03-30 12:00:00,2.2867675,1.5007877,2.9565325,2.4745638,5.1450214,1.5914243
1989-03-31 12:00:00,1.4533799,1.2518063,2.709622,3.8245711,5.3081827,2.2958007
1989-04-01 12:00:00,1.9804784,1.7134643,4.5386977,3.4955823,3.1301892,3.174397
1989-04-02 12:00:00,3.2142181,2.5571563,6.552521,4.470214,3.1623375,3.989377
1989-04-03 12:00:00,4.0047703,3.528971,6.122344,5.6523833,4.788556,3.9505496
1989-04-04 12:00:00,4.7469044,3.9842615,6.022429,6.7779107,4.6602416,4.2046638
1989-04-05 12:00:00,4.319767,3.4680307,4.6594796,4.67489,3.77961,3.0053868
1989-04-06 12:00:00,4.207052,3.4750607,4.285936,3.2315173,2.8573415,3.0177803
1989-04-07 12:00:00,2.3973575,2.1629996,2.826645,3.0387974,3.937849,1.9873854
1989-04-08 12:00:00,1.3890197,1.6442124,2.3807414,2.795679,4.2031484,1.6301099
1989-04-09 12:00:00,2.2278392,2.1568866,2.0573256,3.979316,5.410317,1.8863223
1989-04-10 12:00:00,2.0444329,2.2611165,2.9507296,5.461822,6.685849,2.6989357
1989-04-11 12:00:00,2.5746408,2.2598882,3.5679688,3.3805068,4.2158356,2.2491336
1989-04-12 12:00:00,2.842242,2.0219967,3.8290436,2.9186764,2.8487365,2.0157382
1989-04-13 12:00:00,1.2160337,1.7550932,3.9173372,6.3800244,3.862821,4.2740493
1989-04-14 12:00:00,1.1530715,1.269143,2.8820539,5.2099395,6.1904845,3.0177457
1989-04-15 12:00:00,3.4780126,2.698232,2.916953,2.9213035,4.4282856,1.7026188
1989-04-16 12:00:00,2.8439622,2.533514,3.8260317,3.4770212,3.8472779,2.6511874
1989-04-17 12:00:00,1.878638,2.1076262,4.253876,4.1409307,5.2444415,3.051418
1989-04-18 12:00:00,1.834011,2.5028715,6.0012016,4.001716,4.259155,4.242164
1989-04-19 12:00:00,1.8962383,2.4590058,4.767018,4.6443033,6.298641,4.1046796
1989-04-20 12:00:00,1.6273453,1.862592,3.733554,2.7709217,3.3152757,2.7540793
1989-04-21 12:00:00,2.9308252,2.7389128,3.9499865,4.5280523,3.343823,2.9654253
1989-04-22 12:00:00,2.942933,2.5960455,4.82319,4.3353868,4.293833,4.370975
1989-04-23 12:00:00,2.2776563,2.1346538,2.8768482,4.1767097,5.9768043,2.7085164
1989-04-24 12:00:00,1.0429924,0.9994794,1.8426253,2.3296127,3.194951,1.1948843
1989-04-25 12:00:00,1.8004733,1.3415691,2.9409714,2.2008374,2.63551,1.501157
1989-04-26 12:00:00,2.4960718,2.1804993,3.9399247,3.4131713,2.4527097,2.8167603
1989-04-27 12:00:00,2.1072102,1.8375913,3.6387227,3.7281387,2.5908535,2.6682398
1989-04-28 12:00:00,2.1378717,1.8490841,3.7793598,3.917135,3.2645845,3.0206926
1989-04-29 12:00:00,3.0974782,2.5185194,5.5079055,4.2903666,4.1893883,3.655184
1989-04-30 12:00:00,3.7888181,3.6243558,5.780181,4.979498,6.0407763,3.3545191
1989-05-01 12:00:00,3.1049328,3.2801447,3.8277729,5.137141,8.133121,2.517224
1989-05-02 12:00:00,2.3450756,2.0556152,3.5147295,3.476957,8.136702,2.6801324
1989-05-03 12:00:00,2.6177554,2.236549,3.5901504,3.239506,6.4302454,2.733559
1989-05-04 12:00:00,1.6098433,1.409721,2.83874,3.539053,4.721788,2.6172283
1989-05-05 12:00:00,1.6412045,1.3558153,2.5520236,2.4347317,2.6518025,2.2945797
1989-05-06 12:00:00,2.30723,1.9609858,2.9901857,2.7264664,2.0055237,1.4630631
1989-05-07 12:00:00,4.3101,3.8740973,4.6760077,4.536044,2.2645466,2.996067
1989-05-08 12:00:00,3.1312654,3.1516228,4.0815105,5.687483,3.7676592,3.5351758
1989-05-09 12:00:00,2.3507895,2.322204,3.2335372,4.994023,3.3437307,3.615708
1989-05-10 12:00:00,1.1910298,1.235228,2.8506331,4.172318,5.00569,1.8811289
1989-05-11 12:00:00,1.4494798,1.2729347,3.4350617,3.388243,4.318439,1.7424849
1989-05-12 12:00:00,1.3450384,1.4686579,2.6374457,4.609824,3.7246232,1.5290364
1989-05-13 12:00:00,1.593101,1.6926117,1.945725,4.558221,4.6130805,1.4939708
1989-05-14 12:00:00,1.5862547,1.3265796,2.397349,3.9933674,2.8475754,1.5432805
1989-05-15 12:00:00,2.689025,1.9620442,3.1209831,2.9751494,1.5968438,2.226576
1989-05-16 12:00:00,0.88431096,1.2326099,3.5988247,3.6092768,2.3829277,2.8855782
1989-05-17 12:00:00,2.0007858,2.042691,4.21317,5.350883,2.8307104,3.7637515
1989-05-18 12:00:00,2.5317624,2.4494925,5.8380938,4.835173,3.790583,4.009007
1989-05-19 12:00:00,1.8171599,1.6682794,3.7121735,2.432824,5.194232,2.4368455
1989-05-20 12:00:00,1.7360873,1.4556583,2.7303107,2.5944183,3.8164885,2.7405214
1989-05-21 12:00:00,2.1702056,1.8772415,2.9687724,3.6403778,3.9664109,2.6998827
1989-05-22 12:00:00,1.7669296,1.7662357,3.0196888,3.0076222,3.1462805,2.755198
1989-05-23 12:00:00,2.1633542,2.1960616,4.2207236,3.6025102,2.7406857,2.3932667
1989-05-24 12:00:00,4.169882,3.502372,5.1977725,3.3877807,2.8018954,3.3994088
1989-05-25 12:00:00,2.9602728,2.6531322,4.6445518,3.854111,3.701033,2.9569416
1989-05-26 12:00:00,2.533934,2.5590384,3.128213,3.795035,4.7383103,2.3015819
1989-05-27 12:00:00,1.3609242,1.2207316,1.7665325,3.522003,4.083706,1.1237112
1989-05-28 12:00:00,0.98805,1.073662,2.4841657,2.7601075,3.5229535,1.243588
1989-05-29 12:00:00,2.4658604,2.0993688,4.8978424,3.1026652,3.573541,2.0151567
1989-05-30 12:00:00,2.1049447,1.9745256,3.957808,3.053764,3.6058993,2.3116128
1989-05-31 12:00:00,1.8641698,1.5487623,2.529017,2.1277542,3.3236988,1.4192936
1989-06-01 12:00:00,1.9861865,1.7863142,1.964918,3.7852337,3.3554893,1.3019047
1989-06-02 12:00:00,1.953697,1.3900532,1.8034312,3.9036314,3.712984,1.1792072
1989-06-03 12:00:00,1.200623,1.3231485,2.324063,3.803249,3.2825644,1.4119352
1989-06-04 12:00:00,1.537502,1.4305108,1.8899524,3.2151623,3.4340959,1.323567
1989-06-05 12:00:00,1.0742211,1.2544186,2.8264914,2.8817108,3.3793628,1.4888479
1989-06-06 12:00:00,1.9238534,1.92669,4.6484756,2.2999928,3.5008757,2.5922432
1989-06-07 12:00:00,2.3869507,2.2279458,4.665003,2.6630998,2.7707899,2.4365115
1989-06-08 12:00:00,3.4009643,2.633552,3.3890405,2.5914369,2.555437,1.9293838
1989-06-09 12:00:00,1.9438336,1.8514856,2.0704184,2.414472,3.0186088,1.3351086
1989-06-10 12:00:00,1.2610617,1.4984134,2.168177,2.235331,2.4833977,2.0514586
1989-06-11 12:00:00,2.112893,1.6678591,2.6917462,3.557783,3.4990926,1.7617407
1989-06-12 12:00:00,1.5944694,1.5486192,3.0683079,2.7442327,3.0071135,1.669177
1989-06-13 12:00:00,1.0766486,1.1069856,2.4090674,2.6265438,3.2308066,1.5461997
1989-06-14 12:00:00,1.0740232,1.1264105,2.7040067,4.902493,4.022379,1.8175778
1989-06-15 12:00:00,1.8551936,1.6799705,2.0108168,5.160818,5.0079737,1.5062
1989-06-16 12:00:00,1.9720016,1.9936403,4.0011735,3.206222,4.870124,1.5408759
1989-06-17 12:00:00,1.7646515,1.5160947,2.5758977,1.8369501,4.231895,1.4625092
1989-06-18 12:00:00,1.2378409,1.1657262,1.529549,2.235645,4.5345893,1.1437799
1989-06-19 12:00:00,2.1557522,2.2983131,2.1189544,3.9786437,5.252241,1.7878684
1989-06-20 12:00:00,3.2604263,2.660847,3.2598453,4.5485964,4.671219,2.381006
1989-06-21 12:00:00,1.5930758,1.3419697,2.7282226,3.484008,3.676939,2.3460634
1989-06-22 12:00:00,1.7727735,1.5777605,2.9555526,4.2376184,3.1482337,2.3956676
1989-06-23 12:00:00,1.5423377,1.3171699,2.6222363,2.7013955,2.5188522,2.2806723
1989-06-24 12:00:00,2.398641,1.7528267,3.5959473,2.851468,2.8058672,1.8496104
1989-06-25 12:00:00,1.7435427,1.6397886,3.1107554,2.9021904,3.6992483,1.6604809
1989-06-26 12:00:00,2.593799,2.1135466,3.5058215,1.9102428,2.9489033,1.9681073
1989-06-27 12:00:00,2.194582,1.6289854,2.252817,2.411816,2.8925643,1.0458302
1989-06-28 12:00:00,2.4774375,2.190702,3.4211824,2.8361924,4.5016747,2.1298707
1989-06-29 12:00:00,2.6236436,2.2277997,3.8365247,4.856327,5.7409973,3.280919
1989-06-30 12:00:00,2.6337929,2.1663868,3.7742572,3.4465683,4.760618,3.4380972
1989-07-01 12:00:00,1.017554,1.0665034,1.7716376,2.715461,3.1331105,1.767734
1989-07-02 12:00:00,1.392762,1.3695244,2.512902,1.5757921,1.9971689,1.3218446
1989-07-03 12:00:00,1.4537019,1.4392086,3.2610905,1.9212393,2.827592,1.7303625
1989-07-04 12:00:00,2.020986,1.8795003,3.1368208,4.106701,3.6679418,2.6812937
1989-07-05 12:00:00,2.3518941,2.2564285,4.93624,3.3822107,5.936148,3.2800329
1989-07-06 12:00:00,2.6923985,2.3912446,4.714075,3.7633195,3.8474927,2.6411626
1989-07-07 12:00:00,2.7636683,2.7719042,4.3275285,4.36976,2.3557992,2.7094052
1989-07-08 12:00:00,2.3468187,2.4414291,4.208563,4.161495,3.169182,2.6696496
1989-07-09 12:00:00,3.224812,2.9089162,4.4446845,3.9817507,5.549612,2.9774837
1989-07-10 12:00:00,3.1824358,2.8309112,3.5851524,4.4252234,6.0639367,2.5043547
1989-07-11 12:00:00,3.1305895,2.8502219,3.7857962,5.4814277,6.82159,3.1784658
1989-07-12 12:00:00,3.0477462,2.8482761,4.3006825,5.9442935,6.1546087,3.861558
1989-07-13 12:00:00,2.377633,2.1252563,4.663148,4.3694415,4.958574,3.5746458
1989-07-14 12:00:00,1.2684451,1.1349627,3.8682044,2.72616,3.3879743,2.6515057
1989-07-15 12:00:00,1.221671,1.1167767,2.6888201,1.6403503,2.4540164,1.2166846
1989-07-16 12:00:00,2.1466975,1.7560999,3.3389044,2.1508977,2.2783234,1.8670908
1989-07-17 12:00:00,1.4679248,1.2323474,3.1245732,1.8822659,2.128232,1.7487367
1989-07-18 12:00:00,1.9745501,1.5638597,3.181873,2.2963498,1.9494994,1.8176218
1989-07-19 12:00:00,1.9651897,2.1418414,3.1516883,3.0025935,2.693022,2.700857
1989-07-20 12:00:00,2.8110678,2.15031,3.476003,2.3513672,3.7434826,2.1945577
1989-07-21 12:00:00,2.297825,1.6668042,2.501582,2.002579,3.2534971,1.9300234
1989-07-22 12:00:00,0.9550417,1.1201816,2.1453588,2.0109344,2.3103843,1.473767
1989-07-23 12:00:00,2.5668957,2.258696,3.5164473,3.4800527,2.6029098,2.0738149
1989-07-24 12:00:00,2.9016833,2.4627478,3.8458738,3.3044639,2.4484165,2.9154863
1989-07-25 12:00:00,1.2821543,1.3250296,2.41292,3.353516,2.8048,2.0807517
1989-07-26 12:00:00,3.3083787,2.519353,5.2201457,2.8918803,2.05353,3.202395
1989-07-27 12:00:00,3.513425,3.2527244,5.5588818,4.397887,3.837315,3.0295286
1989-07-28 12:00:00,1.6824102,1.755541,2.1695166,5.045438,4.0076284,1.7566583
1989-07-29 12:00:00,1.789074,1.6473479,2.436006,3.0208156,3.8886902,1.6255672
1989-07-30 12:00:00,2.754941,2.084,3.7693725,2.1780396,2.3018079,1.6912977
1989-07-31 12:00:00,1.9854268,1.6796967,3.3442314,2.5382326,2.1586008,2.0123389
1989-08-01 12:00:00,2.1453526,1.8615115,4.53517,2.858164,2.2035007,2.8666537
1989-08-02 12:00:00,3.1055312,2.6928384,4.9515495,3.0337265,2.9303446,1.9346783
1989-08-03 12:00:00,2.880134,2.3356104,5.9767466,2.5883486,3.4048502,3.3651562
1989-08-04 12:00:00,2.6725883,1.9756671,3.1546519,4.035028,3.6094747,2.298569
1989-08-05 12:00:00,1.4894724,1.3096762,3.0539556,2.742247,3.747001,1.7597367
1989-08-06 12:00:00,2.8848844,2.3777,4.1748724,2.6131654,2.9826725,2.76162
1989-08-07 12:00:00,1.4898796,1.6769149,2.8674452,2.7914736,3.0106342,1.820569
1989-08-08 12:00:00,1.6330137,1.6922153,3.9341834,2.1349468,2.612644,2.1998699
1989-08-09 12:00:00,1.7678739,1.4931595,3.4782972,2.2185204,2.409622,1.814803
1989-08-10 12:00:00,1.9810562,1.4697901,3.7445204,2.6109588,3.5560281,2.1160498
1989-08-11 12:00:00,2.043657,1.6462065,3.5147545,2.433728,3.4495416,1.6746472
1989-08-12 12:00:00,2.151343,1.9217383,3.6677418,3.9690661,3.6389363,2.201685
1989-08-13 12:00:00,1.6319609,1.4632344,4.3123727,2.5670285,3.084576,2.1399472
1989-08-14 12:00:00,3.6605656,2.830035,3.3039196,3.1632755,2.2450693,2.3954237
1989-08-15 12:00:00,2.9285846,2.572722,4.2167716,2.7789602,2.1395714,3.2531686
1989-08-16 12:00:00,2.0734642,1.5243913,2.5982392,1.8985177,1.8547703,1.338333
1989-08-17 12:00:00,1.300175,1.1350855,2.4250731,2.0157247,1.7749871,1.764982
1989-08-18 12:00:00,2.3058894,1.7732017,3.2780044,2.721765,3.1490417,2.0055413
1989-08-19 12:00:00,3.4869742,2.973238,4.7156324,5.72393,3.8651724,3.571509
1989-08-20 12:00:00,2.7402139,2.6083171,3.9540849,6.0475235,5.501233,2.594685
1989-08-21 12:00:00,1.871221,2.00379,3.0623527,3.8222425,5.7471256,2.4849172
1989-08-22 12:00:00,3.4800115,3.1037655,5.7290506,4.5340304,4.6138906,4.181561
1989-08-23 12:00:00,2.4456356,2.5548346,3.779924,4.8368363,5.428851,2.540451
1989-08-24 12:00:00,1.670805,1.655239,2.984259,3.376751,4.098827,2.560007
1989-08-25 12:00:00,2.7919555,2.281127,3.8467093,4.3455815,3.4872973,3.2605314
1989-08-26 12:00:00,1.3796122,1.4597287,2.041748,3.1794698,4.0092077,1.5674576
1989-08-27 12:00:00,1.3989917,1.3539485,2.3624096,1.8234768,3.491842,1.7578368
1989-08-28 12:00:00,2.0269623,1.5198586,3.264933,3.2614872,3.7222896,2.3655002
1989-08-29 12:00:00,2.4721172,2.138993,2.603716,3.6166236,3.7894905,1.6705495
1989-08-30 12:00:00,2.212685,2.0013561,1.8956584,3.7999156,3.1880317,1.139284
1989-08-31 12:00:00,1.2761507,1.1888748,2.0743449,2.6319416,4.0813084,1.2934161
1989-09-01 12:00:00,0.8806006,1.1592172,2.121591,2.0560238,3.7282243,1.180729
1989-09-02 12:00:00,1.4439356,1.6263891,3.9553874,3.617887,2.0867307,2.8329954
1989-09-03 12:00:00,3.0243347,2.2982075,4.2944736,1.9764658,1.9160746,2.3609753
1989-09-04 12:00:00,0.99584687,1.1212614,3.2064724,2.073144,2.3066418,1.8604431
1989-09-05 12:00:00,2.2346656,1.9934794,4.6554227,3.307006,2.3310766,2.9868052
1989-09-06 12:00:00,2.4989743,2.0183332,2.6836233,2.4918823,1.7540048,1.5141431
1989-09-07 12:00:00,1.7012488,1.4122914,2.8589861,3.0980642,2.9857833,2.4639232
1989-09-08 12:00:00,3.0451865,2.1829748,4.256937,3.3753622,3.8296962,2.9219782
1989-09-09 12:00:00,2.4091015,1.7819408,2.9260883,3.315568,3.4778166,2.3626041
1989-09-10 12:00:00,1.8911729,1.7375696,4.4584227,2.3373625,2.942839,1.8809513
1989-09-11 12:00:00,1.9444343,1.8259797,3.75475,3.7576258,3.0604904,2.5901732
1989-09-12 12:00:00,3.0217338,2.4055874,4.7003417,3.0538325,3.20309,2.7150402
1989-09-13 12:00:00,2.4600658,2.622437,4.9746776,4.556711,3.5254214,2.569357
1989-09-14 12:00:00,2.3230393,1.9358971,3.860151,2.9957,4.571835,2.264883
1989-09-15 12:00:00,2.666329,2.250195,4.8744216,3.2766845,3.9864867,2.2891827
1989-09-16 12:00:00,1.9246078,1.7365681,3.519961,2.2858229,2.2733612,1.4621184
1989-09-17 12:00:00,1.6914808,1.3410021,3.3818374,1.6451421,2.5962574,1.1310104
1989-09-18 12:00:00,1.31319,1.0350362,3.2766447,2.0770288,1.9570179,1.9555806
1989-09-19 12:00:00,1.6619537,1.6018027,3.329434,3.5596278,2.7673757,2.7268212
1989-09-20 12:00:00,3.2778492,3.055425,5.334925,5.254333,4.6190886,4.1297235
1989-09-21 12:00:00,2.8056922,2.2837777,4.218289,3.5598466,5.3855104,3.1640341
1989-09-22 12:00:00,2.4451048,1.9529124,4.4386096,4.1168323,4.521542,3.3379455
1989-09-23 12:00:00,2.6627893,2.3144827,4.971247,4.5821505,4.5077176,3.5108461
1989-09-24 12:00:00,2.147767,1.9549006,2.9866347,5.5623183,5.677378,1.8896009
1989-09-25 12:00:00,1.7287718,1.7669576,2.8450034,2.6180732,4.1429257,2.0417778
1989-09-26 12:00:00,2.266358,1.7845421,3.2458086,2.722538,3.6010644,1.7317164
1989-09-27 12:00:00,1.0459468,1.0090274,2.4301064,1.8549399,3.7556016,1.1360079
1989-09-28 12:00:00,0.8765352,0.86486346,1.5670152,2.1839938,4.274143,1.2896513
1989-09-29 12:00:00,1.0779263,0.9581461,2.1730468,4.8583584,7.337036,2.0765018
1989-09-30 12:00:00,0.8037282,0.9111934,1.940502,5.460808,6.713545,1.4209349
1989-10-01 12:00:00,1.2665925,1.33296,2.1037455,3.7814858,5.2101955,2.1310594
1989-10-02 12:00:00,1.5211546,1.3744644,1.9251019,5.742955,7.9684753,1.3994441
1989-10-03 12:00:00,1.1264081,1.3803817,2.0081532,6.4054003,5.783131,1.5187812
1989-10-04 12:00:00,1.330899,1.7485619,3.1342657,4.7978487,4.785366,3.0303562
1989-10-05 12:00:00,4.551365,3.3596745,4.3542504,4.107335,3.7797022,4.242954
1989-10-06 12:00:00,3.991455,3.1665502,3.8293138,5.08545,3.7946374,2.8258915
1989-10-07 12:00:00,2.1865382,1.8554473,5.949012,3.2905962,3.2335007,2.5978034
1989-10-08 12:00:00,2.9456692,2.1823852,5.7848444,3.2586362,4.769538,2.489618
1989-10-09 12:00:00,2.4838982,2.1281524,4.5190187,3.922749,4.0791583,2.483576
1989-10-10 12:00:00,2.429039,2.290895,3.3692017,2.68811,2.5827076,2.3729603
1989-10-11 12:00:00,1.2156401,1.0970126,2.0355942,2.5903225,2.7810102,1.7527255
1989-10-12 12:00:00,0.90124357,1.0149553,3.5756233,3.1266878,3.4255106,2.7019746
1989-10-13 12:00:00,2.0363524,1.5284883,2.9882174,3.0807662,3.1246483,1.9897861
1989-10-14 12:00:00,1.8735344,1.7014364,2.6627831,1.8139215,2.7284613,1.5683175
1989-10-15 12:00:00,1.8962812,1.71886,2.2336736,3.3504307,3.121935,1.4947041
1989-10-16 12:00:00,1.3402877,1.6296417,3.3202329,5.075304,3.9712496,2.5889518
1989-10-17 12:00:00,1.9589216,1.688794,3.3219397,3.6410658,3.7877345,2.3346655
1989-10-18 12:00:00,2.9378633,2.4063394,3.136756,2.9782574,3.6693754,1.7114018
1989-10-19 12:00:00,1.814868,1.6866287,2.1885948,2.139143,5.1427717,1.3035553
1989-10-20 12:00:00,1.01476,0.9498124,3.0423164,2.1346214,3.3107507,1.6829115
1989-10-21 12:00:00,1.6240008,1.2194803,3.036375,1.9198704,2.3551593,1.3162439
1989-10-22 12:00:00,0.8989945,0.9921526,2.9278007,2.0511773,3.316766,1.5401213
1989-10-23 12:00:00,1.6045321,1.3809261,5.2044864,2.4882405,3.1658165,2.3406487
1989-10-24 12:00:00,2.9986875,2.4235222,4.89016,4.128262,3.6374521,3.1287045
1989-10-25 12:00:00,1.3836914,1.5113137,3.3354337,4.005605,3.4746206,2.177786
1989-10-26 12:00:00,2.400802,1.824683,4.662117,2.9816148,4.2304277,2.4277675
1989-10-27 12:00:00,1.8182795,1.8597665,4.929886,3.9819472,5.135004,2.740832
1989-10-28 12:00:00,2.6725671,2.4931889,3.140458,4.246305,4.7400556,2.2939277
1989-10-29 12:00:00,1.8131514,1.5395669,4.3608303,4.2816687,5.6059766,2.4928784
1989-10-30 12:00:00,0.8740935,0.8589099,3.9592779,2.07146,2.7263076,2.2171597
1989-10-31 12:00:00,1.7488267,1.7434176,2.8435822,1.8720183,2.4166558,1.8682966
1989-11-01 12:00:00,3.7936544,3.4719675,4.8782935,3.0237598,2.8101206,2.786178
1989-11-02 12:00:00,2.5006423,2.3741775,3.5305235,4.435423,4.3454175,2.909174
1989-11-03 12:00:00,1.3449017,1.1493202,3.388615,3.7967212,5.200913,1.9828998
1989-11-04 12:00:00,1.2315805,1.1490703,4.1456156,3.2301483,5.055274,2.8973181
1989-11-05 12:00:00,3.1639547,2.5801592,5.8141165,3.2824736,4.332869,2.8238654
1989-11-06 12:00:00,5.414998,4.056543,7.576119,4.193224,4.33576,2.5374901
1989-11-07 12:00:00,1.7454026,1.7288374,4.070544,5.0782213,4.237917,2.4552937
1989-11-08 12:00:00,3.0065641,2.6051881,6.1641607,4.6476407,5.218534,4.3885207
1989-11-09 12:00:00,3.2118907,3.4433672,5.3996353,6.481,4.7900786,3.337515
1989-11-10 12:00:00,1.6754037,1.6950492,4.6371474,3.6804147,3.4931269,3.2980008
1989-11-11 12:00:00,1.9249119,1.7565899,4.0186343,5.288042,4.326714,3.3645918
1989-11-12 12:00:00,1.58781,1.7146776,5.901389,5.6142473,6.442271,4.319403
1989-11-13 12:00:00,2.7772815,2.5626507,4.4647865,5.4303107,7.146379,3.8026927
1989-11-14 12:00:00,1.1251588,1.2553655,2.499531,2.6609116,4.6339974,2.1331913
1989-11-15 12:00:00,2.562204,2.192085,5.917751,4.2750487,2.731512,3.5691628
1989-11-16 12:00:00,3.7085624,2.9382079,3.9590666,5.0284295,5.1963925,3.0405774
1989-11-17 12:00:00,3.1750858,2.8356214,5.0821652,5.566464,5.2952213,4.91806
1989-11-18 12:00:00,2.2073395,2.1054142,4.803607,6.234354,8.180684,3.5486693
1989-11-19 12:00:00,3.8179674,3.8435,8.293331,6.410916,6.474291,5.9895196
1989-11-20 12:00:00,3.4736927,3.4921181,6.148078,6.0059047,6.2128,5.338946
1989-11-21 12:00:00,2.0557437,1.9993951,3.7095878,4.2023587,6.0814533,3.5643313
1989-11-22 12:00:00,1.6537738,1.7627081,4.5204124,3.618424,5.2468276,3.0033467
1989-11-23 12:00:00,1.9741879,2.0702026,6.03457,4.47531,5.941926,3.9888551
1989-11-24 12:00:00,2.3791528,2.503222,5.365642,6.372447,5.175378,4.701002
1989-11-25 12:00:00,2.8727107,2.4652207,5.64514,4.8246403,6.0772066,3.5777009
1989-11-26 12:00:00,3.885441,3.7590215,7.584659,5.8766575,5.873963,4.9237037
1989-11-27 12:00:00,4.03323,3.7358794,6.8426595,6.5681314,4.8829083,5.4735513
1989-11-28 12:00:00,2.8842878,2.6979795,4.580195,5.7315326,4.3202863,3.7097423
1989-11-29 12:00:00,1.5049341,1.5531784,2.761427,4.71873,5.6108603,2.6930125
1989-11-30 12:00:00,0.90910125,1.0557541,2.5874796,3.8553312,4.5374994,2.2512622
1989-12-01 12:00:00,3.0432138,2.1340568,4.7443748,3.751184,4.7787313,2.1864262
1989-12-02 12:00:00,3.92037,3.154279,5.690841,4.738895,4.3246245,3.5886853
1989-12-03 12:00:00,3.293754,3.1191914,7.2735977,6.4320025,9.045685,4.6615214
1989-12-04 12:00:00,2.4757504,2.9071891,2.8208346,5.276731,8.49238,2.638168
1989-12-05 12:00:00,1.7099909,1.7253941,2.7772198,3.549513,2.9880106,2.2838836
1989-12-06 12:00:00,0.95649576,1.1558698,3.5120199,3.251482,3.1352987,3.0089712
1989-12-07 12:00:00,1.606857,1.6432297,3.2352166,5.5813684,4.1477904,2.8317554
1989-12-08 12:00:00,2.6141582,2.0008035,5.2119823,5.3356256,4.8115163,3.1793056
1989-12-09 12:00:00,1.182508,1.4567454,3.5129902,6.0863776,4.720783,3.242441
1989-12-10 12:00:00,2.145988,1.9238508,4.3246303,5.071344,5.2005634,3.3409066
1989-12-11 12:00:00,2.5667613,2.5163817,5.3390274,7.1988034,7.7504888,4.626257
1989-12-12 12:00:00,1.8639095,1.7005582,5.9079895,6.1463237,9.779905,3.894107
1989-12-13 12:00:00,1.2387033,1.2363617,3.5080376,3.3151515,8.31492,2.298411
1989-12-14 12:00:00,3.2361383,2.6638753,6.151177,4.585376,3.8024454,3.901342
1989-12-15 12:00:00,2.9497085,2.788167,4.052117,6.2087917,5.5950127,2.9997568
1989-12-16 12:00:00,2.397342,2.196358,6.8063707,5.4429226,6.527109,5.054307
1989-12-17 12:00:00,3.5985377,3.342117,4.6573277,6.9912176,7.397685,4.116322
1989-12-18 12:00:00,2.342247,1.8043216,2.6373518,5.1462007,7.5110908,2.6969154
1989-12-19 12:00:00,1.723378,2.0434377,4.2908845,6.56447,5.753932,3.088501
1989-12-20 12:00:00,2.1031713,2.0654109,6.0147057,6.3356156,6.02222,5.0446653
1989-12-21 12:00:00,3.2729418,2.8344696,5.7348924,6.508554,5.4694138,4.167251
1989-12-22 12:00:00,4.3793473,3.45999,7.2699003,7.3841887,6.42182,5.341136
1989-12-23 12:00:00,3.7292051,3.4746406,6.8916397,7.7290854,8.010333,4.8114486
1989-12-24 12:00:00,1.5879114,1.7093623,3.3948267,5.206567,8.853695,2.5881052
1989-12-25 12:00:00,2.6699562,2.5929267,6.1470666,4.431997,5.3923984,4.5167685
1989-12-26 12:00:00,2.5259833,2.3154929,6.7875323,5.3714924,4.118524,4.505932
1989-12-27 12:00:00,4.4759436,3.724589,8.542696,6.8163943,4.2611876,5.4758945
1989-12-28 12:00:00,4.366303,3.6399906,5.0224223,3.3454528,3.752983,2.859134
1989-12-29 12:00:00,2.8260522,2.8183556,4.660806,4.893329,3.7090435,3.6385903
1989-12-30 12:00:00,2.2343588,2.0309758,3.8524613,4.92784,6.0744596,3.2389555
1989-12-31 12:00:00,4.273081,3.7000585,7.6658425,7.877244,8.574447,5.3767033
1990-01-01 12:00:00,2.6792774,2.2237508,6.972306,5.9918404,6.2212844,4.562632
1990-01-02 12:00:00,1.8130658,1.7994814,4.6701064,5.922928,6.75724,3.0770931
1990-01-03 12:00:00,2.5988915,2.2210658,5.92178,6.4403095,6.345668,4.1028323
1990-01-04 12:00:00,0.98744196,1.0807543,3.3355386,3.7932813,6.8083134,2.4510016
1990-01-05 12:00:00,1.4628971,1.6845961,3.2020984,4.503438,6.116131,2.4694161
1990-01-06 12:00:00,1.1669061,1.3794973,3.174939,3.2384505,4.7430005,2.243429
1990-01-07 12:00:00,1.2598865,1.4648175,4.2156687,4.9914813,4.1389194,3.458867
1990-01-08 12:00:00,3.627065,2.9024806,7.055182,7.4195285,5.3472786,5.1201043
1990-01-09 12:00:00,2.174763,2.1119277,5.561959,5.2472844,5.8251376,3.4959748
1990-01-10 12:00:00,1.4452528,1.6008186,3.4223785,3.1502786,4.892278,2.8667767
1990-01-11 12:00:00,1.0596622,1.2952694,3.4068577,3.589004,3.2937896,2.106014
1990-01-12 12:00:00,2.01973,1.8725784,5.573106,5.511141,3.0988586,4.021428
1990-01-13 12:00:00,1.3412018,1.4832753,5.451985,4.8831825,5.358383,2.6761343
1990-01-14 12:00:00,1.6385047,1.6358213,4.355845,4.941079,6.0639343,2.9242449
1990-01-15 12:00:00,2.0947556,1.9298009,5.259716,4.815058,3.9838016,3.7013621
1990-01-16 12:00:00,1.6506312,1.64869,4.2382846,4.0900407,3.800323,2.4103277
1990-01-17 12:00:00,1.3217115,1.4596517,3.3058188,4.963081,3.0981398,2.7372022
1990-01-18 12:00:00,1.7493321,1.4967743,3.7816749,4.001028,3.3787467,2.5941896
1990-01-19 12:00:00,1.1935365,1.3191814,3.3796751,3.6073802,3.2880926,3.9345875
1990-01-20 12:00:00,1.2230182,1.2143174,2.7328818,2.6516285,3.4589713,2.3064187
1990-01-21 12:00:00,2.387629,2.02441,3.6775455,2.791966,4.31999,2.2059972
1990-01-22 12:00:00,2.5741925,2.1187944,4.9854054,5.1836615,9.331215,2.4533885
1990-01-23 12:00:00,1.6496662,2.1737423,3.0939846,9.214664,11.105644,2.1788242
1990-01-24 12:00:00,1.9479249,2.574881,5.0525055,7.3907933,7.5846124,4.060043
1990-01-25 12:00:00,1.4052447,1.4414623,2.5648532,3.419321,6.1650085,1.7515258
1990-01-26 12:00:00,1.4019746,1.3429121,4.5544395,3.8408659,3.698157,2.529699
1990-01-27 12:00:00,2.3552547,1.9713287,5.986773,3.805573,4.0218525,3.497512
1990-01-28 12:00:00,3.1068943,2.0924766,6.4713855,4.3400216,4.9996457,3.2265801
1990-01-29 12:00:00,2.4354587,1.7392393,4.830888,5.581381,4.2161207,2.7795644
1990-01-30 12:00:00,0.6492109,1.0037075,4.0267305,4.691769,3.8152044,3.7804835
1990-01-31 12:00:00,0.7860844,1.085693,4.340718,7.208475,4.3137836,4.1874533
1990-02-01 12:00:00,2.3847039,1.7439666,6.189011,4.046574,3.5595682,2.973541
1990-02-02 12:00:00,2.5577872,1.9322857,4.0689006,3.2031145,4.7655272,2.0569198
1990-02-03 12:00:00,1.4136829,1.4919807,2.3235993,3.1461775,3.7572417,2.0564783
1990-02-04 12:00:00,1.4138486,1.6235771,4.4010973,5.1020813,4.30189,2.5413296
1990-02-05 12:00:00,3.1490378,2.4625998,5.6219506,5.3892226,5.363357,3.0855947
1990-02-06 12:00:00,2.999744,2.085066,4.9801564,3.6928978,4.6684823,2.4437957
1990-02-07 12:00:00,1.8273354,1.2950083,4.7115507,2.807486,3.91459,2.2197943
1990-02-08 12:00:00,1.4088521,1.0520511,4.937441,2.5566266,3.1517608,2.0741212
1990-02-09 12:00:00,2.186884,1.4719182,5.451162,4.02797,2.7837594,2.3964114
1990-02-10 12:00:00,2.1867537,1.4410193,5.0568433,5.0034266,5.6417828,3.0436566
1990-02-11 12:00:00,0.8099489,0.9614735,4.382576,5.249761,7.5966797,2.8171403
1990-02-12 12:00:00,0.69600874,0.97825277,3.104641,4.7534294,9.814162,2.3973103
1990-02-13 12:00:00,1.2782397,1.1981158,3.307675,2.511672,8.510903,1.7984676
1990-02-14 12:00:00,0.94888103,1.0384722,4.5574665,2.7560658,6.021769,2.4970055
1990-02-15 12:00:00,1.0157654,1.1154642,4.464456,4.3897386,7.4455914,3.2501943
1990-02-16 12:00:00,1.3796055,1.200203,2.126998,4.0400424,6.6299334,1.8092012
1990-02-17 12:00:00,1.0891144,1.1293854,3.6586928,2.4460278,5.337127,2.197549
1990-02-18 12:00:00,2.867523,1.9891286,4.9296184,5.0158396,5.27267,3.6169128
1990-02-19 12:00:00,2.1471767,1.7659215,2.2438009,5.166622,5.259441,1.9182109
1990-02-20 12:00:00,1.7547715,1.8296556,3.5731504,3.8896735,3.9128332,2.6659303
1990-02-21 12:00:00,1.5498296,1.5029529,3.008341,4.890232,5.272979,2.5566356
1990-02-22 12:00:00,3.1001258,2.789006,4.5735755,6.2338367,4.3543024,4.3227882
1990-02-23 12:00:00,3.6524308,3.1622431,6.591636,5.8061914,4.119174,4.7765737
1990-02-24 12:00:00,2.6503258,2.204304,5.94017,5.518765,7.4466815,2.760093
1990-02-25 12:00:00,1.5464214,1.4354327,4.341351,3.0184734,4.7973595,2.9898372
1990-02-26 12:00:00,1.7025368,1.3831408,3.683,2.551791,2.8851569,1.7289385
1990-02-27 12:00:00,1.6842706,1.9747285,2.5072951,5.169715,3.9755626,1.4543995
1990-02-28 12:00:00,4.3306274,3.7329335,5.887978,5.348482,6.0747185,2.991459
1990-03-01 12:00:00,4.1958847,3.7704241,6.72942,6.453751,4.5829706,3.741598
1990-03-02 12:00:00,2.855121,2.4622936,5.5069995,5.477451,4.3862643,4.0453696
1990-03-03 12:00:00,3.1594868,2.5569212,3.9788768,3.9712892,3.4639874,2.5436957
1990-03-04 12:00:00,2.4186306,2.3079925,4.2075243,4.3702235,4.144134,2.7832398
1990-03-05 12:00:00,2.2851648,2.2025402,5.263105,5.342836,6.419892,4.1353707
1990-03-06 12:00:00,3.7420163,3.4209824,6.848373,6.4668636,8.480449,4.8318863
1990-03-07 12:00:00,3.9305718,3.7672474,5.766256,6.6357636,7.5583315,4.14822
1990-03-08 12:00:00,2.2771206,1.8759649,3.2849212,4.5422497,6.3152843,2.6428912
1990-03-09 12:00:00,0.9757515,1.047986,2.513812,4.601468,6.7195454,1.51152
1990-03-10 12:00:00,1.8970526,1.3076932,3.0967023,4.040862,7.3764505,1.7902932
1990-03-11 12:00:00,2.1968167,1.5670738,2.2694767,4.3341737,5.233592,1.411398
1990-03-12 12:00:00,2.9885974,2.675763,2.080809,4.628579,3.7787304,2.0222256
1990-03-13 12:00:00,1.3656657,1.4215858,2.1977718,2.930699,3.1258235,1.331985
1990-03-14 12:00:00,1.7777798,1.9027421,2.862937,2.317917,2.4756827,2.1364846
1990-03-15 12:00:00,2.8132765,2.8803203,4.5261497,4.156521,2.5562942,3.2281897
1990-03-16 12:00:00,2.4435961,2.1187034,3.4510517,4.077241,3.0176625,2.5931323
1990-03-17 12:00:00,3.504522,2.5788794,4.642838,5.476341,4.1078033,3.7537117
1990-03-18 12:00:00,4.724616,3.5905569,5.8443217,5.2091737,4.464845,3.5739472
1990-03-19 12:00:00,2.599849,2.0323138,3.3672988,3.7104049,3.6146986,2.302793
1990-03-20 12:00:00,2.980967,2.640301,6.6534567,6.2277126,5.398957,4.709583
1990-03-21 12:00:00,4.570985,3.7120545,8.586171,7.356334,3.3832724,6.144136
1990-03-22 12:00:00,5.352083,5.000389,7.7217083,8.919418,5.436673,5.4323597
1990-03-23 12:00:00,4.4762564,3.9127522,5.268973,4.931139,6.0567474,3.2789736
1990-03-24 12:00:00,2.6450768,2.3392498,3.1038055,3.2679787,5.4073763,1.8241318
1990-03-25 12:00:00,1.785476,1.8744293,2.5453854,4.1638155,4.0833673,2.094891
1990-03-26 12:00:00,1.3759174,1.5134611,4.4654236,2.8030884,4.509464,2.8910642
1990-03-27 12:00:00,1.2905588,1.1833872,3.0249603,3.239737,3.8594904,2.1420398
1990-03-28 12:00:00,2.5364308,2.4917758,4.59032,5.9450107,5.053772,3.2629063
1990-03-29 12:00:00,3.3054762,3.4965699,5.8209014,5.5464773,4.846083,3.8245757
1990-03-30 12:00:00,1.2891035,1.3873011,3.0503032,2.3937247,4.138089,2.1418612
1990-03-31 12:00:00,1.2831411,1.3493284,3.013657,3.2230453,4.0949917,2.4391308
1990-04-01 12:00:00,2.2913878,2.1485422,2.985546,3.145855,3.6971319,1.7115628
1990-04-02 12:00:00,3.4993844,3.320663,5.364085,5.2792096,4.8566833,3.995277
1990-04-03 12:00:00,4.025975,3.620147,5.6169147,7.0671754,4.8829513,3.952654
1990-04-04 12:00:00,3.4650068,2.9274888,4.436495,5.8816247,5.1262608,3.1756003
1990-04-05 12:00:00,3.6562972,3.242487,5.178257,4.61524,6.114469,3.6343637
1990-04-06 12:00:00,2.1999903,2.205567,3.084629,3.823275,4.510312,2.376121
1990-04-07 12:00:00,1.7092686,1.5933714,3.476495,2.6481946,5.1578617,1.8706044
1990-04-08 12:00:00,2.0206394,1.8132304,4.0193343,3.383824,5.7085958,2.4108407
1990-04-09 12:00:00,2.5337443,2.5094705,4.615724,5.1190586,5.288316,4.1583695
1990-04-10 12:00:00,1.0313727,1.2209402,2.4985828,3.5329123,6.236246,2.4907036
1990-04-11 12:00:00,2.5567534,2.3061178,4.812901,4.0928164,5.1231704,3.245399
1990-04-12 12:00:00,2.5555372,2.4782774,4.470426,3.8917308,4.0439053,2.5849724
1990-04-13 12:00:00,1.8397589,1.7310245,4.270867,2.72648,3.3489523,2.29807
1990-04-14 12:00:00,1.286593,1.4688314,3.63875,3.5666327,4.0950146,3.6099324
1990-04-15 12:00:00,1.7393224,1.6280956,3.426467,4.067054,6.048052,3.673447
1990-04-16 12:00:00,1.6371609,1.6380979,3.8415644,3.5273695,6.408629,3.5489285
1990-04-17 12:00:00,1.4529625,1.6702543,4.724018,3.1984284,5.905257,3.5870414
1990-04-18 12:00:00,2.2132607,2.2375677,4.4316072,3.6447635,3.9657786,2.8347952
1990-04-19 12:00:00,2.488688,2.453053,3.7798238,3.835626,3.8518915,2.6416693
1990-04-20 12:00:00,2.6139264,2.547683,3.3079681,3.907121,4.496019,2.3575625
1990-04-21 12:00:00,1.9188256,1.9963129,4.385734,3.019483,4.019724,2.5148854
1990-04-22 12:00:00,3.2770796,2.5040088,4.4048862,4.5704026,3.707113,3.55641
1990-04-23 12:00:00,3.4925737,3.3885117,5.2438526,6.209649,5.254055,3.036752
1990-04-24 12:00:00,2.766002,2.7558136,5.1085515,5.2581296,5.786876,3.8808935
1990-04-25 12:00:00,3.4284968,3.2633939,4.1295433,3.9671164,4.3594804,2.2829766
1990-04-26 12:00:00,3.2389336,3.193668,4.2942,4.5705395,3.6167288,3.5622942
1990-04-27 12:00:00,2.0959086,2.0270004,3.66211,3.2834964,4.7379766,2.3387876
1990-04-28 12:00:00,2.081737,1.7475102,3.1839826,2.6660376,5.493448,2.0822437
1990-04-29 12:00:00,1.4771006,1.2261233,3.1348174,2.2823977,3.0880115,2.5843058
1990-04-30 12:00:00,1.1729097,1.0507027,2.7587068,2.1086617,2.6932428,1.9375898
1990-05-01 12:00:00,1.8539641,1.427773,2.7385197,2.4041145,2.1123457,2.4438305
1990-05-02 12:00:00,1.7571583,1.6406809,2.6702573,4.03952,2.4684093,2.6585615
1990-05-03 12:00:00,2.893544,2.4987888,4.220288,5.400139,3.6302974,3.4333487
1990-05-04 12:00:00,3.3325248,2.6656148,3.867656,4.8070087,3.689921,3.425546
1990-05-05 12:00:00,2.7766943,2.6156933,3.3303397,3.5887253,4.1652737,2.2667935
1990-05-06 12:00:00,2.0165226,1.674781,4.620063,2.350567,2.4759116,2.4993815
1990-05-07 12:00:00,1.8542644,1.6002789,3.5964,2.324523,3.7548368,1.9649134
1990-05-08 12:00:00,1.4287636,1.2751378,3.4002035,2.0077279,4.5135794,1.8360045
1990-05-09 12:00:00,1.421927,1.5006429,2.563459,2.2601986,3.7133324,1.4946026
1990-05-10 12:00:00,1.4723117,1.3409691,2.830726,2.5774183,2.3333719,1.5775958
1990-05-11 12:00:00,1.5309045,1.3475074,2.5203807,2.294622,3.12358,1.8714623
1990-05-12 12:00:00,2.2409372,1.7117997,2.5325704,2.0219011,3.4506912,1.3323685
1990-05-13 12:00:00,1.637079,1.6238688,2.5501454,2.3983479,2.6206942,1.4356762
1990-05-14 12:00:00,1.6296028,1.5659957,2.6908245,2.2545228,2.9515965,1.4137164
1990-05-15 12:00:00,1.818025,1.7712866,3.299917,3.8979456,3.2915657,2.1098883
1990-05-16 12:00:00,3.228264,2.915666,3.812186,2.6710658,4.9966006,2.3743083
1990-05-17 12:00:00,2.7794776,2.4435267,3.1797805,3.166829,3.723521,2.851402
1990-05-18 12:00:00,2.6095643,2.2198272,3.0485728,2.6564121,3.8395877,2.6927216
1990-05-19 12:00:00,1.6714814,1.2590889,1.9394543,2.7349985,3.9874735,1.3874372
1990-05-20 12:00:00,1.2210064,1.1540031,2.1249099,2.2426577,4.032383,1.5640363
1990-05-21 12:00:00,1.5480435,1.4163139,2.6496372,2.1729946,2.6288197,1.4674811
1990-05-22 12:00:00,1.8215314,1.477463,2.346978,3.7372026,2.7494304,1.261172
1990-05-23 12:00:00,2.3036973,1.4616456,3.025828,2.8464723,3.017026,1.7113992
1990-05-24 12:00:00,1.5696237,1.4564362,2.387115,2.7364085,2.887565,2.3547978
1990-05-25 12:00:00,2.5063224,2.0288713,2.2369125,2.676953,4.5142064,2.0737052
1990-05-26 12:00:00,2.0182934,1.6575664,2.7164347,2.6969287,5.579904,2.1998143
1990-05-27 12:00:00,2.5508506,2.274653,4.067757,4.371715,5.9297256,3.875746
1990-05-28 12:00:00,3.573888,3.0006754,4.7761316,4.183191,4.878603,4.0372977
1990-05-29 12:00:00,2.8940027,2.5061624,3.248341,5.1137495,4.221458,3.0755823
1990-05-30 12:00:00,3.0659986,2.4025936,3.629214,4.1961913,2.925447,2.5137107
1990-05-31 12:00:00,3.5705411,2.6812162,5.3498316,2.618922,1.8303713,2.0564032
1990-06-01 12:00:00,3.2678547,2.662433,4.804759,3.2137158,2.1590393,2.0113437
1990-06-02 12:00:00,2.397581,1.7766573,2.8063562,3.0364525,2.9931903,1.6508055
1990-06-03 12:00:00,2.6065233,1.9718478,3.571586,2.8642511,2.5997508,1.9058224
1990-06-04 12:00:00,2.6013412,2.4064229,3.5892088,3.4737024,3.3001509,2.080787
1990-06-05 12:00:00,2.7963276,2.065889,4.216971,3.1118128,3.8930905,1.8470448
1990-06-06 12:00:00,2.1106133,1.7231042,2.8447993,4.979859,3.8517976,1.5153767
1990-06-07 12:00:00,1.7310416,1.6836041,1.7295452,4.557479,4.4005756,1.4489955
1990-06-08 12:00:00,1.8088603,1.8518872,2.7557154,3.1901834,4.064458,2.5547757
1990-06-09 12:00:00,1.8562394,1.5814228,2.2335246,3.88583,4.5183296,1.5756644
1990-06-10 12:00:00,1.2352848,1.1793038,1.8348821,3.7223976,4.7306314,1.1305448
1990-06-11 12:00:00,2.1971107,1.9643526,2.4126248,2.9953923,5.080084,1.3089813
1990-06-12 12:00:00,3.0309105,2.5937386,3.7792168,4.5263376,3.7078183,2.230871
1990-06-13 12:00:00,3.931003,3.0878026,3.6377127,4.3583436,2.3190103,2.5868955
1990-06-14 12:00:00,4.913021,4.0032177,5.1708026,4.535796,2.585165,3.5448005
1990-06-15 12:00:00,3.2000666,3.0266309,4.046417,4.986003,3.4903812,2.8858793
1990-06-16 12:00:00,3.2669644,2.7133715,4.21479,3.594745,3.02472,2.642194
1990-06-17 12:00:00,1.9664383,2.2897208,3.1497252,3.8132937,2.738445,2.633611
1990-06-18 12:00:00,1.9452217,1.8029438,3.6284406,2.7939417,2.8252797,1.9425558
1990-06-19 12:00:00,3.688449,3.0202317,5.1295433,3.1464314,2.8351355,3.248305
1990-06-20 12:00:00,2.661016,2.3943918,3.8324187,3.5253594,3.2759268,3.3393085
1990-06-21 12:00:00,1.1390476,1.0907137,2.8552895,2.351345,3.285837,2.370366
1990-06-22 12:00:00,2.0329437,1.6944103,3.6355796,2.794089,3.7722356,2.4153736
1990-06-23 12:00:00,2.3754141,1.9331344,3.36183,3.2264242,4.119137,1.9829069
1990-06-24 12:00:00,2.0769017,1.9414381,3.4791157,3.0455852,3.4463987,2.3149362
1990-06-25 12:00:00,1.4423146,1.2001067,2.490622,2.0508153,3.518169,1.6308697
1990-06-26 12:00:00,1.3831589,1.1974299,2.548079,2.3924234,4.337973,0.99490416
1990-06-27 12:00:00,1.8312899,1.4381654,2.1871889,2.8950806,4.0760646,1.113361
1990-06-28 12:00:00,0.95076644,1.0134968,2.6521935,2.1674132,3.309086,1.2779981
1990-06-29 12:00:00,1.9340042,2.0418537,3.5994582,2.8310504,3.2913232,2.0595114
1990-06-30 12:00:00,2.068163,1.7588738,2.5640717,2.3927386,2.394294,1.7306136
1990-07-01 12:00:00,2.1064768,1.5562191,2.545414,2.5256832,2.7239707,1.5567361
1990-07-02 12:00:00,1.5369899,1.7559448,4.1286993,2.8478515,3.616386,2.1308367
1990-07-03 12:00:00,3.052812,3.1322224,4.96263,3.7888937,4.01129,2.638338
1990-07-04 12:00:00,3.5914445,3.655874,4.9924927,4.3744526,2.290988,2.910389
1990-07-05 12:00:00,2.9535904,2.8330126,4.036202,3.2003376,2.7176554,2.3509774
1990-07-06 12:00:00,2.554233,2.657586,3.8965101,3.0312338,3.2309136,2.8426385
1990-07-07 12:00:00,2.1654673,1.9436291,3.9803896,2.5996728,3.1657462,2.9155521
1990-07-08 12:00:00,1.5920272,1.3608652,4.0688467,2.3205936,2.4704037,2.9044456
1990-07-09 12:00:00,1.866168,1.7083886,3.599217,2.7157602,2.4368505,2.6488152
1990-07-10 12:00:00,2.4333034,2.0022318,3.4860396,2.9187777,3.157978,2.5323482
1990-07-11 12:00:00,2.4101472,1.901539,3.5018477,2.2841318,3.3228714,2.2756631
1990-07-12 12:00:00,3.492147,2.9358487,4.2196326,3.1063497,3.3380237,2.9381175
1990-07-13 12:00:00,2.3420434,2.0015466,3.2594676,2.2902234,2.9672184,1.8296067
1990-07-14 12:00:00,1.4257808,1.1683698,2.6238186,1.8311673,2.1635163,1.5024642
1990-07-15 12:00:00,2.2669787,1.4970565,3.4160023,2.312523,1.8305811,2.2701135
1990-07-16 12:00:00,2.424716,1.7649956,3.1013472,2.4490378,2.2680855,2.4166288
1990-07-17 12:00:00,1.756476,1.7141737,4.5017676,2.7445002,2.5625799,2.5878727
1990-07-18 12:00:00,2.900659,2.4103944,4.8152356,3.7715256,2.447996,3.101402
1990-07-19 12:00:00,2.094777,1.5204381,2.7439902,4.1013613,2.58213,1.8875688
1990-07-20 12:00:00,1.5249299,1.3326093,3.523706,2.8521135,3.2403958,2.2443533
1990-07-21 12:00:00,1.0649054,1.1522876,3.596732,2.5978692,3.8794534,1.3362286
1990-07-22 12:00:00,1.1939796,1.1527779,2.537331,2.0699215,3.9295645,1.1834944
1990-07-23 12:00:00,1.818088,1.6146193,2.5042534,2.552716,3.2408829,1.6109623
1990-07-24 12:00:00,2.1410694,1.8324542,2.5957315,2.5948393,2.7762358,1.702766
1990-07-25 12:00:00,3.209754,2.5455363,2.4240885,3.2330303,3.3634982,1.7251893
1990-07-26 12:00:00,2.7687724,2.4459283,1.9211895,4.54768,3.942954,1.7366284
1990-07-27 12:00:00,1.5099168,1.2341459,1.8270363,2.809564,4.198375,0.9607408
1990-07-28 12:00:00,1.5964401,1.4325216,1.8930056,2.1493351,3.2097673,1.4588975
1990-07-29 12:00:00,3.7235384,2.6073747,3.048056,2.8497274,2.3672438,1.8846365
1990-07-30 12:00:00,2.482082,1.8760208,3.2652464,2.233552,1.8428775,2.4829702
1990-07-31 12:00:00,1.1535769,0.9914422,2.853002,1.7543275,2.1938248,2.4239097
1990-08-01 12:00:00,1.4521122,1.4600028,2.5011392,2.147596,3.325194,2.113104
1990-08-02 12:00:00,2.4955068,2.2373204,3.1747458,2.485436,3.3876114,2.0861137
1990-08-03 12:00:00,2.96911,2.7228804,4.5585885,3.7447324,3.1924284,2.906031
1990-08-04 12:00:00,2.7125678,2.467507,4.147682,3.3373928,4.4796543,2.5942419
1990-08-05 12:00:00,1.8852819,1.6426479,3.1092396,2.8505385,3.770407,1.9019039
1990-08-06 12:00:00,1.3468447,1.3055328,4.5822635,3.308635,5.0554323,2.8218575
1990-08-07 12:00:00,1.8749516,1.555634,5.8536725,4.1034555,3.9057643,4.364619
1990-08-08 12:00:00,1.8402333,1.9060631,4.5445495,4.2888684,2.7617068,2.939482
1990-08-09 12:00:00,2.6927116,2.1166987,4.2425866,3.3768811,4.4115343,2.6208405
1990-08-10 12:00:00,2.5566745,2.0552957,3.6173997,2.7934794,4.1049585,2.0432565
1990-08-11 12:00:00,1.3122821,1.1515237,2.091371,2.1236074,2.301055,1.7133867
1990-08-12 12:00:00,0.88176113,0.86112654,1.3409797,2.020306,1.995623,1.3515247
1990-08-13 12:00:00,1.1939045,1.2855331,3.586478,1.7826414,2.6137216,1.3278985
1990-08-14 12:00:00,1.1336622,1.266032,2.9977422,2.3841274,4.235509,1.508561
1990-08-15 12:00:00,1.1581609,1.0277231,2.3794005,2.1170025,5.1442075,1.0654752
1990-08-16 12:00:00,1.284322,1.0006803,1.8582826,1.448543,4.6861386,1.429548
1990-08-17 12:00:00,2.6133862,1.8664547,2.8525894,2.240027,3.432115,1.5470172
1990-08-18 12:00:00,2.943139,2.1620026,3.9242725,2.6097422,3.4593272,1.757736
1990-08-19 12:00:00,2.7402215,1.8884991,3.2579205,3.3322349,3.774406,1.4681585
1990-08-20 12:00:00,2.7865655,1.8728083,3.284052,4.4318066,3.528711,1.2620679
1990-08-21 12:00:00,1.7064239,1.3769956,2.7633266,4.749761,3.536599,1.437619
1990-08-22 12:00:00,2.0017638,1.8098634,2.3278444,3.9566543,3.7383535,1.3046439
1990-08-23 12:00:00,2.2414122,1.8544698,2.5481222,3.419913,3.534363,1.5439944
1990-08-24 12:00:00,1.7655089,1.4361066,3.028786,3.5605462,6.0243464,1.7454677
1990-08-25 12:00:00,2.8333778,2.3847952,3.5660062,4.640194,6.6769457,2.4075804
1990-08-26 12:00:00,1.9585766,2.229091,4.691708,5.4128947,5.0004177,2.790612
1990-08-27 12:00:00,2.4189606,2.4353623,3.2730458,4.056653,4.222379,1.868484
1990-08-28 12:00:00,3.0272486,2.6342711,2.4053397,3.8667185,3.8999262,1.7246308
1990-08-29 12:00:00,2.4611068,2.3624895,2.59678,4.4153266,4.455681,3.1598096
1990-08-30 12:00:00,2.0008683,1.949113,2.8447142,2.960582,4.6097426,1.7480444
1990-08-31 12:00:00,2.0012987,1.8740206,3.1901193,3.349712,3.8959997,2.1889808
1990-09-01 12:00:00,1.4202178,1.0396427,3.363009,2.6204696,3.344719,1.6259354
1990-09-02 12:00:00,0.89975756,0.89986974,2.3278096,1.6963838,3.3059876,0.9999784
1990-09-03 12:00:00,1.2207063,1.1497722,2.7670455,1.6874951,2.6975343,1.5539254
1990-09-04 12:00:00,1.7124786,1.3177222,2.6703517,1.9327708,2.7160332,2.003547
1990-09-05 12:00:00,2.5214286,1.6814351,3.1135151,2.0501993,1.8001021,2.1154468
1990-09-06 12:00:00,2.6434994,1.9386357,2.4921982,2.5499556,1.8088231,2.0534124
1990-09-07 12:00:00,1.3279555,1.3069634,3.1774673,3.921292,2.2504272,2.3950627
1990-09-08 12:00:00,1.5855124,1.5701901,3.474425,3.9346926,2.6194763,2.4386106
1990-09-09 12:00:00,1.5490115,1.5337024,4.129284,3.3972769,2.0770514,2.884018
1990-09-10 12:00:00,2.2412157,2.2568884,4.080736,3.2467015,2.6305876,2.570516
1990-09-11 12:00:00,1.3487649,1.340708,3.4826384,3.931857,2.8822215,2.2319455
1990-09-12 12:00:00,1.8464348,1.6012089,4.040276,3.1666412,2.8448977,2.395208
1990-09-13 12:00:00,2.1309175,2.0155184,5.193733,2.513864,3.1208882,2.6466017
1990-09-14 12:00:00,2.9147525,2.4985802,4.6655,4.79053,3.3705163,3.715095
1990-09-15 12:00:00,5.1459713,3.9193542,6.5682926,4.257092,5.7001567,3.5695376
1990-09-16 12:00:00,3.8380225,2.6369288,5.0668025,3.8606992,6.1265426,2.5707242
1990-09-17 12:00:00,3.4676526,2.7961135,5.1371427,4.6769314,5.8812976,3.0231366
1990-09-18 12:00:00,3.1267436,2.8886673,5.3234663,6.8743224,6.2547646,4.852839
1990-09-19 12:00:00,1.2447908,1.3219264,4.2790556,4.1118264,4.4679956,3.470164
1990-09-20 12:00:00,1.5284625,1.3302742,2.2119265,3.5995734,5.213319,2.2346475
1990-09-21 12:00:00,0.7326407,0.9066255,2.838649,2.8076694,5.429113,2.822385
1990-09-22 12:00:00,1.7732115,1.6933013,2.5470529,2.6238017,5.1307583,2.0103567
1990-09-23 12:00:00,0.9908746,1.2004253,2.6065595,2.1570475,5.0654855,1.7574215
1990-09-24 12:00:00,2.4003172,1.863688,3.1816528,2.5671248,3.2329004,1.6986661
1990-09-25 12:00:00,2.4974494,2.2247553,3.9625657,3.0484388,3.0246456,1.961418
1990-09-26 12:00:00,1.2842387,1.5756663,5.665684,2.5655568,2.369232,3.0131092
1990-09-27 12:00:00,1.263277,1.5880061,4.861184,2.9829254,3.5127106,3.261844
1990-09-28 12:00:00,1.6824067,1.5564041,3.8955297,4.5531173,6.51229,2.900371
1990-09-29 12:00:00,0.905047,0.91891545,3.1697652,3.2726433,6.552335,1.9759227
1990-09-30 12:00:00,1.5014038,1.2660561,3.9722757,2.7885287,4.2891555,1.5634952
1990-10-01 12:00:00,3.2887154,2.7037578,5.090683,3.6321428,2.8920262,2.5127115
1990-10-02 12:00:00,2.6899328,2.5968144,5.651145,5.0666676,4.0216594,3.4770994
1990-10-03 12:00:00,1.8131166,1.955305,5.578098,3.7496502,2.8187685,3.4101002
1990-10-04 12:00:00,1.2207314,1.3347659,4.932526,2.666805,2.079058,3.069892
1990-10-05 12:00:00,0.88284135,0.94308275,3.9838297,1.8151135,1.8976377,2.126112
1990-10-06 12:00:00,0.76569825,0.80918366,2.9843726,1.860469,2.3921797,1.6557162
1990-10-07 12:00:00,0.93572223,0.9472352,2.4747136,3.1233413,5.121474,2.099934
1990-10-08 12:00:00,0.57554805,0.8966787,2.1997166,3.8517292,4.6504335,1.8169687
1990-10-09 12:00:00,0.9793438,0.92917305,2.2707942,2.406563,3.9295156,1.2773856
1990-10-10 12:00:00,1.6267492,1.4538587,3.170086,3.4852936,4.31556,3.0314445
1990-10-11 12:00:00,3.9413056,3.3802524,4.3594313,4.7552814,5.1394076,3.1486077
1990-10-12 12:00:00,2.3203342,2.1673925,2.4601724,2.9077387,3.9902344,1.7776636
1990-10-13 12:00:00,2.290153,2.083431,2.8054214,3.056223,4.5116167,1.4358947
1990-10-14 12:00:00,2.3589635,2.289733,2.1175025,2.3254752,5.185014,1.5852119
1990-10-15 12:00:00,1.2801352,1.3546327,2.154072,3.051699,5.612561,2.0252247
1990-10-16 12:00:00,1.5621347,1.5340898,3.1185393,4.6751647,5.0604587,3.002639
1990-10-17 12:00:00,1.3379399,1.4450322,3.5964084,4.019138,3.0617166,2.5722601
1990-10-18 12:00:00,2.779822,2.7132528,4.5599985,5.1362443,3.470262,3.2701924
1990-10-19 12:00:00,2.5500531,2.3642762,3.2197485,4.050434,3.8391254,2.79984
1990-10-20 12:00:00,1.6969103,1.7972994,2.459621,3.1097078,3.727349,2.142882
1990-10-21 12:00:00,1.3177941,1.2314436,2.6589637,2.2050695,3.1404629,2.049532
1990-10-22 12:00:00,1.2137886,0.9807087,2.5719895,1.5439767,2.2457347,1.3533593
1990-10-23 12:00:00,1.1287957,0.9844236,1.521301,1.2399318,1.841299,1.1420002
1990-10-24 12:00:00,0.9071924,0.86960703,1.4413458,1.2609543,1.767571,1.0044004
1990-10-25 12:00:00,0.6840036,0.73777956,2.031817,1.3278774,1.9966072,1.3982908
1990-10-26 12:00:00,2.2583387,1.9124554,3.8827412,3.5359216,2.6772707,2.07729
1990-10-27 12:00:00,3.1606498,2.7852914,5.2531376,5.085353,3.1520946,2.760552
1990-10-28 12:00:00,2.9901404,3.0431309,6.108847,6.554578,3.7216494,3.729007
1990-10-29 12:00:00,1.580096,1.642234,4.654273,6.192948,6.241513,3.8304014
1990-10-30 12:00:00,2.143805,1.9969885,3.696947,5.0351562,7.3882723,3.7686665
1990-10-31 12:00:00,1.2514166,1.2407922,3.9247193,3.3319573,7.0775137,2.320794
1990-11-01 12:00:00,3.1719046,2.539862,5.4716434,4.517458,5.2338967,3.851267
1990-11-02 12:00:00,3.1065502,2.5100613,4.8791566,5.644535,3.8559453,3.9120586
1990-11-03 12:00:00,2.1376584,1.7554775,5.180464,5.3167152,4.0121007,4.2842984
1990-11-04 12:00:00,2.1079097,1.8926026,4.1525006,3.9583764,4.8913903,2.9325154
1990-11-05 12:00:00,1.9108024,2.1394808,4.018385,5.4218936,3.239676,3.986817
1990-11-06 12:00:00,1.341744,1.3978976,2.3669724,3.3571684,4.0770526,1.5113161
1990-11-07 12:00:00,1.5846812,1.5405918,3.322446,2.830297,4.2764754,1.6311992
1990-11-08 12:00:00,1.6010947,1.2844896,3.9873047,2.4651663,3.6562686,1.8014759
1990-11-09 12:00:00,0.6919122,0.78227437,4.0994625,2.4436514,3.8748908,1.9820691
1990-11-10 12:00:00,1.0587045,1.009816,3.7155466,4.636464,5.8647704,3.0444345
1990-11-11 12:00:00,0.90749514,1.0245517,3.163024,4.230469,3.6409273,2.7553265
1990-11-12 12:00:00,1.7830169,1.3797998,3.013661,1.8451087,2.6670897,1.6907382
1990-11-13 12:00:00,2.0972364,1.642408,3.1723406,2.07815,4.018069,1.5366583
1990-11-14 12:00:00,1.309144,1.2945837,3.5346684,2.2931485,6.108416,1.6024368
1990-11-15 12:00:00,1.115392,1.4295559,1.9171376,4.2126484,7.1601357,1.8517598
1990-11-16 12:00:00,1.0955216,1.3813441,2.588355,4.579587,3.8947902,1.7528167
1990-11-17 12:00:00,1.0267534,1.2069381,2.6208348,2.7923927,3.0604188,1.9236671
1990-11-18 12:00:00,1.2248862,1.2576246,3.137939,2.8339314,2.8670778,2.1876385
1990-11-19 12:00:00,1.8208396,1.7690939,3.832273,4.4500937,2.6943333,3.739815
1990-11-20 12:00:00,3.5164347,3.0442963,6.2062445,3.760768,2.4699607,3.6643162
1990-11-21 12:00:00,0.9383102,1.0518943,2.0983937,2.7463148,2.1869473,1.3875687
1990-11-22 12:00:00,1.2908276,1.2946146,3.2333999,1.9179177,2.2698104,1.7263716
1990-11-23 12:00:00,1.2993875,1.3852764,2.3924758,2.709288,2.9639518,1.71803
1990-11-24 12:00:00,0.7880416,1.1289599,1.9079787,3.0078435,3.8140206,1.5565907
1990-11-25 12:00:00,1.2247405,1.3819845,3.0899174,2.6733224,6.2302885,1.8727738
1990-11-26 12:00:00,1.8010445,1.6169564,4.427906,3.0517912,4.9100175,2.084263
1990-11-27 12:00:00,2.055034,2.050858,3.0782604,3.8596585,4.561198,1.9558243
1990-11-28 12:00:00,1.1856165,1.5475914,2.5958915,5.9512663,3.8433497,2.8132563
1990-11-29 12:00:00,2.104555,2.009756,6.133302,6.8974185,5.1662517,4.7143784
1990-11-30 12:00:00,2.5700684,2.2944663,5.342244,6.8324337,5.9476156,4.3091974
1990-12-01 12:00:00,2.5396013,3.1783915,4.0560546,5.843029,4.820424,3.1770012
1990-12-02 12:00:00,2.8965766,2.0974135,5.6068873,4.64565,3.1818135,2.8355925
1990-12-03 12:00:00,1.847708,1.4963833,7.1562486,4.384334,3.1749358,3.4096887
1990-12-04 12:00:00,1.7476487,1.4070455,6.048637,3.4517915,4.6341734,2.893789
1990-12-05 12:00:00,0.8462224,0.99499345,4.4538846,3.0299115,4.2235904,2.3475714
1990-12-06 12:00:00,0.58572835,0.9702736,3.2602725,3.6272001,3.0596423,1.9334471
1990-12-07 12:00:00,0.7456838,1.1633326,3.645843,4.0639396,4.90068,1.7752659
1990-12-08 12:00:00,1.1899409,1.2733223,4.304057,2.9070203,5.4317584,1.9264032
1990-12-09 12:00:00,2.9264443,2.062158,5.819758,2.8061259,3.9458647,2.5611393
1990-12-10 12:00:00,3.2511559,2.3563015,5.4440928,3.0835452,3.8109841,2.8914852
1990-12-11 12:00:00,2.1249318,1.6736237,3.8644557,2.8564913,3.7945292,2.0497277
1990-12-12 12:00:00,1.254122,1.3077515,3.020973,3.5200438,4.407052,2.3048694
1990-12-13 12:00:00,0.97171223,1.2499529,2.6815116,5.256675,4.766473,2.701604
1990-12-14 12:00:00,1.2030439,1.4392151,2.749996,3.4559448,3.5422814,1.9542241
1990-12-15 12:00:00,1.9734542,2.121466,3.237439,3.9584527,3.9048786,2.5565116
1990-12-16 12:00:00,1.1882892,1.2655439,3.0705447,3.390746,5.2011557,3.0955486
1990-12-17 12:00:00,0.9909535,1.014467,4.1827826,5.263178,4.541598,3.2982426
1990-12-18 12:00:00,1.0445904,1.198485,4.3900604,4.876439,5.9863486,2.6297407
1990-12-19 12:00:00,0.7958071,0.96829545,5.4676695,2.5166712,4.476531,2.3030767
1990-12-20 12:00:00,1.534884,1.2590237,6.858054,2.9582634,4.4919753,2.8575113
1990-12-21 12:00:00,2.3720033,1.5264744,6.26204,2.8600676,2.7171195,2.853284
1990-12-22 12:00:00,3.2558377,1.9486325,5.247847,2.9865692,3.323685,2.5426557
1990-12-23 12:00:00,2.9234147,2.2648814,3.48079,3.8390794,4.517171,2.2586272
1990-12-24 12:00:00,1.946516,1.6330492,4.280093,4.1607223,4.60834,2.447111
1990-12-25 12:00:00,1.5249898,1.279684,5.1485753,3.3652763,4.7215085,2.150382
1990-12-26 12:00:00,1.9904134,1.3124938,4.5619965,3.4406838,4.341982,2.488751
1990-12-27 12:00:00,1.4045912,1.0686105,5.6337523,3.0866983,3.703717,2.7270856
1990-12-28 12:00:00,2.5343108,1.6740792,6.308533,3.01781,4.014931,2.6668618
1990-12-29 12:00:00,3.5528684,2.3842714,4.312086,3.413051,4.11991,1.8726772
1990-12-30 12:00:00,3.1133685,2.2779264,2.7306545,3.953068,5.089954,1.6792246
1990-12-31 12:00:00,1.9797746,1.5785811,2.7394085,3.4189737,3.7241278,2.050919
1991-01-01 12:00:00,1.8928856,1.4356945,3.7234843,3.415132,2.5922673,1.9205278
1991-01-02 12:00:00,2.5747004,2.1269486,3.674723,2.9162116,3.325364,2.318158
1991-01-03 12:00:00,1.4439952,1.8612739,2.6307566,5.914358,3.5179799,2.2418506
1991-01-04 12:00:00,0.99176615,1.2730242,3.6551282,2.7600877,2.592977,2.4125087
1991-01-05 12:00:00,1.6408575,1.3508769,5.8297744,4.0521355,3.5103776,2.8389397
1991-01-06 12:00:00,2.3495505,2.1840088,5.7258906,5.456248,4.57607,3.8634365
1991-01-07 12:00:00,1.5556104,1.3620106,5.2104096,3.988475,4.2061133,3.095716
1991-01-08 12:00:00,2.1700814,1.8683419,4.825508,3.9691348,4.7977405,3.4148264
1991-01-09 12:00:00,3.219563,2.11448,4.817997,3.1804779,3.6260836,3.436017
1991-01-10 12:00:00,1.2372954,1.1752663,4.5548244,4.5066223,3.7598963,3.6646185
1991-01-11 12:00:00,3.0611115,2.5735931,5.6550574,4.9709206,4.7425866,3.5303137
1991-01-12 12:00:00,3.0047402,2.6951256,4.462485,5.366907,5.997567,3.0585911
1991-01-13 12:00:00,1.4065338,1.8255359,4.5880446,5.0715246,7.5376234,3.1507897
1991-01-14 12:00:00,2.302587,2.3649979,4.344892,4.9806223,6.6808443,2.4752343
1991-01-15 12:00:00,0.93514216,1.2131364,2.4457142,6.0931582,5.9981017,2.3551338
1991-01-16 12:00:00,2.0313098,2.2151554,4.0354815,5.082687,4.3202,4.0409617
1991-01-17 12:00:00,2.528284,2.2168002,2.9965575,3.7182083,3.755564,2.7634895
1991-01-18 12:00:00,4.480766,3.3558836,4.0902376,2.6622865,3.6261175,2.6442335
1991-01-19 12:00:00,3.9488304,3.4732816,4.4755,2.7956922,3.1570601,3.0262318
1991-01-20 12:00:00,3.1030743,2.7683468,3.0836422,2.3975396,2.7643325,2.1918592
1991-01-21 12:00:00,1.3591582,1.6385212,2.6416643,3.2238042,4.6474514,2.3011189
1991-01-22 12:00:00,1.0031439,1.3326339,2.771406,4.1722646,4.8051524,2.264242
1991-01-23 12:00:00,2.5039835,1.8602058,3.7256694,3.8267365,4.643934,2.352058
1991-01-24 12:00:00,1.4216077,1.6406013,3.903562,4.0694437,4.4631214,3.0046434
1991-01-25 12:00:00,2.0744934,1.623631,4.386572,4.1756315,5.30035,2.5770977
1991-01-26 12:00:00,1.2842164,1.5835215,2.7566109,4.396297,4.0403457,2.368671
1991-01-27 12:00:00,3.179712,2.9695225,7.1823025,6.298863,4.8093295,5.1010537
1991-01-28 12:00:00,2.8158038,2.0596097,5.7419806,3.749977,4.4124923,3.558062
1991-01-29 12:00:00,3.0766912,2.095435,3.0878198,4.840866,6.3765974,2.3675191
1991-01-30 12:00:00,4.4408474,3.2598839,5.930959,4.5245285,4.476826,3.5827122
1991-01-31 12:00:00,4.014821,2.7928247,6.8245583,3.90945,4.5347137,3.5350559
1991-02-01 12:00:00,2.366245,1.711955,5.3449435,4.8608265,8.960407,3.14925
1991-02-02 12:00:00,3.4623551,3.2902346,7.941842,7.3519106,7.3045473,5.2512608
1991-02-03 12:00:00,5.415678,3.6268492,7.701699,3.6279588,5.2498665,4.1873507
1991-02-04 12:00:00,1.2978908,1.4452378,3.6157985,4.302954,4.58755,2.7391305
1991-02-05 12:00:00,1.7047057,1.4783874,4.811306,4.334036,4.655504,3.0010257
1991-02-06 12:00:00,0.9657407,1.2930654,2.7968256,4.0852375,4.132182,2.122397
1991-02-07 12:00:00,1.4358046,1.6845884,3.3103797,4.9286957,5.9552975,3.187904
1991-02-08 12:00:00,3.204238,3.4622614,7.120192,8.89001,7.394356,6.3864613
1991-02-09 12:00:00,2.1085136,2.567602,5.252971,6.4365478,8.732701,3.8362498
1991-02-10 12:00:00,1.1843281,1.4041678,5.1101413,5.766243,4.81215,3.7256868
1991-02-11 12:00:00,1.3081359,1.5330104,4.198535,6.6897597,3.92333,3.5554008
1991-02-12 12:00:00,2.2207916,2.1774848,5.797255,7.803617,2.7415721,4.1602855
1991-02-13 12:00:00,2.9376898,3.2630415,3.8633614,5.281067,4.3306437,3.276946
1991-02-14 12:00:00,3.9811106,3.7717066,7.544634,8.31313,7.780459,6.5142827
1991-02-15 12:00:00,4.621202,4.368041,6.9567294,10.43315,8.3073435,5.0101795
1991-02-16 12:00:00,3.4395595,3.873761,4.7158027,9.75483,7.031041,4.3378367
1991-02-17 12:00:00,3.5884137,3.5427036,4.6421037,6.282061,8.021541,3.3859758
1991-02-18 12:00:00,1.8044994,1.870315,2.396691,3.5398252,5.1285977,2.0216427
1991-02-19 12:00:00,1.2798871,1.4457066,2.1782582,5.3275657,6.258164,2.7954557
1991-02-20 12:00:00,1.8859313,1.7822155,4.4355235,8.118679,8.187417,4.4547153
1991-02-21 12:00:00,1.8856887,1.8106196,5.702106,6.176646,7.5109725,5.298314
1991-02-22 12:00:00,3.2665956,3.0705738,6.5565267,6.5233397,7.3909597,5.3168807
1991-02-23 12:00:00,3.9055004,3.2422836,4.8211756,7.775545,7.1655416,4.642247
1991-02-24 12:00:00,3.062698,2.4707503,4.938908,5.8225684,3.8606017,4.064466
1991-02-25 12:00:00,2.7499025,2.2277324,5.8479567,5.815771,5.4080367,3.7926977
1991-02-26 12:00:00,3.078919,2.29093,5.146748,5.0448685,5.257085,3.5592887
1991-02-27 12:00:00,3.7876406,2.6543014,6.87422,2.994283,3.7328737,4.7334323
1991-02-28 12:00:00,3.3792522,2.6592445,6.278549,4.425264,4.017126,4.3116336
1991-03-01 12:00:00,3.5775943,2.887663,5.9725676,4.0534086,3.5478969,3.7174828
1991-03-02 12:00:00,2.8830738,2.278213,4.8269944,3.7700436,3.8454661,2.319085
1991-03-03 12:00:00,1.9783218,1.6163006,3.2424605,4.1966157,4.5172234,3.0094297
1991-03-04 12:00:00,3.2688417,2.9195468,4.65395,6.1956964,5.08101,4.139191
1991-03-05 12:00:00,2.6983113,2.3137913,4.0492563,6.1153603,6.261922,3.552783
1991-03-06 12:00:00,2.7281313,2.1239638,3.901612,3.911712,6.017001,3.1044874
1991-03-07 12:00:00,2.8130867,2.3338125,3.604117,5.346673,7.109229,3.7139087
1991-03-08 12:00:00,2.958247,3.1862,4.026093,8.199953,5.805587,3.745531
1991-03-09 12:00:00,3.087947,3.3657103,4.121502,7.2582817,5.4547315,3.5211866
1991-03-10 12:00:00,3.5802016,3.3315773,4.640543,5.2566543,4.492931,3.2724416
1991-03-11 12:00:00,2.7389493,2.2552104,4.1986313,4.0961866,2.3937764,3.1973975
1991-03-12 12:00:00,1.2411745,1.1228373,2.2159631,2.0575826,2.0632887,1.6832598
1991-03-13 12:00:00,1.9728059,1.5624251,2.6182969,3.032273,3.3111806,1.8143067
1991-03-14 12:00:00,1.8875062,1.4457378,4.7177114,3.1891263,4.042907,2.065619
1991-03-15 12:00:00,1.5834682,1.3127605,3.5384173,2.9011793,3.7560785,1.4465283
1991-03-16 12:00:00,1.0350251,1.0737656,4.3659253,2.9625401,2.370787,2.0268188
1991-03-17 12:00:00,1.0525119,1.1613714,2.2912612,2.8090117,3.0334854,1.6218503
1991-03-18 12:00:00,2.1254702,1.7887598,4.050727,2.6151597,4.9475965,3.3095202
1991-03-19 12:00:00,2.051805,1.6490579,3.3029509,2.1030614,6.5424867,1.6655406
1991-03-20 12:00:00,3.1920788,2.260766,3.7026503,2.4249918,4.007459,1.8448756
1991-03-21 12:00:00,2.871938,2.37716,3.082518,3.0889783,5.1006894,2.6514611
1991-03-22 12:00:00,2.5958931,2.0018227,5.370207,4.359941,8.673448,3.4395747
1991-03-23 12:00:00,4.318836,3.3281667,6.005188,4.9999948,4.3834243,3.3055482
1991-03-24 12:00:00,2.9269996,2.6411183,5.3217587,5.544379,3.577666,3.5396075
1991-03-25 12:00:00,2.4325924,2.1080518,3.458951,5.4069433,5.0241594,3.261062
1991-03-26 12:00:00,2.8994074,2.4959507,4.654968,3.994174,3.7622235,3.204245
1991-03-27 12:00:00,2.8995628,2.8613505,5.7915297,4.732086,4.9471745,3.9442961
1991-03-28 12:00:00,0.9848026,1.6254698,3.568538,4.1627965,7.274226,3.893973
1991-03-29 12:00:00,1.3639438,1.7714477,2.8017259,4.729198,6.070051,2.4352713
1991-03-30 12:00:00,2.3367019,1.9029748,2.401594,2.3542197,5.3278418,1.727364
1991-03-31 12:00:00,1.4167808,1.7933204,4.535731,3.9517846,6.0661316,3.592321
1991-04-01 12:00:00,1.2711267,1.5880775,5.2415257,3.386212,4.4629507,2.959348
1991-04-02 12:00:00,1.1806309,1.4110973,4.7639065,2.1906798,4.631113,2.4874103
1991-04-03 12:00:00,1.0032957,0.9462317,2.7462826,1.7747288,4.0758367,1.7300916
1991-04-04 12:00:00,0.9222207,1.0950217,1.8621292,1.796877,3.9422443,1.3563825
1991-04-05 12:00:00,2.2489047,1.5000775,2.0858307,3.1269555,4.8607016,1.2162416
1991-04-06 12:00:00,1.7905481,1.5448501,2.1043198,4.621206,6.8565044,1.2818161
1991-04-07 12:00:00,1.9831951,1.8487402,2.7637818,5.558435,5.3525014,1.574036
1991-04-08 12:00:00,2.1816993,1.991048,2.9400094,4.0683947,2.7358723,2.2095857
1991-04-09 12:00:00,1.6102107,1.3509883,2.4840865,1.866461,2.7746542,1.7759081
1991-04-10 12:00:00,0.9690448,1.1459177,2.0150576,2.320469,2.7368891,1.6120086
1991-04-11 12:00:00,1.0224335,1.0528284,2.1137986,1.7169677,2.7810395,1.3775959
1991-04-12 12:00:00,1.7637404,1.1089841,1.9385533,1.8602611,2.9420547,1.2131867
1991-04-13 12:00:00,1.3322532,1.0392329,1.6693805,2.920209,2.749145,1.5809828
1991-04-14 12:00:00,0.83251244,0.96048427,1.805551,2.7438781,2.4553287,2.0116246
1991-04-15 12:00:00,2.0781643,1.5550525,2.8605063,2.0172672,3.7679405,1.6061507
1991-04-16 12:00:00,3.1171331,2.4891768,4.780183,2.4297993,4.7765846,2.3278112
1991-04-17 12:00:00,2.9303188,2.391296,5.44432,3.0387785,4.3633695,2.4557557
1991-04-18 12:00:00,2.8182206,2.6320205,5.715567,3.4739141,3.6695564,2.724192
1991-04-19 12:00:00,2.9474778,2.8192778,5.777086,3.5055237,3.0195072,2.8596916
1991-04-20 12:00:00,1.9980335,1.9541157,5.345253,2.5052068,3.1710734,2.554177
1991-04-21 12:00:00,1.8806137,1.4839334,3.1685574,1.7156562,3.0631428,1.9236025
1991-04-22 12:00:00,2.3783188,1.9905162,3.2976606,2.2289057,3.9665492,2.3665972
1991-04-23 12:00:00,2.422082,1.8077749,2.3813374,2.37329,4.0447793,1.3499024
1991-04-24 12:00:00,1.3683457,1.4471635,2.7964683,2.855785,5.584742,2.156122
1991-04-25 12:00:00,1.5521176,1.5563817,2.6027658,2.6693583,6.7815785,2.0501568
1991-04-26 12:00:00,1.7893838,1.5204697,2.700944,5.2785783,7.4997034,2.030895
1991-04-27 12:00:00,2.8218443,2.4806263,3.9581127,4.239965,4.6412473,3.2819374
1991-04-28 12:00:00,2.715448,2.710127,4.8135896,5.43224,5.037916,4.042638
1991-04-29 12:00:00,2.908862,2.9272044,5.8266315,7.039997,6.6720004,4.5630713
1991-04-30 12:00:00,4.4670973,4.154552,6.533184,7.0005813,5.118544,4.408941
1991-05-01 12:00:00,2.543366,2.6180873,3.0315683,5.355495,5.318708,2.6257641
1991-05-02 12:00:00,2.1786525,1.7900038,2.8014846,3.34417,4.8348846,2.2558148
1991-05-03 12:00:00,2.9273906,2.3695047,3.071407,4.453057,5.1667585,2.3449762
1991-05-04 12:00:00,1.5358725,1.79968,2.8388312,2.8888972,2.8323267,2.6976216
1991-05-05 12:00:00,1.4492371,1.6208032,2.4843717,2.7956083,2.1342177,1.800444
1991-05-06 12:00:00,2.3330355,2.1484253,2.5730407,1.8951385,2.127264,1.8853333
1991-05-07 12:00:00,1.6978018,1.5820277,4.2433834,3.8483086,3.0520968,3.8604054
1991-05-08 12:00:00,3.3192995,3.0673776,5.57952,4.186202,3.6178558,3.9030435
1991-05-09 12:00:00,3.6016855,3.290981,4.0694413,4.452216,3.927992,2.2052417
1991-05-10 12:00:00,2.9513626,2.9549959,3.8684328,4.357174,4.819346,2.719019
1991-05-11 12:00:00,1.9987776,1.6181701,2.417864,2.7203941,3.4410148,1.3472708
1991-05-12 12:00:00,1.3406823,1.4419124,2.162416,3.5324259,4.2142787,1.7334194
1991-05-13 12:00:00,1.8890476,1.7824863,2.657511,3.5977051,4.8389473,1.8910097
1991-05-14 12:00:00,2.3220425,2.0555527,2.5817087,3.778855,4.3770723,1.7723036
1991-05-15 12:00:00,3.0274117,2.9644191,3.9682872,5.123562,3.9092023,3.0634034
1991-05-16 12:00:00,2.887942,2.388283,3.830732,3.2763546,4.2696366,1.9784778
1991-05-17 12:00:00,3.1000538,2.9708338,4.4450064,4.3642197,4.5334787,2.816881
1991-05-18 12:00:00,1.5119789,1.743691,2.1014256,4.8580637,6.3679304,1.8389375
1991-05-19 12:00:00,2.5756989,1.8702189,4.083073,3.4990642,4.1942635,2.025178
1991-05-20 12:00:00,2.4699986,2.225126,4.9045563,3.1048415,3.1979318,2.284104
1991-05-21 12:00:00,1.3729479,1.6140033,4.6321893,2.240667,4.2461624,1.7605069
1991-05-22 12:00:00,1.3852911,1.1616591,2.792269,3.4418418,4.5161457,1.7155521
1991-05-23 12:00:00,1.3175957,1.5008637,3.0780313,2.7372885,3.950488,2.213087
1991-05-24 12:00:00,1.5294757,1.562003,2.8703294,4.024275,4.0160203,1.5046922
1991-05-25 12:00:00,2.4676547,2.3534462,2.7371676,4.8426776,4.52246,1.4604653
1991-05-26 12:00:00,3.280822,2.8932338,5.7425966,4.211101,2.8674686,3.0530872
1991-05-27 12:00:00,2.9255338,2.606015,6.1632147,2.8744607,1.7159858,2.6362665
1991-05-28 12:00:00,2.1420147,2.05737,4.8902617,2.5228782,2.7326703,2.1033075
1991-05-29 12:00:00,1.2145197,1.3274769,3.0728285,2.94916,2.973998,1.5353742
1991-05-30 12:00:00,1.0606593,1.0395262,2.0325346,4.2175107,2.6491685,1.241235
1991-05-31 12:00:00,0.91038877,1.1295222,1.7967938,5.071208,2.927532,1.1628925
1991-06-01 12:00:00,1.6281056,1.817275,2.067318,5.085918,4.98703,1.3864838
1991-06-02 12:00:00,1.692888,1.5474705,2.2372756,3.921058,6.4482107,2.2813196
1991-06-03 12:00:00,1.3529711,1.2850908,1.8238833,3.2802474,3.9740076,1.3428283
1991-06-04 12:00:00,2.0229597,1.7834187,3.78277,3.250725,2.7330017,1.6299883
1991-06-05 12:00:00,3.9617105,3.3420854,6.4520087,3.660936,3.6950881,3.0611258
1991-06-06 12:00:00,4.5391335,4.04009,6.007924,4.786597,3.5348575,3.9310095
1991-06-07 12:00:00,2.666252,2.5384033,3.4044046,3.8689837,3.7396924,2.9391134
1991-06-08 12:00:00,1.6951518,1.8779352,3.176028,2.4300606,3.641594,1.7789701
1991-06-09 12:00:00,0.9100262,1.1930064,3.749846,1.9775097,2.8346474,2.109766
1991-06-10 12:00:00,1.4676256,1.3258765,3.5518317,2.1389837,2.5609365,1.9450223
1991-06-11 12:00:00,1.6965953,1.4841771,3.164428,2.7013557,3.2556548,1.7364072
1991-06-12 12:00:00,3.2255604,3.0065532,2.8216493,5.283845,4.0698924,3.1807861
1991-06-13 12:00:00,2.6940598,2.4847543,3.2824526,5.239483,3.8199892,3.2550025
1991-06-14 12:00:00,2.968392,2.3559673,3.3058157,3.0058498,3.077599,1.6790402
1991-06-15 12:00:00,2.4067295,1.7825006,3.107134,2.2020237,3.281289,1.7721263
1991-06-16 12:00:00,1.77735,1.5745901,2.6156147,3.146316,2.7269187,2.093171
1991-06-17 12:00:00,3.053291,2.60099,3.3122816,4.361536,3.0565083,2.715199
1991-06-18 12:00:00,1.4233,1.4537183,2.0814712,3.9672751,2.737695,1.7709881
1991-06-19 12:00:00,3.034089,2.288562,3.7713528,3.1512923,3.1916418,2.549533
1991-06-20 12:00:00,2.2407403,1.8819512,3.1769633,3.3909996,4.2649455,1.9696981
1991-06-21 12:00:00,1.9766278,1.7072922,3.365786,2.8414917,3.3415716,2.0273983
1991-06-22 12:00:00,2.7734385,2.3932328,3.7931995,3.4715278,2.922195,2.7347972
1991-06-23 12:00:00,1.455214,1.2374562,2.616722,2.4768593,2.8015125,1.613147
1991-06-24 12:00:00,3.4902825,2.6251934,4.158262,3.096216,2.6487815,2.3206077
1991-06-25 12:00:00,3.3223557,2.7709367,4.5585074,2.9241378,3.8382156,2.390506
1991-06-26 12:00:00,3.2722325,2.506809,3.043852,2.660688,4.1620164,2.017639
1991-06-27 12:00:00,2.360317,1.6984541,3.1292603,4.431597,4.2314234,1.9662489
1991-06-28 12:00:00,1.6327125,1.98014,2.894033,4.927089,3.1564136,2.6544406
1991-06-29 12:00:00,2.0960763,1.7232709,3.475385,3.7271883,3.2522297,3.1514866
1991-06-30 12:00:00,1.9877303,1.6259301,2.5899274,3.6513684,2.9087338,2.1992302
1991-07-01 12:00:00,1.5391653,1.4839408,3.7915256,3.8254066,2.5346568,2.7897007
1991-07-02 12:00:00,1.9977299,1.8245466,4.6104736,2.9791832,2.632074,2.6770496
1991-07-03 12:00:00,1.8521175,1.519726,2.850961,3.1037,2.8688784,1.9432192
1991-07-04 12:00:00,1.3955898,1.2450236,2.8831682,3.414436,2.9264967,2.3304133
1991-07-05 12:00:00,1.7636507,1.6119481,3.757617,3.556355,3.3921964,2.3020668
1991-07-06 12:00:00,3.0743284,2.8234808,4.610386,3.309059,2.8891397,3.058471
1991-07-07 12:00:00,2.0512238,1.8255564,3.075565,2.7746787,3.1334856,2.0155022
1991-07-08 12:00:00,2.879663,2.7574637,3.722385,3.0636275,3.508539,2.7840261
1991-07-09 12:00:00,1.3740501,1.6717639,3.7868342,2.79466,3.6847413,2.1870973
1991-07-10 12:00:00,1.6658797,1.9782377,4.020445,2.8434327,2.8920574,2.81132
1991-07-11 12:00:00,2.1441064,1.802556,2.8964672,3.9271824,3.2920368,1.4239624
1991-07-12 12:00:00,2.1162145,1.7594851,2.7426078,4.145086,3.4586112,1.3550793
1991-07-13 12:00:00,0.9873638,1.0596954,2.102345,4.360655,3.363424,1.3474658
1991-07-14 12:00:00,1.6046181,1.3012891,2.4635847,3.5278006,3.062145,1.6352262
1991-07-15 12:00:00,1.4779854,1.3771847,2.8155224,2.7182367,3.0048497,1.6187434
1991-07-16 12:00:00,0.8255329,0.98946303,3.3514218,2.3173757,2.519557,1.5541936
1991-07-17 12:00:00,0.863706,0.88473624,2.251019,2.192148,2.0872352,1.5207893
1991-07-18 12:00:00,1.1751854,1.266955,2.5228257,2.2795587,2.1836557,1.658378
1991-07-19 12:00:00,1.6588204,1.5090706,2.241716,3.5679555,2.5207975,1.1468234
1991-07-20 12:00:00,1.6363288,1.3539792,2.6954703,3.4809682,3.5582626,1.2510585
1991-07-21 12:00:00,1.275581,1.2288675,2.0731978,2.4851382,3.162571,1.2196892
1991-07-22 12:00:00,1.4498718,1.3707035,2.0751781,1.5545402,2.6179054,1.0330235
1991-07-23 12:00:00,0.9502179,1.0044706,2.2957942,1.5905614,4.7874475,1.2307948
1991-07-24 12:00:00,1.1042668,1.0010595,2.4296353,2.440062,3.7350922,1.5586354
1991-07-25 12:00:00,1.1153008,0.97382635,2.181365,3.4125338,2.8235614,1.4409285
1991-07-26 12:00:00,1.6799405,1.3230036,1.7099102,3.6523778,3.05807,1.089061
1991-07-27 12:00:00,1.3121908,1.161532,2.049069,2.7108176,3.091978,1.2114961
1991-07-28 12:00:00,1.14694,1.0207012,2.5731587,1.6887974,2.4068813,1.937048
1991-07-29 12:00:00,1.5490539,1.4864196,3.0707793,2.1725297,2.2338302,2.3267972
1991-07-30 12:00:00,2.220685,2.0744624,2.8694978,3.2408514,3.3718321,1.9011174
1991-07-31 12:00:00,1.6971717,1.695123,2.5778444,4.029435,4.4679036,1.5642774
1991-08-01 12:00:00,1.0679452,1.0631582,1.7029734,1.6313406,5.122408,1.3978384
1991-08-02 12:00:00,2.1206083,1.7539663,2.3328035,1.9350077,4.708506,1.4806813
1991-08-03 12:00:00,1.9737644,1.521994,2.0658667,3.3474693,2.920607,1.39065
1991-08-04 12:00:00,3.587284,2.9500751,5.3495436,5.125181,2.677009,3.540971
1991-08-05 12:00:00,1.6627251,1.7444415,2.9006822,4.1134458,3.7319171,2.016563
1991-08-06 12:00:00,2.2167006,2.0968444,3.8124878,3.2157848,3.3982337,2.3428946
1991-08-07 12:00:00,1.5590221,1.5371507,3.2727737,2.2280688,3.0000954,2.24144
1991-08-08 12:00:00,3.0775495,2.5328271,5.990996,4.27498,4.0878057,3.5672455
1991-08-09 12:00:00,2.4361954,2.0525005,6.3067727,3.5271728,5.578468,4.182563
1991-08-10 12:00:00,2.0572357,1.9887141,2.5030587,4.0080605,4.701407,1.656489
1991-08-11 12:00:00,1.4306431,1.3042672,2.2623868,2.3362963,3.630413,1.6041255
1991-08-12 12:00:00,2.9503465,2.5097787,4.711654,3.928437,3.3656464,3.0721266
1991-08-13 12:00:00,2.8263814,2.6769114,4.5819187,5.7384872,4.414823,3.2966173
1991-08-14 12:00:00,2.0080745,1.6967585,4.57634,4.4486194,4.7685223,2.838102
1991-08-15 12:00:00,1.545974,1.3281928,3.171407,2.5758588,4.3694553,1.3985927
1991-08-16 12:00:00,3.2142131,2.5062509,3.2877378,3.1685064,3.75807,1.5296618
1991-08-17 12:00:00,4.407632,3.3872707,3.3102338,3.5315468,3.6639497,2.2599773
1991-08-18 12:00:00,3.0814013,2.491666,3.413413,3.650815,3.8597782,3.1340098
1991-08-19 12:00:00,2.3940997,2.506523,4.26688,4.450777,4.5364366,3.8193398
1991-08-20 12:00:00,1.2947669,1.3923283,2.9774537,2.8777988,3.717539,1.5428743
1991-08-21 12:00:00,1.2379417,1.1021035,2.5793552,2.2864153,3.3563032,1.3485501
1991-08-22 12:00:00,1.0889957,1.0528128,2.9770906,2.2677145,3.0277421,1.3155562
1991-08-23 12:00:00,1.8146305,1.4792855,3.1487112,2.4281259,3.0034652,1.6293213
1991-08-24 12:00:00,1.8624105,1.4234782,3.077122,2.1564522,2.1121984,1.6941435
1991-08-25 12:00:00,2.2917364,1.8504409,4.0405736,2.3785233,2.4075103,1.7790173
1991-08-26 12:00:00,2.8140576,2.29008,4.874634,3.2887325,2.7340329,2.753241
1991-08-27 12:00:00,3.1309648,2.386017,4.171241,4.0579576,3.921901,2.5526297
1991-08-28 12:00:00,2.616603,2.0333328,3.8106363,2.665797,4.418093,2.1416159
1991-08-29 12:00:00,2.2569766,1.9702002,4.746441,3.927038,2.9468331,3.0169473
1991-08-30 12:00:00,2.6866913,2.453582,4.2257414,5.156047,3.1733165,3.7629151
1991-08-31 12:00:00,2.245326,1.9373136,2.815267,6.015752,3.8636932,2.927231
1991-09-01 12:00:00,1.650655,1.5751891,2.0870907,6.148861,4.060557,1.6047482
1991-09-02 12:00:00,0.9747223,1.1117245,2.5850399,2.395494,3.3087091,1.7041053
1991-09-03 12:00:00,1.5750773,1.561946,2.7265527,2.7657135,2.453511,1.9649943
1991-09-04 12:00:00,1.3015187,1.2555245,2.6781147,2.0632718,3.2877438,1.7377837
1991-09-05 12:00:00,2.3098845,1.967013,5.294844,2.4184823,2.5606878,2.3953397
1991-09-06 12:00:00,1.8227854,1.6217966,3.7341847,2.767591,2.9608357,2.3907135
1991-09-07 12:00:00,2.3673532,2.2266204,4.746095,3.0453,2.5724168,3.2074301
1991-09-08 12:00:00,2.9575295,2.6851635,4.4629874,3.1229098,2.3737426,2.6607378
1991-09-09 12:00:00,3.3586478,2.871429,2.8810203,5.4240446,5.8783364,2.3867974
1991-09-10 12:00:00,0.9523492,1.0202059,2.8987923,2.7036219,3.6461103,1.3887312
1991-09-11 12:00:00,2.0698876,1.7599282,2.6826031,3.3946238,3.2373748,1.6761614
1991-09-12 12:00:00,1.6449997,1.5168058,2.093857,3.3551147,2.7272673,1.3881776
1991-09-13 12:00:00,1.3303609,1.3713444,1.9553261,3.514108,2.3951316,1.8079925
1991-09-14 12:00:00,2.8345976,2.0956743,5.294905,3.8245773,2.9407568,2.4360821
1991-09-15 12:00:00,3.1367168,2.3993647,4.0089417,3.423452,3.566168,2.072643
1991-09-16 12:00:00,1.9003699,1.7558149,3.998521,4.110168,3.782217,3.0698605
1991-09-17 12:00:00,1.3868537,1.428244,3.6983945,3.299282,4.0930223,2.705602
1991-09-18 12:00:00,1.8980477,1.6507822,3.6707935,2.5668423,5.3938627,1.6164815
1991-09-19 12:00:00,1.7896097,1.429536,2.4341402,2.6847737,4.8970995,1.6372805
1991-09-20 12:00:00,1.8144064,1.4559727,3.2270637,2.2040544,5.6549134,1.321765
1991-09-21 12:00:00,1.4490513,1.2869371,3.8458045,2.2587876,4.98243,1.3803741
1991-09-22 12:00:00,1.0783889,1.0565269,3.942304,2.5042262,4.9948344,1.7095479
1991-09-23 12:00:00,1.4620278,1.1451929,2.866721,3.3971176,5.567233,1.467612
1991-09-24 12:00:00,1.9239134,1.4750898,1.948068,3.9795737,4.9014506,1.0695622
1991-09-25 12:00:00,1.5941255,1.2512288,2.636802,2.274333,4.5005374,1.3252362
1991-09-26 12:00:00,1.4711121,1.5710803,1.978658,2.827251,4.1758614,1.5719053
1991-09-27 12:00:00,1.6968524,1.4465102,2.5281384,1.9033768,4.377618,1.2689649
1991-09-28 12:00:00,2.3462298,1.5406214,1.8106568,4.241832,8.384939,1.0417393
1991-09-29 12:00:00,1.5102024,1.7910894,2.6978493,5.6214595,7.3725495,1.6388637
1991-09-30 12:00:00,1.3857119,1.6109581,2.8411503,2.9588134,5.1819844,2.3542998
1991-10-01 12:00:00,1.7714267,1.3534014,1.784226,3.3051248,2.4291317,1.5543029
1991-10-02 12:00:00,2.1579854,1.8678004,2.6186974,4.283595,4.1339674,2.0351725
1991-10-03 12:00:00,1.9368379,1.442812,2.8338046,2.924353,3.9595642,1.5144516
1991-10-04 12:00:00,2.7592509,2.3756192,3.8388717,2.99641,4.2065687,1.6904923
1991-10-05 12:00:00,1.6551625,1.6786066,3.6973891,3.2483122,5.246408,2.0371828
1991-10-06 12:00:00,2.4451413,1.9458112,4.586484,4.646588,3.4472418,2.8286457
1991-10-07 12:00:00,3.398055,3.092168,5.041517,6.0288515,3.9300983,3.4509199
1991-10-08 12:00:00,2.7970295,2.4466496,5.896348,3.7400644,5.911877,3.0451267
1991-10-09 12:00:00,4.352684,3.5709598,6.984924,5.16624,5.2116537,3.9826028
1991-10-10 12:00:00,2.7121897,2.4732304,6.7500515,4.076487,4.209553,3.6504064
1991-10-11 12:00:00,3.581033,3.1083665,5.636467,5.7257366,5.2038965,4.8831644
1991-10-12 12:00:00,2.017785,1.8633506,4.0093355,4.2817364,4.4797273,3.7228456
1991-10-13 12:00:00,1.8603456,1.7335812,5.655528,4.0697975,3.979861,3.9239392
1991-10-14 12:00:00,2.0643163,1.8960192,4.6153283,3.6455476,2.4643342,2.9474607
1991-10-15 12:00:00,1.5038316,1.232831,4.5840125,2.2234533,5.320002,2.5571415
1991-10-16 12:00:00,0.7761941,0.958298,1.8524357,2.2316651,5.272966,1.1693305
1991-10-17 12:00:00,0.6005998,0.95216435,1.7775303,2.5516326,3.6625125,1.1623201
1991-10-18 12:00:00,0.6599256,0.8149724,2.6704564,2.2191234,4.3580885,1.6852353
1991-10-19 12:00:00,0.79040825,0.8775593,2.766241,3.9362495,5.5604057,1.790247
1991-10-20 12:00:00,1.1599905,0.9594397,2.9772031,4.1510043,4.4298773,1.4808505
1991-10-21 12:00:00,2.5728996,1.8553609,4.460229,3.373447,3.3828385,2.3428118
1991-10-22 12:00:00,2.899411,2.488188,4.408488,3.6931481,3.9157205,2.4033034
1991-10-23 12:00:00,1.1477646,1.2588629,2.6234126,3.0432982,4.246116,1.3535584
1991-10-24 12:00:00,1.7827218,1.4143435,2.8566012,4.221868,3.7872057,1.4173732
1991-10-25 12:00:00,0.63045144,0.9404948,1.660494,3.1728764,3.733664,1.0847874
1991-10-26 12:00:00,2.40902,1.9266683,4.8578506,2.4040568,3.7920287,2.3137631
1991-10-27 12:00:00,2.065294,1.9031849,4.111602,2.7214167,2.8780096,1.8342688
1991-10-28 12:00:00,2.1423445,1.9244562,5.8873835,4.172484,3.5781236,4.2604628
1991-10-29 12:00:00,4.1775684,3.651079,4.46932,6.0561028,3.717647,3.4999084
1991-10-30 12:00:00,1.8472469,1.3654804,3.0759494,3.5775995,4.5972385,1.9232855
1991-10-31 12:00:00,0.6706531,0.81111646,2.5126672,3.1495457,5.3495665,1.6967347
1991-11-01 12:00:00,0.8032818,0.9007107,4.118073,3.502836,4.8984523,2.7910013
1991-11-02 12:00:00,2.3002443,1.8784891,3.1932046,4.753283,7.3287215,3.309948
1991-11-03 12:00:00,1.6272397,1.7593368,3.6864038,6.1551743,6.8885336,3.5607414
1991-11-04 12:00:00,1.4754306,1.4245437,3.6199713,4.623852,5.4620695,2.8199644
1991-11-05 12:00:00,2.621129,2.244754,3.835838,4.1645207,6.1934004,2.3643706
1991-11-06 12:00:00,1.0349622,1.0319614,3.4254415,2.4942641,4.648924,2.1952183
1991-11-07 12:00:00,1.3027505,1.2510086,2.5032187,2.810266,3.152724,2.352942
1991-11-08 12:00:00,1.4406189,1.4342685,3.312779,2.671312,2.1907473,1.7834054
1991-11-09 12:00:00,1.6507797,1.3901649,5.350096,2.5762622,3.0310133,3.6399806
1991-11-10 12:00:00,1.3244057,1.3432351,3.674294,3.9898574,3.3138874,2.8497734
1991-11-11 12:00:00,1.4973986,1.5464277,2.9922879,3.5616233,3.5793538,2.8982239
1991-11-12 12:00:00,2.468992,2.5654984,6.079833,6.727848,6.0854416,4.527959
1991-11-13 12:00:00,2.2790933,2.2289379,2.9582968,5.7298965,5.399438,2.7094884
1991-11-14 12:00:00,1.1910627,1.1552018,2.116751,4.225052,6.3086267,1.4403415
1991-11-15 12:00:00,0.58794045,0.88613856,3.2225766,5.015714,5.586472,2.5936725
1991-11-16 12:00:00,1.0637795,1.3289121,3.4852602,5.7934437,3.8039024,2.6928058
1991-11-17 12:00:00,3.2915504,2.8805106,3.252438,3.4385362,4.4375553,2.2691414
1991-11-18 12:00:00,0.91436327,1.187117,3.2997088,4.214832,3.2533767,2.8536315
1991-11-19 12:00:00,1.6421163,1.4318645,3.2901316,2.5986881,3.2602513,2.2324038
1991-11-20 12:00:00,2.4397774,2.0199182,2.8796084,2.427784,2.5865986,2.111428
1991-11-21 12:00:00,1.3906945,1.3903124,3.5402324,4.764295,4.938636,2.8580537
1991-11-22 12:00:00,1.8507469,1.4669105,2.5895803,3.6830068,4.630618,1.3629701
1991-11-23 12:00:00,1.9879366,1.6346166,3.0027666,3.6097927,5.056778,2.5878308
1991-11-24 12:00:00,1.1448339,1.1049553,2.8986309,4.107721,5.6411014,2.2128177
1991-11-25 12:00:00,1.4906151,1.3165041,3.398684,3.201971,4.25246,2.196189
1991-11-26 12:00:00,1.2461418,1.295395,4.228869,3.2257628,3.8203065,2.2177129
1991-11-27 12:00:00,2.1345491,1.7615032,4.108459,2.4204032,3.438272,2.2637277
1991-11-28 12:00:00,1.1110767,1.1295105,3.7752738,3.5812657,2.9048393,3.1156006
1991-11-29 12:00:00,1.5342429,1.685169,4.3945875,3.7256434,2.4140267,3.1420503
1991-11-30 12:00:00,2.6371546,2.2500088,3.46687,1.7481682,2.1723137,2.1080425
1991-12-01 12:00:00,1.947164,1.5974445,2.4662902,2.0145552,2.690404,1.8067931
1991-12-02 12:00:00,0.81332505,0.9919055,2.3230088,3.1493266,2.7092898,2.008931
1991-12-03 12:00:00,1.9125878,1.806964,4.636809,5.701643,3.8931472,3.6976588
1991-12-04 12:00:00,1.4659357,1.4532605,3.4947023,4.4083185,5.494011,2.3127115
1991-12-05 12:00:00,1.3878391,1.4184171,2.7584407,3.7851155,5.82137,2.4332607
1991-12-06 12:00:00,2.2829292,1.760725,3.9384265,2.5003655,5.66929,2.254107
1991-12-07 12:00:00,1.4325032,1.5834143,3.0378475,6.4060087,7.5354295,3.3667886
1991-12-08 12:00:00,4.2901673,3.4630315,5.6805077,8.299276,10.178115,4.698347
1991-12-09 12:00:00,1.7068686,1.7379339,4.1866856,7.204796,8.578551,3.5800483
1991-12-10 12:00:00,1.9619322,1.799979,5.908413,4.6038585,8.34934,4.1543016
1991-12-11 12:00:00,2.5311275,2.0468652,4.345476,3.7941434,6.7574086,2.0477955
1991-12-12 12:00:00,1.9229343,1.6813211,4.7369385,5.8778515,4.769429,4.032814
1991-12-13 12:00:00,2.9914973,2.6847212,6.3845034,7.271219,6.188166,4.4943423
1991-12-14 12:00:00,1.8282367,1.8539118,3.0501158,6.7201347,8.332741,2.7447135
1991-12-15 12:00:00,1.446101,1.506425,2.8717785,4.0011563,6.811805,1.677719
1991-12-16 12:00:00,1.7230835,1.6970689,2.3888545,3.6805098,4.05498,2.1074789
1991-12-17 12:00:00,2.0174975,1.9528137,4.619408,6.6772394,5.1002555,4.10723
1991-12-18 12:00:00,4.293559,3.8802426,6.8884225,4.2152386,5.5732284,5.285336
1991-12-19 12:00:00,2.8641298,2.3009393,6.332003,3.2812471,4.347871,4.0960507
1991-12-20 12:00:00,2.5165346,2.1360378,5.03966,6.320055,6.0012336,4.099738
1991-12-21 12:00:00,5.3107533,4.143751,7.8344817,6.642229,6.9011693,5.6628737
1991-12-22 12:00:00,4.2755275,3.657183,5.7556705,7.7716265,5.4851804,4.948695
1991-12-23 12:00:00,1.0489205,1.1437598,3.1926045,5.0859222,5.739287,2.9854662
1991-12-24 12:00:00,2.7746518,2.4956188,5.2174444,7.064252,6.579667,4.310516
1991-12-25 12:00:00,1.1912777,1.4602475,2.3653936,5.9988375,5.874506,2.419618
1991-12-26 12:00:00,0.51759857,0.8211535,2.5274918,5.1961956,4.247075,2.789964
1991-12-27 12:00:00,1.0443714,1.0434797,2.560415,5.2319446,4.6796336,2.747814
1991-12-28 12:00:00,1.3236487,1.2860132,2.5890918,6.3290653,7.4457355,2.5151134
1991-12-29 12:00:00,1.58724,1.5650402,2.6489174,3.8162394,7.0024,1.9014262
1991-12-30 12:00:00,2.065206,1.5375689,3.0350008,2.363585,8.334339,2.1441152
1991-12-31 12:00:00,2.0225763,1.6153544,5.2748313,3.6556735,7.185189,2.8768706
1992-01-01 12:00:00,2.907332,2.1959682,6.768065,4.7937975,6.4760513,3.6490955
1992-01-02 12:00:00,2.4833412,2.2174797,5.786974,5.8568783,5.1700153,4.4032364
1992-01-03 12:00:00,1.5948749,1.3791261,4.6052628,4.8953495,4.511697,3.5389776
1992-01-04 12:00:00,2.739952,2.3014038,5.8106456,4.971186,4.4083896,4.5142603
1992-01-05 12:00:00,3.4390101,2.6560605,6.0287323,3.9502058,5.1900373,5.098903
1992-01-06 12:00:00,1.9998516,1.7314402,4.8320985,4.4345307,3.9980104,2.6746173
1992-01-07 12:00:00,2.1062264,2.0748885,4.3793526,7.415174,4.975841,3.782843
1992-01-08 12:00:00,1.4960907,1.6259681,3.2188964,4.712876,6.1989293,2.4485774
1992-01-09 12:00:00,1.3456161,1.553213,3.3221526,5.5106554,5.72377,2.9493792
1992-01-10 12:00:00,1.0023742,1.2717788,3.6147642,3.7836256,6.4983754,2.9756505
1992-01-11 12:00:00,1.6563718,1.7676145,6.8986936,6.199541,6.2426667,5.401819
1992-01-12 12:00:00,3.8281257,3.0070019,5.0522294,6.1081696,6.043032,4.121945
1992-01-13 12:00:00,2.3621078,1.8758214,3.9950058,4.8317356,4.584884,3.613226
1992-01-14 12:00:00,3.2097516,2.3588674,5.789718,3.6768863,3.7396917,3.1082845
1992-01-15 12:00:00,3.2959394,2.7067764,4.8126903,4.8316703,4.6503243,3.3512719
1992-01-16 12:00:00,1.616612,1.3779826,3.7654016,4.54312,4.854421,3.0163167
1992-01-17 12:00:00,0.74837273,0.9936205,2.9984155,3.1527495,3.7191231,2.4177802
1992-01-18 12:00:00,0.8386091,0.9381017,3.791977,3.4495473,4.390741,2.3808053
1992-01-19 12:00:00,1.3093193,1.3093569,4.2280912,2.3598592,4.120854,1.964929
1992-01-20 12:00:00,2.4894798,2.0260642,4.344676,2.9385796,4.8850145,2.3749971
1992-01-21 12:00:00,2.0371897,1.766013,3.8509502,4.125867,7.4509587,2.2709625
1992-01-22 12:00:00,1.3918269,1.7137184,2.4848177,6.3068957,4.9130135,2.566861
1992-01-23 12:00:00,1.4976422,2.1450825,5.0167336,6.275239,4.4464564,3.8848174
1992-01-24 12:00:00,1.2243979,1.4730574,3.008374,2.8027735,3.3393967,1.9655566
1992-01-25 12:00:00,1.1782497,1.2836136,4.2794237,4.816854,5.334844,3.7092736
1992-01-26 12:00:00,0.92170215,1.094339,5.8095694,4.3403826,5.3639073,3.491106
1992-01-27 12:00:00,1.5329998,1.2959881,4.424284,2.327616,3.7510371,1.9866959
1992-01-28 12:00:00,2.2662163,1.4462583,4.895017,3.2432985,4.1841326,2.096342
1992-01-29 12:00:00,2.0164933,1.3851666,4.919814,3.8789945,4.390869,2.3667777
1992-01-30 12:00:00,1.9685116,1.3671596,4.0558896,3.4557493,4.2133336,1.9801936
1992-01-31 12:00:00,1.2907807,1.0951589,3.0451903,3.2844877,3.862433,2.0188358
1992-02-01 12:00:00,1.0245159,1.0090592,3.3208308,3.648481,3.7605183,2.221051
1992-02-02 12:00:00,1.3963009,1.0885977,3.6209314,4.341632,4.0507755,2.1890693
1992-02-03 12:00:00,1.3083705,1.1347874,3.7409835,4.770769,3.832747,3.1928601
1992-02-04 12:00:00,0.8436309,1.1975486,2.5770795,5.93648,3.3446476,2.3178883
1992-02-05 12:00:00,1.2331233,1.6918507,3.1146266,3.8985598,3.2646704,2.889273
1992-02-06 12:00:00,0.9555287,1.1843743,3.6028152,4.3791156,3.5045183,3.3303444
1992-02-07 12:00:00,3.799193,3.0724277,5.55167,3.6858575,2.91571,3.8434632
1992-02-08 12:00:00,1.5449929,1.522024,3.419445,4.1788907,2.8239598,2.494969
1992-02-09 12:00:00,1.9641129,1.7688143,3.906181,3.9639583,3.5043013,2.6729505
1992-02-10 12:00:00,3.3095078,2.7515461,4.09385,2.4370706,5.018562,2.147463
1992-02-11 12:00:00,2.7030487,2.256666,3.3522346,2.1900804,4.674763,2.2011025
1992-02-12 12:00:00,1.5844603,1.9156309,2.7576225,4.727762,4.676763,2.1092968
1992-02-13 12:00:00,1.1897221,1.4800439,3.1255956,6.6728315,4.913722,3.2185025
1992-02-14 12:00:00,2.6434963,2.5953603,8.170948,7.650224,4.166762,6.0341516
1992-02-15 12:00:00,3.320461,2.9183931,6.134476,5.8440084,5.4052944,4.3982773
1992-02-16 12:00:00,3.3787751,2.8385687,5.8261247,4.7593374,3.9603133,3.7645814
1992-02-17 12:00:00,3.1460955,2.5938458,5.0143647,4.7073855,4.457173,2.351688
1992-02-18 12:00:00,1.8754271,1.5422736,4.3999834,4.8794813,5.039339,3.0357013
1992-02-19 12:00:00,2.6424174,1.9818596,5.027831,3.8458333,3.711741,3.2539704
1992-02-20 12:00:00,3.373737,2.234761,4.6245914,2.4211802,3.8525279,2.7161443
1992-02-21 12:00:00,1.5771267,1.3443711,4.753654,4.3119016,3.7955942,2.9935606
1992-02-22 12:00:00,1.6415857,1.6036435,3.6873684,6.200453,6.723657,3.6109958
1992-02-23 12:00:00,4.1358423,3.2959285,6.349788,5.950353,6.017505,4.3273363
1992-02-24 12:00:00,3.865062,3.2953784,5.0993605,4.8510957,4.8622227,2.9423394
1992-02-25 12:00:00,2.7738557,2.172168,3.722469,5.8364134,7.093387,1.737533
1992-02-26 12:00:00,1.5701025,1.6216186,3.5615332,5.345019,6.852753,2.218299
1992-02-27 12:00:00,3.3708332,2.3610792,5.406493,3.9060826,6.742753,2.8667567
1992-02-28 12:00:00,2.7267344,2.3232136,3.234057,3.0762153,6.4770637,3.3727217
1992-02-29 12:00:00,2.2306738,1.5899417,3.4348555,4.205592,7.594273,2.4388645
1992-03-01 12:00:00,3.0948486,2.7383199,5.27069,8.960631,8.368228,4.776452
1992-03-02 12:00:00,2.9678411,2.5292509,3.9962006,6.7204313,7.064382,3.534485
1992-03-03 12:00:00,2.5796065,2.2862728,4.073612,6.8723083,7.079366,4.5996475
1992-03-04 12:00:00,2.3524294,2.2942142,4.7252364,5.1909075,8.43635,4.051029
1992-03-05 12:00:00,2.113858,2.085552,4.0598044,4.730731,6.4115176,3.195269
1992-03-06 12:00:00,2.6373713,2.2912328,3.7804136,6.0802865,7.9380684,3.2023036
1992-03-07 12:00:00,1.0966046,1.142041,2.9845846,4.639561,8.288476,1.4826046
1992-03-08 12:00:00,4.4570904,3.34873,5.5584674,4.460086,8.404348,3.5069602
1992-03-09 12:00:00,2.4955664,2.5655878,3.8497224,5.8274827,8.308434,2.729995
1992-03-10 12:00:00,1.5172582,2.0025902,3.148117,3.924595,5.453957,2.4903264
1992-03-11 12:00:00,1.3801996,1.3658857,2.3442867,3.0908444,6.270982,2.0851343
1992-03-12 12:00:00,2.034717,1.6172559,2.4717512,2.875082,4.6313624,1.5002786
1992-03-13 12:00:00,2.3231182,1.6018751,3.1951761,2.141301,4.8324156,1.6419002
1992-03-14 12:00:00,2.0290484,1.4996486,4.3935823,2.9217215,5.121409,2.3269258
1992-03-15 12:00:00,1.3679587,1.4102093,4.9123435,2.9131033,4.648091,2.4777412
1992-03-16 12:00:00,0.8886995,0.97541034,2.6820378,4.182407,5.9836645,2.0358737
1992-03-17 12:00:00,0.8182821,0.91056025,1.8532333,6.008026,7.415581,2.6034377
1992-03-18 12:00:00,0.9733538,0.97265935,2.183394,5.5860105,6.264743,2.9619632
1992-03-19 12:00:00,2.1962118,2.0856328,5.113937,5.8897386,6.5735307,4.9937987
1992-03-20 12:00:00,3.7528028,3.6894207,6.589131,7.9192004,8.1222515,5.5902853
1992-03-21 12:00:00,3.9880323,3.61782,5.1197495,5.648308,8.884067,4.18171
1992-03-22 12:00:00,3.610337,3.4127176,6.313019,5.507476,6.2311172,3.4485629
1992-03-23 12:00:00,2.1074953,1.9700259,4.4766397,5.163399,5.169929,3.8279514
1992-03-24 12:00:00,2.1893985,2.022912,4.5267973,4.971234,3.945007,2.941202
1992-03-25 12:00:00,2.6958258,2.434595,3.8372412,4.289517,4.888712,2.8849328
1992-03-26 12:00:00,2.0466664,1.8792027,4.252879,4.618229,5.184718,3.8378963
1992-03-27 12:00:00,2.8597662,2.1119115,3.9449735,4.147431,6.893693,3.06863
1992-03-28 12:00:00,1.978369,1.7590595,4.560764,4.429192,4.6869464,4.2174497
1992-03-29 12:00:00,1.7991219,1.893475,3.2459037,2.6054032,3.6249216,2.1012306
1992-03-30 12:00:00,2.5984368,2.2397127,3.7794702,3.313238,2.8942332,2.8395436
1992-03-31 12:00:00,2.4821765,2.4309108,5.0069127,4.776145,3.9251034,4.2899804
1992-04-01 12:00:00,3.8478842,3.7713394,7.062506,6.5304418,4.8386264,5.3766584
1992-04-02 12:00:00,3.866221,3.3881176,6.051455,4.9434786,6.4818892,4.159685
1992-04-03 12:00:00,3.5472999,3.1822155,3.7790725,4.818203,6.207928,3.1531365
1992-04-04 12:00:00,2.551477,2.3196738,4.820922,5.2989664,6.6282926,3.7160282
1992-04-05 12:00:00,4.7829676,4.240609,7.5353107,8.749715,7.7935247,5.687679
1992-04-06 12:00:00,4.786713,3.905282,6.477782,5.657734,8.928832,4.6837697
1992-04-07 12:00:00,4.5911646,3.9579287,6.729484,3.7711556,4.2335935,4.3042455
1992-04-08 12:00:00,3.9208653,3.6477594,5.643999,5.4697676,5.9481664,4.02902
1992-04-09 12:00:00,2.3829741,2.405695,3.9622014,2.5969956,4.120821,2.6433964
1992-04-10 12:00:00,3.0927284,2.2613957,3.7347515,2.263882,3.7053578,1.6542805
1992-04-11 12:00:00,4.3843756,3.8224092,4.246659,2.7194557,2.5598223,2.3700347
1992-04-12 12:00:00,2.321256,2.6291459,3.5799189,3.7992108,3.7136788,2.0992975
1992-04-13 12:00:00,1.7357211,1.4430244,4.320164,2.7947385,3.950109,2.2066827
1992-04-14 12:00:00,2.605372,2.1071405,2.9421322,2.8706727,3.41207,1.860375
1992-04-15 12:00:00,1.9687431,1.6367165,2.3178978,2.851784,4.5280194,1.6953017
1992-04-16 12:00:00,2.2882524,1.893757,2.965869,3.1994438,6.0990615,2.3276632
1992-04-17 12:00:00,2.364196,2.0138593,3.9765315,3.6451104,4.57238,3.0389912
1992-04-18 12:00:00,3.328961,3.1112366,4.9336095,4.395548,3.9989824,4.0453773
1992-04-19 12:00:00,1.6482768,1.6016138,3.43099,3.5093067,5.372513,3.7712765
1992-04-20 12:00:00,1.8029287,1.6711266,5.171665,2.8895516,3.8437028,3.0922277
1992-04-21 12:00:00,1.682442,1.4937602,3.0546305,2.6829798,5.8750987,1.8261566
1992-04-22 12:00:00,1.7791435,1.8844063,3.4310296,4.355534,5.174595,2.9269671
1992-04-23 12:00:00,2.7156048,2.1543822,4.205908,3.8943985,4.6319633,2.8682578
1992-04-24 12:00:00,1.6002455,1.3761913,2.5280287,3.0494618,5.392134,1.4369868
1992-04-25 12:00:00,2.0587792,1.6954281,2.413042,5.21818,6.1982803,0.9250956
1992-04-26 12:00:00,1.7126539,1.5873169,2.9571533,3.072739,5.08694,1.2565252
1992-04-27 12:00:00,2.0066953,1.9379464,3.6736412,2.9398885,5.176056,2.4946754
1992-04-28 12:00:00,3.901794,3.5253756,4.4470797,5.7772007,4.709816,3.2461407
1992-04-29 12:00:00,2.6711187,1.9506427,4.4785132,3.4852784,5.1821237,2.7217333
1992-04-30 12:00:00,2.3954406,1.9147017,4.7198257,4.3692226,4.5192056,2.457781
1992-05-01 12:00:00,1.6187203,1.8547307,4.6872745,3.342794,3.9224808,1.8927203
1992-05-02 12:00:00,2.1086576,1.7424247,4.225303,3.4536414,3.3581545,2.3841197
1992-05-03 12:00:00,4.05501,3.0634003,5.2855935,4.3460617,4.1812153,4.805662
1992-05-04 12:00:00,3.189074,2.519624,3.5226414,4.3020754,4.4710193,3.8531654
1992-05-05 12:00:00,2.1797256,1.8289821,3.315206,2.9251947,3.4645026,2.7340326
1992-05-06 12:00:00,1.6379983,1.5313433,2.3162458,2.936054,2.8041918,1.7472364
1992-05-07 12:00:00,2.9716425,2.812191,5.396561,4.210409,3.8497598,2.9303906
1992-05-08 12:00:00,2.8667502,2.9352224,3.553707,6.3383904,4.6482244,3.5859458
1992-05-09 12:00:00,2.1608915,2.2099435,2.8958418,4.479487,6.6202164,1.6926575
1992-05-10 12:00:00,1.2771257,1.2632897,2.3503394,2.5491276,3.1909735,2.293445
1992-05-11 12:00:00,1.9068547,1.8127663,2.5309365,2.8263257,2.98694,2.4415195
1992-05-12 12:00:00,1.1689969,1.480074,2.213409,1.9903941,3.814936,1.6334853
1992-05-13 12:00:00,1.4419264,1.4107492,2.5746555,2.833275,4.467186,2.2391636
1992-05-14 12:00:00,2.1104994,2.0870965,3.5500162,4.8453135,4.319851,2.8023016
1992-05-15 12:00:00,3.4030004,3.1036222,3.5649388,4.9849634,4.9452963,2.2139568
1992-05-16 12:00:00,2.1708765,2.0256484,3.9147758,3.3445828,4.6704755,2.4599113
1992-05-17 12:00:00,2.2938342,1.8485007,3.991145,2.554327,2.5831206,2.0096714
1992-05-18 12:00:00,1.7822798,1.548853,3.0856194,2.1805158,2.0881438,1.4255309
1992-05-19 12:00:00,1.413669,1.4242579,3.2508078,2.139424,2.436086,2.004069
1992-05-20 12:00:00,1.6846896,1.6419681,2.4891775,2.4401305,3.0088305,1.7222322
1992-05-21 12:00:00,1.5067554,1.3759369,3.2244759,1.6840664,2.5036988,1.4825892
1992-05-22 12:00:00,1.307072,1.3018737,2.38251,1.706483,2.6110709,1.4626478
1992-05-23 12:00:00,1.2584661,1.1400118,1.5546821,3.133548,3.2540402,1.1836793
1992-05-24 12:00:00,1.3730439,1.3843133,1.6930257,3.765027,4.3050337,1.3664972
1992-05-25 12:00:00,1.4001337,1.23312,1.5016875,3.532838,4.730355,1.3401202
1992-05-26 12:00:00,1.2531455,1.2692465,1.8254337,3.326014,3.779375,1.3183374
1992-05-27 12:00:00,1.2165346,1.2707292,1.7954469,2.567414,2.5272024,1.3970706
1992-05-28 12:00:00,1.7882686,1.5729873,2.454417,2.5965729,2.4980364,1.4211167
1992-05-29 12:00:00,1.7912749,1.4275281,3.261326,2.7847588,2.761614,1.5024058
1992-05-30 12:00:00,1.6509187,1.3571538,2.7870314,3.4132302,3.1703582,1.8024913
1992-05-31 12:00:00,1.4082704,1.16899,2.8950932,3.5153756,3.1951752,2.5197592
1992-06-01 12:00:00,1.1994957,1.2284328,4.039119,2.5874572,3.218178,2.5440857
1992-06-02 12:00:00,1.254003,1.7408837,3.1776624,2.8005598,3.4740348,1.4902287
1992-06-03 12:00:00,1.9705973,1.6583622,3.0276005,2.2831032,3.2447479,1.4001583
1992-06-04 12:00:00,2.2057843,2.2224655,4.2928014,3.4888034,3.9549272,3.128207
1992-06-05 12:00:00,2.719891,2.6054764,4.4835706,3.442625,3.275324,3.387728
1992-06-06 12:00:00,2.4905813,2.1091614,3.5120356,4.027558,4.7261395,2.9574301
1992-06-07 12:00:00,1.5657339,1.4282203,3.5995734,3.1467814,5.437487,1.8102552
1992-06-08 12:00:00,1.1780058,1.4090827,3.4653945,4.049195,4.952954,2.1177013
1992-06-09 12:00:00,1.312444,1.2056806,1.7093146,2.6745505,4.6262827,1.363026
1992-06-10 12:00:00,0.94067353,1.0072253,1.3828834,3.293257,4.3223343,1.164203
1992-06-11 12:00:00,1.7949072,1.499039,1.8538308,4.2028565,4.514761,1.1730453
1992-06-12 12:00:00,1.9777416,1.6305273,1.8067293,4.244714,4.1921144,1.4968319
1992-06-13 12:00:00,3.2163165,2.2523806,2.5401394,2.8934126,3.2074337,1.8346097
1992-06-14 12:00:00,1.8629905,1.7246344,2.777658,2.2771447,2.937234,1.7539313
1992-06-15 12:00:00,1.5802941,1.2777859,2.272075,1.6330985,2.3753805,1.4709319
1992-06-16 12:00:00,1.4550028,1.502987,1.7930673,1.5599104,2.7374532,1.25798
1992-06-17 12:00:00,1.0311245,1.131966,2.0636394,1.6628747,3.0103643,1.4461582
1992-06-18 12:00:00,1.7136235,1.4868624,2.4781766,2.1152158,3.587246,1.5907595
1992-06-19 12:00:00,1.2228792,1.3060005,2.5488474,3.0510275,4.035357,1.4299928
1992-06-20 12:00:00,1.3609431,1.1687466,1.7848935,2.2010996,2.931559,1.1882665
1992-06-21 12:00:00,1.5953753,1.4314797,2.092124,2.2626941,2.5592563,1.2115784
1992-06-22 12:00:00,1.6209319,1.4054658,2.901419,2.1539505,3.7730913,2.382643
1992-06-23 12:00:00,3.1939003,2.685613,3.2585218,3.218755,2.8137734,2.7189045
1992-06-24 12:00:00,2.2464962,2.0075092,3.0337737,4.5812097,2.5666964,2.0906155
1992-06-25 12:00:00,1.0004852,1.0382087,2.3138769,2.368975,2.3138905,1.5098963
1992-06-26 12:00:00,2.7175157,2.294258,3.6680343,2.241478,2.2699068,1.823355
1992-06-27 12:00:00,2.8993735,2.3022468,3.4837198,3.079248,3.6917667,1.8382808
1992-06-28 12:00:00,3.9656353,3.387887,6.2061357,3.3068485,3.3366103,2.4128726
1992-06-29 12:00:00,3.2656815,2.5992837,3.335976,4.7339416,3.9828324,2.6027973
1992-06-30 12:00:00,2.3951368,2.0727627,3.3219702,2.8692698,4.105161,1.7937317
1992-07-01 12:00:00,2.1380463,1.9846231,3.2060452,3.678977,3.4188273,1.9169996
1992-07-02 12:00:00,1.2941628,1.4387294,2.5233214,2.7573533,2.4495513,2.057805
1992-07-03 12:00:00,2.0108843,1.7544878,2.185787,3.295649,3.0074918,1.3648849
1992-07-04 12:00:00,1.016525,1.259666,2.7503328,2.7013762,3.5566428,1.7792963
1992-07-05 12:00:00,1.1304342,1.1801496,2.837268,2.705576,2.9291918,2.0144076
1992-07-06 12:00:00,0.79657453,1.2039775,2.5473592,3.2581663,2.1266851,1.7953779
1992-07-07 12:00:00,1.1616051,1.3608214,1.5753199,2.6626604,2.8215957,1.4255778
1992-07-08 12:00:00,1.2667162,1.3871511,2.104573,2.0224812,2.940166,1.3963245
1992-07-09 12:00:00,0.7093318,0.8871799,1.8182505,1.7880266,4.4773245,1.3063407
1992-07-10 12:00:00,1.3911142,1.4681935,2.7053292,2.54175,2.7501028,1.7854694
1992-07-11 12:00:00,2.0267224,1.9824572,2.9601479,2.9928591,2.4109585,1.9183217
1992-07-12 12:00:00,2.381335,2.4852064,3.2062974,3.4087667,3.148601,2.7432818
1992-07-13 12:00:00,2.342006,2.2406373,2.5729792,3.9806283,3.1974087,2.2877367
1992-07-14 12:00:00,3.3706563,2.7582889,3.776104,3.353479,3.9124684,2.912052
1992-07-15 12:00:00,1.9097624,1.8105501,5.4438515,3.415891,3.511962,3.3152635
1992-07-16 12:00:00,3.8538003,3.171579,4.6538205,4.7909985,4.0572934,3.9029183
1992-07-17 12:00:00,2.3104107,1.7528101,2.7195125,3.7223902,3.518252,2.3919306
1992-07-18 12:00:00,2.1693819,1.7456539,3.286785,3.1476915,3.389325,2.5793135
1992-07-19 12:00:00,1.3038001,1.4423299,3.645836,3.1229308,3.4756722,2.189881
1992-07-20 12:00:00,2.528921,2.3430123,4.311669,3.4733222,3.2080052,2.798795
1992-07-21 12:00:00,2.5368347,2.2166388,3.8299387,3.5717604,3.68839,3.0112066
1992-07-22 12:00:00,3.0041287,2.51071,3.6937752,3.5037913,2.5687647,3.1414738
1992-07-23 12:00:00,1.8098525,1.55612,3.3713882,3.327999,2.6188695,2.2148879
1992-07-24 12:00:00,1.9924493,1.7097574,4.0365043,2.7669582,2.8543453,2.1574492
1992-07-25 12:00:00,1.311243,1.3033981,4.318091,2.3790386,3.346673,2.0076387
1992-07-26 12:00:00,1.4394741,1.1473775,2.9629655,1.8422551,2.7657568,1.366904
1992-07-27 12:00:00,0.97967017,1.0763915,2.1592298,1.8964261,2.4518702,1.16265
1992-07-28 12:00:00,1.0344865,1.2344981,1.593583,2.4199867,2.7854872,1.1158408
1992-07-29 12:00:00,1.2954094,1.1811361,1.4744954,2.0772398,2.1033342,1.0143133
1992-07-30 12:00:00,1.402932,1.3312187,1.8654374,2.946428,2.3701723,1.2337701
1992-07-31 12:00:00,1.7723193,1.6253704,2.00892,4.113531,2.9514186,1.2528775
1992-08-01 12:00:00,1.8237615,1.5849414,2.662759,2.4933455,3.292398,1.1286801
1992-08-02 12:00:00,2.3005204,1.621873,2.4395776,2.0961492,2.8829885,1.1786542
1992-08-03 12:00:00,2.6772037,2.021429,2.7310567,2.3662224,2.653427,1.2516285
1992-08-04 12:00:00,3.203188,2.2718978,3.2028675,2.353853,2.180129,1.8012882
1992-08-05 12:00:00,2.37346,1.7770734,2.7179909,2.286084,2.4786143,1.5319791
1992-08-06 12:00:00,0.94566405,1.085986,2.1787043,2.5422127,2.3781831,1.3942
1992-08-07 12:00:00,1.0836875,1.235255,3.6232712,2.7759266,2.3464465,2.2151818
1992-08-08 12:00:00,1.1163939,1.2482004,3.059069,1.9837568,2.6856046,1.588666
1992-08-09 12:00:00,1.4347765,1.4581727,2.816749,2.5407376,3.0972633,2.332818
1992-08-10 12:00:00,1.5972456,1.4561757,2.6566205,3.2682006,3.0223086,2.7657971
1992-08-11 12:00:00,1.5608068,1.4146982,2.0908375,2.0245075,2.6245966,1.9057578
1992-08-12 12:00:00,0.95944077,1.1622441,1.9806647,2.290441,3.8301852,1.2112871
1992-08-13 12:00:00,1.8839198,1.7077562,2.854013,2.3395548,3.6442266,1.628435
1992-08-14 12:00:00,2.0231194,1.8477359,4.088936,3.0672855,3.3845835,1.8562746
1992-08-15 12:00:00,1.7756655,1.4824871,3.0464418,3.9266732,3.408083,1.6800373
1992-08-16 12:00:00,1.6216016,1.2861611,2.316379,3.8501253,3.509667,1.6003493
1992-08-17 12:00:00,2.6769676,1.9678777,2.9431267,3.9612021,4.381554,2.021761
1992-08-18 12:00:00,1.8410146,1.8574274,2.5085163,4.348062,5.1348333,1.3583547
1992-08-19 12:00:00,3.141201,2.425133,3.1896708,4.9415393,4.333606,1.5726285
1992-08-20 12:00:00,3.1207988,2.526243,4.221416,4.7242193,4.584072,1.9761653
1992-08-21 12:00:00,3.8978634,2.9353743,5.0998626,3.434128,3.0953693,2.3264184
1992-08-22 12:00:00,3.781591,2.8231287,4.6606674,3.172929,2.942328,2.0426714
1992-08-23 12:00:00,2.7867336,2.2826195,3.6288993,4.1689167,3.7853096,1.9175382
1992-08-24 12:00:00,2.8285522,2.3856199,2.5967176,4.1537066,3.279516,1.7417537
1992-08-25 12:00:00,3.55227,2.8685136,4.3190994,3.8780322,2.2030165,2.3011417
1992-08-26 12:00:00,4.1114836,3.177333,3.469181,3.5434015,2.7233357,1.8588799
1992-08-27 12:00:00,3.4425027,2.6060123,3.329072,3.2904773,3.7850904,1.679412
1992-08-28 12:00:00,3.5554726,2.8507378,3.8367867,3.3852518,3.541558,2.0212138
1992-08-29 12:00:00,3.544574,2.6646264,4.564578,2.8703618,3.1582725,2.06865
1992-08-30 12:00:00,4.0356402,2.9719837,4.9016833,2.9662254,1.7721925,2.110273
1992-08-31 12:00:00,3.721157,2.6476793,4.6445084,2.7560897,2.3306425,2.125657
1992-09-01 12:00:00,1.988069,1.4586087,3.5143528,2.6611824,3.5475733,1.573038
1992-09-02 12:00:00,1.065017,1.118523,2.6755424,2.4750173,3.967341,1.7541775
1992-09-03 12:00:00,2.7504518,2.2945526,2.4428275,3.5500786,3.2145429,2.622474
1992-09-04 12:00:00,2.0235221,1.7023598,2.3928397,2.3485293,3.7816648,2.1906216
1992-09-05 12:00:00,2.0062704,1.5787004,2.3934944,2.1749296,1.5304464,1.2552806
1992-09-06 12:00:00,1.20368,1.336297,2.402085,3.3723516,2.4833903,2.2389338
1992-09-07 12:00:00,1.9818761,1.6824636,2.613662,2.9884226,2.769079,2.444118
1992-09-08 12:00:00,2.0954204,1.4736366,2.8630538,2.8410504,2.0117815,1.6013805
1992-09-09 12:00:00,3.2128057,2.1375918,4.385031,3.8627596,2.1978283,2.0802608
1992-09-10 12:00:00,4.695227,3.4430892,4.6210217,4.0314536,2.8771346,2.3282063
1992-09-11 12:00:00,4.3049173,3.4798357,3.4519851,3.8007357,2.301584,2.2163174
1992-09-12 12:00:00,2.6586459,2.0725102,2.5581086,3.190287,3.1243448,1.3811754
1992-09-13 12:00:00,3.0376868,2.0888941,3.4555755,2.3234348,3.254622,1.7632732
1992-09-14 12:00:00,4.260063,3.2386878,3.2433987,3.6909463,2.379128,2.1938856
1992-09-15 12:00:00,1.4621952,1.6351842,3.2950125,4.2262983,4.187928,2.678081
1992-09-16 12:00:00,1.4340026,1.6095302,3.0326877,4.141002,5.7462897,2.6632345
1992-09-17 12:00:00,1.6465799,1.5046463,3.120096,1.9579046,5.1031046,1.4961743
1992-09-18 12:00:00,1.1904798,1.3558862,4.0933595,2.82184,3.2441432,2.977248
1992-09-19 12:00:00,3.1265664,2.639471,5.4863677,5.6937213,4.3650913,2.999744
1992-09-20 12:00:00,1.9110603,1.6736678,5.0281835,3.4785428,5.383688,2.911168
1992-09-21 12:00:00,5.2245507,4.1880417,8.832853,5.511329,5.095415,5.1401296
1992-09-22 12:00:00,3.2377956,2.8415976,5.04404,5.998764,4.8166943,3.3733654
1992-09-23 12:00:00,2.5023515,2.2486417,4.2770805,4.9870324,3.7212503,3.6461992
1992-09-24 12:00:00,2.5368094,2.2092884,5.0096755,4.7160487,3.2587569,4.019848
1992-09-25 12:00:00,4.0973635,3.5987723,5.0238314,4.7036,4.932168,3.0655987
1992-09-26 12:00:00,3.1014972,2.5541487,2.5361187,2.8482788,4.8569303,1.3969781
1992-09-27 12:00:00,2.5204525,2.24091,2.9378889,2.7586672,3.6471725,1.8437994
1992-09-28 12:00:00,1.9290712,1.8789208,3.6377208,3.610954,3.9596167,2.9245608
1992-09-29 12:00:00,3.0557718,2.7529957,5.2532988,5.228757,4.2698684,3.9287703
1992-09-30 12:00:00,3.2404346,2.626689,4.948729,3.9045072,4.041873,3.308405
1992-10-01 12:00:00,2.8234584,2.6022582,5.184142,6.0866036,3.9278922,3.9876611
1992-10-02 12:00:00,2.3987103,1.9725662,4.8048763,4.0015917,3.049103,3.4898345
1992-10-03 12:00:00,1.3307319,1.5240475,3.4631283,3.7432864,3.671491,1.7762097
1992-10-04 12:00:00,1.0459803,1.15913,1.8166466,3.4738953,4.117163,1.6856112
1992-10-05 12:00:00,1.7321904,1.470428,3.4006555,4.193729,4.754126,3.1180978
1992-10-06 12:00:00,2.0410895,1.951494,4.6124873,4.1484303,5.647724,2.6089053
1992-10-07 12:00:00,2.2597501,2.21292,2.1883192,4.684214,4.9792275,1.7029588
1992-10-08 12:00:00,2.4996061,2.991074,3.028463,4.968994,4.38096,3.0899575
1992-10-09 12:00:00,2.1537595,2.089941,2.7251368,3.1613703,4.1194496,2.2243595
1992-10-10 12:00:00,1.5500201,1.4024818,2.7548392,3.5253892,4.37393,2.12542
1992-10-11 12:00:00,1.4207301,1.4240973,4.3655596,3.2153769,3.1087556,2.822806
1992-10-12 12:00:00,1.3933387,1.3424928,2.866921,3.0134134,3.7417533,2.362108
1992-10-13 12:00:00,0.8130735,0.8578361,4.0655193,2.9469013,2.858408,2.891693
1992-10-14 12:00:00,1.6246868,1.6241975,3.5433145,6.0813017,4.1288443,3.0768898
1992-10-15 12:00:00,1.3802454,1.6316136,3.1991847,4.4540915,2.8531947,1.79812
1992-10-16 12:00:00,1.5208435,1.3610721,3.0919495,4.4970174,3.6452196,3.0290093
1992-10-17 12:00:00,2.1280112,1.6775609,3.8208606,4.668157,3.6576173,2.2264435
1992-10-18 12:00:00,1.2682403,1.2039268,3.2202477,4.152648,4.337024,2.7126162
1992-10-19 12:00:00,1.9246161,1.8316524,4.6439505,3.0082119,4.07671,1.9708663
1992-10-20 12:00:00,1.2738297,1.3414196,2.866699,3.0485954,4.9424496,1.7807156
1992-10-21 12:00:00,2.93704,2.7584312,5.1326847,4.360493,4.872352,3.0810504
1992-10-22 12:00:00,1.8299415,2.0500762,2.2736611,3.5292954,6.467824,1.8876617
1992-10-23 12:00:00,1.5648804,1.3552804,3.7415907,2.4869401,3.8393347,1.9371984
1992-10-24 12:00:00,1.3708498,1.593963,4.064542,2.461277,3.1949809,2.6431806
1992-10-25 12:00:00,2.1652303,1.8665323,2.5046299,3.3163843,3.7598534,1.6971503
1992-10-26 12:00:00,1.811669,1.4824762,2.818233,3.5630803,3.8300037,2.3598585
1992-10-27 12:00:00,0.92909807,0.8971803,2.219518,2.7267077,4.316761,1.6341177
1992-10-28 12:00:00,0.9851333,1.1853452,1.9693905,2.82007,3.5980864,1.183465
1992-10-29 12:00:00,1.3258591,1.2444608,1.6881922,2.960551,3.6771069,1.5014753
1992-10-30 12:00:00,2.090827,1.5385551,2.7003946,3.1827626,3.5412147,1.3923004
1992-10-31 12:00:00,2.049322,1.4804373,2.241622,3.1520934,2.6689243,1.5874484
1992-11-01 12:00:00,1.2818596,1.1899872,3.7935927,3.3997009,2.571712,1.9405016
1992-11-02 12:00:00,2.9753141,2.552708,3.228024,4.4227667,3.7440803,2.347318
1992-11-03 12:00:00,2.4742687,2.2485032,4.6215343,3.5292513,3.6452742,2.5562336
1992-11-04 12:00:00,3.142926,2.2700546,7.5147295,4.7092714,4.3029366,4.5967417
1992-11-05 12:00:00,1.2881379,1.7731862,4.2413898,5.695436,4.191091,3.8981097
1992-11-06 12:00:00,1.5785958,1.41703,4.3691835,4.480858,4.4804635,3.214278
1992-11-07 12:00:00,2.0865762,2.0547028,4.883935,5.196259,3.7203012,3.9939146
1992-11-08 12:00:00,2.0100057,1.7859533,3.9583182,5.7971897,3.7991064,3.3610752
1992-11-09 12:00:00,2.7341363,2.3440309,4.725951,4.0392485,4.159219,2.926293
1992-11-10 12:00:00,2.1716146,1.8710165,4.0324945,2.9310048,3.8573496,1.9354926
1992-11-11 12:00:00,1.8652457,1.9810641,4.779919,3.9682188,5.815499,2.3230035
1992-11-12 12:00:00,2.9015856,2.4257016,5.3795657,4.131252,4.6863456,2.6682167
1992-11-13 12:00:00,1.563191,1.7623352,4.337519,3.5203793,4.699988,2.0580654
1992-11-14 12:00:00,1.6650711,1.7026967,4.8099494,5.031947,6.4445643,2.9485033
1992-11-15 12:00:00,2.417197,1.7509954,4.2340035,3.913124,7.176186,2.8789144
1992-11-16 12:00:00,2.5554788,1.8962791,5.0014095,3.1892147,5.8541565,3.2127743
1992-11-17 12:00:00,2.2550783,2.0007932,3.2424142,4.14691,4.1250615,2.5277483
1992-11-18 12:00:00,2.4740431,2.2546716,7.109325,4.4415984,3.8007216,4.9142666
1992-11-19 12:00:00,3.8913128,3.7987254,7.3114514,6.3898044,4.766589,5.0147314
1992-11-20 12:00:00,3.34475,3.0425975,3.687509,7.718862,5.834815,3.550175
1992-11-21 12:00:00,2.2709386,2.2251608,4.8117223,5.1945014,7.0651712,3.558108
1992-11-22 12:00:00,1.6264176,1.7328955,2.6339374,3.0435553,4.5328064,1.7858585
1992-11-23 12:00:00,1.4999814,1.4824852,4.3552904,3.5907643,3.7784934,2.563875
1992-11-24 12:00:00,1.2853122,1.474613,2.7458677,3.9655447,3.7683973,1.8199025
1992-11-25 12:00:00,0.9751209,1.1644644,2.2537997,1.9006624,4.6495695,1.651697
1992-11-26 12:00:00,1.8165858,1.5276514,4.3448844,2.177259,4.7654757,2.545359
1992-11-27 12:00:00,2.3348026,2.479401,3.7234955,3.2838376,4.966704,2.5923102
1992-11-28 12:00:00,1.5258157,1.5655252,6.5073333,4.240378,3.631899,4.1013737
1992-11-29 12:00:00,3.0005896,2.39799,5.4065776,6.612096,6.77409,4.3993764
1992-11-30 12:00:00,1.8556899,1.6064031,4.2810273,4.254959,7.2788324,3.0915403
1992-12-01 12:00:00,2.7354913,2.4907815,4.109139,3.190548,5.2330475,2.255588
1992-12-02 12:00:00,2.4485593,2.9298549,4.989708,5.339031,5.9178324,3.7437243
1992-12-03 12:00:00,1.9265742,2.0087626,3.643545,4.294686,6.0148644,2.7309892
1992-12-04 12:00:00,1.42451,1.2395089,2.8013983,2.50171,3.3843493,1.699695
1992-12-05 12:00:00,1.9818366,1.5849359,3.2235963,2.758526,3.1825273,2.0462248
1992-12-06 12:00:00,1.0591449,1.3071586,2.4911058,2.924833,3.6255665,2.2810347
1992-12-07 12:00:00,0.8313179,1.0594506,3.8571208,3.6583464,5.254921,3.4347095
1992-12-08 12:00:00,1.9622073,1.6555681,7.556598,5.5305347,6.168463,5.0115685
1992-12-09 12:00:00,2.6573026,2.3093777,7.2461734,6.6126122,5.7054667,4.821356
1992-12-10 12:00:00,2.12364,1.6785557,5.925492,6.330793,5.508143,3.9379325
1992-12-11 12:00:00,1.2202554,1.2991254,6.5192127,6.2483673,4.0854554,5.0055504
1992-12-12 12:00:00,2.9349055,2.4380403,5.175941,6.848865,4.9558783,4.558669
1992-12-13 12:00:00,1.1832638,0.987812,5.2311893,3.5509882,4.7663474,2.901348
1992-12-14 12:00:00,3.2083755,2.3599238,5.1348214,2.3617952,2.873269,2.7849603
1992-12-15 12:00:00,2.7718627,2.0889003,3.1314979,2.652498,4.5783114,2.0485811
1992-12-16 12:00:00,2.4163504,1.811065,3.3499982,2.4862268,3.5866773,1.7962096
1992-12-17 12:00:00,1.999662,1.5862446,2.9813807,3.5023086,6.050392,2.1919286
1992-12-18 12:00:00,0.8892272,1.0218267,4.2978597,4.6101446,5.7429605,3.7330294
1992-12-19 12:00:00,1.4462427,1.3516536,5.1730447,3.0191383,4.4584613,2.7530377
1992-12-20 12:00:00,1.686483,1.8463677,3.1230862,2.9457033,4.725083,2.0734854
1992-12-21 12:00:00,1.8511971,1.9452063,3.388242,4.228223,5.086055,2.1736119
1992-12-22 12:00:00,0.7644241,1.0351453,3.5018518,6.4546523,5.706173,3.6310427
1992-12-23 12:00:00,1.725416,1.6675786,4.8956957,5.793144,6.187813,3.5277166
1992-12-24 12:00:00,2.4554796,2.0309772,4.6705685,6.4827604,5.3222795,3.3310115
1992-12-25 12:00:00,1.4213405,1.788743,4.176002,5.46477,5.223158,3.3096743
1992-12-26 12:00:00,1.7442586,2.1932926,4.44811,4.625334,4.923163,3.2405832
1992-12-27 12:00:00,1.0222154,1.3960246,3.5383499,3.517128,2.9223661,2.8365536
1992-12-28 12:00:00,1.1046354,1.3795289,3.8862388,4.8978233,4.549953,3.0982015
1992-12-29 12:00:00,1.2923876,1.546579,5.2216964,5.1340575,4.661302,3.7965956
1992-12-30 12:00:00,3.1320524,2.600482,4.1346507,3.436456,3.7581708,2.2722924
1992-12-31 12:00:00,1.6008523,1.5889841,2.9462478,4.3423853,4.3078136,2.0892687
1993-01-01 12:00:00,1.3124945,1.3902922,2.4380581,3.7264721,3.6048932,1.7713574
1993-01-02 12:00:00,0.9068785,1.0549145,1.9898242,2.4824996,3.2482758,1.8775609
1993-01-03 12:00:00,0.8519793,0.9407267,3.9405735,3.779928,3.0242686,3.2138743
1993-01-04 12:00:00,1.5972443,1.5916475,4.456404,5.043854,3.198668,4.1265
1993-01-05 12:00:00,0.9395653,1.1660634,3.7947078,5.42873,3.5350225,3.3569756
1993-01-06 12:00:00,1.4443254,1.1136054,4.6403456,4.0641475,3.3521984,3.0238094
1993-01-07 12:00:00,1.7012858,1.2125264,3.8309565,4.76961,4.9322777,3.5527716
1993-01-08 12:00:00,1.7584653,1.3210353,3.061233,4.646035,5.719387,2.9136343
1993-01-09 12:00:00,2.5301204,1.6016876,4.6363,3.2975252,4.0017743,2.6350412
1993-01-10 12:00:00,3.8255687,2.4328532,6.4482875,3.0016055,3.9231138,3.040849
1993-01-11 12:00:00,3.7539837,3.0205672,6.3008866,4.7157097,3.762926,3.369529
1993-01-12 12:00:00,2.9821646,2.5503795,4.169326,5.020471,3.9699142,2.4308553
1993-01-13 12:00:00,1.085292,1.2208593,3.5617485,4.3525376,4.5713677,2.7598882
1993-01-14 12:00:00,2.033097,1.6187959,4.352893,3.097229,4.3529577,2.905691
1993-01-15 12:00:00,1.80732,1.5505193,3.7869024,3.1547883,4.2646666,2.9560597
1993-01-16 12:00:00,1.620372,1.4773452,3.2297864,4.0119386,4.276039,1.9619722
1993-01-17 12:00:00,0.9418989,0.9349849,2.2835627,3.422804,6.9614515,2.2159739
1993-01-18 12:00:00,2.2830977,1.8026146,4.3139634,4.4071016,6.281018,2.7365897
1993-01-19 12:00:00,1.1898,1.1231792,5.109169,4.0762415,5.9763517,1.393107
1993-01-20 12:00:00,1.3321204,1.1622777,4.5324626,2.9772096,3.7017694,1.946025
1993-01-21 12:00:00,1.5877116,1.7993398,5.041826,5.3989825,5.087615,3.244947
1993-01-22 12:00:00,0.99094486,1.2578416,4.2047906,3.7194688,3.5989156,2.6839979
1993-01-23 12:00:00,2.2288828,1.5386114,5.3335133,3.9652405,3.2807026,3.790664
1993-01-24 12:00:00,2.1790695,1.9485545,3.7095795,4.612648,3.4048092,2.493966
1993-01-25 12:00:00,1.163231,1.2032545,6.226583,5.0019517,3.4111073,4.112573
1993-01-26 12:00:00,2.8359869,2.5605536,5.141319,6.3280463,5.7225,4.1156583
1993-01-27 12:00:00,3.267443,2.4839084,6.2500257,5.0844235,6.2854075,3.8893874
1993-01-28 12:00:00,1.4400628,1.485741,3.8391864,4.2793417,3.4658842,2.981559
1993-01-29 12:00:00,2.1914062,1.6487339,4.3309355,3.2669303,3.351629,2.601267
1993-01-30 12:00:00,3.0755692,2.3675601,4.7079535,3.3960812,3.5101104,2.7131276
1993-01-31 12:00:00,1.900234,1.9574008,4.825161,4.850529,3.992322,2.8145726
1993-02-01 12:00:00,3.0763462,2.8038187,4.6052628,5.535007,5.153592,2.6063404
1993-02-02 12:00:00,2.8785954,2.268727,6.292202,4.902834,3.3179986,4.646417
1993-02-03 12:00:00,2.1583683,2.383908,4.100106,6.1640897,4.684082,2.8078985
1993-02-04 12:00:00,2.3277547,2.5421374,3.3251543,4.45684,4.712686,2.460903
1993-02-05 12:00:00,2.7756612,2.1636267,6.1328163,3.277709,3.5333915,3.0187004
1993-02-06 12:00:00,4.6727905,3.7222798,6.6115584,5.069431,3.3132405,3.656976
1993-02-07 12:00:00,3.2160594,2.1904366,5.218033,4.265513,5.3860517,2.5739872
1993-02-08 12:00:00,0.7560978,1.0097308,2.4444716,4.7771735,6.994172,2.529737
1993-02-09 12:00:00,1.1943054,1.5943108,6.026384,5.91336,7.1427207,5.1022224
1993-02-10 12:00:00,4.467587,4.1830764,7.337442,7.3749914,10.530222,5.1236353
1993-02-11 12:00:00,1.2984253,1.0433965,3.7942832,2.8373015,8.606465,2.6714637
1993-02-12 12:00:00,0.86353004,0.832483,3.5125604,2.8596683,5.3181233,2.0457542
1993-02-13 12:00:00,1.3012812,1.1389576,2.640273,2.467925,3.8203666,1.2521425
1993-02-14 12:00:00,1.002578,1.0209512,3.6241615,3.2003636,3.568253,2.534939
1993-02-15 12:00:00,4.3319497,3.3004975,3.9825606,4.837061,3.465389,3.6192162
1993-02-16 12:00:00,3.3045168,2.63211,4.50412,4.361684,3.6033132,2.6078656
1993-02-17 12:00:00,2.8700051,2.2739384,6.2176814,3.3334055,4.609093,2.7943187
1993-02-18 12:00:00,2.4454093,1.6833168,4.5611362,3.16344,5.5785885,1.9925694
1993-02-19 12:00:00,2.6672173,1.7913007,3.7962854,2.9210193,4.6272993,1.6862369
1993-02-20 12:00:00,1.6310176,1.2590204,2.874058,2.8558002,3.963591,2.3872805
1993-02-21 12:00:00,3.082749,2.5064874,7.6182504,4.36293,4.1366544,4.3458514
1993-02-22 12:00:00,5.151123,4.1042094,6.0746193,5.18856,4.0058103,3.398166
1993-02-23 12:00:00,3.9068975,2.8469534,4.366652,2.732482,2.7847166,2.996368
1993-02-24 12:00:00,1.9019871,1.8179743,2.6891513,2.763609,4.583422,2.0744994
1993-02-25 12:00:00,1.6489844,1.9062696,6.1248956,6.5279922,7.784188,5.659972
1993-02-26 12:00:00,4.0875263,3.757845,6.280195,8.567057,5.7364473,4.491818
1993-02-27 12:00:00,2.5812092,2.4047143,3.432222,5.826535,4.8791738,2.9492776
1993-02-28 12:00:00,1.7374953,1.7386354,3.816414,3.5836,3.0330493,3.2438316
1993-03-01 12:00:00,3.080359,2.774755,4.766249,6.116662,4.2624435,3.5689273
1993-03-02 12:00:00,1.5266935,1.4125373,3.126934,3.8248901,4.0091844,2.0001986
1993-03-03 12:00:00,1.4942786,1.4042116,2.87836,4.263053,4.971244,2.3254054
1993-03-04 12:00:00,1.5531087,1.7474723,3.5011256,4.986784,6.9074583,2.401302
1993-03-05 12:00:00,1.5706968,1.7168182,3.7036884,5.4066854,6.6921616,3.468428
1993-03-06 12:00:00,5.299878,4.3317246,7.6080513,8.940514,6.5725374,5.514774
1993-03-07 12:00:00,3.6866336,3.4930863,6.558271,6.450049,5.1978106,4.846988
1993-03-08 12:00:00,2.5394926,2.1729424,6.1592474,3.5090735,4.781101,3.8444927
1993-03-09 12:00:00,2.2509727,2.1493556,3.3629756,3.9481702,5.4429326,2.5461051
1993-03-10 12:00:00,1.5575207,1.5202233,3.4807656,2.5955114,3.2112238,1.8758413
1993-03-11 12:00:00,2.6862288,2.0960205,4.4653573,2.419518,2.940909,2.8267672
1993-03-12 12:00:00,1.3442814,1.3630898,2.4427598,2.5763674,3.288262,1.6985433
1993-03-13 12:00:00,1.8042177,1.9076096,4.593818,6.0776663,5.214315,4.6089315
1993-03-14 12:00:00,5.7425117,4.7162323,7.8745437,9.228414,5.4833446,6.5417824
1993-03-15 12:00:00,5.158578,3.8305755,5.44826,6.701115,5.4303036,3.619283
1993-03-16 12:00:00,4.863906,4.1486664,5.1929517,9.792273,9.546372,4.970729
1993-03-17 12:00:00,4.0708947,3.1136196,4.541083,5.468207,10.045631,3.3226087
1993-03-18 12:00:00,2.4313407,1.7870762,3.4668438,2.4350884,4.6633315,2.9228094
1993-03-19 12:00:00,1.9831703,2.067835,5.831161,4.514142,4.033439,4.181249
1993-03-20 12:00:00,2.0905502,2.2037716,3.13042,5.6573367,7.0690527,3.862621
1993-03-21 12:00:00,2.302666,2.2729328,2.6533313,3.987703,3.7791398,2.0341666
1993-03-22 12:00:00,0.81868035,0.86506194,3.1311538,3.0865667,3.753497,2.1710763
1993-03-23 12:00:00,1.9475102,1.7315768,3.1445725,3.476446,2.772131,2.1219754
1993-03-24 12:00:00,1.8969902,1.8205674,3.2473888,3.2536635,2.632653,2.3203459
1993-03-25 12:00:00,2.4311986,2.4245086,3.4081485,4.445968,3.663942,2.471923
1993-03-26 12:00:00,1.2107668,1.156874,3.874395,2.8514545,2.4330769,2.4110935
1993-03-27 12:00:00,1.0837698,1.098344,2.9810467,2.0876732,2.6307912,2.0732968
1993-03-28 12:00:00,2.071435,2.0340652,3.3924265,5.721819,4.8514214,2.925997
1993-03-29 12:00:00,2.2273884,2.038699,3.9425087,5.572952,6.4575562,2.0136976
1993-03-30 12:00:00,1.0509866,1.1292715,3.137249,2.9189913,4.9768524,1.8426441
1993-03-31 12:00:00,1.8694167,1.6673627,5.361379,3.9718275,3.88872,3.72895
1993-04-01 12:00:00,2.8872917,2.637072,6.4033084,5.911999,4.2113266,4.164788
1993-04-02 12:00:00,2.7514658,2.5444071,3.3475797,5.379136,5.2270126,2.322539
1993-04-03 12:00:00,2.7413507,2.358078,4.0838366,4.690714,6.0807447,3.237958
1993-04-04 12:00:00,3.0595274,2.465891,5.1288443,4.405403,4.363506,3.1356356
1993-04-05 12:00:00,2.3200197,2.1038473,3.715417,4.194726,4.0833173,2.347054
1993-04-06 12:00:00,2.4044175,2.1531065,3.6556609,4.178393,5.7990026,2.2136533
1993-04-07 12:00:00,2.1117465,2.1312172,2.646059,4.327561,5.696516,2.4204164
1993-04-08 12:00:00,3.7501667,3.4983747,6.1893654,7.7655435,10.227246,6.082046
1993-04-09 12:00:00,4.578768,4.0844774,5.909619,5.627901,9.329444,4.6855392
1993-04-10 12:00:00,2.3991299,2.2168777,4.430064,3.6794872,4.730997,2.7075493
1993-04-11 12:00:00,2.9451842,2.3268244,4.0774374,4.90151,6.604893,3.1940851
1993-04-12 12:00:00,2.5374236,2.331773,4.1241183,4.668428,5.377365,2.8621182
1993-04-13 12:00:00,2.637671,2.6498399,5.468885,6.0581355,4.9767065,4.2815027
1993-04-14 12:00:00,2.4852867,2.200218,4.413825,3.4012287,3.708485,3.4535475
1993-04-15 12:00:00,3.002556,2.6989715,6.8774104,4.879575,3.4745271,4.283715
1993-04-16 12:00:00,3.0623217,2.7432642,4.031106,3.2542784,4.0226254,2.276749
1993-04-17 12:00:00,2.5757873,2.1255414,2.3322582,1.7319137,3.028525,1.6301856
1993-04-18 12:00:00,1.8048545,1.4193572,1.9704176,3.9818645,4.769248,1.9510925
1993-04-19 12:00:00,1.5767225,1.5267296,3.0431976,2.6071265,4.0468554,1.8721976
1993-04-20 12:00:00,2.3655963,1.9125658,3.6125958,3.6440084,3.909782,3.1968126
1993-04-21 12:00:00,3.9509664,3.1870058,5.4904876,5.015432,3.7913084,4.459359
1993-04-22 12:00:00,2.755907,2.2124274,3.4393477,4.5466175,3.6065931,2.8091183
1993-04-23 12:00:00,2.1364393,1.8393029,3.9805174,3.108898,2.8111713,3.498144
1993-04-24 12:00:00,2.0816126,2.059185,3.1273322,4.324704,4.7313743,2.9549253
1993-04-25 12:00:00,1.9419532,1.8641351,3.6594632,5.403395,8.194456,3.8133044
1993-04-26 12:00:00,2.641618,2.1479216,3.7302594,5.12448,7.4261065,3.6997535
1993-04-27 12:00:00,2.3004048,2.3391342,4.1033497,2.9694283,5.451662,2.472434
1993-04-28 12:00:00,2.102916,2.426388,3.6419055,4.3220196,3.2712827,3.9725358
1993-04-29 12:00:00,1.6431711,1.5362035,2.2705252,3.5211935,5.3845,1.6445056
1993-04-30 12:00:00,2.5252533,1.9655204,3.8185596,3.8632634,3.965319,2.4256644
1993-05-01 12:00:00,2.6414795,2.0312696,2.7375035,2.0643177,4.9330173,2.0266411
1993-05-02 12:00:00,1.9114325,1.3868635,3.0162077,2.6727178,4.414504,1.7514814
1993-05-03 12:00:00,1.167035,1.2723964,2.755383,3.244166,3.5530539,2.1582477
1993-05-04 12:00:00,1.4065568,1.224922,2.6769729,3.0106742,4.2702355,1.4532746
1993-05-05 12:00:00,1.1386595,1.123048,2.1040728,2.9403996,5.458662,1.7222326
1993-05-06 12:00:00,2.5119095,2.5345373,2.8281312,3.705016,4.6342916,2.3578053
1993-05-07 12:00:00,2.5129232,2.308262,2.00775,3.9827032,6.21033,1.6211463
1993-05-08 12:00:00,3.0618749,2.7919018,2.7778153,5.10046,6.036317,2.267207
1993-05-09 12:00:00,3.1713762,3.020896,3.1328824,5.1936126,5.8026676,2.4238176
1993-05-10 12:00:00,2.781201,2.658979,3.016828,4.651201,5.3636875,3.116349
1993-05-11 12:00:00,1.6009552,1.456895,3.1997886,3.2700088,3.969943,3.2242303
1993-05-12 12:00:00,1.2013259,1.1403487,3.2141538,2.1311085,3.7097235,2.6048057
1993-05-13 12:00:00,1.3668603,1.4969231,2.488735,2.147123,3.11701,1.346474
1993-05-14 12:00:00,2.217507,1.7676457,2.4898882,3.1202562,2.0928698,2.279947
1993-05-15 12:00:00,2.2611566,2.325187,2.6427186,4.4770937,2.638107,2.9200268
1993-05-16 12:00:00,2.9668612,2.873816,3.7210557,4.8064413,2.4467797,3.9150324
1993-05-17 12:00:00,2.8400364,3.014489,3.9536276,5.1151304,4.9242153,3.5076418
1993-05-18 12:00:00,2.5129747,2.1064925,3.315984,3.1747005,6.815423,2.219183
1993-05-19 12:00:00,1.7969862,1.8773623,2.423783,2.078944,5.193022,2.1116662
1993-05-20 12:00:00,3.0306864,2.8397598,6.179952,4.152881,3.4939566,4.0955334
1993-05-21 12:00:00,3.2463565,2.7399476,3.6903713,5.1553855,2.66585,2.978797
1993-05-22 12:00:00,1.3947699,1.4343123,2.3276722,3.3073447,3.2260563,1.7020051
1993-05-23 12:00:00,2.1991053,2.0378978,3.5371609,3.4366686,4.1931725,2.2771192
1993-05-24 12:00:00,2.9574113,2.9722703,4.3404865,3.9414992,3.775479,2.7502716
1993-05-25 12:00:00,1.654125,1.9486502,3.4844804,3.4259388,5.509501,2.4018245
1993-05-26 12:00:00,2.8425035,2.6017728,4.305052,4.1236978,7.0051465,2.476486
1993-05-27 12:00:00,2.4809322,2.0260625,3.5827937,3.4726887,7.432358,2.4253602
1993-05-28 12:00:00,1.9880311,1.6949171,2.2816505,2.710441,6.2052402,1.9824857
1993-05-29 12:00:00,1.3303876,1.1977963,3.2473888,2.4642653,4.793676,1.9742533
1993-05-30 12:00:00,2.8591022,2.3050816,4.5223675,2.9873595,2.6142888,1.8911525
1993-05-31 12:00:00,2.519519,2.3161592,3.0191646,4.0590096,2.6614118,1.977703
1993-06-01 12:00:00,2.500091,1.9693958,2.5407188,3.180517,3.1390707,1.7109913
1993-06-02 12:00:00,1.5414648,1.3613167,2.673638,2.8605287,4.3537006,2.5179365
1993-06-03 12:00:00,1.4904507,1.4026166,2.1915753,3.5354369,3.0481265,2.4370933
1993-06-04 12:00:00,2.7646847,2.1320076,2.5112047,4.618886,3.3293817,2.0824342
1993-06-05 12:00:00,1.8647609,1.6101406,2.4963615,3.9936361,3.3383253,1.8400809
1993-06-06 12:00:00,2.6969523,2.18228,4.504334,3.354301,4.8282523,3.0125318
1993-06-07 12:00:00,1.3638818,1.6876085,4.079546,4.0258384,5.2279735,2.5498908
1993-06-08 12:00:00,2.3585095,2.2202957,3.3527627,3.8653986,4.278649,3.258084
1993-06-09 12:00:00,1.2837645,1.5423963,2.464534,3.2452183,3.3469572,2.019689
1993-06-10 12:00:00,2.5563676,2.2530613,3.5117733,3.5403485,2.474972,1.8296558
1993-06-11 12:00:00,2.9535193,2.5670245,3.1775475,3.612637,3.1711142,1.8565862
1993-06-12 12:00:00,2.3789048,1.9097687,2.9636083,2.988576,3.159986,1.6300726
1993-06-13 12:00:00,1.5534813,1.3333563,2.2393348,3.7007291,3.1714623,1.5175998
1993-06-14 12:00:00,1.2918432,1.4908618,3.2994995,4.721576,4.4102864,1.9270976
1993-06-15 12:00:00,1.7392964,1.7233225,2.730276,4.138211,4.27825,1.271286
1993-06-16 12:00:00,2.1997876,2.1300287,3.8780477,3.6136577,3.3404982,2.591238
1993-06-17 12:00:00,2.9577827,2.4574983,3.9379928,3.1832721,3.5355265,3.1732845
1993-06-18 12:00:00,1.2813745,1.1430769,3.2497134,2.2337334,3.069184,2.467504
1993-06-19 12:00:00,0.9215919,1.1143657,3.051412,2.2518983,2.726164,1.4993072
1993-06-20 12:00:00,1.7245169,1.6186315,3.1086671,2.6970987,2.7046325,2.0600772
1993-06-21 12:00:00,3.8065486,3.248326,4.4099054,3.9001014,2.9869936,2.314743
1993-06-22 12:00:00,2.4696436,2.7729416,2.6714938,4.0939884,3.2735412,2.0852604
1993-06-23 12:00:00,1.9282846,1.8047346,1.9449466,2.0050054,3.6235387,1.710542
1993-06-24 12:00:00,2.0887096,1.843406,1.7548951,3.2340212,4.0730886,1.5310808
1993-06-25 12:00:00,1.629519,1.4305807,2.0787396,2.669829,2.8742523,1.727515
1993-06-26 12:00:00,1.3145013,1.2162728,1.8771015,1.5768828,2.316483,1.4902682
1993-06-27 12:00:00,1.1282415,1.0731199,2.1243703,1.9388096,2.2175655,1.5566844
1993-06-28 12:00:00,2.0246258,1.8901763,3.908401,2.9902685,2.9919512,2.5733745
1993-06-29 12:00:00,2.2634926,1.9472029,4.365269,3.1372218,3.3489451,3.0178912
1993-06-30 12:00:00,2.3269095,1.9150945,3.298084,3.199124,3.8092372,3.388266
1993-07-01 12:00:00,2.7885084,2.0933352,3.1371884,3.1519806,2.6551244,2.7622485
1993-07-02 12:00:00,4.502063,3.4466808,4.26516,4.4313726,3.544174,2.7941198
1993-07-03 12:00:00,2.7236333,2.4317756,3.4482183,4.108592,3.7725847,2.082149
1993-07-04 12:00:00,2.251078,1.768392,2.3219078,2.7161243,4.080233,1.7514701
1993-07-05 12:00:00,2.3016539,1.8152502,3.2999263,2.3423433,3.7596576,2.305644
1993-07-06 12:00:00,2.727497,2.0940893,3.394079,2.3205993,2.8777807,2.2384837
1993-07-07 12:00:00,2.6768978,1.9166955,3.1025758,3.1968923,3.268282,1.7138858
1993-07-08 12:00:00,2.785213,2.1317008,3.4160292,3.774948,3.4424744,2.1028416
1993-07-09 12:00:00,3.4861996,2.5717378,4.366911,3.5588696,3.4304757,2.7762735
1993-07-10 12:00:00,3.1746116,2.7473638,4.8049088,3.1001086,3.7051744,4.093686
1993-07-11 12:00:00,3.3145564,2.4692662,3.2933652,3.702503,3.3405602,2.5033565
1993-07-12 12:00:00,2.1601353,1.693851,2.9126554,2.421762,3.3316672,1.7939165
1993-07-13 12:00:00,3.3472404,2.7193131,3.921868,3.4349542,2.8360243,1.7812257
1993-07-14 12:00:00,1.6098108,1.627384,2.6956322,3.6089773,3.0712678,1.5656596
1993-07-15 12:00:00,3.0885088,2.6078434,3.4141126,4.917764,2.9709563,1.8308724
1993-07-16 12:00:00,1.5010095,1.3716658,2.8869088,3.3251264,2.5562887,1.310639
1993-07-17 12:00:00,0.9585253,0.9659883,2.6255496,3.7782753,3.3386693,2.2319994
1993-07-18 12:00:00,0.8002713,0.7914313,2.913619,2.6915588,3.3494384,2.6706848
1993-07-19 12:00:00,1.072144,1.0317264,2.2755826,2.7063806,3.2319982,2.032934
1993-07-20 12:00:00,2.1912534,1.6772617,3.0652897,3.2229986,2.567832,1.4423553
1993-07-21 12:00:00,4.7918515,3.743818,6.6008105,4.540785,2.7420475,3.1040554
1993-07-22 12:00:00,3.6018157,3.176369,5.7912006,4.718998,3.553235,2.725585
1993-07-23 12:00:00,3.5324318,3.3423235,5.006074,4.8131504,3.8955443,2.9142523
1993-07-24 12:00:00,1.1662571,1.52097,2.7407534,3.35671,3.2257838,2.5285118
1993-07-25 12:00:00,1.2194452,1.06726,2.746392,2.5868442,2.46401,1.4846716
1993-07-26 12:00:00,1.8887372,1.5108143,2.7814422,2.3726902,2.588186,1.6320099
1993-07-27 12:00:00,2.6428971,2.2129762,2.6583385,3.4047918,3.2707882,1.570329
1993-07-28 12:00:00,3.0412598,2.6689315,2.3803256,4.0964036,3.408497,1.9199694
1993-07-29 12:00:00,1.0768362,1.213789,2.3106709,3.0691128,3.509756,1.5731225
1993-07-30 12:00:00,1.4372162,1.1269931,2.047063,2.3486207,2.4023821,1.557515
1993-07-31 12:00:00,1.068156,0.9316026,2.6072855,2.287576,2.6156216,1.3650914
1993-08-01 12:00:00,0.9136437,0.9109029,2.1601448,3.086608,3.6740937,1.3624164
1993-08-02 12:00:00,1.2807136,1.288102,1.8284173,2.8361833,3.7346344,1.2068545
1993-08-03 12:00:00,1.5789499,1.4356613,1.8160802,2.3858714,2.8851233,1.3836118
1993-08-04 12:00:00,3.4182954,2.655083,2.973645,3.0836592,2.7184172,1.616918
1993-08-05 12:00:00,2.0682788,1.9261748,2.793588,3.4978106,2.4248595,1.478951
1993-08-06 12:00:00,1.5967731,1.4220418,2.1301286,2.4731503,2.2746968,1.4316665
1993-08-07 12:00:00,2.3784008,1.6683428,3.636417,2.563174,2.5051339,2.2897027
1993-08-08 12:00:00,0.8015886,1.0051942,2.4060333,2.1448078,2.8430164,1.5006467
1993-08-09 12:00:00,1.5883839,1.3337578,1.939615,2.3263721,2.4007995,1.3450766
1993-08-10 12:00:00,3.0605159,2.453836,3.0296826,3.5925984,2.5779386,1.812232
1993-08-11 12:00:00,2.171295,2.2633061,4.1725254,3.8335996,3.8329363,2.7445788
1993-08-12 12:00:00,2.052821,2.0446892,3.8540297,3.6830757,2.924596,2.9966338
1993-08-13 12:00:00,2.0467684,1.9203199,2.8426635,2.7350864,2.5476732,1.8897324
1993-08-14 12:00:00,1.0381205,1.0987386,2.6133704,1.7199289,3.9496355,1.5322672
1993-08-15 12:00:00,1.1618476,1.1132163,2.5714319,2.154519,2.5647545,1.8353785
1993-08-16 12:00:00,2.820734,2.0290422,2.9412706,3.1721117,2.7169487,1.5880452
1993-08-17 12:00:00,1.5645444,1.2480206,2.256782,4.6523647,4.10366,1.319031
1993-08-18 12:00:00,1.1247958,1.0032957,1.91629,4.131653,4.7233953,1.1862589
1993-08-19 12:00:00,0.8135944,0.99308807,1.604266,3.5055387,4.1212554,1.2022613
1993-08-20 12:00:00,2.6075416,2.2029736,2.1256685,5.025244,3.5080616,1.5359536
1993-08-21 12:00:00,2.5491762,2.0962903,4.8471127,4.0871687,2.0031202,2.4996216
1993-08-22 12:00:00,1.997221,1.8488263,5.6092625,2.617828,3.0928435,2.3349304
1993-08-23 12:00:00,1.2754798,1.3211257,3.8943315,2.2733793,3.332666,2.0025852
1993-08-24 12:00:00,1.1177686,1.3301191,5.151962,2.3934116,2.9781744,2.5229917
1993-08-25 12:00:00,1.5839531,1.8364835,4.1909556,2.98352,2.8948538,2.6798308
1993-08-26 12:00:00,1.6816323,1.3851922,2.3061457,2.3188157,2.671818,1.3125081
1993-08-27 12:00:00,1.0091184,1.1596092,2.1680946,3.7685056,3.2955892,1.8765535
1993-08-28 12:00:00,1.6632507,1.6725432,3.9575408,3.0220535,3.2526493,2.2424498
1993-08-29 12:00:00,2.2526474,1.8905529,3.7132387,2.562417,2.9681368,2.0133026
1993-08-30 12:00:00,2.6746864,2.1036325,4.066839,2.3320312,3.193437,1.9060712
1993-08-31 12:00:00,2.2011456,1.5231566,3.1958504,2.7215285,2.9778047,1.6774482
1993-09-01 12:00:00,1.5524325,1.2760017,3.8567092,2.7296553,2.5274324,2.3712487
1993-09-02 12:00:00,2.6718035,2.228541,4.496277,3.805302,3.6802287,3.1451907
1993-09-03 12:00:00,2.091577,1.7310269,3.7403088,2.5762217,2.5818918,2.5939863
1993-09-04 12:00:00,1.5357802,1.4619397,5.1044936,3.7691307,3.168889,3.0699046
1993-09-05 12:00:00,3.0044312,2.7288303,5.447,5.554585,2.6506,3.4711127
1993-09-06 12:00:00,2.2232018,2.1561184,3.5677543,5.5188985,2.7603652,2.9733436
1993-09-07 12:00:00,3.4070282,2.8577642,5.0951695,5.139916,3.9077065,3.9839199
1993-09-08 12:00:00,3.0973818,2.7084937,4.6069946,5.8457165,5.132194,3.8344152
1993-09-09 12:00:00,2.915398,2.5477533,4.1758413,5.456554,4.366379,3.4744966
1993-09-10 12:00:00,3.1593137,2.7951193,4.957106,3.1693313,3.7981827,3.1490414
1993-09-11 12:00:00,2.1617417,2.0059178,3.45161,3.1673262,2.3819644,2.4769285
1993-09-12 12:00:00,1.890851,1.9901692,4.877187,3.807166,2.6324494,3.1386635
1993-09-13 12:00:00,2.8339183,2.6554894,4.163881,5.058815,4.8896756,3.2906928
1993-09-14 12:00:00,2.5501037,2.3034039,5.8648396,3.4821548,4.283395,2.6646981
1993-09-15 12:00:00,2.576603,2.4394822,4.382982,3.9159844,4.6223907,2.8211122
1993-09-16 12:00:00,1.6639981,1.4148669,2.5270064,2.097205,4.3770056,1.5134614
1993-09-17 12:00:00,1.451134,1.4709475,2.6874804,2.7992668,3.079756,2.120567
1993-09-18 12:00:00,1.0726647,1.1231848,3.2415295,2.701537,2.1255803,2.4183178
1993-09-19 12:00:00,1.5061674,1.5387902,4.2397246,2.7280679,2.6089375,2.641509
1993-09-20 12:00:00,2.3968692,1.9704337,4.3146195,3.2561815,5.266066,2.7715821
1993-09-21 12:00:00,1.3820785,1.4487339,5.2362833,3.5669243,3.8427153,2.908354
1993-09-22 12:00:00,4.600638,3.8849735,5.233685,2.8706095,3.549604,2.6805363
1993-09-23 12:00:00,2.807087,2.2558157,3.293707,2.6549125,4.649713,2.2013552
1993-09-24 12:00:00,2.7960277,2.0515559,4.4064865,2.7062533,3.14632,1.6910323
1993-09-25 12:00:00,2.8843799,2.5224373,3.353494,3.1688085,2.9291325,1.5722114
1993-09-26 12:00:00,1.7046913,1.3980722,3.2803454,3.4010735,2.8673291,2.537281
1993-09-27 12:00:00,2.8731096,2.530873,5.0262914,5.1007094,3.465985,3.6776035
1993-09-28 12:00:00,1.8716762,1.6607242,3.8115222,4.6936316,3.7054653,2.6770759
1993-09-29 12:00:00,3.1205626,2.2190564,5.1645517,4.0989723,2.6763222,2.4874144
1993-09-30 12:00:00,2.0653715,1.8545146,3.6217287,6.5414066,4.2557716,2.8547697
1993-10-01 12:00:00,2.9772527,2.4012034,5.7866774,3.9905047,4.607342,3.2895632
1993-10-02 12:00:00,4.4272814,3.4919252,6.243939,4.4734554,4.9510098,3.9266074
1993-10-03 12:00:00,2.9911003,2.9544249,4.0030794,6.3544106,6.454044,3.1853232
1993-10-04 12:00:00,1.952831,1.6982812,4.5878806,4.57203,6.68355,2.7203946
1993-10-05 12:00:00,1.9367616,1.8536948,3.295356,4.816771,3.2286859,2.2270727
1993-10-06 12:00:00,1.7179676,1.4395124,2.8766856,3.839322,3.864188,1.9229492
1993-10-07 12:00:00,1.0954609,1.3629942,2.3958397,3.6511467,2.6624045,1.9664136
1993-10-08 12:00:00,2.0670998,1.3864833,4.8808513,2.8239439,3.999133,1.9090972
1993-10-09 12:00:00,2.02252,1.2439824,2.333984,1.8805528,4.4870934,1.0272225
1993-10-10 12:00:00,0.71695817,0.6922054,2.0151284,1.3641938,4.2656503,1.1603862
1993-10-11 12:00:00,0.8258711,0.8004025,3.0162675,1.6449769,4.018746,1.1233404
1993-10-12 12:00:00,1.9303242,1.3852235,4.2659926,2.8889313,4.3577504,2.6673326
1993-10-13 12:00:00,3.9699512,3.05022,4.6874733,3.537935,2.4519842,2.9687421
1993-10-14 12:00:00,2.8665338,2.2288632,2.9544368,2.2759182,2.0714104,1.5708777
1993-10-15 12:00:00,2.6675184,2.3476944,3.2634535,4.8647757,4.264655,2.7550118
1993-10-16 12:00:00,2.042307,1.8063046,2.7758706,2.9984202,3.847039,2.1628675
1993-10-17 12:00:00,2.1417909,2.1941235,4.6182494,5.9521594,3.899624,4.170457
1993-10-18 12:00:00,2.493322,2.040362,4.3545303,3.1702464,2.7351413,3.3867147
1993-10-19 12:00:00,2.3778484,1.8579446,4.3168635,2.0541675,2.922602,2.514455
1993-10-20 12:00:00,1.5484171,1.5357605,3.2989025,3.6297727,3.6877918,2.1207173
1993-10-21 12:00:00,1.4788557,1.5316228,2.7531075,6.1344295,4.851571,3.054252
1993-10-22 12:00:00,2.3012633,1.8339026,5.4169283,5.239644,5.852874,3.7811713
1993-10-23 12:00:00,1.541748,1.4805205,4.3845716,4.471194,3.8032596,3.1125069
1993-10-24 12:00:00,2.9230611,2.5184143,4.8521457,4.203057,4.2601433,2.9233284
1993-10-25 12:00:00,2.253348,1.8807268,4.007736,4.7632675,4.4293957,2.5960193
1993-10-26 12:00:00,1.8534532,1.7107975,3.9494295,3.276347,4.109729,2.4213984
1993-10-27 12:00:00,1.7267838,1.8691493,5.235769,4.3596697,4.088985,3.111511
1993-10-28 12:00:00,2.8892708,2.4097753,4.0241523,6.3380876,4.07894,3.2390096
1993-10-29 12:00:00,1.5269161,1.4081995,3.6724777,5.751155,4.136827,2.4701056
1993-10-30 12:00:00,1.3338091,1.1901658,4.012094,4.428032,5.443612,2.8414104
1993-10-31 12:00:00,2.5944233,2.3475356,4.9467635,6.231363,6.7283506,3.4391918
1993-11-01 12:00:00,1.8883317,1.6989685,3.530759,4.657666,7.2179174,2.6187642
1993-11-02 12:00:00,3.636211,3.2792103,7.0481596,5.724732,5.909677,4.7248845
1993-11-03 12:00:00,3.3551822,2.6972032,5.711192,5.236833,6.6235657,3.0203373
1993-11-04 12:00:00,3.9865785,2.957271,5.378334,3.5274372,6.8253207,2.8902593
1993-11-05 12:00:00,1.3874533,1.1368653,2.371369,4.6487904,6.1852765,2.7589138
1993-11-06 12:00:00,1.7364273,1.6221343,5.353169,5.670727,5.8461285,4.7092595
1993-11-07 12:00:00,2.9031394,2.8717313,4.6021023,5.1274657,7.1533794,3.2166836
1993-11-08 12:00:00,2.2066011,2.0855389,5.071362,6.98136,6.9918385,4.424145
1993-11-09 12:00:00,5.0500965,4.274986,6.972054,6.602978,6.740648,5.696018
1993-11-10 12:00:00,3.5820777,3.2481592,5.5090413,6.425009,8.277017,4.015793
1993-11-11 12:00:00,2.9610286,3.0443857,3.568014,7.322365,6.3504553,4.1323524
1993-11-12 12:00:00,1.8818741,2.3410802,3.9086645,5.4241524,5.4571385,2.7896678
1993-11-13 12:00:00,1.4765768,1.6894541,3.8693528,4.9296455,4.219958,2.8107746
1993-11-14 12:00:00,2.012603,2.214242,3.963593,6.8234243,3.1458445,3.171303
1993-11-15 12:00:00,2.3942575,2.2968795,4.4728374,6.633138,2.7963536,3.9580932
1993-11-16 12:00:00,2.105548,2.059149,4.5584836,6.392901,3.6751795,2.4496593
1993-11-17 12:00:00,1.4717267,1.657463,3.7094703,3.6710384,3.5401478,2.498548
1993-11-18 12:00:00,2.6516342,2.426146,5.2520123,5.88639,4.4072733,4.2809806
1993-11-19 12:00:00,4.021904,3.0480533,6.384184,5.1415715,5.700269,3.5899534
1993-11-20 12:00:00,2.6184354,2.2651513,3.4450047,4.7573285,7.0336986,2.1144297
1993-11-21 12:00:00,1.2831731,1.2338042,2.189991,4.5255375,4.960641,1.7255179
1993-11-22 12:00:00,1.0266607,1.009151,1.9936895,3.9744315,5.122583,1.6556485
1993-11-23 12:00:00,1.58637,1.3695927,3.8072782,3.24493,4.901098,1.8974768
1993-11-24 12:00:00,2.728932,2.0969746,5.5555058,3.557361,3.7328444,2.6638002
1993-11-25 12:00:00,4.116799,3.403222,6.427737,5.151709,5.6931076,3.3569
1993-11-26 12:00:00,3.6198297,3.1626775,4.1850986,5.2635875,4.4278007,2.39662
1993-11-27 12:00:00,2.3213742,2.206976,3.4227078,5.2361493,5.242869,3.0013573
1993-11-28 12:00:00,0.7808524,0.85752565,3.7516196,4.2447276,3.4887402,3.1241605
1993-11-29 12:00:00,0.62776136,0.8882281,4.4670343,3.2563796,3.1420686,3.1617515
1993-11-30 12:00:00,1.0507206,0.98331064,4.6686125,3.191935,3.751611,2.9585865
1993-12-01 12:00:00,0.9927754,0.9676408,4.487563,3.4669638,4.2875776,2.8808382
1993-12-02 12:00:00,1.4950541,1.3952091,5.0524616,4.0012674,3.6347313,3.1533306
1993-12-03 12:00:00,2.1998067,2.0909798,6.164831,4.2400794,3.8336082,3.7893
1993-12-04 12:00:00,1.8818008,2.0719385,6.141338,4.6903124,3.434238,3.6776402
1993-12-05 12:00:00,1.4948435,1.6149708,5.8930216,4.0368032,3.351084,3.4190845
1993-12-06 12:00:00,1.6530474,1.9697133,7.0634995,4.239314,3.8448324,3.987858
1993-12-07 12:00:00,2.6130056,2.4187016,7.680705,5.1375732,4.376064,4.3439527
1993-12-08 12:00:00,3.160892,2.9346597,7.756785,5.827708,4.679166,4.2669764
1993-12-09 12:00:00,3.2757378,3.0256557,7.8108425,5.9626226,4.686,4.4259996
1993-12-10 12:00:00,3.0014896,2.7791102,7.7343946,5.8474407,4.5293846,4.3816047
1993-12-11 12:00:00,2.1268065,1.992416,6.052606,5.6202826,4.9539447,4.4186025
1993-12-12 12:00:00,1.896193,2.0380652,4.6447325,6.300407,6.5910864,3.8547199
1993-12-13 12:00:00,3.474852,2.7893581,6.823534,5.3292546,7.3575196,4.3491735
1993-12-14 12:00:00,3.5789876,3.2965043,5.7664566,6.456218,7.3372364,4.5290575
1993-12-15 12:00:00,3.0283084,2.5664544,7.631101,5.311442,7.082938,4.442863
1993-12-16 12:00:00,1.6565719,1.8286979,5.0639715,4.973767,5.0067644,4.0725055
1993-12-17 12:00:00,2.7899334,2.4025364,5.6625247,7.237687,6.7770376,4.1591897
1993-12-18 12:00:00,2.4841743,1.9738314,5.056021,6.553193,5.759075,4.2433057
1993-12-19 12:00:00,1.9850132,1.6332154,3.9692678,4.9876423,5.588863,3.0505123
1993-12-20 12:00:00,2.2287319,2.0444093,4.682701,6.4366555,6.4008646,3.0996752
1993-12-21 12:00:00,0.8812695,1.1285367,2.8646028,5.5763383,7.488154,1.8723238
1993-12-22 12:00:00,2.0109978,1.8490194,3.0869076,2.6391199,7.0093822,1.7945436
1993-12-23 12:00:00,1.964961,1.631032,3.0839283,4.877545,6.310109,2.2087302
1993-12-24 12:00:00,1.1581085,1.6205497,2.8126357,5.254093,6.3766947,2.0255587
1993-12-25 12:00:00,0.7670771,1.0724554,3.766072,5.8498034,6.4713664,3.5664034
1993-12-26 12:00:00,2.4096751,1.8546153,5.4751554,7.2765803,7.7009215,5.0679817
1993-12-27 12:00:00,4.2775035,3.0785398,6.7471695,7.4988813,6.421555,5.635769
1993-12-28 12:00:00,4.5217857,3.5941389,6.8352704,6.2494354,5.9755116,4.531129
1993-12-29 12:00:00,3.40095,2.6494524,6.1283517,5.2233505,5.161544,3.7267911
1993-12-30 12:00:00,1.8631923,1.5814085,3.7637925,4.699023,5.6790237,2.418827
1993-12-31 12:00:00,1.0202796,1.1820178,2.9001904,5.0265203,5.2465525,2.6955798
1994-01-01 12:00:00,0.89239883,1.2571133,2.9109228,4.7141085,5.4355726,2.0509927
1994-01-02 12:00:00,3.2664773,2.2493773,4.3164077,2.5836353,3.6419427,2.3180325
1994-01-03 12:00:00,1.9085351,1.634094,3.3524265,3.817811,4.3550596,2.9132402
1994-01-04 12:00:00,1.6970581,1.5536053,5.439589,4.7397375,5.2203593,4.1133456
1994-01-05 12:00:00,2.4589744,2.095128,4.89138,3.6257796,4.0045905,3.9609742
1994-01-06 12:00:00,2.6545253,2.1836429,3.4586053,2.2666678,4.482569,1.9546764
1994-01-07 12:00:00,1.2510462,1.4732206,2.8840365,3.648936,4.6699095,2.2951593
1994-01-08 12:00:00,2.0874314,2.0522287,4.581233,5.980504,4.229351,4.0859675
1994-01-09 12:00:00,2.542009,2.2113745,5.1581874,5.642208,4.5826917,2.969342
1994-01-10 12:00:00,1.9347948,1.771547,3.4646819,3.788754,4.139408,2.0066273
1994-01-11 12:00:00,2.5282652,2.225413,6.120508,5.5044675,4.6309934,4.3383265
1994-01-12 12:00:00,3.144823,2.3150933,5.541614,4.587817,4.030899,3.6760762
1994-01-13 12:00:00,2.9760718,1.869997,5.220817,3.1087394,3.713903,2.8497186
1994-01-14 12:00:00,1.2593517,1.012963,3.6744545,3.032534,4.2892456,2.2294493
1994-01-15 12:00:00,1.0462217,1.1396209,3.225325,3.6823254,5.4804153,2.3732305
1994-01-16 12:00:00,2.3786993,2.2769592,4.747988,8.031141,7.369572,4.37043
1994-01-17 12:00:00,1.8524566,1.9141605,4.8675437,8.21053,7.5572424,4.800466
1994-01-18 12:00:00,4.044095,3.3427885,6.3019953,7.159506,7.0845585,4.798744
1994-01-19 12:00:00,2.5428147,2.5285125,5.508163,8.064784,8.249275,4.3980117
1994-01-20 12:00:00,3.8087888,3.2275643,6.8986216,7.2778573,4.295414,4.9556565
1994-01-21 12:00:00,3.9009123,3.2525127,6.906616,7.8157473,4.4883676,5.624277
1994-01-22 12:00:00,3.3991418,2.7672985,6.1991916,6.4275007,7.011566,4.8962345
1994-01-23 12:00:00,4.3811636,3.5071561,7.092277,6.8868904,5.557446,4.829566
1994-01-24 12:00:00,2.0940647,1.8275276,3.1558075,5.4442277,5.76478,2.1921694
1994-01-25 12:00:00,1.227955,1.2140828,4.1467757,3.9618773,5.907541,2.4409873
1994-01-26 12:00:00,1.0694164,1.0439401,3.622215,3.5910206,5.118775,2.4014876
1994-01-27 12:00:00,2.2170944,1.6078933,3.577268,3.4898224,4.9255214,1.8181795
1994-01-28 12:00:00,1.9444809,1.4399408,3.4889143,3.54298,6.1602964,2.7563813
1994-01-29 12:00:00,1.6975504,1.5385448,4.8107934,6.2486053,4.499521,3.9397762
1994-01-30 12:00:00,3.1777966,2.5546067,5.527831,5.449402,3.791903,4.2161593
1994-01-31 12:00:00,2.3975706,2.2929862,6.904224,6.4613886,4.263236,4.874769
1994-02-01 12:00:00,4.4522705,4.021613,5.9734063,6.239391,6.208755,3.793291
1994-02-02 12:00:00,5.0142465,3.974297,6.8227143,7.62753,7.293846,2.9857037
1994-02-03 12:00:00,4.8712177,3.5998795,7.11898,4.9880476,4.003196,4.489767
1994-02-04 12:00:00,3.3605716,2.980611,4.7215257,5.9708414,5.905391,3.2877502
1994-02-05 12:00:00,2.4636078,1.9769696,4.6223817,5.304701,5.7349973,3.1371765
1994-02-06 12:00:00,1.5828961,1.6110557,4.2077284,5.3341613,3.5133166,3.463999
1994-02-07 12:00:00,1.0045803,1.0393649,3.0038352,4.0048366,2.8338575,3.0743842
1994-02-08 12:00:00,1.1726447,1.0874993,3.4363892,3.019483,2.9710593,2.4756868
1994-02-09 12:00:00,3.5293598,2.127053,3.1464221,2.7192905,3.6488092,1.9714139
1994-02-10 12:00:00,2.9000244,2.3816452,2.056703,3.3803236,3.2082126,1.8324435
1994-02-11 12:00:00,1.4414296,1.4946251,2.0079203,3.9192407,2.8893383,2.245094
1994-02-12 12:00:00,0.861653,1.1796468,3.0856752,4.2139893,3.392676,2.744409
1994-02-13 12:00:00,1.0641018,1.2293333,4.7003646,5.13094,3.8967824,3.8734694
1994-02-14 12:00:00,2.470616,2.1306508,6.2393827,5.8378053,4.634679,4.9662266
1994-02-15 12:00:00,3.7953577,3.3454368,5.428451,6.4024243,7.098397,4.0489054
1994-02-16 12:00:00,3.1949048,2.9915712,6.1118517,6.0978475,7.177423,3.6188173
1994-02-17 12:00:00,2.0700858,2.1983044,6.9805293,5.6372104,6.7987604,4.263349
1994-02-18 12:00:00,2.3741426,2.3546717,7.348638,6.5345864,5.96101,5.455878
1994-02-19 12:00:00,1.9056344,1.8586721,4.6947136,5.14898,5.772527,3.3149848
1994-02-20 12:00:00,2.3194823,1.939034,5.582634,5.595614,5.525945,3.956127
1994-02-21 12:00:00,4.691359,3.913104,8.455775,6.1051083,5.8400035,5.4304214
1994-02-22 12:00:00,5.031,4.2262025,7.025235,8.010716,6.4647574,5.208043
1994-02-23 12:00:00,5.2576714,4.289561,9.400866,6.2869,5.979228,6.301284
1994-02-24 12:00:00,5.0630503,4.2875896,6.1970444,7.605266,3.9801116,3.7609124
1994-02-25 12:00:00,1.5261533,1.6192889,2.953921,4.8122673,6.268687,2.0139456
1994-02-26 12:00:00,0.926411,1.1127365,3.985009,4.861385,6.037683,2.7726312
1994-02-27 12:00:00,2.7143633,2.7871351,6.649176,6.0451956,5.1810026,5.2200527
1994-02-28 12:00:00,2.637931,2.5172837,5.470056,5.1210356,8.031241,4.0999026
1994-03-01 12:00:00,2.025958,1.7722198,3.5917275,3.2405035,6.5994773,2.5920358
1994-03-02 12:00:00,3.2194886,2.92087,5.1879597,5.9505124,6.3667,5.155422
1994-03-03 12:00:00,4.8052063,4.2424836,6.5898967,7.626073,7.8892574,5.468514
1994-03-04 12:00:00,4.571827,3.8925412,6.2693443,7.0863633,5.706633,5.373794
1994-03-05 12:00:00,2.3890443,2.6122882,3.62072,6.840645,6.2148604,3.221176
1994-03-06 12:00:00,2.1364317,1.8225123,2.703434,4.5196543,7.6742516,1.543028
1994-03-07 12:00:00,1.1889191,1.2743783,1.7532936,3.1337452,5.249312,1.7633297
1994-03-08 12:00:00,1.0317748,1.0570008,3.4488344,6.3676357,3.7822294,3.565783
1994-03-09 12:00:00,0.9626447,0.8750048,3.6176424,4.0994473,3.3473852,3.0741231
1994-03-10 12:00:00,0.9704118,0.9463681,2.2216506,4.85452,4.2221217,1.3529985
1994-03-11 12:00:00,2.3033824,2.1434922,2.2288573,3.714835,3.2481909,1.5674988
1994-03-12 12:00:00,2.6795785,1.809076,4.2578096,2.8216689,3.0616941,1.7626524
1994-03-13 12:00:00,1.793607,1.3436564,4.823638,3.7437193,4.331455,3.2153385
1994-03-14 12:00:00,2.1375961,1.4495519,4.6771007,3.4769049,5.0562677,2.9464586
1994-03-15 12:00:00,1.7227783,1.4437826,5.3704095,3.6707928,4.2846975,4.8840237
1994-03-16 12:00:00,3.9224095,2.839986,4.988208,2.20403,5.432886,2.947101
1994-03-17 12:00:00,2.7734413,2.4680445,7.1944776,5.146578,7.0494184,4.9634867
1994-03-18 12:00:00,2.8228164,3.016374,7.0752697,6.546928,6.087261,5.3204045
1994-03-19 12:00:00,1.5279391,1.4548502,3.0634398,4.6090407,5.366131,2.8566668
1994-03-20 12:00:00,0.92870414,1.0759661,2.5182953,3.8826933,3.7637277,2.3114524
1994-03-21 12:00:00,1.4372543,1.3141917,3.1000853,4.2353964,3.737771,3.2672596
1994-03-22 12:00:00,0.8712169,0.98204005,3.757814,3.636348,3.8998146,3.2115698
1994-03-23 12:00:00,1.305033,1.582549,5.619944,3.8909621,4.4859343,3.62093
1994-03-24 12:00:00,4.226811,3.9290388,6.4753895,6.125059,6.2605886,4.1367598
1994-03-25 12:00:00,3.1637135,2.9682968,4.1900325,5.331291,6.6666546,2.7133822
1994-03-26 12:00:00,2.9419765,2.6554804,5.7882905,4.955668,4.6941214,4.3192153
1994-03-27 12:00:00,3.5754898,3.294557,5.6056604,6.6702332,5.5703735,4.6744623
1994-03-28 12:00:00,1.9966666,1.8832345,2.850029,5.155487,7.0221105,1.9320621
1994-03-29 12:00:00,1.36468,1.3035932,2.3548727,5.904764,9.35815,2.6304028
1994-03-30 12:00:00,1.6129662,1.1120396,2.0077407,4.6431756,7.876173,2.2591474
1994-03-31 12:00:00,2.0888104,1.8001975,3.044506,5.724501,7.360215,3.7546444
1994-04-01 12:00:00,2.1142173,1.9266413,3.3692472,5.2054024,5.6329546,2.4316428
1994-04-02 12:00:00,2.6470945,2.5357194,5.2299676,6.9574337,6.017962,3.6660452
1994-04-03 12:00:00,4.0622683,3.6469085,5.2533937,5.199142,6.098513,3.259854
1994-04-04 12:00:00,2.4216049,2.0328207,3.8193874,5.370707,3.9579413,3.5405037
1994-04-05 12:00:00,3.0265787,2.6877367,5.2714586,4.9296756,4.751032,4.0313973
1994-04-06 12:00:00,2.9031916,2.3824127,4.8727355,5.0475473,5.1471906,3.0687976
1994-04-07 12:00:00,2.4634945,2.2225688,3.6959176,3.1147006,5.8080735,2.4941096
1994-04-08 12:00:00,1.9294153,1.6094263,2.738263,3.0982509,5.158034,2.130059
1994-04-09 12:00:00,2.1565835,1.5640167,2.8638172,2.0200496,4.0209184,1.8326962
1994-04-10 12:00:00,1.0724542,1.1355809,2.8743415,6.0523725,5.831258,3.1086054
1994-04-11 12:00:00,3.2895827,2.715723,4.857688,5.9570856,7.32747,3.3836613
1994-04-12 12:00:00,2.9900904,2.533875,4.179397,5.9242234,5.897078,2.9008045
1994-04-13 12:00:00,2.6146684,2.1135676,2.2937725,3.8761492,6.050462,1.9716344
1994-04-14 12:00:00,4.3537707,3.7728384,4.3040075,4.8882084,3.7509482,2.8883882
1994-04-15 12:00:00,3.4391108,3.1987343,3.496791,4.8145804,3.8985302,2.563895
1994-04-16 12:00:00,2.3077488,2.1937416,3.3585346,3.3450916,4.085848,2.7948759
1994-04-17 12:00:00,1.8191798,1.677608,2.1736903,3.4675467,4.439841,1.2209954
1994-04-18 12:00:00,2.0572119,2.1861603,2.3400874,4.9878917,8.912472,1.7126323
1994-04-19 12:00:00,1.0547035,1.036149,2.8987048,3.758926,5.4825816,3.0288846
1994-04-20 12:00:00,1.6020117,1.2923172,3.6563714,5.280353,5.6201954,2.2456021
1994-04-21 12:00:00,3.3213913,2.5925376,3.3847504,5.4673305,6.332081,2.8263094
1994-04-22 12:00:00,2.9762335,2.907576,5.660995,4.059918,4.6286125,3.0086737
1994-04-23 12:00:00,3.1659272,3.1728692,4.808502,4.306665,5.2660093,2.9241948
1994-04-24 12:00:00,1.5381393,1.7940564,4.02755,3.060292,4.677769,2.374577
1994-04-25 12:00:00,2.103118,2.2259147,2.5674112,3.3756418,3.8431723,2.0872915
1994-04-26 12:00:00,2.7040675,2.2334392,2.3833551,2.292671,2.9815168,1.7629293
1994-04-27 12:00:00,2.5636237,2.3396983,3.155,2.7397976,3.2865725,2.0099158
1994-04-28 12:00:00,2.6116924,2.1631465,3.9698653,3.17114,3.7035933,2.4208386
1994-04-29 12:00:00,2.3896918,2.188242,3.362222,4.0732656,3.3272688,2.038814
1994-04-30 12:00:00,2.6292176,2.3529232,3.0985632,4.8069954,3.6754541,2.3733213
1994-05-01 12:00:00,2.932177,2.5446672,3.4118176,3.393555,2.2251065,2.1088245
1994-05-02 12:00:00,2.9092045,2.5064552,3.3344476,2.7360718,3.1521523,1.8059903
1994-05-03 12:00:00,2.6570964,2.1079445,3.1402452,3.315455,4.0570016,1.7040867
1994-05-04 12:00:00,1.5788405,1.3337069,4.004905,2.944157,4.417608,1.8817015
1994-05-05 12:00:00,2.2819588,1.9982405,5.4174743,2.9087298,5.9358687,2.3234408
1994-05-06 12:00:00,3.073035,2.7549896,4.7969556,3.7503488,6.315702,3.1618192
1994-05-07 12:00:00,1.5228912,1.309225,2.9907947,3.2325718,5.7974935,2.0699878
1994-05-08 12:00:00,1.9060763,1.6867977,3.1980886,3.7747104,5.2815013,2.1347077
1994-05-09 12:00:00,1.9523227,1.6041516,2.4769871,3.3153498,5.424697,1.2334132
1994-05-10 12:00:00,1.2618554,1.2415984,3.4629557,2.9898765,3.7790492,1.6874532
1994-05-11 12:00:00,1.3486798,1.3693877,1.802353,3.0961163,3.4692183,1.5681484
1994-05-12 12:00:00,2.0146036,1.5402758,2.1557462,2.62995,3.1358473,1.5738581
1994-05-13 12:00:00,2.0045552,1.6331443,3.3088462,2.4084156,3.169992,1.7345845
1994-05-14 12:00:00,2.4016418,2.4368587,5.300521,2.8468156,3.1648047,2.83249
1994-05-15 12:00:00,2.8565435,2.6705265,5.1572495,3.9791863,2.876132,3.7852757
1994-05-16 12:00:00,2.0200553,1.8816626,3.2994802,2.585235,3.273611,1.9702798
1994-05-17 12:00:00,2.2526252,1.977155,3.8403347,3.2144105,2.862346,2.9311228
1994-05-18 12:00:00,1.9845047,1.6482661,2.921868,2.7057972,2.2084112,1.7525976
1994-05-19 12:00:00,2.5573845,2.3037374,5.3808494,3.0661592,2.4571652,3.0150023
1994-05-20 12:00:00,2.5341148,2.2866669,4.323144,2.9207761,3.342841,2.420223
1994-05-21 12:00:00,3.2278347,2.650187,3.8036878,3.3470285,3.0813842,2.0625515
1994-05-22 12:00:00,3.8302639,2.9782827,3.3654103,2.979803,2.517306,2.5881064
1994-05-23 12:00:00,2.1666565,2.0897508,2.3650577,2.5769925,2.7463958,2.0809343
1994-05-24 12:00:00,1.3487718,1.2500865,2.3032477,2.5737407,2.7549484,1.6384275
1994-05-25 12:00:00,3.7463446,2.656452,4.078791,4.0641184,3.6552413,1.5564733
1994-05-26 12:00:00,3.3539732,2.9326508,4.3029704,6.3455553,3.5446355,3.183228
1994-05-27 12:00:00,2.024264,1.7946063,3.1821713,3.7418587,3.410127,2.6244118
1994-05-28 12:00:00,1.7250655,1.2168132,2.8016067,2.9940553,2.4901817,2.3039458
1994-05-29 12:00:00,3.342194,2.3750358,3.368741,3.0452516,2.9003112,1.7075471
1994-05-30 12:00:00,2.9079347,2.8598137,3.727773,5.1007433,5.0353923,2.2344267
1994-05-31 12:00:00,1.6340488,1.6855742,4.46166,3.017967,4.490784,2.9349904
1994-06-01 12:00:00,1.2684816,1.5490717,2.3323424,3.69679,3.5118532,1.917984
1994-06-02 12:00:00,1.0247737,1.0251815,2.3908918,2.257168,2.9496489,1.2275906
1994-06-03 12:00:00,1.1918135,1.2014371,3.1078172,1.9315196,2.7704172,1.6233592
1994-06-04 12:00:00,0.95886415,0.9805988,2.4493217,1.9118508,2.5015967,2.086635
1994-06-05 12:00:00,1.7882471,1.5265554,1.8805665,2.1804948,3.736732,1.5982726
1994-06-06 12:00:00,1.6060979,1.5177131,2.212819,2.5724869,4.3120675,1.5133481
1994-06-07 12:00:00,2.3187685,1.8894701,2.401885,3.0769322,2.9964757,1.7484237
1994-06-08 12:00:00,1.7681744,1.5339757,2.695772,3.9056728,3.4898908,1.4390874
1994-06-09 12:00:00,1.208798,1.4711993,2.2165487,4.0475936,3.2258525,1.3954327
1994-06-10 12:00:00,1.7444258,1.5124061,1.9353949,3.1574426,4.2017775,1.391001
1994-06-11 12:00:00,1.7731249,2.125188,2.4581568,2.5559037,4.5460544,1.7563394
1994-06-12 12:00:00,1.4699707,1.7961311,3.0589728,3.4116576,5.212366,1.6384442
1994-06-13 12:00:00,2.3187885,1.6853752,2.7851381,3.65767,5.12076,1.6423936
1994-06-14 12:00:00,1.6053426,1.4842805,2.6840014,3.4323182,4.782218,1.5547919
1994-06-15 12:00:00,2.548737,2.3673291,3.3317947,3.938431,4.278352,1.9596691
1994-06-16 12:00:00,1.7767582,1.785016,3.3125045,3.3001668,3.208806,2.0141828
1994-06-17 12:00:00,2.3380368,2.0149567,2.7950833,2.6599255,2.8998458,2.1884067
1994-06-18 12:00:00,2.7711797,2.4502156,3.2420726,2.5844877,2.8087175,2.2619486
1994-06-19 12:00:00,3.6892264,3.0649886,4.332476,5.5370903,4.5090556,3.181195
1994-06-20 12:00:00,2.339264,2.2965074,4.0545087,4.7740917,6.1240554,3.5247247
1994-06-21 12:00:00,1.9015118,1.9884368,2.3270972,3.130063,3.8241913,2.2249672
1994-06-22 12:00:00,1.6646688,1.9455975,3.3347015,2.879687,2.694925,2.318207
1994-06-23 12:00:00,2.3882997,2.0279424,4.0715013,3.4733164,3.0145802,2.4100192
1994-06-24 12:00:00,1.930642,2.1438603,3.8143394,3.1102831,3.4017327,2.8835819
1994-06-25 12:00:00,2.707197,2.7999592,2.9651077,3.0299659,3.234776,2.0743904
1994-06-26 12:00:00,3.636186,3.0868728,4.0846953,5.0521665,4.364475,3.50384
1994-06-27 12:00:00,1.4789994,1.4351225,2.1961663,2.3736825,4.967376,1.5195215
1994-06-28 12:00:00,1.914306,1.8383455,2.421093,2.8463595,2.4237528,2.0875938
1994-06-29 12:00:00,2.7817044,2.2276652,3.4227772,3.7040734,2.607724,2.3724432
1994-06-30 12:00:00,3.3111086,2.6027944,3.4136117,4.2264676,3.2062829,1.9529458
1994-07-01 12:00:00,1.5335715,1.3439418,3.2176647,2.7118864,4.754376,2.0168803
1994-07-02 12:00:00,1.5422254,1.9272162,5.2880793,3.111304,3.4112532,3.806238
1994-07-03 12:00:00,2.03657,2.0750973,3.7429185,3.653177,2.8273268,2.8923638
1994-07-04 12:00:00,1.8328412,1.9067268,2.0208328,2.553277,2.1847727,1.5815899
1994-07-05 12:00:00,1.8819418,1.9119393,2.3518598,2.3120499,2.3300786,1.3672739
1994-07-06 12:00:00,2.462304,2.3316376,2.957506,2.8967814,2.7311473,2.025977
1994-07-07 12:00:00,2.0309258,2.1178079,4.6498795,3.4300663,3.2069373,3.2221591
1994-07-08 12:00:00,1.4121337,1.8972826,3.2533517,3.4802232,2.9802992,2.7730372
1994-07-09 12:00:00,2.6254375,2.3713598,4.4972763,3.0977027,3.5930653,2.735584
1994-07-10 12:00:00,2.670637,2.472172,4.5234375,3.0234456,4.053973,3.4138277
1994-07-11 12:00:00,2.2212985,1.8553532,3.368723,2.8497343,2.4965172,2.8164394
1994-07-12 12:00:00,1.2372031,1.3480806,3.7508366,3.7575495,3.4381268,2.2234316
1994-07-13 12:00:00,2.0056567,2.023737,4.1862974,3.2195477,2.7269144,2.853652
1994-07-14 12:00:00,1.6953993,2.028478,2.7167447,4.1597476,2.550979,2.1559093
1994-07-15 12:00:00,2.2170336,1.7758874,2.8795097,2.3625085,5.0539036,2.0606372
1994-07-16 12:00:00,1.459207,1.4354625,2.0551107,2.4160388,2.6151536,1.4849398
1994-07-17 12:00:00,0.89471674,0.9888512,1.8223513,2.2843773,2.804355,1.325028
1994-07-18 12:00:00,0.8783987,0.985935,1.4786702,1.6418159,4.1573815,1.092847
1994-07-19 12:00:00,1.3284581,1.3294741,2.2228925,3.080063,5.014746,1.7077628
1994-07-20 12:00:00,1.8846836,1.7069179,3.378211,3.104643,4.4798503,2.603544
1994-07-21 12:00:00,1.8502592,1.4420035,2.995314,2.9842932,2.905818,2.391858
1994-07-22 12:00:00,2.2199833,1.9068165,2.0096707,2.6322703,2.4088397,1.921915
1994-07-23 12:00:00,3.325114,2.8903186,3.3631964,4.1051764,4.3025002,2.6659918
1994-07-24 12:00:00,2.2167826,1.8294182,3.7759163,3.0024965,3.4911723,2.2094982
1994-07-25 12:00:00,2.8202093,2.1631527,4.183501,3.3825657,3.6442146,2.7701724
1994-07-26 12:00:00,3.5039792,2.6149764,3.850843,3.483765,2.6964905,2.0010643
1994-07-27 12:00:00,2.6253357,2.3200383,2.963976,5.827023,4.069078,1.3497487
1994-07-28 12:00:00,1.492291,1.991773,3.4815302,6.582907,5.4749436,3.7098274
1994-07-29 12:00:00,2.7855148,2.3897245,5.1554594,5.704382,4.950366,3.5484505
1994-07-30 12:00:00,1.8537071,2.2478487,3.8753881,4.2562613,4.2775702,2.405756
1994-07-31 12:00:00,1.943976,1.6886297,4.31483,2.4784868,4.4711266,2.8197596
1994-08-01 12:00:00,3.1136174,2.7310886,6.0214195,3.453718,4.061056,3.5976892
1994-08-02 12:00:00,2.343114,2.33352,5.5472293,3.2613158,3.9552844,3.9001071
1994-08-03 12:00:00,1.975808,1.6769514,3.4968095,2.8849518,3.581948,2.7410026
1994-08-04 12:00:00,1.8237653,1.6305122,4.289157,2.8499627,3.0182798,2.5027463
1994-08-05 12:00:00,1.1824222,1.4112204,2.4044013,2.1462555,2.504076,1.4164582
1994-08-06 12:00:00,1.916625,1.8572983,3.3927677,3.3426595,2.8139932,2.166054
1994-08-07 12:00:00,1.695179,1.6683724,2.9731812,5.016771,4.4000826,1.4863467
1994-08-08 12:00:00,1.4037278,1.2842305,2.7925282,4.6718183,5.3562794,1.6146834
1994-08-09 12:00:00,2.4757366,1.8088229,4.968936,3.7664688,6.59621,3.000944
1994-08-10 12:00:00,2.0904655,1.867316,2.4313867,3.151231,3.4795244,1.9934744
1994-08-11 12:00:00,1.7220476,1.4882389,2.6821673,3.5278807,3.760035,1.6987844
1994-08-12 12:00:00,1.6226102,1.3222425,2.8515785,2.7365456,5.922823,1.78278
1994-08-13 12:00:00,2.0218363,1.9672264,2.827507,3.5815644,3.6548884,2.23213
1994-08-14 12:00:00,1.5851328,1.5593342,5.273837,3.6814425,3.6399465,3.8960514
1994-08-15 12:00:00,3.0852652,2.7220275,3.8003423,5.139348,2.922795,2.538407
1994-08-16 12:00:00,2.4424243,2.462999,3.080608,5.7175794,5.6946177,2.2518625
1994-08-17 12:00:00,1.8137419,1.5216395,3.6938298,3.248684,5.3604193,2.1065152
1994-08-18 12:00:00,2.1311054,1.9462763,3.3122435,3.2045214,4.000093,2.07253
1994-08-19 12:00:00,3.8409405,3.5592055,3.6327002,4.7740855,3.9590518,2.5419714
1994-08-20 12:00:00,2.3086672,2.0267131,2.1667993,4.254471,4.593225,1.871996
1994-08-21 12:00:00,3.2998476,3.0144145,3.061021,5.1675954,4.021747,3.2656057
1994-08-22 12:00:00,1.6033007,1.473698,1.737564,3.7567198,5.8836894,1.1672481
1994-08-23 12:00:00,1.3053187,1.2019784,1.754815,1.8119081,4.758072,1.200685
1994-08-24 12:00:00,2.0714297,2.0188568,2.6420553,3.257902,3.9604452,1.4642053
1994-08-25 12:00:00,1.3792179,1.5872601,2.2780244,3.4242203,4.1654096,1.0435643
1994-08-26 12:00:00,0.7653234,1.0772069,2.6327665,3.1247616,3.8085332,1.5035932
1994-08-27 12:00:00,1.6418866,1.7365052,3.0882833,4.24621,4.887814,2.297562
1994-08-28 12:00:00,1.5498729,1.3205439,2.9122741,3.9543326,4.0795174,2.448768
1994-08-29 12:00:00,2.1373086,1.9369451,5.207855,3.8836536,2.9824727,3.5100138
1994-08-30 12:00:00,1.7665591,1.6185286,3.491353,3.4906888,3.5176978,2.6730113
1994-08-31 12:00:00,2.7872584,2.4839714,4.4440455,3.4802132,3.7123568,3.754349
1994-09-01 12:00:00,3.0205488,2.5296934,4.0725164,4.032402,5.4154167,2.6674252
1994-09-02 12:00:00,2.202536,1.6532644,2.7152832,4.0980506,6.2022996,1.8155334
1994-09-03 12:00:00,1.1837084,1.2477701,2.35005,4.7731853,5.117001,1.7371521
1994-09-04 12:00:00,1.2553062,1.3024234,4.6884527,4.1172147,4.0747,2.7996442
1994-09-05 12:00:00,1.1196008,1.0596393,3.8150325,2.6325104,4.26013,2.8357902
1994-09-06 12:00:00,1.0810802,1.2032807,3.5205398,2.460127,6.2190037,2.0081165
1994-09-07 12:00:00,1.279427,1.4752692,2.3466368,2.7673624,5.036197,1.1560582
1994-09-08 12:00:00,1.3742605,1.3636719,2.9805875,2.0971284,3.9395616,1.5107412
1994-09-09 12:00:00,2.256771,1.6588856,4.3772078,2.44425,4.415898,2.0499935
1994-09-10 12:00:00,2.145618,1.3988436,3.505031,2.3351712,3.4725277,1.5573208
1994-09-11 12:00:00,1.6334275,1.3299563,3.276617,3.0543218,2.9969988,2.1279807
1994-09-12 12:00:00,1.4430991,1.1732495,2.2991061,3.0904093,2.9553359,1.227558
1994-09-13 12:00:00,1.5629345,1.3708259,2.8394554,2.7565145,2.8484437,1.4916753
1994-09-14 12:00:00,3.5565913,2.799589,4.2173214,3.3977418,3.063765,2.1663578
1994-09-15 12:00:00,1.7637105,1.9198198,3.3832486,3.481618,4.3993125,1.8294528
1994-09-16 12:00:00,2.3833919,2.3941522,2.7915163,4.7995963,5.5128508,2.9523823
1994-09-17 12:00:00,1.5104501,1.5109937,2.345168,4.7498846,5.551096,1.7085111
1994-09-18 12:00:00,2.1459992,1.7931713,3.791403,2.8169498,4.1266966,1.8466547
1994-09-19 12:00:00,2.7711802,2.3162217,4.8058047,3.2059047,4.5862575,1.936255
1994-09-20 12:00:00,3.9266284,3.132349,6.3951335,3.5847607,3.7644753,2.6189754
1994-09-21 12:00:00,4.7508554,3.9838324,4.972114,5.5991583,4.0144506,2.937528
1994-09-22 12:00:00,4.3571434,3.3025312,4.1733007,4.73183,2.6853445,2.4906993
1994-09-23 12:00:00,3.2446785,2.2914667,3.717075,3.3031259,3.5110142,1.7444955
1994-09-24 12:00:00,2.5773172,2.2635443,4.544463,4.356106,2.51056,1.9292731
1994-09-25 12:00:00,4.142518,3.5973713,6.901898,5.722118,3.07877,3.40367
1994-09-26 12:00:00,4.2094803,3.6451454,7.0581107,6.29029,3.8343801,3.6543074
1994-09-27 12:00:00,4.007369,3.4721174,6.832355,5.6511006,3.2522569,3.2932181
1994-09-28 12:00:00,3.034574,2.8335342,6.4596477,4.9886475,2.6005707,2.8764217
1994-09-29 12:00:00,1.5198052,1.5055984,5.3625326,4.040648,2.4476557,2.6328554
1994-09-30 12:00:00,1.1046853,1.2485352,4.9714475,2.5982058,3.7733326,2.4105268
1994-10-01 12:00:00,1.6415377,1.3777367,4.9085193,2.8214934,5.4020514,2.1319182
1994-10-02 12:00:00,1.3161275,1.0019968,4.263878,2.8376315,5.334179,1.9202691
1994-10-03 12:00:00,1.6031141,1.5914726,5.8650436,2.773632,4.226236,2.9004695
1994-10-04 12:00:00,2.3469672,2.0661736,5.4208755,3.3596113,3.2466152,3.4634254
1994-10-05 12:00:00,0.82502323,0.87802404,3.4384167,2.8237042,2.7723377,2.6167355
1994-10-06 12:00:00,1.8663149,1.400202,3.8894134,2.3121896,2.2902594,2.1015813
1994-10-07 12:00:00,2.827464,2.5720277,6.674108,4.598545,3.864702,4.1426315
1994-10-08 12:00:00,2.7488265,2.5527477,5.446334,4.950011,4.5769105,4.7069044
1994-10-09 12:00:00,2.2476854,1.8500341,4.1028895,3.3524923,4.7736206,3.1123464
1994-10-10 12:00:00,2.0755785,1.85919,2.5644999,3.106592,3.9503512,2.3109605
1994-10-11 12:00:00,1.7123637,1.3659449,3.4379692,2.4724274,3.7029095,2.2320654
1994-10-12 12:00:00,2.0232792,1.5823264,3.1018248,2.5541809,2.804929,1.8080488
1994-10-13 12:00:00,0.8041237,0.81706583,2.833261,2.1152833,2.409179,1.740054
1994-10-14 12:00:00,2.4579687,1.9348475,4.6481295,2.6490886,2.7786245,2.091521
1994-10-15 12:00:00,2.1484196,1.8808903,4.031057,4.0307646,3.6962707,2.131741
1994-10-16 12:00:00,1.8599721,1.725688,4.6884327,4.2847886,3.562941,3.4123476
1994-10-17 12:00:00,3.24498,2.5483494,5.120234,4.2110057,3.2316718,3.3520596
1994-10-18 12:00:00,2.2139115,1.7694,4.5116897,3.6862144,5.1140275,2.5689857
1994-10-19 12:00:00,3.209194,2.778222,7.242591,4.101117,4.7660484,4.646659
1994-10-20 12:00:00,3.762992,3.4699519,7.2674947,6.6205378,5.120006,5.0966125
1994-10-21 12:00:00,1.6853721,1.8235776,3.962965,4.79253,5.639351,3.3949988
1994-10-22 12:00:00,3.4560091,3.3369472,6.593185,6.6364055,7.7341104,5.191418
1994-10-23 12:00:00,4.4446497,3.5278132,6.316418,6.9201555,7.0910954,4.275977
1994-10-24 12:00:00,2.8089204,2.2208686,4.81675,5.101387,6.2011223,3.6795747
1994-10-25 12:00:00,2.9955766,2.5361779,5.729174,5.7346773,6.8080373,3.6153128
1994-10-26 12:00:00,2.1650324,2.2063334,3.7078288,4.7297773,6.660829,2.4198282
1994-10-27 12:00:00,2.0691047,2.015338,4.2177157,4.852835,4.936176,3.1847103
1994-10-28 12:00:00,2.4557557,2.1298432,3.9283454,3.367432,4.2651534,2.6067865
1994-10-29 12:00:00,2.3671994,1.8139188,4.0657377,3.1310468,3.5948253,1.8654382
1994-10-30 12:00:00,2.2271805,1.4701602,3.8819149,2.0797713,4.700434,1.6390538
1994-10-31 12:00:00,0.7801054,0.81859326,2.9981365,4.0802507,3.9720058,2.3788946
1994-11-01 12:00:00,1.6161374,1.4704723,3.9523244,6.390185,9.189396,3.933258
1994-11-02 12:00:00,1.9551878,1.8336185,3.4483654,6.033213,7.7069244,3.03814
1994-11-03 12:00:00,1.6282611,1.6928306,2.8926928,6.3704796,6.0215263,3.3780549
1994-11-04 12:00:00,3.2203188,2.9068065,6.317598,4.396227,4.3122835,4.428449
1994-11-05 12:00:00,3.1650453,2.9224896,4.9640865,4.5056734,3.9339962,3.3886666
1994-11-06 12:00:00,1.6589481,1.4480205,3.4886038,5.108565,5.226079,3.131548
1994-11-07 12:00:00,3.15536,2.875929,5.836939,6.236325,5.839762,4.1949177
1994-11-08 12:00:00,2.1447635,2.2193859,3.129512,5.7423453,5.723686,2.1784415
1994-11-09 12:00:00,1.0558507,1.388207,3.107898,4.0646963,3.6133232,2.1676478
1994-11-10 12:00:00,1.4524624,1.4614753,3.929883,3.9540086,4.591348,2.8415673
1994-11-11 12:00:00,2.0659108,1.9600482,3.299637,3.8316994,4.613204,2.6218176
1994-11-12 12:00:00,2.8600566,2.581693,5.527255,8.201044,5.8116775,4.607045
1994-11-13 12:00:00,1.4823692,1.9967788,4.1356416,4.9256687,4.6204247,2.529902
1994-11-14 12:00:00,2.238013,1.8538837,4.1372557,4.349877,3.4585958,3.0113654
1994-11-15 12:00:00,2.4754755,2.6944692,4.2525673,6.4223185,5.3387136,3.4940805
1994-11-16 12:00:00,1.0751216,1.3618932,3.7867541,3.6638565,3.8522515,2.223904
1994-11-17 12:00:00,1.2480819,1.2523158,5.3501377,2.9600534,4.02156,2.7488995
1994-11-18 12:00:00,1.4537069,1.8063023,4.0454345,5.253409,6.674044,3.3169947
1994-11-19 12:00:00,2.46114,2.3152003,6.376599,6.133705,4.2116985,4.525091
1994-11-20 12:00:00,2.2296717,1.9160117,5.5069475,5.385288,4.3710046,3.7125945
1994-11-21 12:00:00,2.3010967,1.73528,4.7366924,4.492564,4.06328,2.171597
1994-11-22 12:00:00,2.9775581,2.308811,3.4836366,4.5306897,3.727704,2.7474818
1994-11-23 12:00:00,1.2921381,1.168343,4.7589417,2.6806471,5.647646,2.8972566
1994-11-24 12:00:00,1.9697362,1.7532758,4.264348,4.8998156,5.0060334,3.9330807
1994-11-25 12:00:00,0.9541241,1.0996935,2.9047155,4.876194,4.630709,2.5477943
1994-11-26 12:00:00,1.701622,1.6082748,2.878364,4.0767603,3.1073449,2.115057
1994-11-27 12:00:00,0.8424547,1.0019484,2.3286834,2.8912916,3.585346,1.813341
1994-11-28 12:00:00,0.7233931,1.2160883,2.8821743,2.6393404,3.7603164,2.1361704
1994-11-29 12:00:00,0.65238345,0.9038792,2.3538363,2.7788765,3.8279307,1.5357409
1994-11-30 12:00:00,1.5614026,1.5303254,4.344006,3.763167,3.8720345,2.8437557
1994-12-01 12:00:00,2.1707864,1.8671762,4.0993485,3.6141536,3.8192735,2.1527917
1994-12-02 12:00:00,3.2022913,2.3915014,5.3829575,4.077962,3.423125,3.3985536
1994-12-03 12:00:00,1.9895097,1.8090035,4.0290165,3.6660566,4.7459216,2.2241516
1994-12-04 12:00:00,3.1952908,2.46255,3.9386888,4.156083,5.064059,3.0647318
1994-12-05 12:00:00,2.5528393,2.0248897,3.088025,3.0415232,4.0311947,2.3110335
1994-12-06 12:00:00,1.1345632,1.4989393,2.5459874,2.2882147,5.000032,1.5325556
1994-12-07 12:00:00,1.1482291,1.4221749,3.2155018,3.2570002,5.114851,2.3064563
1994-12-08 12:00:00,1.3427305,1.2974913,3.2646246,4.3263717,3.6187644,2.3711843
1994-12-09 12:00:00,1.45412,1.3302827,3.449381,3.865962,4.5187287,2.0904183
1994-12-10 12:00:00,1.1342733,1.2338672,4.603095,7.043173,6.9160433,3.9206936
1994-12-11 12:00:00,0.8595147,0.9777566,3.861226,7.2739177,9.978691,3.7069433
1994-12-12 12:00:00,1.6732455,1.3269117,5.266602,3.7480292,7.26571,2.8076606
1994-12-13 12:00:00,3.0178523,2.1425507,5.8310056,4.699217,3.8335683,3.2497184
1994-12-14 12:00:00,1.8622334,1.6826386,3.5396967,3.50888,4.1794105,2.3835475
1994-12-15 12:00:00,0.9305655,1.239881,3.5879195,3.433059,3.5542011,3.0057487
1994-12-16 12:00:00,1.209835,1.1316912,2.4459667,3.261905,4.6754794,1.6512345
1994-12-17 12:00:00,2.2165494,1.9043095,3.3156905,2.882956,6.20385,2.0436022
1994-12-18 12:00:00,1.7713847,1.6795181,3.3298275,4.49212,6.6289196,1.996601
1994-12-19 12:00:00,2.5900736,2.123005,3.5447388,2.5788884,7.1716557,2.2804961
1994-12-20 12:00:00,2.0241778,1.703585,3.9310343,2.0767725,8.724658,1.9202502
1994-12-21 12:00:00,1.5868872,1.4137365,4.0651417,1.8754044,6.0987964,1.906474
1994-12-22 12:00:00,1.0022627,1.1626916,3.2061775,1.9083924,7.475689,1.7533505
1994-12-23 12:00:00,0.92429006,1.1333001,2.7372162,3.1933134,8.486854,2.0506797
1994-12-24 12:00:00,0.8009125,1.1036041,3.8031847,4.8682833,6.429645,3.4244862
1994-12-25 12:00:00,0.77131546,1.0522419,3.1000862,6.5742917,8.487015,2.9679697
1994-12-26 12:00:00,0.81975555,1.0878005,2.558759,4.6694493,7.3505087,1.6917592
1994-12-27 12:00:00,1.3001711,1.355983,2.6963565,3.1313183,6.2231426,1.6583241
1994-12-28 12:00:00,0.9770601,1.0799283,3.2441528,2.403243,6.6757636,2.1462553
1994-12-29 12:00:00,1.0932885,1.2857693,2.2172194,3.5847647,4.1378565,2.2493584
1994-12-30 12:00:00,0.79358745,1.0736727,2.7858787,4.2074456,3.642497,2.50369
1994-12-31 12:00:00,0.7215911,0.90204585,2.995196,4.8141894,3.6997302,3.0990958
1995-01-01 12:00:00,1.4813539,1.7135259,4.075733,6.918106,6.568196,3.45939
1995-01-02 12:00:00,0.98459077,1.406485,2.458728,4.367627,6.9110446,2.3286738
1995-01-03 12:00:00,0.7363167,0.9143053,2.7931497,3.0609071,7.2156744,2.568621
1995-01-04 12:00:00,2.1935048,1.5998914,3.7951212,3.1796696,6.719026,2.0580845
1995-01-05 12:00:00,0.98287654,1.0123515,4.4172955,2.5795586,5.8856177,2.2975852
1995-01-06 12:00:00,0.81190866,0.8956914,4.519457,3.6830363,4.6338215,2.8972151
1995-01-07 12:00:00,0.9915171,1.1675879,4.598181,4.959843,6.9759502,3.8882596
1995-01-08 12:00:00,1.2240846,1.3833857,3.8991964,5.7398663,6.0578904,3.2135847
1995-01-09 12:00:00,2.8982015,2.5516303,5.7789216,8.341832,4.18563,4.443726
1995-01-10 12:00:00,2.9080193,2.989835,5.087927,8.135085,7.1758265,5.0601745
1995-01-11 12:00:00,2.5540195,2.476549,6.019414,7.067619,5.9016275,4.5260434
1995-01-12 12:00:00,2.297862,2.2314384,4.842066,6.5828075,4.5920377,3.864905
1995-01-13 12:00:00,3.3060725,2.4711535,5.913614,5.527104,6.289093,3.8285723
1995-01-14 12:00:00,3.732068,2.6134033,6.1024013,3.708401,6.6789193,3.7074673
1995-01-15 12:00:00,2.6747265,2.090047,5.248527,3.0081437,4.3519096,3.1423185
1995-01-16 12:00:00,1.4385245,1.3407029,3.7499268,4.79034,4.0394516,1.2921319
1995-01-17 12:00:00,3.3970766,2.6714988,4.946635,3.8005362,5.1394496,2.9141462
1995-01-18 12:00:00,4.338107,3.6445754,6.322568,3.87485,3.9570937,4.1222963
1995-01-19 12:00:00,1.5980908,1.5798631,3.2578068,3.9155853,4.2693458,2.6125073
1995-01-20 12:00:00,1.2743293,1.3689102,2.7383437,5.492708,5.7103944,2.7237058
1995-01-21 12:00:00,1.129611,1.1889447,3.589576,4.2758594,5.072846,2.7441556
1995-01-22 12:00:00,1.2106414,1.4277955,2.871441,5.1710863,3.4790046,2.3767724
1995-01-23 12:00:00,1.2509542,1.1993893,5.5654306,4.1644506,3.065431,3.5598898
1995-01-24 12:00:00,3.218905,2.474803,4.7669444,4.5765805,4.2941628,3.0467498
1995-01-25 12:00:00,2.1881218,2.248089,2.881276,4.081883,4.405081,1.6994528
1995-01-26 12:00:00,2.1943767,1.8089234,2.6970441,4.0352035,3.765184,2.1146731
1995-01-27 12:00:00,1.3405987,1.1300303,3.476062,2.979721,2.8814793,2.4596677
1995-01-28 12:00:00,1.2200595,1.0595133,3.2378416,3.208279,3.7363114,3.7011456
1995-01-29 12:00:00,1.4894222,1.2858943,1.8278009,2.7929616,3.4252264,1.4454365
1995-01-30 12:00:00,1.4307909,1.2957257,2.7066445,2.8326705,5.0399356,1.8385602
1995-01-31 12:00:00,1.5924171,1.3207263,5.3361473,3.9954467,5.7641077,2.5520754
1995-02-01 12:00:00,2.1333723,1.9197017,4.9531746,3.574924,5.358697,3.409901
1995-02-02 12:00:00,1.7672906,1.2317433,4.9617662,3.3803155,4.498614,2.7031817
1995-02-03 12:00:00,2.674365,1.997714,3.8015118,5.0230813,4.0499268,2.158212
1995-02-04 12:00:00,1.6649692,1.876034,4.7310433,3.9380662,3.358233,3.2095664
1995-02-05 12:00:00,1.8163104,1.8325666,2.5654259,2.2149954,3.025802,1.5715286
1995-02-06 12:00:00,2.1706336,1.6113632,3.5519755,1.9540895,3.100934,1.8399816
1995-02-07 12:00:00,2.0775251,1.4602442,3.1214058,2.4362378,4.574632,1.95955
1995-02-08 12:00:00,0.8728518,1.0098794,3.359603,3.9550018,3.4946523,3.0367148
1995-02-09 12:00:00,0.8027333,0.8921845,5.3624635,5.7060723,4.435693,4.831525
1995-02-10 12:00:00,2.616017,2.2277994,7.436748,6.069273,3.8315697,5.2626295
1995-02-11 12:00:00,2.834936,2.4005115,5.8727813,5.4663825,4.8688316,4.6652
1995-02-12 12:00:00,3.246605,2.8038082,5.595388,4.6500216,5.3337946,4.6035786
1995-02-13 12:00:00,2.83986,2.1319737,3.8262482,3.7791185,4.745863,2.2047498
1995-02-14 12:00:00,1.2225726,1.1319771,4.434014,4.9309816,5.438268,2.8058193
1995-02-15 12:00:00,1.9186431,1.3787633,5.673025,3.7199545,5.712531,2.5300756
1995-02-16 12:00:00,1.1451931,1.1149179,3.5361264,2.851511,4.353657,2.1485498
1995-02-17 12:00:00,1.313528,1.4263375,5.5365663,4.1427054,4.8491416,3.855023
1995-02-18 12:00:00,1.8586333,1.794029,6.51803,3.4955642,4.3974156,3.2358532
1995-02-19 12:00:00,0.78893626,1.0290647,3.0510435,4.4505186,6.977742,1.5310502
1995-02-20 12:00:00,0.9064146,1.3834236,2.6010458,5.532331,8.876244,2.379076
1995-02-21 12:00:00,2.0021863,2.9352758,5.2140527,7.209786,9.262848,4.207034
1995-02-22 12:00:00,1.4066589,1.8621982,5.7290993,4.839142,8.559166,4.67749
1995-02-23 12:00:00,1.1952529,1.6499387,7.673196,5.9005513,6.3057876,6.282716
1995-02-24 12:00:00,2.147116,2.2859547,6.1622157,7.4936566,5.0335903,4.7241416
1995-02-25 12:00:00,2.1427512,2.304064,4.9616385,5.88999,3.9485037,3.814874
1995-02-26 12:00:00,0.9521018,1.0167542,2.3519664,3.3489757,6.0185366,2.0232375
1995-02-27 12:00:00,2.1029167,1.5663735,4.2124047,3.7220063,5.8307605,2.821347
1995-02-28 12:00:00,5.742594,3.9732413,7.058531,4.515505,4.336709,3.1890638
1995-03-01 12:00:00,4.8924484,3.3521948,6.5383363,4.0834384,4.495952,3.1980238
1995-03-02 12:00:00,4.8428617,3.3131797,5.680755,3.6788301,4.255257,2.7118914
1995-03-03 12:00:00,0.9442536,1.0379541,3.3327887,3.6727762,4.122687,2.9028463
1995-03-04 12:00:00,1.3921967,1.5802128,4.0175886,3.323777,3.695905,2.1283948
1995-03-05 12:00:00,1.5653839,1.3240103,1.9525869,2.553935,5.009826,1.5195068
1995-03-06 12:00:00,0.93821764,0.97729754,1.9633301,2.4407835,4.9775333,1.6134679
1995-03-07 12:00:00,0.8983389,1.1212602,2.1763997,2.575171,3.7988722,2.2076173
1995-03-08 12:00:00,1.0438391,1.0766033,4.621212,3.0189555,3.2578242,3.089331
1995-03-09 12:00:00,1.4577079,1.238208,2.4721153,2.6319494,3.0861807,1.6110457
1995-03-10 12:00:00,0.98227584,1.0841736,3.6999443,3.5329735,3.6569147,1.7351427
1995-03-11 12:00:00,1.0300803,1.3578384,2.2040563,3.402043,3.7148788,1.9434823
1995-03-12 12:00:00,1.0777336,1.4341482,2.354554,4.0976696,3.9391675,1.5320506
1995-03-13 12:00:00,1.1119868,1.1233919,2.9646974,2.5615058,3.613867,2.1932185
1995-03-14 12:00:00,1.2428398,1.1094673,3.8183293,3.0067515,3.6226041,2.4038208
1995-03-15 12:00:00,2.2073276,1.8313426,5.132595,3.4686036,3.7842884,2.568001
1995-03-16 12:00:00,3.1245277,2.8070483,6.5831323,3.682301,3.8076012,3.2998374
1995-03-17 12:00:00,2.4261184,2.4318807,6.715797,4.660216,3.7353296,4.5038524
1995-03-18 12:00:00,2.179623,2.2129264,3.9153097,4.230218,3.876474,3.3827055
1995-03-19 12:00:00,2.975834,2.474932,4.391245,3.7941692,3.929036,2.8497174
1995-03-20 12:00:00,2.2828584,1.8300372,3.7818282,5.0109997,7.1557198,3.7226388
1995-03-21 12:00:00,1.8662059,1.9380987,4.558708,5.6893716,7.2859807,3.1762533
1995-03-22 12:00:00,1.280651,1.1996216,5.0826497,5.497057,5.4781694,4.026544
1995-03-23 12:00:00,2.485988,2.5133817,3.6122873,2.9594467,6.0091424,2.2453747
1995-03-24 12:00:00,1.2191415,1.1180726,4.511793,2.5419707,2.7636147,2.5703485
1995-03-25 12:00:00,1.6618776,1.3271077,3.1989548,2.0008411,3.3918824,2.0860715
1995-03-26 12:00:00,1.706053,1.2795246,4.450002,2.5318224,3.7209203,1.6626048
1995-03-27 12:00:00,2.033984,2.0439217,2.8582823,5.995728,7.4991193,2.9805427
1995-03-28 12:00:00,1.9048246,1.8044492,4.004993,5.1244717,6.8917117,3.2569213
1995-03-29 12:00:00,1.9177232,1.9562492,2.9307747,4.504121,7.4527197,2.710396
1995-03-30 12:00:00,1.1372899,1.2320111,3.113592,4.2049417,6.567909,1.9971902
1995-03-31 12:00:00,1.6657786,1.6256299,2.5743906,6.077636,6.561908,1.5688627
1995-04-01 12:00:00,2.2972057,2.1404216,3.11913,3.8595898,7.8008223,2.3807323
1995-04-02 12:00:00,1.683151,1.7888024,3.4401221,5.33409,7.646968,2.2722597
1995-04-03 12:00:00,3.9753315,3.3714757,4.676695,4.3785653,5.2133765,3.2064526
1995-04-04 12:00:00,1.9182358,2.063134,2.7205408,4.06748,3.2880008,1.805971
1995-04-05 12:00:00,1.7567986,1.7936277,3.2990139,3.034646,3.417899,2.3613653
1995-04-06 12:00:00,2.490002,2.3406918,4.0250845,3.4057076,3.3107667,2.1534746
1995-04-07 12:00:00,2.0616856,2.2974067,4.3117313,3.9288301,3.2679696,2.5911577
1995-04-08 12:00:00,2.0747783,1.7723247,3.079446,3.207464,3.0552444,2.6609983
1995-04-09 12:00:00,1.4179652,1.203775,2.8400435,2.569079,3.0560136,1.7741027
1995-04-10 12:00:00,1.7764019,1.4705639,2.5414019,3.0908742,3.2612355,1.5562087
1995-04-11 12:00:00,2.167132,2.0968633,3.5921547,3.432246,2.9600592,2.6898623
1995-04-12 12:00:00,2.7046099,2.380093,2.8566778,2.493093,3.113622,1.8646824
1995-04-13 12:00:00,1.941422,1.7903881,6.6119514,3.88715,4.5076694,3.9115198
1995-04-14 12:00:00,1.917477,1.5947535,4.0758204,3.8232386,5.6428037,2.23188
1995-04-15 12:00:00,1.4432249,1.1576086,2.9321146,3.410814,4.0015955,1.6835016
1995-04-16 12:00:00,1.6898127,1.5109159,4.9648933,2.244935,2.6946957,2.092552
1995-04-17 12:00:00,2.8561454,2.4109154,6.142337,2.8651512,2.7860265,2.413354
1995-04-18 12:00:00,2.3012168,2.0738542,3.4211092,2.9648225,2.9679313,1.7119226
1995-04-19 12:00:00,1.3691989,1.4246677,2.7914693,3.0811036,3.4382794,1.393492
1995-04-20 12:00:00,2.4212928,2.1481457,4.9444647,3.8412118,3.1509085,2.4000347
1995-04-21 12:00:00,2.901658,2.7084706,6.488627,4.3381,3.969259,3.1528833
1995-04-22 12:00:00,2.3675697,2.255138,6.107071,3.4607408,4.317362,2.915017
1995-04-23 12:00:00,1.5118389,1.5617313,5.058288,2.428144,4.569222,2.4707456
1995-04-24 12:00:00,1.8649437,1.4293392,3.1459594,2.176315,5.586364,1.8091627
1995-04-25 12:00:00,2.0915205,1.7035856,2.6888027,2.1728983,5.277201,2.1970093
1995-04-26 12:00:00,1.7721834,1.3214585,3.0144856,2.1632826,7.2200093,1.2834814
1995-04-27 12:00:00,0.9046648,0.94442296,3.5910401,2.2267754,5.384438,1.5594547
1995-04-28 12:00:00,0.93247676,1.0969146,3.074537,2.1038775,4.234977,1.5077851
1995-04-29 12:00:00,1.1462061,1.2292855,1.9611415,2.2554457,2.9387054,1.1886703
1995-04-30 12:00:00,1.2254825,1.076933,1.8273236,1.5704162,3.0232062,1.1909125
1995-05-01 12:00:00,1.2910442,1.2699107,2.1139288,2.9398625,4.1960936,1.6467367
1995-05-02 12:00:00,1.8519623,1.6347274,2.8985057,4.612405,4.266459,2.5225227
1995-05-03 12:00:00,2.1926415,2.1394522,3.4559433,4.334408,5.6330285,2.2541432
1995-05-04 12:00:00,1.4669666,1.4077469,2.6611192,3.1154807,5.81732,1.7776567
1995-05-05 12:00:00,3.4053092,2.993732,4.1850743,5.1189933,6.14631,3.196919
1995-05-06 12:00:00,3.1203675,2.8130085,4.513449,3.5768406,5.5497203,3.1641288
1995-05-07 12:00:00,1.639144,1.696132,2.563613,2.7951844,4.1607738,1.9745218
1995-05-08 12:00:00,2.2857008,1.9887927,2.207975,3.6404893,3.8637235,2.9859428
1995-05-09 12:00:00,2.50212,2.1470737,3.2056391,2.085399,3.144356,2.4541354
1995-05-10 12:00:00,1.8077667,1.4319016,2.7555487,3.5830944,3.1559951,2.0817373
1995-05-11 12:00:00,3.0927248,2.908511,4.959011,4.2743993,2.9171822,3.7401447
1995-05-12 12:00:00,2.9618397,2.337386,5.0390487,3.2397807,4.2685,3.6751702
1995-05-13 12:00:00,2.3092084,2.4960287,4.645933,2.9193096,3.530575,2.7240467
1995-05-14 12:00:00,2.8319817,2.4544802,4.860692,3.2470672,4.2314343,3.202551
1995-05-15 12:00:00,2.1346893,1.923348,3.8651707,3.0973651,4.3669567,2.8345659
1995-05-16 12:00:00,2.01949,1.962888,3.5458734,3.448931,3.7853346,3.1156027
1995-05-17 12:00:00,2.5025468,2.3789904,3.4610732,3.9470885,3.7970254,3.4166477
1995-05-18 12:00:00,2.8066697,2.3826742,3.1334212,2.5944352,4.910806,2.5030293
1995-05-19 12:00:00,2.3109226,2.0463398,3.3035297,2.604124,2.9618084,2.4772305
1995-05-20 12:00:00,3.121747,2.963106,3.536941,4.665009,3.5082223,2.425813
1995-05-21 12:00:00,1.6464388,1.9303147,2.891544,2.5901666,4.2573376,1.9478167
1995-05-22 12:00:00,1.2755814,1.2879012,4.4695354,3.0818396,3.9652388,2.36654
1995-05-23 12:00:00,1.9527671,1.9720836,3.7274568,2.5528355,3.9636006,2.1572633
1995-05-24 12:00:00,3.2641473,2.8263185,5.3273063,2.7952285,3.9340208,2.978171
1995-05-25 12:00:00,1.4883368,1.4660227,3.0840344,2.773937,4.590011,2.1652124
1995-05-26 12:00:00,3.3427558,2.7439828,3.151029,4.044872,3.8958445,1.6803644
1995-05-27 12:00:00,3.6323698,3.1658285,4.747495,5.1055365,3.1864629,2.3149467
1995-05-28 12:00:00,2.8992023,2.481232,4.604502,3.376834,2.4391704,1.9820228
1995-05-29 12:00:00,3.2333298,2.6089904,4.450005,2.7015388,4.6444364,2.006239
1995-05-30 12:00:00,3.417596,2.8066216,5.090545,2.8570359,4.678882,2.2617748
1995-05-31 12:00:00,2.336821,2.0113325,3.9108615,3.3515847,3.4809012,2.232513
1995-06-01 12:00:00,2.543348,2.0681696,3.4524753,3.034615,3.4118187,2.382345
1995-06-02 12:00:00,3.4110432,2.6818557,3.7282987,3.0951176,3.5469375,2.160334
1995-06-03 12:00:00,2.722973,2.241282,3.4683285,3.1846275,6.504447,1.9749008
1995-06-04 12:00:00,2.2803378,1.7949852,2.68807,2.154974,5.4381113,2.1039474
1995-06-05 12:00:00,1.1944828,1.2528366,2.1193023,3.203365,3.585941,1.2594768
1995-06-06 12:00:00,3.1687634,2.7375834,2.8479333,3.4033,3.8243253,2.0882921
1995-06-07 12:00:00,2.21883,2.1665509,2.9002492,3.3239965,3.060073,2.2755058
1995-06-08 12:00:00,2.9960923,2.6448834,3.1940076,3.703875,2.894798,2.0974355
1995-06-09 12:00:00,1.4280298,1.5803745,3.1444318,3.1891208,4.5652213,1.637579
1995-06-10 12:00:00,1.0996282,1.2889254,1.9742519,3.0244482,4.8689523,1.3152052
1995-06-11 12:00:00,2.0102959,1.8086883,3.5824082,2.63757,2.788265,1.7088655
1995-06-12 12:00:00,2.7757874,2.2615387,5.038723,2.8591835,2.732235,2.1013517
1995-06-13 12:00:00,1.3791007,1.3167557,3.399213,2.0423522,3.1805925,1.7080536
1995-06-14 12:00:00,1.3038539,1.4602605,2.5226834,2.195623,2.580116,1.4133265
1995-06-15 12:00:00,1.5391368,1.3903984,2.2038357,2.1439621,2.2464397,1.4423752
1995-06-16 12:00:00,1.8589698,1.4688817,3.6764514,2.8117445,2.5187073,2.669151
1995-06-17 12:00:00,2.4092283,1.9313699,4.0199704,2.5318737,3.2808058,2.36514
1995-06-18 12:00:00,1.3236139,1.1215334,3.048981,2.1047318,2.0397587,1.4867139
1995-06-19 12:00:00,2.4712422,2.0843685,4.147255,2.7975583,1.9752913,2.8740106
1995-06-20 12:00:00,3.5460954,2.9886603,3.8373334,6.005143,3.756858,3.5377638
1995-06-21 12:00:00,1.6070678,1.600535,2.985151,4.7149935,4.8387938,2.3727643
1995-06-22 12:00:00,3.514234,2.8923159,4.849764,5.093167,3.1016216,3.8038228
1995-06-23 12:00:00,3.956088,3.221111,3.8132498,5.5440226,4.0638094,2.9781613
1995-06-24 12:00:00,1.8446027,1.66384,2.3659146,3.1985254,4.6289845,1.6185142
1995-06-25 12:00:00,1.1240311,1.19728,1.5224702,1.9984841,4.4228487,1.4169971
1995-06-26 12:00:00,1.1994295,1.222048,1.6876869,1.9544163,3.6032696,1.3588504
1995-06-27 12:00:00,1.1819718,1.0607791,1.7926495,1.8160955,2.7705698,1.3184366
1995-06-28 12:00:00,0.89225996,0.8772142,1.50189,1.4329026,2.7443693,1.0253345
1995-06-29 12:00:00,0.85016835,0.981932,1.436492,1.6404185,3.2410514,1.0887648
1995-06-30 12:00:00,1.1232206,1.2763795,1.7636806,1.6992549,3.5383825,1.2601888
1995-07-01 12:00:00,2.2504115,1.8259242,3.5008042,3.8105583,2.4464648,1.7589437
1995-07-02 12:00:00,2.1768563,1.6304873,2.806674,4.0499053,3.077174,1.8036591
1995-07-03 12:00:00,1.4485961,1.1847271,2.6760368,3.7216656,3.304781,2.0687838
1995-07-04 12:00:00,1.679378,1.3644234,2.9343362,3.2304723,3.2881424,2.5574408
1995-07-05 12:00:00,1.9894891,1.9896451,4.4552984,2.7448678,3.0293832,2.8972151
1995-07-06 12:00:00,3.1567986,2.8215525,4.4730864,4.3740945,5.576928,3.280158
1995-07-07 12:00:00,2.9980595,3.1355731,3.9409103,5.0901127,7.3501587,3.303159
1995-07-08 12:00:00,2.2314396,2.3028166,3.1913762,3.7670307,3.9692745,2.3985636
1995-07-09 12:00:00,2.3394868,2.1870708,4.4022,3.644926,3.2780793,2.752349
1995-07-10 12:00:00,2.6265836,2.2883635,3.416825,3.4905195,3.4627986,2.2348485
1995-07-11 12:00:00,1.6283813,1.4771264,2.639263,2.6359928,3.1641057,1.6814603
1995-07-12 12:00:00,2.1840482,1.7736989,3.3259346,1.9283371,1.954395,1.9102987
1995-07-13 12:00:00,2.9789047,2.5826259,3.625022,3.0242152,2.3839386,2.8947427
1995-07-14 12:00:00,1.2376689,1.2646922,2.2065032,2.3928943,2.931821,1.9612805
1995-07-15 12:00:00,1.3552358,1.2260109,2.8623183,3.7596586,3.684867,1.7822142
1995-07-16 12:00:00,1.7188848,1.6283296,3.182637,4.0329766,3.2352567,2.1518168
1995-07-17 12:00:00,1.5609897,1.3579406,2.3746166,4.0073123,3.2150092,1.196872
1995-07-18 12:00:00,1.4403791,1.3899093,2.38371,4.1541004,4.8345585,1.3481872
1995-07-19 12:00:00,1.6857266,1.5510856,2.58369,4.029207,5.013954,1.4979256
1995-07-20 12:00:00,1.9150515,1.3031437,2.4034603,2.522861,3.7571793,1.2824554
1995-07-21 12:00:00,1.0974209,1.0009044,2.0388699,3.7754188,3.201347,1.1032702
1995-07-22 12:00:00,1.21704,1.0391445,1.8274326,4.287756,2.516808,1.3029068
1995-07-23 12:00:00,1.1172128,1.2659138,2.2388783,5.1469626,3.6188846,2.0213444
1995-07-24 12:00:00,1.416883,1.8805974,4.278541,4.8555636,4.56423,3.6361723
1995-07-25 12:00:00,2.5622745,2.3114097,4.457826,3.156584,3.6553392,2.8662758
1995-07-26 12:00:00,2.6845975,2.636994,3.9792018,3.5703206,3.2180035,2.410148
1995-07-27 12:00:00,2.6912293,2.9704075,4.2615814,4.7216825,2.8800752,2.8135283
1995-07-28 12:00:00,2.3803177,2.6008308,3.4355917,4.0687675,3.3548086,2.128732
1995-07-29 12:00:00,1.8499458,1.8250521,1.9983321,2.4861534,3.9891293,1.1794949
1995-07-30 12:00:00,1.5502208,1.4445966,1.6278281,3.002224,5.718203,1.2062138
1995-07-31 12:00:00,1.9820468,1.8763821,1.8032737,3.3783379,5.2883873,1.091861
1995-08-01 12:00:00,1.7499692,1.4361562,2.0405126,2.6417792,3.9416013,1.2348189
1995-08-02 12:00:00,1.113378,1.0887592,1.7832301,1.4745487,3.1324224,1.1740078
1995-08-03 12:00:00,2.3691955,1.5827761,2.6033506,2.2849288,2.4834774,1.1975327
1995-08-04 12:00:00,2.170304,1.8857522,2.854,2.9701807,2.012468,2.3005755
1995-08-05 12:00:00,1.5687618,1.5150131,2.3210862,2.5399952,2.8892212,1.9380765
1995-08-06 12:00:00,1.8688661,1.6946262,3.1984332,2.9933362,3.3976943,1.9506178
1995-08-07 12:00:00,1.3991301,1.4592843,2.247105,3.0548828,2.7169108,1.9300371
1995-08-08 12:00:00,1.8312384,1.4359182,3.135346,4.450462,2.6954162,1.6927947
1995-08-09 12:00:00,1.4891669,1.454805,3.0993233,3.0308235,3.007259,1.4513094
1995-08-10 12:00:00,1.4525671,1.3904933,3.4700046,2.3853192,2.7859955,1.884937
1995-08-11 12:00:00,1.4775705,1.4717364,3.743155,2.085352,3.2618058,1.801534
1995-08-12 12:00:00,1.8582054,1.6884948,3.8771753,2.2268806,3.2996929,1.9973708
1995-08-13 12:00:00,2.2883031,1.9318172,4.340492,2.2436156,3.7000475,2.3831341
1995-08-14 12:00:00,1.8640493,1.7300059,4.1181226,2.1679294,2.1982443,2.0473554
1995-08-15 12:00:00,1.979844,1.6002011,2.7008274,2.1405149,2.0200589,1.719997
1995-08-16 12:00:00,2.2056923,1.6852453,3.1117144,1.8375063,2.6128452,1.5449843
1995-08-17 12:00:00,2.338172,1.6817974,3.6426747,2.053252,2.3427997,1.6667926
1995-08-18 12:00:00,2.033292,1.6915172,3.2747598,2.4939969,3.0914364,1.659345
1995-08-19 12:00:00,1.3029346,1.2063079,2.9868863,3.7137558,5.74885,2.1780567
1995-08-20 12:00:00,1.8666666,1.5803475,2.6373682,4.523557,3.9942853,2.144062
1995-08-21 12:00:00,1.9423507,1.7892725,2.546654,4.6491184,3.440784,1.6026572
1995-08-22 12:00:00,1.6046457,1.7389385,2.5135787,2.2937894,2.713968,1.5074036
1995-08-23 12:00:00,1.5065327,1.6078521,2.4066696,2.5001113,3.2555902,1.8322239
1995-08-24 12:00:00,1.5044522,1.4336768,3.4176772,2.063051,2.8001626,1.6301473
1995-08-25 12:00:00,1.946537,1.7754594,3.8619943,2.4270098,2.4072688,2.2008202
1995-08-26 12:00:00,2.6033719,2.2155998,3.7590096,3.0723948,2.4620087,2.4510658
1995-08-27 12:00:00,2.0562012,2.0564694,4.4624333,3.7801464,2.4112763,3.9316685
1995-08-28 12:00:00,2.844222,2.5097015,3.9857154,2.6991973,2.7554617,2.6948836
1995-08-29 12:00:00,2.7719917,1.9905752,3.3061876,2.8944082,2.5769715,2.5686052
1995-08-30 12:00:00,1.7222981,1.3914179,3.0824802,2.4247174,2.8003783,2.0269144
1995-08-31 12:00:00,2.4766572,2.245582,4.289979,3.6682928,2.6916056,3.0991237
1995-09-01 12:00:00,1.5179379,1.6721137,3.7475715,3.400749,3.5218222,3.252041
1995-09-02 12:00:00,3.2897844,2.6296759,4.1080813,3.1850321,4.699563,2.9576836
1995-09-03 12:00:00,1.1832734,1.1638428,2.173434,2.0181522,4.3514433,1.7751089
1995-09-04 12:00:00,2.101881,1.9405644,2.6344817,2.84616,3.4471593,1.718804
1995-09-05 12:00:00,2.0785632,1.9244596,2.580665,3.4392548,5.241259,1.243967
1995-09-06 12:00:00,2.6770267,2.2490757,3.6368132,2.4292562,3.7092528,1.8277826
1995-09-07 12:00:00,2.27898,2.1672199,3.6876452,3.9297242,3.515579,2.218841
1995-09-08 12:00:00,1.5270712,1.4500073,1.978433,2.7031803,3.401072,1.5339235
1995-09-09 12:00:00,2.5333166,2.0904322,3.9816072,2.5525157,3.8184588,1.728828
1995-09-10 12:00:00,2.987392,2.8752046,5.3299723,4.266322,3.8719425,3.440876
1995-09-11 12:00:00,2.172812,2.3848908,2.934481,3.8015049,3.5238583,3.520583
1995-09-12 12:00:00,1.0559267,1.2056108,2.070695,2.467041,3.019965,2.4905043
1995-09-13 12:00:00,1.2688729,1.3077279,2.483867,2.7186,1.6895715,2.940205
1995-09-14 12:00:00,1.3833795,1.6040747,2.3086128,2.4956427,2.0175927,1.9413153
1995-09-15 12:00:00,1.5765439,1.7794304,2.4868271,2.6911035,2.9958,1.930944
1995-09-16 12:00:00,1.334182,1.3312712,2.6527224,2.2489157,2.0704362,1.9194645
1995-09-17 12:00:00,0.8585323,0.81086475,2.1747475,2.50079,1.6761123,1.6656575
1995-09-18 12:00:00,0.71874547,0.74502254,1.8640976,1.8323746,2.0042284,0.9115132
1995-09-19 12:00:00,0.7445727,0.90640664,2.09994,2.3597262,2.3814347,1.7028073
1995-09-20 12:00:00,0.8026594,1.0883076,1.7788774,5.491245,3.7223945,1.9132855
1995-09-21 12:00:00,0.70250666,0.84637547,2.134124,2.8281455,3.3260117,1.1690232
1995-09-22 12:00:00,2.0723662,1.540949,3.1136198,2.2155964,2.805434,1.5420051
1995-09-23 12:00:00,2.5074835,1.883151,4.4466295,2.4150066,2.8069773,1.9117824
1995-09-24 12:00:00,2.1781325,1.7256168,5.576883,2.2756402,2.5829153,2.1753774
1995-09-25 12:00:00,1.7579634,1.3890924,4.8656244,1.8731538,3.0643282,1.8060259
1995-09-26 12:00:00,1.5564992,1.2543448,4.4937596,1.9611586,2.7573886,1.7166132
1995-09-27 12:00:00,2.2667508,1.6971978,4.202937,1.8281144,2.9004648,1.8090112
1995-09-28 12:00:00,3.2439466,2.594551,4.1851406,2.974775,2.310772,2.0604131
1995-09-29 12:00:00,2.289802,1.7307549,2.2111843,3.1188657,2.661269,1.4142606
1995-09-30 12:00:00,3.0936117,2.2012703,1.9636109,2.7777152,3.052733,1.5728395
1995-10-01 12:00:00,2.574123,1.7992976,2.8917797,2.942132,3.011869,1.6312835
1995-10-02 12:00:00,1.7696468,1.2229162,3.0852811,1.7003461,4.155114,1.3429651
1995-10-03 12:00:00,0.79494846,0.8126067,2.8021176,1.6234481,3.2962556,1.3872228
1995-10-04 12:00:00,1.2838328,1.3331722,3.1735334,2.418567,3.9660337,1.4088334
1995-10-05 12:00:00,1.8338659,1.7014718,4.5747285,3.1564221,3.634699,2.0771925
1995-10-06 12:00:00,1.9522823,1.7871776,4.6133084,3.2105672,3.3189788,2.2460885
1995-10-07 12:00:00,1.6673086,1.3589674,3.7649422,2.01228,4.4949393,1.777457
1995-10-08 12:00:00,1.9577891,1.3302706,3.953614,1.7753525,6.010924,1.618214
1995-10-09 12:00:00,1.793946,1.1320133,3.382479,1.8373442,2.5045846,1.2301029
1995-10-10 12:00:00,1.3136989,1.3751044,2.396492,4.3760095,3.9038978,2.1807952
1995-10-11 12:00:00,3.3329964,2.4606822,3.556372,2.7574775,2.7296102,1.7986313
1995-10-12 12:00:00,1.6543816,1.2635348,3.014025,2.172227,2.6767173,1.7219479
1995-10-13 12:00:00,0.8257297,1.1276001,3.4010487,4.218487,3.9448183,2.6082323
1995-10-14 12:00:00,3.70496,3.4436042,4.197828,4.831609,3.5787113,3.0482292
1995-10-15 12:00:00,2.6755435,2.1295156,3.1972098,2.5721464,2.9616647,2.0163293
1995-10-16 12:00:00,0.84922266,0.9521364,3.7103348,4.6351924,5.8277593,2.9108121
1995-10-17 12:00:00,1.2620108,1.1296538,3.694293,6.284543,6.3630404,3.6175175
1995-10-18 12:00:00,2.4501364,2.406866,7.439638,5.4960737,5.247462,5.518571
1995-10-19 12:00:00,3.188028,3.2467003,7.223865,6.6230574,5.656694,5.2013044
1995-10-20 12:00:00,2.0046344,2.2283401,4.298979,5.677546,7.192686,3.5393736
1995-10-21 12:00:00,1.1617254,1.4767776,3.3230784,4.3125587,4.7983994,2.9786878
1995-10-22 12:00:00,0.88153696,1.1528134,3.0072913,3.6684408,4.0147147,3.527518
1995-10-23 12:00:00,1.2422807,1.2607244,3.4785817,2.9577978,3.510282,2.1224196
1995-10-24 12:00:00,1.6008961,1.2385405,3.7992013,3.1973226,3.3677845,2.0277088
1995-10-25 12:00:00,2.0756664,1.3437452,4.6337833,2.4711246,2.156337,1.7543519
1995-10-26 12:00:00,2.443307,1.7906371,5.365431,3.6184206,3.067141,3.048814
1995-10-27 12:00:00,1.3880478,1.4760052,3.826883,4.225426,4.3801923,2.9073067
1995-10-28 12:00:00,3.9957082,3.0945911,5.1042805,3.1835797,4.963216,2.5819187
1995-10-29 12:00:00,1.1605272,1.488755,2.3508842,3.4569173,3.9434595,1.5304953
1995-10-30 12:00:00,0.9391422,1.0796107,1.9196876,4.9409146,5.306406,1.81273
1995-10-31 12:00:00,0.930789,1.044261,2.5134597,3.6794522,4.073625,1.7687588
1995-11-01 12:00:00,0.927812,0.9387811,2.7487173,2.7802832,3.1890728,2.7209177
1995-11-02 12:00:00,3.1207805,2.5756974,5.158879,4.607497,3.7726421,3.1607206
1995-11-03 12:00:00,2.2692056,2.2872,6.960276,6.4819617,5.3097243,4.7236466
1995-11-04 12:00:00,2.1785204,1.9433295,4.2345433,4.26252,7.3178144,3.659189
1995-11-05 12:00:00,1.8155705,1.6284128,4.2275934,4.4022264,7.9386363,2.6860144
1995-11-06 12:00:00,2.0767975,1.6656296,4.1713367,6.0831203,5.6815605,2.9671392
1995-11-07 12:00:00,1.1998566,1.3196335,2.573992,6.0536404,5.107039,1.5414057
1995-11-08 12:00:00,1.711026,1.565138,4.716848,5.530115,5.1273475,2.488329
1995-11-09 12:00:00,1.8418406,1.792209,3.7689464,5.054848,5.677735,2.3979695
1995-11-10 12:00:00,2.4166985,1.6901712,4.5763197,4.97716,5.8565183,1.927207
1995-11-11 12:00:00,1.4230225,1.5794815,2.5788672,4.4638042,3.928926,1.5645727
1995-11-12 12:00:00,1.3284479,1.3952787,4.541449,3.0844815,3.5154183,2.615097
1995-11-13 12:00:00,3.0055468,2.5385644,5.7283573,4.6983185,4.593115,3.5867584
1995-11-14 12:00:00,1.2352469,1.032345,2.563532,3.2548058,5.4902134,2.0371244
1995-11-15 12:00:00,1.9726954,1.7269135,3.4546847,4.204175,7.360803,3.4865153
1995-11-16 12:00:00,2.7314923,2.1621406,4.828889,4.076684,6.016775,2.671404
1995-11-17 12:00:00,4.0912714,3.0377376,4.034244,3.1408153,4.5096025,2.0701118
1995-11-18 12:00:00,2.2112477,2.3220022,3.27884,3.7750294,4.6041665,2.5996103
1995-11-19 12:00:00,3.0722578,2.530468,4.596866,2.1972265,4.544905,2.6327085
1995-11-20 12:00:00,4.308979,2.9579277,4.9318895,3.8463283,3.9050617,2.2916481
1995-11-21 12:00:00,3.4622488,2.842247,3.961474,2.8502333,5.3982744,2.555328
1995-11-22 12:00:00,2.6067867,2.1268415,2.8594368,3.71923,5.7433066,2.103928
1995-11-23 12:00:00,1.9720004,1.958836,3.1347187,2.9506526,4.4666553,2.683178
1995-11-24 12:00:00,1.198273,1.6504189,3.267927,2.900357,5.9695883,1.9063435
1995-11-25 12:00:00,2.0051713,1.6080878,5.6844807,2.7922056,4.1529727,2.5973988
1995-11-26 12:00:00,2.9667263,1.9602373,5.292017,3.682313,4.0352087,2.716504
1995-11-27 12:00:00,1.3982681,1.0902829,4.591206,3.2665772,3.4609952,2.5158055
1995-11-28 12:00:00,1.1299161,1.1079966,5.538411,3.00864,4.4581165,2.9198601
1995-11-29 12:00:00,1.3153583,1.0943202,5.025501,3.2678225,5.507231,2.4741223
1995-11-30 12:00:00,1.8333365,1.4544158,4.919862,4.216041,4.2372255,2.9613466
1995-12-01 12:00:00,2.9814448,2.693333,7.437684,5.748166,4.224946,4.0633235
1995-12-02 12:00:00,3.7014976,3.321176,5.418205,6.3524323,5.128348,3.4930663
1995-12-03 12:00:00,2.9140801,2.2155561,3.9058557,4.745068,5.566778,2.3812091
1995-12-04 12:00:00,2.2047167,1.7000141,4.559913,3.854487,5.0585623,2.8628895
1995-12-05 12:00:00,2.8911,2.3558042,4.220432,3.7562113,5.2350464,2.3273745
1995-12-06 12:00:00,1.6099697,1.8030071,5.5566525,5.7378807,4.8674316,2.9666355
1995-12-07 12:00:00,2.0003476,1.7284987,3.965368,5.6281166,5.070547,2.9513292
1995-12-08 12:00:00,2.2064083,1.9839342,5.547983,3.5896587,4.107172,3.2363298
1995-12-09 12:00:00,2.132294,2.5256858,5.684569,5.7284627,5.4376984,3.8033316
1995-12-10 12:00:00,1.7485466,1.9422407,3.3329268,3.8436427,3.9405425,2.0022037
1995-12-11 12:00:00,1.6873556,1.805202,4.3988914,7.175206,4.9716167,3.7526639
1995-12-12 12:00:00,1.4638484,1.7908692,3.4469244,6.006119,5.2774944,2.5653589
1995-12-13 12:00:00,1.5011613,1.7448821,2.6507266,4.1765304,3.9612122,1.9534886
1995-12-14 12:00:00,0.8301935,1.2472203,2.2726243,5.0243926,4.431676,2.2202113
1995-12-15 12:00:00,2.2136211,2.1280603,4.845877,7.0444093,6.396347,4.364245
1995-12-16 12:00:00,2.4641385,3.206811,5.822679,8.140621,4.548754,4.4915614
1995-12-17 12:00:00,1.9789951,2.3871152,4.070811,4.8828025,4.5172224,2.9364977
1995-12-18 12:00:00,1.0158259,1.1866313,2.5441964,2.368324,3.9269981,2.1884959
1995-12-19 12:00:00,1.080133,1.401878,3.6025224,6.1559706,5.1522555,3.2362468
1995-12-20 12:00:00,2.0269377,1.9135691,5.1435857,6.811621,7.16298,4.111044
1995-12-21 12:00:00,2.898303,2.4807928,6.393613,5.582234,4.8614054,4.8272176
1995-12-22 12:00:00,4.2539454,3.394871,7.0602665,5.9680424,4.8865676,4.423964
1995-12-23 12:00:00,3.1839957,2.492581,6.440809,7.3959813,4.589669,4.691803
1995-12-24 12:00:00,2.7779398,2.6940663,3.8523488,5.011314,3.6620262,3.6980338
1995-12-25 12:00:00,2.9169002,2.362702,6.367497,4.277612,3.446283,3.4343894
1995-12-26 12:00:00,3.4521148,3.1249363,4.622851,3.6102543,3.4223082,3.4319944
1995-12-27 12:00:00,2.4878402,1.7492634,4.3857794,2.6410475,5.408752,2.2653253
1995-12-28 12:00:00,2.1536784,1.6935769,2.5336204,4.0450597,5.046607,1.9615295
1995-12-29 12:00:00,1.1047397,1.4548357,3.0720146,4.4894166,4.4206867,2.663361
1995-12-30 12:00:00,1.4420236,1.3657724,5.9872046,4.640033,4.0957456,3.746986
1995-12-31 12:00:00,2.0622683,1.5117975,4.0075097,3.9630384,4.859319,2.7091
