,Norway,NO1,NO2,NO3,NO4,NO5
2071-01-01 12:00:00,4.521034,4.047033,5.125046,6.399499,5.7059007,4.012838
2071-01-02 12:00:00,2.374502,2.2920759,3.3156686,6.774991,6.7372813,3.5432081
2071-01-03 12:00:00,2.308354,2.1993227,5.5195284,5.53722,7.125385,3.99925
2071-01-04 12:00:00,1.4216654,1.720194,4.6453013,5.4346247,4.5133076,2.7786944
2071-01-05 12:00:00,1.71702,1.9355354,3.684005,7.274392,6.552055,3.304833
2071-01-06 12:00:00,1.8387098,1.7703501,6.237298,5.0251207,4.3065414,3.9994242
2071-01-07 12:00:00,3.3658252,3.0446534,7.958464,6.964281,7.408703,4.7317934
2071-01-08 12:00:00,3.2525325,3.066153,6.2143793,6.699296,9.510335,3.9705284
2071-01-09 12:00:00,0.92978156,0.9722659,2.29965,3.546795,8.575737,1.9793067
2071-01-10 12:00:00,1.2253714,1.006882,2.7776124,3.456042,6.1029515,2.0887454
2071-01-11 12:00:00,0.9128536,1.1135273,2.419426,4.0589504,4.395318,2.3277957
2071-01-12 12:00:00,0.9007346,1.1332211,3.0223215,5.0130525,3.6895466,2.9008555
2071-01-13 12:00:00,0.83013535,1.0765396,3.9053519,4.9264717,6.4461117,3.0010846
2071-01-14 12:00:00,2.1136727,1.926264,5.7275724,4.7813864,4.223318,4.073204
2071-01-15 12:00:00,2.9176354,2.1033368,6.024805,4.2222357,4.822185,3.4359736
2071-01-16 12:00:00,1.9088358,1.7165548,5.2164893,3.1991723,3.9442894,3.0030885
2071-01-17 12:00:00,0.81956905,1.0996406,2.581999,3.0758111,3.4500587,1.9100677
2071-01-18 12:00:00,2.699747,1.9769374,4.181228,3.0774708,3.8672423,2.300835
2071-01-19 12:00:00,2.1127026,1.8396331,2.8033946,2.6761923,5.8673153,2.3170109
2071-01-20 12:00:00,1.1932464,1.1905866,4.7238383,4.740917,4.7603884,4.168352
2071-01-21 12:00:00,4.12284,3.7736614,7.164295,8.120832,7.927489,5.4390464
2071-01-22 12:00:00,2.287228,2.172566,4.465535,6.4197927,9.868081,3.7926
2071-01-23 12:00:00,1.0899787,1.4434637,4.0130043,5.950142,8.318816,3.207642
2071-01-24 12:00:00,1.2811601,1.3620965,3.9594605,4.742484,5.385314,3.1295676
2071-01-25 12:00:00,2.3934894,2.009634,5.174454,5.152392,4.2320933,3.7880487
2071-01-26 12:00:00,3.3598452,2.7573872,6.731339,6.003601,5.2706027,3.9806323
2071-01-27 12:00:00,2.410029,1.8875071,5.108128,5.950282,4.3568683,3.5107794
2071-01-28 12:00:00,3.3941903,2.7996044,7.4785748,7.615364,2.9979727,5.484835
2071-01-29 12:00:00,2.1711578,2.1112046,5.519332,4.594487,3.3476622,3.1973083
2071-01-30 12:00:00,2.2647617,2.3383884,6.523864,5.22431,2.9437077,3.846888
2071-01-31 12:00:00,3.2989695,2.916061,4.690659,3.7558734,3.0962868,3.2425458
2071-02-01 12:00:00,1.4316206,1.6395407,2.8072515,2.6735725,2.721712,2.775408
2071-02-02 12:00:00,0.7950808,0.87936306,4.391705,4.301232,2.5751927,4.1041784
2071-02-03 12:00:00,2.0852017,1.8864021,5.6919527,5.423155,5.01697,3.13897
2071-02-04 12:00:00,1.0099534,1.157102,2.5083642,4.6288166,6.0825706,2.3577137
2071-02-05 12:00:00,1.1269541,1.0573269,5.79828,4.461369,5.5683603,4.0176272
2071-02-06 12:00:00,2.1693711,2.015816,7.2079897,5.1605043,4.0723243,4.466492
2071-02-07 12:00:00,2.5209267,2.4720566,6.238564,5.1935625,4.289703,4.5094004
2071-02-08 12:00:00,3.1207852,2.6445117,4.8679495,4.3191786,6.1066356,3.101578
2071-02-09 12:00:00,1.0845983,1.2168708,3.893811,3.0783513,5.734709,2.615869
2071-02-10 12:00:00,1.8209441,1.8397789,2.5734327,3.0239472,5.756032,2.4615722
2071-02-11 12:00:00,2.173157,1.8296484,4.836229,5.254337,6.067409,4.064932
2071-02-12 12:00:00,2.5006948,2.0905514,5.5916533,5.054157,5.2409673,3.4796727
2071-02-13 12:00:00,1.1878724,1.2913785,3.834398,3.6668792,4.6290402,2.1820867
2071-02-14 12:00:00,0.85031694,1.0724287,2.2328215,2.5531945,4.349697,1.757933
2071-02-15 12:00:00,1.0085459,1.19522,2.2901876,4.363836,4.387933,2.5124605
2071-02-16 12:00:00,2.5161119,2.6092753,5.061827,6.940679,7.4260025,4.260314
2071-02-17 12:00:00,1.2533207,1.4067421,4.422503,3.1907284,6.886903,2.3765657
2071-02-18 12:00:00,1.7931043,1.9406062,2.5747747,4.344758,5.1329136,2.2303483
2071-02-19 12:00:00,2.5447412,2.032959,3.5558646,2.8485067,5.120776,2.0138943
2071-02-20 12:00:00,3.0920994,2.6230702,3.2131999,2.6302998,3.3950768,2.4829876
2071-02-21 12:00:00,1.2251213,1.226188,3.61884,5.4885464,5.0332155,3.5227427
2071-02-22 12:00:00,1.1023524,1.2214895,2.7221727,4.6243186,6.381906,2.2894886
2071-02-23 12:00:00,2.0380673,1.7738031,3.4306421,5.3455973,6.982199,3.3525617
2071-02-24 12:00:00,2.8492947,2.3317344,6.9377837,4.055143,5.7419267,4.6133795
2071-02-25 12:00:00,3.5294328,3.332321,5.95086,6.477115,4.631144,4.0919986
2071-02-26 12:00:00,2.635586,2.2643075,5.50473,6.216897,3.2322867,4.1287274
2071-02-27 12:00:00,2.0954728,1.8037443,6.7858787,4.640333,3.2220423,4.924189
2071-02-28 12:00:00,2.557897,2.316983,5.903879,5.6675086,2.8180182,4.6563773
2071-03-01 12:00:00,2.56155,2.0022962,3.7329948,3.534775,5.124473,2.6462684
2071-03-02 12:00:00,1.3538713,1.3080802,4.2740526,5.8955655,6.6576734,3.7821476
2071-03-03 12:00:00,1.8988028,1.3604591,3.1102583,4.555922,6.331468,2.2949383
2071-03-04 12:00:00,2.131044,1.4046786,3.660762,2.8928263,7.4574747,1.9675903
2071-03-05 12:00:00,1.3983557,1.2149171,3.7629561,2.9507542,7.307973,1.7579905
2071-03-06 12:00:00,1.5758873,1.6017488,4.5160933,3.915071,6.580141,2.6762974
2071-03-07 12:00:00,0.9463557,1.2158667,4.455264,4.90324,7.166444,3.81701
2071-03-08 12:00:00,2.818919,2.8852417,6.700203,7.1521816,6.666746,6.331753
2071-03-09 12:00:00,4.1843777,3.538382,5.9203744,8.406428,7.1687336,5.532225
2071-03-10 12:00:00,1.1662481,1.0417775,3.4245303,4.1777506,4.8809524,2.1604006
2071-03-11 12:00:00,2.5281281,1.9325757,5.01421,3.112071,3.3050272,2.2992728
2071-03-12 12:00:00,2.7797937,2.371343,5.069354,3.8907833,3.184832,2.55899
2071-03-13 12:00:00,2.202454,1.6261849,3.6197305,2.5662725,3.0507872,1.8256183
2071-03-14 12:00:00,1.899332,1.480907,3.6645977,2.2876506,4.028541,1.5976202
2071-03-15 12:00:00,1.8989656,1.5860177,2.6831014,3.4601095,3.2868655,1.3036826
2071-03-16 12:00:00,0.9020643,0.84766334,1.8547938,1.804648,3.009744,1.3218899
2071-03-17 12:00:00,0.8058274,0.9642384,4.049036,2.3644545,3.919025,1.9158802
2071-03-18 12:00:00,1.8203566,1.8806864,5.8589907,3.3250613,3.3523185,2.8818243
2071-03-19 12:00:00,2.6382124,2.3487399,5.7771354,3.540968,3.8470135,3.3503785
2071-03-20 12:00:00,2.3239346,2.1357472,3.8011293,3.4681463,3.7062862,2.3547947
2071-03-21 12:00:00,1.883316,1.7711263,4.1209245,2.7359884,4.4743004,2.5011866
2071-03-22 12:00:00,1.9448055,1.6502721,4.6782393,3.2564602,4.175698,1.6151671
2071-03-23 12:00:00,0.9319218,1.1646947,2.841887,3.155916,3.5683753,1.8462392
2071-03-24 12:00:00,2.0122266,1.7192609,4.1692524,3.5443938,4.787093,2.233781
2071-03-25 12:00:00,2.5023994,2.0930898,3.8571587,3.0009942,3.2124217,2.8421962
2071-03-26 12:00:00,2.107232,1.9305001,3.4168098,2.8843193,2.831541,2.6816707
2071-03-27 12:00:00,2.2441516,2.025418,4.193464,3.719314,3.5647538,1.9524068
2071-03-28 12:00:00,2.290941,2.2811754,3.8916993,4.3661523,5.623447,2.1754978
2071-03-29 12:00:00,1.7037964,1.2074134,4.2171454,2.3966668,6.11938,2.023417
2071-03-30 12:00:00,2.0572443,1.6243448,2.4340954,2.9217248,3.5901608,1.60967
2071-03-31 12:00:00,2.262192,2.1013122,2.3300414,3.69444,5.0852203,1.8190236
2071-04-01 12:00:00,1.9640536,1.8850455,3.0073712,3.578403,4.1479373,2.5745678
2071-04-02 12:00:00,1.2982949,1.2868366,2.4485376,3.068682,3.0823233,1.8148481
2071-04-03 12:00:00,2.1875026,1.7678051,2.6787004,2.7316256,3.7468665,1.5371011
2071-04-04 12:00:00,1.5908525,1.4090825,1.8947198,2.0964928,3.477741,1.3350204
2071-04-05 12:00:00,1.0858634,1.1181087,1.9724002,1.6571802,4.254567,1.4434116
2071-04-06 12:00:00,1.6410035,1.32965,2.3988605,2.8756995,4.68917,2.242873
2071-04-07 12:00:00,2.2854972,2.1507096,4.6747866,3.2804904,3.6472995,2.9719763
2071-04-08 12:00:00,2.1568084,2.037941,4.921119,5.515642,5.3146353,3.4555337
2071-04-09 12:00:00,2.4207044,2.569551,4.239796,3.581922,4.6547647,2.544911
2071-04-10 12:00:00,3.3282704,2.8715198,5.04501,5.569293,3.5398598,3.6534534
2071-04-11 12:00:00,1.707975,1.7409045,3.445367,3.756818,5.488894,2.4417112
2071-04-12 12:00:00,1.5023735,1.5141258,2.7952821,2.2021446,3.0755897,2.0975387
2071-04-13 12:00:00,1.3167403,1.1284463,2.2034924,2.3830438,3.2747648,1.6667067
2071-04-14 12:00:00,1.3756869,1.4162453,3.4571135,3.1468778,3.5520196,2.8566444
2071-04-15 12:00:00,1.3162274,1.5386792,3.2612357,3.093368,4.0681257,2.8039289
2071-04-16 12:00:00,1.5248919,1.3417333,4.066144,3.4671695,4.669014,3.152126
2071-04-17 12:00:00,2.6914794,2.5635314,7.0628123,4.50636,4.455089,4.483423
2071-04-18 12:00:00,4.4450803,3.6742008,5.39499,5.4233828,3.9348078,3.5567265
2071-04-19 12:00:00,4.142426,3.6429644,2.5220249,4.2234163,4.633125,2.2022994
2071-04-20 12:00:00,3.1780972,2.678076,3.5309703,3.303147,3.3857539,2.2450502
2071-04-21 12:00:00,1.7462689,1.5457784,4.6958547,2.7788284,3.9293275,2.1647525
2071-04-22 12:00:00,1.413616,1.2597909,4.1308494,2.0873358,4.9445148,1.7332197
2071-04-23 12:00:00,1.081108,1.2389436,3.0654938,3.8684793,5.444553,1.421609
2071-04-24 12:00:00,3.2658997,2.804981,2.6782498,5.594772,5.87024,1.7383022
2071-04-25 12:00:00,3.2240243,2.7636013,3.6894403,4.71335,4.751658,2.3351862
2071-04-26 12:00:00,2.3143344,2.0227973,2.5233433,2.7224333,3.0512278,1.5476012
2071-04-27 12:00:00,1.6487451,1.2941034,3.3056674,3.6527343,2.715884,3.1383045
2071-04-28 12:00:00,2.6203017,2.0290196,3.8864925,3.8784075,4.2131567,2.4313395
2071-04-29 12:00:00,2.0228658,1.8583679,3.268759,3.1842165,4.9538336,2.3892374
2071-04-30 12:00:00,1.9451854,1.5068808,3.519817,2.914076,5.472926,2.5131671
2071-05-01 12:00:00,2.9100473,2.6571047,6.0646753,4.6374283,5.244658,4.049259
2071-05-02 12:00:00,2.8119297,2.516608,4.2279,5.9908857,4.8038235,3.7862098
2071-05-03 12:00:00,1.674649,1.2903992,2.3251688,3.1296518,3.6042922,1.823222
2071-05-04 12:00:00,2.2332804,1.9441879,3.854891,2.498384,3.8492463,2.005942
2071-05-05 12:00:00,6.2306337,4.9353557,8.065063,5.6372156,3.8744252,4.166844
2071-05-06 12:00:00,3.4687696,3.2615967,3.6073756,6.8755136,5.6018276,2.9894693
2071-05-07 12:00:00,1.9894832,1.7914188,2.7578304,4.498834,4.928078,2.3049436
2071-05-08 12:00:00,2.1843586,1.7476488,2.939309,3.4384453,3.2859404,1.5198512
2071-05-09 12:00:00,2.7739618,2.4012043,3.3295903,2.0604486,3.0958533,1.8580256
2071-05-10 12:00:00,2.981127,2.630988,3.6434417,3.374953,2.765744,2.9231753
2071-05-11 12:00:00,2.884262,2.7761705,5.0314326,4.353161,3.4425647,3.868125
2071-05-12 12:00:00,3.1293254,3.2999003,3.3396027,3.657274,2.5960808,2.6989527
2071-05-13 12:00:00,3.547035,3.316777,2.6997468,3.199111,2.6740437,2.1798275
2071-05-14 12:00:00,1.6722205,1.6053561,2.9202936,3.095699,5.031974,2.6217418
2071-05-15 12:00:00,2.4012504,2.0721939,3.3803651,3.9629543,5.2361097,2.297686
2071-05-16 12:00:00,1.9292245,1.6792066,2.8192298,2.6326032,4.152731,1.8173076
2071-05-17 12:00:00,2.3365412,2.2607055,2.8690524,4.8699536,4.273319,2.8948488
2071-05-18 12:00:00,2.2650511,2.3798094,2.787332,3.980706,5.384564,2.1720347
2071-05-19 12:00:00,2.9819005,2.1952734,4.7565174,3.6888018,2.7172983,2.349774
2071-05-20 12:00:00,2.6026762,2.1253428,4.1568513,4.6508317,2.9701295,1.8466345
2071-05-21 12:00:00,2.0948794,1.5816329,4.500336,5.4584174,4.3717484,1.9285431
2071-05-22 12:00:00,2.6963058,2.2177744,3.6482487,5.0173626,3.695121,2.170338
2071-05-23 12:00:00,1.5839832,1.5344872,2.445767,4.0579405,2.8880506,1.6556567
2071-05-24 12:00:00,1.3291289,1.4557211,2.2945654,3.529969,3.7432795,2.356888
2071-05-25 12:00:00,1.9499738,1.8029143,2.408579,3.79724,5.4211364,2.5716558
2071-05-26 12:00:00,2.2791607,2.292866,3.4759793,4.095718,4.3062115,2.6336315
2071-05-27 12:00:00,2.4345946,2.3797157,3.9800022,3.425676,3.3821552,2.275307
2071-05-28 12:00:00,3.3451238,2.9358943,4.6790824,4.4304786,4.6218204,3.1177523
2071-05-29 12:00:00,3.955391,2.9160411,4.2257013,2.732952,4.024692,1.7642232
2071-05-30 12:00:00,2.2083473,1.6604995,4.6680326,2.1457868,2.683672,2.0470269
2071-05-31 12:00:00,2.3114886,1.7668778,3.0866585,2.9421816,2.7318847,2.3989978
2071-06-01 12:00:00,1.599165,1.3676838,2.8783436,2.4605803,2.6825368,2.0596774
2071-06-02 12:00:00,3.7000473,3.1890855,3.8618596,4.0716133,3.0167012,1.8613768
2071-06-03 12:00:00,2.5656734,2.2308722,4.320625,4.5295467,4.00042,1.8711853
2071-06-04 12:00:00,3.7645073,2.7953262,2.728454,3.2587008,3.979188,2.2322772
2071-06-05 12:00:00,2.1263077,1.6574311,2.6526115,2.5873353,3.9223228,2.0368536
2071-06-06 12:00:00,2.4724107,1.7483141,3.175836,1.869449,3.0504587,1.39906
2071-06-07 12:00:00,2.7296782,2.6658468,3.351896,2.39766,3.0396016,2.0105047
2071-06-08 12:00:00,1.7171125,1.8154813,3.010899,2.765393,3.105091,1.8516476
2071-06-09 12:00:00,1.4553611,1.5253998,2.761046,3.3837786,3.0559266,1.800372
2071-06-10 12:00:00,2.6970139,2.4665318,4.889271,4.0293474,3.82045,3.4500074
2071-06-11 12:00:00,3.4760838,2.914744,3.8857214,3.891074,4.5229244,2.8122227
2071-06-12 12:00:00,3.089921,2.7605581,4.6202927,3.9200296,4.657632,3.2528727
2071-06-13 12:00:00,2.1368384,1.7501147,2.864816,2.77063,4.326918,2.1644866
2071-06-14 12:00:00,1.4844475,1.079591,2.1520607,2.8109062,3.4194543,1.442478
2071-06-15 12:00:00,2.31329,1.8462217,2.8858116,2.877789,3.3414843,1.360621
2071-06-16 12:00:00,1.7274463,1.4917841,2.5628612,2.5635848,3.415278,1.5142083
2071-06-17 12:00:00,1.6168435,1.4491062,3.0508306,2.3870728,4.1772323,1.3756475
2071-06-18 12:00:00,2.576669,2.2551148,4.056813,3.2913456,4.258836,2.4788208
2071-06-19 12:00:00,3.932214,3.2079222,4.5922346,4.7113905,3.8814027,3.6720724
2071-06-20 12:00:00,2.5290842,2.5152466,3.0085065,3.5249696,4.5132256,2.2808735
2071-06-21 12:00:00,2.1846557,1.9886228,2.9105551,2.8255272,3.327071,2.4428852
2071-06-22 12:00:00,1.6654338,1.5307521,2.5741682,2.2941897,2.6127748,2.114175
2071-06-23 12:00:00,1.6288173,1.5564438,2.847997,3.5600545,3.6835663,1.7250234
2071-06-24 12:00:00,1.7751117,1.6029117,2.8677175,2.8592696,3.78576,1.4335953
2071-06-25 12:00:00,1.6269464,1.3914429,2.986913,1.7734141,2.8589299,1.8462734
2071-06-26 12:00:00,2.11258,1.8473055,4.0920973,4.0578055,3.157873,2.375238
2071-06-27 12:00:00,2.5234315,2.271597,5.9992557,4.048736,3.2597353,3.667274
2071-06-28 12:00:00,1.6885805,1.8202106,5.9952106,5.762008,4.1457424,4.0648627
2071-06-29 12:00:00,3.1311035,2.9532242,5.6769085,6.871404,6.127306,4.370241
2071-06-30 12:00:00,3.2124712,2.915893,4.206149,5.7332573,4.65294,3.877403
2071-07-01 12:00:00,2.1449661,1.6763257,2.2334502,3.8600247,3.6198907,2.1531942
2071-07-02 12:00:00,1.4825826,1.2443112,1.5317796,2.546481,2.212495,1.1546677
2071-07-03 12:00:00,1.3918817,1.2380698,1.6761979,2.0096426,2.0763483,1.1454282
2071-07-04 12:00:00,1.8330452,1.5189688,2.3097243,2.2249267,2.5202835,1.3162742
2071-07-05 12:00:00,2.3708968,1.9765272,2.7388499,2.9076538,3.6587546,1.6376951
2071-07-06 12:00:00,0.8754153,1.1051791,2.536668,2.9464686,3.245448,1.8396982
2071-07-07 12:00:00,2.843666,2.0304298,4.194317,2.482619,2.2284229,2.9958644
2071-07-08 12:00:00,4.2317405,3.5061867,4.4146276,3.9942155,3.0406692,3.8723822
2071-07-09 12:00:00,3.9501953,3.1511548,3.1046019,4.8210435,3.3629782,3.0306153
2071-07-10 12:00:00,2.9009023,2.5707097,3.8884966,4.539095,2.878852,3.35972
2071-07-11 12:00:00,1.8377848,2.0112305,4.6701636,3.7070594,2.6998012,3.9386907
2071-07-12 12:00:00,2.7823575,2.651421,5.247974,3.1264975,3.698115,3.4045436
2071-07-13 12:00:00,3.9397373,3.5710325,5.9172077,3.9466107,4.3219748,3.965546
2071-07-14 12:00:00,4.09871,3.8019767,6.1020536,5.245223,4.4865785,4.273882
2071-07-15 12:00:00,3.3742642,3.3070323,5.1697407,4.657052,4.4439573,3.2867002
2071-07-16 12:00:00,1.6921225,1.6922045,3.9420078,2.7942424,2.4279695,2.6314323
2071-07-17 12:00:00,0.8512037,1.038243,3.5470111,2.3702831,2.1523833,2.3592107
2071-07-18 12:00:00,1.4765204,1.2532681,3.085521,2.0927439,1.8110808,1.4273065
2071-07-19 12:00:00,1.3149958,1.2905797,2.51059,2.4012213,2.136871,1.7703258
2071-07-20 12:00:00,0.74446774,0.9544618,2.3848317,2.4707258,2.5553222,1.9996196
2071-07-21 12:00:00,1.0129017,1.130295,2.6943264,3.1185317,3.2997131,2.6921144
2071-07-22 12:00:00,2.7275186,2.509365,2.2877645,3.757884,4.4546494,1.681241
2071-07-23 12:00:00,2.7658253,2.560434,2.4700572,3.6764677,3.2918625,1.722658
2071-07-24 12:00:00,2.4875646,2.2431781,2.5099292,4.1979303,3.2151659,1.5567538
2071-07-25 12:00:00,1.9681578,1.9949746,2.0028985,4.2840304,3.079442,1.4647491
2071-07-26 12:00:00,2.1791685,1.8312579,1.7526863,3.9259698,3.5524411,1.437486
2071-07-27 12:00:00,1.7569432,1.6173184,2.127487,3.3383684,3.7143364,1.3465892
2071-07-28 12:00:00,1.5662212,1.4190996,2.0699277,3.3232048,3.4083192,1.168584
2071-07-29 12:00:00,1.5145774,1.1818212,2.0750182,3.2264292,3.304003,1.1596719
2071-07-30 12:00:00,1.2168168,1.1753976,2.068976,3.3743136,2.8474927,1.3067906
2071-07-31 12:00:00,1.112027,1.0075004,1.5866196,3.4178035,2.759581,1.0346446
2071-08-01 12:00:00,0.98094547,0.9274915,1.5022659,3.402564,3.1897092,0.961221
2071-08-02 12:00:00,1.5842068,1.3820696,1.9212129,2.8283775,2.9072757,1.1518064
2071-08-03 12:00:00,1.9249196,1.8141048,2.9116058,2.5120566,2.449597,1.4756153
2071-08-04 12:00:00,2.0964942,2.0276496,2.6840272,2.79785,2.9400673,1.6688685
2071-08-05 12:00:00,2.628398,2.2963295,3.9097643,3.0390668,2.8534675,2.4756796
2071-08-06 12:00:00,2.5329208,2.466361,2.799364,5.1764646,3.6607559,3.0507445
2071-08-07 12:00:00,1.0771999,1.1099887,2.7272756,3.4541821,3.9468536,1.3953125
2071-08-08 12:00:00,2.7732008,2.375355,4.334126,3.1490993,2.361147,2.2258337
2071-08-09 12:00:00,3.7391856,3.2512705,4.358865,3.9612083,2.2230597,3.087649
2071-08-10 12:00:00,2.9599557,2.6902552,5.3080144,3.5148983,2.3211489,2.7902858
2071-08-11 12:00:00,1.3475184,1.6023936,4.050861,3.0843472,2.735248,2.1281745
2071-08-12 12:00:00,3.6671567,3.0385413,3.785525,3.6401162,2.7378802,2.3591535
2071-08-13 12:00:00,3.11586,2.700497,2.7833664,3.3420458,3.5406144,2.453002
2071-08-14 12:00:00,3.5849576,2.9508348,3.2623727,3.204792,2.9213758,2.0882463
2071-08-15 12:00:00,3.0013123,2.4697108,4.291675,3.713589,2.7495294,3.154192
2071-08-16 12:00:00,2.8661675,2.4800725,5.9167595,3.0628424,2.7380548,4.2784677
2071-08-17 12:00:00,3.0942218,2.8190715,4.8343506,3.8037946,2.8788214,3.1313405
2071-08-18 12:00:00,1.7623742,1.8670261,2.4782093,2.566685,3.2154617,1.5390054
2071-08-19 12:00:00,1.4701904,1.4099559,2.4079192,2.8731585,3.419062,1.4194243
2071-08-20 12:00:00,2.5412884,2.091331,2.9513862,2.7593756,3.9101307,2.239755
2071-08-21 12:00:00,2.8932946,2.4175148,4.5711994,2.944932,3.9093735,3.3788786
2071-08-22 12:00:00,2.711423,2.5884628,5.11961,3.6141102,3.2759626,3.8543649
2071-08-23 12:00:00,2.973691,2.6443865,4.812047,4.4933186,3.8515558,3.270619
2071-08-24 12:00:00,4.319972,3.953949,6.804184,5.4282904,3.8203673,4.983337
2071-08-25 12:00:00,2.0129452,2.0034394,2.5972092,5.726227,5.9276123,2.686718
2071-08-26 12:00:00,2.5878785,2.1380665,2.9540198,2.5744169,4.104872,1.4694773
2071-08-27 12:00:00,2.7039592,1.9903607,2.6995614,2.4949114,3.528062,1.6107728
2071-08-28 12:00:00,1.3129838,1.3686309,3.1234176,3.035788,2.9481082,2.7182772
2071-08-29 12:00:00,1.3609275,1.6454173,4.5869946,3.8214636,3.9414084,3.684139
2071-08-30 12:00:00,1.9252332,2.081438,2.6118042,3.9299443,5.2091823,2.0193012
2071-08-31 12:00:00,1.5954261,1.3983433,2.3042362,1.9805033,4.376556,1.1402166
2071-09-01 12:00:00,1.155065,1.1923666,2.6391158,2.4242187,3.5060084,2.13383
2071-09-02 12:00:00,0.9193692,1.108004,3.3214607,2.775194,2.9825497,2.5407312
2071-09-03 12:00:00,1.2343326,1.3320382,2.2178137,3.632827,3.6340148,2.0410876
2071-09-04 12:00:00,0.7839987,0.91737235,1.7433047,1.9390733,3.6380146,1.6356481
2071-09-05 12:00:00,1.1027651,0.9386837,2.05197,2.1204524,3.1325097,1.7443242
2071-09-06 12:00:00,1.5199883,1.3841461,3.4912784,2.7210748,2.1323004,3.0583045
2071-09-07 12:00:00,3.0319226,2.4308786,4.2021136,4.4499903,3.443998,3.2634473
2071-09-08 12:00:00,2.5942926,2.413765,4.4579964,6.5400157,4.2612977,3.70556
2071-09-09 12:00:00,3.0161996,2.5793955,4.53163,6.4349594,3.391893,4.0605907
2071-09-10 12:00:00,2.620683,2.25105,3.9005904,6.447391,5.068715,3.4736814
2071-09-11 12:00:00,2.4203634,2.2620845,3.9842947,3.5734541,4.8347607,2.8429213
2071-09-12 12:00:00,1.1998107,1.2719263,3.1084428,2.903585,6.067849,2.0433774
2071-09-13 12:00:00,1.1640892,0.9841581,2.842866,2.67712,7.5937953,1.1518407
2071-09-14 12:00:00,0.9421519,0.9118146,2.817743,1.8624741,3.653514,1.4350462
2071-09-15 12:00:00,0.85302013,1.0240731,2.4487028,1.7315875,4.044134,1.3352159
2071-09-16 12:00:00,0.7387736,0.79960215,2.3718493,1.4816697,4.8091774,1.106551
2071-09-17 12:00:00,0.665053,0.82743824,2.3157058,1.84492,3.4835212,1.2151413
2071-09-18 12:00:00,0.88590056,0.9260558,1.982357,2.1052585,4.393605,1.196877
2071-09-19 12:00:00,1.0542034,1.5748457,1.7668315,3.8433151,5.3208275,1.4576995
2071-09-20 12:00:00,1.8907795,1.6343889,2.8598316,3.978755,4.8961897,1.3778769
2071-09-21 12:00:00,1.0654656,1.0526813,2.3373387,2.7053688,3.050018,1.3143888
2071-09-22 12:00:00,1.9517032,1.3276683,2.0490339,3.2676165,2.1666641,1.3978403
2071-09-23 12:00:00,1.6182559,1.3315048,2.4086888,4.623983,4.7009,1.4582474
2071-09-24 12:00:00,0.9885681,1.2184457,2.4653683,3.668173,4.5688596,1.3634192
2071-09-25 12:00:00,1.6140715,1.6560909,2.2065282,4.077285,4.1398683,2.7677562
2071-09-26 12:00:00,2.600438,2.3361006,3.2223988,4.7459493,6.1706457,2.6890962
2071-09-27 12:00:00,1.5014014,1.5488454,2.5464625,3.4491189,5.680899,1.3319151
2071-09-28 12:00:00,2.730311,1.9293313,4.049816,2.7857566,4.429721,1.967506
2071-09-29 12:00:00,3.038911,2.1502438,3.6927633,3.2474966,2.963133,1.4828951
2071-09-30 12:00:00,3.4713674,2.203627,2.8680522,3.6840935,5.5448956,1.0739819
2071-10-01 12:00:00,1.1968132,0.9684309,3.8516562,3.2431548,5.987393,2.2527475
2071-10-02 12:00:00,1.4564257,1.1873782,5.24973,4.118434,3.5014558,3.2484944
2071-10-03 12:00:00,0.9832889,0.9622277,4.2970614,2.7306252,3.0963597,1.994152
2071-10-04 12:00:00,0.7171205,0.8329703,2.6441708,1.9476135,2.221589,1.4809
2071-10-05 12:00:00,0.9516343,1.0147245,3.3106213,1.8583354,1.9048501,1.7555045
2071-10-06 12:00:00,1.3583227,1.2473406,3.3681467,2.2793612,2.3813834,1.599524
2071-10-07 12:00:00,3.526405,2.1591256,2.528389,2.4594142,2.397767,1.1101798
2071-10-08 12:00:00,1.3959062,1.1196748,3.3184633,2.4909227,2.200394,2.044979
2071-10-09 12:00:00,1.8769586,1.668431,3.690454,3.4507568,2.810335,2.5298421
2071-10-10 12:00:00,1.7712784,1.4108754,2.4891827,2.970441,2.9600928,2.1554377
2071-10-11 12:00:00,1.2947032,1.3815072,4.340233,3.3736172,3.1091325,3.265277
2071-10-12 12:00:00,1.5837483,1.5172303,2.8367617,5.768465,5.8323812,3.0937831
2071-10-13 12:00:00,2.372049,2.2437263,4.3746705,5.4931483,6.3827753,3.3856745
2071-10-14 12:00:00,3.1971264,2.8315916,5.7463818,4.1538067,6.03516,3.2730277
2071-10-15 12:00:00,4.219857,3.7345405,5.8129153,6.0989985,5.7013164,3.8735254
2071-10-16 12:00:00,2.4278307,2.2561731,3.8640375,6.187401,5.7570767,3.5023105
2071-10-17 12:00:00,2.800832,2.5304444,4.3930454,8.170753,6.208211,4.007599
2071-10-18 12:00:00,2.2188287,1.9468436,3.1650076,4.4987226,5.6620693,2.187955
2071-10-19 12:00:00,0.79806435,1.0126036,2.0929356,5.3568573,6.174122,2.2898858
2071-10-20 12:00:00,0.94280845,0.9866671,2.5492156,4.56161,7.287982,2.7449274
2071-10-21 12:00:00,1.2787063,1.0503339,2.608142,4.26495,8.373479,2.6110508
2071-10-22 12:00:00,0.782446,0.7671822,1.933342,4.0274506,6.6291027,1.7101779
2071-10-23 12:00:00,1.093595,0.8794646,2.001789,4.4422307,5.3909903,2.194485
2071-10-24 12:00:00,2.0385945,2.042973,3.2630384,6.51695,5.9102125,3.0016515
2071-10-25 12:00:00,1.8681157,2.3035486,3.0575902,5.4049215,5.6579924,2.198657
2071-10-26 12:00:00,2.3942955,2.4608147,3.4397976,4.059399,5.6253552,2.3807442
2071-10-27 12:00:00,1.4200107,1.4642053,2.8353007,4.323611,3.3989136,2.0985756
2071-10-28 12:00:00,2.0961683,2.4891698,4.9798193,5.02201,3.7739356,3.4676929
2071-10-29 12:00:00,1.9548746,1.8423222,2.8523452,3.1054585,3.6794896,1.8674321
2071-10-30 12:00:00,1.7505879,1.6812835,3.0155973,4.1291633,5.0102377,1.8827101
2071-10-31 12:00:00,0.885893,1.1636735,1.9817878,3.9954555,3.5652966,1.6151963
2071-11-01 12:00:00,0.94474864,1.1290627,2.6657584,3.7320108,2.564109,2.0815148
2071-11-02 12:00:00,0.8994734,0.944465,3.6879516,2.3309708,2.4569933,2.444757
2071-11-03 12:00:00,0.9607146,0.9135461,2.8071213,2.9748597,2.188414,1.8172209
2071-11-04 12:00:00,2.1128495,1.9511787,5.1885304,4.6522503,3.0533042,3.9212468
2071-11-05 12:00:00,2.7418697,2.3345802,4.8192177,3.8940263,5.1199617,3.0186648
2071-11-06 12:00:00,2.0745897,2.2437916,4.9261174,4.8256006,4.1110086,3.5790067
2071-11-07 12:00:00,3.3007731,2.8025286,5.342531,3.466853,4.4842515,3.3464644
2071-11-08 12:00:00,3.0161633,2.4764678,6.2392707,3.9890387,3.823924,4.187398
2071-11-09 12:00:00,3.0320172,2.7094457,4.052913,4.4130726,3.517841,3.2214932
2071-11-10 12:00:00,1.1422739,1.1368673,4.048818,2.9843335,3.7436137,1.9112686
2071-11-11 12:00:00,2.250499,1.8687562,5.459629,4.1201725,4.003593,3.3053346
2071-11-12 12:00:00,2.4389372,2.7104855,4.4739347,7.5349274,4.799972,3.2308693
2071-11-13 12:00:00,1.6610665,1.8296396,3.0888538,4.9611464,4.8052506,3.101232
2071-11-14 12:00:00,2.7738383,2.2012386,5.199233,3.5698938,3.7655447,2.5827553
2071-11-15 12:00:00,2.5066454,1.9656378,4.2577877,2.9511497,3.8443823,2.3164372
2071-11-16 12:00:00,1.4350827,1.5989844,3.722973,4.327466,6.0395126,3.0976164
2071-11-17 12:00:00,1.0460385,1.2795923,2.2523153,7.003781,7.020096,2.4233768
2071-11-18 12:00:00,1.5631447,1.5668697,3.5146303,7.267919,4.6623816,3.233731
2071-11-19 12:00:00,2.2955809,2.249126,6.5531073,4.3547206,4.0492306,4.2760043
2071-11-20 12:00:00,2.4344163,2.1302867,6.7212043,4.39621,3.8896017,4.690234
2071-11-21 12:00:00,1.9737196,1.9722732,5.3140473,6.472544,5.7240796,4.0297084
2071-11-22 12:00:00,1.8681107,1.831256,3.5615637,6.6617494,5.551992,3.0823717
2071-11-23 12:00:00,1.7582343,1.995026,5.0186763,7.2189155,3.974139,3.8752654
2071-11-24 12:00:00,2.3541346,2.3505862,4.325462,3.5505087,3.9729433,2.4478292
2071-11-25 12:00:00,1.9322205,2.084716,2.767788,3.5160506,3.7083738,1.9276346
2071-11-26 12:00:00,1.3884366,1.6302541,2.7209866,2.7514408,3.4743018,2.0011165
2071-11-27 12:00:00,1.2137843,1.3915318,2.533468,3.0285685,3.1367269,1.6547608
2071-11-28 12:00:00,1.1646215,1.395177,3.1215372,4.203497,2.6042979,1.8414897
2071-11-29 12:00:00,1.509953,1.7639091,2.9235427,4.961908,4.0037274,2.3359368
2071-11-30 12:00:00,0.8560904,0.9864174,3.909192,2.7628376,3.6150846,2.8033338
2071-12-01 12:00:00,1.9570338,1.58209,4.8749,3.8550835,3.9301856,2.8593602
2071-12-02 12:00:00,1.1100292,1.1071535,4.2249894,7.1753454,7.126202,4.1160984
2071-12-03 12:00:00,2.7810059,2.3386235,6.398078,6.7022667,7.0049305,4.697302
2071-12-04 12:00:00,1.6491741,1.5434405,3.1386862,5.823427,7.4214063,2.7620306
2071-12-05 12:00:00,3.4523814,2.968498,6.210058,7.45161,8.563397,4.825675
2071-12-06 12:00:00,2.5510662,1.8585149,4.346996,4.2504573,6.202945,2.3130891
2071-12-07 12:00:00,0.90022546,1.1782769,2.6347187,3.4500458,5.2239165,1.4468981
2071-12-08 12:00:00,1.0484122,1.2241555,2.1998518,3.3013163,4.4893684,1.8578861
2071-12-09 12:00:00,1.459528,1.365174,3.113416,2.214351,3.610613,2.27636
2071-12-10 12:00:00,1.1694864,0.9901925,4.3704624,3.3195355,5.251397,2.8896124
2071-12-11 12:00:00,1.3998438,1.3023447,6.330519,4.5653453,5.9166403,4.1190085
2071-12-12 12:00:00,1.1738367,1.1303637,4.5738354,4.4159126,4.47952,3.5835881
2071-12-13 12:00:00,1.0581601,1.1473042,3.3185818,4.862649,5.9075384,3.539691
2071-12-14 12:00:00,0.7048727,0.95149654,3.7744994,6.311044,6.4294915,3.7878263
2071-12-15 12:00:00,0.7120449,1.1749418,3.5731807,6.333298,9.065214,3.3282082
2071-12-16 12:00:00,1.1286502,1.7195877,3.7880218,5.181507,10.027039,4.0637
2071-12-17 12:00:00,1.2009763,1.4308732,3.889971,5.354638,10.145709,3.1441777
2071-12-18 12:00:00,1.1123717,1.2373801,3.5932465,3.404921,8.703376,2.4878147
2071-12-19 12:00:00,1.497498,1.702668,3.928607,7.9345965,6.9608884,4.0117745
2071-12-20 12:00:00,2.5544462,2.7816355,4.533806,7.1036053,8.214214,3.4666815
2071-12-21 12:00:00,0.973162,1.1438762,2.5226698,3.9444811,7.150829,2.4215858
2071-12-22 12:00:00,2.0161123,1.9433714,4.7963147,5.9861083,4.845788,3.8073747
2071-12-23 12:00:00,3.3243291,2.6707556,5.7141848,7.7651534,6.053006,4.4654794
2071-12-24 12:00:00,1.7229831,2.0820541,3.3420055,6.789471,6.724802,3.412243
2071-12-25 12:00:00,2.486396,2.0889242,5.744763,6.0034637,5.084554,4.2116776
2071-12-26 12:00:00,3.5549135,2.8028731,6.31558,6.566304,4.5038185,5.050254
2071-12-27 12:00:00,4.321909,3.3458538,6.4809465,6.6300077,3.5697355,4.858641
2071-12-28 12:00:00,4.4474263,3.6106462,5.9048,7.9013233,4.7546687,5.062132
2071-12-29 12:00:00,2.8806996,2.3069475,5.6444416,5.6378326,4.1815624,3.3923109
2071-12-30 12:00:00,2.9846528,3.1874251,4.2439623,5.264231,8.522121,2.984794
2071-12-31 12:00:00,1.8106816,1.6073501,4.416429,3.9755359,7.311229,3.5690856
2072-01-01 12:00:00,1.3578069,1.4735837,3.9781399,5.7888584,4.977278,4.1152616
2072-01-02 12:00:00,2.6516805,2.0324519,5.450456,5.424113,5.651254,5.045304
2072-01-03 12:00:00,4.490674,3.4343412,6.2950325,6.9763966,7.6928935,5.219037
2072-01-04 12:00:00,2.9294508,2.3228593,3.8410723,6.723824,9.764612,3.0514166
2072-01-05 12:00:00,0.8238592,1.0481818,2.9061468,5.108742,9.377657,2.724007
2072-01-06 12:00:00,2.3733916,1.7875824,3.973029,5.5556126,7.8182635,3.7727053
2072-01-07 12:00:00,1.9480823,1.564009,3.7124639,4.1451473,8.736442,3.5688539
2072-01-08 12:00:00,3.0295064,2.4087884,5.7947645,5.699699,5.555601,4.0025754
2072-01-09 12:00:00,2.2127423,2.2443912,4.2337303,5.3566656,6.609361,3.294734
2072-01-10 12:00:00,0.97289294,0.9606515,4.989477,3.1698585,5.207949,3.1589448
2072-01-11 12:00:00,1.0828159,1.4955049,4.4192953,5.859763,3.825562,3.2734768
2072-01-12 12:00:00,1.5426881,2.0568526,3.349888,5.8453717,3.5525796,2.22092
2072-01-13 12:00:00,1.0927355,1.2678705,2.5014124,5.7311673,4.71951,2.8136516
2072-01-14 12:00:00,1.9511311,1.5165932,4.4270883,5.6334496,5.2147264,3.931043
2072-01-15 12:00:00,1.6030413,1.3993955,3.729342,5.4434924,7.121381,2.8160038
2072-01-16 12:00:00,1.8807299,1.7567843,4.381377,7.3713365,6.985029,3.6800394
2072-01-17 12:00:00,0.68775415,1.1410507,3.9587822,6.355859,7.777563,4.0944886
2072-01-18 12:00:00,1.5404038,1.6438209,5.233357,5.686689,6.4649754,4.4025683
2072-01-19 12:00:00,2.6978745,2.679012,6.665691,5.502255,4.8081374,5.0161405
2072-01-20 12:00:00,4.238119,3.8280706,6.7353377,6.7595387,5.2417936,4.9771357
2072-01-21 12:00:00,2.6983101,2.2700713,5.6286674,6.1649966,6.544022,3.8808749
2072-01-22 12:00:00,4.3916287,3.3773377,8.812877,4.681586,4.007598,5.463764
2072-01-23 12:00:00,1.7384012,1.6188394,3.8773346,5.008722,4.281937,2.9512138
2072-01-24 12:00:00,1.2959021,1.3827696,4.5964446,6.229745,4.8260345,3.8409503
2072-01-25 12:00:00,2.7176192,2.1892955,4.470126,4.883089,4.8167543,2.2213264
2072-01-26 12:00:00,2.041686,1.9779257,5.654903,5.356833,4.03936,4.708072
2072-01-27 12:00:00,1.5171585,1.6615984,2.809652,4.0339417,3.328908,2.1036577
2072-01-28 12:00:00,0.9959976,1.2852094,2.5459793,5.44511,6.627228,2.2695365
2072-01-29 12:00:00,2.0671415,2.458694,5.1951904,7.479117,9.636572,5.0841436
2072-01-30 12:00:00,1.6016309,2.120526,4.90297,5.4652615,8.309298,3.3101132
2072-01-31 12:00:00,1.4801095,1.5376058,3.2700627,5.0946884,6.4101744,2.8473074
2072-02-01 12:00:00,2.4974277,2.6944585,5.759538,7.6466045,9.056683,5.100691
2072-02-02 12:00:00,2.0501542,1.9798194,5.03759,6.4557576,9.919491,4.2094517
2072-02-03 12:00:00,5.3011065,4.5131288,8.379916,8.572891,9.746438,6.2729
2072-02-04 12:00:00,3.482255,3.2270863,6.0951757,6.701426,7.8166685,4.310961
2072-02-05 12:00:00,4.0376773,3.3713503,6.97277,7.4374,6.9793696,4.8396893
2072-02-06 12:00:00,5.3899217,4.5543313,8.573499,5.3684587,6.4224653,6.278526
2072-02-07 12:00:00,4.1749516,3.633908,7.2254176,6.456375,6.989257,5.3833814
2072-02-08 12:00:00,1.9858178,1.752412,3.8230166,5.8649926,8.345198,2.976175
2072-02-09 12:00:00,3.2798736,2.9033475,6.771414,6.057371,6.0588617,5.1791077
2072-02-10 12:00:00,4.5745983,3.8398783,6.5746264,7.5780497,6.544022,5.232231
2072-02-11 12:00:00,4.5049343,3.7727172,6.3119397,7.7754397,7.2872386,4.243831
2072-02-12 12:00:00,3.3250933,2.5720496,5.692849,5.7295704,6.3959484,4.145452
2072-02-13 12:00:00,3.3159657,2.6955805,5.4266143,6.6424923,4.9628596,4.827773
2072-02-14 12:00:00,2.304105,2.5905426,5.681351,5.0984354,6.557823,4.8361444
2072-02-15 12:00:00,2.5162137,2.4761336,3.300453,6.4204025,7.5555377,2.6583486
2072-02-16 12:00:00,2.1535466,1.508834,3.0843124,4.2745004,7.2462034,1.5334263
2072-02-17 12:00:00,2.5160232,1.9835105,3.8924992,2.9730113,6.114795,2.5590568
2072-02-18 12:00:00,1.3114722,1.1805254,2.2972534,5.4043818,4.5052094,2.1586964
2072-02-19 12:00:00,1.1202288,1.1954421,1.9497108,5.201604,5.5627904,2.1722226
2072-02-20 12:00:00,0.8968327,1.3139802,2.424033,5.0401134,7.292388,1.713587
2072-02-21 12:00:00,1.2474792,1.6348552,2.250475,4.1877294,7.8126507,2.1865973
2072-02-22 12:00:00,1.0256454,1.010995,3.3795319,4.538448,6.5497117,2.6980922
2072-02-23 12:00:00,1.9066117,1.9854337,5.2134185,4.1660633,3.9521635,4.022256
2072-02-24 12:00:00,3.2795463,2.6034293,5.0170465,3.8161423,4.939279,2.9198844
2072-02-25 12:00:00,1.9542975,1.6732266,5.198719,3.9101694,5.1782727,3.080432
2072-02-26 12:00:00,3.554849,3.0185564,4.7760305,4.71358,3.2169673,3.5796955
2072-02-27 12:00:00,4.0968647,3.0097554,4.3779817,3.3604035,5.409846,2.557726
2072-02-28 12:00:00,1.758763,1.5827091,3.3957686,6.4682536,9.7751,3.426378
2072-02-29 12:00:00,2.5020227,2.1866791,5.9092884,5.6522517,7.099453,4.323835
2072-03-01 12:00:00,3.36442,2.8955328,5.3196406,3.9310389,4.73078,4.0276065
2072-03-02 12:00:00,4.488462,3.5671895,5.876143,2.7994874,4.0903735,3.662254
2072-03-03 12:00:00,4.3936176,3.924588,4.7161293,3.990353,2.5709078,3.5134776
2072-03-04 12:00:00,3.3126907,2.7118201,3.7434216,2.6383693,1.9271212,2.8469737
2072-03-05 12:00:00,2.6871095,2.0895598,2.4516811,2.1408198,2.2460442,1.8084944
2072-03-06 12:00:00,2.244311,2.1499941,2.4677608,1.9295241,2.9332142,1.8532329
2072-03-07 12:00:00,2.1457295,1.6200565,4.1218123,2.6009755,3.3560407,2.192445
2072-03-08 12:00:00,1.5253698,1.4077675,5.3170896,3.8903449,4.829706,2.1604097
2072-03-09 12:00:00,2.3599741,1.9847401,5.1913238,3.797746,6.600058,2.6918428
2072-03-10 12:00:00,2.1217139,1.9498389,4.646764,3.8809724,5.9953566,2.8824463
2072-03-11 12:00:00,1.7178007,1.6742209,3.6845992,3.8194876,5.4907517,2.492922
2072-03-12 12:00:00,1.2880646,1.3606317,4.500317,2.9305854,5.028179,2.558782
2072-03-13 12:00:00,2.1022258,1.9627516,5.3928213,3.9013588,3.659464,3.3966424
2072-03-14 12:00:00,4.036997,3.1282501,5.908091,4.131324,4.300241,3.1577003
2072-03-15 12:00:00,2.0463376,1.8694621,2.9600546,4.4014893,3.8640766,2.7456152
2072-03-16 12:00:00,1.3967122,1.2628758,2.874813,2.5095127,3.2973824,1.7031195
2072-03-17 12:00:00,2.677316,2.4174256,4.5374103,4.8713026,3.726581,3.8089552
2072-03-18 12:00:00,1.6187987,1.4839659,2.6858957,4.9121747,3.8629384,1.6789668
2072-03-19 12:00:00,2.0940213,1.6188562,3.1450934,2.5052192,4.7395434,1.8959861
2072-03-20 12:00:00,2.7171774,2.1402419,5.277805,3.9293206,3.2525408,2.7053134
2072-03-21 12:00:00,2.8632615,2.1197069,4.8529105,3.1862342,3.6014924,2.490503
2072-03-22 12:00:00,2.3459659,1.8057157,4.32358,2.552486,3.1693325,1.8741825
2072-03-23 12:00:00,3.355651,2.48497,4.083493,2.51708,4.0232077,1.9898301
2072-03-24 12:00:00,3.004779,2.3767202,3.1130328,2.9064908,3.6493208,1.8186942
2072-03-25 12:00:00,2.078083,1.4696404,3.0721378,2.4004488,3.7670686,1.7646086
2072-03-26 12:00:00,1.1062899,1.0684435,2.7880673,3.236433,3.332501,2.4616063
2072-03-27 12:00:00,2.639822,2.738971,5.7844486,5.4126487,5.049174,4.4424114
2072-03-28 12:00:00,3.5796258,3.4624388,5.0453944,5.4314556,6.1585436,3.4069269
2072-03-29 12:00:00,1.8470397,1.889993,3.810626,4.869535,5.908704,3.202582
2072-03-30 12:00:00,1.7737479,1.4825516,3.6816766,3.2112563,4.921286,3.0707514
2072-03-31 12:00:00,2.5839214,2.1244187,5.6492653,4.593121,3.8413332,3.8078616
2072-04-01 12:00:00,2.7034745,2.7745035,3.5985403,6.3759627,2.6038866,2.6804814
2072-04-02 12:00:00,0.9210531,1.1863332,3.097036,3.091943,3.2021396,2.0372527
2072-04-03 12:00:00,1.3242285,1.1526233,3.7602296,2.7906597,4.0322347,1.7534071
2072-04-04 12:00:00,1.4801868,1.1052918,2.2372816,1.6974252,4.5194426,1.5391163
2072-04-05 12:00:00,1.9348339,1.5886974,2.2784457,2.3101459,3.282929,1.4578035
2072-04-06 12:00:00,0.84591377,0.95043653,2.0794337,2.0108635,4.0497084,1.5132376
2072-04-07 12:00:00,2.1689692,2.1146822,3.6514778,5.6972685,3.901788,2.829233
2072-04-08 12:00:00,3.8258533,3.2999697,4.797774,3.8487897,3.1088393,3.09116
2072-04-09 12:00:00,2.147458,1.96889,3.8000603,4.234653,4.4231396,3.4815648
2072-04-10 12:00:00,4.4061613,4.0265965,6.9173765,6.1223474,5.092767,4.859819
2072-04-11 12:00:00,4.1041455,3.6374786,2.8860211,4.2667794,4.38559,2.5162764
2072-04-12 12:00:00,3.6434712,3.2312973,2.441453,3.8818448,3.3164744,1.7062132
2072-04-13 12:00:00,3.1945693,2.634488,2.6816514,3.6609728,2.8269796,1.5649995
2072-04-14 12:00:00,2.314868,1.8578906,4.3116765,2.8182547,3.3803725,2.16994
2072-04-15 12:00:00,3.657371,3.0874074,4.307487,3.810966,3.777163,2.961771
2072-04-16 12:00:00,3.574547,3.0150094,3.739471,4.1828136,4.2629313,2.2386599
2072-04-17 12:00:00,4.4322577,3.6091976,5.7010813,4.4396944,5.182325,2.7101834
2072-04-18 12:00:00,3.9163232,3.0184717,5.6985965,4.438664,5.3577776,2.3114567
2072-04-19 12:00:00,2.2003155,1.6605247,3.2580624,4.021309,4.5104547,1.9565023
2072-04-20 12:00:00,1.429753,1.3123221,2.2735798,2.9285576,2.9402606,1.7573042
2072-04-21 12:00:00,2.193097,1.8731251,2.7530525,2.9015763,3.0962107,1.6832988
2072-04-22 12:00:00,1.282236,1.1274194,2.6347218,2.1253629,3.40505,1.4173186
2072-04-23 12:00:00,1.5546005,1.2712135,2.9488704,2.3015814,2.7999465,1.6155915
2072-04-24 12:00:00,1.8412752,1.653295,3.5316226,2.6027746,3.0985477,1.6763515
2072-04-25 12:00:00,1.9236718,1.6979054,3.8032079,2.7480752,2.923886,2.1130157
2072-04-26 12:00:00,2.5016806,2.1973224,3.7802606,3.0010102,2.8573544,2.1229427
2072-04-27 12:00:00,1.6192449,1.3830602,4.2101464,3.1296682,3.4488382,2.3318868
2072-04-28 12:00:00,1.1027988,1.0933787,3.717195,4.743536,6.805192,1.899914
2072-04-29 12:00:00,1.3816167,1.3294307,2.8076584,4.171409,5.0175805,1.5002831
2072-04-30 12:00:00,1.4394376,1.5390362,2.4944773,3.111701,3.9568856,1.4088423
2072-05-01 12:00:00,2.2900534,1.9047143,3.1354568,4.5348077,5.0135026,2.5543447
2072-05-02 12:00:00,2.2916536,1.8607539,3.0706663,3.6881578,6.6185665,1.9703964
2072-05-03 12:00:00,1.2880422,1.2893223,2.0951378,2.7807767,3.8525302,1.3164662
2072-05-04 12:00:00,1.0554811,1.3923974,2.2132702,2.5064979,6.6265864,1.7937337
2072-05-05 12:00:00,1.2088327,1.375921,2.5468132,2.6851068,4.817163,2.1322975
2072-05-06 12:00:00,1.1218586,1.178607,3.1643298,1.8685687,3.5243535,1.8086123
2072-05-07 12:00:00,1.7343082,1.5995517,4.20085,1.9445336,3.9321322,1.8766018
2072-05-08 12:00:00,1.4882922,1.4314029,4.383858,1.9143226,4.997474,1.9731629
2072-05-09 12:00:00,1.1989036,1.1906435,2.8705568,1.5388801,5.2284036,1.5677823
2072-05-10 12:00:00,1.5063059,1.2895519,1.9616767,2.6079984,3.9042037,1.2557975
2072-05-11 12:00:00,2.1029181,1.6043277,2.510626,2.3922076,2.240551,1.3348792
2072-05-12 12:00:00,0.98641384,1.1287651,2.8919368,4.140418,3.1576378,1.528263
2072-05-13 12:00:00,1.7871065,1.5350921,2.9862878,4.7966714,2.8521821,1.5117984
2072-05-14 12:00:00,2.1780758,1.865297,3.2416492,3.6827781,4.1877503,2.61805
2072-05-15 12:00:00,0.94284964,1.0804245,1.8696092,2.3579013,3.2312014,1.715721
2072-05-16 12:00:00,2.0396307,1.4919717,2.211307,2.4833028,2.2761228,1.397148
2072-05-17 12:00:00,1.8974174,1.6460929,2.2400873,1.9209223,2.2778537,1.5184882
2072-05-18 12:00:00,2.3558326,2.0209637,3.4479973,2.3793983,2.5995052,2.148386
2072-05-19 12:00:00,2.7848887,2.586848,3.1749744,3.804127,2.8557858,2.8367553
2072-05-20 12:00:00,1.6584355,1.4832448,2.594231,2.9615633,6.4280767,1.3959863
2072-05-21 12:00:00,1.1334273,1.4971405,1.8697923,2.1430352,3.7127209,1.4502141
2072-05-22 12:00:00,1.9809765,1.6595703,2.091364,2.1032734,3.2190328,1.5304676
2072-05-23 12:00:00,1.5799301,1.7528402,3.3069954,4.089211,4.357138,2.1670876
2072-05-24 12:00:00,1.6920879,1.7098737,3.0495064,2.8730652,5.247003,1.8136591
2072-05-25 12:00:00,2.4419527,2.149438,3.6882422,4.240925,3.5496109,2.5514097
2072-05-26 12:00:00,3.0151415,2.6245215,4.344118,4.106024,3.56544,2.6214685
2072-05-27 12:00:00,3.7014394,3.0185459,5.4903483,4.8844137,5.255196,4.8504047
2072-05-28 12:00:00,3.5714853,3.360396,3.7546906,4.484941,4.3865814,2.6875308
2072-05-29 12:00:00,1.6680732,1.3661873,3.9921427,3.3201768,3.7506166,2.5625088
2072-05-30 12:00:00,1.373986,1.8947253,3.4169095,4.176449,3.5540335,2.570695
2072-05-31 12:00:00,2.2216415,2.1129978,2.4452522,2.793821,3.3597171,1.6542053
2072-06-01 12:00:00,1.0732207,1.2913734,1.9549438,1.9470009,2.273595,1.5654023
2072-06-02 12:00:00,1.3281525,1.5770372,2.2867002,2.0463178,2.483813,1.8874849
2072-06-03 12:00:00,1.9788573,1.8921484,2.2037914,3.1366096,2.7042477,1.6612309
2072-06-04 12:00:00,2.61692,2.3888237,3.0861776,3.873504,3.2406185,1.9737567
2072-06-05 12:00:00,1.1042925,1.1770873,3.2987447,3.0581176,3.9315472,1.4588085
2072-06-06 12:00:00,1.3803935,1.1283702,2.0004747,2.6122937,3.0156484,1.3892512
2072-06-07 12:00:00,1.14398,0.95208794,1.7513534,1.7968115,3.6159859,1.2981262
2072-06-08 12:00:00,2.082337,1.8501074,2.9083855,2.6141627,2.955688,1.6843512
2072-06-09 12:00:00,3.5364583,3.194164,3.9038343,3.530275,2.5652678,2.4619691
2072-06-10 12:00:00,2.7966485,2.5737045,2.7332842,3.8944738,2.764643,2.1543329
2072-06-11 12:00:00,1.1517177,1.164547,1.9025261,3.4563243,3.6444435,1.7155291
2072-06-12 12:00:00,0.9954968,1.0795789,1.3811307,1.7734306,3.739872,1.1826919
2072-06-13 12:00:00,1.9465275,1.6766576,1.8986504,1.6084856,2.9426637,1.4939779
2072-06-14 12:00:00,1.3265064,1.5086147,1.6946654,2.2618597,2.7080545,1.3948243
2072-06-15 12:00:00,1.395006,1.3443345,2.599348,2.2264588,2.725984,1.3016248
2072-06-16 12:00:00,1.2129143,1.2642293,2.3553607,3.6646824,3.909737,1.5560207
2072-06-17 12:00:00,1.4252158,1.4871887,1.8118085,3.6174285,6.6678576,1.7663214
2072-06-18 12:00:00,1.4184357,1.2354565,1.8658949,3.5071845,6.275271,1.3847669
2072-06-19 12:00:00,1.8317003,1.4892823,1.6098483,3.2734632,5.4571495,1.1744984
2072-06-20 12:00:00,1.011399,1.0049809,1.8312143,2.6775515,4.702643,1.1432394
2072-06-21 12:00:00,1.1953228,1.0638646,1.7199438,2.1127276,4.987956,1.7244214
2072-06-22 12:00:00,1.2866585,1.1564173,1.8469598,2.603634,3.4318445,1.644681
2072-06-23 12:00:00,1.3860122,1.3133904,3.024043,2.74578,2.64495,2.4136622
2072-06-24 12:00:00,2.1597009,1.9855947,4.1304965,3.807999,3.6794727,3.0610836
2072-06-25 12:00:00,3.5997639,2.4726155,4.5574965,4.4941044,3.9041085,4.07396
2072-06-26 12:00:00,4.21611,2.987481,4.2825828,4.043056,2.7795796,2.9094713
2072-06-27 12:00:00,2.1653957,1.7282851,4.0269303,2.618068,4.425268,1.9208095
2072-06-28 12:00:00,1.5288342,1.3750579,2.8913882,2.952408,4.023247,2.0673633
2072-06-29 12:00:00,1.6267834,1.6493238,2.474962,3.2067418,2.7543788,2.6994627
2072-06-30 12:00:00,1.9218212,2.0422485,3.7989876,3.7268097,2.497803,3.3700185
2072-07-01 12:00:00,2.832471,2.5109081,4.4718328,3.6718302,2.3398325,3.7901814
2072-07-02 12:00:00,1.9231638,1.5927507,4.29493,2.5100412,2.7684865,2.8298535
2072-07-03 12:00:00,2.1026013,1.6273658,4.124287,2.9490495,3.8121808,2.4821777
2072-07-04 12:00:00,2.0995584,1.5149008,2.6940868,3.3370452,3.4663565,1.1908702
2072-07-05 12:00:00,1.3305211,1.3164263,2.01991,3.484183,2.4464552,1.1161181
2072-07-06 12:00:00,1.0523775,0.9540665,1.3417194,2.8103886,2.203355,0.9631162
2072-07-07 12:00:00,0.7792057,0.7145625,1.4995683,2.6308432,3.2008476,1.0135616
2072-07-08 12:00:00,0.94724536,0.8725857,2.0327356,2.6632335,2.5526364,1.3838733
2072-07-09 12:00:00,1.5680482,1.4014747,2.7240484,3.493702,3.055973,1.576049
2072-07-10 12:00:00,2.008964,1.6270363,2.4757946,3.7933466,3.2276566,1.4477484
2072-07-11 12:00:00,2.3036222,1.7153714,2.943787,2.7289672,3.0793033,1.2799982
2072-07-12 12:00:00,1.0753367,1.1756238,2.3036716,2.4744496,4.3835874,1.7223301
2072-07-13 12:00:00,1.3521085,1.4337357,2.0516162,3.6273754,4.9582896,1.4747038
2072-07-14 12:00:00,1.5671862,1.6341867,2.0603433,3.5883172,4.6964784,1.9309248
2072-07-15 12:00:00,2.6357625,1.8139607,3.5040982,3.448645,4.8531013,3.3765666
2072-07-16 12:00:00,1.1613374,1.1669537,2.8837793,2.563126,3.56467,2.302514
2072-07-17 12:00:00,1.6820579,1.7473084,2.4719918,3.420991,2.3112416,2.2558115
2072-07-18 12:00:00,1.2579056,1.5977718,1.7285016,3.8267272,2.2017846,2.2305024
2072-07-19 12:00:00,2.7092948,2.12985,2.20858,2.895399,2.4208663,1.3730288
2072-07-20 12:00:00,3.5042205,2.889656,3.2283397,3.2624853,2.8617864,2.0302787
2072-07-21 12:00:00,1.6543552,1.8147519,2.0832782,3.6354425,3.0565176,1.5889966
2072-07-22 12:00:00,1.8287168,1.7737372,3.0068204,2.3969684,3.3145754,1.500217
2072-07-23 12:00:00,2.9604323,2.55557,4.449616,3.04928,3.433258,3.223031
2072-07-24 12:00:00,2.3279586,1.8358567,2.7104728,2.1890674,3.2836366,2.3106616
2072-07-25 12:00:00,2.032917,1.433955,2.642758,1.9192227,2.7706728,1.9369016
2072-07-26 12:00:00,1.5807029,1.2397014,2.3097398,1.9145641,2.433219,1.2018598
2072-07-27 12:00:00,1.3374624,0.95258254,2.3425639,1.9585068,2.706011,1.2402078
2072-07-28 12:00:00,0.74693686,0.8577654,1.8280791,2.093594,2.7656462,1.1981049
2072-07-29 12:00:00,0.76298934,0.91745496,2.1790934,2.1352654,3.112731,1.4622122
2072-07-30 12:00:00,1.1507692,1.2230166,2.4528153,2.3128335,3.0880287,1.6981483
2072-07-31 12:00:00,1.7647666,1.5135146,2.6314795,2.1622553,2.7735143,1.507379
2072-08-01 12:00:00,3.118731,2.6003063,3.8307533,3.441962,2.5681772,2.191752
2072-08-02 12:00:00,2.2733998,1.656691,3.1161728,2.4192884,3.4157298,1.9861181
2072-08-03 12:00:00,1.8372718,1.7511318,3.604273,2.801618,2.729695,1.9636033
2072-08-04 12:00:00,1.23398,1.4730115,2.347765,3.1457386,3.1312191,1.2221358
2072-08-05 12:00:00,1.7861142,1.5390587,2.4165587,2.832967,3.560816,1.0355711
2072-08-06 12:00:00,2.2158976,1.8712652,3.9617856,2.5115807,2.7309403,1.7783644
2072-08-07 12:00:00,2.7840161,2.1267188,5.0882893,3.1293209,3.6715426,2.501154
2072-08-08 12:00:00,2.5959594,2.28854,3.7681844,2.939285,3.4764624,2.3682284
2072-08-09 12:00:00,2.193553,1.8403339,3.9000535,2.8970664,1.7769939,2.8718762
2072-08-10 12:00:00,1.9272065,1.4844906,3.0270748,2.250575,2.4134815,1.8234693
2072-08-11 12:00:00,1.6781126,1.4785746,3.2281656,2.3742101,2.3703134,1.5409286
2072-08-12 12:00:00,1.8160722,2.095835,3.5275564,2.9018722,2.8048236,1.9949049
2072-08-13 12:00:00,1.1853297,1.1155211,2.8733456,2.134681,2.3451521,1.7691602
2072-08-14 12:00:00,0.9415951,0.84521514,2.181113,1.80454,2.3972604,1.5100565
2072-08-15 12:00:00,1.4265184,1.5092487,3.7556827,2.8301935,2.6880214,2.1138935
2072-08-16 12:00:00,2.4952707,2.3192556,3.7996325,4.352347,4.3249483,2.6162844
2072-08-17 12:00:00,1.3938451,1.3184458,3.4773848,2.3969388,3.3091993,2.418323
2072-08-18 12:00:00,1.3622029,1.3419545,3.6629453,2.0600896,2.0055447,1.9307642
2072-08-19 12:00:00,1.8752198,1.4956746,4.4170475,2.2342637,3.3167577,1.8268667
2072-08-20 12:00:00,1.3071495,1.0332035,3.0257626,3.7348592,4.145351,1.2929733
2072-08-21 12:00:00,1.1762818,1.0531871,2.3038929,3.3581665,3.1472352,1.0584115
2072-08-22 12:00:00,0.88446474,0.8513938,2.0414975,3.0006294,2.6054823,0.97436315
2072-08-23 12:00:00,0.9616502,0.93793553,1.7486287,2.6420038,2.8925717,1.1667544
2072-08-24 12:00:00,0.90528095,0.94163173,2.2748454,2.10531,2.1517003,1.5169828
2072-08-25 12:00:00,1.5216827,1.353494,2.478826,1.6128222,2.0902598,1.4572464
2072-08-26 12:00:00,1.9639913,1.939072,4.077311,2.953186,2.7040453,3.2262838
2072-08-27 12:00:00,1.9947382,1.9772855,4.639209,4.2877393,3.6979938,3.3133337
2072-08-28 12:00:00,1.8295683,1.8952516,2.558607,4.8127527,5.6645803,1.757288
2072-08-29 12:00:00,1.4108036,1.2517306,1.9556483,2.9526944,5.5644035,1.2543069
2072-08-30 12:00:00,1.3962759,1.4178029,3.348918,2.7747014,5.183329,2.1154351
2072-08-31 12:00:00,1.7423744,1.553769,3.5287933,3.1770678,5.2417517,2.5673876
2072-09-01 12:00:00,1.7195055,1.7088506,4.318111,2.8228593,4.0678782,2.3243988
2072-09-02 12:00:00,1.8893846,1.9381396,4.448597,3.4211993,3.7090359,3.1422148
2072-09-03 12:00:00,2.8102198,2.3137314,3.7451813,3.4735932,2.9586456,2.970009
2072-09-04 12:00:00,2.3517218,1.8312361,4.0887885,3.1830323,2.8230243,2.7893832
2072-09-05 12:00:00,3.4040556,2.629894,5.4472246,3.1319022,2.341585,3.6204734
2072-09-06 12:00:00,1.9810302,1.7661353,4.820622,2.244031,2.5442278,3.1195595
2072-09-07 12:00:00,1.8450038,1.517148,5.4304566,2.7826316,2.8323786,2.2990046
2072-09-08 12:00:00,1.2850127,1.4351846,4.360901,2.6055074,3.4001029,2.7095888
2072-09-09 12:00:00,1.5616066,1.379717,2.9333906,1.9381723,4.219265,1.7738045
2072-09-10 12:00:00,1.6966841,1.6490239,3.5536282,2.4855225,2.379082,2.5580983
2072-09-11 12:00:00,2.2490745,2.0518534,4.4775505,3.5869794,3.5581515,2.5773082
2072-09-12 12:00:00,1.4321096,1.7242302,3.5968647,4.010396,3.7876232,1.519106
2072-09-13 12:00:00,1.4756607,1.2006992,2.4811873,2.1246345,5.638584,1.5993319
2072-09-14 12:00:00,1.8749434,1.5048703,2.5894263,3.513955,6.029634,1.7442229
2072-09-15 12:00:00,1.9851744,1.6255695,4.0587945,2.4447372,5.447625,1.6899774
2072-09-16 12:00:00,1.8451118,1.6888646,3.6135716,2.2794056,4.5424676,1.7168875
2072-09-17 12:00:00,1.9487668,1.6445413,4.244884,3.9128816,3.7689943,3.2338367
2072-09-18 12:00:00,2.7131877,2.1951888,4.19457,5.4781613,4.262617,3.74307
2072-09-19 12:00:00,3.849681,3.2691052,4.1163507,6.855217,4.750946,3.5541391
2072-09-20 12:00:00,1.6568975,2.0015295,2.345712,4.6363707,6.6920357,2.2379138
2072-09-21 12:00:00,1.3341124,1.1431515,2.388969,2.9964976,5.254255,1.3278314
2072-09-22 12:00:00,1.6541471,1.3829532,3.8206043,2.3332741,3.3253539,2.4894536
2072-09-23 12:00:00,2.9225655,2.6741836,5.539579,4.139634,3.218395,4.336322
2072-09-24 12:00:00,3.0823092,2.529153,4.040364,5.0671644,4.256479,2.4994524
2072-09-25 12:00:00,1.2039003,1.2188661,3.898916,4.1364784,3.9689898,2.4683251
2072-09-26 12:00:00,2.0867343,2.0035295,3.7511828,5.1713243,4.085718,2.4838412
2072-09-27 12:00:00,2.7750401,2.289618,4.9910264,6.0845823,4.7551417,3.8326216
2072-09-28 12:00:00,2.1780195,2.2327468,4.8423486,7.263595,3.2202718,3.9127874
2072-09-29 12:00:00,2.523841,2.706326,5.4928875,6.2005534,2.1906335,3.817537
2072-09-30 12:00:00,2.2334669,2.4637117,3.5985653,5.4994607,2.886763,2.4978833
2072-10-01 12:00:00,1.9589765,1.7927269,4.2997994,3.7499447,2.3832223,3.775854
2072-10-02 12:00:00,1.6021613,2.0418415,3.1113951,4.373041,3.6412108,2.055567
2072-10-03 12:00:00,2.7616832,2.4292707,3.830788,4.68081,4.2780123,1.921769
2072-10-04 12:00:00,3.2221782,2.7909667,5.699455,4.110084,4.283513,3.2473276
2072-10-05 12:00:00,2.8923206,2.3349624,2.5137954,5.0665107,4.1276155,1.8441335
2072-10-06 12:00:00,2.4708853,2.0647027,5.081357,2.9421434,3.6302786,2.2595594
2072-10-07 12:00:00,3.4161062,2.983623,4.6118755,3.9306133,3.1623743,2.552244
2072-10-08 12:00:00,3.7835417,3.4357617,5.129368,4.432307,4.0024757,3.3881266
2072-10-09 12:00:00,2.7827983,2.7803757,4.4705286,4.769526,5.1394777,3.0973485
2072-10-10 12:00:00,3.0723007,3.0378706,5.588903,5.513576,4.9774237,3.6722271
2072-10-11 12:00:00,3.578186,3.3917892,4.879243,5.0686226,5.5437713,2.9932578
2072-10-12 12:00:00,3.5954278,3.342854,3.2371128,5.1861386,4.862398,3.3798335
2072-10-13 12:00:00,2.0606794,2.0947773,3.0910535,5.741517,5.6140475,3.4654763
2072-10-14 12:00:00,1.3781056,1.4346792,3.1050215,4.970511,4.3283925,2.4227383
2072-10-15 12:00:00,0.93151665,1.0879472,2.6117592,3.9715455,6.2827444,1.4678081
2072-10-16 12:00:00,1.0358233,1.4947859,2.4614534,5.259353,7.5015383,2.0873003
2072-10-17 12:00:00,1.2163417,1.757335,1.9467639,4.102767,7.174755,2.1712615
2072-10-18 12:00:00,1.0806936,1.5852107,1.6113796,3.6463735,5.180724,1.4365417
2072-10-19 12:00:00,1.4507121,1.7035403,1.9123898,3.4523163,4.067502,2.191074
2072-10-20 12:00:00,0.88776565,1.0856673,2.052575,2.5054982,2.2550435,2.2169826
2072-10-21 12:00:00,0.9210345,1.1775426,2.724621,2.6976247,2.7432795,2.23448
2072-10-22 12:00:00,1.2837819,1.047513,2.5363612,1.8229415,3.1542695,1.5137179
2072-10-23 12:00:00,1.8290224,1.3995148,2.506408,4.0182877,4.1187496,2.0350838
2072-10-24 12:00:00,2.7977133,2.3995554,4.0245667,6.924924,6.205986,3.8477325
2072-10-25 12:00:00,1.7908783,1.7746516,3.5214305,4.8866467,5.79338,2.4377954
2072-10-26 12:00:00,1.4880613,1.202468,3.7450068,1.9680058,3.3511198,1.1521274
2072-10-27 12:00:00,2.9295847,2.0445173,3.9618542,2.5319557,4.226395,1.6050924
2072-10-28 12:00:00,3.2299294,2.3069777,3.523537,4.103933,4.417943,2.652536
2072-10-29 12:00:00,3.432977,2.6208558,3.6023674,3.5187926,3.3532863,3.0274706
2072-10-30 12:00:00,3.2240062,2.6575997,4.1733704,2.92976,2.912026,2.7036664
2072-10-31 12:00:00,1.6041126,1.5154508,3.3532164,2.3350961,4.039851,2.0518725
2072-11-01 12:00:00,1.436888,1.1708096,3.1895535,2.3764057,5.2958584,1.8812143
2072-11-02 12:00:00,1.0620762,1.0732113,3.1923373,4.189254,5.3639903,3.1722906
2072-11-03 12:00:00,1.1711389,1.4530241,3.790977,3.9441435,4.601709,2.6377926
2072-11-04 12:00:00,0.9744228,0.99444413,2.787829,3.003061,4.2091055,2.086744
2072-11-05 12:00:00,2.4490335,1.888053,3.7880204,3.7051268,3.3065982,2.0572581
2072-11-06 12:00:00,2.8482542,2.0886674,4.4278884,3.172307,2.7980595,2.2217336
2072-11-07 12:00:00,2.5153875,1.829113,4.128868,3.1074114,3.7860532,1.8093228
2072-11-08 12:00:00,3.5956843,2.6556702,4.1822248,3.0584311,3.8956575,2.275446
2072-11-09 12:00:00,2.933174,2.5870817,3.45414,3.9349954,3.193248,2.0816824
2072-11-10 12:00:00,3.1843076,2.8913004,5.5213556,4.8667345,3.2168512,2.692624
2072-11-11 12:00:00,3.44865,2.8583002,6.936485,4.6060867,3.8882103,3.2627969
2072-11-12 12:00:00,2.459633,1.8881973,4.8892016,3.4906595,3.1683857,2.6817503
2072-11-13 12:00:00,1.0869439,0.9316101,3.4068365,3.5008335,2.6243565,2.4246528
2072-11-14 12:00:00,1.0846791,1.007223,2.9444826,2.886071,2.774341,2.795072
2072-11-15 12:00:00,0.8677769,0.87536544,2.7660072,2.5090823,2.4374094,2.0574505
2072-11-16 12:00:00,1.9733225,1.8526955,4.7694416,4.675541,3.979455,3.304165
2072-11-17 12:00:00,2.586876,2.2288454,4.9224176,4.494164,4.793351,3.9110394
2072-11-18 12:00:00,2.5781984,2.1249206,4.395943,3.6796556,5.9700794,2.4598136
2072-11-19 12:00:00,2.4693954,2.2870374,4.0527487,3.6994839,5.6684074,2.5357757
2072-11-20 12:00:00,1.4767125,1.4979066,3.8203614,4.8234987,5.902814,3.2924678
2072-11-21 12:00:00,1.9841914,1.7989564,5.660537,4.7116446,4.1964536,4.359902
2072-11-22 12:00:00,3.1435273,3.0677555,7.241716,5.5194936,4.536436,5.0871234
2072-11-23 12:00:00,3.1749666,3.0710018,7.1665783,5.722121,4.033647,4.787221
2072-11-24 12:00:00,3.2780786,3.11518,6.0055366,5.3037567,4.779502,3.0797477
2072-11-25 12:00:00,3.8186898,3.441038,6.188718,5.666249,5.9644465,3.3331861
2072-11-26 12:00:00,3.3097634,3.1505024,6.5281715,5.9704566,6.7093773,4.110308
2072-11-27 12:00:00,0.9837875,1.129501,2.7730718,5.1359973,7.314371,2.2903013
2072-11-28 12:00:00,2.342966,1.6960696,4.4994073,3.1095638,4.9990935,2.1747065
2072-11-29 12:00:00,2.6938753,2.0992398,3.061372,4.1525006,5.1750035,1.5949681
2072-11-30 12:00:00,1.0837238,1.0378406,2.6040988,4.266915,6.050293,2.72966
2072-12-01 12:00:00,1.9783024,1.4841832,3.2720022,3.7761137,4.996492,1.9131379
2072-12-02 12:00:00,3.7654397,3.0087416,4.351894,2.5215507,2.9864848,2.962931
2072-12-03 12:00:00,2.0207214,1.9092187,3.1030073,2.7294247,3.7200494,2.4335628
2072-12-04 12:00:00,1.3999028,1.4604363,6.0897517,5.51877,5.3619084,4.67711
2072-12-05 12:00:00,2.2294955,2.098752,6.1717095,4.971188,5.7299237,3.620196
2072-12-06 12:00:00,1.635044,1.7638023,5.708096,5.8340316,5.4257803,4.603896
2072-12-07 12:00:00,3.170866,2.447081,3.8964317,4.9292493,4.648894,3.2486992
2072-12-08 12:00:00,1.034762,1.2136198,2.9284308,4.1963177,4.9430094,2.8146367
2072-12-09 12:00:00,1.9128876,1.5979495,3.3530314,3.8784368,5.6096,3.718936
2072-12-10 12:00:00,0.802006,1.2109197,2.1968372,2.7840683,4.756046,1.412086
2072-12-11 12:00:00,2.8483417,2.56152,3.6122835,3.1570427,5.0915565,2.5258818
2072-12-12 12:00:00,3.2418678,2.2615666,3.4003425,4.6005454,8.618774,2.1945112
2072-12-13 12:00:00,1.2615459,1.4551818,2.6411488,4.466357,8.786249,1.6088427
2072-12-14 12:00:00,1.0323732,1.4981997,3.6993184,5.93471,8.00647,3.056952
2072-12-15 12:00:00,2.1403108,3.102215,4.9596086,7.242803,7.0266433,3.9433625
2072-12-16 12:00:00,2.6381512,3.1923473,4.6429625,6.412812,5.5971985,3.1811006
2072-12-17 12:00:00,1.3590045,1.4777763,3.9071965,4.9732347,3.36873,3.226957
2072-12-18 12:00:00,1.5146537,1.5212723,5.173028,4.312875,5.008995,3.5104215
2072-12-19 12:00:00,2.2491975,1.8904124,5.94342,4.061906,4.6057982,3.1505215
2072-12-20 12:00:00,1.0677888,1.3462594,2.53118,3.2737777,4.1165676,1.5780761
2072-12-21 12:00:00,1.4052308,1.6334813,4.286574,5.223513,4.409965,3.1595118
2072-12-22 12:00:00,1.6340154,1.715518,3.9747763,5.3962584,3.048324,3.3196428
2072-12-23 12:00:00,3.011493,2.6025603,5.7325654,4.041348,2.8466525,3.8130534
2072-12-24 12:00:00,7.954903,6.476087,9.333902,6.058257,2.5187104,6.08103
2072-12-25 12:00:00,3.634481,3.0524056,4.430854,3.2651248,2.8779433,2.844306
2072-12-26 12:00:00,1.1657948,1.1164976,3.048195,5.3550096,4.4560947,3.2266607
2072-12-27 12:00:00,3.3806105,3.3095763,7.2502136,8.061052,7.555472,5.592531
2072-12-28 12:00:00,3.1094427,2.6925833,5.622889,6.9077544,9.537784,4.338902
2072-12-29 12:00:00,2.15427,2.1028967,4.7065887,7.9286323,9.126365,3.6132393
2072-12-30 12:00:00,0.9865104,1.2163377,3.127218,5.1732965,7.195748,3.0004022
2072-12-31 12:00:00,1.6125808,1.6833125,4.2191544,6.2811174,5.9630146,3.9058053
2073-01-01 12:00:00,1.0772169,1.2048507,2.6607144,4.2448716,4.984354,2.193032
2073-01-02 12:00:00,0.89800024,1.1488602,2.8225245,4.664369,4.545753,2.818239
2073-01-03 12:00:00,1.5073195,1.7129595,5.801265,6.118809,7.1506615,3.8045805
2073-01-04 12:00:00,2.8433278,2.462347,4.968724,3.3670106,5.883683,2.3633153
2073-01-05 12:00:00,1.5922852,1.4484489,3.3451815,3.3659866,3.5820897,2.9747517
2073-01-06 12:00:00,1.8636384,2.0820615,3.3446746,3.720046,3.8671365,2.6020682
2073-01-07 12:00:00,1.4318755,1.4387212,2.980016,6.0327725,5.760487,2.4561365
2073-01-08 12:00:00,0.7869556,1.0099453,2.5717375,5.1712995,5.978478,2.3715267
2073-01-09 12:00:00,1.2368783,1.3514241,4.1459484,4.215864,4.2987657,3.0096347
2073-01-10 12:00:00,1.0896685,1.1601421,6.015454,4.2081017,4.349031,3.488019
2073-01-11 12:00:00,1.469404,1.6986525,4.221658,5.0634437,4.156127,2.7867017
2073-01-12 12:00:00,1.8999345,2.0575047,3.9810593,6.0418267,3.2161958,2.8993323
2073-01-13 12:00:00,3.3306088,2.6036682,5.266564,4.1523824,2.5616307,3.7896817
2073-01-14 12:00:00,2.470564,1.8851835,3.7707691,2.8670027,4.749092,2.2687018
2073-01-15 12:00:00,0.97956735,1.0075077,3.9037044,5.610549,7.824495,3.8684506
2073-01-16 12:00:00,2.288067,1.7019842,5.668705,4.9048133,5.9494596,3.2678702
2073-01-17 12:00:00,3.8353586,2.8223705,4.5232706,4.3727694,4.277226,2.4466968
2073-01-18 12:00:00,4.433551,3.4897044,4.238127,3.9471967,3.9006805,2.290623
2073-01-19 12:00:00,4.175355,3.5505035,5.9710627,5.3229165,4.897822,3.31953
2073-01-20 12:00:00,4.7416954,3.5134504,6.080567,3.433781,4.1561403,3.1509402
2073-01-21 12:00:00,4.9787626,3.89424,6.1179614,4.3376064,3.7889435,3.0160124
2073-01-22 12:00:00,4.0506234,3.068377,6.0164766,4.4736137,6.2876863,3.0405922
2073-01-23 12:00:00,3.7513425,2.5563827,5.526838,4.2576256,9.384168,2.7718925
2073-01-24 12:00:00,2.209897,1.6897362,4.6017075,4.450774,7.830865,1.9976526
2073-01-25 12:00:00,0.8162652,1.0843096,2.519733,6.747151,9.67939,1.6728582
2073-01-26 12:00:00,1.005049,1.6027516,2.6596859,9.817395,8.940428,2.85873
2073-01-27 12:00:00,1.4568698,1.8577228,3.495447,8.012066,8.59003,3.5954206
2073-01-28 12:00:00,0.9359919,1.2848026,2.9755728,4.0604825,9.186288,2.5113986
2073-01-29 12:00:00,1.7032604,1.7996538,4.283059,7.544787,7.0549226,4.4694047
2073-01-30 12:00:00,3.6630177,3.0890028,5.8087926,7.7154136,6.5120234,4.780399
2073-01-31 12:00:00,1.7505167,1.4767609,2.942028,6.5549808,8.425087,1.9699434
2073-02-01 12:00:00,1.2258338,1.0135536,2.689405,4.180303,5.669828,2.534561
2073-02-02 12:00:00,1.5310392,1.5170985,3.9942677,5.6591735,5.7312946,3.7913535
2073-02-03 12:00:00,2.3865337,2.1151893,4.871855,6.1730757,4.9045873,3.813148
2073-02-04 12:00:00,1.4229801,1.4866124,4.0894938,5.8704247,5.772747,3.2439716
2073-02-05 12:00:00,1.9831471,1.7129147,4.381635,4.966727,5.512624,2.8704917
2073-02-06 12:00:00,2.3856986,1.8065501,5.943154,4.91417,6.8359113,4.0454464
2073-02-07 12:00:00,4.3887734,3.886707,7.328856,6.697199,6.4125814,5.3797245
2073-02-08 12:00:00,3.073569,2.6921558,5.719006,4.717003,6.9218354,3.5366423
2073-02-09 12:00:00,3.085222,2.680334,5.4933887,4.0856156,5.9244485,3.6007028
2073-02-10 12:00:00,3.954638,3.2365255,5.970266,4.9741716,4.8840394,4.335692
2073-02-11 12:00:00,3.1646354,2.8114002,5.0056252,4.659667,4.2605357,3.1723204
2073-02-12 12:00:00,1.6918266,1.6505153,3.7221315,4.973601,4.17739,3.5537212
2073-02-13 12:00:00,2.9498076,2.4977465,5.728635,5.8293333,4.1093025,4.3500776
2073-02-14 12:00:00,3.828814,2.878426,7.258095,5.621501,3.00344,4.913078
2073-02-15 12:00:00,2.9761548,2.486884,6.5361147,3.629781,2.5112014,3.9446743
2073-02-16 12:00:00,2.263143,2.2091086,4.1633096,4.194902,3.6184065,2.5333498
2073-02-17 12:00:00,1.981856,1.7895945,4.04849,6.6187263,6.2378635,3.922128
2073-02-18 12:00:00,3.8016343,3.0788972,5.629757,5.83323,8.850142,3.7116137
2073-02-19 12:00:00,1.9882319,1.822641,4.2623057,4.3202453,6.737206,2.579121
2073-02-20 12:00:00,2.560568,2.5416164,6.446519,7.4071584,7.6885533,5.689683
2073-02-21 12:00:00,5.0187383,4.6104436,6.3600426,6.2407866,5.665546,4.5971837
2073-02-22 12:00:00,3.0030384,2.9758186,5.058472,6.8181376,6.481886,4.2988844
2073-02-23 12:00:00,4.5860443,4.2127657,7.7109785,7.6975627,7.306867,5.6867843
2073-02-24 12:00:00,4.25865,3.7079902,6.9186907,5.397725,7.3806343,4.475349
2073-02-25 12:00:00,3.1977868,2.5318413,5.966196,4.561385,5.963492,4.531371
2073-02-26 12:00:00,2.0262868,1.9817709,6.6677976,3.1463768,5.052482,3.8937755
2073-02-27 12:00:00,1.366282,1.7136345,3.4089355,3.81033,4.3869553,2.733439
2073-02-28 12:00:00,1.9012799,1.9319475,4.1914363,5.0000463,3.134131,3.8901067
2073-03-01 12:00:00,2.7137737,2.4239542,5.1109304,6.127619,5.8698373,4.228432
2073-03-02 12:00:00,3.2097185,3.0147166,7.4033294,7.238331,3.5312574,4.778358
2073-03-03 12:00:00,2.3940725,3.0040672,6.356354,5.86229,7.0215025,4.5505204
2073-03-04 12:00:00,1.8590134,1.7785095,3.629426,4.8270655,6.180605,3.4563303
2073-03-05 12:00:00,3.4794874,2.7989197,5.1622066,6.161141,5.499258,3.552246
2073-03-06 12:00:00,1.4388603,1.4416838,4.189136,5.167196,5.32355,3.3330657
2073-03-07 12:00:00,1.7989827,1.5592098,3.9004364,3.7191463,3.9824636,2.351821
2073-03-08 12:00:00,1.1373065,1.1777518,2.3702,2.550289,3.2422073,1.6105734
2073-03-09 12:00:00,1.8508205,1.7586261,2.3160136,1.8753046,2.3681214,1.5005317
2073-03-10 12:00:00,1.4140809,1.3849567,2.0201888,2.2686272,3.065129,1.4895933
2073-03-11 12:00:00,1.3092133,1.6308432,1.9711959,2.3237984,2.1329527,1.341062
2073-03-12 12:00:00,1.3958311,1.2324393,2.3378077,1.7921226,2.4202638,1.7730806
2073-03-13 12:00:00,0.83748317,0.87850964,2.8547845,3.6196816,2.8144572,3.1581585
2073-03-14 12:00:00,0.87425214,0.9563066,3.1445255,4.5916553,4.7762938,3.3397014
2073-03-15 12:00:00,2.3682747,1.978251,5.132201,6.313027,8.315534,4.574996
2073-03-16 12:00:00,1.4700251,1.210319,3.9168382,3.1796494,7.52044,2.7186182
2073-03-17 12:00:00,1.0396049,0.94816655,1.9048873,3.193423,7.3184566,1.7781465
2073-03-18 12:00:00,1.7844598,1.6330196,3.204994,5.143053,7.1700716,3.0657005
2073-03-19 12:00:00,0.77104104,0.8515968,1.7515857,2.6605246,5.6796274,1.1904851
2073-03-20 12:00:00,1.4617163,1.2497308,2.032296,2.4826145,4.2884016,1.350061
2073-03-21 12:00:00,1.15435,1.1655606,2.4912567,3.4962375,3.7796533,2.098763
2073-03-22 12:00:00,1.1130011,1.2578713,2.4330652,4.509186,4.627314,1.8385061
2073-03-23 12:00:00,2.6571798,2.419202,5.0333548,5.5039105,4.375483,5.0199113
2073-03-24 12:00:00,3.1775122,3.105135,4.950356,6.0496445,7.157143,4.2915273
2073-03-25 12:00:00,3.0227382,3.0037475,5.210141,5.958911,7.8999405,4.0033083
2073-03-26 12:00:00,1.7708524,1.8261434,4.541166,5.447734,7.557097,2.8221502
2073-03-27 12:00:00,2.4462986,1.7327932,2.9393663,4.0657964,5.5797577,2.048152
2073-03-28 12:00:00,1.4617535,1.4358364,3.0626593,3.830935,4.4283795,2.0343404
2073-03-29 12:00:00,1.4617555,1.8972226,3.2585757,4.3743625,4.3903875,2.1248574
2073-03-30 12:00:00,1.7418605,1.6818088,2.3722122,3.0686238,5.3640146,1.5207059
2073-03-31 12:00:00,1.804219,1.5947639,2.3257177,6.587707,6.0730214,2.7740202
2073-04-01 12:00:00,1.6769013,1.5873339,2.7389255,5.2311926,5.7919297,2.7772207
2073-04-02 12:00:00,1.8040899,1.6865578,3.4328883,4.9061413,2.948049,3.2863593
2073-04-03 12:00:00,2.7283804,2.1855557,3.8611245,3.9156346,2.9142313,3.3733273
2073-04-04 12:00:00,2.3095846,2.3079329,4.551786,4.0485716,3.40254,3.9557664
2073-04-05 12:00:00,2.7751384,2.67992,3.2089767,5.086575,4.0400195,3.182706
2073-04-06 12:00:00,1.3135247,1.5586557,2.8877351,3.4124238,4.990879,2.9258113
2073-04-07 12:00:00,2.182249,2.347137,4.410847,5.110061,6.2176776,4.1883607
2073-04-08 12:00:00,3.2417836,2.9851987,3.5325184,3.5395002,6.386596,2.3554485
2073-04-09 12:00:00,2.4541507,1.9447826,2.1394477,3.449896,6.6404963,2.29186
2073-04-10 12:00:00,2.4281063,2.0349827,3.6132169,4.8542824,7.8170934,3.810897
2073-04-11 12:00:00,2.7124164,2.4315493,3.7704988,6.0341306,7.5607996,4.3352213
2073-04-12 12:00:00,2.3516195,2.2675202,2.5654774,6.271253,7.3290663,2.6541233
2073-04-13 12:00:00,1.2753952,1.3462147,2.0765238,4.8481474,5.388472,1.9325202
2073-04-14 12:00:00,1.5173135,1.3880697,1.4458109,2.723249,4.3432817,1.4658151
2073-04-15 12:00:00,1.4986702,1.3983731,2.1747937,2.7242675,2.809661,1.7961458
2073-04-16 12:00:00,1.7534914,1.9920006,4.1317015,3.677337,3.7499216,2.5843868
2073-04-17 12:00:00,2.3542967,2.1707578,4.4878964,3.4227035,4.238409,3.0468724
2073-04-18 12:00:00,2.1727178,1.9731549,3.4646792,3.0175116,3.9366002,2.5821683
2073-04-19 12:00:00,1.5997106,1.4485431,2.2353392,3.6945217,5.419849,1.4594111
2073-04-20 12:00:00,2.4263687,1.6717705,2.838011,2.9472415,6.269379,1.5267694
2073-04-21 12:00:00,1.4866875,1.4110842,2.025013,1.8975514,3.763972,1.6234161
2073-04-22 12:00:00,2.6619408,2.4549663,4.569646,3.832849,2.6006231,2.0847528
2073-04-23 12:00:00,4.355221,3.3916886,5.880515,5.0456243,3.3897893,3.4963584
2073-04-24 12:00:00,3.7599392,2.9521537,6.2287445,4.762759,2.8495293,4.0554404
2073-04-25 12:00:00,2.951858,2.6583836,3.4563966,3.2666256,3.1550236,3.1630373
2073-04-26 12:00:00,1.7336032,1.715076,4.852786,3.8885684,3.1906116,2.6606987
2073-04-27 12:00:00,4.690068,3.5048108,6.1136227,4.571752,3.9015374,2.6770873
2073-04-28 12:00:00,3.095344,3.0810435,5.3931837,7.3077855,5.328826,4.5787745
2073-04-29 12:00:00,4.72555,4.2785907,6.054064,5.883603,3.7209675,4.4539194
2073-04-30 12:00:00,3.5471976,3.0600986,4.352443,2.4306116,3.0817297,2.4583836
2073-05-01 12:00:00,1.8553123,1.7271339,2.2079782,2.7325833,4.2640114,1.3162017
2073-05-02 12:00:00,1.5293465,1.4738793,2.2325842,2.118678,4.566756,1.467815
2073-05-03 12:00:00,3.1051989,2.5173216,2.5730457,3.4265623,4.755083,1.6845385
2073-05-04 12:00:00,1.6649941,1.791276,3.13007,2.2463198,5.242333,2.3779309
2073-05-05 12:00:00,2.979324,2.824005,4.5493636,3.3742115,6.409641,3.0788078
2073-05-06 12:00:00,2.0953162,1.8479842,4.1974664,2.6667814,6.3030376,1.6931574
2073-05-07 12:00:00,1.7914433,1.5621192,2.8221107,2.606701,5.2044034,1.6018775
2073-05-08 12:00:00,1.6382625,1.389162,2.6777735,2.2225049,5.1662836,1.5259379
2073-05-09 12:00:00,1.456815,1.3841963,2.652722,1.7447433,4.948259,1.264456
2073-05-10 12:00:00,1.2039784,1.235339,2.6897366,2.3245595,5.1456833,1.5567865
2073-05-11 12:00:00,1.0335805,1.0667499,2.4686675,2.2733717,4.102415,1.4989803
2073-05-12 12:00:00,1.0675684,0.9587125,2.798097,2.5098174,2.4758182,1.513144
2073-05-13 12:00:00,1.0219957,1.1434163,2.023356,2.8705761,2.8099444,1.4947664
2073-05-14 12:00:00,0.88532305,1.0733556,2.164229,2.5093153,3.2904966,1.7236246
2073-05-15 12:00:00,0.89215356,1.1734798,2.8135626,2.1332288,3.2647507,1.438144
2073-05-16 12:00:00,2.7192147,2.3614132,2.7269871,2.284479,3.3503256,1.8152586
2073-05-17 12:00:00,2.028129,2.1117606,2.2681298,3.128099,4.6567473,1.7458673
2073-05-18 12:00:00,2.0522451,1.9256343,2.5103304,3.6141772,3.924754,2.719451
2073-05-19 12:00:00,1.7881033,1.7243769,2.3801565,2.8894246,2.7178998,2.7837079
2073-05-20 12:00:00,1.7117102,1.6164405,2.4489093,2.9719698,2.5748744,1.4552827
2073-05-21 12:00:00,1.4701246,1.1526121,2.340632,2.2274745,5.0580225,1.9016343
2073-05-22 12:00:00,1.8033952,1.5177962,2.1661174,2.9752827,5.8243957,1.6602511
2073-05-23 12:00:00,2.3025138,2.1673145,3.7063272,4.2587476,4.240005,2.5140264
2073-05-24 12:00:00,2.0682282,2.1054525,3.0891275,4.3131213,3.235186,2.623348
2073-05-25 12:00:00,2.0428004,1.8423251,2.8770535,3.215654,3.6835346,1.9968016
2073-05-26 12:00:00,2.0105193,1.3923198,2.1196697,2.674815,3.0757878,2.1696768
2073-05-27 12:00:00,4.138617,3.4069571,4.280167,4.4951115,3.849418,3.9440413
2073-05-28 12:00:00,2.9343877,2.6554508,4.294534,6.26398,4.8143992,3.2897768
2073-05-29 12:00:00,2.8241086,2.460957,4.123662,5.2212243,3.1138363,3.358249
2073-05-30 12:00:00,2.544312,2.062283,2.8745298,4.3376417,2.2918253,2.3051553
2073-05-31 12:00:00,1.6947182,1.7812965,4.0105896,2.81615,2.7961051,2.590436
2073-06-01 12:00:00,2.4930542,2.055629,3.4950433,2.5937688,3.2933412,2.2919006
2073-06-02 12:00:00,2.1565113,1.8538328,2.7454977,2.4481905,3.570777,2.2342818
2073-06-03 12:00:00,2.2883244,1.9619435,3.2950473,3.037178,3.256588,2.9063845
2073-06-04 12:00:00,0.9025146,1.022639,2.9450183,3.0891953,4.0761275,1.8901902
2073-06-05 12:00:00,1.4397327,1.3373072,1.9203751,4.0016956,4.182952,1.4987154
2073-06-06 12:00:00,1.4198602,1.1776161,1.6623936,3.1919894,4.3394423,1.3311912
2073-06-07 12:00:00,1.8555933,2.0693328,2.6624377,2.9881318,4.1064663,1.973227
2073-06-08 12:00:00,2.4639153,1.972831,4.2146006,3.6695054,4.1727357,3.1824293
2073-06-09 12:00:00,2.6009488,2.0549862,4.5068555,3.5677314,2.918335,3.1661665
2073-06-10 12:00:00,1.8256451,1.6036692,4.482915,2.6786551,3.0360518,3.1061428
2073-06-11 12:00:00,2.4876304,2.1592174,3.0805995,3.2924063,2.9347029,1.6506361
2073-06-12 12:00:00,1.5302191,1.3575535,2.5340102,2.6640546,2.130926,1.362794
2073-06-13 12:00:00,2.6894696,2.3981075,4.9544497,3.4624972,2.2093167,2.261689
2073-06-14 12:00:00,3.1308062,2.7485876,3.4974313,3.418868,2.5708797,2.1567373
2073-06-15 12:00:00,2.0846446,2.049745,2.3382807,3.4454412,2.3994608,1.6602817
2073-06-16 12:00:00,1.7140269,1.4668244,2.6648583,2.6228988,1.9801906,1.7813964
2073-06-17 12:00:00,3.2871451,2.7176108,3.5129297,4.114563,2.3928528,2.950033
2073-06-18 12:00:00,2.225869,2.4352436,4.2142344,5.388102,4.352354,3.9280455
2073-06-19 12:00:00,3.4322276,3.417652,4.9338613,4.8716574,5.524797,2.690529
2073-06-20 12:00:00,2.12085,1.8720443,3.7373118,2.6151428,4.707463,2.4005687
2073-06-21 12:00:00,1.7404273,1.7900169,3.8986907,2.1877072,4.36455,2.3721623
2073-06-22 12:00:00,2.2123609,1.981822,3.7191963,2.7752159,3.9860432,2.6588397
2073-06-23 12:00:00,2.533008,2.4646468,3.0315084,2.7156103,3.3104825,1.5173172
2073-06-24 12:00:00,1.6265703,1.601804,2.5619178,2.3993924,3.2618122,1.3426405
2073-06-25 12:00:00,1.5135272,1.2565212,2.2446725,2.8895874,3.3183417,1.2944335
2073-06-26 12:00:00,1.087408,1.1973188,2.520855,3.3301094,3.2712772,1.3199698
2073-06-27 12:00:00,1.448961,1.5861837,2.2947779,3.4170623,3.1162906,1.4359789
2073-06-28 12:00:00,1.8971881,1.77287,2.117703,4.0608616,3.3253279,1.4977248
2073-06-29 12:00:00,1.461309,1.4997785,2.094802,4.3024344,3.242789,1.1402148
2073-06-30 12:00:00,2.1517074,1.9165363,2.4277694,3.7051258,3.113236,1.3220266
2073-07-01 12:00:00,2.5838783,1.8094287,2.5081723,2.352937,2.456127,1.4516538
2073-07-02 12:00:00,1.4039438,1.2196578,1.9437416,1.9785295,3.6210334,1.3483013
2073-07-03 12:00:00,1.707934,1.5553985,2.3613029,2.0380423,3.7503686,1.4464797
2073-07-04 12:00:00,2.8791103,2.637149,4.1602516,2.5043237,2.9976919,1.9878447
2073-07-05 12:00:00,2.0286937,1.9584243,4.056344,3.1065643,2.2840786,1.938006
2073-07-06 12:00:00,2.7928247,2.3227463,4.828289,2.7474077,1.8578765,2.5089772
2073-07-07 12:00:00,3.2424192,2.659374,4.3119736,3.1745217,2.1387665,2.9198396
2073-07-08 12:00:00,2.9959416,2.5174897,2.2990487,2.7269702,2.8614235,1.933653
2073-07-09 12:00:00,2.2979937,1.8253593,2.431138,2.5350327,3.5023212,1.6348468
2073-07-10 12:00:00,2.1146474,1.4738709,2.6558814,1.8123463,3.49725,1.4146063
2073-07-11 12:00:00,1.8232579,1.4954548,3.59529,2.8550823,2.5867305,1.9839572
2073-07-12 12:00:00,2.731438,2.3555295,3.5372949,5.318052,3.6684618,2.3122485
2073-07-13 12:00:00,3.01343,2.552147,3.9218667,5.7855086,3.628181,2.7922854
2073-07-14 12:00:00,2.8832626,2.4115617,4.0977626,4.518464,2.5142174,2.8806365
2073-07-15 12:00:00,2.7157278,2.4647555,3.6035411,3.635261,2.0737169,2.2043078
2073-07-16 12:00:00,2.3142061,1.8587631,3.0767477,2.2158883,2.8148448,1.8278207
2073-07-17 12:00:00,0.9733231,0.9403685,2.3020208,2.0433292,2.2046926,1.3407756
2073-07-18 12:00:00,1.0356853,1.1862386,1.9646231,1.7118468,2.1856537,1.180607
2073-07-19 12:00:00,1.5672159,1.3158879,2.0847259,1.3832836,1.8012675,1.2250032
2073-07-20 12:00:00,1.5239339,1.2477037,2.1807737,2.2470384,2.114099,1.6360632
2073-07-21 12:00:00,1.8929956,1.6179271,3.216448,3.0638523,2.6454847,2.090565
2073-07-22 12:00:00,1.1044886,1.0881672,2.3589854,2.4788067,2.277898,1.2060461
2073-07-23 12:00:00,1.5827868,1.2134504,2.6847503,2.2506876,2.312424,1.6415354
2073-07-24 12:00:00,1.9258064,1.5992721,3.257718,2.4953165,3.1075482,1.4632639
2073-07-25 12:00:00,2.272352,1.8188701,3.0615819,3.6604564,3.6815686,2.2440805
2073-07-26 12:00:00,2.5291848,1.9815623,2.8179588,2.3234007,4.2974367,2.4340107
2073-07-27 12:00:00,2.3158617,2.1123815,2.5304513,2.9432375,3.1518705,1.8767861
2073-07-28 12:00:00,2.3241162,2.2047215,1.876994,2.6435213,4.514866,1.6034373
2073-07-29 12:00:00,1.4854785,1.5115055,2.3861868,1.7580073,2.442998,1.4731963
2073-07-30 12:00:00,2.0419247,1.8403,2.9022968,1.8895687,3.106167,1.5694596
2073-07-31 12:00:00,1.3081353,1.4102223,2.1577473,2.442007,2.3455772,1.1721109
2073-08-01 12:00:00,1.4400119,1.3244163,2.6737576,2.0975275,2.0221486,1.356331
2073-08-02 12:00:00,2.2093227,1.8776758,3.6086566,2.627317,1.8125648,1.9188414
2073-08-03 12:00:00,1.9838265,1.891907,4.156863,2.7420528,2.0459125,2.3292696
2073-08-04 12:00:00,1.8743832,1.741417,2.9598098,3.265615,2.2533643,2.1288574
2073-08-05 12:00:00,1.2905371,1.4608407,3.4103818,2.5934448,2.9812949,2.3001864
2073-08-06 12:00:00,2.4284413,1.8348063,3.7844825,1.595495,2.6143978,2.2576816
2073-08-07 12:00:00,1.8691404,1.4472162,3.487799,1.6616788,2.3552227,2.4933693
2073-08-08 12:00:00,1.4484286,1.2438182,2.651209,2.4434414,2.167039,2.5845447
2073-08-09 12:00:00,3.1936517,2.7251816,3.3616753,3.697722,3.8938081,3.2382538
2073-08-10 12:00:00,3.6109848,3.0237334,3.160377,4.606938,4.1299386,3.0084138
2073-08-11 12:00:00,2.5570552,2.1350052,2.6120765,3.4732673,2.7777405,1.8212878
2073-08-12 12:00:00,1.1919427,1.2411269,2.3235824,2.1148908,2.1098645,1.655884
2073-08-13 12:00:00,1.4531443,1.4623466,2.6245677,2.5239065,2.6430664,1.4413581
2073-08-14 12:00:00,2.2485242,1.8039709,2.8310244,3.442449,2.7060466,1.8162286
2073-08-15 12:00:00,1.5212175,1.2976568,3.7991107,3.6279645,3.1332357,2.3975472
2073-08-16 12:00:00,0.6910622,0.793516,2.8183112,2.5016425,2.7689261,1.5016329
2073-08-17 12:00:00,1.0842493,1.0871674,2.8549318,2.709289,2.4879444,1.359815
2073-08-18 12:00:00,1.9837813,1.5747656,3.4042854,2.9621844,4.3362513,1.6104084
2073-08-19 12:00:00,3.2763073,2.4946468,4.2764816,4.174583,3.214328,3.1511955
2073-08-20 12:00:00,3.748133,3.302668,5.4559827,3.8428879,3.6757436,3.1121805
2073-08-21 12:00:00,2.4508493,2.6533458,3.8717856,4.413992,4.4933825,2.0981648
2073-08-22 12:00:00,1.6849856,1.4391083,2.6935565,5.3438816,3.5718303,1.6946249
2073-08-23 12:00:00,1.5353221,1.3569419,2.2167861,3.63812,3.4322424,1.9967625
2073-08-24 12:00:00,1.0881612,1.0157623,2.825537,2.3375769,2.6245844,2.7068856
2073-08-25 12:00:00,0.93772924,1.1709363,3.7790635,2.6024806,3.3376565,2.2211344
2073-08-26 12:00:00,1.4460008,1.3114212,4.0405746,3.1518083,3.584533,2.4282439
2073-08-27 12:00:00,1.2012094,1.1612253,3.0202596,2.098314,2.7339892,1.6846415
2073-08-28 12:00:00,2.8483999,2.5288177,5.310208,3.7308006,4.425026,3.4961832
2073-08-29 12:00:00,3.706131,3.6231723,5.1557264,4.773594,3.8342166,3.5813987
2073-08-30 12:00:00,1.7031369,1.6100643,2.469249,2.9518328,2.774622,1.6356739
2073-08-31 12:00:00,1.0598217,0.93982255,2.1917398,2.035477,1.8724589,1.7229172
2073-09-01 12:00:00,1.2335936,1.1371382,2.599754,2.2617247,2.5451477,2.218
2073-09-02 12:00:00,1.7377601,1.3746407,2.1741078,1.6332431,2.9086378,1.290563
2073-09-03 12:00:00,1.6493903,1.4734895,2.2532728,2.5886724,3.2962897,1.3733457
2073-09-04 12:00:00,2.1277082,1.8497158,2.9087996,2.119978,2.298926,1.6521575
2073-09-05 12:00:00,1.5460505,1.4389428,3.265641,2.5526087,1.6712469,2.39833
2073-09-06 12:00:00,1.0635492,0.9686575,2.2887607,2.5939074,2.2425535,1.146922
2073-09-07 12:00:00,0.73700655,0.8959067,2.486985,1.4412948,2.32383,1.2501714
2073-09-08 12:00:00,0.81986725,0.86594194,2.3144643,1.4486023,2.526209,1.4889358
2073-09-09 12:00:00,0.96645266,0.984438,2.2077317,2.213367,4.5436845,1.7409999
2073-09-10 12:00:00,2.0290627,1.6178589,3.2843165,4.098529,4.7148805,3.266705
2073-09-11 12:00:00,3.7342522,3.1456568,4.7847357,6.015647,3.8558638,4.0353866
2073-09-12 12:00:00,1.9850414,2.0993686,3.641221,3.9886613,3.9454038,2.279316
2073-09-13 12:00:00,2.3057704,2.0484445,3.0412111,3.5652137,3.75223,2.646093
2073-09-14 12:00:00,1.905396,1.7366914,3.1567895,3.1605341,5.8167267,2.9747174
2073-09-15 12:00:00,2.1310964,1.840444,2.8962114,2.4365668,4.4056535,2.0913045
2073-09-16 12:00:00,1.9226913,1.9450735,1.9969168,2.3760304,5.494658,1.2211711
2073-09-17 12:00:00,1.642036,1.5459498,2.406322,3.0859296,4.461694,1.169565
2073-09-18 12:00:00,3.4323175,3.0005376,5.329707,4.458493,2.7958355,2.5639458
2073-09-19 12:00:00,3.609906,2.9908285,5.07816,4.249172,2.7034278,2.625825
2073-09-20 12:00:00,4.0227356,2.9458368,4.4213343,3.5349596,3.0610356,2.0414493
2073-09-21 12:00:00,1.8019598,1.4627405,2.5869615,2.783808,3.1412113,1.3052201
2073-09-22 12:00:00,1.9816242,1.5602505,3.1288497,2.8730285,2.7944021,2.1405697
2073-09-23 12:00:00,1.5235338,1.6170797,3.0440366,3.2533941,2.244195,1.6253657
2073-09-24 12:00:00,1.3574249,1.234605,2.43766,5.21908,4.5190578,1.8979061
2073-09-25 12:00:00,1.6999395,1.5573158,2.8571792,4.616911,4.2555556,1.5644379
2073-09-26 12:00:00,0.83110946,0.8323293,1.6347187,3.6379845,6.5404882,1.2987823
2073-09-27 12:00:00,0.9698484,1.0311081,2.2832816,2.9856722,6.938144,2.0830986
2073-09-28 12:00:00,1.9385062,1.6930879,3.6049047,3.9395268,8.337527,2.988093
2073-09-29 12:00:00,1.6300218,1.9248972,4.854483,3.9593885,8.405109,3.6032658
2073-09-30 12:00:00,1.342451,1.5555382,2.9814672,4.028716,5.8965354,2.5398216
2073-10-01 12:00:00,0.848185,0.87067384,1.7700233,3.79144,4.369354,1.1027465
2073-10-02 12:00:00,0.74759364,0.8352568,1.7862569,2.2601542,3.5581675,1.1349314
2073-10-03 12:00:00,1.3818433,1.5139388,3.5058131,2.7629836,2.579389,2.330926
2073-10-04 12:00:00,1.8160232,1.6455361,3.9156666,5.3072367,3.4913805,3.4022555
2073-10-05 12:00:00,5.3497715,4.2919207,5.564067,5.1708145,3.536932,3.3724363
2073-10-06 12:00:00,3.836455,2.6942377,4.5960937,3.0494585,5.464108,2.1675427
2073-10-07 12:00:00,1.6869674,1.3297824,3.9323375,3.9437907,7.0691767,2.6235497
2073-10-08 12:00:00,1.5347625,1.7878883,6.1499925,4.1120753,5.9555097,4.012449
2073-10-09 12:00:00,2.581474,2.3961751,3.3373215,4.385683,5.146546,2.2718475
2073-10-10 12:00:00,1.6686518,1.3507859,2.5585103,2.980815,3.4568684,1.4899013
2073-10-11 12:00:00,3.1949668,2.4992056,4.366358,3.7531717,4.2610927,2.9316287
2073-10-12 12:00:00,1.6691456,1.4790645,2.2045004,4.5418305,5.1982946,2.0531034
2073-10-13 12:00:00,1.2775886,1.3537474,3.7913947,4.4705577,3.8327777,3.4527047
2073-10-14 12:00:00,1.5213277,1.4113947,4.402377,3.955754,3.9330306,3.272536
2073-10-15 12:00:00,2.6187298,2.4091864,5.158777,4.679714,3.5737958,3.5789883
2073-10-16 12:00:00,2.3506603,2.0888155,3.8802142,4.157528,3.9099152,3.3066912
2073-10-17 12:00:00,3.097261,2.792015,7.21355,5.4408593,3.8202076,5.2377834
2073-10-18 12:00:00,3.1566753,2.6505284,4.678224,5.2252502,5.3008595,3.67463
2073-10-19 12:00:00,1.4010954,1.4458116,3.004187,4.65481,4.0550923,2.342266
2073-10-20 12:00:00,1.4435494,1.3764558,3.817753,3.0122802,4.6396365,3.0115051
2073-10-21 12:00:00,1.3500956,1.1536951,3.1717331,2.2482338,3.5176783,1.8707604
2073-10-22 12:00:00,2.0781736,1.7518541,4.792384,3.1101675,2.938552,2.2645383
2073-10-23 12:00:00,0.9688382,1.139855,3.8830035,2.6470528,3.152641,2.6432827
2073-10-24 12:00:00,0.8485297,0.9186666,2.8430843,3.2271533,3.847087,2.4550142
2073-10-25 12:00:00,1.1175882,0.98874474,2.226294,2.522832,4.841819,1.2219903
2073-10-26 12:00:00,1.0533178,1.0813533,2.7371304,3.484885,6.5983844,1.9966974
2073-10-27 12:00:00,1.0019388,0.97694737,2.5771062,5.189482,6.454943,2.4411743
2073-10-28 12:00:00,1.1839715,0.9879349,3.2761087,3.453767,4.834178,2.5425465
2073-10-29 12:00:00,0.94200706,1.2789017,3.9772975,3.8646817,7.438288,2.410093
2073-10-30 12:00:00,1.0586855,1.16678,4.303165,3.6632166,5.850833,1.8579433
2073-10-31 12:00:00,1.1665679,0.9109216,3.8782656,1.9589473,4.003518,1.3890448
2073-11-01 12:00:00,0.91986084,0.85460645,3.5176313,2.2542338,4.8678627,1.6050521
2073-11-02 12:00:00,1.6194379,1.479439,3.7481637,5.626797,5.648136,3.368977
2073-11-03 12:00:00,3.707913,2.7719479,5.0766287,4.584919,4.985159,3.9368908
2073-11-04 12:00:00,4.0479307,3.0194032,5.366468,5.820695,4.2030683,4.550985
2073-11-05 12:00:00,3.4462414,2.3664732,4.198618,3.8296688,5.2654576,3.8818204
2073-11-06 12:00:00,0.8948911,0.884422,2.3015196,3.616573,3.8418355,2.3807263
2073-11-07 12:00:00,1.2212106,1.2688686,3.7421362,3.937741,3.803101,2.8793862
2073-11-08 12:00:00,1.5317836,1.7170248,4.6421723,4.4367094,4.7618895,4.0046506
2073-11-09 12:00:00,1.9349489,1.7522197,3.3435116,5.517992,6.3938003,2.9122386
2073-11-10 12:00:00,1.2881954,1.4560814,2.801213,3.3788059,7.385678,1.7407516
2073-11-11 12:00:00,1.6374631,1.299548,3.46416,2.9422352,3.5182602,2.7436244
2073-11-12 12:00:00,3.3175902,3.0206037,6.6178136,4.57545,1.7676619,4.2986073
2073-11-13 12:00:00,2.549964,2.4430337,5.603142,3.6291003,5.1441483,4.0419674
2073-11-14 12:00:00,2.7247362,2.729435,6.479952,6.492655,5.581496,4.9103584
2073-11-15 12:00:00,3.0124183,2.82847,4.9414496,4.286748,3.6157537,4.0684204
2073-11-16 12:00:00,1.5366547,1.5326451,3.0276072,2.3348453,3.4082656,1.9072363
2073-11-17 12:00:00,0.67981625,1.0402548,2.1881108,2.388278,3.5060704,1.5029016
2073-11-18 12:00:00,1.0585034,1.1752101,4.0054255,4.270667,3.0351977,3.5862002
2073-11-19 12:00:00,1.8259926,1.6748723,2.8445864,5.162429,3.769849,2.2144215
2073-11-20 12:00:00,1.4220414,1.3810258,4.2395372,5.2189484,3.331765,3.3368583
2073-11-21 12:00:00,1.8831978,1.7249758,5.0260296,5.351873,4.02558,3.6785989
2073-11-22 12:00:00,1.7736998,1.7740083,4.5853577,5.6760354,5.5761013,3.8340878
2073-11-23 12:00:00,3.122683,2.4823847,4.2160797,2.769222,6.924709,1.9945261
2073-11-24 12:00:00,2.6837916,2.3007357,4.3868113,3.0491967,3.3351984,2.7236633
2073-11-25 12:00:00,2.4855812,2.171449,3.8254395,5.1373525,3.7104137,3.458881
2073-11-26 12:00:00,0.9686606,0.8816699,3.6618648,3.7690885,3.4922268,2.7642925
2073-11-27 12:00:00,1.2363911,1.1526388,5.093843,2.5471745,4.0902805,3.2931845
2073-11-28 12:00:00,0.77474344,0.81303924,4.096252,2.3881745,4.9367614,2.6926405
2073-11-29 12:00:00,1.5279197,1.3285048,2.8160157,2.8748703,5.1476817,1.4635941
2073-11-30 12:00:00,2.0834556,1.5704936,2.6978517,3.578043,4.625325,1.7566763
2073-12-01 12:00:00,3.335759,2.611207,3.1558657,2.4731367,4.3844543,1.8285047
2073-12-02 12:00:00,3.4722116,2.6565783,3.700816,2.5996997,3.8617868,2.1186557
2073-12-03 12:00:00,1.9452459,1.6311028,2.9459913,1.8696383,3.1065993,1.5751358
2073-12-04 12:00:00,0.95007235,0.8853644,3.142402,2.704716,4.399142,2.11919
2073-12-05 12:00:00,0.87391937,0.98021,3.4030724,3.4788177,3.989488,2.7625916
2073-12-06 12:00:00,2.0965917,1.5923187,3.2914145,2.3331559,4.5372496,2.7777421
2073-12-07 12:00:00,1.5862234,1.3801541,5.2420087,3.1397405,3.9874187,3.3168116
2073-12-08 12:00:00,2.9709425,2.6591396,6.7045884,4.9979763,4.0604053,3.5790644
2073-12-09 12:00:00,2.522557,2.1237402,3.96058,2.9333014,4.4013305,2.0764844
2073-12-10 12:00:00,1.306195,1.3427392,2.2990308,3.6109257,5.5515656,1.5001985
2073-12-11 12:00:00,2.624085,2.1476643,2.1751032,4.266602,5.29585,2.1312797
2073-12-12 12:00:00,1.0394087,1.125169,3.4522955,2.950862,5.467095,1.9610722
2073-12-13 12:00:00,2.7362287,1.9820446,5.5507545,4.1179266,5.578721,3.3929877
2073-12-14 12:00:00,2.2615466,2.1459346,5.675651,5.0707083,5.1399407,3.682539
2073-12-15 12:00:00,3.2304525,2.7072868,5.666229,3.7390335,4.6855693,3.1724267
2073-12-16 12:00:00,3.8479686,3.1485364,5.6571703,3.840937,5.356712,3.4011059
2073-12-17 12:00:00,1.2452469,1.1549863,3.7105932,3.4116435,5.676061,2.6587508
2073-12-18 12:00:00,1.5663934,1.210842,3.9981234,3.354149,3.68718,2.7917957
2073-12-19 12:00:00,0.7904326,0.9638648,3.6699483,3.780125,3.5615604,3.6318927
2073-12-20 12:00:00,1.3260545,1.1855588,3.3269262,4.174785,3.374618,1.9495764
2073-12-21 12:00:00,2.603673,1.8257697,3.465031,3.4485357,3.4138222,1.7248535
2073-12-22 12:00:00,2.522592,1.7405593,3.4975965,3.4940524,3.0139818,1.8763238
2073-12-23 12:00:00,2.2795913,1.6277863,3.622181,3.5284314,5.5641418,1.9839832
2073-12-24 12:00:00,0.9926754,1.3202817,2.5675235,4.6183476,5.153488,1.7686069
2073-12-25 12:00:00,1.5080665,1.9554768,2.942422,6.3358502,4.7618217,2.047381
2073-12-26 12:00:00,1.4434873,2.004393,3.1433315,6.512166,5.157761,2.439662
2073-12-27 12:00:00,1.0746369,1.6319064,2.7097445,4.899189,5.956016,1.7331488
2073-12-28 12:00:00,0.92631763,1.084026,3.2858133,3.6294343,4.9005885,2.7146049
2073-12-29 12:00:00,2.4446082,2.166454,4.327722,4.9807854,4.410219,2.3308375
2073-12-30 12:00:00,2.8208594,2.19894,3.6947036,5.093071,4.324096,2.50885
2073-12-31 12:00:00,1.0208659,1.3285387,2.083746,4.1468387,4.7126417,1.9090713
2074-01-01 12:00:00,1.118189,1.3801241,2.503608,3.249676,3.2711685,1.7005124
2074-01-02 12:00:00,1.1276157,1.3828923,2.2301168,4.1893797,3.3933184,1.8190402
2074-01-03 12:00:00,1.7186285,1.8056961,4.105605,5.713726,3.3747594,3.6453986
2074-01-04 12:00:00,1.7076787,1.7461506,3.2593584,5.5949044,5.257128,2.729427
2074-01-05 12:00:00,2.083314,1.8554107,5.311869,4.777165,4.025868,3.7772045
2074-01-06 12:00:00,2.6607332,2.0818694,5.3140507,3.4999774,4.7804637,3.1727169
2074-01-07 12:00:00,1.5266904,1.453029,4.642533,5.082883,3.7925382,3.0448437
2074-01-08 12:00:00,3.8708634,3.2802844,6.52744,3.2162957,3.4823847,3.8457677
2074-01-09 12:00:00,3.5783415,3.11879,5.843805,3.0043986,3.3041217,3.3415904
2074-01-10 12:00:00,2.1500225,1.9567199,3.6155336,3.8569572,3.4074998,2.277027
2074-01-11 12:00:00,1.3223107,1.872443,2.6544015,2.5684922,4.9425488,1.8158981
2074-01-12 12:00:00,1.3088124,1.5012169,3.6240916,3.0087442,4.609719,2.124716
2074-01-13 12:00:00,2.100636,1.6183854,6.082711,3.525217,5.1516695,3.0757565
2074-01-14 12:00:00,2.3345633,1.7616993,3.8326986,5.09922,5.6787734,2.9523456
2074-01-15 12:00:00,1.5856655,1.3188645,4.426442,4.902249,7.106867,3.2395473
2074-01-16 12:00:00,2.8569193,2.5293376,5.622945,6.641065,6.2293353,4.6387763
2074-01-17 12:00:00,4.083875,3.558773,7.263808,7.9039507,7.390352,5.415792
2074-01-18 12:00:00,3.569643,3.0212376,6.9024,7.3482614,5.7709117,5.0765934
2074-01-19 12:00:00,3.715231,3.290573,8.178759,7.2795196,3.9259136,5.15035
2074-01-20 12:00:00,1.9659469,2.1466231,2.8975215,4.1660886,5.327482,1.8718243
2074-01-21 12:00:00,1.2363236,1.2307748,2.6607575,4.562563,5.7426047,2.2481894
2074-01-22 12:00:00,2.19188,2.0908413,5.9431477,5.285227,4.614067,4.0454416
2074-01-23 12:00:00,1.4568498,1.8848672,4.992704,4.445284,4.549746,2.9972649
2074-01-24 12:00:00,2.3423834,2.678717,5.090819,5.182491,6.7899294,3.3465884
2074-01-25 12:00:00,1.1068488,1.3402214,3.5090802,2.9834661,6.5139217,2.5806377
2074-01-26 12:00:00,1.0898957,1.3038099,2.651418,3.0300965,5.915984,2.1433597
2074-01-27 12:00:00,1.201502,1.5458946,3.1881998,7.2801785,7.4718237,3.402901
2074-01-28 12:00:00,4.5624213,3.4155161,6.333478,7.449764,8.277011,4.44952
2074-01-29 12:00:00,2.7493088,2.3444757,4.6858253,6.437846,5.561028,3.2931771
2074-01-30 12:00:00,1.0607388,1.4127839,4.119648,5.9509044,4.613141,3.1485963
2074-01-31 12:00:00,2.0865989,1.8826041,2.468356,2.110641,3.5893903,1.9402851
2074-02-01 12:00:00,1.5811273,1.2781023,4.148017,3.558021,3.698429,2.7325408
2074-02-02 12:00:00,2.3827734,1.8854188,5.641341,5.346642,3.3941982,3.764216
2074-02-03 12:00:00,3.1079369,2.647792,5.8629007,6.2527847,3.960798,3.9829967
2074-02-04 12:00:00,3.0198069,2.8741,4.2869034,6.230277,6.109773,3.4406517
2074-02-05 12:00:00,2.9401953,2.583746,5.1252112,5.2585645,5.400344,3.2826397
2074-02-06 12:00:00,1.5280944,1.4793093,2.7128432,3.4725409,3.878186,1.6254152
2074-02-07 12:00:00,1.5668273,1.1974384,3.0437658,2.3902042,3.1421247,1.4892908
2074-02-08 12:00:00,1.1047938,1.0391965,2.5369332,2.081341,3.9159818,1.4210613
2074-02-09 12:00:00,1.9323485,1.6553105,1.7469997,2.5463786,3.976285,1.4706899
2074-02-10 12:00:00,1.4798484,1.2897153,2.718676,2.7374835,4.2032127,1.5309494
2074-02-11 12:00:00,2.9280758,2.3520045,3.6455708,3.2146363,4.895265,2.3202167
2074-02-12 12:00:00,2.97618,2.2783258,3.0877347,2.313718,4.607764,1.4122074
2074-02-13 12:00:00,1.4246914,1.3580941,1.9899209,4.2494063,3.4173164,1.7956535
2074-02-14 12:00:00,0.9172878,1.1483727,2.7491145,4.7212763,3.8159614,1.6217273
2074-02-15 12:00:00,2.3726678,1.6676567,3.6332357,2.8546407,5.850271,1.7401747
2074-02-16 12:00:00,2.4650657,2.0746014,3.3329213,2.6296046,4.617112,1.9185548
2074-02-17 12:00:00,2.6773872,2.4977882,3.5057154,4.102335,3.2093127,2.4436224
2074-02-18 12:00:00,2.7642086,2.2522426,3.8982236,3.214564,3.3952193,2.3295193
2074-02-19 12:00:00,2.424338,1.8026276,2.688414,2.5406518,3.8501663,1.4394579
2074-02-20 12:00:00,1.7981889,1.4456162,2.4819715,2.3395815,3.2642248,1.5302902
2074-02-21 12:00:00,2.8157806,1.8758445,3.2049398,2.8108664,3.8876832,2.1748343
2074-02-22 12:00:00,2.241921,1.5405759,3.5434203,2.3857503,6.3766346,1.5835598
2074-02-23 12:00:00,1.8034089,1.432034,3.36544,2.8948047,5.0607834,1.6597731
2074-02-24 12:00:00,1.4189258,1.5298898,2.2239883,3.792069,5.5554004,1.568183
2074-02-25 12:00:00,1.1335979,1.2616706,1.8385832,2.1698108,4.2564006,1.4943452
2074-02-26 12:00:00,0.75787723,1.0955801,2.0748444,3.7048516,4.281433,1.5760347
2074-02-27 12:00:00,2.082719,1.9778867,3.4354234,4.217832,5.0928226,2.6885571
2074-02-28 12:00:00,1.0184505,1.2430949,3.1804028,3.3741922,3.9834116,2.3690002
2074-03-01 12:00:00,0.8541685,1.0528153,2.1942625,3.0614784,3.359305,1.7035244
2074-03-02 12:00:00,1.2833598,1.2577962,2.372035,3.4374201,3.894941,1.9065366
2074-03-03 12:00:00,1.1277863,1.1497046,2.4116724,3.209344,4.4990015,2.5047371
2074-03-04 12:00:00,1.1018481,1.0848559,4.5570865,5.1023574,3.7028704,2.3261542
2074-03-05 12:00:00,1.7819941,1.5929539,5.4226694,3.5821307,4.9474974,2.9526253
2074-03-06 12:00:00,3.4325576,2.5440552,4.7342243,4.7353206,4.574588,2.0366106
2074-03-07 12:00:00,2.1496863,1.5459822,3.187011,4.8645725,3.866217,2.8764954
2074-03-08 12:00:00,1.519598,1.5825237,4.1268377,5.3107834,4.367402,3.6442504
2074-03-09 12:00:00,1.7245206,1.7666202,3.7541656,7.4875746,4.6849494,2.3478792
2074-03-10 12:00:00,2.255457,2.2147374,2.162913,7.5293794,7.427732,2.404098
2074-03-11 12:00:00,1.8145877,1.4363828,3.6188252,4.6367774,6.621731,2.3511407
2074-03-12 12:00:00,2.2416205,1.6542195,4.887637,3.381584,6.5620346,2.6748526
2074-03-13 12:00:00,2.7846336,2.1251655,4.049721,3.5391257,4.5771604,2.6014555
2074-03-14 12:00:00,2.2764654,2.1653636,4.3112035,4.3016376,6.678824,3.2645397
2074-03-15 12:00:00,2.2135823,2.023708,3.3036911,3.9590619,5.7178807,2.5335283
2074-03-16 12:00:00,3.5872445,3.0280793,6.0857563,4.1776676,5.4381404,2.9363732
2074-03-17 12:00:00,3.394115,3.1002152,5.1461816,4.6473837,6.3385057,2.2785487
2074-03-18 12:00:00,2.0866714,2.0495503,5.2710376,2.7462502,4.6986113,2.2952955
2074-03-19 12:00:00,0.76277816,0.86561745,3.268419,2.1901138,5.764669,1.2945408
2074-03-20 12:00:00,0.89890015,0.88692653,2.1473348,2.9318132,5.813969,1.5281454
2074-03-21 12:00:00,1.2303334,1.6546167,2.2602673,4.4259377,6.05897,1.6304852
2074-03-22 12:00:00,1.752029,1.6076002,2.497837,3.1986024,5.635234,2.1910064
2074-03-23 12:00:00,1.9060595,1.4729433,2.9108255,2.8192291,4.995419,1.5528973
2074-03-24 12:00:00,1.5193409,1.4513365,2.6355355,2.3418152,3.165539,2.253864
2074-03-25 12:00:00,2.4613585,2.3231153,2.775187,3.5587754,2.5713987,2.883985
2074-03-26 12:00:00,4.0072484,3.4223444,3.1776104,4.055366,3.04631,2.65295
2074-03-27 12:00:00,2.663191,2.3345344,4.335478,3.6905992,3.724914,2.5712664
2074-03-28 12:00:00,2.1897285,2.3303998,2.4939053,3.8896782,4.220759,1.8275142
2074-03-29 12:00:00,1.5361246,1.5695269,5.00649,3.8235476,3.8532064,2.9627385
2074-03-30 12:00:00,3.388047,2.992349,5.7879395,4.6193166,3.4020493,4.551832
2074-03-31 12:00:00,2.9033837,2.9149237,4.3949723,8.371972,4.242649,3.407884
2074-04-01 12:00:00,3.5129461,3.6592257,5.2468762,7.3055816,6.4106283,3.8722382
2074-04-02 12:00:00,2.183874,2.3880048,2.8863628,4.0611105,3.655592,2.1129167
2074-04-03 12:00:00,1.7665949,1.8022919,4.6603956,3.460063,2.8089437,3.4941294
2074-04-04 12:00:00,0.9522294,0.9812017,3.2804217,3.092071,2.489836,1.9502147
2074-04-05 12:00:00,1.1463206,1.2391485,3.2289507,2.760668,3.696807,2.495992
2074-04-06 12:00:00,3.1901345,2.7152464,5.215616,4.7882667,4.654415,3.9893658
2074-04-07 12:00:00,2.637409,2.4837067,2.92463,3.9116461,3.5051885,2.3528452
2074-04-08 12:00:00,3.7068172,2.8655543,4.813885,4.162833,3.4029076,2.4162793
2074-04-09 12:00:00,2.518558,1.7431281,2.3989904,2.551082,3.6581373,1.1959925
2074-04-10 12:00:00,1.2621834,1.1229492,3.0010498,2.501571,4.920746,2.3203251
2074-04-11 12:00:00,2.7191985,2.4309185,4.911391,6.8640437,6.4438496,3.9329007
2074-04-12 12:00:00,2.4951038,2.4410849,2.9884765,6.2759833,4.857953,2.7311654
2074-04-13 12:00:00,2.5057693,2.291382,2.8735104,3.3807204,6.4937186,1.9795047
2074-04-14 12:00:00,1.6588012,1.3164458,2.5866272,3.054573,4.926338,2.3106866
2074-04-15 12:00:00,2.3244767,2.2526839,3.4748504,4.6914067,3.5983567,3.1535387
2074-04-16 12:00:00,3.9057732,3.6084402,4.7398643,6.32849,5.1534953,3.9304256
2074-04-17 12:00:00,3.361764,3.0582328,3.754735,3.4381447,4.3356934,3.157595
2074-04-18 12:00:00,1.5803616,1.804339,3.1666663,2.8726845,3.8354075,2.3724742
2074-04-19 12:00:00,2.5922709,2.8638415,3.5063484,4.5376663,4.816125,2.779761
2074-04-20 12:00:00,3.3138337,3.0378785,4.216368,5.254285,3.8588972,3.8218243
2074-04-21 12:00:00,3.8760424,3.124489,4.3292117,3.7102256,3.6035135,3.0359998
2074-04-22 12:00:00,2.8915348,2.4226806,3.0554006,2.815323,2.948262,1.9481933
2074-04-23 12:00:00,2.4581964,2.1109743,2.8457081,2.4654937,2.605093,1.632565
2074-04-24 12:00:00,2.1200776,1.7408876,2.3223739,1.6797308,3.097936,1.5499761
2074-04-25 12:00:00,2.1388643,1.6868275,2.517237,1.796617,3.4084227,1.6499625
2074-04-26 12:00:00,1.496438,1.4096422,2.5910292,2.02895,2.6517162,1.3526477
2074-04-27 12:00:00,1.2968748,1.1446625,2.5790377,1.9130298,2.2994034,1.4439425
2074-04-28 12:00:00,1.2062742,1.1017567,2.1942272,3.3316815,2.7992787,1.0987005
2074-04-29 12:00:00,1.4949951,1.2065908,2.1255684,2.4868395,3.0543234,1.1592205
2074-04-30 12:00:00,0.97747386,0.9171235,2.2386823,1.9133095,3.4774039,1.1303414
2074-05-01 12:00:00,1.3197236,1.1043416,2.7851195,1.4801545,3.4000518,1.3589438
2074-05-02 12:00:00,2.3880665,2.0571544,4.3639584,4.3482623,3.6985095,3.739544
2074-05-03 12:00:00,2.8089933,2.4262555,4.84039,5.7575636,5.5602393,3.6996975
2074-05-04 12:00:00,3.5126333,3.0655146,5.383667,4.9966555,5.0613394,3.5877411
2074-05-05 12:00:00,4.0732408,3.4902105,5.7421737,5.820851,5.4772296,4.1304636
2074-05-06 12:00:00,4.481944,3.9699218,6.040998,4.954342,4.9273543,4.361236
2074-05-07 12:00:00,4.742806,4.0531936,6.602332,6.378976,5.289715,4.7759867
2074-05-08 12:00:00,3.1097808,2.638753,3.6684332,4.5572076,5.9283175,2.4814422
2074-05-09 12:00:00,2.1119385,1.7153605,2.9892972,4.6792617,5.50261,2.5133486
2074-05-10 12:00:00,1.6374161,1.6196601,2.9785812,4.274916,3.3293617,2.0129323
2074-05-11 12:00:00,1.4245656,1.4046907,2.748135,4.7886906,3.812954,2.5352
2074-05-12 12:00:00,2.1258442,2.0539694,3.6883829,5.968219,5.481337,4.0781803
2074-05-13 12:00:00,1.8374057,2.1864133,4.1286983,4.404674,5.179476,4.3934627
2074-05-14 12:00:00,2.367779,2.207345,2.6512003,2.950013,3.456503,1.8138627
2074-05-15 12:00:00,2.3526049,2.1666875,3.052983,3.4936483,3.7794452,1.6885337
2074-05-16 12:00:00,1.8363532,1.7254761,2.5023804,3.3863585,4.0676064,1.4680549
2074-05-17 12:00:00,2.6500425,2.2620575,4.9033947,3.0766723,3.201269,2.399587
2074-05-18 12:00:00,2.7804797,2.2381473,4.8941674,2.925431,3.4709291,2.3703074
2074-05-19 12:00:00,3.1881523,2.4297924,4.279375,3.0778883,3.9706578,1.9478247
2074-05-20 12:00:00,3.3577397,2.6214442,4.3911915,2.2990482,3.030261,2.0051243
2074-05-21 12:00:00,3.3970675,2.689413,4.0236726,2.4987552,2.1989732,1.8358059
2074-05-22 12:00:00,2.6225505,2.1084824,3.3308756,2.3459327,1.8976117,1.6973463
2074-05-23 12:00:00,1.3060584,1.1172693,2.2152429,1.6022205,2.0624964,1.2436223
2074-05-24 12:00:00,0.9364175,1.0069792,2.2564638,1.3847269,2.600682,1.4006559
2074-05-25 12:00:00,1.0000352,1.0172608,1.6624625,1.4355671,3.4826095,1.3932192
2074-05-26 12:00:00,1.1464972,0.9659094,1.7148409,1.818043,3.1646585,1.4124006
2074-05-27 12:00:00,0.88010657,0.96590054,1.6780218,1.8192928,3.578006,1.2783108
2074-05-28 12:00:00,1.2004782,1.1873081,2.7371693,2.3499553,3.3210385,1.4826176
2074-05-29 12:00:00,1.4387738,1.431045,3.5142217,2.7697775,2.4902992,1.7039037
2074-05-30 12:00:00,1.5985869,1.3994089,3.10118,1.690707,2.2088094,1.7056686
2074-05-31 12:00:00,1.9322338,1.9654664,2.740006,2.885532,3.5793083,2.2205477
2074-06-01 12:00:00,1.9346634,2.0565367,2.702621,2.6405659,3.7236161,1.7666395
2074-06-02 12:00:00,1.278478,1.299752,2.6135416,2.5048327,3.2913187,1.4039286
2074-06-03 12:00:00,1.7231423,1.4067703,2.9898596,2.751804,3.287081,1.5229653
2074-06-04 12:00:00,1.422823,1.4198354,3.0309832,1.8748466,3.3147066,1.6032523
2074-06-05 12:00:00,1.7693539,2.0730445,2.7262797,2.274463,2.4844995,1.5188327
2074-06-06 12:00:00,2.415122,2.1483152,3.3629954,2.4886148,2.2925649,2.0485125
2074-06-07 12:00:00,2.5094824,2.0440404,4.2109942,2.394915,2.6963367,2.128432
2074-06-08 12:00:00,1.974656,1.5796585,4.8129206,2.75351,3.3409047,1.949734
2074-06-09 12:00:00,1.9177834,1.6511624,2.370234,2.6557496,2.8141072,1.8489335
2074-06-10 12:00:00,2.341724,1.992322,2.7798052,2.3598835,2.92625,1.8051512
2074-06-11 12:00:00,2.2566779,2.045734,4.378969,2.4031029,2.736043,2.1739168
2074-06-12 12:00:00,1.2491658,1.2301952,2.4149356,2.2081943,2.162544,1.9215348
2074-06-13 12:00:00,1.0274875,1.0468024,2.2771807,2.5902238,2.6075826,1.8187759
2074-06-14 12:00:00,1.1189932,1.1030167,2.3967805,2.7601597,3.0334113,1.7734207
2074-06-15 12:00:00,1.4558586,1.205217,2.6332893,2.4343414,2.9903762,1.742119
2074-06-16 12:00:00,1.4445369,1.4477549,2.696839,2.203804,2.7533567,1.4955586
2074-06-17 12:00:00,1.5274391,1.6571828,3.730065,3.0298505,2.8939517,2.4381785
2074-06-18 12:00:00,1.4056027,1.4261056,3.402813,2.6701186,3.208693,3.218046
2074-06-19 12:00:00,1.4253688,1.1418571,1.8771334,2.764796,2.4599645,1.3779385
2074-06-20 12:00:00,1.0263727,0.90841687,2.127218,1.8498127,2.488706,1.3727194
2074-06-21 12:00:00,0.8927788,1.032921,3.0880249,2.6074412,2.3402338,2.367785
2074-06-22 12:00:00,1.2234616,1.3191282,4.8189855,4.5950966,2.983177,3.8939953
2074-06-23 12:00:00,1.7953105,2.1889083,3.7695737,5.246362,3.4788508,4.0754433
2074-06-24 12:00:00,1.6028323,1.757669,2.5256896,4.227425,3.778637,1.859785
2074-06-25 12:00:00,2.2815075,1.7596076,2.724654,4.4592824,3.2168236,1.5663851
2074-06-26 12:00:00,2.4605694,1.8514434,2.8359034,4.70017,4.260728,1.8628061
2074-06-27 12:00:00,2.2362652,1.8294559,2.8099647,3.069384,3.5377667,1.7001299
2074-06-28 12:00:00,2.105437,1.9329617,2.3731735,3.2832637,3.1731029,1.557317
2074-06-29 12:00:00,1.2543609,1.3287616,1.9936742,1.984879,3.4949741,1.3726083
2074-06-30 12:00:00,1.6618031,1.435778,2.4213772,2.709469,3.0392065,1.5078859
2074-07-01 12:00:00,3.2133288,2.4414427,2.8183613,3.374028,3.9523022,1.8376265
2074-07-02 12:00:00,1.5218024,1.3063614,2.3834763,3.8864527,4.6071997,1.1529189
2074-07-03 12:00:00,1.5509517,1.273371,2.7248113,2.887934,3.5423574,1.4306761
2074-07-04 12:00:00,3.1675305,2.0846107,2.996339,3.4767013,4.430072,1.6622472
2074-07-05 12:00:00,2.1946568,1.6638849,2.2140656,2.7150698,3.8602638,1.4121383
2074-07-06 12:00:00,2.4586682,1.7642816,2.34621,2.5295687,3.6301422,1.4927258
2074-07-07 12:00:00,3.0595188,2.9081066,4.7986174,3.123105,3.5932183,2.4484255
2074-07-08 12:00:00,3.1372163,2.6475046,3.7687159,5.5727468,4.5745554,2.454776
2074-07-09 12:00:00,3.3350017,2.4783542,4.216571,3.0651135,5.226139,2.8968952
2074-07-10 12:00:00,2.3232365,2.0566037,3.4653108,4.054297,3.9254084,2.7957733
2074-07-11 12:00:00,1.4226272,1.368619,2.6532302,2.9033182,4.3777714,2.027686
2074-07-12 12:00:00,1.1034024,1.0904896,2.5542004,2.4900062,4.043339,1.1937656
2074-07-13 12:00:00,1.9857186,2.0851874,4.1202297,3.170541,3.2752643,2.6670032
2074-07-14 12:00:00,2.5735364,2.4164596,3.0757132,2.7487695,2.8426201,1.9425579
2074-07-15 12:00:00,3.5652273,2.749899,3.6591835,3.7436643,4.1777554,2.122845
2074-07-16 12:00:00,1.9106644,1.7474589,2.5156412,3.1651797,6.692786,1.675505
2074-07-17 12:00:00,1.1747267,1.2014655,2.5040803,1.785116,3.4387925,1.3096573
2074-07-18 12:00:00,1.5202031,1.4380579,2.453185,3.1518779,2.0700507,1.3955117
2074-07-19 12:00:00,2.435003,1.9582589,3.002002,3.912044,2.931664,1.6183074
2074-07-20 12:00:00,3.0592284,2.1102946,3.3226614,3.9295986,3.9024942,2.0978518
2074-07-21 12:00:00,1.3900144,1.4137331,3.9118743,2.6545224,4.2444034,2.5255454
2074-07-22 12:00:00,1.02136,1.3248352,2.709001,1.8737094,3.0966308,1.6039093
2074-07-23 12:00:00,2.1281252,1.6549033,2.8518317,1.9132466,2.3534958,1.8257097
2074-07-24 12:00:00,2.5626922,2.2488809,3.2104568,2.8872147,2.3837364,1.9171683
2074-07-25 12:00:00,2.9093728,2.4649255,2.6176708,5.7584457,3.049484,2.2539673
2074-07-26 12:00:00,1.7317164,1.5157448,1.9996039,5.3217473,2.9380376,1.5013824
2074-07-27 12:00:00,0.82487154,0.9045256,2.7963297,2.8554947,3.0048616,2.405199
2074-07-28 12:00:00,2.157555,1.6980056,3.6858127,3.1469193,2.956035,2.1484642
2074-07-29 12:00:00,2.8154025,2.7278097,3.6172717,4.7480183,4.1410065,2.5870976
2074-07-30 12:00:00,1.3637049,1.4047953,2.615307,4.0863085,7.0104885,1.9417392
2074-07-31 12:00:00,0.9556041,0.99149376,1.8351543,2.7811544,5.882309,1.4973316
2074-08-01 12:00:00,1.687967,1.3390822,2.394153,1.7249476,4.213161,1.3133959
2074-08-02 12:00:00,1.8805679,1.7768198,3.2912233,2.8952212,3.1307287,2.2595165
2074-08-03 12:00:00,1.8619831,2.0281434,3.3518496,3.3439386,3.8840973,2.0974803
2074-08-04 12:00:00,1.8291184,1.6597002,2.2407334,2.9603953,3.269295,1.652876
2074-08-05 12:00:00,2.8303103,2.352103,3.4553318,2.968018,3.59038,2.317112
2074-08-06 12:00:00,2.1170516,2.023167,3.9923854,2.9111776,3.4657118,2.9071407
2074-08-07 12:00:00,1.1444573,1.2999287,1.8624728,2.9198384,3.1211507,1.8053664
2074-08-08 12:00:00,2.0076702,1.7622885,2.4818583,2.6487432,2.7624776,1.6283864
2074-08-09 12:00:00,2.2881808,2.1685975,3.2416174,2.8217723,2.750195,1.813948
2074-08-10 12:00:00,3.6883411,2.928225,5.012374,3.2978013,2.7011323,2.083089
2074-08-11 12:00:00,4.2034855,3.1969013,4.435215,3.4195733,2.8271441,2.0899518
2074-08-12 12:00:00,3.347325,2.5081043,2.8197904,2.6874769,3.2998807,1.4617931
2074-08-13 12:00:00,1.8577193,1.574385,2.7904472,1.6791036,3.628935,1.3579202
2074-08-14 12:00:00,1.4036851,1.1954539,2.8451614,1.9244771,2.8157248,1.4829792
2074-08-15 12:00:00,2.236865,1.6115739,2.4578278,2.0929987,2.274927,1.3921567
2074-08-16 12:00:00,2.5877686,2.10049,2.1649446,2.4256625,2.216248,1.3931279
2074-08-17 12:00:00,1.7718648,1.9399048,1.597505,3.7231534,2.2512875,1.592137
2074-08-18 12:00:00,3.6821759,3.3048232,6.1820374,4.441313,3.1878297,4.162519
2074-08-19 12:00:00,2.9277058,2.6816413,5.5215416,6.3081737,3.9266746,3.8523068
2074-08-20 12:00:00,2.6154644,2.2234566,4.0914917,4.8400416,4.3345966,2.3612807
2074-08-21 12:00:00,3.7830033,3.0970562,5.4371986,4.58464,3.1813433,3.2413526
2074-08-22 12:00:00,1.7258909,1.8004009,2.196181,4.4061685,4.9809327,1.6160867
2074-08-23 12:00:00,2.2893367,2.375749,4.607651,4.0691113,5.4207625,3.9213011
2074-08-24 12:00:00,3.006559,2.7730012,3.784058,5.6741385,3.8449647,2.477295
2074-08-25 12:00:00,2.171326,2.1317053,2.8438947,3.5617957,4.295356,2.0289776
2074-08-26 12:00:00,1.3623445,1.1470792,2.5975087,1.9775597,4.573922,1.4608392
2074-08-27 12:00:00,0.79066956,0.96431166,2.0488434,1.4252,3.513833,1.116061
2074-08-28 12:00:00,0.7993299,0.88577175,2.0172906,1.4556979,3.6690805,1.121141
2074-08-29 12:00:00,0.7723684,0.8571376,2.637994,1.4672731,3.9547718,1.2315676
2074-08-30 12:00:00,1.0206413,0.9794088,2.8842251,2.0698633,3.8870552,1.2926254
2074-08-31 12:00:00,0.8112387,0.9462168,2.06345,1.833536,2.9458225,1.4850489
2074-09-01 12:00:00,1.2467787,1.1445518,2.2544088,2.5710542,4.832791,1.4143385
2074-09-02 12:00:00,1.1240177,0.9851769,2.3138041,2.2290184,5.0512285,1.0691174
2074-09-03 12:00:00,1.0533888,0.93409646,2.1761622,2.035996,4.9712944,1.1457564
2074-09-04 12:00:00,0.66051984,0.79933625,1.6496538,1.6046844,3.7862985,1.1387075
2074-09-05 12:00:00,0.87102515,0.99554545,1.327021,2.2334926,2.4551227,1.1301255
2074-09-06 12:00:00,1.5477433,1.4798348,2.0246897,2.8962884,2.3765295,1.1692806
2074-09-07 12:00:00,2.5492406,2.1780338,3.4217157,3.4557784,2.6798124,1.3623226
2074-09-08 12:00:00,3.3202085,2.9419749,2.6927333,3.7812705,3.4302032,1.5431076
2074-09-09 12:00:00,1.5043855,1.3898178,2.242284,2.4753044,4.817774,1.0263749
2074-09-10 12:00:00,1.7206717,1.5020651,3.2713437,2.4748776,4.6116757,1.4580402
2074-09-11 12:00:00,1.9589615,1.5328665,3.3963766,2.031422,3.7855635,1.8618847
2074-09-12 12:00:00,1.8923142,1.6058762,4.0008903,2.4424493,3.1746445,1.8087786
2074-09-13 12:00:00,1.5865641,1.3446504,3.352706,2.718497,2.6996522,1.8677827
2074-09-14 12:00:00,1.3222857,1.0466952,2.7733471,1.9915283,2.537967,1.6133028
2074-09-15 12:00:00,1.620614,1.4182329,3.2841237,2.3721373,5.0055666,1.3494557
2074-09-16 12:00:00,2.2108998,1.6674149,4.184349,2.0468438,5.529777,2.3987083
2074-09-17 12:00:00,2.787054,2.3914738,4.2523813,2.9794,3.3278022,3.7536166
2074-09-18 12:00:00,2.326848,1.7331388,2.1883736,3.0844543,2.570327,1.7229407
2074-09-19 12:00:00,1.7363282,1.4945636,2.446529,2.548202,3.2408936,1.4658446
2074-09-20 12:00:00,1.0355312,1.1043007,2.8685687,2.5828543,3.615702,1.6849127
2074-09-21 12:00:00,1.0672202,1.1423818,3.143935,2.506148,3.1369314,2.310373
2074-09-22 12:00:00,2.4681408,2.0533566,2.5264478,2.975608,3.1737263,1.4163712
2074-09-23 12:00:00,2.266506,1.9662352,2.487378,3.566521,3.377126,1.7128803
2074-09-24 12:00:00,1.8851782,1.6067592,2.2647045,3.309095,3.9363153,1.4571071
2074-09-25 12:00:00,1.8620176,1.7465576,3.6490889,3.072768,4.1528997,1.9706482
2074-09-26 12:00:00,3.7977514,3.1377172,6.7036633,5.3285093,3.8771262,4.610225
2074-09-27 12:00:00,4.9878626,4.093848,7.457332,5.4045033,4.025428,4.9682264
2074-09-28 12:00:00,3.649427,3.1623385,3.871733,6.128571,3.1199381,3.0311084
2074-09-29 12:00:00,1.143256,1.2889588,2.9182596,3.9311378,5.4190726,2.1537588
2074-09-30 12:00:00,1.5388222,1.4762392,2.995371,4.235718,5.91544,1.2802525
2074-10-01 12:00:00,0.8723763,0.93376505,2.4629736,5.6521673,6.7327957,1.3407893
2074-10-02 12:00:00,1.1639634,1.3036704,4.3632956,2.44625,6.7669406,1.7426003
2074-10-03 12:00:00,1.5694519,1.2966001,3.9733977,1.8245764,5.822366,1.4244962
2074-10-04 12:00:00,1.3264978,1.2099768,3.8133743,1.7191312,3.4035869,1.4590249
2074-10-05 12:00:00,1.2402389,1.2989551,3.4228933,2.560689,4.6570477,1.839771
2074-10-06 12:00:00,1.0288718,1.1578435,1.7148752,4.5212245,4.570335,2.2234688
2074-10-07 12:00:00,0.9360656,1.0003561,2.7187765,2.782795,6.2905746,1.5036124
2074-10-08 12:00:00,1.004706,1.1447151,3.5517676,2.6740577,6.121009,2.6051738
2074-10-09 12:00:00,2.068334,1.6786872,3.0050147,4.0698957,4.0463257,2.6800678
2074-10-10 12:00:00,1.4031186,1.4893231,3.07754,6.8059583,6.8521953,3.494557
2074-10-11 12:00:00,1.8674011,1.7386994,3.5526543,4.1388083,7.2915516,3.707394
2074-10-12 12:00:00,2.1624718,1.4412668,2.9335654,2.519826,5.6476254,1.9860486
2074-10-13 12:00:00,2.775209,2.3838658,4.269056,5.2985625,7.0285344,3.4028437
2074-10-14 12:00:00,2.292979,2.2502437,4.822307,6.8730645,6.9272456,3.9152544
2074-10-15 12:00:00,1.7397287,1.6781282,4.1002812,6.154295,7.3186617,2.8727634
2074-10-16 12:00:00,2.5685272,2.5333076,5.0698023,6.2548914,6.3190627,3.6608846
2074-10-17 12:00:00,3.3367553,2.7692683,5.760003,5.3416643,3.33518,3.7286987
2074-10-18 12:00:00,2.2568045,1.9611522,2.603627,4.170905,4.3855743,1.7199285
2074-10-19 12:00:00,2.3076315,2.1080267,4.7067304,2.9875002,3.3529153,2.4522185
2074-10-20 12:00:00,1.212711,1.4282346,3.0009372,1.948215,2.570015,1.819817
2074-10-21 12:00:00,2.4797726,1.8473706,4.8599086,2.7067451,3.5264847,2.0322282
2074-10-22 12:00:00,1.9473001,1.427635,4.669194,3.023263,6.1297083,1.7096108
2074-10-23 12:00:00,0.95550513,0.906461,3.8707218,2.3898942,6.666999,1.663194
2074-10-24 12:00:00,1.0516019,1.2920374,2.7227783,2.2613575,5.7521596,1.518838
2074-10-25 12:00:00,3.200853,2.634735,2.8019423,3.1475403,3.7459452,1.7169378
2074-10-26 12:00:00,2.8305306,2.2448883,4.00426,2.7366307,4.383217,2.0033333
2074-10-27 12:00:00,2.0737047,1.5941626,4.049377,2.3678753,4.83264,1.7763404
2074-10-28 12:00:00,2.0187707,1.441636,4.4699593,2.1830661,4.8627467,1.8677276
2074-10-29 12:00:00,1.3685408,1.1114073,3.7090247,1.7733525,4.889581,1.5095323
2074-10-30 12:00:00,1.8495607,1.2717754,3.9187498,2.3703356,4.0712028,1.556292
2074-10-31 12:00:00,1.8087463,1.4853523,2.4737644,2.0267205,2.5737114,1.4881445
2074-11-01 12:00:00,2.2161083,1.6371152,3.105065,2.1823733,3.2681859,1.6937256
2074-11-02 12:00:00,2.882587,2.0456412,3.8764038,3.4477816,4.5203815,2.02877
2074-11-03 12:00:00,2.8582518,2.092635,4.011026,3.9530873,5.096074,2.1632483
2074-11-04 12:00:00,1.5144768,1.4087238,2.6197288,2.8501668,6.5311947,1.502941
2074-11-05 12:00:00,1.1793747,1.188712,2.36266,2.0477064,5.6998887,1.3118693
2074-11-06 12:00:00,1.6704488,1.4003581,2.3459883,2.657722,4.5686536,1.5436817
2074-11-07 12:00:00,2.313833,1.8093109,5.108613,3.8882961,4.787125,2.8837762
2074-11-08 12:00:00,1.5524769,1.6134368,6.2495823,4.081918,3.693972,3.704101
2074-11-09 12:00:00,0.88441324,1.371155,5.6518598,4.1191397,6.285761,3.9266777
2074-11-10 12:00:00,1.8892698,1.6335349,5.1109934,5.6736255,7.7277946,4.3451304
2074-11-11 12:00:00,1.3240206,1.2073417,3.8168294,5.176007,8.2394905,3.1427958
2074-11-12 12:00:00,1.0007323,1.107756,3.8932185,4.874127,5.507926,3.8046265
2074-11-13 12:00:00,1.417038,1.1696106,3.7267692,4.778423,6.177924,3.2912147
2074-11-14 12:00:00,0.9223615,1.1425205,4.3787355,3.6395292,6.736658,3.639661
2074-11-15 12:00:00,1.2041898,1.3266631,3.1477673,4.66244,6.775219,2.784767
2074-11-16 12:00:00,1.8834832,1.5589402,3.9813259,5.8025346,6.0107584,4.3181605
2074-11-17 12:00:00,2.1614256,1.7134422,4.9797945,4.8160076,5.0748663,4.427145
2074-11-18 12:00:00,1.358172,1.439204,4.215345,3.910101,4.3565927,3.5779428
2074-11-19 12:00:00,0.75629294,0.91208047,3.5047085,3.6020513,3.9606788,2.3580608
2074-11-20 12:00:00,1.6151197,1.3936116,4.5903425,3.3032775,5.570451,2.195421
2074-11-21 12:00:00,1.3914087,1.5327555,4.5856323,4.30879,6.663281,3.0633543
2074-11-22 12:00:00,0.989348,1.2375978,4.5230064,4.4482617,5.843069,3.352009
2074-11-23 12:00:00,1.699903,1.6713653,5.223543,4.067383,4.7374873,3.6174965
2074-11-24 12:00:00,2.1960166,2.1167912,5.5246706,4.2587337,4.3013377,3.126691
2074-11-25 12:00:00,1.7009859,1.6508172,3.4063406,4.591559,5.1137795,2.8463755
2074-11-26 12:00:00,1.5046492,1.2448683,2.3993912,2.6186824,5.7599263,1.4639724
2074-11-27 12:00:00,1.804778,1.5379012,4.1374817,3.432495,3.9466338,3.6523085
2074-11-28 12:00:00,0.9166934,1.3143461,2.9014425,4.897084,4.4786987,2.915883
2074-11-29 12:00:00,2.923606,2.5395467,5.197827,4.0745573,4.2294025,3.3011346
2074-11-30 12:00:00,2.691023,2.0176198,4.1393166,2.3211865,4.3065414,2.6331542
2074-12-01 12:00:00,1.7556932,1.645863,4.7802815,3.4682336,4.129414,3.3938935
2074-12-02 12:00:00,1.7722864,1.9379075,4.496825,4.0752583,3.3361764,2.2641788
2074-12-03 12:00:00,1.329922,1.2076896,3.6867328,2.9771721,4.011139,2.9386668
2074-12-04 12:00:00,1.3097714,1.1541147,3.6787546,3.3271732,3.244237,2.6934094
2074-12-05 12:00:00,1.2029513,1.1336181,3.5749702,2.3384943,2.542708,2.1131449
2074-12-06 12:00:00,1.3695233,1.0730582,3.8365216,2.5922923,2.864688,2.3298786
2074-12-07 12:00:00,1.0766958,1.079705,2.5108433,4.045255,3.1705084,2.4327672
2074-12-08 12:00:00,1.4839046,1.3972282,3.0509799,5.2759724,3.1466944,2.2180035
2074-12-09 12:00:00,1.993423,1.8504578,4.045344,3.7918599,4.1877446,2.8081903
2074-12-10 12:00:00,3.1846318,3.0302908,4.5113907,5.4917006,5.357304,3.061225
2074-12-11 12:00:00,3.426028,3.1137385,3.8849123,4.714503,3.6483388,2.3412905
2074-12-12 12:00:00,2.3832488,2.2876914,2.8000398,2.5182796,2.8919156,2.353297
2074-12-13 12:00:00,1.0757148,1.34076,4.5820003,6.112409,4.4953074,4.280156
2074-12-14 12:00:00,1.7404966,1.5811758,2.7369244,4.444567,6.1803637,2.2218082
2074-12-15 12:00:00,1.1343582,1.4145752,2.4334114,3.310002,5.2328196,1.8043268
2074-12-16 12:00:00,1.6786968,2.3420248,3.3518567,4.5658937,5.604428,2.9131305
2074-12-17 12:00:00,1.4059451,2.2176895,3.8721185,6.226945,5.575993,2.5129511
2074-12-18 12:00:00,1.2293108,2.4555097,5.7033277,5.1249385,5.895097,3.964436
2074-12-19 12:00:00,1.868016,2.4655657,6.7007685,5.8552427,3.6921527,4.916054
2074-12-20 12:00:00,3.1614754,2.8571446,5.621194,6.042344,4.1844454,3.895997
2074-12-21 12:00:00,2.1157207,2.184744,3.5514326,4.84616,3.9723368,2.2529643
2074-12-22 12:00:00,1.6231065,1.6483386,3.502035,3.0173056,3.1778133,2.232489
2074-12-23 12:00:00,0.80712813,1.1144308,2.3288357,2.9218676,2.8812637,2.4316459
2074-12-24 12:00:00,1.3885205,1.4434692,3.9715273,4.5876927,4.0668015,3.4168665
2074-12-25 12:00:00,1.5042117,1.2033211,2.777237,3.3619816,4.494771,1.426391
2074-12-26 12:00:00,1.0565214,1.040856,3.9282637,3.2804925,4.378406,1.9355968
2074-12-27 12:00:00,1.5633628,1.5099769,5.6514096,4.0337057,4.1189446,3.0001428
2074-12-28 12:00:00,1.162066,1.393545,5.547808,4.2402782,5.461142,3.1564634
2074-12-29 12:00:00,1.0413376,1.4092733,6.5578704,4.5429134,4.4487295,4.2485914
2074-12-30 12:00:00,3.0857582,2.9638996,8.275987,6.8503065,6.793036,5.124384
2074-12-31 12:00:00,3.1305394,2.8193002,7.0763416,6.315726,5.1126504,3.957986
2075-01-01 12:00:00,2.2889183,1.693939,4.9608297,4.003052,3.4498658,2.7802238
2075-01-02 12:00:00,1.083452,1.3853188,3.025318,2.7569337,4.226519,2.4185095
2075-01-03 12:00:00,1.9276036,1.7717009,2.7879877,2.3314502,2.83648,2.007546
2075-01-04 12:00:00,2.19767,1.5846379,4.2281575,2.7414727,5.368863,2.2044551
2075-01-05 12:00:00,1.148534,1.4433475,3.1521,3.044236,5.1835136,2.14131
2075-01-06 12:00:00,1.4173374,1.3401822,3.1721187,3.867853,4.8153257,3.189096
2075-01-07 12:00:00,1.1948974,1.7416849,6.5760975,6.8128657,6.593312,5.754108
2075-01-08 12:00:00,4.708659,4.007537,8.315034,7.7592793,6.314603,6.4847836
2075-01-09 12:00:00,5.2532225,4.520997,7.1946454,6.8837757,8.949249,5.1577096
2075-01-10 12:00:00,2.7601554,2.2973733,3.530614,4.190973,10.059588,2.1517503
2075-01-11 12:00:00,2.0283995,2.0123522,4.861255,4.0575867,6.5988994,3.9156268
2075-01-12 12:00:00,1.4909766,1.45077,2.9029768,4.0549555,3.15787,2.8964272
2075-01-13 12:00:00,1.8031995,1.4619758,4.571866,3.7724893,4.4752655,2.7891126
2075-01-14 12:00:00,2.5397644,2.2331169,5.4321756,4.582011,3.766965,3.101715
2075-01-15 12:00:00,2.9983435,2.3971312,5.1197734,4.4109974,3.5285351,3.0951655
2075-01-16 12:00:00,2.4717307,1.8092898,4.118855,3.6668432,3.8944428,2.25842
2075-01-17 12:00:00,1.6319585,1.117079,4.228444,2.4932995,3.9320405,1.8893143
2075-01-18 12:00:00,0.9391248,0.8024937,2.9301822,2.440912,6.3373904,2.0938234
2075-01-19 12:00:00,1.3907313,0.9437691,3.474253,2.731729,6.1662097,1.6282773
2075-01-20 12:00:00,2.1287045,1.1842883,3.818705,2.5289998,5.551913,1.9035255
2075-01-21 12:00:00,1.7361774,1.2751559,3.8377793,3.3211598,4.373355,2.5955837
2075-01-22 12:00:00,1.0525372,1.153286,3.306409,3.8881068,4.3262243,2.9462104
2075-01-23 12:00:00,0.5897605,0.91250885,3.6160154,4.7267046,3.797752,3.573493
2075-01-24 12:00:00,1.2602848,1.788083,2.8499112,4.9917374,4.4252563,2.440489
2075-01-25 12:00:00,2.5024314,3.036125,4.1369004,5.187975,4.0746017,3.1169434
2075-01-26 12:00:00,4.6691136,3.9399786,8.231251,5.426145,6.7681375,4.968732
2075-01-27 12:00:00,1.6954193,1.5445572,5.877607,4.3901534,10.426375,2.9401684
2075-01-28 12:00:00,1.5364169,2.3505793,2.6459394,6.709142,6.876856,1.8907292
2075-01-29 12:00:00,1.2197547,1.5084666,2.576471,5.1190023,3.8535664,2.1435208
2075-01-30 12:00:00,0.8953054,1.2239256,2.0868204,4.1852,3.3899899,1.9210068
2075-01-31 12:00:00,1.254633,1.3613673,4.2129855,3.3985636,3.3975577,2.1728208
2075-02-01 12:00:00,3.4364176,2.7077587,7.1089807,5.4043345,4.6195827,3.8446102
2075-02-02 12:00:00,2.3233876,2.0877411,5.4941792,5.433149,6.870462,3.1899104
2075-02-03 12:00:00,2.3930159,2.2758143,5.8346705,5.3434143,6.5969176,3.903686
2075-02-04 12:00:00,1.2278305,1.2035753,3.622054,4.0613904,5.8519564,2.8116848
2075-02-05 12:00:00,1.8724949,1.6103035,3.6270123,3.1945205,5.398493,2.4412236
2075-02-06 12:00:00,1.6647546,1.7026039,2.4405146,2.2160838,4.531327,1.5023407
2075-02-07 12:00:00,0.959203,1.1750441,2.2249389,2.9985592,3.022895,1.7650206
2075-02-08 12:00:00,2.2816536,1.6346334,4.20185,2.8777826,5.289217,2.1152077
2075-02-09 12:00:00,2.4531224,1.5711194,3.4807856,2.0737739,7.664235,1.7098161
2075-02-10 12:00:00,1.6814151,1.2782727,2.8893974,2.404622,6.885484,1.6796781
2075-02-11 12:00:00,0.90940154,0.8396926,3.5786018,2.3653312,5.0923014,1.9398643
2075-02-12 12:00:00,0.6334161,0.68745005,3.636826,2.1289613,5.010874,1.5595936
2075-02-13 12:00:00,0.8900874,0.9462111,3.9837313,1.8262086,4.9392457,1.4582696
2075-02-14 12:00:00,0.79365546,0.8832386,4.1501,2.3064013,5.3620872,2.1323023
2075-02-15 12:00:00,1.2329872,1.0002499,3.599817,3.7639015,6.5532455,2.7854164
2075-02-16 12:00:00,0.9602547,0.8174749,3.6410656,2.7065115,4.8176694,2.6031358
2075-02-17 12:00:00,2.074201,1.4931043,4.7683926,2.885367,3.9531121,2.070797
2075-02-18 12:00:00,3.477683,2.727023,6.9654193,4.941391,3.5223873,3.896525
2075-02-19 12:00:00,4.1155205,3.8428032,6.20886,6.755626,4.993846,4.688537
2075-02-20 12:00:00,2.2696414,2.1767905,3.940704,3.4139001,5.302826,2.1595066
2075-02-21 12:00:00,1.7537416,1.6534197,3.6695924,2.3112028,3.725935,2.4386773
2075-02-22 12:00:00,1.4559801,1.8408755,5.0836725,2.897322,4.767513,2.0511086
2075-02-23 12:00:00,1.0479772,1.5630151,4.5013623,3.4076767,6.5539336,3.792602
2075-02-24 12:00:00,1.9043635,1.9956169,3.0054662,4.9484363,6.485225,3.1690125
2075-02-25 12:00:00,0.8236817,1.1229869,1.7855124,5.7468915,4.8019433,1.9327463
2075-02-26 12:00:00,0.722051,0.9042146,2.3156092,4.4159207,6.4111805,1.4754077
2075-02-27 12:00:00,0.95264614,1.0552897,2.6609793,2.2836893,5.178207,1.5997359
2075-02-28 12:00:00,1.9473269,1.7071748,4.676378,3.8566277,4.220807,3.7476625
2075-03-01 12:00:00,4.3086348,3.5553386,6.9268775,6.484781,5.2444873,4.910468
2075-03-02 12:00:00,3.5029263,2.8521538,5.735027,7.125254,7.005133,3.816114
2075-03-03 12:00:00,1.5925493,1.30185,3.9409072,3.6582644,4.3180957,2.4537868
2075-03-04 12:00:00,1.2784166,1.1818925,3.6429129,3.84522,3.6669583,3.107395
2075-03-05 12:00:00,1.8525887,1.4142615,4.346638,4.0834317,3.6932974,3.3262427
2075-03-06 12:00:00,2.5921278,2.530657,5.2147264,4.7831225,4.340411,3.8655756
2075-03-07 12:00:00,3.140011,3.0746505,5.6282983,5.45007,5.679246,4.1739936
2075-03-08 12:00:00,3.2981517,3.0826128,5.1489835,4.9815784,5.246355,3.5257833
2075-03-09 12:00:00,2.7095637,2.5973175,6.0686665,5.4287143,5.680716,4.6050982
2075-03-10 12:00:00,3.4089632,3.0696182,3.9718723,4.3144565,4.367951,3.1409452
2075-03-11 12:00:00,1.0263956,1.1891932,2.5097308,4.608517,6.4664345,2.6391506
2075-03-12 12:00:00,2.2804918,1.9073262,2.6495862,2.6097207,4.3979506,1.6862564
2075-03-13 12:00:00,1.4165971,1.5240242,2.0305865,4.5855274,4.0992813,1.8504694
2075-03-14 12:00:00,1.3906391,1.1921259,3.1011703,3.104293,4.1293254,1.6429118
2075-03-15 12:00:00,1.2082267,1.3733774,3.4026902,3.5864367,5.4526577,2.725661
2075-03-16 12:00:00,1.1209843,1.0531623,1.9824376,3.782742,5.143294,1.560727
2075-03-17 12:00:00,1.6140289,1.1923101,2.5089564,1.4879806,3.6690564,1.2505602
2075-03-18 12:00:00,1.3009496,1.3389559,2.040454,2.86742,3.4900203,1.2974676
2075-03-19 12:00:00,2.319034,2.086992,3.7288742,3.9906192,3.7556782,2.6358705
2075-03-20 12:00:00,2.0908394,1.7574207,4.386561,3.157832,2.7991335,3.0818064
2075-03-21 12:00:00,1.8710132,1.5913585,3.9216635,2.4633272,3.9647393,2.0358622
2075-03-22 12:00:00,3.1746817,2.9136086,3.7331505,5.1675057,3.3413513,2.4794025
2075-03-23 12:00:00,2.7386913,2.3397427,2.4005713,4.0987897,3.4449494,1.8554902
2075-03-24 12:00:00,1.9026674,1.914793,3.0425353,4.427245,5.5250235,2.555374
2075-03-25 12:00:00,1.8995895,2.310576,4.492891,5.275451,2.4488041,2.4957492
2075-03-26 12:00:00,1.1572098,1.2561252,2.198117,3.0471876,4.4286532,2.604277
2075-03-27 12:00:00,1.1218433,1.2255688,2.0899854,3.9037433,5.7920623,1.5018778
2075-03-28 12:00:00,1.7056731,1.6849333,2.592423,6.432942,3.7102702,2.0654855
2075-03-29 12:00:00,2.9086127,2.6547484,5.932702,6.0104537,5.684507,4.9949965
2075-03-30 12:00:00,4.7654247,4.057845,6.052504,7.3521237,6.478073,3.8078136
2075-03-31 12:00:00,2.6891453,2.2944412,4.04427,5.0992513,5.7600517,3.0708919
2075-04-01 12:00:00,1.5021006,1.5560813,3.4507864,3.7620533,3.922728,2.549902
2075-04-02 12:00:00,3.9054985,3.0083904,4.5221934,4.928492,5.783851,2.8786771
2075-04-03 12:00:00,2.312896,2.5377975,3.6284711,6.089939,4.8619986,3.774905
2075-04-04 12:00:00,2.6130605,2.4678977,4.186811,5.5486245,4.465493,3.045227
2075-04-05 12:00:00,1.6274517,1.4947783,2.8226757,4.562631,4.8161287,2.4359171
2075-04-06 12:00:00,0.93099225,1.160319,2.8707194,2.7069085,4.01747,2.9768124
2075-04-07 12:00:00,1.6376971,1.4147013,1.7406389,3.1057956,4.1876426,1.4773487
2075-04-08 12:00:00,1.7499049,1.5691665,1.5497243,2.1387084,2.9344733,1.5784097
2075-04-09 12:00:00,1.5156424,1.278743,2.269957,2.235714,2.7934902,1.4305358
2075-04-10 12:00:00,2.1793532,1.9874394,3.7840497,5.863039,3.5598187,3.2625802
2075-04-11 12:00:00,2.1339855,1.7454379,3.2467792,3.4254951,2.5784528,2.5507367
2075-04-12 12:00:00,2.418045,2.076617,1.8861842,2.911125,3.0455782,1.4002582
2075-04-13 12:00:00,1.5342829,1.52077,2.0064936,3.6540592,2.728197,2.4771328
2075-04-14 12:00:00,2.9220667,2.5277076,3.8066502,3.0429783,2.4762099,3.17254
2075-04-15 12:00:00,1.5118966,1.415359,3.1838918,2.310469,5.318117,1.9022897
2075-04-16 12:00:00,2.436,2.2508414,2.6855948,3.000903,4.0601525,2.212076
2075-04-17 12:00:00,1.0721968,1.143875,2.3643785,2.1502512,2.6498775,1.462807
2075-04-18 12:00:00,2.17786,1.7018952,2.8489335,1.8958764,2.105748,1.676644
2075-04-19 12:00:00,2.9007425,2.218019,2.9530249,2.3319848,2.6520634,1.7455822
2075-04-20 12:00:00,3.100727,2.4786453,3.574698,2.4516587,4.079347,2.0935113
2075-04-21 12:00:00,2.3047159,1.9588828,3.3177497,2.1113846,3.214745,1.7780399
2075-04-22 12:00:00,2.4721587,1.8305012,3.541905,1.8409959,2.532335,1.7340131
2075-04-23 12:00:00,1.4430677,1.1874644,2.9166698,1.6787287,3.2075922,1.6165301
2075-04-24 12:00:00,1.2776724,1.2340814,2.446923,2.5765285,2.8985376,1.4763249
2075-04-25 12:00:00,1.1469014,1.1197591,2.4093685,2.431567,3.1003456,1.450134
2075-04-26 12:00:00,1.4196315,1.248948,3.1182835,3.1052232,3.333786,1.5390927
2075-04-27 12:00:00,2.062459,1.6871588,4.1589675,3.0894742,2.9186056,1.7425822
2075-04-28 12:00:00,2.3752887,1.7300483,3.0795608,3.4373438,3.5834172,1.5299762
2075-04-29 12:00:00,1.837316,1.3400607,2.6618743,2.1854646,4.7640734,1.4056456
2075-04-30 12:00:00,1.3965402,1.3233436,2.140226,2.8015814,5.3258433,1.4275607
2075-05-01 12:00:00,1.2948517,1.2897704,2.0204127,2.7476282,4.0611043,1.3356359
2075-05-02 12:00:00,1.6592202,1.4212977,2.1287239,2.3060927,2.499636,1.4412032
2075-05-03 12:00:00,1.4185953,1.4179162,2.316552,2.0135999,2.687771,1.634471
2075-05-04 12:00:00,1.4032667,1.2794713,1.9374858,2.5557618,2.9972944,1.2830482
2075-05-05 12:00:00,2.0347402,1.8911792,2.3682597,4.8475165,2.7078037,2.2865882
2075-05-06 12:00:00,1.9606546,1.797871,2.841531,5.4187255,4.404606,2.9340227
2075-05-07 12:00:00,1.9231126,1.6970017,2.2022982,2.6359267,4.7428317,1.8641696
2075-05-08 12:00:00,1.5223873,1.4203372,1.9402215,2.0797906,3.6998053,1.5843809
2075-05-09 12:00:00,2.0564835,1.9681152,2.1835845,3.6189826,2.817727,1.915436
2075-05-10 12:00:00,1.7707353,1.7594695,2.2962227,2.4528775,2.6762695,1.73929
2075-05-11 12:00:00,2.0489511,1.6311244,2.0543709,2.3944812,2.3872724,1.4238731
2075-05-12 12:00:00,2.2902188,1.8909174,1.8223627,4.3159614,3.4196055,1.6412827
2075-05-13 12:00:00,1.5330172,1.6935568,3.8103778,4.125769,2.7269192,2.0825167
2075-05-14 12:00:00,1.3252969,1.4003373,3.769677,2.1840816,2.4753492,1.7794702
2075-05-15 12:00:00,1.3057256,1.3503044,3.3940084,2.3210351,3.3443453,2.361561
2075-05-16 12:00:00,1.5126708,1.3071942,2.9296563,2.3286948,3.8126922,2.3210297
2075-05-17 12:00:00,0.9426328,1.087003,2.012507,1.7448443,4.1215444,1.2793058
2075-05-18 12:00:00,1.2744858,1.1167753,2.2050345,1.5883361,3.132497,1.6145428
2075-05-19 12:00:00,1.8390911,1.3639289,2.4909465,2.1110203,4.2653623,1.4660487
2075-05-20 12:00:00,1.0450958,1.2823482,2.0145302,3.0307732,3.6196082,1.2977588
2075-05-21 12:00:00,1.0404186,1.0881039,2.3624084,3.0283277,3.0098722,1.653597
2075-05-22 12:00:00,1.3127426,1.289832,2.439181,3.4905026,4.447435,1.4059191
2075-05-23 12:00:00,1.7522173,1.5910296,3.2746787,2.7007363,3.5555186,1.5537379
2075-05-24 12:00:00,1.7565463,1.5828027,3.6935463,2.501371,4.980341,1.6484393
2075-05-25 12:00:00,2.685957,2.1093075,3.1920114,2.3818247,4.0478764,1.6048046
2075-05-26 12:00:00,1.6947162,1.3681369,2.4119616,3.0818193,5.932718,1.4815891
2075-05-27 12:00:00,0.8996119,1.3976175,3.077814,3.9619334,4.7344604,1.7173946
2075-05-28 12:00:00,1.9594103,1.7603712,3.1139822,4.7349386,4.1383185,1.8391043
2075-05-29 12:00:00,1.5537527,1.5052005,2.8388712,3.7334054,4.282713,1.9043008
2075-05-30 12:00:00,1.5254314,1.2639742,2.5850992,3.5255568,3.4009771,1.3112866
2075-05-31 12:00:00,0.9148431,1.5299501,2.8441129,5.353175,3.207827,2.0758648
2075-06-01 12:00:00,2.1165385,2.1006975,3.5162015,4.308462,2.4873312,3.8014832
2075-06-02 12:00:00,2.3983603,1.9988618,4.018847,2.8140318,2.9108903,2.8242621
2075-06-03 12:00:00,1.4745026,1.4591731,2.2315867,2.8554652,4.156494,1.315372
2075-06-04 12:00:00,1.8493022,1.6596367,3.2712467,4.430021,4.3269053,1.8199112
2075-06-05 12:00:00,5.0175533,3.9385157,4.1722126,6.6774354,4.5240235,2.9155424
2075-06-06 12:00:00,4.902372,4.070671,3.8041294,6.15119,5.000136,3.4083273
2075-06-07 12:00:00,1.8266454,2.3156648,2.155832,5.632902,5.095674,1.5999997
2075-06-08 12:00:00,1.4071937,1.6808615,2.573105,3.703012,4.118958,1.8162364
2075-06-09 12:00:00,1.1254992,1.0227783,2.0916402,2.6857781,2.7292001,1.7327974
2075-06-10 12:00:00,1.1166437,1.1990308,2.0405347,3.0114412,3.2580898,1.4788122
2075-06-11 12:00:00,1.7253637,1.3631575,2.293807,3.5891025,4.476244,1.2778747
2075-06-12 12:00:00,3.4715853,2.409551,3.3212812,3.6345627,4.2682376,1.91057
2075-06-13 12:00:00,2.6276383,1.8567759,2.9267347,4.2749996,4.6972647,1.2285297
2075-06-14 12:00:00,1.2388413,1.1845111,2.8127391,3.9053519,3.561357,1.7008913
2075-06-15 12:00:00,1.9660277,1.8882729,4.1099863,4.8339834,3.113177,2.1201494
2075-06-16 12:00:00,2.222199,1.6402715,3.674749,3.0312285,3.8889134,1.8266199
2075-06-17 12:00:00,2.9553032,2.1756644,3.68104,2.458891,3.917199,2.681565
2075-06-18 12:00:00,1.6355801,1.3921498,2.9734042,2.3126402,3.936099,1.6222271
2075-06-19 12:00:00,2.5831707,2.209784,3.3081706,3.3008118,3.8463666,2.357288
2075-06-20 12:00:00,2.569706,2.3771677,3.879011,4.2071085,3.854815,2.2296605
2075-06-21 12:00:00,2.6541166,1.9790316,2.846682,2.4457972,3.7257183,1.1829944
2075-06-22 12:00:00,1.3145849,1.0945398,2.4455159,2.1891704,2.7233517,1.3018857
2075-06-23 12:00:00,1.4113115,1.3828621,2.3275385,1.8952911,3.0096784,1.4941311
2075-06-24 12:00:00,1.3631135,1.2916427,1.8488984,2.5321934,2.8455055,1.3250692
2075-06-25 12:00:00,1.8398168,1.5496645,2.7327714,3.5009143,3.3266225,1.7140772
2075-06-26 12:00:00,2.1309485,1.9062006,2.4797986,3.5837455,3.903678,1.5211887
2075-06-27 12:00:00,2.984682,2.585258,2.7492292,3.1944008,4.2830725,1.6081675
2075-06-28 12:00:00,2.0932562,1.9622343,2.6746304,2.1177118,4.059397,1.5615011
2075-06-29 12:00:00,1.7468456,1.4357111,3.1243706,2.4499438,3.1280155,1.7523886
2075-06-30 12:00:00,3.0237455,2.341737,3.597917,3.1687517,3.3023436,1.7102323
2075-07-01 12:00:00,2.468555,1.8996108,3.220863,2.3842697,3.4575388,1.7769301
2075-07-02 12:00:00,1.8452405,1.586795,2.0600984,1.800862,2.8861809,1.3428156
2075-07-03 12:00:00,1.5472791,1.3748217,1.9214022,2.593556,4.0701694,1.615979
2075-07-04 12:00:00,2.0257177,1.8696223,2.5758061,3.2404861,3.5775626,2.0497181
2075-07-05 12:00:00,1.711526,1.3763987,2.3818698,2.7989771,3.2238986,1.5202419
2075-07-06 12:00:00,1.6065557,1.3147863,2.9366283,1.91526,2.6727786,1.9322569
2075-07-07 12:00:00,1.1554625,1.1175777,2.2002983,3.2817361,2.0427284,2.4914713
2075-07-08 12:00:00,2.6085546,1.8825209,3.4298546,3.6094797,2.9001482,2.596554
2075-07-09 12:00:00,3.0023324,2.1630096,3.0840547,2.2781472,4.422442,2.292885
2075-07-10 12:00:00,1.3086498,1.0910681,1.8453002,2.2142768,3.2606034,1.7660359
2075-07-11 12:00:00,2.263876,1.9498967,2.9013143,2.8575964,2.6008763,2.2759411
2075-07-12 12:00:00,2.1113963,1.6105567,3.3357596,3.8571427,4.690674,1.74953
2075-07-13 12:00:00,1.2620081,1.1047772,2.4374819,4.436977,4.2408757,1.0445098
2075-07-14 12:00:00,1.1133976,1.2563434,1.8644698,3.9331312,2.6885805,1.3503737
2075-07-15 12:00:00,2.4667356,1.9312633,1.993496,2.7812316,2.654429,1.3544233
2075-07-16 12:00:00,3.6054082,2.6088893,3.2788374,2.5865183,3.3452682,1.8920503
2075-07-17 12:00:00,2.814116,2.5207543,3.7648296,3.2501378,3.7196016,2.2326896
2075-07-18 12:00:00,1.3785818,1.3465012,2.327972,2.5335462,3.6153312,1.1918972
2075-07-19 12:00:00,2.4614215,1.7840223,2.0408323,1.9602333,3.3383033,1.1140023
2075-07-20 12:00:00,2.0107594,1.4298851,2.373587,2.131377,3.1089258,1.0705303
2075-07-21 12:00:00,0.74782825,0.87980783,1.6872578,2.7182145,3.801538,1.1302236
2075-07-22 12:00:00,1.3943102,1.1306918,2.3743365,2.9937377,3.0602324,1.4877565
2075-07-23 12:00:00,1.2982419,1.1822947,2.8546758,2.644895,2.765362,3.0070837
2075-07-24 12:00:00,1.1364682,1.1396873,3.1861014,3.167544,2.3489864,3.6503596
2075-07-25 12:00:00,1.5194697,1.4693117,4.2203937,2.9395435,1.8951364,3.7956526
2075-07-26 12:00:00,2.3074338,2.006453,4.7657814,2.4285545,2.1562686,2.4604423
2075-07-27 12:00:00,1.9663773,2.0071082,4.374167,5.64054,3.1388648,2.7949488
2075-07-28 12:00:00,1.6822183,1.8231831,2.7719374,5.7062335,3.758387,3.2508059
2075-07-29 12:00:00,1.8346473,1.56242,2.4053597,3.9649258,4.3514,1.3718518
2075-07-30 12:00:00,2.1754518,1.6265953,4.638791,3.3941753,3.4986744,1.77688
2075-07-31 12:00:00,1.6098825,1.6480105,2.5283468,2.6103902,2.4947908,1.719741
2075-08-01 12:00:00,2.8466842,1.9259615,3.968333,2.5016053,2.818282,2.3640206
2075-08-02 12:00:00,3.2844677,2.4213364,4.4171805,2.7646708,3.351812,2.3290777
2075-08-03 12:00:00,2.1751285,1.6680253,3.2695472,2.8554988,2.6269495,1.8656737
2075-08-04 12:00:00,1.484721,1.451518,2.6910505,2.9498467,3.2271798,1.4199507
2075-08-05 12:00:00,2.089353,1.779589,2.1690595,3.5041723,5.2289677,2.346627
2075-08-06 12:00:00,2.086946,1.9390782,2.3220506,4.225473,4.6948223,2.3308141
2075-08-07 12:00:00,1.7271638,1.6658578,3.4410136,3.1588526,3.4815402,2.747756
2075-08-08 12:00:00,1.3261702,1.0832745,2.9949374,1.9688456,2.375006,2.2447572
2075-08-09 12:00:00,1.1215398,1.1511904,2.0108135,1.5125861,1.7466949,1.4942993
2075-08-10 12:00:00,2.5508523,2.3054268,4.0530295,3.4694536,2.0018036,3.9525735
2075-08-11 12:00:00,2.4845781,2.2269607,3.6381335,3.919573,2.970046,2.4321578
2075-08-12 12:00:00,1.80614,1.7585868,2.495894,4.0419416,3.3771288,1.8221389
2075-08-13 12:00:00,1.6125964,1.3664373,2.4090023,2.1457078,2.8158684,1.6829159
2075-08-14 12:00:00,1.8757164,1.6209519,2.6559703,2.6792922,2.832274,2.3414679
2075-08-15 12:00:00,3.0383604,2.6867514,4.308369,4.6747465,4.2324867,4.3504896
2075-08-16 12:00:00,3.7060022,3.1471703,2.9902928,4.454005,4.963673,2.0770476
2075-08-17 12:00:00,1.9550909,1.7456857,3.7160606,2.7210572,5.1032906,2.729785
2075-08-18 12:00:00,2.5068202,2.0430737,3.1274111,2.7832909,4.114486,1.9520646
2075-08-19 12:00:00,3.1055882,2.5646322,3.8896074,2.9081829,3.29228,2.4716609
2075-08-20 12:00:00,2.7916098,2.1436512,3.5347445,4.157545,3.9192562,2.6457777
2075-08-21 12:00:00,2.9856296,2.445601,3.959979,3.862797,3.8933802,2.4203427
2075-08-22 12:00:00,1.8911375,1.5948426,3.6309273,3.8236907,3.327781,2.8474753
2075-08-23 12:00:00,2.2794747,2.138607,3.9108932,4.855276,3.4248097,3.432807
2075-08-24 12:00:00,2.2905467,1.9756511,4.3202877,3.7397268,4.2109303,3.7057889
2075-08-25 12:00:00,2.1797965,2.2367678,3.62985,3.9931724,3.478076,3.17456
2075-08-26 12:00:00,1.3861182,1.2596097,2.2746212,2.4804904,2.5541801,1.3002651
2075-08-27 12:00:00,3.1744256,2.5512135,4.070068,3.4759817,3.7448115,2.9647613
2075-08-28 12:00:00,2.9863381,2.302671,4.361505,2.9145193,3.854488,2.4713635
2075-08-29 12:00:00,1.8834336,1.8352271,2.3509471,3.6228228,2.3967495,1.9514894
2075-08-30 12:00:00,1.1543511,1.1862835,2.8822625,1.9451692,1.834804,1.4648975
2075-08-31 12:00:00,1.5424788,1.5455077,3.1203594,3.0603676,3.6194599,1.9838394
2075-09-01 12:00:00,0.9878013,1.0261605,3.161442,1.6239725,3.883778,1.7198783
2075-09-02 12:00:00,2.3056269,1.8137422,3.439507,2.1663764,2.5141184,2.163651
2075-09-03 12:00:00,2.2592976,1.6259568,2.924918,1.5694747,3.2620168,1.5588241
2075-09-04 12:00:00,1.7290735,1.4770021,2.4113357,2.2701826,3.3216696,1.8648967
2075-09-05 12:00:00,1.7362714,1.7528083,3.7701378,3.735181,2.9410162,2.8656182
2075-09-06 12:00:00,2.7197685,2.510089,3.6252513,2.4458208,3.173131,1.7628895
2075-09-07 12:00:00,1.6832154,1.5211722,2.4131978,2.9675403,2.8532107,1.9231995
2075-09-08 12:00:00,2.2150154,1.7768172,2.3428285,2.4721353,2.9856195,1.7514501
2075-09-09 12:00:00,2.0970383,1.6820753,2.2867522,2.0650556,3.9034226,1.2265413
2075-09-10 12:00:00,2.3965058,1.9396986,3.0230637,2.4049084,3.630313,1.7352606
2075-09-11 12:00:00,2.3988154,1.6171167,4.1801777,3.6572344,3.1172385,2.0932262
2075-09-12 12:00:00,1.2202344,1.344662,3.487969,2.673309,2.8327947,1.8693395
2075-09-13 12:00:00,2.1706975,1.9374702,4.187557,3.9109294,2.7310016,2.947396
2075-09-14 12:00:00,1.9650767,1.6538304,3.3461998,3.0132067,2.722534,2.266932
2075-09-15 12:00:00,2.3406506,2.009107,3.4345298,3.8755882,2.5990448,2.7302122
2075-09-16 12:00:00,0.8767333,1.2155428,3.97518,3.919438,3.7670262,1.9253719
2075-09-17 12:00:00,0.7950225,1.0380391,4.179964,2.401614,4.5246296,2.5515363
2075-09-18 12:00:00,1.5046921,1.3693063,3.123825,2.452912,3.4384723,1.4367474
2075-09-19 12:00:00,1.161033,0.9902222,1.7578735,1.7111362,2.5886483,1.2895218
2075-09-20 12:00:00,1.1074902,1.1820798,2.7191033,2.539139,3.4261231,2.601736
2075-09-21 12:00:00,2.3994913,2.331247,5.6665797,4.7957535,4.440387,4.4428105
2075-09-22 12:00:00,2.8321934,2.8317485,5.242581,4.926441,4.6771846,3.181312
2075-09-23 12:00:00,2.5433552,2.3107634,5.03664,4.420169,3.3767362,3.1088035
2075-09-24 12:00:00,1.2808915,1.2809209,1.8935833,3.9458787,3.7025056,1.5198995
2075-09-25 12:00:00,2.0681005,1.6012762,1.7762166,2.5337822,2.5255728,1.390604
2075-09-26 12:00:00,1.66614,1.1774129,1.7355016,2.1697388,2.0786812,1.1525923
2075-09-27 12:00:00,0.6302141,0.78056973,2.23794,1.9309924,2.6693826,1.0741718
2075-09-28 12:00:00,1.0931333,1.0914046,3.6651802,2.3793323,3.8311255,1.5962694
2075-09-29 12:00:00,2.5613337,2.250353,4.085842,4.06156,3.9140358,1.8484709
2075-09-30 12:00:00,2.7803712,2.2016213,5.059473,4.075194,4.189515,2.2124076
2075-10-01 12:00:00,2.053214,1.7787911,5.103716,2.9457533,3.8457675,1.9906774
2075-10-02 12:00:00,1.6655596,1.5889379,4.740784,2.6574626,3.1634302,1.820922
2075-10-03 12:00:00,1.2333586,1.2179202,3.9437847,2.9508452,3.5542102,2.7254548
2075-10-04 12:00:00,0.8471892,0.857499,3.5931957,2.7081141,4.081637,2.7727375
2075-10-05 12:00:00,0.8333248,0.9698366,3.6479082,3.6291683,2.9369566,3.3145938
2075-10-06 12:00:00,1.784103,1.6077679,3.513506,5.106669,4.3969474,3.309413
2075-10-07 12:00:00,1.1448511,0.8893098,2.3064592,4.254725,6.1938033,2.144596
2075-10-08 12:00:00,1.138824,0.9771022,3.1193473,2.0944343,6.4218354,1.327055
2075-10-09 12:00:00,1.7869248,1.2329149,3.0522826,2.108074,5.0020976,1.3327013
2075-10-10 12:00:00,2.8007307,1.8744231,2.1012259,3.1073217,4.2045946,1.4301295
2075-10-11 12:00:00,2.5233989,2.117745,3.3247128,3.70094,3.8984306,1.7599071
2075-10-12 12:00:00,1.6541598,1.4260498,3.510069,2.3158522,3.8781233,1.9312185
2075-10-13 12:00:00,1.4812982,1.3495982,4.12755,3.7945852,5.003134,2.2579165
2075-10-14 12:00:00,2.727361,2.0360718,2.8612506,4.781081,4.374499,1.5683224
2075-10-15 12:00:00,1.2204741,1.1500536,1.868927,3.4675367,2.634089,1.0888438
2075-10-16 12:00:00,2.8284068,2.3425834,4.553447,4.315572,1.7136362,2.0380697
2075-10-17 12:00:00,1.5823498,1.6384784,2.8987632,4.208907,2.4947503,2.0727954
2075-10-18 12:00:00,2.970986,2.7949953,4.3888335,4.616897,3.5264316,2.7845743
2075-10-19 12:00:00,2.1186717,2.0809464,2.748867,5.435126,6.042979,2.5709667
2075-10-20 12:00:00,1.8508021,1.4927366,4.205784,3.0499802,4.937625,2.138737
2075-10-21 12:00:00,3.008039,2.6333249,4.6597095,5.252096,4.742153,3.0717907
2075-10-22 12:00:00,2.5723114,2.2855544,3.5289133,4.533138,6.72855,3.0273225
2075-10-23 12:00:00,1.8977997,1.7966413,2.5846848,3.6548471,5.3829494,1.4449034
2075-10-24 12:00:00,1.4226384,1.1327939,1.765167,2.628783,3.8941598,1.2336146
2075-10-25 12:00:00,0.6524224,0.79400295,2.120351,2.0046508,3.788321,2.0239065
2075-10-26 12:00:00,0.77832615,0.8501184,2.6472635,3.2526839,3.6065738,3.1709378
2075-10-27 12:00:00,1.0807418,1.161882,4.0880837,3.3794663,3.0519,2.9046884
2075-10-28 12:00:00,1.6790925,1.347662,3.926202,2.0240226,2.525819,2.1147096
2075-10-29 12:00:00,1.9953059,1.7242419,2.3058069,2.04373,3.4049375,1.2757587
2075-10-30 12:00:00,0.88092065,1.1391089,1.6846552,2.8302279,5.737424,1.2733676
2075-10-31 12:00:00,0.6463065,0.8277733,2.094722,3.1190147,7.1241803,1.595565
2075-11-01 12:00:00,1.4147041,1.2021871,5.21559,3.168009,5.095398,2.7470398
2075-11-02 12:00:00,2.3513017,2.4571278,6.34034,6.609687,4.685008,4.68242
2075-11-03 12:00:00,3.8932838,3.5537825,6.2994432,7.2438164,7.262844,4.795974
2075-11-04 12:00:00,1.6197376,1.4303206,3.4465697,5.15095,7.7302465,3.0820477
2075-11-05 12:00:00,1.8983576,1.3369516,3.7037456,3.3366923,4.901766,3.178488
2075-11-06 12:00:00,1.1007694,1.0191,3.7906995,4.1216464,4.21312,3.4418116
2075-11-07 12:00:00,2.9310403,2.3748703,4.6549344,5.320686,4.6796284,3.7376654
2075-11-08 12:00:00,2.7230875,2.2350965,3.778306,2.3713405,4.1269383,2.0760026
2075-11-09 12:00:00,2.9286594,2.5454829,2.5818238,2.4270983,3.5716069,1.6360883
2075-11-10 12:00:00,1.4219227,1.4876587,3.392129,2.6139185,3.6530354,2.6659527
2075-11-11 12:00:00,2.0630975,1.9414341,5.8150105,4.49157,4.021346,3.9177198
2075-11-12 12:00:00,1.9186172,2.1382868,5.2510424,4.9998317,4.401687,4.240075
2075-11-13 12:00:00,1.9515096,1.7978493,4.2671847,4.639349,5.5686526,2.8347561
2075-11-14 12:00:00,2.2665725,1.6952957,3.7860994,3.1420002,3.8247962,1.8287951
2075-11-15 12:00:00,1.0522214,1.0999153,3.8706381,3.426599,2.9398444,2.3561523
2075-11-16 12:00:00,1.3762325,1.6464338,5.6798506,3.897545,3.7324336,3.6932952
2075-11-17 12:00:00,2.5384781,2.2146914,6.6515765,4.6772623,4.232036,3.7975574
2075-11-18 12:00:00,2.2012486,1.7921757,4.653728,4.6785345,5.6176314,2.9227533
2075-11-19 12:00:00,1.2932433,1.5491635,3.7651205,4.2511706,7.0937457,3.4120665
2075-11-20 12:00:00,0.8430389,1.0944926,3.6267567,4.5136065,5.27246,3.2698722
2075-11-21 12:00:00,2.1512108,1.6497015,5.2786207,5.727029,6.335715,4.7010107
2075-11-22 12:00:00,1.9321351,1.5418248,2.9647286,4.9685707,7.7755017,2.7743323
2075-11-23 12:00:00,1.0372833,1.2790444,3.0606458,6.406104,6.77581,3.2766604
2075-11-24 12:00:00,1.4205495,1.6128604,3.1023774,5.1434402,4.549838,2.1144054
2075-11-25 12:00:00,1.1938524,1.3304985,2.6763957,6.4927783,6.3081236,3.1607878
2075-11-26 12:00:00,3.1211994,2.8950489,5.515015,8.753002,8.44174,4.7454157
2075-11-27 12:00:00,2.275297,2.0305781,4.1132107,6.6629205,8.284636,3.8328187
2075-11-28 12:00:00,1.5606568,1.5438114,3.8930767,5.218422,7.287171,3.7504237
2075-11-29 12:00:00,1.8076261,1.5435653,4.1478705,5.5220003,6.8967705,4.053664
2075-11-30 12:00:00,2.5004075,2.4135504,4.901747,5.282139,5.7291203,3.6826499
2075-12-01 12:00:00,1.8238899,1.6013609,3.8892264,3.940769,6.062334,1.904308
2075-12-02 12:00:00,1.4936132,1.3989371,3.6333559,6.145912,7.8755574,3.8059049
2075-12-03 12:00:00,1.7158022,2.0290487,4.842286,6.5700994,9.207145,5.022947
2075-12-04 12:00:00,3.3763657,3.1025386,6.010353,5.9031525,7.0932827,5.0842705
2075-12-05 12:00:00,2.041181,1.79852,3.1975567,3.0264802,5.1413226,1.7290148
2075-12-06 12:00:00,1.1734318,1.075844,3.4923203,3.9256418,5.315075,3.1002452
2075-12-07 12:00:00,1.0616422,1.1985387,2.709412,3.2870646,4.3212934,2.03594
2075-12-08 12:00:00,1.6797823,1.4004753,2.8830874,3.33215,6.685382,2.1294596
2075-12-09 12:00:00,0.81394434,0.89701664,3.7048695,3.8649836,5.7381153,2.598633
2075-12-10 12:00:00,1.035983,1.136231,4.759269,4.230125,5.8931875,3.182554
2075-12-11 12:00:00,1.1245345,1.3606561,5.2270517,4.3170223,5.741113,3.821637
2075-12-12 12:00:00,1.6364636,1.7863932,3.530996,4.6514363,5.2679653,2.651705
2075-12-13 12:00:00,0.96496725,1.1742281,2.5365686,5.684983,7.4550753,2.5769336
2075-12-14 12:00:00,0.88659596,1.3522378,2.4382505,6.6739936,7.5902047,1.4455929
2075-12-15 12:00:00,0.9597989,1.3962307,1.789873,8.325553,7.7594824,1.8264583
2075-12-16 12:00:00,1.168629,1.7380465,2.072504,8.312792,5.3096724,2.0509813
2075-12-17 12:00:00,0.8948616,1.3158746,2.352591,4.8426533,4.9578233,2.4442728
2075-12-18 12:00:00,1.2993417,1.5696616,2.6404555,3.9539442,4.5550117,2.3308477
2075-12-19 12:00:00,1.5170599,1.6956465,3.7683985,2.533287,4.3991184,2.5077107
2075-12-20 12:00:00,0.7599969,0.9725693,3.8401554,3.9080777,3.1607537,2.5876865
2075-12-21 12:00:00,0.8308356,0.9507039,4.0885277,4.0020037,2.526724,3.376029
2075-12-22 12:00:00,1.7420995,1.7824035,6.0115504,5.575108,4.0649586,4.8484545
2075-12-23 12:00:00,1.2258184,1.4437356,3.3816156,5.06599,6.7267876,2.547773
2075-12-24 12:00:00,1.1723481,1.2905662,3.7301252,3.1461184,5.6642437,2.4269474
2075-12-25 12:00:00,3.1485481,2.621946,7.4693093,6.0830283,5.059259,4.0408826
2075-12-26 12:00:00,3.457391,2.7832444,6.3273144,5.6569066,4.429391,3.4164097
2075-12-27 12:00:00,2.9076004,2.4515522,6.1507497,4.0060735,3.9008965,2.959937
2075-12-28 12:00:00,2.844972,2.3255394,5.6973066,3.582712,5.308452,2.686585
2075-12-29 12:00:00,2.4357872,1.8608872,4.7301555,2.7593312,6.2623453,2.4390512
2075-12-30 12:00:00,1.2036271,1.0793592,4.3372164,2.6852744,3.833367,2.4953122
2075-12-31 12:00:00,1.7798669,1.5535942,6.3922777,3.9036005,3.2376459,3.2182658
2076-01-01 12:00:00,3.8513627,3.2275805,7.249868,5.4235787,4.6607795,3.477511
2076-01-02 12:00:00,2.1345806,1.8508675,4.221931,4.7770963,4.8737507,2.4786477
2076-01-03 12:00:00,1.0454546,0.9799756,4.479506,4.643907,4.685479,3.3391795
2076-01-04 12:00:00,1.9693518,1.8319314,5.861833,5.286413,4.6430273,4.458329
2076-01-05 12:00:00,1.6279715,1.6131966,5.135557,4.8019824,5.793776,4.048023
2076-01-06 12:00:00,1.8812138,1.8620135,3.7516005,5.5554442,5.299102,3.3871863
2076-01-07 12:00:00,1.8042688,1.7789668,4.902961,5.5143476,4.580155,4.0504527
2076-01-08 12:00:00,2.1915722,1.7602392,3.7451982,4.055202,4.236777,2.7954938
2076-01-09 12:00:00,3.038892,3.2913427,5.081859,3.3235772,3.1784406,2.7370973
2076-01-10 12:00:00,1.5340652,1.4480721,4.7598906,3.238011,4.0586553,2.659339
2076-01-11 12:00:00,2.6379747,2.4142838,4.697913,5.749258,5.174646,3.5973356
2076-01-12 12:00:00,2.543391,2.4329104,6.218585,4.7734923,3.6542878,3.9495113
2076-01-13 12:00:00,1.7706633,1.6199961,5.300695,3.6558435,3.2578535,3.382947
2076-01-14 12:00:00,2.15745,1.8254982,3.2347934,4.115747,3.2383683,1.8606619
2076-01-15 12:00:00,2.2587385,1.6691258,3.6401057,3.8065126,2.9663036,2.484641
2076-01-16 12:00:00,1.5435808,1.3722762,4.3600903,3.7754538,3.7906885,2.6087158
2076-01-17 12:00:00,2.0914235,1.6433121,4.2923546,3.7593834,4.2994146,3.2498665
2076-01-18 12:00:00,2.323721,2.0127616,6.10805,3.3748364,3.4075437,3.6942284
2076-01-19 12:00:00,1.1640527,1.2860489,4.337134,2.9162958,3.8620431,2.884086
2076-01-20 12:00:00,2.8434134,2.5174503,6.302668,5.5643816,4.14555,4.491863
2076-01-21 12:00:00,5.2530994,4.1038923,8.470472,7.0684733,6.001964,5.535926
2076-01-22 12:00:00,5.658087,4.1653523,7.2122183,4.5371165,4.781369,3.4522147
2076-01-23 12:00:00,2.4566474,2.159162,4.9049215,3.470605,2.8706703,2.9549613
2076-01-24 12:00:00,3.1222403,2.8195877,7.757282,5.4460874,4.6998405,4.736401
2076-01-25 12:00:00,3.680973,3.4207265,7.1025233,5.868504,4.86157,5.3567314
2076-01-26 12:00:00,2.0850124,1.9300939,2.7235246,5.3218956,4.7509685,3.0654085
2076-01-27 12:00:00,2.5761442,1.9463881,4.2058797,3.8996754,3.639698,2.7971141
2076-01-28 12:00:00,4.190068,3.0731206,3.6697245,2.5468144,3.1571126,1.9312799
2076-01-29 12:00:00,2.5772655,1.8455191,2.1627095,2.7480104,3.8511422,1.2627592
2076-01-30 12:00:00,2.0308347,1.5260395,2.2065175,4.193015,4.39708,1.4453503
2076-01-31 12:00:00,2.0647998,1.886647,3.8290007,5.809424,4.2599707,2.7487636
2076-02-01 12:00:00,1.6189929,1.6425048,5.049356,6.01832,4.148927,3.7149372
2076-02-02 12:00:00,1.1779351,1.3676399,5.4720554,5.6220193,4.2414966,3.8746789
2076-02-03 12:00:00,1.2052569,1.2981216,4.86193,6.391506,3.5225763,3.361269
2076-02-04 12:00:00,1.5496023,1.561262,5.6591086,6.112562,2.6957262,3.4808707
2076-02-05 12:00:00,3.5087686,2.858962,6.6557307,5.2563953,3.3274114,4.3345013
2076-02-06 12:00:00,4.174121,3.5448499,7.9062257,5.4786005,4.9100523,5.190191
2076-02-07 12:00:00,2.416036,2.2805018,4.56701,4.772112,5.6602535,2.7085986
2076-02-08 12:00:00,2.373822,2.2756264,5.899586,4.4874425,5.349428,3.9058523
2076-02-09 12:00:00,1.2470162,1.2362689,5.5295334,3.4696338,4.1405835,2.4131806
2076-02-10 12:00:00,1.8708426,1.9214368,5.7162623,4.4086537,5.5240808,4.109422
2076-02-11 12:00:00,3.0046725,2.2564218,4.5904903,6.303767,5.2260547,3.3434975
2076-02-12 12:00:00,3.14211,2.5468876,6.9499893,4.793353,5.4496818,3.4678836
2076-02-13 12:00:00,3.1892576,2.7170243,5.931037,4.011311,4.5656066,2.9565246
2076-02-14 12:00:00,2.1987638,1.6995264,3.8143103,4.0547814,4.1036777,2.6406767
2076-02-15 12:00:00,2.800646,2.477724,4.649536,5.4411974,6.416432,3.9683979
2076-02-16 12:00:00,5.680216,4.38021,6.444183,4.623531,4.996629,3.9893954
2076-02-17 12:00:00,2.8095953,2.435748,5.6021414,5.667027,3.8693817,3.9758394
2076-02-18 12:00:00,2.8464773,2.153306,4.352017,4.2964244,4.1118345,2.7813845
2076-02-19 12:00:00,2.1042452,1.7986635,4.210007,2.9280827,3.080361,2.997064
2076-02-20 12:00:00,0.8301246,1.0562967,2.5661938,2.1704972,2.2675376,1.5792605
2076-02-21 12:00:00,1.9359035,1.4489541,3.017961,2.4942858,2.966703,1.8562794
2076-02-22 12:00:00,1.6955335,1.2600148,2.6704817,3.98927,3.830951,2.0789638
2076-02-23 12:00:00,0.8638159,0.9760651,2.171402,3.088169,3.5839825,1.6245955
2076-02-24 12:00:00,0.93744123,0.9504481,3.4034257,2.230597,3.085996,1.7783784
2076-02-25 12:00:00,0.8930692,1.0451815,3.0197344,3.8393085,3.2876565,1.7573105
2076-02-26 12:00:00,1.7476009,1.5559307,5.6860304,5.148036,3.8791122,2.3982797
2076-02-27 12:00:00,2.840785,2.1617494,5.303343,3.8960986,4.0325246,2.9164202
2076-02-28 12:00:00,3.2867782,2.612025,4.9668636,4.121277,3.6711771,2.7077684
2076-02-29 12:00:00,4.528222,3.6974845,5.4670696,5.319253,4.739528,3.438819
2076-03-01 12:00:00,2.083996,1.6567405,3.503644,4.711128,4.4019513,2.0548978
2076-03-02 12:00:00,0.942468,1.2490832,2.3998022,4.4793696,4.371507,1.9427066
2076-03-03 12:00:00,1.9016349,2.1830764,4.0522246,6.281122,4.907154,3.8426247
2076-03-04 12:00:00,3.6775382,3.2536523,5.284762,3.4587173,3.3077612,3.0779994
2076-03-05 12:00:00,2.5468771,2.2050357,2.8085115,2.6620045,4.945033,1.9007785
2076-03-06 12:00:00,2.0324001,2.5376108,2.491524,4.3105774,6.1567407,2.3349645
2076-03-07 12:00:00,1.6668292,2.3147047,2.3069322,4.504812,6.095471,2.6567273
2076-03-08 12:00:00,0.9871703,1.3904012,1.9477609,3.5447252,6.0055714,1.9501309
2076-03-09 12:00:00,1.5289378,1.3043195,3.3864613,2.5988746,7.0359683,2.9946344
2076-03-10 12:00:00,0.8226167,0.8834837,3.097224,3.0771313,4.41835,2.0558853
2076-03-11 12:00:00,1.0454812,1.2002553,2.8673565,3.1691115,3.615395,2.2324271
2076-03-12 12:00:00,1.427353,2.162338,4.9691024,5.5296993,6.5882487,4.9355536
2076-03-13 12:00:00,3.1153247,3.1953776,6.448896,6.0698338,7.642651,5.60592
2076-03-14 12:00:00,1.5818719,1.9896251,4.8028936,4.4461384,5.7215824,3.3522365
2076-03-15 12:00:00,0.72015625,0.85374844,2.2354524,3.9883773,4.6811795,1.7967296
2076-03-16 12:00:00,0.8378763,1.0008607,2.2898633,3.5758688,3.1092823,1.8782258
2076-03-17 12:00:00,2.2722135,2.0807068,3.5494032,2.6974123,2.7231011,2.3069897
2076-03-18 12:00:00,3.1728926,2.7150576,3.6244383,3.331621,2.674831,2.6585677
2076-03-19 12:00:00,2.4951525,2.1047728,3.054904,2.495209,2.6261055,2.501317
2076-03-20 12:00:00,1.4166024,1.4107565,2.5768957,2.2899451,2.5895252,1.88027
2076-03-21 12:00:00,1.2763953,1.2238839,2.9651809,2.501808,3.4409153,1.837852
2076-03-22 12:00:00,1.5157853,1.1544586,1.8442011,3.1255393,4.6104198,1.1287824
2076-03-23 12:00:00,1.1317892,1.2140841,1.5595567,2.6298115,3.525269,1.8167664
2076-03-24 12:00:00,1.6111002,1.7382092,3.789121,3.0433266,2.9026666,1.6859635
2076-03-25 12:00:00,5.003373,3.9177475,6.816459,4.0310173,4.226852,3.1228793
2076-03-26 12:00:00,5.390108,4.401618,7.005389,5.122978,5.9856977,3.8127131
2076-03-27 12:00:00,3.0836651,2.4621723,4.4681253,3.4374359,4.543009,2.210183
2076-03-28 12:00:00,0.9957178,1.3441669,2.4168763,3.791436,4.494835,1.959236
2076-03-29 12:00:00,2.8357978,2.438486,4.4231563,4.7304535,5.9321985,3.3429618
2076-03-30 12:00:00,3.5107121,2.7666364,5.1553073,3.7528608,2.5533347,3.343409
2076-03-31 12:00:00,1.7017312,1.595159,3.3340552,2.8541884,2.5661554,1.955058
2076-04-01 12:00:00,1.9833322,1.9630008,3.336763,3.0957694,4.6010365,1.9082484
2076-04-02 12:00:00,1.8407264,1.813561,2.9218543,3.1181133,5.2458906,1.843674
2076-04-03 12:00:00,1.6656244,1.6340024,2.6987321,2.1004107,3.4786785,1.5735469
2076-04-04 12:00:00,1.5878901,1.4295279,2.223436,3.5415187,5.460592,1.7437744
2076-04-05 12:00:00,1.1765976,1.789766,2.8777137,4.25397,6.5444508,2.2022963
2076-04-06 12:00:00,1.6093253,2.1972017,3.417407,5.421341,5.8476663,2.0756772
2076-04-07 12:00:00,2.5013385,2.86836,3.715549,6.510367,5.786377,2.1522171
2076-04-08 12:00:00,2.870156,3.1222277,4.3765316,5.8171697,3.7839715,3.1176329
2076-04-09 12:00:00,2.137162,1.9210894,4.760454,3.2762172,2.786952,3.3076751
2076-04-10 12:00:00,2.720785,2.3172035,4.7083387,3.2984922,3.5247939,3.178777
2076-04-11 12:00:00,2.9812284,2.490987,4.2527857,3.0399323,2.6876447,2.9220731
2076-04-12 12:00:00,2.7472177,2.0767338,3.6535296,2.7598288,2.1733239,2.6897683
2076-04-13 12:00:00,2.663244,2.2425468,3.3902774,2.217251,2.2145867,2.5152636
2076-04-14 12:00:00,2.937417,2.5475273,3.4876118,2.6488156,2.2728708,2.3254702
2076-04-15 12:00:00,3.9048436,3.702214,4.497357,4.4794173,4.6024237,3.1287365
2076-04-16 12:00:00,3.7280176,3.4463825,4.5425715,4.0708222,3.1327658,3.084336
2076-04-17 12:00:00,3.0176327,2.4685688,3.368798,2.0965505,2.045178,1.9268421
2076-04-18 12:00:00,2.093237,1.8782992,4.621217,3.4758315,2.7649038,3.4105628
2076-04-19 12:00:00,2.586203,2.0974278,4.786274,3.5285168,3.2537467,2.2342715
2076-04-20 12:00:00,1.3554485,1.2008015,3.729653,2.3407578,3.075426,2.049751
2076-04-21 12:00:00,1.706944,1.3932935,2.964542,2.303566,2.562566,1.3865981
2076-04-22 12:00:00,2.3203382,1.9865949,2.763788,3.096983,2.5255513,1.1291711
2076-04-23 12:00:00,1.2868924,1.3589526,1.7060454,2.9429822,2.6166286,0.9708168
2076-04-24 12:00:00,1.2730265,1.6457064,2.2928255,3.3749766,1.9971954,1.3517947
2076-04-25 12:00:00,2.5774517,2.4757962,4.568085,3.443754,3.1605718,1.9265609
2076-04-26 12:00:00,3.0500293,3.173886,2.4785814,4.9386053,3.6323392,2.1384256
2076-04-27 12:00:00,2.115424,1.9107436,3.6000686,3.4743965,4.1377306,1.669467
2076-04-28 12:00:00,1.8328823,1.6152493,4.039681,2.2327936,2.831643,1.7050573
2076-04-29 12:00:00,1.9347271,1.7856313,2.9689338,3.4995382,2.1663947,1.7189913
2076-04-30 12:00:00,1.5682418,1.5557045,3.052422,3.6444893,3.5545282,1.7881546
2076-05-01 12:00:00,2.830812,2.030456,3.5296342,3.852436,4.5464344,2.3011405
2076-05-02 12:00:00,1.7068269,1.3927743,4.0919037,2.397135,4.3881874,2.0572896
2076-05-03 12:00:00,3.1503415,2.951421,5.938038,3.6974137,4.401842,2.9291604
2076-05-04 12:00:00,3.2662015,2.8170743,3.7038708,4.325236,3.4038184,2.2521694
2076-05-05 12:00:00,2.8064148,2.3404386,3.6926649,4.6797843,4.382578,2.6708686
2076-05-06 12:00:00,2.950391,2.370343,3.1239998,4.210452,3.5668464,3.0023012
2076-05-07 12:00:00,2.4568167,2.17344,3.2847533,4.2032094,5.273969,2.2974205
2076-05-08 12:00:00,2.3516765,2.184108,3.357042,4.2260175,5.4004054,2.7297633
2076-05-09 12:00:00,2.4209251,2.083222,3.405115,4.6473885,3.7848904,2.8667004
2076-05-10 12:00:00,1.7979009,1.6697531,1.7535889,2.74599,7.3697014,2.1582997
2076-05-11 12:00:00,1.4746587,1.6488512,3.9350882,3.3405871,5.425147,2.5351775
2076-05-12 12:00:00,2.304662,2.1847363,3.1931767,3.0056932,3.055561,2.3274312
2076-05-13 12:00:00,2.7257476,2.2988744,4.3631973,2.8449268,2.6259909,2.8015184
2076-05-14 12:00:00,1.5624738,1.5504903,2.866018,3.6820166,3.8467236,2.8316603
2076-05-15 12:00:00,1.734005,1.6796644,3.7660844,4.062389,4.1379037,3.1951253
2076-05-16 12:00:00,1.2195299,1.3082132,3.2077854,3.8661554,2.7460847,2.8097007
2076-05-17 12:00:00,1.174685,1.28282,3.6343591,3.5581336,3.351366,2.7242713
2076-05-18 12:00:00,2.2282724,2.212077,4.6959887,3.4992592,3.8958986,3.9698813
2076-05-19 12:00:00,4.1119776,3.3267038,4.4036727,4.4402456,4.9781857,3.4717505
2076-05-20 12:00:00,2.173367,1.6371865,3.3850324,3.444542,3.6244595,1.9634223
2076-05-21 12:00:00,2.489132,2.3348532,3.356151,3.2244806,3.5951517,3.3932474
2076-05-22 12:00:00,1.9004047,1.613755,2.5839925,2.7195108,3.5944135,1.8100687
2076-05-23 12:00:00,1.1662287,1.2929703,1.990122,1.991406,2.3495002,1.474026
2076-05-24 12:00:00,1.2050562,1.2545576,2.6213164,2.247154,2.3638163,1.9313346
2076-05-25 12:00:00,2.2809708,2.124401,3.3140857,3.0766058,2.384214,2.9871304
2076-05-26 12:00:00,1.8775294,1.7167364,2.1433482,3.2354622,2.5704334,1.5256374
2076-05-27 12:00:00,1.4007561,1.2804418,2.0388772,2.5776389,1.9566138,1.3898941
2076-05-28 12:00:00,1.5996143,1.5582825,2.1778514,2.354055,2.302076,1.407428
2076-05-29 12:00:00,2.6395588,2.4089916,2.814156,4.2367964,3.9888992,2.7956238
2076-05-30 12:00:00,2.2539573,2.0943444,4.0184493,3.7857935,6.1391306,3.021715
2076-05-31 12:00:00,1.9797441,1.4026142,3.6322923,2.5898721,6.261576,2.5593407
2076-06-01 12:00:00,1.2188858,1.2048631,3.333346,2.4922838,4.742638,2.0838366
2076-06-02 12:00:00,2.3034368,1.934459,3.387232,2.4354763,2.3035161,2.0929751
2076-06-03 12:00:00,2.6165562,2.0988908,2.9125822,2.4866858,2.825998,2.0276105
2076-06-04 12:00:00,1.8448391,1.4499906,2.6480558,2.4131622,3.5818272,1.7229496
2076-06-05 12:00:00,1.6231971,1.4432529,3.298134,4.158859,5.859697,2.5920491
2076-06-06 12:00:00,1.3183775,1.4927999,3.5309212,4.079522,5.8336263,2.714774
2076-06-07 12:00:00,1.7566028,1.7467219,3.0271037,5.200622,3.9001484,2.2483928
2076-06-08 12:00:00,1.1998281,1.2537776,2.0630631,4.2321534,4.130356,1.4839199
2076-06-09 12:00:00,2.2746322,2.228699,3.2951615,4.622088,4.152062,2.9994693
2076-06-10 12:00:00,3.2972243,2.8596148,3.696666,5.9844317,4.522523,2.9690852
2076-06-11 12:00:00,2.8021207,2.3813665,3.1844392,4.1384325,4.8065968,1.8195051
2076-06-12 12:00:00,0.95487094,1.1282349,1.8490787,2.1342983,5.3185654,1.4132898
2076-06-13 12:00:00,2.1154084,2.1669393,1.7929602,3.782312,4.3900175,1.6806548
2076-06-14 12:00:00,1.939872,1.7091784,1.9035178,4.0610404,3.562031,1.4340069
2076-06-15 12:00:00,3.7148297,2.8679385,3.8472803,3.9945703,2.7424672,1.982974
2076-06-16 12:00:00,3.3209484,2.6403947,5.061702,3.9575782,2.2362416,2.1306734
2076-06-17 12:00:00,1.9181752,1.7921379,3.9988596,2.8755531,2.020604,1.6338348
2076-06-18 12:00:00,1.6929789,1.9608544,2.3722477,2.9596274,2.9604802,1.5484923
2076-06-19 12:00:00,2.8351407,2.585602,3.7761261,4.7215643,4.8623033,3.3712482
2076-06-20 12:00:00,3.1187189,2.5661936,3.4425988,4.0332184,4.8554497,2.7414489
2076-06-21 12:00:00,2.2432559,2.0443053,2.280342,2.8949833,4.248239,2.163938
2076-06-22 12:00:00,1.9136217,1.529482,2.743268,2.8770475,4.1633716,2.6573234
2076-06-23 12:00:00,1.5744747,1.4341489,2.8791258,3.1060658,4.58762,2.1113265
2076-06-24 12:00:00,2.2624474,2.0864828,2.8065314,2.8409498,3.8902042,2.418557
2076-06-25 12:00:00,1.6708373,1.7333955,2.805032,2.2357237,3.1265213,1.601164
2076-06-26 12:00:00,1.828763,2.0478146,2.4294143,2.5756156,3.2583556,1.6756581
2076-06-27 12:00:00,1.556885,1.3904035,2.2523448,2.1928415,3.8944144,1.3113703
2076-06-28 12:00:00,1.1934694,1.5369028,2.9409046,3.1816876,3.046345,1.4887007
2076-06-29 12:00:00,2.2828374,2.199768,3.3417797,3.4115653,3.4168584,2.3140535
2076-06-30 12:00:00,1.8131993,1.794949,3.4691722,3.7878563,4.974103,2.1449244
2076-07-01 12:00:00,2.792563,1.9232091,4.0653353,2.9263275,3.7609284,2.9361775
2076-07-02 12:00:00,2.2688763,1.9925395,4.1101804,4.2693777,3.4037812,2.1452026
2076-07-03 12:00:00,2.3946965,2.0748847,4.0245814,4.0049844,4.3475432,3.2836604
2076-07-04 12:00:00,2.534222,2.2072506,4.68185,3.3201725,3.1942716,2.4951277
2076-07-05 12:00:00,3.3330398,2.9257364,3.8137393,3.9727352,3.5188122,2.8496609
2076-07-06 12:00:00,2.5707603,2.1927342,3.7321315,2.1949034,2.6325395,2.0181694
2076-07-07 12:00:00,1.0564129,1.2873077,2.6014392,2.2990773,2.9838083,1.6868689
2076-07-08 12:00:00,1.8650603,1.6553231,2.892044,2.207277,4.1921325,2.2668793
2076-07-09 12:00:00,2.0411174,1.612757,2.4973917,2.2665544,4.6508436,1.7094753
2076-07-10 12:00:00,2.0241764,1.5040771,1.9853735,2.6234918,4.880229,1.3754019
2076-07-11 12:00:00,1.5720539,1.3440719,1.5663337,2.7209756,4.308599,1.3187083
2076-07-12 12:00:00,1.452655,1.3265878,2.046264,2.7771676,4.5386877,1.3596762
2076-07-13 12:00:00,1.8762193,1.8527794,2.8236077,4.076674,4.7372417,2.3054817
2076-07-14 12:00:00,2.461879,2.2337806,3.532614,3.8767948,4.338627,3.1196418
2076-07-15 12:00:00,2.2466903,1.876488,3.3369217,4.1309714,3.4922714,2.753348
2076-07-16 12:00:00,1.6330434,1.4758646,2.628855,3.889258,2.180098,2.181878
2076-07-17 12:00:00,1.6821743,1.7469746,3.5523245,3.9831355,2.140706,2.4546797
2076-07-18 12:00:00,1.454103,1.5750214,2.6210055,3.9157255,2.4840071,1.3834012
2076-07-19 12:00:00,0.9886209,1.0875582,3.6115298,3.9622161,2.4690187,1.8348689
2076-07-20 12:00:00,0.8431053,1.1208966,4.0795336,4.382154,2.8658042,2.6232016
2076-07-21 12:00:00,1.4229417,1.5050136,3.866051,3.9930522,3.5347495,2.491182
2076-07-22 12:00:00,1.10251,1.2499248,2.4204159,3.1551363,3.031091,1.781334
2076-07-23 12:00:00,2.0395882,1.9614365,4.343259,2.9124374,3.9585505,3.1501546
2076-07-24 12:00:00,1.9545037,2.0415614,2.323262,2.4091337,2.5092223,2.0566025
2076-07-25 12:00:00,2.071759,2.050576,3.0467806,2.2168984,1.9844906,2.456472
2076-07-26 12:00:00,3.7436845,3.2702098,4.9356756,4.1482773,3.2751956,3.1365318
2076-07-27 12:00:00,4.033321,3.4446118,4.142085,7.0128217,5.4488797,3.5586941
2076-07-28 12:00:00,2.5001829,2.2432532,5.3113985,3.7959251,4.0547805,3.1566193
2076-07-29 12:00:00,1.951568,2.069325,4.3460665,3.4798381,2.277179,2.6326625
2076-07-30 12:00:00,2.056201,1.8775226,4.0265956,3.1645696,3.783431,2.9243245
2076-07-31 12:00:00,2.9166887,2.3348694,5.044921,3.9659736,4.274301,3.6667807
2076-08-01 12:00:00,3.2319436,2.7869608,4.5450726,4.5859547,2.9376683,3.6029859
2076-08-02 12:00:00,2.0532699,1.8105255,3.2125204,3.0630243,3.3481457,2.3116982
2076-08-03 12:00:00,2.3479679,1.9314309,4.103616,3.6294658,2.8123243,2.3037374
2076-08-04 12:00:00,1.9530492,1.9670552,3.130475,3.0049858,2.5874262,2.2818537
2076-08-05 12:00:00,1.5479964,1.4575247,3.1015952,2.676138,2.4732249,2.7542436
2076-08-06 12:00:00,2.432281,2.026293,3.0365171,3.2047794,2.5883815,2.543856
2076-08-07 12:00:00,1.9793358,1.5367693,3.4630299,1.9886692,1.8314348,2.2771182
2076-08-08 12:00:00,2.2124689,1.8454405,3.5577457,3.3507502,2.5996027,2.4612484
2076-08-09 12:00:00,2.8027856,2.3059509,5.548359,3.234203,3.1297333,3.3726175
2076-08-10 12:00:00,2.2978916,2.3031185,5.231879,5.1766577,5.8567033,3.1000586
2076-08-11 12:00:00,3.0601323,2.7601333,6.5151043,5.1892657,7.325608,4.4298606
2076-08-12 12:00:00,3.3178225,3.0284853,5.5932684,4.791055,7.6481686,3.7854517
2076-08-13 12:00:00,1.4349235,1.5292255,3.2656097,2.3890047,5.495367,1.8693072
2076-08-14 12:00:00,1.596432,1.6902775,2.8576221,4.078332,4.6571054,2.43594
2076-08-15 12:00:00,1.6340175,1.3955086,2.9324875,2.2284281,3.24952,2.294566
2076-08-16 12:00:00,1.2109746,1.1780804,2.414365,1.5795757,2.0607512,1.4553878
2076-08-17 12:00:00,1.5633676,1.2987646,4.232892,2.3391924,2.2963872,2.637802
2076-08-18 12:00:00,3.4728954,2.714088,4.4603143,3.1918333,3.0208025,3.198945
2076-08-19 12:00:00,3.479615,2.9384403,4.248146,4.9135685,3.918317,3.9416683
2076-08-20 12:00:00,3.9877636,3.4709325,4.3335276,5.3830256,5.6899967,3.7582817
2076-08-21 12:00:00,2.4321423,2.1348276,3.1695564,2.6186953,4.9967375,2.144482
2076-08-22 12:00:00,1.3751822,1.0742197,1.98782,2.4970078,3.2829306,1.1927868
2076-08-23 12:00:00,2.2408576,1.7287936,2.9073315,2.334026,3.441167,1.7496113
2076-08-24 12:00:00,4.0137496,2.936918,3.458996,2.8956008,3.0755773,1.8328807
2076-08-25 12:00:00,2.0443318,1.7540306,2.1621509,3.4619226,3.4353101,1.7446012
2076-08-26 12:00:00,1.5150726,1.7203512,3.195569,3.0066862,4.514902,2.3533742
2076-08-27 12:00:00,1.1690938,1.2319355,4.1755652,3.2529814,3.9297254,2.6258583
2076-08-28 12:00:00,1.310771,1.2852273,3.5784135,2.5189714,3.4732332,2.342581
2076-08-29 12:00:00,1.5154734,1.3337054,2.8535445,2.31884,2.9780676,1.642782
2076-08-30 12:00:00,2.7415175,2.3227496,4.482389,3.0274239,2.4436197,2.1526923
2076-08-31 12:00:00,3.959384,3.327191,4.436033,4.039333,2.490776,2.79069
2076-09-01 12:00:00,1.8408625,1.685295,1.877154,3.2379754,3.0483134,1.423158
2076-09-02 12:00:00,1.6515942,1.3211718,2.1792135,3.9633622,3.1895218,1.8494073
2076-09-03 12:00:00,2.053441,2.1531196,2.5530498,5.036238,2.8845804,3.7065434
2076-09-04 12:00:00,2.8315053,2.4279096,2.96417,4.313039,4.247341,3.4133902
2076-09-05 12:00:00,2.5558496,1.9631144,2.5415552,3.2466881,3.6788285,1.9400079
2076-09-06 12:00:00,1.7432888,1.4440254,2.7405005,2.3454413,2.3426747,1.7803484
2076-09-07 12:00:00,1.4951354,1.4575994,2.7125454,4.8018527,2.9781637,2.3785167
2076-09-08 12:00:00,0.81014544,1.0956806,2.3262994,3.8884428,2.8325381,1.6789429
2076-09-09 12:00:00,0.9921639,1.0772051,2.7491288,3.3913882,2.850273,2.3880136
2076-09-10 12:00:00,0.9716115,0.953299,2.9714787,2.0330794,1.8458645,2.4577363
2076-09-11 12:00:00,1.764497,1.3757533,2.81635,2.4150896,3.3470755,2.801913
2076-09-12 12:00:00,2.4343784,2.1459823,2.3681436,3.3859055,4.1627464,2.1104589
2076-09-13 12:00:00,1.4905944,1.3187689,2.3361647,2.6770349,6.3686094,1.8233159
2076-09-14 12:00:00,1.4116893,1.1292179,2.330375,2.3880007,3.9905264,2.6296253
2076-09-15 12:00:00,1.001476,0.8695245,1.6860943,1.9646748,3.9302485,1.7142608
2076-09-16 12:00:00,2.1336107,1.7536982,2.3825908,2.531685,3.3970935,2.2692685
2076-09-17 12:00:00,2.2864585,2.4655352,4.912371,4.8561425,4.5123687,4.48452
2076-09-18 12:00:00,2.6962087,2.563057,3.9231138,4.4187417,5.556224,2.784319
2076-09-19 12:00:00,3.321808,2.6381903,5.1560764,4.3104177,4.4680204,4.2333813
2076-09-20 12:00:00,2.6685433,2.1121323,2.5621529,4.6988573,3.7212386,2.8084514
2076-09-21 12:00:00,1.9695199,1.5530825,2.6241376,2.5796828,2.6340811,1.5928674
2076-09-22 12:00:00,0.92914027,1.2134271,2.4866354,3.7278638,2.2149425,1.7597953
2076-09-23 12:00:00,2.1678083,1.6939161,2.6548502,3.1199424,3.5068076,2.1165705
2076-09-24 12:00:00,2.1819148,1.8337263,2.6496396,2.6708827,2.871311,1.7257116
2076-09-25 12:00:00,1.9762157,1.7103505,2.6684403,2.8392394,1.827493,1.7656577
2076-09-26 12:00:00,1.7427351,1.4197543,2.4792492,2.2704897,2.9329765,1.8292617
2076-09-27 12:00:00,1.07619,0.9630486,2.1178055,1.7533685,4.478771,1.1248087
2076-09-28 12:00:00,1.2132645,1.3412,1.8184234,3.7931004,5.989134,1.4278631
2076-09-29 12:00:00,2.3120894,2.6351893,3.7720292,5.831316,5.987759,3.0332446
2076-09-30 12:00:00,2.9506392,2.8514125,3.3191376,4.078233,5.3440905,2.7255876
2076-10-01 12:00:00,1.6627223,1.6761124,1.9731548,1.9822562,3.0774155,1.1538455
2076-10-02 12:00:00,1.1026559,0.9048092,2.547109,1.5232067,1.9591084,1.0261964
2076-10-03 12:00:00,0.75825393,0.75696576,2.0649452,1.7753258,2.5943573,1.2268306
2076-10-04 12:00:00,1.0993387,1.3863614,2.6784275,2.8086088,4.3784943,2.2406673
2076-10-05 12:00:00,1.5622041,1.4921007,2.8275983,3.9866393,3.6860402,2.3976057
2076-10-06 12:00:00,2.300311,1.8944297,4.8240604,4.6269917,3.2661464,3.2371387
2076-10-07 12:00:00,2.8005247,2.0531092,4.7045693,4.3278356,2.5189998,3.8975139
2076-10-08 12:00:00,2.9638972,2.0392325,3.7231073,2.9015973,3.821116,2.4158857
2076-10-09 12:00:00,3.7823954,3.3127482,5.605208,5.5262847,4.2464237,4.0003853
2076-10-10 12:00:00,2.0866418,1.7646844,3.5585082,5.8265247,5.8360324,2.9129293
2076-10-11 12:00:00,1.2414275,1.1541932,2.4625995,4.9316688,5.8872614,2.059464
2076-10-12 12:00:00,1.1310318,1.2263691,2.1285272,3.6924183,4.43971,1.4913932
2076-10-13 12:00:00,0.9580165,1.032744,2.530535,2.127472,4.7646103,1.3644705
2076-10-14 12:00:00,1.6081995,1.7423414,4.814249,3.229311,4.587851,3.367391
2076-10-15 12:00:00,2.1562717,1.7089851,3.0832455,3.7342005,4.666578,2.2005005
2076-10-16 12:00:00,1.8505611,1.8503859,2.6460655,4.4932256,4.981216,1.8098226
2076-10-17 12:00:00,2.4910016,2.038216,5.0010743,3.9739432,4.0140924,2.4755018
2076-10-18 12:00:00,1.4389646,1.2641568,3.0746133,3.0505524,3.30975,2.356252
2076-10-19 12:00:00,1.2829204,1.2137233,2.5443952,2.9339957,3.009483,1.2121181
2076-10-20 12:00:00,3.1676426,2.3523364,3.8527384,3.7936363,2.940115,1.7681437
2076-10-21 12:00:00,2.9780033,2.1502457,4.7910566,4.063284,3.756004,2.3283057
2076-10-22 12:00:00,1.5850078,1.4505334,4.451787,4.1552706,5.4244018,2.7926915
2076-10-23 12:00:00,1.1597867,1.6459689,5.4712534,3.974758,6.3366075,3.4566672
2076-10-24 12:00:00,0.96012414,1.1461486,3.8671117,3.5623662,3.9026706,2.8684862
2076-10-25 12:00:00,1.820467,1.8363122,5.7298465,4.963227,4.114624,3.699579
2076-10-26 12:00:00,3.2153566,2.7178729,5.6218843,4.8107815,5.6656947,3.1212986
2076-10-27 12:00:00,3.980937,3.6037548,7.62734,7.091038,6.40387,4.1782155
2076-10-28 12:00:00,3.6824484,3.3272412,6.8266883,5.487564,6.6439905,3.2922847
2076-10-29 12:00:00,2.5629263,2.4814887,5.7912755,5.191241,6.592838,3.6827245
2076-10-30 12:00:00,2.6658478,2.7827127,6.8970175,6.21858,5.510655,5.260427
2076-10-31 12:00:00,2.0390067,2.1288943,3.4574573,6.132057,4.9683037,4.0460005
2076-11-01 12:00:00,1.6292198,1.7995491,3.45854,3.2238948,4.5573435,2.255973
2076-11-02 12:00:00,2.7414823,2.4757535,3.0984383,2.6546102,3.2603784,2.0787163
2076-11-03 12:00:00,2.1664977,1.9237134,3.9452822,3.8079822,4.5449276,3.643128
2076-11-04 12:00:00,1.4910555,1.3376145,3.5364246,3.7219286,2.4936874,2.1565456
2076-11-05 12:00:00,3.0663593,2.528478,4.6399636,3.2576911,3.185693,2.1057372
2076-11-06 12:00:00,1.0301329,1.3052335,3.7979121,4.1396184,4.727371,3.4620707
2076-11-07 12:00:00,2.140659,1.8790092,4.8711224,3.6630225,4.0449357,2.830596
2076-11-08 12:00:00,2.647473,2.2246196,4.399909,2.9921896,3.7792692,2.583479
2076-11-09 12:00:00,3.8462524,3.096737,5.2462993,4.2406106,3.1293418,2.8288875
2076-11-10 12:00:00,2.8755379,2.638691,3.3283024,4.743866,4.750335,2.4003923
2076-11-11 12:00:00,1.7918015,1.730909,3.8832996,3.4994316,6.3899565,2.5747705
2076-11-12 12:00:00,1.8988006,1.5764284,3.0923688,2.336974,4.6784477,1.8542775
2076-11-13 12:00:00,2.0742893,1.993587,2.2085264,2.470965,3.7719154,1.784031
2076-11-14 12:00:00,1.8116095,1.8035576,2.3395936,2.9116783,3.4176993,1.8182831
2076-11-15 12:00:00,1.131428,1.5018785,2.9035769,3.253009,2.169501,1.7962629
2076-11-16 12:00:00,1.149509,1.2305704,5.064173,2.6912577,4.260619,2.2350392
2076-11-17 12:00:00,2.4062705,1.94442,6.2809606,4.339145,4.5984244,3.028206
2076-11-18 12:00:00,1.64816,1.3583297,4.618019,3.7857742,4.9397316,2.9440546
2076-11-19 12:00:00,3.2254739,2.5180597,4.2603297,3.8237927,5.007754,2.19391
2076-11-20 12:00:00,1.792836,1.6916176,3.1550975,2.9017725,5.8172584,1.7053548
2076-11-21 12:00:00,0.80009115,1.0092527,2.3895378,2.729805,4.5411677,2.478677
2076-11-22 12:00:00,2.2921212,2.2067585,5.739557,5.0062585,4.694425,4.225921
2076-11-23 12:00:00,4.347991,3.252701,4.5517087,4.208077,6.6482396,2.0234656
2076-11-24 12:00:00,1.2266115,1.1460223,2.7391045,3.967954,6.7098975,1.8571402
2076-11-25 12:00:00,2.5781064,2.251292,5.891712,4.471664,6.6562433,3.9820516
2076-11-26 12:00:00,4.0925107,3.384354,4.4960747,5.2704024,5.381451,2.5085468
2076-11-27 12:00:00,2.5997221,2.1774647,3.8165867,4.37218,6.4564514,3.1535697
2076-11-28 12:00:00,0.6366674,0.84191406,2.471306,3.8540158,4.84884,2.2955303
2076-11-29 12:00:00,0.9281857,0.9079926,3.9321365,4.609937,4.790512,2.9911032
2076-11-30 12:00:00,1.3868682,1.1954765,5.278839,2.9502187,5.1742034,2.584007
2076-12-01 12:00:00,1.5471978,1.3352613,3.0665731,2.072781,3.7857807,1.5310037
2076-12-02 12:00:00,1.7902427,1.5097147,3.0056536,3.0030565,5.804218,2.1212397
2076-12-03 12:00:00,1.1079146,1.0410259,3.231489,5.2949977,5.6237717,3.0264304
2076-12-04 12:00:00,2.287012,2.311379,5.496411,7.5535727,8.119927,5.503485
2076-12-05 12:00:00,2.2396896,2.1329606,3.6748471,5.9221706,8.026769,2.6404812
2076-12-06 12:00:00,3.6181576,3.391454,6.7482862,8.379659,8.658643,5.8194456
2076-12-07 12:00:00,2.2279623,2.1430764,5.2144485,7.6052556,7.9146132,3.7377014
2076-12-08 12:00:00,1.6583419,1.4458781,3.997752,5.3367696,5.0437474,2.0739958
2076-12-09 12:00:00,1.1593168,1.0710745,3.0437331,4.161358,3.8092875,2.5804682
2076-12-10 12:00:00,1.906903,1.7299756,2.9114847,3.7819076,3.537691,2.4002156
2076-12-11 12:00:00,1.2745837,1.3692404,3.3919053,3.4604452,3.6351483,2.049871
2076-12-12 12:00:00,3.5933318,2.5134504,3.1178317,2.6719248,3.1699402,1.8919408
2076-12-13 12:00:00,2.1039972,2.2483003,2.6000288,2.94316,3.3231666,1.9252172
2076-12-14 12:00:00,1.5502517,1.6686382,2.9546745,2.7634552,2.6928139,2.1107862
2076-12-15 12:00:00,2.1121418,2.5879269,3.6608186,4.9296947,4.5610127,2.3621151
2076-12-16 12:00:00,1.556857,1.6985688,4.027899,2.7542315,3.9713283,2.4295921
2076-12-17 12:00:00,2.8364556,1.9898608,5.5001235,3.6784925,3.2427642,2.5229309
2076-12-18 12:00:00,3.940044,2.9734526,3.9202025,5.185431,4.0872025,2.7136939
2076-12-19 12:00:00,3.0272102,2.8748348,5.529156,6.1881933,4.879597,3.8956609
2076-12-20 12:00:00,1.3514708,1.7005742,3.497084,6.2550464,6.6026225,3.2973065
2076-12-21 12:00:00,0.9002951,0.9955469,3.387142,4.8816123,6.6078434,3.14586
2076-12-22 12:00:00,1.6236606,1.739896,4.20598,5.078498,6.4006596,2.4531736
2076-12-23 12:00:00,2.5650935,2.0958645,4.600459,3.372864,6.9427347,2.282626
2076-12-24 12:00:00,1.6368068,1.6494026,4.8390865,4.316549,5.7656555,3.4505687
2076-12-25 12:00:00,3.3305655,2.9816291,7.491887,4.7864113,4.357462,4.073024
2076-12-26 12:00:00,1.492893,1.6214652,4.1210694,4.149443,5.544131,3.2175388
2076-12-27 12:00:00,2.5351405,2.2089384,4.1752367,5.915586,5.261629,2.869628
2076-12-28 12:00:00,0.87854564,1.0855887,2.1646585,4.7981887,6.9676323,2.122024
2076-12-29 12:00:00,1.7904103,1.6670651,3.095455,3.7554324,3.6782365,2.0155954
2076-12-30 12:00:00,1.5422359,1.3737779,3.475498,5.552299,3.8080204,2.9136043
2076-12-31 12:00:00,1.1267109,1.1580682,3.9175825,4.079149,4.8882275,2.5207973
2077-01-01 12:00:00,1.1878815,1.348201,2.6163404,5.671081,5.7049513,2.1138744
2077-01-02 12:00:00,0.9590783,1.2973399,2.9122283,6.161458,4.6212583,2.913675
2077-01-03 12:00:00,0.97929746,1.1987599,3.8835244,3.7194648,4.5051575,3.1751678
2077-01-04 12:00:00,1.4673162,1.1724737,4.4249673,2.809252,4.512639,2.2268186
2077-01-05 12:00:00,3.9022887,2.679228,5.7772617,3.6410568,3.5181253,3.1504848
2077-01-06 12:00:00,2.120698,1.883485,3.9597797,3.5190573,4.437663,2.7907557
2077-01-07 12:00:00,2.63581,1.768978,3.6699104,2.156541,3.768424,1.6214843
2077-01-08 12:00:00,1.5128427,1.3282998,2.2915955,2.5934114,3.267791,1.6595837
2077-01-09 12:00:00,0.9713317,1.0545858,2.1570964,2.9236743,4.97271,1.9740673
2077-01-10 12:00:00,0.8423163,1.0222507,4.3408203,2.477218,3.0319006,2.5350838
2077-01-11 12:00:00,1.1473484,1.0520511,4.4303284,3.219812,2.752477,2.6189268
2077-01-12 12:00:00,1.5653067,1.4637,5.2468796,5.028231,3.273515,3.5719938
2077-01-13 12:00:00,1.1973767,1.6289134,3.2409797,5.967397,4.2729807,2.723502
2077-01-14 12:00:00,2.311686,2.4796479,6.2464867,5.4155526,6.946954,4.8391714
2077-01-15 12:00:00,1.6288115,1.6976422,3.7353623,6.5815063,6.556198,3.0605078
2077-01-16 12:00:00,1.3739651,1.3491795,3.1285791,5.586977,6.212223,2.0385067
2077-01-17 12:00:00,2.7322836,1.9219929,3.433236,4.319705,5.490837,1.6748812
2077-01-18 12:00:00,2.6258478,1.9678087,3.5677855,5.7158303,4.861662,3.163376
2077-01-19 12:00:00,2.9145396,2.7285242,5.68465,6.930209,5.1362724,4.622533
2077-01-20 12:00:00,1.8161315,1.6264185,3.0565765,4.244123,4.764414,2.3806317
2077-01-21 12:00:00,1.1636498,1.348336,3.007079,5.2213974,4.684204,2.1184766
2077-01-22 12:00:00,1.7069345,1.927328,4.298489,5.1720657,4.9295707,2.5617573
2077-01-23 12:00:00,2.0165267,2.04384,3.0557697,3.5552595,3.4865432,2.3462079
2077-01-24 12:00:00,2.1069741,1.9222364,3.0109282,2.6009853,2.7201865,1.7341466
2077-01-25 12:00:00,0.88995534,1.1718931,2.3734813,2.4094713,3.116566,1.3640269
2077-01-26 12:00:00,1.374475,1.4491326,4.2846746,4.727667,3.5189068,3.9374726
2077-01-27 12:00:00,5.7187443,4.795582,5.504748,7.737429,3.9589617,4.5066724
2077-01-28 12:00:00,2.7948484,2.2047899,5.457053,3.3305163,7.4124336,3.1918087
2077-01-29 12:00:00,1.371179,1.4819674,2.624718,4.1977925,7.870334,2.5265195
2077-01-30 12:00:00,0.92205846,1.252267,2.8212936,6.9496355,5.813518,2.7673352
2077-01-31 12:00:00,0.74586046,1.0446118,2.9787335,5.350224,4.447562,3.1945348
2077-02-01 12:00:00,1.5050505,1.4650749,4.714849,6.0221906,5.565343,4.340149
2077-02-02 12:00:00,3.111896,2.1815238,5.106377,3.5852547,4.899818,3.31682
2077-02-03 12:00:00,1.9777555,1.988804,5.145094,4.4796495,3.768519,3.4764555
2077-02-04 12:00:00,2.2083268,2.2270114,4.223443,3.3556335,3.9418786,2.6337786
2077-02-05 12:00:00,1.1653247,1.1785542,2.5639536,2.6077628,5.201196,2.2591584
2077-02-06 12:00:00,1.1927316,1.2208325,4.541455,4.7270746,4.933585,3.6416256
2077-02-07 12:00:00,2.0720441,1.919427,5.529379,3.9396503,3.332113,3.1348932
2077-02-08 12:00:00,1.4221566,1.4467711,2.469297,2.5720904,4.088433,1.8422186
2077-02-09 12:00:00,0.9351823,0.87627757,3.9014828,2.6605644,3.6371021,2.3248012
2077-02-10 12:00:00,0.7210867,0.842361,4.0116906,3.787101,3.6567597,2.9549496
2077-02-11 12:00:00,0.9394254,0.8925549,4.4488616,3.3350134,3.251711,3.1464663
2077-02-12 12:00:00,1.5984987,1.4390215,4.8960466,3.5230904,4.3334394,3.2273946
2077-02-13 12:00:00,1.3739069,1.2604009,3.7565007,2.6284714,3.423214,2.3908486
2077-02-14 12:00:00,2.355208,1.8937738,4.418843,4.1847525,2.7860315,2.6539187
2077-02-15 12:00:00,2.3055072,2.0781822,4.1817355,4.960501,2.806775,1.9420104
2077-02-16 12:00:00,2.633672,1.9112325,3.491649,3.3323,3.4966211,2.9139388
2077-02-17 12:00:00,1.06959,1.1115232,1.9993957,3.464203,5.741713,1.4370536
2077-02-18 12:00:00,0.7316506,1.0071383,2.0809414,3.547031,4.999901,1.7951872
2077-02-19 12:00:00,1.0876678,0.96766144,4.656348,2.667565,3.904463,2.4389467
2077-02-20 12:00:00,2.5732818,2.3308527,7.4707866,5.2810683,5.5568085,4.1758256
2077-02-21 12:00:00,2.61841,2.654395,6.519954,5.636059,7.5182786,4.6056347
2077-02-22 12:00:00,1.1217902,1.18511,4.183961,4.82143,6.274928,2.9547455
2077-02-23 12:00:00,0.58265114,0.76578707,3.9653654,4.1025147,4.596994,1.991904
2077-02-24 12:00:00,1.2870003,1.1792231,3.0490687,5.0302234,4.832823,2.8428853
2077-02-25 12:00:00,2.9229288,2.8744755,5.5302787,7.8279495,5.250672,4.5364027
2077-02-26 12:00:00,4.534612,4.5023775,5.6388435,7.1105714,5.4626794,4.242521
2077-02-27 12:00:00,2.649582,2.18783,2.345951,2.4104629,5.365529,1.8398024
2077-02-28 12:00:00,0.7213069,1.030467,1.9864028,5.96854,4.729853,2.0349934
2077-03-01 12:00:00,0.93390816,1.7845774,2.2105346,5.1002197,4.511094,1.8362771
2077-03-02 12:00:00,1.1358948,1.694871,2.0209596,2.811711,4.653367,1.6072608
2077-03-03 12:00:00,0.7857015,0.9205999,2.4569538,3.9498413,5.1010704,2.830028
2077-03-04 12:00:00,0.83444047,1.137109,2.6499095,6.1313615,5.798113,3.1569364
2077-03-05 12:00:00,1.3430402,1.3778919,2.1181414,5.4790144,6.8009157,1.9941729
2077-03-06 12:00:00,0.9238086,1.0226724,2.6773958,2.7054107,6.5945945,2.3261778
2077-03-07 12:00:00,1.2714026,1.2161388,3.8348818,3.8471591,5.3576565,3.3848157
2077-03-08 12:00:00,2.4138262,2.6367202,4.804585,5.231036,3.1867363,3.6209433
2077-03-09 12:00:00,1.9427108,2.270512,2.3991385,4.2812643,3.5161166,1.768204
2077-03-10 12:00:00,1.0201409,1.0930996,2.7125545,4.2598314,3.672371,3.072628
2077-03-11 12:00:00,2.0230882,1.8773307,3.4724834,4.9963365,6.949757,2.2356515
2077-03-12 12:00:00,1.1910683,1.4152126,2.1531641,6.2734466,10.364001,3.0887592
2077-03-13 12:00:00,2.6220162,2.1642246,3.6108282,5.477427,9.046243,3.6625462
2077-03-14 12:00:00,3.1412375,2.392099,3.6130154,5.1372533,8.821787,3.5151823
2077-03-15 12:00:00,4.172227,4.0064397,7.111877,7.804035,10.170091,5.818378
2077-03-16 12:00:00,3.5608969,2.8661673,5.128247,3.8730206,7.6021204,3.2094297
2077-03-17 12:00:00,2.4216976,2.0350506,3.097198,4.0552273,7.519318,2.7195544
2077-03-18 12:00:00,1.641679,1.6721929,4.715466,3.468678,4.0104747,3.3185952
2077-03-19 12:00:00,2.2120814,1.833402,3.2472064,2.5555124,3.8154922,1.7666413
2077-03-20 12:00:00,1.3413234,1.2865458,2.8053892,2.8911316,2.8182104,1.601083
2077-03-21 12:00:00,2.8894951,2.1542103,3.5441825,2.4903796,3.4981272,1.9165704
2077-03-22 12:00:00,2.573613,2.212585,2.0546913,3.4601924,3.457701,1.5782435
2077-03-23 12:00:00,1.4711576,1.459982,1.650167,2.293163,3.382138,1.0249192
2077-03-24 12:00:00,1.4439462,1.1708924,2.6975842,1.9798836,2.5373394,1.433634
2077-03-25 12:00:00,1.768105,1.5248892,2.6103492,2.2190626,2.903577,1.5074346
2077-03-26 12:00:00,1.3045552,1.0305521,2.484801,2.3493588,3.987068,1.6281077
2077-03-27 12:00:00,0.8761837,1.0312272,2.7575283,2.7871416,3.9261692,2.1990201
2077-03-28 12:00:00,0.747607,0.91373587,2.5679936,3.0587966,4.536387,2.3385224
2077-03-29 12:00:00,0.756714,0.8206694,2.0839193,4.154408,5.7204623,1.5922601
2077-03-30 12:00:00,0.8637856,0.85156286,2.8122458,2.9367106,4.8880877,1.5287848
2077-03-31 12:00:00,0.8099456,0.9345487,4.253442,2.0151336,4.606766,2.1592553
2077-04-01 12:00:00,1.1466309,1.1348965,5.137107,2.1824691,3.2500865,2.513241
2077-04-02 12:00:00,1.6973162,1.3360392,4.134538,1.8472905,3.3048408,2.1324372
2077-04-03 12:00:00,1.7116555,1.2449244,2.8700454,2.5452323,4.375959,1.5226927
2077-04-04 12:00:00,1.6538029,1.145696,2.5506642,2.6348183,3.5426555,1.682406
2077-04-05 12:00:00,1.0900443,1.2320927,2.241351,2.4474928,4.990653,1.6870437
2077-04-06 12:00:00,1.9078082,1.9173298,2.6925788,4.218253,4.416987,2.4264226
2077-04-07 12:00:00,1.031024,1.0461253,2.298688,2.4448829,4.787472,1.6114849
2077-04-08 12:00:00,1.7359207,1.2867457,2.724912,3.3893116,4.614063,1.5894349
2077-04-09 12:00:00,2.8786616,2.0428674,3.4174893,4.9981894,4.333083,1.7705678
2077-04-10 12:00:00,4.0067844,3.255807,3.4445672,6.827495,3.1624684,2.4333627
2077-04-11 12:00:00,3.9061968,3.2476702,4.19609,4.786234,2.4565558,2.390803
2077-04-12 12:00:00,2.3520346,1.9223876,2.6614714,2.5409665,5.401527,2.0492303
2077-04-13 12:00:00,1.5386351,1.3912925,2.776552,5.0773916,7.3951106,2.945271
2077-04-14 12:00:00,2.9517379,2.6942754,3.9881892,6.455428,4.777753,3.324243
2077-04-15 12:00:00,2.3735902,2.3514063,4.0217056,5.7373614,4.358951,2.8758514
2077-04-16 12:00:00,2.7688627,2.5615973,5.3798146,4.5186825,3.2480786,3.7538586
2077-04-17 12:00:00,1.8791816,1.8054161,3.7794838,2.713857,3.2371192,2.369992
2077-04-18 12:00:00,3.0308938,2.6220536,3.4603612,2.5736547,3.8700435,2.4378865
2077-04-19 12:00:00,1.1363263,1.4481305,3.0208144,2.1070347,4.333313,1.5096134
2077-04-20 12:00:00,2.0856922,1.6093183,2.9416711,2.1212277,4.201713,1.638049
2077-04-21 12:00:00,2.0379255,1.9585363,2.0724578,2.564532,6.5962205,1.3960923
2077-04-22 12:00:00,3.4771805,2.8466969,5.034429,3.160791,3.2654803,2.746535
2077-04-23 12:00:00,3.5091245,2.8824768,3.164012,3.7054906,4.763089,2.4245818
2077-04-24 12:00:00,2.7954292,2.4706168,3.9599223,2.8113308,3.296008,2.5081482
2077-04-25 12:00:00,2.1708677,2.483332,2.818068,3.8878417,3.2215905,1.5808266
2077-04-26 12:00:00,2.3635192,1.8757349,4.707243,3.0692627,4.2061133,2.1963956
2077-04-27 12:00:00,1.6501645,1.7880964,2.9753246,2.7491875,3.3480725,2.13002
2077-04-28 12:00:00,2.2733378,2.140664,2.5006347,2.933248,2.8247626,1.7533704
2077-04-29 12:00:00,1.1151435,1.1096947,2.0625277,1.9506007,3.4325209,1.6984904
2077-04-30 12:00:00,1.5915155,1.7570693,4.158428,3.730019,4.1934614,2.7476223
2077-05-01 12:00:00,1.5091355,1.9627695,3.7920327,4.113955,3.7576675,2.198439
2077-05-02 12:00:00,2.7570643,2.6239336,4.3239975,3.8552637,2.5655396,2.4791691
2077-05-03 12:00:00,1.8015642,1.5891587,3.5946076,2.553938,1.7256674,1.7045382
2077-05-04 12:00:00,1.3547643,1.345547,2.8762329,1.9104553,1.9403994,2.0152342
2077-05-05 12:00:00,0.90145457,1.0060979,2.3699348,2.2180507,2.1800733,2.147743
2077-05-06 12:00:00,0.835429,0.99420655,1.8321671,2.0633368,3.3940067,1.9478934
2077-05-07 12:00:00,0.9936982,0.9822625,1.6857042,1.5572826,3.5697734,1.3133861
2077-05-08 12:00:00,0.8049334,1.0082582,1.997913,1.7447767,4.4620624,1.5027272
2077-05-09 12:00:00,1.4136266,1.2651905,1.8734915,2.1686938,4.406254,1.5401815
2077-05-10 12:00:00,1.6038247,1.4116178,3.037874,2.2884593,4.9972076,1.6130731
2077-05-11 12:00:00,1.3619612,1.3020056,3.4975207,1.8854113,4.2802186,1.9155748
2077-05-12 12:00:00,1.194911,1.0263551,2.117897,2.1134763,2.5546236,1.4416748
2077-05-13 12:00:00,1.668102,1.3716747,2.7207553,2.378487,2.61411,1.5844527
2077-05-14 12:00:00,1.4420851,1.1989741,1.9622264,3.4552248,3.544803,1.2978698
2077-05-15 12:00:00,1.7073706,1.7768967,2.9734151,4.0358863,3.7042677,1.7556001
2077-05-16 12:00:00,3.0903063,2.7604167,4.4609675,3.6978197,2.3511684,3.1813009
2077-05-17 12:00:00,3.1722262,2.6619024,3.9493496,3.9100459,3.2299793,3.6255643
2077-05-18 12:00:00,3.2445092,2.788482,4.1072617,4.6211777,4.9363074,3.7821062
2077-05-19 12:00:00,1.7835393,1.8527614,2.8167386,3.7757854,4.1146803,2.4936206
2077-05-20 12:00:00,1.2057712,1.1416252,1.8280264,2.5434096,2.791,1.408281
2077-05-21 12:00:00,1.725974,1.5461953,3.5230162,2.996634,2.4582798,2.9111934
2077-05-22 12:00:00,2.0993934,2.0122569,4.7447824,3.2814147,2.3519785,3.1235085
2077-05-23 12:00:00,2.7779474,2.4693031,4.886962,3.6970367,2.3609385,3.0526884
2077-05-24 12:00:00,4.1842966,3.3921359,4.9043236,3.2246573,2.0316303,2.3095539
2077-05-25 12:00:00,4.2549534,3.5502346,4.000005,3.817512,2.140904,2.4801278
2077-05-26 12:00:00,3.672728,3.0738828,3.8136199,3.6101758,2.2594588,1.9754959
2077-05-27 12:00:00,2.302531,2.058349,2.707966,3.261743,2.3698533,1.730915
2077-05-28 12:00:00,2.129263,1.8736244,3.3051238,3.534344,2.597966,1.9762677
2077-05-29 12:00:00,1.0533097,1.2007948,2.96749,2.9916706,2.3498313,2.1217608
2077-05-30 12:00:00,2.0970979,1.7190428,3.9685478,3.0022883,2.4341586,1.7841483
2077-05-31 12:00:00,2.4837353,2.0023491,3.9052157,2.3508296,2.6960201,1.788388
2077-06-01 12:00:00,3.5904145,2.8934646,5.1403284,2.5137513,1.7374698,2.3355396
2077-06-02 12:00:00,3.7240953,3.061555,5.2057056,2.5754306,1.8570118,2.2711403
2077-06-03 12:00:00,3.6994343,2.9954357,4.448522,2.726575,2.319317,2.343137
2077-06-04 12:00:00,2.4162014,1.9370737,3.4400346,2.1208732,2.3792865,1.5808676
2077-06-05 12:00:00,1.2217138,1.1205202,2.876749,2.2363732,2.8528874,1.4832177
2077-06-06 12:00:00,0.8347521,0.88007855,2.1970246,2.8417983,4.840039,1.7432019
2077-06-07 12:00:00,1.6707411,1.3467034,2.3920918,2.5862179,4.863239,1.3737081
2077-06-08 12:00:00,1.048347,1.1763793,2.2886703,1.8344102,4.5362234,1.257561
2077-06-09 12:00:00,1.1726009,1.1953859,2.0211694,3.0729768,6.12268,1.41633
2077-06-10 12:00:00,1.0280669,1.0068021,1.6768005,3.068928,5.3870335,1.3112636
2077-06-11 12:00:00,1.4473345,1.178195,1.6685123,2.7688966,5.033905,1.5602125
2077-06-12 12:00:00,1.8911791,1.5797746,1.5805713,1.963293,4.350532,1.2520062
2077-06-13 12:00:00,1.7927432,1.4660372,1.7091576,1.7378538,2.8635721,1.5415858
2077-06-14 12:00:00,1.2966526,1.188483,2.7254024,2.20019,2.9438996,1.6856648
2077-06-15 12:00:00,1.6627824,1.5541329,3.2711954,2.1810598,2.2424138,1.6531861
2077-06-16 12:00:00,2.3648958,2.0222204,3.835376,2.1213691,2.208694,1.9787375
2077-06-17 12:00:00,1.971363,1.9165403,3.328939,3.245677,2.4958308,2.2416813
2077-06-18 12:00:00,1.5240251,1.6497177,2.7211518,3.8563612,4.95833,3.0372095
2077-06-19 12:00:00,2.1454706,1.6667348,3.412327,4.5151253,4.705858,3.298795
2077-06-20 12:00:00,1.936214,1.6435158,4.4384775,4.1891356,3.5135345,3.7510188
2077-06-21 12:00:00,2.2003953,2.194506,5.8771634,4.712994,4.404218,4.2553296
2077-06-22 12:00:00,4.5232687,3.5457768,4.9169517,4.4210205,4.36441,3.6058407
2077-06-23 12:00:00,2.6229396,2.4874275,2.7022877,3.9350932,4.1085286,1.7971072
2077-06-24 12:00:00,1.5241156,1.6447579,2.9728436,3.7490392,3.332201,2.0538142
2077-06-25 12:00:00,2.7844965,2.008053,3.5539415,2.5034654,3.2507055,2.141232
2077-06-26 12:00:00,1.8125141,1.5350221,3.035681,2.6710062,2.5623798,1.5928806
2077-06-27 12:00:00,1.4227933,1.3492066,3.155694,2.9102843,2.4265327,1.9770771
2077-06-28 12:00:00,1.768136,1.7723094,3.5615647,2.3163285,2.6044147,2.4035501
2077-06-29 12:00:00,3.6694539,2.7545164,3.482289,4.298308,4.4424014,2.7133546
2077-06-30 12:00:00,2.659932,2.333462,2.7703598,3.534296,4.4834356,1.9289826
2077-07-01 12:00:00,1.5940036,1.7463651,3.8482642,3.6473894,3.6945755,2.3650072
2077-07-02 12:00:00,2.8884568,2.619801,5.003123,3.934775,2.9908943,2.4941075
2077-07-03 12:00:00,4.2160354,3.5011044,5.0652885,4.2933946,3.259614,2.715287
2077-07-04 12:00:00,2.3790684,2.7356815,4.90983,3.8767567,3.1577473,3.0618465
2077-07-05 12:00:00,3.3506317,2.6019847,3.3260853,3.045772,2.75162,2.013434
2077-07-06 12:00:00,2.384337,2.1687624,2.290467,2.8023257,2.4555047,1.4036767
2077-07-07 12:00:00,1.8383312,1.7981701,2.3090549,2.659206,2.498364,1.4213169
2077-07-08 12:00:00,2.525728,2.0389762,2.6669178,2.4804587,2.5645587,1.6271396
2077-07-09 12:00:00,2.8068812,2.2274578,3.1387484,2.3714116,2.2957327,1.7069788
2077-07-10 12:00:00,2.5468302,2.0195408,2.901475,2.3563004,1.8504236,1.6772782
2077-07-11 12:00:00,1.848671,1.4147837,2.4399862,1.8604501,1.766443,1.500606
2077-07-12 12:00:00,1.5265503,1.545177,2.7741058,2.3566973,2.5240119,1.9437274
2077-07-13 12:00:00,2.081557,1.8920447,2.1863081,2.5388505,2.8085628,1.7476029
2077-07-14 12:00:00,3.6418693,2.9840882,3.3423193,3.051447,3.076952,1.5810785
2077-07-15 12:00:00,2.9552166,2.3628867,3.2552876,2.5254195,3.2648056,1.7280273
2077-07-16 12:00:00,1.6398873,1.4148542,2.951995,2.5070283,3.9775667,2.0076087
2077-07-17 12:00:00,1.3834213,1.4593527,2.474648,2.3476207,2.86401,2.060855
2077-07-18 12:00:00,1.150524,1.0433953,2.0183864,2.8186061,2.0764103,1.6589606
2077-07-19 12:00:00,2.057576,1.3961501,2.5332518,3.1382208,2.3677394,1.4893129
2077-07-20 12:00:00,1.9124353,1.4087739,2.726781,2.6667113,3.3034534,1.405225
2077-07-21 12:00:00,2.290042,1.8963354,2.7447023,3.0096514,3.4160216,1.7949982
2077-07-22 12:00:00,2.461429,2.181417,2.8638928,2.6030033,3.4900155,1.8147875
2077-07-23 12:00:00,1.4113979,1.4089639,2.4498465,2.5338411,3.426516,2.1142251
2077-07-24 12:00:00,1.5921391,1.1373643,1.8088756,2.608358,3.2695153,1.3603598
2077-07-25 12:00:00,1.2203345,0.9597364,2.1277099,2.5702868,3.0422466,1.409585
2077-07-26 12:00:00,1.8785944,1.6228216,1.8623284,3.1476219,3.2348275,1.5667971
2077-07-27 12:00:00,2.1928992,1.8352484,2.7933848,2.4029706,2.863475,1.633366
2077-07-28 12:00:00,2.2951934,1.7997576,2.617025,2.3703415,3.7671738,1.8483144
2077-07-29 12:00:00,2.7177167,1.8414173,3.459544,3.8687146,5.08974,2.0273669
2077-07-30 12:00:00,2.580937,1.7786264,2.5133708,2.7903857,5.1280084,1.3482454
2077-07-31 12:00:00,1.3063166,1.3827543,3.5937052,2.0977018,4.2882247,1.5205063
2077-08-01 12:00:00,2.2998872,2.0299282,3.6439056,3.1741712,3.469329,1.9740139
2077-08-02 12:00:00,2.954679,2.6574464,4.4799953,3.801763,3.3731306,2.79073
2077-08-03 12:00:00,2.112132,2.0694718,3.4754357,3.06281,2.8998497,2.4217293
2077-08-04 12:00:00,1.8116283,1.708264,3.380882,2.598916,3.3773885,2.2656147
2077-08-05 12:00:00,1.765868,1.8016459,2.7406487,2.5103078,3.9179738,1.8567857
2077-08-06 12:00:00,1.8056304,1.6151464,3.8976133,2.720901,2.209498,2.001724
2077-08-07 12:00:00,2.1225152,1.9219116,4.8937526,2.310658,2.40789,1.8402896
2077-08-08 12:00:00,2.4495444,2.2142024,3.9477508,3.6646795,3.6846402,2.4479442
2077-08-09 12:00:00,1.6199157,1.4528106,3.0272074,4.4325976,4.205154,1.8586682
2077-08-10 12:00:00,2.119513,1.6337544,3.3031354,2.5336437,5.077028,1.9555436
2077-08-11 12:00:00,3.3188243,2.6319604,4.5472217,4.0345507,3.827114,3.0048983
2077-08-12 12:00:00,1.5269504,1.6068381,5.2002664,4.566333,3.797975,3.1955762
2077-08-13 12:00:00,2.2114692,2.2673283,3.8048203,4.5330815,2.9676661,2.1116996
2077-08-14 12:00:00,2.4347687,2.4467483,4.6116853,5.0166483,3.2303934,2.988093
2077-08-15 12:00:00,3.005916,2.8356967,4.044755,4.9902954,3.2683756,2.4924378
2077-08-16 12:00:00,2.1116543,2.3643138,2.343626,3.3474748,3.7931316,1.329271
2077-08-17 12:00:00,1.805253,1.592687,3.9473143,3.5367405,3.8912787,3.3885565
2077-08-18 12:00:00,2.9961762,2.4876719,3.5491412,3.5872178,3.4778626,2.625305
2077-08-19 12:00:00,1.8176696,1.8156579,3.3731203,4.6671576,3.6078126,2.9794161
2077-08-20 12:00:00,2.5720835,2.135435,3.6557488,5.9013453,3.484222,3.3859327
2077-08-21 12:00:00,1.5739747,1.342382,1.832148,3.2687454,3.1508412,1.8226637
2077-08-22 12:00:00,1.0789033,1.1508303,2.3422184,2.287447,2.3167028,1.3786591
2077-08-23 12:00:00,2.4914355,2.2095168,4.5079994,3.6634948,2.3100426,3.0571787
2077-08-24 12:00:00,2.9376934,1.9513547,2.8932335,2.8614676,3.274861,1.8946595
2077-08-25 12:00:00,2.207546,1.7593516,4.084949,2.0088277,3.6975012,2.4358978
2077-08-26 12:00:00,2.7132897,2.3471344,4.5904946,4.0682344,4.474871,3.4776204
2077-08-27 12:00:00,2.6343694,2.4154816,3.7387316,6.1988688,4.3347044,3.6447418
2077-08-28 12:00:00,0.9071751,1.1013373,2.817042,5.427517,5.5183415,1.7421557
2077-08-29 12:00:00,2.0194414,1.8263559,3.7410145,3.7008827,4.6920214,2.5983946
2077-08-30 12:00:00,1.1946483,1.1170019,2.314426,1.2834554,3.9274018,1.2388197
2077-08-31 12:00:00,1.4873104,1.2395811,2.499585,2.88267,3.1947062,1.2973537
2077-09-01 12:00:00,1.2143342,1.169659,2.7620327,3.142725,4.0900965,1.9586548
2077-09-02 12:00:00,2.4465508,2.2942278,5.78618,4.0934925,3.0122094,4.1257606
2077-09-03 12:00:00,2.4157007,2.2115853,3.5195448,4.1978393,3.673633,2.6806924
2077-09-04 12:00:00,2.0024333,1.6392972,3.4879394,3.3193157,3.949088,2.0481606
2077-09-05 12:00:00,1.2716625,1.2759078,2.569722,2.60574,3.3154917,1.2710127
2077-09-06 12:00:00,2.643179,2.154895,3.7786102,2.7432265,2.6258514,1.8570994
2077-09-07 12:00:00,1.713999,1.3286748,3.137277,3.0322976,2.1286438,2.0866942
2077-09-08 12:00:00,1.4935615,1.46161,4.563901,2.9785,2.3171983,2.7897768
2077-09-09 12:00:00,1.7398952,1.6620386,3.8114002,4.0997295,3.1484444,2.4245043
2077-09-10 12:00:00,1.6974555,1.9706262,3.4411893,5.043647,2.0740998,2.3227386
2077-09-11 12:00:00,2.1509829,2.2911816,2.651185,4.1190586,2.7249758,1.8083797
2077-09-12 12:00:00,1.5860898,1.4151622,2.5531287,4.5714297,4.5325685,2.8465793
2077-09-13 12:00:00,2.04329,1.713465,2.231674,5.052592,5.860493,2.2608955
2077-09-14 12:00:00,1.1755977,1.2086192,2.2311137,3.7761726,4.787896,1.6618261
2077-09-15 12:00:00,1.412981,1.4414284,2.1519873,4.9083757,4.593735,1.6394632
2077-09-16 12:00:00,1.9709959,1.710908,2.306559,6.8145976,5.775796,2.427876
2077-09-17 12:00:00,3.074491,2.385248,3.7796211,5.048038,6.0565844,3.1684337
2077-09-18 12:00:00,2.5360577,2.2605116,3.769259,3.6694586,4.931011,3.0459847
2077-09-19 12:00:00,2.2722955,2.3938918,3.7487557,3.5823705,2.4092767,3.079614
2077-09-20 12:00:00,3.3883975,2.994149,6.652818,3.3671918,2.3818283,3.790489
2077-09-21 12:00:00,2.8713632,2.3915794,2.4366322,3.482725,3.698843,1.2232947
2077-09-22 12:00:00,1.9704386,1.3979616,3.0356116,2.6660943,3.1443994,1.4284736
2077-09-23 12:00:00,2.913509,2.0014968,4.019652,3.2046404,2.5270555,1.7646168
2077-09-24 12:00:00,3.1609044,2.4660208,3.338909,3.5506167,2.7146838,1.8171185
2077-09-25 12:00:00,2.836022,2.3778188,3.5281026,3.206288,2.1939006,2.041091
2077-09-26 12:00:00,3.1668866,2.4520316,3.1664307,2.4024332,3.6108637,2.3480113
2077-09-27 12:00:00,1.5753694,1.371981,2.5383205,2.6323066,3.5508144,2.00427
2077-09-28 12:00:00,1.1469815,1.2035199,3.261598,3.0891442,4.6978116,2.3547695
2077-09-29 12:00:00,3.5401726,2.8410053,4.7100124,3.7600787,4.592535,2.3082745
2077-09-30 12:00:00,3.0690932,2.4522245,2.7058923,3.4458997,3.9344907,1.5818614
2077-10-01 12:00:00,1.1339519,1.1625494,2.0598135,2.6343768,1.8689297,1.3328342
2077-10-02 12:00:00,1.0721828,1.0026286,1.6178371,2.678524,2.162149,1.4764621
2077-10-03 12:00:00,0.72517234,0.78101206,1.4240128,3.07572,5.2139816,1.4276496
2077-10-04 12:00:00,0.8241217,0.86018485,2.2585278,3.0202348,6.9254484,1.1329073
2077-10-05 12:00:00,1.1909192,1.230634,2.690422,2.759569,5.704437,1.5694147
2077-10-06 12:00:00,1.9477007,1.5873438,3.7285023,2.8341846,3.5520165,1.4022436
2077-10-07 12:00:00,2.4774308,1.9594704,5.6093097,3.2097957,3.4031014,2.3122606
2077-10-08 12:00:00,1.959038,1.5805163,4.6045275,2.717971,3.4341233,2.199093
2077-10-09 12:00:00,0.80723757,0.8709049,3.247078,2.0153422,2.8839266,1.4028636
2077-10-10 12:00:00,0.6352881,0.7213705,2.1260483,2.0737712,4.162545,1.5514327
2077-10-11 12:00:00,1.2614087,1.1366311,2.6973317,2.5774765,4.7358437,1.1956011
2077-10-12 12:00:00,1.649651,1.2996007,4.1160207,2.0482552,3.9579859,1.3960667
2077-10-13 12:00:00,1.6497617,1.2114421,3.9977193,2.1632752,5.393058,1.4790303
2077-10-14 12:00:00,0.98070717,1.03729,2.60632,1.5962625,6.7327776,1.171552
2077-10-15 12:00:00,0.9538336,1.0008583,2.6569886,2.2545905,4.6531243,1.2207662
2077-10-16 12:00:00,1.6961877,1.6229566,2.582175,4.2264485,5.1470857,2.1930122
2077-10-17 12:00:00,1.6816604,1.2565035,3.6753664,2.4312668,3.6341922,1.5460024
2077-10-18 12:00:00,0.98661125,1.0198748,2.906803,3.0512571,4.3156595,1.7180009
2077-10-19 12:00:00,1.0199496,1.0563258,2.4941864,3.6892138,4.8234363,1.9684438
2077-10-20 12:00:00,1.9641927,1.7806331,5.458402,3.9466677,3.8916237,3.956375
2077-10-21 12:00:00,4.026224,3.6678102,7.304742,6.7019835,5.160404,5.5376596
2077-10-22 12:00:00,3.5250053,3.3665252,7.0806284,5.4999614,7.170525,4.8969
2077-10-23 12:00:00,3.65683,3.2435205,5.107166,4.101549,5.113068,3.703473
2077-10-24 12:00:00,1.7416244,1.7903855,3.386172,4.815223,5.5848207,3.1694407
2077-10-25 12:00:00,1.8554167,1.4594576,3.6962101,4.267303,5.021813,3.348172
2077-10-26 12:00:00,3.7576933,3.040787,6.581899,3.7217188,2.912504,3.5578773
2077-10-27 12:00:00,3.6699507,3.617479,5.5518975,5.168872,2.0790143,3.2989175
2077-10-28 12:00:00,2.0812578,1.9868553,3.9568605,5.078242,4.3574524,2.966474
2077-10-29 12:00:00,1.8146707,1.3645663,2.6584833,3.1295288,3.7225394,2.0361423
2077-10-30 12:00:00,1.9404725,2.1233597,4.604726,6.054722,6.122853,3.142245
2077-10-31 12:00:00,1.6116028,1.7647545,3.9278622,7.2290454,4.9017634,3.4350758
2077-11-01 12:00:00,1.4045712,1.5620272,2.8681626,5.8579063,4.4505916,2.951098
2077-11-02 12:00:00,2.6095815,2.3053277,4.5681663,6.571247,6.704152,4.073411
2077-11-03 12:00:00,2.1302817,1.9233963,3.82999,4.7554574,7.1962605,2.3279254
2077-11-04 12:00:00,1.5344846,1.7983363,2.8753881,6.632119,7.5038495,2.993015
2077-11-05 12:00:00,2.3361592,2.0624893,4.316797,6.064445,8.629254,3.2118425
2077-11-06 12:00:00,3.3232627,2.6703682,6.35126,5.4155164,5.6159105,4.798229
2077-11-07 12:00:00,2.8316133,2.2780368,5.7874675,2.7769692,2.9796376,3.046055
2077-11-08 12:00:00,2.2805517,2.162361,2.1579647,3.656796,3.4721844,2.0756278
2077-11-09 12:00:00,4.5683274,3.57962,4.4246,3.4013853,3.0507057,3.2510748
2077-11-10 12:00:00,4.772396,3.6748528,4.458449,2.3055024,2.8440275,2.2352998
2077-11-11 12:00:00,4.5295987,4.247143,4.9213395,4.1671414,4.2473187,2.7573388
2077-11-12 12:00:00,2.4677877,2.7643473,3.5658543,5.72173,7.15614,2.5512998
2077-11-13 12:00:00,0.90178657,1.1773179,4.3819146,3.6921988,7.013794,2.9086978
2077-11-14 12:00:00,1.1967013,1.2444214,5.160289,3.9087281,5.92245,3.646981
2077-11-15 12:00:00,1.431012,1.3545537,4.6814017,3.5720994,4.3439465,2.7983775
2077-11-16 12:00:00,2.5760179,2.3462412,6.435917,4.7868667,4.2391024,4.129224
2077-11-17 12:00:00,3.8910317,2.9625118,6.5885353,3.5308146,3.8768191,2.9150174
2077-11-18 12:00:00,2.5800176,1.9855837,5.129635,4.2963724,5.2468166,1.8139383
2077-11-19 12:00:00,1.3729118,1.3829259,2.5191731,3.4361966,3.964041,2.574616
2077-11-20 12:00:00,2.5674074,2.5968928,2.685981,4.903057,3.9752908,2.427102
2077-11-21 12:00:00,2.0809517,1.8857814,6.1471605,4.860193,5.542031,3.510859
2077-11-22 12:00:00,3.7752273,3.3101008,4.967288,5.063969,5.241135,3.0799954
2077-11-23 12:00:00,3.3019772,2.9936051,3.919183,5.3848424,6.514944,2.6495748
2077-11-24 12:00:00,1.940689,1.648146,3.4730847,3.640269,5.968794,2.4170713
2077-11-25 12:00:00,2.3038974,1.8755642,2.8367217,2.9651408,5.732239,2.260606
2077-11-26 12:00:00,1.6713212,1.8656315,4.147778,2.6185355,4.6052823,2.6016786
2077-11-27 12:00:00,2.2024946,2.0361087,6.086805,4.7454147,5.237125,4.2309375
2077-11-28 12:00:00,3.6116562,2.973356,4.5063314,4.1455812,5.841869,2.7121174
2077-11-29 12:00:00,2.1137514,1.7675982,3.0783627,3.53445,4.3395085,1.5257251
2077-11-30 12:00:00,0.827903,0.85907555,2.3044071,2.7235582,2.9540856,1.5094447
2077-12-01 12:00:00,0.766456,0.8444912,2.0085778,3.5591886,2.64159,1.401052
2077-12-02 12:00:00,2.277098,1.4823499,3.6749244,2.1302352,2.417013,1.7307333
2077-12-03 12:00:00,4.5003176,3.4840271,4.0073643,1.9249725,2.7029767,1.7436733
2077-12-04 12:00:00,3.232662,3.309166,3.5055547,1.9163269,2.9253135,1.8640139
2077-12-05 12:00:00,1.7197788,1.8613534,3.4638557,2.3912838,2.307516,2.3363006
2077-12-06 12:00:00,2.1428895,2.3859572,4.571527,5.3213787,3.5868497,3.195539
2077-12-07 12:00:00,1.715097,2.0934498,2.9549556,4.517103,6.4016294,2.4326677
2077-12-08 12:00:00,2.006977,1.8132954,4.810347,7.6815915,4.8247476,4.579015
2077-12-09 12:00:00,2.4292562,2.075093,5.0870943,6.811261,4.4835014,4.9171243
2077-12-10 12:00:00,0.8625824,1.0437027,4.2357655,4.187943,5.0281153,3.452
2077-12-11 12:00:00,1.3275709,1.215667,4.874419,2.7882524,3.233257,2.468222
2077-12-12 12:00:00,1.6644276,1.6668584,5.5668883,3.7014391,3.2363098,3.1718707
2077-12-13 12:00:00,2.1859255,1.9482588,4.2724643,4.4350033,2.9728174,3.8598886
2077-12-14 12:00:00,1.8114524,1.8474703,3.7382486,7.1267934,6.1634636,3.5396917
2077-12-15 12:00:00,1.2121342,1.1674619,4.5745773,4.356978,6.1126966,2.970486
2077-12-16 12:00:00,1.5119717,1.3832424,5.455299,3.9179468,4.1416836,3.3630292
2077-12-17 12:00:00,2.3747861,2.2698557,4.9004,4.86134,4.5714226,3.2549274
2077-12-18 12:00:00,2.3990839,2.0169601,3.4550922,3.7093682,5.3509407,2.04034
2077-12-19 12:00:00,1.1208546,1.1939481,2.3373384,3.610714,3.1636024,1.7508994
2077-12-20 12:00:00,1.8721392,1.7967556,5.5843945,4.679121,5.1479726,3.9341228
2077-12-21 12:00:00,1.5270613,1.4875563,3.6279585,4.3411036,7.9090796,2.556238
2077-12-22 12:00:00,2.4521449,2.0878704,6.017418,3.9913213,4.6206594,3.3037786
2077-12-23 12:00:00,3.5665886,2.8533235,6.7353516,7.0328045,4.7132053,5.2658195
2077-12-24 12:00:00,2.261402,1.9667641,3.9197254,6.490454,4.275571,3.7661924
2077-12-25 12:00:00,1.6665077,1.7949777,4.7094717,5.8531847,3.393229,3.4072275
2077-12-26 12:00:00,2.3810716,2.884534,5.320996,7.1143856,3.086494,3.8546612
2077-12-27 12:00:00,2.3371515,2.5362833,3.531505,4.096588,3.0800931,2.625975
2077-12-28 12:00:00,1.199781,1.2284515,3.4413717,2.5896182,2.9165068,2.663944
2077-12-29 12:00:00,1.0603186,1.3028458,3.1903756,5.086433,4.854215,2.7682855
2077-12-30 12:00:00,1.1209683,1.5035745,4.1283603,5.010262,4.8666806,3.4724987
2077-12-31 12:00:00,1.7831959,1.7272418,4.754583,3.9266732,4.0078483,3.86767
2078-01-01 12:00:00,4.61741,4.4441123,6.925795,6.6890235,4.947801,5.4537053
2078-01-02 12:00:00,2.2895644,2.2606554,3.32204,2.053246,2.478118,2.0460045
2078-01-03 12:00:00,0.97986144,1.0845389,2.288632,2.2192686,3.165998,1.7425113
2078-01-04 12:00:00,1.265739,1.123948,2.1459587,2.3740156,2.6358447,1.8959258
2078-01-05 12:00:00,1.0296679,1.1611916,2.651441,2.5732555,2.2219064,2.2626212
2078-01-06 12:00:00,1.2796566,1.2141848,4.461153,2.5801215,3.0004234,2.7313657
2078-01-07 12:00:00,1.14203,1.1344115,3.362666,3.117809,2.957882,2.5998175
2078-01-08 12:00:00,0.8378605,0.93055016,2.381351,3.43522,2.7105021,2.0221503
2078-01-09 12:00:00,1.4120812,1.2494351,5.367081,4.6582932,2.5705013,3.696155
2078-01-10 12:00:00,2.8913908,2.1032147,7.166346,5.0535297,3.1748145,4.060875
2078-01-11 12:00:00,4.081455,3.438152,5.350167,5.692129,4.2644205,3.4985573
2078-01-12 12:00:00,1.9579722,1.7890385,5.149868,4.6151648,4.167577,3.6683013
2078-01-13 12:00:00,3.0289454,2.388586,4.531767,4.4700503,4.3349514,2.7653332
2078-01-14 12:00:00,2.4398346,2.1019776,3.1371584,5.204705,4.713002,3.2614224
2078-01-15 12:00:00,2.307013,1.8589457,4.6687417,4.959897,5.3398404,3.901269
2078-01-16 12:00:00,2.5984428,2.0976467,5.266195,4.40773,5.7336116,3.9445066
2078-01-17 12:00:00,1.7730097,1.8216014,3.1592994,2.8228219,4.9230037,2.3032537
2078-01-18 12:00:00,0.872988,1.1618925,3.5878937,2.778877,3.6127667,2.4689837
2078-01-19 12:00:00,1.6799748,1.6083287,3.928741,3.4278975,3.8075044,2.002042
2078-01-20 12:00:00,1.7120583,1.8961402,4.331997,4.261479,3.6735306,2.5891268
2078-01-21 12:00:00,2.9833436,2.297703,3.2305112,3.1251042,3.3197603,2.1865194
2078-01-22 12:00:00,2.6551628,1.8894037,3.2355268,2.3539426,3.3050666,1.9680644
2078-01-23 12:00:00,1.0486547,1.1365659,3.575539,2.661092,4.9718723,2.2445097
2078-01-24 12:00:00,1.3634781,1.3596628,3.5346408,2.4820294,3.9754822,2.0418613
2078-01-25 12:00:00,1.3659453,1.3555242,3.6538193,5.2044744,5.360946,2.329202
2078-01-26 12:00:00,0.70179933,0.9506716,2.6178706,4.8259315,4.721795,2.8641374
2078-01-27 12:00:00,1.4558408,1.1673027,3.0319357,4.691835,4.483986,2.1446457
2078-01-28 12:00:00,1.0991142,0.99599314,3.947832,3.9074922,4.1934433,2.6155632
2078-01-29 12:00:00,1.6280534,1.293736,3.5528588,4.018321,4.97642,2.441926
2078-01-30 12:00:00,1.2382643,0.9783622,3.1443777,3.3094923,4.787115,1.5877801
2078-01-31 12:00:00,0.86955404,0.94934,2.1880386,2.3521962,3.2449372,1.591032
2078-02-01 12:00:00,1.0682286,0.93237466,2.8118703,5.168878,4.9737,2.4707668
2078-02-02 12:00:00,2.977045,1.9726524,5.0964766,4.424524,4.7639503,2.633788
2078-02-03 12:00:00,4.595688,3.2878108,7.018664,4.6899686,3.4621835,3.6410513
2078-02-04 12:00:00,4.0129395,2.8597913,6.6132836,3.6653867,3.3553884,3.1293046
2078-02-05 12:00:00,3.4936023,2.4520042,5.839291,3.2768736,2.6849685,2.8816974
2078-02-06 12:00:00,2.8118236,1.8657002,4.5125017,3.386618,3.2637603,2.6060822
2078-02-07 12:00:00,1.6698469,1.1422833,4.2983756,3.8412175,3.6599998,3.1426892
2078-02-08 12:00:00,0.9691737,1.0264623,4.8561497,3.9562461,4.5700345,3.4271295
2078-02-09 12:00:00,1.3677976,1.1792753,5.425782,4.338355,7.1695495,3.56688
2078-02-10 12:00:00,1.6412672,1.2588722,5.054003,4.460506,8.124317,3.0246212
2078-02-11 12:00:00,2.6184278,1.805772,4.7963514,2.6906507,5.7082705,1.9806097
2078-02-12 12:00:00,3.5699854,2.3349555,5.1858253,3.143871,3.9343376,2.4866502
2078-02-13 12:00:00,3.0391722,2.225649,5.9287696,4.489094,5.07928,3.1501906
2078-02-14 12:00:00,3.785002,3.054366,7.5998793,4.7706437,6.9235425,3.6390636
2078-02-15 12:00:00,3.8395054,3.5213368,5.9120526,5.75023,7.736569,3.6330059
2078-02-16 12:00:00,2.59039,2.386177,5.6896315,3.9611309,6.7132545,3.2679484
2078-02-17 12:00:00,1.4422532,1.8875324,6.098975,2.939369,3.6290228,3.2002144
2078-02-18 12:00:00,1.4901277,1.8655765,5.6052504,3.817858,3.7476473,3.739642
2078-02-19 12:00:00,1.1805683,1.4262995,3.9525762,4.083674,3.3299468,3.2541277
2078-02-20 12:00:00,1.0460616,0.905073,4.200049,2.7615612,4.8899627,1.9950657
2078-02-21 12:00:00,0.9826973,1.1346273,4.403819,2.6310787,6.2944136,1.9321917
2078-02-22 12:00:00,3.091284,2.1717155,4.7806664,3.965766,6.3437047,2.1021695
2078-02-23 12:00:00,1.9688215,1.648293,2.8347867,3.9819534,6.510226,1.2047504
2078-02-24 12:00:00,1.2029898,1.2141752,2.992383,2.734939,6.2366786,1.9483103
2078-02-25 12:00:00,2.8488994,2.6426735,3.4682002,4.978341,3.469482,2.2398806
2078-02-26 12:00:00,4.6324596,3.4885902,5.6445675,4.468045,2.9689,3.134068
2078-02-27 12:00:00,4.0001354,3.0153294,4.810495,3.4101055,4.0592375,2.5984209
2078-02-28 12:00:00,2.9183862,2.0934947,4.7605224,4.2468667,4.8254943,2.6888785
2078-03-01 12:00:00,2.2922442,1.7824713,5.755128,3.8915064,4.111568,2.9110658
2078-03-02 12:00:00,1.6632528,1.5946753,3.9073167,2.5887632,2.717966,2.1593332
2078-03-03 12:00:00,1.6636983,1.2943671,2.2894988,3.1486769,7.807704,1.6839293
2078-03-04 12:00:00,1.0226867,1.1210632,3.197784,5.9411325,9.1416,3.4154208
2078-03-05 12:00:00,1.3220046,1.539227,4.91771,5.864434,9.443672,4.150126
2078-03-06 12:00:00,2.7249103,1.9894056,3.4601634,3.778746,7.43737,2.571281
2078-03-07 12:00:00,1.8579295,1.6991076,2.8504605,4.3040175,4.9595013,2.100843
2078-03-08 12:00:00,2.1044524,1.8880378,5.0571737,4.3139,3.816466,3.6980855
2078-03-09 12:00:00,2.8878536,2.5504417,4.0649796,3.5380113,3.6979332,3.1498742
2078-03-10 12:00:00,1.4315784,1.1724979,3.5088243,4.3101797,4.344313,2.5711086
2078-03-11 12:00:00,0.84699404,0.96673405,2.3411407,5.3093204,3.9662395,1.65735
2078-03-12 12:00:00,2.8995528,2.3095315,4.982669,3.6056998,3.1972334,2.9056392
2078-03-13 12:00:00,2.5862598,2.0223727,3.8651175,3.0517595,3.280676,2.4540498
2078-03-14 12:00:00,2.3330464,1.8798773,4.0708003,4.0209184,4.4136877,3.1123624
2078-03-15 12:00:00,1.5563762,1.6616744,2.3590758,5.2338133,4.1486926,2.722342
2078-03-16 12:00:00,1.4483223,1.3554201,4.1181026,3.2021642,3.37201,2.8623228
2078-03-17 12:00:00,1.1000376,1.1418265,2.699074,3.4668124,2.69229,3.0066307
2078-03-18 12:00:00,2.105864,1.9164265,4.7919874,6.389663,5.355694,5.2570977
2078-03-19 12:00:00,4.636463,4.18583,8.134617,7.860406,6.1562676,6.5448484
2078-03-20 12:00:00,2.4218926,2.2574768,3.4745562,5.6898975,6.000495,2.9489565
2078-03-21 12:00:00,2.6302843,2.274172,4.132478,5.7050867,5.28823,3.815141
2078-03-22 12:00:00,2.2489913,1.8613528,4.310808,5.335316,5.111926,3.2734485
2078-03-23 12:00:00,2.6110249,2.685937,4.6850405,5.1727567,3.480799,3.5847309
2078-03-24 12:00:00,3.2448606,3.248233,5.311475,6.5898023,3.5619705,3.701903
2078-03-25 12:00:00,2.641808,2.7090993,4.899725,6.666865,2.8657098,3.7373137
2078-03-26 12:00:00,2.694829,2.7704668,3.3289623,4.421828,3.33354,2.3356752
2078-03-27 12:00:00,2.4115844,2.0276897,3.060684,2.1491306,3.1691246,1.9781772
2078-03-28 12:00:00,1.4260916,1.3142067,3.5116975,2.6111603,2.8263679,2.2088892
2078-03-29 12:00:00,2.9197226,2.1917353,5.751187,2.9353926,3.5989482,2.9068346
2078-03-30 12:00:00,4.324649,3.357249,4.860255,3.8396018,3.2017314,2.5967398
2078-03-31 12:00:00,2.9920425,2.3154485,3.1397774,2.8433068,4.6788416,1.730679
2078-04-01 12:00:00,1.8002083,1.8825781,2.391045,2.674388,6.651254,1.662896
2078-04-02 12:00:00,1.4440336,1.3845708,2.1700754,3.4909558,3.200884,2.177749
2078-04-03 12:00:00,1.921047,1.8068316,2.925752,3.1458895,2.9505467,1.713356
2078-04-04 12:00:00,1.3459239,1.4823878,2.0584333,4.1270804,6.8133173,1.7779486
2078-04-05 12:00:00,1.4229722,1.3822819,3.545396,5.8132067,7.811085,3.3777766
2078-04-06 12:00:00,3.1246314,2.4497032,4.5799584,4.695372,6.658805,3.1125374
2078-04-07 12:00:00,1.8083186,1.6848518,2.6398156,5.77205,6.598615,2.2577384
2078-04-08 12:00:00,1.2880077,1.259501,1.8949032,2.8849647,4.6590996,1.573889
2078-04-09 12:00:00,1.4859443,1.214398,2.3430471,2.3883898,4.068493,2.0811543
2078-04-10 12:00:00,2.3452451,2.0161486,3.7566524,2.546661,4.698983,1.839286
2078-04-11 12:00:00,2.4085665,2.264619,3.7978008,3.8602579,5.2869253,2.2140043
2078-04-12 12:00:00,3.7872918,3.4423537,3.7667198,5.455834,5.539628,2.7785535
2078-04-13 12:00:00,2.549636,2.5883605,2.7146223,5.347022,5.1034937,2.4373882
2078-04-14 12:00:00,3.2639768,2.6440437,3.2383752,3.401121,4.044063,1.9186813
2078-04-15 12:00:00,2.0301805,1.9820986,3.1193664,4.111363,3.298032,2.1870353
2078-04-16 12:00:00,1.2910969,1.374265,2.1039064,3.3920643,4.1983294,1.9733263
2078-04-17 12:00:00,1.6516017,1.5242811,4.5448704,2.6652496,7.8270288,2.558466
2078-04-18 12:00:00,1.6247944,1.9593328,5.24962,3.4165726,7.6890154,3.2995143
2078-04-19 12:00:00,2.0657651,2.1413922,6.186242,3.5586307,5.2773147,4.0453467
2078-04-20 12:00:00,2.1755576,2.2662868,4.055257,3.5535238,2.733042,3.4088023
2078-04-21 12:00:00,1.3232559,1.3299644,2.9082546,2.5988717,3.4514632,2.546389
2078-04-22 12:00:00,1.6431203,1.4753443,2.1853793,2.0050395,4.0388412,1.288556
2078-04-23 12:00:00,1.5917002,1.5775571,2.4103196,2.125597,3.4761853,1.3073683
2078-04-24 12:00:00,1.5078878,1.6149591,3.451391,2.9913902,3.7798738,2.0088544
2078-04-25 12:00:00,2.4615173,2.0690644,3.2989933,3.1044486,3.1666536,2.0923374
2078-04-26 12:00:00,1.1948751,1.2026362,2.2736957,2.3834472,4.6588116,1.4286569
2078-04-27 12:00:00,3.026383,2.399303,1.9832313,2.5863662,4.572767,1.3826128
2078-04-28 12:00:00,1.7178116,1.644139,2.0838366,2.8489857,6.277477,1.5132889
2078-04-29 12:00:00,2.463284,2.1359162,3.2647152,2.7142074,5.99077,1.8943564
2078-04-30 12:00:00,2.4931216,2.4204504,4.1709948,3.3797972,6.279717,2.2156196
2078-05-01 12:00:00,2.5973291,2.239733,3.6179025,2.9705462,4.1163554,1.7564723
2078-05-02 12:00:00,1.8627167,1.7905437,3.4220915,2.608409,3.3854647,1.451669
2078-05-03 12:00:00,1.1948947,1.2949399,2.9886801,3.3425684,3.381327,1.7771158
2078-05-04 12:00:00,1.6838907,1.5092837,3.3837833,3.039729,3.9536622,2.0495374
2078-05-05 12:00:00,2.8034573,2.7494686,5.3482466,6.2896304,4.877916,3.9878242
2078-05-06 12:00:00,3.293829,3.0448287,4.780094,6.019885,6.954128,4.6976876
2078-05-07 12:00:00,1.3243515,1.4995277,3.5745149,3.715836,5.034281,3.0774505
2078-05-08 12:00:00,2.6490438,2.6735952,5.7365584,3.5719295,4.5908513,3.1679535
2078-05-09 12:00:00,2.9111395,2.7705379,5.8716,4.58301,4.664816,3.563745
2078-05-10 12:00:00,2.2494855,2.3907387,4.7674036,3.0237162,3.250385,2.4862218
2078-05-11 12:00:00,2.3327165,2.3290389,2.932443,3.3878212,3.6905744,2.5788527
2078-05-12 12:00:00,1.3251219,1.4700569,2.102686,2.4764497,3.066075,1.7533644
2078-05-13 12:00:00,1.9242523,2.1416836,2.5466084,2.915998,2.6457665,2.0113394
2078-05-14 12:00:00,2.0657635,2.0690777,3.074901,4.7485847,3.8899336,3.2726135
2078-05-15 12:00:00,2.2423704,2.1283286,2.5583043,3.6375175,3.2261894,1.6454147
2078-05-16 12:00:00,1.5442084,1.6572529,2.2127311,2.3988054,3.3685083,1.4894674
2078-05-17 12:00:00,2.7913034,2.4707916,2.3637779,2.3442576,2.496435,2.0297244
2078-05-18 12:00:00,1.7097039,1.2881132,2.7094939,2.4424667,4.6987762,1.7779393
2078-05-19 12:00:00,1.1866946,1.3815114,2.447741,2.290943,4.9623837,2.0052688
2078-05-20 12:00:00,2.0140169,1.850386,2.5490017,2.5189624,5.7711945,2.595032
2078-05-21 12:00:00,1.9522085,1.7610726,2.5539956,3.8495755,5.0374207,3.2620263
2078-05-22 12:00:00,2.0469763,1.620686,3.3616288,4.546549,3.7909575,2.930734
2078-05-23 12:00:00,2.4321542,2.201729,2.04189,2.759992,3.3710332,1.5820279
2078-05-24 12:00:00,2.2413855,2.109744,2.646041,2.3911726,3.2196958,1.6728046
2078-05-25 12:00:00,2.763621,2.578954,3.4576023,3.8904338,4.0566607,2.7494104
2078-05-26 12:00:00,1.5112242,1.816531,3.9512682,2.8484447,4.5121694,2.3098836
2078-05-27 12:00:00,3.2797546,3.1383328,4.355862,4.0243177,3.9074187,2.8972247
2078-05-28 12:00:00,2.496504,2.273999,4.278079,3.1471252,4.2107644,2.8559663
2078-05-29 12:00:00,1.8217645,1.5971534,3.6891198,3.8425586,3.1992955,3.1358159
2078-05-30 12:00:00,1.5325987,1.2670801,2.1980374,4.022454,4.231541,1.8222476
2078-05-31 12:00:00,1.2778885,1.2924505,2.1986227,2.9655385,4.7559977,1.6288452
2078-06-01 12:00:00,1.4751232,1.3071402,2.957519,2.4170895,4.0114646,2.8373666
2078-06-02 12:00:00,2.015977,2.130843,3.4222038,3.67977,5.808122,3.6537864
2078-06-03 12:00:00,2.3228102,2.05956,4.87848,5.1928825,5.1973987,2.0803242
2078-06-04 12:00:00,1.7062013,1.4116663,3.8342733,4.413049,3.752122,1.5591125
2078-06-05 12:00:00,1.0519845,1.3650047,2.604277,4.1496997,3.929223,1.4453123
2078-06-06 12:00:00,2.2698643,1.9749386,1.9279827,3.7470222,4.1612635,1.5216812
2078-06-07 12:00:00,1.4892575,1.3771948,1.9179688,4.041637,3.8645983,2.3628235
2078-06-08 12:00:00,2.252564,1.589783,2.0634637,4.1737843,3.412476,1.5000665
2078-06-09 12:00:00,2.2468596,1.5992061,2.0566401,3.5408635,2.8578284,1.4799955
2078-06-10 12:00:00,1.78217,1.4142305,2.7242162,4.2564564,3.0472546,1.5277058
2078-06-11 12:00:00,1.9485521,1.5950515,2.6470807,5.411705,3.915454,1.7635995
2078-06-12 12:00:00,2.3195772,1.9007714,2.4276278,5.109894,4.6972466,1.422915
2078-06-13 12:00:00,1.711435,1.4241831,2.4926307,4.3833523,4.0228457,1.3094356
2078-06-14 12:00:00,0.996179,0.9392569,1.8490669,4.702102,3.8134449,0.98257756
2078-06-15 12:00:00,1.7907836,1.5657891,2.3051863,3.9048767,4.0072064,1.0693113
2078-06-16 12:00:00,1.7816662,1.8659612,2.900465,3.1870618,3.5309494,1.4496403
2078-06-17 12:00:00,2.7410662,2.4330103,5.004495,4.1606364,3.7484238,3.2288778
2078-06-18 12:00:00,2.98777,2.5089858,4.348532,5.103133,4.2444153,3.2439744
2078-06-19 12:00:00,2.4717536,2.0667732,3.3081388,4.818552,4.8864193,2.1611524
2078-06-20 12:00:00,1.6760638,1.3402017,2.9871418,2.6002502,3.029318,1.6653708
2078-06-21 12:00:00,0.82693106,1.0883151,3.4821649,2.0487068,2.284767,1.9809422
2078-06-22 12:00:00,1.8231709,1.7440829,2.692188,3.2805352,2.6703615,1.7935776
2078-06-23 12:00:00,3.3136487,2.458227,4.268057,4.1981015,3.5999055,2.6389802
2078-06-24 12:00:00,1.9171039,1.4439627,2.9416058,4.086716,3.4907448,2.5616155
2078-06-25 12:00:00,1.2583039,1.1777042,3.631651,3.303726,2.9104106,3.493336
2078-06-26 12:00:00,1.0622203,1.0830914,3.7297814,4.225301,3.245188,2.8043315
2078-06-27 12:00:00,1.407127,1.1995206,3.1279817,4.128626,4.2470074,2.1279745
2078-06-28 12:00:00,2.3631434,1.5895168,2.8605638,2.5526896,2.4925845,1.609542
2078-06-29 12:00:00,2.0543792,1.6655232,1.9963465,2.2789495,2.4065967,1.120961
2078-06-30 12:00:00,1.6863701,1.3813857,2.1642344,2.2426531,2.4673877,1.1556545
2078-07-01 12:00:00,1.9707069,1.5212958,2.4515438,2.6250694,2.7597342,1.8974415
2078-07-02 12:00:00,1.8991107,1.5000478,3.417648,2.6521752,2.0003357,2.613978
2078-07-03 12:00:00,2.4685724,1.9908551,3.351332,2.3298185,2.9626095,2.2627833
2078-07-04 12:00:00,1.9390278,1.5294956,2.284687,2.8871777,2.9369886,2.0854719
2078-07-05 12:00:00,0.8211383,0.978781,1.5293839,1.8325336,2.4828641,1.3690923
2078-07-06 12:00:00,2.322511,1.8839495,2.7332115,1.653912,2.3094287,1.6301378
2078-07-07 12:00:00,2.7732167,2.0010293,3.6522384,4.452915,3.3033545,1.6801609
2078-07-08 12:00:00,1.4938827,1.5143493,2.0809584,4.827109,4.025625,1.5527215
2078-07-09 12:00:00,1.1559093,1.3444526,1.3226354,5.509535,3.332085,1.507268
2078-07-10 12:00:00,2.2597828,2.160244,3.084751,4.6211166,3.3605866,3.5796404
2078-07-11 12:00:00,2.7866044,2.261526,3.1457224,3.0814006,4.063137,3.1249049
2078-07-12 12:00:00,1.7724115,1.5164963,2.3568945,2.9357498,4.249223,2.2913868
2078-07-13 12:00:00,1.2892026,1.2719451,2.1871388,2.7001202,3.2727048,2.327006
2078-07-14 12:00:00,1.4403152,1.3372136,1.6141839,3.8736966,3.003245,1.3993009
2078-07-15 12:00:00,0.9704182,0.83558106,1.5416198,2.7760148,3.1329257,1.3662573
2078-07-16 12:00:00,1.2746372,1.1734337,2.1539311,2.0694854,3.0202804,1.8594314
2078-07-17 12:00:00,1.0783348,1.0572454,2.1350996,2.6058986,2.5827777,2.0814574
2078-07-18 12:00:00,0.9128255,0.9270846,2.088071,3.3951194,2.7832952,1.6597425
2078-07-19 12:00:00,0.9086678,0.90594286,2.068224,3.6568553,2.8876653,1.1534058
2078-07-20 12:00:00,0.81498927,0.8363131,2.0187097,2.6909335,2.4323452,1.3462956
2078-07-21 12:00:00,0.90544975,0.9056193,2.2938664,2.467377,2.6570272,1.4183248
2078-07-22 12:00:00,1.6333858,1.4487796,3.064152,3.3497992,4.3743777,2.6897845
2078-07-23 12:00:00,2.2913857,2.284498,4.4657645,3.1138144,2.7360477,2.3432217
2078-07-24 12:00:00,2.1365035,1.8894553,3.6750689,2.5777795,3.1966228,2.039547
2078-07-25 12:00:00,1.4981263,1.3462353,3.2789588,2.3769085,5.566393,1.6423842
2078-07-26 12:00:00,1.9097184,1.9996748,3.436517,5.0914035,4.456909,2.7916389
2078-07-27 12:00:00,2.0540497,2.201945,4.4413576,3.8948095,4.309147,2.7854867
2078-07-28 12:00:00,1.2870446,1.2670184,3.1092515,4.321072,4.316527,1.9680374
2078-07-29 12:00:00,2.1679258,1.5847327,3.3200145,3.379409,3.1245573,2.1857486
2078-07-30 12:00:00,0.8152813,0.9492319,2.6119783,2.8172567,2.6118886,1.7164054
2078-07-31 12:00:00,1.045054,1.159546,2.358216,2.3514962,1.9709884,1.6969107
2078-08-01 12:00:00,1.451891,1.403785,2.422957,1.9012378,2.7012768,1.4403363
2078-08-02 12:00:00,2.3543262,2.2028327,3.3913715,2.564185,3.05283,2.0808089
2078-08-03 12:00:00,2.0019011,1.773832,4.06787,2.3345494,3.272103,2.7088552
2078-08-04 12:00:00,1.6951485,1.3954878,3.1070247,2.3080873,2.7873049,2.6840725
2078-08-05 12:00:00,2.8553324,2.306341,3.0535696,3.2348843,2.8065622,2.394376
2078-08-06 12:00:00,2.52242,2.1518464,2.6658113,3.0630426,2.8638046,1.9530885
2078-08-07 12:00:00,2.9743764,2.514049,3.1164327,3.185445,2.3276615,3.02902
2078-08-08 12:00:00,2.3652582,2.1647587,3.0391414,4.5333366,4.287997,3.080676
2078-08-09 12:00:00,1.7030442,2.0188074,1.9352914,5.757465,5.7864423,1.8591594
2078-08-10 12:00:00,1.7466393,1.5036576,1.606673,3.8361032,4.4406037,1.7538424
2078-08-11 12:00:00,2.1227994,1.6156461,2.191906,2.4161856,3.7420301,1.3175024
2078-08-12 12:00:00,2.550404,1.7275612,2.7086978,1.67449,3.966408,1.2670541
2078-08-13 12:00:00,2.7732012,2.2007642,3.2698276,4.243308,3.963668,2.9165096
2078-08-14 12:00:00,3.0062857,2.5682306,2.9508166,4.8648243,4.1933594,3.460285
2078-08-15 12:00:00,1.6640258,1.3328761,2.093298,2.5319579,2.6976357,1.7228395
2078-08-16 12:00:00,1.3442602,1.3554918,2.250933,2.1092024,2.559264,1.2825178
2078-08-17 12:00:00,2.068448,1.5907654,3.0180528,2.8196194,4.044277,1.4081334
2078-08-18 12:00:00,4.2083197,3.337177,3.0145583,3.787265,5.3215113,2.1256223
2078-08-19 12:00:00,3.1460438,2.902254,3.9097598,5.0174437,5.287303,2.5139382
2078-08-20 12:00:00,3.7959962,3.5020006,3.539651,4.6386075,4.647481,1.8973832
2078-08-21 12:00:00,1.26296,1.4380289,3.3025513,3.476463,3.650554,1.9743451
2078-08-22 12:00:00,1.773659,1.427245,3.5124304,2.1423788,3.1456275,1.7663941
2078-08-23 12:00:00,1.6673037,1.5314204,3.393793,3.3744543,3.2060854,1.6330621
2078-08-24 12:00:00,0.8642709,0.8835147,3.8140225,3.3711295,3.1189127,1.7884208
2078-08-25 12:00:00,1.695894,1.3849494,2.5457702,2.5187628,2.939245,1.6620282
2078-08-26 12:00:00,1.425208,1.4832567,3.4234421,3.634512,3.149357,2.6472836
2078-08-27 12:00:00,0.8418987,1.272752,2.9552112,2.7383854,2.8409135,2.8009503
2078-08-28 12:00:00,1.1856148,1.3657621,2.737959,2.174085,2.1015847,1.68768
2078-08-29 12:00:00,0.8456702,0.96550685,2.300881,2.0979652,1.6400155,1.46968
2078-08-30 12:00:00,0.84696233,0.74055773,2.4218578,2.4748693,1.8693364,1.2656803
2078-08-31 12:00:00,0.8356082,0.8872208,2.929445,1.8103843,2.7240255,1.7692745
2078-09-01 12:00:00,2.2041717,1.9514803,5.069449,2.9617162,2.377865,3.2684274
2078-09-02 12:00:00,3.1774528,2.8554924,4.346405,4.6372,3.8665295,4.2871537
2078-09-03 12:00:00,1.4582245,1.5084134,2.5696332,4.585563,4.1467013,1.9822193
2078-09-04 12:00:00,2.6522284,2.3364327,4.8317633,3.7193103,4.313383,2.307445
2078-09-05 12:00:00,2.706729,2.7583568,3.5965102,4.645563,4.576176,2.9783347
2078-09-06 12:00:00,2.6073792,2.5803847,5.278517,4.251164,4.5530987,4.7090116
2078-09-07 12:00:00,2.9754925,3.0130484,4.901294,4.5194445,4.9260755,4.2743244
2078-09-08 12:00:00,1.4676276,1.8257904,3.6236663,2.5331202,3.9799542,2.0944943
2078-09-09 12:00:00,1.6487107,1.8382746,4.04058,2.8626292,3.746001,2.8847272
2078-09-10 12:00:00,1.1227806,1.4436653,3.0319266,3.1601024,4.2625217,1.8364366
2078-09-11 12:00:00,1.0607955,1.1312664,3.2665908,1.8425422,3.3100739,1.5807637
2078-09-12 12:00:00,1.1745746,1.0566629,2.457151,1.7108312,3.178375,1.8528112
2078-09-13 12:00:00,0.69303656,0.85412204,2.1764271,1.5365361,3.3092942,1.3157227
2078-09-14 12:00:00,0.8326448,1.0398129,3.0715742,1.784217,3.3500159,1.6508877
2078-09-15 12:00:00,1.0509012,1.1724448,2.650331,1.7773322,3.1095438,1.4119573
2078-09-16 12:00:00,1.4121058,1.3449084,2.9804118,2.0337307,3.3786173,1.5569624
2078-09-17 12:00:00,2.0664387,1.7641913,2.1469169,4.125787,5.6018424,1.454204
2078-09-18 12:00:00,1.1670973,1.0941548,1.7100611,2.686499,7.992675,1.2268429
2078-09-19 12:00:00,1.5142101,1.4537442,3.3113842,2.7522392,4.4952397,1.2820001
2078-09-20 12:00:00,2.4599233,1.9760817,4.389219,2.4326031,2.8739407,2.070864
2078-09-21 12:00:00,2.367646,2.063855,4.254711,2.8428326,2.579031,2.255662
2078-09-22 12:00:00,2.551824,2.1935608,2.68301,5.031865,3.6097085,3.0027993
2078-09-23 12:00:00,1.6753774,1.5808712,3.259077,3.9579403,5.3837643,3.4306097
2078-09-24 12:00:00,1.0538621,1.2454503,2.9509022,2.9540222,4.283992,2.841172
2078-09-25 12:00:00,1.91008,1.7713503,4.130716,2.8901258,3.0035875,3.411589
2078-09-26 12:00:00,2.4262156,2.3370018,3.150344,3.3143544,3.2291942,2.6211035
2078-09-27 12:00:00,2.7936664,2.3749027,4.3995748,2.933406,4.3541307,2.9401052
2078-09-28 12:00:00,3.5377302,3.1307404,5.461372,6.165937,5.049107,4.71172
2078-09-29 12:00:00,2.9704695,2.5604126,3.9013865,7.376699,6.2793713,3.6459656
2078-09-30 12:00:00,1.2805113,1.200026,2.8855984,4.879572,5.895526,2.1765766
2078-10-01 12:00:00,1.1445612,1.1276786,1.8080326,2.2455573,4.2643495,1.30482
2078-10-02 12:00:00,1.0898962,1.1461104,3.534828,1.6290125,2.3890834,1.7354597
2078-10-03 12:00:00,2.7000065,2.2511184,3.1410253,1.8129625,2.6787722,1.4463662
2078-10-04 12:00:00,3.3694875,3.106549,3.2859843,4.6504784,3.2217362,2.700244
2078-10-05 12:00:00,2.9271755,3.0133312,4.8814254,7.300076,6.3037343,4.15878
2078-10-06 12:00:00,3.2840843,2.90168,3.824738,3.602123,4.4232006,2.7769156
2078-10-07 12:00:00,2.0386515,1.554888,2.3091602,1.5891647,1.733805,1.214378
2078-10-08 12:00:00,0.82634866,1.1259247,3.626445,3.6749816,3.4471014,2.7253108
2078-10-09 12:00:00,1.9745233,1.7864289,5.6037407,4.094757,4.88891,2.9756465
2078-10-10 12:00:00,2.048635,1.7403646,4.2920747,3.073108,3.9927492,1.943281
2078-10-11 12:00:00,1.9764603,1.4639639,2.7927852,2.6734169,2.6953137,1.4567345
2078-10-12 12:00:00,1.8283049,1.6815915,2.1277294,2.1556005,3.1799884,1.2987226
2078-10-13 12:00:00,1.7091416,1.6274878,4.856829,3.0814884,2.6764271,3.1689568
2078-10-14 12:00:00,3.5235796,3.019666,4.430775,4.442787,4.0410376,3.1661708
2078-10-15 12:00:00,2.173528,1.9961333,4.301146,4.031248,6.051308,3.2586443
2078-10-16 12:00:00,2.394096,2.6299305,5.543646,3.9293115,4.98058,3.037507
2078-10-17 12:00:00,1.6109961,1.6488749,3.6576982,2.542052,3.4843462,1.9708223
2078-10-18 12:00:00,1.9185979,1.4586991,4.394179,2.890501,3.6568182,1.7190129
2078-10-19 12:00:00,2.118402,1.5317353,4.703451,2.4089737,3.0929885,2.0729678
2078-10-20 12:00:00,3.180283,2.3742428,6.2910786,3.8740485,3.5523586,2.9824412
2078-10-21 12:00:00,3.4696696,2.9220972,4.5165963,5.1132617,4.652271,3.199148
2078-10-22 12:00:00,2.5410585,2.404685,5.6534243,4.133292,4.0535283,2.8401625
2078-10-23 12:00:00,2.5313535,2.2817154,6.402067,3.293438,4.7707176,2.8930051
2078-10-24 12:00:00,2.085225,2.095605,6.6744986,3.8408978,5.978244,3.7211604
2078-10-25 12:00:00,1.4404958,1.551533,6.3197722,3.5488229,5.7618837,3.5446756
2078-10-26 12:00:00,1.308808,1.3770914,6.027287,3.1473277,4.655321,3.4025898
2078-10-27 12:00:00,1.133934,1.378272,5.2422085,2.8280857,4.321922,3.2239478
2078-10-28 12:00:00,1.5356209,1.4986432,4.273435,3.3804605,3.3271627,3.1133366
2078-10-29 12:00:00,2.2054126,1.6296023,2.7474627,2.5060475,2.992724,1.8198837
2078-10-30 12:00:00,1.0168216,1.0145162,2.423409,1.5428623,3.5185816,1.3318634
2078-10-31 12:00:00,1.8001909,1.7926629,1.681196,3.613231,3.9602077,1.0848447
2078-11-01 12:00:00,1.895067,1.8711476,3.2666724,5.010781,5.04198,2.1029181
2078-11-02 12:00:00,1.212872,1.5030049,2.537161,5.395418,4.0221195,2.7308102
2078-11-03 12:00:00,1.2931156,1.1158737,3.3674173,4.400939,4.348086,2.2211583
2078-11-04 12:00:00,2.2678528,2.1859004,6.1144047,4.742387,4.8821106,4.4569945
2078-11-05 12:00:00,3.1832466,2.7594192,4.9565125,4.838079,5.636133,3.7765071
2078-11-06 12:00:00,2.3132586,2.2506588,6.0732193,5.317155,4.067899,4.8758016
2078-11-07 12:00:00,3.181607,2.9907315,5.7701926,5.903896,6.3551607,3.7185452
2078-11-08 12:00:00,3.9395163,3.3537345,4.9517927,5.8558064,5.4959126,3.0696132
2078-11-09 12:00:00,3.3695297,2.8901448,5.8240585,5.0993757,6.4922314,2.8897533
2078-11-10 12:00:00,3.1750135,2.888788,6.722842,5.242739,5.4356904,3.5598083
2078-11-11 12:00:00,3.7544274,3.360586,7.530374,5.475691,4.5036945,3.8285425
2078-11-12 12:00:00,3.1061943,2.8203216,6.7668743,5.1947365,3.9876487,3.1413114
2078-11-13 12:00:00,2.3329601,1.9235629,4.6379085,3.721575,4.548143,2.2877514
2078-11-14 12:00:00,2.4645772,1.8019795,4.601152,3.1338203,4.8991623,2.4114888
2078-11-15 12:00:00,2.072025,1.5851424,5.581195,3.3599367,4.188694,2.7351606
2078-11-16 12:00:00,1.1684979,1.1830635,3.8950355,2.0333138,4.3283567,1.822724
2078-11-17 12:00:00,2.0240963,1.5871851,2.7540214,2.0885513,4.7526245,1.68078
2078-11-18 12:00:00,0.87331545,0.9899164,2.725825,3.5229938,7.0667067,1.601442
2078-11-19 12:00:00,0.9328866,1.3201534,2.0252693,4.353139,4.826866,1.8431588
2078-11-20 12:00:00,1.9434519,1.8869029,3.950359,4.149224,3.0939155,3.0239253
2078-11-21 12:00:00,3.8530114,2.88057,4.4372106,3.432574,2.522423,2.790582
2078-11-22 12:00:00,3.9841254,3.087906,4.516125,2.227583,2.7657778,2.2029607
2078-11-23 12:00:00,2.8350902,2.3716066,3.01549,2.2482326,2.393119,2.219375
2078-11-24 12:00:00,1.1806815,1.2501538,2.2319138,2.0717466,2.8200228,1.8185728
2078-11-25 12:00:00,0.7997,1.0302997,2.9316025,1.84032,3.6044207,1.8608209
2078-11-26 12:00:00,1.2051647,1.2490215,3.8999138,2.0540593,2.4021049,1.7329088
2078-11-27 12:00:00,1.5143774,1.227795,3.4385262,3.637927,2.9568546,2.1987648
2078-11-28 12:00:00,1.1614898,1.0595164,3.6288233,3.5286222,3.1462727,2.3748295
2078-11-29 12:00:00,0.7701738,0.86532176,2.5162978,3.4298925,3.652316,1.621732
2078-11-30 12:00:00,0.92403305,1.073262,3.000886,4.258325,3.4966643,2.5520146
2078-12-01 12:00:00,3.2037063,2.928713,7.8779917,5.5159893,4.0181427,4.836155
2078-12-02 12:00:00,3.163528,2.6333907,6.336676,5.6452484,4.6183443,4.420879
2078-12-03 12:00:00,4.175295,3.4239717,6.6803117,5.250002,4.8477573,4.574965
2078-12-04 12:00:00,2.8881311,2.3689854,4.633598,4.445552,4.3066354,2.6722188
2078-12-05 12:00:00,0.8800348,1.172664,3.3653152,5.200099,3.7877324,2.9706743
2078-12-06 12:00:00,1.2550381,1.3439957,4.468323,6.7732344,4.1505365,3.817032
2078-12-07 12:00:00,2.2841516,2.0920494,4.143262,4.1248126,3.1157393,3.4428964
2078-12-08 12:00:00,1.4616067,1.445957,5.491719,3.6702988,3.5787807,3.5755289
2078-12-09 12:00:00,1.7127123,1.6643267,5.4883933,4.532657,3.2063475,4.058186
2078-12-10 12:00:00,2.1326866,2.1333783,5.054681,4.8553715,4.098925,4.0444775
2078-12-11 12:00:00,1.4130011,1.3736947,3.3978066,3.6337185,4.360689,2.9126287
2078-12-12 12:00:00,1.844363,1.7187091,3.9635131,3.5624325,3.8809798,2.318632
2078-12-13 12:00:00,1.4809268,1.2054522,3.154355,3.6675384,5.804086,2.4559648
2078-12-14 12:00:00,2.024579,1.3651704,2.4155216,3.6492329,4.764409,1.8465811
2078-12-15 12:00:00,1.0976764,1.1286982,3.4294882,3.9041111,4.4478283,2.4798696
2078-12-16 12:00:00,2.147337,1.9691038,5.3917828,3.4898264,4.731228,3.7225673
2078-12-17 12:00:00,1.8615541,1.634041,3.4931674,3.7794197,2.6018803,2.7088654
2078-12-18 12:00:00,1.1521128,1.0909319,1.6812263,2.3655708,3.3639314,1.6043024
2078-12-19 12:00:00,2.0304313,1.4958134,2.7962627,2.5926414,5.8837214,1.5275341
2078-12-20 12:00:00,2.4281354,1.6531278,4.4020915,3.2439902,7.89498,2.1185884
2078-12-21 12:00:00,2.0387354,1.605085,4.979977,3.5964017,7.4231267,2.3743815
2078-12-22 12:00:00,0.9189156,0.9964044,4.2506504,2.9310555,7.5587926,2.2435303
2078-12-23 12:00:00,0.57101476,0.76346636,4.3612385,2.5987544,6.474375,2.4617455
2078-12-24 12:00:00,0.6360632,0.9468405,4.4599514,4.0465817,5.049291,3.7576215
2078-12-25 12:00:00,2.39662,2.0395648,5.7105393,5.654971,5.396882,5.125013
2078-12-26 12:00:00,3.1756725,2.5838923,4.905911,3.9085069,4.689817,4.524966
2078-12-27 12:00:00,2.5547485,2.210544,3.7537436,3.5212839,3.444182,2.7534018
2078-12-28 12:00:00,1.4278227,1.3564868,4.1288815,5.154115,5.4399405,3.437051
2078-12-29 12:00:00,2.1384072,1.706731,5.4443984,5.1790514,6.4071136,4.619959
2078-12-30 12:00:00,1.9661356,1.5692347,3.3908994,5.1441555,3.9770386,3.2697024
2078-12-31 12:00:00,2.3617523,2.331633,5.6736083,5.9781003,4.294403,5.2984724
2079-01-01 12:00:00,1.8592961,1.6167527,3.6965764,3.3855941,5.288337,2.6942616
2079-01-02 12:00:00,1.6360872,1.6186445,4.7680984,4.5417643,3.6945906,3.1228616
2079-01-03 12:00:00,1.3348954,1.5564361,4.2035117,5.0174303,4.3872323,2.942313
2079-01-04 12:00:00,1.0196435,1.3299923,3.5260947,6.9563065,4.8067465,3.3629115
2079-01-05 12:00:00,0.9588509,1.2302356,3.6648772,7.2258,6.1329374,4.0583096
2079-01-06 12:00:00,0.672269,1.0951864,2.8826954,6.511569,6.928329,3.7010674
2079-01-07 12:00:00,1.1624994,1.1691542,4.9910297,3.7846658,5.535411,3.093448
2079-01-08 12:00:00,3.0407605,2.6667671,7.1294074,5.5786905,4.3468785,4.760407
2079-01-09 12:00:00,2.8801203,2.5183327,5.3655515,5.034966,3.3864522,4.0905924
2079-01-10 12:00:00,1.2996086,1.213164,2.9545405,3.4378085,2.8506265,2.7751896
2079-01-11 12:00:00,0.8972453,1.029311,3.300312,3.0942214,2.3089638,2.76084
2079-01-12 12:00:00,1.6344447,1.5113697,4.07788,5.2788286,2.8555005,3.468345
2079-01-13 12:00:00,1.0708239,1.2348262,3.8649948,5.7889423,3.7388663,2.9929225
2079-01-14 12:00:00,0.936565,1.1251614,2.9524517,4.255503,3.331157,2.5252352
2079-01-15 12:00:00,2.0182803,1.7342163,4.4406557,3.7793608,3.0825477,2.6651745
2079-01-16 12:00:00,2.5022879,2.050229,5.7427993,4.778383,5.784979,3.2551937
2079-01-17 12:00:00,2.7150185,2.7147338,2.8690553,4.352538,4.3021426,2.997782
2079-01-18 12:00:00,3.188542,2.459263,3.7464736,3.90656,5.6154165,2.204257
2079-01-19 12:00:00,3.172667,2.066302,5.678465,3.5163777,5.8299055,2.4188864
2079-01-20 12:00:00,3.2692125,2.2929542,4.480374,4.009967,7.51624,2.3782887
2079-01-21 12:00:00,2.1386578,1.6100492,3.3957937,2.9352179,5.755977,2.0808516
2079-01-22 12:00:00,2.819694,2.1439514,4.76042,3.611663,4.6144,2.8050113
2079-01-23 12:00:00,1.6372824,1.566696,3.0632393,3.5767798,3.944283,1.9635895
2079-01-24 12:00:00,1.4961874,1.1364574,3.330026,3.2599256,3.1948934,1.7967656
2079-01-25 12:00:00,1.7574176,1.2791239,2.150651,2.7812243,2.8364878,1.9419888
2079-01-26 12:00:00,0.82318276,0.8158209,2.6332254,2.5253437,3.0063264,1.9459223
2079-01-27 12:00:00,1.3277347,1.0816861,4.3552957,3.2375622,4.08091,2.4361265
2079-01-28 12:00:00,2.1485033,1.6333728,4.2623777,3.5654156,4.2214384,2.1113265
2079-01-29 12:00:00,1.4535198,1.2243485,3.3943393,4.468587,4.5906377,2.560206
2079-01-30 12:00:00,0.9728476,1.0888382,2.5450623,4.2599998,4.267627,2.8529572
2079-01-31 12:00:00,1.832695,1.4971576,6.309462,5.1309566,4.024668,3.5113096
2079-02-01 12:00:00,3.0968373,2.098866,5.911061,5.168084,4.3790393,2.7901053
2079-02-02 12:00:00,2.8586576,2.0930939,4.993452,4.903482,4.4209566,2.9553046
2079-02-03 12:00:00,2.1810126,1.7495384,6.1386995,5.364099,5.1225123,3.3398664
2079-02-04 12:00:00,1.4268703,1.5076381,7.3276777,4.13354,5.238564,3.8913703
2079-02-05 12:00:00,1.600271,1.7389259,7.6329436,3.6642275,4.67194,3.9553616
2079-02-06 12:00:00,2.2921312,2.2280524,6.9463954,4.468771,4.10117,3.309021
2079-02-07 12:00:00,4.495048,3.9087946,7.683759,6.350452,5.273117,3.8275456
2079-02-08 12:00:00,4.617029,3.6097891,7.0058956,5.7883544,4.3553014,3.447888
2079-02-09 12:00:00,4.4910917,3.2183194,5.4182196,5.428491,4.557618,2.9769726
2079-02-10 12:00:00,3.6015706,2.6714578,3.4914944,4.259803,4.550072,2.0462177
2079-02-11 12:00:00,2.5368938,1.936014,3.9201841,3.7592082,3.4416556,2.4648523
2079-02-12 12:00:00,2.5816274,1.709658,3.6623874,3.1541886,2.86043,2.0090272
2079-02-13 12:00:00,2.9476757,2.0700085,3.690866,2.7069318,2.9978936,1.8014932
2079-02-14 12:00:00,2.8095858,2.0279613,3.664159,2.4078057,3.195175,1.9280298
2079-02-15 12:00:00,1.1982232,1.118692,3.842665,2.7706304,3.1163826,1.5625204
2079-02-16 12:00:00,0.72515535,0.79890406,3.1708367,2.883964,3.0136714,1.5193769
2079-02-17 12:00:00,0.6383146,0.79762006,2.2527962,2.763821,5.0001993,2.0117643
2079-02-18 12:00:00,0.69935924,1.064915,2.3870904,3.5019906,5.040608,1.7481738
2079-02-19 12:00:00,1.4277296,1.6181576,3.0347998,4.353176,4.8880734,2.2062106
2079-02-20 12:00:00,1.0349362,1.3058466,3.586668,4.2759366,2.6542516,2.6888556
2079-02-21 12:00:00,1.0370407,1.2360235,3.2320209,3.5662796,3.0381846,2.4528744
2079-02-22 12:00:00,1.8953648,1.7289116,3.195231,2.7493036,2.983159,2.1442773
2079-02-23 12:00:00,2.7251995,2.0986664,5.240391,2.654483,2.995052,2.5158412
2079-02-24 12:00:00,1.715441,1.5924447,3.35825,3.6429853,2.874236,1.8418127
2079-02-25 12:00:00,0.9736179,1.3302803,1.8036824,2.783456,4.686418,1.4021211
2079-02-26 12:00:00,1.5494387,1.4528996,2.2842467,1.5557096,3.771853,1.3888851
2079-02-27 12:00:00,0.92265224,1.0697784,3.386548,3.6865194,4.491973,2.735824
2079-02-28 12:00:00,2.2257266,1.7788887,5.2856927,4.892752,5.1545577,2.7045574
2079-03-01 12:00:00,2.6703496,1.9680088,4.205025,3.239712,6.179091,2.1883526
2079-03-02 12:00:00,2.1268024,1.7091117,3.6328413,2.9064467,5.933748,2.0114205
2079-03-03 12:00:00,1.3085282,1.0715188,3.2260246,2.3325841,3.2437177,1.8443309
2079-03-04 12:00:00,1.6754277,1.2862619,2.854635,2.2131727,2.2035997,1.9471698
2079-03-05 12:00:00,3.8141727,2.8562255,4.722187,3.0128243,4.291727,2.509885
2079-03-06 12:00:00,2.8249307,2.526954,4.0657263,4.6802654,4.235391,2.8637486
2079-03-07 12:00:00,1.6323992,1.5863165,4.0557323,6.050335,4.902823,3.8962395
2079-03-08 12:00:00,1.4973278,1.5220283,2.6905763,4.8636346,4.2952952,2.7312174
2079-03-09 12:00:00,2.0988326,1.5186664,4.3668165,2.8597095,4.2433987,1.9414659
2079-03-10 12:00:00,2.8071117,2.27945,5.8491573,4.1389375,2.813655,3.0033338
2079-03-11 12:00:00,2.7268758,2.4497142,5.758194,4.702986,3.7846076,2.8446314
2079-03-12 12:00:00,3.6818795,3.07868,5.637154,4.453942,3.686406,2.9047754
2079-03-13 12:00:00,3.4810133,2.9809215,4.4946647,4.9523616,3.525761,2.5282817
2079-03-14 12:00:00,2.0366433,1.9580244,2.6292822,3.4658923,4.64966,1.9956
2079-03-15 12:00:00,1.388777,1.5412015,4.0045433,2.6839473,4.9762874,2.3643353
2079-03-16 12:00:00,1.3533297,1.0900427,3.268914,2.3602362,3.9613535,2.3601522
2079-03-17 12:00:00,1.0753603,0.90389836,2.3707178,1.8780706,2.8296819,1.7962204
2079-03-18 12:00:00,1.123161,1.2061291,2.7852066,2.674994,4.028562,1.2589972
2079-03-19 12:00:00,2.622005,2.1486015,2.7106173,3.5985262,4.7241244,1.7589246
2079-03-20 12:00:00,2.430572,2.41711,2.8055239,4.416078,3.6229444,2.386688
2079-03-21 12:00:00,1.724114,1.2004356,2.645855,2.4338782,6.458005,0.8764417
2079-03-22 12:00:00,0.8033748,0.870049,2.1518414,3.2996824,5.4838724,1.5159258
2079-03-23 12:00:00,1.9582491,1.6327816,2.5971482,2.8430324,5.0030565,1.5654258
2079-03-24 12:00:00,2.229713,1.9147202,2.6240244,2.54709,3.9654613,1.3558607
2079-03-25 12:00:00,1.3803442,1.3244128,2.0455563,1.9987482,5.4007115,1.4458423
2079-03-26 12:00:00,1.4642301,1.2334836,2.3427281,3.7085245,7.2674727,2.154628
2079-03-27 12:00:00,3.6695192,2.9591448,5.8516073,5.1396546,6.6668825,4.7136497
2079-03-28 12:00:00,3.626475,3.1449745,5.661268,5.7945504,4.9423475,3.9609458
2079-03-29 12:00:00,2.9270568,2.8563924,4.0353208,6.130325,4.9339786,3.5354636
2079-03-30 12:00:00,3.410701,2.6039553,4.708364,4.875319,6.054526,4.3336654
2079-03-31 12:00:00,5.1922483,4.7884583,7.1054997,9.469871,7.654313,6.353524
2079-04-01 12:00:00,4.952212,4.229521,7.02982,8.05858,7.6576853,5.2925396
2079-04-02 12:00:00,4.1170225,3.8622255,7.1989026,7.636602,6.1568155,4.734491
2079-04-03 12:00:00,3.5286026,3.2383695,4.94337,5.617141,3.4911766,4.243749
2079-04-04 12:00:00,3.0517082,2.40388,4.8788795,3.885403,2.9782324,3.1149204
2079-04-05 12:00:00,1.9165763,1.7618736,2.271739,2.8482559,4.320141,1.7977859
2079-04-06 12:00:00,1.359671,1.257949,3.1058307,2.651954,3.9220922,1.6039835
2079-04-07 12:00:00,3.4771805,3.0510967,4.2082405,4.133247,4.4116006,3.096279
2079-04-08 12:00:00,1.772335,1.8603442,3.0090947,3.570813,4.7861757,2.148325
2079-04-09 12:00:00,1.5739925,1.4495162,3.0722456,3.4778783,4.4790835,2.0458703
2079-04-10 12:00:00,3.680989,3.1266546,6.4981422,6.851692,4.9642587,5.048417
2079-04-11 12:00:00,4.1815095,3.5924442,7.044191,7.2872286,4.5668583,4.652799
2079-04-12 12:00:00,2.6825252,2.4193735,3.5739722,5.7213464,3.3888538,2.8509023
2079-04-13 12:00:00,2.6303601,2.2421844,6.2647786,4.678107,4.0152855,3.6827898
2079-04-14 12:00:00,1.9768853,2.0625894,8.1889715,2.6647952,4.4295897,3.4254682
2079-04-15 12:00:00,1.9130535,2.0509758,4.061305,3.1935914,3.2375267,2.45904
2079-04-16 12:00:00,1.8220174,2.0203269,2.6954045,4.5778685,2.9698927,2.715422
2079-04-17 12:00:00,2.5753307,2.5731003,3.6723952,4.5011945,5.3074584,3.1302638
2079-04-18 12:00:00,2.3792672,2.3060334,4.8413877,4.801311,7.5210357,2.9005055
2079-04-19 12:00:00,2.643081,2.5598164,3.6863835,6.5798144,8.215796,3.2990475
2079-04-20 12:00:00,3.7867217,3.3051019,5.110008,5.9280624,8.150152,4.108524
2079-04-21 12:00:00,3.6119733,2.7340436,4.4552903,5.152946,5.638949,2.847677
2079-04-22 12:00:00,2.4183354,1.8196583,4.1090097,4.7032013,5.0414762,2.236481
2079-04-23 12:00:00,2.6233525,2.044721,4.2237873,2.652065,5.084717,2.668219
2079-04-24 12:00:00,2.9530396,2.8038151,4.4625344,2.1928506,3.4798472,3.4757202
2079-04-25 12:00:00,3.0783567,2.6407492,3.592929,2.7443054,3.1334503,2.288946
2079-04-26 12:00:00,3.043162,2.3609939,4.730467,2.5781074,4.265072,2.2616727
2079-04-27 12:00:00,1.8433467,1.4188361,3.3477252,2.8473897,3.3581026,1.4546824
2079-04-28 12:00:00,1.0676805,1.0758822,1.839666,2.0564878,3.525058,1.1896467
2079-04-29 12:00:00,1.6433507,1.2863815,1.7030135,2.2043028,3.847668,0.88721144
2079-04-30 12:00:00,1.2428923,1.3129809,3.7409213,2.8974922,4.835929,1.6722525
2079-05-01 12:00:00,1.555568,1.3099432,4.255704,3.790864,4.812471,1.6885808
2079-05-02 12:00:00,3.1817307,2.9151247,5.12253,4.2781262,3.4671307,1.9711788
2079-05-03 12:00:00,2.6030483,2.5133433,6.1495166,4.380931,3.6620378,3.092087
2079-05-04 12:00:00,2.1097023,2.112334,5.3667493,2.5105264,3.476886,2.3481922
2079-05-05 12:00:00,2.1096294,2.0055962,5.6251645,2.2064087,3.2842565,2.5245206
2079-05-06 12:00:00,1.7291603,1.9068308,5.381404,2.2281408,3.0790615,2.643507
2079-05-07 12:00:00,1.7770813,2.1712606,5.497656,2.3060486,3.538991,2.6911933
2079-05-08 12:00:00,1.1104577,1.2816057,3.8760839,2.5202878,3.3161445,2.1862812
2079-05-09 12:00:00,1.7940861,1.4677151,3.1023147,2.6876411,3.6988816,1.6523987
2079-05-10 12:00:00,1.9895644,1.4931185,2.3951032,2.24754,4.440405,1.7523296
2079-05-11 12:00:00,1.9462619,1.69011,1.8948736,1.8394927,4.4070134,1.4273568
2079-05-12 12:00:00,0.8977187,1.0279057,2.1901772,2.698102,3.9302492,1.3099531
2079-05-13 12:00:00,1.3212626,1.4374487,2.81075,2.3683639,2.4329078,2.105016
2079-05-14 12:00:00,3.0772636,2.2076151,3.4014854,3.3531203,2.841816,2.4240181
2079-05-15 12:00:00,2.0568938,1.7654133,3.9105096,3.1296015,3.1697912,2.4925961
2079-05-16 12:00:00,2.4845366,1.8483403,3.6048315,2.9860168,3.3878298,2.4580424
2079-05-17 12:00:00,3.3833847,2.8830159,4.970234,4.386394,3.5007074,3.9049761
2079-05-18 12:00:00,3.8971095,3.131072,5.146532,3.7799566,4.9552507,4.134999
2079-05-19 12:00:00,3.223796,2.7896519,5.029788,3.5642316,4.400135,4.067235
2079-05-20 12:00:00,3.256165,2.7420354,4.411313,3.4766076,4.163313,3.8529334
2079-05-21 12:00:00,2.4754214,2.3991838,4.1502995,3.7724206,4.448501,2.5981193
2079-05-22 12:00:00,3.4403796,2.8781588,4.4894524,3.8888042,4.7707877,3.0183942
2079-05-23 12:00:00,2.604825,2.0050437,3.2461464,4.299965,5.5008693,1.6842631
2079-05-24 12:00:00,1.5166429,1.6196193,5.0093336,5.189498,5.3864093,3.5447507
2079-05-25 12:00:00,1.9753689,2.0271394,3.750945,3.651938,3.6905189,2.058681
2079-05-26 12:00:00,1.7086592,1.5009446,2.2005603,3.0800138,3.6314542,1.5706443
2079-05-27 12:00:00,1.6357993,1.313111,2.798234,3.1724622,4.257863,1.6682227
2079-05-28 12:00:00,1.2647461,1.2710919,3.1318817,3.2889192,3.4993265,1.5499743
2079-05-29 12:00:00,1.908301,1.6595349,4.547042,3.5439892,2.681199,1.6505532
2079-05-30 12:00:00,1.6772242,1.6044273,2.3292713,2.6466773,3.010552,1.1602095
2079-05-31 12:00:00,1.4272954,1.5177779,2.347543,2.972947,3.5981748,1.5944778
2079-06-01 12:00:00,2.329011,2.06787,3.550048,4.025874,3.610193,2.463613
2079-06-02 12:00:00,2.0820718,1.876256,3.7555075,2.955777,4.2705336,2.0479345
2079-06-03 12:00:00,2.3876936,1.794352,3.2363257,2.511173,3.7739277,1.8241588
2079-06-04 12:00:00,2.590323,1.8885193,2.8024716,2.209052,3.5006852,1.2173407
2079-06-05 12:00:00,2.4053345,2.0804765,3.0137732,3.120207,3.3508475,1.6397672
2079-06-06 12:00:00,3.3952374,2.4885201,3.9817529,2.9633436,3.500256,2.227834
2079-06-07 12:00:00,2.8929863,2.3541913,3.1816893,3.5489316,3.6768425,2.680827
2079-06-08 12:00:00,1.5469887,1.200928,2.3619418,1.8342638,2.646933,1.566163
2079-06-09 12:00:00,1.7875392,1.426876,2.6855385,2.1179357,2.6006787,1.9282581
2079-06-10 12:00:00,2.6029866,2.4679623,3.937766,3.212934,3.5450695,2.144394
2079-06-11 12:00:00,2.7650871,2.457927,3.6840577,3.8904493,3.177738,2.5873783
2079-06-12 12:00:00,1.8471823,1.6332794,2.6510975,2.9836667,2.9345357,1.9171813
2079-06-13 12:00:00,1.5642828,1.3528845,2.7116914,2.3834991,5.1161633,1.9407598
2079-06-14 12:00:00,1.8171606,1.7713155,3.0748143,3.7273996,3.671989,2.1738453
2079-06-15 12:00:00,2.2421446,1.9816583,3.1275406,4.2724533,3.4548798,2.1517763
2079-06-16 12:00:00,2.657485,1.9193118,3.41484,4.0456233,4.7942033,2.0303385
2079-06-17 12:00:00,2.3309104,1.6833794,2.8965423,4.863331,4.151786,1.656926
2079-06-18 12:00:00,2.3713064,1.848663,2.9610126,3.7996337,3.6343925,1.2099586
2079-06-19 12:00:00,1.9438553,1.4958057,2.1300766,3.825705,3.3704827,0.98457
2079-06-20 12:00:00,1.0359362,1.2886068,2.0151002,2.9732354,2.785875,1.259062
2079-06-21 12:00:00,1.8301829,1.7942784,2.543048,3.2852151,3.0860245,1.5232252
2079-06-22 12:00:00,2.042349,1.5521147,2.4658892,2.4719605,2.6577926,1.3051912
2079-06-23 12:00:00,1.1228142,1.1586239,2.7114682,2.8278093,2.9635885,2.2804139
2079-06-24 12:00:00,1.040184,1.564109,3.768964,3.2359095,3.0757468,3.244817
2079-06-25 12:00:00,2.6552474,2.1819015,2.801675,4.428144,4.493952,2.742156
2079-06-26 12:00:00,1.8992193,1.5847628,1.5021344,3.7726,4.707311,1.1520102
2079-06-27 12:00:00,1.9693277,1.947405,2.1571226,2.9948475,4.530176,1.1055878
2079-06-28 12:00:00,3.2136283,2.8507938,4.759999,3.2349603,3.3798013,2.293407
2079-06-29 12:00:00,3.1894994,2.5738308,4.237981,3.3098943,2.914304,2.0200932
2079-06-30 12:00:00,2.894783,2.1581821,3.3587263,2.769313,2.770873,1.5649251
2079-07-01 12:00:00,2.0985796,1.6445296,2.7107239,2.6909332,2.5085604,1.6098264
2079-07-02 12:00:00,1.8097646,1.6940457,1.8494983,2.9095404,2.0558662,2.0878363
2079-07-03 12:00:00,2.0343676,1.8722152,2.400563,2.6848972,2.801179,1.7919497
2079-07-04 12:00:00,1.6995401,1.4967862,2.2707686,2.2817328,3.8561516,1.3616136
2079-07-05 12:00:00,2.017161,1.6705757,2.6059854,2.2162967,4.0691323,1.5336819
2079-07-06 12:00:00,2.926543,2.3520176,2.8591366,3.031581,5.221893,1.9223751
2079-07-07 12:00:00,2.0332732,1.7727282,2.6145754,2.8763964,5.281556,1.9569842
2079-07-08 12:00:00,2.0076566,1.6604036,2.0355275,3.191877,5.011474,1.597916
2079-07-09 12:00:00,2.30588,1.9262375,3.3756585,2.590676,4.7537274,1.7888867
2079-07-10 12:00:00,3.1816897,2.6660767,4.7733755,3.6737494,4.1330004,4.351794
2079-07-11 12:00:00,2.8368316,2.4606922,3.458471,5.769209,4.1934266,2.927376
2079-07-12 12:00:00,2.4620016,1.9752003,3.2986574,3.8906345,4.1675153,2.2317042
2079-07-13 12:00:00,2.4225008,1.8310437,3.2613964,2.8190103,2.5571527,2.1542876
2079-07-14 12:00:00,2.1995332,1.9545636,2.574603,2.9314744,2.11235,1.9508158
2079-07-15 12:00:00,3.1459193,2.9130518,5.7333856,3.675373,2.84167,3.0819511
2079-07-16 12:00:00,4.4410086,3.8923562,5.3350663,4.729012,4.0361943,2.9882238
2079-07-17 12:00:00,2.7456555,2.5021124,5.0281763,5.6998687,3.7040308,3.349973
2079-07-18 12:00:00,2.3064337,2.2929616,3.0578763,4.126761,3.1126268,1.8837692
2079-07-19 12:00:00,2.072907,2.2276852,2.6463425,2.511646,3.3985543,1.1714367
2079-07-20 12:00:00,2.0910954,2.2607927,2.522558,3.1741607,3.6087906,1.1863586
2079-07-21 12:00:00,1.2813509,1.173617,1.9579368,1.8594276,2.5236385,1.1944948
2079-07-22 12:00:00,1.3202302,1.1590948,2.916675,1.7165326,2.2957268,1.7669252
2079-07-23 12:00:00,1.1661999,1.3792776,2.7892208,1.9149308,2.6750374,1.2884921
2079-07-24 12:00:00,2.05157,2.076209,4.120551,3.09258,2.2193742,3.275988
2079-07-25 12:00:00,2.7075572,2.7614777,3.390431,4.1817536,3.907738,2.9060245
2079-07-26 12:00:00,2.5915751,2.1002522,2.8299286,2.660702,5.4606934,2.0593715
2079-07-27 12:00:00,1.0946565,1.1356199,2.5375154,3.2633593,5.3215923,1.9256008
2079-07-28 12:00:00,1.7002538,1.4121203,2.2114143,2.2368536,3.774281,1.3393174
2079-07-29 12:00:00,1.9264125,1.627033,2.0599875,2.485821,2.4833324,1.6808834
2079-07-30 12:00:00,1.9257525,1.684991,2.6392403,3.4683075,3.2041016,1.9165853
2079-07-31 12:00:00,2.461434,2.0570755,2.6810694,3.0918703,2.7643912,1.9679648
2079-08-01 12:00:00,2.9471004,2.6396348,5.3098335,3.9802952,3.2288654,3.653656
2079-08-02 12:00:00,2.1605628,1.9470358,3.7587223,3.7060997,3.0280664,2.3842108
2079-08-03 12:00:00,2.6250272,2.3415098,4.76469,4.60825,3.752455,3.6111991
2079-08-04 12:00:00,2.5451174,2.2359269,3.383004,4.287648,3.8389542,2.499882
2079-08-05 12:00:00,1.6122816,1.4061947,2.7480025,4.6000147,4.0328336,2.5051444
2079-08-06 12:00:00,1.085425,1.2717602,2.4150562,3.3066218,4.289781,1.4515806
2079-08-07 12:00:00,1.3234285,1.3048285,2.120094,1.7683043,3.550026,1.8987498
2079-08-08 12:00:00,1.37318,1.2442077,2.7745254,2.1403742,3.5062194,1.8191278
2079-08-09 12:00:00,1.218223,1.1550398,3.149203,2.251063,5.7256064,2.0214555
2079-08-10 12:00:00,1.2777915,1.3307898,2.777677,3.779737,5.463931,2.3048985
2079-08-11 12:00:00,1.467165,1.131744,2.4826152,2.533706,6.012453,2.2363086
2079-08-12 12:00:00,1.2835643,1.338648,1.86051,3.0180123,5.6850743,1.1119753
2079-08-13 12:00:00,1.1458411,0.96719164,1.5933868,1.9142721,4.4884434,1.169696
2079-08-14 12:00:00,1.0886602,1.0864865,1.5082784,2.0900488,4.64568,0.98238087
2079-08-15 12:00:00,1.4899403,1.2387652,2.0029633,1.6877469,3.4754522,1.2358913
2079-08-16 12:00:00,1.6935948,1.2804477,1.7335893,1.4242553,1.936843,1.2377977
2079-08-17 12:00:00,1.592833,1.401734,3.3624363,2.0018406,1.7812387,1.7900006
2079-08-18 12:00:00,1.5992212,1.6791878,3.891892,2.7356079,2.2145033,3.0273194
2079-08-19 12:00:00,1.5894307,1.6417078,2.489371,2.616489,3.0891407,2.0054786
2079-08-20 12:00:00,2.2531629,1.891636,2.3407285,2.3015378,2.9935951,1.6803149
2079-08-21 12:00:00,3.1858616,2.5023828,2.469736,2.3997679,2.3863893,1.5404329
2079-08-22 12:00:00,2.7043352,2.534245,2.6117058,2.7603226,2.7480302,1.7140085
2079-08-23 12:00:00,2.0788221,2.1618097,3.7804506,3.7921345,3.1026661,2.2543185
2079-08-24 12:00:00,1.7342901,1.6127312,2.977348,3.9019244,3.3648205,1.8743968
2079-08-25 12:00:00,1.8655128,1.6867906,3.3520348,4.5116563,4.0800796,2.5656354
2079-08-26 12:00:00,3.1333585,2.8769321,4.505873,5.5180755,3.5541692,3.466813
2079-08-27 12:00:00,2.8528986,2.9412124,3.375715,6.0849414,3.5878396,3.06582
2079-08-28 12:00:00,2.3008528,2.055043,2.9961047,2.32575,4.017151,2.366662
2079-08-29 12:00:00,2.3163385,1.6659063,3.539497,2.4453633,3.5132523,2.9085693
2079-08-30 12:00:00,2.3092144,1.9950838,2.9453907,3.173529,4.4183455,2.0566578
2079-08-31 12:00:00,2.0790298,1.7940485,2.7964947,3.0631733,3.2541413,1.3037324
2079-09-01 12:00:00,1.6674703,1.3766934,2.2453904,2.8118136,2.282092,1.2797191
2079-09-02 12:00:00,1.3944529,1.4006371,1.4117438,3.108399,2.7954123,1.6981828
2079-09-03 12:00:00,1.6033249,1.3508878,1.7352594,2.308814,2.2285035,1.3898824
2079-09-04 12:00:00,1.1071098,0.92655617,2.8410256,2.095093,2.0608888,2.2595398
2079-09-05 12:00:00,2.2505107,1.8465527,2.8925993,2.923194,1.6091082,1.7426884
2079-09-06 12:00:00,2.0850024,1.7731109,3.0951471,3.1011078,2.4765444,2.2021625
2079-09-07 12:00:00,1.6795518,1.4324023,5.589081,2.649657,2.8442883,2.2388065
2079-09-08 12:00:00,1.428017,1.4754448,5.052674,3.2086606,2.3806355,2.4616854
2079-09-09 12:00:00,2.012248,1.7968049,5.1645293,3.0738654,2.36372,2.6138036
2079-09-10 12:00:00,3.3808684,2.78137,4.5195622,4.535338,2.3203967,3.0453708
2079-09-11 12:00:00,1.6470875,1.6178988,2.9063942,3.312817,2.7809205,1.9582582
2079-09-12 12:00:00,1.3470213,1.1439172,3.0817847,1.781332,2.1916797,1.273931
2079-09-13 12:00:00,1.2078823,1.149162,4.2625155,2.0629752,2.12937,1.8834076
2079-09-14 12:00:00,2.5685258,2.0416546,5.3969016,3.093282,2.4178195,2.682506
2079-09-15 12:00:00,3.0732496,2.576183,2.7970214,4.185324,2.7320466,2.3027296
2079-09-16 12:00:00,1.3789067,1.2259232,2.5899768,3.1187015,4.306697,2.1463718
2079-09-17 12:00:00,1.0628546,1.1017696,3.367429,2.676269,2.4604332,2.3396862
2079-09-18 12:00:00,2.831295,2.4137933,5.36306,4.2543516,3.4878657,3.788864
2079-09-19 12:00:00,2.83926,3.2316737,4.767734,4.7493076,4.501439,2.998712
2079-09-20 12:00:00,2.6244655,2.292725,2.789751,3.2230911,3.1884491,1.3673162
2079-09-21 12:00:00,1.0461011,1.1736938,1.6281312,2.6041758,2.620481,1.4656909
2079-09-22 12:00:00,0.982538,0.9508472,2.591239,2.2604992,3.0187516,2.2099857
2079-09-23 12:00:00,0.9921179,1.2623398,3.9295328,2.9566014,2.8877776,2.9412825
2079-09-24 12:00:00,2.0369186,2.1659782,4.0346823,3.9365897,3.0897145,3.2064953
2079-09-25 12:00:00,2.895022,2.4319413,3.4238145,3.1583455,2.4683745,2.8553135
2079-09-26 12:00:00,1.189847,1.2546048,2.388471,2.8347313,2.324619,2.6603026
2079-09-27 12:00:00,1.2843155,1.2387452,2.9282224,2.626758,2.5994952,2.7986088
2079-09-28 12:00:00,1.5103004,1.4328526,3.618773,3.1721945,4.5037055,2.5674376
2079-09-29 12:00:00,0.91993654,1.0334053,2.2889876,2.842748,5.1654844,2.3054254
2079-09-30 12:00:00,1.1181712,1.036157,2.6576135,1.8347769,4.19234,1.6139951
2079-10-01 12:00:00,0.7644426,0.86306536,2.8079522,1.8937346,2.6569974,1.5708978
2079-10-02 12:00:00,1.414108,1.4603426,2.5290163,3.3687465,6.976671,1.2668573
2079-10-03 12:00:00,1.7264795,1.3192016,2.925673,3.0388596,6.066372,1.8851053
2079-10-04 12:00:00,1.6033884,1.3886161,3.220513,2.1947334,5.2914248,1.5843786
2079-10-05 12:00:00,1.9701283,1.7219182,3.292504,3.4115539,4.6614227,1.9759669
2079-10-06 12:00:00,2.2011423,1.7114705,4.138388,2.2439816,3.9673972,2.5365233
2079-10-07 12:00:00,2.0296776,1.3887544,3.9961913,1.8456804,4.3550816,2.148441
2079-10-08 12:00:00,1.038736,1.0697342,4.333283,2.4566946,4.656823,1.8798081
2079-10-09 12:00:00,1.2038553,1.5015746,3.1712072,4.4885883,4.884918,2.246833
2079-10-10 12:00:00,1.4347329,1.631224,3.259361,4.2993326,4.5072784,1.8909773
2079-10-11 12:00:00,1.5249727,1.7412503,2.7659178,3.6338391,6.436231,1.7636404
2079-10-12 12:00:00,1.6037948,1.6238635,1.5820111,2.1053512,5.9763727,1.1462697
2079-10-13 12:00:00,1.2102361,0.9532566,3.2895615,1.8411709,4.2534904,1.5963893
2079-10-14 12:00:00,1.8113371,1.3271401,6.388542,2.6201665,4.9622326,2.607292
2079-10-15 12:00:00,2.0790112,1.6393718,6.4691353,2.803261,3.9554358,2.8589556
2079-10-16 12:00:00,2.1010604,1.670489,5.8770328,1.926429,2.497449,2.0609224
2079-10-17 12:00:00,2.8607087,2.260141,5.9602666,2.6119843,5.1784873,2.481962
2079-10-18 12:00:00,2.7313962,2.0647092,6.03407,3.2400024,6.7451725,2.3320246
2079-10-19 12:00:00,2.177652,1.4056756,4.543386,2.645531,3.7909162,1.8861188
2079-10-20 12:00:00,2.1687782,1.4762986,3.7657387,3.017613,6.401091,1.8824637
2079-10-21 12:00:00,2.1533787,1.9489671,5.500988,4.3653145,6.4393897,3.7017775
2079-10-22 12:00:00,4.487086,4.0681477,6.233598,7.1962266,6.162248,5.114325
2079-10-23 12:00:00,0.98865557,1.2429204,2.3498087,5.2794347,7.26895,2.2642426
2079-10-24 12:00:00,2.2784543,1.8586715,5.950406,3.8926132,4.3315873,3.1052754
2079-10-25 12:00:00,3.1170034,2.7147264,7.029948,5.463728,3.6692514,3.6042185
2079-10-26 12:00:00,3.4895916,3.093808,7.698265,5.931505,3.0227888,4.12286
2079-10-27 12:00:00,4.2723074,3.6546702,8.071533,5.5376763,2.7993875,4.0418754
2079-10-28 12:00:00,4.755507,3.733441,8.447069,4.950099,2.4002159,4.1712704
2079-10-29 12:00:00,3.98965,2.8546784,6.392267,3.7507,2.3180337,2.8292816
2079-10-30 12:00:00,2.9207401,2.100727,5.049156,2.4657848,4.3713036,1.9982512
2079-10-31 12:00:00,1.7355695,2.0056057,2.4935348,2.1963546,4.10091,1.6843138
2079-11-01 12:00:00,1.8075129,2.117186,1.904852,3.5267816,3.6890383,2.0908604
2079-11-02 12:00:00,1.2484236,1.7982893,2.539057,4.704001,3.2145443,2.737793
2079-11-03 12:00:00,1.1233563,1.446156,3.4766705,3.7643442,3.2018805,2.311147
2079-11-04 12:00:00,1.8454678,1.4364522,2.8320577,3.2994244,3.180647,1.2563034
2079-11-05 12:00:00,0.85048974,1.2303851,3.6357493,4.985431,4.160455,3.314405
2079-11-06 12:00:00,2.15251,1.8245544,5.4174705,4.690199,5.6559215,3.3018894
2079-11-07 12:00:00,3.1847126,2.5827203,5.596767,4.555064,6.6435556,2.6990108
2079-11-08 12:00:00,3.9489253,2.9604099,5.317443,4.8830023,6.121954,2.8084595
2079-11-09 12:00:00,4.244578,3.3387492,3.9842458,4.457928,6.244513,2.3582394
2079-11-10 12:00:00,0.89992195,1.1902375,1.5584346,3.1353164,5.4649124,1.3610561
2079-11-11 12:00:00,1.2348908,1.1582277,2.096508,3.4934306,4.199131,1.5976888
2079-11-12 12:00:00,1.3552809,1.274892,1.8896228,2.5554173,3.440392,1.4343233
2079-11-13 12:00:00,2.127964,1.6059567,4.510125,2.6318204,5.2530255,2.1033194
2079-11-14 12:00:00,3.0525322,2.6450157,3.6992612,4.2642736,4.2745767,2.1545393
2079-11-15 12:00:00,1.514379,1.4631686,4.1481047,3.4464118,4.0726104,2.748681
2079-11-16 12:00:00,1.2933106,1.2091134,2.9703908,2.5901022,2.7847629,2.2816572
2079-11-17 12:00:00,1.6325314,1.3574643,5.2028966,3.4136906,2.262712,2.5419378
2079-11-18 12:00:00,2.6036005,2.1467354,6.325741,4.279693,3.2374077,3.4857297
2079-11-19 12:00:00,2.7275822,2.3231306,4.065534,5.528778,4.015242,3.7070844
2079-11-20 12:00:00,1.0267868,1.0582488,2.7740722,5.060284,5.343267,2.5574741
2079-11-21 12:00:00,2.4156284,2.3198185,7.0867343,5.4132595,3.7759852,5.0165114
2079-11-22 12:00:00,3.9005208,3.210463,5.09519,5.105737,5.3588147,2.9731874
2079-11-23 12:00:00,2.6348858,2.117811,3.7435355,3.5353754,6.1315956,2.5492887
2079-11-24 12:00:00,3.1611276,2.6207125,4.0979123,4.0177784,5.436864,2.3515615
2079-11-25 12:00:00,2.127771,1.7891972,2.9075525,4.506348,4.7166405,1.8863394
2079-11-26 12:00:00,2.3189352,2.198598,3.569988,4.330851,6.0952525,2.564046
2079-11-27 12:00:00,1.6826555,1.5558002,4.620522,3.4426515,4.5246224,3.0270913
2079-11-28 12:00:00,3.4633217,3.377652,6.80541,6.140851,4.0707216,5.1456637
2079-11-29 12:00:00,3.1077993,3.1701682,5.5787225,6.2239656,7.1218605,4.6753902
2079-11-30 12:00:00,0.99533415,1.1733338,2.2657363,4.1989756,6.5059557,1.522231
2079-12-01 12:00:00,2.5184412,1.9232216,4.936563,3.859545,7.1017847,2.827361
2079-12-02 12:00:00,2.1935453,1.846893,4.948271,4.570807,7.961913,2.84246
2079-12-03 12:00:00,1.1168551,0.96588576,3.5819554,2.8155158,4.753411,1.8781785
2079-12-04 12:00:00,0.7696768,0.7989677,3.04185,2.4729397,4.071759,1.2017666
2079-12-05 12:00:00,1.0257909,1.2410465,2.0213406,3.8794718,4.2380424,1.6144117
2079-12-06 12:00:00,1.6274943,1.6922672,2.7452805,3.130001,4.6969686,2.5611842
2079-12-07 12:00:00,1.0521638,1.4557444,1.7797283,4.423296,6.378689,1.932527
2079-12-08 12:00:00,0.7272266,1.2805941,2.541538,5.7320914,5.1923623,2.0224
2079-12-09 12:00:00,2.0194976,1.8475608,5.0940776,5.5942464,3.883968,3.9944215
2079-12-10 12:00:00,1.2433925,1.2158873,4.229543,4.585779,4.033407,3.439404
2079-12-11 12:00:00,2.1157527,1.799839,4.523172,5.5092416,4.208104,2.5219927
2079-12-12 12:00:00,1.4171792,1.5636885,3.498454,4.6817904,3.2158897,2.3481853
2079-12-13 12:00:00,1.6895657,1.7169749,4.1595936,3.3625484,2.4027174,2.9824367
2079-12-14 12:00:00,1.9307226,2.209544,3.399292,3.1065671,3.8479211,2.2197745
2079-12-15 12:00:00,1.5945774,1.8708223,2.306509,4.4885383,3.439971,2.0918376
2079-12-16 12:00:00,1.4006667,1.5268369,2.3275115,4.37511,4.993332,2.1014967
2079-12-17 12:00:00,1.6120696,1.720558,2.1923394,3.642104,4.55053,1.691265
2079-12-18 12:00:00,1.5409329,1.5207465,3.0914967,2.2795677,5.010826,1.8971487
2079-12-19 12:00:00,1.2256062,1.2700919,2.869694,1.9165982,5.251043,1.8983817
2079-12-20 12:00:00,1.3314931,1.3188484,2.0699108,2.5269613,5.7215805,1.7686139
2079-12-21 12:00:00,1.1927495,1.2822843,2.041486,4.370278,5.95184,1.7305171
2079-12-22 12:00:00,1.0142832,1.4447495,1.857454,5.3469234,4.482934,1.6689456
2079-12-23 12:00:00,0.81289446,1.2671783,2.4285853,6.798424,4.887241,2.6562107
2079-12-24 12:00:00,1.2066104,1.4426936,4.75234,6.4215665,3.4769704,4.2362533
2079-12-25 12:00:00,2.0983915,1.8618187,4.9419403,6.0064526,3.3326213,3.9982708
2079-12-26 12:00:00,2.4314778,2.5501285,5.559855,5.420789,5.717738,4.649925
2079-12-27 12:00:00,2.6088026,2.3755572,4.6358666,4.1816597,7.300812,2.7119875
2079-12-28 12:00:00,1.4399014,1.5833377,3.9748046,2.6842244,5.4442396,1.6763288
2079-12-29 12:00:00,1.4290019,1.2915329,3.8004432,3.695771,5.057102,2.1313243
2079-12-30 12:00:00,1.9490354,1.6091572,3.172008,2.7888043,3.8508127,1.9729767
2079-12-31 12:00:00,1.566706,1.3137774,3.0868087,2.66798,2.970143,2.3068888
2080-01-01 12:00:00,2.3846583,2.0399811,5.642162,4.3718123,3.195222,4.5954094
2080-01-02 12:00:00,1.6019468,1.5398293,4.592852,3.0335102,3.6489363,2.6410012
2080-01-03 12:00:00,1.3463066,1.1831048,5.2418942,3.6810038,4.069658,2.4550996
2080-01-04 12:00:00,2.3365607,2.1826491,6.2779517,5.255837,6.6994567,3.5582762
2080-01-05 12:00:00,3.997796,3.7296712,7.4673314,6.8353386,5.520844,5.109972
2080-01-06 12:00:00,2.6260288,2.3765376,3.7011943,5.523327,4.2056627,3.306781
2080-01-07 12:00:00,0.8723745,0.8626551,3.7347972,3.7948873,3.5855157,3.203251
2080-01-08 12:00:00,2.002514,1.7796978,5.797683,5.3979907,4.15903,4.6998143
2080-01-09 12:00:00,2.2898583,2.123076,3.7704775,4.7804947,5.652379,2.4629064
2080-01-10 12:00:00,1.836113,1.5862505,2.9066713,4.3207994,4.7435713,2.662792
2080-01-11 12:00:00,2.487596,2.250416,4.2110343,6.1415286,4.1590695,3.8739696
2080-01-12 12:00:00,2.2355363,1.7762334,4.8158917,4.897073,4.995165,3.9463894
2080-01-13 12:00:00,4.126405,3.2567942,6.794052,5.4795017,6.007264,5.2147136
2080-01-14 12:00:00,4.508968,3.4673467,6.434447,5.444145,7.9961696,4.1308494
2080-01-15 12:00:00,2.1269681,1.5674769,3.796436,4.6574764,5.8407707,2.7314394
2080-01-16 12:00:00,0.7603972,0.8222418,3.00395,2.7245061,3.5462046,2.5953295
2080-01-17 12:00:00,1.6296165,1.1799716,3.2404854,2.6559186,3.9182715,2.327598
2080-01-18 12:00:00,1.0294864,1.0423529,3.9026842,3.6875236,3.6887066,2.9202464
2080-01-19 12:00:00,3.0952625,2.599728,7.530839,5.7117906,4.6817803,5.125609
2080-01-20 12:00:00,3.6619363,3.2170982,4.1146655,4.96425,5.4016457,2.5380116
2080-01-21 12:00:00,1.7874011,1.9045293,5.664858,5.8862915,5.109994,5.0829077
2080-01-22 12:00:00,3.0445106,2.694718,5.2142143,5.2042065,4.7813706,3.4615858
2080-01-23 12:00:00,1.8699358,1.6134443,4.4879336,3.2478507,4.9121037,2.614823
2080-01-24 12:00:00,2.152543,1.6423261,3.8903024,3.2468874,5.1571546,1.6705874
2080-01-25 12:00:00,1.9917252,2.1866946,3.4060028,4.2785707,5.2614403,2.6855516
2080-01-26 12:00:00,2.733458,2.475163,5.842312,5.906797,6.8863435,4.7287126
2080-01-27 12:00:00,4.2082167,3.2743154,5.8836255,7.413278,4.732536,4.3106575
2080-01-28 12:00:00,5.078025,3.582102,7.4427276,5.730672,6.6576276,5.181788
2080-01-29 12:00:00,2.486116,2.2312424,3.5390093,3.3427196,5.807146,2.511332
2080-01-30 12:00:00,3.3138328,2.312848,5.047619,2.993819,5.0686274,2.9894383
2080-01-31 12:00:00,2.097546,1.7252606,2.7905984,5.5712485,5.2821116,2.213477
2080-02-01 12:00:00,3.0728905,1.965932,4.1339626,3.344039,3.885255,3.1659462
2080-02-02 12:00:00,1.8264632,1.4350245,4.3083935,4.320818,4.373277,3.6582823
2080-02-03 12:00:00,2.6552827,2.3036597,5.9018235,5.7617307,6.9146013,4.5022016
2080-02-04 12:00:00,3.508266,2.9550827,5.5921054,5.2128634,5.5406957,3.4694571
2080-02-05 12:00:00,2.4658384,2.0505552,4.4816775,6.283426,4.3997655,3.4371989
2080-02-06 12:00:00,1.5569669,1.4742035,4.487056,4.446024,5.668602,1.9648868
2080-02-07 12:00:00,1.7413095,1.2972625,3.2394435,3.0592048,4.3004694,2.1850197
2080-02-08 12:00:00,1.077116,0.9688282,2.858907,3.2065067,5.1461406,1.9407275
2080-02-09 12:00:00,1.5635455,1.3583608,5.3487926,4.4249716,6.775991,3.8586664
2080-02-10 12:00:00,4.4774647,3.8021324,6.9801774,5.858591,6.412221,4.3330326
2080-02-11 12:00:00,3.4479508,2.340092,3.6057014,3.0799851,5.087955,1.9447083
2080-02-12 12:00:00,1.6357543,1.5683818,3.600357,4.3612585,4.6043797,3.3326283
2080-02-13 12:00:00,3.0020905,2.4513192,5.11652,6.2707963,5.414671,4.353987
2080-02-14 12:00:00,4.2319603,3.9586012,8.11059,9.401949,5.9335976,6.1679564
2080-02-15 12:00:00,2.9119046,2.9375663,7.0996237,7.1216817,5.107786,4.635163
2080-02-16 12:00:00,2.9355993,2.8343878,5.9213877,6.344958,3.9299622,4.085236
2080-02-17 12:00:00,2.6034403,2.3262696,7.2103004,5.1299124,4.2440996,4.463427
2080-02-18 12:00:00,2.2375202,2.7237875,5.952965,4.827692,3.0530818,4.307889
2080-02-19 12:00:00,1.7547954,1.9252099,2.4689236,4.3149405,3.8119192,2.165775
2080-02-20 12:00:00,0.9632814,1.2780149,2.9366126,4.888948,4.1127887,2.425293
2080-02-21 12:00:00,1.9053421,1.8961215,4.509373,6.48255,5.604106,3.8413024
2080-02-22 12:00:00,1.6440442,1.8873619,2.8973606,5.2195086,4.910114,2.5505185
2080-02-23 12:00:00,0.7061057,0.80343723,2.6844914,3.060392,3.6945624,2.5618958
2080-02-24 12:00:00,1.9858696,2.024923,4.5935454,4.4750624,3.9344947,3.666324
2080-02-25 12:00:00,2.440743,2.0685418,3.6236603,3.4334848,3.7267342,2.912304
2080-02-26 12:00:00,1.9569046,1.5890671,3.5944548,2.7958815,5.119613,2.906744
2080-02-27 12:00:00,1.470989,1.7480893,4.338587,5.2541375,5.99882,3.300274
2080-02-28 12:00:00,2.5448525,1.6962359,4.6069927,4.210972,7.2366605,2.731722
2080-02-29 12:00:00,2.9717321,2.1814137,5.5973754,3.6861057,5.450724,3.1958287
2080-03-01 12:00:00,2.1758752,1.7513915,5.4172044,3.148682,3.6078572,2.723483
2080-03-02 12:00:00,1.3787303,1.4563543,2.5526733,4.411053,5.535036,1.5917562
2080-03-03 12:00:00,1.5084865,1.7079394,2.4419575,2.7716691,4.8448887,1.2229518
2080-03-04 12:00:00,1.9277189,1.420237,2.7287316,2.0193079,5.5072737,1.7493691
2080-03-05 12:00:00,1.9294934,1.3318374,2.9368994,2.1941254,5.667981,2.1899023
2080-03-06 12:00:00,1.2506423,1.2193458,2.8421643,5.9099503,7.418829,2.7502782
2080-03-07 12:00:00,1.3986936,1.3406126,2.1176085,3.1190493,5.612053,2.3407164
2080-03-08 12:00:00,2.287308,2.0517275,4.375634,5.680005,4.548952,4.3731565
2080-03-09 12:00:00,3.7793474,2.9831622,5.488938,6.021957,6.204854,3.6424432
2080-03-10 12:00:00,3.2865965,2.754233,4.8883862,6.048632,4.2026324,3.5005069
2080-03-11 12:00:00,3.4826865,2.940421,7.076289,5.6508827,2.862507,4.5393896
2080-03-12 12:00:00,3.3514476,3.3393612,5.64619,4.6353354,3.1892745,3.773614
2080-03-13 12:00:00,2.628051,2.4321034,5.6708994,3.6417449,2.795473,3.1888149
2080-03-14 12:00:00,1.530751,1.8152411,3.5375824,4.011247,4.9776845,1.9384195
2080-03-15 12:00:00,1.5680683,1.3766308,3.4245636,2.9260468,5.0126057,2.2362936
2080-03-16 12:00:00,3.4852386,2.8293393,4.0698833,3.5145657,5.6389713,2.8677404
2080-03-17 12:00:00,2.2542586,2.2894497,6.2469254,5.720414,6.130059,4.793372
2080-03-18 12:00:00,2.645093,2.6265037,4.88087,5.9429746,7.3072805,4.565631
2080-03-19 12:00:00,3.364334,3.0962954,5.5413666,5.1581383,5.036962,3.901615
2080-03-20 12:00:00,2.5314074,1.9835446,5.444097,4.2831388,3.567011,3.0875988
2080-03-21 12:00:00,1.31186,1.2784534,4.2886314,3.0821412,3.0436778,2.0880902
2080-03-22 12:00:00,1.5211298,1.5929455,2.2873325,3.4540033,4.270332,1.3863842
2080-03-23 12:00:00,2.998034,2.394839,2.7002096,2.111627,2.897437,2.0930853
2080-03-24 12:00:00,1.1590579,1.0737376,3.667167,2.573883,2.8308678,2.7278638
2080-03-25 12:00:00,1.3003657,1.230556,4.2523093,2.145184,2.491101,2.6264534
2080-03-26 12:00:00,2.0534933,1.6772493,6.586151,2.603107,2.3291798,2.7339578
2080-03-27 12:00:00,2.3474572,1.8614545,5.287188,2.1863775,3.9501433,2.2935164
2080-03-28 12:00:00,1.5580118,1.4402854,3.2791781,2.324035,4.4916844,1.6310174
2080-03-29 12:00:00,1.2838223,1.4927123,2.3402336,3.3520505,3.6367488,1.4022166
2080-03-30 12:00:00,0.99287844,1.0181538,2.2919574,2.784519,4.360692,1.6861478
2080-03-31 12:00:00,2.1676185,2.0789573,3.9021516,3.343122,4.075861,2.0959642
2080-04-01 12:00:00,3.0547915,2.2283022,3.3679066,2.7447546,3.7620237,2.3359647
2080-04-02 12:00:00,1.1522124,0.96964866,2.331335,1.9200795,3.0098555,1.8878851
2080-04-03 12:00:00,1.5420146,1.3637736,3.270583,3.550893,4.155882,3.1708646
2080-04-04 12:00:00,1.9199967,1.751396,2.3951664,4.4263043,4.7620792,2.0856647
2080-04-05 12:00:00,1.719977,1.7677157,2.8128943,3.9378664,5.8613176,2.8390913
2080-04-06 12:00:00,1.9262855,1.7156397,2.7008789,4.486179,5.2012324,2.975409
2080-04-07 12:00:00,2.8144178,2.0209208,3.1405196,4.2967367,7.922125,2.2555761
2080-04-08 12:00:00,2.1731646,1.7908043,3.098072,1.9461432,5.327266,2.1790528
2080-04-09 12:00:00,1.6929011,1.4548188,3.5964015,3.1726832,3.7295492,2.3484886
2080-04-10 12:00:00,1.7682159,1.7077711,4.022203,3.7107573,4.110777,2.7307703
2080-04-11 12:00:00,1.655673,1.628924,3.6032305,3.182863,3.404185,1.9674937
2080-04-12 12:00:00,2.3169608,2.003195,2.8663428,3.048742,2.7375255,2.4731987
2080-04-13 12:00:00,2.784035,2.263329,4.176727,3.2741218,2.4214997,3.716504
2080-04-14 12:00:00,2.1311615,2.0127492,3.8823197,4.4822974,2.9379795,3.8006172
2080-04-15 12:00:00,2.7855434,2.3724651,5.112044,5.426658,3.3680947,4.0444703
2080-04-16 12:00:00,1.8352418,1.9815353,2.9363635,3.9014225,4.102448,1.807845
2080-04-17 12:00:00,1.6967498,1.8523903,4.5599337,4.878784,4.009944,3.1315334
2080-04-18 12:00:00,1.95287,1.6404481,4.349053,3.7443862,5.623768,3.154476
2080-04-19 12:00:00,1.4598134,1.5776123,3.168621,3.4933736,4.271255,2.4011173
2080-04-20 12:00:00,2.1238275,2.6052024,5.5058904,4.9795675,3.8208816,4.574466
2080-04-21 12:00:00,4.4423113,3.8153691,6.1476564,6.2458673,5.6197433,4.8968496
2080-04-22 12:00:00,4.201556,3.6443648,5.1270714,7.192229,5.5928764,4.249601
2080-04-23 12:00:00,2.6126833,2.208205,5.2213883,4.552202,3.0957294,2.2483928
2080-04-24 12:00:00,2.4630551,1.9864511,5.1077676,5.00644,3.906482,2.760966
2080-04-25 12:00:00,1.6872874,1.6099948,3.7328768,3.9911618,3.854129,2.0532024
2080-04-26 12:00:00,1.5007563,1.4478161,2.543831,3.4132771,4.395507,1.7254595
2080-04-27 12:00:00,1.5432453,1.4812529,2.0321155,2.5063748,4.109595,1.5820328
2080-04-28 12:00:00,1.9983954,1.6821098,3.4852622,3.405376,3.0910132,3.1950192
2080-04-29 12:00:00,1.4845688,1.6427115,3.2429483,2.5887601,5.6033425,1.8392993
2080-04-30 12:00:00,1.9478278,1.8970708,6.65467,3.7340536,4.426622,3.7992337
2080-05-01 12:00:00,1.9755286,1.787296,4.2833333,4.4842577,5.2224874,3.1146815
2080-05-02 12:00:00,3.133543,2.8485904,5.470211,5.632574,4.3762937,3.814809
2080-05-03 12:00:00,2.989583,2.7075403,5.496806,3.9176962,3.1672056,3.6148295
2080-05-04 12:00:00,2.7795107,2.6609788,4.267227,4.7558846,3.1931052,2.61982
2080-05-05 12:00:00,2.9102225,2.6812735,5.1467695,6.020786,3.9791946,4.2996807
2080-05-06 12:00:00,3.3606849,2.7256105,5.66226,4.0270667,3.3183045,3.8128362
2080-05-07 12:00:00,2.5113683,2.3146992,5.2167563,3.6495066,3.4316523,3.9038913
2080-05-08 12:00:00,2.7082539,2.75776,4.3345437,4.258632,4.2649813,3.157215
2080-05-09 12:00:00,3.0105479,2.8185654,4.1101155,4.4108696,4.594038,3.4199781
2080-05-10 12:00:00,2.049584,1.9436116,3.8908699,3.086133,2.9618413,2.9859252
2080-05-11 12:00:00,1.8911489,1.6854397,3.2397609,2.0200143,3.3913846,1.450709
2080-05-12 12:00:00,2.0844524,1.867133,2.562741,2.7966187,3.4332516,1.7846365
2080-05-13 12:00:00,2.1146455,2.0744758,2.807282,3.2279701,4.0004716,1.8548251
2080-05-14 12:00:00,2.8312254,3.0244558,4.2290974,4.234886,3.9454396,2.3114345
2080-05-15 12:00:00,2.7344482,2.239849,3.1970117,4.5928507,5.276925,2.1188962
2080-05-16 12:00:00,1.656247,1.838345,4.681292,2.8164747,3.1636064,3.0303473
2080-05-17 12:00:00,2.7690754,2.6044173,4.0586343,3.3310988,3.5929735,3.213943
2080-05-18 12:00:00,1.8408492,1.9958651,3.137902,3.205142,3.4511442,2.9825265
2080-05-19 12:00:00,1.8922215,1.6614233,2.3164675,3.2274935,4.5469337,2.0597558
2080-05-20 12:00:00,3.7860188,2.7758682,3.1892538,3.5925405,3.9020314,1.73913
2080-05-21 12:00:00,1.2115815,1.0854079,1.9839083,2.650023,2.8249228,1.412282
2080-05-22 12:00:00,1.1627781,1.1539199,2.4427457,2.8844101,3.1335645,2.0182235
2080-05-23 12:00:00,1.6650962,1.5225388,2.703749,3.1975138,2.8748481,1.7032287
2080-05-24 12:00:00,1.5709946,1.6235843,2.3090081,4.384342,3.1543393,1.4553628
2080-05-25 12:00:00,1.7122339,1.7359297,2.1364264,4.664901,4.0303774,1.7877784
2080-05-26 12:00:00,2.0261116,1.6269691,3.028983,3.753535,4.4152107,3.253029
2080-05-27 12:00:00,1.9887953,1.8584615,3.3801675,4.821097,3.3583992,3.1895862
2080-05-28 12:00:00,2.256194,1.9553372,4.153007,3.3949435,2.6607165,3.6266692
2080-05-29 12:00:00,2.2077518,2.1048152,4.14429,4.469617,2.097819,2.5460782
2080-05-30 12:00:00,1.5403968,1.8064609,3.5059428,4.1611114,2.9485178,2.5154712
2080-05-31 12:00:00,1.5123634,1.308214,2.5236397,3.283348,3.6833594,2.296081
2080-06-01 12:00:00,1.5030942,1.3383389,3.6188896,3.7702014,3.9782383,1.7497305
2080-06-02 12:00:00,1.1207738,1.1020323,3.3053815,2.939073,4.821326,1.7660797
2080-06-03 12:00:00,2.0180764,1.8949125,3.8095748,2.9934506,4.428762,2.0027924
2080-06-04 12:00:00,2.1196532,1.9354676,4.4347463,2.127013,2.970935,2.0833163
2080-06-05 12:00:00,1.6717293,1.3914564,3.363609,1.9270401,2.7892096,1.862947
2080-06-06 12:00:00,2.8811867,2.0468888,3.0619226,2.3518512,2.8544052,1.8815894
2080-06-07 12:00:00,3.531562,2.6205072,2.9984674,3.2827783,3.8553412,2.0461254
2080-06-08 12:00:00,2.2836688,1.9081099,2.242212,5.4484515,4.626124,2.0838046
2080-06-09 12:00:00,1.3381958,1.9194115,2.010604,4.6521006,5.869761,2.101083
2080-06-10 12:00:00,3.2768173,2.8264494,3.9466336,3.2472413,2.9635928,2.1230717
2080-06-11 12:00:00,1.9844761,1.6260448,3.7935944,2.2755692,2.5773618,1.6117257
2080-06-12 12:00:00,1.8359145,1.6318654,2.740761,2.1026998,3.1034064,1.2401412
2080-06-13 12:00:00,2.072021,1.948741,3.1828537,2.436363,2.86064,2.0408828
2080-06-14 12:00:00,1.401249,1.4844095,4.2142286,3.304621,3.7163472,2.3724113
2080-06-15 12:00:00,1.935249,1.8781418,3.8269002,3.3707013,4.5276575,2.4233036
2080-06-16 12:00:00,2.2958655,1.9457381,3.9278474,3.1460438,3.0634887,2.5732338
2080-06-17 12:00:00,1.5328704,1.7040632,4.241333,3.2456334,3.807633,2.503188
2080-06-18 12:00:00,3.3543181,3.40869,6.249851,5.3448277,5.401817,4.157086
2080-06-19 12:00:00,2.2971418,2.2200933,3.8771586,3.9514182,4.5032835,2.1656597
2080-06-20 12:00:00,2.4236274,2.2091556,3.5036454,4.1952357,3.6475544,3.2601848
2080-06-21 12:00:00,2.657422,2.2153008,3.1034698,3.5806975,3.7505722,2.145338
2080-06-22 12:00:00,2.1919446,1.7310554,2.25365,2.6398294,4.027791,1.7483529
2080-06-23 12:00:00,1.6195896,1.7157316,2.874661,3.0232983,3.8681853,2.5999625
2080-06-24 12:00:00,1.0642962,1.3127636,2.0629601,2.1142478,2.145748,1.7701272
2080-06-25 12:00:00,2.0048733,1.6408179,2.6438053,2.5959823,2.3907967,1.6155636
2080-06-26 12:00:00,1.6548047,1.4457718,3.557808,2.7702065,3.029692,1.9340725
2080-06-27 12:00:00,1.0350138,1.0107821,2.2889621,3.104549,2.6409187,2.1398902
2080-06-28 12:00:00,0.5907805,0.7504354,1.6033697,3.6138775,3.6017115,1.1341203
2080-06-29 12:00:00,1.1137335,1.0596045,2.6001484,3.4728649,3.217883,1.3182768
2080-06-30 12:00:00,1.293051,1.2892226,2.2008655,2.1617148,2.8223746,1.6541702
2080-07-01 12:00:00,1.6599936,1.401611,2.4607768,1.9580721,3.3349967,1.3394679
2080-07-02 12:00:00,1.4357486,1.3586847,2.5024974,2.5317287,3.392352,1.3406826
2080-07-03 12:00:00,1.5707444,1.505859,2.5799499,1.9937878,3.8823202,1.4669988
2080-07-04 12:00:00,1.2234757,1.0109382,1.7828571,2.015722,4.0466166,1.380742
2080-07-05 12:00:00,1.4397073,1.2303727,2.3923738,2.2500517,4.09832,1.1542021
2080-07-06 12:00:00,1.4553859,1.3678385,2.7427342,2.736324,3.5784848,1.5771285
2080-07-07 12:00:00,1.5800941,1.8357962,3.3007839,3.1014912,3.725437,1.8665332
2080-07-08 12:00:00,2.9067307,2.7271526,4.747441,3.8041003,3.1676912,2.9918408
2080-07-09 12:00:00,2.0379264,1.8181555,1.9626529,2.5320663,2.4884946,1.3546102
2080-07-10 12:00:00,1.7616177,1.3354009,2.1941125,2.923422,2.773989,1.4216783
2080-07-11 12:00:00,1.2865124,0.9974536,1.7097949,3.7175455,3.1954732,1.5997916
2080-07-12 12:00:00,0.81654423,1.1082448,2.3550365,4.1496377,3.789771,1.4662173
2080-07-13 12:00:00,1.4119738,1.4019948,2.479164,3.8307285,3.897147,1.6973523
2080-07-14 12:00:00,1.237598,1.2003908,3.1802328,2.501756,3.9323952,2.125877
2080-07-15 12:00:00,1.8072952,1.380609,2.871426,2.8380132,3.730512,1.2607911
2080-07-16 12:00:00,1.3031994,1.3920351,2.7785182,2.5601552,2.541164,1.3959684
2080-07-17 12:00:00,2.0720563,2.0529864,3.2337718,3.128132,2.585584,2.1656802
2080-07-18 12:00:00,1.2397627,1.4333106,2.260677,3.6256053,3.5944352,1.3246791
2080-07-19 12:00:00,1.7515137,1.4167973,3.3073525,3.541017,3.95312,1.8130587
2080-07-20 12:00:00,2.607407,2.0894036,3.7893927,4.210179,3.9199917,2.1415086
2080-07-21 12:00:00,1.1151919,1.0944301,2.416957,3.0376503,2.8214738,1.2545522
2080-07-22 12:00:00,1.7378414,1.6605377,3.1557808,2.4090452,2.60771,1.3201514
2080-07-23 12:00:00,2.161136,1.8596741,3.918529,2.1292753,2.5620754,2.4881318
2080-07-24 12:00:00,1.0926797,1.1670291,1.9478426,3.235005,3.2193027,1.893101
2080-07-25 12:00:00,2.431325,2.3077488,2.3856757,3.305288,2.6625838,1.5497943
2080-07-26 12:00:00,1.4172165,1.9162123,2.4411557,3.1223621,2.7492743,1.1590714
2080-07-27 12:00:00,1.8864341,2.1754696,2.569748,4.4997754,2.8858397,1.7655163
2080-07-28 12:00:00,0.9847566,1.058506,2.0217164,3.2064013,2.9348469,1.2296977
2080-07-29 12:00:00,1.9945159,1.7070211,3.4886024,2.4388776,3.122091,1.41217
2080-07-30 12:00:00,1.6190681,1.6754148,4.5466743,2.5758588,3.0441658,2.4002478
2080-07-31 12:00:00,2.4909394,2.1746702,4.7557926,3.1383235,2.6422174,2.9443455
2080-08-01 12:00:00,1.4552038,1.5114558,3.1141176,3.179756,2.2127998,2.2441418
2080-08-02 12:00:00,2.0888896,2.0323734,2.7114234,2.8332613,2.156298,1.838854
2080-08-03 12:00:00,2.4309418,2.0918808,3.59134,2.5309167,2.111288,1.912203
2080-08-04 12:00:00,1.522448,1.3102102,3.4405556,2.266424,2.1610265,1.8690389
2080-08-05 12:00:00,1.0036383,1.1091529,2.4501367,2.6781073,3.9926264,1.3745748
2080-08-06 12:00:00,1.041002,1.1782612,1.759943,3.9694595,4.902082,1.617153
2080-08-07 12:00:00,2.0209985,1.6392338,2.0601442,4.694028,4.077924,1.337219
2080-08-08 12:00:00,2.6254525,2.2185853,3.2010744,3.9774764,3.1258845,1.834556
2080-08-09 12:00:00,2.8396597,2.2023742,4.199958,2.818801,2.1498692,2.1031003
2080-08-10 12:00:00,2.2910807,1.6462994,3.808552,2.3779612,3.017065,1.7023698
2080-08-11 12:00:00,1.4112756,1.2320956,2.7075527,2.1008017,2.7368386,1.6375189
2080-08-12 12:00:00,0.9734173,0.97277576,2.2069428,2.3745136,2.4521444,1.382523
2080-08-13 12:00:00,1.1016849,0.977398,1.8436905,2.107872,2.5073042,1.0698464
2080-08-14 12:00:00,0.9086919,0.9453261,2.1621284,2.1462133,2.8085747,1.2533259
2080-08-15 12:00:00,1.2369492,1.1502707,2.5708194,1.5558596,2.4693363,1.2886472
2080-08-16 12:00:00,2.2551327,1.9549931,2.7256346,2.8590672,3.600855,1.7672815
2080-08-17 12:00:00,1.603975,1.5178777,2.5907388,2.5674934,3.16913,1.6929353
2080-08-18 12:00:00,2.1216655,1.8023149,1.88727,2.0878181,3.3643231,1.4102372
2080-08-19 12:00:00,3.2201867,2.354174,2.9008884,2.377221,2.8619163,1.5602146
2080-08-20 12:00:00,2.618373,2.4823658,5.278852,3.5890186,3.8751354,3.9672892
2080-08-21 12:00:00,3.178218,2.666068,4.298043,3.5426435,3.438976,2.9751241
2080-08-22 12:00:00,3.140667,2.5712168,4.5468187,2.8180196,2.7435482,2.4372394
2080-08-23 12:00:00,4.1688013,3.214869,4.428067,4.040476,2.5718565,2.407781
2080-08-24 12:00:00,3.488552,2.5909348,4.7771945,3.6259854,4.0299864,3.0303736
2080-08-25 12:00:00,3.55717,2.98516,4.3569903,4.322374,4.4790573,3.2828572
2080-08-26 12:00:00,1.4193951,1.2939923,3.1125724,3.9105232,3.5694466,2.044062
2080-08-27 12:00:00,1.0387058,1.185209,2.4706404,2.167199,3.0941093,1.3576245
2080-08-28 12:00:00,0.99490243,1.0186361,1.6321623,2.1542733,4.0463834,1.363183
2080-08-29 12:00:00,1.3393145,1.5057393,2.317312,3.8462248,6.279697,1.2744399
2080-08-30 12:00:00,2.8579698,1.9602557,4.07651,2.676444,5.7630467,1.7790629
2080-08-31 12:00:00,1.6996691,1.3682449,3.2054186,2.3474057,3.652733,1.8496598
2080-09-01 12:00:00,2.8208082,2.463083,4.3104877,4.6418433,3.609204,3.0344362
2080-09-02 12:00:00,3.2332819,2.644057,5.6325994,5.1821995,5.5622478,4.135538
2080-09-03 12:00:00,2.4319677,2.1165516,4.343625,4.440921,5.4221973,3.3241503
2080-09-04 12:00:00,1.6231828,1.6069232,3.2543921,5.6550446,3.8486073,2.16188
2080-09-05 12:00:00,1.387774,1.6585188,3.0762901,3.3201435,3.61442,2.233166
2080-09-06 12:00:00,1.1571047,1.0920496,2.4382765,2.3203874,4.2672877,1.5229553
2080-09-07 12:00:00,1.039674,1.221632,2.5785058,2.7887843,5.0306406,1.5863215
2080-09-08 12:00:00,1.7719955,1.5101537,3.4902928,2.6352131,4.8847165,1.2309905
2080-09-09 12:00:00,1.9925666,1.5749664,3.5416176,2.4446604,4.243174,1.4210997
2080-09-10 12:00:00,1.4605498,1.2439847,2.4430912,2.6927414,3.392142,1.3943754
2080-09-11 12:00:00,1.058013,1.0037063,1.8643928,3.138222,2.9191759,1.1045719
2080-09-12 12:00:00,1.2330747,1.4394997,1.8866892,2.589526,2.7405427,1.469716
2080-09-13 12:00:00,1.7338066,1.8760769,3.4729795,3.5575395,3.4235919,3.4871583
2080-09-14 12:00:00,1.0658901,1.4146478,3.4541492,2.296419,4.5479975,2.09345
2080-09-15 12:00:00,0.7074981,1.0637411,3.4527194,2.190956,4.1156464,1.492824
2080-09-16 12:00:00,1.8653936,1.9329499,4.521263,3.5377386,3.7324982,2.9465213
2080-09-17 12:00:00,1.8588742,1.8718138,3.6604285,4.82263,4.348461,2.7905097
2080-09-18 12:00:00,1.7716558,1.4680309,2.696634,2.871169,2.864496,1.6427778
2080-09-19 12:00:00,2.2879276,1.9889438,4.2199306,2.7668362,3.999312,1.7870481
2080-09-20 12:00:00,2.484207,2.2994711,3.6701145,4.0451145,3.1955125,2.8278928
2080-09-21 12:00:00,1.7548816,1.6925484,2.446134,3.03717,2.7498217,2.3288567
2080-09-22 12:00:00,1.8508376,1.6264567,1.7141238,2.1031084,2.803014,1.1708775
2080-09-23 12:00:00,1.5409887,1.2463685,2.1414056,2.2069712,2.9791703,1.1619198
2080-09-24 12:00:00,1.3054945,1.0605224,1.6722109,1.7652934,2.9836438,1.02161
2080-09-25 12:00:00,0.80303484,1.1663227,3.7295885,3.0286837,3.4021218,3.125858
2080-09-26 12:00:00,1.2687929,1.3986384,3.743036,3.0217764,3.9437702,2.9941406
2080-09-27 12:00:00,1.2522228,1.682432,3.1916194,4.0616293,5.1426177,2.875935
2080-09-28 12:00:00,0.96696126,1.1259005,2.1621034,1.8059484,6.269789,1.405278
2080-09-29 12:00:00,1.1053479,1.086827,2.3227515,2.424673,5.133894,1.415722
2080-09-30 12:00:00,0.9321658,0.9567387,1.953017,3.1525183,6.4412813,1.1380594
2080-10-01 12:00:00,0.78625095,1.0009735,2.0004275,3.4370322,6.148142,1.5303099
2080-10-02 12:00:00,1.1442482,1.2706177,2.6163695,4.6475677,4.7269883,1.6121008
2080-10-03 12:00:00,2.3761988,2.3069618,4.1136026,7.5665517,5.00537,3.9003747
2080-10-04 12:00:00,3.851411,3.5119185,5.842182,8.004659,5.463338,4.348249
2080-10-05 12:00:00,1.6497736,1.8627919,3.9462626,6.247245,4.5963745,2.5316005
2080-10-06 12:00:00,1.2985756,1.4920832,3.8083298,3.628755,4.254898,2.107034
2080-10-07 12:00:00,2.6211648,2.6757336,4.7238884,5.18032,2.651102,2.7298572
2080-10-08 12:00:00,4.50475,4.355764,7.1549945,8.360934,5.1331005,5.3869834
2080-10-09 12:00:00,3.7450514,3.5146382,3.7564294,5.153428,7.9528637,2.4290578
2080-10-10 12:00:00,1.1811101,1.2204362,2.2436242,4.222209,3.677337,1.7500656
2080-10-11 12:00:00,0.71709293,0.8293084,2.77259,3.614121,5.016369,1.5011356
2080-10-12 12:00:00,0.7252789,0.805728,3.9734993,1.8707265,3.9824123,1.5810196
2080-10-13 12:00:00,0.79882234,0.97601736,4.4896216,1.8684071,3.787136,1.9500047
2080-10-14 12:00:00,0.979225,1.1633619,4.2998486,2.289598,3.543304,2.030025
2080-10-15 12:00:00,0.91488636,0.9178882,3.382873,2.3722308,5.289569,1.5242649
2080-10-16 12:00:00,0.79657567,0.83805394,1.8205011,3.3987522,3.5718925,1.6249797
2080-10-17 12:00:00,0.9420604,1.0641693,2.0688748,5.7709994,6.230053,2.178203
2080-10-18 12:00:00,0.9985702,1.3223304,2.9214287,5.4167075,7.23107,2.0572667
2080-10-19 12:00:00,1.0565693,1.2795936,2.7595315,3.7923415,5.789391,1.830654
2080-10-20 12:00:00,0.9106399,1.0504783,2.0375502,3.0614824,4.7662306,1.4177947
2080-10-21 12:00:00,0.82061994,1.0214307,2.8941927,3.1401992,5.0033917,1.5338846
2080-10-22 12:00:00,1.5551152,1.2908916,4.8173466,2.300747,5.118348,1.6778215
2080-10-23 12:00:00,2.744028,2.1232162,5.77492,3.7948802,5.800548,2.8538153
2080-10-24 12:00:00,3.0571344,2.5212648,5.0960393,5.452897,7.125135,2.6900506
2080-10-25 12:00:00,1.9012909,1.7640573,3.9085383,4.249981,7.9149275,2.0157163
2080-10-26 12:00:00,1.3828038,1.3540883,4.719493,3.8177068,5.2691765,2.672348
2080-10-27 12:00:00,1.7669835,2.0915082,7.117127,5.711443,5.854816,4.601237
2080-10-28 12:00:00,2.8634868,2.604053,5.580469,5.7880564,7.5117493,3.4669194
2080-10-29 12:00:00,2.1465816,1.8636556,4.006091,5.0931854,7.0975933,3.118627
2080-10-30 12:00:00,3.627359,2.6709077,2.9364402,3.915381,6.1961837,2.3194997
2080-10-31 12:00:00,2.671144,2.0485525,2.8957562,2.7785132,5.4432197,2.2323883
2080-11-01 12:00:00,3.001797,2.548558,4.247369,3.4137654,4.945954,2.2653766
2080-11-02 12:00:00,2.1570857,2.1228867,5.6278048,4.278351,5.3109612,2.9599922
2080-11-03 12:00:00,2.3333223,1.8043292,4.3801064,2.7342541,5.3668904,2.7842112
2080-11-04 12:00:00,1.5438725,1.4193228,3.5332873,3.1754634,3.264786,1.9821982
2080-11-05 12:00:00,1.5858119,1.4157923,2.78374,2.5250182,3.8365474,1.2599658
2080-11-06 12:00:00,1.4038656,1.1636119,2.9907274,3.238779,3.0768306,2.4021802
2080-11-07 12:00:00,1.3769922,1.2449791,2.7407584,4.2589726,3.5983465,2.559362
2080-11-08 12:00:00,1.7813367,1.5673505,4.488042,3.5991766,3.8241472,3.430813
2080-11-09 12:00:00,1.6780208,1.7815363,4.7083573,4.6131926,6.519986,3.6239843
2080-11-10 12:00:00,1.5307243,1.4451686,3.743892,3.3097222,4.7963037,1.9321928
2080-11-11 12:00:00,1.5641887,1.4016896,3.9298046,2.6015003,4.4326773,1.9638577
2080-11-12 12:00:00,1.5043125,1.1875451,3.8711607,2.2665842,4.5624948,1.7842715
2080-11-13 12:00:00,1.2901615,1.0264261,4.054253,2.6510415,3.6839907,1.7902734
2080-11-14 12:00:00,1.1603417,1.066276,3.6624582,3.1585934,5.2786627,1.9054519
2080-11-15 12:00:00,1.0797797,1.5400074,4.0274363,6.122819,8.230682,3.42958
2080-11-16 12:00:00,2.9213266,3.11329,5.843787,7.906595,10.385767,5.556648
2080-11-17 12:00:00,1.8578565,1.892376,3.764293,4.843513,9.468303,2.044341
2080-11-18 12:00:00,2.5739627,2.005816,4.189328,3.5975058,6.9919653,2.529538
2080-11-19 12:00:00,2.639185,2.1529367,4.8183517,4.4095054,6.2767076,1.9661273
2080-11-20 12:00:00,1.855748,1.6054438,3.958027,4.1924334,4.703059,2.5652514
2080-11-21 12:00:00,4.07288,3.32698,6.205526,4.476974,3.2871525,3.2182045
2080-11-22 12:00:00,3.065682,2.81132,6.5368805,4.421825,3.7887027,3.2441223
2080-11-23 12:00:00,3.5118847,2.6911716,6.6185203,4.9524355,4.1081977,4.6381216
2080-11-24 12:00:00,2.5439749,2.1768901,4.386098,4.8500257,4.5173965,3.9979115
2080-11-25 12:00:00,1.621341,1.1715329,2.7108843,4.4638023,5.7230453,1.6225915
2080-11-26 12:00:00,1.6909459,1.3249797,4.5461235,2.9611154,4.874787,2.1692
2080-11-27 12:00:00,3.0557091,2.044273,4.8521237,3.6804361,3.0245218,2.5130222
2080-11-28 12:00:00,3.662764,2.8372805,5.667916,5.023442,3.5193622,3.1096473
2080-11-29 12:00:00,2.4245868,1.9935946,6.3135347,4.7765765,5.2883415,3.269925
2080-11-30 12:00:00,1.8300899,1.5966375,6.760612,3.882244,6.969989,3.9735594
2080-12-01 12:00:00,2.27561,2.1145122,6.846076,4.194141,4.6643195,4.0111003
2080-12-02 12:00:00,2.5965629,2.2718122,5.6215987,3.6499119,3.6167061,2.6666574
2080-12-03 12:00:00,2.7872257,2.1704302,5.0493684,2.484923,3.792365,2.294473
2080-12-04 12:00:00,2.8377419,2.186164,3.8924537,2.7956243,4.993174,2.3181329
2080-12-05 12:00:00,1.8898135,1.7318588,2.2422638,2.5751615,5.217553,1.4948932
2080-12-06 12:00:00,1.5034206,1.5729963,2.7294421,3.231916,4.952629,1.465099
2080-12-07 12:00:00,2.2826548,1.8769395,3.178546,4.652966,4.0774956,2.3442616
2080-12-08 12:00:00,1.3060215,1.162691,4.3759403,4.24951,4.0156107,3.1021879
2080-12-09 12:00:00,0.7824604,1.0138656,2.8660262,3.437168,4.223083,2.1496925
2080-12-10 12:00:00,1.16296,1.3547018,2.9845624,2.9270957,4.421172,2.2398753
2080-12-11 12:00:00,2.408265,2.3859975,8.126434,6.6254816,7.611198,4.748861
2080-12-12 12:00:00,2.396963,2.7294335,6.063613,8.453723,10.033157,5.3189316
2080-12-13 12:00:00,2.629635,2.6103592,5.3517375,6.8434877,11.081447,3.7231073
2080-12-14 12:00:00,1.8851383,1.6667114,2.777455,3.7602696,7.616925,1.7805856
2080-12-15 12:00:00,2.0050426,1.6621217,5.2338414,4.3538184,3.8497393,2.5527978
2080-12-16 12:00:00,1.7231363,1.8995712,3.780064,5.330354,5.133082,2.7799456
2080-12-17 12:00:00,0.8196782,0.8499318,2.4016285,4.4915257,6.578276,2.0310488
2080-12-18 12:00:00,1.3007491,1.1755593,3.7206092,3.7693954,7.1006227,2.322398
2080-12-19 12:00:00,2.0923643,1.7399948,4.710017,4.0118947,4.9334617,2.5882564
2080-12-20 12:00:00,2.0392914,1.5681126,5.3031588,3.5638254,4.3778787,2.482596
2080-12-21 12:00:00,2.230894,1.6281054,4.258661,4.0585637,4.5055833,1.9327728
2080-12-22 12:00:00,0.6827539,1.0541146,1.9941021,3.6092966,3.8256388,2.0863342
2080-12-23 12:00:00,0.61351496,0.9614643,2.9668195,6.2997284,4.49828,3.0518503
2080-12-24 12:00:00,0.8312372,1.0044857,4.7719097,6.0817475,4.349446,3.8642485
2080-12-25 12:00:00,2.1383767,1.7257129,7.876601,4.6669188,3.173651,4.302689
2080-12-26 12:00:00,2.7168028,2.2271795,5.6577635,5.0187435,3.7555773,3.8127959
2080-12-27 12:00:00,3.3421469,2.7497478,3.9311168,4.8555293,3.5006526,2.816875
2080-12-28 12:00:00,0.8544869,0.9911712,2.9826648,2.9950852,3.0997524,2.3995063
2080-12-29 12:00:00,1.2397602,1.3276607,4.595001,4.2700458,3.5821803,3.6656382
2080-12-30 12:00:00,4.00051,3.2205546,7.2809544,7.291321,4.9638023,5.464651
2080-12-31 12:00:00,4.1110926,3.3634365,6.784734,5.8336263,4.075599,4.4143066
2081-01-01 12:00:00,1.713852,1.6155068,5.3497853,4.254666,4.4183984,2.5437312
2081-01-02 12:00:00,1.6976193,2.048506,3.053978,4.9955454,4.897511,2.324344
2081-01-03 12:00:00,0.7754272,1.1549106,3.7022295,5.5931697,5.853871,2.7014413
2081-01-04 12:00:00,1.9169171,1.9059814,6.238662,5.8825397,3.709091,4.5360665
2081-01-05 12:00:00,1.5517111,1.6360265,5.6224265,5.7062755,4.2346435,3.5527687
2081-01-06 12:00:00,1.3306329,1.3242788,3.3550563,4.8502526,4.3246655,2.3966208
2081-01-07 12:00:00,1.2494469,1.1661559,3.3432012,4.559721,5.4323077,2.720146
2081-01-08 12:00:00,1.543153,1.2715336,3.9030063,4.1228733,4.3938046,2.399553
2081-01-09 12:00:00,2.0367236,1.9005462,6.3438425,5.667996,5.1554685,4.4675603
2081-01-10 12:00:00,2.2879374,2.2504945,6.5740504,4.5265365,5.899734,4.0859947
2081-01-11 12:00:00,0.83831143,1.0942535,4.4915195,3.7583666,4.9696712,3.034031
2081-01-12 12:00:00,1.9909014,1.8500427,4.565274,2.357998,3.729008,2.9228537
2081-01-13 12:00:00,1.5433574,1.7113218,2.871146,7.2977724,7.007846,3.0317273
2081-01-14 12:00:00,2.6776965,2.7174368,5.0441856,10.307516,6.0720716,4.422788
2081-01-15 12:00:00,3.1694188,3.067512,5.7499075,8.225588,8.108565,4.9630146
2081-01-16 12:00:00,2.0339475,2.47537,4.039778,6.25145,8.134736,4.1396136
2081-01-17 12:00:00,1.1196368,1.3306738,3.0962758,5.3247995,7.186313,3.5107474
2081-01-18 12:00:00,1.265542,1.5912304,3.560051,6.7604485,5.8676786,4.3490314
2081-01-19 12:00:00,3.890645,3.3315675,6.3389506,7.8575225,4.2172594,5.1184993
2081-01-20 12:00:00,2.6526775,2.4203506,4.1714544,5.1194096,3.2181957,3.1215243
2081-01-21 12:00:00,1.503154,1.8542945,2.1602812,3.7339752,4.3662534,1.4744419
2081-01-22 12:00:00,0.97256774,1.2233764,2.548084,4.869524,4.556921,2.6373396
2081-01-23 12:00:00,1.4996388,1.5289702,4.870838,5.0256042,3.7787504,3.7461383
2081-01-24 12:00:00,3.9570217,3.3009903,6.7923455,6.897762,5.326182,5.064348
2081-01-25 12:00:00,3.6987176,3.0721285,6.226363,8.05105,6.219558,5.1903296
2081-01-26 12:00:00,2.5446315,2.53101,6.0536065,7.9222846,5.233885,4.033456
2081-01-27 12:00:00,2.7836604,2.1555011,6.1232114,5.6999564,4.425459,4.1667156
2081-01-28 12:00:00,1.7507536,1.4824933,4.3177257,3.5677264,4.527198,2.5711114
2081-01-29 12:00:00,3.3356423,2.177619,3.2473853,2.1273232,4.2139072,1.685731
2081-01-30 12:00:00,1.6336708,1.3101825,2.1533942,3.7342904,3.8303974,1.6154449
2081-01-31 12:00:00,2.6580791,1.7816802,3.5907369,3.7789838,3.3749244,2.1571352
2081-02-01 12:00:00,3.5380952,2.4595222,3.684894,2.8717017,4.004386,2.3781664
2081-02-02 12:00:00,1.9901814,1.4932362,3.0358105,2.6897821,3.016401,1.6754473
2081-02-03 12:00:00,1.4681342,1.1910846,2.1331382,2.0878384,3.7609072,1.6709703
2081-02-04 12:00:00,3.2523916,2.473154,3.8251255,2.814618,3.2484763,2.3401203
2081-02-05 12:00:00,3.9282248,2.4089127,5.6405563,2.8278484,3.555744,2.7668827
2081-02-06 12:00:00,5.0539155,3.6286874,7.1797876,3.9849353,5.776145,3.662293
2081-02-07 12:00:00,3.0693285,2.4804668,4.694494,4.274636,5.8369555,2.4044747
2081-02-08 12:00:00,1.53823,1.3854468,3.3312109,2.4725015,2.6522605,2.7994225
2081-02-09 12:00:00,2.868732,2.1569345,4.3492017,3.1137638,2.8332055,2.8329241
2081-02-10 12:00:00,2.1357226,1.8716478,3.0365295,4.966915,4.0003695,2.6573205
2081-02-11 12:00:00,1.5052208,1.4091668,4.285357,6.41918,4.103501,3.005816
2081-02-12 12:00:00,2.2720795,1.9681007,3.9431398,3.5264146,5.433974,2.1868167
2081-02-13 12:00:00,1.414053,1.3623915,3.5840397,4.452406,5.409206,2.2067087
2081-02-14 12:00:00,1.2622559,1.3282022,3.9562733,5.2792273,5.828189,2.3264132
2081-02-15 12:00:00,1.5676832,1.2707262,3.8368185,2.9927316,6.655747,1.6379944
2081-02-16 12:00:00,0.9940248,1.0477666,3.1619692,2.462922,6.455121,1.7442179
2081-02-17 12:00:00,2.2141976,1.7908331,4.0776434,3.7675796,4.1101975,3.536675
2081-02-18 12:00:00,2.617649,2.3272943,3.8834946,3.101897,2.990535,3.1349745
2081-02-19 12:00:00,1.9195515,1.9593428,2.8686616,6.9172726,5.0059667,2.7508147
2081-02-20 12:00:00,2.0581439,2.2956717,3.2713494,4.45799,3.632702,2.5736492
2081-02-21 12:00:00,1.433904,1.7158175,2.462782,3.3832777,3.0614202,2.1870165
2081-02-22 12:00:00,0.95708823,1.2069697,1.7932948,3.7667506,3.6019716,1.8476571
2081-02-23 12:00:00,1.3698568,1.545558,2.590241,6.350799,3.0122423,2.5578148
2081-02-24 12:00:00,1.4877307,1.7018436,2.3257082,3.2423575,3.2172632,1.9408634
2081-02-25 12:00:00,1.4601624,1.3769909,4.116816,3.4934428,4.831754,2.6204395
2081-02-26 12:00:00,3.1501122,2.6588821,6.038961,6.2148304,4.5587564,4.475607
2081-02-27 12:00:00,1.744048,1.6537532,4.1927056,3.8400686,4.410865,2.4752784
2081-02-28 12:00:00,0.8492216,0.90455467,2.567174,2.9362173,4.2668996,2.4720442
2081-03-01 12:00:00,1.3858856,1.2551403,2.8539166,4.2718177,4.551394,2.4214466
2081-03-02 12:00:00,1.7652923,1.5888886,4.7350235,3.6024656,5.1366906,3.296159
2081-03-03 12:00:00,1.9933517,1.916486,3.1272943,5.326455,4.534453,3.0620906
2081-03-04 12:00:00,1.7261722,1.374242,3.6054437,3.0334034,3.8313382,2.7865436
2081-03-05 12:00:00,2.2713523,2.1445153,4.488929,4.281676,3.553887,3.4487119
2081-03-06 12:00:00,2.5189574,2.286373,5.5858254,3.2579062,5.444931,2.4534113
2081-03-07 12:00:00,1.6930983,1.6592697,3.3299034,2.254197,4.684671,1.3618482
2081-03-08 12:00:00,1.4018918,1.4332235,2.4549065,1.9968091,2.9950356,1.5685656
2081-03-09 12:00:00,1.9334096,1.5494055,4.359253,2.3763402,2.828669,2.459607
2081-03-10 12:00:00,3.4567647,2.759775,2.1336277,3.3018985,3.5292768,2.3391213
2081-03-11 12:00:00,2.4692128,1.995598,2.515722,2.8756719,3.4301674,1.8800747
2081-03-12 12:00:00,3.5908875,2.8812368,3.77174,3.235626,3.5719326,3.2970834
2081-03-13 12:00:00,2.124963,1.7826796,2.7588081,3.7012517,4.1694984,1.981479
2081-03-14 12:00:00,0.81232613,1.0207596,2.0043051,3.588286,4.4547963,2.0227149
2081-03-15 12:00:00,1.3935113,1.5793068,4.8555765,5.151701,6.7305207,4.184822
2081-03-16 12:00:00,2.9938016,2.8293579,5.2687373,5.181493,5.1461425,3.7993774
2081-03-17 12:00:00,3.1865592,2.8108408,2.955382,4.353236,6.2805386,2.2899218
2081-03-18 12:00:00,3.6436274,2.9782813,3.073075,3.7489529,5.1382713,1.7485036
2081-03-19 12:00:00,2.8574243,2.2417173,2.7738755,2.9337218,4.0353923,1.647862
2081-03-20 12:00:00,3.7694178,2.8512857,5.260863,2.5879202,3.2263584,2.3551598
2081-03-21 12:00:00,4.366704,3.495145,4.366603,3.8996723,3.080916,2.6538055
2081-03-22 12:00:00,3.0732586,2.8138099,2.6624975,3.003237,3.2750034,2.3444822
2081-03-23 12:00:00,1.7543195,1.9143264,2.2301154,3.587466,4.6285667,1.795001
2081-03-24 12:00:00,1.0087576,0.9883619,2.1228983,1.9069268,4.651176,1.286192
2081-03-25 12:00:00,1.1258061,1.4202456,3.0836036,4.9527817,6.974844,3.1533208
2081-03-26 12:00:00,1.5771348,1.5115014,4.254192,5.1587896,6.0029473,3.8940635
2081-03-27 12:00:00,1.5436387,1.6794558,5.0921893,3.8438582,4.8500724,3.6935596
2081-03-28 12:00:00,2.0011969,2.121821,3.8512971,4.582111,3.9873018,3.4115152
2081-03-29 12:00:00,2.1072593,1.7218664,4.4363337,3.3539379,2.6033783,2.9542348
2081-03-30 12:00:00,2.612415,2.0747848,4.4937296,4.2936544,2.846162,3.0171635
2081-03-31 12:00:00,2.4489841,2.2207189,6.490237,4.5084724,3.0327208,3.5276437
2081-04-01 12:00:00,3.42922,2.4116495,4.810661,2.631247,3.4002712,2.599075
2081-04-02 12:00:00,2.3018787,2.0329595,3.2392173,3.429693,3.535021,3.5082645
2081-04-03 12:00:00,3.5263429,3.019363,6.2592344,4.591979,4.694806,3.9765203
2081-04-04 12:00:00,4.25659,4.013388,5.561043,8.042412,6.639554,5.3658314
2081-04-05 12:00:00,3.965506,3.4479408,5.964142,4.5581203,5.795715,2.7148113
2081-04-06 12:00:00,2.7633421,2.6503215,4.0616155,5.54051,4.821165,2.1778886
2081-04-07 12:00:00,2.0769906,1.7147372,3.9962814,3.0720546,5.711237,1.7417433
2081-04-08 12:00:00,2.3118634,2.1650126,3.7660105,3.791383,4.8982215,2.8541749
2081-04-09 12:00:00,1.4669545,1.4343927,2.8023238,2.4450936,4.1031065,1.5528647
2081-04-10 12:00:00,2.8088713,1.9918907,2.7026,4.8337,4.222284,2.3583596
2081-04-11 12:00:00,2.6275063,2.3630753,4.201015,5.241407,4.6232758,2.897257
2081-04-12 12:00:00,2.0872014,1.946686,3.615494,4.4690514,4.488324,2.9843378
2081-04-13 12:00:00,3.7375207,2.868791,4.853798,3.8775475,4.4099917,2.2453816
2081-04-14 12:00:00,2.7186465,2.1686232,3.4516716,3.1977577,7.3771124,1.9325722
2081-04-15 12:00:00,2.491476,2.1137655,3.8356948,2.5296984,5.939141,2.7414587
2081-04-16 12:00:00,1.1020069,1.2987217,2.918756,3.0530484,4.079828,3.0156524
2081-04-17 12:00:00,2.8302586,2.433492,5.2043004,3.7255921,4.898682,3.2099774
2081-04-18 12:00:00,3.8994331,3.7179093,6.4833126,6.518495,7.121929,5.2793217
2081-04-19 12:00:00,2.1578493,1.8640094,2.79782,4.5507355,6.0037417,2.6012776
2081-04-20 12:00:00,1.9094324,1.8227319,4.085196,2.5712714,5.690377,2.9157398
2081-04-21 12:00:00,2.4722881,2.3465056,5.669771,4.178174,3.9225595,4.2587447
2081-04-22 12:00:00,3.2568207,2.9031143,4.830912,4.444499,4.0151663,4.253949
2081-04-23 12:00:00,2.491375,2.2058024,3.4986,4.496484,5.6732235,3.7239017
2081-04-24 12:00:00,1.6500721,1.6637006,2.3030868,5.436576,6.161773,3.0035958
2081-04-25 12:00:00,1.6380358,1.6778234,2.9231055,5.724056,5.5198307,2.8037026
2081-04-26 12:00:00,1.7493696,1.716234,3.6770194,3.1241062,4.619189,2.630628
2081-04-27 12:00:00,2.2433093,1.9498585,4.3442807,3.3725827,3.3566914,3.2521799
2081-04-28 12:00:00,1.7754371,1.7651159,3.5999563,3.8221753,2.8273466,2.2437696
2081-04-29 12:00:00,3.3462176,3.0726035,5.5852175,6.205163,4.0238404,4.157861
2081-04-30 12:00:00,3.8914206,3.6778045,5.4349937,5.8014665,5.202989,3.6494436
2081-05-01 12:00:00,2.7241492,2.9232547,4.2852182,5.799612,5.471256,2.9280517
2081-05-02 12:00:00,2.5694487,2.6450512,4.296199,5.1356497,4.119976,2.8259397
2081-05-03 12:00:00,2.082674,1.9960454,3.7383912,2.4963593,3.5133066,2.1741364
2081-05-04 12:00:00,1.849612,1.5961483,2.6919029,4.5726175,3.6975458,2.388093
2081-05-05 12:00:00,2.5088434,2.3748357,3.422184,4.478853,3.9888706,2.362427
2081-05-06 12:00:00,2.8874958,2.5869625,3.6452115,3.5805411,2.9834397,2.4862773
2081-05-07 12:00:00,1.6477263,1.6181456,2.1174371,2.177068,2.4159863,1.6720351
2081-05-08 12:00:00,2.0823214,1.8837335,2.967531,2.6634068,2.5784428,2.3324313
2081-05-09 12:00:00,2.8884428,2.4617376,2.8785818,2.4436903,2.4180956,1.9816782
2081-05-10 12:00:00,3.0958946,2.620571,4.8491793,3.3782732,2.8788497,3.7520704
2081-05-11 12:00:00,3.1563678,2.9300418,4.961851,5.0110292,5.7773066,3.17662
2081-05-12 12:00:00,3.31901,2.6221192,4.9996605,3.2727003,4.5842347,3.539813
2081-05-13 12:00:00,3.388345,2.9460866,4.2943387,5.3541183,4.938903,4.010852
2081-05-14 12:00:00,2.4033759,2.0838404,4.931795,3.5516026,4.198389,3.4299498
2081-05-15 12:00:00,2.6770117,2.6203573,4.87797,4.312948,2.955538,3.665292
2081-05-16 12:00:00,1.58234,1.3813194,3.1550038,3.1365666,3.4334922,2.3240328
2081-05-17 12:00:00,2.1534176,2.0732176,5.0646524,2.942387,3.831116,3.083
2081-05-18 12:00:00,4.250766,3.8394425,2.6906326,4.450467,4.59427,2.6546237
2081-05-19 12:00:00,3.9805748,3.6848047,5.315526,4.3225274,2.5677786,3.3800657
2081-05-20 12:00:00,3.6895347,3.2232206,3.7168,3.7687972,2.3034604,3.0440447
2081-05-21 12:00:00,2.978932,2.2424977,4.1556144,2.2015612,2.2491932,2.047337
2081-05-22 12:00:00,2.5778635,1.7450529,3.1841464,2.8106942,3.6220367,2.0081205
2081-05-23 12:00:00,2.0547047,2.1405473,2.8789108,4.347849,3.106817,2.4960809
2081-05-24 12:00:00,2.4914808,2.073688,4.5023646,3.47792,2.4818745,3.867874
2081-05-25 12:00:00,3.5225997,2.501101,4.921695,2.1335633,1.7649125,3.0838094
2081-05-26 12:00:00,1.8471143,1.3644396,2.6218529,2.1247876,2.572958,1.4118458
2081-05-27 12:00:00,2.1274571,2.2736654,4.094082,2.9070048,3.0729632,2.617625
2081-05-28 12:00:00,3.9784129,3.2848823,4.115819,2.8623583,4.018727,3.0824637
2081-05-29 12:00:00,3.1442592,2.5443656,4.094624,3.4955184,3.1316018,3.305791
2081-05-30 12:00:00,1.8453548,1.9080162,2.9066494,2.8045168,3.5821807,2.1367764
2081-05-31 12:00:00,3.3632169,2.7124853,2.8768709,4.14721,3.865646,2.3885221
2081-06-01 12:00:00,2.0855274,1.6463984,1.9886748,2.2117033,3.7806132,1.2381117
2081-06-02 12:00:00,1.0237813,1.2762606,2.0334363,2.7788794,2.4154723,1.6464803
2081-06-03 12:00:00,1.2597382,1.2691154,1.7996277,2.2276387,2.9748697,1.3339298
2081-06-04 12:00:00,2.1547153,1.9277347,2.5108442,2.1559937,2.3504977,1.5638888
2081-06-05 12:00:00,1.8884664,1.9973423,3.2751274,3.6294734,2.948114,2.3635986
2081-06-06 12:00:00,2.1084766,1.8678653,2.7407176,3.1711888,6.054971,1.8228335
2081-06-07 12:00:00,2.4585068,2.2128744,1.6508436,2.272959,3.2319639,1.6143103
2081-06-08 12:00:00,1.6208558,1.70483,2.0400598,2.204702,2.7364635,1.8459822
2081-06-09 12:00:00,2.5202746,2.614602,4.4851823,3.015486,2.994679,2.6355782
2081-06-10 12:00:00,2.410978,2.5674567,4.995196,3.0922198,3.9833422,2.7799153
2081-06-11 12:00:00,2.736316,2.92968,3.7564933,5.1380286,4.6991196,2.295337
2081-06-12 12:00:00,2.5418563,2.7335837,2.495422,4.890874,8.727634,1.7460376
2081-06-13 12:00:00,1.99697,1.7095985,2.0995154,2.9111938,4.066792,1.1494107
2081-06-14 12:00:00,1.6197456,1.4391669,1.9190778,2.4272256,2.600867,1.4706905
2081-06-15 12:00:00,2.0494592,1.9268173,3.150808,4.6677055,3.2300363,2.1330466
2081-06-16 12:00:00,1.3461157,1.4262949,1.8755637,5.3515334,4.31815,1.4814997
2081-06-17 12:00:00,2.2711246,1.9382874,1.7582356,5.586201,5.7745237,1.2765692
2081-06-18 12:00:00,2.0643096,1.7982018,3.109949,4.0206866,4.82013,1.9424666
2081-06-19 12:00:00,2.7982707,2.2991214,3.4962332,2.5038822,3.5394492,2.584812
2081-06-20 12:00:00,2.0273612,1.7227727,2.4509058,3.6523695,3.5990756,1.9605628
2081-06-21 12:00:00,1.3820122,1.2991166,1.891925,2.0483,3.59967,1.2431552
2081-06-22 12:00:00,1.4360299,1.2317446,2.4227157,3.7488675,3.7737412,1.3706399
2081-06-23 12:00:00,2.017179,1.7401117,2.0978591,5.0474973,4.1060905,1.5891463
2081-06-24 12:00:00,1.8550324,1.3845036,3.206378,5.240997,3.8620443,1.6917998
2081-06-25 12:00:00,1.4988308,1.6683122,2.3898475,4.5514855,3.8818107,1.7888734
2081-06-26 12:00:00,2.6391697,1.9214355,3.3684454,2.8236117,3.2747498,1.9116542
2081-06-27 12:00:00,1.2138753,1.117548,2.671179,2.4659867,2.9412966,1.8301889
2081-06-28 12:00:00,1.4162037,1.5757504,3.8354635,3.0646703,3.0917194,2.6784306
2081-06-29 12:00:00,2.9927921,2.3464072,3.714414,3.2907958,3.3722017,3.096046
2081-06-30 12:00:00,2.0409806,1.9254076,3.3234923,3.8645918,2.6496687,2.5410762
2081-07-01 12:00:00,1.9734004,1.5472025,3.3363807,3.4423776,3.066317,2.2448726
2081-07-02 12:00:00,1.9561903,1.6406894,2.9435205,3.890718,3.686649,2.412224
2081-07-03 12:00:00,1.9702914,1.6123888,2.1589227,3.2551274,3.645203,1.4002795
2081-07-04 12:00:00,1.1449536,1.0756905,1.8663194,2.9031005,3.6602015,1.358565
2081-07-05 12:00:00,1.6169908,1.4400454,3.7061305,4.488559,3.873224,2.657867
2081-07-06 12:00:00,2.6346455,1.8728946,3.9951472,5.54583,5.3499146,1.8533065
2081-07-07 12:00:00,2.14015,1.7435764,3.753192,5.4670205,5.2368956,1.39595
2081-07-08 12:00:00,1.9372114,1.757779,2.5913858,4.448683,3.4596367,1.360209
2081-07-09 12:00:00,1.3550715,1.4144682,2.2323368,3.4519758,2.6661248,1.9359009
2081-07-10 12:00:00,0.9308778,1.1101471,2.0585732,2.5384176,2.3184595,1.1878115
2081-07-11 12:00:00,1.5069662,1.2459067,3.3426938,2.3008845,2.5485299,1.8726735
2081-07-12 12:00:00,1.1818159,1.0422946,3.410671,2.9261801,3.0655284,1.4961224
2081-07-13 12:00:00,1.2195573,1.2241191,3.2433703,4.5069294,4.025075,2.5713298
2081-07-14 12:00:00,2.309843,2.3710723,4.249289,4.295227,4.513213,3.1856737
2081-07-15 12:00:00,1.5783632,1.5638658,3.404482,2.91311,3.31795,2.0946379
2081-07-16 12:00:00,1.5624933,1.25488,2.6209598,3.2451575,2.2400663,1.8817775
2081-07-17 12:00:00,2.032048,1.5195328,2.547382,3.349757,3.6677125,1.7067832
2081-07-18 12:00:00,1.6416217,1.445898,1.889366,1.8658481,3.8877504,1.216867
2081-07-19 12:00:00,0.91922706,1.015517,2.3083882,2.1429358,2.5805225,1.229776
2081-07-20 12:00:00,1.867024,1.3953215,3.2260265,1.809146,2.8669095,1.7707646
2081-07-21 12:00:00,2.641048,2.266284,5.1830964,3.167263,2.896314,3.1495557
2081-07-22 12:00:00,3.4796715,2.711898,4.7284055,2.9787438,3.775568,2.8075159
2081-07-23 12:00:00,3.1792955,2.560867,4.2615643,2.9847286,3.2507062,2.4643104
2081-07-24 12:00:00,2.9253786,2.3703308,5.756936,2.829111,2.0847414,3.4628
2081-07-25 12:00:00,2.6199536,2.1984625,4.9080167,3.3321786,2.3450086,3.1443858
2081-07-26 12:00:00,1.6678941,1.5436009,2.6708436,3.909541,2.905082,1.9628208
2081-07-27 12:00:00,1.2868638,1.1119967,2.3614626,2.1135945,4.455515,1.3424627
2081-07-28 12:00:00,2.0556974,1.8590199,3.7873034,3.5766048,4.1007195,1.972583
2081-07-29 12:00:00,1.653653,1.5158411,3.934398,2.853386,2.861469,2.7095156
2081-07-30 12:00:00,2.7396703,2.4769328,4.126904,3.2985585,3.335402,2.4978545
2081-07-31 12:00:00,1.6892349,1.4597598,3.482685,2.81077,3.483642,2.2853405
2081-08-01 12:00:00,2.34899,1.9407047,3.4312174,2.6332803,3.763816,2.5201633
2081-08-02 12:00:00,1.6644433,1.66356,2.7989373,2.480586,2.6388023,1.957805
2081-08-03 12:00:00,2.2415242,1.5621285,3.2288368,1.9440434,3.187226,1.8628757
2081-08-04 12:00:00,2.194821,1.7835473,3.2475913,3.5365498,5.179822,2.4204907
2081-08-05 12:00:00,1.502593,1.482677,3.1381488,3.4600165,5.879409,2.8973136
2081-08-06 12:00:00,1.2777798,1.3262148,3.569808,2.6404514,2.5013802,1.660703
2081-08-07 12:00:00,1.6394658,1.5792023,4.5916996,2.564352,1.9891205,2.128718
2081-08-08 12:00:00,2.2870083,1.7915705,2.0622218,2.1179192,2.6729765,1.5909247
2081-08-09 12:00:00,1.5902882,1.6687579,2.659052,2.8389058,3.0040245,2.4421089
2081-08-10 12:00:00,1.040262,1.1972083,2.2923005,2.0530727,3.4077175,1.9220057
2081-08-11 12:00:00,3.3704338,2.448841,3.2111218,2.4813905,3.1740766,1.8342487
2081-08-12 12:00:00,2.1774023,1.9408648,2.9423177,2.1745455,3.796241,1.7369595
2081-08-13 12:00:00,1.3111951,1.6300886,5.1606307,3.0438783,2.7287388,3.2961917
2081-08-14 12:00:00,2.3888748,2.451126,3.555053,3.7314684,3.5573938,3.1825612
2081-08-15 12:00:00,2.0872517,1.907199,2.3481312,3.5960727,3.7626748,1.6638072
2081-08-16 12:00:00,1.6219583,1.4871569,3.1614687,2.8736784,2.7431364,2.5595071
2081-08-17 12:00:00,1.2236559,1.1782727,2.545397,2.3249888,2.90429,1.602336
2081-08-18 12:00:00,1.1116915,0.96667284,2.9303079,2.3031232,2.5820372,2.0584009
2081-08-19 12:00:00,1.5672647,1.5642495,2.9287784,3.1465158,3.3279204,1.8070464
2081-08-20 12:00:00,1.9082581,1.8380264,2.092307,3.4004664,2.8998132,1.598938
2081-08-21 12:00:00,4.389689,3.3595476,4.542444,4.045779,3.071327,2.8312933
2081-08-22 12:00:00,3.0253263,2.667993,2.7554808,5.671785,5.4728813,2.2763164
2081-08-23 12:00:00,4.1043005,3.2930071,5.68737,4.1448298,4.4442506,3.2609549
2081-08-24 12:00:00,2.4027874,1.9875674,2.8255177,5.517939,5.8192215,2.5774457
2081-08-25 12:00:00,1.5776786,1.597016,2.084388,3.71813,4.3702383,1.6323369
2081-08-26 12:00:00,1.4949734,1.2540973,1.8716867,1.7028555,3.1624355,1.0946171
2081-08-27 12:00:00,0.9987345,0.97080445,2.191393,1.9268237,3.3077354,1.4574267
2081-08-28 12:00:00,1.2589775,1.1535714,2.0749815,2.8070517,3.0653362,1.6358876
2081-08-29 12:00:00,1.0151691,1.1881064,1.831713,3.4697704,3.5945258,1.9935029
2081-08-30 12:00:00,1.196254,1.6893834,2.9374866,4.048778,3.2469337,3.2380605
2081-08-31 12:00:00,1.521276,1.6206383,2.7111893,6.0075407,4.6680083,2.92631
2081-09-01 12:00:00,1.7920018,1.930019,2.9534094,6.9057293,6.9554024,3.158787
2081-09-02 12:00:00,2.5368505,2.622906,3.8780544,7.013513,7.002887,4.507251
2081-09-03 12:00:00,2.5400083,2.052343,3.7536538,4.643595,6.1270847,1.971058
2081-09-04 12:00:00,3.1730695,2.4398108,3.9001322,3.3831656,5.936861,3.956712
2081-09-05 12:00:00,2.528226,2.564066,3.3165019,5.084878,4.6555724,3.3808017
2081-09-06 12:00:00,2.4931629,2.845442,4.05558,4.398527,4.534818,3.6248057
2081-09-07 12:00:00,2.9401784,2.6372108,3.7120824,3.2010922,5.269986,2.8710718
2081-09-08 12:00:00,3.1627479,2.6717784,4.7358556,3.9643278,6.478422,2.6337695
2081-09-09 12:00:00,3.4290454,2.9702725,5.635399,4.0439014,4.939349,1.6601039
2081-09-10 12:00:00,3.953497,3.0812833,5.98971,7.25198,5.295442,2.971347
2081-09-11 12:00:00,2.2473989,1.9555063,3.3833072,6.836708,5.999879,2.3586912
2081-09-12 12:00:00,1.9251738,1.8030195,4.2203264,4.315948,3.850693,3.2920585
2081-09-13 12:00:00,2.722995,2.2872436,3.855618,4.693635,4.691221,3.0144396
2081-09-14 12:00:00,3.1348517,2.5822957,4.693411,3.2400231,4.226435,2.6176276
2081-09-15 12:00:00,1.380691,1.3110274,3.5003538,3.7459965,4.257729,2.4927669
2081-09-16 12:00:00,1.7827742,1.8112338,3.3072283,6.9850645,5.342559,3.1723187
2081-09-17 12:00:00,0.9893363,1.2406311,2.3513262,5.559864,6.21847,2.9400957
2081-09-18 12:00:00,1.5768306,1.7991109,4.6369658,3.7728353,4.642272,3.2881694
2081-09-19 12:00:00,2.7771413,2.6296597,6.231404,4.79604,3.0757365,3.9673276
2081-09-20 12:00:00,3.4217021,2.9607527,5.502513,5.0234413,4.370174,3.3381467
2081-09-21 12:00:00,3.9602947,3.6280367,5.531296,5.4852643,5.094109,3.5641654
2081-09-22 12:00:00,3.3859956,3.2782385,2.989248,4.936037,5.1721816,2.6223087
2081-09-23 12:00:00,2.5783675,2.3817656,3.0111976,3.6393576,4.6987014,2.6958773
2081-09-24 12:00:00,3.1009035,2.8412328,5.9165196,3.6448183,4.1310034,4.017629
2081-09-25 12:00:00,4.4626493,3.8385947,6.542054,5.398386,4.5423713,4.6144943
2081-09-26 12:00:00,4.1688757,3.682364,6.2150426,6.8922067,5.3098917,4.6805315
2081-09-27 12:00:00,3.7049956,3.1470876,5.737459,4.8980937,5.5125756,4.0384626
2081-09-28 12:00:00,2.2723143,2.2958107,3.7767847,3.8516717,5.3743005,2.5628145
2081-09-29 12:00:00,2.4944825,2.4420495,3.6919818,4.3843384,4.621388,2.14749
2081-09-30 12:00:00,1.4290617,1.5378296,2.2971044,4.8245406,4.5564785,1.5669131
2081-10-01 12:00:00,1.415315,1.297938,2.9300904,3.0509386,4.5157747,1.9623902
2081-10-02 12:00:00,2.5309412,1.8336588,4.3409824,3.1339748,4.1260567,2.9053168
2081-10-03 12:00:00,3.382359,2.6730084,4.7646227,4.0934653,3.7824032,2.621386
2081-10-04 12:00:00,1.8391733,1.8459362,4.9436398,3.661193,3.3370056,3.3993154
2081-10-05 12:00:00,1.6986004,1.6529931,2.759819,4.714788,5.2057323,2.6737783
2081-10-06 12:00:00,1.8111202,1.7389592,3.0113928,4.810744,4.842339,2.183926
2081-10-07 12:00:00,2.9306936,2.0403745,4.6668,3.4704983,3.851629,2.7314727
2081-10-08 12:00:00,5.6242113,4.3472695,6.242847,3.7559178,3.6145835,3.8255315
2081-10-09 12:00:00,1.6792278,1.4245249,2.6562383,5.138919,7.2695866,1.9729322
2081-10-10 12:00:00,0.95872927,1.0714403,2.1287994,4.335648,6.2661905,1.8294821
2081-10-11 12:00:00,0.77318597,0.9489363,1.7586145,5.137153,7.1557827,1.3319031
2081-10-12 12:00:00,1.310204,1.249516,1.8323994,6.018954,6.9209685,1.4654694
2081-10-13 12:00:00,0.91789913,1.1965976,2.0376356,2.998224,5.4940667,1.1954999
2081-10-14 12:00:00,1.2355788,1.1355449,1.8268074,3.0235353,4.5416584,1.51466
2081-10-15 12:00:00,1.7757543,1.371722,2.605812,4.8584805,6.627842,2.033227
2081-10-16 12:00:00,0.8563218,1.140378,3.4756002,4.550413,6.585961,2.1769192
2081-10-17 12:00:00,2.7682052,2.2375438,4.268755,4.2338,4.611187,2.2550812
2081-10-18 12:00:00,1.7256024,1.8403556,4.748186,5.479954,4.0762677,3.612581
2081-10-19 12:00:00,3.1391492,3.0438068,6.969462,5.661724,4.2801867,4.510944
2081-10-20 12:00:00,4.3256884,3.7496085,5.8059325,6.5839133,4.2048244,3.8753626
2081-10-21 12:00:00,1.5258826,1.4702712,2.2880497,3.3025668,3.5569298,1.9283724
2081-10-22 12:00:00,0.8287388,1.1342351,2.5952425,4.172772,3.6532738,1.9320909
2081-10-23 12:00:00,1.0139774,1.2868879,3.5630486,4.680594,4.376544,2.4530203
2081-10-24 12:00:00,2.8360727,2.5971227,5.693939,3.9889965,3.8743415,4.1473513
2081-10-25 12:00:00,1.4083883,1.5177345,3.7356148,4.155555,5.033721,2.417083
2081-10-26 12:00:00,1.5907259,1.5390192,2.2438674,5.140063,6.2756834,2.1484232
2081-10-27 12:00:00,2.396121,2.394688,5.1576414,4.42419,5.862466,3.8278723
2081-10-28 12:00:00,3.6162066,2.7162244,6.2598977,5.189704,3.865593,4.796319
2081-10-29 12:00:00,4.1832924,3.1604137,5.541357,5.8634834,6.797395,4.2578335
2081-10-30 12:00:00,2.452785,1.8306853,4.0608683,4.406038,6.4343386,3.907746
2081-10-31 12:00:00,3.0257025,2.2417045,3.529464,5.985519,6.031229,3.434093
2081-11-01 12:00:00,1.2348455,1.321601,1.968558,3.3042612,6.5091405,1.2935545
2081-11-02 12:00:00,2.0373113,1.7611883,2.4441638,3.720171,6.287725,1.3257431
2081-11-03 12:00:00,1.2217679,1.0698025,3.7499182,3.1920488,5.52742,2.3040318
2081-11-04 12:00:00,1.368972,1.2754385,3.34104,3.902487,3.8141906,2.8206673
2081-11-05 12:00:00,0.7243583,0.99673367,2.0252182,3.8075132,4.434323,1.4839398
2081-11-06 12:00:00,1.139734,1.2838366,3.305051,6.043185,3.6077764,3.238718
2081-11-07 12:00:00,3.6969008,2.888195,5.8865347,5.8036065,5.831769,4.268074
2081-11-08 12:00:00,1.5200593,1.5863011,2.7674465,4.4895153,4.868288,2.2175407
2081-11-09 12:00:00,1.4884208,1.2300448,3.1773486,2.6197536,3.873686,1.317264
2081-11-10 12:00:00,3.568101,3.1728704,5.614681,4.2748923,4.4615917,4.113582
2081-11-11 12:00:00,5.331632,4.62743,6.5404916,5.478701,4.851035,4.3056626
2081-11-12 12:00:00,1.1205683,1.3677751,4.5993166,3.7755678,3.8636823,2.8898232
2081-11-13 12:00:00,1.366909,1.4558663,4.114429,3.5336478,2.359043,2.9281042
2081-11-14 12:00:00,2.3805203,2.1461308,3.8513222,3.0529935,3.1366653,2.822229
2081-11-15 12:00:00,0.9403082,1.001672,1.9790887,5.600607,5.8797,1.984159
2081-11-16 12:00:00,1.2418172,1.3743918,3.7455323,4.724908,3.7252645,3.6054473
2081-11-17 12:00:00,1.939017,1.7991353,3.8510885,4.030924,2.928213,3.171561
2081-11-18 12:00:00,2.1169877,2.7348807,4.9060507,5.616934,3.0099237,3.516146
2081-11-19 12:00:00,2.0283895,2.3600123,2.8598704,5.4667387,3.249265,2.4214263
2081-11-20 12:00:00,0.8388957,1.0509865,3.9361708,3.7965133,2.9030073,3.2688763
2081-11-21 12:00:00,1.0292826,1.1699132,3.6658552,4.3017936,3.6163,3.029943
2081-11-22 12:00:00,2.4093804,2.3995247,6.012188,6.7484946,6.084857,4.580256
2081-11-23 12:00:00,2.2314196,2.213827,6.117917,6.3692317,6.8387394,4.779579
2081-11-24 12:00:00,4.141841,3.384908,6.2956457,6.2255135,6.74069,4.777291
2081-11-25 12:00:00,1.3737243,1.3726306,2.697139,4.7206845,5.1331244,2.387466
2081-11-26 12:00:00,1.5701318,1.4599582,3.3897023,4.7226925,4.4221416,2.4913154
2081-11-27 12:00:00,1.5375061,1.2937796,5.3100443,4.248209,3.2473435,3.5810854
2081-11-28 12:00:00,2.3182328,2.0956192,5.103328,5.088465,3.6738186,3.419089
2081-11-29 12:00:00,3.3919802,3.4304407,5.411401,6.4749904,4.2398357,3.531537
2081-11-30 12:00:00,3.0663395,3.405174,4.6117525,8.34076,5.3640413,4.5375495
2081-12-01 12:00:00,3.4781804,2.993423,6.334199,6.564686,5.017532,3.8545125
2081-12-02 12:00:00,2.6979046,2.177119,4.874834,4.2925124,4.5901785,2.9795222
2081-12-03 12:00:00,2.3549864,1.921443,5.4008427,4.1899176,5.2017937,2.7591438
2081-12-04 12:00:00,2.592676,2.1909983,6.218942,4.6055517,3.3586018,4.21614
2081-12-05 12:00:00,2.866263,2.4175093,4.924199,5.667037,4.8644967,3.5082543
2081-12-06 12:00:00,2.0500052,1.7723477,4.3596425,5.406819,5.4773636,3.5164268
2081-12-07 12:00:00,1.6687026,1.4295558,3.1867635,5.3542695,4.5458302,2.834607
2081-12-08 12:00:00,1.5005013,1.5891873,3.537667,6.625321,4.780214,2.6706035
2081-12-09 12:00:00,2.384903,2.0140905,4.9286556,3.9972951,4.171914,2.6765375
2081-12-10 12:00:00,1.4686819,1.437602,3.4818804,3.6323843,4.688846,1.9585071
2081-12-11 12:00:00,3.1229825,2.421355,5.4073086,3.4543486,4.558723,3.709124
2081-12-12 12:00:00,2.1784759,2.0069964,6.3051395,5.2288685,6.589414,4.806464
2081-12-13 12:00:00,3.255558,2.967914,5.0298686,4.1414585,3.1842563,3.5562997
2081-12-14 12:00:00,1.9384028,1.7803903,4.674831,5.913872,6.207766,3.6378634
2081-12-15 12:00:00,0.95693827,1.1112077,2.9182227,4.538611,5.2877645,2.5518298
2081-12-16 12:00:00,1.4522991,1.4019961,2.2507865,3.8066933,4.6256433,1.6074613
2081-12-17 12:00:00,1.8765116,1.4086124,3.044044,2.9007316,4.240773,1.7087542
2081-12-18 12:00:00,1.4893277,1.00251,2.312155,3.0307062,3.6356108,1.4079463
2081-12-19 12:00:00,1.0923808,1.1102262,2.2574177,2.8874578,3.0084758,1.7127163
2081-12-20 12:00:00,3.104412,2.9263697,3.198528,2.534628,5.3991914,2.6572442
2081-12-21 12:00:00,2.7925038,2.186399,3.3696432,2.717851,3.6918266,2.4143238
2081-12-22 12:00:00,1.8650557,1.684387,7.9228606,5.6060495,4.037894,5.2558002
2081-12-23 12:00:00,3.3560233,2.6944878,6.857923,5.9157677,6.4581475,3.3235152
2081-12-24 12:00:00,1.122252,1.1327686,2.8663132,4.460981,7.8758354,1.4558512
2081-12-25 12:00:00,0.90869856,1.2161621,2.31681,5.968826,6.660753,2.050399
2081-12-26 12:00:00,1.2243464,1.4317619,3.2727885,4.9506807,3.7871678,2.8595119
2081-12-27 12:00:00,1.4196815,1.5510626,4.352551,4.139264,4.8745904,4.151967
2081-12-28 12:00:00,1.6803726,1.8179812,4.43186,4.8116074,6.3273134,3.1180809
2081-12-29 12:00:00,1.9217821,1.8733157,4.615959,4.8264155,6.846486,3.4605255
2081-12-30 12:00:00,2.3770714,2.185536,4.9704022,6.521444,7.6963525,5.0228915
2081-12-31 12:00:00,1.8619686,1.9096014,3.15367,6.3548613,6.785736,2.8016207
2082-01-01 12:00:00,2.7472649,2.6893306,6.3380966,6.4234743,6.371844,4.91476
2082-01-02 12:00:00,1.6592274,1.5325305,4.7867846,5.355867,5.986863,3.14586
2082-01-03 12:00:00,1.165823,1.1971182,4.172095,4.7255354,6.04272,2.593224
2082-01-04 12:00:00,0.87562865,1.0052094,3.8636267,4.6049995,5.2769184,2.8756425
2082-01-05 12:00:00,2.0530562,2.0663836,4.051348,4.9748015,4.3788304,2.9937103
2082-01-06 12:00:00,2.4179668,2.515956,4.6393924,6.702647,5.13325,3.766751
2082-01-07 12:00:00,1.6246082,1.7717791,3.026103,5.028519,4.4075646,1.8623508
2082-01-08 12:00:00,1.2305045,1.2444284,2.6850593,2.3752234,3.6789827,1.8249345
2082-01-09 12:00:00,1.6051193,1.716791,4.109852,4.896033,3.2379956,2.888882
2082-01-10 12:00:00,1.5090498,1.7271482,2.7873776,3.618328,2.770413,1.7933359
2082-01-11 12:00:00,1.9506636,1.5869783,3.722613,2.1146703,2.205027,2.2344022
2082-01-12 12:00:00,1.2993754,1.4088378,2.8909483,3.9736784,4.128973,2.3919492
2082-01-13 12:00:00,1.9647281,1.8578959,4.728468,7.0427904,6.9197817,4.085882
2082-01-14 12:00:00,3.2938228,2.5589685,4.287957,7.6408277,5.922187,3.9724119
2082-01-15 12:00:00,2.2346745,2.1270304,4.072963,9.080931,4.705141,4.4159565
2082-01-16 12:00:00,1.6974702,1.7030278,3.9164193,7.177723,6.5763893,4.1189303
2082-01-17 12:00:00,1.7986715,1.2504946,3.9383872,3.9529843,5.13128,1.9061474
2082-01-18 12:00:00,2.0278583,1.254607,3.4710178,1.9935485,3.7552981,1.3252203
2082-01-19 12:00:00,1.2218511,1.0125061,2.625246,2.7280025,4.2681203,1.1687272
2082-01-20 12:00:00,2.2267804,1.8098233,3.0707765,3.3762264,3.5309834,1.6172193
2082-01-21 12:00:00,4.074682,3.0305555,5.2534566,4.02954,5.0529156,2.9428446
2082-01-22 12:00:00,3.6163502,2.4633634,5.607495,4.115126,7.833531,2.9934719
2082-01-23 12:00:00,2.3033755,1.5655164,4.899711,5.268595,7.53261,2.677575
2082-01-24 12:00:00,1.1307881,1.2960715,3.7239375,7.8219466,10.117592,3.9078155
2082-01-25 12:00:00,3.546373,2.8184485,5.6338334,7.114656,9.382091,4.4110293
2082-01-26 12:00:00,3.8176563,3.0875757,6.496586,7.137973,6.8003845,4.6716056
2082-01-27 12:00:00,3.3385959,2.955825,5.0940948,6.135272,7.79387,3.4953463
2082-01-28 12:00:00,1.2150697,1.4053855,2.406269,4.5348306,6.1324778,2.1318572
2082-01-29 12:00:00,1.604551,1.6855059,2.306738,2.4740622,4.682761,1.7264738
2082-01-30 12:00:00,1.7425056,1.8423929,2.464283,1.6533103,2.5464816,1.7638524
2082-01-31 12:00:00,0.96964675,0.9769141,4.558226,2.8646572,2.110772,3.1635733
2082-02-01 12:00:00,1.3640779,1.1240734,4.1414657,2.2987845,2.5029666,1.9218225
2082-02-02 12:00:00,1.0962244,1.2389526,2.4114175,3.5583107,3.5748827,1.8799056
2082-02-03 12:00:00,0.9498855,0.9905199,3.863561,4.5070286,6.0860085,3.5767813
2082-02-04 12:00:00,0.7857917,1.0742385,4.052016,5.681048,6.244976,3.5119624
2082-02-05 12:00:00,1.8031801,1.7561727,4.1226506,7.9985867,7.323346,4.3762426
2082-02-06 12:00:00,1.5445585,1.5286953,2.9380238,6.1302075,8.007989,2.4844494
2082-02-07 12:00:00,1.0363201,1.2878329,2.4950588,6.4041643,8.568518,3.1084373
2082-02-08 12:00:00,1.8596845,1.995651,3.1420329,6.7724714,10.346118,2.7148318
2082-02-09 12:00:00,1.7760605,2.0089538,2.9267354,8.829403,7.811815,3.4426
2082-02-10 12:00:00,2.1707354,2.344413,3.734833,7.677518,7.4705367,3.6440182
2082-02-11 12:00:00,1.0552766,1.3173134,2.5577252,7.759088,9.01431,3.1306653
2082-02-12 12:00:00,1.2824754,1.3989937,3.4052265,5.9599814,9.82594,3.2653043
2082-02-13 12:00:00,1.6680361,1.6205198,3.2184868,5.1696424,8.407732,2.9987957
2082-02-14 12:00:00,1.4482799,1.542621,2.8570678,4.934939,6.630565,2.213045
2082-02-15 12:00:00,1.2301126,1.485652,2.1522102,6.0733204,5.4098854,2.2781847
2082-02-16 12:00:00,1.1803883,1.6504259,2.7491164,3.9603765,3.5304751,2.1148648
2082-02-17 12:00:00,1.5726534,1.4031001,2.9094746,1.9211766,3.5640292,1.6472119
2082-02-18 12:00:00,1.055071,1.0549037,3.5496447,3.1768386,3.259789,1.9661976
2082-02-19 12:00:00,1.4755862,1.4108989,4.6474795,4.0055394,4.418036,2.5739462
2082-02-20 12:00:00,0.7135085,0.87262464,3.3915925,4.696809,5.510277,2.6423628
2082-02-21 12:00:00,1.6746683,1.3789344,3.9608104,6.3902507,8.128468,4.3600545
2082-02-22 12:00:00,2.70498,1.9381007,5.2607307,5.9623938,7.702136,2.8467593
2082-02-23 12:00:00,3.893405,3.3650506,7.6272035,5.8024373,5.7925844,5.092663
2082-02-24 12:00:00,4.4464703,3.3295472,6.1448727,5.2272487,3.8807206,5.0190115
2082-02-25 12:00:00,3.542552,2.955865,5.650721,5.217955,4.3388586,3.9650738
2082-02-26 12:00:00,2.5051107,2.6421592,4.2458377,6.6179066,3.8990886,2.916701
2082-02-27 12:00:00,2.4142013,2.1122427,5.348016,4.7499185,3.4060476,4.1849384
2082-02-28 12:00:00,3.1155977,2.77587,2.4701135,3.5760896,2.3589268,2.1595716
2082-03-01 12:00:00,2.0957847,1.5314715,3.6148155,3.0503798,2.523451,2.7984257
2082-03-02 12:00:00,2.3865418,2.099534,5.2475634,5.1944194,4.2385163,3.9000373
2082-03-03 12:00:00,1.87121,1.9575487,3.955961,5.341101,4.7390957,2.5069032
2082-03-04 12:00:00,1.9259101,1.9904441,3.3024175,4.590417,4.499438,2.5121753
2082-03-05 12:00:00,2.3108435,1.9384679,5.502452,5.3478737,3.9785197,3.2863965
2082-03-06 12:00:00,4.196501,2.9964108,5.225302,4.4612374,3.4071038,2.6392605
2082-03-07 12:00:00,2.514033,1.8330789,3.0761864,3.2993755,3.5458043,1.4445403
2082-03-08 12:00:00,3.0274725,1.9624391,2.0930176,2.7036688,4.3886952,1.4459741
2082-03-09 12:00:00,1.451524,1.2245728,2.150235,2.4350781,3.1102602,1.4323003
2082-03-10 12:00:00,0.9213754,1.1138159,2.3136482,2.9320405,3.4698324,1.8197435
2082-03-11 12:00:00,1.7933954,1.7629167,2.6883376,6.3681426,7.2802353,3.4432502
2082-03-12 12:00:00,1.4355171,1.4004056,2.5120292,6.3148108,7.252824,3.3369036
2082-03-13 12:00:00,1.6361209,1.6779038,2.2933624,7.4826417,7.874754,2.9828632
2082-03-14 12:00:00,1.2397796,1.214414,2.4657686,4.51746,9.75411,1.6497767
2082-03-15 12:00:00,1.5091588,1.4106585,3.9443262,2.6881962,7.016819,1.7789112
2082-03-16 12:00:00,1.6576692,1.3168559,3.577498,3.250702,3.645882,1.5936385
2082-03-17 12:00:00,0.74728876,0.7481633,2.0875988,3.8308487,3.8989408,1.0068877
2082-03-18 12:00:00,0.65707654,1.105312,1.9120531,4.621832,3.58705,1.02456
2082-03-19 12:00:00,1.7662237,1.4831626,2.8032553,3.266203,2.9251318,2.820159
2082-03-20 12:00:00,3.8898802,2.6232762,5.48529,2.6842067,2.6184375,3.5391564
2082-03-21 12:00:00,4.2434807,3.231009,6.4432244,2.753751,3.2237532,3.1964054
2082-03-22 12:00:00,4.949058,3.5533657,6.707459,2.9023104,3.3190696,3.3973773
2082-03-23 12:00:00,3.6113558,2.7156458,5.225312,3.673418,3.267489,2.7891002
2082-03-24 12:00:00,1.6516745,1.9493873,3.2722304,4.0406623,3.5699198,2.5970914
2082-03-25 12:00:00,1.5301138,1.8680891,3.0751474,4.1739454,5.060844,2.2006283
2082-03-26 12:00:00,1.4604626,1.7019883,2.8134084,3.682968,4.4131026,1.8710974
2082-03-27 12:00:00,1.3760839,1.3572719,1.916168,2.3667028,3.9303076,1.4581823
2082-03-28 12:00:00,1.4109128,1.6466467,3.9413145,3.8050525,3.6504426,1.9866517
2082-03-29 12:00:00,2.340643,2.2883341,4.076327,3.8238647,2.5650377,1.8208784
2082-03-30 12:00:00,1.3124019,1.1378716,2.5725055,2.2299993,5.513861,1.3896435
2082-03-31 12:00:00,1.3069704,1.3044171,2.449362,6.4672422,7.807797,2.7677166
2082-04-01 12:00:00,2.4194753,2.0756598,2.7762883,8.429322,6.813983,3.4998147
2082-04-02 12:00:00,1.9677422,1.7440971,3.0824885,5.7006807,5.0374627,3.0020955
2082-04-03 12:00:00,3.3165991,2.9522638,4.462488,3.6396568,3.7909052,3.0696309
2082-04-04 12:00:00,2.1053247,1.7261548,3.309939,4.36814,4.0046153,3.139188
2082-04-05 12:00:00,4.5886135,3.7712612,7.190513,5.2173967,5.9102483,4.506559
2082-04-06 12:00:00,3.738627,2.6226907,3.663402,2.6975968,3.5701957,1.8613433
2082-04-07 12:00:00,3.1540136,2.8992867,4.094101,2.4479358,4.0774646,1.9873902
2082-04-08 12:00:00,2.1396503,2.0864413,2.0094957,3.2690048,5.9317846,1.5524887
2082-04-09 12:00:00,1.9066715,1.5789951,3.1267407,2.5822022,4.4896636,1.6144655
2082-04-10 12:00:00,1.1997479,0.98672,3.0371659,2.1171832,2.651856,1.4480102
2082-04-11 12:00:00,2.410109,1.8020377,2.9502416,2.1107001,3.237133,1.5786455
2082-04-12 12:00:00,2.397272,2.044791,3.3033786,3.036882,3.4025216,1.7845957
2082-04-13 12:00:00,2.9681375,2.308954,3.0919852,2.9514325,2.5828493,1.9437319
2082-04-14 12:00:00,3.5077806,3.0530543,3.2450728,3.7715633,3.1356404,2.3085787
2082-04-15 12:00:00,3.8140874,3.4667337,3.5180311,5.1216335,4.687604,1.9832519
2082-04-16 12:00:00,2.1801438,1.9886858,3.5577226,6.90746,4.7934175,2.3199186
2082-04-17 12:00:00,1.9159815,1.3875505,2.9867177,3.945963,3.874449,2.1225
2082-04-18 12:00:00,0.80539143,0.8837756,3.281367,2.059999,2.5159485,1.6696136
2082-04-19 12:00:00,1.1446855,1.2236333,3.2645805,2.929439,2.5969896,1.6915334
2082-04-20 12:00:00,2.4820116,2.081989,4.510852,3.4768987,3.1002982,2.3562264
2082-04-21 12:00:00,2.3289788,1.8696942,3.951224,3.172447,3.1829605,1.8873472
2082-04-22 12:00:00,1.7533278,1.6850135,3.3801064,3.463428,3.2814188,1.5539566
2082-04-23 12:00:00,2.4157176,2.2665002,3.6763105,3.5056393,2.7698245,1.7062331
2082-04-24 12:00:00,2.3889105,2.0756211,3.320057,3.261983,2.1725736,1.7174516
2082-04-25 12:00:00,1.1959801,1.3298426,3.3191683,2.8182068,2.9653,1.851074
2082-04-26 12:00:00,2.85153,2.0891144,3.2362592,2.4699476,3.2603238,1.8130276
2082-04-27 12:00:00,2.5181308,1.9197437,3.50616,2.713362,2.9003375,2.8495386
2082-04-28 12:00:00,3.8791838,3.0610595,4.3626294,3.5342827,2.745322,3.7368522
2082-04-29 12:00:00,3.5537267,2.5088403,4.1280584,3.1428313,3.2937963,2.513624
2082-04-30 12:00:00,2.0616536,1.5346514,3.9382052,2.0364184,7.217192,1.8609997
2082-05-01 12:00:00,1.7423034,1.77068,2.7959793,3.4780736,5.170413,2.415471
2082-05-02 12:00:00,3.5684307,3.0377066,5.508125,3.6670184,4.3377833,4.45675
2082-05-03 12:00:00,3.5753665,2.8044155,4.633601,2.785985,3.6149535,2.9812007
2082-05-04 12:00:00,1.8404652,1.5944344,3.1576002,2.9380813,3.0965793,2.3270352
2082-05-05 12:00:00,1.2656323,1.2370801,2.6224694,2.4533799,2.6456978,1.6298039
2082-05-06 12:00:00,1.720892,1.600931,3.222531,2.3030555,2.2245429,2.586445
2082-05-07 12:00:00,2.33145,2.3872695,4.5141935,3.9057767,3.084634,3.046868
2082-05-08 12:00:00,1.1496465,1.2117586,3.425268,3.5479972,3.2049525,1.845253
2082-05-09 12:00:00,0.96484387,1.0627763,2.115662,3.1796184,2.5544326,1.9801563
2082-05-10 12:00:00,1.2505469,1.4862162,2.5426528,2.1908917,2.1096187,2.1020284
2082-05-11 12:00:00,2.1476183,1.9241356,2.9086988,2.2173998,3.0479953,2.6634686
2082-05-12 12:00:00,2.1369908,1.8627528,2.653862,2.636545,3.6156645,2.6415565
2082-05-13 12:00:00,2.6162772,1.9477106,2.8154278,2.2693045,3.6111536,2.3563225
2082-05-14 12:00:00,0.8998045,1.102642,1.9492161,1.8033235,4.6968856,1.4194763
2082-05-15 12:00:00,0.9550736,1.2127949,3.0721672,2.4513593,6.2105966,2.1541681
2082-05-16 12:00:00,1.0046782,1.099426,2.1974325,2.252333,6.4536867,1.6387988
2082-05-17 12:00:00,2.0494943,1.7408042,1.9999778,3.042346,5.4143643,1.8979735
2082-05-18 12:00:00,2.5576138,2.5132334,4.717204,4.5967894,4.4080496,3.2942417
2082-05-19 12:00:00,4.1593747,3.5759025,5.798727,4.377678,5.305571,3.319083
2082-05-20 12:00:00,2.8525267,2.8917482,4.165295,5.2102976,4.095834,2.71872
2082-05-21 12:00:00,2.01071,2.2179363,2.8285177,4.254275,4.141117,1.5208683
2082-05-22 12:00:00,1.8838749,1.6754026,3.7060966,3.71688,4.4269233,2.4855843
2082-05-23 12:00:00,2.2034478,2.0678048,3.158777,3.839666,3.3405142,2.5904996
2082-05-24 12:00:00,1.3436289,1.3585544,2.3940377,2.8441646,3.8980489,1.5384167
2082-05-25 12:00:00,1.3149486,1.134051,2.7782078,4.1944857,4.844893,1.3636261
2082-05-26 12:00:00,3.6000028,3.0845728,4.988815,5.5413637,4.3336077,3.0550842
2082-05-27 12:00:00,1.3519757,1.7996148,3.4867678,3.8807528,3.662932,1.8473837
2082-05-28 12:00:00,2.9443128,2.5183587,4.606242,3.137251,4.2834525,3.7735064
2082-05-29 12:00:00,2.1584187,1.9255303,4.186621,4.2201815,3.6139517,2.4891
2082-05-30 12:00:00,2.658837,2.6746974,5.207537,4.070667,3.4114242,3.8999796
2082-05-31 12:00:00,2.4149191,2.5504541,5.525474,3.6237319,3.6840677,3.7509131
2082-06-01 12:00:00,2.4804134,2.5693033,4.5698557,4.013624,3.831604,3.0130794
2082-06-02 12:00:00,2.9123034,2.6854944,5.776267,5.4382467,4.767852,3.9605505
2082-06-03 12:00:00,3.3571224,2.5079803,4.1684036,3.5867305,3.6384556,3.19062
2082-06-04 12:00:00,2.1765294,2.0779688,6.275812,4.9131956,3.9421892,4.0971456
2082-06-05 12:00:00,3.1712747,2.7552907,5.5755076,5.681248,3.6293395,3.4593432
2082-06-06 12:00:00,1.021167,1.0486584,3.0978487,3.498042,2.773888,1.8890734
2082-06-07 12:00:00,1.0938957,1.0221397,2.8640277,2.1397295,2.8603044,1.3189265
2082-06-08 12:00:00,1.1981182,0.96797377,3.1590078,2.2041197,2.7042592,1.6468477
2082-06-09 12:00:00,2.1699448,1.6803352,3.5160398,3.0993097,2.4481528,2.822378
2082-06-10 12:00:00,2.604532,2.2089255,2.5847642,3.0696537,2.9603152,2.069739
2082-06-11 12:00:00,1.6078537,1.7048441,3.623127,2.8923137,3.3905146,2.5144935
2082-06-12 12:00:00,2.0254521,2.1106906,3.4590852,3.5630841,4.0560255,2.3993003
2082-06-13 12:00:00,2.3061192,1.8594835,3.9405138,3.631102,4.1336265,3.1553547
2082-06-14 12:00:00,2.2461991,2.0818086,3.6398404,4.0510497,2.4041321,2.6878672
2082-06-15 12:00:00,1.0007392,1.0394334,2.0763795,3.4204655,2.3018146,2.2219007
2082-06-16 12:00:00,1.5585488,1.2290027,3.1591783,2.8263252,1.9740546,2.2888827
2082-06-17 12:00:00,2.2653148,2.0013013,3.9291954,3.8040152,2.9794292,1.7073499
2082-06-18 12:00:00,2.6047993,2.2024107,4.8529024,2.6994371,2.979139,1.9527001
2082-06-19 12:00:00,2.1473355,1.8461882,3.391843,2.4690673,3.923655,1.9563358
2082-06-20 12:00:00,2.579173,2.3004642,2.5728223,3.554116,4.7615056,1.9423404
2082-06-21 12:00:00,2.4837978,2.1581178,2.755285,3.2309508,4.268997,1.8677173
2082-06-22 12:00:00,2.8522553,2.375313,2.5378308,3.8686366,3.9346302,1.6500309
2082-06-23 12:00:00,1.9561106,1.6093743,2.5648522,2.4853485,3.0701506,1.8425846
2082-06-24 12:00:00,1.3535477,1.1527867,2.3789287,1.9071801,4.46671,1.7218362
2082-06-25 12:00:00,1.0336663,0.99468637,2.3808098,1.8718481,5.5559306,2.2302504
2082-06-26 12:00:00,1.4564198,1.1941217,2.5975375,2.233636,4.2968707,2.4801931
2082-06-27 12:00:00,1.403573,1.1879783,1.6364778,3.5076213,3.6910205,1.5496697
2082-06-28 12:00:00,1.3854704,1.0323915,1.8699675,3.60239,3.8249164,1.2969916
2082-06-29 12:00:00,0.96551156,0.8984516,1.5741075,4.5598755,3.3852692,1.2287763
2082-06-30 12:00:00,1.0142026,0.93078876,1.9905597,4.5392995,3.4840813,1.467648
2082-07-01 12:00:00,1.8278984,1.3789186,1.7697545,4.2286906,3.6421435,1.4777265
2082-07-02 12:00:00,1.2508191,1.1371303,2.175162,4.4006147,2.9128075,1.6353235
2082-07-03 12:00:00,1.2055377,1.1665885,1.9672909,4.292946,3.0562167,1.134203
2082-07-04 12:00:00,1.2961096,1.1408433,1.8181175,2.3124425,2.593755,1.4611723
2082-07-05 12:00:00,3.0252042,2.4515042,3.1920855,1.9130802,2.1032164,1.5837798
2082-07-06 12:00:00,2.6829658,2.3533106,3.2125535,2.6656382,3.087372,1.8332443
2082-07-07 12:00:00,2.801063,2.081148,4.0688233,2.3228643,3.807366,1.6859012
2082-07-08 12:00:00,2.0986362,1.5647281,3.9066875,3.0623481,3.410828,1.4046209
2082-07-09 12:00:00,1.6503448,1.3794487,2.8993275,2.9912434,2.6474793,1.4889084
2082-07-10 12:00:00,1.3844475,1.449872,2.401097,3.7948074,3.9205017,2.221694
2082-07-11 12:00:00,3.3572469,2.7248032,2.7881126,5.794435,5.3343515,1.9919289
2082-07-12 12:00:00,2.087246,1.7270751,2.2424536,3.1870027,3.712335,1.6730455
2082-07-13 12:00:00,1.1808481,1.3193367,2.9797728,1.9528382,2.8057647,1.7236273
2082-07-14 12:00:00,1.2366772,1.2222432,3.2502236,2.9623199,2.6208642,2.1348207
2082-07-15 12:00:00,1.5867198,1.6525998,3.1324327,2.9030159,2.820922,2.6155882
2082-07-16 12:00:00,2.152821,1.6622581,3.352507,2.3112452,2.6418211,1.8855872
2082-07-17 12:00:00,1.8720475,1.6079005,3.2873428,2.9636002,2.7088966,1.6346166
2082-07-18 12:00:00,1.8678764,1.5415963,3.6841128,2.0378497,2.7472696,1.8903469
2082-07-19 12:00:00,2.1826355,2.0624957,3.170922,3.8795562,2.4337683,2.4122677
2082-07-20 12:00:00,1.9524264,1.6263506,2.5472164,4.038029,5.133492,1.6884341
2082-07-21 12:00:00,2.0466046,1.648008,2.1637285,3.580263,4.071622,1.17739
2082-07-22 12:00:00,2.5519557,2.3560095,2.4192386,4.7330093,3.5922885,1.9459264
2082-07-23 12:00:00,2.780147,2.6159363,5.24758,6.0405483,5.2255793,4.2518106
2082-07-24 12:00:00,2.072761,2.247339,3.3182905,4.2673965,6.1363783,2.6203117
2082-07-25 12:00:00,1.7081782,1.7598468,3.305229,2.584529,4.110563,2.3147418
2082-07-26 12:00:00,1.5880632,1.362144,3.0990493,2.0827193,3.54875,2.08306
2082-07-27 12:00:00,1.5180831,1.6105746,1.9127425,1.9093068,2.1742053,1.4696255
2082-07-28 12:00:00,2.291515,1.9934562,2.9678743,3.0942447,2.8723843,3.3099852
2082-07-29 12:00:00,1.6848927,2.0153952,4.1647735,3.8695924,2.7988122,4.0377784
2082-07-30 12:00:00,1.7779958,1.7043642,2.835997,3.2604144,2.9496617,2.5934331
2082-07-31 12:00:00,1.3650776,1.1917797,2.8243744,2.2252426,2.2821064,1.4327139
2082-08-01 12:00:00,1.2765679,1.3413783,3.3375528,1.9467552,2.5379608,1.6168526
2082-08-02 12:00:00,1.9642226,1.6948658,3.746011,2.3197,3.163824,2.1947262
2082-08-03 12:00:00,1.3071496,1.565074,3.725435,2.3631246,4.3224864,1.8718598
2082-08-04 12:00:00,0.9776738,1.2736095,3.9360125,1.9967245,3.5161963,1.4262273
2082-08-05 12:00:00,1.1851952,1.2586673,3.6661737,2.8410614,2.890579,1.7361574
2082-08-06 12:00:00,1.1121187,1.0969665,4.358469,3.8950076,3.428708,2.6248174
2082-08-07 12:00:00,2.0122454,2.156149,3.9748664,3.730264,4.3607297,2.1673741
2082-08-08 12:00:00,1.5900477,1.5695175,2.9798768,3.045592,3.7638025,1.5819464
2082-08-09 12:00:00,1.851549,1.4379725,2.7106235,3.2668767,2.798015,1.217101
2082-08-10 12:00:00,1.8274989,1.5684767,2.9937918,3.6040895,2.6623297,1.5600232
2082-08-11 12:00:00,3.3439546,2.4738913,3.6038985,3.9347293,2.556257,2.1599932
2082-08-12 12:00:00,3.0966012,2.5571382,3.7754254,4.9454136,4.2588935,3.211659
2082-08-13 12:00:00,1.7958003,1.529874,3.6583092,2.8383574,4.537769,2.9899275
2082-08-14 12:00:00,1.4931898,1.2617741,3.6996782,2.774277,4.4754715,1.9634846
2082-08-15 12:00:00,3.00661,2.4520388,3.6057448,3.7395918,4.1346664,2.2955716
2082-08-16 12:00:00,2.6057186,2.1519084,3.2498672,2.160502,3.6032052,2.1041243
2082-08-17 12:00:00,2.5943978,2.2996688,3.493804,2.3638415,3.1512372,2.2422993
2082-08-18 12:00:00,3.1627226,2.740346,4.235517,3.2065992,3.0320559,2.8912787
2082-08-19 12:00:00,3.95307,3.0579462,5.4172945,3.2746432,3.7931588,3.3003445
2082-08-20 12:00:00,4.4555874,3.6775024,6.141075,5.0018387,5.5800414,4.4684496
2082-08-21 12:00:00,3.0502875,2.6650884,3.622121,4.4638057,5.048721,2.1191032
2082-08-22 12:00:00,2.914091,2.424447,5.079191,3.0746107,3.2613456,3.1996715
2082-08-23 12:00:00,4.6424117,4.154043,6.35146,6.2725124,5.084304,5.453811
2082-08-24 12:00:00,2.752697,2.3528407,3.0733492,6.083469,5.3392425,2.3337274
2082-08-25 12:00:00,1.9719104,1.5844033,2.6736593,2.8161998,4.141046,1.6833729
2082-08-26 12:00:00,1.5111017,1.7793667,4.150427,2.9531631,3.0061805,2.5717278
2082-08-27 12:00:00,2.4858146,2.1685789,3.495283,2.39402,2.382926,1.7879862
2082-08-28 12:00:00,1.5354221,1.4470217,4.1180034,2.6963181,2.0601177,1.9178755
2082-08-29 12:00:00,3.1698375,2.3382294,4.997114,3.0221055,3.2511563,2.5520837
2082-08-30 12:00:00,1.1535434,1.3361292,3.1408925,3.7412941,3.157404,1.9654636
2082-08-31 12:00:00,1.489778,1.4959836,3.4765613,2.8239596,3.2420042,2.4177165
2082-09-01 12:00:00,2.5693197,1.9397751,3.5142455,2.6822894,2.8010993,1.9098687
2082-09-02 12:00:00,1.4465041,1.7783791,2.9283996,4.003834,3.704372,2.4175696
2082-09-03 12:00:00,1.0058948,1.282384,3.0661223,3.0064595,3.1070056,2.3619914
2082-09-04 12:00:00,2.0443437,1.9277334,3.7411487,3.3568707,2.4063127,2.8431387
2082-09-05 12:00:00,2.964044,2.5177214,2.7599602,3.9769394,3.267123,2.1357257
2082-09-06 12:00:00,2.878365,2.67521,2.892715,3.100732,2.8861108,1.7547333
2082-09-07 12:00:00,3.218212,2.940396,3.2530494,3.3469305,3.9470062,2.1588156
2082-09-08 12:00:00,1.0155,1.206329,3.1505084,2.6003351,3.2751572,2.612528
2082-09-09 12:00:00,1.714436,1.4907187,2.2185576,1.7448566,2.612607,1.5298238
2082-09-10 12:00:00,2.2006214,1.827156,3.9002552,2.7393064,3.0770903,2.2357476
2082-09-11 12:00:00,1.8853062,1.8349879,4.015405,2.9961398,3.4860432,1.8853165
2082-09-12 12:00:00,2.9952288,2.5263927,4.849338,3.013287,3.4354637,3.1363983
2082-09-13 12:00:00,2.204205,1.9349881,4.7955513,3.3650775,4.7181134,2.9361634
2082-09-14 12:00:00,2.4378276,2.3283057,3.171711,3.8289754,3.2897625,3.1143568
2082-09-15 12:00:00,2.7788222,2.7985258,4.693695,4.180321,3.525947,3.482713
2082-09-16 12:00:00,3.6945684,2.9301908,4.592048,3.5993147,3.1576145,3.6617916
2082-09-17 12:00:00,2.3986647,2.2165763,3.6529212,4.7136493,2.838087,2.9073172
2082-09-18 12:00:00,1.2762175,1.1599631,1.7759441,4.8893323,4.187043,1.7389193
2082-09-19 12:00:00,1.1033509,0.92854255,1.6320695,2.8595345,4.3418446,1.0292864
2082-09-20 12:00:00,1.3468084,1.1888452,2.4469554,1.8118998,4.0762377,1.1518708
2082-09-21 12:00:00,2.6791506,1.9400288,2.5832112,2.318959,3.1607144,1.468365
2082-09-22 12:00:00,1.2015837,1.3051796,2.347228,3.9662344,3.0744832,1.3862259
2082-09-23 12:00:00,1.6917944,1.5378498,3.0453477,2.2660441,5.088926,1.2631698
2082-09-24 12:00:00,1.6884315,1.4980135,3.5194283,1.6937752,4.5771303,1.7539723
2082-09-25 12:00:00,2.1674159,2.3617737,3.5283782,4.0945497,3.7512774,2.7368412
2082-09-26 12:00:00,2.0760012,2.4189465,1.9379439,2.915212,4.111398,1.4553756
2082-09-27 12:00:00,3.0081317,2.5484533,2.2958925,3.0727408,3.261861,1.5293437
2082-09-28 12:00:00,2.405736,2.1300304,3.221205,3.168194,4.4371963,2.4875374
2082-09-29 12:00:00,1.9904643,1.8637383,3.3768156,4.0995917,3.8119786,3.1575432
2082-09-30 12:00:00,1.3683078,1.1085097,1.5746593,1.9435241,2.2510197,1.5077183
2082-10-01 12:00:00,1.8323507,1.5941198,1.7924991,2.0629723,2.7653384,1.146606
2082-10-02 12:00:00,1.6278281,1.3302099,3.0576432,1.8499706,2.9926054,1.3590409
2082-10-03 12:00:00,1.5852095,1.4837736,2.9085205,2.0682235,2.5511212,1.6851199
2082-10-04 12:00:00,2.6397488,2.2434802,3.0768023,2.0293303,2.3897781,1.6981727
2082-10-05 12:00:00,3.35893,2.5522037,3.1758995,2.1011515,2.4234545,1.4113876
2082-10-06 12:00:00,1.4107356,1.2136002,2.2641578,3.6610067,6.046515,2.2739725
2082-10-07 12:00:00,0.784311,0.98304814,2.2672076,2.5058537,4.421016,1.9732655
2082-10-08 12:00:00,1.2633138,1.30719,2.3762784,2.3162272,3.6743612,1.5363845
2082-10-09 12:00:00,1.2204602,1.4122746,1.6633795,3.227893,3.732231,1.0382783
2082-10-10 12:00:00,0.99856174,1.0518819,1.6872826,2.0045066,3.048473,1.1780727
2082-10-11 12:00:00,0.64503604,0.7747985,2.7654896,1.7735643,1.6374861,1.4945126
2082-10-12 12:00:00,1.7895923,1.3895432,3.4500437,3.125355,2.3986726,2.0004337
2082-10-13 12:00:00,1.636744,1.3988949,3.1721714,4.5841503,3.9345222,1.9686335
2082-10-14 12:00:00,1.339452,1.508802,3.0478396,4.327578,5.2083573,2.6020427
2082-10-15 12:00:00,2.1850266,2.0451934,3.7920704,4.0917144,4.228401,1.821893
2082-10-16 12:00:00,3.0897083,2.361251,5.3599405,3.0001225,3.856648,2.8283443
2082-10-17 12:00:00,2.5696056,2.1631153,3.0023298,2.2723615,4.579886,1.6294892
2082-10-18 12:00:00,2.0028539,1.7997291,3.2732716,4.3478003,4.571553,2.1015828
2082-10-19 12:00:00,2.0548234,1.9723877,4.02126,4.8705506,5.0666738,3.125436
2082-10-20 12:00:00,0.9861862,1.104986,4.0463395,3.3455038,5.490249,1.5029023
2082-10-21 12:00:00,0.6795499,0.87051046,1.6527225,3.2796488,4.9753995,1.2115282
2082-10-22 12:00:00,1.1381698,1.2165211,1.8218355,6.535926,8.185667,2.0894992
2082-10-23 12:00:00,1.9287384,1.9339916,3.909964,8.188081,6.8393784,3.8452284
2082-10-24 12:00:00,3.5590467,3.1015859,5.8281145,7.2361517,6.3327994,5.66042
2082-10-25 12:00:00,3.641371,2.58525,6.043796,2.807032,3.611373,3.3082955
2082-10-26 12:00:00,1.6173015,1.7040372,4.4544945,3.0088363,3.2309792,3.6895525
2082-10-27 12:00:00,3.210509,2.5789413,3.2687123,2.5270114,3.1139967,2.114647
2082-10-28 12:00:00,2.6740813,2.0565019,3.3936093,2.4303255,2.4377482,1.8765676
2082-10-29 12:00:00,2.7750516,2.2702463,2.7956178,2.303367,2.8003478,1.7485226
2082-10-30 12:00:00,3.4339523,2.6724777,3.1221797,3.372726,2.9794793,1.9447665
2082-10-31 12:00:00,3.514144,2.8878524,4.0394716,4.9180145,3.5382853,2.5870702
2082-11-01 12:00:00,3.0265994,2.804326,7.40176,6.0784125,4.367757,4.510238
2082-11-02 12:00:00,3.239677,2.9991968,4.425484,6.0786467,7.6818657,2.9264219
2082-11-03 12:00:00,2.8137476,2.3540099,2.6173713,2.8428397,6.83572,2.2511003
2082-11-04 12:00:00,2.3804035,1.808742,5.2532005,4.171754,5.5616612,2.7752295
2082-11-05 12:00:00,2.5625675,2.5505457,6.4846206,5.633249,6.156898,3.3829708
2082-11-06 12:00:00,3.026678,3.0963304,7.86793,5.7396803,6.1063833,4.4789314
2082-11-07 12:00:00,2.0585966,2.451021,7.4695797,4.3005815,5.395338,4.679594
2082-11-08 12:00:00,1.1063927,1.4546995,4.8131647,4.9991894,5.0488954,3.3821733
2082-11-09 12:00:00,0.9161582,0.9823704,2.5907326,4.096639,4.0224204,1.7466803
2082-11-10 12:00:00,0.64434475,0.9340561,1.7002801,4.332067,5.002061,1.6258516
2082-11-11 12:00:00,0.82142663,1.2144183,2.0726445,4.722197,4.1758146,1.7315441
2082-11-12 12:00:00,2.2323077,2.2118068,3.0022566,4.4339094,4.6075287,2.6565166
2082-11-13 12:00:00,1.7338691,1.7074466,2.938963,2.8382633,3.4016652,2.2608395
2082-11-14 12:00:00,1.3105615,1.4648393,2.413977,1.7516497,2.949815,1.9292663
2082-11-15 12:00:00,1.2165132,1.2141038,2.1498744,4.180759,7.0577173,1.6100875
2082-11-16 12:00:00,1.1800721,1.4464412,2.1543374,3.8757,6.8565702,1.7807343
2082-11-17 12:00:00,1.0760144,1.1441106,2.8521724,2.4572096,6.436151,1.8093952
2082-11-18 12:00:00,0.95230013,1.3149871,2.1943045,4.076661,5.172264,2.0183747
2082-11-19 12:00:00,1.9199086,1.7290936,2.6275427,2.579379,5.939863,1.6481869
2082-11-20 12:00:00,2.494988,1.8043797,3.4772282,1.7608676,5.962086,1.7164068
2082-11-21 12:00:00,1.5716904,1.3616967,3.617174,2.0367475,5.6449213,1.8242495
2082-11-22 12:00:00,1.659886,1.3115116,3.7255056,2.3430872,4.929571,1.6886659
2082-11-23 12:00:00,2.134737,1.4150174,5.304705,3.3012276,5.7334046,2.3158996
2082-11-24 12:00:00,3.2246675,2.391351,5.3510265,3.4360812,6.0635223,2.9480207
2082-11-25 12:00:00,2.479062,2.3270187,3.9174318,4.11286,3.930484,2.8114498
2082-11-26 12:00:00,1.490345,1.5725461,4.103243,4.4376802,4.424134,3.2376518
2082-11-27 12:00:00,0.99030966,1.1304963,2.9704854,4.6455865,3.8107781,2.50314
2082-11-28 12:00:00,3.2689145,2.1366835,4.7085767,2.3686614,3.8658736,1.5708041
2082-11-29 12:00:00,3.8020997,2.8672018,3.6684268,2.9377139,2.9986093,1.8554194
2082-11-30 12:00:00,2.7970018,2.11379,1.9720138,2.9014885,3.1662703,1.2186303
2082-12-01 12:00:00,1.620877,1.5661783,2.0296724,2.4511678,2.5558875,1.7187053
2082-12-02 12:00:00,1.0347855,0.98648125,3.467364,2.5196972,1.943118,2.5005457
2082-12-03 12:00:00,1.2966613,1.1543828,3.8199606,2.545026,2.7110496,2.5343533
2082-12-04 12:00:00,1.5050387,1.2766199,3.9346404,3.5819442,3.1444173,3.169577
2082-12-05 12:00:00,1.011872,1.0706717,3.1007874,3.088805,3.7333708,2.477283
2082-12-06 12:00:00,1.6476641,1.5437795,2.9209788,3.1230316,4.1000667,2.0924504
2082-12-07 12:00:00,1.6753328,1.8218228,5.3326864,5.6297283,4.567041,4.278818
2082-12-08 12:00:00,3.2101147,3.280817,5.5240808,8.97894,11.10467,5.1886115
2082-12-09 12:00:00,1.1841063,1.3446842,3.471472,5.806217,9.651778,3.2928798
2082-12-10 12:00:00,3.2426295,2.605508,4.811837,4.9371285,6.744452,3.121776
2082-12-11 12:00:00,1.7290444,1.8390471,5.1850185,6.9689136,7.5286074,4.8867364
2082-12-12 12:00:00,2.3305311,2.06534,5.447383,5.8111596,8.314405,3.7849689
2082-12-13 12:00:00,2.5977461,2.7478144,5.8481627,8.146034,7.1242943,4.508641
2082-12-14 12:00:00,1.9056761,1.8670307,3.6707559,6.392614,7.3797727,3.3727765
2082-12-15 12:00:00,2.076979,2.244296,4.2040987,7.377041,9.1809635,3.5281165
2082-12-16 12:00:00,1.3382463,1.5466905,3.9625442,5.400305,6.278433,3.6062663
2082-12-17 12:00:00,2.4087062,2.066958,5.05828,5.4357443,4.862052,3.5097067
2082-12-18 12:00:00,2.5428426,2.5085428,5.9562974,5.0801783,4.8473144,2.690116
2082-12-19 12:00:00,1.4048542,1.7025732,3.0625577,4.4025145,3.870015,1.910024
2082-12-20 12:00:00,2.4700742,1.5061473,2.7736552,3.1907098,3.5263495,1.5085071
2082-12-21 12:00:00,2.0069888,1.3044677,3.0726979,2.7940195,2.7760122,1.890546
2082-12-22 12:00:00,1.9720775,1.4745111,2.2291253,2.6852188,2.6976593,1.9204341
2082-12-23 12:00:00,2.4328394,1.7888566,4.8732367,3.3925602,3.917096,2.4467127
2082-12-24 12:00:00,4.5629416,3.635761,5.925816,4.57435,3.1533308,3.3571472
2082-12-25 12:00:00,5.23698,4.1580067,6.0742955,4.2438006,4.2237167,3.4549932
2082-12-26 12:00:00,4.027983,2.7277608,4.736941,3.0588808,5.2187476,2.3795445
2082-12-27 12:00:00,1.1996655,1.3008384,2.8672943,4.072027,5.4046273,1.9355954
2082-12-28 12:00:00,0.87387395,1.2572657,2.214142,3.813253,4.8627167,2.198092
2082-12-29 12:00:00,0.9163083,1.3164964,2.0572336,4.721845,4.2394104,1.5313287
2082-12-30 12:00:00,0.8825367,1.2007514,3.0876536,3.6773748,4.317788,2.2205129
2082-12-31 12:00:00,2.2005057,1.9037218,4.3170047,3.899507,3.6969664,2.426913
2083-01-01 12:00:00,1.1600547,1.4630269,3.728173,4.072856,3.06784,2.0329158
2083-01-02 12:00:00,1.2086719,1.134318,3.7408922,2.6308506,4.3462825,1.723678
2083-01-03 12:00:00,0.93804675,0.9996257,3.0871334,3.8504825,4.9535537,1.6305354
2083-01-04 12:00:00,1.9520205,1.6049281,4.523063,4.1512866,3.859594,2.4508626
2083-01-05 12:00:00,2.6060548,1.8207777,4.8170953,4.97352,4.120834,3.302775
2083-01-06 12:00:00,1.0586292,1.4664068,5.3344893,5.0848517,5.4470463,3.867279
2083-01-07 12:00:00,2.4860494,1.9702902,4.0918846,5.1927004,4.8548274,2.2009966
2083-01-08 12:00:00,3.2351465,2.807189,3.8620064,4.624355,5.385404,2.3734148
2083-01-09 12:00:00,1.978343,1.7859776,3.6082442,3.4658482,5.930782,2.2733116
2083-01-10 12:00:00,1.0357594,1.3868688,3.3003483,5.9189587,3.724889,3.0418313
2083-01-11 12:00:00,1.218758,1.5552458,2.6135628,4.454597,4.0839295,1.9660343
2083-01-12 12:00:00,1.1862924,1.6694735,2.6146967,4.497867,4.082343,1.7140257
2083-01-13 12:00:00,1.1135831,1.2966887,2.1759038,2.682476,3.1527133,1.4624913
2083-01-14 12:00:00,1.2607269,1.359886,2.7120843,2.739812,3.3566666,1.7449493
2083-01-15 12:00:00,1.5437925,1.582942,3.5559173,3.66619,4.5814166,2.6775503
2083-01-16 12:00:00,3.7050416,2.7143772,5.663287,3.4189956,6.0254292,3.0185146
2083-01-17 12:00:00,2.883151,2.5029013,5.591781,2.8422537,7.3806577,2.8103523
2083-01-18 12:00:00,2.4042792,1.9177958,5.75381,3.3428888,8.918923,2.7538757
2083-01-19 12:00:00,2.1126328,1.5454539,5.4610214,2.9492857,9.912106,2.4013357
2083-01-20 12:00:00,2.7573962,1.9690814,5.0726633,2.9295788,6.9043508,2.3160622
2083-01-21 12:00:00,3.9051254,2.6908898,6.373494,3.721011,5.335278,3.009139
2083-01-22 12:00:00,4.4907455,3.8517165,6.469108,5.0758677,6.0361547,3.6227624
2083-01-23 12:00:00,2.772719,2.7202113,3.9019456,5.986261,5.809924,3.5551138
2083-01-24 12:00:00,2.1833842,1.4897857,3.9061635,5.7733397,5.961227,2.9614372
2083-01-25 12:00:00,2.1111264,1.383652,4.5221977,4.024638,6.1227255,2.6151624
2083-01-26 12:00:00,1.2377888,1.1754892,4.5772986,5.262941,7.3672504,3.319696
2083-01-27 12:00:00,1.4090356,1.1836863,4.1100774,5.596211,5.8365717,4.060834
2083-01-28 12:00:00,2.730597,1.8472449,4.2908535,4.4567738,6.194002,2.6221507
2083-01-29 12:00:00,1.839732,1.6105512,4.511637,5.3910894,4.576858,3.0049796
2083-01-30 12:00:00,2.0912228,1.8011109,4.0305085,4.8615937,3.7358994,3.0573983
2083-01-31 12:00:00,2.7558138,1.8732002,4.432067,4.3089004,3.3746417,2.7445493
2083-02-01 12:00:00,2.900385,2.0524871,5.470713,4.9356112,3.546603,3.6666498
2083-02-02 12:00:00,5.0640173,3.8523405,6.807951,6.1840444,5.1406636,4.8491964
2083-02-03 12:00:00,2.1009789,2.0073276,4.869402,5.5462613,7.8503428,3.9003973
2083-02-04 12:00:00,2.9490914,3.1122966,6.1321955,5.656796,5.9121547,4.048913
2083-02-05 12:00:00,3.3966048,3.1510894,5.450014,5.8965673,6.6761785,4.4618006
2083-02-06 12:00:00,3.920463,3.5781686,7.3826227,6.5497146,7.0178294,5.5796094
2083-02-07 12:00:00,3.7972536,3.0676434,5.5955234,5.0085626,5.8153877,4.1085863
2083-02-08 12:00:00,4.888185,4.180696,6.2630787,6.8873367,4.7189493,4.9967747
2083-02-09 12:00:00,1.565398,1.4534425,4.062413,5.9947333,6.1373053,3.141813
2083-02-10 12:00:00,4.352908,3.210174,7.342345,4.9567366,4.2258706,3.8756847
2083-02-11 12:00:00,2.2519228,2.0299304,4.0329804,5.9375777,4.0145526,3.0271604
2083-02-12 12:00:00,1.9453602,1.7886219,3.4122121,5.441601,5.25954,2.5390534
2083-02-13 12:00:00,1.4232801,1.3193016,4.4167304,3.1107728,5.247085,2.2765338
2083-02-14 12:00:00,1.4929981,1.3325717,2.6434395,3.9103255,4.5845776,2.3485327
2083-02-15 12:00:00,1.2240452,1.5234377,3.7400293,5.9489822,5.636726,3.6170092
2083-02-16 12:00:00,1.6329591,1.6522493,3.8401117,5.9938436,6.774149,3.8329747
2083-02-17 12:00:00,2.1513186,2.083033,5.8862534,3.7832136,5.313089,3.3072944
2083-02-18 12:00:00,2.277655,2.247236,5.310808,4.9735813,4.976203,3.2797163
2083-02-19 12:00:00,2.2497616,2.1767616,3.7091475,4.761785,5.849401,2.821052
2083-02-20 12:00:00,1.3826182,1.3049295,3.3448467,5.931584,8.591624,2.3327503
2083-02-21 12:00:00,3.0170126,2.356455,5.1196275,4.1105556,7.935683,2.6148076
2083-02-22 12:00:00,1.3612897,1.3379459,3.4699073,3.3683715,5.586739,2.3641002
2083-02-23 12:00:00,0.88717604,0.904564,3.7260132,3.3259678,3.9570768,2.9436736
2083-02-24 12:00:00,1.136734,1.2632254,5.032176,3.361578,4.090899,2.76786
2083-02-25 12:00:00,1.5026236,1.7634771,5.6771765,3.9796648,4.8109846,3.7565877
2083-02-26 12:00:00,1.192006,1.7926571,5.348126,2.8853548,4.9264045,2.7301776
2083-02-27 12:00:00,0.87243664,1.169991,4.43063,2.3155243,4.406592,2.6672027
2083-02-28 12:00:00,0.8112986,0.88274676,2.8093665,3.5495105,4.959828,2.2807958
2083-03-01 12:00:00,1.0466348,1.4173181,1.8899562,4.0810776,4.635674,1.9124386
2083-03-02 12:00:00,1.062706,1.1620113,1.7957581,3.9984143,4.6937556,1.6928964
2083-03-03 12:00:00,0.9274223,1.0600355,1.4088266,3.675382,5.731735,1.5839174
2083-03-04 12:00:00,0.9643778,1.0488142,2.879913,5.2060747,8.720184,3.3620129
2083-03-05 12:00:00,2.99126,2.582918,4.8521237,7.8539953,7.6227202,4.850171
2083-03-06 12:00:00,2.7216115,2.1379046,4.171172,5.064025,5.8990283,3.6459832
2083-03-07 12:00:00,2.449853,1.7704304,4.5499105,3.4550095,4.925461,3.3742132
2083-03-08 12:00:00,1.4413381,1.3041607,2.7510922,3.3266022,4.8725085,1.9511508
2083-03-09 12:00:00,2.4473066,1.7804688,3.2930627,3.0620842,7.325228,1.7007681
2083-03-10 12:00:00,2.4124494,2.3565044,3.643991,7.7081146,8.769314,3.5591369
2083-03-11 12:00:00,2.243978,2.0387642,5.3013744,2.817866,5.968328,3.2479208
2083-03-12 12:00:00,1.6463041,1.6835726,3.6912622,3.659282,5.248018,2.106487
2083-03-13 12:00:00,2.4517882,2.210298,4.1339297,4.1816583,4.848636,3.5450568
2083-03-14 12:00:00,3.3107774,3.3504748,5.3868437,5.926182,3.284951,3.9484015
2083-03-15 12:00:00,2.2094157,2.1563735,3.4112852,5.206121,3.9903746,3.3801472
2083-03-16 12:00:00,2.1463242,1.8235672,3.886242,4.9908676,4.250489,3.0979638
2083-03-17 12:00:00,3.0112486,2.3311994,4.24874,4.2985163,5.518078,2.776675
2083-03-18 12:00:00,2.0582147,1.7963204,4.210019,4.0178156,7.4590926,3.2644198
2083-03-19 12:00:00,3.326271,2.9000518,4.7951226,5.1713333,8.365417,3.9507842
2083-03-20 12:00:00,2.4346673,1.9101783,3.4388382,4.227926,5.3111033,2.3515778
2083-03-21 12:00:00,1.5485823,1.2077478,4.1048326,3.3141775,3.5900197,2.303371
2083-03-22 12:00:00,2.5787256,2.1111348,3.9493833,2.5794864,4.789086,2.2286236
2083-03-23 12:00:00,3.673503,2.9131582,3.616967,3.8148208,4.7621126,2.2511919
2083-03-24 12:00:00,2.6787872,2.1727293,2.3581004,4.701589,4.1647477,1.7484711
2083-03-25 12:00:00,1.2173941,1.499716,2.2511852,5.9750843,4.2382784,3.1729913
2083-03-26 12:00:00,3.6788945,2.9303558,4.3875833,3.4038973,5.9676447,2.7448378
2083-03-27 12:00:00,4.639046,3.7096841,6.230746,4.5291543,4.783213,3.1133046
2083-03-28 12:00:00,2.992488,2.83447,3.7208889,4.360659,6.04624,1.986204
2083-03-29 12:00:00,1.7247539,1.9104893,3.5161872,3.2205453,6.5296426,1.810617
2083-03-30 12:00:00,3.0340261,2.8228178,4.8746734,4.403613,4.950881,2.4553397
2083-03-31 12:00:00,3.0107784,2.800268,6.357458,4.853597,3.555627,3.1630213
2083-04-01 12:00:00,2.3730812,2.3339345,5.9145446,4.3806086,3.243416,3.4702847
2083-04-02 12:00:00,2.715118,2.484392,5.7314353,3.9709828,5.8596034,3.050888
2083-04-03 12:00:00,1.5508434,1.2440741,3.5599365,2.689315,3.1892567,2.669922
2083-04-04 12:00:00,1.132489,0.96152335,2.0534053,1.587091,3.0660915,1.5210062
2083-04-05 12:00:00,0.82389414,0.85860896,2.2686121,1.8198926,2.4405918,1.659429
2083-04-06 12:00:00,1.3044558,1.24888,2.9504924,3.1516929,1.8438764,2.886022
2083-04-07 12:00:00,1.3967621,1.3213742,3.502449,2.936291,3.3825703,2.6730704
2083-04-08 12:00:00,1.3116252,1.1969995,2.319908,2.4186673,3.51361,1.8474814
2083-04-09 12:00:00,1.5298591,1.2379599,2.9045749,2.6502485,2.5807712,1.7448521
2083-04-10 12:00:00,1.1976869,1.1385361,2.5178473,2.5417705,3.218171,2.0275457
2083-04-11 12:00:00,1.3028873,1.1500117,2.3255968,2.1356056,3.1085181,1.5834666
2083-04-12 12:00:00,1.7624693,1.9024248,2.4959986,1.9405606,3.2201831,1.4282506
2083-04-13 12:00:00,1.8671895,1.7348325,5.39553,3.5777738,2.8182125,2.815951
2083-04-14 12:00:00,2.4576848,2.1634834,2.7215948,3.3658032,3.9676676,2.1146493
2083-04-15 12:00:00,2.5955856,2.4062476,3.3616457,4.565468,3.6839747,2.2953205
2083-04-16 12:00:00,1.7801983,1.7150191,3.9149318,2.6995642,4.9755063,2.5316782
2083-04-17 12:00:00,3.9474092,3.4338393,3.9269814,5.5239663,4.581807,2.8005598
2083-04-18 12:00:00,2.124994,1.9232135,4.4986396,4.5406666,5.638955,2.7595007
2083-04-19 12:00:00,3.1568198,2.7405891,3.408879,4.502202,4.03231,2.4808912
2083-04-20 12:00:00,2.388844,2.0119705,2.1834176,7.2031846,4.1658773,2.0049455
2083-04-21 12:00:00,3.5351434,2.605226,4.059895,4.716909,3.7307165,1.9418875
2083-04-22 12:00:00,2.8293173,2.0744069,4.038879,3.349035,3.4323254,1.7669086
2083-04-23 12:00:00,1.620274,1.5699596,4.268868,2.3078508,3.8860576,2.0103936
2083-04-24 12:00:00,1.8722337,1.5424595,4.4196386,2.1777635,2.7527595,2.1109648
2083-04-25 12:00:00,1.9327248,1.7800326,4.034063,2.2912474,2.7379642,2.1127708
2083-04-26 12:00:00,2.3219469,1.9591156,3.3659413,2.5700707,2.3799317,1.7394418
2083-04-27 12:00:00,1.4101446,1.1527675,2.9538636,2.3885596,1.9429041,1.2807086
2083-04-28 12:00:00,1.6093905,1.6132215,3.910016,2.0960455,1.7467916,1.816205
2083-04-29 12:00:00,2.6755424,2.424043,4.54259,3.740077,2.2185264,3.5593848
2083-04-30 12:00:00,1.7489386,1.7216849,3.1889033,3.3247812,3.1783159,2.7648523
2083-05-01 12:00:00,1.8868576,1.5086852,2.968935,2.1029248,2.7692094,2.1800199
2083-05-02 12:00:00,1.262645,1.5307163,3.9315326,2.993195,3.1943128,3.251781
2083-05-03 12:00:00,1.9753723,1.7269775,3.3628752,3.6325562,3.4029362,3.348162
2083-05-04 12:00:00,2.8975194,2.467537,3.6164293,4.5656776,4.083649,3.174366
2083-05-05 12:00:00,2.439169,2.2173784,2.6205945,5.3496766,3.8331883,2.6621425
2083-05-06 12:00:00,1.6834046,1.5147464,2.4980335,3.9333045,2.9861183,1.8528805
2083-05-07 12:00:00,3.0453682,2.583881,5.1526957,3.9097157,3.6681898,2.9653583
2083-05-08 12:00:00,2.4089122,2.354653,4.1058416,3.1931148,4.9324026,2.1340616
2083-05-09 12:00:00,1.0547701,1.0779016,2.9416249,2.9161887,4.9743366,2.1958945
2083-05-10 12:00:00,1.7482662,1.8320767,4.695172,2.5738344,3.544305,2.6057723
2083-05-11 12:00:00,1.6077547,1.4528008,3.4730732,2.5247393,2.9621477,2.1632862
2083-05-12 12:00:00,1.3221879,1.6545429,3.2313368,2.079035,2.709089,1.4082533
2083-05-13 12:00:00,1.84793,1.9714291,4.0835605,2.7658389,3.884681,2.5204632
2083-05-14 12:00:00,2.6508493,2.3252697,4.0996647,3.409816,3.7237723,2.7963738
2083-05-15 12:00:00,3.4002132,2.6115804,5.436305,2.5809124,3.3379028,2.384862
2083-05-16 12:00:00,2.2547386,1.6668649,2.704656,1.8166425,3.5897634,1.1528125
2083-05-17 12:00:00,1.6257852,1.3007966,2.123912,2.51781,4.7619586,1.3107923
2083-05-18 12:00:00,1.8040719,1.3761672,2.3578806,3.6247284,4.796848,0.9728173
2083-05-19 12:00:00,0.9206953,0.9786583,2.04363,3.70144,3.9174702,1.0886741
2083-05-20 12:00:00,3.3538895,2.7444785,4.334583,4.758626,3.5357976,3.1951044
2083-05-21 12:00:00,3.6486912,3.508873,5.2966857,5.2255535,4.10499,3.6419015
2083-05-22 12:00:00,1.7193999,1.7061775,3.268261,4.4517794,4.7386346,2.2388885
2083-05-23 12:00:00,4.1338196,3.5182378,5.583802,5.3571615,4.286265,3.6544795
2083-05-24 12:00:00,2.0107741,1.8328155,3.2377906,4.393584,4.784533,2.9489555
2083-05-25 12:00:00,3.5604155,2.9043326,4.4843316,4.2919607,4.702887,2.1746762
2083-05-26 12:00:00,1.5512626,1.4844414,2.0802324,3.8737245,4.794352,1.2031449
2083-05-27 12:00:00,2.4642556,1.9612365,3.108566,4.070819,3.91774,2.0727491
2083-05-28 12:00:00,2.7027783,2.4884257,3.8908339,4.958194,4.384934,3.1130114
2083-05-29 12:00:00,2.255246,2.1168172,4.7371006,3.9100664,3.9787977,3.5274265
2083-05-30 12:00:00,1.7785356,1.4206398,4.231811,3.7467127,5.073457,2.9012635
2083-05-31 12:00:00,1.4239509,1.420166,3.959192,2.8404267,4.390228,2.689739
2083-06-01 12:00:00,0.8602611,1.0208513,3.6403468,2.986212,4.5720553,2.346796
2083-06-02 12:00:00,2.1022236,1.7158093,4.073745,2.581763,4.0036016,2.4206543
2083-06-03 12:00:00,1.7883053,1.7754513,4.0502443,3.1357667,4.372996,2.542602
2083-06-04 12:00:00,1.8761791,1.6996876,3.0656064,3.2792234,4.107313,1.9566925
2083-06-05 12:00:00,1.7746305,1.3451442,2.0663614,2.08005,4.2629576,1.1962588
2083-06-06 12:00:00,1.4750162,1.4096739,2.3913689,2.455361,4.500452,1.4863563
2083-06-07 12:00:00,4.005434,3.2188382,4.6444864,3.3360431,3.7074504,2.3503163
2083-06-08 12:00:00,4.028175,3.4332845,4.551439,4.2075353,3.2008038,3.2094347
2083-06-09 12:00:00,1.8490443,1.4514185,2.0878181,2.398882,3.1794713,1.3335698
2083-06-10 12:00:00,1.348261,1.3392009,2.7443798,2.453635,3.4050813,1.6471719
2083-06-11 12:00:00,1.1317046,1.4810584,3.3320389,2.8477743,2.7408345,2.0909975
2083-06-12 12:00:00,1.25143,1.4084831,2.6969826,3.8609905,3.3269756,1.3366178
2083-06-13 12:00:00,1.9460722,1.5389177,2.2665005,2.4691036,2.7720394,1.3883417
2083-06-14 12:00:00,1.6209086,1.4898369,2.8955498,2.134819,2.104595,1.743838
2083-06-15 12:00:00,1.402132,1.482228,2.6723897,2.8066435,2.2473667,2.2765293
2083-06-16 12:00:00,1.7883008,1.8480396,3.0310507,2.7575338,2.3942573,2.1506834
2083-06-17 12:00:00,2.366386,1.8322601,2.7708032,2.4905183,2.2650707,1.697608
2083-06-18 12:00:00,2.6485128,2.2636182,3.746728,3.5052824,2.5400908,1.522648
2083-06-19 12:00:00,3.3520439,3.2136762,3.5288298,4.663693,3.1909504,2.7749705
2083-06-20 12:00:00,3.1522546,2.7020025,2.735979,6.214394,4.9740367,1.7906944
2083-06-21 12:00:00,1.7522678,1.454083,2.7312877,3.384128,4.4445543,1.775062
2083-06-22 12:00:00,1.4031515,1.4259517,3.8905454,2.5812144,2.7167783,2.818034
2083-06-23 12:00:00,1.5535785,1.8345972,4.3857117,3.0055296,2.7939095,2.9370565
2083-06-24 12:00:00,1.8720316,1.9923651,2.526657,3.1819143,3.1407726,2.323051
2083-06-25 12:00:00,2.009009,1.5595808,2.6130085,2.868835,3.2021627,1.8267814
2083-06-26 12:00:00,1.8611178,1.6092,2.8723247,2.9186788,2.9709303,2.6370435
2083-06-27 12:00:00,1.8999915,1.5548131,2.589219,3.387968,2.9571385,2.6956093
2083-06-28 12:00:00,1.2374218,1.3367349,2.5166833,2.2155411,3.1146233,1.5046728
2083-06-29 12:00:00,1.3714529,1.4509064,2.2293892,2.2230394,2.9628804,1.4209057
2083-06-30 12:00:00,1.1347077,1.5508476,2.509647,3.0761387,2.768497,2.5171914
2083-07-01 12:00:00,1.8570298,1.7603487,2.4582655,2.3533103,2.486232,1.8877755
2083-07-02 12:00:00,1.2778069,1.2792715,2.7025745,2.4729779,4.6136703,1.6143947
2083-07-03 12:00:00,2.3335347,1.6331385,2.3247783,2.7460437,4.1087103,1.6373739
2083-07-04 12:00:00,2.0171971,1.9777346,2.1961658,4.735063,4.414032,2.3181515
2083-07-05 12:00:00,1.8719156,1.5614725,3.2518203,4.7903023,4.6715226,1.8036952
2083-07-06 12:00:00,2.331212,2.0607529,2.1031353,5.175869,4.7425575,1.4970987
2083-07-07 12:00:00,1.721506,1.4321867,2.4853797,4.6114235,4.6963415,1.5086316
2083-07-08 12:00:00,1.2636868,1.1814117,1.8839718,3.7645419,3.4485943,1.2385834
2083-07-09 12:00:00,1.0430945,0.9498801,2.6066456,3.1166215,3.1083517,1.3069519
2083-07-10 12:00:00,1.6068671,1.5714165,2.9008553,3.4674356,3.1561944,2.8848174
2083-07-11 12:00:00,1.937128,1.7978574,3.061306,4.0132275,3.2130907,3.7013938
2083-07-12 12:00:00,1.5809593,1.351183,2.782968,2.997655,3.1815107,2.604878
2083-07-13 12:00:00,2.2889676,1.6849043,2.57733,1.6926259,2.6975005,1.525895
2083-07-14 12:00:00,3.3386302,2.337644,3.5431235,2.2131863,2.3858175,2.7180455
2083-07-15 12:00:00,2.9983945,2.4224424,4.0731263,2.7215292,3.722056,3.2219684
2083-07-16 12:00:00,3.2523837,2.718545,2.994445,3.819351,3.862832,2.9202306
2083-07-17 12:00:00,2.1998188,1.8682245,1.9614329,2.1360283,4.074349,1.3335749
2083-07-18 12:00:00,1.5072216,1.63828,3.334704,2.30187,2.4975853,1.7078482
2083-07-19 12:00:00,1.7084107,1.8733056,3.0870774,3.1220777,3.4007032,1.6243012
2083-07-20 12:00:00,1.500756,1.4455739,2.7364087,3.4665084,3.6103954,2.3943539
2083-07-21 12:00:00,1.655657,1.5300013,2.768124,2.99804,2.642978,1.9484521
2083-07-22 12:00:00,3.3965774,2.897863,4.474598,3.9063587,3.0284336,2.1950405
2083-07-23 12:00:00,2.086269,1.7414489,2.9564466,3.653034,3.6198454,1.9033661
2083-07-24 12:00:00,1.4603155,1.4215785,3.3436544,3.9443789,3.0268917,2.7197049
2083-07-25 12:00:00,1.9932185,1.633379,3.217319,4.2363677,3.262141,2.4949536
2083-07-26 12:00:00,2.3326235,1.9850223,1.8353804,4.1810584,2.6397674,1.2993238
2083-07-27 12:00:00,3.366593,2.5610178,2.4578445,4.862589,3.381171,1.5704284
2083-07-28 12:00:00,3.4104867,2.588708,2.9199784,3.8447301,3.6115484,1.5529447
2083-07-29 12:00:00,2.471005,1.827902,2.354121,3.21357,3.7273967,1.4283603
2083-07-30 12:00:00,1.2515317,1.0001338,2.2433293,2.6766639,3.4492056,1.1934481
2083-07-31 12:00:00,1.1539657,1.1168232,2.0915956,1.9206253,3.1435568,1.3059462
2083-08-01 12:00:00,1.2539636,1.3475833,2.5687747,2.4856484,2.8526487,1.671018
2083-08-02 12:00:00,1.1127582,1.1818247,1.9905494,2.7410953,3.0785427,1.7292111
2083-08-03 12:00:00,0.9556258,1.0309541,1.4988147,2.6866388,2.5646672,1.1316241
2083-08-04 12:00:00,1.6971357,1.4718137,2.6939409,2.2673721,2.806322,1.3491728
2083-08-05 12:00:00,1.7838297,1.8521879,3.2316835,3.1992164,2.4111044,2.933615
2083-08-06 12:00:00,1.9630541,1.5807563,2.35813,4.060815,4.427464,1.8691291
2083-08-07 12:00:00,1.5909545,1.8856926,4.3822975,2.6780727,3.918385,2.1997302
2083-08-08 12:00:00,2.6975906,2.6546261,4.5154963,3.94165,2.7901661,3.532897
2083-08-09 12:00:00,2.7241426,2.0049338,3.9704654,3.1425087,2.9040577,2.5876813
2083-08-10 12:00:00,2.7108212,2.4120946,5.9490824,3.2388823,3.8192482,3.3111153
2083-08-11 12:00:00,3.2156801,2.7974596,4.38847,4.439461,3.170553,3.652296
2083-08-12 12:00:00,3.2874632,2.8100224,4.6448717,3.6287308,3.6421573,3.8212175
2083-08-13 12:00:00,2.6723075,2.2084436,3.0777035,2.7593672,4.16583,1.4472159
2083-08-14 12:00:00,1.7193171,1.7557772,3.552635,2.0009542,2.6848927,1.7053125
2083-08-15 12:00:00,2.7249436,2.2837076,2.9913058,2.8871427,2.2689998,1.7601849
2083-08-16 12:00:00,1.9568182,1.9066169,3.810724,3.0620608,2.5232344,1.9124306
2083-08-17 12:00:00,2.0201814,1.7820954,3.494773,1.7925378,2.9492621,1.8182185
2083-08-18 12:00:00,2.4742355,1.9999529,2.845854,2.9193587,3.949916,1.6564696
2083-08-19 12:00:00,0.86103165,0.9518275,2.103456,2.7183597,3.0395756,1.1988566
2083-08-20 12:00:00,1.59482,1.6100914,3.9825091,2.4862905,3.6203969,1.9803056
2083-08-21 12:00:00,2.8813875,2.625383,4.393577,3.634613,2.5531747,3.1592898
2083-08-22 12:00:00,1.2129185,1.4175348,3.6179605,2.7402563,3.2288268,2.4055884
2083-08-23 12:00:00,2.6596422,2.0974963,3.5414267,3.2222056,3.6335523,2.605612
2083-08-24 12:00:00,2.6090193,1.9554482,3.0768967,2.9148765,3.1934123,2.4376066
2083-08-25 12:00:00,2.5362341,2.1484616,4.2388544,2.9235666,1.9904331,3.086671
2083-08-26 12:00:00,2.4374409,2.3539784,4.7652497,3.4812508,3.4348354,2.843728
2083-08-27 12:00:00,2.5013604,2.3167055,4.1734695,3.2317805,3.1151505,2.9230356
2083-08-28 12:00:00,2.842741,2.2851331,3.8783545,3.530394,3.1531603,2.5809693
2083-08-29 12:00:00,3.1484542,2.491118,4.1310935,3.2888258,3.6523368,2.566613
2083-08-30 12:00:00,2.961308,2.6048126,5.34406,3.3665922,4.4145875,3.2443843
2083-08-31 12:00:00,1.8740817,1.6636466,3.4721045,3.4479825,3.2427595,2.0122318
2083-09-01 12:00:00,0.9756105,1.1638235,2.5144384,2.3791132,2.5946062,1.1615368
2083-09-02 12:00:00,0.90268993,0.9013186,2.6099226,1.821464,2.0111337,1.1123865
2083-09-03 12:00:00,1.0123918,0.9632466,2.5084827,1.3598458,1.9177003,1.5599538
2083-09-04 12:00:00,1.163563,0.9930014,2.381731,1.5053445,1.9159645,1.4453282
2083-09-05 12:00:00,2.5900395,2.5563235,6.1898713,4.8876314,3.3931248,4.4607296
2083-09-06 12:00:00,4.398571,3.608547,6.0918264,5.486388,4.011055,4.507201
2083-09-07 12:00:00,4.126966,3.531174,5.656963,6.581086,2.867801,4.3782306
2083-09-08 12:00:00,1.7442198,1.6049262,3.67973,5.020391,3.0841691,2.6583858
2083-09-09 12:00:00,1.9013021,1.8980193,4.695602,4.3676867,2.649754,2.9348176
2083-09-10 12:00:00,3.440418,2.7938974,3.5391603,2.325127,2.6743236,2.2093213
2083-09-11 12:00:00,1.8619304,1.6311496,2.4117832,1.9777269,2.1335247,1.5440683
2083-09-12 12:00:00,0.86169463,0.8698365,1.8015182,1.8659025,1.8471566,1.5069042
2083-09-13 12:00:00,1.1210673,1.1843885,2.4277105,2.3478804,1.7226229,1.878973
2083-09-14 12:00:00,2.222752,2.0791245,5.4459734,3.785446,2.218353,3.301255
2083-09-15 12:00:00,2.760656,2.7490509,4.883928,4.644706,4.4076185,4.261708
2083-09-16 12:00:00,3.9533002,3.3666842,4.9131703,4.05,4.721785,3.6605494
2083-09-17 12:00:00,1.9130505,1.9902624,3.1990943,6.876836,5.1421475,2.5734372
2083-09-18 12:00:00,2.3089461,2.0547798,3.7771928,4.402642,4.612878,3.0372674
2083-09-19 12:00:00,1.74614,1.4878908,2.771843,2.2854419,3.7014363,2.1992793
2083-09-20 12:00:00,2.555935,2.226528,5.1998463,3.3409057,4.2323775,2.2671778
2083-09-21 12:00:00,2.3362155,2.1303785,2.5469763,4.6701593,2.9845407,2.7314239
2083-09-22 12:00:00,1.8105171,1.3837659,3.1888478,2.8704271,2.564532,2.5366578
2083-09-23 12:00:00,0.83315676,1.0847677,2.470974,3.4953055,3.2242978,2.850399
2083-09-24 12:00:00,1.3170525,1.1444436,2.086299,3.3730326,3.0819895,1.5510437
2083-09-25 12:00:00,0.7917628,0.98602736,2.8909705,2.2679417,4.331566,1.1259488
2083-09-26 12:00:00,0.964898,1.139612,3.3678377,2.100462,3.8186693,1.4281735
2083-09-27 12:00:00,0.7935063,0.85569084,2.9076662,1.765959,2.7014835,1.3015352
2083-09-28 12:00:00,1.0956227,0.979326,2.4160137,2.397381,2.764811,1.2505296
2083-09-29 12:00:00,1.159816,1.0020797,2.2693207,1.9680011,4.0800495,1.0783391
2083-09-30 12:00:00,1.369931,1.0598236,2.2011225,2.4332745,4.2679877,1.0643913
2083-10-01 12:00:00,1.4759731,1.4262532,2.410785,2.4028957,2.7864068,1.0586959
2083-10-02 12:00:00,0.97080386,1.1955098,3.1034575,1.8969599,3.1204796,0.992279
2083-10-03 12:00:00,0.7269979,0.7394275,2.7899776,1.6867889,4.5918217,1.2036108
2083-10-04 12:00:00,1.0057108,1.0033166,1.8181821,1.3895087,5.1849947,1.0926348
2083-10-05 12:00:00,1.4972036,1.1869754,1.8946357,1.5739623,5.3949313,1.1156653
2083-10-06 12:00:00,1.4986804,1.4750837,2.3836844,2.039749,4.5058236,1.3486499
2083-10-07 12:00:00,1.2799393,1.0138333,2.806335,2.0750136,4.26493,1.2915717
2083-10-08 12:00:00,0.876288,1.1164552,1.8189075,1.6571966,4.348394,1.2525427
2083-10-09 12:00:00,1.0998883,0.91882586,2.0883603,1.5852388,3.009109,1.1009473
2083-10-10 12:00:00,0.74461436,0.78437203,3.1560066,1.6035217,4.5701413,1.3161944
2083-10-11 12:00:00,0.7516949,0.8879063,3.2634907,1.5751122,5.1456327,1.5256107
2083-10-12 12:00:00,0.999311,0.93632084,2.8404095,1.9339427,4.041933,1.2630587
2083-10-13 12:00:00,0.81271946,0.8361519,2.7059224,2.397012,5.7047043,1.4352754
2083-10-14 12:00:00,0.7411155,0.73866004,2.9562306,2.6580007,5.2840323,1.2823634
2083-10-15 12:00:00,0.6829145,0.8010567,3.693921,1.5923756,5.953453,1.396144
2083-10-16 12:00:00,0.7934436,0.8641419,4.178802,2.0571678,4.7656603,1.603413
2083-10-17 12:00:00,1.1432313,1.0417671,5.359013,2.191665,3.0714376,2.0918586
2083-10-18 12:00:00,2.0809689,1.6382031,6.10896,2.6765652,2.1247962,2.8364732
2083-10-19 12:00:00,3.335502,2.6884806,5.0334897,3.4817154,2.6193228,2.5886786
2083-10-20 12:00:00,1.9457784,1.5921783,3.000535,4.3835454,3.2593815,2.0967855
2083-10-21 12:00:00,1.3436351,1.1828716,1.7623377,2.6704895,3.6680417,1.1404632
2083-10-22 12:00:00,1.2122973,0.98771703,3.5899222,1.8197887,2.6829717,1.4340186
2083-10-23 12:00:00,1.9088522,1.2711632,3.3467746,1.7680119,2.2415392,1.4158802
2083-10-24 12:00:00,2.6888444,1.883693,3.6237414,2.5498765,1.7827327,1.6244951
2083-10-25 12:00:00,3.8885026,3.110053,5.2097554,4.545665,3.9975348,2.4657133
2083-10-26 12:00:00,3.7233772,3.2206218,3.600961,5.4137855,5.7240834,2.6607563
2083-10-27 12:00:00,1.664978,1.4444224,2.9623055,3.8847945,4.1019564,1.7146136
2083-10-28 12:00:00,1.1296461,0.9956207,3.4107106,1.9127976,3.235689,1.4018322
2083-10-29 12:00:00,1.9918728,1.6722289,1.9873056,2.5637856,3.50385,1.2602832
2083-10-30 12:00:00,1.3145055,1.2213231,4.09941,3.7199273,3.0410504,2.255961
2083-10-31 12:00:00,2.0849566,1.7443365,6.333081,3.1910415,2.6046321,3.0145724
2083-11-01 12:00:00,1.9508749,1.7463986,5.6054573,3.1126587,3.474761,2.5322552
2083-11-02 12:00:00,1.431685,1.1668358,4.5528936,2.6561432,2.6476705,2.4442596
2083-11-03 12:00:00,0.98998106,0.9218989,4.614477,2.1061602,3.044576,1.8610868
2083-11-04 12:00:00,0.6118268,0.69418484,4.125988,1.8865381,3.0947053,1.8151729
2083-11-05 12:00:00,0.5988853,0.7213652,3.810437,1.6818184,1.9521279,1.7133518
2083-11-06 12:00:00,0.6530911,0.86600834,4.1036167,2.9223382,3.2561748,2.4960728
2083-11-07 12:00:00,1.4386355,1.4802724,4.1258187,3.845882,5.0622296,2.8247123
2083-11-08 12:00:00,1.3068292,1.2935202,4.854377,3.5884454,4.478123,3.239705
2083-11-09 12:00:00,1.4416087,1.4489762,4.1747665,3.9006317,4.703881,2.9600406
2083-11-10 12:00:00,2.0309052,1.879025,5.5883346,3.3953145,4.858532,3.4117715
2083-11-11 12:00:00,2.0285628,2.0715759,4.6359067,5.5121818,4.058921,4.970531
2083-11-12 12:00:00,2.2577224,1.8480833,3.9447062,5.0367465,4.848334,2.5458245
2083-11-13 12:00:00,2.4841173,1.8014677,3.527149,2.9587471,4.3974657,1.5973428
2083-11-14 12:00:00,0.9663753,0.9777535,2.097808,2.7198412,3.992794,1.465578
2083-11-15 12:00:00,1.3361079,1.2041875,2.009678,2.3169136,3.7316563,1.4717938
2083-11-16 12:00:00,1.7930274,1.4954426,4.2338285,3.8692195,2.3359401,3.2921112
2083-11-17 12:00:00,1.7499064,1.6291935,3.2514873,4.381904,4.3909316,2.4122267
2083-11-18 12:00:00,0.7452316,0.886308,2.8640456,4.1795735,5.6316237,2.9679549
2083-11-19 12:00:00,1.0669599,1.0452223,3.1928089,3.4657393,4.7290154,2.3620403
2083-11-20 12:00:00,1.2538664,1.3304176,2.9950712,3.892195,4.640073,1.9597898
2083-11-21 12:00:00,0.845399,0.9737838,2.693322,4.6264205,5.9430513,2.7590137
2083-11-22 12:00:00,0.94427466,1.1582798,3.1895728,4.9418106,7.214144,2.9295475
2083-11-23 12:00:00,2.2249863,2.0060573,4.534042,5.572083,3.5859442,3.655221
2083-11-24 12:00:00,2.8306615,2.401939,4.9790015,6.5854588,2.8540218,4.215967
2083-11-25 12:00:00,1.5873721,1.6800271,4.1723585,5.395282,4.1660137,3.1245227
2083-11-26 12:00:00,1.4814003,1.34937,4.569512,5.5726867,4.757278,4.072758
2083-11-27 12:00:00,1.9395707,1.7459418,4.9324102,5.373981,5.05839,4.584389
2083-11-28 12:00:00,1.7575084,1.7393128,3.759896,5.6639647,5.1219263,3.3283465
2083-11-29 12:00:00,2.0983772,1.9780468,5.318339,4.511938,4.72309,3.6869302
2083-11-30 12:00:00,1.8825821,1.6558133,3.937081,3.7327213,2.996582,2.9379103
2083-12-01 12:00:00,1.0220289,1.0833442,4.2084417,3.2241766,2.7883983,2.7918484
2083-12-02 12:00:00,1.1401942,1.1321274,3.6480129,2.5302155,2.4251618,1.7028085
2083-12-03 12:00:00,1.0364684,1.2728953,1.8349657,2.153627,2.5652585,1.6012188
2083-12-04 12:00:00,0.5793218,0.84835654,2.8017843,2.4142623,2.9285703,1.9537548
2083-12-05 12:00:00,1.9411496,1.4786764,5.0895486,3.3324602,3.8477051,2.508265
2083-12-06 12:00:00,2.9438827,1.9922819,4.6818414,3.0766692,3.6268692,2.0485108
2083-12-07 12:00:00,3.117612,2.1375222,3.5560362,3.2149508,3.6200004,1.7019322
2083-12-08 12:00:00,1.0597999,1.0437624,2.353314,2.4971242,3.45261,1.388509
2083-12-09 12:00:00,0.79378784,1.1327286,3.0084543,4.420983,2.8357956,1.9132938
2083-12-10 12:00:00,0.97702456,1.2452083,2.0998116,2.5260756,2.610852,1.8943548
2083-12-11 12:00:00,0.6571194,0.8530864,1.9907538,3.6780474,3.5789635,1.7556486
2083-12-12 12:00:00,1.0947233,1.0536333,3.425552,3.3304718,4.3370256,2.0956633
2083-12-13 12:00:00,1.6859009,1.4017837,4.7801065,4.3135815,5.5962834,2.6962755
2083-12-14 12:00:00,1.7208618,1.5687572,5.8365183,5.4561653,7.381998,3.5723014
2083-12-15 12:00:00,2.610378,2.0719745,6.1304684,4.880314,6.334197,3.1003878
2083-12-16 12:00:00,3.9519863,2.8819115,5.411503,4.878438,4.879122,2.94834
2083-12-17 12:00:00,2.450993,2.0503001,4.6182656,5.0090237,3.4180396,2.524643
2083-12-18 12:00:00,1.2724509,1.1102132,5.051698,2.7072067,3.0600567,2.0326016
2083-12-19 12:00:00,2.6602242,1.7571076,5.009682,3.1496325,3.0548897,1.8975143
2083-12-20 12:00:00,3.8582404,2.5814176,4.5138288,2.9910305,2.234016,2.2517366
2083-12-21 12:00:00,2.979166,2.6907523,2.5349786,4.22835,2.845808,1.696248
2083-12-22 12:00:00,1.349118,1.5299159,2.8285728,3.9389,4.533,2.2267992
2083-12-23 12:00:00,1.6181935,1.384673,2.6894546,2.6121893,4.343173,2.3227057
2083-12-24 12:00:00,0.9596448,1.2003126,2.1563554,3.2181027,3.2872956,2.142539
2083-12-25 12:00:00,1.7824221,1.6286796,3.6569934,2.7668455,3.9963596,2.2994099
2083-12-26 12:00:00,1.2882298,1.35253,2.353403,2.8943818,3.9959435,1.8162261
2083-12-27 12:00:00,0.8494965,0.9927688,2.7313273,4.561126,2.9114752,2.4494205
2083-12-28 12:00:00,1.3860221,1.1654541,4.2589507,4.2526393,2.7920303,3.0812223
2083-12-29 12:00:00,2.4119043,1.6247039,4.090123,4.1965466,4.937894,2.8852744
2083-12-30 12:00:00,1.6754506,1.3958647,2.8985758,3.8690245,5.8416877,2.0120096
2083-12-31 12:00:00,1.4802166,1.6355606,2.449933,2.5681226,4.673264,2.2687964
2084-01-01 12:00:00,2.2526731,2.1723835,3.8596094,2.815742,4.9441614,2.7505076
2084-01-02 12:00:00,2.3027556,1.6804137,4.3188004,4.9446044,6.72862,3.1606784
2084-01-03 12:00:00,0.85700107,0.9767829,4.221516,6.995729,9.094145,3.716601
2084-01-04 12:00:00,0.5627024,0.91213465,3.2599995,4.3158603,6.396336,3.0089464
2084-01-05 12:00:00,1.3238862,1.6753212,2.9446805,5.8510766,3.6092412,2.6403286
2084-01-06 12:00:00,1.2076876,1.6499645,3.8407843,5.827845,5.484016,3.8654833
2084-01-07 12:00:00,3.8026,2.8110285,5.951809,7.5192823,5.555369,5.0814466
2084-01-08 12:00:00,2.853498,2.716209,4.2131395,7.5383053,7.0703855,4.0927663
2084-01-09 12:00:00,1.2733536,1.3698556,2.8002243,4.996887,6.423033,3.0163236
2084-01-10 12:00:00,1.9855946,1.5333712,4.232482,4.451793,4.781875,3.524457
2084-01-11 12:00:00,2.7388756,2.2480729,5.9114037,5.4976196,4.310124,4.563038
2084-01-12 12:00:00,3.2775426,3.1897843,5.9336104,6.4174075,3.9729543,4.74076
2084-01-13 12:00:00,2.53751,2.3292637,6.7249217,6.0449896,4.9180417,5.192461
2084-01-14 12:00:00,2.9794486,2.42654,5.5892863,6.1759653,6.7850165,4.859551
2084-01-15 12:00:00,1.7081186,1.5803509,3.6496582,5.77783,6.863737,3.3266656
2084-01-16 12:00:00,1.997504,1.6733899,5.8805385,5.0421295,5.1626654,4.309786
2084-01-17 12:00:00,3.399571,3.045854,6.47133,5.852511,4.6901765,4.5598536
2084-01-18 12:00:00,2.5308964,2.338732,5.397694,5.316614,6.6667438,4.0812397
2084-01-19 12:00:00,5.4304614,4.35489,7.998094,6.7748175,6.573002,6.065052
2084-01-20 12:00:00,5.048339,4.141606,7.5978913,8.232822,6.560414,5.5873404
2084-01-21 12:00:00,3.4575584,2.7414942,6.125181,5.08352,6.1968536,3.0590231
2084-01-22 12:00:00,1.8083403,1.4291903,3.3393562,3.0358298,5.3783503,1.9658521
2084-01-23 12:00:00,2.930477,2.1915002,3.1991868,2.7305093,5.4720907,2.0107422
2084-01-24 12:00:00,2.8558388,2.4665902,4.8534575,7.0803876,5.520997,4.2506433
2084-01-25 12:00:00,1.8211322,1.6943833,5.453207,4.8070903,4.148465,2.805894
2084-01-26 12:00:00,2.0246892,1.855521,4.3270807,5.413139,3.7262237,3.8541596
2084-01-27 12:00:00,3.453816,3.506312,7.0799727,9.119093,5.5387096,6.1192927
2084-01-28 12:00:00,3.0318408,3.0807762,7.528625,6.630095,6.1840124,4.5208535
2084-01-29 12:00:00,1.5392594,1.6575359,3.9124353,4.496221,5.3487616,2.8936596
2084-01-30 12:00:00,2.0669188,1.5680188,3.9945009,3.677347,3.5507052,2.4557679
2084-01-31 12:00:00,1.5210814,1.512271,3.089381,5.0695496,3.2897959,3.0247815
2084-02-01 12:00:00,3.2696958,2.8612127,6.8681474,6.618924,5.034809,4.8078747
2084-02-02 12:00:00,1.4719675,1.7264129,4.6920023,3.9852235,3.5418417,2.1525118
2084-02-03 12:00:00,1.5368153,1.2806522,2.407262,2.0168335,3.4394498,1.6219115
2084-02-04 12:00:00,0.8918209,1.1596415,1.9438515,2.9755118,3.4632058,1.5962186
2084-02-05 12:00:00,2.0968957,2.3287342,3.438391,6.57528,4.653527,2.7589893
2084-02-06 12:00:00,2.2411897,2.083606,5.200988,5.665523,5.566861,4.3495173
2084-02-07 12:00:00,2.934335,2.4807298,7.402624,6.526906,5.962194,5.2554398
2084-02-08 12:00:00,2.1563506,1.6315999,4.935966,2.61902,5.3270884,2.3691874
2084-02-09 12:00:00,1.3155313,1.6371673,2.9897559,4.9263806,4.743359,2.610023
2084-02-10 12:00:00,1.6934621,2.1289208,4.0491915,5.434991,4.508711,3.1834042
2084-02-11 12:00:00,2.4802027,2.515578,5.678788,5.4165854,3.1033444,4.060212
2084-02-12 12:00:00,1.2814837,1.5442027,3.9168906,3.398173,3.0690196,2.6855354
2084-02-13 12:00:00,2.1817338,1.7941167,4.705519,5.1748996,3.3198104,3.6463366
2084-02-14 12:00:00,2.6149874,2.0858698,5.222857,6.5585213,4.943803,3.8762736
2084-02-15 12:00:00,2.4125538,2.067592,5.3213434,4.819206,5.5214825,3.4357018
2084-02-16 12:00:00,3.004877,2.071627,7.20385,4.9385247,6.549107,4.0915384
2084-02-17 12:00:00,2.094903,1.7762871,4.768743,4.2061863,7.2692814,2.7825017
2084-02-18 12:00:00,1.3561349,1.5313786,3.9168148,4.187269,6.837868,1.8685101
2084-02-19 12:00:00,1.0801584,1.0028894,2.7427485,4.285606,5.877655,1.9167202
2084-02-20 12:00:00,1.7383687,1.4939468,3.236814,5.491173,5.855529,1.9827691
2084-02-21 12:00:00,1.1752161,1.3537638,1.9992688,5.0303683,4.778327,1.6083052
2084-02-22 12:00:00,0.8125456,0.9868503,3.6570654,3.3423069,4.1231413,3.3641946
2084-02-23 12:00:00,1.7431018,1.8801295,5.1531672,5.44307,4.786582,3.9820158
2084-02-24 12:00:00,2.2790794,2.230336,6.2478843,6.1849627,5.6991796,3.9525728
2084-02-25 12:00:00,1.2935238,1.2928015,5.1080847,5.9574094,5.2364993,2.9799883
2084-02-26 12:00:00,0.9018079,1.1894405,3.9461048,4.937813,4.064794,2.5851612
2084-02-27 12:00:00,1.014329,1.296485,2.2842898,3.223152,4.4024997,1.7339387
2084-02-28 12:00:00,2.6696975,2.2977316,4.2287774,2.6250217,3.8441846,2.6010773
2084-02-29 12:00:00,2.3670843,2.0975306,3.9443495,6.680084,7.499366,4.035383
2084-03-01 12:00:00,3.5731602,2.8955927,5.676109,5.0195527,8.348822,3.4838893
2084-03-02 12:00:00,3.5324788,3.159678,6.0886316,7.137653,6.6437073,4.962121
2084-03-03 12:00:00,4.8411145,3.8237631,6.5643682,6.961336,6.4974465,4.333616
2084-03-04 12:00:00,3.2154722,2.8094845,5.707687,7.547812,5.5725284,4.4424214
2084-03-05 12:00:00,3.2372189,2.7397153,8.331307,4.445234,4.616371,4.851914
2084-03-06 12:00:00,3.7679846,3.7061217,8.648443,5.557936,3.8349836,5.0082965
2084-03-07 12:00:00,2.8111043,2.7516568,4.861947,5.197603,4.1764994,3.669055
2084-03-08 12:00:00,2.6895344,2.3387775,3.5948198,6.7005134,9.458529,2.4539263
2084-03-09 12:00:00,2.9911516,2.708134,5.7702146,6.160926,7.2093644,4.985199
2084-03-10 12:00:00,4.2325573,3.425478,8.744005,6.144706,3.948782,5.411837
2084-03-11 12:00:00,2.3473814,2.40283,6.0724792,3.561814,3.9712422,2.3974512
2084-03-12 12:00:00,1.5270631,1.4488941,4.5385113,4.168009,5.7119007,1.802521
2084-03-13 12:00:00,2.2893052,2.5041404,2.4594026,6.1894026,4.469762,1.6617996
2084-03-14 12:00:00,1.9573613,1.5243645,3.2746453,2.5840871,2.6935852,2.3894255
2084-03-15 12:00:00,3.2938628,2.3573914,4.141462,2.6235237,2.202889,2.6585946
2084-03-16 12:00:00,2.1076317,1.6301961,3.514414,3.4927611,3.647026,2.3089862
2084-03-17 12:00:00,4.2279696,3.4186232,5.241906,5.186415,4.180781,3.595022
2084-03-18 12:00:00,5.6770926,5.1193857,8.929475,7.2382784,5.3651853,5.9119306
2084-03-19 12:00:00,4.350298,4.1618443,5.559496,6.996582,7.755369,4.441764
2084-03-20 12:00:00,1.99333,1.9553891,3.623036,4.4860806,7.2559223,2.1824043
2084-03-21 12:00:00,1.5892235,1.3466341,3.3794568,5.321606,8.110886,2.4073858
2084-03-22 12:00:00,2.433401,2.306148,6.1292915,5.5438976,6.281729,4.755449
2084-03-23 12:00:00,3.1666136,2.432845,4.8907957,5.278371,5.0610805,3.5065577
2084-03-24 12:00:00,2.2487369,1.8876486,4.5865726,3.7944221,3.7636652,3.9278812
2084-03-25 12:00:00,2.8035555,1.9304407,3.4324265,5.7161393,4.7766476,2.9798744
2084-03-26 12:00:00,2.018063,1.4447284,3.3758354,3.4366117,3.6622672,2.7460074
2084-03-27 12:00:00,1.7972922,1.4276264,3.2855072,4.254758,5.179712,2.8636718
2084-03-28 12:00:00,1.7975395,1.5526416,3.7025123,3.7859552,5.900526,3.4022558
2084-03-29 12:00:00,2.5504572,2.4266882,3.5691626,5.189962,5.7127028,3.5118828
2084-03-30 12:00:00,1.1163409,1.273828,2.4911244,4.396914,5.7508245,2.3642387
2084-03-31 12:00:00,1.8631673,2.1475928,4.797602,4.9086795,5.6220117,4.3321786
2084-04-01 12:00:00,3.250105,2.7959518,4.7624907,4.486065,5.0512166,3.7495303
2084-04-02 12:00:00,2.9456506,2.252319,4.4137793,4.668081,3.3011823,3.2017467
2084-04-03 12:00:00,1.6622944,1.4344612,3.7012484,3.5422404,4.2946844,2.839612
2084-04-04 12:00:00,2.0857065,1.8179512,4.185249,3.3286133,3.3463492,2.8426125
2084-04-05 12:00:00,1.761358,1.489342,3.761578,2.8847852,3.3617911,2.177942
2084-04-06 12:00:00,1.5090859,1.2752863,4.295604,2.4120758,4.4307017,1.6349788
2084-04-07 12:00:00,2.104783,1.6892021,2.769887,3.7231152,5.6011777,1.5625036
2084-04-08 12:00:00,1.2023152,1.6565824,2.039676,5.397322,5.349406,2.7915063
2084-04-09 12:00:00,2.9894044,2.5243382,2.7883413,4.28109,3.5583336,2.4626646
2084-04-10 12:00:00,2.2562633,1.699179,2.1251917,3.3633888,2.4453208,1.4650946
2084-04-11 12:00:00,1.4948895,1.2786579,3.3592985,3.1135278,2.3509834,1.9684125
2084-04-12 12:00:00,2.9778934,2.492049,3.642124,3.2706134,2.9510436,1.9538574
2084-04-13 12:00:00,2.2261252,2.219855,3.8560617,4.7071586,5.399499,2.5657606
2084-04-14 12:00:00,2.0607738,1.9274074,3.334794,3.7549214,3.5866942,1.6884615
2084-04-15 12:00:00,2.4938798,2.277917,4.284793,4.2265015,3.5518517,2.9611464
2084-04-16 12:00:00,1.6780239,1.8209356,5.9193273,4.1483436,4.1440544,3.8467066
2084-04-17 12:00:00,4.1210546,3.570382,5.8415666,5.4371657,4.762462,4.252106
2084-04-18 12:00:00,3.7503524,3.264037,3.607434,3.132223,3.5369172,2.4819036
2084-04-19 12:00:00,4.5186424,3.5825832,4.4130616,3.2768242,4.9679174,2.5698667
2084-04-20 12:00:00,4.651556,4.057806,4.484485,4.8783226,3.9248397,2.92022
2084-04-21 12:00:00,2.22185,2.1477823,4.4798,4.285434,3.0309937,3.4207573
2084-04-22 12:00:00,2.6666777,2.0589755,4.7082596,2.7379298,4.0379825,2.506901
2084-04-23 12:00:00,1.9158688,1.5794206,3.945903,3.904965,5.9784594,2.1367285
2084-04-24 12:00:00,1.9896777,1.8845257,2.8344333,5.837473,4.161947,2.0028136
2084-04-25 12:00:00,1.9083922,1.552477,3.0697684,3.632217,2.1402173,2.179716
2084-04-26 12:00:00,2.9420161,2.391893,2.8867524,5.5959425,2.2437947,2.9975555
2084-04-27 12:00:00,3.265554,2.9554691,3.9120812,4.4501305,4.785151,3.4950552
2084-04-28 12:00:00,2.3108506,1.7977515,3.1390738,2.9507291,4.353343,1.8868892
2084-04-29 12:00:00,2.2429757,2.4105947,4.592238,4.4288554,3.7651436,3.0665517
2084-04-30 12:00:00,2.3555224,2.6073353,4.9179025,4.6030407,4.641908,3.5155175
2084-05-01 12:00:00,2.4890614,2.0755434,4.853041,3.5410657,5.7110734,2.6496634
2084-05-02 12:00:00,2.687371,1.9637197,2.763165,2.3641605,3.3575552,1.3700192
2084-05-03 12:00:00,1.3482313,1.1829392,2.1039295,2.6094947,2.821806,1.4480869
2084-05-04 12:00:00,1.3054491,1.3075025,1.9938749,3.7047567,3.3768754,1.3849819
2084-05-05 12:00:00,2.449626,2.2106068,2.9115744,4.0645037,3.7134838,1.933736
2084-05-06 12:00:00,2.7045474,2.74089,4.152362,6.233507,7.30195,3.0382426
2084-05-07 12:00:00,2.0980628,2.0404165,2.7592914,7.262432,7.4595294,3.426926
2084-05-08 12:00:00,1.1391336,1.3044957,3.1700735,3.2250838,3.4499865,2.4789076
2084-05-09 12:00:00,3.65036,3.2108648,6.0091286,3.3017328,2.8001828,2.8263729
2084-05-10 12:00:00,4.4017487,3.8324668,5.2704644,4.6811547,3.566179,2.5106013
2084-05-11 12:00:00,2.5612023,1.815044,3.7653763,3.6396222,3.777302,2.1259954
2084-05-12 12:00:00,2.0937362,1.6438009,3.2513692,3.351539,5.0324945,1.8042417
2084-05-13 12:00:00,1.7978134,1.4652712,2.3134632,2.2662857,5.654359,1.2354298
2084-05-14 12:00:00,1.2423725,1.091183,1.7306391,3.3865483,5.2620845,1.0891216
2084-05-15 12:00:00,2.1987185,1.6848005,2.4480605,4.2283473,3.4123235,0.95730644
2084-05-16 12:00:00,1.5372276,1.566937,2.555896,3.928905,3.0567002,1.3879198
2084-05-17 12:00:00,3.5153813,3.126868,4.049148,4.4517503,3.3644235,2.3312278
2084-05-18 12:00:00,2.9812007,2.524263,2.9745376,5.71551,5.719609,2.393772
2084-05-19 12:00:00,0.8208288,0.9284618,2.0072055,3.0631402,4.215439,1.4711131
2084-05-20 12:00:00,1.83161,1.7353009,2.5218446,2.577073,2.1308503,2.2124124
2084-05-21 12:00:00,3.0317113,2.9161203,2.7575333,3.5001044,3.3570051,1.8934895
2084-05-22 12:00:00,2.3922448,2.7108016,3.0060837,3.5198555,3.146453,2.2783477
2084-05-23 12:00:00,2.6238525,2.3868024,3.4004176,3.8506575,4.461698,2.6724155
2084-05-24 12:00:00,1.8083792,1.7576145,3.9353218,2.4654884,3.2139914,2.5307317
2084-05-25 12:00:00,2.1180024,1.9020755,3.260025,2.4994125,2.501465,2.4994397
2084-05-26 12:00:00,1.6072779,1.6053073,2.8023677,2.807394,2.586839,2.024607
2084-05-27 12:00:00,1.3302522,1.7029874,3.4019086,3.5369089,2.8464906,2.0402842
2084-05-28 12:00:00,1.3529919,1.403546,3.476991,2.685573,3.2469413,1.9428068
2084-05-29 12:00:00,2.5613484,2.272356,3.8183942,4.238662,2.5369797,1.9979361
2084-05-30 12:00:00,1.78362,1.4529663,2.819353,3.1362507,2.4045887,2.0620303
2084-05-31 12:00:00,3.6774404,2.9979498,4.7511163,4.6996036,3.3169372,3.8412476
2084-06-01 12:00:00,2.4083629,2.2930076,2.9420702,6.366705,6.4884953,3.430726
2084-06-02 12:00:00,2.2443113,2.2929714,2.8330069,3.9528866,5.3625164,3.4909596
2084-06-03 12:00:00,1.5229518,1.537262,2.4135795,3.6742706,4.118335,1.7235475
2084-06-04 12:00:00,2.0991838,1.7517996,3.4986644,2.771502,3.1902401,2.2604625
2084-06-05 12:00:00,1.5107558,1.2656401,2.5907965,2.4690542,3.8599546,1.4408532
2084-06-06 12:00:00,1.3865714,1.24524,2.3041778,2.43748,3.0511248,2.0571446
2084-06-07 12:00:00,2.550967,2.4489355,6.406303,4.4263906,2.758893,4.104702
2084-06-08 12:00:00,4.4481354,3.8828273,5.7022605,4.4207835,3.279702,2.9941576
2084-06-09 12:00:00,3.347177,2.985659,4.569767,3.550225,3.5581627,2.7245846
2084-06-10 12:00:00,1.5983652,1.4241139,2.54024,2.3002546,3.0312843,1.3483975
2084-06-11 12:00:00,1.402266,1.3033814,2.9967399,2.4993052,2.9905293,2.0759246
2084-06-12 12:00:00,1.5575522,1.5901463,4.1846895,2.677027,2.5697722,1.921326
2084-06-13 12:00:00,2.6383886,2.502859,5.5001607,3.9355004,2.5008047,3.2781923
2084-06-14 12:00:00,2.484836,2.3669715,3.366353,3.120469,1.9907557,2.2324765
2084-06-15 12:00:00,2.1562767,2.0050876,3.0840697,2.6050408,1.712901,1.7916495
2084-06-16 12:00:00,3.925867,2.887929,4.7769947,2.7981813,1.9624301,2.103792
2084-06-17 12:00:00,2.5738525,1.753219,3.20821,2.9198332,2.4282956,2.2698193
2084-06-18 12:00:00,1.4126477,1.4063526,2.599488,2.0761986,2.7813725,2.0440867
2084-06-19 12:00:00,1.1734917,1.2400377,2.4550557,3.7491593,2.7720697,2.0067554
2084-06-20 12:00:00,2.2509437,1.9988015,2.0191035,4.560147,4.5507207,1.8649026
2084-06-21 12:00:00,1.7960724,1.7673846,3.224766,4.538521,5.913548,2.176676
2084-06-22 12:00:00,1.9705508,1.6822834,2.759583,3.8834372,4.5121365,2.0306485
2084-06-23 12:00:00,1.7861772,1.7827853,3.758135,3.3940787,3.282206,2.0798588
2084-06-24 12:00:00,2.5325656,2.27855,3.4012141,2.9045522,2.8921542,2.2814507
2084-06-25 12:00:00,3.792035,3.0967226,5.1447716,4.6981745,3.4902859,4.070387
2084-06-26 12:00:00,3.2408562,2.657284,4.5859776,3.8936703,3.3931062,3.6373906
2084-06-27 12:00:00,2.3792048,2.1868215,4.2673903,3.4945583,2.7777684,3.3852022
2084-06-28 12:00:00,2.9874744,2.9266753,4.2979517,4.1805305,3.0686738,3.493789
2084-06-29 12:00:00,1.9188486,1.8502866,2.8904865,2.7931376,3.1785743,2.3890796
2084-06-30 12:00:00,1.6040751,1.4271222,2.3618307,2.4388392,2.3351,1.6697841
2084-07-01 12:00:00,1.3847591,1.6162331,3.7674675,2.6280687,3.1879601,1.8025968
2084-07-02 12:00:00,1.7752879,2.2423882,5.152801,2.9544504,3.1973817,2.7602963
2084-07-03 12:00:00,2.156273,2.1654694,3.5104506,5.0154777,4.651415,2.8700275
2084-07-04 12:00:00,1.9587996,2.02264,3.8404574,5.1006103,4.8084855,2.293424
2084-07-05 12:00:00,1.8792251,1.6369303,3.0759418,4.588637,4.066206,2.5136852
2084-07-06 12:00:00,1.4627393,1.2972049,3.0180542,3.2311962,3.0819921,2.5529883
2084-07-07 12:00:00,1.9254855,1.2440982,2.2327032,2.6547823,2.0505486,1.7134491
2084-07-08 12:00:00,1.0754571,1.071335,2.4297009,2.7843986,2.8319716,1.6562891
2084-07-09 12:00:00,2.2815418,1.9345548,2.7779665,2.1097996,3.1030076,1.7342604
2084-07-10 12:00:00,2.6773849,2.1932511,2.5770476,2.4406335,2.5161395,1.5191118
2084-07-11 12:00:00,2.7011757,2.329304,3.4412622,3.3520534,2.8640609,2.16913
2084-07-12 12:00:00,1.7176267,1.6431723,1.9830933,2.493304,4.7582746,1.4012151
2084-07-13 12:00:00,3.0805962,2.4868357,3.522238,2.1123598,2.9166968,2.240842
2084-07-14 12:00:00,3.9614363,3.1940582,5.504064,3.656867,3.6109922,3.5089743
2084-07-15 12:00:00,3.5570216,2.7917354,5.318816,3.251252,3.874794,3.4297798
2084-07-16 12:00:00,2.9333344,2.408671,3.693937,3.9383662,4.6230235,2.1650507
2084-07-17 12:00:00,1.6033251,1.2812327,2.772381,3.8514814,3.570592,1.5737348
2084-07-18 12:00:00,1.2730906,1.3608631,3.059827,2.7410686,3.0287044,1.3359523
2084-07-19 12:00:00,2.3752851,1.9353685,4.116671,2.826884,2.812739,3.1679552
2084-07-20 12:00:00,2.6707153,2.518754,4.625412,4.0313425,3.402505,4.1966133
2084-07-21 12:00:00,1.5772197,1.8860136,3.5800948,2.4474607,4.321278,2.2599444
2084-07-22 12:00:00,2.254166,2.1882768,2.8666322,2.5095265,3.4368572,1.7757778
2084-07-23 12:00:00,1.3925487,1.4738022,2.0927613,3.5734117,2.7511246,1.9028265
2084-07-24 12:00:00,1.5590879,1.3674531,2.7754781,4.178731,3.1660259,1.7784594
2084-07-25 12:00:00,1.6555582,1.6085813,2.2707648,3.6200454,3.1790724,2.1584737
2084-07-26 12:00:00,1.3615314,1.1101098,2.7508774,2.9374993,3.500097,1.5349649
2084-07-27 12:00:00,1.8212198,1.7570603,2.4592338,2.9477768,3.7120056,1.8092744
2084-07-28 12:00:00,1.332231,1.5610808,1.9115613,2.4127777,3.4790776,1.4419339
2084-07-29 12:00:00,1.3237343,1.4951282,1.8213989,2.2242103,2.8037803,1.0540507
2084-07-30 12:00:00,2.655943,2.1623342,3.19031,2.3894703,3.5991902,1.7379636
2084-07-31 12:00:00,2.9063578,2.323267,3.1191008,3.215149,3.2219145,1.7795726
2084-08-01 12:00:00,3.1450336,2.4490461,2.983891,3.4809723,4.401446,1.7629317
2084-08-02 12:00:00,2.684585,2.0553746,3.9685323,3.50622,2.6672509,2.652407
2084-08-03 12:00:00,2.0896568,1.9368378,3.336756,4.184727,2.4515374,2.199764
2084-08-04 12:00:00,1.9600811,1.9405382,4.138817,4.415777,2.8643892,3.3534548
2084-08-05 12:00:00,2.751987,2.1746938,4.0478873,3.9710994,3.3948197,3.1264029
2084-08-06 12:00:00,3.438651,2.8074229,5.315159,2.5259652,2.2317548,3.49302
2084-08-07 12:00:00,2.3960915,1.8966573,3.417905,3.9742649,3.183223,2.7167032
2084-08-08 12:00:00,2.4133801,2.4840252,4.9106083,3.7920864,3.6534517,3.5742767
2084-08-09 12:00:00,2.7789373,2.6530569,3.798164,4.5531015,4.146162,3.327855
2084-08-10 12:00:00,2.3001642,1.9811641,3.9024575,5.016197,5.2784753,2.6668034
2084-08-11 12:00:00,2.427831,1.8801392,4.0742087,2.2898135,5.098293,2.5593097
2084-08-12 12:00:00,2.4921155,2.0949519,4.051108,3.9154353,2.263032,2.4369862
2084-08-13 12:00:00,2.4066348,2.0744004,3.3287377,4.8669686,2.1484754,2.3554945
2084-08-14 12:00:00,1.280399,1.5312448,2.4415889,3.422471,2.4445493,2.3728905
2084-08-15 12:00:00,1.4997287,1.5101112,2.7780387,3.7119648,3.4317503,2.1242003
2084-08-16 12:00:00,3.6173081,3.0098057,5.922945,4.824863,4.871884,3.8140619
2084-08-17 12:00:00,2.4482806,2.1714227,4.385259,5.5328603,6.3530455,2.9808857
2084-08-18 12:00:00,2.3341284,1.8154887,3.8845625,2.9465876,5.3118916,2.0788713
2084-08-19 12:00:00,2.5761828,2.2214549,4.660675,2.8489873,4.4915805,3.2354524
2084-08-20 12:00:00,2.3088167,1.7069715,2.5564682,2.093301,3.1212997,1.457735
2084-08-21 12:00:00,1.8002326,1.3289559,2.2644742,2.0266054,2.1223621,1.239279
2084-08-22 12:00:00,3.8369203,3.2221756,3.5879202,4.159845,2.4566724,2.6044502
2084-08-23 12:00:00,2.029959,2.2591543,3.994413,3.8329978,2.993375,3.308081
2084-08-24 12:00:00,2.807631,2.1575384,2.5506425,2.5238798,2.6122696,1.668815
2084-08-25 12:00:00,2.0569918,1.651424,3.1127112,2.8164325,3.627324,2.227569
2084-08-26 12:00:00,1.6991367,1.4831065,3.0186808,2.1003993,3.5452867,1.7234952
2084-08-27 12:00:00,2.4081292,2.0331469,3.951488,2.9089208,3.3010445,2.1490102
2084-08-28 12:00:00,1.5266061,1.5762422,2.5936728,2.5559802,3.723143,1.6852554
2084-08-29 12:00:00,1.8723651,1.8467258,4.433279,2.823654,3.0912716,2.7833376
2084-08-30 12:00:00,2.7208123,2.1197336,2.68613,2.1722248,2.9513533,1.2722235
2084-08-31 12:00:00,2.194418,1.8375943,3.1574926,2.7072911,2.408963,1.7557414
2084-09-01 12:00:00,2.3978026,1.8833607,4.0782213,2.9262137,3.1513116,1.6470195
2084-09-02 12:00:00,1.6630518,1.6367146,2.790651,3.9362297,3.069596,2.3368478
2084-09-03 12:00:00,1.1010958,1.0922701,2.3346646,2.8464627,3.151495,2.1645956
2084-09-04 12:00:00,1.4320148,1.6965166,3.5850906,3.3279865,3.9176767,1.6533904
2084-09-05 12:00:00,1.3103437,1.5122048,3.161937,2.3022232,4.0144887,1.4752465
2084-09-06 12:00:00,1.3210907,1.408187,2.681351,2.3360772,3.304621,1.4377819
2084-09-07 12:00:00,0.9467839,1.0518105,2.7628772,2.6796036,2.961976,2.1492343
2084-09-08 12:00:00,0.86518395,0.99697745,3.2639925,2.7256172,2.7905948,2.1492558
2084-09-09 12:00:00,2.8386273,2.5334055,4.6353555,4.4498777,3.10504,3.1654084
2084-09-10 12:00:00,2.4750457,2.0053403,3.759765,2.8837678,3.4035234,2.6394587
2084-09-11 12:00:00,2.4089262,1.8396392,4.1663933,3.111967,2.507103,3.47171
2084-09-12 12:00:00,2.4952927,2.26025,5.2186937,3.9516408,2.6372929,4.244195
2084-09-13 12:00:00,2.7926412,2.9025447,4.9534845,4.5470905,3.774272,3.6561658
2084-09-14 12:00:00,2.4742885,2.187694,3.6598794,3.4411812,3.5907035,2.6873448
2084-09-15 12:00:00,1.2073768,1.1452501,2.5480924,2.9643695,2.920511,1.2807468
2084-09-16 12:00:00,0.8243048,1.155656,2.0835116,2.3823,2.2952971,1.4446166
2084-09-17 12:00:00,1.524822,1.4593335,2.1318655,2.460749,2.7015984,1.4812717
2084-09-18 12:00:00,2.3923492,2.1416926,3.0419884,3.2734263,2.771328,2.4152863
2084-09-19 12:00:00,2.5319011,1.8596851,5.2315607,2.8458943,3.5869036,2.3464367
2084-09-20 12:00:00,3.0318818,2.2231746,3.988381,3.4120412,4.7851634,2.1946266
2084-09-21 12:00:00,2.563003,1.839039,4.507784,1.9259636,4.8663116,2.079508
2084-09-22 12:00:00,2.2206898,1.7239652,3.397824,3.2550578,4.255874,2.2324462
2084-09-23 12:00:00,1.8752801,1.6637937,4.2094283,3.6120524,3.4617233,3.5710058
2084-09-24 12:00:00,2.1128666,2.0721028,4.3897347,5.118964,5.648265,3.0056348
2084-09-25 12:00:00,1.5243098,1.687339,4.757309,2.021378,4.5872936,1.9258459
2084-09-26 12:00:00,1.6132915,1.5646154,4.763584,2.2393994,4.2839003,2.0593302
2084-09-27 12:00:00,1.803281,1.8791188,4.2947564,3.467612,3.6030755,2.7506316
2084-09-28 12:00:00,2.531712,2.3921683,3.6059241,4.5477486,3.5171027,3.5309815
2084-09-29 12:00:00,1.4260114,1.4889643,3.2679846,4.1549735,4.654265,2.106837
2084-09-30 12:00:00,2.8452435,2.5233529,4.8400397,5.5872602,4.2614903,3.865105
2084-10-01 12:00:00,2.153019,2.1539137,5.796829,6.573563,5.1470737,5.3179364
2084-10-02 12:00:00,3.7599187,3.2010264,4.8042026,5.326572,3.550377,3.7277362
2084-10-03 12:00:00,5.3727007,4.3402376,4.888775,5.5595183,3.4847307,3.115268
2084-10-04 12:00:00,4.5133557,4.0151353,3.288496,4.99203,4.716888,2.069572
2084-10-05 12:00:00,3.0454876,2.238094,2.6914818,4.3152037,5.8208275,1.7949626
2084-10-06 12:00:00,0.84510195,0.83613586,2.4410644,2.3076167,3.9138043,1.1623095
2084-10-07 12:00:00,0.9699213,1.1381454,2.1106513,1.6129143,2.7694166,1.2972854
2084-10-08 12:00:00,1.5653954,1.5585405,2.2447734,3.8073936,5.882645,1.552358
2084-10-09 12:00:00,0.9762776,1.0823777,1.9037473,4.126411,3.99489,2.1736739
2084-10-10 12:00:00,2.3340607,1.7978145,2.3472924,3.1980655,2.9189293,1.303285
2084-10-11 12:00:00,3.3227644,2.6333005,2.7905512,3.5001814,2.5029144,1.9835315
2084-10-12 12:00:00,3.059229,2.5191805,2.910912,3.2551725,3.839705,2.5130389
2084-10-13 12:00:00,1.5966955,1.2710501,3.6424277,2.745777,4.0738688,2.2036333
2084-10-14 12:00:00,2.1347423,1.9716823,5.3929825,4.378013,5.910611,3.6471925
2084-10-15 12:00:00,1.4862351,1.5080272,3.6539204,4.134151,3.3231363,3.14747
2084-10-16 12:00:00,2.0733628,1.7003108,3.1176965,4.80758,4.3381996,2.7567422
2084-10-17 12:00:00,2.644464,2.5056622,4.4907107,5.1513157,5.7042665,3.2977042
2084-10-18 12:00:00,1.9726962,1.9749421,4.077497,4.2991834,5.2334595,2.93697
2084-10-19 12:00:00,4.1684737,3.2700577,5.8099055,6.01202,4.272366,3.757231
2084-10-20 12:00:00,3.0377998,2.526412,3.7073815,4.2220902,3.1611445,2.18558
2084-10-21 12:00:00,1.6113452,1.8216937,1.8539486,5.2959027,2.791868,2.0156376
2084-10-22 12:00:00,1.9021413,1.6127417,3.0053706,3.9568348,5.050186,2.8808587
2084-10-23 12:00:00,2.5309482,2.557114,5.347229,6.9518785,6.3321285,3.9891658
2084-10-24 12:00:00,3.739976,3.157599,5.087165,7.436146,5.989249,4.7967305
2084-10-25 12:00:00,3.1867137,2.541091,4.4328847,6.7804475,3.226318,4.203418
2084-10-26 12:00:00,1.3422382,1.5391921,3.773693,3.9915361,4.5888724,3.537035
2084-10-27 12:00:00,0.81141806,1.1583567,2.2362638,4.080144,3.9925053,2.5931435
2084-10-28 12:00:00,1.1079613,1.0906572,2.172157,4.988119,4.737867,1.7733996
2084-10-29 12:00:00,1.6670482,1.2737466,4.367547,2.5631661,5.5897746,1.9496487
2084-10-30 12:00:00,1.9100742,1.5979683,5.0767846,3.9110231,5.644743,2.7827568
2084-10-31 12:00:00,3.0320263,2.6469738,3.7118292,4.521822,5.841085,2.8131778
2084-11-01 12:00:00,1.5201133,1.430717,2.6317494,4.193645,4.5513344,2.721655
2084-11-02 12:00:00,1.5758431,1.4043045,2.3275845,4.3131533,5.2837963,2.6681087
2084-11-03 12:00:00,2.4830694,2.2310798,5.3761373,4.221608,6.1325088,3.5665991
2084-11-04 12:00:00,2.5007343,2.4109116,4.06303,5.114196,5.7602906,3.842192
2084-11-05 12:00:00,3.6495337,2.9179869,6.5328755,4.524583,3.7087035,4.8221507
2084-11-06 12:00:00,3.0023155,2.175146,4.3100696,4.376142,4.086255,2.5594296
2084-11-07 12:00:00,2.0020585,1.6477872,3.1980143,4.003651,3.902249,1.8874922
2084-11-08 12:00:00,2.2936351,1.9736545,3.5649512,2.4302437,3.1815584,2.2711935
2084-11-09 12:00:00,2.4170864,2.295198,2.0253599,1.8097398,2.8644528,1.5069258
2084-11-10 12:00:00,2.3320282,2.295552,2.5057933,2.5897095,4.0541325,1.8253198
2084-11-11 12:00:00,1.195468,1.4875522,2.2085319,2.9908981,2.9315603,2.093578
2084-11-12 12:00:00,0.89567435,1.1375365,1.7707253,2.03166,2.1965535,1.9282237
2084-11-13 12:00:00,0.8551389,1.0776353,2.1232073,1.4935985,2.4924924,1.564885
2084-11-14 12:00:00,1.5513217,1.4037133,2.29768,1.5618807,2.210851,1.5175908
2084-11-15 12:00:00,1.572043,1.425362,2.11104,2.6936631,3.093514,1.6511388
2084-11-16 12:00:00,0.90257347,0.9434285,2.7638805,5.555715,6.1024995,3.0744855
2084-11-17 12:00:00,1.0960758,1.1653001,2.344064,4.409123,5.996319,2.337917
2084-11-18 12:00:00,1.6868947,1.7400519,2.0472176,3.4340796,4.5572047,1.7486697
2084-11-19 12:00:00,1.4713506,1.6005077,4.2252007,2.314675,2.9738808,2.288941
2084-11-20 12:00:00,2.029595,1.8671969,6.841609,5.687173,5.0628605,4.6675963
2084-11-21 12:00:00,3.25536,3.025004,6.112765,6.402484,7.2126613,4.106831
2084-11-22 12:00:00,4.3456573,3.6160984,6.421,5.7883105,7.1788816,3.2630675
2084-11-23 12:00:00,2.164619,2.438337,2.9316976,3.9059918,4.6216984,2.0134544
2084-11-24 12:00:00,1.8390362,1.9808639,3.0842385,3.8630638,3.0812936,2.688918
2084-11-25 12:00:00,1.1672735,1.0058663,4.087662,4.2794228,3.5736494,3.934897
2084-11-26 12:00:00,1.3232136,1.2604538,4.0381017,4.8320985,4.6936674,3.504166
2084-11-27 12:00:00,0.99388945,1.1983887,4.0390277,3.4088535,6.1584473,2.870486
2084-11-28 12:00:00,1.155499,1.2514825,3.707064,3.0037427,5.5537825,2.526122
2084-11-29 12:00:00,1.6329657,1.4540982,3.7245631,4.6005955,4.7336826,2.8048499
2084-11-30 12:00:00,1.0806141,1.1674376,4.108644,5.0855107,3.3848293,3.556068
2084-12-01 12:00:00,1.9534236,1.9044647,4.262524,5.4916477,3.243932,3.6245036
2084-12-02 12:00:00,2.0762773,1.8274585,4.389597,5.1192327,5.2713046,3.2496736
2084-12-03 12:00:00,3.1129646,2.8674123,5.9785137,5.8619804,7.963076,4.3935513
2084-12-04 12:00:00,2.117482,1.9196004,4.997944,6.7150927,8.903787,3.9892266
2084-12-05 12:00:00,1.8889407,1.6868742,4.377151,4.137931,6.724451,2.731768
2084-12-06 12:00:00,1.9746977,1.5898616,4.1790724,5.0105214,5.5202327,3.0660276
2084-12-07 12:00:00,0.7571113,1.0697542,2.300519,5.831792,3.9011772,2.3481135
2084-12-08 12:00:00,2.0991068,1.6858358,4.292316,3.5797493,3.7579024,3.3022835
2084-12-09 12:00:00,3.6974025,3.0898166,4.0972357,3.8489492,4.177212,3.1234484
2084-12-10 12:00:00,2.790408,2.6339107,3.8523097,4.18522,4.5403314,2.4633741
2084-12-11 12:00:00,1.816704,1.6520369,5.921438,4.6111083,4.6434135,4.2973027
2084-12-12 12:00:00,2.5833602,2.0950885,4.7723746,4.3482666,3.5161676,3.7720797
2084-12-13 12:00:00,2.8558822,2.3393903,3.9512,4.255267,3.1871462,2.8022377
2084-12-14 12:00:00,1.8040013,1.8426471,3.820753,4.9241076,4.0349627,3.0193732
2084-12-15 12:00:00,2.9841738,2.8373153,4.8218136,7.90898,3.7822075,3.9330528
2084-12-16 12:00:00,1.2311871,1.4376192,3.05436,3.2739959,2.8701916,2.175314
2084-12-17 12:00:00,1.2162609,1.2297142,3.7601151,2.754982,3.0503612,2.5123775
2084-12-18 12:00:00,1.8274598,1.6668042,3.5313098,4.3546033,3.4539943,2.6838613
2084-12-19 12:00:00,1.6519585,1.2106658,2.7877653,3.2824106,3.2400968,1.4451839
2084-12-20 12:00:00,1.9858966,1.9970746,3.2087183,4.6152015,4.251967,2.7976594
2084-12-21 12:00:00,1.8818314,1.7391899,5.365718,3.1951396,4.085206,3.066863
2084-12-22 12:00:00,2.7969193,1.9616212,5.757893,2.302907,4.0149536,2.2548244
2084-12-23 12:00:00,2.0142257,1.5664034,3.7926056,3.5671506,3.8900676,1.8513315
2084-12-24 12:00:00,1.0547334,1.3558607,2.1334326,2.7705967,3.5803404,1.7389066
2084-12-25 12:00:00,1.016765,1.221916,2.9443939,2.1729205,2.612572,1.8489505
2084-12-26 12:00:00,1.6078749,1.4455305,3.8069758,3.1853821,3.1027122,2.207028
2084-12-27 12:00:00,1.4280553,1.3482403,3.8446772,5.031815,4.8826423,1.9869909
2084-12-28 12:00:00,1.0104843,1.5032296,3.062911,4.071709,5.4919424,2.3456442
2084-12-29 12:00:00,1.1074386,1.2839795,2.6787145,5.4897285,5.8822412,2.3897367
2084-12-30 12:00:00,2.8411858,2.4887834,5.591108,8.987077,6.3338704,5.4386697
2084-12-31 12:00:00,2.1703336,2.0835288,5.760749,6.500662,7.7571473,4.214698
2085-01-01 12:00:00,1.9302158,1.8401316,4.3805,5.93931,6.1284184,4.0818286
2085-01-02 12:00:00,2.0688274,1.9212978,5.5252123,6.643246,5.960237,5.4337916
2085-01-03 12:00:00,1.8432484,1.6891141,4.9312253,3.8972857,7.5420775,3.1309204
2085-01-04 12:00:00,0.77838117,0.93662924,3.207096,4.7144957,6.0914927,2.809994
2085-01-05 12:00:00,2.258233,2.300331,4.387905,4.4980435,4.9047008,3.124195
2085-01-06 12:00:00,2.1602983,1.7196689,4.0741253,4.519125,6.7860217,2.9587443
2085-01-07 12:00:00,2.1897826,1.8039885,5.4569197,4.5285683,8.067186,2.972605
2085-01-08 12:00:00,3.426052,2.7748215,4.433131,5.444143,7.8638597,3.4220436
2085-01-09 12:00:00,4.0365896,3.4533126,6.820138,6.150147,6.8961163,4.5192156
2085-01-10 12:00:00,2.6275342,2.6134963,4.917974,6.2064457,8.001054,4.0818152
2085-01-11 12:00:00,4.1132593,3.753177,6.727527,8.965288,8.677312,5.499341
2085-01-12 12:00:00,1.6879429,1.6412408,5.172126,5.337413,6.7693295,2.889352
2085-01-13 12:00:00,1.3673023,1.3903197,3.9238,4.5750895,4.7367945,3.123721
2085-01-14 12:00:00,3.0666895,2.5382268,7.528837,6.780342,5.201068,5.0827327
2085-01-15 12:00:00,2.6135733,2.5632033,8.8616,6.088414,4.975941,5.7865915
2085-01-16 12:00:00,2.9474416,2.9606776,5.102242,6.252872,5.0180807,4.231048
2085-01-17 12:00:00,4.728628,3.9137506,6.6764045,6.668899,8.800731,4.734464
2085-01-18 12:00:00,3.1794508,2.7400365,5.8633876,6.0998054,7.388536,4.71344
2085-01-19 12:00:00,4.7669573,4.441098,9.010167,7.392467,7.5736656,6.031161
2085-01-20 12:00:00,4.502358,4.0801663,7.8079824,5.981639,9.516759,5.5752006
2085-01-21 12:00:00,2.5059793,2.4029953,5.673267,5.3069305,6.3014374,3.7944477
2085-01-22 12:00:00,4.1034985,3.7199557,7.4147773,7.487031,5.683406,5.570301
2085-01-23 12:00:00,4.0397015,3.4474053,6.6930637,5.894276,6.8499036,4.438979
2085-01-24 12:00:00,3.383696,2.9184806,5.9706063,6.3750587,7.0732327,4.486806
2085-01-25 12:00:00,5.1011972,4.015426,6.221595,6.9606366,7.0547023,4.2729144
2085-01-26 12:00:00,1.1553271,1.2972443,2.5038679,4.7572346,6.5714335,1.6465298
2085-01-27 12:00:00,1.7629739,1.6444103,2.9497612,5.363503,5.0406914,2.7876441
2085-01-28 12:00:00,1.1010861,1.2358027,4.275666,5.283298,4.5974426,3.9075317
2085-01-29 12:00:00,1.4789968,1.3591486,4.1866016,5.495614,5.947374,2.9680805
2085-01-30 12:00:00,1.3237207,1.3896766,3.1258318,5.0930967,7.70004,2.1982088
2085-01-31 12:00:00,1.3007023,1.2140733,4.01125,5.6279697,7.7842374,4.0224338
2085-02-01 12:00:00,2.0172312,1.6073179,3.134048,5.199724,5.8036776,2.7824867
2085-02-02 12:00:00,1.913667,2.0972795,4.21561,8.779019,6.0349917,4.223721
2085-02-03 12:00:00,1.7130332,1.9829524,4.3231945,7.1004667,6.4720535,2.7047465
2085-02-04 12:00:00,2.6405468,2.4190261,6.273154,6.1115637,4.051215,4.766123
2085-02-05 12:00:00,2.8219066,2.4709263,5.7063446,5.609587,3.5856695,4.7730794
2085-02-06 12:00:00,3.722303,2.7990167,8.095239,5.493022,4.447716,5.3599086
2085-02-07 12:00:00,2.5167086,2.5865617,2.709055,3.819001,2.9753492,2.3913527
2085-02-08 12:00:00,0.9908668,1.0026708,2.740267,2.363671,3.3024788,1.9133831
2085-02-09 12:00:00,2.0553446,1.3001286,3.1826806,3.4942288,3.1676266,2.0932064
2085-02-10 12:00:00,2.1570492,1.563663,5.1480765,3.1897972,3.5228772,2.4481788
2085-02-11 12:00:00,4.1670494,2.620778,4.176585,3.2180495,3.9246879,2.349719
2085-02-12 12:00:00,2.6332135,1.6670085,2.7035694,3.1547167,3.0802367,1.7938695
2085-02-13 12:00:00,0.94023514,0.9861814,2.840362,2.9795485,3.6489582,1.7534153
2085-02-14 12:00:00,2.2235086,1.7734349,3.6837711,4.4311833,4.8192525,1.9891758
2085-02-15 12:00:00,2.093617,1.9116828,5.3419294,6.0607777,5.028052,3.5438602
2085-02-16 12:00:00,1.7083385,1.665428,3.8254561,5.064299,6.562908,2.6593935
2085-02-17 12:00:00,2.6478412,1.9908665,7.6254764,5.3616133,5.0147996,4.95384
2085-02-18 12:00:00,1.7212484,2.1044962,4.7026534,7.4460893,6.35488,4.2028546
2085-02-19 12:00:00,2.9645934,2.769854,5.190733,7.6769733,5.888693,4.9311748
2085-02-20 12:00:00,1.9926598,1.6918422,3.8584507,4.9924026,5.6480975,2.9650583
2085-02-21 12:00:00,2.2394257,1.941851,3.9428878,5.697306,4.31327,3.7854137
2085-02-22 12:00:00,4.712289,3.5778756,6.574704,7.3823013,6.5788136,4.247217
2085-02-23 12:00:00,3.0401306,2.7806606,6.6869373,5.9570885,4.8080716,5.3444877
2085-02-24 12:00:00,2.6260073,3.0350957,5.2669616,5.0768623,5.530749,4.328854
2085-02-25 12:00:00,3.415688,2.8442514,5.7110624,5.4567537,4.8149147,4.5746565
2085-02-26 12:00:00,2.5947752,2.4415197,4.7036796,4.0628242,4.081,3.2352722
2085-02-27 12:00:00,2.622064,2.2612655,5.3930173,4.476865,5.037472,3.9424531
2085-02-28 12:00:00,4.648427,3.717015,8.074967,5.251742,6.484036,4.547491
2085-03-01 12:00:00,2.9255967,3.0034614,5.4051733,6.896265,5.402297,3.8093562
2085-03-02 12:00:00,2.432973,2.14508,4.8900275,6.2136617,5.9258842,4.7036457
2085-03-03 12:00:00,4.296941,3.8589823,6.228481,5.997422,6.4637036,4.4263425
2085-03-04 12:00:00,3.7106347,3.454482,4.9314027,7.526964,9.427123,5.1900196
2085-03-05 12:00:00,2.9429464,2.7670774,4.2788754,7.3893423,10.338579,4.794991
2085-03-06 12:00:00,1.0520718,0.95610416,2.7564247,4.0761166,9.159337,2.3387804
2085-03-07 12:00:00,1.0755883,1.1326301,3.933489,1.9265084,6.946097,1.9983959
2085-03-08 12:00:00,1.1721265,1.1397691,4.3082247,2.0552828,6.4330597,2.4430866
2085-03-09 12:00:00,1.0870678,1.1837304,4.315186,2.5410278,4.0994344,2.7701871
2085-03-10 12:00:00,1.5754814,1.4522891,3.6442153,3.3976312,3.4323616,3.2875886
2085-03-11 12:00:00,1.717702,1.400768,3.2019732,3.440205,4.510376,3.3266706
2085-03-12 12:00:00,1.1317555,1.0825686,2.4772084,2.0197504,5.4301434,2.4606133
2085-03-13 12:00:00,2.266652,2.245505,3.635241,5.5305376,4.4842906,4.0406346
2085-03-14 12:00:00,3.053565,2.2994776,3.2846603,4.0563116,4.8697453,2.3143926
2085-03-15 12:00:00,4.7493863,3.7849243,6.19523,6.5462565,6.094666,4.6650314
2085-03-16 12:00:00,5.1194735,4.4507184,7.134877,7.115659,5.461844,5.056644
2085-03-17 12:00:00,2.7101014,2.5624769,3.462703,5.981405,5.6097713,2.6283305
2085-03-18 12:00:00,2.1547303,2.0640664,3.038072,4.4463906,5.718484,2.7717922
2085-03-19 12:00:00,3.2574234,2.7730498,2.6857576,3.3638568,4.372441,2.1881611
2085-03-20 12:00:00,3.085872,2.442754,5.5971894,4.3848467,6.1442,2.657648
2085-03-21 12:00:00,4.600638,3.9964821,6.0770416,5.347397,3.8716285,3.9257135
2085-03-22 12:00:00,3.9276605,3.3830292,2.4698532,4.652493,3.5341008,2.3476355
2085-03-23 12:00:00,1.844955,1.5459013,2.197756,2.6470277,2.9924555,1.3307073
2085-03-24 12:00:00,1.5224378,1.444099,4.809025,2.8219552,3.0345974,3.027481
2085-03-25 12:00:00,1.5384879,1.8848162,5.271131,3.7485383,2.8738499,3.243405
2085-03-26 12:00:00,2.4038525,2.420935,6.046312,4.3346996,3.327666,3.411538
2085-03-27 12:00:00,2.9662838,2.8980699,5.7977667,4.6462607,3.7013118,3.1332278
2085-03-28 12:00:00,3.7443476,3.2943265,6.3553805,4.929353,4.5069757,3.2130659
2085-03-29 12:00:00,3.9656901,3.263233,6.090657,5.0612245,5.611832,3.0588183
2085-03-30 12:00:00,1.5092363,1.3529987,2.4475634,3.6242535,4.482254,2.064903
2085-03-31 12:00:00,1.6240385,1.2821186,2.5324156,2.5320776,4.067702,1.6843328
2085-04-01 12:00:00,1.8669612,2.0557866,2.1938372,4.931579,3.3400607,2.85657
2085-04-02 12:00:00,2.5962386,2.1488452,3.9023876,4.278146,5.1185613,2.1449318
2085-04-03 12:00:00,2.4561353,1.8733118,3.9790199,3.2428718,6.486331,1.7297131
2085-04-04 12:00:00,3.1376724,2.7407012,2.725008,3.7599947,4.729636,1.5951216
2085-04-05 12:00:00,2.7821255,2.3479757,2.9344575,2.3440433,2.8632348,1.878468
2085-04-06 12:00:00,1.469636,1.5364338,2.5706966,2.6319687,4.014878,1.378438
2085-04-07 12:00:00,1.9511143,1.9384253,3.030272,3.5559196,4.2190723,1.6252643
2085-04-08 12:00:00,1.3598224,1.5532765,2.35729,3.4385784,4.569924,1.3188184
2085-04-09 12:00:00,1.0112939,1.0140558,1.8163238,2.6721227,4.405725,1.177339
2085-04-10 12:00:00,0.8453443,0.9370197,1.938227,1.7477523,6.007548,1.3539208
2085-04-11 12:00:00,1.0082545,0.9888431,2.5296738,1.838055,6.195583,1.4420214
2085-04-12 12:00:00,1.3708007,1.1836334,2.735571,2.4765503,5.615324,1.54371
2085-04-13 12:00:00,1.599071,1.2856203,2.7123837,2.2589245,3.646511,1.7621789
2085-04-14 12:00:00,1.5339826,1.2685415,3.5294125,2.635938,2.4725115,2.391572
2085-04-15 12:00:00,2.1278958,1.5291624,2.8716981,4.1771283,3.403262,1.6842877
2085-04-16 12:00:00,2.0050077,1.8524615,2.4201932,3.2545128,3.0671506,1.3529342
2085-04-17 12:00:00,2.6613,2.0035412,3.1514463,2.5247815,3.4250991,1.6937537
2085-04-18 12:00:00,2.4412603,1.86467,2.5187025,2.9621975,2.5326996,1.609718
2085-04-19 12:00:00,2.0517168,1.7792579,2.3683903,2.9855227,2.2196312,2.2213533
2085-04-20 12:00:00,2.291344,1.8457909,2.750088,2.504209,2.8160663,2.0985222
2085-04-21 12:00:00,1.4807041,1.1970953,2.8983572,2.7430673,2.4742806,1.5023432
2085-04-22 12:00:00,1.143939,1.0546447,2.9790308,2.7156427,2.9503024,2.3385806
2085-04-23 12:00:00,2.8709853,2.4469357,4.635514,3.0341146,2.7581146,2.7508297
2085-04-24 12:00:00,3.429554,2.6688452,3.5164037,3.2442975,3.0200393,1.9969554
2085-04-25 12:00:00,1.8468138,1.6988955,2.6066928,3.1838853,2.4856932,1.7328109
2085-04-26 12:00:00,2.5502174,2.0898035,4.0093117,4.133667,2.3702323,2.6989481
2085-04-27 12:00:00,1.6105514,1.510212,2.5429654,2.7424629,2.6400313,1.8048855
2085-04-28 12:00:00,1.8715577,1.5424486,3.4652355,2.8160398,2.915424,3.0726233
2085-04-29 12:00:00,1.2123218,1.1069971,2.3884907,2.0908651,2.7670724,1.7678512
2085-04-30 12:00:00,1.0316736,0.96027386,1.6318187,1.5491792,2.0029798,1.3981732
2085-05-01 12:00:00,1.1482288,0.99797255,1.6006595,1.8112924,2.3151798,1.3863428
2085-05-02 12:00:00,3.6820674,2.8419902,3.5737684,3.0295885,2.7216043,1.8394338
2085-05-03 12:00:00,3.123372,2.5736253,3.2042263,3.6093647,3.0429358,1.856376
2085-05-04 12:00:00,2.1438947,1.8266213,2.3222587,2.9701974,4.030361,1.5052998
2085-05-05 12:00:00,1.7168734,1.3039185,2.4571202,2.566792,4.686668,1.7771293
2085-05-06 12:00:00,1.2269402,1.1973763,2.7784586,2.9702542,5.1980405,1.6524826
2085-05-07 12:00:00,1.7267482,1.4893204,2.2693477,3.534154,3.0229473,1.3792073
2085-05-08 12:00:00,1.0725241,1.0594704,2.280386,2.7951076,2.4263642,1.3794056
2085-05-09 12:00:00,1.9618604,1.6564938,2.23052,2.372958,3.3279738,1.3617312
2085-05-10 12:00:00,1.7810097,1.7063124,1.9794835,2.4448807,5.714411,1.7432647
2085-05-11 12:00:00,1.5216448,1.644444,2.0291615,2.3406913,4.802619,1.3026162
2085-05-12 12:00:00,1.3253964,1.4438941,2.4441042,2.254849,3.7563436,1.3670838
2085-05-13 12:00:00,1.7987305,1.7273092,2.786654,4.154355,4.2901707,1.5675153
2085-05-14 12:00:00,2.4884808,2.514322,3.5815988,4.539399,3.2553215,2.3650692
2085-05-15 12:00:00,2.9129293,2.4926422,4.0412793,3.5696752,5.0801015,2.701749
2085-05-16 12:00:00,2.943282,2.6551764,3.8651109,3.7303474,6.807501,3.4736507
2085-05-17 12:00:00,3.023844,2.5232599,3.1618657,4.174541,5.0174136,2.8795402
2085-05-18 12:00:00,2.2025576,1.7919911,3.0643673,2.913012,2.4929311,2.4316525
2085-05-19 12:00:00,3.5949574,3.4045534,6.563726,5.4623113,2.6576247,4.648546
2085-05-20 12:00:00,3.570005,3.210166,4.66145,3.5456517,3.4748256,3.090658
2085-05-21 12:00:00,1.9949956,1.676266,3.4447017,2.5120864,4.636767,1.9735713
2085-05-22 12:00:00,1.832332,1.4402514,3.0458627,3.2448564,3.8425605,1.5352925
2085-05-23 12:00:00,2.0988138,1.6386871,2.7804484,5.029781,4.1938,1.6231115
2085-05-24 12:00:00,2.3421974,1.7249327,2.5109174,4.262226,4.051495,1.512392
2085-05-25 12:00:00,3.5055413,2.9918156,4.322479,4.3688455,4.5198116,4.427668
2085-05-26 12:00:00,2.543852,2.8236861,4.2756834,3.1192095,3.1465254,3.6587412
2085-05-27 12:00:00,2.3609033,2.3776062,3.1823146,3.4357605,3.1518712,2.3045783
2085-05-28 12:00:00,2.5648475,2.506537,4.4924164,3.4824762,3.5495198,3.460867
2085-05-29 12:00:00,3.063111,2.7236469,4.2220755,3.5853064,4.078709,3.016073
2085-05-30 12:00:00,1.7430754,2.1096175,2.3806493,2.947329,3.7917733,1.556979
2085-05-31 12:00:00,3.9115577,3.032998,3.7173495,3.663375,4.1324773,2.2186985
2085-06-01 12:00:00,1.9540268,1.7474346,4.284915,2.7317502,3.7556918,2.8189068
2085-06-02 12:00:00,1.2756423,1.3852959,3.9848917,3.3099115,3.501592,2.8522663
2085-06-03 12:00:00,2.4333987,1.9260482,3.023557,2.7294624,3.1327817,2.0457883
2085-06-04 12:00:00,1.5791563,1.5092496,2.665224,3.3386028,3.657469,2.4642022
2085-06-05 12:00:00,1.0682654,1.2824492,1.9818224,2.9263818,4.4808507,1.173502
2085-06-06 12:00:00,2.7538908,2.4610653,3.0394025,3.8346927,3.3204892,2.8267689
2085-06-07 12:00:00,3.1177645,2.9881592,4.0208035,4.414917,3.0487123,3.0782537
2085-06-08 12:00:00,2.4269981,2.1947947,3.1098657,2.603323,2.2749655,1.8991872
2085-06-09 12:00:00,2.4373221,1.9140742,2.8781772,2.8190792,2.5752902,2.2755818
2085-06-10 12:00:00,2.1350532,1.678729,3.1531515,3.8759613,4.3925,2.087627
2085-06-11 12:00:00,2.1866233,2.1349647,3.5950508,3.3100271,3.3855593,1.7438673
2085-06-12 12:00:00,1.9918988,1.9982849,3.359653,3.310745,2.7704523,2.6249347
2085-06-13 12:00:00,3.4408348,3.2631667,4.8368936,4.8465867,3.589816,3.9102137
2085-06-14 12:00:00,2.964814,2.2483382,4.1945786,3.2826793,3.9141777,2.415171
2085-06-15 12:00:00,2.9906745,3.3655813,6.1429386,3.5570464,2.9934866,3.4594572
2085-06-16 12:00:00,2.8346019,2.4120474,5.080359,2.7152126,2.4117274,3.0198236
2085-06-17 12:00:00,2.8757653,2.655226,3.4204223,3.823136,3.018304,2.9443135
2085-06-18 12:00:00,2.960425,2.5422716,2.0136063,5.447056,3.759179,1.8162501
2085-06-19 12:00:00,2.3034263,1.8235817,2.2029104,4.706604,3.899149,1.3783194
2085-06-20 12:00:00,1.3077796,0.99395895,1.647754,3.573136,5.0487757,0.9430364
2085-06-21 12:00:00,0.9848542,1.3569808,2.4358406,2.8942912,4.3844156,1.9011536
2085-06-22 12:00:00,1.6591828,1.6419092,3.2930105,3.8259387,4.0262513,2.5886939
2085-06-23 12:00:00,1.1709361,1.1572502,2.8172414,2.9769006,3.5277689,2.39175
2085-06-24 12:00:00,2.1845365,1.5991999,3.4154224,2.7982237,2.4806857,3.2051604
2085-06-25 12:00:00,1.9405737,1.6181293,3.570373,3.2202144,2.6479778,3.228007
2085-06-26 12:00:00,1.5149058,1.4367836,3.8898263,2.5067685,2.9854863,2.582118
2085-06-27 12:00:00,1.2733898,1.3714974,3.8343186,1.852905,3.1257615,1.9808515
2085-06-28 12:00:00,1.1881721,1.4633796,4.492911,2.9976342,3.4494426,2.6036947
2085-06-29 12:00:00,2.9399216,2.8729248,5.2944956,5.556118,5.2709565,3.4708052
2085-06-30 12:00:00,2.2755017,2.3469064,4.06031,5.2618346,9.385782,2.7762454
2085-07-01 12:00:00,1.9513338,1.9790348,2.671019,4.506342,7.0133915,1.497938
2085-07-02 12:00:00,2.5901957,2.0430355,3.011894,4.309427,3.9805155,1.4296812
2085-07-03 12:00:00,2.130879,1.599765,3.5668247,4.936775,4.4051266,1.8750373
2085-07-04 12:00:00,0.994099,1.3487399,2.7049708,4.447956,3.953117,1.5645342
2085-07-05 12:00:00,1.5883524,1.3755231,2.4677978,3.858216,2.7967272,1.500662
2085-07-06 12:00:00,1.3888696,1.2383032,2.4410877,3.7635646,3.1954727,1.5892202
2085-07-07 12:00:00,1.1426919,1.1892833,1.93343,3.7682848,4.312889,1.1325299
2085-07-08 12:00:00,1.8851087,1.3839567,3.425857,4.1163454,3.4537451,1.6480742
2085-07-09 12:00:00,3.0606966,2.4892654,4.7705975,4.6857686,2.9436243,2.0467176
2085-07-10 12:00:00,3.8874779,2.894172,4.2484684,3.5490181,2.9670734,1.9355168
2085-07-11 12:00:00,3.6403592,2.901828,2.8354032,3.0070248,3.2089975,1.7471163
2085-07-12 12:00:00,1.7332404,1.3505201,2.5797377,2.468577,2.748411,1.6402208
2085-07-13 12:00:00,1.437115,1.2667607,2.497122,2.518176,1.9196334,1.8578902
2085-07-14 12:00:00,1.2783475,1.0988897,1.9424571,2.0948672,3.1615558,1.2678213
2085-07-15 12:00:00,0.75786465,0.9363308,1.816788,2.7144544,3.21168,1.3633631
2085-07-16 12:00:00,1.5861475,1.2803907,1.6956867,3.6774154,2.9464262,1.3797163
2085-07-17 12:00:00,1.7557714,1.3335879,2.3133411,3.26864,3.5277038,1.1652578
2085-07-18 12:00:00,1.6080229,1.3213478,2.1671734,2.3083344,3.7862976,1.2813834
2085-07-19 12:00:00,1.4721258,1.2044362,2.1700597,2.2780893,3.5538256,1.4733115
2085-07-20 12:00:00,1.2089287,1.1472776,1.8966829,1.9164838,3.0462549,1.4437336
2085-07-21 12:00:00,1.3087125,1.2130622,1.8283136,2.0600858,2.1353915,1.3245387
2085-07-22 12:00:00,1.3458691,1.1735185,1.578658,2.0492344,1.5416003,1.3096874
2085-07-23 12:00:00,1.4897108,1.3562027,1.732951,1.7484918,1.5737627,1.3672439
2085-07-24 12:00:00,2.3011374,1.8507645,2.0418015,2.4552531,1.9357605,1.71485
2085-07-25 12:00:00,2.1509156,1.8974074,2.545099,3.827635,2.8875844,1.6168183
2085-07-26 12:00:00,1.2896814,1.5269952,3.328774,3.8886907,3.5905347,3.0404043
2085-07-27 12:00:00,1.5718799,1.6332797,3.8445203,2.9118857,4.4869,2.5029438
2085-07-28 12:00:00,1.4452941,1.3310678,3.0380068,2.8008306,3.503891,1.5210978
2085-07-29 12:00:00,2.130139,2.1520853,3.9894428,3.6964083,3.3623555,2.9787214
2085-07-30 12:00:00,2.790022,2.5009384,4.1786304,3.2873087,3.0875547,3.6364353
2085-07-31 12:00:00,2.0680914,1.9886653,3.062717,3.8755708,3.901023,3.0503345
2085-08-01 12:00:00,1.8163768,1.827241,3.3129222,4.188458,2.992932,3.6839027
2085-08-02 12:00:00,1.8627498,1.6519877,2.7840097,3.8762746,4.32792,3.1508389
2085-08-03 12:00:00,1.4965639,1.3445208,2.4936445,3.529155,5.240016,2.6945894
2085-08-04 12:00:00,2.059597,1.8428007,2.4464562,4.3162427,5.749948,2.8414419
2085-08-05 12:00:00,1.7676953,1.7627168,3.2807148,3.54128,6.463301,2.9521706
2085-08-06 12:00:00,1.9372988,1.7062395,3.0577502,3.5177543,5.1650515,2.3324158
2085-08-07 12:00:00,1.3202801,1.1917264,2.0860517,2.1874232,4.890183,1.2960764
2085-08-08 12:00:00,1.7516804,1.402299,2.2733934,2.8044496,3.9654744,1.2385192
2085-08-09 12:00:00,2.1929672,1.7883779,2.8554378,4.62449,3.9455576,2.3587523
2085-08-10 12:00:00,1.7781668,1.7349195,3.6741705,4.747337,3.9888809,2.4998908
2085-08-11 12:00:00,2.7712317,2.3813014,5.3778,4.8785033,3.267613,3.360279
2085-08-12 12:00:00,3.7473514,3.371491,6.0247235,6.512506,7.305984,4.186039
2085-08-13 12:00:00,4.5262833,3.7180502,5.182657,5.391994,6.6443825,3.6207461
2085-08-14 12:00:00,2.133255,2.045364,3.3959484,4.2806025,4.446046,1.9333777
2085-08-15 12:00:00,1.1063066,1.1464285,3.087295,4.8907933,5.1630588,1.9903711
2085-08-16 12:00:00,2.128226,1.927836,2.8962166,2.961395,3.691354,1.7694257
2085-08-17 12:00:00,1.1223264,1.2546059,2.474639,2.124056,2.7835472,1.7818754
2085-08-18 12:00:00,1.2114244,1.3032659,3.922568,3.6641037,3.583876,2.7189202
2085-08-19 12:00:00,1.4458351,1.4111744,2.373299,5.380107,4.673965,1.8859054
2085-08-20 12:00:00,0.9123614,1.0638183,2.110506,3.9189873,5.217408,1.2874948
2085-08-21 12:00:00,1.1236867,1.2877846,2.0125287,2.4887125,5.9101415,1.3787687
2085-08-22 12:00:00,1.3512487,1.6040932,2.3709126,1.9747257,4.819991,1.1495757
2085-08-23 12:00:00,1.0668977,1.3156122,2.2266831,2.7532084,3.7542326,1.4108889
2085-08-24 12:00:00,1.1572685,1.2170793,2.01351,1.954027,4.4820404,1.3277389
2085-08-25 12:00:00,1.4329193,1.1392088,1.9129157,1.9505764,3.9686477,1.1661758
2085-08-26 12:00:00,1.7596116,1.6732067,2.2321742,3.2039192,2.9815478,2.2361777
2085-08-27 12:00:00,1.0331615,1.3409904,3.0145755,4.3305397,5.10222,1.6320698
2085-08-28 12:00:00,2.810523,2.3070755,2.9780827,3.5117059,3.5349452,2.6933584
2085-08-29 12:00:00,3.1126723,2.138629,3.6401079,2.5832973,4.6742473,2.395002
2085-08-30 12:00:00,1.7020283,1.3150365,4.1848154,2.030972,5.8425183,1.5585997
2085-08-31 12:00:00,3.1491733,2.6580079,4.5368614,3.074627,3.6618457,2.1950011
2085-09-01 12:00:00,2.3124843,2.1656373,3.5450735,4.679762,3.991406,3.485712
2085-09-02 12:00:00,1.3704202,1.3334085,2.4058652,2.7696311,3.361684,1.5731667
2085-09-03 12:00:00,1.9737341,1.7116859,2.1223564,2.181072,3.159801,1.3133726
2085-09-04 12:00:00,2.6092005,2.0062304,2.6535003,3.0336363,3.520104,1.4538254
2085-09-05 12:00:00,3.1336246,2.6121516,2.8322341,3.203801,3.066802,1.8339634
2085-09-06 12:00:00,4.318551,3.2070138,3.4170141,2.863271,3.1484926,2.0856028
2085-09-07 12:00:00,3.458529,2.6841555,3.0727615,3.094158,2.7800353,1.7152646
2085-09-08 12:00:00,1.205715,0.9624488,2.1013744,2.4996839,3.1969402,1.4998792
2085-09-09 12:00:00,1.658492,1.217058,2.736463,2.3310122,2.8394377,2.0726385
2085-09-10 12:00:00,0.6550982,0.9187978,1.6842462,1.5409119,2.1473386,0.9172351
2085-09-11 12:00:00,1.4354254,1.1495366,1.8320638,1.6862829,2.1607702,1.1849126
2085-09-12 12:00:00,1.5643716,1.2688102,2.060118,2.037467,1.7701609,1.103619
2085-09-13 12:00:00,0.883672,0.87581503,2.132465,1.7394137,2.218972,1.137585
2085-09-14 12:00:00,1.08585,1.0554898,1.7816724,2.4305482,3.0775504,1.4849254
2085-09-15 12:00:00,1.8713537,1.3592794,2.4049408,1.8796102,4.323697,1.0432965
2085-09-16 12:00:00,1.2588261,1.3572236,2.5238285,2.8222826,4.6610756,2.1316092
2085-09-17 12:00:00,1.1771568,1.5886809,3.6043742,4.4402347,3.149033,3.0617335
2085-09-18 12:00:00,2.3878365,2.0384305,3.4783185,3.2150512,2.708415,2.7177591
2085-09-19 12:00:00,2.3650942,2.050175,2.4692924,3.8393524,2.911271,2.619172
2085-09-20 12:00:00,2.9786189,2.641049,3.9848545,4.1171675,3.1639762,3.3784852
2085-09-21 12:00:00,2.5893514,2.2936022,3.5497751,2.7494755,3.1043417,2.7887301
2085-09-22 12:00:00,2.3964043,2.0461645,3.4100873,2.7465785,3.0479496,2.7312818
2085-09-23 12:00:00,1.9325795,1.7788547,2.740916,1.5864935,3.1814835,1.7827741
2085-09-24 12:00:00,1.255873,1.2017907,1.7604177,3.0908751,3.380698,1.3586099
2085-09-25 12:00:00,1.0832945,1.3808566,2.3367655,2.1040747,2.59374,1.5749613
2085-09-26 12:00:00,1.2460138,1.303004,2.7274253,2.0842028,3.6194777,1.7779386
2085-09-27 12:00:00,1.3979852,1.2912983,2.6678684,3.0499444,3.7256603,1.6190894
2085-09-28 12:00:00,2.5022707,2.0926633,5.3354654,3.4089656,3.812232,2.7704067
2085-09-29 12:00:00,2.3148844,1.8672559,5.651858,3.1081955,3.82531,2.5047264
2085-09-30 12:00:00,1.4631379,1.4304582,5.3230534,3.0774298,3.0862195,2.858767
2085-10-01 12:00:00,1.9455223,1.8684251,5.8994093,3.4080172,3.0188665,3.4732265
2085-10-02 12:00:00,3.1764002,2.6840186,4.2473407,4.647773,3.2841372,3.5564017
2085-10-03 12:00:00,2.8776379,2.5075536,4.276925,4.1462083,3.2799768,2.6432314
2085-10-04 12:00:00,2.5758424,2.5300832,6.3476906,5.0607853,4.7440577,3.7305546
2085-10-05 12:00:00,2.5357792,2.3802536,5.836114,4.972728,5.458483,3.6185997
2085-10-06 12:00:00,4.8644857,4.0413694,6.131998,6.3751416,5.2403936,3.9103067
2085-10-07 12:00:00,3.999589,3.1914756,6.482613,3.7194135,3.101987,2.9242196
2085-10-08 12:00:00,2.4732976,2.3094313,3.4598994,4.4318027,1.7124181,2.8336673
2085-10-09 12:00:00,3.1291142,2.2811608,4.493805,2.942926,2.6083517,2.189788
2085-10-10 12:00:00,3.826826,2.8055987,3.6109447,3.0508082,3.0752573,2.7462127
2085-10-11 12:00:00,2.5734975,2.1805065,3.0843363,3.6717355,3.221008,1.6877271
2085-10-12 12:00:00,3.7267594,2.848815,4.6588187,4.3675437,3.7553875,2.4061484
2085-10-13 12:00:00,3.3246179,2.4433095,5.5564775,3.6074576,3.0701792,2.5000741
2085-10-14 12:00:00,1.4335264,1.1285067,3.6629608,2.686296,3.2521594,1.4989336
2085-10-15 12:00:00,0.67995167,0.80966234,2.1384418,2.0194368,2.320642,1.3781688
2085-10-16 12:00:00,1.243284,1.0636482,3.2218957,3.0084145,2.6390357,2.360388
2085-10-17 12:00:00,1.5004089,1.5799022,4.6650496,4.734352,4.117377,3.2996523
2085-10-18 12:00:00,0.94827974,1.3250107,5.110428,4.458882,3.2314599,3.7259026
2085-10-19 12:00:00,0.81261754,0.8673175,3.4122121,2.504238,3.3781712,2.3482542
2085-10-20 12:00:00,1.7815658,1.3721378,3.3345652,2.8669217,5.047155,1.9518048
2085-10-21 12:00:00,0.94727194,0.95685786,3.3588123,5.0888805,7.318092,3.1012692
2085-10-22 12:00:00,1.093999,1.2570475,4.016568,6.2634096,7.8758836,4.1318617
2085-10-23 12:00:00,3.3232532,2.8006246,5.8905463,6.641336,7.0593824,4.8625393
2085-10-24 12:00:00,4.1580057,3.125383,5.836155,5.7611113,3.6156518,3.0522509
2085-10-25 12:00:00,2.810009,1.9077201,4.401688,4.5392656,4.010779,2.203225
2085-10-26 12:00:00,2.290568,2.103945,5.156806,2.3787487,3.2803714,2.7798944
2085-10-27 12:00:00,1.3461621,1.4474621,4.893569,2.9081948,3.2431138,2.7352228
2085-10-28 12:00:00,1.8467429,1.6107528,4.517598,2.7661154,3.88033,2.4956212
2085-10-29 12:00:00,3.036034,2.3802,4.347814,2.6954029,3.0639582,3.3963768
2085-10-30 12:00:00,1.7355808,1.5136323,3.5825922,3.1806266,3.2803977,1.9097027
2085-10-31 12:00:00,3.1071591,2.5608196,2.8435156,4.2604065,3.4779146,2.4066079
2085-11-01 12:00:00,2.3840075,2.6231189,2.8376362,3.2130075,4.1637964,2.4756815
2085-11-02 12:00:00,1.4345347,1.5281322,2.1622558,2.4931102,3.4583678,1.509517
2085-11-03 12:00:00,0.70441943,0.948129,1.8076743,3.7365053,3.1344814,1.2160808
2085-11-04 12:00:00,0.96315086,1.2630491,3.7426841,5.79264,4.466257,2.524952
2085-11-05 12:00:00,2.73292,2.22261,4.2459235,4.6162057,4.2181993,2.2673273
2085-11-06 12:00:00,2.4671476,2.1703992,3.9890418,4.0195584,3.6496868,1.6810346
2085-11-07 12:00:00,2.246546,1.9214264,2.5778327,3.2107787,3.7725956,1.5711548
2085-11-08 12:00:00,1.07306,1.1714516,2.5444238,3.4092104,3.237828,2.842731
2085-11-09 12:00:00,1.2572522,1.4203218,2.4645488,2.2843986,3.7131834,2.3847568
2085-11-10 12:00:00,2.4900303,2.1360307,2.7391055,3.0055432,4.282641,2.1055853
2085-11-11 12:00:00,2.4894876,2.1296134,3.047657,2.182328,2.718168,2.6012552
2085-11-12 12:00:00,1.7390971,1.3809998,2.2198877,3.8632092,5.7148542,1.8751378
2085-11-13 12:00:00,1.314815,1.255844,3.1386483,2.874001,5.9714046,1.8220843
2085-11-14 12:00:00,1.2590458,1.294607,2.5200021,2.371389,4.4892316,1.3497941
2085-11-15 12:00:00,1.0770686,1.0279325,2.6299407,2.0142665,4.0665755,1.7805105
2085-11-16 12:00:00,0.96172523,0.90231746,2.7773304,1.9946924,3.3984923,1.7239268
2085-11-17 12:00:00,1.814806,1.2891637,4.026954,2.4690979,3.3536463,2.1905959
2085-11-18 12:00:00,2.0371518,1.3544109,4.132275,3.2993019,4.09241,3.0545588
2085-11-19 12:00:00,2.8845544,1.8009691,4.5460343,2.7576222,4.657061,2.424032
2085-11-20 12:00:00,2.8924167,2.004974,3.1064775,2.8241313,3.0514283,1.3625793
2085-11-21 12:00:00,1.5615768,1.3167615,2.337642,4.555786,4.035796,1.4972352
2085-11-22 12:00:00,0.7537112,0.92663765,1.6792997,5.968127,5.0322056,1.4856328
2085-11-23 12:00:00,3.305233,2.3432362,4.5389767,5.835787,5.390571,2.2814596
2085-11-24 12:00:00,2.8233316,2.6389837,3.174007,4.4317355,5.9595437,2.2302294
2085-11-25 12:00:00,2.1068172,1.7725996,2.308664,4.3296556,7.162199,2.1291592
2085-11-26 12:00:00,1.5252923,1.4954343,2.0684938,4.2990775,5.715303,1.9579755
2085-11-27 12:00:00,3.1223798,2.6853104,5.7510386,4.582173,5.588194,3.3387225
2085-11-28 12:00:00,3.603385,3.1638749,6.0155077,5.4231863,5.1873617,3.8627827
2085-11-29 12:00:00,3.1853652,2.3435607,5.695576,4.114762,3.5264847,3.011786
2085-11-30 12:00:00,2.5596507,2.142249,3.7059562,3.6194365,3.9768867,2.028497
2085-12-01 12:00:00,0.8200545,0.85340655,2.4069674,3.5770392,3.3296254,2.2040808
2085-12-02 12:00:00,0.9699497,1.0065929,3.9667983,4.393933,4.686831,3.3211918
2085-12-03 12:00:00,2.70452,2.4225674,5.2339854,5.4083433,4.8505445,3.4786468
2085-12-04 12:00:00,0.9677971,1.1320324,3.7977264,4.669366,5.977197,3.4368975
2085-12-05 12:00:00,2.2862716,2.1566122,4.818266,5.6665473,4.02875,3.9778333
2085-12-06 12:00:00,3.0674005,2.2422998,3.4539742,4.3309355,4.4676733,2.435979
2085-12-07 12:00:00,1.3186767,1.2469988,3.4594185,2.9936786,3.8428888,2.4237542
2085-12-08 12:00:00,0.7728033,0.9729876,2.763369,1.851527,2.456083,1.4424762
2085-12-09 12:00:00,2.9843047,2.051979,4.1730504,2.3172479,2.3366652,2.4408379
2085-12-10 12:00:00,4.80173,3.1149702,5.5028086,3.5792966,4.0023727,2.558803
2085-12-11 12:00:00,3.3883457,2.3255699,4.837415,4.097633,6.1040606,2.5329566
2085-12-12 12:00:00,2.8254282,2.0105174,4.275429,3.4782622,6.15243,2.2257907
2085-12-13 12:00:00,3.1250482,2.3403103,5.1366906,3.7484767,5.9322305,2.4773762
2085-12-14 12:00:00,2.069995,2.0507398,4.8216515,4.7549815,6.3910313,3.141043
2085-12-15 12:00:00,1.3279333,1.4352016,4.0870075,4.745387,7.213932,3.1665132
2085-12-16 12:00:00,1.1280626,1.1545403,4.548299,3.6543584,5.477593,3.633914
2085-12-17 12:00:00,0.76294446,0.8472928,4.3427672,3.7826893,4.149981,3.3847408
2085-12-18 12:00:00,1.2659842,1.1361753,5.857693,3.2987282,6.1931314,3.0151308
2085-12-19 12:00:00,2.6635501,1.9559228,6.7151484,3.7712977,4.67664,3.5761595
2085-12-20 12:00:00,2.6423144,2.388274,4.6942573,5.049996,4.0454154,3.04107
2085-12-21 12:00:00,1.0335288,1.2043417,4.4359674,4.254552,4.8183064,3.380786
2085-12-22 12:00:00,1.0089095,1.0448469,3.4459085,4.2812157,3.1438053,3.2753873
2085-12-23 12:00:00,0.93935156,1.0096806,4.2654324,4.2775946,4.352206,2.6204326
2085-12-24 12:00:00,2.7294927,2.133568,6.415694,4.3409142,4.589633,3.473659
2085-12-25 12:00:00,4.0334635,3.6072383,6.0446954,5.9011636,7.2277675,3.369314
2085-12-26 12:00:00,3.5333807,3.2121284,4.1319585,6.0867434,6.9568415,2.9143791
2085-12-27 12:00:00,2.999345,2.6838822,4.7961674,5.3795543,7.2637954,3.1058764
2085-12-28 12:00:00,2.8927245,2.2951899,6.399531,3.7656207,5.3540435,3.1279483
2085-12-29 12:00:00,4.0093875,2.9903572,5.2052035,4.658312,3.727973,2.8041267
2085-12-30 12:00:00,2.9556246,2.23142,3.7109632,4.412315,4.8944306,1.9956847
2085-12-31 12:00:00,1.6593118,1.189706,3.2353048,4.001066,5.781026,1.5759705
2086-01-01 12:00:00,1.4378569,1.0819674,4.280317,2.5449476,4.2592235,2.4569101
2086-01-02 12:00:00,1.2025793,1.0629299,5.0806575,3.4136412,2.1724339,3.34795
2086-01-03 12:00:00,1.990991,1.5100764,4.724143,3.9226665,3.073177,2.8825297
2086-01-04 12:00:00,1.8154652,1.6781927,3.7603464,5.146708,3.8822362,3.3820014
2086-01-05 12:00:00,1.9646658,1.6844808,3.1459002,3.6665704,5.251085,2.0799503
2086-01-06 12:00:00,1.9506657,1.7868211,3.8415873,4.2004347,5.2891655,2.2589324
2086-01-07 12:00:00,2.8874226,2.417075,5.297886,6.985911,6.5989814,4.823359
2086-01-08 12:00:00,2.552837,2.2868514,4.5785866,8.085773,7.507131,4.72627
2086-01-09 12:00:00,3.4600706,2.828091,4.968661,5.833335,6.8270674,4.642762
2086-01-10 12:00:00,3.2593884,2.443046,5.3021584,6.6438446,6.0804768,4.8883824
2086-01-11 12:00:00,3.5150607,2.806327,4.9308267,6.3908186,7.148535,4.156462
2086-01-12 12:00:00,1.2948349,1.347582,3.6932664,5.5076566,6.09896,3.567136
2086-01-13 12:00:00,1.1625428,1.2245463,4.4676986,4.8044424,4.7630963,4.215088
2086-01-14 12:00:00,1.5179234,1.3954949,5.060697,4.660993,5.3389444,4.660152
2086-01-15 12:00:00,2.5467067,2.176559,6.2463727,5.471265,6.024253,4.93387
2086-01-16 12:00:00,1.9700719,1.7952592,2.4799721,4.5648847,8.687185,1.4474473
2086-01-17 12:00:00,1.5520216,1.4469476,2.5261955,5.247847,8.204584,2.3616796
2086-01-18 12:00:00,2.856502,2.2019236,3.2014933,4.9773045,5.9484158,1.5695028
2086-01-19 12:00:00,1.711409,1.3787853,2.263185,4.140257,6.0479975,1.4465741
2086-01-20 12:00:00,2.7212207,1.7864546,3.7315435,3.4401724,5.738633,2.3689704
2086-01-21 12:00:00,2.3471904,1.6058985,3.842668,4.0364676,4.6253176,2.8230457
2086-01-22 12:00:00,1.6214323,1.3998697,5.652158,5.375719,5.5964,4.4079204
2086-01-23 12:00:00,4.1169167,3.996036,8.637979,9.06075,9.680605,7.043165
2086-01-24 12:00:00,2.9947715,2.9757988,3.9092813,6.3018236,9.306712,3.4225183
2086-01-25 12:00:00,1.0687493,1.1571255,1.8903294,4.7538056,9.097198,2.2343326
2086-01-26 12:00:00,1.2083337,1.1771985,2.582166,4.0045953,7.0658374,2.8175218
2086-01-27 12:00:00,1.7785699,1.617264,3.6155298,4.239393,6.0038414,2.5164459
2086-01-28 12:00:00,2.265499,1.9051075,4.467812,2.4610026,4.570865,2.8016703
2086-01-29 12:00:00,1.2288194,1.2172852,2.4613633,1.9785191,4.5394406,2.088443
2086-01-30 12:00:00,2.1294312,1.4924746,3.1726549,2.137068,3.9088597,1.772794
2086-01-31 12:00:00,1.4098135,1.2227205,4.9578357,3.0487685,2.194621,2.4521797
2086-02-01 12:00:00,1.6431079,1.2548764,4.690427,2.4578264,2.7593303,2.154606
2086-02-02 12:00:00,0.9231162,0.9956787,4.4387403,2.509916,2.642227,2.1169415
2086-02-03 12:00:00,1.2697957,1.0791153,5.0557094,2.6224644,3.2832222,1.9267136
2086-02-04 12:00:00,1.4517559,1.0505657,5.347303,2.4918559,2.872942,2.165404
2086-02-05 12:00:00,1.4010087,1.2076094,4.532883,3.132229,3.1877549,2.5576031
2086-02-06 12:00:00,1.2518097,1.1173263,3.1668375,2.292895,2.7819633,1.8510591
2086-02-07 12:00:00,1.8401169,1.28719,3.324729,2.9746668,2.734228,1.9229724
2086-02-08 12:00:00,1.5425327,1.3693899,4.2281446,4.5974536,4.735483,2.6103737
2086-02-09 12:00:00,0.9948245,1.1762551,4.69445,5.411893,6.162704,3.7403538
2086-02-10 12:00:00,1.5498079,1.8236046,5.8154364,6.1382136,6.5579276,4.9222426
2086-02-11 12:00:00,3.3658133,3.397605,8.503163,7.2454944,6.916834,5.6466312
2086-02-12 12:00:00,2.7939103,2.8619146,7.084133,6.825623,8.123667,5.0175724
2086-02-13 12:00:00,1.5485694,1.9538828,6.0619226,6.335331,8.176701,4.196145
2086-02-14 12:00:00,1.2264831,1.4484646,5.9784594,4.7309813,8.214903,4.5490007
2086-02-15 12:00:00,0.8040725,0.8819254,3.9529386,3.1865356,3.8594286,3.2367058
2086-02-16 12:00:00,1.5331342,1.4524915,4.9525247,6.031414,6.313668,4.4297547
2086-02-17 12:00:00,4.8283434,4.2229624,7.662373,7.6762695,8.970146,5.1247087
2086-02-18 12:00:00,1.6234466,1.4105248,3.9382608,4.740252,6.3187866,2.7283373
2086-02-19 12:00:00,2.3286037,1.8367999,4.8598723,3.9353597,5.1187983,2.5296984
2086-02-20 12:00:00,2.065866,1.4749223,4.773556,4.258652,4.3134007,2.929795
2086-02-21 12:00:00,3.306164,2.886655,6.693073,5.9555097,4.081383,4.6964555
2086-02-22 12:00:00,2.9696302,2.3910553,6.329523,4.1059194,4.1887994,3.3462846
2086-02-23 12:00:00,3.3039436,2.5054889,4.6095743,4.326333,5.149051,2.5161793
2086-02-24 12:00:00,4.120016,2.9628778,4.0186,3.6320164,4.14311,2.1516905
2086-02-25 12:00:00,3.8743718,2.9262474,3.9766665,2.888182,4.738759,2.4456508
2086-02-26 12:00:00,1.8515055,1.6251036,3.3824713,2.9916308,3.76261,2.8408637
2086-02-27 12:00:00,1.0999625,1.0599067,2.9414365,2.151237,3.4775653,1.7336535
2086-02-28 12:00:00,0.858119,0.984817,3.1637444,3.9120545,3.9252326,2.070008
2086-03-01 12:00:00,1.7491901,1.7356808,5.3412724,5.2510996,3.9190838,3.9694912
2086-03-02 12:00:00,3.0278876,2.628238,5.2947006,5.1458826,5.004734,3.5666127
2086-03-03 12:00:00,3.0717697,2.634067,5.9878845,6.0848694,5.1526065,4.4150763
2086-03-04 12:00:00,3.0802608,2.5121288,3.637536,5.5960746,3.8748572,2.9931858
2086-03-05 12:00:00,1.6247127,1.9627373,3.2862227,3.0448446,2.6571975,2.3784022
2086-03-06 12:00:00,1.0910553,1.2383757,2.6444328,5.012553,5.62306,3.0388613
2086-03-07 12:00:00,2.9792275,2.3936346,5.384107,5.6812615,7.4870296,4.3273296
2086-03-08 12:00:00,3.4502892,3.0380852,4.8621755,6.576321,8.341566,3.7820406
2086-03-09 12:00:00,0.85186064,1.0297616,2.52503,5.864424,6.894751,2.7603185
2086-03-10 12:00:00,2.2399187,2.1044576,5.338328,5.5962377,6.7518435,3.579079
2086-03-11 12:00:00,3.0465853,2.2699485,5.2396936,4.451179,6.9040675,2.7485187
2086-03-12 12:00:00,1.2146695,1.1202159,3.6016498,2.9618769,4.943628,1.1831094
2086-03-13 12:00:00,1.7028763,1.37957,4.632284,3.9934998,3.5948572,2.6479068
2086-03-14 12:00:00,2.2790632,1.9350388,3.9164352,4.10012,3.8525083,2.3772328
2086-03-15 12:00:00,1.2262422,1.2924404,3.5877147,3.839199,4.4553695,2.0033278
2086-03-16 12:00:00,2.1166961,1.7738056,3.164492,3.5499709,3.9529593,1.8533341
2086-03-17 12:00:00,0.9394163,1.3027697,2.8082387,3.8375878,3.9750893,2.3489923
2086-03-18 12:00:00,1.2540301,1.363176,2.9457207,5.4938436,5.9129877,2.1877534
2086-03-19 12:00:00,2.7249377,2.7255359,3.7504823,7.1485596,6.210024,3.7026067
2086-03-20 12:00:00,2.0641572,1.874116,4.4370046,4.9943385,6.4348726,3.7496746
2086-03-21 12:00:00,3.7070255,3.218111,5.6078353,7.2363276,5.5456676,4.021107
2086-03-22 12:00:00,3.5979323,2.5307806,5.130012,2.9918933,5.943622,2.3541255
2086-03-23 12:00:00,2.2816982,1.9154403,2.9879184,2.8665543,6.416807,2.12443
2086-03-24 12:00:00,3.354085,2.740238,4.4922404,3.567627,4.989995,2.346253
2086-03-25 12:00:00,1.8138397,1.5300705,2.8654037,2.959662,3.4817922,1.7366261
2086-03-26 12:00:00,1.9166806,1.949276,3.0937064,4.5571947,4.8768682,2.2244427
2086-03-27 12:00:00,1.936738,2.1332974,4.281687,5.6714277,6.3322854,4.321949
2086-03-28 12:00:00,3.6296523,3.224153,4.937303,5.0807056,6.9859905,3.4482205
2086-03-29 12:00:00,4.467347,3.854494,6.567032,7.3806176,6.7814736,5.2315545
2086-03-30 12:00:00,3.7555795,3.2376883,5.335126,5.6244316,6.365962,3.911133
2086-03-31 12:00:00,2.5525393,2.7064753,5.092907,5.6524224,5.2167377,3.8929167
2086-04-01 12:00:00,3.3185556,3.2317517,4.6171165,5.2971044,7.181941,2.988761
2086-04-02 12:00:00,2.3159902,1.7807387,3.7567768,4.614505,5.40958,3.0430655
2086-04-03 12:00:00,2.330046,2.24398,4.7743745,3.7119758,3.2946026,3.505962
2086-04-04 12:00:00,1.4218421,1.4475951,1.946245,2.5284595,3.7886739,1.1021831
2086-04-05 12:00:00,1.9057924,1.5990273,2.6643598,2.446239,4.39247,1.322006
2086-04-06 12:00:00,2.5605316,2.0119166,3.6221354,2.3509529,3.6290574,1.8304652
2086-04-07 12:00:00,2.0394278,1.6714004,4.6084595,2.7634957,2.5621269,2.2493587
2086-04-08 12:00:00,0.93152606,0.9197996,2.491899,2.7708654,3.2138197,1.4429008
2086-04-09 12:00:00,1.6465251,1.373375,2.330882,2.3961942,2.5824885,1.5053664
2086-04-10 12:00:00,1.5112786,1.5764112,4.2223597,2.9884126,4.588827,2.8745615
2086-04-11 12:00:00,2.4733362,2.3485136,4.7949967,4.996962,3.8664684,3.7354174
2086-04-12 12:00:00,3.4569468,3.0129151,6.8353477,4.124008,3.9010384,4.613919
2086-04-13 12:00:00,3.914165,3.288667,4.9191866,6.293661,3.769429,3.8370388
2086-04-14 12:00:00,1.8571694,1.5466075,3.4356954,4.25079,3.0990756,2.9267406
2086-04-15 12:00:00,2.928823,2.5125196,4.420056,4.8459578,3.1481469,3.6893828
2086-04-16 12:00:00,3.131087,2.5695972,5.252581,4.716126,4.2681093,3.414148
2086-04-17 12:00:00,2.4126859,2.3182166,3.5221114,5.5956903,4.9969797,2.6275637
2086-04-18 12:00:00,2.4847157,2.0817158,3.907661,4.928051,6.7759647,2.8292084
2086-04-19 12:00:00,2.4529212,2.1696475,4.6327744,4.1374564,4.789231,3.31316
2086-04-20 12:00:00,4.0005026,3.0802393,5.0559926,3.2289147,4.504695,2.6076934
2086-04-21 12:00:00,3.5783298,2.98944,5.474388,4.02223,6.2978663,3.3700752
2086-04-22 12:00:00,3.8092172,3.0847383,5.354573,3.1200001,3.797969,2.5316525
2086-04-23 12:00:00,3.4215217,2.909756,3.7278383,3.0749016,4.9042697,1.6991415
2086-04-24 12:00:00,1.7500991,1.8950135,2.1959066,2.9468124,3.322245,2.1695807
2086-04-25 12:00:00,1.9786345,1.990882,2.367632,4.241489,3.5822284,2.4499204
2086-04-26 12:00:00,1.505398,1.369195,2.6578872,3.3480458,3.1698627,2.2111018
2086-04-27 12:00:00,1.9690528,2.162293,3.5037887,3.8165789,2.8587787,3.344857
2086-04-28 12:00:00,3.1951127,2.7692966,2.6951723,3.502244,2.696752,3.0940182
2086-04-29 12:00:00,3.350848,2.5872765,3.0986104,3.1763961,3.8609917,2.4700158
2086-04-30 12:00:00,3.1464903,2.4785411,3.6734252,2.4379382,3.606796,1.8571222
2086-05-01 12:00:00,3.4750118,3.0600438,3.215618,4.264185,4.8436246,2.2421012
2086-05-02 12:00:00,3.5808878,3.1767356,3.3036358,5.437823,4.8650403,3.1089425
2086-05-03 12:00:00,3.850258,3.2050695,4.2922664,3.9602757,3.541865,2.6539302
2086-05-04 12:00:00,3.266117,2.6794536,3.3491871,2.6984017,4.9256835,1.9518777
2086-05-05 12:00:00,2.2099342,1.9686948,2.6171212,2.5611696,3.3532555,1.621784
2086-05-06 12:00:00,1.0089904,1.0352292,1.5728855,2.327693,3.1286619,0.96342224
2086-05-07 12:00:00,1.1978531,1.2606674,2.0211458,2.8239317,4.404249,1.256064
2086-05-08 12:00:00,1.6157072,1.3804308,1.853763,4.297983,4.5952325,1.1022325
2086-05-09 12:00:00,2.553261,2.202836,1.8629783,5.507076,4.7425585,1.8412825
2086-05-10 12:00:00,3.569903,2.8749611,3.1320305,4.6368566,4.002228,2.5155325
2086-05-11 12:00:00,1.8051286,1.6032692,3.0176442,2.8163106,2.7185295,2.1303651
2086-05-12 12:00:00,1.3107747,1.4960616,4.3075275,3.2091057,2.9804218,3.0761082
2086-05-13 12:00:00,3.2591949,2.5901835,4.148337,4.0124,3.6539776,3.4462178
2086-05-14 12:00:00,2.150731,1.9574628,2.3830354,3.313006,2.6015432,2.386762
2086-05-15 12:00:00,2.8766413,2.6590567,2.54115,3.4253545,2.3856606,1.5241709
2086-05-16 12:00:00,3.9482336,3.471251,3.3361828,3.7507784,3.224036,1.9700607
2086-05-17 12:00:00,2.4600239,1.9680806,2.3431697,1.9816941,2.3589144,1.3504488
2086-05-18 12:00:00,2.4397404,1.7751896,2.2910132,2.5509307,3.3894773,1.9012892
2086-05-19 12:00:00,1.2028631,1.230517,2.4739032,2.2464895,2.4455328,1.595955
2086-05-20 12:00:00,2.1254864,1.8216532,3.7593653,2.0881789,2.1865096,1.5833484
2086-05-21 12:00:00,2.3242373,2.0878363,3.1198323,2.1871126,2.818807,1.6571516
2086-05-22 12:00:00,2.612648,2.2132747,2.4025352,2.2420034,2.9936113,1.9236271
2086-05-23 12:00:00,1.83833,1.7427251,2.8016982,3.8464282,4.191069,2.2429664
2086-05-24 12:00:00,1.2925005,1.4586927,2.4180286,3.9974623,4.03172,2.2531676
2086-05-25 12:00:00,2.053619,2.2066295,2.8930368,4.4352736,4.516698,1.8665967
2086-05-26 12:00:00,1.1876814,1.4117414,2.7497203,3.7962737,3.8540905,2.5113096
2086-05-27 12:00:00,1.1942186,1.7217404,5.120335,5.151773,4.2819605,3.50308
2086-05-28 12:00:00,3.1474495,2.8534052,4.4049253,6.6570935,4.1691585,3.0478437
2086-05-29 12:00:00,2.50806,2.7997944,3.532141,5.3811564,4.7093344,3.094094
2086-05-30 12:00:00,2.3946025,2.1829128,2.2632751,4.5006576,3.4852974,1.5747389
2086-05-31 12:00:00,2.2839446,1.7648263,2.8741357,3.3181603,2.6616926,1.645479
2086-06-01 12:00:00,2.7335782,2.0568817,3.195463,3.018789,3.0094728,1.7642161
2086-06-02 12:00:00,1.580874,1.441296,2.8467884,4.2352214,3.271623,2.4286413
2086-06-03 12:00:00,1.180295,1.0916306,2.457175,3.8652463,2.6037796,2.5914593
2086-06-04 12:00:00,0.9661,1.0951275,3.2308137,3.1834862,2.882542,2.7173536
2086-06-05 12:00:00,0.96221805,1.2243991,3.68509,2.9393103,2.740355,3.003193
2086-06-06 12:00:00,1.4488223,1.4463661,3.800889,2.4985075,2.2724576,2.7901213
2086-06-07 12:00:00,1.3444548,1.6520541,3.9161627,2.2272236,2.1979558,2.1545024
2086-06-08 12:00:00,2.7107387,2.1488729,3.3500268,2.5789595,3.0860252,1.9518526
2086-06-09 12:00:00,2.2572246,1.8380251,3.2067885,2.9664905,2.470964,2.6271152
2086-06-10 12:00:00,2.0139256,1.6015254,1.7771668,3.947363,3.877693,1.2180283
2086-06-11 12:00:00,2.927153,2.5931814,2.9050753,3.0396152,3.0459642,1.6451346
2086-06-12 12:00:00,3.230702,2.7680812,3.485448,2.9302084,3.314686,1.6283253
2086-06-13 12:00:00,1.9319124,1.8069831,3.966421,2.213973,3.2653694,1.6989764
2086-06-14 12:00:00,0.82332027,1.008226,2.8378043,1.7944689,2.4342337,1.5752661
2086-06-15 12:00:00,1.0496135,1.0701687,1.7040176,1.6644343,2.8651586,1.3938612
2086-06-16 12:00:00,1.2701917,1.2619125,1.3683373,1.8967818,3.1534,1.2457503
2086-06-17 12:00:00,1.9561954,1.5317478,1.8893343,2.461758,5.0757165,1.5469984
2086-06-18 12:00:00,2.470179,1.9404887,2.3420894,2.1392794,5.369963,2.2359376
2086-06-19 12:00:00,2.4887807,1.9508744,3.327616,2.9152472,5.6906085,2.7719867
2086-06-20 12:00:00,2.464636,1.7821301,3.8663936,4.4225,4.9310827,2.9407432
2086-06-21 12:00:00,1.3526989,1.3013138,2.2400823,4.631619,4.2837205,1.4818405
2086-06-22 12:00:00,1.9865338,1.7140725,2.9246101,3.5018137,3.8147964,1.7868857
2086-06-23 12:00:00,2.050846,1.7086184,2.9238591,2.3709526,2.9508886,1.6354933
2086-06-24 12:00:00,2.3496857,1.8666291,3.5215263,2.354199,2.1679218,1.7153741
2086-06-25 12:00:00,2.9955053,2.2324817,4.0271034,3.2199895,3.1768558,2.020439
2086-06-26 12:00:00,3.4159932,2.698581,2.9637523,3.6475167,4.3903694,2.3455527
2086-06-27 12:00:00,3.424553,3.209881,4.630111,3.7283185,3.537459,2.8854964
2086-06-28 12:00:00,1.961761,2.1886773,3.5704665,3.5819476,3.4863431,3.2655811
2086-06-29 12:00:00,1.7502904,1.5031651,2.476376,2.730868,3.5929232,1.5457472
2086-06-30 12:00:00,2.6562376,2.06643,2.5057173,2.4396455,4.955015,1.3806899
2086-07-01 12:00:00,2.3363273,2.0644414,2.4098227,2.7383611,4.7129383,1.4323934
2086-07-02 12:00:00,3.8677561,2.9542446,3.6954823,2.788269,3.1767528,1.9661847
2086-07-03 12:00:00,2.8492615,2.5532844,3.755783,3.3354208,3.1190581,2.2390127
2086-07-04 12:00:00,2.3712783,2.0118506,3.5629928,3.2763944,3.6449351,3.1149566
2086-07-05 12:00:00,2.4912713,2.2326367,4.4610233,2.669064,3.322403,2.3172305
2086-07-06 12:00:00,3.0488513,2.6304216,4.599106,3.4838583,3.2550151,3.8811424
2086-07-07 12:00:00,2.3537722,2.0893657,4.8329477,3.3452942,3.2854934,3.2723505
2086-07-08 12:00:00,2.0591412,1.9036242,2.6056435,3.315265,4.934254,1.2894747
2086-07-09 12:00:00,1.8336111,1.4358644,1.7956235,2.9935725,3.960739,1.529727
2086-07-10 12:00:00,1.9463353,1.8212466,2.8067513,3.6172128,4.9232097,3.0040252
2086-07-11 12:00:00,2.026086,2.0054257,4.1274867,3.858857,4.956238,3.1578255
2086-07-12 12:00:00,2.165475,2.0116894,2.6361732,3.4173305,3.5005307,2.1322174
2086-07-13 12:00:00,1.5065092,1.2318072,1.90502,2.414875,2.145949,1.77792
2086-07-14 12:00:00,1.3539095,1.3444765,1.9829378,2.4657404,2.621868,1.4899219
2086-07-15 12:00:00,1.0462732,1.0429344,2.6547942,2.868084,2.944112,1.8883696
2086-07-16 12:00:00,1.9198456,1.6020527,2.942247,3.8156257,3.3329527,1.6650709
2086-07-17 12:00:00,2.2062335,2.1957376,3.3958876,3.7932317,2.9529014,1.6432799
2086-07-18 12:00:00,1.0737569,1.1301134,2.5519485,2.547754,2.915821,1.4398577
2086-07-19 12:00:00,1.7319554,1.5347016,2.9021306,2.5626252,2.7554386,1.6121885
2086-07-20 12:00:00,1.8872741,1.7446699,2.7178488,3.7148254,2.7285852,1.5964484
2086-07-21 12:00:00,1.8767412,1.5734146,2.2373297,4.1291175,2.5948267,1.6060101
2086-07-22 12:00:00,1.0349572,1.0576755,1.8789496,3.1399004,2.6521769,1.3524245
2086-07-23 12:00:00,0.81721616,0.88434327,1.7887619,3.3702009,3.2813187,1.3522272
2086-07-24 12:00:00,0.9216293,1.0929242,2.2499025,2.3167505,2.9697118,1.3820188
2086-07-25 12:00:00,0.8027362,0.9188481,2.102834,1.8376595,2.821232,1.7492205
2086-07-26 12:00:00,0.95732373,0.87787414,1.8871888,1.760633,2.653771,1.5464169
2086-07-27 12:00:00,1.584484,1.3005137,2.8293302,1.9744972,2.6412728,2.473256
2086-07-28 12:00:00,0.93201286,1.022487,2.8890967,3.453554,2.505986,2.7661045
2086-07-29 12:00:00,1.6187214,1.2959069,3.0902123,4.0290127,2.9684653,1.9605961
2086-07-30 12:00:00,1.6467608,1.3757246,2.7465944,4.0115647,3.35724,1.4195822
2086-07-31 12:00:00,1.4170009,1.1386721,2.8334184,3.12491,3.4441621,1.4311919
2086-08-01 12:00:00,1.2310249,1.1491311,2.325706,1.9823908,2.3598077,1.3594369
2086-08-02 12:00:00,1.6111505,1.1714462,2.4127111,2.7671814,2.585372,1.4171035
2086-08-03 12:00:00,1.1509782,1.104739,2.6035502,2.6069617,2.5162904,1.5722586
2086-08-04 12:00:00,1.2740531,0.99739873,3.9220266,3.0145054,2.162924,2.1083546
2086-08-05 12:00:00,1.555433,1.4102995,3.227693,2.5719876,2.3555112,2.6215422
2086-08-06 12:00:00,1.6301622,1.3582876,3.019367,4.085271,3.9418294,2.8717842
2086-08-07 12:00:00,1.7240669,1.3526263,1.9740123,2.4243233,4.387208,1.2620265
2086-08-08 12:00:00,1.113945,1.3750024,2.9031336,2.0479503,3.1350403,1.4005948
2086-08-09 12:00:00,2.9891253,2.570739,3.510213,2.716063,1.8108703,2.3033369
2086-08-10 12:00:00,2.7835312,2.415588,2.9480271,3.3993456,2.0453408,2.0263102
2086-08-11 12:00:00,2.1358783,1.8042645,2.3697388,2.5292823,2.519553,2.062473
2086-08-12 12:00:00,2.0902586,1.8332944,3.091212,2.6374931,1.8017385,1.58284
2086-08-13 12:00:00,2.0112596,1.695092,2.4114623,2.3099608,1.9366385,1.6642469
2086-08-14 12:00:00,2.5301585,2.0319145,3.2267642,2.5836337,1.7730347,1.7129198
2086-08-15 12:00:00,2.146595,1.9391971,2.3112826,2.814649,1.9969162,1.8155394
2086-08-16 12:00:00,1.2425274,1.0994956,1.7682556,2.6810818,2.304195,1.2377472
2086-08-17 12:00:00,1.1636351,1.0278662,1.9997606,2.935797,2.4584005,1.332277
2086-08-18 12:00:00,1.2844982,1.0727232,2.3801672,2.9793792,2.6747348,1.1051304
2086-08-19 12:00:00,0.7744969,0.7773938,2.31875,2.40789,2.8267884,1.2344676
2086-08-20 12:00:00,1.6113298,1.2217227,2.1627152,2.3040352,2.4248214,1.1304613
2086-08-21 12:00:00,2.1246629,1.495196,1.9908338,2.8190281,3.2845237,1.4264312
2086-08-22 12:00:00,1.0259585,1.1177926,1.5975103,3.5747843,4.374909,1.1181056
2086-08-23 12:00:00,1.5799072,1.3756778,2.457039,2.427483,3.2473226,1.2476083
2086-08-24 12:00:00,1.3374207,1.1575462,2.325162,2.1275303,3.5689323,1.4263422
2086-08-25 12:00:00,1.6797569,1.4854728,2.3093417,2.7890406,4.423662,1.748412
2086-08-26 12:00:00,2.0466566,1.643607,2.507484,2.0217917,3.1415472,1.4140422
2086-08-27 12:00:00,2.2607744,1.8892891,2.7163465,2.3837104,1.8940207,1.4942625
2086-08-28 12:00:00,2.2414484,1.9251118,3.4608104,2.8974311,1.843815,1.6965324
2086-08-29 12:00:00,1.2519157,1.2598566,2.4388082,2.2380214,2.042701,1.9526181
2086-08-30 12:00:00,1.3826299,1.38948,3.199725,2.5785573,1.8350086,2.680733
2086-08-31 12:00:00,0.7810185,0.9161111,3.3694909,1.8338327,2.2409115,1.426584
2086-09-01 12:00:00,1.0111496,1.0221636,2.0776374,2.1576066,3.4620173,2.1058633
2086-09-02 12:00:00,0.9712764,1.1383603,1.8569179,2.4737403,2.3813095,1.9777806
2086-09-03 12:00:00,0.884954,0.92981577,1.5495849,1.7811453,1.9390029,1.0962962
2086-09-04 12:00:00,3.205492,2.3756745,3.2394655,2.063098,2.151563,1.3970125
2086-09-05 12:00:00,1.9900007,1.7665318,3.3854725,2.326913,3.3574822,1.7440561
2086-09-06 12:00:00,2.9624386,2.573146,4.536128,3.0946777,3.1807659,3.457701
2086-09-07 12:00:00,2.6354122,2.3814025,4.5054884,3.967204,3.2480347,3.7112086
2086-09-08 12:00:00,2.979229,2.4036844,4.197584,4.9626546,4.918871,3.19195
2086-09-09 12:00:00,3.4446964,2.747772,5.1166596,5.6287303,3.2398713,3.634084
2086-09-10 12:00:00,2.9083943,2.331571,4.03512,4.851244,3.1532373,3.4933512
2086-09-11 12:00:00,2.7673006,2.2118318,3.9028463,4.8410945,3.4778879,3.5137603
2086-09-12 12:00:00,2.3576827,2.520541,4.6921053,3.3149915,3.1185467,3.2755988
2086-09-13 12:00:00,2.7071004,2.3034089,3.0836565,3.150804,4.4565763,1.9492068
2086-09-14 12:00:00,1.1401335,1.2238795,2.930243,2.395642,3.331833,1.8117207
2086-09-15 12:00:00,1.9476359,1.8826795,4.0858116,4.177885,3.9618742,2.3093324
2086-09-16 12:00:00,1.2583244,1.3781408,3.0995,4.0853796,3.169691,2.3644888
2086-09-17 12:00:00,2.4336731,2.1155941,5.260828,3.55404,3.8290122,3.579255
2086-09-18 12:00:00,2.8278604,2.8283634,5.547126,4.7556233,5.4748755,3.6196306
2086-09-19 12:00:00,2.1779394,1.9706593,2.1567822,3.1376688,4.125645,1.4169714
2086-09-20 12:00:00,2.4253585,2.0653222,3.3211343,3.3363445,4.0227766,1.5449481
2086-09-21 12:00:00,1.6281189,1.5506697,2.0687594,2.438063,3.5631936,1.4088482
2086-09-22 12:00:00,1.4246022,1.1960377,2.6562634,1.825562,3.271423,1.3048487
2086-09-23 12:00:00,1.4735739,1.1685592,1.7148257,1.5743281,3.20387,1.041902
2086-09-24 12:00:00,0.8129255,0.90089923,2.220742,1.5214005,2.8365424,1.2634382
2086-09-25 12:00:00,1.6275847,1.5556587,3.6444774,3.0673008,2.5096114,2.670036
2086-09-26 12:00:00,2.8948655,2.7463787,3.8225973,4.5643935,5.182259,2.9134505
2086-09-27 12:00:00,1.2013302,1.3416697,2.9472475,4.4068003,5.6379423,3.1983829
2086-09-28 12:00:00,2.2425408,1.6335547,4.073538,2.8341784,4.7136626,2.247581
2086-09-29 12:00:00,3.0255198,2.9348176,4.462459,3.998288,3.792727,2.6146252
2086-09-30 12:00:00,2.2728777,1.9405437,2.9822059,2.8408484,6.7389584,1.5682155
2086-10-01 12:00:00,2.1103017,1.6236371,2.5978317,1.9258395,5.7830667,1.4021978
2086-10-02 12:00:00,1.3700852,1.1619124,3.2772732,2.7672515,5.2086215,1.6091557
2086-10-03 12:00:00,1.2647107,1.4287677,3.3684263,4.4736657,6.1443324,3.101958
2086-10-04 12:00:00,1.9314535,1.909768,3.9250216,5.056373,6.7005277,4.1754904
2086-10-05 12:00:00,2.2172732,2.2864974,4.159989,4.174194,5.748086,3.4688432
2086-10-06 12:00:00,2.8087103,2.4806979,4.058662,3.5047555,4.611502,2.5478587
2086-10-07 12:00:00,3.8024104,3.123986,5.7098446,4.931031,3.915666,3.4584966
2086-10-08 12:00:00,3.3338873,2.9803252,5.210894,6.689132,5.986903,4.4469523
2086-10-09 12:00:00,3.012137,2.8262756,4.308771,6.3981028,4.4032617,3.6794128
2086-10-10 12:00:00,2.388695,2.1244144,6.2242293,4.7299886,4.0893188,4.516716
2086-10-11 12:00:00,3.762704,3.5801482,5.369413,5.683016,4.8129764,5.036394
2086-10-12 12:00:00,3.542524,3.3839798,4.8032827,5.588685,6.559752,4.327293
2086-10-13 12:00:00,3.2488666,2.9403083,5.2413597,5.8170114,7.5715337,4.1088815
2086-10-14 12:00:00,3.3635678,3.0126772,5.141069,5.828929,4.489051,3.8779576
2086-10-15 12:00:00,3.263189,2.6716473,4.957067,5.2868404,3.4115057,3.8631282
2086-10-16 12:00:00,1.6192521,1.5797745,6.0276494,4.811474,2.4144201,3.2313864
2086-10-17 12:00:00,1.5663426,1.6434777,4.276929,3.0467672,3.0841346,2.1165292
2086-10-18 12:00:00,0.8708951,0.91805476,3.0669312,3.3244395,2.27487,2.5062082
2086-10-19 12:00:00,3.299252,2.9247,5.069511,6.049386,3.6613224,4.1219473
2086-10-20 12:00:00,1.3509793,1.3287247,3.3278823,5.4550376,7.5072646,2.9702692
2086-10-21 12:00:00,1.7239281,1.9270471,4.670406,5.440611,7.212242,2.8384178
2086-10-22 12:00:00,2.5526485,2.4150147,6.573503,6.643129,5.7761097,5.198918
2086-10-23 12:00:00,4.657157,4.340343,7.765675,7.2350354,4.17194,5.5374303
2086-10-24 12:00:00,3.2750082,2.8843868,6.2494683,7.515421,6.087754,5.4183774
2086-10-25 12:00:00,5.3653293,4.2233915,6.9575706,8.125939,7.9377003,4.830344
2086-10-26 12:00:00,3.4408572,3.0743842,5.021971,7.18079,9.007964,4.1507363
2086-10-27 12:00:00,1.0384582,1.1443038,2.5158772,5.1006494,9.126047,1.6047856
2086-10-28 12:00:00,1.5586705,1.5913002,3.202838,4.2064815,5.765596,2.3047502
2086-10-29 12:00:00,1.4984934,1.5588672,3.2100112,4.3630037,4.5089197,2.6148052
2086-10-30 12:00:00,2.7660918,2.533946,6.446358,6.5856843,4.27754,4.4133496
2086-10-31 12:00:00,2.9684687,2.59295,5.850376,6.268595,4.0163217,4.734564
2086-11-01 12:00:00,2.5897515,2.945428,4.1772304,6.607831,3.1192312,3.5672812
2086-11-02 12:00:00,1.8136479,2.120071,3.6048365,5.079881,3.4468317,1.9002628
2086-11-03 12:00:00,0.69254696,1.1127156,2.5536366,6.899916,4.795766,2.499214
2086-11-04 12:00:00,2.214481,2.0107553,3.1039011,2.7473345,4.20611,2.137734
2086-11-05 12:00:00,1.5393068,1.3311918,2.9182937,4.470044,6.2037406,2.505967
2086-11-06 12:00:00,3.0659509,2.5308156,5.1330013,7.5385284,8.157896,4.7369957
2086-11-07 12:00:00,2.9328625,2.806808,5.5881233,5.673069,5.8266344,4.140456
2086-11-08 12:00:00,2.2549944,2.9663315,4.650781,6.563282,6.4175434,3.6086893
2086-11-09 12:00:00,2.9472766,2.6438515,3.5957718,2.4085453,3.8546438,2.2681363
2086-11-10 12:00:00,1.4217772,1.3745683,2.262778,3.0805511,4.5241575,1.5484133
2086-11-11 12:00:00,1.2668025,1.4803181,2.6685,4.3907,5.605492,2.433798
2086-11-12 12:00:00,2.2199545,1.9957359,3.0431774,3.4663913,5.444829,2.389115
2086-11-13 12:00:00,1.340389,1.4523128,2.091469,4.584525,2.7929242,2.3682845
2086-11-14 12:00:00,0.88405454,1.1781973,3.1315255,4.3934994,2.7296722,2.328306
2086-11-15 12:00:00,0.6740279,0.90550756,3.2926216,4.202613,3.3782787,2.8096173
2086-11-16 12:00:00,1.2885395,1.3790255,3.9396098,4.902654,5.5192776,3.6407812
2086-11-17 12:00:00,1.4293927,1.3067503,2.5544837,3.7398365,6.443086,2.0324821
2086-11-18 12:00:00,0.89120996,1.0107135,4.8016324,3.8661618,4.74456,3.7965875
2086-11-19 12:00:00,1.421891,1.477272,3.7347481,5.3013988,6.682403,3.5829272
2086-11-20 12:00:00,1.8699831,1.4629433,5.9229875,3.9044416,6.0485168,3.0059116
2086-11-21 12:00:00,3.4045334,3.1569498,7.313164,5.4988832,5.336176,3.8699062
2086-11-22 12:00:00,2.8430772,2.8047776,6.3924828,6.095364,6.5184746,4.6018696
2086-11-23 12:00:00,2.3789012,2.2614388,5.1745524,4.435997,6.4980335,2.615287
2086-11-24 12:00:00,2.2144294,2.2350953,5.8732653,3.0927746,4.768659,2.827278
2086-11-25 12:00:00,1.9652838,1.7192918,5.133774,3.0694463,5.6216755,2.9672081
2086-11-26 12:00:00,1.6716821,1.2395946,4.329768,2.086304,4.982669,2.249279
2086-11-27 12:00:00,1.4713125,1.0028855,3.955765,2.465638,4.9002805,1.5300612
2086-11-28 12:00:00,1.9863114,1.2960577,4.454191,2.4082363,2.8752618,1.6867462
2086-11-29 12:00:00,2.2875695,1.8286843,4.5729165,4.290159,3.2603006,2.8630893
2086-11-30 12:00:00,2.1303537,1.7968373,4.6266847,3.8996735,4.116259,2.9795847
2086-12-01 12:00:00,1.1041934,1.2240489,4.521469,4.0449853,3.5993142,3.1506383
2086-12-02 12:00:00,1.3905916,1.2522938,3.4932976,2.8965104,3.5352461,2.9929204
2086-12-03 12:00:00,0.5672056,0.77454233,1.4243587,3.4926689,3.8357973,1.658595
2086-12-04 12:00:00,1.2869899,1.1587287,2.1720974,3.0342767,4.070656,1.6006435
2086-12-05 12:00:00,1.8145818,1.7188052,2.727164,3.0389917,4.5111337,1.8968096
2086-12-06 12:00:00,2.2169871,1.8350531,5.2968316,3.9343529,3.898103,2.3201125
2086-12-07 12:00:00,1.9175968,1.4262161,4.1256227,4.8017507,3.8504004,2.1067266
2086-12-08 12:00:00,0.8062671,0.9847295,3.5367901,5.3068414,6.27943,2.6296332
2086-12-09 12:00:00,1.2762341,1.2324566,3.095498,6.0191026,5.163275,2.7088153
2086-12-10 12:00:00,2.9711995,2.3087308,5.837607,5.44697,4.2467895,4.1799455
2086-12-11 12:00:00,1.4667487,1.4815294,4.1552863,5.0417557,5.315464,3.0641148
2086-12-12 12:00:00,2.237781,2.0111203,6.1035666,3.7639365,4.139867,2.9631526
2086-12-13 12:00:00,1.6713319,1.4896498,5.0455294,3.3479214,3.8470552,3.0741646
2086-12-14 12:00:00,2.991434,2.536624,5.5757174,5.2953696,5.7588944,3.6546214
2086-12-15 12:00:00,2.3448136,2.269731,5.980035,3.754423,5.651425,3.9048402
2086-12-16 12:00:00,1.9706945,2.0317695,5.737713,4.1979785,6.4078484,5.285816
2086-12-17 12:00:00,1.4900961,1.9035544,2.8489668,5.4810777,4.2238965,3.8666046
2086-12-18 12:00:00,1.1719522,1.0917063,2.991088,3.8564308,3.8039114,2.4753628
2086-12-19 12:00:00,2.228383,1.849785,5.028026,4.157691,5.339701,3.0455587
2086-12-20 12:00:00,2.43506,2.1038723,4.4051948,5.473604,5.787239,3.5611548
2086-12-21 12:00:00,1.4051288,1.2864873,3.1022139,5.4757895,6.726054,1.9566503
2086-12-22 12:00:00,0.9334698,1.2172885,2.088046,5.3745003,5.607708,3.205491
2086-12-23 12:00:00,2.3410926,1.8545259,3.8979247,3.8998036,5.392195,2.8506198
2086-12-24 12:00:00,1.9551326,1.6720471,3.2088585,4.8486767,6.2407107,2.6262856
2086-12-25 12:00:00,2.3323927,1.8478916,3.7079473,5.589822,9.03948,3.415539
2086-12-26 12:00:00,1.8840724,1.8554388,3.0418744,3.3835533,5.8339195,2.2338433
2086-12-27 12:00:00,1.2900839,1.3707126,3.8188848,5.76177,5.113431,3.282629
2086-12-28 12:00:00,2.7393022,2.4486325,6.0302067,7.897121,8.177096,5.1988053
2086-12-29 12:00:00,4.5855684,3.729863,7.220519,9.500668,7.3609915,6.0864735
2086-12-30 12:00:00,4.163254,3.290328,7.127977,7.0405183,5.932756,4.8605566
2086-12-31 12:00:00,4.6925144,4.1213202,7.7700725,9.10195,5.3799257,6.219614
2087-01-01 12:00:00,3.3086495,2.8594446,6.0780706,5.959807,4.9443,4.6466203
2087-01-02 12:00:00,4.429044,3.8114493,7.7507424,6.332254,5.114942,4.8553634
2087-01-03 12:00:00,5.4581637,4.3332977,9.032792,5.5674224,7.3220277,3.6554759
2087-01-04 12:00:00,3.043213,2.6215887,7.069004,5.949905,5.552743,3.2143712
2087-01-05 12:00:00,2.2556818,2.2372596,3.9018903,4.901701,6.84874,2.87926
2087-01-06 12:00:00,1.5032475,1.5314822,2.9873974,6.357372,6.8269935,2.745186
2087-01-07 12:00:00,3.2323904,2.338842,6.7322855,4.317863,4.0065193,3.9334655
2087-01-08 12:00:00,2.7295718,1.9858038,3.5207064,3.7668524,2.8167865,1.8090932
2087-01-09 12:00:00,2.9359725,2.4147775,5.172072,5.1274385,2.605277,3.684615
2087-01-10 12:00:00,3.1658595,2.2408626,3.3712506,3.0636032,2.6249728,1.9523468
2087-01-11 12:00:00,2.8652253,2.0537055,2.7520616,2.5421238,3.3470368,1.6316619
2087-01-12 12:00:00,2.2336752,1.7768565,2.6267602,2.8639357,3.7350721,2.1840115
2087-01-13 12:00:00,1.1731136,1.3387548,5.6509395,5.6403613,5.188171,4.9151716
2087-01-14 12:00:00,3.9349878,3.3001425,7.314894,6.388055,6.525314,5.1625104
2087-01-15 12:00:00,2.73648,1.9096763,5.1224856,2.9301434,4.909969,2.2517736
2087-01-16 12:00:00,2.8564456,1.8981845,4.480085,2.576727,2.8459365,2.0981107
2087-01-17 12:00:00,2.0450425,1.4323207,3.9807699,2.1551056,2.4266093,1.780322
2087-01-18 12:00:00,0.6795951,0.911034,2.6258862,3.7493916,3.499959,2.756674
2087-01-19 12:00:00,0.8426963,1.0430195,3.7349923,4.563707,2.680261,2.401019
2087-01-20 12:00:00,1.9829894,1.5584981,4.3206797,2.495758,3.2325504,2.11649
2087-01-21 12:00:00,4.0341425,2.546046,5.973221,2.889507,3.6938524,2.7073042
2087-01-22 12:00:00,3.2734976,2.274928,5.0805073,2.2735572,2.8121598,2.3218725
2087-01-23 12:00:00,1.2388585,1.5040433,2.6080604,2.6658928,4.2334,1.6943706
2087-01-24 12:00:00,1.9294705,2.2263286,3.2476459,4.651623,4.034007,2.0352364
2087-01-25 12:00:00,2.084931,2.4254534,3.4485636,4.8969665,5.043617,2.526889
2087-01-26 12:00:00,1.5265186,2.2918754,3.8259368,5.338413,4.4795623,2.6810076
2087-01-27 12:00:00,1.322336,1.7624636,3.5316138,3.9584084,2.8823764,2.4610784
2087-01-28 12:00:00,0.7221666,0.9521666,2.246868,2.8440924,2.1661236,2.0578377
2087-01-29 12:00:00,3.2958913,2.452454,4.1353307,4.114133,2.7287986,2.290162
2087-01-30 12:00:00,4.537314,3.0750432,6.439074,3.2907546,3.0481498,3.289346
2087-01-31 12:00:00,3.122582,2.2325776,5.823063,3.1264038,5.5926695,2.8191607
2087-02-01 12:00:00,2.3278666,1.9475203,4.092386,3.3802483,6.6708956,1.9198114
2087-02-02 12:00:00,2.6257915,2.151881,3.336676,2.4250724,6.3687973,1.7189147
2087-02-03 12:00:00,1.4240024,1.1602278,3.7494466,2.6198757,4.981354,2.042883
2087-02-04 12:00:00,1.1607184,1.0130996,4.4002156,3.3722618,5.0718265,2.1364677
2087-02-05 12:00:00,1.8077916,1.3083544,5.1841984,2.6303074,5.940707,2.3048463
2087-02-06 12:00:00,1.8539019,1.2943742,5.709069,3.5868595,7.698521,3.1688974
2087-02-07 12:00:00,1.659762,1.540341,6.1282835,5.745827,9.042614,4.091218
2087-02-08 12:00:00,2.3421006,2.2693126,7.0202637,7.3606634,7.5549197,5.1736503
2087-02-09 12:00:00,5.6431136,4.132747,8.419104,6.3891215,5.983321,5.292972
2087-02-10 12:00:00,2.7604642,2.2854886,3.2536666,4.363418,4.1607466,2.4497006
2087-02-11 12:00:00,2.5245674,1.7038106,3.2534165,2.8548179,3.3564599,2.0888944
2087-02-12 12:00:00,2.2191014,1.5633285,3.4494488,3.5714,3.5390267,1.725422
2087-02-13 12:00:00,1.3049126,1.2699299,2.3917937,3.8505902,3.7605457,2.0479524
2087-02-14 12:00:00,2.545468,2.110652,6.084727,3.6905885,5.5870376,3.4594991
2087-02-15 12:00:00,2.901999,2.7288852,7.9574876,6.02603,6.356757,4.856929
2087-02-16 12:00:00,2.8561516,2.4083996,5.89962,5.1898885,6.9958477,4.108385
2087-02-17 12:00:00,1.929235,2.3239176,6.4939685,5.202591,5.194467,4.7482104
2087-02-18 12:00:00,1.4189515,1.5999922,4.258703,4.305245,4.4089785,3.2441955
2087-02-19 12:00:00,2.1986175,1.8074577,4.6710844,5.5678144,6.195723,3.3327641
2087-02-20 12:00:00,1.558966,1.4729906,3.2955644,5.030163,4.7543654,3.0215695
2087-02-21 12:00:00,0.9118066,1.1955804,3.24471,5.4552107,7.981478,3.7859244
2087-02-22 12:00:00,2.5920873,2.265579,4.3241596,5.0467243,7.849682,3.47288
2087-02-23 12:00:00,2.5879006,2.4710095,4.8972583,5.278088,5.783856,4.01659
2087-02-24 12:00:00,1.984796,1.72411,3.9782047,2.9512827,5.618508,2.403018
2087-02-25 12:00:00,1.3976476,1.50962,2.0123258,1.7358207,5.525735,1.7017447
2087-02-26 12:00:00,1.4364102,1.4850852,2.1438682,1.7044051,4.058495,1.5100315
2087-02-27 12:00:00,1.0381334,1.2167317,2.0165749,5.1017065,4.800258,1.9132478
2087-02-28 12:00:00,1.1760473,1.3600532,2.181936,4.488253,3.0451794,1.7022744
2087-03-01 12:00:00,0.8681967,0.9484965,3.4022877,2.824984,3.832525,1.3529948
2087-03-02 12:00:00,2.0210161,1.7386923,3.4961536,2.4764695,3.4725537,2.578094
2087-03-03 12:00:00,1.6890603,1.8262231,3.6882844,3.3577914,4.280321,2.4704828
2087-03-04 12:00:00,1.9846864,1.916807,3.8683605,5.1194997,3.9522362,3.529737
2087-03-05 12:00:00,2.474765,2.0530024,3.5508962,4.577298,3.536128,2.5011392
2087-03-06 12:00:00,1.8114893,1.5634843,3.7579315,5.29308,3.2845888,3.5048099
2087-03-07 12:00:00,4.094607,3.3829055,5.6806436,4.911381,2.3725276,3.8158312
2087-03-08 12:00:00,3.7430096,2.6360962,3.9265668,2.252986,3.0680025,2.3370595
2087-03-09 12:00:00,1.786402,1.3762505,1.827788,2.618139,4.2471023,1.5664771
2087-03-10 12:00:00,0.9181777,1.0301753,2.261488,2.582563,2.9709144,1.6212766
2087-03-11 12:00:00,0.8840643,1.0483725,3.2963405,2.1961358,3.2549047,2.1479218
2087-03-12 12:00:00,2.3846354,2.28301,5.510674,6.059835,4.528493,4.029749
2087-03-13 12:00:00,1.5811932,1.2669303,3.0041306,5.148026,3.9815333,2.0638132
2087-03-14 12:00:00,0.91686857,1.0011494,4.2969413,3.210006,4.798059,2.4902387
2087-03-15 12:00:00,1.7809197,1.3957735,4.2051883,2.2486494,5.655989,1.8533007
2087-03-16 12:00:00,2.2116003,1.4720651,2.6058068,1.8508343,5.4965816,1.275638
2087-03-17 12:00:00,2.326147,1.6502962,2.4966195,1.7729058,5.6272054,1.8492274
2087-03-18 12:00:00,1.425108,1.5815537,3.0822678,4.3978353,8.163197,1.7654432
2087-03-19 12:00:00,2.3591914,2.4083161,4.2512593,5.618734,5.324298,3.1272194
2087-03-20 12:00:00,1.3841631,1.4463096,3.2909315,3.2860162,2.190597,1.9260029
2087-03-21 12:00:00,1.2497281,1.1680737,1.3912897,2.8519118,3.1690876,1.3556982
2087-03-22 12:00:00,1.380321,1.7010841,2.0831027,3.1500206,3.91063,1.8751767
2087-03-23 12:00:00,3.7153783,3.1457741,2.6508496,3.9207582,3.812343,2.1681376
2087-03-24 12:00:00,2.9913325,2.3843167,2.6111016,3.9419365,6.1637697,2.0622096
2087-03-25 12:00:00,1.8636917,1.5446959,3.16957,4.036307,5.2946873,1.4109745
2087-03-26 12:00:00,3.3470936,2.429577,3.2644362,2.5941982,6.8320203,1.7473158
2087-03-27 12:00:00,3.3420205,2.4699287,2.978865,2.1315558,5.315624,1.7655479
2087-03-28 12:00:00,1.2849958,1.4952296,3.6892765,4.5746264,3.3657749,2.426966
2087-03-29 12:00:00,1.6929873,1.9710718,4.0966425,5.0852256,4.8107896,2.697294
2087-03-30 12:00:00,3.9953728,3.8048296,3.9985821,6.1141562,6.8667016,3.117832
2087-03-31 12:00:00,4.571098,3.7910786,4.6324806,4.6015334,4.201072,3.1762106
2087-04-01 12:00:00,3.6688318,3.0253155,4.571531,2.9942057,2.9623625,2.515403
2087-04-02 12:00:00,2.3597417,2.0802357,3.6463869,3.1005237,2.7124963,2.1817112
2087-04-03 12:00:00,2.3090968,2.2431195,2.883149,2.61183,3.2264662,1.8343906
2087-04-04 12:00:00,2.1564703,1.6844567,2.8128638,2.0326161,2.9610345,1.7711042
2087-04-05 12:00:00,1.2226441,1.1438183,3.9881837,2.0013292,3.4527526,2.2107844
2087-04-06 12:00:00,1.0622284,1.1118451,5.05157,2.056002,3.4452488,2.5006933
2087-04-07 12:00:00,1.0488703,1.0310361,4.3312535,2.712185,3.3361173,1.7238647
2087-04-08 12:00:00,1.2653689,1.2663828,4.4878826,2.975176,2.813661,1.9859611
2087-04-09 12:00:00,2.412514,2.0635765,5.8542185,2.549063,3.2620614,2.3318799
2087-04-10 12:00:00,2.2608156,1.960369,4.251926,1.8851912,3.8392265,2.0919206
2087-04-11 12:00:00,1.5139413,1.6461626,3.1851158,2.1749473,2.6575847,1.9881289
2087-04-12 12:00:00,1.8263335,1.8408628,2.5343597,3.3261945,1.8626255,3.3246508
2087-04-13 12:00:00,1.6664205,2.0210192,2.3545547,4.471066,2.14845,3.1052327
2087-04-14 12:00:00,2.5950484,1.9984936,3.5189583,2.3897345,3.231062,1.9465144
2087-04-15 12:00:00,2.8529058,2.0898066,3.9004073,3.1826854,3.462995,2.2474082
2087-04-16 12:00:00,1.9479074,1.4311572,3.1807745,2.7440476,2.480813,2.8240564
2087-04-17 12:00:00,1.592935,1.3474041,2.6631722,2.4152708,2.710978,2.08014
2087-04-18 12:00:00,2.8293405,2.2928536,2.0243924,3.598718,2.9725995,1.6706675
2087-04-19 12:00:00,2.2570992,1.7776401,2.2795215,3.5865464,3.0880089,1.8854403
2087-04-20 12:00:00,2.358048,1.9365942,3.355359,3.4699316,2.930207,1.6800312
2087-04-21 12:00:00,1.6563257,1.3088075,3.6942616,3.9729245,3.6568036,2.0719936
2087-04-22 12:00:00,1.0320615,1.1172607,2.3401423,2.0411227,4.0350633,1.9921262
2087-04-23 12:00:00,1.4034791,1.4328341,2.0438285,3.541526,4.7145886,1.4788654
2087-04-24 12:00:00,1.3623917,1.3833742,2.7974172,2.6756585,2.7527006,2.1386087
2087-04-25 12:00:00,2.2805963,1.757995,4.5373483,2.7794607,2.3035743,2.3828664
2087-04-26 12:00:00,3.1583047,2.426568,5.824252,2.785579,1.9815295,2.8634343
2087-04-27 12:00:00,2.9151475,2.2803218,4.938249,2.5283995,2.3887496,2.3499613
2087-04-28 12:00:00,4.1083503,3.0819392,3.4959383,2.5357406,2.4546177,2.1515205
2087-04-29 12:00:00,3.6258545,2.9058342,4.1500297,2.9372067,3.23405,2.3792043
2087-04-30 12:00:00,3.8411388,2.7993977,4.1633573,2.6063464,4.192952,2.1889706
2087-05-01 12:00:00,3.3043761,2.3233733,4.3955874,4.8719444,4.4488206,1.9866643
2087-05-02 12:00:00,2.8826919,2.4750485,3.8872,5.5666966,2.8836944,2.2615192
2087-05-03 12:00:00,2.2914615,2.183249,4.0830173,4.4373517,2.9513607,3.0326333
2087-05-04 12:00:00,2.4768012,2.6263888,2.9267838,4.294051,3.7681105,1.7263577
2087-05-05 12:00:00,2.210402,1.8981693,4.3625665,2.2835867,3.9628386,1.8154367
2087-05-06 12:00:00,1.5684984,1.5270436,4.380321,2.4007843,4.578721,1.8802074
2087-05-07 12:00:00,1.1099029,1.098774,2.8814397,2.8526444,3.6727762,1.5834213
2087-05-08 12:00:00,2.0332508,1.4896884,2.6697779,2.5576622,2.3513243,2.7216036
2087-05-09 12:00:00,1.49085,1.6065443,2.845333,2.696025,2.1063771,2.2524037
2087-05-10 12:00:00,1.8206513,1.9421631,3.0135882,2.873618,2.4794269,1.7997259
2087-05-11 12:00:00,2.6432786,2.1627364,4.0149546,2.9887486,2.6692998,2.1452227
2087-05-12 12:00:00,2.2267148,1.8829391,3.3630478,3.9007123,2.9942012,2.2481303
2087-05-13 12:00:00,1.4614512,1.6488843,3.2323756,3.0433688,3.2661347,2.4370997
2087-05-14 12:00:00,1.982674,1.7666682,2.4537804,2.2506614,3.2912946,1.5188627
2087-05-15 12:00:00,1.6992881,1.4820373,2.536245,2.1550536,2.9535005,1.8965514
2087-05-16 12:00:00,1.4536833,1.6139939,2.860311,2.85716,2.7140558,2.5389926
2087-05-17 12:00:00,1.9178094,1.5503293,2.3932297,2.364674,4.251097,1.6250621
2087-05-18 12:00:00,1.3658601,1.5038469,2.2176065,4.0578413,3.9502378,2.2156093
2087-05-19 12:00:00,2.9802113,2.7147286,3.569054,5.6244645,6.1337366,2.5340114
2087-05-20 12:00:00,2.7152576,2.5964468,3.352307,3.4670336,3.7996035,2.242236
2087-05-21 12:00:00,2.4953585,2.2189398,3.4050202,4.692146,2.2656846,3.416811
2087-05-22 12:00:00,3.433326,2.9498484,3.224292,4.4950542,3.610776,2.3591785
2087-05-23 12:00:00,2.1799214,1.9122823,2.9935946,2.6377833,3.0596364,2.235087
2087-05-24 12:00:00,2.451931,2.424877,4.8900056,2.589838,2.561814,2.275255
2087-05-25 12:00:00,2.8237276,2.3555572,4.9799957,3.3269691,3.772641,3.409897
2087-05-26 12:00:00,3.4357767,2.8086145,5.100598,3.6095064,3.420045,3.6708264
2087-05-27 12:00:00,3.2761147,2.641233,5.320097,4.4309044,3.2499232,3.6571195
2087-05-28 12:00:00,3.6196158,3.0139654,5.163904,5.0533104,2.666657,4.1476893
2087-05-29 12:00:00,2.729887,2.0320897,2.6249838,3.5927997,3.43339,1.5794735
2087-05-30 12:00:00,0.8493792,1.0198545,2.066819,2.0006833,4.8027444,1.4443576
2087-05-31 12:00:00,2.6179924,1.9390769,3.1851845,2.624948,5.3162456,2.063606
2087-06-01 12:00:00,2.8881686,2.2277668,4.6992297,2.8340285,4.1865387,2.0812583
2087-06-02 12:00:00,2.2267427,1.8831798,4.5225816,2.8634396,3.6292443,1.8832333
2087-06-03 12:00:00,1.322767,1.2839782,3.2602031,2.1497006,3.8184707,1.5747035
2087-06-04 12:00:00,1.5231495,1.2821801,2.4751444,1.6330699,3.5567546,1.3385726
2087-06-05 12:00:00,1.0450099,1.0515151,1.8138386,2.3407323,4.1751986,1.2625898
2087-06-06 12:00:00,1.008501,1.0987451,1.8266923,2.155916,3.527172,1.1999326
2087-06-07 12:00:00,0.95640445,1.1503432,2.5735974,3.617477,4.1704125,1.9475688
2087-06-08 12:00:00,1.6738253,1.5844648,4.3595366,3.7671258,3.665958,3.0139625
2087-06-09 12:00:00,2.5624642,2.3169694,5.104373,3.5165167,3.3699524,3.0981286
2087-06-10 12:00:00,2.6838393,2.6592736,4.401416,2.8264794,3.4010732,2.1152775
2087-06-11 12:00:00,2.558671,2.4506042,4.282131,2.6091785,3.7461746,1.7953854
2087-06-12 12:00:00,2.3403559,1.8033557,3.0648966,2.2192862,3.5657663,1.8329169
2087-06-13 12:00:00,1.8151588,1.4124569,2.4389124,2.402784,3.0730848,1.3771749
2087-06-14 12:00:00,3.6739552,3.0289705,5.911679,3.3478673,2.6188545,2.406997
2087-06-15 12:00:00,3.0220041,2.7096663,6.496422,3.8904436,2.8132896,2.9184299
2087-06-16 12:00:00,3.7392364,3.0061188,6.2658033,2.5269148,2.6375668,2.2038195
2087-06-17 12:00:00,3.031217,2.576584,3.347723,3.5353563,3.127479,2.3397014
2087-06-18 12:00:00,1.2549253,1.5456446,2.9802797,2.803496,3.2177114,2.2421243
2087-06-19 12:00:00,1.7662398,1.3691168,2.0463727,2.0379348,3.477852,1.5945837
2087-06-20 12:00:00,2.239536,1.7674644,2.2749593,2.7907734,3.6505299,1.4871176
2087-06-21 12:00:00,1.5827281,1.768926,2.8642347,3.2645583,3.6304445,1.6081054
2087-06-22 12:00:00,1.6988809,1.6382515,3.2624192,2.9548764,3.223882,2.0889235
2087-06-23 12:00:00,1.5202324,1.6012616,3.6362305,2.60112,3.153538,3.4349444
2087-06-24 12:00:00,1.9785864,1.6243696,3.6989496,4.1026845,3.1713278,3.1251936
2087-06-25 12:00:00,2.2399065,1.9680117,3.028536,4.658187,2.9031975,2.0823193
2087-06-26 12:00:00,2.123116,1.8167653,2.9478564,2.9961174,2.975439,1.9621164
2087-06-27 12:00:00,1.2920687,1.523724,2.0110178,2.362438,2.7592933,1.2640513
2087-06-28 12:00:00,1.6541961,1.2526195,2.75886,2.9332104,2.765966,1.6806661
2087-06-29 12:00:00,1.278695,1.1360255,2.5134723,2.4508553,2.9722183,1.444081
2087-06-30 12:00:00,1.0921093,1.036971,2.7076979,2.3290486,2.8528311,1.966785
2087-07-01 12:00:00,1.3068783,1.0456281,2.6397069,2.5659714,3.1757505,1.5054795
2087-07-02 12:00:00,1.0132933,0.93880945,2.2480533,1.4666373,2.0180712,1.2194059
2087-07-03 12:00:00,2.2567782,1.7105236,2.7727458,2.149137,2.1221917,1.75827
2087-07-04 12:00:00,1.9330719,1.6615981,3.690877,2.8124182,3.0966213,1.7727594
2087-07-05 12:00:00,1.540851,1.6445943,3.1122577,1.8976424,2.722793,1.7995833
2087-07-06 12:00:00,2.4998603,2.3518128,3.3936281,3.7656584,3.5495858,2.1628428
2087-07-07 12:00:00,2.0922332,1.9908665,2.7826238,3.6081934,4.9933257,1.3341287
2087-07-08 12:00:00,1.7229204,1.3090203,3.0311916,3.475759,3.9501238,1.4719616
2087-07-09 12:00:00,1.3450428,1.455515,3.1901484,3.4050608,4.4858575,1.8568753
2087-07-10 12:00:00,1.6425084,1.4477654,2.934415,2.8802197,3.8245065,2.4317212
2087-07-11 12:00:00,2.141041,1.7841454,2.9391365,3.4146729,3.2403107,1.9146713
2087-07-12 12:00:00,1.977512,2.2213311,6.624431,4.9036365,2.8366892,3.8445113
2087-07-13 12:00:00,2.5620518,2.4017968,4.2375307,3.2226846,3.0987487,2.1453753
2087-07-14 12:00:00,2.266355,2.2225418,3.0497084,2.5518324,3.928518,1.8461233
2087-07-15 12:00:00,2.1634488,1.9766537,2.796309,2.2541087,3.2632847,1.8262283
2087-07-16 12:00:00,1.5306215,1.3365593,4.5662904,3.1547093,2.645036,2.2481527
2087-07-17 12:00:00,3.1798544,2.8965008,5.445729,4.7701845,3.2337468,4.3134923
2087-07-18 12:00:00,1.296217,1.4391468,2.2066154,3.3619978,3.05921,1.9605885
2087-07-19 12:00:00,1.4754206,1.3203527,2.0735202,2.4547088,2.51979,1.4016875
2087-07-20 12:00:00,1.2445037,1.2769552,3.2361233,3.9205363,3.7457676,1.835351
2087-07-21 12:00:00,1.5869938,1.662106,3.1521614,4.3451858,3.6075423,2.1121616
2087-07-22 12:00:00,1.6078291,1.3486366,2.6664414,3.303931,3.6281433,2.0718312
2087-07-23 12:00:00,1.3502835,1.4628232,2.5865474,4.026545,2.9831214,2.0273135
2087-07-24 12:00:00,1.7227504,1.5782715,1.8793589,2.601022,1.9276975,1.5781739
2087-07-25 12:00:00,2.4411347,2.2308977,3.066606,2.5335994,2.7006288,1.797908
2087-07-26 12:00:00,1.8947215,1.8947266,2.980096,3.4655418,3.417883,2.0322888
2087-07-27 12:00:00,1.8079865,1.4885916,2.859205,2.547543,3.8332462,1.8831214
2087-07-28 12:00:00,2.310772,2.5255864,4.362413,3.908912,2.8261094,3.3768017
2087-07-29 12:00:00,2.4901958,2.209547,3.1270728,3.070463,3.6613162,2.6282814
2087-07-30 12:00:00,1.2121563,1.103185,1.8382576,2.9432037,4.491174,1.2364068
2087-07-31 12:00:00,1.4744308,1.6261762,1.7447901,2.1420605,3.6110632,1.3221219
2087-08-01 12:00:00,1.8649238,1.864499,3.2367747,2.1598237,2.7795656,1.7587222
2087-08-02 12:00:00,2.3061175,1.6519042,2.7218134,1.8982537,2.5453093,1.8969227
2087-08-03 12:00:00,1.5981655,1.7423118,3.8299196,3.0210762,3.0488617,2.0918114
2087-08-04 12:00:00,2.426371,2.147088,3.702821,4.825589,4.148371,2.518288
2087-08-05 12:00:00,2.6324277,2.295057,4.4059443,3.8932452,3.8254507,3.397306
2087-08-06 12:00:00,3.1266384,2.747761,4.189309,5.004968,3.4321847,3.0840697
2087-08-07 12:00:00,1.6394329,1.6981558,3.0936766,5.1530886,5.0582566,1.7057115
2087-08-08 12:00:00,1.963845,1.6438197,2.4629147,3.0891104,4.2443395,1.5352947
2087-08-09 12:00:00,3.3282402,2.7004135,4.2456336,3.71151,2.9107518,2.3671434
2087-08-10 12:00:00,1.9796733,1.8921759,4.0994325,3.8418827,2.815155,1.7579485
2087-08-11 12:00:00,2.2898772,1.8529735,4.4607162,2.692403,3.6393883,2.1400967
2087-08-12 12:00:00,1.8701808,1.7932476,2.8081326,2.0731485,3.2203877,2.2939174
2087-08-13 12:00:00,1.7260913,1.4104471,3.344899,1.968676,2.7032056,1.649374
2087-08-14 12:00:00,2.923643,1.926785,3.0514555,3.458211,2.9631803,1.7327833
2087-08-15 12:00:00,1.9650348,1.8447833,3.5304155,2.7265408,2.1032116,1.7661655
2087-08-16 12:00:00,2.772872,2.2572856,2.8761842,2.726079,2.6504912,1.5524766
2087-08-17 12:00:00,3.5033665,2.500419,4.384065,2.2100053,3.7537642,1.5838186
2087-08-18 12:00:00,2.9976478,2.210054,4.0791707,2.748529,3.1154118,2.8162262
2087-08-19 12:00:00,1.6893196,2.0621567,3.5840924,4.7858243,4.5972757,2.139895
2087-08-20 12:00:00,1.3743234,1.3485786,2.4809372,2.7950401,5.160999,1.886579
2087-08-21 12:00:00,1.9756284,1.7745031,2.599374,2.9422066,3.9812875,2.316012
2087-08-22 12:00:00,2.20626,2.2198284,4.507587,2.843853,2.9012268,2.6599944
2087-08-23 12:00:00,1.8397862,1.8760979,2.6881142,4.2595215,3.0594552,2.1048467
2087-08-24 12:00:00,1.3282132,1.3888971,2.8914216,3.057884,2.405148,2.265255
2087-08-25 12:00:00,3.007968,2.8769877,5.4430227,4.2401175,3.1246793,3.332609
2087-08-26 12:00:00,2.6263034,2.615618,3.1189985,4.695053,3.6904159,2.7478213
2087-08-27 12:00:00,1.0825834,1.3807731,2.7005389,3.7883792,4.327534,2.4402041
2087-08-28 12:00:00,0.9197054,1.0459311,2.0031996,2.3900065,4.512366,1.6503394
2087-08-29 12:00:00,1.9407926,1.5888603,4.464896,2.1744204,4.2791576,1.8955383
2087-08-30 12:00:00,2.5570645,2.3182912,3.3061569,2.8521488,4.213529,1.6947174
2087-08-31 12:00:00,1.0759785,1.1655866,3.707562,3.2727456,4.6954026,1.7587241
2087-09-01 12:00:00,1.0476522,1.0251349,3.2281263,3.284579,4.081759,1.9189783
2087-09-02 12:00:00,2.654614,1.9724731,3.7990384,2.7550297,3.3431263,2.5826876
2087-09-03 12:00:00,4.218533,3.472942,6.162668,3.3689,3.635269,3.128559
2087-09-04 12:00:00,3.5625196,3.1678395,3.3922808,6.1923895,5.6998243,2.5521617
2087-09-05 12:00:00,1.5050191,1.412233,2.3889942,4.992995,7.683213,2.251865
2087-09-06 12:00:00,2.3058772,2.186975,4.2483926,5.748225,6.686349,3.7842672
2087-09-07 12:00:00,3.4882765,2.7899172,4.478377,5.1619973,5.357136,3.306143
2087-09-08 12:00:00,2.100442,1.954335,3.0279272,4.415221,4.0596805,2.22174
2087-09-09 12:00:00,2.204465,1.9218578,2.9229856,3.0221431,4.9128156,2.1362505
2087-09-10 12:00:00,1.2285086,1.1965659,1.7855424,2.049717,4.172194,1.3847599
2087-09-11 12:00:00,1.2677374,1.4153432,1.8656147,3.3625321,4.4086127,1.2959462
2087-09-12 12:00:00,0.9800867,1.1638014,1.8476145,2.8158522,3.961221,1.0540881
2087-09-13 12:00:00,1.3538373,1.5605232,3.32675,2.7341254,3.4584534,1.6966013
2087-09-14 12:00:00,2.0226939,1.9354736,2.6500354,3.0857272,3.601377,1.966366
2087-09-15 12:00:00,2.0310853,2.198558,3.5132606,3.7402465,3.4477324,3.109918
2087-09-16 12:00:00,2.1783786,2.034964,3.438411,2.997133,3.4807792,2.4042032
2087-09-17 12:00:00,2.5109763,2.0991833,4.277325,3.5548985,3.1142,3.1131437
2087-09-18 12:00:00,2.0769541,1.9510278,4.148838,4.3576865,3.2249315,2.2988384
2087-09-19 12:00:00,1.3593242,1.4500723,2.4585862,4.0304832,2.5358315,1.4388425
2087-09-20 12:00:00,1.8832068,1.7268554,2.9132428,2.8705747,2.8479426,2.5524702
2087-09-21 12:00:00,2.5661662,2.153232,5.0000877,5.0844164,2.5767577,3.6139278
2087-09-22 12:00:00,2.4222565,2.089536,4.644926,3.7209487,2.8733878,2.4931498
2087-09-23 12:00:00,1.7219129,1.5214676,3.2081807,2.6699848,3.6448905,1.9495653
2087-09-24 12:00:00,3.9481282,3.6140804,7.624589,4.8324356,2.942103,4.781197
2087-09-25 12:00:00,2.5361576,2.1686306,2.8529122,3.020236,2.0018413,2.0393147
2087-09-26 12:00:00,1.8029885,1.8527627,5.4980974,4.6055675,3.277015,3.9327464
2087-09-27 12:00:00,2.9287796,2.5386395,5.031154,4.630841,4.0611715,3.1087158
2087-09-28 12:00:00,3.106008,2.9595444,3.5192902,4.3787136,4.7516522,2.829907
2087-09-29 12:00:00,2.3462424,2.7026303,2.6418774,3.1855574,5.5741816,2.883793
2087-09-30 12:00:00,2.516905,2.334959,4.357526,3.1636407,5.438624,2.3827631
2087-10-01 12:00:00,2.5544128,2.2871253,6.010398,3.7656271,3.462895,2.9497194
2087-10-02 12:00:00,2.9833336,2.5923476,5.395927,3.6806924,3.9412723,2.8451807
2087-10-03 12:00:00,3.0339541,2.825375,5.4831,4.528034,2.8591022,2.8632326
2087-10-04 12:00:00,2.62678,2.504878,4.6232424,4.7950516,3.6429434,2.6542084
2087-10-05 12:00:00,1.8582672,1.7615247,2.4631417,3.300147,3.47295,2.0820804
2087-10-06 12:00:00,0.6983665,0.88493186,2.4511569,1.8756211,2.551487,1.2129347
2087-10-07 12:00:00,1.0692699,0.9962918,2.9159718,2.4113936,2.4723964,1.7030412
2087-10-08 12:00:00,1.4702976,1.4031801,4.0421443,2.9382048,2.6246579,2.091957
2087-10-09 12:00:00,0.9785565,0.93658596,2.972774,2.3585896,2.8688688,1.4737797
2087-10-10 12:00:00,0.8830218,0.7985885,2.0600662,1.7224873,3.1982539,1.0068731
2087-10-11 12:00:00,2.379855,1.8657122,2.621746,2.6256354,2.6968992,1.3379148
2087-10-12 12:00:00,2.5686898,1.8730804,3.3790307,2.562354,3.503251,1.5246645
2087-10-13 12:00:00,1.5744385,1.5981146,2.556297,2.7199628,4.455347,1.5660535
2087-10-14 12:00:00,3.2498975,2.885443,4.0991216,5.0480747,4.443919,3.4139268
2087-10-15 12:00:00,1.7832717,1.8039709,3.8513107,4.743314,2.7130287,2.8394651
2087-10-16 12:00:00,1.4753978,1.517509,3.7724674,4.0744896,3.6933403,2.4456062
2087-10-17 12:00:00,2.16647,1.6230657,2.9921231,2.3595798,3.487036,1.663935
2087-10-18 12:00:00,3.1642084,2.624136,3.9977322,4.057547,3.6134284,2.3726237
2087-10-19 12:00:00,1.7177875,1.6449218,2.28136,3.473127,4.0142646,2.814881
2087-10-20 12:00:00,1.6947091,1.6065084,3.702978,3.195585,5.2013507,3.244416
2087-10-21 12:00:00,2.019113,2.0065515,3.3787744,4.3187723,5.8522544,1.9159315
2087-10-22 12:00:00,1.353167,1.4305583,5.011577,3.433623,5.329608,3.449383
2087-10-23 12:00:00,2.9833128,3.01338,7.292705,5.565796,6.041001,4.818851
2087-10-24 12:00:00,2.4577842,2.4912734,6.879596,5.827689,5.7709484,4.4773593
2087-10-25 12:00:00,2.462725,2.1402762,4.531783,3.6864622,4.563097,2.2935934
2087-10-26 12:00:00,2.134285,1.9793351,4.8547583,3.8097513,3.8452199,2.3804107
2087-10-27 12:00:00,2.0517359,1.8121978,5.2389774,3.1856947,3.3839293,2.5755026
2087-10-28 12:00:00,1.8141783,1.358029,5.034911,2.1458874,3.5785348,2.189282
2087-10-29 12:00:00,0.949859,0.99049765,4.110521,1.8418806,3.1707892,1.6566651
2087-10-30 12:00:00,0.8893709,1.0202016,2.6204987,2.3447664,2.5731475,1.329188
2087-10-31 12:00:00,1.7373872,1.4300412,3.2445936,3.5656786,1.9668305,1.7102894
2087-11-01 12:00:00,1.2486994,1.3314289,3.3446875,2.3538022,2.315348,1.4457592
2087-11-02 12:00:00,0.7669357,1.0286074,2.027241,2.47649,3.0834925,1.7327783
2087-11-03 12:00:00,0.85342,1.2150021,1.9460157,3.7239869,2.6189537,1.5449625
2087-11-04 12:00:00,0.9786085,1.3093959,2.1072843,5.4465723,3.1836681,1.9709499
2087-11-05 12:00:00,1.3579322,1.6500587,3.682233,8.847931,7.3940797,3.9205565
2087-11-06 12:00:00,2.2936838,2.3563375,5.0921164,8.346288,6.8026853,4.186093
2087-11-07 12:00:00,2.2398605,2.089046,3.9502144,5.9964285,5.0189924,3.42885
2087-11-08 12:00:00,0.9396438,1.1260163,3.0751295,5.8391128,6.534652,3.262557
2087-11-09 12:00:00,0.74238306,0.9966236,2.8896868,4.6987743,6.7096343,2.742474
2087-11-10 12:00:00,0.6275165,0.8967811,3.3175423,3.5133147,5.469137,2.969051
2087-11-11 12:00:00,1.3794482,1.2280556,4.0539746,4.3804665,5.136399,3.5356977
2087-11-12 12:00:00,1.2611039,1.0446835,3.6351979,4.2494407,4.714286,3.0086215
2087-11-13 12:00:00,0.7506774,0.7465193,3.7617805,2.5737808,3.7025242,2.0167515
2087-11-14 12:00:00,1.2327185,1.1237336,5.9209843,3.222569,3.471481,2.6877506
2087-11-15 12:00:00,2.7557468,2.0673704,7.7523017,4.8561625,2.5922825,4.0453844
2087-11-16 12:00:00,2.77378,2.2978492,7.3069644,4.877834,4.3603888,3.466326
2087-11-17 12:00:00,3.1020577,2.7879848,7.054117,5.303254,4.585307,3.316305
2087-11-18 12:00:00,3.237444,2.4413903,5.1049457,2.813429,3.6980062,2.479957
2087-11-19 12:00:00,1.9739823,1.3193675,3.2233918,2.5121698,2.3351626,1.7598157
2087-11-20 12:00:00,0.8338439,0.99002063,3.2048733,4.207782,3.0889776,2.4821558
2087-11-21 12:00:00,1.3776902,1.2767919,2.8799908,1.9663572,3.954065,1.506123
2087-11-22 12:00:00,2.2977333,1.6054496,4.728373,3.1485999,3.8182857,2.3165364
2087-11-23 12:00:00,4.3560843,3.1168559,5.2593465,4.02519,3.4368834,2.7879634
2087-11-24 12:00:00,2.8593483,2.0643291,4.0524855,3.1123822,4.479046,1.7989533
2087-11-25 12:00:00,2.9273944,2.0552783,3.3732767,2.5842462,4.4504395,1.9941809
2087-11-26 12:00:00,3.1065302,2.6293352,3.5167685,3.1505725,4.1790943,2.4898865
2087-11-27 12:00:00,1.0562719,1.0567524,3.081822,5.0164113,5.0580688,3.3729563
2087-11-28 12:00:00,1.1711035,0.9853602,4.8051167,4.6969566,4.9125075,3.443124
2087-11-29 12:00:00,1.6164514,1.1564543,5.2634225,4.2101445,5.867589,2.986007
2087-11-30 12:00:00,2.2074416,1.4402939,4.4319706,3.2257867,6.038486,2.3440766
2087-12-01 12:00:00,2.6455865,1.7046629,3.5175986,3.0987298,4.603521,1.7256866
2087-12-02 12:00:00,2.3998914,1.62389,3.4327564,3.4694133,4.297751,1.9634306
2087-12-03 12:00:00,0.9764303,1.0734928,3.0095043,6.1565247,8.108288,3.2407832
2087-12-04 12:00:00,2.2279432,1.9074899,4.0838504,3.5965128,6.373506,2.4438472
2087-12-05 12:00:00,1.1231077,1.2292881,2.9789844,6.372905,7.8783145,3.4378033
2087-12-06 12:00:00,1.821558,1.6990054,3.778184,5.1785707,7.7386684,3.042378
2087-12-07 12:00:00,2.9856532,2.5682852,4.860743,5.241664,5.5982785,3.648125
2087-12-08 12:00:00,1.8077536,1.7314625,4.178823,4.238209,5.5360007,2.835481
2087-12-09 12:00:00,3.7556572,3.2874074,5.1593943,6.3949037,5.604641,5.2972345
2087-12-10 12:00:00,2.871058,2.8195915,4.493028,4.1177325,4.0824547,3.0675516
2087-12-11 12:00:00,2.349786,2.441718,4.2599893,7.6036496,6.2154427,4.7061977
2087-12-12 12:00:00,4.0150385,3.9763598,7.499365,5.5202255,6.8716745,5.5274835
2087-12-13 12:00:00,2.40529,2.4025884,4.2607307,3.8936179,4.3430843,2.8702476
2087-12-14 12:00:00,1.3575811,1.4001315,2.6650927,5.0237346,4.2077475,2.4576182
2087-12-15 12:00:00,1.10108,1.2308596,2.9991417,5.2136726,3.9399607,2.1047826
2087-12-16 12:00:00,2.431575,1.7909,4.0042853,3.4734278,4.261688,3.027076
2087-12-17 12:00:00,2.0420134,1.8502632,3.3809185,3.1737874,4.3003874,1.9068544
2087-12-18 12:00:00,0.99147296,1.2167751,3.6497416,4.6128473,4.242376,3.139602
2087-12-19 12:00:00,2.3976462,2.0096302,4.5845513,5.549221,6.23761,3.097891
2087-12-20 12:00:00,3.5097027,2.6191702,4.9556837,4.939172,6.292253,2.6126678
2087-12-21 12:00:00,1.5908108,1.4204015,2.7980123,3.4716704,5.523653,2.388195
2087-12-22 12:00:00,0.68571806,0.9461492,2.8162606,4.3430367,4.437679,2.7923243
2087-12-23 12:00:00,1.6599226,1.5117663,4.226829,4.8731084,4.4868374,3.583841
2087-12-24 12:00:00,2.5942624,2.481665,6.311566,6.3699627,5.669425,5.365162
2087-12-25 12:00:00,4.8477097,4.2013845,6.3700385,8.262628,7.7586837,5.8175435
2087-12-26 12:00:00,3.003839,2.8909202,3.7920804,8.676503,6.9411054,4.084852
2087-12-27 12:00:00,1.2142715,1.3893524,4.213201,4.243644,7.1625843,3.520632
2087-12-28 12:00:00,1.856302,2.0024266,5.051759,5.235135,4.03161,4.380275
2087-12-29 12:00:00,1.3501061,1.372533,4.0063543,5.1804357,5.601829,3.1106594
2087-12-30 12:00:00,3.4159355,3.0559661,6.9611635,6.8061934,6.473258,5.4039087
2087-12-31 12:00:00,5.8232555,4.54686,7.64123,6.634055,7.1038895,5.6454177
2088-01-01 12:00:00,3.506966,2.5175607,4.429436,4.610083,6.276366,2.2605276
2088-01-02 12:00:00,2.022778,1.5641078,4.4650044,3.572863,5.7736745,2.7135656
2088-01-03 12:00:00,3.048154,2.3349674,5.009982,6.7610474,4.9945207,3.6447847
2088-01-04 12:00:00,1.4538902,1.3597896,4.288685,5.3603673,4.555914,2.374223
2088-01-05 12:00:00,1.0667263,1.2137583,2.5614967,2.8596902,2.954888,2.3644316
2088-01-06 12:00:00,1.3603766,1.2655876,2.480585,4.121988,3.565076,2.2141476
2088-01-07 12:00:00,3.503563,2.5026727,4.6996794,3.317912,4.4467797,1.837712
2088-01-08 12:00:00,2.2679482,1.9100089,4.26563,3.9891825,3.0172222,3.265327
2088-01-09 12:00:00,3.2135453,2.3557768,5.389966,4.666105,2.6739905,4.18522
2088-01-10 12:00:00,2.2768748,1.9551749,6.0352435,3.8703272,3.3571727,3.4728253
2088-01-11 12:00:00,3.125721,2.7153757,5.8906507,5.3676467,4.586557,3.0580833
2088-01-12 12:00:00,1.6667984,1.4926367,2.8093858,4.16939,5.4944363,1.7342012
2088-01-13 12:00:00,2.5672612,2.2508647,5.0442367,4.62342,6.192655,2.9757092
2088-01-14 12:00:00,1.1049035,1.1759561,2.9663804,4.4722013,3.7684875,3.0775301
2088-01-15 12:00:00,1.0672064,1.1637194,3.4948525,4.0838327,4.0528297,3.1886542
2088-01-16 12:00:00,1.089923,1.0598822,6.721969,4.81436,3.4952753,4.6160016
2088-01-17 12:00:00,1.470964,1.3067259,6.838212,4.958287,3.6018336,4.393833
2088-01-18 12:00:00,1.5097933,1.1796423,3.108097,3.9551606,3.4903023,1.9330252
2088-01-19 12:00:00,1.9339929,1.7394658,2.608214,3.7271297,3.0408812,2.1821568
2088-01-20 12:00:00,1.8093886,1.5306417,4.383666,3.1252232,2.5955596,2.5006204
2088-01-21 12:00:00,2.1416192,1.7331634,5.172223,3.5008314,2.368165,2.508625
2088-01-22 12:00:00,2.3424797,1.8256241,5.367251,3.6686778,3.3987484,2.615658
2088-01-23 12:00:00,3.2742405,2.1800153,5.189407,3.5936294,4.75013,2.766914
2088-01-24 12:00:00,3.1996155,2.1729212,6.3778195,3.9913976,4.7556615,3.3448818
2088-01-25 12:00:00,3.703631,2.8949044,6.1699953,5.0545945,4.938883,3.0794187
2088-01-26 12:00:00,2.7050261,2.435357,5.5194507,4.506891,6.3746824,2.900448
2088-01-27 12:00:00,1.605717,1.5646801,3.810094,4.8623805,6.9833245,3.3848581
2088-01-28 12:00:00,1.5275387,1.534151,3.4450328,6.383889,5.057625,2.882062
2088-01-29 12:00:00,2.8731856,2.4497452,6.3453107,4.423777,4.429454,3.8691354
2088-01-30 12:00:00,3.0581841,2.7032537,5.102686,6.0779896,4.847806,3.0763757
2088-01-31 12:00:00,5.722686,4.3016253,4.3940477,4.2314005,7.1825733,2.9278657
2088-02-01 12:00:00,1.6221197,1.3891348,5.2121353,4.2093124,6.2302556,3.2939112
2088-02-02 12:00:00,1.4596226,1.6799327,6.4313903,4.9006963,6.922617,4.412597
2088-02-03 12:00:00,2.7829013,2.3801723,4.1924343,6.247282,7.94031,3.4485185
2088-02-04 12:00:00,2.3118546,1.7482333,4.0302024,5.5985,7.130947,2.1267772
2088-02-05 12:00:00,1.5599806,1.4107311,2.92571,2.9983673,5.014529,1.6933911
2088-02-06 12:00:00,2.1371708,2.0726378,4.4983344,5.480245,4.6619554,4.7577815
2088-02-07 12:00:00,4.074578,3.1506155,5.6483345,5.657707,6.684286,4.7210402
2088-02-08 12:00:00,3.472897,2.7187254,4.962936,7.004337,4.0603886,4.41554
2088-02-09 12:00:00,1.3997395,1.4086801,3.1580954,4.698788,4.460356,2.105553
2088-02-10 12:00:00,2.8999147,2.178539,4.090707,2.4525518,2.9743679,2.553318
2088-02-11 12:00:00,1.194967,1.3091265,4.164848,4.6945724,2.8900385,2.9666715
2088-02-12 12:00:00,1.8005798,1.542808,5.308387,3.7595978,3.0923433,2.4724767
2088-02-13 12:00:00,2.1558113,1.600224,5.1295786,3.5518827,2.7086961,2.1369429
2088-02-14 12:00:00,2.6118596,1.5943704,3.408034,2.1085837,3.1308203,1.7383965
2088-02-15 12:00:00,1.781789,1.5025417,3.8554611,2.1972718,3.3600338,2.1080024
2088-02-16 12:00:00,3.2532167,2.1384125,4.1912317,2.469,3.7110186,1.8880624
2088-02-17 12:00:00,2.4432662,1.7290361,4.3165684,3.4719996,3.2628837,1.5658045
2088-02-18 12:00:00,5.916394,4.3982153,5.447917,3.627961,2.9151556,2.9925258
2088-02-19 12:00:00,6.470764,5.3795695,5.947947,3.9788723,3.0893996,4.75729
2088-02-20 12:00:00,4.241177,3.3707845,3.9074328,2.892427,5.5065994,2.4612715
2088-02-21 12:00:00,0.88076687,1.0419261,3.3953907,2.422369,3.970434,2.2601802
2088-02-22 12:00:00,1.0678167,1.4544722,6.3848324,5.328155,5.3618712,4.4859157
2088-02-23 12:00:00,2.3235683,2.4930182,6.873354,5.442731,6.095977,4.5705557
2088-02-24 12:00:00,2.3496199,2.51558,6.242336,5.0504527,4.5658674,4.4265766
2088-02-25 12:00:00,2.3022604,2.0822804,3.6342895,3.9932196,4.0906057,3.0811303
2088-02-26 12:00:00,1.6938671,1.7091202,4.141046,3.5911548,4.1871743,3.2737422
2088-02-27 12:00:00,0.87203014,0.91707647,3.0144877,2.9321856,4.0577435,2.2508497
2088-02-28 12:00:00,1.2178453,0.97134703,3.7894363,2.0099638,3.126966,1.9884434
2088-02-29 12:00:00,1.0957454,0.98158896,2.9098756,1.5620524,2.4778686,1.3462328
2088-03-01 12:00:00,1.6859771,1.5315384,2.0303848,2.0943947,3.232779,1.463656
2088-03-02 12:00:00,1.3570821,1.4306482,2.3678071,3.0136356,3.545203,2.2012086
2088-03-03 12:00:00,2.536106,1.9966881,4.0406747,3.3265238,3.9991388,2.5355978
2088-03-04 12:00:00,1.4963999,1.1698334,4.6984115,3.11722,4.0403876,2.4248374
2088-03-05 12:00:00,1.3305371,1.1069473,5.5601764,3.314231,3.3275754,3.0966578
2088-03-06 12:00:00,1.7887623,1.3168904,6.8371134,2.9545228,3.11705,3.6364756
2088-03-07 12:00:00,2.152504,1.6843483,5.897263,3.9682276,5.170731,3.4690578
2088-03-08 12:00:00,2.0618944,1.9139748,5.589186,4.66579,5.914211,3.00472
2088-03-09 12:00:00,1.2008815,1.3709575,4.4111238,4.856142,5.870443,3.202627
2088-03-10 12:00:00,1.3078806,1.2080193,3.8316793,4.961857,4.808998,3.2687378
2088-03-11 12:00:00,1.7125683,1.4492452,3.0159853,5.442753,3.0959477,2.972096
2088-03-12 12:00:00,1.8693545,1.6054299,2.972513,6.0979433,3.7297208,2.2645953
2088-03-13 12:00:00,2.6783543,1.8957851,4.018164,3.4081662,4.941722,2.5540972
2088-03-14 12:00:00,1.2220361,1.1139296,2.8413265,3.2268386,4.565713,1.7373016
2088-03-15 12:00:00,1.3838187,1.2014656,4.777545,3.31364,3.3866467,2.147778
2088-03-16 12:00:00,2.978561,2.5137749,5.250587,3.2829323,3.4035993,2.3819427
2088-03-17 12:00:00,2.417121,2.4996881,3.1265194,3.6923337,2.7988021,1.7783605
2088-03-18 12:00:00,1.6766684,1.7667525,3.9410617,3.3617373,2.2511168,2.107815
2088-03-19 12:00:00,2.6872277,2.1873226,3.9594212,2.245895,2.0360558,2.6011205
2088-03-20 12:00:00,0.97532165,1.2453207,2.0326672,2.2185981,4.172044,1.3165156
2088-03-21 12:00:00,1.3260555,1.5954239,2.0682192,2.6459212,3.21472,1.3270127
2088-03-22 12:00:00,1.0089602,1.1299882,2.4741068,2.5062287,2.1444921,1.7572818
2088-03-23 12:00:00,2.938422,2.306219,5.0549417,2.6165292,2.3293989,2.2101314
2088-03-24 12:00:00,4.2837534,4.1422668,5.441883,5.0378723,2.9743419,4.2013283
2088-03-25 12:00:00,4.21378,4.059546,5.253914,5.7802806,3.6333394,4.288862
2088-03-26 12:00:00,4.2929397,3.4063904,3.590783,4.1013613,3.1523218,3.1353521
2088-03-27 12:00:00,2.950635,2.3406837,3.6962268,3.0620704,3.0850365,2.635365
2088-03-28 12:00:00,2.1684628,2.2005985,3.1445549,3.399239,5.0161524,2.286675
2088-03-29 12:00:00,2.617117,2.4161057,3.7218366,3.6906095,4.815097,2.798705
2088-03-30 12:00:00,3.3017077,2.8132055,3.280187,2.848775,3.0986128,2.4206548
2088-03-31 12:00:00,3.239819,2.514712,3.4172256,2.5270832,2.9831882,2.4339561
2088-04-01 12:00:00,0.99168736,1.1204865,2.526448,3.7061536,3.78697,2.1488695
2088-04-02 12:00:00,1.8706743,1.4194564,2.3397644,2.6697357,3.2939255,1.464969
2088-04-03 12:00:00,1.5249578,1.2523253,2.2173173,2.2642043,3.3559494,1.1711594
2088-04-04 12:00:00,1.3502159,1.4287,1.6025712,2.8829148,3.9802282,1.4732493
2088-04-05 12:00:00,2.465706,2.468142,2.0633945,3.1893978,3.7250855,1.587123
2088-04-06 12:00:00,0.9252529,1.0978826,3.6043854,1.8759229,3.4291654,2.0582948
2088-04-07 12:00:00,1.7168422,1.7311798,6.4525003,2.8641396,4.253957,3.2190268
2088-04-08 12:00:00,3.1877804,2.8005822,6.786968,3.5526621,5.1964254,3.217574
2088-04-09 12:00:00,2.0014892,2.0076296,3.2600648,4.869502,4.5286317,2.2434602
2088-04-10 12:00:00,2.1763673,1.8787838,4.5383315,3.9340267,3.9569414,2.3349214
2088-04-11 12:00:00,2.4381452,2.2835364,3.7546356,3.9140165,3.3999922,2.0228028
2088-04-12 12:00:00,1.5756183,1.475355,3.1349342,3.5447657,4.0333233,1.6882658
2088-04-13 12:00:00,1.7391285,1.5106478,3.5469341,2.6508963,2.9971168,2.57336
2088-04-14 12:00:00,1.4815016,1.4294168,2.3036482,3.2611632,3.1150444,1.7129468
2088-04-15 12:00:00,1.0755792,1.2572098,1.9495914,4.5338054,3.8571699,1.2443326
2088-04-16 12:00:00,2.270744,1.7171991,3.598631,2.6181166,4.727204,3.1184614
2088-04-17 12:00:00,1.8997431,1.5094374,3.3047757,1.8414694,4.571785,1.9971515
2088-04-18 12:00:00,1.2836199,1.1743723,1.974475,2.2299395,4.6348944,1.1962024
2088-04-19 12:00:00,2.4753923,2.0432775,3.7761269,3.490019,3.211445,2.2679749
2088-04-20 12:00:00,1.8873827,2.0020893,3.7442544,3.7966242,3.7677438,2.569452
2088-04-21 12:00:00,2.940203,2.6234233,3.9944143,3.4142048,3.4995534,2.129445
2088-04-22 12:00:00,3.1532564,2.5923972,1.9694134,3.3423593,3.6446056,1.4989574
2088-04-23 12:00:00,2.8416028,2.3914537,4.641084,3.0106335,3.9439323,2.2908843
2088-04-24 12:00:00,1.7136439,2.0556214,3.6634567,3.9198763,3.3895373,1.6953394
2088-04-25 12:00:00,1.6218112,1.4324365,3.6172345,2.60397,3.3978126,1.7877684
2088-04-26 12:00:00,1.1977574,1.2093605,2.6210756,2.987603,4.058501,2.1718616
2088-04-27 12:00:00,2.2069683,1.9933407,2.97826,4.235774,4.2445283,1.5819873
2088-04-28 12:00:00,1.3887749,1.5670743,3.7661672,4.278911,3.919629,1.4755039
2088-04-29 12:00:00,1.340587,1.2894948,2.485259,3.172475,2.662538,1.3967389
2088-04-30 12:00:00,1.2021966,1.317169,4.4824066,3.1092856,2.5489855,2.6842947
2088-05-01 12:00:00,1.9684441,1.609462,3.1911166,3.1336048,3.0430133,2.792063
2088-05-02 12:00:00,2.2298765,1.6932266,2.8207276,2.7134018,3.1683266,1.8715066
2088-05-03 12:00:00,1.7434833,1.2706378,3.4837472,2.5841672,2.857571,1.1634014
2088-05-04 12:00:00,2.6219041,1.7867367,3.5377371,2.7109287,2.3861365,1.7303747
2088-05-05 12:00:00,1.6182368,1.555583,2.3599994,1.8796159,3.3922732,1.0362762
2088-05-06 12:00:00,1.2416997,1.1724164,2.1204197,2.2505481,2.6044548,1.2447691
2088-05-07 12:00:00,1.2298481,1.1090934,1.864287,3.9354968,3.2160447,1.0560302
2088-05-08 12:00:00,1.5926224,1.7488006,2.1028464,4.700345,4.3404865,1.5798776
2088-05-09 12:00:00,2.7856853,2.186842,2.8173308,4.0389457,4.4711485,2.1618547
2088-05-10 12:00:00,1.5788609,1.3872813,2.47584,3.649364,2.8376615,1.7234218
2088-05-11 12:00:00,1.5639489,1.4666045,1.7049602,3.1240885,2.0729036,1.6803838
2088-05-12 12:00:00,1.9220641,1.6044562,1.9940636,2.4564753,3.9018178,1.928324
2088-05-13 12:00:00,1.7565086,2.057836,3.5483809,4.516964,6.0148344,2.6147316
2088-05-14 12:00:00,2.5825644,2.388544,3.004969,3.5634863,6.53478,2.5684493
2088-05-15 12:00:00,1.148386,1.2095965,2.1099205,2.2053697,6.995987,1.6034338
2088-05-16 12:00:00,1.4170408,1.2744724,2.3874311,1.969194,7.331792,1.5323569
2088-05-17 12:00:00,1.3658845,1.2498825,2.1333244,2.7387006,4.6152987,1.710054
2088-05-18 12:00:00,1.5794395,1.4550068,1.9102781,3.0237134,4.3194184,1.4621451
2088-05-19 12:00:00,1.4200096,1.619451,1.8680995,3.5020404,5.2896414,1.796313
2088-05-20 12:00:00,1.6708667,1.5043027,1.988101,3.3047228,5.083244,1.3168255
2088-05-21 12:00:00,1.0918868,1.1815304,2.162121,3.0594196,3.72684,1.2502836
2088-05-22 12:00:00,1.7949977,1.3766987,1.754445,2.4782288,3.3908076,1.201051
2088-05-23 12:00:00,2.1172771,1.6784693,2.0848107,1.9235597,3.4671187,1.4812728
2088-05-24 12:00:00,1.748453,1.8065745,2.2188246,3.3038497,3.592656,1.7658
2088-05-25 12:00:00,1.858127,1.6195607,1.7966077,3.3657236,4.4870386,1.2968531
2088-05-26 12:00:00,2.8094573,2.572455,4.1570725,4.768042,4.163449,3.0835736
2088-05-27 12:00:00,2.4354258,1.995059,2.991435,3.070335,5.1021805,1.9157389
2088-05-28 12:00:00,2.243099,1.9186848,3.1534226,3.655819,4.236432,2.7256594
2088-05-29 12:00:00,2.2031546,2.2515433,2.9598176,4.047621,3.8495207,2.1846256
2088-05-30 12:00:00,1.9445977,1.600644,2.1852782,2.4902246,3.9277637,1.2823073
2088-05-31 12:00:00,2.2319536,1.734113,2.6345253,2.7206886,2.7831552,1.8506413
2088-06-01 12:00:00,3.2002578,2.5549214,3.4399884,3.4043796,3.0763347,3.0535827
2088-06-02 12:00:00,4.0979667,3.7286983,5.8221436,6.337909,4.829809,5.458619
2088-06-03 12:00:00,3.5287511,3.290793,3.893583,6.961236,4.6863904,3.3551269
2088-06-04 12:00:00,2.1349385,1.9343804,2.3461394,5.211839,4.5247626,1.8214208
2088-06-05 12:00:00,2.3742917,2.0282614,3.525968,3.858045,3.729313,2.3650517
2088-06-06 12:00:00,2.5665512,2.4297552,3.0804849,4.4782143,3.287121,2.3736196
2088-06-07 12:00:00,1.8646736,1.7356892,3.8166425,3.9099576,2.924646,2.4074123
2088-06-08 12:00:00,1.2411897,1.1494904,3.2479274,3.3909712,3.0341682,1.7878027
2088-06-09 12:00:00,2.5120678,1.9473987,2.6741405,2.5290473,3.2882345,2.1986027
2088-06-10 12:00:00,1.8962456,1.8791726,3.3629682,2.7634082,2.7579463,1.803155
2088-06-11 12:00:00,3.0346184,2.6438344,2.1580026,2.947287,3.206034,1.7999933
2088-06-12 12:00:00,3.8517067,3.332804,3.3804007,4.4218802,4.3380427,2.4756856
2088-06-13 12:00:00,1.2500179,1.0989975,2.1725516,2.7187839,3.4818616,1.9778306
2088-06-14 12:00:00,1.6582062,1.4118358,2.253582,2.215667,1.9622849,1.7634603
2088-06-15 12:00:00,1.9964683,1.9000027,2.6613293,2.8031535,3.7067504,1.8056583
2088-06-16 12:00:00,1.2084868,1.3718987,2.0611246,1.9140912,4.134453,1.6097239
2088-06-17 12:00:00,1.7411407,1.7810256,3.3812242,1.6559101,3.8882246,1.2611098
2088-06-18 12:00:00,1.1395023,1.3487333,3.4753745,2.1300998,3.4078352,1.7048053
2088-06-19 12:00:00,2.0070074,1.8771862,2.65733,4.8228683,4.161907,2.5548615
2088-06-20 12:00:00,2.5078015,2.0701618,3.626695,3.4823387,3.9095347,3.1717339
2088-06-21 12:00:00,2.0300255,1.7640505,4.143741,3.0962713,4.013359,3.54259
2088-06-22 12:00:00,1.6245298,1.5389329,2.6390386,3.9105458,3.5359488,2.3201742
2088-06-23 12:00:00,1.8877482,1.434642,3.3001304,3.5420115,2.6348455,2.6184254
2088-06-24 12:00:00,1.6954626,1.5450702,4.440418,2.2091587,2.1540449,2.759384
2088-06-25 12:00:00,1.5826766,1.5492829,4.185883,4.360163,2.8304265,2.5980384
2088-06-26 12:00:00,1.4665103,1.4603211,3.5925286,4.4872975,4.376084,1.8906726
2088-06-27 12:00:00,2.2718449,2.064326,2.3955586,2.8284767,4.3361588,1.3452747
2088-06-28 12:00:00,1.6858724,1.5667944,2.8724964,2.3709137,3.2315125,2.3894756
2088-06-29 12:00:00,1.023994,1.0281364,1.7229122,1.5865355,2.8829708,1.3668087
2088-06-30 12:00:00,1.1989756,1.1194484,1.9242017,2.2774346,2.9233239,1.3575499
2088-07-01 12:00:00,1.3908887,1.6188897,2.4237146,2.8504376,2.1898317,1.330617
2088-07-02 12:00:00,2.075217,1.8963789,2.9248497,3.1753378,2.1510856,1.9474193
2088-07-03 12:00:00,2.0415246,1.6486236,2.5347261,3.424837,3.2577333,1.7052137
2088-07-04 12:00:00,2.0353446,1.4913073,2.1623316,2.651429,4.1665773,1.420555
2088-07-05 12:00:00,1.8725936,1.5736675,2.274835,3.8642316,4.197956,1.6265044
2088-07-06 12:00:00,2.8683448,2.2219138,2.1706862,3.1866117,3.5301259,1.4526396
2088-07-07 12:00:00,2.6303425,2.2463515,2.9281924,3.2408922,3.0736928,1.8757417
2088-07-08 12:00:00,2.1042287,1.944969,1.882886,2.8089828,2.7575593,1.7332189
2088-07-09 12:00:00,2.4185066,2.219507,2.3436987,2.9962559,2.91558,1.9023559
2088-07-10 12:00:00,2.5286088,2.5498853,3.6119056,3.4925256,3.4762533,2.3655758
2088-07-11 12:00:00,1.8463824,1.965187,2.999233,2.8831327,3.507976,1.6007838
2088-07-12 12:00:00,1.4362094,1.3134693,2.5009937,2.0380673,3.8659656,1.7728467
2088-07-13 12:00:00,1.4973526,1.5162475,3.0888073,1.9215143,3.369795,1.2909173
2088-07-14 12:00:00,2.100607,2.139591,3.0032356,2.8175557,3.1135345,1.8555664
2088-07-15 12:00:00,1.3546886,1.5776609,4.790233,3.8941915,2.7900882,3.2558582
2088-07-16 12:00:00,1.9186709,2.125994,4.974799,4.486862,2.9493659,3.2408519
2088-07-17 12:00:00,1.9247316,1.820581,3.0760546,4.380232,4.7272105,2.3154054
2088-07-18 12:00:00,2.210499,1.679847,2.3218372,3.5158534,3.729986,2.0416481
2088-07-19 12:00:00,1.4018855,1.2709078,2.7774515,2.2498891,3.2008567,1.7768077
2088-07-20 12:00:00,0.93147767,1.1021204,3.4818153,2.802904,3.577198,2.1272016
2088-07-21 12:00:00,1.5333717,1.2945536,2.4580128,2.898743,3.4388933,1.3964962
2088-07-22 12:00:00,2.571877,2.2762294,5.6126833,3.8032675,3.1459932,3.0015497
2088-07-23 12:00:00,2.9552054,2.8268487,6.529414,2.5802314,3.9529285,3.4401922
2088-07-24 12:00:00,3.7878885,3.278962,5.735881,2.4060912,4.052038,3.1037416
2088-07-25 12:00:00,2.7894206,2.3816073,3.556944,3.484726,2.533789,2.5675707
2088-07-26 12:00:00,2.24482,1.7850114,2.6740315,4.263912,2.4653685,2.025485
2088-07-27 12:00:00,1.967855,1.5834341,2.193561,2.0117798,2.2640257,1.081866
2088-07-28 12:00:00,1.6825546,1.3521965,1.8795276,1.712312,2.8092709,1.1084304
2088-07-29 12:00:00,1.3542614,1.3488969,2.9662719,2.192,3.0255778,2.140325
2088-07-30 12:00:00,0.9107318,1.2670451,3.6647243,3.1930916,4.9656386,2.696481
2088-07-31 12:00:00,1.5216103,1.5090752,2.561265,3.7715392,4.3664584,1.7813402
2088-08-01 12:00:00,1.0361627,1.0847992,2.4056313,3.4032927,2.8588347,1.7649351
2088-08-02 12:00:00,0.89912826,1.0843252,3.2599416,2.8790631,2.3044243,1.8726258
2088-08-03 12:00:00,1.5978501,1.2631158,2.8859355,3.673999,2.9526951,2.160663
2088-08-04 12:00:00,2.6632912,2.3609974,4.5198793,3.552162,2.7101243,2.7364402
2088-08-05 12:00:00,4.054268,3.326494,4.557679,4.4637265,3.362981,2.7229226
2088-08-06 12:00:00,2.6970816,2.1915598,2.2348483,4.3215365,2.8934352,1.7969152
2088-08-07 12:00:00,1.5111539,1.221311,2.2651799,3.0923338,3.1387982,1.5564684
2088-08-08 12:00:00,1.5808928,1.2162558,3.2028832,2.1270714,3.1444387,1.8773671
2088-08-09 12:00:00,1.0939212,1.0571475,2.3824487,2.1589441,2.2175255,1.4493527
2088-08-10 12:00:00,1.1863608,1.0723299,1.7808132,2.502063,1.8794866,1.0170825
2088-08-11 12:00:00,0.7506432,0.8710465,2.128015,2.4850805,2.1410282,1.092526
2088-08-12 12:00:00,0.61164045,0.6995864,2.139282,3.1269486,2.1734965,1.6272266
2088-08-13 12:00:00,0.5813892,0.9604448,3.1757047,2.5992825,2.2800164,2.7812355
2088-08-14 12:00:00,1.944437,1.8051329,3.3369467,2.6350133,3.0641656,2.886675
2088-08-15 12:00:00,1.3653514,1.4382795,3.1437147,2.426076,2.8214715,2.4270098
2088-08-16 12:00:00,1.0137779,1.085388,2.7089617,2.6651354,3.1549156,1.5048313
2088-08-17 12:00:00,1.9927822,1.7950221,2.743269,4.4891105,4.2580376,2.9618008
2088-08-18 12:00:00,2.0821102,1.9109571,3.3303537,5.141804,4.745413,3.1986046
2088-08-19 12:00:00,1.8677026,2.0012505,2.733418,3.8701522,5.5035625,2.3330197
2088-08-20 12:00:00,1.4715259,1.3461546,1.9217722,3.7472925,3.8043735,1.6075437
2088-08-21 12:00:00,2.1384578,2.0057886,3.682156,3.0501833,3.9657524,3.2922792
2088-08-22 12:00:00,3.7361453,2.9893863,5.210985,2.9289,3.0507367,3.7660546
2088-08-23 12:00:00,2.121428,1.911976,5.9995,4.0504003,5.6610055,3.7406807
2088-08-24 12:00:00,3.3490465,3.3871746,5.2968273,7.28517,7.4220977,4.1424794
2088-08-25 12:00:00,3.9903789,3.5899878,4.5735965,5.297399,4.668707,3.575076
2088-08-26 12:00:00,2.3439791,2.0328956,3.218746,2.6385095,3.2545936,2.0885968
2088-08-27 12:00:00,1.8554124,1.7921883,3.9739645,4.64573,3.3325827,3.324693
2088-08-28 12:00:00,2.4724276,2.2211177,5.632329,3.6343536,3.1459966,3.8938468
2088-08-29 12:00:00,1.6073387,1.6250627,3.922051,4.035797,2.9558082,1.6528424
2088-08-30 12:00:00,1.3961102,1.313927,2.467798,3.651867,2.7273257,1.4006593
2088-08-31 12:00:00,1.9146397,1.5928136,3.7412097,2.748595,2.183256,2.3742118
2088-09-01 12:00:00,3.141539,2.869129,4.1480217,3.631392,2.352704,4.12415
2088-09-02 12:00:00,3.056938,3.1252153,3.6226966,3.9210892,2.833995,3.279055
2088-09-03 12:00:00,2.08232,1.9024458,3.580245,4.0043693,6.150752,3.1290448
2088-09-04 12:00:00,1.5869899,1.6167905,3.2497451,3.8754678,3.2293234,2.7139707
2088-09-05 12:00:00,1.1032656,1.4162506,2.888463,3.4135764,3.7815835,2.8595023
2088-09-06 12:00:00,3.2611341,2.28147,4.110896,2.6959295,2.8147597,2.1017396
2088-09-07 12:00:00,1.0460418,1.2627243,2.5835593,3.2612953,3.5661206,1.5504934
2088-09-08 12:00:00,1.1568098,1.1501774,2.5094361,2.623533,3.4838586,1.5514365
2088-09-09 12:00:00,1.8085318,1.5687106,2.341253,2.8430293,2.4253843,1.3992728
2088-09-10 12:00:00,4.18717,3.065659,4.9383717,3.2918966,2.543394,2.4838464
2088-09-11 12:00:00,4.0397,3.1500752,4.8311214,3.847593,2.9008832,2.3233294
2088-09-12 12:00:00,2.2267842,2.4300447,2.531732,4.720851,3.6479328,1.5364232
2088-09-13 12:00:00,2.6957245,2.2175558,2.7498636,3.3260794,3.5175965,2.4954925
2088-09-14 12:00:00,1.7391376,1.3863142,3.0763125,2.2300603,1.9261867,2.0754979
2088-09-15 12:00:00,2.000758,1.4488987,1.7349446,3.036378,2.118342,1.155757
2088-09-16 12:00:00,1.5456102,1.1912739,1.614646,3.2894003,3.8208268,1.1200004
2088-09-17 12:00:00,2.000113,1.4869679,3.3520856,2.6579301,3.0956242,1.5029755
2088-09-18 12:00:00,2.7414844,1.8919389,4.2195683,2.2332528,4.4529786,1.7038773
2088-09-19 12:00:00,2.0393775,1.4595691,4.2019286,1.7873122,2.6699507,1.7170163
2088-09-20 12:00:00,1.5545323,1.2220258,3.331376,1.5079554,2.6286125,1.3878877
2088-09-21 12:00:00,1.2183166,1.0145078,2.4710824,1.3773453,2.3422325,1.1905562
2088-09-22 12:00:00,1.1803286,1.0386016,2.6006105,1.6848361,2.2130175,1.2264289
2088-09-23 12:00:00,1.4439359,1.1595502,3.1099539,1.4339709,2.8100839,1.2886438
2088-09-24 12:00:00,1.4975266,1.2440017,3.4956338,1.962526,5.1429243,1.2790465
2088-09-25 12:00:00,0.9772416,1.1045167,2.794263,3.0393867,5.7008324,1.1819551
2088-09-26 12:00:00,1.2021738,1.3142725,2.2105987,4.6410785,5.1025167,1.3842148
2088-09-27 12:00:00,1.6643465,1.933156,3.2000573,5.1320896,4.523046,2.925751
2088-09-28 12:00:00,2.4245903,2.7218084,4.2226305,5.799766,5.5709777,3.1365206
2088-09-29 12:00:00,3.3698397,3.1652684,4.4390144,4.7945037,5.1358147,3.3029919
2088-09-30 12:00:00,2.7906075,2.4588056,3.3255775,3.0546348,3.0866385,2.6297169
2088-10-01 12:00:00,1.5724058,1.2937204,2.2183473,1.9434807,2.6554883,1.543331
2088-10-02 12:00:00,1.8677405,1.7698221,4.4260473,5.9151335,5.4947543,3.544116
2088-10-03 12:00:00,2.8538613,2.4625509,5.108761,6.075115,5.2228236,3.4714231
2088-10-04 12:00:00,2.551127,2.143689,6.1893387,3.9709296,3.109426,4.062194
2088-10-05 12:00:00,2.6705906,2.219037,3.7366033,2.607573,3.0905952,2.1668525
2088-10-06 12:00:00,0.75129974,0.8823104,2.2830844,3.2970579,3.6625242,1.5119885
2088-10-07 12:00:00,1.7957892,1.5009366,2.5962484,4.432119,3.8020372,2.8301017
2088-10-08 12:00:00,3.008683,2.574453,4.540306,6.46277,5.9671464,4.4661784
2088-10-09 12:00:00,4.2818727,3.5720422,5.5902104,6.8900213,7.5182123,3.994213
2088-10-10 12:00:00,1.5986398,1.8064824,2.0951881,6.035444,6.182318,2.3461843
2088-10-11 12:00:00,1.5351025,1.7301598,4.247816,4.574535,3.8962634,3.8329527
2088-10-12 12:00:00,4.05828,3.6581526,5.0605164,6.439145,4.846874,4.4238644
2088-10-13 12:00:00,3.1147394,2.8627145,3.7218652,7.796852,5.4574065,3.5604613
2088-10-14 12:00:00,1.9532443,1.9312855,2.1897006,5.5641174,4.658965,2.3656209
2088-10-15 12:00:00,1.3632565,1.2345861,2.3984516,2.4627197,3.029678,1.4693437
2088-10-16 12:00:00,2.1200285,1.4248884,3.9748714,1.8838861,5.1028814,1.5094007
2088-10-17 12:00:00,1.1128575,1.0060563,3.9316046,2.3584685,5.8698163,1.5343274
2088-10-18 12:00:00,1.018586,1.2942866,4.46564,3.699818,7.6686063,2.5374115
2088-10-19 12:00:00,1.4693176,1.5341398,4.7311974,5.010966,5.6022854,3.3962176
2088-10-20 12:00:00,2.5290604,2.2246985,3.107863,4.074922,5.4536734,2.5846667
2088-10-21 12:00:00,2.9239156,2.8817275,6.833244,5.4924774,5.0950747,5.166545
2088-10-22 12:00:00,3.1438837,2.8790863,4.267841,4.841944,5.6763372,2.7457147
2088-10-23 12:00:00,1.6190941,1.4172212,4.100144,2.8442621,3.5026455,2.8426876
2088-10-24 12:00:00,1.9034508,1.6575769,3.1594179,4.0609956,3.6289344,3.015592
2088-10-25 12:00:00,2.9557939,2.6149597,4.595242,4.9187117,4.0518785,3.3240285
2088-10-26 12:00:00,1.4538646,1.5377476,2.8674984,3.4493546,4.3540955,2.1007617
2088-10-27 12:00:00,0.69333446,1.0031828,1.8292744,1.940374,3.8124566,1.1556952
2088-10-28 12:00:00,1.7541218,1.473004,2.3246124,2.2910848,4.70712,1.6281798
2088-10-29 12:00:00,0.7159427,0.97662693,2.878628,4.842012,6.5204434,2.8594582
2088-10-30 12:00:00,1.3091134,1.0506686,3.1705105,4.5435605,4.5410223,2.6246407
2088-10-31 12:00:00,2.4408813,1.6758969,3.588276,2.5300276,4.5318046,1.6877117
2088-11-01 12:00:00,2.2294545,1.7506951,3.4712934,3.1459994,3.959339,1.7669749
2088-11-02 12:00:00,2.2134795,1.6995714,2.190849,2.3801682,3.8692794,1.3973714
2088-11-03 12:00:00,1.2436492,1.1226338,2.0149677,2.697106,2.9323375,1.5174912
2088-11-04 12:00:00,0.7754828,0.83233106,3.065474,3.1102564,3.3825057,2.8850567
2088-11-05 12:00:00,1.8388827,1.3903246,4.5284524,4.0354776,3.077833,3.8823795
2088-11-06 12:00:00,1.4253869,1.1086924,4.3426566,3.7452755,4.3029046,3.406658
2088-11-07 12:00:00,1.5745935,1.6845545,5.273636,3.5646896,4.706347,3.6180553
2088-11-08 12:00:00,2.1941662,1.7264872,4.2225018,3.3291938,5.928211,1.905774
2088-11-09 12:00:00,1.0047345,1.21198,4.7943745,2.761324,5.7359424,2.728141
2088-11-10 12:00:00,0.7082196,0.68885994,3.4484248,2.7900107,6.0258393,2.265533
2088-11-11 12:00:00,1.1675515,0.8382075,3.180503,2.7833254,5.265887,1.0783871
2088-11-12 12:00:00,2.1214948,1.2856454,4.056839,2.2208364,4.6721296,1.2582793
2088-11-13 12:00:00,3.5618277,2.5318832,5.5013824,3.0349987,4.6513634,2.4931128
2088-11-14 12:00:00,3.972692,3.518063,4.597862,4.8179326,3.6002307,3.3620842
2088-11-15 12:00:00,2.0300045,1.5521101,3.659057,4.5075006,4.044626,2.8521311
2088-11-16 12:00:00,1.9643643,1.6884112,4.4752426,3.2815177,3.3166487,2.1748745
2088-11-17 12:00:00,2.624085,2.138632,4.9189806,3.8380928,4.439848,2.3435042
2088-11-18 12:00:00,2.3589373,1.8073425,3.9289725,3.770132,4.6313972,2.3100774
2088-11-19 12:00:00,1.8480265,1.460536,3.9218857,2.7521513,2.995073,2.3783283
2088-11-20 12:00:00,1.9046085,1.5241908,4.047676,2.8473866,2.1939332,1.9617965
2088-11-21 12:00:00,2.1859438,1.547446,3.2052445,2.7995827,2.679272,1.5777528
2088-11-22 12:00:00,1.8507564,1.3154002,2.393427,1.8669153,2.7679653,1.2229714
2088-11-23 12:00:00,1.4851751,1.2172248,1.9008619,1.4213772,3.562134,1.2601529
2088-11-24 12:00:00,1.8592525,1.4363179,3.2521214,2.864882,3.9459538,1.5293326
2088-11-25 12:00:00,3.7635717,3.1826985,6.077669,5.252475,3.4879057,2.9155934
2088-11-26 12:00:00,4.4804754,3.7147703,8.309328,5.483085,5.09839,4.244848
2088-11-27 12:00:00,3.184284,2.5154972,6.008657,4.0207353,8.092365,2.8316128
2088-11-28 12:00:00,2.1040342,1.5734168,4.001646,2.9488466,5.6627812,1.6606915
2088-11-29 12:00:00,0.91994107,1.1348943,2.7376325,3.7531698,4.418483,1.4394063
2088-11-30 12:00:00,0.7431325,1.2014381,2.2585635,4.712319,4.1329265,1.5181639
2088-12-01 12:00:00,1.6619141,1.8116975,2.8455834,2.9036183,4.454217,1.9651592
2088-12-02 12:00:00,1.5784397,1.6190429,3.1406586,2.5087748,4.3348947,2.2607439
2088-12-03 12:00:00,0.86682737,1.1608101,2.6171246,5.4898105,5.1038036,2.7766957
2088-12-04 12:00:00,1.9803976,1.9651563,3.4618294,6.4004908,4.936711,3.833578
2088-12-05 12:00:00,2.0283923,1.7937629,4.186392,4.9620967,4.2204885,2.5162327
2088-12-06 12:00:00,1.0901128,1.3078331,2.5302193,4.279511,2.8120735,1.4927016
2088-12-07 12:00:00,1.2218714,1.3937187,2.2285836,3.3023255,2.6746128,1.7504257
2088-12-08 12:00:00,1.1563001,1.2908463,4.041242,2.8749547,4.12504,1.9623697
2088-12-09 12:00:00,1.1813492,1.4732709,2.5493593,3.373601,6.7649317,1.9607047
2088-12-10 12:00:00,1.2845187,1.4958149,4.4515038,2.5911026,5.7824097,2.6004937
2088-12-11 12:00:00,1.3668132,1.2961677,6.2766194,3.5469334,3.10244,3.5775392
2088-12-12 12:00:00,1.6711158,1.7416515,5.7862983,4.4047117,3.2994378,4.0838876
2088-12-13 12:00:00,1.0121224,1.0899534,4.3809566,3.2252138,3.4416258,2.9752018
2088-12-14 12:00:00,1.6534315,1.6301467,3.9808474,3.5644352,3.3355894,2.3913348
2088-12-15 12:00:00,1.720942,1.7026737,6.303106,4.8922706,3.8901374,4.115321
2088-12-16 12:00:00,1.0238274,1.2141752,4.271578,4.332809,3.963155,2.796274
2088-12-17 12:00:00,2.668336,2.4260392,5.895249,5.6537232,5.5169754,5.0087175
2088-12-18 12:00:00,2.4081686,2.0170097,5.103391,6.4870477,6.8649077,3.5714018
2088-12-19 12:00:00,4.1101613,3.0671089,6.4797173,5.2347927,3.8803642,4.427293
2088-12-20 12:00:00,1.8287429,1.7596055,3.6540496,5.444527,3.2844594,2.732707
2088-12-21 12:00:00,2.8756423,2.5223992,5.6175423,4.3948994,4.7630043,3.8600433
2088-12-22 12:00:00,2.2157023,1.9951363,3.8422298,3.7352068,5.486338,2.5920842
2088-12-23 12:00:00,4.0796976,3.650901,4.590748,5.592314,3.8647308,2.5324836
2088-12-24 12:00:00,2.749072,2.1010594,2.7602262,4.9370966,4.096936,2.475831
2088-12-25 12:00:00,1.4429085,1.3241585,1.9049981,3.158157,4.670478,2.0202692
2088-12-26 12:00:00,1.1356285,1.2619456,3.7582262,3.3284118,4.6490846,3.6885738
2088-12-27 12:00:00,1.3108099,1.5479416,3.1857028,2.828301,4.99523,2.288642
2088-12-28 12:00:00,2.5516355,1.9017178,5.1866746,2.4597979,4.50113,2.4375825
2088-12-29 12:00:00,1.0935854,1.3601114,3.5889475,4.1509743,3.5090775,3.2254477
2088-12-30 12:00:00,0.6724897,0.971357,3.184422,4.016874,3.1927037,3.2915428
2088-12-31 12:00:00,1.07304,0.98108435,3.8490043,4.523574,4.170258,3.311359
2089-01-01 12:00:00,1.0133033,1.2534412,3.1905427,5.449195,4.2790494,3.545938
2089-01-02 12:00:00,1.8446927,1.603939,3.1488442,5.9225397,5.1743407,2.9231853
2089-01-03 12:00:00,1.9446926,1.3965416,4.6825876,4.5374413,4.5496793,2.2620006
2089-01-04 12:00:00,1.9040478,1.4315895,5.370504,4.416564,4.605085,3.708925
2089-01-05 12:00:00,1.2930539,1.0790756,3.921345,2.7540612,3.1880314,1.7105702
2089-01-06 12:00:00,0.705508,0.89779586,2.0163126,2.4328773,3.0213141,1.6465777
2089-01-07 12:00:00,0.81503105,0.96927404,3.377239,4.185125,4.1028438,2.1835291
2089-01-08 12:00:00,0.7901828,0.9665706,2.944455,4.5894547,5.321796,2.946922
2089-01-09 12:00:00,1.1139203,1.1292601,3.864322,3.4973898,6.692699,2.4492316
2089-01-10 12:00:00,3.0932302,2.1266248,7.1382413,4.125594,4.675504,3.4465027
2089-01-11 12:00:00,4.3132267,3.3807366,6.193713,5.1708302,5.335469,3.662192
2089-01-12 12:00:00,3.2372322,2.8513591,5.318426,6.0499406,5.4191017,3.2758794
2089-01-13 12:00:00,1.4799036,1.2977,3.671352,5.306021,4.8255157,2.8154674
2089-01-14 12:00:00,0.9995575,0.9776178,3.7400994,4.668194,4.788889,3.0727575
2089-01-15 12:00:00,2.6962645,2.179302,5.482556,5.25063,5.2674932,4.0363483
2089-01-16 12:00:00,1.7626581,1.6516211,3.4123716,5.7727437,5.559425,2.7429
2089-01-17 12:00:00,1.5092905,1.4808853,4.7148037,5.462448,6.9529057,3.6352541
2089-01-18 12:00:00,2.638177,2.328569,3.5547776,6.262157,7.572374,3.4156363
2089-01-19 12:00:00,1.6350741,1.6472473,3.4020135,5.137637,6.742505,2.9534771
2089-01-20 12:00:00,1.647932,1.4106907,2.6011918,4.2530203,5.0093265,2.2231004
2089-01-21 12:00:00,0.5573567,0.7417859,2.941257,3.9879923,3.8244398,2.4133432
2089-01-22 12:00:00,0.90048635,1.0455287,4.141357,4.1775007,4.0130706,2.567684
2089-01-23 12:00:00,2.3867533,2.0908508,5.187789,5.299778,4.618811,3.9641476
2089-01-24 12:00:00,1.9848691,1.5791075,4.7623587,4.724726,4.922117,3.0188131
2089-01-25 12:00:00,1.2988489,1.0674361,2.919005,3.8993382,5.778979,2.6935616
2089-01-26 12:00:00,0.86330754,1.0409743,2.452689,3.7466128,6.2903314,1.4735687
2089-01-27 12:00:00,0.71071756,0.85305464,2.7647493,2.8718493,5.5942984,2.022074
2089-01-28 12:00:00,2.022255,1.3679595,3.1235096,2.2188447,4.2116904,1.669638
2089-01-29 12:00:00,2.7212448,2.0293303,3.5480666,3.8576896,5.422325,2.4271455
2089-01-30 12:00:00,1.0984757,1.4505595,2.1711752,5.453293,5.5489807,1.9936152
2089-01-31 12:00:00,0.9011374,1.3297446,3.003277,6.2713685,6.4525275,3.141255
2089-02-01 12:00:00,1.1149375,1.4156517,5.7671857,5.054613,6.3443723,4.657232
2089-02-02 12:00:00,1.5720422,1.839033,2.9344018,5.239413,4.8756557,2.583604
2089-02-03 12:00:00,0.91042477,1.1292728,2.838488,2.644464,3.3822398,1.833179
2089-02-04 12:00:00,1.0207155,1.1923846,4.113998,2.9712696,3.8715677,2.5729594
2089-02-05 12:00:00,1.0406848,1.1971312,3.989066,4.6373963,3.9756622,3.7959037
2089-02-06 12:00:00,1.4099075,1.4262451,3.9058824,6.4839745,5.0029216,4.155722
2089-02-07 12:00:00,0.8468861,1.0669175,2.782967,5.6329193,6.8806643,2.7574456
2089-02-08 12:00:00,1.1496177,1.0799063,3.5729346,2.502215,6.4654937,2.1429045
2089-02-09 12:00:00,1.0209289,0.99117404,3.0788941,1.7455304,2.6298494,1.8783215
2089-02-10 12:00:00,1.3479843,1.1354431,4.302062,2.8503597,2.5695734,1.8180827
2089-02-11 12:00:00,2.906384,2.029842,5.105415,3.2926486,3.2908,2.0626295
2089-02-12 12:00:00,3.813675,3.0570462,6.0384517,5.323336,4.132968,3.0404768
2089-02-13 12:00:00,1.7773916,1.5476934,4.239696,4.5403934,5.8438087,1.6049484
2089-02-14 12:00:00,0.96170187,1.010622,2.7425928,3.5862463,4.0409923,1.4201875
2089-02-15 12:00:00,1.1581244,1.0569834,4.6857486,3.7617495,3.1876311,3.6990511
2089-02-16 12:00:00,1.8719676,2.0522082,5.2217374,5.508548,7.5412974,4.177182
2089-02-17 12:00:00,1.1575888,1.1690245,3.7326512,3.4390638,5.9219437,2.7733388
2089-02-18 12:00:00,1.3543459,1.1990623,3.9303916,3.3972368,4.1070094,2.9338627
2089-02-19 12:00:00,2.241962,1.8582295,4.6593285,4.6016426,4.854906,3.7850301
2089-02-20 12:00:00,1.49364,1.2228463,2.2431846,3.5149102,5.1504397,1.805057
2089-02-21 12:00:00,1.0367676,1.030691,2.551645,2.2919028,5.388772,2.101897
2089-02-22 12:00:00,1.202174,1.1495578,2.8780208,2.3743312,5.3913765,1.9696232
2089-02-23 12:00:00,2.5873842,2.6917717,6.498575,7.06763,6.3760195,5.356447
2089-02-24 12:00:00,1.8220096,1.9454057,3.3415353,6.8002687,9.444784,2.923344
2089-02-25 12:00:00,0.9806186,1.2525134,3.7205977,4.541642,7.7759466,3.5654812
2089-02-26 12:00:00,3.2220619,3.3293042,6.434191,7.089439,6.6009197,5.863375
2089-02-27 12:00:00,2.9521542,2.4670737,4.3241057,2.9283073,6.4269915,3.2550132
2089-02-28 12:00:00,1.9828104,1.9364582,4.7037253,4.437982,7.06379,4.2144885
2089-03-01 12:00:00,1.0272392,1.3594508,4.419558,3.6462538,5.1562057,3.169515
2089-03-02 12:00:00,0.8471537,1.1084476,4.3884153,3.0893307,3.6106956,3.0969331
2089-03-03 12:00:00,2.7005773,2.6378727,5.492969,4.67224,5.6954455,4.839707
2089-03-04 12:00:00,3.0799413,2.876143,5.650868,4.7212973,5.111463,4.7893457
2089-03-05 12:00:00,2.9480467,2.6507845,5.0717106,5.5990806,5.324664,3.5394814
2089-03-06 12:00:00,2.9553459,2.541985,5.1395264,5.444555,4.65624,3.9332943
2089-03-07 12:00:00,3.3141851,2.8143802,6.710983,5.9493647,5.3588476,4.6337705
2089-03-08 12:00:00,2.4985995,2.6323123,5.350206,6.347237,5.593286,3.8006814
2089-03-09 12:00:00,4.708165,3.8874474,6.2426977,6.0087576,7.1139326,4.581013
2089-03-10 12:00:00,3.9030244,3.3364627,6.1906567,6.3216963,6.6009846,4.6092544
2089-03-11 12:00:00,4.121721,3.495608,6.5815535,5.9813113,7.7930303,4.742882
2089-03-12 12:00:00,3.5116372,2.9672816,5.546538,5.014895,7.5225697,3.8471768
2089-03-13 12:00:00,3.76771,3.4622004,6.0799274,5.386448,6.3196645,5.134091
2089-03-14 12:00:00,1.787442,1.9327848,3.053533,3.715379,5.8019347,1.895271
2089-03-15 12:00:00,1.0004225,0.94663435,3.8458881,2.315445,6.596196,1.765945
2089-03-16 12:00:00,1.9732214,1.5016917,2.8910484,2.5935628,5.0478063,1.5665338
2089-03-17 12:00:00,3.372107,2.676493,3.8973281,2.2331593,4.198329,2.127641
2089-03-18 12:00:00,2.6841736,2.0245037,3.581004,3.8121529,6.589595,1.6161046
2089-03-19 12:00:00,1.5234206,1.6268239,2.6237307,6.436938,6.2096725,2.075129
2089-03-20 12:00:00,1.7350106,2.1093495,3.9808471,6.158865,6.0971746,2.662976
2089-03-21 12:00:00,2.573694,2.7205777,4.7756453,7.120467,3.9979193,3.5360248
2089-03-22 12:00:00,2.3639855,2.5508766,5.541809,5.67237,3.0193567,3.7179027
2089-03-23 12:00:00,2.938757,2.6960685,4.886581,5.421281,2.6487975,3.3762915
2089-03-24 12:00:00,2.1523154,1.8584776,5.862938,4.766927,5.7223105,4.6421685
2089-03-25 12:00:00,1.7454607,1.423674,4.588167,3.976349,5.727339,3.3383086
2089-03-26 12:00:00,1.561181,1.3117436,3.3005254,5.098592,5.5905266,2.3691552
2089-03-27 12:00:00,1.7511394,1.6719493,4.958503,3.8657608,6.1689663,3.9501834
2089-03-28 12:00:00,1.583743,1.446708,3.5944896,2.940298,2.9074101,3.081233
2089-03-29 12:00:00,1.2181171,1.4169723,2.947219,3.9806805,3.8353107,2.1008313
2089-03-30 12:00:00,1.8288649,2.1411388,4.9567857,5.125236,5.1144476,4.9105935
2089-03-31 12:00:00,3.2995849,3.3949397,3.1394532,4.979357,7.3513665,3.2441769
2089-04-01 12:00:00,2.768381,2.0150638,2.368677,3.7107117,5.774791,1.4536753
2089-04-02 12:00:00,1.7911236,1.4692622,3.0344234,3.3929687,4.040626,2.9054148
2089-04-03 12:00:00,1.5419216,1.691543,4.7586775,4.158365,3.9739754,3.9733827
2089-04-04 12:00:00,1.2270674,1.4365804,4.623849,3.0333748,3.4857204,2.7222927
2089-04-05 12:00:00,1.0665591,1.1180053,3.2853453,2.1374786,3.5887773,1.7746993
2089-04-06 12:00:00,1.7237483,1.3812352,2.7052615,2.2562363,4.7988195,1.8014759
2089-04-07 12:00:00,2.39034,2.2370212,4.051094,3.1042228,6.024141,3.8243406
2089-04-08 12:00:00,1.5249475,1.4198239,3.2934961,2.551589,6.4332185,1.9563122
2089-04-09 12:00:00,1.462748,1.3316374,2.5470858,3.3470793,5.9838343,2.066189
2089-04-10 12:00:00,2.9464445,2.1794727,4.556209,3.7859378,4.277517,3.8939319
2089-04-11 12:00:00,2.8230152,2.5138505,4.094864,3.3151798,2.7113676,2.5320716
2089-04-12 12:00:00,2.7299638,2.5408788,2.9759605,3.0318687,2.516368,2.0639856
2089-04-13 12:00:00,2.0453682,1.6721687,3.6918619,3.1983492,2.971358,2.3310277
2089-04-14 12:00:00,1.8299834,1.3738468,3.9172068,2.045657,3.1571512,1.8840046
2089-04-15 12:00:00,1.0974643,1.0053191,3.3038208,2.1987987,2.920275,1.5781263
2089-04-16 12:00:00,1.3069463,1.3188334,2.705922,2.6203043,2.5154717,1.9145857
2089-04-17 12:00:00,1.7179313,1.912735,3.4545088,4.486981,2.6972144,3.0826883
2089-04-18 12:00:00,2.543755,2.500119,3.6885417,4.1868362,3.7865093,2.50138
2089-04-19 12:00:00,1.9608958,1.8489286,2.9201293,6.820087,6.878277,3.2673576
2089-04-20 12:00:00,2.2303774,1.9852496,3.6130424,4.059914,7.314224,3.0392487
2089-04-21 12:00:00,2.3000977,2.0733042,3.7424798,5.280303,4.9865284,3.1886234
2089-04-22 12:00:00,3.0621088,2.798395,4.0346875,6.895894,4.2574997,3.2718325
2089-04-23 12:00:00,2.996016,2.358538,4.625625,2.903797,4.9797087,2.7122731
2089-04-24 12:00:00,3.4997668,2.848071,4.4023004,3.3561945,4.012941,2.6270998
2089-04-25 12:00:00,2.0064766,1.7693112,3.9709852,3.9181151,5.079441,3.3992796
2089-04-26 12:00:00,2.4504066,2.6540823,4.7207627,4.6036096,4.1164193,4.466298
2089-04-27 12:00:00,2.4862123,2.8125794,4.408163,3.9417806,3.1765132,4.4892993
2089-04-28 12:00:00,1.9135938,2.5501993,3.3104968,3.0768118,2.4377513,2.4928827
2089-04-29 12:00:00,2.5852149,2.9100933,3.1679,3.33611,2.9390252,2.4301913
2089-04-30 12:00:00,3.0036192,2.7588656,4.4532394,4.004089,3.4772568,3.6331916
2089-05-01 12:00:00,2.5928402,2.571192,4.728418,4.232407,4.458291,4.081578
2089-05-02 12:00:00,2.4602609,2.4180772,3.7469437,2.8672268,3.4313529,2.31434
2089-05-03 12:00:00,1.6615468,2.0145178,5.2771344,3.3373878,3.0306947,3.471944
2089-05-04 12:00:00,3.096506,2.8241923,5.26681,4.0643044,2.6819093,3.634426
2089-05-05 12:00:00,2.557757,2.1918619,2.4376743,3.0814996,2.693227,2.1302867
2089-05-06 12:00:00,2.2954483,2.0203733,2.280211,2.776049,2.9382758,2.02204
2089-05-07 12:00:00,1.8056058,1.655393,2.9208422,2.7227342,3.483895,1.8574843
2089-05-08 12:00:00,1.433728,1.355508,3.47406,2.4662476,4.3400397,2.1889796
2089-05-09 12:00:00,2.9195285,2.4768236,4.2799172,2.708518,3.427174,1.8539209
2089-05-10 12:00:00,1.4277546,1.513305,3.447719,3.1824572,2.7082508,1.4725391
2089-05-11 12:00:00,1.8277037,1.7289116,2.7104628,2.6151104,2.7533631,2.0767534
2089-05-12 12:00:00,0.8049844,1.0277505,2.6453712,2.4305913,3.5165005,1.9991549
2089-05-13 12:00:00,1.2497886,1.0436153,1.7663089,2.6212513,3.851355,1.246446
2089-05-14 12:00:00,1.0755321,1.3394933,1.9208332,3.7836695,3.6858842,1.3145723
2089-05-15 12:00:00,2.3868155,2.0606549,2.305139,3.917878,2.6060424,1.8325304
2089-05-16 12:00:00,1.7355556,1.304953,2.1828845,3.3729005,2.8849628,1.8504853
2089-05-17 12:00:00,1.7539146,1.4864452,2.6172814,2.7945323,3.2307346,1.8235037
2089-05-18 12:00:00,2.7955341,2.2302334,3.2966166,4.606907,4.454723,2.5189474
2089-05-19 12:00:00,2.130557,2.1928947,4.541363,5.025961,2.2387207,3.0572898
2089-05-20 12:00:00,3.1368375,2.6322463,4.457542,3.6156428,3.1812527,3.0196817
2089-05-21 12:00:00,2.0794277,1.7552737,3.832468,3.4645817,2.6020093,2.1511583
2089-05-22 12:00:00,2.0439572,1.9733821,4.633445,3.9484172,2.983193,3.1591501
2089-05-23 12:00:00,2.6085372,2.4251742,5.4260306,4.056877,3.444547,3.7041426
2089-05-24 12:00:00,1.3282212,1.2356817,4.9419923,3.603886,3.0631306,3.5594647
2089-05-25 12:00:00,0.93628925,0.8919674,4.0033784,1.9880073,3.1216803,2.4008076
2089-05-26 12:00:00,1.3092782,1.0826209,3.205815,2.1493824,3.0922716,1.7196511
2089-05-27 12:00:00,0.94504064,0.8872237,2.9802628,3.4480278,3.0613472,1.697757
2089-05-28 12:00:00,0.8626373,0.83420205,2.216764,3.24641,3.149678,1.134984
2089-05-29 12:00:00,1.2954205,1.1954308,1.9966335,3.1464174,4.2170787,1.3009005
2089-05-30 12:00:00,2.1443026,2.099855,2.200431,3.9686062,5.6647534,1.5405992
2089-05-31 12:00:00,2.1950197,1.7675282,2.6614585,3.4149537,3.5254965,1.7045182
2089-06-01 12:00:00,2.1838598,1.9734871,2.781983,2.772748,2.6995115,1.6513042
2089-06-02 12:00:00,2.47656,2.0582387,3.1057997,4.028196,4.274698,2.5230925
2089-06-03 12:00:00,1.4597687,1.2605729,2.1514935,2.238326,5.003169,1.5385243
2089-06-04 12:00:00,1.6756313,1.627754,4.251216,3.8018599,3.0242534,1.729711
2089-06-05 12:00:00,1.2652087,1.4008414,2.9977777,3.4617095,3.5905821,2.0782082
2089-06-06 12:00:00,2.3470793,2.0870202,3.3668413,4.0742126,3.2689586,1.9787054
2089-06-07 12:00:00,2.4448895,1.879936,3.0826705,2.8252146,2.854083,2.471237
2089-06-08 12:00:00,1.8722317,1.8511797,2.4701538,3.8177204,3.2459872,2.8215933
2089-06-09 12:00:00,3.1253839,2.735683,3.9073372,3.9795408,4.3215365,2.1890616
2089-06-10 12:00:00,2.1668215,2.353723,3.528391,4.3699293,4.180746,2.382177
2089-06-11 12:00:00,1.9998717,1.9236482,2.2334003,4.157313,5.370527,2.83252
2089-06-12 12:00:00,2.5777416,2.2112956,3.290091,4.4474716,4.8687778,2.6465528
2089-06-13 12:00:00,1.3977153,1.1963192,4.119986,3.8742142,3.8920903,1.4788061
2089-06-14 12:00:00,1.1498356,0.9782054,2.4992504,3.711882,3.1056228,1.0933216
2089-06-15 12:00:00,2.1999032,1.7614166,3.332713,3.8290296,2.2050261,1.8063257
2089-06-16 12:00:00,2.704824,2.0708978,3.1334567,5.0674086,2.5863802,2.2196496
2089-06-17 12:00:00,2.018499,1.4755678,3.5429313,4.5844393,3.3802516,2.820267
2089-06-18 12:00:00,1.8748739,1.471454,3.577793,3.842577,3.0222802,2.8864377
2089-06-19 12:00:00,1.9913738,1.7357334,3.063292,3.3820322,2.9420762,2.5721042
2089-06-20 12:00:00,2.7097788,1.9856889,3.527572,3.8123353,3.247212,1.7225231
2089-06-21 12:00:00,2.9072988,2.2406912,2.898494,4.1823626,3.9074135,1.6753361
2089-06-22 12:00:00,2.6642478,2.248854,2.9597034,4.337801,3.8210487,1.6895247
2089-06-23 12:00:00,3.0547843,2.3470938,3.12013,3.401653,3.466325,1.9497329
2089-06-24 12:00:00,3.2872324,2.7036111,3.402422,3.0229018,2.5134215,1.990404
2089-06-25 12:00:00,2.9733868,2.5223806,3.4703004,2.7797644,2.0629716,1.8552921
2089-06-26 12:00:00,2.7478995,2.2366507,3.5078425,2.50257,1.7848856,1.8635174
2089-06-27 12:00:00,2.6109385,2.0555263,3.6699212,2.1134942,2.6929438,1.857148
2089-06-28 12:00:00,1.1925664,1.0709245,2.8582003,2.866617,3.8346553,1.5031183
2089-06-29 12:00:00,0.93695307,1.091451,1.8269585,4.0089955,4.43827,1.2235125
2089-06-30 12:00:00,1.4093599,1.4288574,2.334487,3.9667952,5.214458,1.4746006
2089-07-01 12:00:00,1.5551032,1.551539,2.6877563,4.135638,5.00769,1.5872285
2089-07-02 12:00:00,1.7028874,1.6048827,2.01525,4.7137694,4.094695,1.5037129
2089-07-03 12:00:00,1.5918853,1.4968147,1.7293106,3.876648,3.2025785,1.6223447
2089-07-04 12:00:00,2.3502755,1.9669505,2.831726,2.468429,2.5554118,1.9201083
2089-07-05 12:00:00,1.5079987,1.4908867,1.9051715,3.1280377,2.6050847,1.7040602
2089-07-06 12:00:00,1.4666318,1.54536,3.6968539,3.0001001,3.7199976,1.9122943
2089-07-07 12:00:00,1.6648114,1.7979405,2.809537,2.9398208,3.5701942,2.1205971
2089-07-08 12:00:00,3.2063942,2.6745431,3.4958708,4.2739124,3.693626,2.7789822
2089-07-09 12:00:00,2.18271,2.05395,3.229383,4.1790853,3.523927,2.7312555
2089-07-10 12:00:00,1.8109134,1.5486314,2.6094444,4.418338,4.298641,1.571827
2089-07-11 12:00:00,1.8096235,1.652138,2.2113292,2.9850373,2.9998763,1.5415059
2089-07-12 12:00:00,2.9359012,2.4773314,2.9748714,3.109791,2.9038393,1.8788348
2089-07-13 12:00:00,1.6157558,1.4676278,2.0732577,2.4631863,3.4518194,1.42411
2089-07-14 12:00:00,0.9937011,1.0089751,2.359716,3.5692687,2.8814104,1.2153307
2089-07-15 12:00:00,0.88732284,0.79899323,1.7016734,4.253596,3.5837839,1.0520213
2089-07-16 12:00:00,1.5221143,1.9527218,2.8416584,4.1078095,3.9031577,2.791555
2089-07-17 12:00:00,2.2024465,2.2434123,2.635345,4.465638,5.7231183,3.1735525
2089-07-18 12:00:00,3.3287547,2.6599305,5.3289914,2.901969,4.957003,2.8048115
2089-07-19 12:00:00,3.840466,3.4692163,5.3266296,5.863812,3.9166164,4.129572
2089-07-20 12:00:00,2.9810266,2.4637482,4.4453406,5.8719616,4.337469,3.3783548
2089-07-21 12:00:00,2.3106756,2.3341699,4.7763042,3.3705606,2.7637057,3.8413582
2089-07-22 12:00:00,2.1334949,1.7608507,3.0835521,3.3784285,3.7788785,2.8212926
2089-07-23 12:00:00,1.9065598,1.6752268,3.1309829,2.6010125,2.599086,2.440017
2089-07-24 12:00:00,1.5004528,1.5062399,2.2686386,1.8198326,2.643479,1.613688
2089-07-25 12:00:00,2.53126,2.1993477,2.7655654,4.5849075,3.2836683,2.3428226
2089-07-26 12:00:00,1.7430081,1.7307266,2.9672925,4.938109,4.897864,2.0950205
2089-07-27 12:00:00,4.3866305,3.9015152,6.73929,5.076058,3.8194673,5.453745
2089-07-28 12:00:00,3.400128,3.1867454,4.0629563,7.3413463,4.7028418,3.7305758
2089-07-29 12:00:00,2.1258974,2.1234431,2.8109396,7.150605,4.735538,2.25649
2089-07-30 12:00:00,1.2605801,1.3472834,1.8654871,3.9623528,4.3786974,1.3232633
2089-07-31 12:00:00,1.989869,1.8633662,4.915208,3.3399196,3.5103865,2.5083106
2089-08-01 12:00:00,3.544108,3.4305062,4.471205,4.439503,3.1889908,3.0809162
2089-08-02 12:00:00,1.7942364,2.0236704,2.8134725,3.568208,4.7512374,1.8613611
2089-08-03 12:00:00,1.8398889,1.7945082,4.4440956,3.9995248,4.8482933,2.6890545
2089-08-04 12:00:00,2.222661,1.9001409,2.5035772,2.8688574,3.8194253,1.625555
2089-08-05 12:00:00,1.5672164,1.6887249,1.8391589,2.216132,4.552153,1.3382721
2089-08-06 12:00:00,2.9062643,2.5208633,2.3468854,3.1268592,2.666622,1.600877
2089-08-07 12:00:00,2.4739957,2.316818,3.4218469,3.5953808,3.3206375,2.495685
2089-08-08 12:00:00,2.081597,1.8739299,3.7344458,3.0697317,3.025771,2.335911
2089-08-09 12:00:00,1.1598829,1.1782031,2.6156962,2.8194573,3.3260536,1.5899016
2089-08-10 12:00:00,1.5639224,1.3316903,3.389675,2.4581497,2.890371,1.5942477
2089-08-11 12:00:00,1.5432855,1.4926704,2.9862065,2.242433,3.404779,1.5164107
2089-08-12 12:00:00,1.3220645,1.1573684,2.2863164,1.8292015,2.5763266,1.2297579
2089-08-13 12:00:00,2.032979,1.6671214,2.3024907,2.5867724,1.8399869,1.3519201
2089-08-14 12:00:00,1.212757,0.9358755,2.603175,2.3631346,2.8426654,1.3610526
2089-08-15 12:00:00,0.8069581,0.8194296,1.7945098,1.8623259,3.081066,0.9966208
2089-08-16 12:00:00,0.98081446,1.2073997,1.3717366,2.4139645,2.9761875,1.158484
2089-08-17 12:00:00,1.2349113,1.1269879,1.881008,1.8507454,4.819075,1.5755224
2089-08-18 12:00:00,1.1980526,1.1518717,1.559711,1.8005198,6.089248,1.2254568
2089-08-19 12:00:00,1.0178267,1.2069727,1.7547055,1.7822456,5.898852,1.1857626
2089-08-20 12:00:00,2.5102065,2.1689818,3.04361,2.099542,3.3813505,1.5203563
2089-08-21 12:00:00,2.531755,2.279997,3.333058,3.8878732,3.988427,1.8356318
2089-08-22 12:00:00,3.4063642,3.0111601,5.164107,4.20609,3.5197773,4.469987
2089-08-23 12:00:00,2.8914018,3.350119,2.9362123,3.474441,3.592976,2.0917354
2089-08-24 12:00:00,2.5205984,2.22184,3.3757927,3.1459024,4.7422853,1.8712611
2089-08-25 12:00:00,2.913968,3.041322,6.980546,5.033681,4.0019197,4.816421
2089-08-26 12:00:00,1.6262119,1.5454892,2.7222185,4.570011,4.0479636,2.3953998
2089-08-27 12:00:00,1.2118032,1.1751864,2.8080156,2.533216,3.414478,1.433061
2089-08-28 12:00:00,1.1001496,1.2812879,2.3333302,3.441043,3.3204174,1.4111995
2089-08-29 12:00:00,1.0912939,1.1291599,2.2473772,3.340604,3.4449127,1.5624467
2089-08-30 12:00:00,2.2228382,2.2384312,4.4881363,4.8065486,4.328126,3.6728446
2089-08-31 12:00:00,3.0344095,2.5911312,4.4349394,4.6509614,5.3177876,3.1437201
2089-09-01 12:00:00,2.5405135,2.210961,3.775703,5.201441,5.01404,3.2999613
2089-09-02 12:00:00,2.033755,1.7680442,2.8902192,5.778222,6.2661266,3.2241411
2089-09-03 12:00:00,1.2763711,1.4782362,3.0481317,4.3166957,6.990306,2.2559333
2089-09-04 12:00:00,1.4989375,1.7469463,3.5795467,2.6020663,4.7121835,2.2380037
2089-09-05 12:00:00,2.1453047,2.2442265,3.1773038,4.5218797,5.4840584,2.3529508
2089-09-06 12:00:00,1.2945063,1.3478999,2.8572855,3.372888,6.5116925,2.5048468
2089-09-07 12:00:00,1.974525,1.9912661,4.764634,3.2199948,4.9166884,2.7408395
2089-09-08 12:00:00,1.9129647,1.6926854,4.382952,4.161004,3.7388768,1.4541223
2089-09-09 12:00:00,1.7837276,1.4851921,2.4961894,2.9070752,3.5956483,1.9456135
2089-09-10 12:00:00,1.7431648,1.78498,3.753163,3.7580526,3.3308074,3.550539
2089-09-11 12:00:00,3.056469,2.8658135,3.548514,4.4999833,4.331347,3.0651789
2089-09-12 12:00:00,1.2695239,1.226796,2.7832198,2.8647041,3.3367183,2.4271157
2089-09-13 12:00:00,2.6453216,2.6524384,4.6851907,4.884425,3.7734864,3.8684223
2089-09-14 12:00:00,2.3768706,2.018389,2.7848606,3.6168444,3.67405,2.3326862
2089-09-15 12:00:00,1.1628523,1.1631154,2.5403764,3.3325431,2.6617908,1.9996271
2089-09-16 12:00:00,1.3075767,1.3935168,2.23362,1.9800639,2.1973844,1.3158714
2089-09-17 12:00:00,1.3267918,1.1137302,3.2186484,1.9556359,4.153582,1.5021784
2089-09-18 12:00:00,1.6835182,1.7475843,3.8540232,2.218753,3.3883939,1.8973686
2089-09-19 12:00:00,1.7722011,1.7375946,3.297161,3.8221474,5.300742,2.2751732
2089-09-20 12:00:00,1.6982737,1.6811274,4.9089365,3.237167,5.9547334,3.2413454
2089-09-21 12:00:00,2.3804898,2.1595812,4.015743,4.8030076,3.3740804,3.2188692
2089-09-22 12:00:00,2.4165065,2.0138624,4.3629165,5.1487737,3.3745356,2.7357628
2089-09-23 12:00:00,2.8349137,2.5718117,5.9900208,5.0914683,3.5792787,3.9029531
2089-09-24 12:00:00,2.1817746,2.3472664,3.1483984,3.675707,6.014997,1.9589603
2089-09-25 12:00:00,2.1624227,1.707661,4.634245,4.5014167,3.478545,3.0688224
2089-09-26 12:00:00,3.4655163,2.9777067,4.9867687,5.0204515,2.1247368,3.7684872
2089-09-27 12:00:00,3.1892247,2.7040913,3.6451519,4.0282135,2.5643406,2.9284146
2089-09-28 12:00:00,2.508022,2.2525213,2.2227943,2.9773383,1.9902389,1.5049943
2089-09-29 12:00:00,1.4617877,1.3311193,1.6814234,1.8607554,4.1989765,1.3346325
2089-09-30 12:00:00,1.410604,1.1956182,2.067807,4.918385,7.375666,2.1501498
2089-10-01 12:00:00,2.2697232,2.262972,3.4992464,6.6034865,4.95784,3.0404413
2089-10-02 12:00:00,2.796352,2.8178668,4.063672,5.3873544,4.750534,2.7197294
2089-10-03 12:00:00,1.3483074,1.4986049,1.838705,2.7236063,5.409834,1.1255759
2089-10-04 12:00:00,0.7617431,0.909974,2.037737,3.4592342,3.3557112,1.4551258
2089-10-05 12:00:00,0.8501673,0.9008043,2.6986153,3.9720225,2.8296373,2.5440032
2089-10-06 12:00:00,1.0830344,1.0267113,3.375929,3.1952798,4.0085435,2.736129
2089-10-07 12:00:00,1.2174586,1.2629601,4.0743523,3.178532,5.207071,2.5541143
2089-10-08 12:00:00,1.3930737,1.3721616,3.9751582,3.5077403,6.1768456,1.890215
2089-10-09 12:00:00,0.7977499,1.0316874,2.7977018,3.7453995,8.575332,1.4689813
2089-10-10 12:00:00,1.4046752,1.287789,3.4224687,2.5395315,7.0626197,1.3055332
2089-10-11 12:00:00,2.2196782,1.7071096,4.1675663,2.559806,4.1705155,2.0273557
2089-10-12 12:00:00,1.2064754,1.1214619,2.7216644,2.5055034,2.528519,1.9107503
2089-10-13 12:00:00,1.5733545,1.3167953,2.5030851,1.9176689,3.0117693,1.5532309
2089-10-14 12:00:00,1.0303496,0.887527,1.9097033,1.974516,2.1873777,1.1188998
2089-10-15 12:00:00,2.2868593,1.6126981,4.527175,2.6864698,2.4602718,1.6550018
2089-10-16 12:00:00,2.7659326,1.8932124,4.071026,2.5924644,3.3411877,1.4030025
2089-10-17 12:00:00,1.6679307,1.8951472,3.373013,4.9415,5.4360423,3.3227892
2089-10-18 12:00:00,3.434268,3.0887065,4.813814,6.986559,8.848419,3.8213828
2089-10-19 12:00:00,1.4205759,1.1860534,3.062271,4.0329823,5.7486963,1.3979081
2089-10-20 12:00:00,1.2897513,1.0674738,3.4747512,2.2295108,3.146803,1.8008536
2089-10-21 12:00:00,2.8721337,2.5888298,4.4587226,5.011785,4.1617904,3.6436899
2089-10-22 12:00:00,1.1253562,1.336421,3.071232,4.3111753,3.942618,2.3524106
2089-10-23 12:00:00,2.0298357,1.7693133,4.4161773,3.30043,2.7046757,3.6365137
2089-10-24 12:00:00,1.732766,1.8537412,5.5671024,4.7312903,3.82358,4.5122204
2089-10-25 12:00:00,3.949058,3.5675342,5.7296963,7.206921,6.053978,5.536888
2089-10-26 12:00:00,2.0020995,1.8238093,4.4811096,5.691561,5.203256,4.1501164
2089-10-27 12:00:00,2.7248478,2.483981,4.7442946,4.5347123,4.242123,3.9877784
2089-10-28 12:00:00,1.8011009,1.3765614,3.973176,3.876637,3.7504368,2.8925445
2089-10-29 12:00:00,1.5506973,1.2954243,3.7316077,3.6898358,4.515489,3.292491
2089-10-30 12:00:00,3.9033005,3.2744095,5.623788,5.57427,4.9921303,4.228517
2089-10-31 12:00:00,4.5241346,3.6886125,6.319436,5.1852384,4.734201,3.4059794
2089-11-01 12:00:00,2.856628,2.6687417,4.611272,7.878946,4.702536,4.2094274
2089-11-02 12:00:00,2.0085106,2.0467749,2.9583776,7.6868653,4.5771766,2.9634209
2089-11-03 12:00:00,1.4888654,1.2904748,3.6514559,5.555923,6.0025945,3.3263557
2089-11-04 12:00:00,2.2030478,1.8116919,3.9736648,5.016869,6.6411552,3.1495998
2089-11-05 12:00:00,1.907391,2.1615076,3.5648234,4.569753,6.1591864,2.1053274
2089-11-06 12:00:00,0.87711906,1.486897,2.9006195,5.785842,6.800552,1.6027263
2089-11-07 12:00:00,1.1596382,1.2476822,2.4974756,4.2998943,7.476488,1.3089246
2089-11-08 12:00:00,1.1746132,1.2224714,2.287612,5.06691,4.15505,2.4797895
2089-11-09 12:00:00,1.5243703,1.3951714,2.5915413,2.9643152,4.1126986,1.5719638
2089-11-10 12:00:00,1.5953386,1.3703828,2.0048258,3.2900386,4.2930655,1.5820545
2089-11-11 12:00:00,1.363251,1.2839719,2.1537452,5.4054103,5.4525557,1.4679539
2089-11-12 12:00:00,1.0886188,1.0267916,2.51972,3.7115104,5.4969664,1.8254765
2089-11-13 12:00:00,2.5876627,1.9580436,4.6754203,3.602802,5.9425893,2.4020884
2089-11-14 12:00:00,3.4377947,3.0178401,2.9044833,3.788605,4.1172338,1.9366605
2089-11-15 12:00:00,2.0581415,1.9235317,2.147648,5.652909,5.796576,2.4406066
2089-11-16 12:00:00,0.7588836,1.062641,2.431544,5.474043,4.103971,1.7257508
2089-11-17 12:00:00,2.3602931,1.8452891,4.508781,4.2550826,2.4026048,2.399589
2089-11-18 12:00:00,3.3012142,2.7396047,5.114736,4.143319,3.7690318,2.8917148
2089-11-19 12:00:00,2.094905,1.7521284,3.1872141,3.013869,4.0825753,1.7514783
2089-11-20 12:00:00,1.4595681,1.3754481,2.2469451,2.806107,4.0300946,1.7948327
2089-11-21 12:00:00,0.79561627,0.9357763,2.1572566,3.4692457,5.126623,1.8295133
2089-11-22 12:00:00,0.60791904,0.79044634,3.3708375,4.10791,5.0974965,3.0012884
2089-11-23 12:00:00,2.0304902,1.6996148,4.357099,4.349392,4.316702,3.1629815
2089-11-24 12:00:00,0.9482327,1.2595251,3.3169467,4.0250874,4.501084,2.9757757
2089-11-25 12:00:00,1.5452883,1.6408818,3.934596,5.160899,3.9724653,3.3828206
2089-11-26 12:00:00,2.5894575,2.2235947,4.082778,4.391434,3.0711627,2.7726421
2089-11-27 12:00:00,2.2562902,1.8309596,3.999536,5.6339087,3.8079276,2.3852534
2089-11-28 12:00:00,3.6218655,2.8320765,6.5851088,6.1414366,4.0459023,4.415007
2089-11-29 12:00:00,4.282797,3.4990525,7.196267,6.3842344,4.16334,5.4037213
2089-11-30 12:00:00,2.5772595,2.1317084,4.6342416,6.03249,3.955878,3.071155
2089-12-01 12:00:00,1.8420603,1.5319592,4.7975307,3.9387112,4.437136,3.5234365
2089-12-02 12:00:00,2.9775429,2.5350451,5.6498237,4.7550535,3.9320858,3.5989354
2089-12-03 12:00:00,3.1119986,2.8020823,4.7490096,3.6998215,5.4042215,3.5762827
2089-12-04 12:00:00,1.579046,1.466527,3.5779645,3.146721,5.240644,1.7731323
2089-12-05 12:00:00,1.3855443,1.2400789,2.2131102,2.3120177,3.8972788,1.7104636
2089-12-06 12:00:00,0.98095524,1.062847,2.4510818,2.7084024,3.7699769,1.7279081
2089-12-07 12:00:00,2.2747617,1.7895404,3.2485237,3.0177023,3.5639133,1.7986193
2089-12-08 12:00:00,1.0731065,1.3305205,2.1141381,3.0225465,2.9659302,1.4260236
2089-12-09 12:00:00,1.2883875,1.2157179,2.839876,4.509237,4.2259126,1.7329538
2089-12-10 12:00:00,1.9391503,1.5915462,3.0810554,3.5480318,4.7255816,1.7012073
2089-12-11 12:00:00,1.3223987,1.6413944,2.5529218,3.6607516,4.619332,1.6571418
2089-12-12 12:00:00,1.5060023,1.6103132,2.4949827,4.1926475,5.3229513,2.37505
2089-12-13 12:00:00,0.7856275,1.1229744,3.388492,7.670913,6.5977273,4.0145645
2089-12-14 12:00:00,2.7319598,2.6798255,5.2552915,10.778781,7.589651,6.009878
2089-12-15 12:00:00,3.9498577,3.578168,6.958762,7.8785014,7.3971605,5.109737
2089-12-16 12:00:00,2.530181,3.209501,5.2292395,6.9990377,7.5539994,3.7764583
2089-12-17 12:00:00,3.8410385,3.354341,5.8609304,6.5378237,4.947029,4.3332663
2089-12-18 12:00:00,1.8589153,1.7014885,3.2344773,2.6626654,3.1704748,2.4971287
2089-12-19 12:00:00,2.4671724,1.8868747,3.830386,3.0915313,3.1886175,1.6594603
2089-12-20 12:00:00,3.2163672,2.469534,4.627011,2.4789684,3.2670116,2.6856842
2089-12-21 12:00:00,3.52317,2.7694438,4.770401,2.5752583,2.7519028,2.3992183
2089-12-22 12:00:00,2.6961474,2.0803192,4.098491,4.751596,6.95888,2.2545135
2089-12-23 12:00:00,1.2889466,1.5153313,2.8266032,5.5928974,4.579923,2.8398407
2089-12-24 12:00:00,1.5619853,2.119782,3.6937506,4.1392226,4.5851297,3.2143621
2089-12-25 12:00:00,1.6540811,1.6324365,2.5265129,3.1183748,8.277523,2.2192903
2089-12-26 12:00:00,1.1294543,1.2508582,2.064277,3.382006,7.4823275,2.0732021
2089-12-27 12:00:00,1.1871853,0.97096777,2.6760726,4.7877903,5.572158,2.3259892
2089-12-28 12:00:00,0.7660621,0.9134666,2.6409662,5.659162,6.476396,2.109025
2089-12-29 12:00:00,0.7086699,1.0608106,2.716827,4.7879615,7.6066008,1.5719432
2089-12-30 12:00:00,0.8397013,1.1869599,1.994202,6.8952036,7.9588337,2.180512
2089-12-31 12:00:00,1.4967887,2.0478952,3.7261937,9.055335,8.192634,4.1718783
2090-01-01 12:00:00,2.0004225,1.8335763,3.3448899,4.518974,5.8822017,3.319669
2090-01-02 12:00:00,1.075808,1.2815545,2.222936,3.763731,4.475748,1.4712648
2090-01-03 12:00:00,0.7768604,0.901198,2.441974,3.7065492,5.369887,1.4976338
2090-01-04 12:00:00,1.1569021,1.3418353,4.237707,3.7663908,6.783222,2.4097419
2090-01-05 12:00:00,1.622149,1.7731832,4.1889324,6.063472,6.0003877,3.9784312
2090-01-06 12:00:00,2.721096,2.3183608,5.646785,6.357555,7.9486146,4.541719
2090-01-07 12:00:00,3.6359806,2.8014102,4.4650497,5.2318664,6.955711,2.9702215
2090-01-08 12:00:00,2.6323073,2.2275748,5.472661,6.6259174,5.2394485,4.169088
2090-01-09 12:00:00,5.269647,4.0146637,6.523439,6.2301674,5.7081,4.4147577
2090-01-10 12:00:00,2.8413706,2.5038548,4.7690105,6.7138057,7.168759,4.01753
2090-01-11 12:00:00,2.5756125,2.3835335,4.5353494,5.234334,7.422081,3.0119421
2090-01-12 12:00:00,1.5471547,1.3942693,3.9622383,3.3181012,3.894069,3.498122
2090-01-13 12:00:00,2.7149515,2.248425,6.172709,4.6880565,4.1153593,4.1466694
2090-01-14 12:00:00,2.4702082,2.0602062,3.4154308,3.744117,4.522378,2.5133538
2090-01-15 12:00:00,2.5234666,2.4514925,3.0607333,3.1948476,3.7337513,2.5405662
2090-01-16 12:00:00,1.4087324,1.0755523,3.7694304,2.6448607,6.29664,2.2662902
2090-01-17 12:00:00,2.3110926,2.2935364,2.3146198,3.7979069,4.658753,1.7447913
2090-01-18 12:00:00,2.941823,2.87203,3.0524657,5.0515056,4.275683,2.190389
2090-01-19 12:00:00,4.999157,3.6116898,4.671693,4.1592402,5.416996,3.0152886
2090-01-20 12:00:00,3.7141418,2.6184895,3.8166907,3.1865199,4.7594366,2.2471662
2090-01-21 12:00:00,1.878701,1.4006431,3.5266716,3.0504408,2.5180607,2.2120626
2090-01-22 12:00:00,2.433538,1.7720292,5.545508,2.9790294,3.0670578,2.6410015
2090-01-23 12:00:00,2.10974,1.9804499,4.6183147,3.5689156,4.465774,3.126859
2090-01-24 12:00:00,1.1534936,1.2922548,4.5304337,3.052331,4.5356035,3.1727579
2090-01-25 12:00:00,1.7788105,1.4539634,5.0648627,3.1963718,2.8078995,3.1001446
2090-01-26 12:00:00,1.8691843,1.8019025,5.0480876,4.2580614,4.768184,3.479901
2090-01-27 12:00:00,1.7580351,1.7225043,2.9108512,5.2385445,6.0944667,3.0608733
2090-01-28 12:00:00,0.699062,1.0609409,2.542803,5.0188932,6.3422313,2.0496657
2090-01-29 12:00:00,1.6716677,1.4207416,5.6507673,3.6426644,5.2240906,2.783951
2090-01-30 12:00:00,2.0779476,1.8279709,4.538831,4.7090135,8.232455,2.6420112
2090-01-31 12:00:00,1.5818404,1.6290852,2.8146574,4.355584,8.1165,2.4537032
2090-02-01 12:00:00,2.610361,2.4248464,3.4979696,3.4928892,7.09647,2.2809513
2090-02-02 12:00:00,3.8779426,2.9138286,3.6147206,2.2256794,5.364171,2.865639
2090-02-03 12:00:00,2.217183,2.1328473,3.0549755,5.0541954,4.536771,2.3207433
2090-02-04 12:00:00,1.5833076,2.2657075,5.273161,6.2799797,3.3950622,4.14941
2090-02-05 12:00:00,1.9498394,2.1578975,4.4551272,3.6229587,5.091765,3.0383825
2090-02-06 12:00:00,1.1118315,1.326302,2.3375332,6.26809,7.661002,2.2021642
2090-02-07 12:00:00,1.8782376,1.9863524,4.4983063,8.338527,6.4652047,3.9827995
2090-02-08 12:00:00,1.870936,2.1271791,3.897849,4.8794007,4.3502746,3.2558973
2090-02-09 12:00:00,1.3867986,1.6698267,4.421209,4.116562,4.721313,2.6009924
2090-02-10 12:00:00,1.3713517,1.812211,2.3685038,4.005941,8.230725,1.7927624
2090-02-11 12:00:00,0.8815055,1.2749695,2.1951501,5.367913,6.8046,1.3988736
2090-02-12 12:00:00,0.90574193,1.0319492,1.9217825,4.2930756,8.921396,1.6811329
2090-02-13 12:00:00,1.2312509,1.1014585,3.2428467,4.935979,6.5888696,3.0537353
2090-02-14 12:00:00,2.1925428,1.8375338,4.4461603,5.5850883,6.249328,4.047454
2090-02-15 12:00:00,4.1925707,3.595213,5.855605,8.119527,8.781007,5.094498
2090-02-16 12:00:00,1.3934271,1.5509342,2.336868,5.12603,7.023358,1.6688013
2090-02-17 12:00:00,1.6646086,1.3064247,4.1387596,2.5400128,5.996829,2.3139532
2090-02-18 12:00:00,1.0887425,1.2403858,3.2314734,4.0929985,5.3220434,3.1254976
2090-02-19 12:00:00,1.1803484,1.1904253,3.0035806,3.2373278,4.249006,2.1409068
2090-02-20 12:00:00,1.885649,1.5045336,2.895636,4.4139004,4.162718,2.642245
2090-02-21 12:00:00,1.3531425,1.6034526,5.7041335,5.8685355,6.5406184,4.359132
2090-02-22 12:00:00,1.5568469,1.8539186,4.794394,6.4838924,7.2157726,3.6693473
2090-02-23 12:00:00,2.4570737,2.425539,6.1524024,6.184447,5.8938766,4.96386
2090-02-24 12:00:00,4.2900076,3.6296625,3.782316,6.4383464,4.4388437,3.5852304
2090-02-25 12:00:00,2.1727786,2.2021432,3.424026,4.853974,3.263886,2.8154056
2090-02-26 12:00:00,0.91658854,1.1381329,3.053498,3.8269153,3.7109067,2.1997406
2090-02-27 12:00:00,1.0234588,1.0439034,2.2779202,4.4204364,4.419116,2.3486676
2090-02-28 12:00:00,1.5114634,1.2415574,2.575009,2.623232,4.6188774,1.955007
2090-03-01 12:00:00,1.0541408,1.3409153,2.5040016,6.4277425,7.1924615,2.3421116
2090-03-02 12:00:00,1.3275237,2.353148,3.1173372,5.7492433,8.94204,2.513074
2090-03-03 12:00:00,2.2611651,3.0535686,4.6320662,5.443476,8.836766,4.349338
2090-03-04 12:00:00,3.068955,3.293933,4.562464,6.8948255,8.145224,4.1067915
2090-03-05 12:00:00,4.060164,3.5760272,5.4156914,5.051025,7.3187604,3.7396123
2090-03-06 12:00:00,2.3624706,2.3716712,3.2370303,4.6557646,5.7667694,2.2738464
2090-03-07 12:00:00,2.621296,2.755495,4.8588567,6.9820037,5.2898273,3.7368677
2090-03-08 12:00:00,2.2681,2.4689014,3.2909126,4.706805,3.707207,2.3272786
2090-03-09 12:00:00,1.2637504,1.2861915,3.4546912,3.1971622,3.219802,2.964014
2090-03-10 12:00:00,2.4495578,2.0249562,4.0439157,4.2554984,4.8659925,3.0214393
2090-03-11 12:00:00,2.456845,2.112859,4.0310273,4.807463,4.159914,3.404615
2090-03-12 12:00:00,3.4149647,2.7396836,5.996339,5.318473,5.2652793,4.3120337
2090-03-13 12:00:00,3.1668491,2.6622508,7.056674,3.9916625,3.8866544,4.6927853
2090-03-14 12:00:00,3.3132834,3.0086782,7.27849,5.4724674,4.119597,4.5516825
2090-03-15 12:00:00,3.010686,3.0412302,4.6629767,5.192795,3.482066,3.151285
2090-03-16 12:00:00,2.3038225,1.8725826,3.8499775,5.141344,5.292156,3.3993022
2090-03-17 12:00:00,2.662435,2.3395298,4.1922994,4.1525006,4.9662623,3.784912
2090-03-18 12:00:00,2.5978727,2.2466822,4.858641,3.8562477,6.3921537,3.1311438
2090-03-19 12:00:00,1.6923738,1.5555463,5.5463037,4.0671306,5.6746182,3.2203367
2090-03-20 12:00:00,1.9373069,1.893209,4.1299224,5.6335063,5.3643646,3.5258799
2090-03-21 12:00:00,3.0224552,2.7552934,3.8305779,5.976472,7.2291718,3.3746285
2090-03-22 12:00:00,1.2430573,1.1082929,2.1978953,2.2566013,4.843191,1.7953018
2090-03-23 12:00:00,2.523306,2.2581222,3.1016588,2.5079827,5.3110967,2.3213584
2090-03-24 12:00:00,1.2119182,1.394527,2.8082647,2.8713882,5.304555,1.4967917
2090-03-25 12:00:00,0.9994429,1.1761935,2.2968972,2.7512956,4.8209085,2.5009818
2090-03-26 12:00:00,1.9549315,1.4911169,2.860461,2.6145954,3.1964648,2.1244009
2090-03-27 12:00:00,2.3418074,2.0907707,3.918514,3.6090677,3.1216288,2.2964332
2090-03-28 12:00:00,1.7304301,1.67893,3.15676,3.4370673,4.247102,2.1784658
2090-03-29 12:00:00,1.8417609,1.3921483,2.3213668,2.2754705,2.8989098,1.4394983
2090-03-30 12:00:00,1.0023669,1.1662251,2.8825767,2.6306708,3.1408393,2.2949212
2090-03-31 12:00:00,1.7098688,1.3877841,2.409867,2.561795,3.1462653,1.9487729
2090-04-01 12:00:00,1.9129205,1.7904,3.2459466,2.722967,3.4734006,2.5807946
2090-04-02 12:00:00,1.1390634,1.1307498,2.6756783,3.0881026,3.2564197,2.7325752
2090-04-03 12:00:00,2.2109637,1.8858685,3.0756636,2.4009438,3.7020786,1.7534069
2090-04-04 12:00:00,2.87435,2.390817,5.6168985,3.3288884,3.6440713,3.1936455
2090-04-05 12:00:00,1.868045,1.6686682,4.9177594,2.7175903,7.3766575,2.481958
2090-04-06 12:00:00,0.8201216,0.93523574,2.3176064,2.9478786,7.2746677,1.384949
2090-04-07 12:00:00,1.7996364,1.4784569,5.018308,2.9479153,6.3564796,2.350799
2090-04-08 12:00:00,1.9144547,1.744048,4.947304,2.920802,4.894804,2.4594047
2090-04-09 12:00:00,1.5015794,1.2560962,2.4297,1.7141212,3.0399613,1.0277475
2090-04-10 12:00:00,1.4450358,1.6722442,2.4507024,2.479049,3.4505,1.5963882
2090-04-11 12:00:00,2.1496248,1.9526974,2.1820858,3.8194864,3.864214,1.6116718
2090-04-12 12:00:00,2.7266588,2.350631,4.148163,4.4803624,2.7810204,2.18754
2090-04-13 12:00:00,2.4104767,1.9657395,4.678049,3.7154837,2.4737597,2.1575482
2090-04-14 12:00:00,1.7071173,1.3839338,3.1774182,4.379973,4.21996,1.7204844
2090-04-15 12:00:00,0.9253574,1.1620723,2.3107584,5.1938195,5.3454885,1.741281
2090-04-16 12:00:00,1.0554469,1.3749692,2.2965846,5.3654504,5.7720165,1.9120536
2090-04-17 12:00:00,1.8640136,1.4405578,3.004929,3.553434,4.2870464,2.6060326
2090-04-18 12:00:00,3.4329019,2.911415,5.640831,4.9623427,3.7889087,4.748854
2090-04-19 12:00:00,2.3221111,1.7810285,3.3917532,3.8372273,4.193786,2.430105
2090-04-20 12:00:00,1.9072084,2.0636022,4.6541824,3.166997,3.491911,3.587347
2090-04-21 12:00:00,1.4684316,1.5371531,3.157474,3.4099731,3.4164793,3.5838838
2090-04-22 12:00:00,1.0062388,1.1774653,2.3163798,3.5813344,5.025984,2.194071
2090-04-23 12:00:00,2.6585457,2.147439,4.4500766,3.7854266,4.5972657,2.8636484
2090-04-24 12:00:00,2.6486697,2.5606072,3.8387048,4.2051353,5.720141,1.7702495
2090-04-25 12:00:00,1.9456904,1.7858845,3.887019,3.4060698,4.859665,2.6866615
2090-04-26 12:00:00,2.1912475,1.5586596,3.6970518,3.7787354,3.1476338,2.747047
2090-04-27 12:00:00,2.0713322,1.752231,3.7391047,3.1178603,3.0021553,2.9665217
2090-04-28 12:00:00,3.1990218,2.502923,4.0313716,2.3605814,2.4246593,2.9992473
2090-04-29 12:00:00,1.9195881,1.7441413,3.230914,2.4889903,1.6799821,1.967419
2090-04-30 12:00:00,3.039112,2.65154,5.483297,3.7633154,2.1779003,4.0984883
2090-05-01 12:00:00,2.1909995,2.034404,3.3659558,3.5900156,3.1341193,2.7736273
2090-05-02 12:00:00,1.7528367,1.6316831,2.8871179,2.7210636,2.541807,1.7350988
2090-05-03 12:00:00,3.0941179,2.7805393,3.4622931,4.229108,3.4991775,2.4916656
2090-05-04 12:00:00,2.5026884,2.713752,3.6035862,4.751583,5.1947412,2.20606
2090-05-05 12:00:00,2.5336971,2.3045192,4.030629,4.491253,7.8132625,2.8772454
2090-05-06 12:00:00,3.512695,2.9453185,4.4630656,4.645097,4.4240727,3.669784
2090-05-07 12:00:00,2.5992885,2.3015447,4.13797,3.234905,3.658023,2.8048036
2090-05-08 12:00:00,2.7245662,2.310996,4.0961223,4.9907584,3.2759895,2.859039
2090-05-09 12:00:00,2.9006748,2.520749,4.6777816,3.6346073,5.106395,3.1154227
2090-05-10 12:00:00,4.2311187,3.6401067,4.463071,6.2790313,4.878265,3.4384367
2090-05-11 12:00:00,2.333726,2.4600832,3.213163,7.8936605,6.460109,3.2351668
2090-05-12 12:00:00,1.0959721,1.4433858,3.9767416,4.1598463,5.8392673,3.0211275
2090-05-13 12:00:00,2.661446,2.3489118,3.214821,3.1632128,4.7543354,2.121137
2090-05-14 12:00:00,2.5392995,2.2322109,3.415433,3.7293687,3.7404177,2.0044932
2090-05-15 12:00:00,2.118876,1.9011422,3.943687,2.9704847,3.564629,2.3399217
2090-05-16 12:00:00,2.1162426,1.8902371,3.151333,4.695822,4.9339676,2.583182
2090-05-17 12:00:00,3.7193668,3.540848,5.9855523,5.5644574,5.062451,4.2814612
2090-05-18 12:00:00,2.824511,2.9753237,3.9023256,3.2564602,7.113777,3.6560748
2090-05-19 12:00:00,3.349873,2.8589845,5.6455336,3.7233024,5.434072,3.1449587
2090-05-20 12:00:00,3.6684377,3.2993734,4.23383,3.192669,3.7288268,3.0302176
2090-05-21 12:00:00,2.4443197,2.2644823,2.5696547,3.0133173,2.9041493,2.0754645
2090-05-22 12:00:00,1.3900075,1.4663173,2.6891165,2.3730001,3.7420075,1.6731735
2090-05-23 12:00:00,1.6435745,1.3916223,3.0091927,2.4078205,4.479849,1.6709347
2090-05-24 12:00:00,1.204037,1.6346263,3.2609193,3.1686747,3.2220204,1.7719381
2090-05-25 12:00:00,2.2052402,2.037626,3.0051515,2.9994574,3.4371042,2.2792823
2090-05-26 12:00:00,2.7845392,2.2216995,3.7150738,3.7763646,4.8315144,2.3353033
2090-05-27 12:00:00,2.8239355,2.11342,3.2925787,2.6418996,3.9120977,2.315342
2090-05-28 12:00:00,1.7395003,1.7334578,3.7690673,2.7477603,3.0067723,2.0233285
2090-05-29 12:00:00,1.97527,1.9707813,3.1405516,3.860372,4.000503,2.5618865
2090-05-30 12:00:00,1.0596702,1.2341598,2.7558699,3.3824089,3.500111,1.7853519
2090-05-31 12:00:00,1.8798122,1.9294475,3.5005372,3.1296194,3.2878633,2.001849
2090-06-01 12:00:00,1.9761544,1.898199,4.343973,2.972479,3.2176113,2.0803745
2090-06-02 12:00:00,0.8983739,1.054681,3.4869688,2.3548756,3.4540102,1.6072133
2090-06-03 12:00:00,0.90633637,1.1021329,2.5131202,2.175441,2.7852361,1.5600865
2090-06-04 12:00:00,1.7671089,1.5430672,2.4856863,2.4556139,3.017144,1.4498997
2090-06-05 12:00:00,2.4810052,1.7892079,2.9746644,2.330434,2.9568443,1.9538616
2090-06-06 12:00:00,2.9033985,2.539986,4.867102,3.9725769,3.0252204,2.8368726
2090-06-07 12:00:00,2.050624,2.016444,3.388505,2.8852932,3.1689544,1.7912213
2090-06-08 12:00:00,1.8430648,1.8986391,3.3876486,4.138955,4.637092,1.7361213
2090-06-09 12:00:00,2.0829086,1.8990053,2.06442,4.0248017,3.0154507,2.0524573
2090-06-10 12:00:00,3.013013,2.2918556,2.3532476,3.126862,3.6883316,1.7567647
2090-06-11 12:00:00,2.7432818,2.2261093,1.9855485,2.7243564,3.8033834,1.4896173
2090-06-12 12:00:00,1.5919266,1.2208248,1.6541357,2.3394532,3.446493,1.1310607
2090-06-13 12:00:00,1.2386906,1.1378658,1.643745,2.2493727,3.0762084,1.2051063
2090-06-14 12:00:00,2.2710893,1.840819,4.1086364,2.6288831,2.959874,1.8186556
2090-06-15 12:00:00,4.1015735,3.242566,5.594126,3.3939652,2.9320467,2.7385423
2090-06-16 12:00:00,2.1507285,1.9024652,3.638026,2.9250367,3.4392526,2.4743817
2090-06-17 12:00:00,1.6277757,1.2727475,3.9508255,2.2289264,3.0832872,1.6758624
2090-06-18 12:00:00,2.747898,1.8548115,3.5313015,2.786418,3.2004054,2.3351061
2090-06-19 12:00:00,1.5055645,1.4775035,2.8234053,2.732746,4.178392,1.547287
2090-06-20 12:00:00,0.9445542,1.1891813,2.3216398,3.5671225,4.3596706,1.1313163
2090-06-21 12:00:00,1.1288261,0.99987936,2.2641618,3.1200805,4.0921493,1.2390654
2090-06-22 12:00:00,1.6378922,1.3279546,2.7111173,2.7593472,3.8291728,1.5267925
2090-06-23 12:00:00,2.265831,1.9095027,2.7048316,2.7555294,3.3880107,1.3910416
2090-06-24 12:00:00,1.1036975,1.1490479,2.1333206,2.142395,4.1135144,1.5099715
2090-06-25 12:00:00,1.9499551,1.8317935,2.9950702,3.5668867,4.496208,1.8568201
2090-06-26 12:00:00,2.3860817,1.9692744,2.1815326,3.1722963,4.8282943,1.7695365
2090-06-27 12:00:00,1.8072315,1.5789161,3.293619,3.0506072,4.1732335,2.3433526
2090-06-28 12:00:00,2.168208,1.5627601,3.034823,3.1678262,3.7290514,1.6393385
2090-06-29 12:00:00,2.7450013,2.2809784,2.5634317,2.2512984,3.5002804,1.3974296
2090-06-30 12:00:00,1.7898887,1.6317444,3.532548,2.9490283,3.004612,2.375934
2090-07-01 12:00:00,1.7906535,1.6489079,2.6548476,3.7057202,2.644621,2.448984
2090-07-02 12:00:00,1.9629498,1.7994426,1.8085407,3.2694945,2.846799,1.5108854
2090-07-03 12:00:00,2.20875,2.0804856,2.5003355,3.1322124,3.3441992,1.8169829
2090-07-04 12:00:00,2.1855888,2.0500522,2.6053166,3.4102802,3.5710688,1.8473693
2090-07-05 12:00:00,3.0102048,2.8618317,3.4824066,4.1735973,3.0995812,3.0161355
2090-07-06 12:00:00,3.2924933,2.8697977,3.5677142,3.5364575,2.346184,2.2106779
2090-07-07 12:00:00,3.1332378,2.5129132,3.659387,2.9947278,2.3325584,2.2177336
2090-07-08 12:00:00,2.4966784,1.8979189,2.6551793,2.2782538,3.2763739,1.7760435
2090-07-09 12:00:00,1.5653706,1.3277131,2.1625605,2.19296,2.396755,1.575073
2090-07-10 12:00:00,1.8989723,1.5044779,2.1825612,1.9958163,2.7123427,1.3644342
2090-07-11 12:00:00,1.3060582,1.0507818,2.3235674,1.9881322,2.6213186,1.865222
2090-07-12 12:00:00,1.7189889,1.4523336,2.5905387,2.9002612,3.2315245,2.2612104
2090-07-13 12:00:00,1.6979059,1.4895478,2.3463361,3.3239958,3.8930671,1.9293878
2090-07-14 12:00:00,1.5806706,1.2690417,2.211592,2.7907028,3.867535,1.9345418
2090-07-15 12:00:00,1.8169792,1.5905975,3.3370168,3.1685724,3.2293055,2.1893706
2090-07-16 12:00:00,2.4237375,1.6444919,3.1175578,1.8159205,2.5634208,1.6605238
2090-07-17 12:00:00,3.0637014,2.125794,2.9744549,1.5939759,2.9040523,1.3479227
2090-07-18 12:00:00,2.2395887,1.8235438,1.9986538,1.9483745,2.594362,1.6847821
2090-07-19 12:00:00,1.2683727,1.3893555,1.9640628,2.2641752,2.4582624,1.460645
2090-07-20 12:00:00,2.122495,1.7054657,3.147601,4.3504515,3.774597,1.8763901
2090-07-21 12:00:00,0.94420207,1.3438042,3.1908762,3.8144734,4.1595163,2.368667
2090-07-22 12:00:00,1.6346139,1.3722483,2.9226022,3.083371,3.5613887,2.3865113
2090-07-23 12:00:00,1.0291939,0.9758364,2.4027863,2.8680975,2.135809,1.3557466
2090-07-24 12:00:00,1.8598146,1.3257645,2.0347862,2.085793,2.1187322,1.3909955
2090-07-25 12:00:00,1.7416738,1.4849708,2.5117211,1.7165592,1.9025131,1.442514
2090-07-26 12:00:00,2.1524942,1.7508304,2.436153,2.6749773,2.51183,1.1437002
2090-07-27 12:00:00,1.5285941,1.3269961,2.7150273,3.1641154,3.113935,1.2621348
2090-07-28 12:00:00,0.93747497,1.0958549,3.374849,3.19832,3.0064728,1.8447423
2090-07-29 12:00:00,0.9732876,0.99248785,2.3097816,3.2228148,3.2981365,1.5961963
2090-07-30 12:00:00,1.4309599,1.352178,2.6493363,2.4062533,2.006752,1.4464602
2090-07-31 12:00:00,1.6843386,1.8158134,3.5262938,3.4175801,2.688763,2.048077
2090-08-01 12:00:00,1.330804,1.5341778,3.478518,3.389354,2.891918,2.0094836
2090-08-02 12:00:00,2.646627,2.146351,3.5509057,2.6317627,3.8881636,1.8379549
2090-08-03 12:00:00,2.8390403,2.6300619,4.3504457,3.39784,4.537336,2.9375124
2090-08-04 12:00:00,2.1554837,1.8878624,3.0402474,2.47179,2.6628873,2.2310739
2090-08-05 12:00:00,2.1872823,1.9022181,3.5581157,2.7678201,1.8784713,1.8345033
2090-08-06 12:00:00,3.1982903,2.8573196,4.0997663,4.297287,4.155254,2.495325
2090-08-07 12:00:00,2.8858778,2.4461343,4.218245,3.2588723,3.3716996,2.612948
2090-08-08 12:00:00,2.4502182,2.0782402,3.127814,4.0648866,2.627634,2.105469
2090-08-09 12:00:00,2.274102,2.273548,3.588165,4.4600334,2.7475455,3.0252655
2090-08-10 12:00:00,2.661364,2.4938457,4.057685,4.742375,2.6270401,3.3404505
2090-08-11 12:00:00,2.068173,2.201096,2.6964235,4.3729086,3.7631226,1.7851689
2090-08-12 12:00:00,1.3288709,1.257535,2.4575968,3.0378397,4.1800265,1.3440598
2090-08-13 12:00:00,2.0363257,1.7289732,3.8567357,2.6054547,4.859217,2.6999836
2090-08-14 12:00:00,2.618217,2.033485,3.5196025,2.4365282,3.5739942,2.591829
2090-08-15 12:00:00,2.4713657,1.8304449,2.9375887,1.9030994,2.8226779,1.4472378
2090-08-16 12:00:00,1.3093514,1.5280854,3.0278723,2.26107,3.0394127,2.548443
2090-08-17 12:00:00,3.2486682,2.6941478,4.2922,2.945605,2.3862703,3.636675
2090-08-18 12:00:00,2.4814916,1.9164602,2.275722,3.4261215,4.6320286,1.6752863
2090-08-19 12:00:00,1.8759246,1.9577829,4.2557125,4.084487,5.067333,2.3637402
2090-08-20 12:00:00,2.757382,2.683921,4.7318344,5.866154,4.6738033,3.187348
2090-08-21 12:00:00,1.9939765,1.9143428,4.193979,4.893741,5.8122964,2.0120854
2090-08-22 12:00:00,2.026681,1.9926984,5.0725274,5.568221,5.17207,2.647453
2090-08-23 12:00:00,1.4464016,1.5408504,3.5275762,4.615167,4.055195,2.4570248
2090-08-24 12:00:00,3.2117481,2.568421,5.4890227,3.9328043,2.8002007,3.405053
2090-08-25 12:00:00,2.864349,2.2334292,4.8811913,2.811871,3.2491791,3.0964625
2090-08-26 12:00:00,2.1519442,1.9005964,5.5055346,2.8125918,3.4849765,3.4700582
2090-08-27 12:00:00,1.9565407,1.6822546,4.3727655,4.483218,2.7111814,2.6167448
2090-08-28 12:00:00,2.2720556,1.8456647,5.1195984,4.6452956,2.3266299,3.182998
2090-08-29 12:00:00,2.0228353,1.8042824,3.5730605,5.2521586,2.347493,2.6009216
2090-08-30 12:00:00,1.8093499,1.6712929,3.4646215,3.0988147,3.2835712,2.20117
2090-08-31 12:00:00,1.53236,1.6421852,3.551788,2.8140051,2.0290008,3.136786
2090-09-01 12:00:00,3.4556413,3.2075999,4.4049644,5.1450677,3.894098,3.768607
2090-09-02 12:00:00,2.6708112,2.2022202,2.9166417,4.365892,5.5311,2.2343028
2090-09-03 12:00:00,1.5242875,1.3334473,2.558288,2.489118,6.8045325,1.4491093
2090-09-04 12:00:00,2.009421,1.6984954,3.1656942,3.3019722,5.5909066,1.9039001
2090-09-05 12:00:00,2.2604876,1.8079201,3.9583278,3.551325,3.7021346,2.14599
2090-09-06 12:00:00,2.0312855,1.860568,3.7824008,3.417812,2.7456942,3.1711762
2090-09-07 12:00:00,1.2825356,1.4124161,3.4259822,2.0286665,3.7176807,1.812135
2090-09-08 12:00:00,1.1897392,1.2812965,2.3969245,2.006023,3.484846,1.646491
2090-09-09 12:00:00,1.1711127,1.3099257,3.110617,2.3393633,4.0696464,1.8348156
2090-09-10 12:00:00,2.223242,2.3741002,2.4258442,3.563574,3.5165007,2.2587514
2090-09-11 12:00:00,1.8312628,1.5728599,2.6832476,2.497178,5.3755975,1.8367175
2090-09-12 12:00:00,1.9331403,2.0232747,3.6549463,3.845295,3.4807482,2.1883514
2090-09-13 12:00:00,2.4504168,2.4279835,3.7864816,7.5721216,4.9165077,3.4323168
2090-09-14 12:00:00,2.6049204,2.8080022,3.7290359,7.6005597,4.5111737,3.402778
2090-09-15 12:00:00,3.3758516,2.9243994,4.3695073,5.253856,2.8327188,3.353455
2090-09-16 12:00:00,2.261166,1.755541,3.20795,4.0562725,3.1900601,1.9766275
2090-09-17 12:00:00,2.3512073,2.3679411,4.0537176,4.699449,4.2672434,2.6816113
2090-09-18 12:00:00,1.7468971,1.7497772,2.6024275,2.84858,6.3186,1.6703416
2090-09-19 12:00:00,1.2293167,1.0022863,3.4754393,1.8309712,4.6078305,1.6051214
2090-09-20 12:00:00,1.1483178,1.0338187,4.4287367,2.3319056,3.1450615,1.8768592
2090-09-21 12:00:00,1.4706476,1.5605752,4.8921127,3.3879611,3.358367,2.6795154
2090-09-22 12:00:00,2.0544882,2.1363978,4.0851235,4.4573817,4.8988814,3.7021751
2090-09-23 12:00:00,3.5248065,3.447295,5.751428,6.2330475,6.618459,5.0513387
2090-09-24 12:00:00,2.715563,2.5635056,3.174289,5.156909,6.615978,2.7121701
2090-09-25 12:00:00,1.0703789,1.1046071,1.5802147,3.9228203,4.711461,1.4013858
2090-09-26 12:00:00,0.96080214,1.1452688,2.9825506,3.783385,3.2524805,2.4496672
2090-09-27 12:00:00,1.6000667,1.7219924,3.780715,3.8648584,3.7887478,2.169541
2090-09-28 12:00:00,1.1323271,1.0996549,2.147594,3.275147,3.6905298,1.9649464
2090-09-29 12:00:00,2.2882233,2.1315851,4.4714065,4.9641337,5.6535225,3.4688168
2090-09-30 12:00:00,2.991053,2.7196274,5.532144,6.922649,4.8009396,4.0995746
2090-10-01 12:00:00,4.019468,4.1361327,6.186964,7.248101,5.513712,4.1567082
2090-10-02 12:00:00,1.9682611,1.8174607,2.547988,2.997611,5.703433,1.6365317
2090-10-03 12:00:00,2.4963064,2.2445421,4.6397815,4.6217914,5.1459417,3.7652752
2090-10-04 12:00:00,3.590011,2.7553473,4.031619,4.9759045,3.679185,2.4619942
2090-10-05 12:00:00,1.5238883,1.5902308,3.3440354,4.303141,5.528714,3.371219
2090-10-06 12:00:00,3.2291067,2.8538547,5.147989,5.067823,5.838678,4.6535397
2090-10-07 12:00:00,1.8235745,1.9440247,3.6984572,3.3103483,6.25701,2.8226774
2090-10-08 12:00:00,1.5442858,1.2422527,2.9224203,2.015985,6.6769643,1.461431
2090-10-09 12:00:00,1.6616589,1.4076111,1.8853908,2.3639836,5.591528,1.1912029
2090-10-10 12:00:00,1.0328562,1.128626,3.051611,2.4939277,4.6727986,1.4316741
2090-10-11 12:00:00,1.1504912,1.1975926,3.5243359,2.4473522,5.711889,1.8010544
2090-10-12 12:00:00,1.5825723,1.3534745,3.938298,2.1192386,4.634788,1.848048
2090-10-13 12:00:00,1.694257,1.4725052,3.3618793,2.6660933,4.265684,1.7330203
2090-10-14 12:00:00,1.027761,1.1103657,2.6121008,4.2169137,4.9399676,2.3562472
2090-10-15 12:00:00,1.7751184,1.5776051,2.829004,4.15325,5.4315457,2.9531002
2090-10-16 12:00:00,1.5723171,1.5828357,3.229158,7.0229397,6.144056,3.3430493
2090-10-17 12:00:00,1.5405301,1.708189,3.6777914,7.84768,7.942201,3.7499676
2090-10-18 12:00:00,2.5571008,2.4224534,4.194533,6.7879553,7.0652623,4.2486815
2090-10-19 12:00:00,1.4837384,2.1570845,4.4406223,5.933425,8.174257,4.631927
2090-10-20 12:00:00,3.5644064,3.1184838,4.5358005,3.306823,5.559414,2.7413418
2090-10-21 12:00:00,1.8269006,1.8078681,3.5179946,5.4817486,4.069131,3.0512555
2090-10-22 12:00:00,2.3204978,2.2424107,3.6982698,5.2698936,5.03409,2.0900838
2090-10-23 12:00:00,3.4311757,2.5907886,4.361785,2.637111,4.4023495,2.213332
2090-10-24 12:00:00,4.5708413,3.653835,4.7086124,4.6646905,4.099516,2.6112711
2090-10-25 12:00:00,1.5163853,1.517635,3.3877234,3.707239,6.2798185,1.8482661
2090-10-26 12:00:00,1.8958465,1.346064,3.3912945,2.1069422,5.9026346,1.7019418
2090-10-27 12:00:00,2.3911912,1.7108684,3.2062762,3.5085196,5.7968173,2.418955
2090-10-28 12:00:00,3.1840343,2.7754188,4.813594,4.693858,5.271287,3.3771446
2090-10-29 12:00:00,2.5131397,1.9944552,3.9630353,4.4210033,4.0546355,2.9542794
2090-10-30 12:00:00,1.1606786,1.238567,2.9515598,4.4230404,3.7316513,1.8370165
2090-10-31 12:00:00,2.031628,1.891224,2.4290886,2.6260242,3.4248986,1.7619711
2090-11-01 12:00:00,1.1483331,1.2186793,2.7635505,5.6420217,6.3787184,3.3087733
2090-11-02 12:00:00,1.999673,1.4440298,3.3777986,5.523753,7.2477307,3.6110942
2090-11-03 12:00:00,2.1714787,1.9684309,3.653917,5.947439,7.3547063,3.3324134
2090-11-04 12:00:00,2.8531551,2.2903752,4.8468366,5.0677524,7.430648,2.6129322
2090-11-05 12:00:00,1.349521,1.6606667,2.6218755,6.4446054,6.286913,2.2472973
2090-11-06 12:00:00,1.3289745,1.7089814,2.8473885,6.9787736,5.60751,2.1180806
2090-11-07 12:00:00,1.9208621,2.4077423,4.6846375,7.207212,5.478815,3.9504633
2090-11-08 12:00:00,3.4071407,3.329512,4.9360614,6.015369,5.123968,3.612201
2090-11-09 12:00:00,1.8831925,1.7348999,3.1845112,3.4357915,2.1136394,2.3465734
2090-11-10 12:00:00,0.97928816,1.1263412,3.710281,3.0612936,2.514262,2.9804273
2090-11-11 12:00:00,1.3810594,1.4146651,2.3403158,3.5046918,4.41835,1.7626791
2090-11-12 12:00:00,2.102725,1.9061027,3.9647994,3.4357545,5.198432,3.0087352
2090-11-13 12:00:00,2.1424642,2.0754032,5.5756454,4.0044904,3.4701006,3.7773783
2090-11-14 12:00:00,2.708419,2.4059486,6.3661747,4.3417964,4.1655746,4.2610207
2090-11-15 12:00:00,3.205148,2.6670012,5.469736,4.2301354,3.6042092,3.3636417
2090-11-16 12:00:00,3.7578142,3.047141,5.8954015,4.755141,3.974315,3.5658922
2090-11-17 12:00:00,3.8086562,2.8528936,3.997326,4.6223106,5.4155636,2.7268476
2090-11-18 12:00:00,2.060028,1.8027623,3.512141,4.03062,5.732449,2.7167017
2090-11-19 12:00:00,1.7375262,1.4753854,2.316647,3.7875857,5.5036106,1.647438
2090-11-20 12:00:00,2.4282134,1.8808103,3.5193007,2.8818169,4.558096,2.093638
2090-11-21 12:00:00,1.1741569,1.0370506,4.176971,2.270303,2.8315759,1.6609957
2090-11-22 12:00:00,0.6650109,0.87115467,2.930654,2.02346,2.3957927,1.4616917
2090-11-23 12:00:00,3.8946688,2.8979192,6.0847197,3.7446547,2.9341547,2.5913386
2090-11-24 12:00:00,2.6136498,2.5010617,2.9514775,4.2326436,3.138174,1.804927
2090-11-25 12:00:00,1.2137905,1.2582538,2.3016334,2.187994,2.5695686,1.502766
2090-11-26 12:00:00,0.8354585,1.0390823,4.480742,2.6521993,2.207828,2.806822
2090-11-27 12:00:00,4.125479,3.723871,7.5761266,6.041875,3.0988672,5.651714
2090-11-28 12:00:00,1.9295113,2.094596,4.6557746,4.409692,4.3188643,2.8507988
2090-11-29 12:00:00,1.4037297,1.4925327,3.468731,4.3826685,3.7798853,1.8482871
2090-11-30 12:00:00,2.6570158,1.8118209,5.264258,4.139624,3.6166682,2.505447
2090-12-01 12:00:00,4.1385846,2.8767004,4.914976,3.0318182,3.9638488,2.6186855
2090-12-02 12:00:00,3.49023,2.4286695,3.6393418,2.7064402,3.593994,2.2199185
2090-12-03 12:00:00,3.8606946,2.5381582,3.139119,2.3081813,3.4533784,2.444971
2090-12-04 12:00:00,1.5804092,1.2599337,2.5264888,5.593013,5.4510794,2.242498
2090-12-05 12:00:00,0.82656735,0.77154595,2.7362514,4.11955,3.2468092,2.1693888
2090-12-06 12:00:00,2.0590737,2.131952,3.094299,3.4215598,3.0796824,2.8670917
2090-12-07 12:00:00,2.7556176,2.276506,3.0944922,2.199022,2.656261,2.1895325
2090-12-08 12:00:00,1.4534405,1.3964797,4.0931168,3.9948072,2.8516316,2.9410224
2090-12-09 12:00:00,3.5864158,2.3110116,5.052375,5.3649797,3.609623,2.7546222
2090-12-10 12:00:00,2.5291932,1.9967632,3.3247397,4.1693783,4.171056,2.1187124
2090-12-11 12:00:00,2.054318,1.5539399,4.1888847,2.3489082,7.2935233,2.061019
2090-12-12 12:00:00,2.7216797,1.9293911,4.7278605,2.3792703,8.989468,1.9789155
2090-12-13 12:00:00,2.55064,1.862546,4.3957253,2.7942157,6.3865113,2.3130834
2090-12-14 12:00:00,2.453643,1.6242032,4.4593143,2.4956331,3.552373,2.0319343
2090-12-15 12:00:00,2.6573982,1.885161,4.138722,3.2366717,3.0246341,2.0736685
2090-12-16 12:00:00,2.1048462,1.5923134,3.3737907,3.6221478,3.7487633,2.0975668
2090-12-17 12:00:00,1.8034997,1.2454435,3.0692852,3.273666,4.2154684,1.6421216
2090-12-18 12:00:00,2.7372925,2.0419753,3.442501,2.959692,3.0593538,2.4047773
2090-12-19 12:00:00,1.0827085,1.0470157,2.9107127,3.2850273,2.6042614,2.0090263
2090-12-20 12:00:00,2.810562,2.0773737,3.9391365,2.935003,2.6743896,2.2256134
2090-12-21 12:00:00,1.7147013,1.4502769,3.2941482,2.6417222,3.0881982,2.0461063
2090-12-22 12:00:00,1.0331192,1.153742,3.6028872,6.0288615,4.706687,3.5484807
2090-12-23 12:00:00,2.0878384,1.8040333,4.4384804,4.317264,7.1610765,2.8083165
2090-12-24 12:00:00,1.0750188,1.2207816,2.3875513,2.8141534,3.5251522,1.7990714
2090-12-25 12:00:00,1.470187,1.7153976,3.1463957,3.8059845,3.8698487,2.2046907
2090-12-26 12:00:00,1.4771804,1.9633464,3.1807752,4.616969,6.6283402,1.8232694
2090-12-27 12:00:00,1.4021839,1.6394162,3.557138,7.2927327,7.3783665,3.5185726
2090-12-28 12:00:00,1.3596832,1.8761752,3.8624666,5.0047183,7.0832553,2.6591122
2090-12-29 12:00:00,1.2279441,1.4929479,3.990564,6.1740704,4.815529,3.262058
2090-12-30 12:00:00,2.3779273,2.6539495,6.62944,8.444562,4.80231,5.070001
2090-12-31 12:00:00,1.6776105,1.7397544,4.4405107,2.9633179,4.7820945,2.9621422
2091-01-01 12:00:00,1.5403363,1.5310048,3.129307,4.6213455,4.5295587,2.6660182
2091-01-02 12:00:00,1.3213487,1.5195833,3.1576228,6.793402,5.702879,2.9039104
2091-01-03 12:00:00,1.1444856,1.5788327,4.710492,6.414281,5.778465,3.4172792
2091-01-04 12:00:00,1.6391969,1.9977306,4.5020723,7.2712107,8.804951,3.7855387
2091-01-05 12:00:00,2.3141627,2.2576075,4.880326,7.1435494,6.428365,4.230557
2091-01-06 12:00:00,3.2845526,2.8371954,5.8265395,7.450143,5.536364,5.1384196
2091-01-07 12:00:00,4.4129677,3.609609,7.5193615,7.543734,3.4867785,5.5184608
2091-01-08 12:00:00,2.4394512,2.3972936,5.465588,4.5329256,2.7927449,3.1492891
2091-01-09 12:00:00,1.3767431,1.5573199,4.089139,3.7586527,2.613383,3.0382557
2091-01-10 12:00:00,1.8165543,1.7735063,4.8677907,4.354052,3.664496,2.9287992
2091-01-11 12:00:00,1.8384529,1.9024259,3.8107524,3.7700248,3.319195,2.5660343
2091-01-12 12:00:00,1.6272991,1.5835767,4.356615,5.7863164,6.2290254,3.0596685
2091-01-13 12:00:00,1.6946932,1.646967,4.5904717,6.480907,7.450817,3.710711
2091-01-14 12:00:00,3.4374619,2.9260514,3.8633974,4.6238623,7.1493635,1.5432298
2091-01-15 12:00:00,2.6775684,2.2114284,2.5147429,6.574252,8.175536,2.8208194
2091-01-16 12:00:00,5.655301,4.865799,7.644215,10.201275,12.278185,6.148472
2091-01-17 12:00:00,1.7229787,1.731893,3.607796,6.6540785,10.024247,2.803668
2091-01-18 12:00:00,2.2206807,1.9146057,4.7177687,4.837398,5.9827495,3.4439273
2091-01-19 12:00:00,2.9365902,2.2893276,6.9244423,5.917775,5.570495,4.693649
2091-01-20 12:00:00,3.2260613,2.927792,7.0790925,5.089,6.250411,3.9677672
2091-01-21 12:00:00,2.648408,2.4309554,5.475473,5.842038,5.898853,3.2905304
2091-01-22 12:00:00,2.0713756,1.9612421,5.169093,8.0061865,3.8795862,3.5986328
2091-01-23 12:00:00,1.8528067,1.8032724,5.448674,7.0540495,4.401888,3.814902
2091-01-24 12:00:00,1.4118099,1.7896796,4.701291,6.320147,4.1120963,2.5286715
2091-01-25 12:00:00,2.521446,2.735221,6.2011857,5.667432,5.8208194,4.484134
2091-01-26 12:00:00,2.0380208,1.9640431,3.802917,3.872243,4.563586,2.208677
2091-01-27 12:00:00,1.751206,1.7943243,4.2730646,6.1877847,5.144026,3.6649218
2091-01-28 12:00:00,2.519875,2.1927202,5.6830726,6.492131,5.8724217,3.9528837
2091-01-29 12:00:00,1.2164974,1.4383259,5.6112795,4.944816,3.666166,3.9472952
2091-01-30 12:00:00,1.4496511,1.6282144,3.7914886,4.5676045,3.6061049,3.2964535
2091-01-31 12:00:00,0.92767435,1.2025919,3.143816,4.716689,5.646403,2.438788
2091-02-01 12:00:00,0.8741541,0.9308675,2.9241953,3.54316,4.3409133,2.4836295
2091-02-02 12:00:00,0.8929491,0.8640713,2.8365293,3.422368,3.7944558,2.3936863
2091-02-03 12:00:00,2.144802,1.3579572,2.8238103,3.12918,5.449691,1.7172557
2091-02-04 12:00:00,0.8353791,1.038601,1.9312915,4.7532077,4.9150276,2.0539222
2091-02-05 12:00:00,1.9242069,1.5969024,4.0925546,4.8122625,4.7465057,3.1107204
2091-02-06 12:00:00,1.3088038,1.3520297,2.8131073,3.83629,5.466083,2.2599504
2091-02-07 12:00:00,0.91000456,1.028839,4.5094023,4.160345,4.15853,3.4091768
2091-02-08 12:00:00,2.3824701,1.624374,5.788896,2.7900157,3.2805233,2.484498
2091-02-09 12:00:00,2.6085987,1.6595359,4.44983,2.6403713,3.5127544,1.7249919
2091-02-10 12:00:00,2.8621078,1.8670579,3.1516285,2.8624818,3.2815914,1.5786498
2091-02-11 12:00:00,3.6735299,2.70792,3.0810227,3.5334573,4.8525167,1.8003387
2091-02-12 12:00:00,2.9314265,2.731336,2.5299857,5.087257,6.8797565,2.3278005
2091-02-13 12:00:00,1.8560421,1.4811821,2.6789806,3.9391901,7.003173,1.8351665
2091-02-14 12:00:00,2.7033348,1.9869984,3.9353993,3.1036963,4.7107635,1.996747
2091-02-15 12:00:00,2.6837227,1.9741096,4.2309947,2.686601,4.0777593,2.0258207
2091-02-16 12:00:00,2.8136022,2.3287406,4.350556,3.6055272,4.075032,2.2750235
2091-02-17 12:00:00,2.412959,2.1029847,4.9248376,3.333934,4.149863,2.3772585
2091-02-18 12:00:00,2.1077514,1.6649575,4.5509186,3.1944003,3.6920717,2.433475
2091-02-19 12:00:00,1.9057269,1.4249961,3.8474727,2.691989,3.3889177,1.9110292
2091-02-20 12:00:00,1.916595,1.280603,3.6926134,2.9188828,4.185613,1.7553222
2091-02-21 12:00:00,1.3858819,1.106914,3.35108,3.7489753,4.2019696,1.511331
2091-02-22 12:00:00,1.3011105,1.229462,2.461904,2.3828523,4.749221,1.722896
2091-02-23 12:00:00,1.4688478,1.2598815,2.622729,4.239966,3.9240367,1.5144182
2091-02-24 12:00:00,1.1175486,1.350287,2.2719636,3.0446277,2.8533032,1.9159559
2091-02-25 12:00:00,2.130425,1.715146,3.3349552,2.6016736,4.992526,2.09501
2091-02-26 12:00:00,1.3410871,1.2561959,2.4613178,4.320044,7.8739414,1.6243982
2091-02-27 12:00:00,1.9595026,1.9740092,2.2021194,3.9098942,5.8414607,1.5734842
2091-02-28 12:00:00,1.8853745,1.5400743,2.5102954,2.352835,5.698742,2.012887
2091-03-01 12:00:00,0.78401554,0.9137693,2.8858798,4.546584,7.0763254,3.2037568
2091-03-02 12:00:00,1.0480375,1.2705942,3.4488707,6.1126466,7.4933634,2.5679338
2091-03-03 12:00:00,0.8707494,1.1345353,2.3754053,5.367706,6.839635,1.4075674
2091-03-04 12:00:00,1.7251856,1.7253324,2.4324362,3.895191,4.7431383,1.737787
2091-03-05 12:00:00,2.4036858,2.2137365,2.502797,5.3102946,5.2906957,2.1621513
2091-03-06 12:00:00,3.5108283,3.201651,6.036327,8.058652,6.467952,5.662998
2091-03-07 12:00:00,4.472554,4.137656,7.0760117,10.150386,6.301977,5.070477
2091-03-08 12:00:00,2.3485653,2.4535458,4.0824428,4.9710927,5.555125,2.8505907
2091-03-09 12:00:00,2.8025155,1.9959575,2.6359465,3.315297,4.8429456,1.7860647
2091-03-10 12:00:00,1.9364034,1.6205392,3.9676194,3.2381172,3.9353929,2.8981
2091-03-11 12:00:00,2.6059442,2.215737,4.7530684,3.8715591,3.482263,3.337122
2091-03-12 12:00:00,4.1586075,3.4627304,4.676542,3.2835095,2.334676,3.2924101
2091-03-13 12:00:00,2.5489902,2.1520433,2.7711687,1.6784668,2.1152043,1.7408532
2091-03-14 12:00:00,0.9636667,1.0615196,4.0130997,2.7624032,2.7140565,2.5632925
2091-03-15 12:00:00,1.6562259,1.2788993,4.114286,2.8457017,4.2977386,1.8815371
2091-03-16 12:00:00,1.2709705,1.1924616,3.2387116,5.2162337,5.1462727,3.3525672
2091-03-17 12:00:00,3.7816558,3.452462,6.450239,7.3817625,7.018022,4.674127
2091-03-18 12:00:00,2.8263497,2.548999,4.5563865,6.2148733,7.6643615,4.1941566
2091-03-19 12:00:00,3.7777743,2.9934714,5.247656,4.6331525,7.4715724,2.9214213
2091-03-20 12:00:00,2.54708,2.2538574,5.387898,4.928374,7.6574364,3.9614382
2091-03-21 12:00:00,2.9218001,2.7853582,4.8442254,4.971419,6.642809,3.0388618
2091-03-22 12:00:00,3.3716867,2.9120717,3.9093373,4.911236,7.936912,2.7212749
2091-03-23 12:00:00,3.0790918,2.854192,5.4460874,6.03482,5.5373282,4.992114
2091-03-24 12:00:00,3.2153711,2.841691,4.7359757,5.6487074,6.210543,3.0564098
2091-03-25 12:00:00,2.4710026,2.4553092,4.612748,5.041217,6.5011883,3.9712415
2091-03-26 12:00:00,2.4661868,2.312065,3.8127596,4.0246882,5.2668943,2.7335024
2091-03-27 12:00:00,3.6213112,3.1694431,5.6320577,7.618437,6.941325,4.069087
2091-03-28 12:00:00,2.2883382,2.1519663,2.9243577,6.9503336,7.194722,2.445669
2091-03-29 12:00:00,2.9091687,2.551834,4.8074036,6.2150946,5.3135247,3.8807192
2091-03-30 12:00:00,2.588228,2.2016542,4.3383427,6.162326,4.730749,3.3964007
2091-03-31 12:00:00,1.8506808,1.6558614,4.4938483,3.9624891,4.1361,3.3546135
2091-04-01 12:00:00,2.7848706,2.3365033,3.8732684,2.9171386,3.5666392,2.2344992
2091-04-02 12:00:00,2.0953355,1.7039415,3.7358265,2.359644,2.4588976,2.027505
2091-04-03 12:00:00,2.1247463,2.2059598,3.1374297,2.9913604,2.9577792,2.4861243
2091-04-04 12:00:00,2.1866364,1.8505901,4.24461,2.5870683,3.2909367,2.1126904
2091-04-05 12:00:00,5.0183535,4.0181985,7.230737,5.2605605,3.8980565,4.1159363
2091-04-06 12:00:00,2.0751495,2.0542994,5.307919,5.0621266,4.078363,4.7396836
2091-04-07 12:00:00,2.3837519,1.9229412,3.797297,3.1700718,2.8452682,2.7336352
2091-04-08 12:00:00,2.8422604,2.6257205,3.736987,4.0447345,3.354289,2.8109777
2091-04-09 12:00:00,3.4063663,2.7623417,3.3837967,3.1147392,3.788137,2.029026
2091-04-10 12:00:00,3.9182408,3.2836578,3.500928,3.6877222,2.9562862,2.067285
2091-04-11 12:00:00,2.3463888,1.9479123,3.5515954,2.865637,2.83593,1.9259542
2091-04-12 12:00:00,1.4820033,1.3060031,3.6265593,1.9901222,3.12138,1.4844685
2091-04-13 12:00:00,1.7360008,1.5317892,3.4029675,1.8757695,4.0148973,1.6294668
2091-04-14 12:00:00,3.2580776,2.3791487,2.6717358,3.2218447,3.5010543,2.0571637
2091-04-15 12:00:00,1.5424571,1.785899,3.569496,3.8003206,2.8858416,2.06025
2091-04-16 12:00:00,1.1657351,1.4314706,2.4745817,3.6222913,5.736684,1.5174338
2091-04-17 12:00:00,2.3884408,1.7684752,3.257156,2.2121067,4.841843,2.019945
2091-04-18 12:00:00,3.4122272,2.51764,3.810763,2.8065653,4.41414,1.8198745
2091-04-19 12:00:00,3.8804874,3.0753329,4.589269,3.6707127,3.7698424,2.422566
2091-04-20 12:00:00,1.7798516,1.8301661,3.0888011,4.4898167,4.4962435,2.4563196
2091-04-21 12:00:00,1.8439901,1.9564377,4.2419634,2.630443,3.7304277,3.2373357
2091-04-22 12:00:00,1.2179908,1.0799273,1.9362503,2.4350042,3.9656851,1.594431
2091-04-23 12:00:00,0.7673085,0.9183652,2.2045982,2.1149049,5.4178734,1.2706091
2091-04-24 12:00:00,3.1380713,2.3308249,4.6244855,2.8532827,5.910549,2.665437
2091-04-25 12:00:00,2.985319,2.5422425,3.3769038,3.023875,7.0636497,2.5014303
2091-04-26 12:00:00,2.4529061,2.1102371,2.8666544,3.4352312,5.5434246,1.9774301
2091-04-27 12:00:00,2.0184894,1.7014644,4.632209,2.9834807,5.1457825,2.5183313
2091-04-28 12:00:00,3.611109,3.448935,3.9613938,5.612616,5.8232064,3.2668085
2091-04-29 12:00:00,2.8237615,3.3310833,3.132982,5.6060615,5.8291245,1.8138467
2091-04-30 12:00:00,3.750278,3.3235598,5.9133234,4.969651,5.4182663,3.1429121
2091-05-01 12:00:00,3.6282768,3.3864193,2.5597632,4.709513,4.160476,2.036771
2091-05-02 12:00:00,1.305776,1.28763,1.9359847,3.0236266,3.0961418,1.0887104
2091-05-03 12:00:00,1.9523263,1.3120508,3.0549655,2.078674,3.5242085,1.7697021
2091-05-04 12:00:00,2.0445554,1.7908998,3.5074966,3.1249893,4.0518594,2.4729004
2091-05-05 12:00:00,2.685611,2.1457193,3.7886994,3.1699533,4.2917795,3.2188985
2091-05-06 12:00:00,1.5034101,1.563374,3.3194535,2.3056254,3.4505737,2.3075895
2091-05-07 12:00:00,1.8922325,1.8199834,3.7623415,2.594838,2.8890169,2.085748
2091-05-08 12:00:00,2.6299355,2.0054111,4.5736303,2.4136648,2.642967,3.2117176
2091-05-09 12:00:00,2.2866397,1.9627715,3.4015627,2.3226922,2.6022732,2.2913752
2091-05-10 12:00:00,1.8664364,1.6919348,4.561432,3.1804388,4.8983655,2.7098017
2091-05-11 12:00:00,3.025995,2.8964481,4.6635346,3.658119,7.0552,3.035077
2091-05-12 12:00:00,1.6934707,2.1046813,5.1345215,4.9951577,8.937107,3.9949646
2091-05-13 12:00:00,1.2974651,1.3607997,4.9036145,3.8112469,7.631559,3.3606496
2091-05-14 12:00:00,0.9365486,1.0227561,3.1728458,4.2629848,4.5290127,3.2703424
2091-05-15 12:00:00,2.159001,2.0896373,2.7856355,4.4878526,4.124238,3.8103664
2091-05-16 12:00:00,3.4138663,2.9022677,3.5618799,5.1771193,5.188318,3.6228855
2091-05-17 12:00:00,2.831259,2.4051542,2.6388297,3.7997763,4.362648,2.4645746
2091-05-18 12:00:00,1.7638448,1.535003,2.1853178,3.5013607,3.4613633,1.8343105
2091-05-19 12:00:00,1.1155782,1.3908293,2.0896113,3.4397888,3.7589443,2.3653166
2091-05-20 12:00:00,1.7634676,1.4405112,3.1848247,2.9532852,4.628368,2.9696894
2091-05-21 12:00:00,2.1641388,1.5994049,3.587982,3.5964668,3.0452955,2.6532257
2091-05-22 12:00:00,2.0216527,1.9198066,4.687726,4.122324,2.779489,3.3355486
2091-05-23 12:00:00,3.1592567,3.1847808,5.3726797,5.3614326,4.209026,3.2650425
2091-05-24 12:00:00,1.3728083,1.5742283,3.8541574,4.628653,3.8524218,1.7412127
2091-05-25 12:00:00,0.95408374,1.2440695,2.6565268,6.19589,3.705959,1.419103
2091-05-26 12:00:00,1.5030386,1.2583996,2.2897346,3.6164346,2.74416,1.4974188
2091-05-27 12:00:00,1.4016006,1.649343,3.1979024,3.1403017,3.6168501,2.539757
2091-05-28 12:00:00,3.109033,2.654127,3.9904277,2.9427023,3.075167,3.5289943
2091-05-29 12:00:00,2.0612447,1.7560756,3.651484,2.2304416,2.3508801,2.7607884
2091-05-30 12:00:00,1.4793675,1.2848765,2.2725277,3.0378063,2.7909606,2.1141682
2091-05-31 12:00:00,1.2426757,1.0895146,1.5603478,3.4534123,3.9649248,1.1519643
2091-06-01 12:00:00,1.3046184,1.2639148,1.8671503,3.01449,4.3362837,1.1649603
2091-06-02 12:00:00,2.5807908,2.115272,5.074986,2.9492354,3.219071,2.0394125
2091-06-03 12:00:00,2.7908287,2.4771671,5.143822,3.0412562,2.6908693,2.4755094
2091-06-04 12:00:00,3.2588584,2.6098092,3.477521,3.1614964,2.6883292,1.9229501
2091-06-05 12:00:00,1.9111952,1.8809587,1.7099822,2.8575149,2.6685877,1.7028058
2091-06-06 12:00:00,1.6963824,1.6343144,2.020516,2.5098484,2.8739614,1.4549111
2091-06-07 12:00:00,1.5358732,1.8867441,2.3324635,3.3616877,4.936077,1.6841149
2091-06-08 12:00:00,2.196158,1.8592191,3.085817,2.84618,4.8277917,1.7940276
2091-06-09 12:00:00,2.0791109,1.744582,2.9582255,3.310746,4.825113,1.5340496
2091-06-10 12:00:00,1.4261985,1.2306848,2.504013,2.60434,3.837952,1.4445524
2091-06-11 12:00:00,1.1137037,1.3634179,2.5919137,3.4953403,3.4514618,1.6698974
2091-06-12 12:00:00,1.5683461,1.4145375,2.9422326,3.2609043,2.769076,1.8388897
2091-06-13 12:00:00,3.1856246,2.5375514,4.3558154,2.850331,2.3172963,3.3644476
2091-06-14 12:00:00,2.506298,2.0391614,2.6322095,3.2512798,2.4649796,2.1688108
2091-06-15 12:00:00,1.891164,2.0952497,4.230073,3.350874,2.678432,2.4138765
2091-06-16 12:00:00,2.2605577,2.3390076,3.363456,4.0673985,3.2718217,2.9422395
2091-06-17 12:00:00,2.14249,1.8654519,3.1654356,2.575959,2.828996,2.145502
2091-06-18 12:00:00,1.8660743,1.6257373,4.54298,2.8441591,3.445143,2.003415
2091-06-19 12:00:00,1.454429,1.5096729,3.1607134,3.2663484,2.8740914,2.365222
2091-06-20 12:00:00,1.1534488,1.5010086,2.7752755,4.6740847,3.2841687,1.8214041
2091-06-21 12:00:00,2.5226445,2.4162314,4.060479,3.4702237,3.4970973,2.2916613
2091-06-22 12:00:00,1.5662822,1.6329355,2.4477563,2.4743254,3.669572,1.6001474
2091-06-23 12:00:00,1.2476301,1.199469,2.4715352,2.2808378,2.9319675,1.6418382
2091-06-24 12:00:00,1.2408643,1.0922765,3.5181077,2.3337898,2.1466134,2.1955013
2091-06-25 12:00:00,0.9282023,1.0184019,2.7903035,1.757013,2.3390207,1.7692705
2091-06-26 12:00:00,2.1102886,1.5971674,2.8219888,3.331268,3.392218,2.1528647
2091-06-27 12:00:00,2.665034,2.8827267,4.541376,2.6645124,4.350493,2.3677166
2091-06-28 12:00:00,2.843642,3.0118499,4.402078,4.1547723,4.930159,2.6610944
2091-06-29 12:00:00,1.8899512,1.8868312,3.576382,3.455635,3.8639967,2.7327833
2091-06-30 12:00:00,1.8683698,1.6822962,3.964892,3.5970585,4.332366,2.9423864
2091-07-01 12:00:00,1.8236021,1.4829099,3.928174,2.3480537,4.016173,2.6091776
2091-07-02 12:00:00,1.2664702,1.0490899,3.3516738,2.3989117,3.5538855,2.022147
2091-07-03 12:00:00,1.9944972,1.6617692,2.751752,1.7459774,2.6473324,1.6328164
2091-07-04 12:00:00,2.275393,2.011306,3.74149,2.7452018,2.055361,3.0315826
2091-07-05 12:00:00,2.64954,1.9829978,2.8969667,2.396494,3.3444266,1.9568948
2091-07-06 12:00:00,1.4990976,1.433075,2.2825863,3.3766809,3.38758,2.2011437
2091-07-07 12:00:00,1.6944387,1.5641229,3.1964734,3.0813415,6.613633,2.5070045
2091-07-08 12:00:00,2.0371518,1.6469316,3.655715,2.9761474,5.4178634,3.2852144
2091-07-09 12:00:00,2.4532022,1.5223293,3.2701364,2.9354262,4.4113173,2.5714266
2091-07-10 12:00:00,0.9038278,1.0027995,2.2365098,2.5705307,3.5889065,1.783785
2091-07-11 12:00:00,1.0701329,1.2742988,2.6160142,2.9429376,5.624692,2.4530125
2091-07-12 12:00:00,1.1854072,1.2589089,2.63629,3.3368669,5.5175986,2.074408
2091-07-13 12:00:00,1.6655251,1.4445652,3.6126566,4.1228805,3.3608747,2.209149
2091-07-14 12:00:00,1.9690754,2.0213296,4.001511,3.413825,2.621238,2.6310458
2091-07-15 12:00:00,2.424438,2.2439733,3.652495,2.808271,3.3167343,2.7483764
2091-07-16 12:00:00,1.8492068,1.9634153,3.3464007,2.8763132,4.1703424,2.1007657
2091-07-17 12:00:00,2.3495438,1.7818509,2.4020736,3.1690795,3.4621785,1.1507422
2091-07-18 12:00:00,2.815371,2.5061522,3.9028122,2.8722317,3.0379467,1.3845602
2091-07-19 12:00:00,2.2168708,1.8751884,4.2763543,2.3819458,2.7872458,2.0588691
2091-07-20 12:00:00,3.1255937,2.563292,5.144517,3.4506137,2.414307,3.713604
2091-07-21 12:00:00,2.9464908,2.647253,4.717587,2.8365536,2.8061535,3.6784089
2091-07-22 12:00:00,2.6444597,2.1907992,3.2994308,3.3997653,2.9484186,2.9078948
2091-07-23 12:00:00,2.2242458,1.8367419,3.4533093,2.668315,2.874649,2.3945096
2091-07-24 12:00:00,2.6786737,2.4251463,3.8642972,2.793522,3.2990432,2.2631338
2091-07-25 12:00:00,2.813291,1.9027145,2.8786273,2.7874627,3.585115,1.7584723
2091-07-26 12:00:00,1.7725645,1.5287932,2.4144921,2.5293715,3.304858,1.3648351
2091-07-27 12:00:00,2.2908244,1.9883121,3.8700845,2.9728756,2.7349508,2.2913733
2091-07-28 12:00:00,2.414711,2.1601675,3.1835647,4.5164237,3.5763574,2.9047365
2091-07-29 12:00:00,1.279872,1.248261,2.6658545,3.151212,3.5999577,1.5193168
2091-07-30 12:00:00,1.9765391,1.5590118,3.7913094,3.3828235,3.3798718,1.8691311
2091-07-31 12:00:00,2.2024095,1.9027855,3.1271672,3.7793956,4.5468707,2.7606056
2091-08-01 12:00:00,2.9592557,2.5122879,3.6812077,4.4665284,4.415096,2.618581
2091-08-02 12:00:00,3.38936,2.4165626,3.2825804,3.8946164,4.5676,1.7464101
2091-08-03 12:00:00,2.156668,1.7688979,2.3718631,2.8233871,3.3654974,1.4476544
2091-08-04 12:00:00,1.7205446,1.3523395,2.5426314,3.6204042,3.0525615,1.8365376
2091-08-05 12:00:00,0.66122323,0.78857905,2.9208682,3.4830132,3.3465657,1.271692
2091-08-06 12:00:00,0.6192205,0.75406677,2.573385,1.6211731,2.7227983,1.4051974
2091-08-07 12:00:00,0.8886667,1.0131973,2.3853285,2.6061568,2.5022018,1.3277714
2091-08-08 12:00:00,1.6852758,1.3961731,3.656288,3.7052586,3.9912372,1.7954462
2091-08-09 12:00:00,3.84517,2.7895525,3.9834554,3.8377442,3.2568526,2.5627
2091-08-10 12:00:00,4.3636265,3.3009572,5.527452,4.037432,2.6170988,2.713026
2091-08-11 12:00:00,2.8040419,2.4997098,4.045778,3.1175482,3.8146763,2.1867192
2091-08-12 12:00:00,3.1933112,3.0194378,3.2812417,3.6307142,2.6142738,2.3747673
2091-08-13 12:00:00,2.5606954,2.4189596,3.5648327,3.7408857,3.020785,2.2191854
2091-08-14 12:00:00,2.1135576,2.101975,2.505125,3.1309733,3.1781037,1.6198225
2091-08-15 12:00:00,2.0792356,1.897907,2.5407465,3.2390413,2.793321,1.3532262
2091-08-16 12:00:00,2.355132,1.9464663,3.523762,2.7270148,3.3102548,1.8557463
2091-08-17 12:00:00,2.633801,2.2716258,3.467035,2.910352,2.6299844,2.3270807
2091-08-18 12:00:00,0.83342546,0.9981542,3.3895695,3.0669942,3.115724,2.2990608
2091-08-19 12:00:00,0.9944148,1.0392059,2.2507658,3.2813385,3.2845664,1.1521779
2091-08-20 12:00:00,0.7218976,0.9543382,2.5017052,1.6523607,2.639244,1.748603
2091-08-21 12:00:00,0.87995255,1.0247358,2.3406894,1.6512196,2.5216491,1.8978225
2091-08-22 12:00:00,1.4433839,1.1981306,2.3428228,1.5620159,1.8316416,1.4051017
2091-08-23 12:00:00,1.6911259,1.4175236,2.9230685,3.428241,2.4653764,1.9632736
2091-08-24 12:00:00,3.1460748,2.7424707,5.0855184,3.4475536,4.0453506,3.3175867
2091-08-25 12:00:00,1.8670955,1.4489399,2.8645523,2.1236324,4.089111,1.2206981
2091-08-26 12:00:00,1.39509,1.1668632,1.761847,4.9445558,4.1893153,1.2564353
2091-08-27 12:00:00,1.1265036,0.995002,2.0763352,3.5198553,3.7271798,1.7176744
2091-08-28 12:00:00,0.74990404,0.957841,1.9294379,2.9494333,2.453594,1.7875185
2091-08-29 12:00:00,2.384162,2.0923645,2.0092015,4.6082754,3.9158206,2.371451
2091-08-30 12:00:00,1.6763197,1.5712003,2.8460217,3.3775673,2.6047187,2.1951106
2091-08-31 12:00:00,1.3760755,1.3724498,2.1459064,2.6137328,1.8471459,1.9844381
2091-09-01 12:00:00,1.1340306,1.2813789,2.0395613,3.1822302,2.8000727,1.9418211
2091-09-02 12:00:00,1.5097632,1.3849226,2.322475,4.503911,4.093239,1.6583873
2091-09-03 12:00:00,2.2439234,2.1894803,4.425414,3.518377,4.1723256,3.0770772
2091-09-04 12:00:00,1.9010112,1.7158448,3.4589496,2.7301872,3.7464612,2.6418862
2091-09-05 12:00:00,1.354721,1.3219327,3.4395978,2.9558172,2.9593587,2.015626
2091-09-06 12:00:00,2.649287,2.1823537,2.396754,3.8395624,3.459573,1.4874451
2091-09-07 12:00:00,1.9690322,2.032078,2.555715,4.536133,4.1000977,2.5257866
2091-09-08 12:00:00,1.9453841,1.9212409,3.0424728,3.4764445,3.4979322,2.313547
2091-09-09 12:00:00,1.7563312,1.8067416,2.4888406,3.327582,2.2537909,1.3832659
2091-09-10 12:00:00,1.1419861,1.4824246,2.4918325,2.4962254,1.905517,1.5942196
2091-09-11 12:00:00,1.2099352,1.1227503,2.4918315,2.617415,3.430754,1.9343845
2091-09-12 12:00:00,1.070457,1.2051401,2.7307985,2.81518,3.38209,2.5420482
2091-09-13 12:00:00,1.9699943,1.6582065,2.3200808,2.7863078,3.0688057,2.2509296
2091-09-14 12:00:00,1.3462741,1.0889473,2.1496458,2.1083305,4.54667,1.5051967
2091-09-15 12:00:00,1.0778984,0.9884713,2.658525,2.6647367,6.7199726,1.7231634
2091-09-16 12:00:00,1.7926658,1.37397,3.0830638,2.4254875,4.216675,1.5630133
2091-09-17 12:00:00,1.6839488,1.3424301,2.868896,1.6720191,2.267661,1.3558489
2091-09-18 12:00:00,1.9501958,1.65205,3.887326,1.5771532,2.8356416,1.5974777
2091-09-19 12:00:00,3.3539042,2.6928232,3.7603047,2.6322334,2.1940756,2.2975404
2091-09-20 12:00:00,1.957547,1.7773405,2.1815126,2.7657607,2.6923316,1.1690074
2091-09-21 12:00:00,1.1343744,1.112926,1.7867771,2.5421262,2.4675288,0.9387396
2091-09-22 12:00:00,1.3201292,1.3084574,2.4460673,2.539001,3.6603074,1.9842664
2091-09-23 12:00:00,1.7883741,1.5548526,2.7037802,3.7930436,4.8411927,2.8526957
2091-09-24 12:00:00,2.2976031,1.709636,2.8109083,2.3913846,4.4213667,1.8897015
2091-09-25 12:00:00,1.6520209,1.5192267,2.2548244,1.914326,3.1978645,1.6613461
2091-09-26 12:00:00,2.170696,1.8001684,3.5113814,2.839628,3.9962509,1.7123698
2091-09-27 12:00:00,2.2140932,2.0538337,4.0959578,3.0947537,3.8662894,2.0434902
2091-09-28 12:00:00,3.1884718,2.8385859,4.2472835,4.0511837,2.673147,2.67745
2091-09-29 12:00:00,1.9889631,1.8254038,3.1591084,2.6793027,3.6269991,2.4660509
2091-09-30 12:00:00,1.8502207,1.7379115,3.999035,3.546656,4.237152,3.658154
2091-10-01 12:00:00,1.8537363,1.8325708,4.339588,3.8720238,4.099701,3.6807485
2091-10-02 12:00:00,1.7945187,1.5691764,3.394941,4.3387885,5.146429,2.988313
2091-10-03 12:00:00,0.82405204,0.89497894,2.904068,2.8479548,4.87719,1.410607
2091-10-04 12:00:00,1.8334239,1.7881737,4.9092846,2.871429,4.76219,2.903069
2091-10-05 12:00:00,3.9798322,3.8491302,7.5196934,6.3516817,5.6815543,5.4393015
2091-10-06 12:00:00,4.1204195,3.7034001,5.926047,7.4336753,6.4503784,5.1966076
2091-10-07 12:00:00,2.5565822,2.1908548,4.1460004,6.0811477,4.1382484,3.0908425
2091-10-08 12:00:00,1.9332821,1.648604,4.1698284,4.9226146,3.5772438,3.2856622
2091-10-09 12:00:00,3.2459648,2.6716511,5.3637357,4.865938,4.0465293,3.6263964
2091-10-10 12:00:00,2.4767382,1.9701788,3.3590693,2.2610655,3.2351625,1.9269935
2091-10-11 12:00:00,1.777465,1.5904036,3.6113932,4.086915,3.4191666,2.7626073
2091-10-12 12:00:00,1.1672925,1.2740083,1.9939768,4.277753,3.6302817,1.6383287
2091-10-13 12:00:00,1.3849497,1.2512956,3.8180149,2.2946386,2.7712715,1.7443799
2091-10-14 12:00:00,1.3169436,1.3267164,3.4215415,2.521053,4.3406277,1.7853903
2091-10-15 12:00:00,1.7936417,1.6888278,2.3283494,2.962792,4.4064803,1.697427
2091-10-16 12:00:00,2.8699498,2.5015137,3.403055,3.627459,4.331791,3.0033367
2091-10-17 12:00:00,3.3159719,2.6484776,6.2370477,4.157226,3.3677697,3.0788138
2091-10-18 12:00:00,2.7822998,2.5867836,6.981309,5.3668747,3.9283035,3.933994
2091-10-19 12:00:00,3.6119716,3.3034163,6.8528786,6.211726,5.034431,4.1577954
2091-10-20 12:00:00,3.4416904,3.3402715,4.9336596,5.761438,5.7712655,3.6266832
2091-10-21 12:00:00,1.984137,2.2627966,3.5950027,5.40861,3.7222073,2.9025428
2091-10-22 12:00:00,2.7085814,2.1852386,5.6611857,3.067002,3.1430638,2.6290557
2091-10-23 12:00:00,2.4392047,1.8462125,4.036638,2.992289,3.3656864,1.9796079
2091-10-24 12:00:00,0.79332113,0.9036443,3.1534405,3.433656,3.4047446,2.002773
2091-10-25 12:00:00,2.913649,2.3686106,4.7836013,2.9855738,2.3781376,2.594373
2091-10-26 12:00:00,1.7765917,1.4915073,2.6963446,3.7932835,4.2274923,2.270449
2091-10-27 12:00:00,1.64942,1.3741822,3.1568644,2.798588,4.573004,1.8802669
2091-10-28 12:00:00,0.721601,0.9149118,1.7901479,4.833001,4.6370516,1.7937143
2091-10-29 12:00:00,1.6456548,1.3497751,3.270842,2.937556,5.174788,1.9312094
2091-10-30 12:00:00,2.1844466,1.4454523,3.3717268,2.0897117,5.370583,1.76177
2091-10-31 12:00:00,1.2436817,1.134668,5.346456,3.8335488,4.5544887,3.5688455
2091-11-01 12:00:00,2.927277,2.7434123,6.266351,5.9875603,4.873954,4.744054
2091-11-02 12:00:00,2.813657,2.2373586,5.3400054,4.324088,5.9087415,3.1019497
2091-11-03 12:00:00,3.3761358,3.0455556,6.738122,6.2490096,6.5982113,4.66009
2091-11-04 12:00:00,3.344268,3.0091555,6.122536,6.074887,6.189003,4.1985855
2091-11-05 12:00:00,4.502697,4.2739987,8.829422,7.8011556,7.037454,5.9722757
2091-11-06 12:00:00,3.660226,3.4965754,7.549007,6.940767,7.7498093,4.3147984
2091-11-07 12:00:00,3.996448,3.7047594,8.049177,6.113483,6.211808,4.1167197
2091-11-08 12:00:00,3.3615198,2.6748068,5.669002,5.4078736,5.236282,2.822928
2091-11-09 12:00:00,1.8611131,1.42957,3.2778823,3.9627469,5.2910895,2.4175768
2091-11-10 12:00:00,0.8298703,0.91495615,3.7957344,4.233262,3.624573,3.4380405
2091-11-11 12:00:00,2.2907217,1.9178425,3.8328838,4.792063,3.4298687,2.8914547
2091-11-12 12:00:00,2.8052125,2.3279316,4.265744,4.3303885,4.262683,2.414175
2091-11-13 12:00:00,2.1631212,1.4528154,3.1305733,3.9569695,5.9632387,1.5262896
2091-11-14 12:00:00,0.89399314,0.90249115,2.6012228,3.9094708,5.964627,2.0903022
2091-11-15 12:00:00,3.236727,2.8741047,6.011398,4.9479165,5.78221,4.15474
2091-11-16 12:00:00,3.3210595,3.1573331,4.8522334,5.83744,5.346531,2.7930787
2091-11-17 12:00:00,3.390853,2.8738055,5.7569256,5.1994095,5.3001757,3.113088
2091-11-18 12:00:00,3.3792458,2.609558,4.948941,4.3718348,5.345011,3.079408
2091-11-19 12:00:00,2.124261,1.7472832,4.4801183,3.6132808,5.746009,2.0821466
2091-11-20 12:00:00,1.03251,0.9472963,2.6082742,3.1697488,4.9997807,2.0113957
2091-11-21 12:00:00,1.2234318,1.1106527,3.3242536,2.4969285,3.5146909,2.2760935
2091-11-22 12:00:00,2.0038316,1.6831247,5.8715243,4.5733256,3.3128824,4.7548437
2091-11-23 12:00:00,2.2200112,2.080161,6.1210895,4.303664,4.920876,3.3970923
2091-11-24 12:00:00,2.603814,2.4194708,6.696861,4.981524,4.8673973,3.66579
2091-11-25 12:00:00,2.6620111,2.4794848,6.2396107,4.8433456,4.1780796,3.15424
2091-11-26 12:00:00,3.0340204,2.6226869,4.97753,4.8461723,4.149675,2.822877
2091-11-27 12:00:00,2.097632,1.809079,3.5052645,4.4629707,5.441742,2.5146294
2091-11-28 12:00:00,0.87685156,0.8073954,2.7430701,2.2994127,4.7006173,1.9915345
2091-11-29 12:00:00,0.7166801,0.69940645,2.6386302,2.17151,2.5126987,1.7646021
2091-11-30 12:00:00,1.0471127,0.95524156,3.7593703,3.2881255,3.1449044,1.9795998
2091-12-01 12:00:00,1.7171149,1.2829714,3.942129,3.2803905,3.2474337,2.0297258
2091-12-02 12:00:00,1.313035,1.102211,3.8259687,2.7155647,3.5456333,2.032027
2091-12-03 12:00:00,2.028155,1.8550909,3.5678902,2.9239066,4.154603,2.047003
2091-12-04 12:00:00,1.5313296,1.6043545,4.916247,3.1734598,4.219183,2.4165783
2091-12-05 12:00:00,1.30736,1.2429729,4.707823,2.5322797,4.1499186,2.396522
2091-12-06 12:00:00,0.9539932,1.165663,5.6295023,3.5567207,4.542642,3.1657462
2091-12-07 12:00:00,1.3497953,1.5947541,4.34994,4.5167217,4.3655066,3.5150092
2091-12-08 12:00:00,1.0813549,1.1371194,3.076006,4.39945,4.4724474,2.6266513
2091-12-09 12:00:00,1.4525335,1.2587655,2.6824641,3.2827404,3.454927,1.943836
2091-12-10 12:00:00,1.3086576,1.3606213,3.563318,2.9805403,3.1331,2.3232667
2091-12-11 12:00:00,1.7371949,1.6114122,4.4866066,3.2461548,2.7628436,2.8561468
2091-12-12 12:00:00,1.4458857,1.3442982,3.8867188,3.9904664,3.894955,1.8959774
2091-12-13 12:00:00,1.878951,1.5758431,3.6470692,3.1183991,4.9681106,1.8072921
2091-12-14 12:00:00,2.2386358,1.7544949,3.8934045,3.162805,6.065167,1.9132205
2091-12-15 12:00:00,0.7656854,0.92362,4.2298827,2.8523128,6.729443,1.9400715
2091-12-16 12:00:00,1.5122191,1.3610791,4.6503735,3.8189304,3.199716,3.0806787
2091-12-17 12:00:00,1.6498266,1.5601912,2.5609024,4.990758,3.5620968,1.9576554
2091-12-18 12:00:00,0.8501841,1.1664912,2.5974445,4.8880224,3.8752513,1.7526464
2091-12-19 12:00:00,0.83835083,1.1867948,3.7056642,5.073482,4.5072317,2.3640542
2091-12-20 12:00:00,3.2116477,2.7645638,5.5001926,5.337694,5.0934243,3.8979077
2091-12-21 12:00:00,1.1507009,1.3314146,4.008188,3.347974,4.998816,2.6994607
2091-12-22 12:00:00,1.4828644,1.6729456,4.7329216,3.639632,3.9865294,3.0657206
2091-12-23 12:00:00,1.2456273,1.3485029,3.4515524,5.955853,3.8529744,2.6826043
2091-12-24 12:00:00,1.4488631,1.3363435,4.140258,4.5242434,3.0730512,2.9113882
2091-12-25 12:00:00,0.9150907,0.99022657,4.0519223,4.742646,6.1561403,2.12675
2091-12-26 12:00:00,2.1793847,1.5388658,4.7060018,2.511095,7.0111637,2.3829467
2091-12-27 12:00:00,2.4552574,1.6648579,4.6251793,2.7742848,5.42431,2.2919223
2091-12-28 12:00:00,1.4650519,1.5374972,2.411797,3.3734796,3.4159498,1.5933411
2091-12-29 12:00:00,1.8761586,1.5966752,2.948569,2.8702576,3.2120752,1.6255995
2091-12-30 12:00:00,0.9599493,1.0902873,2.4893582,3.5531611,6.2553844,2.0031304
2091-12-31 12:00:00,1.5012423,1.2811819,3.499437,3.9161472,5.853432,2.8333974
2092-01-01 12:00:00,1.8719684,1.6142819,3.8355289,4.079243,4.127406,2.974165
2092-01-02 12:00:00,1.9987624,1.7098709,5.7305794,5.3836813,4.977878,3.5907154
2092-01-03 12:00:00,3.768157,3.3970315,4.7528677,6.5809474,7.303303,4.0688276
2092-01-04 12:00:00,3.0016508,2.7048614,5.647017,5.430371,6.039049,3.5579631
2092-01-05 12:00:00,3.4174013,3.118755,6.6691756,6.506771,6.866425,5.426019
2092-01-06 12:00:00,4.2244153,3.9288309,7.256073,8.00361,6.381924,5.8770885
2092-01-07 12:00:00,3.0608742,2.8071759,6.115631,5.4017487,5.7363415,3.789117
2092-01-08 12:00:00,2.8176317,2.8461297,4.7246084,6.2182693,6.7434964,4.013527
2092-01-09 12:00:00,1.9455702,1.7129221,3.4979742,3.298439,6.4578886,2.5525286
2092-01-10 12:00:00,1.9722202,1.5803524,3.8767753,2.4272761,4.2005906,2.1324298
2092-01-11 12:00:00,1.714539,1.3552418,2.341658,2.047891,2.763135,1.6363597
2092-01-12 12:00:00,2.6097383,2.0114543,3.3397436,3.026169,2.5183775,1.8015096
2092-01-13 12:00:00,1.4112511,1.052504,3.0558915,2.3684134,3.3237925,2.1281953
2092-01-14 12:00:00,1.5612475,1.2117114,4.0331016,3.3328137,2.905242,2.3249712
2092-01-15 12:00:00,1.6518588,1.4530059,4.9247503,3.4057555,2.8009412,2.428005
2092-01-16 12:00:00,2.8519275,2.5450747,6.213205,5.3843894,3.940091,3.7950392
2092-01-17 12:00:00,3.4089215,3.0807896,5.2765064,7.196131,6.759711,4.537562
2092-01-18 12:00:00,4.2912374,4.08371,7.619755,8.183862,8.391756,5.8074093
2092-01-19 12:00:00,4.3904743,4.0000815,7.606204,8.06897,9.100857,5.501684
2092-01-20 12:00:00,4.7485504,4.370678,6.909859,9.192594,8.662631,5.856051
2092-01-21 12:00:00,1.8699989,2.0153031,3.8691516,7.1361976,8.172865,3.3342338
2092-01-22 12:00:00,0.8854024,1.2930185,2.6749148,5.334997,6.9720488,2.6285365
2092-01-23 12:00:00,1.3474348,1.6148738,3.0139866,5.121598,5.7908883,3.0122128
2092-01-24 12:00:00,2.6558182,2.5170574,2.5192926,4.8697567,4.3927746,1.6941601
2092-01-25 12:00:00,1.9692657,1.7751912,2.4693015,3.783579,3.6337314,2.247317
2092-01-26 12:00:00,2.14769,1.6620169,4.751138,3.6243846,2.4424326,3.5418422
2092-01-27 12:00:00,3.0645847,2.143456,2.1056128,2.7573428,3.2289076,1.72893
2092-01-28 12:00:00,1.8885875,1.4786123,2.472997,2.133955,4.170489,1.9306552
2092-01-29 12:00:00,0.8422203,0.8073214,2.8128748,2.8171365,4.7366433,2.3606346
2092-01-30 12:00:00,1.7697386,1.5159789,3.8624814,4.3015366,5.295409,3.1115935
2092-01-31 12:00:00,2.5893784,2.2484486,4.603395,3.694869,6.2475376,3.0010817
2092-02-01 12:00:00,0.9838532,1.2954214,3.5936291,3.170718,6.8879313,2.3312128
2092-02-02 12:00:00,1.2303209,1.1518549,3.3240914,4.0076914,5.077728,2.8849509
2092-02-03 12:00:00,1.8314618,1.8085521,4.273196,4.4622097,5.416413,2.7031527
2092-02-04 12:00:00,2.44973,2.1059244,6.4119306,4.002113,4.768723,3.2298563
2092-02-05 12:00:00,2.4830196,2.154881,6.152131,4.6226606,2.4453084,3.8953056
2092-02-06 12:00:00,4.038837,3.2812135,6.9632926,5.1615624,4.8496647,3.8795624
2092-02-07 12:00:00,2.774837,2.7456403,6.9082227,6.7090573,5.3713474,4.052038
2092-02-08 12:00:00,2.4061742,2.3357494,2.590486,5.9894867,5.302147,3.2722332
2092-02-09 12:00:00,1.0607316,1.2695012,4.49273,3.3146744,5.6860304,2.49918
2092-02-10 12:00:00,3.341535,2.6905615,5.2736053,4.3326735,4.773959,3.2902262
2092-02-11 12:00:00,3.8297472,3.1903477,4.3853474,6.204667,4.436949,3.2210875
2092-02-12 12:00:00,3.6109967,2.7058716,3.568071,4.450284,3.777561,2.0352182
2092-02-13 12:00:00,1.5462027,1.2374933,3.7374005,3.7302132,3.044909,1.9510677
2092-02-14 12:00:00,2.003858,1.6114765,4.5427246,3.4570827,3.9296513,1.7084438
2092-02-15 12:00:00,3.6554136,2.6042805,5.05372,4.539041,3.624783,2.2857068
2092-02-16 12:00:00,3.9684331,2.78051,4.020429,4.4302926,2.7031488,2.328498
2092-02-17 12:00:00,2.7510982,1.8811791,3.7430537,4.0480785,3.392977,2.6743257
2092-02-18 12:00:00,0.76037323,0.78841907,3.6876698,3.3470175,3.9591677,3.224186
2092-02-19 12:00:00,1.4134175,1.0664482,3.3055575,2.704942,3.8483407,2.2133827
2092-02-20 12:00:00,0.825438,0.8571003,2.7443554,2.1366346,3.0533733,2.2558904
2092-02-21 12:00:00,1.5000839,1.0071504,3.048305,1.9978288,3.7717311,2.1276727
2092-02-22 12:00:00,2.3154497,1.4870415,4.1400027,2.9642582,3.011087,1.8755907
2092-02-23 12:00:00,1.3916595,1.1712518,2.602185,3.2685094,2.5993497,2.044858
2092-02-24 12:00:00,0.88742524,0.89571255,2.3201988,3.2678363,3.348367,2.222282
2092-02-25 12:00:00,1.7145432,1.2072682,3.2480583,3.383808,3.3817465,2.0523536
2092-02-26 12:00:00,3.2804189,2.2045858,3.4598646,3.0698297,4.348914,1.9840393
2092-02-27 12:00:00,2.7572293,2.5722015,2.137921,2.3897758,4.3731647,1.4401592
2092-02-28 12:00:00,1.1684325,1.2203596,2.1485915,5.2301903,6.4750266,1.9103205
2092-02-29 12:00:00,1.035636,1.1221168,3.935541,4.4905114,5.2117167,2.1798322
2092-03-01 12:00:00,2.3272166,2.4070144,5.326714,7.550379,6.8337054,4.7397647
2092-03-02 12:00:00,3.9190578,3.4283245,6.918891,5.9415326,7.5073566,3.8288784
2092-03-03 12:00:00,3.7629268,3.4914875,6.557707,4.967316,5.8988495,4.3231883
2092-03-04 12:00:00,3.269662,2.9230556,3.6038573,6.4931808,6.896784,3.0236056
2092-03-05 12:00:00,3.1239288,2.4724996,4.7894316,3.9656258,7.570512,4.164707
2092-03-06 12:00:00,3.233191,2.2156272,4.843001,3.455249,6.548438,3.317566
2092-03-07 12:00:00,2.140427,1.8207024,3.5768723,6.0678463,5.017226,3.1336691
2092-03-08 12:00:00,2.6569004,2.3440223,6.305863,5.6386685,4.607372,4.7514267
2092-03-09 12:00:00,4.5978794,4.496515,7.6747227,6.9869,4.043432,5.4745874
2092-03-10 12:00:00,2.1693645,1.928372,2.045171,2.4858823,3.7367258,1.5586979
2092-03-11 12:00:00,1.3162576,1.2352002,2.5669975,4.465771,4.0953927,2.6236944
2092-03-12 12:00:00,2.5258942,1.9815683,3.997479,5.0505977,6.8366766,3.1730554
2092-03-13 12:00:00,2.649846,2.304828,6.379226,5.0322566,4.671232,4.480292
2092-03-14 12:00:00,2.3651285,2.3379667,3.8004773,3.2697794,4.766317,2.66441
2092-03-15 12:00:00,2.0775225,2.1874573,4.0454845,5.066724,5.346574,3.0958526
2092-03-16 12:00:00,3.4867604,3.032508,4.5517797,3.718417,6.1501513,2.409579
2092-03-17 12:00:00,1.7237275,1.6417282,4.281692,4.2262635,3.9666142,2.3625977
2092-03-18 12:00:00,3.033899,2.4726064,4.5375934,3.1158953,3.9174428,3.1098125
2092-03-19 12:00:00,1.7286005,1.7265642,3.4418998,2.9379096,4.257071,2.7433035
2092-03-20 12:00:00,2.0813498,1.6220739,2.8276465,2.652901,4.0005674,1.5569721
2092-03-21 12:00:00,2.586517,2.2300198,5.559706,2.9187632,3.8628767,2.9291081
2092-03-22 12:00:00,2.5017512,2.1677537,4.95447,4.91589,5.005595,2.8578758
2092-03-23 12:00:00,2.498499,1.8450344,3.3239937,5.155065,4.454063,2.580799
2092-03-24 12:00:00,1.6850191,1.4191585,2.4744604,3.7813368,5.0215178,1.5974232
2092-03-25 12:00:00,2.6788158,2.1585631,5.5870094,3.8533823,6.03614,2.8426404
2092-03-26 12:00:00,1.1523378,1.29348,3.5599508,3.7616394,6.1473303,2.9216352
2092-03-27 12:00:00,1.6300014,1.4007876,5.914627,3.5812788,5.2561617,3.4958544
2092-03-28 12:00:00,3.1623197,2.6293771,6.992514,4.913526,5.0989885,3.863527
2092-03-29 12:00:00,2.2328238,1.8648198,6.6916533,3.992415,2.8753915,3.7630475
2092-03-30 12:00:00,0.89275014,0.9745669,4.4986854,2.078185,4.1834946,2.6268594
2092-03-31 12:00:00,1.4220597,1.3498595,3.5919037,3.016413,5.308899,3.363859
2092-04-01 12:00:00,2.0430388,1.9052228,3.1059778,5.4972944,6.0586567,3.6096067
2092-04-02 12:00:00,2.3951373,1.8590555,3.1826923,4.537555,3.7183065,3.1943493
2092-04-03 12:00:00,1.8457572,1.7873017,2.496231,5.194127,5.1590123,2.509088
2092-04-04 12:00:00,2.169489,1.8293315,3.7062538,3.1790633,5.263684,3.095938
2092-04-05 12:00:00,2.066741,1.6499355,3.701042,3.3229856,3.0913038,3.0142972
2092-04-06 12:00:00,1.9359475,1.6951563,3.450721,3.6678414,2.9898596,2.9132774
2092-04-07 12:00:00,1.6040039,1.815279,3.0040827,3.9045777,3.1533418,2.4006596
2092-04-08 12:00:00,1.4421961,1.5311233,2.7467864,3.2351592,2.4612818,2.3772027
2092-04-09 12:00:00,2.1574445,1.7869892,2.8094032,3.060242,2.6839046,2.0290859
2092-04-10 12:00:00,2.3987043,1.9435269,4.0763726,2.56994,4.0495367,1.8878504
2092-04-11 12:00:00,1.6612252,1.4584119,4.8149624,3.547777,6.23193,2.000915
2092-04-12 12:00:00,1.3637468,1.5671583,4.3534746,3.6311002,4.305122,1.9165664
2092-04-13 12:00:00,1.6618259,1.9064535,4.347578,4.0175033,5.4073615,3.673417
2092-04-14 12:00:00,1.7024014,1.7780879,3.8572054,4.0570855,3.5050464,2.968509
2092-04-15 12:00:00,2.6010828,2.54873,4.460139,3.7453384,2.117362,2.4581387
2092-04-16 12:00:00,2.1762576,2.2851784,3.0988476,4.1604176,3.6501627,2.2788885
2092-04-17 12:00:00,1.6531811,1.7366294,3.4613042,3.521038,4.7179685,2.3637369
2092-04-18 12:00:00,2.095367,1.662061,3.2806604,2.6477852,2.7957873,2.394978
2092-04-19 12:00:00,2.4005704,1.9161413,2.682256,1.5977749,2.0156953,2.3027234
2092-04-20 12:00:00,2.2139072,1.5996953,2.5104725,1.4433092,2.6629212,1.4448377
2092-04-21 12:00:00,2.7178106,2.063654,2.8918343,2.0684493,2.1856432,1.7882617
2092-04-22 12:00:00,3.5719552,2.808045,3.0177803,2.7912786,3.2462025,1.7187846
2092-04-23 12:00:00,1.8636122,1.6379936,1.9277061,2.937591,3.2130291,1.2009878
2092-04-24 12:00:00,2.517127,1.8725901,2.5122156,1.9618814,2.6181176,1.5552083
2092-04-25 12:00:00,1.16687,1.1072409,2.5265508,1.5112777,3.3777719,1.3737757
2092-04-26 12:00:00,1.953136,1.5694475,1.9473536,2.1148667,3.147439,1.4128731
2092-04-27 12:00:00,1.9949492,1.7745225,2.011023,2.9999874,2.8139915,1.3557241
2092-04-28 12:00:00,1.0453415,1.037059,1.9575768,2.3013055,3.7223687,1.4649012
2092-04-29 12:00:00,1.4924682,1.2389121,3.2924736,1.8588668,1.9383893,2.1967745
2092-04-30 12:00:00,2.0457098,2.032183,3.6086118,2.1899602,2.329531,2.0587192
2092-05-01 12:00:00,2.3463411,1.5999843,2.1364853,2.2549918,3.9914095,1.5746033
2092-05-02 12:00:00,1.1716454,1.0963944,2.0440428,2.7737067,3.299604,1.5726541
2092-05-03 12:00:00,2.146894,1.8502042,2.582103,3.173194,3.318897,1.8143282
2092-05-04 12:00:00,1.8605924,1.4044023,2.2665591,3.2104018,4.036707,1.3635585
2092-05-05 12:00:00,2.4314861,1.7245778,2.1613138,2.5837898,3.8944407,1.4596604
2092-05-06 12:00:00,1.7389128,1.8569283,2.7967932,2.776831,4.2208295,1.7405031
2092-05-07 12:00:00,2.1412742,2.0563288,2.4784622,1.9186203,3.9012127,2.0291295
2092-05-08 12:00:00,2.1082058,1.5279912,2.5271363,2.9852767,3.674898,2.009788
2092-05-09 12:00:00,3.7545104,3.382936,5.473952,6.273182,4.0479627,4.2263613
2092-05-10 12:00:00,4.298312,3.8847294,6.147406,5.8639026,5.227443,4.71535
2092-05-11 12:00:00,2.891571,2.39168,3.9111693,3.1965122,4.026298,3.0046055
2092-05-12 12:00:00,1.2081138,1.0225427,2.3069408,2.5867531,4.242639,2.1268759
2092-05-13 12:00:00,1.6017152,1.4969922,1.6497847,3.2651258,4.1005177,2.0250266
2092-05-14 12:00:00,1.3762478,1.1150749,1.9442878,2.501055,3.3876047,1.6424423
2092-05-15 12:00:00,2.018344,1.6780145,2.3581805,2.4648647,4.2345695,1.7593012
2092-05-16 12:00:00,1.8415506,1.7783774,3.2449079,4.6009107,4.6450644,2.0867426
2092-05-17 12:00:00,2.433074,2.2048874,4.1277695,4.4923744,3.6151285,2.5323155
2092-05-18 12:00:00,2.5377433,2.3291588,3.7909033,5.348481,3.2777903,3.1767645
2092-05-19 12:00:00,2.6776366,2.233238,4.004443,3.695053,3.8713858,1.9427911
2092-05-20 12:00:00,2.4895778,1.8927823,3.4150255,2.4561455,3.7352624,1.9005985
2092-05-21 12:00:00,2.1520724,2.0735428,4.040399,3.3144166,2.9501486,3.1874218
2092-05-22 12:00:00,2.756332,2.7047555,4.021147,3.6495488,3.2788985,2.7310402
2092-05-23 12:00:00,3.2198858,3.3147948,4.556188,3.8121655,4.7876997,3.6464648
2092-05-24 12:00:00,1.9645112,1.9644717,3.6576865,3.3565612,3.8421354,2.9495363
2092-05-25 12:00:00,2.431408,2.1797554,3.7001467,4.1568723,3.6366274,2.6368618
2092-05-26 12:00:00,1.372151,1.4784979,2.7274215,4.3209505,3.5194082,2.136286
2092-05-27 12:00:00,1.745872,1.7215583,2.7056556,2.8359616,2.5759757,1.6805632
2092-05-28 12:00:00,2.40835,2.0287652,2.8482924,3.381731,3.0759122,2.00161
2092-05-29 12:00:00,0.9952484,1.453894,3.271605,3.043791,3.7348948,2.1359956
2092-05-30 12:00:00,1.8461894,1.6076775,2.4158726,2.35023,3.9797616,1.7036971
2092-05-31 12:00:00,1.8706023,2.1215405,2.8874934,3.2422218,3.3234906,2.470283
2092-06-01 12:00:00,1.6076956,1.7750536,2.815065,3.5514743,4.192064,2.2833972
2092-06-02 12:00:00,1.9510151,1.8984995,3.069399,3.3843575,4.3082504,2.440858
2092-06-03 12:00:00,0.9686979,1.1490049,2.5041542,2.603073,2.5489085,2.2138937
2092-06-04 12:00:00,1.7545608,1.4476957,2.331241,2.521032,2.6617668,1.8003927
2092-06-05 12:00:00,1.2843992,1.1903828,2.2906756,2.2306085,3.009264,1.4625167
2092-06-06 12:00:00,2.0146365,1.4472631,3.111937,2.392134,2.7388377,2.6061242
2092-06-07 12:00:00,2.2117026,1.6387479,3.5427303,4.70405,2.7688882,3.0074406
2092-06-08 12:00:00,1.268991,1.2632264,2.3535511,4.9970536,3.0022368,1.7217096
2092-06-09 12:00:00,1.1892413,1.0660232,2.3762586,3.488437,2.7789283,1.4482869
2092-06-10 12:00:00,1.2623509,1.1208475,1.9818668,3.3960812,2.6153324,1.575937
2092-06-11 12:00:00,1.3183429,1.1491362,2.6266983,3.4550686,1.9647795,2.2553394
2092-06-12 12:00:00,1.2074375,1.169417,2.814255,2.908991,2.1104603,2.6461642
2092-06-13 12:00:00,1.7376784,1.6293555,2.0936265,3.3839993,2.6699793,1.6524338
2092-06-14 12:00:00,2.0172436,1.5794921,3.206695,2.6230192,4.256031,2.1238394
2092-06-15 12:00:00,2.7474964,2.1712573,3.9692883,3.2115552,3.078704,1.9636768
2092-06-16 12:00:00,2.0899963,1.7038357,3.4872766,4.3270373,4.6912704,2.0681577
2092-06-17 12:00:00,3.232339,2.744503,4.523754,4.5127463,3.7112575,2.5203774
2092-06-18 12:00:00,1.5800014,1.4994454,3.5220242,2.639881,3.1519628,1.9363112
2092-06-19 12:00:00,2.4894438,2.3260121,4.3286567,5.0403266,3.180209,3.209332
2092-06-20 12:00:00,2.9012113,2.4079797,4.2183633,3.8435585,4.5891533,2.8118823
2092-06-21 12:00:00,2.2414646,1.9338216,4.495771,2.0931323,4.119761,2.1522565
2092-06-22 12:00:00,3.4585698,2.4260519,4.7561507,3.4267828,3.4583993,2.0601153
2092-06-23 12:00:00,3.511906,2.463655,3.9882965,3.7249982,4.9683123,1.9626803
2092-06-24 12:00:00,3.1725671,2.2029872,2.6232421,1.8816587,3.556762,1.731398
2092-06-25 12:00:00,2.5862722,2.2486362,4.3558273,2.839792,2.5747623,3.5093305
2092-06-26 12:00:00,1.5584495,1.7674922,4.70529,3.416823,2.3413892,3.3836722
2092-06-27 12:00:00,1.6369228,1.4905055,2.29995,2.7624652,2.9537766,1.8657453
2092-06-28 12:00:00,1.3893228,1.6747268,2.986631,3.6295016,4.1151247,1.988633
2092-06-29 12:00:00,1.7186289,1.8116199,4.317018,3.4444878,3.5429,2.5739577
2092-06-30 12:00:00,5.1893263,4.2643027,5.5602136,5.0552387,5.0192294,4.664171
2092-07-01 12:00:00,1.7987161,2.0599775,3.7645154,4.818463,4.346147,4.515125
2092-07-02 12:00:00,3.6019402,2.951262,4.205816,3.6376865,4.5644035,3.6584234
2092-07-03 12:00:00,2.349854,2.2296042,2.5159404,4.8000484,4.116859,2.5941968
2092-07-04 12:00:00,2.7764606,2.510785,4.8744392,4.261274,4.378857,2.4862022
2092-07-05 12:00:00,1.8888307,1.6457751,3.1105094,3.524872,3.011412,2.6044197
2092-07-06 12:00:00,0.95594096,1.0550036,2.4126735,2.148603,3.1381996,1.3394886
2092-07-07 12:00:00,1.481399,1.764177,3.0127578,2.7831798,4.169121,1.3323812
2092-07-08 12:00:00,2.2188478,1.6239711,2.3641763,3.0671601,4.243531,1.2430555
2092-07-09 12:00:00,1.2523378,1.0730494,3.670116,3.131737,4.5221543,1.4223537
2092-07-10 12:00:00,3.0533485,2.0595596,5.3900156,3.133206,4.7317514,2.835005
2092-07-11 12:00:00,2.4320486,1.9915483,4.682323,2.180955,3.8955324,1.8491801
2092-07-12 12:00:00,1.6064066,1.476159,4.6484776,2.6123526,2.7613652,2.7062886
2092-07-13 12:00:00,1.4094849,1.4708362,2.408334,2.714255,2.0824618,1.4509006
2092-07-14 12:00:00,2.0890918,1.7242283,4.182228,3.307003,2.5130718,2.0638318
2092-07-15 12:00:00,2.1598303,1.3834918,2.9096537,2.4355319,2.1378114,1.7950269
2092-07-16 12:00:00,2.2046623,1.5849593,2.8507316,2.3802602,1.848288,2.127169
2092-07-17 12:00:00,1.7252457,1.2665888,3.5565045,2.0185018,2.8571303,2.0307565
2092-07-18 12:00:00,2.136606,1.5619061,2.5050344,1.9476693,3.96944,1.2603582
2092-07-19 12:00:00,2.4258614,1.677409,2.7170084,2.03192,3.2786164,1.2006613
2092-07-20 12:00:00,2.901258,2.4607482,5.3085165,3.2845352,2.1000695,2.52323
2092-07-21 12:00:00,2.7700176,2.4837704,3.4882767,4.557192,2.7543793,3.3468876
2092-07-22 12:00:00,2.86239,2.4187107,2.477756,3.7446268,4.4773664,2.086147
2092-07-23 12:00:00,2.244145,1.9756889,2.8800926,2.961682,2.8463042,2.3208046
2092-07-24 12:00:00,1.3148109,1.3157889,3.1355822,2.5034838,3.3750668,1.9798316
2092-07-25 12:00:00,3.23976,2.6592474,3.7825441,3.8350136,4.0839047,2.5509038
2092-07-26 12:00:00,2.4910583,2.0347853,2.7573962,4.2068253,4.2893867,2.4712512
2092-07-27 12:00:00,1.2564275,1.3114471,2.2081785,3.4080374,3.7940044,1.5736929
2092-07-28 12:00:00,1.7996445,1.4368488,3.7571232,2.792408,4.0821524,1.7182237
2092-07-29 12:00:00,2.4201953,1.8960633,3.0179777,2.8507855,3.3570228,1.7023355
2092-07-30 12:00:00,1.7457944,2.0632796,2.721532,2.8405561,2.8793569,1.7029352
2092-07-31 12:00:00,1.3090718,1.462467,2.6412544,2.911938,2.3504615,1.7003453
2092-08-01 12:00:00,1.8376386,1.5457659,3.6730392,2.7953022,2.282946,2.641529
2092-08-02 12:00:00,2.0196958,1.5315988,1.7316415,2.5883415,2.458689,1.7864499
2092-08-03 12:00:00,1.4292186,1.3426161,2.4919732,3.3418548,3.8555229,2.0062127
2092-08-04 12:00:00,0.82775235,1.1587069,1.9650571,2.850933,4.7017145,1.2564342
2092-08-05 12:00:00,1.2386173,1.3790781,3.0239928,2.0797586,3.2664738,1.4397777
2092-08-06 12:00:00,1.4721509,1.5229391,2.984983,2.615309,2.5923889,1.9156976
2092-08-07 12:00:00,2.2974472,2.1508029,3.1912591,3.4763973,3.7875283,2.8997808
2092-08-08 12:00:00,2.0651646,1.8649935,4.3173647,3.403829,4.1139474,3.311877
2092-08-09 12:00:00,2.6201112,1.9875997,4.078844,2.9410543,5.1093507,2.882924
2092-08-10 12:00:00,1.6149187,1.6564945,2.0656505,3.5707965,5.803852,1.9434918
2092-08-11 12:00:00,1.8697484,1.6043406,1.6839122,4.882683,5.388532,1.782028
2092-08-12 12:00:00,1.9389546,2.1102755,3.3996594,2.840514,4.0619087,2.3695703
2092-08-13 12:00:00,3.1623971,3.0641851,2.9771724,3.0792277,3.1152205,2.6237001
2092-08-14 12:00:00,3.169311,2.924315,4.0020113,4.338089,4.1981254,2.367636
2092-08-15 12:00:00,1.9538751,1.7281965,4.1331778,3.6260085,4.7734427,2.2224872
2092-08-16 12:00:00,2.8454895,2.5539923,4.868372,3.8132381,4.380569,2.105827
2092-08-17 12:00:00,3.4492188,2.6703115,4.7109704,2.6985357,2.9537663,2.0880485
2092-08-18 12:00:00,2.0992875,1.8114514,3.978233,4.6650295,2.345263,2.931006
2092-08-19 12:00:00,1.9139442,1.9532751,3.983534,4.087936,2.9771347,3.9468699
2092-08-20 12:00:00,2.2802992,1.9394389,2.8683233,4.653339,4.6563654,2.6644452
2092-08-21 12:00:00,1.5069561,1.5466275,3.1323562,2.869023,3.7434156,2.2261562
2092-08-22 12:00:00,1.7419605,1.3223919,2.4983964,4.1322155,3.323751,1.4619887
2092-08-23 12:00:00,1.6833748,1.8944247,2.4502683,4.4732976,3.804136,2.0673912
2092-08-24 12:00:00,1.2008209,1.1369026,2.3511877,2.5394783,1.9831048,1.7663815
2092-08-25 12:00:00,1.0986602,1.0496633,1.6033697,1.9448828,2.0027478,1.1331167
2092-08-26 12:00:00,0.81797063,0.8502303,1.408494,2.3021653,2.665221,1.2463374
2092-08-27 12:00:00,0.9377147,0.98677254,2.4474814,2.1391647,3.5646315,1.18033
2092-08-28 12:00:00,1.6557481,1.6030523,4.2024126,2.903136,3.3816183,2.0461402
2092-08-29 12:00:00,1.4767934,1.489083,3.1903183,2.8374338,3.0192468,2.5034435
2092-08-30 12:00:00,2.8217988,2.395038,3.6574173,2.9988086,2.1314056,2.7954981
2092-08-31 12:00:00,3.2123756,2.514116,3.7695215,3.0333157,2.2668426,2.4162138
2092-09-01 12:00:00,2.822865,2.5313642,4.5219016,4.6093044,3.3287823,3.495718
2092-09-02 12:00:00,2.2876124,2.3117182,3.6581223,4.080695,4.970429,2.3904746
2092-09-03 12:00:00,1.2384937,1.3165058,2.1124647,2.2953205,4.1377563,1.761751
2092-09-04 12:00:00,1.5447721,1.3126631,2.7002854,3.3903296,2.6831005,2.533725
2092-09-05 12:00:00,1.4010861,1.3356389,2.3617868,2.3594003,4.113312,1.5978115
2092-09-06 12:00:00,0.8045189,0.9391473,1.9017057,2.5690265,4.5493736,1.5303469
2092-09-07 12:00:00,1.727974,1.4238212,1.8598851,1.8933045,4.3155413,1.6411861
2092-09-08 12:00:00,1.6443627,1.4055258,2.6620066,1.8834432,2.5699856,2.0937626
2092-09-09 12:00:00,2.2611337,2.0604858,3.088405,3.5170496,2.3444843,2.2271447
2092-09-10 12:00:00,2.0081081,1.5321735,3.2724621,2.5489872,2.9109366,1.9396724
2092-09-11 12:00:00,1.1414294,1.1408547,2.2687297,2.0219939,2.3631516,1.2599653
2092-09-12 12:00:00,1.3802872,1.4264216,3.5968707,3.1061196,1.795691,3.1485944
2092-09-13 12:00:00,2.6065834,2.1276326,3.0838637,4.6022925,3.3984792,2.0319023
2092-09-14 12:00:00,1.1879447,1.4065619,2.5102432,2.5635836,3.8460178,1.8505017
2092-09-15 12:00:00,2.5198288,1.9933729,3.4323032,2.9574704,2.7347288,2.9245446
2092-09-16 12:00:00,2.3474305,2.038192,3.8004932,3.8270292,2.8123124,3.0943968
2092-09-17 12:00:00,2.924315,2.4934099,4.85396,5.198191,3.3483462,3.6196382
2092-09-18 12:00:00,3.591293,2.8692114,5.3240504,4.3941836,2.9228256,3.7987432
2092-09-19 12:00:00,3.3033369,2.7700496,4.8140335,5.457452,3.026629,3.3372073
2092-09-20 12:00:00,2.071124,1.9980128,4.05639,5.221654,4.755016,2.8937922
2092-09-21 12:00:00,4.592716,4.1978235,5.749581,9.497475,5.4853115,5.181669
2092-09-22 12:00:00,1.2775893,1.4686811,2.7009606,3.7614334,6.5385175,1.485703
2092-09-23 12:00:00,1.1597776,1.4039892,2.6662972,2.2266288,4.1653676,1.9212323
2092-09-24 12:00:00,1.6006329,1.4957002,2.9016814,3.5226924,3.6934452,1.6184849
2092-09-25 12:00:00,1.0561212,1.2016424,3.1972163,2.5520532,4.0014124,1.6930252
2092-09-26 12:00:00,1.0147533,1.3285518,3.3483064,2.9606948,4.1073165,1.7965338
2092-09-27 12:00:00,1.8014168,1.5674288,2.9834602,3.9939158,3.8836343,2.0764422
2092-09-28 12:00:00,2.0925589,2.1918461,3.0620153,5.6986504,5.816598,3.1432557
2092-09-29 12:00:00,2.7235048,2.9435794,4.057001,4.9583898,6.527374,3.4577441
2092-09-30 12:00:00,2.1819706,2.2373016,3.9117754,4.4050756,4.908316,3.0336857
2092-10-01 12:00:00,1.7741357,2.0082192,4.636383,3.7423108,5.724494,3.2189777
2092-10-02 12:00:00,1.9785916,1.972841,5.0101895,3.9408908,4.5829706,3.5182035
2092-10-03 12:00:00,1.9969959,1.9418676,3.4630961,2.7134204,3.6891134,1.9780618
2092-10-04 12:00:00,1.8315204,1.6347134,2.6031322,4.651018,3.796051,2.3474896
2092-10-05 12:00:00,0.9280416,1.1769229,3.0903714,4.535037,4.5068636,1.7882738
2092-10-06 12:00:00,1.5587536,1.6183374,3.0002913,5.9654055,4.325958,1.9846432
2092-10-07 12:00:00,2.605402,2.6213617,4.986854,5.5465426,4.293916,3.699929
2092-10-08 12:00:00,2.0628507,2.3357632,2.658423,3.2988324,3.0941918,1.5868591
2092-10-09 12:00:00,1.5966853,1.9340266,2.0374825,3.2938685,4.6653037,1.5779086
2092-10-10 12:00:00,1.1176516,1.3474474,2.407319,3.3939378,5.480186,1.8542289
2092-10-11 12:00:00,0.97593933,1.1750705,2.6989195,4.644553,3.8285997,2.1432323
2092-10-12 12:00:00,1.3492969,1.3120694,3.613693,4.9301133,3.4827123,3.3367243
2092-10-13 12:00:00,2.3220842,2.1049914,3.6620586,3.4695327,5.545214,2.5083876
2092-10-14 12:00:00,3.6170447,3.2582955,6.412338,4.035517,4.081005,4.1808267
2092-10-15 12:00:00,3.718403,3.5289073,5.2121954,5.1058164,4.7798986,4.0536237
2092-10-16 12:00:00,2.990712,2.7644067,4.8083677,4.480005,6.337521,3.1157804
2092-10-17 12:00:00,1.5618639,1.3637757,4.0564065,2.5413384,4.998033,1.9840424
2092-10-18 12:00:00,1.9558923,1.6877406,3.5074956,3.6490026,2.8096652,2.7924876
2092-10-19 12:00:00,2.3953168,1.7696526,3.797421,2.9268267,3.9427824,1.6011854
2092-10-20 12:00:00,3.335375,2.809124,4.6758046,2.6850915,3.8065238,2.9120302
2092-10-21 12:00:00,1.5768363,1.3181267,3.7673976,3.5971582,2.9263985,2.9444478
2092-10-22 12:00:00,2.4696145,1.7815127,2.3444664,3.0108874,3.0124135,1.7866558
2092-10-23 12:00:00,2.3155246,1.4989384,2.03228,2.3098886,3.7471664,1.3081753
2092-10-24 12:00:00,0.76531583,0.7796327,2.3780892,1.7851956,3.9575148,1.1632566
2092-10-25 12:00:00,1.4594339,1.3339734,2.1398127,1.8657954,3.6782746,1.4775891
2092-10-26 12:00:00,0.8563043,0.9190412,2.7896776,2.2453628,3.4271653,2.0212865
2092-10-27 12:00:00,0.80969745,0.8712157,2.521582,2.8300426,2.9572835,1.3435025
2092-10-28 12:00:00,0.96672535,0.94630253,1.6606991,3.6141567,2.909028,1.4197203
2092-10-29 12:00:00,1.1341066,0.98382145,2.125623,3.2199523,2.713886,1.9118766
2092-10-30 12:00:00,0.698951,0.89652306,2.1511872,2.7710826,2.734421,1.334244
2092-10-31 12:00:00,1.3146534,1.1277485,3.0524158,2.5442557,2.7062628,1.416826
2092-11-01 12:00:00,3.3488708,2.2768803,4.860705,2.831487,3.5802972,2.3538659
2092-11-02 12:00:00,2.2000375,1.5719398,3.2578268,5.286765,7.242357,1.9955902
2092-11-03 12:00:00,1.4458308,1.7156742,2.8044639,5.927508,7.3598423,2.6654634
2092-11-04 12:00:00,1.1743698,1.3954555,2.293603,5.628149,6.3803554,2.4986699
2092-11-05 12:00:00,1.4613855,1.685442,3.5176296,5.6483192,7.017838,2.7573915
2092-11-06 12:00:00,1.423882,1.5560874,3.1875148,5.351347,5.906789,2.3933454
2092-11-07 12:00:00,1.6610084,1.94008,3.4176116,5.0541005,4.7908573,2.2786405
2092-11-08 12:00:00,1.5068547,1.6135734,2.4286127,3.9368424,3.947216,2.1036813
2092-11-09 12:00:00,1.0166097,1.3447881,2.6795454,3.9597514,4.7494907,1.8207936
2092-11-10 12:00:00,0.8280857,0.98532575,2.3748078,5.2003226,5.2500706,2.9232373
2092-11-11 12:00:00,1.2851291,1.492024,3.00934,8.476171,5.3947177,3.3454616
2092-11-12 12:00:00,0.6399437,1.0425085,3.222583,6.4448233,5.6031294,3.4074318
2092-11-13 12:00:00,0.5610601,0.83840454,3.733164,4.3305154,7.6478343,3.3209713
2092-11-14 12:00:00,0.7612258,0.9802391,5.249657,3.7756927,6.6105943,3.7119007
2092-11-15 12:00:00,1.3209827,1.161798,5.9807067,3.2573552,6.041745,3.222381
2092-11-16 12:00:00,2.3275313,1.8161734,5.4538703,4.0452724,5.162482,2.7426367
2092-11-17 12:00:00,1.091752,1.1056708,4.324747,4.520214,5.9712815,2.9056644
2092-11-18 12:00:00,2.034811,1.6231714,4.3802633,3.5674338,6.7215242,2.6227214
2092-11-19 12:00:00,1.8513219,1.7287624,3.9364946,2.761693,5.9238505,2.5824854
2092-11-20 12:00:00,2.2789738,1.6935015,3.7249756,3.8703604,5.2206097,1.6846988
2092-11-21 12:00:00,3.0195994,2.441481,3.2153654,3.7518024,6.3568654,2.5080168
2092-11-22 12:00:00,3.3469405,2.2793508,4.1492496,2.681455,5.511729,2.1132529
2092-11-23 12:00:00,3.3608081,2.2808743,5.131525,3.233421,4.590132,2.416977
2092-11-24 12:00:00,4.5757833,3.5110843,6.231152,4.417596,4.682882,3.2945194
2092-11-25 12:00:00,3.1962068,2.494121,4.1752257,4.150736,3.8201196,2.1644535
2092-11-26 12:00:00,2.55224,2.0039668,3.5477116,3.245032,2.8993838,1.678764
2092-11-27 12:00:00,1.7649372,1.5194857,2.5842688,1.9425213,2.8718593,1.6591216
2092-11-28 12:00:00,0.91863453,0.986464,3.339567,2.0104015,4.258792,1.7553897
2092-11-29 12:00:00,0.62908506,0.7590294,3.566852,2.2917712,3.9895554,1.9401002
2092-11-30 12:00:00,1.2790787,1.0379943,4.4716873,2.7562754,4.4050403,1.7523227
2092-12-01 12:00:00,2.4174745,1.5995908,3.8572068,3.2332048,4.7379355,1.526952
2092-12-02 12:00:00,2.6710835,1.8627001,3.3993382,2.8684132,4.042835,1.7244673
2092-12-03 12:00:00,1.6477337,1.2479526,2.624384,3.4715931,4.3878345,2.0113893
2092-12-04 12:00:00,0.76829684,0.94759876,3.7304823,5.448972,5.1275883,3.858682
2092-12-05 12:00:00,3.363984,3.3204832,8.397377,7.13016,7.0961285,6.008937
2092-12-06 12:00:00,2.852478,2.3688943,4.4129257,5.602512,9.006604,3.653567
2092-12-07 12:00:00,2.1361506,1.681052,4.632905,4.0173573,7.381825,2.7777464
2092-12-08 12:00:00,1.097989,1.1451511,3.753001,3.8359385,5.512306,2.4545686
2092-12-09 12:00:00,1.0173655,1.2598009,2.4941432,3.319958,4.301227,1.3898629
2092-12-10 12:00:00,1.53027,1.3198398,2.8774564,2.5752184,2.4789357,1.9252485
2092-12-11 12:00:00,0.9698119,1.0938982,3.4870439,2.4883394,2.5824142,1.8294709
2092-12-12 12:00:00,1.131978,1.3133447,2.6220233,2.4800396,2.051829,1.696491
2092-12-13 12:00:00,0.84163874,1.079064,2.2002163,2.5015292,2.053856,2.0948327
2092-12-14 12:00:00,1.066834,1.1696064,2.5279012,2.5742416,3.1006277,1.9543552
2092-12-15 12:00:00,0.6897596,1.055428,2.1988506,2.7814867,3.7327118,2.1553302
2092-12-16 12:00:00,0.8148786,1.1715143,2.672215,3.1579375,3.4376016,2.3063695
2092-12-17 12:00:00,1.0859452,1.398278,2.3205478,2.8744748,3.6756754,2.1425822
2092-12-18 12:00:00,1.2518548,1.5551322,3.0999749,6.2539325,4.9979353,2.948886
2092-12-19 12:00:00,1.7450385,1.9061332,5.8623238,7.6172514,6.1063123,4.5245156
2092-12-20 12:00:00,3.9208102,4.140215,8.269244,9.24578,5.86207,6.264357
2092-12-21 12:00:00,2.6392817,2.9503038,4.346124,4.47229,4.8740606,2.961114
2092-12-22 12:00:00,1.1235104,1.3481914,3.0548835,4.228413,3.196956,2.4416547
2092-12-23 12:00:00,1.1903746,1.5452974,2.8837974,3.7760954,3.56291,1.8856485
2092-12-24 12:00:00,1.2128012,1.6321117,3.3334484,5.087151,4.3749695,2.6332734
2092-12-25 12:00:00,1.1141717,1.5513958,2.6094134,3.0378745,5.924104,1.6459224
2092-12-26 12:00:00,0.909584,1.2948844,1.9876102,4.8206887,5.6669016,1.6747293
2092-12-27 12:00:00,1.0858595,1.5165854,2.9211748,7.8586965,6.731609,2.7940767
2092-12-28 12:00:00,1.727737,1.9314438,3.5992522,7.435807,6.0292788,3.118877
2092-12-29 12:00:00,1.9293662,2.9186368,4.9215775,8.4490385,5.4035716,3.9949243
2092-12-30 12:00:00,1.7049336,2.1792176,3.2780156,6.771804,4.8241386,2.8496926
2092-12-31 12:00:00,2.2360146,2.348118,5.5736814,6.0547986,2.7727206,4.3640556
2093-01-01 12:00:00,1.4283506,1.6952404,3.4458716,3.9912763,2.6768918,2.5489237
2093-01-02 12:00:00,1.0750716,1.0435417,3.0571735,3.003836,2.7088037,2.1371357
2093-01-03 12:00:00,2.0107985,2.396953,5.097033,6.3818693,5.086073,3.547476
2093-01-04 12:00:00,1.4808798,1.6428063,3.6551185,5.7753024,3.9357522,3.4753962
2093-01-05 12:00:00,2.4414167,2.6857157,6.5180354,8.012235,6.1798925,5.3143735
2093-01-06 12:00:00,2.7253852,2.4165962,6.7730403,6.1950145,3.4464037,4.9261317
2093-01-07 12:00:00,2.041573,2.2933888,6.021604,4.0546575,3.3757775,4.1170073
2093-01-08 12:00:00,2.6643138,2.1434593,3.8902793,2.672578,3.3020835,2.590524
2093-01-09 12:00:00,1.9148711,1.8041985,3.4692175,3.1062558,3.1906586,2.809649
2093-01-10 12:00:00,1.5426767,1.5486417,6.85957,6.5010405,5.6065254,5.145839
2093-01-11 12:00:00,2.7188313,1.8778485,5.8789086,5.136068,5.974495,3.2415385
2093-01-12 12:00:00,1.1424581,1.1601497,4.5081244,6.0445046,6.766253,3.9950113
2093-01-13 12:00:00,4.8447237,3.6344981,8.322112,7.954937,9.304904,5.8484726
2093-01-14 12:00:00,3.5282063,2.8599966,8.163691,8.503647,6.7132235,5.8807764
2093-01-15 12:00:00,3.225412,2.7624774,7.2009945,8.496176,5.4830976,5.394788
2093-01-16 12:00:00,1.4943726,1.6299441,6.6230516,6.1518674,5.4688106,3.8059578
2093-01-17 12:00:00,1.9742126,2.2368612,5.8874035,5.2891016,4.5016575,4.0747604
2093-01-18 12:00:00,1.2959759,1.3508654,3.885802,3.7517593,3.7815049,3.101292
2093-01-19 12:00:00,0.872728,1.0711589,5.311631,4.5960946,5.294874,3.1918468
2093-01-20 12:00:00,0.95320153,1.3738846,2.663485,4.9997473,5.508578,1.7733775
2093-01-21 12:00:00,1.0342128,1.3863868,2.8001,7.03117,6.529611,2.884384
2093-01-22 12:00:00,1.2176688,1.5638747,3.3063738,7.8201704,9.2412615,3.5639749
2093-01-23 12:00:00,1.7578355,1.8287373,4.2880445,8.015562,8.556901,3.75441
2093-01-24 12:00:00,2.4254668,2.282661,5.0519457,7.3749,6.0050254,4.302476
2093-01-25 12:00:00,2.9142814,2.5287237,4.6245975,7.076129,5.8558493,4.4541802
2093-01-26 12:00:00,2.7945092,2.4553614,4.2988033,7.1083703,8.48382,4.1350794
2093-01-27 12:00:00,2.2197669,2.1511786,3.8729575,8.023376,8.048408,3.9703174
2093-01-28 12:00:00,2.3700373,2.2962506,4.4996223,6.6300673,5.809006,3.3496482
2093-01-29 12:00:00,0.83166224,1.1665965,3.0718358,5.79455,6.2606597,2.7758915
2093-01-30 12:00:00,1.6142771,1.7964402,3.3142462,7.6973743,9.317255,3.6661608
2093-01-31 12:00:00,2.6722968,3.299415,3.7155063,10.474744,6.105161,3.7896552
2093-02-01 12:00:00,1.1031333,1.7516941,3.0310662,7.1108456,8.209625,2.5312445
2093-02-02 12:00:00,1.1125678,1.2995267,2.53438,3.6495645,6.2024207,1.8179033
2093-02-03 12:00:00,1.0289403,1.0795786,2.5753012,5.592566,8.857005,1.9615507
2093-02-04 12:00:00,2.0288372,1.9370474,3.075331,7.5765276,10.504301,3.2970111
2093-02-05 12:00:00,1.3730346,1.791901,3.5763009,6.240823,11.584702,2.2594442
2093-02-06 12:00:00,1.1172915,1.5453389,1.5726964,3.9453726,8.420227,1.5266255
2093-02-07 12:00:00,1.267842,1.0891134,2.664224,3.3419104,4.692238,2.3598294
2093-02-08 12:00:00,1.0875055,1.3239884,3.5555685,7.2206855,7.250048,4.181377
2093-02-09 12:00:00,4.717804,3.6137862,6.54651,9.047637,6.725373,5.4225025
2093-02-10 12:00:00,3.9404707,3.3545313,5.6694164,8.6911125,9.370596,4.205138
2093-02-11 12:00:00,2.4603596,3.1823847,5.1902695,8.20326,7.1023498,4.1043634
2093-02-12 12:00:00,2.2457404,2.2869906,5.0429583,6.217856,4.0470204,2.992382
2093-02-13 12:00:00,1.4485608,1.557034,5.34742,4.1545434,3.963322,3.2535827
2093-02-14 12:00:00,1.7146579,1.9530276,4.230862,4.45599,4.495543,2.4185405
2093-02-15 12:00:00,3.908614,3.2119062,4.8641753,3.8576033,3.3279574,3.315022
2093-02-16 12:00:00,2.9791465,1.9541435,3.6053164,3.1241598,3.7296014,2.6761923
2093-02-17 12:00:00,2.596127,2.3933766,6.513238,6.052149,3.9323857,6.1540523
2093-02-18 12:00:00,2.9913077,2.4213693,4.612995,4.1538982,5.0710697,3.255089
2093-02-19 12:00:00,5.123617,3.5591607,5.6963916,2.9596186,3.8844097,2.9702647
2093-02-20 12:00:00,3.8151262,2.5465388,5.6403136,3.258026,5.2357426,2.6043267
2093-02-21 12:00:00,2.4882436,1.6922996,4.3876314,2.5322368,3.6220293,1.8287338
2093-02-22 12:00:00,3.0495124,2.0133178,3.75508,3.8416615,3.1950083,1.7206985
2093-02-23 12:00:00,3.0324597,2.1241457,4.1669006,4.1181364,3.1061852,2.9987788
2093-02-24 12:00:00,1.7548658,1.2263256,3.692692,2.0603733,2.7195168,1.695127
2093-02-25 12:00:00,1.2005718,1.0492585,4.0180674,2.3692925,2.8234987,1.6212347
2093-02-26 12:00:00,2.9909418,2.326559,5.931448,4.1180654,2.9463706,2.8210118
2093-02-27 12:00:00,4.154852,3.137597,7.17362,4.8398376,3.732128,3.4463923
2093-02-28 12:00:00,3.6364543,2.6303325,5.3386517,4.057497,4.420397,2.517024
2093-03-01 12:00:00,3.0395684,1.952873,3.4696827,2.4995306,3.7571352,1.6810716
2093-03-02 12:00:00,1.8758138,1.3413246,2.722458,2.1197727,4.217891,1.8445251
2093-03-03 12:00:00,1.4298197,1.3059714,2.0208938,2.3502278,4.8309402,1.635706
2093-03-04 12:00:00,1.9736223,1.5504488,2.857779,1.8700963,5.7960553,1.4120884
2093-03-05 12:00:00,2.6352277,1.8599529,3.4090285,2.4354813,6.588548,1.934306
2093-03-06 12:00:00,3.1389403,2.1852932,2.649865,3.0557697,4.2840805,1.4353105
2093-03-07 12:00:00,1.5821741,1.2895583,1.8290505,3.5034206,3.8425229,1.8787787
2093-03-08 12:00:00,1.8009288,1.7210842,4.049539,4.1166043,5.557867,3.7133312
2093-03-09 12:00:00,2.6606045,2.5340106,4.642749,4.5266895,4.56832,3.5517354
2093-03-10 12:00:00,2.1896353,1.7824982,3.0689194,3.2040718,3.6694746,2.1462746
2093-03-11 12:00:00,0.7046392,0.8935389,2.5159018,2.6924586,2.44186,2.415542
2093-03-12 12:00:00,2.0146732,1.5527623,4.2912636,2.8090005,3.4526765,2.1169512
2093-03-13 12:00:00,3.1946907,2.9280577,4.3512683,4.9947457,3.9022655,2.5568025
2093-03-14 12:00:00,3.7396421,2.9587066,3.4629567,4.5442905,2.9704719,1.6972222
2093-03-15 12:00:00,1.6463454,1.4619987,3.6836774,3.074203,2.970206,2.2416837
2093-03-16 12:00:00,2.4128652,2.3305533,4.4804487,4.590188,4.181417,2.8085597
2093-03-17 12:00:00,2.0797255,2.10073,3.2551906,4.5449014,3.3764112,2.1285098
2093-03-18 12:00:00,2.8963685,2.3500497,5.4914303,4.311859,3.872676,4.086834
2093-03-19 12:00:00,2.5649962,2.204575,4.849956,4.933962,4.1296325,3.0992503
2093-03-20 12:00:00,1.9146671,1.453633,4.3501954,3.5505102,3.7499232,2.044977
2093-03-21 12:00:00,3.3946137,2.7481756,4.0633235,4.419301,4.383941,3.3393667
2093-03-22 12:00:00,3.1156535,2.9411287,3.416378,4.426328,4.816483,2.6856937
2093-03-23 12:00:00,2.0778584,2.1183796,2.7820508,3.41941,3.4214199,2.0646982
2093-03-24 12:00:00,1.9999962,1.8802618,2.8842733,2.9425502,4.9712253,1.7047396
2093-03-25 12:00:00,1.4804634,1.5335009,2.3617535,5.718324,5.879208,2.2933903
2093-03-26 12:00:00,2.2677593,2.367365,3.471177,7.733231,7.3651323,3.5541577
2093-03-27 12:00:00,1.8727217,2.2235956,2.9027302,6.8359265,7.2969737,2.4276233
2093-03-28 12:00:00,2.0123687,1.7658565,2.6035883,3.5643952,5.627082,1.6543705
2093-03-29 12:00:00,1.2322214,1.1406921,2.2034972,1.9576178,4.444525,1.4123964
2093-03-30 12:00:00,0.8003071,1.1024716,1.9253472,3.5849452,6.805481,1.3569685
2093-03-31 12:00:00,1.3302741,1.1794481,1.531748,4.5187745,8.637182,2.0756605
2093-04-01 12:00:00,1.3073704,1.2750691,3.0343945,3.4290888,7.859154,2.91825
2093-04-02 12:00:00,2.2083838,2.1517644,3.5048816,3.786363,6.5938067,3.469349
2093-04-03 12:00:00,2.1679938,2.336689,3.047527,3.3466547,4.5971317,2.2148616
2093-04-04 12:00:00,2.6873596,2.2659872,3.8796933,3.597598,4.725328,2.9223704
2093-04-05 12:00:00,1.0121713,1.3242539,2.1670318,3.434237,5.050129,1.4887797
2093-04-06 12:00:00,1.2373011,1.1120867,2.2387414,2.5221114,3.2494025,1.394357
2093-04-07 12:00:00,1.5210114,1.7170637,5.498758,2.6920178,4.8248916,3.3314123
2093-04-08 12:00:00,2.4631813,2.419963,4.600378,3.5614512,4.2581487,2.601443
2093-04-09 12:00:00,3.4128761,2.7470098,4.493283,4.1339817,3.4491692,3.3970122
2093-04-10 12:00:00,2.640793,2.280252,3.467441,4.60839,4.5963674,3.44297
2093-04-11 12:00:00,1.7135341,1.335541,2.8696938,3.3638604,4.9177356,1.8716508
2093-04-12 12:00:00,1.8080194,1.6931231,4.031292,3.6136968,3.9471085,3.4439905
2093-04-13 12:00:00,2.708669,2.0853236,4.491988,3.0530412,3.6954236,3.3658633
2093-04-14 12:00:00,2.1524177,2.2215679,4.9187703,3.2693489,3.7585206,3.0266104
2093-04-15 12:00:00,2.7303858,2.5094206,3.120199,2.5287921,4.603823,1.8104813
2093-04-16 12:00:00,2.3650608,2.0914886,3.0686297,6.229211,7.296113,3.1754818
2093-04-17 12:00:00,2.786051,2.4692254,4.4287343,5.69314,3.9465158,2.9149728
2093-04-18 12:00:00,1.8026623,1.5878786,2.9454532,3.3751175,3.2453582,2.1746309
2093-04-19 12:00:00,2.7314289,2.1949549,5.005048,3.4613516,3.587633,3.2058196
2093-04-20 12:00:00,4.1667686,3.7876241,5.8534408,4.5592604,3.183672,3.9593112
2093-04-21 12:00:00,3.3200665,3.1846085,4.028659,4.182121,5.47781,3.0199347
2093-04-22 12:00:00,2.7165892,2.299726,3.0529735,2.4502435,4.260886,1.9561673
2093-04-23 12:00:00,2.024372,1.6787772,3.5456512,5.132265,7.6951475,2.5366457
2093-04-24 12:00:00,3.0548673,1.96692,3.826709,5.059904,7.5081134,2.8901896
2093-04-25 12:00:00,1.0752136,1.1907898,2.0376246,2.6685767,6.661454,1.5935124
2093-04-26 12:00:00,1.9232059,1.7781652,1.8605312,4.2507625,6.7934823,1.7141845
2093-04-27 12:00:00,2.324263,1.9073253,2.583968,2.9524987,3.7652342,1.6352805
2093-04-28 12:00:00,1.7682393,1.6220556,4.060848,3.0160556,3.882507,2.933869
2093-04-29 12:00:00,1.855958,1.5117037,3.194135,2.450222,3.0897064,2.420634
2093-04-30 12:00:00,0.7716053,0.99087787,2.1160622,2.5528595,4.6396008,1.6280389
2093-05-01 12:00:00,1.2557614,1.4763036,2.2209046,3.9358308,4.4573593,2.6242049
2093-05-02 12:00:00,3.8727202,3.201729,3.0357327,4.585173,4.6722345,2.3890378
2093-05-03 12:00:00,3.334075,2.8522067,2.799686,3.7387362,4.1593738,1.8089248
2093-05-04 12:00:00,1.8249896,1.7554308,2.766563,2.705617,4.137118,1.7923865
2093-05-05 12:00:00,1.8084633,1.6232059,2.4183528,2.6777308,3.70478,1.7600832
2093-05-06 12:00:00,2.1509128,1.9287242,2.0530336,3.27984,3.6053088,1.8644588
2093-05-07 12:00:00,2.3055568,2.054674,2.2151031,4.120956,5.13636,2.5869372
2093-05-08 12:00:00,2.4217565,2.1281552,4.006254,4.048705,5.5715847,3.603407
2093-05-09 12:00:00,2.4353354,2.1610103,4.4046235,4.1192737,4.9025598,3.369101
2093-05-10 12:00:00,1.1406657,1.3125336,3.1739895,2.4555793,3.9383867,1.8990802
2093-05-11 12:00:00,2.2161975,1.6377963,2.3990586,2.082515,2.018775,1.4590968
2093-05-12 12:00:00,1.1126331,1.0808163,2.3968086,1.7989101,2.6324944,1.315238
2093-05-13 12:00:00,2.1814673,1.6442012,2.312852,2.2964673,2.3652284,1.8024201
2093-05-14 12:00:00,2.0822968,1.8865614,4.3100443,3.2091684,3.1264372,2.2092586
2093-05-15 12:00:00,2.6966047,2.517911,4.9466424,4.4251146,4.4030685,4.1141367
2093-05-16 12:00:00,1.3976576,1.6891943,2.4181445,5.0211916,5.8802605,2.883668
2093-05-17 12:00:00,2.3326366,1.750909,2.9909327,4.247899,5.0526123,1.5941418
2093-05-18 12:00:00,3.0710793,2.2203693,4.202999,2.3551095,4.527877,2.2311313
2093-05-19 12:00:00,1.8961749,1.8326539,2.8390644,2.606242,6.247107,2.2349195
2093-05-20 12:00:00,2.125257,1.9690552,2.257372,2.509584,4.546261,1.6009744
2093-05-21 12:00:00,2.036282,1.8790956,3.3573475,2.718426,3.865991,2.2009094
2093-05-22 12:00:00,2.8033178,2.6144283,3.8680859,4.3818984,4.3752627,2.513
2093-05-23 12:00:00,3.4265628,2.9689174,3.2399926,3.5168738,5.133652,2.2374854
2093-05-24 12:00:00,4.116541,3.1086395,3.4173164,3.5685894,3.0139053,1.9353849
2093-05-25 12:00:00,3.4670792,2.7275286,4.41359,4.662124,4.003857,3.5578172
2093-05-26 12:00:00,1.9360144,1.9757454,3.6256168,4.392233,4.9359736,2.3479545
2093-05-27 12:00:00,3.0592651,2.5886846,4.4186025,3.8462112,4.0419273,3.4210293
2093-05-28 12:00:00,2.5492735,2.359744,4.6212354,3.3746178,2.1585815,4.0404916
2093-05-29 12:00:00,2.2780175,2.4585989,3.2721736,3.1895723,2.9751189,2.8328836
2093-05-30 12:00:00,1.8664243,1.5835866,3.1205096,2.7408717,4.4567485,2.5400543
2093-05-31 12:00:00,1.9209902,1.8184243,3.082542,2.315538,2.8488412,2.012646
2093-06-01 12:00:00,2.1720817,1.6739051,2.9658651,2.1103163,2.2374027,2.1639102
2093-06-02 12:00:00,1.3816588,1.2298473,2.6011758,2.2195616,1.9890002,1.9410602
2093-06-03 12:00:00,1.4449098,1.4144925,2.762627,2.398233,1.8934433,2.0104954
2093-06-04 12:00:00,2.465454,2.0894358,3.3387966,2.9497283,3.1182532,2.353088
2093-06-05 12:00:00,1.9274133,1.9132035,3.9033968,4.5307817,5.6516814,3.023599
2093-06-06 12:00:00,3.6975307,3.4944518,5.667124,6.5490155,5.52252,4.0152555
2093-06-07 12:00:00,2.8083625,2.7902863,4.5775504,4.605654,6.818222,3.3359745
2093-06-08 12:00:00,2.2088208,2.3027215,5.1844482,5.2089143,7.4164553,3.8640327
2093-06-09 12:00:00,2.4631176,1.9252716,4.2997236,2.5974078,5.301464,2.6856616
2093-06-10 12:00:00,2.587983,2.0320718,4.419917,2.2645345,3.8002326,2.3459277
2093-06-11 12:00:00,2.7894537,2.215601,3.2695236,2.3354592,3.9894638,2.1172614
2093-06-12 12:00:00,2.4518235,2.0202858,3.188945,3.4685185,3.8927066,1.973364
2093-06-13 12:00:00,2.3058496,1.9271123,3.4468584,3.936523,5.8304462,2.1529691
2093-06-14 12:00:00,1.8783512,1.556745,4.164779,2.678222,3.5200517,2.7885494
2093-06-15 12:00:00,1.0490459,1.22894,3.5011585,2.1610157,2.246871,1.9052958
2093-06-16 12:00:00,1.7177963,1.6057037,3.7110474,2.288638,2.910655,1.7383195
2093-06-17 12:00:00,1.9875795,1.727284,4.134428,2.3649933,3.0867066,1.7380537
2093-06-18 12:00:00,2.623825,2.2597096,4.967245,2.493849,2.5582213,2.1784797
2093-06-19 12:00:00,2.656191,2.1772208,4.4870286,2.5039918,2.8644657,2.5228384
2093-06-20 12:00:00,2.045112,1.9090518,4.2293987,1.9794703,3.6067617,2.0040083
2093-06-21 12:00:00,1.7376599,1.6759664,4.459213,2.3754306,2.6943848,2.452374
2093-06-22 12:00:00,1.6600292,1.6247587,3.6315987,2.1857355,2.4415457,1.6177118
2093-06-23 12:00:00,1.4970939,1.5735431,3.512002,2.3222198,2.1587524,1.6517259
2093-06-24 12:00:00,2.0717366,1.8506383,2.8316138,3.9353414,3.055382,2.4882057
2093-06-25 12:00:00,1.5506418,1.4273021,2.661553,2.7369566,3.149372,1.4497751
2093-06-26 12:00:00,2.1160543,1.8503563,3.5742218,3.0864332,3.7242384,1.7670211
2093-06-27 12:00:00,2.7540312,2.1583867,3.4704885,3.3414943,3.7921631,2.5291953
2093-06-28 12:00:00,2.0964477,1.7525816,2.6902308,2.1333568,3.4892242,1.7358644
2093-06-29 12:00:00,2.204373,2.1297367,4.3949084,3.7732,3.0474374,3.1188717
2093-06-30 12:00:00,3.1527882,2.5012019,4.3426037,4.837518,4.2888074,3.6218157
2093-07-01 12:00:00,2.726421,2.1011486,3.9407754,3.186086,3.528665,3.1607819
2093-07-02 12:00:00,2.5287564,2.1329076,3.044969,2.8614783,3.0242124,2.301782
2093-07-03 12:00:00,1.9641161,1.5733348,2.7113614,1.9198155,3.4522672,2.0197022
2093-07-04 12:00:00,1.7516637,1.7382487,2.7352753,2.9949975,2.011404,1.6094888
2093-07-05 12:00:00,2.524206,2.436035,3.7290516,4.1638546,3.2469473,3.1100893
2093-07-06 12:00:00,2.4924724,2.3248584,2.8555708,3.7441123,4.8289714,2.5238318
2093-07-07 12:00:00,1.3460104,1.3842075,2.0015774,2.3660667,3.365505,1.5624043
2093-07-08 12:00:00,1.1361408,1.1013023,2.2223208,2.270285,2.466018,1.7644811
2093-07-09 12:00:00,1.2329094,1.266203,2.175275,1.8954475,1.9831856,1.7895695
2093-07-10 12:00:00,1.2514967,1.2408342,2.593479,2.8557634,2.7150116,1.9332453
2093-07-11 12:00:00,1.1502988,1.3033167,2.3105865,2.5886087,3.2890103,1.7900287
2093-07-12 12:00:00,1.8277979,1.3425564,2.633899,1.9194323,2.3057115,1.5736932
2093-07-13 12:00:00,1.7607398,1.4708441,2.4795969,2.7088132,2.5887256,1.7305406
2093-07-14 12:00:00,3.0327272,2.301422,3.7357602,2.4291725,2.7906508,2.1515844
2093-07-15 12:00:00,3.547077,3.0030735,5.282247,4.8433027,3.796864,3.4065268
2093-07-16 12:00:00,3.8483934,3.2673314,4.944941,5.4919724,4.524104,3.2944171
2093-07-17 12:00:00,3.6691687,3.29113,4.630572,5.8412447,3.7448425,3.359841
2093-07-18 12:00:00,1.7337185,1.874099,3.2475526,4.333613,5.276559,2.4315512
2093-07-19 12:00:00,3.2050939,2.3688304,3.2425523,4.3313584,4.5598454,2.1245124
2093-07-20 12:00:00,2.1102314,2.0344217,5.4813814,3.6073854,4.476404,2.5961773
2093-07-21 12:00:00,1.9251413,1.5755421,3.5169487,2.0070336,4.7910185,1.6698562
2093-07-22 12:00:00,2.2391224,1.8684489,4.1560397,2.1007113,4.099911,1.6868453
2093-07-23 12:00:00,1.9849532,1.635104,3.4678044,2.0054867,3.0071719,1.6136472
2093-07-24 12:00:00,2.3227565,2.0249298,3.6013374,2.1614382,2.3634386,1.4643208
2093-07-25 12:00:00,1.3909583,1.507198,2.3984394,4.1117325,4.591353,1.6419846
2093-07-26 12:00:00,1.399951,1.9453547,2.488384,5.1231837,3.8987734,1.3891622
2093-07-27 12:00:00,1.7119455,1.4233134,1.8765953,4.177119,3.1293747,1.170546
2093-07-28 12:00:00,1.3186532,1.3341179,2.7114837,4.3168945,3.426183,1.1536775
2093-07-29 12:00:00,2.1590989,1.8067855,3.0574553,3.537626,4.0059757,1.6522541
2093-07-30 12:00:00,1.2659726,1.2244974,2.074988,3.5574045,3.6335976,1.1345037
2093-07-31 12:00:00,1.368269,1.1518788,2.406297,1.9417732,2.8698683,1.3204104
2093-08-01 12:00:00,3.2467566,2.3801408,3.8248425,2.621418,2.5173001,2.53365
2093-08-02 12:00:00,2.859475,2.1906707,3.7870703,3.7840197,2.5412312,3.0112817
2093-08-03 12:00:00,1.6914713,1.5505209,2.877779,4.6847677,2.195205,2.3373334
2093-08-04 12:00:00,1.5790229,1.6154054,4.136881,3.4357631,2.9808872,3.524525
2093-08-05 12:00:00,2.3335502,1.7422777,3.9158883,3.271391,3.1955721,2.161396
2093-08-06 12:00:00,2.8939464,2.8172336,4.087863,2.4596984,3.8302836,2.0909321
2093-08-07 12:00:00,2.1910312,2.3292058,3.7336245,3.976296,4.4533215,1.9047073
2093-08-08 12:00:00,2.485476,1.915157,2.4289284,3.044037,4.1810737,1.4743696
2093-08-09 12:00:00,1.8283595,1.5187956,2.0842412,1.8407458,3.4185603,1.1604552
2093-08-10 12:00:00,1.5345091,1.5031047,2.2516873,2.2859745,2.6877487,1.468885
2093-08-11 12:00:00,1.3704487,1.4467125,2.5008492,2.473661,2.1871426,1.5940684
2093-08-12 12:00:00,2.415392,2.0525203,4.345391,2.8490145,2.6321073,2.8860116
2093-08-13 12:00:00,2.44316,2.2429895,4.426993,4.436329,2.7225513,3.1200795
2093-08-14 12:00:00,2.5298166,2.156417,4.4224105,3.723613,2.7036154,2.6096919
2093-08-15 12:00:00,1.8955281,1.5606573,2.3310544,2.5252333,4.340246,1.4445071
2093-08-16 12:00:00,3.1640906,3.038168,3.0557804,4.727557,4.2262,2.8468208
2093-08-17 12:00:00,2.091291,1.8502222,2.7059913,4.7013583,3.3724034,2.7439897
2093-08-18 12:00:00,3.1581578,2.4188511,3.6281276,3.3814893,2.4662116,1.8933442
2093-08-19 12:00:00,2.279709,2.1703753,3.6240766,3.7345548,2.5894828,2.9895527
2093-08-20 12:00:00,1.7458768,1.5673863,1.9223688,2.7952297,3.1888888,1.8012938
2093-08-21 12:00:00,3.2770777,2.839836,3.3000965,3.2218056,3.4089043,2.1767142
2093-08-22 12:00:00,2.756764,2.1739514,3.7108502,3.063842,5.1517105,2.5250037
2093-08-23 12:00:00,2.4891884,2.2142713,3.9848871,3.15826,3.561084,2.3245435
2093-08-24 12:00:00,1.6661696,1.5247791,2.6208131,2.6801784,4.366525,1.6697816
2093-08-25 12:00:00,1.2479525,1.0789922,2.5874708,1.3187338,3.3668346,1.4673523
2093-08-26 12:00:00,0.9064015,0.8720948,1.7141505,1.7729797,2.421843,1.1368092
2093-08-27 12:00:00,2.3920703,1.8090602,3.8451815,3.2763114,3.2864609,1.7298905
2093-08-28 12:00:00,4.0973396,3.0087483,4.6709957,3.4905598,3.1928916,2.192737
2093-08-29 12:00:00,3.4616182,2.5700872,4.119822,2.9175503,4.9420376,2.170724
2093-08-30 12:00:00,2.6041014,2.0033853,3.1502306,3.0824168,3.4539397,1.8246108
2093-08-31 12:00:00,2.1137037,1.8592942,2.712102,3.2739387,2.9747682,1.4021326
2093-09-01 12:00:00,1.9863842,1.5850229,2.390887,2.9812539,2.949652,1.3880574
2093-09-02 12:00:00,0.9869919,1.0408337,1.8907869,2.0760322,2.191661,1.1890764
2093-09-03 12:00:00,1.8260493,1.4301068,1.7801715,1.872527,2.658149,1.3247771
2093-09-04 12:00:00,1.5824106,1.2287295,1.754503,1.8134674,2.5581734,1.2197069
2093-09-05 12:00:00,1.3263249,1.3646072,2.8061388,1.9553856,3.4271178,1.7270207
2093-09-06 12:00:00,1.5406024,1.599072,3.9029458,2.0574965,3.9252028,2.1107476
2093-09-07 12:00:00,2.1603632,2.1337166,5.255123,3.240118,3.1413379,3.2219186
2093-09-08 12:00:00,1.97378,2.0202823,5.3330884,4.109867,2.415793,4.0321193
2093-09-09 12:00:00,1.6040468,1.9686995,5.4359083,4.4163527,2.4346578,4.166968
2093-09-10 12:00:00,2.4942818,2.559473,3.5209088,3.0651164,2.6257613,2.377004
2093-09-11 12:00:00,1.6695102,1.5987724,1.8222178,2.24934,3.7850387,2.104209
2093-09-12 12:00:00,1.0059642,1.0275927,1.8677298,2.0553987,2.959448,1.1196338
2093-09-13 12:00:00,2.0129693,1.7347122,2.9422324,2.9211268,3.8367438,2.468271
2093-09-14 12:00:00,1.8100746,1.4765236,2.4656322,2.5024216,4.9190116,1.8256474
2093-09-15 12:00:00,0.97302157,1.467838,2.3788261,1.7802191,3.4896274,1.3228662
2093-09-16 12:00:00,1.2202439,1.5132473,2.1215806,2.0760927,2.4077344,1.2807935
2093-09-17 12:00:00,0.7723445,0.97365665,1.5092257,3.2687378,2.9904034,0.91766834
2093-09-18 12:00:00,1.474932,1.2833121,1.9412035,2.4878628,2.5516083,1.2762921
2093-09-19 12:00:00,1.7996374,1.5140456,2.796752,3.2370298,2.608947,2.201595
2093-09-20 12:00:00,2.1293755,1.8540965,2.1136153,3.1945684,3.2832518,1.5242336
2093-09-21 12:00:00,1.3702127,1.4211946,2.351723,2.859914,3.2133691,2.696692
2093-09-22 12:00:00,0.93336445,1.2700144,3.136745,2.979818,2.2599828,2.1985936
2093-09-23 12:00:00,1.2483802,1.1932181,2.9590514,4.148659,2.81104,2.562425
2093-09-24 12:00:00,2.6536229,2.6104167,5.5678015,5.828147,5.539836,4.2984805
2093-09-25 12:00:00,2.3332067,1.9018304,5.8311014,3.9151514,4.721837,3.2117262
2093-09-26 12:00:00,1.4753616,1.2831146,4.9793587,2.6752868,4.3090935,2.6022701
2093-09-27 12:00:00,1.8462801,1.5529661,4.1302476,1.7648181,2.6556141,2.0254056
2093-09-28 12:00:00,1.4268291,1.3523912,1.9487282,1.6833816,2.3948328,1.1195861
2093-09-29 12:00:00,2.089616,1.5318192,4.1893005,2.0411217,2.8544457,1.6644831
2093-09-30 12:00:00,2.3055606,1.5961149,4.4560356,2.5681713,3.065884,1.8327941
2093-10-01 12:00:00,0.9753521,1.0608827,3.5393348,3.1373353,2.6079419,3.1199718
2093-10-02 12:00:00,2.3523388,1.9576789,3.827909,2.3454518,2.273423,2.6546333
2093-10-03 12:00:00,1.8389981,1.4114605,2.5102072,1.710378,2.683111,1.2266574
2093-10-04 12:00:00,1.0704622,1.0644847,2.3865426,4.476918,3.6209443,2.540116
2093-10-05 12:00:00,3.0151424,2.7099369,4.2682047,4.431103,5.7753716,2.893215
2093-10-06 12:00:00,1.3805445,1.7849901,3.0372343,2.7064052,5.4990172,1.4386637
2093-10-07 12:00:00,1.3785174,1.6086361,3.073066,3.0190063,4.6758556,2.207862
2093-10-08 12:00:00,1.6099153,1.7551652,3.79556,4.234424,5.26939,2.9203703
2093-10-09 12:00:00,2.3345184,1.9911902,3.58996,3.725506,5.235634,2.676096
2093-10-10 12:00:00,1.3995773,1.2841454,1.9788864,3.555291,5.630247,1.7439619
2093-10-11 12:00:00,2.248198,1.8499002,2.495591,2.2713614,3.9745648,1.4422036
2093-10-12 12:00:00,2.6262407,2.1984596,4.738489,3.2688367,2.5763173,3.4155962
2093-10-13 12:00:00,2.714619,2.3683217,4.4896383,4.841301,3.0815294,3.7452357
2093-10-14 12:00:00,3.0981097,2.6105082,5.347394,4.167402,2.841699,3.7861142
2093-10-15 12:00:00,3.4479527,3.205065,5.2129207,3.3262532,4.738653,3.5147238
2093-10-16 12:00:00,2.6768482,2.3594093,3.7956665,4.0326786,4.8666654,2.9559197
2093-10-17 12:00:00,2.1050375,1.7639979,4.1619086,4.3631864,5.985254,2.796481
2093-10-18 12:00:00,2.076121,1.8902845,3.5848992,2.4541535,2.9485085,2.0229938
2093-10-19 12:00:00,1.4879977,1.4435387,3.5986931,4.5004816,3.7882664,2.7366576
2093-10-20 12:00:00,2.10212,2.0978882,5.9441743,5.9352603,4.2915034,5.0985527
2093-10-21 12:00:00,4.1112366,3.5822618,6.4576907,5.851921,6.583755,3.8355827
2093-10-22 12:00:00,3.9010248,2.8329232,4.3728423,3.2245598,5.8210473,1.8122653
2093-10-23 12:00:00,3.1248875,2.3520217,3.6594732,4.0347304,4.7049713,1.6300555
2093-10-24 12:00:00,1.2151301,1.4570011,2.3253212,6.8228593,4.7303843,2.9722576
2093-10-25 12:00:00,1.8779434,1.7866857,4.115548,7.0801315,3.4904406,3.276034
2093-10-26 12:00:00,3.305575,2.5926178,4.4758377,4.5274024,2.7342174,2.5726895
2093-10-27 12:00:00,2.8012257,2.3851151,3.472524,2.9306672,3.0328405,2.2722204
2093-10-28 12:00:00,1.1506846,1.1132374,2.6955237,2.7568176,3.5525262,1.3782685
2093-10-29 12:00:00,0.93989587,1.1739892,2.0695956,2.4287417,2.675933,1.4546714
2093-10-30 12:00:00,2.0576947,2.12765,4.3857656,5.6759906,4.1913996,4.145354
2093-10-31 12:00:00,3.6616962,2.9546585,5.3777075,5.225384,4.9785695,3.4470842
2093-11-01 12:00:00,1.9573624,1.7723274,4.6410894,6.058325,4.6922936,3.4860203
2093-11-02 12:00:00,1.457897,1.4726614,4.402299,4.556321,4.2506785,3.3658912
2093-11-03 12:00:00,2.2043781,1.9778891,4.4620004,4.1378174,4.3416443,3.7052846
2093-11-04 12:00:00,1.7506151,1.8523374,4.2198772,5.890398,4.490018,3.4700809
2093-11-05 12:00:00,2.6933308,2.8878577,5.96414,6.386998,6.242661,4.5206647
2093-11-06 12:00:00,2.0571556,2.1370149,4.74758,5.046028,5.35375,3.38595
2093-11-07 12:00:00,1.175679,1.2896504,3.6071467,4.9196696,5.041673,2.6159747
2093-11-08 12:00:00,1.9896486,1.6554946,4.3875556,4.66477,3.3501155,2.8700168
2093-11-09 12:00:00,1.1888326,1.0643525,2.0381398,3.4079971,4.224629,1.9212556
2093-11-10 12:00:00,2.1011236,2.0247054,3.3914218,5.0342946,4.625773,3.1242933
2093-11-11 12:00:00,2.845483,2.491333,4.9686117,4.8261185,5.0944223,3.5745707
2093-11-12 12:00:00,2.2506082,2.4106905,3.484196,4.7263947,6.148677,2.9155405
2093-11-13 12:00:00,2.4191504,2.2986095,2.3825014,3.6766615,6.103718,2.0227263
2093-11-14 12:00:00,2.8168411,2.055415,2.2752745,3.6493587,5.914102,1.7819666
2093-11-15 12:00:00,1.8226578,1.7435371,1.8044122,3.3880086,4.3101654,1.7470198
2093-11-16 12:00:00,2.3951797,1.9249356,3.3617997,4.4847198,6.239123,2.4067187
2093-11-17 12:00:00,2.9939356,2.5708506,3.7387903,4.0826373,5.558755,2.6601908
2093-11-18 12:00:00,2.7839046,2.4649048,4.403982,6.8174796,6.2710185,4.082854
2093-11-19 12:00:00,3.7513435,2.7485921,4.7169456,6.1324143,6.4198327,3.4158475
2093-11-20 12:00:00,2.2572217,1.6722285,3.926907,5.40494,7.222846,3.1972542
2093-11-21 12:00:00,3.7463195,3.1944618,5.652021,7.1482115,6.2102876,4.6306343
2093-11-22 12:00:00,4.174438,3.4623687,5.9472923,6.414147,5.2891374,5.0089917
2093-11-23 12:00:00,3.5632641,3.0778852,4.678636,5.6467447,5.0814514,3.664687
2093-11-24 12:00:00,1.0305231,1.3434027,3.2320101,6.738093,7.4546328,1.6706297
2093-11-25 12:00:00,1.3309655,1.5960377,2.349041,7.646563,5.25636,2.775986
2093-11-26 12:00:00,1.9773475,2.252697,4.9172707,7.188255,4.9634686,3.862881
2093-11-27 12:00:00,3.3298662,2.8493192,4.6742105,3.3232584,5.260959,3.0198653
2093-11-28 12:00:00,1.9909,1.8840415,2.7680068,2.6224012,3.9261749,2.2851436
2093-11-29 12:00:00,1.663501,1.7756996,2.9641538,2.6781776,3.5988731,2.150304
2093-11-30 12:00:00,1.4259794,1.370684,3.0692272,1.7130355,2.4599824,1.7678488
2093-12-01 12:00:00,1.154541,1.0805532,2.6942718,2.0952802,2.2501936,1.9735966
2093-12-02 12:00:00,0.8293921,0.9014899,3.1246707,2.287141,2.3281238,1.8139437
2093-12-03 12:00:00,1.0230904,1.0531536,3.2060008,3.123287,2.6261594,2.0763242
2093-12-04 12:00:00,2.309158,1.8643954,6.0253415,4.664855,2.884295,4.332624
2093-12-05 12:00:00,4.5733104,3.6105618,8.493857,7.1567354,4.6909285,3.98577
2093-12-06 12:00:00,3.069194,2.1529815,6.004401,4.407636,3.7322133,2.7645857
2093-12-07 12:00:00,2.0542912,1.828009,4.1906505,3.3185892,3.0898073,2.860185
2093-12-08 12:00:00,1.4284879,1.5650467,2.61736,3.8410466,3.0476537,1.7650293
2093-12-09 12:00:00,0.8430151,1.1659362,3.1495976,2.8681803,3.2850094,1.9798778
2093-12-10 12:00:00,0.7193416,1.0928129,2.2284029,2.6864066,2.8765347,1.5271773
2093-12-11 12:00:00,1.8724893,1.5737908,4.6206946,2.336042,1.7984686,2.1762607
2093-12-12 12:00:00,2.3937929,1.8311478,3.2246125,2.1814325,2.278087,1.8637118
2093-12-13 12:00:00,0.8421036,1.1638129,2.210149,4.261244,3.6711464,2.2112756
2093-12-14 12:00:00,0.9403133,1.1737467,3.0071716,4.744776,3.4352033,1.8079195
2093-12-15 12:00:00,2.8986132,2.2075105,6.425605,3.6727822,2.712405,3.2026615
2093-12-16 12:00:00,1.5745616,1.8654695,5.7159986,5.234807,3.1267757,3.5371246
2093-12-17 12:00:00,1.2518826,1.5277097,3.0907311,4.891582,3.7306445,2.389163
2093-12-18 12:00:00,2.1506383,1.8529088,5.0609584,3.427239,2.6451004,3.034473
2093-12-19 12:00:00,2.4408712,2.3210697,6.061859,5.236616,2.901121,3.9538512
2093-12-20 12:00:00,3.0880456,3.5502908,5.1143045,4.7332296,2.8735745,3.6307812
2093-12-21 12:00:00,1.6699034,2.0645938,3.2495103,4.8915286,4.700616,2.1259944
2093-12-22 12:00:00,1.1670346,1.3385799,5.5159383,4.6378775,6.8926606,3.819186
2093-12-23 12:00:00,2.9960415,3.1081567,7.57616,7.2125726,6.4369845,5.412279
2093-12-24 12:00:00,2.8363,2.6287687,5.9053264,4.979984,4.9382396,4.4412436
2093-12-25 12:00:00,2.4409013,1.9768316,4.033134,4.267515,4.0243063,2.9321117
2093-12-26 12:00:00,1.7143946,1.4692354,3.3466098,4.74378,3.4965825,2.2541685
2093-12-27 12:00:00,1.8069265,2.0086825,3.008724,4.780833,4.052236,2.3505254
2093-12-28 12:00:00,5.006983,3.6523335,4.9487424,2.930502,4.2898946,3.7128398
2093-12-29 12:00:00,1.6274328,1.4762957,3.8241036,3.91131,3.978572,1.9836087
2093-12-30 12:00:00,1.668831,1.5634704,5.9104996,3.2665946,4.054468,2.9112017
2093-12-31 12:00:00,1.9098645,1.7461976,7.418891,5.3485084,5.4348164,4.206288
2094-01-01 12:00:00,1.4952698,1.5584804,3.988037,5.665766,6.347253,2.8436637
2094-01-02 12:00:00,1.5321748,1.6563673,3.6898053,4.504354,5.670889,2.6936347
2094-01-03 12:00:00,1.0078067,1.393189,2.6537225,5.1875877,4.9916515,2.6142206
2094-01-04 12:00:00,2.0887768,2.1557748,3.1388772,4.888578,5.223657,2.2107928
2094-01-05 12:00:00,1.3352904,1.6595225,4.0908017,5.551645,6.504226,3.5524049
2094-01-06 12:00:00,3.3865004,2.7061243,5.709075,7.774878,5.52453,4.890084
2094-01-07 12:00:00,2.6864436,2.3475006,4.723355,7.0631504,6.3237987,3.918476
2094-01-08 12:00:00,2.8400104,2.410916,5.252707,4.68617,5.282461,3.018343
2094-01-09 12:00:00,2.717199,2.2340617,4.8574605,4.239383,4.644752,3.047155
2094-01-10 12:00:00,2.032888,2.0596523,4.6329713,4.788791,5.781198,4.256648
2094-01-11 12:00:00,2.0690742,2.0551026,4.710494,4.8838997,5.5507803,3.8370705
2094-01-12 12:00:00,1.4318688,1.5125161,4.792407,4.6370807,4.104934,3.38287
2094-01-13 12:00:00,1.1537788,1.4865466,4.6931424,4.2211437,3.9714766,3.313914
2094-01-14 12:00:00,1.9771352,1.9425254,4.5430765,7.25435,5.926963,4.216288
2094-01-15 12:00:00,4.301502,3.596553,6.4626813,7.955877,9.697454,4.9680033
2094-01-16 12:00:00,2.5708723,2.586931,4.5426035,7.9732294,9.482263,4.0849414
2094-01-17 12:00:00,3.5910065,3.0049865,5.2062645,8.977507,6.4106507,4.6888065
2094-01-18 12:00:00,2.671627,2.1666696,4.850317,7.454593,7.5787735,4.7015347
2094-01-19 12:00:00,2.2294986,2.1731243,5.0396934,6.3767805,8.1670065,4.638429
2094-01-20 12:00:00,3.8793848,3.4803877,7.067451,6.7014174,5.931993,5.9076023
2094-01-21 12:00:00,4.511248,3.953128,6.079888,6.1792245,7.8845816,4.733717
2094-01-22 12:00:00,3.8626628,3.098053,6.862978,5.030646,6.771222,3.831156
2094-01-23 12:00:00,3.5861988,2.8664043,4.2192416,5.4671655,7.907924,3.063043
2094-01-24 12:00:00,1.4706626,1.4807528,4.081215,5.470776,7.342143,3.4291382
2094-01-25 12:00:00,4.520561,3.4545567,6.788867,4.450432,5.396119,3.7235258
2094-01-26 12:00:00,3.614434,2.9660442,6.1719704,7.0746713,7.0545597,4.2228436
2094-01-27 12:00:00,2.4759836,1.9251848,5.356097,4.7745724,7.72438,3.0406055
2094-01-28 12:00:00,1.161645,1.3280598,5.7216644,2.8200648,5.57819,3.3864126
2094-01-29 12:00:00,3.6946187,3.4322128,6.880046,7.0607414,4.8716755,5.174434
2094-01-30 12:00:00,2.937338,2.9313045,4.5349774,5.004699,5.4686027,2.8388398
2094-01-31 12:00:00,2.5390303,2.1825778,4.5021815,8.031882,5.524986,4.1729007
2094-02-01 12:00:00,3.5233219,3.4468956,5.7884626,8.589664,5.965175,5.666787
2094-02-02 12:00:00,2.7157881,2.2627578,3.7995007,2.9629164,3.947823,2.0340338
2094-02-03 12:00:00,1.9289795,1.5450315,3.2147229,2.7555666,5.9621935,2.363883
2094-02-04 12:00:00,1.6848764,1.464182,7.3781085,5.4790177,5.0643263,4.663037
2094-02-05 12:00:00,3.0697932,2.5905006,7.2218995,6.7872453,6.5043,4.8363547
2094-02-06 12:00:00,2.2214975,2.2917426,6.372266,5.9457493,6.613182,4.5943546
2094-02-07 12:00:00,2.3446708,2.3629599,5.30459,5.596615,5.24988,4.6950316
2094-02-08 12:00:00,1.9893674,2.1548414,2.7213244,4.5558915,4.888485,2.4246676
2094-02-09 12:00:00,1.0533471,1.0999316,3.3664815,3.7905722,5.4907618,3.1753218
2094-02-10 12:00:00,2.0237188,1.9355489,5.2155695,5.7495494,5.7565145,3.7331622
2094-02-11 12:00:00,2.1627,1.7914042,4.3047595,5.2890577,6.5599875,3.1631906
2094-02-12 12:00:00,2.3542411,2.2923157,6.7297673,4.3126926,5.1808414,3.805543
2094-02-13 12:00:00,2.107867,2.006195,5.5751762,5.2291102,4.367094,3.963048
2094-02-14 12:00:00,5.3558207,4.351235,8.405295,6.8925343,5.7685394,6.479759
2094-02-15 12:00:00,3.9363177,3.3793473,9.16989,5.1902304,5.5634437,5.806194
2094-02-16 12:00:00,3.657034,3.6842773,7.068854,6.0538535,7.641832,5.090969
2094-02-17 12:00:00,2.8901336,2.6727982,3.2009895,2.7291741,5.1608787,2.0455287
2094-02-18 12:00:00,2.1771739,2.219658,2.1046019,2.8290908,2.9271996,1.8983974
2094-02-19 12:00:00,1.4865227,1.3003143,5.3982987,3.7153873,3.4433575,3.657093
2094-02-20 12:00:00,2.4829364,2.438293,3.6414468,6.3227267,5.6403847,3.2815657
2094-02-21 12:00:00,3.0839229,3.1057293,6.252042,6.786983,7.6688914,5.050395
2094-02-22 12:00:00,2.2992141,2.1220458,4.6025586,7.3865304,5.730855,3.4994638
2094-02-23 12:00:00,2.417074,1.801054,4.0293794,3.998816,7.332633,2.3452206
2094-02-24 12:00:00,2.5380437,1.9046913,4.4284205,2.6987054,4.440651,2.4882727
2094-02-25 12:00:00,2.8431692,2.4865034,5.9519234,5.480379,4.570012,3.8722057
2094-02-26 12:00:00,2.173366,1.7680926,3.676652,4.310956,4.226175,2.8722634
2094-02-27 12:00:00,2.009924,1.82391,4.2751603,3.3161595,3.741869,1.661835
2094-02-28 12:00:00,1.8215487,1.5299882,3.4411635,5.9056506,3.1800563,1.8255693
2094-03-01 12:00:00,2.41438,2.0122883,4.907926,4.2381024,3.213298,3.6663835
2094-03-02 12:00:00,2.4943724,2.4113834,4.8934245,4.1716695,4.1015368,4.3861465
2094-03-03 12:00:00,3.05173,2.6849535,5.1442275,6.402878,6.4395423,3.721513
2094-03-04 12:00:00,2.4682837,1.9548827,4.2264085,6.0255527,5.323929,4.081184
2094-03-05 12:00:00,2.2706225,1.7602799,4.1398997,5.048028,6.144772,4.14342
2094-03-06 12:00:00,0.79806995,0.9416218,3.5194516,3.335674,5.9811835,3.0601704
2094-03-07 12:00:00,1.8117261,1.7719346,4.5526743,3.7169201,5.5153217,3.6495378
2094-03-08 12:00:00,2.2756238,2.238853,5.332721,3.9520297,4.4632907,3.6314058
2094-03-09 12:00:00,1.9255807,2.1642725,5.3956966,3.8630006,4.8031354,3.2803557
2094-03-10 12:00:00,2.307455,2.2251236,4.3628983,3.3360374,5.456085,2.728062
2094-03-11 12:00:00,1.6959934,1.5799173,4.0474873,2.7491632,4.321728,2.8842194
2094-03-12 12:00:00,1.9709051,2.0178404,2.7648368,2.902846,4.4913144,1.7801809
2094-03-13 12:00:00,2.9813113,3.132366,4.5272765,5.52675,3.9879658,2.794456
2094-03-14 12:00:00,3.1540685,3.180092,5.362422,6.2570763,5.6698003,3.7074187
2094-03-15 12:00:00,2.456982,2.408501,2.8121452,3.1381135,3.7300642,1.7540628
2094-03-16 12:00:00,1.1091399,1.2250676,3.8560727,3.3124478,2.4102936,3.3568354
2094-03-17 12:00:00,1.663503,1.7836871,2.6693943,3.3225298,3.2699199,2.6189055
2094-03-18 12:00:00,2.5062127,2.2569754,4.0910397,3.2550585,2.948564,3.2472768
2094-03-19 12:00:00,2.7339036,2.6978683,5.8653793,4.9662843,3.4743507,4.064964
2094-03-20 12:00:00,3.259255,3.0486786,7.0479283,5.4892983,4.3356576,3.905103
2094-03-21 12:00:00,3.6359348,2.5406392,4.4401016,2.98488,3.7347643,2.0238636
2094-03-22 12:00:00,2.1833098,1.4901783,2.1581163,2.003262,3.6775258,1.6381826
2094-03-23 12:00:00,1.4069214,1.2594612,4.0491323,3.109609,4.1631556,2.529797
2094-03-24 12:00:00,1.7369168,1.3275687,2.6457932,2.8353302,3.4774594,1.9654937
2094-03-25 12:00:00,1.0953496,0.9856286,2.343822,2.7421708,4.035685,2.1030731
2094-03-26 12:00:00,1.3876412,1.2865909,3.1946907,2.7518835,4.1798205,1.6975118
2094-03-27 12:00:00,1.758779,1.3758953,3.392598,3.1525877,2.6583335,1.6638628
2094-03-28 12:00:00,1.5334464,1.1449225,3.882587,2.0949647,2.2200134,1.8131533
2094-03-29 12:00:00,2.0160742,1.524736,3.8427913,2.4212263,4.058224,1.8567859
2094-03-30 12:00:00,3.7883945,2.7573683,5.0920753,3.64804,4.184643,2.4620721
2094-03-31 12:00:00,3.192743,2.2707949,4.830277,3.9796317,2.5441198,2.3276722
2094-04-01 12:00:00,2.268417,1.741843,4.4869795,2.8049493,3.7361352,2.2629712
2094-04-02 12:00:00,1.1066542,1.0171138,2.6981542,2.4324918,3.1495368,1.8176031
2094-04-03 12:00:00,1.2354292,1.2420661,4.0966744,3.8937001,4.2413855,2.8724148
2094-04-04 12:00:00,1.164653,1.1671827,2.7168002,1.7525724,4.795504,1.461973
2094-04-05 12:00:00,0.95869577,0.9616076,2.2745922,2.4189243,7.1891413,1.4581151
2094-04-06 12:00:00,1.0894449,1.0096132,1.582273,2.0503771,7.475333,1.2381908
2094-04-07 12:00:00,2.132568,2.1537898,2.887975,5.353829,7.8895025,2.3611407
2094-04-08 12:00:00,2.2126744,2.0059302,4.1249166,5.46873,8.268281,2.4166787
2094-04-09 12:00:00,1.9465125,2.0155606,2.9274983,5.1137137,5.627188,2.7670507
2094-04-10 12:00:00,2.4208632,2.2711277,3.4532595,6.920581,3.8973243,3.754379
2094-04-11 12:00:00,3.0948715,2.9291067,4.314532,8.007953,7.6092463,3.3943622
2094-04-12 12:00:00,1.8761404,1.8601174,3.6594079,6.5299377,7.0555024,2.6666088
2094-04-13 12:00:00,1.3005602,1.518774,2.3587327,5.948392,5.327326,1.4980378
2094-04-14 12:00:00,2.0737352,1.8319962,3.0307844,5.254816,5.3832064,1.5993476
2094-04-15 12:00:00,1.9175905,2.2916698,4.29036,2.7076566,5.354714,2.0807526
2094-04-16 12:00:00,2.914864,3.0987911,4.1044445,4.8086333,4.9432693,2.6505623
2094-04-17 12:00:00,2.9354734,2.505408,2.9529073,6.550026,6.406114,2.4027288
2094-04-18 12:00:00,0.8740986,0.941715,2.180957,2.5174272,3.6248584,1.8908238
2094-04-19 12:00:00,1.345175,1.2805705,3.46696,2.9774015,4.4637556,2.762182
2094-04-20 12:00:00,1.9707729,2.0313559,5.2000966,3.3633873,4.6009398,3.3857148
2094-04-21 12:00:00,1.6660999,1.8077643,3.4837365,3.5218465,3.7464075,2.560653
2094-04-22 12:00:00,1.3700902,1.2632644,2.8750932,2.646686,2.8392801,2.2035155
2094-04-23 12:00:00,1.4489338,1.3301892,4.3671756,3.6768055,3.82955,3.9020023
2094-04-24 12:00:00,1.79498,2.2171612,5.60343,4.295929,3.911751,4.2395563
2094-04-25 12:00:00,1.7205092,1.9329431,2.411001,2.5340245,4.5240436,2.175366
2094-04-26 12:00:00,1.2501199,1.2212925,2.450338,2.2944024,5.4930334,2.0402415
2094-04-27 12:00:00,1.7947402,1.7514415,3.2457519,2.5689669,3.9311578,2.202724
2094-04-28 12:00:00,1.1564639,1.472832,2.9099448,3.73909,4.673346,1.8897392
2094-04-29 12:00:00,1.8676283,1.6417382,3.2446635,5.1613045,4.6388116,3.3118556
2094-04-30 12:00:00,3.306936,2.8665228,4.2098336,6.33407,6.105585,3.4747603
2094-05-01 12:00:00,1.6072369,1.6292682,3.0138922,3.2588522,4.676759,1.8864919
2094-05-02 12:00:00,1.8472605,1.5724993,3.2028275,3.1201942,2.884007,2.364233
2094-05-03 12:00:00,2.5165696,2.1163208,3.6958573,2.7133832,2.3388734,2.15097
2094-05-04 12:00:00,2.8871412,2.2621527,4.139982,3.1208425,2.8942094,2.5668113
2094-05-05 12:00:00,2.8431928,2.3654597,3.4003289,3.2563167,2.5144458,2.864693
2094-05-06 12:00:00,1.2078893,1.2893351,2.3638067,3.428139,2.6853392,1.9606206
2094-05-07 12:00:00,2.1509018,1.6483076,3.938039,2.562857,2.3393986,2.7049415
2094-05-08 12:00:00,1.6824945,1.6812342,2.6058452,3.4154387,2.671483,2.141457
2094-05-09 12:00:00,1.4131305,1.1578219,2.8180287,2.6016338,2.1464343,2.1291018
2094-05-10 12:00:00,1.9428992,1.9240657,4.676212,3.4485164,3.4075851,3.426193
2094-05-11 12:00:00,1.8860962,1.8161894,3.0298226,2.3950708,4.2741623,1.6108195
2094-05-12 12:00:00,2.3624659,2.2655303,5.223814,3.5819178,3.991739,3.3939257
2094-05-13 12:00:00,3.0658302,2.686576,4.665435,4.221988,4.296657,2.9347255
2094-05-14 12:00:00,2.9182434,2.6700172,4.5056534,3.7655947,3.8678865,3.3282228
2094-05-15 12:00:00,2.6147628,2.8657322,3.2022038,2.673743,4.534268,2.224468
2094-05-16 12:00:00,2.586624,2.357894,3.0642493,2.633547,4.71364,1.8533075
2094-05-17 12:00:00,1.4542577,1.213733,2.523697,2.1516411,3.637123,1.5491499
2094-05-18 12:00:00,1.6858898,1.7800685,3.4429271,1.9077067,2.6883702,1.7725986
2094-05-19 12:00:00,2.0596147,1.7960403,3.535449,3.97,3.1338096,2.8928576
2094-05-20 12:00:00,2.4207656,2.0688171,2.7791817,3.121839,3.5259311,2.2048616
2094-05-21 12:00:00,1.2769803,1.369932,2.8657405,2.2459097,2.4716165,2.4054654
2094-05-22 12:00:00,2.3220785,2.002046,3.7457926,2.866958,2.3208501,2.1202886
2094-05-23 12:00:00,2.425736,2.26236,3.9843128,4.373014,5.0111094,2.2605524
2094-05-24 12:00:00,3.0512993,2.7694275,4.6564374,3.9700172,5.3748674,2.2966206
2094-05-25 12:00:00,3.0289145,2.786278,4.5484133,3.306479,3.7354333,1.9405628
2094-05-26 12:00:00,2.2847013,2.1279154,3.697188,5.137435,3.9603875,2.7418535
2094-05-27 12:00:00,1.427299,1.5150881,2.4946404,3.2975352,3.5865548,1.4681939
2094-05-28 12:00:00,2.5904045,2.244105,2.4011393,3.003409,4.371489,1.6829278
2094-05-29 12:00:00,2.6464162,2.1418786,3.7786577,1.7916999,5.3324313,2.2133145
2094-05-30 12:00:00,2.2726672,1.8666466,3.183513,2.6770217,3.6345086,2.3269966
2094-05-31 12:00:00,2.5044317,1.7090675,2.639637,2.4377182,2.9613879,1.5896912
2094-06-01 12:00:00,2.9533145,2.5939653,4.735972,3.213752,3.5898755,2.3736634
2094-06-02 12:00:00,3.8496685,3.4180791,5.401321,4.5173707,4.2805195,3.1329088
2094-06-03 12:00:00,1.8123755,1.6652199,1.989508,3.3942702,5.7405047,1.9557298
2094-06-04 12:00:00,2.7684162,2.2944655,4.3455744,2.9113307,3.295444,2.9979367
2094-06-05 12:00:00,3.8166525,3.2831202,5.0751424,4.1967783,2.9606376,3.8435314
2094-06-06 12:00:00,2.783274,2.3674896,3.6159008,6.088821,5.2007117,3.2055647
2094-06-07 12:00:00,1.4860456,1.6576078,3.8014257,3.4744186,4.9100337,2.8974998
2094-06-08 12:00:00,2.1761098,2.2061605,4.9224815,2.7398605,2.4807916,2.548127
2094-06-09 12:00:00,3.122693,2.7219,5.920291,3.333929,2.3131702,3.329203
2094-06-10 12:00:00,2.1827495,1.829161,3.8654463,2.5821466,3.708941,2.33073
2094-06-11 12:00:00,2.1201754,1.8790355,2.6697106,3.1004212,4.0283794,2.1222324
2094-06-12 12:00:00,1.4987369,1.7454244,3.694746,5.190181,4.4297132,2.7518678
2094-06-13 12:00:00,1.641834,1.6392816,2.514758,3.6718755,5.385941,2.0129662
2094-06-14 12:00:00,1.1206794,1.189171,1.937331,2.2062497,5.057771,1.6332579
2094-06-15 12:00:00,1.0381608,1.0477647,2.2101896,2.012325,3.7087305,1.3535908
2094-06-16 12:00:00,1.4156117,1.2834595,2.6173198,2.9169102,2.1699321,2.1395125
2094-06-17 12:00:00,1.5843512,1.6850804,2.887466,3.05531,2.8084202,2.187081
2094-06-18 12:00:00,2.468977,1.9255028,2.3224313,3.0678685,4.4805264,1.6562544
2094-06-19 12:00:00,2.2224064,1.7467808,2.4006038,2.3928146,5.371903,1.680475
2094-06-20 12:00:00,0.7506821,1.0118295,1.7338119,3.427116,5.7368546,1.4164715
2094-06-21 12:00:00,1.6113901,1.4262251,2.7097967,2.2491019,4.865934,1.5228788
2094-06-22 12:00:00,1.6237288,1.2623973,1.8182764,2.2978647,4.017082,1.4514731
2094-06-23 12:00:00,1.268455,1.2789435,2.3461483,3.1738024,3.3834586,1.9157809
2094-06-24 12:00:00,1.4751074,1.30011,2.4953194,4.10775,5.345938,1.492069
2094-06-25 12:00:00,1.9650862,1.5694003,2.2584798,4.0973177,4.9766235,1.3834109
2094-06-26 12:00:00,2.5875225,2.005174,2.892115,4.6949754,5.1663685,1.967235
2094-06-27 12:00:00,2.3541806,2.3733616,4.377342,4.614532,4.054549,3.2075937
2094-06-28 12:00:00,1.975379,2.2147975,4.5414844,2.109848,2.5465028,3.0993953
2094-06-29 12:00:00,1.40518,1.2541989,3.0701406,2.0570135,1.8606478,1.1804365
2094-06-30 12:00:00,2.07718,1.4631842,2.8782947,2.94525,2.0920303,1.553736
2094-07-01 12:00:00,1.9244355,1.6186239,3.2466898,2.8039353,3.0874546,2.2284126
2094-07-02 12:00:00,3.1823182,2.411278,3.7814941,2.5893326,3.458812,2.0242248
2094-07-03 12:00:00,3.3869743,2.3288565,3.2875605,2.5885246,3.2442415,1.4885291
2094-07-04 12:00:00,2.0967512,1.7835897,3.0448582,1.9914029,2.028946,1.7445945
2094-07-05 12:00:00,1.9003036,1.9696925,3.696305,3.1168456,2.7193625,1.9962745
2094-07-06 12:00:00,1.8570142,1.7659205,2.8687475,4.4183617,3.0425713,1.6825267
2094-07-07 12:00:00,2.0172946,1.5547023,2.5622435,3.6732929,3.7619007,1.3397464
2094-07-08 12:00:00,1.7321173,1.8022603,3.9633675,3.729835,3.502984,2.9531116
2094-07-09 12:00:00,2.0589852,1.6398302,2.9839106,3.990101,3.7163324,1.9617398
2094-07-10 12:00:00,1.9718635,2.0288486,2.976779,2.5134513,2.7902484,1.9180926
2094-07-11 12:00:00,1.9640164,1.666609,2.3272173,2.4090955,3.1234412,1.7921063
2094-07-12 12:00:00,2.213727,2.039693,3.6288903,2.5784526,2.8760378,1.8053467
2094-07-13 12:00:00,2.224337,1.6847532,3.637856,2.979568,4.528327,2.7801857
2094-07-14 12:00:00,3.4580631,2.5643718,3.4171324,2.3442185,3.9864004,1.9727185
2094-07-15 12:00:00,1.4688993,1.3901567,2.471733,1.9187722,3.1413846,1.692052
2094-07-16 12:00:00,2.1793058,1.7295421,3.0557194,2.1231244,3.0027826,1.5427308
2094-07-17 12:00:00,1.1765022,1.1980875,1.7692939,2.066574,3.0762672,1.1557821
2094-07-18 12:00:00,1.7440012,1.5698913,3.2879472,2.7554533,3.8411522,2.0267572
2094-07-19 12:00:00,2.3957484,2.1297774,3.3984008,3.0740411,3.580681,1.4670434
2094-07-20 12:00:00,1.7284055,1.3488238,2.4799073,2.3444095,3.2457502,1.2096751
2094-07-21 12:00:00,3.133952,2.8480933,3.3471794,3.79328,3.0922117,2.8930645
2094-07-22 12:00:00,2.5840082,1.9600261,2.191775,3.8606443,4.334016,1.7449483
2094-07-23 12:00:00,1.8021929,1.5479875,1.7603722,2.8777018,3.6846986,1.3971612
2094-07-24 12:00:00,1.1466019,1.0269487,2.27555,3.3773308,2.9924562,1.3246969
2094-07-25 12:00:00,1.2860533,1.1954612,3.0793571,3.5333154,3.6974943,1.7435104
2094-07-26 12:00:00,2.5827441,2.349016,3.0030344,3.4672668,3.2416086,2.2517843
2094-07-27 12:00:00,3.1311567,2.5325093,4.188732,3.1618707,3.581524,3.5937257
2094-07-28 12:00:00,2.8240368,2.5780315,3.8850458,4.8124437,3.1440134,3.4989443
2094-07-29 12:00:00,2.0470371,1.8204455,2.4630008,4.5437803,3.2293816,1.7146091
2094-07-30 12:00:00,1.9170283,1.6172339,3.071382,3.0692751,4.868279,1.7509543
2094-07-31 12:00:00,2.5671406,2.2291956,3.5527265,3.2995698,3.4525933,2.5802004
2094-08-01 12:00:00,2.082325,2.046263,2.829299,3.0556405,4.4428463,2.0195494
2094-08-02 12:00:00,3.2668607,2.928676,4.3676667,4.127119,3.6529653,3.1443586
2094-08-03 12:00:00,1.6203274,1.5981936,3.1413498,3.242761,3.5790954,3.3538823
2094-08-04 12:00:00,2.9510067,2.48845,4.387785,3.4361596,3.9289932,2.8660724
2094-08-05 12:00:00,2.1144693,2.2288733,5.823863,4.836723,4.354876,3.80976
2094-08-06 12:00:00,2.5080228,2.4134595,4.9118514,5.2628584,5.563077,3.4669857
2094-08-07 12:00:00,3.451686,2.5462446,3.3754594,2.8046696,5.077589,2.7679691
2094-08-08 12:00:00,2.5460906,1.9212822,2.5030267,2.4891868,2.73389,1.4951466
2094-08-09 12:00:00,1.7675934,1.4713691,3.195659,2.5690343,2.1949167,1.4580262
2094-08-10 12:00:00,1.4412341,1.4930061,4.7420063,2.655068,2.2577472,2.046348
2094-08-11 12:00:00,2.4525023,2.2137027,4.0904794,3.4630158,2.697086,2.813404
2094-08-12 12:00:00,1.8104329,1.601578,2.1644387,2.1908364,3.6223114,1.4268801
2094-08-13 12:00:00,1.5914094,1.4910486,3.430977,2.5416934,4.1037617,1.7504238
2094-08-14 12:00:00,2.280365,1.9441171,3.0258648,3.7529202,5.7752986,2.0174577
2094-08-15 12:00:00,1.2087965,1.2070323,2.2463448,4.3260155,7.028077,1.3644265
2094-08-16 12:00:00,1.1369634,1.2962079,2.2397354,4.90466,7.4599633,2.0305824
2094-08-17 12:00:00,1.4868602,1.628555,2.6538405,5.0958786,5.7969484,2.4472177
2094-08-18 12:00:00,1.9693514,1.7612367,1.9225731,3.1041572,3.068448,1.2221993
2094-08-19 12:00:00,1.439764,1.1656189,2.9120214,2.9101489,3.1421337,1.2752429
2094-08-20 12:00:00,1.4521922,1.3797865,3.050866,1.9946315,2.4705117,1.7057414
2094-08-21 12:00:00,1.1420792,1.0348743,3.306785,1.8972186,3.412325,1.4769685
2094-08-22 12:00:00,1.4826293,1.3560929,3.0638096,2.2848299,3.2665427,1.6478827
2094-08-23 12:00:00,1.4300251,1.2974483,2.9055922,1.8307393,2.234505,1.5366507
2094-08-24 12:00:00,1.5317078,1.3859874,2.7780476,1.5936172,2.578038,1.4518503
2094-08-25 12:00:00,2.2306445,1.7593373,2.5785491,1.8736802,2.5721447,1.3264618
2094-08-26 12:00:00,1.3293083,1.2742256,2.365876,2.165152,2.126723,1.6658077
2094-08-27 12:00:00,1.6738927,1.2993788,2.535461,1.9163285,1.9756981,1.4991378
2094-08-28 12:00:00,1.2689732,1.1879948,2.916364,2.6281488,2.5237732,1.487694
2094-08-29 12:00:00,2.08999,1.8976606,3.107488,2.896959,3.5758338,1.8184452
2094-08-30 12:00:00,3.4601424,2.966241,4.8807983,4.069889,3.8731568,3.4314992
2094-08-31 12:00:00,2.112576,1.9731892,3.6394832,3.4139628,4.6121445,3.055197
2094-09-01 12:00:00,2.5770752,2.021417,4.0006685,2.5775187,3.7719495,3.0239754
2094-09-02 12:00:00,2.1692266,1.8149709,3.076964,2.3048713,2.6838043,2.2149088
2094-09-03 12:00:00,2.675293,2.1287374,4.276839,2.966005,2.8310685,3.745537
2094-09-04 12:00:00,2.5077324,1.9355567,3.6007261,3.0636408,3.061477,2.9484413
2094-09-05 12:00:00,1.5412033,1.360478,3.1724424,2.9642467,2.4880347,1.8708558
2094-09-06 12:00:00,1.7556909,1.6384794,2.8153281,5.369631,3.358267,1.9930761
2094-09-07 12:00:00,2.275577,2.1301997,2.6702015,4.9262013,3.2545235,3.2906547
2094-09-08 12:00:00,3.8193305,2.6880658,5.8080544,2.4867392,5.539779,2.5937204
2094-09-09 12:00:00,2.79178,2.0623317,4.038315,2.312318,5.3124795,1.8695407
2094-09-10 12:00:00,1.7670817,1.7320918,2.5867236,2.378775,3.0027266,1.5914884
2094-09-11 12:00:00,0.8402771,1.3022393,3.5948024,2.8652117,2.7918198,1.5502216
2094-09-12 12:00:00,1.6435264,1.5513277,3.3544066,3.4338284,2.7357833,2.9065187
2094-09-13 12:00:00,0.8019263,1.092555,2.5648367,2.8886404,2.8463755,2.3412168
2094-09-14 12:00:00,3.1088068,2.6503165,5.20396,4.4990015,3.359728,3.8592432
2094-09-15 12:00:00,1.8817239,1.7282696,2.952379,4.4834876,4.998227,1.627918
2094-09-16 12:00:00,1.4433229,1.5213395,2.903336,5.1573753,6.0049157,2.2830746
2094-09-17 12:00:00,1.5464349,1.4550539,2.278032,5.9210544,6.9456515,2.1763206
2094-09-18 12:00:00,1.8858008,1.8340107,2.4461298,3.4465396,5.837052,1.6673701
2094-09-19 12:00:00,2.5770764,2.29793,3.4320378,4.1749926,4.3510485,2.9167464
2094-09-20 12:00:00,2.646148,2.3280315,4.564404,2.9169703,5.17973,3.3557575
2094-09-21 12:00:00,1.76246,1.5168682,2.566969,4.9140406,6.134473,2.1279614
2094-09-22 12:00:00,1.4751014,1.3937696,2.3669596,4.2318053,5.3786755,2.2598355
2094-09-23 12:00:00,1.3032138,1.1093464,2.1971416,2.4884362,4.635675,1.3568833
2094-09-24 12:00:00,1.4581685,1.3105409,2.4964411,4.7638516,5.951764,1.8953221
2094-09-25 12:00:00,1.9974585,2.133733,3.3036954,6.7941704,5.894671,3.290703
2094-09-26 12:00:00,2.4231849,2.5061696,3.9571264,5.2883286,5.8752503,2.7366655
2094-09-27 12:00:00,1.332514,1.5162915,2.448798,3.0565867,6.331807,1.6986786
2094-09-28 12:00:00,0.8139031,1.4624639,2.245652,4.1905622,4.1057644,1.9816821
2094-09-29 12:00:00,0.96363765,1.1903514,1.6139885,2.9941792,6.7706957,1.4265412
2094-09-30 12:00:00,0.96675175,1.0803146,1.7150123,2.9142036,6.4251165,1.4220033
2094-10-01 12:00:00,1.5014262,1.1971681,2.589411,3.40139,5.35659,1.9782583
2094-10-02 12:00:00,1.3056163,1.3811252,4.007017,2.5659173,3.192354,2.4627905
2094-10-03 12:00:00,1.5077941,1.5263898,3.051787,3.581948,3.2234514,2.7481203
2094-10-04 12:00:00,1.4210062,1.4536443,5.564695,3.7229724,3.399907,3.4773736
2094-10-05 12:00:00,2.2429748,2.3243349,3.482867,4.319674,4.2729964,3.4542644
2094-10-06 12:00:00,1.1378589,1.1366664,2.0807524,3.3818097,4.9586263,2.189149
2094-10-07 12:00:00,2.0855165,2.1651525,2.8426075,2.5793285,2.581208,1.7153234
2094-10-08 12:00:00,2.8157144,2.3567204,4.137429,4.76701,4.5140986,3.2866485
2094-10-09 12:00:00,2.7646122,2.2603526,4.596274,4.7665133,3.2925224,3.3367908
2094-10-10 12:00:00,3.2618673,2.7890737,5.6839714,5.2390785,2.7916884,3.574841
2094-10-11 12:00:00,1.9024326,2.0584345,3.0995991,4.364419,2.4564877,2.119626
2094-10-12 12:00:00,3.8888073,2.811081,5.6455364,1.9611523,2.176281,2.6627228
2094-10-13 12:00:00,3.4705167,2.8951194,5.1814327,2.1869469,2.2950826,2.6575985
2094-10-14 12:00:00,0.83097,1.1500136,2.51021,3.306056,3.0125723,1.7268052
2094-10-15 12:00:00,1.0074787,0.89731675,1.9710822,3.8985045,3.726454,1.4325993
2094-10-16 12:00:00,1.8596888,1.4408075,3.5174575,1.7038051,4.3311315,1.9045012
2094-10-17 12:00:00,1.8906717,1.9835652,2.1246307,2.508425,3.9498951,1.506762
2094-10-18 12:00:00,2.0466948,1.6766069,6.137019,3.5530133,3.527532,3.682152
2094-10-19 12:00:00,2.0610619,1.7286779,4.1883316,4.5824347,2.7266169,3.0186348
2094-10-20 12:00:00,2.3399458,1.8304657,4.538666,4.1258345,4.2493424,3.1681252
2094-10-21 12:00:00,1.9908745,1.627268,4.152314,3.7758696,2.3814297,2.560811
2094-10-22 12:00:00,1.5982857,1.4638194,3.4493523,3.5524118,3.146746,2.6607924
2094-10-23 12:00:00,3.5407166,2.8568776,4.2961416,2.0650215,2.9579206,4.03153
2094-10-24 12:00:00,1.5652236,1.4687487,2.161051,2.1997683,3.844699,1.8962679
2094-10-25 12:00:00,0.6728965,0.80155957,2.5278049,2.613827,3.550583,2.259085
2094-10-26 12:00:00,1.383666,1.1340015,2.8627312,4.9048133,7.2676225,2.8968284
2094-10-27 12:00:00,1.5325832,1.1956563,3.3823493,4.998178,7.3074665,2.848498
2094-10-28 12:00:00,1.7013597,1.5989149,3.4885664,5.46613,6.7885175,3.4219103
2094-10-29 12:00:00,2.0691602,1.6476954,3.4791625,3.5008876,5.778487,3.1749494
2094-10-30 12:00:00,2.576859,1.7550989,3.59441,3.999724,4.8928785,1.8570322
2094-10-31 12:00:00,1.9756088,1.7499785,3.1102238,3.843707,4.124341,2.0849216
2094-11-01 12:00:00,3.1744561,2.4082124,4.389304,5.326608,3.295834,2.6075811
2094-11-02 12:00:00,1.4829954,1.3020916,3.7691276,4.8997827,4.412202,2.9342735
2094-11-03 12:00:00,4.3003855,3.440909,9.074545,6.508299,4.9039617,5.5238357
2094-11-04 12:00:00,2.561077,2.9373512,3.6253574,6.6615615,5.9447646,2.644296
2094-11-05 12:00:00,1.3913623,1.7288008,4.7514787,5.0524135,5.4304852,2.2650054
2094-11-06 12:00:00,1.6215214,1.4926264,4.951955,3.8546438,3.8818944,3.2272296
2094-11-07 12:00:00,1.5137098,1.3139023,4.184538,4.7470355,4.814257,2.8923004
2094-11-08 12:00:00,2.2330828,1.8185562,4.1578445,4.077555,5.27576,2.0975442
2094-11-09 12:00:00,1.3500497,1.2726125,4.807374,4.6739774,5.142384,3.324391
2094-11-10 12:00:00,1.2608211,1.1948396,3.9930832,4.9886756,5.1844206,2.8877673
2094-11-11 12:00:00,1.7125807,1.9445109,4.847008,5.1116376,4.8033137,3.1886806
2094-11-12 12:00:00,2.7693164,2.5039337,5.1710005,4.544935,4.221523,3.9265664
2094-11-13 12:00:00,2.818285,2.345011,4.688625,5.315194,4.3356814,3.0020053
2094-11-14 12:00:00,1.0143976,1.0750711,2.5024345,4.134003,2.902121,1.6707716
2094-11-15 12:00:00,2.1493845,1.6859176,3.9770117,4.622091,4.5454946,2.8495214
2094-11-16 12:00:00,2.1863384,2.2126434,2.6357043,4.7000375,5.09688,1.8239908
2094-11-17 12:00:00,1.4885243,1.5580693,2.2884858,3.8582687,5.8250265,2.1988742
2094-11-18 12:00:00,2.571602,2.226843,5.292651,6.203626,6.709868,4.07163
2094-11-19 12:00:00,3.1761599,2.6936255,4.7267356,5.5961742,6.7551146,3.6771243
2094-11-20 12:00:00,1.1378174,1.307923,3.4558098,4.6125073,6.2979984,2.1661494
2094-11-21 12:00:00,2.3869557,2.609044,5.6489863,6.217563,5.825433,4.0189986
2094-11-22 12:00:00,1.8297058,1.6539836,3.2281609,3.9158702,5.8693123,2.3336012
2094-11-23 12:00:00,2.481062,2.2575068,5.87847,4.397257,5.764819,3.8898315
2094-11-24 12:00:00,2.7698202,2.2827322,4.9158072,3.3911943,5.612915,3.2818775
2094-11-25 12:00:00,2.1108642,1.8341396,7.800393,5.6443295,4.4959993,4.661959
2094-11-26 12:00:00,4.36882,3.637531,5.965895,6.030825,6.0142293,3.6336343
2094-11-27 12:00:00,2.1695027,1.9363277,3.9686747,3.590564,6.197715,2.0975597
2094-11-28 12:00:00,0.7959188,1.097407,2.5481877,3.8071227,5.7942767,2.093954
2094-11-29 12:00:00,1.4533575,1.587638,4.8656273,5.25976,3.652933,4.0018816
2094-11-30 12:00:00,1.6828544,1.8598976,4.2482014,7.2520823,3.8650358,3.0625422
2094-12-01 12:00:00,2.0051308,1.8121436,4.450442,4.737664,3.230396,4.536698
2094-12-02 12:00:00,1.1912725,1.4809959,4.6154203,5.7257752,4.3743706,3.5196524
2094-12-03 12:00:00,1.8817186,1.6419873,4.4343505,3.6726213,3.7212346,2.9223132
2094-12-04 12:00:00,3.1963005,2.2841651,4.648297,3.2711954,4.8699603,2.825349
2094-12-05 12:00:00,1.594738,1.6524396,4.493261,7.2331014,8.512948,4.297783
2094-12-06 12:00:00,2.2837172,2.4160056,4.678356,8.45645,8.636061,5.2178392
2094-12-07 12:00:00,1.6611497,1.7065163,4.2047405,6.781067,7.237625,4.5372386
2094-12-08 12:00:00,2.5427642,2.4494383,5.1435857,6.4534335,5.6994195,4.38492
2094-12-09 12:00:00,2.1826606,2.1366162,5.442659,8.274459,6.2631927,4.7679453
2094-12-10 12:00:00,3.1990988,2.665374,6.554711,5.6523237,5.8186674,4.235569
2094-12-11 12:00:00,1.9508969,1.9925997,4.302043,5.4704056,5.250914,2.4371028
2094-12-12 12:00:00,1.2824851,1.6885979,3.189845,4.8170543,3.629235,2.254046
2094-12-13 12:00:00,0.9673234,1.0265045,3.3285851,2.592436,2.6272414,2.1720622
2094-12-14 12:00:00,2.535553,1.6562053,4.5297966,2.2074761,2.4836876,1.9484677
2094-12-15 12:00:00,2.9573877,2.1836185,4.3056374,2.7474632,3.6381073,2.308558
2094-12-16 12:00:00,1.5968821,1.6181943,3.0773818,2.4156957,3.4809282,2.220121
2094-12-17 12:00:00,1.002842,1.0644364,3.3337634,4.485164,4.8320622,3.074391
2094-12-18 12:00:00,1.2017491,1.1558841,4.2207284,3.6684842,4.360661,3.0744328
2094-12-19 12:00:00,1.8180504,1.5431932,5.280644,2.75607,3.1941586,3.0900688
2094-12-20 12:00:00,2.3244061,1.7716577,4.971048,2.1549249,3.7798214,2.2960548
2094-12-21 12:00:00,3.1978455,2.0535278,5.6527114,2.763406,3.9780884,2.4840453
2094-12-22 12:00:00,3.4902396,2.279421,5.077276,3.3886807,4.591452,2.5949476
2094-12-23 12:00:00,2.5293922,1.7317829,3.8846307,3.60397,5.6268344,2.4468405
2094-12-24 12:00:00,1.8119428,1.485105,3.2493365,3.9131868,5.5532093,2.7185843
2094-12-25 12:00:00,1.2144849,1.2179701,2.9629724,3.1920552,3.8714905,1.8717921
2094-12-26 12:00:00,0.84456897,0.98966676,2.9294431,4.670377,4.082138,2.9806116
2094-12-27 12:00:00,2.3433766,2.5796432,5.942175,7.4219785,6.581317,4.7776165
2094-12-28 12:00:00,1.5622773,1.5188278,3.4905992,5.7341394,8.374793,2.5929189
2094-12-29 12:00:00,1.4774574,1.2594807,3.8422775,3.5276299,4.9449587,2.6731057
2094-12-30 12:00:00,1.0003113,1.0290871,2.7817335,4.4076347,4.370937,2.7088313
2094-12-31 12:00:00,1.9041021,1.7952459,5.4164653,5.485501,6.4765353,3.5214796
2095-01-01 12:00:00,1.7665966,1.7732408,5.2394247,5.349941,5.9416685,3.5010474
2095-01-02 12:00:00,1.2941515,1.4729788,4.113538,6.404437,5.3322396,3.317882
2095-01-03 12:00:00,0.9071519,1.1974262,3.7932732,5.663745,4.2563467,3.2523265
2095-01-04 12:00:00,4.332035,3.7389507,7.07817,7.8271894,6.2215385,5.324843
2095-01-05 12:00:00,3.6239636,3.2109025,4.1383996,6.271796,9.281278,3.429944
2095-01-06 12:00:00,3.0664456,2.692976,5.008465,5.7945275,7.729558,3.7015204
2095-01-07 12:00:00,2.08356,1.6827095,4.861284,4.97956,5.237361,3.6105974
2095-01-08 12:00:00,3.5817454,3.4491987,7.625121,7.4563622,7.101935,5.983288
2095-01-09 12:00:00,1.7754818,1.7172648,4.777443,5.463017,7.488053,3.260708
2095-01-10 12:00:00,2.0883994,1.8597324,6.4878755,4.4817963,6.3532367,3.6331964
2095-01-11 12:00:00,2.351486,2.17244,4.177369,7.1096206,7.9424973,4.411675
2095-01-12 12:00:00,2.6472483,2.5809522,4.208812,8.570829,10.232923,3.9888377
2095-01-13 12:00:00,0.7898854,1.0467222,2.0496497,5.1380715,9.564659,1.9920026
2095-01-14 12:00:00,2.496883,2.2160776,5.9655824,7.7212634,8.2724905,4.9761395
2095-01-15 12:00:00,4.219174,3.7102675,8.931224,8.460818,5.568454,5.843858
2095-01-16 12:00:00,1.7514677,1.9602735,7.871709,5.1488147,4.423194,3.5051873
2095-01-17 12:00:00,2.801849,2.2571561,5.7829394,3.88265,2.9883494,3.184995
2095-01-18 12:00:00,1.6147649,1.8151176,3.5231953,4.235396,4.440106,2.7343578
2095-01-19 12:00:00,1.127213,1.1071427,3.0791981,4.9951916,4.9293995,2.7720096
2095-01-20 12:00:00,2.3997512,1.6154382,5.0324783,4.1357393,4.5560327,3.7389712
2095-01-21 12:00:00,3.396285,3.0901449,6.214382,7.673249,5.915984,5.0648932
2095-01-22 12:00:00,3.3967614,3.0118272,6.6303387,7.8891144,6.982493,5.645536
2095-01-23 12:00:00,1.4211688,1.6511238,3.02346,6.9265003,6.473657,4.0940595
2095-01-24 12:00:00,0.89177775,1.0995975,3.391506,6.8226304,6.26296,3.3337102
2095-01-25 12:00:00,2.1496983,2.1429086,5.454149,7.443021,5.8749905,3.5673444
2095-01-26 12:00:00,1.6649215,1.8927735,2.8670268,4.139917,5.676896,2.1605783
2095-01-27 12:00:00,1.3377905,1.2799692,5.882339,3.048544,2.3518977,3.4409149
2095-01-28 12:00:00,2.113841,2.1103325,5.711745,4.9260693,3.8987756,4.7007456
2095-01-29 12:00:00,2.9111145,2.2803102,4.8441434,4.8954325,4.9206295,3.662189
2095-01-30 12:00:00,2.0123796,1.7683345,5.411082,4.5382895,4.0800714,3.536199
2095-01-31 12:00:00,3.2101355,2.572053,6.1524644,4.243024,4.491727,4.133041
2095-02-01 12:00:00,1.8179593,1.7291023,4.787988,3.4769564,5.238164,3.3612375
2095-02-02 12:00:00,1.3522904,1.3242968,4.555344,3.4342434,4.0221467,3.9099905
2095-02-03 12:00:00,1.9351358,1.4752878,3.4677794,2.5746026,4.0999875,2.5277843
2095-02-04 12:00:00,1.4060223,1.5605463,2.230808,2.7059255,3.2612271,1.4638966
2095-02-05 12:00:00,1.852428,1.4418166,3.1140666,2.3745396,2.6662269,1.7678732
2095-02-06 12:00:00,2.1372626,1.502476,4.2833676,2.7568867,4.2538557,2.4211998
2095-02-07 12:00:00,2.6554434,1.9213837,4.7813115,3.7589438,3.3940718,2.7055116
2095-02-08 12:00:00,2.9769907,2.378718,6.5398602,4.974025,3.8317347,3.3911955
2095-02-09 12:00:00,2.8700054,2.3409464,6.8888054,4.8307834,2.9028854,3.3446164
2095-02-10 12:00:00,3.76993,2.907431,6.0874004,5.084259,3.518982,3.3425117
2095-02-11 12:00:00,1.5631738,1.774107,4.1784606,5.451776,5.031914,3.317417
2095-02-12 12:00:00,1.7220526,1.5198643,3.780629,4.2398877,5.298921,3.0901122
2095-02-13 12:00:00,2.2522945,1.8319709,4.453269,4.294165,4.393394,3.0831556
2095-02-14 12:00:00,3.920041,3.2622433,6.249917,5.4517455,5.541572,4.490918
2095-02-15 12:00:00,4.719571,3.7775118,7.4666853,5.836463,5.6960793,4.8679333
2095-02-16 12:00:00,3.397191,3.5291905,5.506835,8.956488,5.423283,4.1997857
2095-02-17 12:00:00,1.9663944,2.3093832,3.6618948,6.443077,6.4298306,3.3641386
2095-02-18 12:00:00,4.369727,3.5515141,6.4629507,6.55086,6.4320183,4.7954755
2095-02-19 12:00:00,3.2912412,2.8887084,5.026784,7.3733993,7.3211174,4.4626245
2095-02-20 12:00:00,4.675965,4.037454,7.1200695,7.492974,8.08822,5.542852
2095-02-21 12:00:00,3.4604912,2.9030209,4.3191586,6.747505,8.954627,3.851408
2095-02-22 12:00:00,1.1830026,1.2594354,3.998376,5.833723,7.5549755,3.5504708
2095-02-23 12:00:00,4.853306,4.158154,7.167321,7.079553,8.2513,5.0316157
2095-02-24 12:00:00,3.8906763,3.490424,6.441951,8.768283,9.472224,5.086229
2095-02-25 12:00:00,3.994611,3.6046798,7.1967287,7.3003335,9.569625,5.5279436
2095-02-26 12:00:00,4.0065327,3.657855,5.768709,7.9729137,9.015343,4.7399726
2095-02-27 12:00:00,1.8299204,1.7792491,2.4081473,6.0163026,9.010636,1.8558118
2095-02-28 12:00:00,0.613742,0.9989694,4.013069,4.969026,5.22055,2.0049174
2095-03-01 12:00:00,1.3440351,1.0293216,4.5722685,3.161735,3.9583263,1.5344391
2095-03-02 12:00:00,2.0390933,1.4780813,4.525902,3.961388,7.1057644,1.7856466
2095-03-03 12:00:00,1.7487237,2.086626,3.1050038,6.5490146,8.934525,2.2328985
2095-03-04 12:00:00,1.6896627,2.2868433,3.1720345,6.72979,7.927578,2.277516
2095-03-05 12:00:00,1.9647219,2.9739602,3.9254386,6.802225,6.4709473,3.1417315
2095-03-06 12:00:00,1.19378,1.6651747,2.6383312,4.13254,5.456328,1.8465759
2095-03-07 12:00:00,1.9650002,2.2379093,3.5973692,7.7246284,4.5857286,3.2556462
2095-03-08 12:00:00,3.0181754,2.8033848,5.7988653,5.8948283,3.5489979,4.174882
2095-03-09 12:00:00,2.7642035,2.5961754,4.848197,4.569108,3.8907075,3.4815435
2095-03-10 12:00:00,2.6006446,2.29093,3.5885575,3.0766766,2.7476492,2.5859547
2095-03-11 12:00:00,1.6405764,1.7195495,2.541557,2.8171065,1.8286163,1.7288661
2095-03-12 12:00:00,1.1184922,1.11336,3.2435575,2.311822,2.2414253,2.42617
2095-03-13 12:00:00,1.3206744,1.2396265,2.0179372,1.4445157,3.08246,1.8069104
2095-03-14 12:00:00,1.1148214,1.0898045,3.0378778,3.1312325,2.614993,2.262559
2095-03-15 12:00:00,2.7847338,2.6765532,5.726199,4.7324367,4.2947927,4.2850437
2095-03-16 12:00:00,3.31325,3.4099457,8.316512,5.663293,5.337091,5.53195
2095-03-17 12:00:00,2.3442526,2.422783,5.074668,4.969766,5.7814355,3.8462732
2095-03-18 12:00:00,2.5318813,2.302208,6.0345078,4.729577,5.557649,3.9207697
2095-03-19 12:00:00,2.8352227,2.7536187,6.385778,4.5965905,5.0330353,4.079756
2095-03-20 12:00:00,3.2012215,3.0223098,7.6389055,5.4105067,5.1313686,4.4044013
2095-03-21 12:00:00,3.520849,3.5090163,7.6687512,5.8365736,5.146103,4.2900844
2095-03-22 12:00:00,3.35302,3.2086391,7.0684137,5.6923494,4.1180964,3.798192
2095-03-23 12:00:00,3.7981217,3.473111,5.39444,5.5808783,3.9658966,3.361079
2095-03-24 12:00:00,4.410882,4.16931,5.9951105,6.2296147,5.9134884,3.4411745
2095-03-25 12:00:00,2.6718602,2.526926,3.455312,5.6780043,7.1930833,3.6679971
2095-03-26 12:00:00,2.9472647,2.8071978,5.5242653,4.9155083,5.5709677,4.7919517
2095-03-27 12:00:00,3.0491042,2.7327769,4.3261423,7.0307484,7.7451186,3.9286184
2095-03-28 12:00:00,3.1330395,3.0033731,4.3103166,8.866194,9.33422,4.6570096
2095-03-29 12:00:00,2.7559988,2.823709,3.8139372,8.304097,8.24084,4.067598
2095-03-30 12:00:00,1.2231693,1.3236287,2.605756,3.8556182,8.395608,2.3969617
2095-03-31 12:00:00,2.0750837,1.6264938,3.170348,3.832404,5.416066,3.1312397
2095-04-01 12:00:00,3.1191182,2.8120968,4.290101,4.4939914,7.235398,3.584812
2095-04-02 12:00:00,2.5018425,2.1948705,3.7014618,4.6213136,5.4522295,2.4853487
2095-04-03 12:00:00,2.6637478,2.3297963,4.6807103,4.8396,3.073969,3.9772003
2095-04-04 12:00:00,2.5889893,2.206537,4.982219,3.516523,3.0598702,3.4365292
2095-04-05 12:00:00,1.8000652,1.5332438,3.5061066,2.0323565,2.9665897,2.0737538
2095-04-06 12:00:00,1.8184559,1.7747419,2.9397912,5.3470902,5.3227735,2.549935
2095-04-07 12:00:00,2.2607455,2.3066707,4.720836,5.994556,4.9246736,3.244802
2095-04-08 12:00:00,2.947493,3.2999363,4.500348,8.6222925,4.2859545,3.8965087
2095-04-09 12:00:00,2.422966,2.6218624,3.4541728,4.6935563,6.4271092,3.3709722
2095-04-10 12:00:00,1.4280106,1.4106026,2.234914,4.3442664,6.8217354,2.1942542
2095-04-11 12:00:00,2.1279402,1.7053409,3.1056144,3.6102962,4.813768,2.6201878
2095-04-12 12:00:00,1.4556081,1.2518896,2.6913161,2.4251418,2.577649,2.2517815
2095-04-13 12:00:00,1.7739372,1.7083107,4.017175,3.5301766,3.3555589,3.2555523
2095-04-14 12:00:00,2.9906578,2.8556228,4.138706,4.1810265,4.8497972,2.5637317
2095-04-15 12:00:00,2.676516,2.3969076,4.4632115,4.03099,6.025175,4.1468406
2095-04-16 12:00:00,2.3435235,2.2905352,3.8770957,4.0342345,4.8539386,2.6153944
2095-04-17 12:00:00,2.9644413,2.802002,4.4927773,7.83776,6.1785626,4.3020053
2095-04-18 12:00:00,5.246186,4.7438498,6.816715,8.485204,4.911528,5.9777026
2095-04-19 12:00:00,4.222848,4.0777326,6.2824736,8.488536,5.7688375,4.649291
2095-04-20 12:00:00,4.53753,3.9571416,5.69228,5.6108804,5.2162986,3.7333555
2095-04-21 12:00:00,2.1815138,1.7990158,2.682368,2.5701418,4.4728775,1.9518534
2095-04-22 12:00:00,1.789628,1.6119937,2.9068623,5.3574667,6.825357,3.2727528
2095-04-23 12:00:00,1.194238,1.1186194,2.7777896,3.8114538,7.4207983,1.6700548
2095-04-24 12:00:00,2.7154272,2.1301465,4.3738136,2.9372482,6.553421,2.409746
2095-04-25 12:00:00,2.4799924,2.542307,3.2991462,5.0722227,5.1663036,2.0411918
2095-04-26 12:00:00,2.1624444,1.8674605,3.0309293,3.1667366,4.9710817,2.5424705
2095-04-27 12:00:00,2.9175427,2.527624,3.5265253,4.3528914,5.048299,3.1182518
2095-04-28 12:00:00,4.0678053,3.2695818,5.430293,4.0371284,3.3968108,3.3044474
2095-04-29 12:00:00,5.126824,4.3619905,6.617677,4.379385,2.4406254,3.7172687
2095-04-30 12:00:00,4.272921,3.8731787,4.261397,4.5673127,3.1050198,3.3953283
2095-05-01 12:00:00,2.5975137,2.426872,2.612157,3.446898,4.0956087,1.8857574
2095-05-02 12:00:00,3.3549347,2.6362615,3.6476762,3.234878,3.3195586,2.2373013
2095-05-03 12:00:00,2.8198817,2.2700543,3.5157084,3.9760585,2.459437,2.6745698
2095-05-04 12:00:00,1.7670181,1.976521,2.5551784,3.1904454,3.2765799,2.1619804
2095-05-05 12:00:00,2.4617763,1.6857085,2.8991299,3.0884323,3.169557,1.6454629
2095-05-06 12:00:00,1.2791057,1.249944,2.4020474,2.4162326,4.515543,1.4853619
2095-05-07 12:00:00,1.7493085,1.552144,1.8137143,2.3255212,5.4644904,1.5046797
2095-05-08 12:00:00,1.7181569,1.7934762,2.6319015,4.0332794,3.0327985,2.119206
2095-05-09 12:00:00,2.54926,2.050116,4.370522,2.6999261,3.5663168,2.923365
2095-05-10 12:00:00,3.4278212,2.9389546,4.587774,3.4940448,3.2395258,3.3242228
2095-05-11 12:00:00,2.4392724,1.9506735,3.7826686,2.1504276,1.9594456,2.5624838
2095-05-12 12:00:00,1.8380541,1.6806567,3.3979986,2.7766776,2.4900103,2.2473602
2095-05-13 12:00:00,1.7182171,1.3752269,2.7603674,2.2933547,2.1988168,2.2718427
2095-05-14 12:00:00,1.4255466,1.4266775,2.7697093,1.8500091,2.4465272,1.6358814
2095-05-15 12:00:00,1.6562945,1.4745213,2.6912937,3.0373816,3.590187,1.5027438
2095-05-16 12:00:00,1.5126421,1.249143,1.9590359,2.3281999,3.6524928,1.4124377
2095-05-17 12:00:00,1.6547216,1.6936984,2.301277,3.7942233,5.1112275,2.3283944
2095-05-18 12:00:00,1.6333807,1.6129742,3.4604108,3.1282701,4.943214,2.860499
2095-05-19 12:00:00,1.9226636,1.8473998,3.151935,2.1646245,4.3214927,2.287686
2095-05-20 12:00:00,2.0754123,1.8595525,3.7383204,2.2639208,3.6424131,1.9006865
2095-05-21 12:00:00,1.9134063,2.1480834,4.26334,3.2050338,4.7653265,2.4869866
2095-05-22 12:00:00,2.901701,2.174434,4.250394,2.2540414,3.8922484,2.247288
2095-05-23 12:00:00,2.3823848,2.0350738,3.1754653,3.2317462,4.352296,2.0455387
2095-05-24 12:00:00,2.1259396,2.084202,5.3466296,3.8398616,4.4499674,3.7728095
2095-05-25 12:00:00,3.2640352,2.9348538,5.9195294,3.9951982,3.613653,4.0391436
2095-05-26 12:00:00,2.6350365,1.9779059,2.4282727,3.9207582,3.6107183,1.632748
2095-05-27 12:00:00,1.7600781,1.9051911,3.3924594,2.7359688,4.6009088,2.3083174
2095-05-28 12:00:00,2.4714925,1.9540061,3.0406373,3.3107421,2.7883718,2.1216073
2095-05-29 12:00:00,4.0658193,2.9477108,5.515716,6.1335087,4.1137466,2.4399626
2095-05-30 12:00:00,2.331681,2.5683634,6.328019,6.160608,5.46816,3.728404
2095-05-31 12:00:00,1.7494516,2.1516595,2.8198485,3.1347063,6.2919097,1.9897565
2095-06-01 12:00:00,1.4576885,1.316694,2.5185661,2.3080342,5.6512737,2.319311
2095-06-02 12:00:00,1.9821279,1.7519096,2.707078,3.549596,4.181987,1.9014981
2095-06-03 12:00:00,2.823688,2.5614038,3.961972,4.7724423,2.9886196,2.5395555
2095-06-04 12:00:00,2.6504657,2.6336014,3.485994,6.274075,4.201404,2.0452332
2095-06-05 12:00:00,2.0532846,2.1437006,3.4578903,5.150338,5.368347,2.0047588
2095-06-06 12:00:00,2.2194552,2.2393904,3.3384578,6.012783,4.657232,1.9962237
2095-06-07 12:00:00,2.1019802,2.2051978,2.7918682,6.44628,4.260875,2.5296242
2095-06-08 12:00:00,2.8464994,2.704062,3.4091156,4.714614,4.1574054,2.434112
2095-06-09 12:00:00,2.2304418,1.899729,3.5577552,2.2454143,4.4139705,1.7840439
2095-06-10 12:00:00,2.482966,2.2223325,3.0849638,5.286176,5.032111,2.3889332
2095-06-11 12:00:00,2.2837362,2.0808728,3.114554,3.9649725,4.158171,2.4265623
2095-06-12 12:00:00,3.2684836,2.7832036,4.1425076,5.3395023,3.1426885,2.8229706
2095-06-13 12:00:00,2.5156686,2.3961356,3.1387906,4.9294047,3.9272878,2.4333262
2095-06-14 12:00:00,1.9893767,1.8622704,2.3229198,4.484038,5.432623,1.7651033
2095-06-15 12:00:00,1.4537644,1.6514084,2.964604,2.526155,6.982124,2.150625
2095-06-16 12:00:00,2.4008026,1.7699566,2.686688,4.1357303,6.1784196,1.7155656
2095-06-17 12:00:00,2.6351855,2.5088038,3.1274133,3.9353557,4.1851063,2.9026794
2095-06-18 12:00:00,2.9124198,2.2950017,3.7998726,3.6656241,5.487078,2.3314867
2095-06-19 12:00:00,2.9904335,2.6768925,3.6143491,3.3545358,3.919806,2.035618
2095-06-20 12:00:00,2.5001302,2.362703,3.5075235,4.0985193,3.8110552,2.5445426
2095-06-21 12:00:00,1.3145068,1.4588625,1.8959676,3.0400248,4.5025597,1.5051349
2095-06-22 12:00:00,1.5102379,1.462051,3.1446726,2.4519196,3.4152904,2.0624268
2095-06-23 12:00:00,1.9978399,1.9425646,2.9203348,2.3409278,3.3083081,1.7759671
2095-06-24 12:00:00,1.7208254,1.675576,2.1202626,2.7727985,2.3446746,1.5144196
2095-06-25 12:00:00,1.6752014,1.7540547,3.2337677,2.6196947,3.0986636,1.9020272
2095-06-26 12:00:00,1.8811343,1.4843475,2.4842644,1.6707637,4.508321,1.5981628
2095-06-27 12:00:00,0.9965313,1.1172618,1.8332307,1.7892238,4.368603,1.4333346
2095-06-28 12:00:00,1.162719,1.1943411,1.6669031,1.7964114,2.9747608,1.4596871
2095-06-29 12:00:00,1.1698703,1.1966847,1.9604393,1.7138398,2.7405093,1.2351966
2095-06-30 12:00:00,1.3909578,1.5148954,2.0879016,1.8836335,2.6477122,1.3674035
2095-07-01 12:00:00,1.4145931,1.2067236,1.798523,1.7136523,2.0388753,1.4868321
2095-07-02 12:00:00,2.5725868,1.8431951,2.1234534,2.200973,2.283596,1.874317
2095-07-03 12:00:00,1.9375904,1.7557808,2.9382517,3.658115,3.4542553,2.5741198
2095-07-04 12:00:00,1.6831343,1.7318257,3.391897,3.4511895,3.793308,1.8554698
2095-07-05 12:00:00,1.3658532,1.4138793,1.9727277,1.9225724,4.5491714,1.1125556
2095-07-06 12:00:00,2.0155182,1.8650895,3.2162025,2.1339498,4.0035157,2.098458
2095-07-07 12:00:00,1.99266,2.0603998,2.9628837,2.7583485,4.282742,2.4625814
2095-07-08 12:00:00,3.4494596,2.973513,3.7275038,3.2077174,5.044739,2.5740457
2095-07-09 12:00:00,2.4074273,2.020227,3.1146765,3.4355004,7.1744404,1.5439738
2095-07-10 12:00:00,2.6020002,2.403997,3.3703377,4.9385414,5.770532,2.4304569
2095-07-11 12:00:00,1.630738,1.5057347,2.65073,4.3889728,4.157187,1.5614653
2095-07-12 12:00:00,2.1727464,1.5798403,1.6958833,2.5095062,3.9188397,1.1923218
2095-07-13 12:00:00,2.120909,1.5304667,2.1541138,1.7410979,3.562515,1.5760565
2095-07-14 12:00:00,2.3952568,1.6396612,2.5961,2.195056,2.6309638,1.8554623
2095-07-15 12:00:00,1.4707365,1.2044299,2.5154874,1.9245801,2.310558,1.6902676
2095-07-16 12:00:00,1.8880143,1.6046284,2.6645615,2.4938567,2.1409595,1.7832273
2095-07-17 12:00:00,2.207641,1.6559117,3.4979029,2.712089,2.471046,1.8067945
2095-07-18 12:00:00,2.3159688,1.7025543,2.9928908,2.728594,3.114596,1.3339576
2095-07-19 12:00:00,2.580188,1.6416434,2.5299382,2.295316,2.6265755,1.1865885
2095-07-20 12:00:00,3.6592796,2.5682414,3.8894172,2.3523293,2.0310736,1.23027
2095-07-21 12:00:00,2.4401002,1.9779786,3.2410896,2.4853845,2.6618302,2.0708337
2095-07-22 12:00:00,1.6744406,1.256823,2.6168215,2.499558,2.7274663,1.3147793
2095-07-23 12:00:00,1.6276654,1.5182906,2.935067,2.6636662,3.1074438,1.646496
2095-07-24 12:00:00,2.4438353,1.5255885,2.8926775,2.3184526,3.3396864,1.4447886
2095-07-25 12:00:00,2.5857358,1.6581973,3.438032,2.767328,3.6378217,1.8941411
2095-07-26 12:00:00,2.4560022,1.5853038,2.8248916,2.306505,3.3108015,1.212593
2095-07-27 12:00:00,1.6749283,1.3313453,2.8607051,2.4316971,3.082558,1.7241822
2095-07-28 12:00:00,1.2554798,1.4055914,3.3363075,2.498569,2.316856,1.6271613
2095-07-29 12:00:00,1.772591,1.7020835,2.864225,2.2381198,2.57461,1.8362478
2095-07-30 12:00:00,1.889706,2.0843914,2.883611,2.6423988,4.2560534,1.9332035
2095-07-31 12:00:00,1.9608331,1.6876403,3.6779928,2.9612346,3.398886,1.9708699
2095-08-01 12:00:00,2.4955204,2.0444455,2.8248127,2.9760993,2.83842,1.9947976
2095-08-02 12:00:00,3.8709471,2.9893105,4.2709737,3.4673538,3.634401,3.0170164
2095-08-03 12:00:00,3.2146902,2.8931758,5.22233,3.3490224,3.8285894,3.5628638
2095-08-04 12:00:00,2.7267852,2.4580746,4.898283,3.1201334,3.3714523,2.5899365
2095-08-05 12:00:00,3.5782652,3.017312,5.207679,3.1123798,3.7398994,3.1199818
2095-08-06 12:00:00,3.7854521,2.8909743,4.6357565,3.1690025,2.7767627,3.757116
2095-08-07 12:00:00,2.8071427,2.3842885,3.791996,2.7505524,2.2324998,3.1009362
2095-08-08 12:00:00,1.9891505,1.6887032,3.37288,3.0408056,2.7421534,2.85078
2095-08-09 12:00:00,2.8288836,2.3412578,3.595011,4.0512915,4.4012184,2.507728
2095-08-10 12:00:00,2.1417227,1.8138226,3.1563375,3.022689,6.6104684,2.4977458
2095-08-11 12:00:00,1.172759,1.242062,2.90353,2.0400815,5.9500537,1.3780044
2095-08-12 12:00:00,2.2086563,1.6866602,3.4900866,2.9075942,4.8520594,1.7643496
2095-08-13 12:00:00,3.2989397,2.8344257,3.480934,3.2464356,3.5516355,2.2780697
2095-08-14 12:00:00,2.4872248,2.6671975,4.397113,4.379005,3.9587817,4.0951047
2095-08-15 12:00:00,2.9217386,2.5559337,3.5786173,3.702904,2.4315166,2.581329
2095-08-16 12:00:00,1.961063,2.1789217,2.8670352,3.2779763,2.6047492,2.4218314
2095-08-17 12:00:00,1.3725256,1.6797905,3.5227828,2.6971684,4.0502853,1.7791111
2095-08-18 12:00:00,4.1219873,3.6599815,5.539993,4.756736,3.9810932,4.1873693
2095-08-19 12:00:00,2.2795687,2.537113,3.3376896,5.1442666,3.9845963,3.9195168
2095-08-20 12:00:00,2.581437,2.3492625,2.927119,2.6890886,3.3938308,1.8522496
2095-08-21 12:00:00,2.7261813,2.0060277,3.150166,2.7609515,3.5530922,1.4240301
2095-08-22 12:00:00,1.8106939,1.8889674,2.862559,2.7403226,2.802367,1.7468425
2095-08-23 12:00:00,1.3826652,1.3933475,3.446512,2.537975,3.484676,2.1681802
2095-08-24 12:00:00,1.254431,1.3528829,3.6976,2.460996,2.8829575,2.3183956
2095-08-25 12:00:00,2.0848904,1.9003277,4.0601487,2.7405317,2.538336,2.142798
2095-08-26 12:00:00,2.2725587,2.0803132,3.4321046,2.6475663,2.4074526,2.0413542
2095-08-27 12:00:00,2.5999799,2.5234776,2.441418,3.4425385,3.1669881,1.7859207
2095-08-28 12:00:00,2.0635304,2.061908,3.174709,3.500931,4.256442,2.6037557
2095-08-29 12:00:00,3.6514182,3.1840925,5.674553,4.0837417,3.0916865,3.860937
2095-08-30 12:00:00,3.8972464,3.3200698,5.7405667,4.237284,4.6665063,4.070996
2095-08-31 12:00:00,3.9950564,3.3557296,5.683195,5.183508,5.0328016,3.8506448
2095-09-01 12:00:00,2.3023648,1.7815931,2.305136,3.7453175,3.845699,1.6661092
2095-09-02 12:00:00,1.3476257,1.3531748,2.755895,2.3639326,2.8550632,1.9598207
2095-09-03 12:00:00,1.6521405,1.2351087,2.7215054,2.2436533,4.8659544,1.8860697
2095-09-04 12:00:00,1.2370484,1.1727736,2.881489,1.6191725,5.406996,1.3992325
2095-09-05 12:00:00,1.6351571,1.4029642,3.463948,1.636965,6.2384644,1.6734692
2095-09-06 12:00:00,1.0309589,1.2596824,2.7084208,2.3564847,4.4784117,2.2212775
2095-09-07 12:00:00,2.275658,2.0780432,4.080821,3.7637932,3.7251456,3.1173594
2095-09-08 12:00:00,2.1102774,2.2088242,3.5210187,4.361942,2.1303134,2.4098186
2095-09-09 12:00:00,2.1605184,2.3338952,3.8449483,3.1487796,2.3909507,1.9941065
2095-09-10 12:00:00,2.1442738,1.8568733,2.845647,2.68753,4.5085382,1.8131056
2095-09-11 12:00:00,0.90150213,0.89224076,1.5872627,1.4936582,3.144727,1.0286022
2095-09-12 12:00:00,1.8533593,1.540467,1.5691991,2.1026025,3.093695,1.1558237
2095-09-13 12:00:00,2.4638274,1.7839017,2.183088,2.103882,3.2064545,1.1268702
2095-09-14 12:00:00,1.6223283,1.2213844,1.7031447,1.3578274,2.785269,0.9722841
2095-09-15 12:00:00,1.8977537,1.3777595,1.8611925,1.3718542,2.0303316,1.0669196
2095-09-16 12:00:00,0.890054,0.94406796,1.7969135,2.070009,2.1480575,1.1024092
2095-09-17 12:00:00,1.3881841,1.5765277,2.644062,2.1724148,2.8920038,1.6662198
2095-09-18 12:00:00,2.1002374,1.5555125,2.8562555,1.7418033,3.5613127,1.3433067
2095-09-19 12:00:00,0.92496955,0.9729798,2.2281172,2.4965806,4.142773,1.6141906
2095-09-20 12:00:00,1.0769428,1.1703146,2.2027032,3.0460854,3.7757647,2.3891714
2095-09-21 12:00:00,1.9001882,1.605942,2.1546967,3.6587353,4.6064167,2.3164823
2095-09-22 12:00:00,3.0409818,2.5634115,3.4988396,4.7401347,3.1069508,3.24869
2095-09-23 12:00:00,1.3011857,1.2186328,2.6347637,2.1490154,2.6202307,2.0099807
2095-09-24 12:00:00,2.4781141,2.1447315,3.952034,3.5427456,2.2908452,2.6932187
2095-09-25 12:00:00,2.4174623,2.1003072,3.774286,3.5208614,1.8915483,2.468744
2095-09-26 12:00:00,2.5689075,2.3424358,4.244718,3.8973286,3.102741,1.9852494
2095-09-27 12:00:00,3.8789606,3.3827906,4.4840546,4.5541096,3.1742342,2.5112872
2095-09-28 12:00:00,2.784882,2.510146,3.9876742,4.3353395,5.0618663,4.1291623
2095-09-29 12:00:00,3.8103914,3.5494397,6.5880227,5.7232184,6.963623,5.2261734
2095-09-30 12:00:00,3.6377683,3.241529,5.7596188,6.0857196,4.539731,5.456445
2095-10-01 12:00:00,2.7984169,2.3954787,4.0689745,3.8992143,3.1001236,2.5985441
2095-10-02 12:00:00,2.404763,2.3867233,4.2227554,3.635832,3.645157,3.796714
2095-10-03 12:00:00,1.4718901,1.2777724,2.9755208,2.1603765,4.834974,1.7999684
2095-10-04 12:00:00,2.642361,2.152349,4.6722903,3.6472416,5.2106605,2.121811
2095-10-05 12:00:00,1.6532077,1.5215502,3.9812834,3.158294,3.6336298,2.4825563
2095-10-06 12:00:00,1.9092438,1.5113146,3.1515813,2.6697288,2.8354123,1.3840282
2095-10-07 12:00:00,2.6241698,1.9820424,3.7377107,2.834964,5.185002,1.9933208
2095-10-08 12:00:00,2.1711357,1.5510386,4.013538,2.9591596,4.524332,2.072775
2095-10-09 12:00:00,0.71883,0.92397034,3.2523727,2.8301854,3.6281624,1.7006879
2095-10-10 12:00:00,0.77046156,0.80630314,2.2922387,3.4790442,3.987861,1.39184
2095-10-11 12:00:00,0.760707,0.83363354,1.6322302,3.5228918,4.001358,1.0303288
2095-10-12 12:00:00,1.0046524,0.927049,1.9783556,2.1808045,2.4889421,1.1517578
2095-10-13 12:00:00,0.92260313,0.958044,2.3911614,1.9904466,4.390164,1.082348
2095-10-14 12:00:00,1.4344773,1.0529884,2.6478386,2.6157966,4.3042064,1.5878948
2095-10-15 12:00:00,0.79686856,0.8033704,1.8111894,2.239707,4.3625736,1.9462732
2095-10-16 12:00:00,0.8048352,0.87860984,1.6462702,1.5608846,3.6063778,1.1534984
2095-10-17 12:00:00,2.3371916,1.7629749,2.6983054,2.3653576,3.7197342,1.602293
2095-10-18 12:00:00,1.4334531,1.5247526,2.8154397,3.3670535,4.736327,1.6367793
2095-10-19 12:00:00,2.460084,2.1584702,5.516738,4.884868,4.9893746,3.2522535
2095-10-20 12:00:00,2.3418803,1.8840761,3.3659365,3.3553278,3.9284625,1.6653562
2095-10-21 12:00:00,0.7401657,0.81605333,1.9441532,2.1140366,2.7615333,1.3184601
2095-10-22 12:00:00,1.4981027,1.052669,3.694306,2.2586467,2.3992498,1.7143204
2095-10-23 12:00:00,3.4975636,2.218377,4.4702973,3.1542141,3.1973948,1.8240538
2095-10-24 12:00:00,4.2330694,2.7143033,4.798715,3.4295237,2.8730712,1.9025943
2095-10-25 12:00:00,3.0549934,2.089639,3.6660933,2.9879432,3.2210336,1.6676266
2095-10-26 12:00:00,2.5103073,1.5549257,3.0203948,2.0593617,3.0299203,1.1149563
2095-10-27 12:00:00,1.4197451,1.0240018,2.0593774,1.6767617,2.9527955,1.3496158
2095-10-28 12:00:00,1.0726926,0.8863035,2.9134102,2.136746,3.6803243,1.3436553
2095-10-29 12:00:00,1.8693547,1.1986448,3.341849,1.9657872,3.5166447,1.4201567
2095-10-30 12:00:00,1.4408426,1.0403888,2.8890524,2.2525494,2.432707,1.3231982
2095-10-31 12:00:00,0.6380233,0.78127444,3.019476,2.3740077,2.3389285,1.9677031
2095-11-01 12:00:00,1.2278945,1.0280197,4.5212197,2.3447816,2.6339555,2.2212803
2095-11-02 12:00:00,3.538381,2.8796482,5.242512,4.6283226,3.5317886,3.1873136
2095-11-03 12:00:00,2.8210511,2.4404688,3.5459516,4.59047,5.796297,2.0406888
2095-11-04 12:00:00,3.6615283,3.1856282,5.422529,4.9817886,6.9520593,2.92861
2095-11-05 12:00:00,2.9401608,2.4200928,5.385105,6.285422,5.934149,3.987206
2095-11-06 12:00:00,4.1363325,3.2420952,6.3037615,3.9727645,4.248075,3.2122777
2095-11-07 12:00:00,1.933328,1.5572587,3.5494804,3.800109,3.45384,2.6145215
2095-11-08 12:00:00,1.5339942,1.4202447,1.7954807,1.874926,3.150086,1.1435287
2095-11-09 12:00:00,1.1951023,1.3579705,2.8704622,2.6762586,3.706703,1.8999479
2095-11-10 12:00:00,1.3355882,1.438159,2.149742,3.9283638,7.050909,1.4606109
2095-11-11 12:00:00,1.1668916,1.370107,2.380838,7.3836637,6.6586733,2.5146966
2095-11-12 12:00:00,1.1530924,1.5576903,2.4779088,6.013617,5.383949,1.9968812
2095-11-13 12:00:00,0.84368587,1.0190401,1.921778,3.8474011,5.482036,1.2292708
2095-11-14 12:00:00,0.6711093,0.9087377,2.1069381,3.9764323,4.6576285,1.5860467
2095-11-15 12:00:00,1.2993207,1.1196291,3.8384292,2.3284109,4.9787025,1.6144124
2095-11-16 12:00:00,2.164527,1.9304101,5.1358285,3.8989968,4.700891,3.5282757
2095-11-17 12:00:00,2.346443,1.9272503,4.4056306,2.8325427,3.7723353,2.1415334
2095-11-18 12:00:00,1.235048,1.46057,2.4790118,3.984305,3.9025383,1.994777
2095-11-19 12:00:00,0.9232223,1.0055984,3.4248948,4.334604,5.0561023,3.3845909
2095-11-20 12:00:00,1.7744774,1.814733,4.24836,4.699453,5.5155587,3.2131674
2095-11-21 12:00:00,0.91272044,1.0075079,2.7865725,3.4713712,5.8480754,2.1062748
2095-11-22 12:00:00,1.3572083,1.3831979,2.8222764,5.0539827,5.075511,2.0855298
2095-11-23 12:00:00,1.4954933,1.7846991,3.0318146,6.728716,5.0248632,2.6786792
2095-11-24 12:00:00,2.4622815,2.6380126,4.0295553,6.312587,7.0452003,3.0471966
2095-11-25 12:00:00,2.2733557,2.185687,5.959681,6.0918036,6.153783,4.6009636
2095-11-26 12:00:00,2.15849,1.9018466,4.9039497,3.6639557,3.8142648,2.951059
2095-11-27 12:00:00,1.2890159,1.1883197,5.2308483,2.579252,2.2099054,3.1314733
2095-11-28 12:00:00,1.610971,1.480506,3.603199,5.024081,3.394396,3.8133726
2095-11-29 12:00:00,1.238678,1.2937245,3.0802615,3.335155,4.916168,3.189071
2095-11-30 12:00:00,1.8535869,1.742195,6.1073694,4.720044,6.195736,4.208613
2095-12-01 12:00:00,3.7360249,3.2906373,2.888422,4.4979873,5.162928,1.9977893
2095-12-02 12:00:00,1.7210131,1.9731277,4.9639955,5.7976823,4.9197245,3.0626562
2095-12-03 12:00:00,2.5538955,2.2322628,4.952637,5.6485543,4.374757,3.9422567
2095-12-04 12:00:00,3.693568,2.9652963,6.301817,4.7888174,5.088148,3.8833945
2095-12-05 12:00:00,2.5895662,2.2389998,5.196088,5.5328703,4.477813,3.9322846
2095-12-06 12:00:00,2.1877928,2.3175602,3.7513368,5.8502684,4.614739,3.6293974
2095-12-07 12:00:00,1.8822713,1.6277733,2.5453014,4.4147134,4.1562963,2.1073987
2095-12-08 12:00:00,1.8849204,2.0508866,2.9832354,4.3627653,3.8562126,1.7897042
2095-12-09 12:00:00,1.2725748,1.5347986,2.0654197,5.734429,4.481916,2.5686655
2095-12-10 12:00:00,0.7875764,0.9994039,3.207948,5.477869,6.6337523,3.4899209
2095-12-11 12:00:00,2.5631793,2.207879,4.7744927,5.137581,5.336873,3.3585944
2095-12-12 12:00:00,2.9048696,2.4729617,4.2370768,5.293473,5.2461677,3.6319008
2095-12-13 12:00:00,3.484693,2.8457341,2.102063,4.2846837,4.194028,1.6302024
2095-12-14 12:00:00,3.1975036,2.4556835,2.763305,2.4318786,3.1253407,1.497868
2095-12-15 12:00:00,1.1955433,1.4084897,2.6128564,3.5232744,3.787197,2.0501966
2095-12-16 12:00:00,1.1189082,1.3754194,3.435358,5.930214,4.1202154,2.6502986
2095-12-17 12:00:00,1.1968083,1.4893451,4.3351493,7.3403487,4.382848,3.4045136
2095-12-18 12:00:00,1.2585366,1.3936106,3.0254781,4.315378,3.303581,1.898279
2095-12-19 12:00:00,1.7601843,2.0206628,3.1091084,2.9787052,3.255441,2.3049495
2095-12-20 12:00:00,0.8950521,1.1584064,3.392032,5.9056377,6.6342187,3.4213336
2095-12-21 12:00:00,1.7901336,1.9355705,5.01435,8.115043,7.9997663,4.8764586
2095-12-22 12:00:00,4.4899826,3.410544,6.8218365,7.2839684,5.847153,5.21206
2095-12-23 12:00:00,2.5514493,2.2565606,4.665241,6.5372057,5.517536,4.169973
2095-12-24 12:00:00,3.5254402,2.8194284,5.2665715,8.039521,5.5309453,4.3290358
2095-12-25 12:00:00,2.271753,2.1841137,4.8804297,6.816805,4.5879526,4.128924
2095-12-26 12:00:00,2.0551908,2.4734643,5.837297,6.591375,3.352155,4.723104
2095-12-27 12:00:00,2.845366,3.2855499,5.8338714,8.523801,6.871378,4.5622826
2095-12-28 12:00:00,1.9288836,1.9409218,3.8315945,6.1428037,6.3138514,2.7267172
2095-12-29 12:00:00,1.2287928,1.4015502,2.4713335,4.788519,5.0003557,2.1611397
2095-12-30 12:00:00,1.6071975,1.449294,3.7330568,4.1474915,3.610866,2.4104533
2095-12-31 12:00:00,2.1225576,1.8086814,4.0012326,4.819259,4.0989814,2.5378084
