,Norway,NO1,NO2,NO3,NO4,NO5
1971-01-01 12:00:00,1.6468997,2.0048823,2.8275795,7.2890177,9.56617,3.558276
1971-01-02 12:00:00,4.1139245,3.8755276,6.6715856,8.623067,9.613356,6.628654
1971-01-03 12:00:00,3.7701159,4.09952,4.9708385,9.659332,7.32472,5.634171
1971-01-04 12:00:00,2.1078355,2.4894283,4.285458,5.881952,6.941502,4.1385584
1971-01-05 12:00:00,2.7325113,2.861457,6.8659916,6.7883224,4.089878,6.335467
1971-01-06 12:00:00,2.755964,2.5408785,6.0768647,6.560935,5.451391,6.113767
1971-01-07 12:00:00,1.4197117,1.5229925,3.8570101,7.3407354,5.754859,4.191942
1971-01-08 12:00:00,1.8819588,1.4843174,6.0007014,5.51154,6.4853954,5.5907154
1971-01-09 12:00:00,2.0680478,2.4115605,6.1420984,7.032281,6.1986065,7.123002
1971-01-10 12:00:00,3.2308424,3.0165136,7.3556547,5.8055625,9.074396,5.5095387
1971-01-11 12:00:00,5.521067,5.261149,9.69978,10.108817,13.085131,9.668515
1971-01-12 12:00:00,4.537463,4.55557,8.048316,11.135704,11.524432,9.336096
1971-01-13 12:00:00,3.3588667,3.8024514,7.3260455,11.24591,8.808335,9.333184
1971-01-14 12:00:00,3.128802,3.5434356,6.8751917,9.477139,7.2548466,8.386452
1971-01-15 12:00:00,3.3816733,3.7458675,5.835829,9.142599,8.340941,7.66161
1971-01-16 12:00:00,4.946496,4.862029,9.754285,8.952778,7.337858,9.85884
1971-01-17 12:00:00,5.7533984,5.9524546,9.754638,10.62699,10.835581,9.6360235
1971-01-18 12:00:00,3.9631953,3.9055016,7.571133,8.26909,8.603909,6.1410627
1971-01-19 12:00:00,5.118482,4.8712807,7.8322783,6.5129914,5.2451825,6.6420755
1971-01-20 12:00:00,4.9647565,4.832894,9.145434,8.991916,6.622468,9.345932
1971-01-21 12:00:00,3.332775,3.5569687,6.359984,8.953686,9.962504,7.698161
1971-01-22 12:00:00,4.150263,4.234553,6.2276177,6.675252,9.246979,5.663002
1971-01-23 12:00:00,3.4414165,3.261199,6.9666505,7.364168,8.2157,7.151567
1971-01-24 12:00:00,5.6991453,5.8010106,6.9821424,11.018514,10.816481,8.784503
1971-01-25 12:00:00,3.1558306,3.3879478,4.907881,9.128459,15.011933,5.505594
1971-01-26 12:00:00,3.4148004,3.5965874,5.830226,10.882292,11.635605,7.9527755
1971-01-27 12:00:00,5.815619,5.347421,8.672184,10.987809,12.492693,9.173094
1971-01-28 12:00:00,4.320305,5.070519,9.83612,11.925515,9.146637,10.316089
1971-01-29 12:00:00,5.061839,5.66819,7.531338,9.656748,7.7132506,7.3645806
1971-01-30 12:00:00,2.4163866,3.3932765,7.0058737,7.324031,5.444447,7.2408104
1971-01-31 12:00:00,3.737522,4.0423474,8.494237,10.441829,10.051138,8.854711
1971-02-01 12:00:00,4.3129787,5.0396,8.096864,9.492827,10.359409,8.018361
1971-02-02 12:00:00,2.8599658,4.25848,6.49811,10.196981,8.562595,6.807733
1971-02-03 12:00:00,2.9190495,4.8060684,7.5280223,8.098894,10.523781,7.603749
1971-02-04 12:00:00,1.1510284,2.2904196,5.8498154,4.7739663,9.133,5.6872725
1971-02-05 12:00:00,1.6824919,2.305916,4.9100676,6.9494405,5.242056,5.078203
1971-02-06 12:00:00,3.0245697,3.216598,6.404528,6.3172417,10.03524,6.839952
1971-02-07 12:00:00,3.6539617,3.460719,7.254107,6.9927864,9.902252,6.9723973
1971-02-08 12:00:00,2.6772604,3.7013223,6.9785867,7.123299,9.507143,5.9955373
1971-02-09 12:00:00,1.9306606,2.6366746,6.0928392,6.3556843,6.2171607,6.290413
1971-02-10 12:00:00,4.171813,5.5632772,7.6790233,11.383349,10.543028,8.82302
1971-02-11 12:00:00,4.120025,5.1773,7.704859,8.504192,10.213363,8.797818
1971-02-12 12:00:00,3.5171013,3.5798688,7.3170757,6.36338,5.864525,7.2416043
1971-02-13 12:00:00,4.503062,4.6255555,8.445549,9.870155,6.7928076,8.337788
1971-02-14 12:00:00,5.4253826,5.9699903,10.3002615,13.089858,5.764616,11.668247
1971-02-15 12:00:00,5.49606,6.132008,8.930256,11.3302765,7.3484445,9.792024
1971-02-16 12:00:00,3.5182054,3.6691573,5.6925225,8.851021,7.541781,6.7902174
1971-02-17 12:00:00,2.1670635,3.0916107,2.8371549,6.853723,12.440905,3.183262
1971-02-18 12:00:00,1.6306453,1.9389966,2.4165077,5.4269543,5.8046465,2.631205
1971-02-19 12:00:00,1.8716806,2.5483892,3.9694903,8.716671,8.079946,4.7391014
1971-02-20 12:00:00,2.3252602,3.3182385,3.332053,7.0290027,5.7507343,3.862792
1971-02-21 12:00:00,2.237686,2.4797578,2.3983808,3.8789325,4.6271715,2.147462
1971-02-22 12:00:00,3.9508266,4.025008,7.3137712,7.4825287,6.3596992,5.8908014
1971-02-23 12:00:00,3.0364316,3.0897803,8.784775,6.003242,6.236176,5.9507236
1971-02-24 12:00:00,2.60274,2.4468532,8.011321,5.589071,4.8974247,4.742336
1971-02-25 12:00:00,2.3449154,1.8741152,6.5523467,3.6226554,3.9435363,3.480034
1971-02-26 12:00:00,2.8542001,2.5454762,8.663406,5.623911,4.114004,5.6271014
1971-02-27 12:00:00,1.8581595,1.6338007,8.723484,4.3544993,4.343987,5.2514696
1971-02-28 12:00:00,2.1606565,2.1008015,9.301911,4.86774,5.783139,5.2414193
1971-03-01 12:00:00,2.6863995,2.936259,8.579164,5.61123,5.410597,6.168873
1971-03-02 12:00:00,3.0190725,3.6572213,6.6466975,9.575336,7.6432724,7.611004
1971-03-03 12:00:00,2.6160014,2.1397603,4.0472527,7.522259,10.323286,3.9548109
1971-03-04 12:00:00,1.0981809,1.3257983,4.862245,5.25344,8.306917,3.9648287
1971-03-05 12:00:00,1.2368969,1.9957756,4.2135386,8.748864,12.904871,5.0316935
1971-03-06 12:00:00,2.3539643,2.404846,2.8495462,7.656021,10.467051,3.508626
1971-03-07 12:00:00,2.1444256,3.005339,3.1271079,7.7478776,6.4313917,3.5004935
1971-03-08 12:00:00,2.2620301,2.7559512,3.34795,5.261408,6.1798887,3.3593485
1971-03-09 12:00:00,2.249035,2.0501895,4.246011,3.337601,6.0856056,2.5200722
1971-03-10 12:00:00,2.0975,2.5383248,7.2312474,4.1145678,9.189925,4.13983
1971-03-11 12:00:00,2.4047816,3.2629325,3.7841606,6.0076537,7.3615036,4.208212
1971-03-12 12:00:00,3.1620529,3.289775,6.441043,5.2553005,5.1500025,4.8386073
1971-03-13 12:00:00,2.6515167,2.9571133,9.734561,4.954688,6.4982605,6.488732
1971-03-14 12:00:00,3.6650612,3.8898382,8.327383,7.507914,7.2953305,8.163868
1971-03-15 12:00:00,3.8166146,3.524204,5.983698,7.722696,6.606859,6.694251
1971-03-16 12:00:00,2.485696,2.7919722,4.466484,6.484354,6.521912,5.18233
1971-03-17 12:00:00,2.336027,2.0791216,4.5898404,3.753692,7.1493745,3.289696
1971-03-18 12:00:00,2.5074003,2.6871104,6.3003283,5.8102455,11.477161,4.1573963
1971-03-19 12:00:00,2.986201,3.0433,6.1949015,5.000761,5.016928,4.8524017
1971-03-20 12:00:00,2.2430587,2.1145756,4.5284233,3.937364,3.6810222,3.5244427
1971-03-21 12:00:00,2.6184373,2.3775039,5.5229015,3.9593246,3.454914,3.110339
1971-03-22 12:00:00,3.8512194,3.8947024,7.7082663,6.4380984,3.619717,5.1770124
1971-03-23 12:00:00,3.3080878,3.1364164,8.172238,5.507018,3.0132203,5.072953
1971-03-24 12:00:00,1.3230524,1.4676346,4.0940986,2.8268719,3.134864,2.2093835
1971-03-25 12:00:00,2.563884,2.5949776,2.98248,2.769661,3.5997171,2.3946416
1971-03-26 12:00:00,2.3928127,2.113687,3.9407094,3.4123907,5.5898066,2.85865
1971-03-27 12:00:00,3.4109569,3.6000426,4.0384264,5.2462826,7.0219917,3.7332642
1971-03-28 12:00:00,4.2118154,3.2969744,5.3518405,4.5877304,4.3800006,3.059996
1971-03-29 12:00:00,2.475981,2.6632104,3.9111066,4.774051,6.902468,3.347181
1971-03-30 12:00:00,3.4456224,3.7526267,4.0962176,5.115316,6.039913,4.712869
1971-03-31 12:00:00,2.6058931,2.809911,4.3097463,4.7933893,5.2443676,4.434017
1971-04-01 12:00:00,2.5932043,2.733333,5.0135393,5.260882,6.9544845,4.3997254
1971-04-02 12:00:00,2.565347,2.2073512,3.905717,3.0499132,5.244568,2.7910016
1971-04-03 12:00:00,3.3891401,2.9417725,4.826102,4.0522366,3.780078,3.4194112
1971-04-04 12:00:00,2.5088284,2.0947452,5.8394713,2.977856,7.38278,3.1290753
1971-04-05 12:00:00,3.1524997,2.897315,6.6613073,4.2759576,8.78773,3.8600347
1971-04-06 12:00:00,1.7917614,2.0775378,5.763029,4.252324,7.074499,3.4429295
1971-04-07 12:00:00,1.2054853,1.303364,3.8100812,2.6947155,4.9980326,2.4020655
1971-04-08 12:00:00,3.0644462,2.433073,4.3462496,2.876168,4.1364365,2.8084311
1971-04-09 12:00:00,2.4687104,2.3391306,5.0141773,4.261369,6.458948,2.38821
1971-04-10 12:00:00,2.2767358,1.847663,3.9018385,5.497039,7.9284434,2.1355505
1971-04-11 12:00:00,1.6346791,2.231528,2.8930113,6.20012,7.997301,2.0613272
1971-04-12 12:00:00,1.8989532,2.1475055,2.9134324,4.6924353,5.774266,1.7108713
1971-04-13 12:00:00,1.3612038,1.2282642,2.1905468,3.3454244,5.751101,1.4813306
1971-04-14 12:00:00,1.0254133,1.0936364,1.8492302,3.0124862,5.312864,1.5531899
1971-04-15 12:00:00,2.4420843,2.10309,2.7956612,2.5068285,4.4746976,2.354648
1971-04-16 12:00:00,3.4710515,2.881083,4.9377475,3.6662912,3.1403866,3.270799
1971-04-17 12:00:00,3.3609474,2.9873362,6.3415422,3.6864867,3.2226615,3.7019005
1971-04-18 12:00:00,2.6643913,2.104926,5.7604604,2.9196086,3.6440213,3.221078
1971-04-19 12:00:00,2.9082108,2.4412153,5.400204,2.7362459,5.9572916,3.3754635
1971-04-20 12:00:00,2.768288,2.676568,4.9974537,3.158454,6.1936045,3.3758662
1971-04-21 12:00:00,3.055954,2.7200458,4.6677656,3.419889,6.123212,2.892844
1971-04-22 12:00:00,3.6653233,3.417635,6.224195,4.049387,6.258506,4.1640816
1971-04-23 12:00:00,4.659549,4.4804974,8.407018,6.0735974,5.1323013,6.338502
1971-04-24 12:00:00,3.5872035,3.6876674,5.989852,6.597931,4.9933467,6.5627484
1971-04-25 12:00:00,3.020138,3.162375,6.1778975,5.5543017,5.9406004,5.991842
1971-04-26 12:00:00,3.3160274,2.9865215,6.0171857,4.395374,4.0479045,4.1880937
1971-04-27 12:00:00,3.0389,2.6848924,6.2155895,3.840998,3.3478544,3.5570214
1971-04-28 12:00:00,2.5639617,2.144419,5.558815,3.2132063,4.314763,3.1804001
1971-04-29 12:00:00,4.1001005,3.7597554,6.2954507,4.2074876,4.7640257,3.7352378
1971-04-30 12:00:00,2.8356974,2.652256,6.507073,3.406459,4.580041,3.4391582
1971-05-01 12:00:00,1.3276473,1.4847167,4.2687078,2.416462,5.1134233,2.3360014
1971-05-02 12:00:00,1.9138228,2.2768931,2.974837,2.7544124,4.908494,2.7236364
1971-05-03 12:00:00,2.8273869,2.761292,3.465716,4.6039724,3.9028018,3.41644
1971-05-04 12:00:00,2.700279,2.9076223,4.3883204,4.3643684,4.1766605,4.746189
1971-05-05 12:00:00,2.1137333,1.8089324,3.67559,2.7410338,3.2949147,3.9029179
1971-05-06 12:00:00,2.718533,2.027953,3.7906706,3.4831312,3.3723848,3.7188637
1971-05-07 12:00:00,2.7029965,2.5419626,4.0190825,5.366066,6.633265,4.1171126
1971-05-08 12:00:00,3.2911677,2.9285507,4.5172544,4.4268613,7.4445715,4.006648
1971-05-09 12:00:00,2.455691,2.0864756,2.9743261,2.8399367,3.6028018,2.1161177
1971-05-10 12:00:00,5.1686373,4.1714406,5.1051164,3.4920902,3.5617437,3.0921748
1971-05-11 12:00:00,3.4154477,3.222385,4.5446677,3.8752859,4.390961,3.2465234
1971-05-12 12:00:00,3.17894,2.754647,3.552924,4.4327617,5.2303653,2.942579
1971-05-13 12:00:00,1.5112636,1.6385685,2.2144353,4.999985,4.817167,2.2685425
1971-05-14 12:00:00,1.4135355,1.6332307,2.422662,5.147803,3.9457119,1.8956075
1971-05-15 12:00:00,1.6588789,1.7080499,3.390195,4.7948213,4.2504096,2.2603035
1971-05-16 12:00:00,1.6427135,1.6235609,3.5608323,4.3790975,5.3754497,2.0165644
1971-05-17 12:00:00,3.0465424,3.1290083,2.882266,2.8650928,5.083885,2.5258574
1971-05-18 12:00:00,1.8900799,2.2793794,6.5295815,3.8630795,5.917375,4.2801538
1971-05-19 12:00:00,3.4955535,3.6483154,8.146674,5.4135814,4.9433494,6.7935953
1971-05-20 12:00:00,3.7101493,3.9670644,8.395379,5.482205,6.341454,5.4979877
1971-05-21 12:00:00,2.4042497,2.522726,5.712388,3.6443696,5.501302,4.0789475
1971-05-22 12:00:00,3.2486846,2.984283,5.5355415,3.4909084,5.2125087,3.4567041
1971-05-23 12:00:00,2.7517214,2.9391515,4.16309,3.600305,2.860583,2.9770732
1971-05-24 12:00:00,1.9505318,1.8974742,2.6312785,2.5164819,3.1186712,1.8677258
1971-05-25 12:00:00,2.1753223,1.9667931,3.8684146,3.318534,3.8861728,3.0544722
1971-05-26 12:00:00,3.206908,2.7142901,4.813882,3.47386,4.863869,4.0438313
1971-05-27 12:00:00,2.8725438,2.562755,5.3897643,3.6150157,6.1875467,3.6640987
1971-05-28 12:00:00,4.4695916,5.0995755,7.0013895,5.067517,6.2465167,4.9747834
1971-05-29 12:00:00,4.076552,4.4819713,5.1571894,4.847123,6.505881,3.9947352
1971-05-30 12:00:00,2.23462,3.1171024,5.356897,5.2913895,5.394581,5.4055405
1971-05-31 12:00:00,2.695451,2.5622163,4.8136215,4.420614,6.6553206,3.4128819
1971-06-01 12:00:00,2.9331453,2.9394586,3.7902105,3.1541626,5.999254,2.937577
1971-06-02 12:00:00,2.2826462,2.6234417,5.0530005,5.261492,5.5016522,4.9984975
1971-06-03 12:00:00,2.5535064,2.5325089,3.256212,3.832509,4.2470784,3.01037
1971-06-04 12:00:00,3.35679,3.4658544,4.7008286,4.690916,4.137118,4.041591
1971-06-05 12:00:00,1.8966585,2.7352736,3.2452517,4.2528906,3.3901148,3.4204888
1971-06-06 12:00:00,2.6847844,3.0637221,3.8631477,5.2346983,3.506383,3.3559682
1971-06-07 12:00:00,4.48816,4.554672,5.3599133,7.9016466,4.203884,5.126214
1971-06-08 12:00:00,3.4673939,3.7368624,6.8318157,7.5657945,8.123616,6.2157245
1971-06-09 12:00:00,3.06984,2.9532084,4.601688,7.553345,8.813377,3.8782935
1971-06-10 12:00:00,2.6578305,2.5574281,4.918767,3.9914494,7.132323,3.3859017
1971-06-11 12:00:00,3.0971878,3.0623693,4.3080444,3.9484916,5.1256394,4.620667
1971-06-12 12:00:00,4.437404,4.3178115,6.199941,4.9851775,4.001078,5.49668
1971-06-13 12:00:00,5.4067273,5.1043158,7.4823155,5.400126,6.9938755,7.4973755
1971-06-14 12:00:00,3.4555054,4.0424623,6.680479,5.2868867,6.903364,7.981292
1971-06-15 12:00:00,4.171828,4.0137506,5.317605,6.536446,5.008653,6.461788
1971-06-16 12:00:00,2.1436152,2.54604,4.9733186,3.834577,5.3495226,4.4976726
1971-06-17 12:00:00,2.8867137,3.1183932,5.065255,5.3701363,3.7681322,5.6429853
1971-06-18 12:00:00,4.129869,3.6440113,3.408159,5.8863173,7.5913973,3.729064
1971-06-19 12:00:00,3.5004442,3.3631606,5.5737944,5.0769267,6.786571,4.6136055
1971-06-20 12:00:00,2.8963778,2.6506772,4.800662,4.75626,6.658311,4.2821913
1971-06-21 12:00:00,3.3182185,3.4198568,4.1531267,5.8040066,4.8780437,3.296068
1971-06-22 12:00:00,2.279329,2.3390589,3.37276,5.0684304,4.545921,2.794166
1971-06-23 12:00:00,2.9310346,2.8084989,4.6459804,4.885217,5.795333,3.3879647
1971-06-24 12:00:00,5.3287225,5.9890037,8.700401,6.615712,7.0923567,7.8203244
1971-06-25 12:00:00,4.1600475,4.1755323,4.640394,5.0927634,6.2009315,4.4269943
1971-06-26 12:00:00,3.7763314,3.7108705,5.517471,4.0573215,6.222089,4.95376
1971-06-27 12:00:00,3.1140318,2.8560855,2.6047904,3.5770638,5.1293325,2.8914492
1971-06-28 12:00:00,2.4687629,2.0421863,3.019229,2.709146,5.4674993,3.081472
1971-06-29 12:00:00,3.8707724,4.0615826,6.257885,3.962788,4.781706,4.8559527
1971-06-30 12:00:00,3.4097488,3.588227,4.5126944,3.7985218,2.936479,4.23993
1971-07-01 12:00:00,1.7681177,1.9986433,3.0812833,2.850225,4.027178,2.1979282
1971-07-02 12:00:00,1.3793242,1.6242733,5.3792133,3.2364378,3.649193,3.7094667
1971-07-03 12:00:00,2.6655617,3.2776563,6.1416945,4.312527,3.0056005,6.4715776
1971-07-04 12:00:00,3.4310725,3.3105934,3.75909,4.806992,4.4834867,3.9674356
1971-07-05 12:00:00,3.9302194,3.7407944,5.605607,4.2054515,4.3924785,5.538865
1971-07-06 12:00:00,4.595848,4.759253,7.279382,5.7132554,4.3317494,7.9493446
1971-07-07 12:00:00,4.396811,4.6196175,5.971292,8.509231,5.7567377,7.2128797
1971-07-08 12:00:00,3.0100594,3.3278022,4.1966205,6.464523,4.245348,4.731754
1971-07-09 12:00:00,2.2304387,2.097378,3.7048972,5.627106,4.483015,4.357925
1971-07-10 12:00:00,3.18286,3.0941622,3.3636127,5.5554037,5.2383046,4.0622673
1971-07-11 12:00:00,2.280517,2.6003377,2.4641907,6.3125644,6.780691,3.1919227
1971-07-12 12:00:00,2.9636967,2.8591712,2.771466,3.308165,7.1650352,3.5006974
1971-07-13 12:00:00,2.679637,2.839529,3.078856,4.111157,6.5694256,3.8680766
1971-07-14 12:00:00,3.4355304,2.9186962,5.298476,4.851425,5.9405785,5.0363536
1971-07-15 12:00:00,4.7870803,4.5514407,7.143937,5.853575,4.8971124,6.5160127
1971-07-16 12:00:00,2.2907765,2.5567188,4.779023,4.6033053,6.728758,3.990071
1971-07-17 12:00:00,1.4476558,1.7509236,4.672862,2.2530317,7.2026525,2.8864603
1971-07-18 12:00:00,2.4195235,2.1599178,3.74451,3.0135899,6.163929,2.7215934
1971-07-19 12:00:00,3.069122,2.9177196,3.433713,3.6846054,5.437911,3.7445564
1971-07-20 12:00:00,2.321799,2.5415313,4.5791883,4.8020754,4.8370514,3.9613638
1971-07-21 12:00:00,2.413172,3.0431645,5.068263,5.0798874,7.1303544,3.3331463
1971-07-22 12:00:00,4.547721,4.8056917,6.224127,6.2054973,5.5585656,6.369215
1971-07-23 12:00:00,3.4269168,4.2583957,8.234945,6.015601,5.055404,7.78922
1971-07-24 12:00:00,3.2400491,3.131115,4.7410316,4.20073,5.231395,3.083868
1971-07-25 12:00:00,3.5872016,3.893259,5.3225436,5.6631904,3.7018504,5.873475
1971-07-26 12:00:00,2.6123269,2.8155177,4.651945,4.334574,4.519763,4.831926
1971-07-27 12:00:00,2.6150582,3.303807,5.045407,5.290667,5.1395135,5.5779696
1971-07-28 12:00:00,3.0216923,3.172196,4.851322,5.391805,4.8539524,6.103795
1971-07-29 12:00:00,1.855353,2.1070971,2.8897698,4.3687882,3.8299294,4.291361
1971-07-30 12:00:00,2.1677008,2.006726,3.5457685,2.8944669,3.2524734,3.3242466
1971-07-31 12:00:00,2.6368592,2.3046079,4.5444107,3.1368263,4.391409,3.348799
1971-08-01 12:00:00,3.8000047,3.4028695,4.999539,4.556592,3.7664835,4.5339055
1971-08-02 12:00:00,4.4786325,3.6793427,5.989952,2.5224981,4.3805323,3.5814009
1971-08-03 12:00:00,3.0908926,3.0539014,3.2391813,3.8109891,5.6715183,3.7641196
1971-08-04 12:00:00,1.4881544,1.8287299,2.7724593,2.4798062,6.4608192,2.1406524
1971-08-05 12:00:00,3.1973252,3.413693,4.555245,3.6503553,5.2138224,3.6456738
1971-08-06 12:00:00,5.262941,4.978553,5.911916,6.0272903,5.732569,5.342418
1971-08-07 12:00:00,4.1445827,4.0411353,7.3988824,6.4955235,9.649268,6.1507854
1971-08-08 12:00:00,3.3418078,3.2634845,7.7062187,5.179991,9.821807,6.245454
1971-08-09 12:00:00,3.071077,3.306613,4.322945,6.524952,7.996929,3.4585166
1971-08-10 12:00:00,1.3648442,1.5338533,2.1291533,3.439326,3.560625,1.7714003
1971-08-11 12:00:00,1.7169523,1.744508,2.7593567,2.6612942,3.5058646,2.7598839
1971-08-12 12:00:00,2.4979506,2.1036475,3.9321098,3.1734502,5.200079,3.4016004
1971-08-13 12:00:00,2.3607113,2.3235254,7.0906963,4.355913,4.281038,4.1965685
1971-08-14 12:00:00,3.2580893,2.8996332,6.5287,4.2499185,4.855277,4.313893
1971-08-15 12:00:00,1.5910584,1.7063305,5.0942445,3.8488963,4.940383,3.1195073
1971-08-16 12:00:00,2.2760587,2.705825,5.173676,3.7651753,5.2603235,5.035554
1971-08-17 12:00:00,3.7686553,3.8877244,4.023843,3.1930144,5.0119696,3.5756855
1971-08-18 12:00:00,1.7333777,2.264607,3.6339772,3.7804532,4.997286,4.0763884
1971-08-19 12:00:00,2.251612,2.3960896,5.2834063,3.417452,4.8789315,3.8188555
1971-08-20 12:00:00,4.346951,3.8663409,7.0986476,4.3842053,5.2584376,4.613289
1971-08-21 12:00:00,4.719019,4.445909,6.062991,6.9707985,5.2705398,7.150858
1971-08-22 12:00:00,2.7106876,2.9727194,4.978789,4.2801037,4.91242,5.1303134
1971-08-23 12:00:00,3.3930855,3.5809186,4.202422,4.6481333,3.2273033,4.1818743
1971-08-24 12:00:00,4.310748,3.8934398,4.7995114,9.80138,6.641222,6.953767
1971-08-25 12:00:00,2.4530668,2.9113064,5.2364106,7.4436426,5.532358,6.735499
1971-08-26 12:00:00,5.1637816,4.199,5.240435,4.4319754,3.2340026,4.254339
1971-08-27 12:00:00,3.4308085,2.5429738,3.7857275,3.9394965,3.475504,3.323629
1971-08-28 12:00:00,2.7282815,2.3954072,2.501767,4.6421027,5.3653874,2.2716842
1971-08-29 12:00:00,3.2031765,2.7865095,2.6335964,4.310747,4.5719256,1.740831
1971-08-30 12:00:00,2.5193558,2.227942,2.4946303,4.240651,3.557981,2.4868848
1971-08-31 12:00:00,1.9350773,2.2610068,6.5085206,5.0140986,4.001255,5.6468477
1971-09-01 12:00:00,3.0995088,3.2131612,7.912088,5.520602,5.5075192,5.819541
1971-09-02 12:00:00,1.8556434,1.7116996,4.9346848,4.7531714,6.6920805,3.03119
1971-09-03 12:00:00,2.1789742,2.5837636,6.204384,5.200695,5.8691726,6.3630095
1971-09-04 12:00:00,3.8667235,3.5423732,4.7752867,4.0066814,5.884476,4.8079677
1971-09-05 12:00:00,3.658068,3.570069,4.6401086,4.4414544,3.8033905,4.1195908
1971-09-06 12:00:00,2.8798018,2.7664866,4.167813,3.8028493,3.2293427,3.9387348
1971-09-07 12:00:00,2.1475966,2.544117,5.071314,5.9106464,2.8788896,5.560466
1971-09-08 12:00:00,2.384421,2.533272,4.8640327,5.128927,2.6039765,4.7369905
1971-09-09 12:00:00,3.1998048,3.1189463,4.003424,3.870168,3.6036494,3.1767397
1971-09-10 12:00:00,3.2612963,3.5282698,6.2528234,6.715473,5.6544414,6.7911954
1971-09-11 12:00:00,5.0294976,4.8435125,10.053266,7.5491343,8.38246,8.965598
1971-09-12 12:00:00,5.35915,5.469111,9.425144,8.177204,6.3945737,8.908094
1971-09-13 12:00:00,6.366151,5.911341,11.02217,7.539396,5.517177,9.654045
1971-09-14 12:00:00,5.025629,4.9717097,9.166874,6.250993,5.219254,7.622034
1971-09-15 12:00:00,4.2019954,4.311315,6.9257765,7.7947836,5.059715,7.6425
1971-09-16 12:00:00,4.6095285,4.433564,5.851132,5.8699665,7.1848044,5.147299
1971-09-17 12:00:00,5.0878296,5.607941,9.6969,8.628845,6.6948833,9.238341
1971-09-18 12:00:00,5.0911183,5.5359983,9.628472,8.960065,7.891208,8.50564
1971-09-19 12:00:00,2.0993164,2.3082051,8.684142,6.57247,6.7814603,7.2025976
1971-09-20 12:00:00,3.8366604,4.221094,6.5649614,4.832646,3.7975907,4.9092727
1971-09-21 12:00:00,4.052346,4.5670915,5.756165,6.1321936,3.6350079,5.1640253
1971-09-22 12:00:00,3.9080906,4.4319444,5.5329056,7.1811066,7.329293,4.794889
1971-09-23 12:00:00,3.8145652,3.879006,3.487468,3.7090888,6.418884,2.3445723
1971-09-24 12:00:00,2.245905,2.5746639,5.1524553,7.0278416,7.5731936,6.106657
1971-09-25 12:00:00,2.7333379,2.578325,4.5332174,6.622513,7.1356373,3.7996314
1971-09-26 12:00:00,3.5285885,3.8958578,6.080778,10.571247,7.8502283,8.41749
1971-09-27 12:00:00,2.8201175,3.2241812,4.356808,7.3434176,8.909206,4.9368157
1971-09-28 12:00:00,3.790959,3.98118,6.506596,7.2893825,7.795613,7.6555185
1971-09-29 12:00:00,3.501908,3.2528703,4.9212523,4.874389,8.9630995,2.9361787
1971-09-30 12:00:00,2.05443,2.0099175,4.182353,4.3527546,4.302277,3.8496776
1971-10-01 12:00:00,3.8482182,3.905058,7.1656594,8.3040495,6.4618835,7.4640975
1971-10-02 12:00:00,5.82948,5.521467,9.296821,9.534059,6.8507547,8.830233
1971-10-03 12:00:00,5.582462,5.4389205,9.332784,8.642969,7.103401,8.060852
1971-10-04 12:00:00,3.4798284,3.2863977,5.668774,5.3880224,6.6401467,3.3056421
1971-10-05 12:00:00,1.7740915,1.8886689,3.1929314,4.3879366,5.3411946,2.4674752
1971-10-06 12:00:00,0.98041505,1.2128453,2.1531997,5.751826,4.577528,1.8740996
1971-10-07 12:00:00,1.6637266,1.664326,3.6328213,5.7203374,5.468597,3.056571
1971-10-08 12:00:00,4.844376,3.8339658,6.201243,5.0511537,9.305052,3.5900571
1971-10-09 12:00:00,3.916762,4.434223,7.23734,7.200952,6.190057,6.4441924
1971-10-10 12:00:00,2.9340472,3.3959985,6.446057,7.8489714,5.237483,5.599184
1971-10-11 12:00:00,2.5761504,3.04798,3.801497,8.7530365,6.937494,4.58784
1971-10-12 12:00:00,3.1269708,2.7063131,5.2656884,4.9264812,7.9296813,3.75687
1971-10-13 12:00:00,5.78047,4.9907265,6.7892103,4.874749,6.1470127,5.8952703
1971-10-14 12:00:00,1.9918562,2.1285381,3.3823352,5.715589,8.031889,3.0321388
1971-10-15 12:00:00,3.7496548,3.7655067,8.315743,7.108775,8.050384,7.092038
1971-10-16 12:00:00,6.905964,6.3591905,9.957099,10.015391,8.502405,8.310123
1971-10-17 12:00:00,1.9468105,2.4389498,3.87163,7.6237254,12.073701,3.8033125
1971-10-18 12:00:00,1.7400692,2.3671296,3.1294293,8.341589,11.210504,4.7690544
1971-10-19 12:00:00,1.5969653,1.666986,3.1088705,3.9606667,8.915336,2.5428557
1971-10-20 12:00:00,1.961169,2.216565,8.423255,5.1969695,5.402156,6.4339933
1971-10-21 12:00:00,4.5723248,5.3084946,10.99374,9.315009,7.36516,10.073065
1971-10-22 12:00:00,3.611413,3.4846282,6.163048,7.9766126,8.642285,6.320373
1971-10-23 12:00:00,2.574708,2.4955845,5.1640525,4.3881626,7.402863,3.8888428
1971-10-24 12:00:00,1.3252193,1.4561627,2.854084,3.6324186,5.3908625,2.0955064
1971-10-25 12:00:00,1.6435773,2.0369406,4.0275764,4.387443,3.814692,3.983271
1971-10-26 12:00:00,3.7943585,3.3229694,7.3469324,5.24511,5.8860674,5.2282996
1971-10-27 12:00:00,3.663096,3.5300906,5.177519,7.311588,8.206295,6.882575
1971-10-28 12:00:00,2.4920814,2.4534688,3.2105253,6.1175985,7.19333,3.171537
1971-10-29 12:00:00,3.4340677,2.8786917,4.8486586,4.4128947,6.1843643,3.5596757
1971-10-30 12:00:00,2.4485364,2.5265913,3.0757089,3.7425005,5.303957,2.2337568
1971-10-31 12:00:00,3.3291478,3.4371617,7.5819674,7.5143223,6.184417,6.7868485
1971-11-01 12:00:00,4.5404663,3.558112,7.538454,5.184458,5.035463,5.5777626
1971-11-02 12:00:00,3.0136828,2.820559,5.317534,5.0881634,4.634107,4.859648
1971-11-03 12:00:00,1.6223723,1.8654875,4.419159,3.9754326,6.2082453,4.0374937
1971-11-04 12:00:00,3.6440196,3.155111,5.7810593,4.776157,7.118914,3.6826928
1971-11-05 12:00:00,4.7574196,4.5842094,7.856059,6.8448763,7.5857005,6.5841746
1971-11-06 12:00:00,3.3731449,3.147747,5.782043,3.6684182,9.92066,5.240582
1971-11-07 12:00:00,2.0723784,2.4049704,6.6380644,5.383648,9.037082,5.362132
1971-11-08 12:00:00,3.1838517,3.5357034,5.1672378,6.6606035,6.635745,4.6232033
1971-11-09 12:00:00,5.2363205,5.1042547,7.029025,10.435946,6.3313107,7.5958967
1971-11-10 12:00:00,2.387385,2.362798,4.4475827,6.381784,8.514213,4.2523894
1971-11-11 12:00:00,3.081725,2.6307156,5.109925,4.106617,7.2829285,3.536666
1971-11-12 12:00:00,1.4589739,1.8528445,4.6598253,4.98419,5.6594963,4.772333
1971-11-13 12:00:00,3.783502,3.8866205,8.258118,7.942502,7.0503592,8.325079
1971-11-14 12:00:00,3.834678,3.931202,7.58725,6.6754475,7.1087255,6.4065294
1971-11-15 12:00:00,3.5331213,3.6115298,5.959727,7.190105,4.927878,4.6745906
1971-11-16 12:00:00,3.481968,3.3114026,4.145358,4.1740813,5.4920344,3.2232406
1971-11-17 12:00:00,1.8452001,2.1997695,3.2796233,5.2529883,6.79737,3.2043312
1971-11-18 12:00:00,3.1135345,3.2296486,7.894902,8.904642,5.484371,8.899499
1971-11-19 12:00:00,5.425559,5.1644845,8.974214,10.515613,8.413529,8.637646
1971-11-20 12:00:00,5.1762557,5.2876225,9.885515,10.511673,7.8156056,10.265773
1971-11-21 12:00:00,3.3319843,4.1640906,8.203407,9.790924,4.957353,7.4734116
1971-11-22 12:00:00,2.9187107,3.2650256,7.76514,8.762974,6.2894025,7.41492
1971-11-23 12:00:00,1.8411776,2.1161885,4.923632,7.243994,8.965588,4.310577
1971-11-24 12:00:00,4.493064,4.603326,8.737557,10.179719,8.7373,9.550614
1971-11-25 12:00:00,3.453289,3.5484014,6.6341014,9.062105,6.7012362,6.2734013
1971-11-26 12:00:00,4.526338,4.0117755,8.247311,6.6562,5.0494943,8.425748
1971-11-27 12:00:00,4.0767155,4.14509,6.9102015,7.4149065,6.424141,7.0951757
1971-11-28 12:00:00,3.1549652,2.91394,6.6678424,8.174931,6.7679706,7.105557
1971-11-29 12:00:00,5.8247857,5.6090913,9.019203,9.203763,8.026977,8.161859
1971-11-30 12:00:00,4.2264643,4.307485,6.5215087,7.817825,6.540882,6.619737
1971-12-01 12:00:00,3.3299139,3.392985,7.7747307,8.595373,5.6903377,7.3125505
1971-12-02 12:00:00,6.375934,6.4153438,10.848789,13.507679,10.052774,11.563635
1971-12-03 12:00:00,5.357774,5.5399237,10.397254,13.274862,11.902438,10.390919
1971-12-04 12:00:00,4.345636,4.1878314,8.631751,9.004736,8.149529,7.833894
1971-12-05 12:00:00,6.738867,6.509989,10.522035,10.372276,7.8469605,10.275819
1971-12-06 12:00:00,4.39087,4.745552,9.215942,10.436302,9.2012005,9.13631
1971-12-07 12:00:00,6.873332,7.2230763,11.686895,12.021031,9.237954,10.99867
1971-12-08 12:00:00,4.3144646,4.559214,6.6698084,8.898031,11.550862,7.3235645
1971-12-09 12:00:00,4.892189,5.3334613,10.147103,11.37661,9.461391,11.160046
1971-12-10 12:00:00,5.965316,6.048462,8.580862,12.196601,12.545648,10.771148
1971-12-11 12:00:00,3.8288186,4.3680205,8.323321,9.773548,12.308658,8.860481
1971-12-12 12:00:00,4.47773,4.9686203,8.037116,9.632755,9.407064,8.833774
1971-12-13 12:00:00,4.021559,4.299895,7.1166625,10.907372,11.467515,8.679558
1971-12-14 12:00:00,4.8977942,4.983051,7.582743,13.452094,9.919456,10.451443
1971-12-15 12:00:00,3.960242,3.8824558,6.8705864,10.887141,8.430177,8.382295
1971-12-16 12:00:00,2.214142,2.286958,6.7732644,7.4446535,7.363588,6.442253
1971-12-17 12:00:00,2.2875068,1.8239138,7.3042445,4.782065,9.442161,4.3383183
1971-12-18 12:00:00,2.974364,2.5604098,7.9211946,5.861228,7.4318957,5.476539
1971-12-19 12:00:00,2.5984292,2.9662414,9.539554,7.085051,7.311572,7.4776697
1971-12-20 12:00:00,3.1487763,3.3229504,10.790098,6.645493,8.173162,8.247623
1971-12-21 12:00:00,3.8284965,3.3536701,8.465751,6.7052937,6.7945056,6.5206904
1971-12-22 12:00:00,2.0953832,2.2795746,4.0860405,4.510726,6.56771,3.242082
1971-12-23 12:00:00,2.1500545,1.9380968,3.7169929,2.9469132,4.1874413,2.4314382
1971-12-24 12:00:00,1.5379328,1.5071253,4.234749,3.3325872,3.3888264,2.726455
1971-12-25 12:00:00,3.1745927,2.4664137,4.7780128,3.6436875,4.5454216,3.3400977
1971-12-26 12:00:00,2.5657325,2.6729584,3.488521,2.8386629,5.2094893,3.365232
1971-12-27 12:00:00,2.162255,2.11109,4.654468,6.932391,5.6870527,5.167414
1971-12-28 12:00:00,1.1746002,1.6799543,4.5017715,8.619081,7.5759563,5.6954603
1971-12-29 12:00:00,2.468517,2.0504286,3.943344,7.274102,8.514819,3.9711225
1971-12-30 12:00:00,1.8019215,2.0317943,3.8598597,4.4376245,8.910024,2.715419
1971-12-31 12:00:00,2.394817,2.2159364,7.6473575,5.542368,5.6879063,5.679111
1972-01-01 12:00:00,4.044305,4.000706,9.927946,9.953131,9.420401,8.741739
1972-01-02 12:00:00,2.5105712,2.4212015,5.6011586,6.2788186,11.095898,5.4146857
1972-01-03 12:00:00,1.8719422,2.2484806,7.7214656,6.9318604,6.7056084,7.8838034
1972-01-04 12:00:00,4.497326,4.2071147,8.175538,6.5929,5.4665275,7.0804563
1972-01-05 12:00:00,2.0244331,2.176186,3.5947847,4.9420505,7.014957,4.091675
1972-01-06 12:00:00,2.5199385,2.4270656,4.3631225,6.532079,6.3827214,3.451695
1972-01-07 12:00:00,2.5077324,2.259613,6.841227,7.7099695,6.411401,5.3474374
1972-01-08 12:00:00,2.6277473,2.3701615,8.653863,7.014169,8.186205,6.7734356
1972-01-09 12:00:00,4.2018414,3.8911765,8.317719,8.288042,6.7898035,7.811836
1972-01-10 12:00:00,3.4745905,3.1711955,7.6857157,5.318119,7.3530555,6.1115937
1972-01-11 12:00:00,3.202423,3.6723099,7.4470696,8.23962,7.479031,8.486435
1972-01-12 12:00:00,7.148188,7.338645,14.431586,11.998326,8.416116,13.206688
1972-01-13 12:00:00,4.8028145,5.1273127,10.577651,10.015953,6.674437,8.451489
1972-01-14 12:00:00,3.6325536,3.8522208,7.2888155,9.734277,6.396811,7.8109865
1972-01-15 12:00:00,4.6108866,4.648543,8.582958,12.862051,10.81993,9.37627
1972-01-16 12:00:00,3.9230556,3.7892816,6.760776,10.115006,10.143722,7.444543
1972-01-17 12:00:00,5.4463806,5.318618,9.28187,12.25772,11.90108,9.877376
1972-01-18 12:00:00,3.5591605,3.9463465,6.8279986,12.945904,12.417904,8.832319
1972-01-19 12:00:00,7.3269887,7.200295,11.428371,14.463215,11.234173,13.253664
1972-01-20 12:00:00,7.1425962,6.8236294,10.296188,12.685536,12.820471,10.197311
1972-01-21 12:00:00,4.450771,4.489253,8.5779705,9.227946,15.619361,7.4138455
1972-01-22 12:00:00,6.662538,6.628865,9.766363,10.091553,9.750039,9.213741
1972-01-23 12:00:00,4.50653,4.2898803,8.140713,7.1269784,5.2391453,7.641912
1972-01-24 12:00:00,4.5896378,5.0197973,7.997594,8.15136,4.514086,7.535873
1972-01-25 12:00:00,3.2996695,3.537825,7.063512,7.7811527,4.806962,7.0591807
1972-01-26 12:00:00,4.72628,4.442533,9.0865,8.898785,9.557952,8.597695
1972-01-27 12:00:00,6.961879,6.813546,11.309431,10.426498,8.708142,10.534442
1972-01-28 12:00:00,4.3430986,4.4426494,7.4070334,7.9073434,10.49595,6.7183685
1972-01-29 12:00:00,3.604598,3.3504393,5.6280565,6.4419365,8.111156,4.7700233
1972-01-30 12:00:00,2.0710945,2.367394,3.5144653,4.471082,7.286924,4.708129
1972-01-31 12:00:00,1.5163991,1.6943269,3.4853473,5.4484987,6.946545,3.346066
1972-02-01 12:00:00,3.383196,3.0011704,6.519358,7.730103,6.969921,5.1889515
1972-02-02 12:00:00,1.6972864,1.8353956,4.8963637,3.7198226,7.5249443,4.3821034
1972-02-03 12:00:00,3.8651712,3.4343145,7.9424944,7.0190887,7.630612,6.9160194
1972-02-04 12:00:00,3.3680222,3.1978054,6.502081,5.2974806,6.8657084,4.5887265
1972-02-05 12:00:00,2.5387917,2.8184104,6.200717,6.2999554,4.6434937,4.510744
1972-02-06 12:00:00,2.3436317,2.3068197,5.214047,6.2338314,5.181045,5.3979554
1972-02-07 12:00:00,4.025055,4.2767816,7.0305643,9.63503,12.113945,8.071871
1972-02-08 12:00:00,3.2209184,3.5926192,7.999827,8.66943,8.950037,8.413347
1972-02-09 12:00:00,7.180863,7.224892,11.693882,11.4935465,12.480316,10.689547
1972-02-10 12:00:00,4.650333,4.805155,9.807701,9.799928,10.920117,9.470284
1972-02-11 12:00:00,4.2780185,3.8027174,9.216212,9.182007,10.253106,5.910257
1972-02-12 12:00:00,2.746835,3.282268,6.3458686,9.949357,7.266464,6.7241135
1972-02-13 12:00:00,4.122768,5.178305,7.4877467,12.344534,5.113818,8.177697
1972-02-14 12:00:00,3.9115458,4.585648,6.5482945,9.334146,7.5486016,6.5928535
1972-02-15 12:00:00,4.2303867,4.553474,9.1985,11.734954,11.194936,9.615265
1972-02-16 12:00:00,4.3533626,5.492778,8.176539,11.845051,11.001497,8.92049
1972-02-17 12:00:00,4.263798,4.9847975,6.4798713,10.21355,11.358075,7.961777
1972-02-18 12:00:00,2.3510482,2.5304646,5.3458285,7.7484713,7.2011747,6.2197685
1972-02-19 12:00:00,4.4427414,3.5953026,6.4201236,8.86438,7.9689627,7.386733
1972-02-20 12:00:00,3.821643,3.6339417,5.100322,9.709162,8.031411,6.782829
1972-02-21 12:00:00,5.4296308,5.3379374,8.705101,11.212663,10.537217,10.255753
1972-02-22 12:00:00,7.418656,7.683342,12.577094,13.886847,14.142429,13.476221
1972-02-23 12:00:00,7.235781,6.755396,10.822906,11.696772,11.950651,11.510517
1972-02-24 12:00:00,7.760818,6.995341,9.103536,8.024391,12.258538,6.806157
1972-02-25 12:00:00,4.3303766,4.166061,8.731538,8.000924,7.0171056,7.756426
1972-02-26 12:00:00,5.7353168,5.9935756,10.075625,9.521345,7.4621553,10.1061535
1972-02-27 12:00:00,5.4613614,5.4165406,10.460506,8.082228,7.7714314,8.663935
1972-02-28 12:00:00,5.5707955,5.8661594,9.824297,8.431082,7.6399508,10.843799
1972-02-29 12:00:00,5.8133216,4.6504,7.6138506,6.385205,9.079881,3.5787215
1972-03-01 12:00:00,4.194275,4.207187,7.636219,6.051976,9.767139,5.930997
1972-03-02 12:00:00,2.2869473,2.718856,5.217043,6.4177628,7.3234253,5.325203
1972-03-03 12:00:00,3.565208,3.2133474,5.4076505,5.2629085,7.965369,4.2654767
1972-03-04 12:00:00,3.1402626,3.0039644,5.886037,4.008578,7.893465,5.2657022
1972-03-05 12:00:00,2.4183307,2.3437014,5.5383334,4.628517,6.2224603,5.605481
1972-03-06 12:00:00,3.1707354,2.80334,5.6351423,4.351568,4.20423,4.5886707
1972-03-07 12:00:00,1.9754425,2.1638622,4.227392,5.66534,6.5811586,4.9521575
1972-03-08 12:00:00,3.387098,3.2805848,4.767863,6.493829,6.8310204,6.3342304
1972-03-09 12:00:00,3.261301,3.7858562,7.0297227,9.24118,6.434651,8.127904
1972-03-10 12:00:00,5.185102,5.316625,6.397115,10.549733,10.100165,7.8640704
1972-03-11 12:00:00,3.478665,3.068869,6.479742,7.9772816,7.5512147,5.0855703
1972-03-12 12:00:00,4.619153,4.588017,7.1906815,8.943689,6.1161466,6.6712112
1972-03-13 12:00:00,2.7477117,2.6419423,3.7736945,3.9492407,6.310753,3.7614067
1972-03-14 12:00:00,1.7903634,1.939641,3.019178,5.491143,4.9163036,2.91396
1972-03-15 12:00:00,2.445488,2.8878798,4.637015,6.0736165,5.0550976,5.243364
1972-03-16 12:00:00,3.243267,3.6830375,6.534949,10.083664,9.116996,7.061082
1972-03-17 12:00:00,4.0225143,5.064237,7.1472125,9.375511,6.3111405,7.7077556
1972-03-18 12:00:00,2.0437365,2.2804816,5.4188333,5.0149107,8.512915,4.9074893
1972-03-19 12:00:00,5.1437807,5.576837,7.6172953,9.225021,6.0381184,7.934492
1972-03-20 12:00:00,1.4026508,3.1398475,5.942173,8.153864,5.7272916,6.0621877
1972-03-21 12:00:00,1.3704586,1.4514868,4.0673037,4.031829,4.9109483,4.4120407
1972-03-22 12:00:00,1.3467094,1.331627,2.92138,2.0330243,4.2483454,2.1989646
1972-03-23 12:00:00,1.8903217,2.225369,4.142522,5.8451214,4.197573,5.4341164
1972-03-24 12:00:00,3.1976664,3.402879,4.36554,7.7539062,7.8205905,5.998002
1972-03-25 12:00:00,3.831685,4.107873,5.3095922,7.4998493,12.081979,5.3687086
1972-03-26 12:00:00,3.2375777,3.933847,4.4145503,6.7229795,9.515385,4.5476327
1972-03-27 12:00:00,2.4562178,2.7315633,4.8401093,5.249669,6.2890186,4.457151
1972-03-28 12:00:00,3.4954824,3.8657322,7.6817584,7.421577,5.8034196,6.4109263
1972-03-29 12:00:00,4.4090276,4.179778,5.3716063,4.810204,5.7813153,5.230017
1972-03-30 12:00:00,2.5685594,2.938485,2.8316941,3.9601653,6.0062847,2.7606633
1972-03-31 12:00:00,1.7657231,1.8109006,5.7791185,3.9862974,4.1561017,3.3499727
1972-04-01 12:00:00,5.610314,5.3302774,10.6895,7.0881114,5.409972,8.848426
1972-04-02 12:00:00,2.753284,3.2100804,6.4686136,6.463491,8.234191,5.2978954
1972-04-03 12:00:00,3.6584399,3.7968636,4.804045,5.3443584,6.220579,4.249998
1972-04-04 12:00:00,1.8141074,2.414901,3.1464496,4.193921,4.9347425,2.9315832
1972-04-05 12:00:00,4.097933,3.887488,3.326421,5.1345544,4.873359,4.095096
1972-04-06 12:00:00,2.9622436,3.0305743,6.0959735,3.8706422,7.7515993,3.9386935
1972-04-07 12:00:00,1.9231589,1.8865181,5.625862,3.5851433,6.537949,5.1154532
1972-04-08 12:00:00,2.173743,2.2280257,3.9867883,3.874915,6.4552,2.882205
1972-04-09 12:00:00,3.3393223,2.7176945,6.1296096,3.347421,7.728334,3.6345239
1972-04-10 12:00:00,2.4457986,2.2370744,7.5127463,3.2941601,7.912855,4.131194
1972-04-11 12:00:00,1.9854702,2.1592185,7.244867,3.3101723,5.5796328,3.928691
1972-04-12 12:00:00,1.3526561,2.057696,5.7794466,3.759522,4.0273075,3.347625
1972-04-13 12:00:00,1.3285102,1.5620875,4.2401824,4.6629367,8.084683,2.6263871
1972-04-14 12:00:00,2.7664316,3.0668118,5.428414,5.6111217,6.2254148,6.2186775
1972-04-15 12:00:00,4.9558644,4.805128,7.474168,8.40872,7.7108283,7.7189584
1972-04-16 12:00:00,5.138283,4.393984,7.885796,5.946573,8.488093,6.9098563
1972-04-17 12:00:00,3.660083,4.2962637,5.5904174,8.405009,10.897122,5.9312716
1972-04-18 12:00:00,2.626011,3.0253873,3.9186192,5.221753,6.3365636,4.089958
1972-04-19 12:00:00,3.6208923,3.6573725,5.0060687,3.601693,4.8950334,4.5533986
1972-04-20 12:00:00,3.2899244,3.7348938,8.462198,6.6943955,4.9771667,8.831787
1972-04-21 12:00:00,6.874053,6.9743433,10.272504,11.030359,10.86461,11.163217
1972-04-22 12:00:00,6.0278835,6.0582285,7.8959045,11.066451,9.994158,7.8929963
1972-04-23 12:00:00,4.136035,4.49644,5.7540603,9.132532,11.588364,7.436651
1972-04-24 12:00:00,4.778659,4.8862677,5.535825,9.971381,8.727885,7.207627
1972-04-25 12:00:00,3.014924,3.0048218,4.8863173,7.230438,5.8167996,5.7728133
1972-04-26 12:00:00,2.6548774,2.7726793,5.998541,6.345257,5.132413,5.872605
1972-04-27 12:00:00,5.0734572,4.9614286,8.100004,9.548225,6.9011555,8.459862
1972-04-28 12:00:00,5.196302,5.152199,8.740517,8.758251,5.230019,8.204569
1972-04-29 12:00:00,3.9625049,4.407362,5.956824,7.886134,4.38054,6.2227244
1972-04-30 12:00:00,5.099767,5.4493012,7.1795816,8.121726,6.6359076,6.8028216
1972-05-01 12:00:00,4.580341,4.588971,7.893415,7.495003,6.8996663,7.422149
1972-05-02 12:00:00,4.0198817,3.6442168,4.7144103,3.2269323,6.3336215,3.866754
1972-05-03 12:00:00,3.9796185,4.06753,6.305305,7.730202,5.8871155,7.0111775
1972-05-04 12:00:00,6.542177,6.7542963,9.462609,10.540015,7.297075,9.128098
1972-05-05 12:00:00,5.8218465,5.7253966,6.723868,6.4707656,5.332668,5.9783416
1972-05-06 12:00:00,3.2699864,3.463682,3.5898566,3.2153158,3.3309028,3.1280181
1972-05-07 12:00:00,2.5085182,2.244509,4.598078,2.7509673,4.11967,3.103973
1972-05-08 12:00:00,1.9186972,2.1363602,3.703239,5.2323174,5.547108,3.7336133
1972-05-09 12:00:00,5.2988563,5.5550146,7.9760466,10.088212,8.415168,9.005377
1972-05-10 12:00:00,3.2189615,3.1921818,3.3444793,6.5993614,6.573122,3.8192017
1972-05-11 12:00:00,5.50548,5.237872,6.074264,6.4587755,6.50334,6.6432157
1972-05-12 12:00:00,4.5574613,4.0596285,5.4637914,3.4637125,5.443941,4.315636
1972-05-13 12:00:00,1.9978228,1.9672954,4.034469,4.68917,4.946302,4.09565
1972-05-14 12:00:00,3.675728,3.3255222,6.1341853,5.179023,5.6956134,5.4191155
1972-05-15 12:00:00,4.272023,4.088147,6.8518295,5.879328,4.483104,6.291505
1972-05-16 12:00:00,4.1191425,3.5107036,5.084522,4.641286,3.1417592,3.6878517
1972-05-17 12:00:00,4.8528895,4.238616,5.266995,4.3463764,6.1698036,4.3584514
1972-05-18 12:00:00,3.2795303,2.609778,3.0359185,3.5912862,6.117561,1.9075668
1972-05-19 12:00:00,3.420528,2.8996131,3.4058397,3.6791062,3.1377072,2.6247349
1972-05-20 12:00:00,2.7168667,2.336804,5.2522163,4.236554,3.8220804,5.5544295
1972-05-21 12:00:00,3.9808054,4.13935,6.1053,4.856734,5.669724,6.0349436
1972-05-22 12:00:00,3.756359,4.286633,4.4395504,4.985846,6.299896,5.061051
1972-05-23 12:00:00,1.8099532,2.3654335,3.0749178,4.365889,7.120399,2.5187166
1972-05-24 12:00:00,2.3925972,3.0429873,4.0476117,4.6594915,4.7993984,4.346912
1972-05-25 12:00:00,2.9488063,2.8796163,4.387042,4.9673247,7.007763,4.4085803
1972-05-26 12:00:00,5.4653754,4.707758,8.950125,5.2077703,7.2561955,5.949997
1972-05-27 12:00:00,4.775926,4.67698,6.58396,5.316764,4.8085475,5.8408065
1972-05-28 12:00:00,4.15744,4.557502,6.4099574,5.7045593,5.0642977,6.9195347
1972-05-29 12:00:00,3.6071,3.6034698,4.427739,3.4885762,6.477975,3.1654663
1972-05-30 12:00:00,1.4759525,1.8864733,4.4401054,2.927426,6.3072248,2.4803886
1972-05-31 12:00:00,2.53335,3.0384257,5.991445,4.364966,6.404812,4.528363
1972-06-01 12:00:00,4.2796803,4.0968924,6.0434813,3.8622327,6.1207976,4.828811
1972-06-02 12:00:00,3.079715,3.7876427,4.55965,5.1870503,4.774761,4.4381895
1972-06-03 12:00:00,1.8141379,2.4424133,2.9956622,6.087263,4.629277,2.785976
1972-06-04 12:00:00,1.6417915,2.0058124,3.704763,5.256994,5.557877,2.4362507
1972-06-05 12:00:00,2.6047518,2.135656,4.751454,6.844933,6.2485623,2.846807
1972-06-06 12:00:00,5.691775,5.131584,9.4863405,6.0958467,6.257054,6.505758
1972-06-07 12:00:00,4.587303,4.2516565,6.0414824,5.669863,6.971418,4.9316435
1972-06-08 12:00:00,3.9015586,2.9743233,3.1434298,7.0333285,7.6333637,2.5989516
1972-06-09 12:00:00,3.0735116,3.1686342,3.3103523,7.169024,6.8802714,3.3751361
1972-06-10 12:00:00,2.407663,2.5420454,4.1262355,5.794083,6.326112,3.8343399
1972-06-11 12:00:00,3.527101,2.9376395,5.6949596,3.8363135,7.8617334,3.9316416
1972-06-12 12:00:00,2.7705364,2.515312,6.269075,3.0831888,5.89022,4.1358128
1972-06-13 12:00:00,3.2539604,2.8297415,5.6033545,3.2610888,6.412363,2.3803291
1972-06-14 12:00:00,2.644654,2.9799502,4.0823355,4.274569,5.223589,3.2548032
1972-06-15 12:00:00,1.5968838,1.7435887,3.1643932,3.098816,3.4490106,2.2395954
1972-06-16 12:00:00,2.3482382,2.6819682,4.548442,3.0478666,3.9828289,3.5454955
1972-06-17 12:00:00,3.6862226,3.4357486,6.1185603,2.8016317,3.9474273,3.6462696
1972-06-18 12:00:00,3.575766,2.9744904,5.1479526,4.2201824,4.1241193,3.780664
1972-06-19 12:00:00,2.057697,2.6296356,5.6758204,5.6415715,4.3109655,5.6930647
1972-06-20 12:00:00,3.3176765,3.0249364,6.243976,3.9218593,5.911746,4.8644485
1972-06-21 12:00:00,1.8563372,2.1795185,4.6687775,5.7224503,4.5987954,3.783239
1972-06-22 12:00:00,1.7920971,2.2393274,4.2734203,2.6808522,4.2726703,3.6942222
1972-06-23 12:00:00,2.801388,2.2938833,2.5865638,2.1667814,2.8856175,2.1725135
1972-06-24 12:00:00,1.4501863,1.4944519,3.04853,2.4431193,2.5493624,2.8616633
1972-06-25 12:00:00,2.1955247,1.7836744,3.3089323,2.2397666,3.2270238,2.3677335
1972-06-26 12:00:00,2.6556108,2.7895863,4.996053,5.9130077,4.1957474,4.7186813
1972-06-27 12:00:00,5.3588223,5.333555,7.5722814,7.327759,5.1462154,6.181097
1972-06-28 12:00:00,4.526848,4.050535,5.538611,6.282213,7.681242,4.3828177
1972-06-29 12:00:00,4.437899,4.1834464,5.2589493,6.054014,6.2739606,4.612289
1972-06-30 12:00:00,3.1438458,3.8036158,5.78674,5.6439843,5.802773,6.5016675
1972-07-01 12:00:00,5.156618,5.150194,6.799589,5.6318917,5.6660495,7.449327
1972-07-02 12:00:00,3.0974078,3.4036179,4.7025375,5.884351,4.564178,6.798054
1972-07-03 12:00:00,5.8564506,5.363196,5.1788416,5.8737307,6.525142,5.89744
1972-07-04 12:00:00,3.2552588,3.054426,3.200181,5.0155377,7.2988844,2.1765747
1972-07-05 12:00:00,1.5271109,1.6396339,2.9590027,3.6380777,6.0658193,1.9740239
1972-07-06 12:00:00,2.9850678,2.9739966,4.616441,3.3820415,5.3203034,2.9011645
1972-07-07 12:00:00,2.219381,2.3478453,2.4102256,3.5349545,5.2539077,1.9074026
1972-07-08 12:00:00,2.7360945,2.8687336,3.9551384,3.826583,3.9823482,4.3385186
1972-07-09 12:00:00,2.5611043,2.8150496,2.5876558,2.4745834,3.0382347,2.4292507
1972-07-10 12:00:00,2.7783988,3.3623981,4.9930563,4.3611517,3.8495088,5.1040206
1972-07-11 12:00:00,3.6953645,3.6648653,3.9983115,5.30904,7.290163,3.6953988
1972-07-12 12:00:00,3.7028704,3.6705167,4.959634,5.722266,6.8426313,5.3761125
1972-07-13 12:00:00,3.515545,4.2263513,7.8874226,7.019395,5.0574327,6.834593
1972-07-14 12:00:00,4.9175386,5.468833,6.588184,8.087155,5.795538,6.7139454
1972-07-15 12:00:00,4.980862,5.0360556,5.85976,5.5193663,4.1973343,5.618086
1972-07-16 12:00:00,4.290646,4.2361326,5.0351157,4.4187183,4.260915,3.7780416
1972-07-17 12:00:00,3.9870548,4.244307,4.9041324,4.3434215,3.2895074,4.368128
1972-07-18 12:00:00,4.6414475,4.454399,5.737225,4.4889636,3.4001536,3.8444285
1972-07-19 12:00:00,3.891509,4.143557,4.9598055,4.94706,4.4208574,3.7143493
1972-07-20 12:00:00,4.318347,4.450394,6.445384,4.992823,5.4760637,4.1589246
1972-07-21 12:00:00,4.3503633,4.040603,6.1391163,4.5082464,5.340102,4.9052515
1972-07-22 12:00:00,2.5991986,2.8474095,3.430611,4.934744,6.7383275,3.7913296
1972-07-23 12:00:00,3.9539528,3.244403,3.6108449,3.4462004,4.2353415,2.685958
1972-07-24 12:00:00,3.7960799,4.122082,3.77216,5.0410256,5.243615,3.8340647
1972-07-25 12:00:00,4.099579,4.0925503,5.214607,5.8448687,7.5128117,5.6711993
1972-07-26 12:00:00,4.2542906,4.0873194,5.5997705,4.6981826,5.104927,4.502418
1972-07-27 12:00:00,4.2006025,3.937699,8.034506,4.103277,5.4059234,6.426964
1972-07-28 12:00:00,3.9493854,3.894581,5.567253,5.524405,5.8380685,5.4833922
1972-07-29 12:00:00,3.629847,3.6241896,4.6048493,4.673832,6.2126102,5.0371647
1972-07-30 12:00:00,2.5702908,2.8119702,4.8372154,3.3338635,4.8262014,3.8305244
1972-07-31 12:00:00,3.9680803,3.9638555,5.9269276,5.0710473,5.6757097,5.5007076
1972-08-01 12:00:00,4.1147294,3.967603,5.2196913,5.932066,5.081279,5.3802834
1972-08-02 12:00:00,2.2550828,2.4948895,3.4771495,6.206603,5.7823043,3.269144
1972-08-03 12:00:00,2.340655,2.0940452,3.6821594,4.732924,5.5753837,3.2087204
1972-08-04 12:00:00,1.450605,1.9000367,4.33431,6.0052485,6.8357425,5.534276
1972-08-05 12:00:00,4.009394,3.5911815,4.305218,6.930722,7.578493,4.8748817
1972-08-06 12:00:00,3.0726435,2.3906574,4.783403,3.5692227,7.437823,3.2252092
1972-08-07 12:00:00,3.0703776,3.0568094,4.2755146,5.1488624,4.773593,4.27289
1972-08-08 12:00:00,2.3091984,3.1211617,4.680332,7.1378303,7.6368313,5.2460556
1972-08-09 12:00:00,3.3552845,3.4527903,4.6776094,5.8521647,7.520227,4.485852
1972-08-10 12:00:00,2.2352555,2.8755763,4.5878553,5.8823314,7.1183844,3.8844543
1972-08-11 12:00:00,3.0244346,3.180384,4.1226425,4.746881,8.313976,3.8122144
1972-08-12 12:00:00,1.6342818,2.080221,4.26758,4.274185,6.600531,4.8016353
1972-08-13 12:00:00,2.238778,2.7098782,4.9169903,3.9831293,6.411721,4.4022245
1972-08-14 12:00:00,2.622515,2.0391605,5.3360195,2.5102384,5.248512,3.4617386
1972-08-15 12:00:00,3.5714796,3.1170619,6.6293335,3.2649975,3.955567,4.992034
1972-08-16 12:00:00,2.3689883,2.3158054,4.2248874,3.9771945,4.603412,2.7373514
1972-08-17 12:00:00,2.2505167,2.603315,4.3174224,4.193611,4.083245,4.934378
1972-08-18 12:00:00,3.431694,3.7522018,6.3709645,5.9280033,4.849621,5.32312
1972-08-19 12:00:00,2.236617,2.7604969,4.3458767,5.945183,7.541596,4.1700525
1972-08-20 12:00:00,4.436219,4.4140415,6.4922657,5.6470385,3.8912158,5.912156
1972-08-21 12:00:00,3.1229193,2.6447623,3.8568757,3.183794,3.5555685,3.2628555
1972-08-22 12:00:00,3.3291948,2.7180157,3.748555,3.891725,3.4762237,2.7361414
1972-08-23 12:00:00,3.4738722,2.9993975,2.9334733,3.041839,4.738873,2.208628
1972-08-24 12:00:00,1.9441413,1.6531298,2.6807237,2.98606,5.2210493,1.9598207
1972-08-25 12:00:00,2.7385323,2.5866876,4.9823527,3.4144297,3.643692,4.4279714
1972-08-26 12:00:00,2.2577457,2.5596044,4.405639,4.6041512,4.2451925,5.5122275
1972-08-27 12:00:00,3.5064929,3.4926054,5.8498335,5.8467894,6.3374286,5.1988935
1972-08-28 12:00:00,5.295122,4.4808784,6.0266414,4.8667965,7.2687535,4.712771
1972-08-29 12:00:00,4.8887153,4.7030797,6.2758284,5.313242,5.9514875,5.227621
1972-08-30 12:00:00,3.3989832,3.609222,6.2592487,6.2846856,7.347778,5.9953566
1972-08-31 12:00:00,4.609653,4.891028,6.630163,9.327347,7.2735643,8.200602
1972-09-01 12:00:00,3.9968014,4.714455,6.451067,7.868846,9.432379,7.504091
1972-09-02 12:00:00,5.3072014,5.814514,7.2912216,6.859844,8.023243,8.788965
1972-09-03 12:00:00,4.2323356,4.9036136,5.9883614,6.5444007,7.122056,8.365744
1972-09-04 12:00:00,3.2944632,4.2558384,5.880144,5.325937,6.531154,6.8390684
1972-09-05 12:00:00,2.9674811,3.8134584,5.600966,5.652664,5.3845916,5.58209
1972-09-06 12:00:00,3.1816804,3.6677387,6.296951,5.0004926,5.6151457,5.6817393
1972-09-07 12:00:00,5.2345877,5.181751,7.543223,6.0982146,5.2584963,7.2348065
1972-09-08 12:00:00,5.4093776,5.6489015,3.9868653,5.8900604,6.7592053,5.737579
1972-09-09 12:00:00,1.5556636,2.12703,3.4912493,4.838837,6.9897137,4.6723213
1972-09-10 12:00:00,1.0898969,1.2967045,2.8319042,5.25443,9.5018425,2.002665
1972-09-11 12:00:00,4.612488,4.408173,6.685622,8.808678,9.57969,7.0359364
1972-09-12 12:00:00,5.5377655,5.4238477,6.414467,8.292455,5.882549,7.399379
1972-09-13 12:00:00,4.405136,4.525745,5.685577,7.290017,7.5794706,5.851994
1972-09-14 12:00:00,5.8004313,5.7837844,5.139375,7.0315475,3.5061707,5.957645
1972-09-15 12:00:00,3.508175,3.540557,3.049007,5.330535,3.2772143,3.150398
1972-09-16 12:00:00,2.099181,2.3263724,2.637996,4.0493774,3.9956489,3.0470679
1972-09-17 12:00:00,2.4351575,2.4912846,5.5492554,3.4007266,6.3762074,3.8678691
1972-09-18 12:00:00,4.544122,3.6269538,7.2302504,3.587009,4.197454,4.0964303
1972-09-19 12:00:00,2.5846229,2.203067,2.4540467,5.4872727,5.1507363,2.5887568
1972-09-20 12:00:00,1.9187527,1.8300956,2.3877797,3.0954113,5.167763,2.0457325
1972-09-21 12:00:00,1.661566,1.5390702,4.147697,3.7103813,5.146795,2.0932138
1972-09-22 12:00:00,3.6641173,3.3417923,5.6111817,4.903082,4.057262,4.3334637
1972-09-23 12:00:00,3.3432944,2.6886601,4.1020308,4.8791876,4.5246534,3.0552402
1972-09-24 12:00:00,2.0053036,1.7083476,3.8921282,4.822206,3.34935,2.3168662
1972-09-25 12:00:00,2.2343483,2.5359905,3.3454926,2.4114256,5.3762274,2.916253
1972-09-26 12:00:00,3.8033853,4.0083513,4.3614125,5.278929,4.0774074,4.508642
1972-09-27 12:00:00,3.6502917,4.1262193,3.738842,5.669393,5.0131025,2.9383218
1972-09-28 12:00:00,5.1957626,4.3877726,7.511287,4.4970636,4.2289863,4.3897443
1972-09-29 12:00:00,2.8110063,2.03228,3.8171206,4.5720515,6.0217996,2.3732321
1972-09-30 12:00:00,2.031968,1.914852,3.5182567,5.77037,5.473755,3.863845
1972-10-01 12:00:00,1.2873677,1.5462292,3.5869339,4.554427,5.896877,3.556014
1972-10-02 12:00:00,1.948505,2.1226766,5.537164,5.5099225,4.9706326,3.9687212
1972-10-03 12:00:00,3.4640484,3.2498205,5.372442,4.9387994,5.7280035,3.2904534
1972-10-04 12:00:00,2.7650745,2.50364,4.273993,3.6450765,5.1379886,3.1246805
1972-10-05 12:00:00,1.5556678,1.6053412,3.501209,4.045563,4.2150607,4.1481085
1972-10-06 12:00:00,1.5253952,2.1473315,4.1594777,4.615296,5.1513066,3.6427472
1972-10-07 12:00:00,2.5527327,2.762174,5.2522874,7.3278384,5.6258874,6.374286
1972-10-08 12:00:00,3.3470433,3.2872314,6.7467446,6.6146894,6.426071,5.3765326
1972-10-09 12:00:00,2.8467057,3.1372845,4.7012434,9.203085,6.090059,6.1641994
1972-10-10 12:00:00,2.6260083,3.212792,4.396136,7.9140186,7.1863303,4.0784845
1972-10-11 12:00:00,1.7835038,2.1597352,4.140691,7.835259,8.044348,4.6373515
1972-10-12 12:00:00,2.776893,2.9352148,7.096388,5.4042807,7.376251,6.0761294
1972-10-13 12:00:00,3.1654193,3.1731145,6.701387,5.5617085,3.9137237,6.5778303
1972-10-14 12:00:00,3.8211443,3.830821,7.2033763,6.2431893,3.671786,7.25592
1972-10-15 12:00:00,4.9127564,4.6227717,6.7463527,6.7080226,4.6227446,5.4740477
1972-10-16 12:00:00,3.149947,2.899899,5.723499,5.168323,6.4861703,3.6180737
1972-10-17 12:00:00,3.7225385,3.873156,6.8710475,8.283997,7.52443,6.369037
1972-10-18 12:00:00,2.2589731,2.757916,3.7741218,6.740559,8.569603,2.7838
1972-10-19 12:00:00,1.0761625,1.6146433,5.0413685,4.289209,8.788265,2.6739497
1972-10-20 12:00:00,2.4286263,2.4888902,9.048824,5.213931,6.0413504,5.4145246
1972-10-21 12:00:00,2.178722,2.3780742,5.340894,5.4453826,5.3394003,5.59218
1972-10-22 12:00:00,1.417285,1.7414793,4.089971,4.0288944,5.412628,4.1856675
1972-10-23 12:00:00,2.599401,2.5632794,6.1622314,5.873134,6.5120225,5.2564015
1972-10-24 12:00:00,4.186368,3.8608534,8.989084,6.5929055,5.565704,6.93975
1972-10-25 12:00:00,4.5370765,4.2642803,8.218954,6.0587225,6.0853252,6.775944
1972-10-26 12:00:00,3.312622,3.2817004,4.716141,5.1319156,4.823344,4.4784718
1972-10-27 12:00:00,2.6279507,2.702962,3.1993585,4.506727,4.75787,3.8630056
1972-10-28 12:00:00,1.1372036,1.304041,3.4970236,4.076078,4.3494186,3.1986992
1972-10-29 12:00:00,3.28081,3.2169726,6.4093814,7.077707,5.504991,5.944078
1972-10-30 12:00:00,3.6086397,3.9429126,8.180447,8.08866,7.323742,8.331284
1972-10-31 12:00:00,2.2565308,2.7620163,4.6007032,6.9740868,9.095531,5.184451
1972-11-01 12:00:00,0.9846257,1.4381461,3.9007003,5.3623233,8.781926,4.296958
1972-11-02 12:00:00,1.9676151,2.028655,3.1949182,3.9175458,6.246699,2.6124668
1972-11-03 12:00:00,2.1144545,1.6993529,4.7369046,3.2888222,3.2991652,2.6865296
1972-11-04 12:00:00,3.3829818,3.0512335,5.8888736,6.974981,6.5321536,5.5591445
1972-11-05 12:00:00,3.4387577,3.7626526,5.8024406,5.724113,7.822231,5.330911
1972-11-06 12:00:00,5.3400607,5.401397,9.81751,9.793028,9.755609,8.995362
1972-11-07 12:00:00,3.4608364,3.2302477,7.366672,7.341474,8.3006,6.2218375
1972-11-08 12:00:00,5.4956837,5.00722,10.868451,6.5721,6.0742335,7.197541
1972-11-09 12:00:00,3.9885385,3.5750809,9.348311,6.8859243,5.279703,7.3140035
1972-11-10 12:00:00,4.5332184,4.560422,9.529815,9.156898,5.768656,9.1609125
1972-11-11 12:00:00,5.334354,5.696282,8.998126,11.48757,10.8328905,10.123158
1972-11-12 12:00:00,4.1254354,4.3795013,7.093837,8.513446,9.738457,6.5026407
1972-11-13 12:00:00,4.565268,4.083505,7.939591,5.990405,9.6856165,6.147318
1972-11-14 12:00:00,5.2369256,5.4204283,10.065855,8.992844,8.914995,9.843778
1972-11-15 12:00:00,5.1471505,5.276419,8.189305,9.0702,8.030026,8.758834
1972-11-16 12:00:00,3.158985,3.469979,5.6546464,8.139707,9.817981,6.2534523
1972-11-17 12:00:00,5.608635,5.5280647,9.121176,9.093774,8.591531,9.405043
1972-11-18 12:00:00,3.823659,3.679973,6.562115,6.148004,6.018538,5.6795883
1972-11-19 12:00:00,3.9491782,4.050784,6.9801893,5.676906,7.139992,5.888632
1972-11-20 12:00:00,1.5766882,1.9706341,4.6281857,5.7164583,4.3697147,3.297527
1972-11-21 12:00:00,3.5419285,3.1466665,7.0377254,6.787159,7.2418747,5.7672343
1972-11-22 12:00:00,5.4358816,4.7299356,6.449412,4.3991017,6.330739,3.7036076
1972-11-23 12:00:00,2.6314335,2.9305215,4.862562,11.278478,11.479446,7.1589274
1972-11-24 12:00:00,4.7024326,4.4457545,7.567715,10.243534,10.477496,8.226862
1972-11-25 12:00:00,3.6062207,3.0604951,6.4625344,5.7031207,6.0010333,4.907747
1972-11-26 12:00:00,5.9889903,5.167531,9.903456,6.908085,4.292618,6.7795515
1972-11-27 12:00:00,4.719649,5.384845,9.1254425,9.574572,6.3729534,8.28932
1972-11-28 12:00:00,1.92428,2.319466,5.641078,9.649129,6.874513,4.3935633
1972-11-29 12:00:00,3.0657675,3.9137964,5.588205,10.646027,5.8811326,6.1013274
1972-11-30 12:00:00,2.9316318,2.5149193,6.2502513,5.4368677,3.9198585,4.4228716
1972-12-01 12:00:00,1.3252453,1.4952816,4.0427375,6.0495963,5.602499,4.1104107
1972-12-02 12:00:00,1.7274976,2.1131067,5.0110373,5.770285,6.9148326,5.6260705
1972-12-03 12:00:00,2.372933,2.300742,5.19063,6.3200407,8.787843,4.5694666
1972-12-04 12:00:00,3.394434,4.3147874,10.373001,13.026644,12.242933,12.188844
1972-12-05 12:00:00,4.598858,4.9663935,8.652352,9.453039,10.964808,8.831566
1972-12-06 12:00:00,5.775041,5.805475,8.188531,11.096167,10.405562,9.12127
1972-12-07 12:00:00,2.1464565,2.725733,5.47952,10.417304,11.218148,7.7418404
1972-12-08 12:00:00,2.5116596,2.491382,5.516847,6.053378,9.906161,4.6224394
1972-12-09 12:00:00,5.114604,5.0223036,9.701731,10.803427,9.813023,10.183103
1972-12-10 12:00:00,5.387629,4.9380693,9.036069,10.19076,10.016562,8.099541
1972-12-11 12:00:00,3.9178376,3.6334546,7.5391035,7.5102153,10.104911,6.615285
1972-12-12 12:00:00,4.475949,4.7599525,7.9583163,7.27237,7.169426,8.307083
1972-12-13 12:00:00,1.9464905,2.6493864,5.594713,5.2564664,6.3551807,5.747077
1972-12-14 12:00:00,2.413412,2.8821616,5.8134556,7.8811345,5.6038055,7.097733
1972-12-15 12:00:00,4.0250235,4.0031667,5.8167377,9.939311,8.237534,7.7437043
1972-12-16 12:00:00,3.478472,3.3040473,5.069084,7.0579696,9.310919,4.5845914
1972-12-17 12:00:00,3.2615116,2.7214534,5.0678296,3.6308925,7.5099697,3.3373218
1972-12-18 12:00:00,1.4158905,1.3254424,4.4770293,4.2795115,9.535666,2.4529665
1972-12-19 12:00:00,0.7970769,1.0546982,4.7890506,4.698087,9.433533,3.4505935
1972-12-20 12:00:00,0.88706744,1.3789703,5.328737,6.31527,9.041767,4.794868
1972-12-21 12:00:00,1.0176331,1.0605772,5.002579,5.254962,9.349451,3.2736528
1972-12-22 12:00:00,1.8568649,2.0300436,4.940329,3.587013,10.045747,2.9063857
1972-12-23 12:00:00,2.9511862,2.2740045,6.092275,4.226961,6.0626655,2.9794605
1972-12-24 12:00:00,1.2706743,1.4890988,5.0564823,4.2169743,11.079931,2.1226416
1972-12-25 12:00:00,1.4270468,1.5248891,4.515814,3.7444098,9.08666,2.3208642
1972-12-26 12:00:00,1.2233164,1.2306037,6.0897584,3.2199826,6.0866637,3.199742
1972-12-27 12:00:00,1.2861512,1.5152566,4.349529,4.186031,6.466471,2.238545
1972-12-28 12:00:00,2.7265944,2.7071378,4.1904793,4.1768813,4.295802,2.9818702
1972-12-29 12:00:00,1.6642606,2.218801,4.1107087,8.154838,4.6532116,4.092843
1972-12-30 12:00:00,1.429692,1.9950575,3.2440565,6.7703967,5.160467,3.7032588
1972-12-31 12:00:00,1.539559,1.9168189,6.7988496,8.180779,5.529845,7.394807
1973-01-01 12:00:00,2.0529838,2.523863,6.564622,9.096185,9.553329,7.4871426
1973-01-02 12:00:00,2.561141,2.8803356,7.079017,8.293625,8.8923855,7.2557425
1973-01-03 12:00:00,1.6458378,2.0363195,5.352299,7.912909,9.331197,6.204406
1973-01-04 12:00:00,1.4609252,1.8257781,4.689863,7.789059,5.969774,5.383747
1973-01-05 12:00:00,4.8241487,4.3286743,7.8793774,8.992605,6.324399,6.9583917
1973-01-06 12:00:00,2.937477,2.940082,5.1644173,5.6971374,7.735662,4.5456953
1973-01-07 12:00:00,1.6564479,1.8877274,5.606349,6.9765596,6.2349186,5.712164
1973-01-08 12:00:00,4.016032,3.8224614,7.304849,7.434973,6.975469,7.5942497
1973-01-09 12:00:00,2.7727163,3.1311615,3.5111544,5.7073545,5.7064495,2.6083467
1973-01-10 12:00:00,3.575072,2.937516,4.8835125,3.8299453,5.633165,3.3182275
1973-01-11 12:00:00,4.0206165,2.9285553,4.9756365,5.2048635,9.292801,3.0610914
1973-01-12 12:00:00,3.9471877,3.2102277,4.8573666,5.933799,7.1858983,4.075673
1973-01-13 12:00:00,3.1239967,3.197001,4.2487226,7.006405,9.187371,4.6023893
1973-01-14 12:00:00,1.324554,1.7279011,4.1649623,5.6045394,6.9773035,4.0936856
1973-01-15 12:00:00,3.189641,2.8682437,4.401451,3.6197262,7.8458943,2.9728472
1973-01-16 12:00:00,3.7801278,3.2081227,7.150514,4.612254,8.991899,4.937764
1973-01-17 12:00:00,3.0129745,2.3969817,8.073239,4.957423,9.217747,4.712612
1973-01-18 12:00:00,2.087012,2.032669,8.203629,6.1889105,8.282383,5.7050967
1973-01-19 12:00:00,1.3898144,2.0009975,5.496225,9.254373,8.452844,6.1018634
1973-01-20 12:00:00,1.1651803,1.8789082,4.6173034,8.220537,7.51559,5.6198378
1973-01-21 12:00:00,2.143358,2.4205682,4.0579133,6.8619657,4.6864605,4.7442417
1973-01-22 12:00:00,2.158078,2.7940724,4.54041,5.016357,4.85127,5.208328
1973-01-23 12:00:00,3.2191386,3.530591,7.977569,7.307495,5.0481467,7.1598067
1973-01-24 12:00:00,5.5091815,5.6275654,9.883477,8.618661,5.1196556,9.641205
1973-01-25 12:00:00,5.5702085,5.0915227,11.507964,8.009648,5.7191243,9.570557
1973-01-26 12:00:00,2.9875498,3.1646175,6.413326,7.7383795,7.249198,5.3054276
1973-01-27 12:00:00,5.63417,4.9281077,8.462556,5.8887725,4.6408377,6.208331
1973-01-28 12:00:00,3.2335463,3.4243214,7.583262,5.9868793,6.7243404,7.206217
1973-01-29 12:00:00,2.8318515,2.653175,6.802111,4.390148,6.3112764,3.864665
1973-01-30 12:00:00,2.553607,2.722442,4.34009,5.4209757,5.6874757,3.7978883
1973-01-31 12:00:00,3.0898714,2.8283684,7.172684,5.9370656,5.2205935,5.129297
1973-02-01 12:00:00,2.98055,3.028868,4.7991023,5.127772,4.416583,3.1729984
1973-02-02 12:00:00,1.8199419,2.18116,3.5267851,9.220663,10.482248,3.8109016
1973-02-03 12:00:00,5.043718,4.9246135,9.139966,10.911365,9.010848,9.38502
1973-02-04 12:00:00,3.7074938,3.4249287,6.7335916,8.320419,9.15857,5.6251945
1973-02-05 12:00:00,3.140683,3.4767783,5.116965,6.500851,6.75848,5.8114257
1973-02-06 12:00:00,3.0550141,3.2358057,8.044565,7.8562016,4.0783772,7.061585
1973-02-07 12:00:00,4.128233,4.4614797,8.453626,10.067951,4.2733326,7.626131
1973-02-08 12:00:00,2.2556062,2.7174847,6.493646,5.7795553,3.040934,5.5754576
1973-02-09 12:00:00,1.7716764,2.034894,4.8743305,4.0556016,5.284093,3.5694034
1973-02-10 12:00:00,1.4853648,1.9856063,4.210201,5.740557,4.7171907,3.3181617
1973-02-11 12:00:00,2.8989263,2.79749,5.1682487,6.491075,5.1468945,3.3423564
1973-02-12 12:00:00,1.6547765,2.0441778,5.3190427,6.1936584,5.6467333,4.8464108
1973-02-13 12:00:00,2.7828374,3.2298417,5.7569046,6.6855745,8.682772,5.722656
1973-02-14 12:00:00,4.95387,4.7435203,5.2648883,7.20711,8.76287,5.9731336
1973-02-15 12:00:00,4.032539,3.9273546,4.9076586,7.084338,7.727635,5.7598524
1973-02-16 12:00:00,5.359217,5.4493194,7.632144,6.8376765,4.9989786,6.251799
1973-02-17 12:00:00,5.3967104,5.55211,8.8337145,7.4914494,5.4807897,6.930347
1973-02-18 12:00:00,2.9530888,2.740545,5.2856784,5.422128,6.5708876,5.382601
1973-02-19 12:00:00,3.239615,3.5458765,3.673283,5.8418646,7.9365067,3.5736313
1973-02-20 12:00:00,2.6404994,2.694838,5.490785,7.7222986,6.7761517,5.778941
1973-02-21 12:00:00,4.6428847,3.8657076,6.1083417,5.3936224,4.534393,4.030522
1973-02-22 12:00:00,3.741554,2.964951,3.885882,4.7966175,4.0882864,2.6610951
1973-02-23 12:00:00,2.1083074,1.7907289,3.0603826,3.8727472,4.2386208,2.7287457
1973-02-24 12:00:00,1.7965432,1.8587116,3.1030347,2.8306918,3.9712555,2.1211064
1973-02-25 12:00:00,1.6421432,1.8661325,7.186535,5.1948094,5.150071,5.0785832
1973-02-26 12:00:00,2.3523965,2.5608091,8.299717,6.1820645,6.981954,6.4310865
1973-02-27 12:00:00,2.3485065,2.5963948,7.4862065,5.004389,6.694979,5.9221735
1973-02-28 12:00:00,1.6946104,1.8750293,5.9982114,4.672414,6.6022916,5.0494356
1973-03-01 12:00:00,2.4759989,2.2578008,7.0005803,5.217992,6.0895295,4.73312
1973-03-02 12:00:00,1.5801426,1.7336335,3.8518486,4.138876,6.0974436,2.8685772
1973-03-03 12:00:00,1.4683812,1.9177,3.5624511,5.7941637,6.7064657,4.956319
1973-03-04 12:00:00,3.0378234,3.2671065,5.691762,7.6774063,10.090288,6.4745293
1973-03-05 12:00:00,1.0197046,1.5468296,4.7757215,4.7825117,8.741527,4.4217863
1973-03-06 12:00:00,2.506604,3.0827088,8.552889,7.871655,8.62635,8.215347
1973-03-07 12:00:00,4.8164883,4.1937375,5.925431,4.064461,8.426494,4.1402693
1973-03-08 12:00:00,2.109479,1.862508,5.284662,6.0182133,8.264375,4.892804
1973-03-09 12:00:00,1.4094596,1.889296,5.6994495,7.8232474,10.665967,6.42764
1973-03-10 12:00:00,1.3407086,1.5988744,5.1686153,4.9082575,6.299133,4.013244
1973-03-11 12:00:00,2.0281382,1.8281285,3.9717257,4.982784,7.1657286,2.8520794
1973-03-12 12:00:00,1.3579012,2.035011,4.5999475,8.04881,8.036959,6.1810117
1973-03-13 12:00:00,1.9535732,2.3566325,3.6800537,9.331815,10.655119,6.366696
1973-03-14 12:00:00,2.4132943,2.2596972,2.8374166,5.0252185,10.97256,4.8702793
1973-03-15 12:00:00,2.0531573,2.0943856,3.186671,4.3349056,11.073564,2.6834033
1973-03-16 12:00:00,1.0966636,1.268431,2.7453592,3.1187387,7.5063562,2.607324
1973-03-17 12:00:00,1.3074657,1.792154,2.3914883,6.3585453,10.226725,2.0037472
1973-03-18 12:00:00,1.533201,1.9715788,3.2360904,8.446717,8.8052225,3.7598774
1973-03-19 12:00:00,2.4451914,3.1080828,3.897642,5.7476883,7.618834,3.9535651
1973-03-20 12:00:00,1.7906104,1.9850008,4.4596815,4.252197,5.0205,4.5244904
1973-03-21 12:00:00,4.177454,4.3473606,7.4893074,8.924583,6.252082,8.95991
1973-03-22 12:00:00,4.621059,4.930476,6.2273746,8.071554,10.215401,5.983382
1973-03-23 12:00:00,3.281054,4.0100546,2.7531054,7.927104,9.446471,3.3977356
1973-03-24 12:00:00,4.140226,4.279495,4.106361,7.7264986,8.520816,3.7452419
1973-03-25 12:00:00,2.8133302,2.88978,4.260274,5.6786904,7.210466,3.505642
1973-03-26 12:00:00,4.836639,4.562698,6.9772544,6.3321404,7.52425,6.016035
1973-03-27 12:00:00,2.9293141,3.1329944,3.8023255,6.19018,8.476856,3.5209424
1973-03-28 12:00:00,1.6039373,2.2072237,5.627054,3.9869618,7.590091,5.7281175
1973-03-29 12:00:00,2.830265,2.9232028,4.568146,3.947228,4.4000916,3.374519
1973-03-30 12:00:00,1.4192234,1.8716909,2.738398,6.1614175,7.7704,2.6473305
1973-03-31 12:00:00,4.8036814,5.130061,8.188332,9.262122,6.363683,7.6569977
1973-04-01 12:00:00,5.139474,4.6596007,7.8141975,5.912676,8.451636,6.023597
1973-04-02 12:00:00,4.800556,4.640249,7.0860324,5.889291,8.452758,5.3619847
1973-04-03 12:00:00,3.1580043,3.2632864,5.538235,4.661277,5.8775234,5.7768936
1973-04-04 12:00:00,4.754875,4.0791707,5.9957714,4.956863,3.7034154,4.582728
1973-04-05 12:00:00,3.9783134,4.0432343,7.7878647,7.2379966,6.2912197,7.4734983
1973-04-06 12:00:00,3.183868,3.3920996,5.698057,7.1341944,8.295022,5.9800415
1973-04-07 12:00:00,5.8179426,5.74528,8.475071,9.743284,8.827901,8.9179125
1973-04-08 12:00:00,6.2136126,5.792495,8.192077,8.554821,7.664993,9.034761
1973-04-09 12:00:00,5.802527,6.1829624,8.22635,11.744737,7.3202395,10.996396
1973-04-10 12:00:00,3.4797726,3.5819376,3.3509724,10.214173,7.8907156,5.454095
1973-04-11 12:00:00,2.5241318,2.2612796,3.7265823,4.7850285,6.9535494,4.6682396
1973-04-12 12:00:00,1.6060762,1.5792707,2.6838531,3.7605677,5.4889,3.005708
1973-04-13 12:00:00,1.6776066,1.5577676,4.220453,3.6177993,5.939335,3.4652207
1973-04-14 12:00:00,4.146956,4.1339874,8.377073,6.8848724,8.163388,7.2519693
1973-04-15 12:00:00,4.5106754,4.9071636,7.7875304,9.069926,10.08916,8.689457
1973-04-16 12:00:00,3.2488294,3.7228992,4.5170846,8.602161,9.237251,7.111961
1973-04-17 12:00:00,2.4952183,2.7680297,4.519214,8.464986,7.6528573,7.1502733
1973-04-18 12:00:00,4.1573987,3.7427921,5.719192,8.673096,5.5615916,7.157221
1973-04-19 12:00:00,3.5580544,3.7175112,4.6536155,8.723307,3.8259988,6.4898148
1973-04-20 12:00:00,4.5468426,4.340323,5.0605655,9.964384,6.602106,5.5311427
1973-04-21 12:00:00,2.9658725,3.4102576,4.385407,6.8066134,7.658481,3.7233014
1973-04-22 12:00:00,2.9641018,2.6845589,5.287705,5.826,8.038819,4.685538
1973-04-23 12:00:00,2.8425157,3.3698595,4.055311,6.143167,6.5739393,3.8074834
1973-04-24 12:00:00,3.408624,3.0937705,4.7187266,4.4764633,4.5946016,4.038269
1973-04-25 12:00:00,2.2239258,2.2520592,4.1987333,4.723598,3.4733257,5.214788
1973-04-26 12:00:00,2.2312016,2.51707,4.49661,3.636506,3.7365112,5.089994
1973-04-27 12:00:00,2.6436083,2.883426,3.2741418,4.563868,5.430583,4.1167707
1973-04-28 12:00:00,2.8229902,2.7032619,2.3822699,6.389935,8.968307,3.0381353
1973-04-29 12:00:00,2.3195803,2.8800478,2.9816744,7.3005533,8.311906,3.3218117
1973-04-30 12:00:00,2.5928986,3.181418,3.9852722,5.6633663,7.8511343,4.632607
1973-05-01 12:00:00,2.206223,3.1263707,4.1818447,7.875575,4.55163,3.8642485
1973-05-02 12:00:00,4.236909,4.5176964,6.6566668,8.024954,4.994549,6.8481317
1973-05-03 12:00:00,4.8686447,4.830281,7.7374773,7.2575064,3.5131683,6.73053
1973-05-04 12:00:00,2.7573736,3.0391989,5.346023,4.7450514,2.3819504,4.8786354
1973-05-05 12:00:00,2.9909222,3.0083928,7.243767,5.7178793,3.5169573,6.964587
1973-05-06 12:00:00,3.7073817,3.3471045,5.5660877,4.3365064,3.7693827,4.925843
1973-05-07 12:00:00,3.7020001,3.225681,4.071863,3.429735,4.4765244,3.7466497
1973-05-08 12:00:00,2.5585792,2.1473444,3.3920097,2.2962341,3.973952,2.8085558
1973-05-09 12:00:00,2.3698459,1.9735637,2.3331902,4.3656588,3.8399253,1.8561282
1973-05-10 12:00:00,2.427077,1.9131615,2.8181856,3.2997947,4.6468515,2.1318862
1973-05-11 12:00:00,3.9491687,3.6864977,4.0400705,2.498731,3.5722938,2.805543
1973-05-12 12:00:00,2.6944702,2.3863878,3.3980663,4.4337935,6.755129,2.426413
1973-05-13 12:00:00,2.3594656,2.4483442,2.8299143,4.7977514,6.8676877,2.6364276
1973-05-14 12:00:00,3.8019857,3.1754055,5.3601484,3.6816678,6.447367,3.7407804
1973-05-15 12:00:00,3.1677182,3.4214282,4.147317,5.4602675,6.586592,4.0050297
1973-05-16 12:00:00,2.5591824,2.665147,3.449128,3.3730798,6.1982293,3.6609461
1973-05-17 12:00:00,2.688274,2.9168773,5.119363,4.3018312,5.5214157,5.2589808
1973-05-18 12:00:00,4.2542124,3.9915686,5.442835,6.342472,5.8259864,6.718309
1973-05-19 12:00:00,5.023733,4.9247565,6.193571,6.38983,5.4118805,6.8663726
1973-05-20 12:00:00,3.7841492,3.756894,4.7685676,7.528891,6.571916,6.4962044
1973-05-21 12:00:00,4.097339,4.1077976,5.689421,7.1463966,4.803857,6.073871
1973-05-22 12:00:00,5.0022645,4.876356,6.3107157,6.012157,7.5638123,6.2932186
1973-05-23 12:00:00,4.1826043,4.090151,4.7559237,6.1401334,6.883039,4.161086
1973-05-24 12:00:00,1.647693,1.7813581,2.7321792,7.5544667,8.699293,2.05384
1973-05-25 12:00:00,1.6338979,1.8322324,4.056429,3.0452816,4.927613,2.650393
1973-05-26 12:00:00,2.9993663,2.7848618,5.539557,3.4889731,3.3587227,3.9530876
1973-05-27 12:00:00,2.4095206,2.3686547,2.7055187,3.2221696,3.326528,3.6255398
1973-05-28 12:00:00,1.9109083,1.6676441,2.4546406,3.071085,5.561444,2.0836306
1973-05-29 12:00:00,1.3671075,1.948317,2.444602,4.0319304,5.6353164,2.9834867
1973-05-30 12:00:00,2.622325,2.3168976,2.1530008,3.5105288,4.7553787,1.810083
1973-05-31 12:00:00,3.0769112,3.353314,3.1491191,3.4256277,5.134001,3.5050678
1973-06-01 12:00:00,3.7297447,2.8436027,4.458543,3.354884,6.5631,2.4719129
1973-06-02 12:00:00,1.3620989,1.5545694,2.9435341,2.56617,6.5667434,2.1577325
1973-06-03 12:00:00,2.2646258,2.2555938,2.4817882,2.9683967,7.8671513,2.4814415
1973-06-04 12:00:00,3.1362731,2.8839335,2.8564234,5.096676,6.875029,3.4554653
1973-06-05 12:00:00,2.391012,2.2407377,3.1428783,5.186971,4.6638937,2.9924684
1973-06-06 12:00:00,2.7408168,2.881222,2.9928122,5.486521,4.822878,4.1486053
1973-06-07 12:00:00,2.9025316,2.6550834,2.8973932,6.4145007,5.7954717,3.0597165
1973-06-08 12:00:00,2.877191,3.3220918,3.2328794,5.659388,4.6304407,3.2553897
1973-06-09 12:00:00,1.8446764,1.9477081,2.6539469,4.884351,3.1136796,2.6051304
1973-06-10 12:00:00,0.9368131,1.2955453,2.0332944,4.670267,3.9314408,2.3011918
1973-06-11 12:00:00,3.1485069,3.0741692,4.3388457,5.1448593,3.4209697,5.2252493
1973-06-12 12:00:00,4.9158325,4.576834,5.752744,7.4182906,7.46808,6.9091945
1973-06-13 12:00:00,4.861601,4.4172597,4.8459673,4.679728,5.6934295,4.544246
1973-06-14 12:00:00,2.8510778,3.3305256,3.1624103,2.6280415,5.5848083,3.096676
1973-06-15 12:00:00,1.8402041,2.2060494,3.0427659,3.3436754,4.2889776,3.7000387
1973-06-16 12:00:00,2.3401554,2.222298,3.350768,3.226619,3.71348,2.7348814
1973-06-17 12:00:00,2.8476105,2.8938403,4.3091764,5.4268956,4.5705237,3.796368
1973-06-18 12:00:00,3.735171,3.646315,6.134895,5.496236,3.7128026,5.367393
1973-06-19 12:00:00,5.1965876,5.3549905,7.3265734,6.8453174,5.1402316,6.923431
1973-06-20 12:00:00,3.5685894,3.7554655,4.834244,3.4074113,3.7528603,3.7194374
1973-06-21 12:00:00,2.4649153,2.8716462,5.059553,4.3940597,3.245674,4.5494504
1973-06-22 12:00:00,2.9841635,3.0063426,3.9534776,2.9203405,3.6882198,3.1512997
1973-06-23 12:00:00,2.2155952,1.901106,2.8207352,2.523481,3.453674,2.3546412
1973-06-24 12:00:00,2.640083,2.9588528,3.729265,2.7915618,3.8497477,2.8089485
1973-06-25 12:00:00,2.5176792,2.2504468,2.926113,2.4265234,3.6463485,2.3192854
1973-06-26 12:00:00,2.1289499,2.6787102,3.5604155,4.609385,4.312781,3.9095285
1973-06-27 12:00:00,3.2789295,2.9338322,3.989385,4.2384005,5.330836,4.056572
1973-06-28 12:00:00,2.0531874,2.3109994,3.6741216,4.829566,4.296809,4.1579103
1973-06-29 12:00:00,2.3831165,2.3240452,3.2732842,5.6597953,3.9867973,2.8745556
1973-06-30 12:00:00,1.9530413,1.9320029,4.1528945,3.5339785,3.9713926,3.204292
1973-07-01 12:00:00,1.4314859,1.5680195,2.7627192,3.1065521,4.9658985,1.957871
1973-07-02 12:00:00,2.3303137,1.9844781,3.4434035,2.7284784,4.8715873,2.4924626
1973-07-03 12:00:00,1.847542,1.8947327,4.8528323,3.4616108,5.2805877,3.3222387
1973-07-04 12:00:00,1.804667,1.9468503,5.2197204,3.3710191,4.4293437,3.6330118
1973-07-05 12:00:00,3.1788623,2.938824,4.5789943,3.4457123,4.390112,3.961368
1973-07-06 12:00:00,1.8455279,1.7384573,3.409522,2.6535776,3.4968588,2.031936
1973-07-07 12:00:00,1.3589603,1.7331823,2.467491,4.109994,4.217843,1.9875603
1973-07-08 12:00:00,2.1187916,2.069614,2.0651197,3.3938603,6.1576724,2.2530751
1973-07-09 12:00:00,1.5688777,1.6019907,2.4607646,3.102653,4.139955,2.2360666
1973-07-10 12:00:00,1.9424073,1.8202137,1.7818505,3.97,2.5120733,2.1076229
1973-07-11 12:00:00,2.7908726,2.4599957,2.9385624,3.955259,4.5285525,2.916405
1973-07-12 12:00:00,1.4110235,1.6209917,3.1974175,4.211687,5.170717,3.1994526
1973-07-13 12:00:00,2.356766,2.2804542,2.5996897,3.3499734,3.175502,2.8644366
1973-07-14 12:00:00,1.6688079,1.8088276,3.16784,3.4461997,3.7553635,3.6111827
1973-07-15 12:00:00,1.8131049,1.7054724,3.8890402,2.926135,3.1322455,3.9756074
1973-07-16 12:00:00,1.8599383,2.1819887,4.718706,3.7253299,3.7939196,3.6914392
1973-07-17 12:00:00,3.4633484,3.6526165,5.5387645,5.130436,3.1989932,5.126109
1973-07-18 12:00:00,3.7023332,4.0165644,5.821925,5.9824667,5.529187,6.347656
1973-07-19 12:00:00,2.2363682,2.3330657,4.1678157,4.211407,5.1230083,3.8226185
1973-07-20 12:00:00,2.6783357,3.0884693,4.070726,6.2564754,7.662079,3.6233497
1973-07-21 12:00:00,2.3745291,2.9149823,3.5861213,5.1386385,5.884062,3.6483073
1973-07-22 12:00:00,1.7946995,2.134242,2.3875442,4.4456134,5.990333,2.8757389
1973-07-23 12:00:00,2.4582293,2.2978396,2.5799105,2.6881258,4.9027095,2.2519016
1973-07-24 12:00:00,2.1781132,2.8996477,4.8044057,2.339197,3.708635,3.7910082
1973-07-25 12:00:00,2.682359,3.332916,5.265463,3.7265615,3.4945743,5.819442
1973-07-26 12:00:00,2.0467582,2.5048876,3.514103,4.616963,5.0871153,3.9940448
1973-07-27 12:00:00,3.1883934,3.160233,5.0904107,3.156388,3.7704291,4.66029
1973-07-28 12:00:00,2.6321352,2.1464462,3.624643,3.3929412,3.9084058,2.8208437
1973-07-29 12:00:00,2.7554004,2.84444,2.0332844,2.9122202,3.7631407,2.058551
1973-07-30 12:00:00,2.7670681,2.9854765,2.6206815,3.5695722,2.9588902,2.373038
1973-07-31 12:00:00,1.6026568,2.0709853,2.5324259,3.6200616,2.5267491,1.8486826
1973-08-01 12:00:00,1.074355,1.2504706,2.70048,3.1526725,3.9389718,2.7279458
1973-08-02 12:00:00,1.4472436,1.3509051,3.4364014,3.0671895,4.705984,2.2744033
1973-08-03 12:00:00,2.2614026,2.221303,5.3096657,5.1763945,4.694472,3.254143
1973-08-04 12:00:00,4.56679,3.963025,6.416927,5.1124377,4.418252,3.9257395
1973-08-05 12:00:00,3.063361,2.6142719,5.1142764,3.453274,5.455709,3.0265274
1973-08-06 12:00:00,2.5249407,2.786563,3.0409176,5.0630317,7.462901,3.2389073
1973-08-07 12:00:00,2.832176,2.8104298,4.0851583,4.412695,6.9773736,4.2473483
1973-08-08 12:00:00,1.573286,1.7372911,3.3689094,4.7641764,5.5111194,3.9170082
1973-08-09 12:00:00,3.4800532,3.1278281,4.06727,4.4311953,4.0661535,4.596359
1973-08-10 12:00:00,1.9922494,2.472133,4.7333174,4.439309,4.050606,3.8271856
1973-08-11 12:00:00,2.0236216,1.8970321,3.9565606,3.1715686,5.366921,3.8927426
1973-08-12 12:00:00,2.143195,2.0182827,3.6083133,3.2354116,4.7029266,4.8722367
1973-08-13 12:00:00,1.5056208,2.0027666,2.9967468,3.40523,3.730199,3.7694242
1973-08-14 12:00:00,3.2723892,3.0137508,3.589787,3.539628,3.442812,2.845401
1973-08-15 12:00:00,2.8101408,2.4605503,3.2526076,3.227284,3.2540102,2.657483
1973-08-16 12:00:00,1.7253873,1.7541908,2.6409714,3.4261074,3.808038,2.4102368
1973-08-17 12:00:00,1.981827,1.6595595,2.6405318,2.7941813,3.5938,1.9383359
1973-08-18 12:00:00,1.6437036,1.9989743,2.9431593,2.9214547,3.51808,2.5703712
1973-08-19 12:00:00,1.050119,1.638989,3.3220236,2.601187,3.3818974,2.315714
1973-08-20 12:00:00,1.2091488,1.5795398,3.1743903,3.021439,3.735672,3.5714037
1973-08-21 12:00:00,1.0012405,1.5578319,2.6658,5.7839193,4.690073,3.0354095
1973-08-22 12:00:00,2.9634337,3.1800678,3.793106,6.101646,5.318704,4.4553723
1973-08-23 12:00:00,3.555957,2.8918765,3.209445,4.4767904,5.2093205,2.0164974
1973-08-24 12:00:00,3.3390021,2.5841613,3.7104414,2.7179751,2.9100337,2.1620429
1973-08-25 12:00:00,4.004229,3.2265503,4.290846,3.2367926,2.7465897,3.1142044
1973-08-26 12:00:00,3.422012,2.799313,4.7121706,2.9356513,3.094999,3.0852017
1973-08-27 12:00:00,2.4447339,2.2878644,4.3201427,2.5339167,2.5647874,2.594944
1973-08-28 12:00:00,2.7195075,2.5188434,4.735617,2.9946837,2.726268,3.1606104
1973-08-29 12:00:00,3.3245463,2.862306,5.0039926,2.893894,3.7173703,3.310148
1973-08-30 12:00:00,3.825269,3.005294,4.9160137,2.7840474,3.4180713,3.0045495
1973-08-31 12:00:00,2.8973677,2.5156126,3.4493845,2.9584258,3.9068189,2.2649615
1973-09-01 12:00:00,1.1309019,1.0706767,2.330926,1.9371294,3.8757765,1.9031101
1973-09-02 12:00:00,1.2235591,1.3711404,4.698191,2.7364442,3.2657244,3.2543507
1973-09-03 12:00:00,3.4323099,3.0645087,6.0363564,4.8204618,3.7275405,4.4557543
1973-09-04 12:00:00,6.4706073,6.0580697,9.503488,7.480493,4.6722727,8.45553
1973-09-05 12:00:00,4.481486,4.8572016,6.7955437,8.227472,7.9739094,6.8902802
1973-09-06 12:00:00,2.718235,3.2996602,5.680554,9.255522,7.8707724,6.965875
1973-09-07 12:00:00,4.4651284,4.7118664,6.9189587,7.5319724,8.244604,6.9309397
1973-09-08 12:00:00,2.7972958,3.290322,4.9018173,7.413681,5.591175,5.220482
1973-09-09 12:00:00,3.4634945,3.3894093,6.558646,4.748394,5.350065,4.600924
1973-09-10 12:00:00,3.993061,4.1212945,5.967745,6.1166363,4.199626,5.44506
1973-09-11 12:00:00,2.6521132,3.160317,4.241241,4.9029093,3.1220791,4.305649
1973-09-12 12:00:00,2.5774345,3.1259255,6.5531373,6.140172,5.5225167,4.666213
1973-09-13 12:00:00,1.1464901,1.8159951,3.3655496,3.5216637,6.0525784,1.8932918
1973-09-14 12:00:00,1.117043,1.3583089,3.4843316,6.2712593,6.111281,2.559212
1973-09-15 12:00:00,1.6324434,2.2554028,3.296815,5.415581,5.809955,3.4968584
1973-09-16 12:00:00,1.7619286,1.6860077,3.0686717,4.098247,5.7066445,3.2195718
1973-09-17 12:00:00,2.721714,2.4066129,4.4093666,4.036727,3.5340228,3.7655253
1973-09-18 12:00:00,3.1110342,3.6919746,5.1488047,4.0708714,3.4539003,4.000518
1973-09-19 12:00:00,1.21757,1.524462,4.6459928,4.169703,4.419425,3.037531
1973-09-20 12:00:00,2.663582,3.3601327,5.300075,6.472099,6.966904,4.730264
1973-09-21 12:00:00,1.9719709,2.639773,3.3850431,5.598796,9.081804,2.6620772
1973-09-22 12:00:00,2.8614447,2.8330638,5.150061,5.5575514,7.408736,3.843108
1973-09-23 12:00:00,1.8174125,2.0457182,3.9349327,4.943391,6.6795506,4.44232
1973-09-24 12:00:00,1.1987792,1.3721863,3.4496207,2.910339,4.14232,3.0239565
1973-09-25 12:00:00,3.5923657,2.5512822,5.581114,2.5456817,4.3505216,3.3341749
1973-09-26 12:00:00,3.6996264,3.5807958,5.0144315,3.3659036,6.227756,3.9505816
1973-09-27 12:00:00,2.9677687,2.8379903,3.7070277,3.7661667,5.1643815,2.2857685
1973-09-28 12:00:00,2.3550656,1.9222907,2.4736173,3.7356098,3.8109405,1.4554071
1973-09-29 12:00:00,1.9168388,1.9625579,6.3011065,3.9781182,3.8511653,3.9623823
1973-09-30 12:00:00,3.5897844,3.5605075,7.7170353,6.0771766,3.717524,6.494122
1973-10-01 12:00:00,1.581771,1.6630013,4.0586805,3.9746506,3.914788,3.3223085
1973-10-02 12:00:00,0.99194443,1.0644996,4.218878,3.449988,3.7872581,2.8745224
1973-10-03 12:00:00,3.4713392,2.886198,7.190065,6.5007024,5.52299,5.4832325
1973-10-04 12:00:00,4.5830646,4.659857,6.595117,6.736601,5.300161,4.990339
1973-10-05 12:00:00,3.5913944,3.053469,6.267945,5.4485087,5.229387,3.5451105
1973-10-06 12:00:00,1.562101,1.5854294,3.0776243,4.521487,4.80361,2.6798832
1973-10-07 12:00:00,2.0319507,2.284841,5.033797,5.6202517,3.2202585,4.9119697
1973-10-08 12:00:00,2.5340767,2.31663,6.254448,4.6662135,5.715483,4.2336073
1973-10-09 12:00:00,2.661809,2.8622682,5.778269,6.443877,6.901854,4.625752
1973-10-10 12:00:00,2.683678,2.690099,5.450777,5.7072883,5.989559,4.9182954
1973-10-11 12:00:00,2.5582523,2.5687566,5.773243,3.0918322,7.5105896,3.6512764
1973-10-12 12:00:00,3.437992,3.232795,5.979492,2.9408977,8.938303,3.616134
1973-10-13 12:00:00,3.2144022,2.4342449,6.3633785,3.3742528,9.7829075,3.3673394
1973-10-14 12:00:00,4.0281663,3.4418447,8.198121,4.830157,10.221641,4.795952
1973-10-15 12:00:00,3.6726649,3.223771,7.2621417,5.062852,7.831966,4.6325006
1973-10-16 12:00:00,3.114788,2.2354188,5.009339,2.628234,5.4394016,2.2558272
1973-10-17 12:00:00,1.8002498,1.4413806,3.19394,3.079412,6.818212,1.6941345
1973-10-18 12:00:00,3.7555707,3.6438344,6.3130875,6.784872,6.152221,4.967643
1973-10-19 12:00:00,5.0553155,4.5980215,8.001636,7.0595784,6.7830696,6.5992966
1973-10-20 12:00:00,3.3763402,2.950249,8.609784,5.7891917,5.8397994,5.2950034
1973-10-21 12:00:00,2.7767985,2.5203295,6.5428147,5.618234,5.386087,5.250886
1973-10-22 12:00:00,2.2355092,1.926692,7.7591524,4.0437174,5.64935,4.3313384
1973-10-23 12:00:00,1.8193059,1.6275676,6.5720983,2.8411021,6.0447407,2.8888345
1973-10-24 12:00:00,2.3851454,1.8025144,6.0039005,2.3437243,4.807687,2.429019
1973-10-25 12:00:00,4.0233235,3.076481,6.5558295,3.354934,4.7006493,3.5063584
1973-10-26 12:00:00,3.4833133,2.5773053,4.150756,2.8100042,3.4582205,3.2781646
1973-10-27 12:00:00,1.1748668,1.4766251,2.559296,6.224743,7.6891394,3.33962
1973-10-28 12:00:00,3.2384236,3.3620198,5.3411446,7.2408957,10.639844,5.3036666
1973-10-29 12:00:00,2.696287,3.0761878,8.338481,7.772069,7.6199927,7.7643046
1973-10-30 12:00:00,5.793981,6.6059675,11.37218,11.724,5.1860275,10.435007
1973-10-31 12:00:00,7.4746284,7.7186775,10.519695,11.06509,8.042064,9.453432
1973-11-01 12:00:00,4.0707235,4.648832,5.973205,5.6248684,6.1157737,5.3137565
1973-11-02 12:00:00,2.981138,3.7650387,7.7274537,6.8251963,5.3434467,7.2257338
1973-11-03 12:00:00,2.5433018,2.6452694,6.7157025,7.096817,5.6837807,6.7105913
1973-11-04 12:00:00,3.3835473,3.7263248,7.873074,9.181225,8.206254,8.638206
1973-11-05 12:00:00,4.65266,4.849907,8.634365,10.65359,10.945957,8.205356
1973-11-06 12:00:00,3.2211728,3.1915586,6.4737415,7.8050523,7.332953,6.0272026
1973-11-07 12:00:00,4.5668616,4.761672,8.65811,10.857966,8.994207,8.846193
1973-11-08 12:00:00,2.189904,2.489794,5.694893,7.5362277,8.149807,4.566325
1973-11-09 12:00:00,1.6160573,1.8986131,4.9919076,5.858776,5.384239,5.958648
1973-11-10 12:00:00,4.2671366,3.8764436,5.4676075,4.5349627,4.5965796,5.130205
1973-11-11 12:00:00,2.8795056,3.0010161,6.406363,3.9881427,7.158785,4.1101117
1973-11-12 12:00:00,2.3063178,2.5771635,5.40004,4.6005335,7.001356,4.521013
1973-11-13 12:00:00,3.7003696,3.5987349,6.093834,4.9353523,4.948109,3.9191084
1973-11-14 12:00:00,3.2375743,2.9483802,9.368292,6.774024,6.8136587,7.8346057
1973-11-15 12:00:00,3.6904817,3.986709,6.1907077,9.483293,8.95323,7.86302
1973-11-16 12:00:00,3.677957,4.0494175,7.407372,8.796024,7.0988393,8.103824
1973-11-17 12:00:00,4.6143184,4.2372613,8.113654,6.7338076,5.4048276,7.044573
1973-11-18 12:00:00,4.73426,4.973477,8.620159,7.1990056,5.960447,9.448184
1973-11-19 12:00:00,2.8689868,3.204872,7.3257313,8.118521,7.4597507,8.061172
1973-11-20 12:00:00,4.6244345,4.903398,10.741288,9.656981,6.5031,10.76075
1973-11-21 12:00:00,5.541046,5.588035,7.966791,8.906913,7.59434,8.210694
1973-11-22 12:00:00,4.3782845,4.639337,9.515229,9.698507,7.011884,10.425189
1973-11-23 12:00:00,4.771736,4.888941,9.184036,10.468825,9.045835,10.312708
1973-11-24 12:00:00,4.5710993,4.6761374,6.2950673,7.7548213,10.181068,6.0529027
1973-11-25 12:00:00,1.7628447,1.7765282,5.3662834,5.587256,8.112672,4.518293
1973-11-26 12:00:00,5.0851197,4.859962,9.675557,7.693579,7.9690733,8.260212
1973-11-27 12:00:00,5.433884,5.316582,8.919134,8.228504,6.019054,7.9559784
1973-11-28 12:00:00,5.3650446,5.8306665,10.318564,10.317853,7.1012297,10.444952
1973-11-29 12:00:00,4.707596,4.9663835,10.406531,8.895159,9.172233,9.91161
1973-11-30 12:00:00,5.0357084,4.8085747,7.491144,7.9629335,7.612361,8.370131
1973-12-01 12:00:00,3.0143952,2.428522,4.198495,6.3277917,6.658506,4.7790146
1973-12-02 12:00:00,4.043817,3.513451,6.266129,5.30998,8.7055025,4.6143994
1973-12-03 12:00:00,2.355217,2.338968,3.733394,6.3709044,7.3405566,3.6517818
1973-12-04 12:00:00,6.1002293,5.760657,9.16433,12.053767,11.6436,9.185042
1973-12-05 12:00:00,2.9795017,3.192837,7.1207757,7.812386,14.6789255,6.1622224
1973-12-06 12:00:00,4.13774,3.6565652,7.991181,4.8281775,11.95511,8.211216
1973-12-07 12:00:00,3.336722,4.155821,7.1745505,9.494403,5.5940704,8.244363
1973-12-08 12:00:00,1.6594377,2.2283893,3.190201,4.7498536,6.5670166,3.3534317
1973-12-09 12:00:00,2.7556448,2.9644465,5.0989904,7.4533424,6.3750014,6.58589
1973-12-10 12:00:00,4.7550025,4.544563,7.934099,10.14886,6.033043,8.758266
1973-12-11 12:00:00,4.9514685,5.1667504,7.927242,12.009191,11.706157,8.041039
1973-12-12 12:00:00,4.5545382,4.449914,5.2870483,6.8026133,7.131667,5.6332345
1973-12-13 12:00:00,3.1079733,2.8789878,8.265542,7.85016,6.3741236,6.9945555
1973-12-14 12:00:00,4.339645,4.5592546,7.5959387,8.898869,7.093932,7.836149
1973-12-15 12:00:00,2.4534838,2.3491333,5.09905,4.8405643,9.471227,4.7219725
1973-12-16 12:00:00,2.6423213,2.8232727,5.1206584,8.268794,11.702531,5.658957
1973-12-17 12:00:00,2.916362,3.597981,4.391013,10.205704,12.143714,3.6559165
1973-12-18 12:00:00,2.2877817,2.7476642,4.2424445,5.3636303,9.953587,2.9824326
1973-12-19 12:00:00,1.5281317,1.5379603,3.6052907,3.5949702,6.4605656,3.4314585
1973-12-20 12:00:00,2.6353118,2.689825,4.071043,5.406491,7.396281,2.480617
1973-12-21 12:00:00,2.235394,2.6143384,3.4600039,6.193931,9.465502,3.0320914
1973-12-22 12:00:00,2.4750857,2.9774275,4.83054,6.7987075,7.8751426,4.391678
1973-12-23 12:00:00,2.5275438,2.845418,4.5011463,5.1620665,6.1885943,4.332838
1973-12-24 12:00:00,1.8489999,2.4071476,4.6625705,8.965347,7.836973,6.0726256
1973-12-25 12:00:00,4.165836,4.4051995,8.653428,11.742074,12.998779,9.441379
1973-12-26 12:00:00,4.8303895,4.5703917,8.924877,9.703721,8.832057,8.955537
1973-12-27 12:00:00,6.35363,6.1015415,11.343061,11.304347,8.996094,11.269916
1973-12-28 12:00:00,6.0063543,6.422109,11.549892,11.687731,9.855915,11.614912
1973-12-29 12:00:00,4.500343,4.387753,5.8355427,9.1697855,9.9498205,6.5768437
1973-12-30 12:00:00,0.9136141,1.2766708,4.244545,6.84562,7.714312,5.333211
1973-12-31 12:00:00,2.6092618,2.4981685,5.4697914,6.9761357,5.416871,5.7031384
1974-01-01 12:00:00,3.3086739,3.150023,5.5690722,7.052248,7.1031146,5.548597
1974-01-02 12:00:00,3.0380707,2.3328857,5.470474,5.1139293,5.8948298,3.770965
1974-01-03 12:00:00,3.6373463,2.8737314,4.993957,2.829628,4.191029,3.193044
1974-01-04 12:00:00,4.209429,3.5736208,5.2125854,2.722768,2.7223046,3.9850507
1974-01-05 12:00:00,4.2506776,3.9903424,5.223794,3.6524296,5.610038,4.8817725
1974-01-06 12:00:00,4.644548,3.7920911,5.4918427,5.518928,6.540923,3.721643
1974-01-07 12:00:00,5.2578807,4.468522,4.0806117,5.097485,5.6826086,3.100369
1974-01-08 12:00:00,5.447213,4.8136415,7.188373,7.81748,5.452467,5.3987207
1974-01-09 12:00:00,3.7863555,3.215646,7.4603825,7.430281,5.722591,5.1070127
1974-01-10 12:00:00,1.8471048,1.8976524,6.665421,9.231928,8.405947,6.8953915
1974-01-11 12:00:00,2.6785486,3.055276,8.614046,11.231884,12.837811,8.57788
1974-01-12 12:00:00,2.2221622,2.6578,8.251044,9.263542,11.787092,8.138227
1974-01-13 12:00:00,2.907751,3.510241,8.0507555,10.412068,11.965472,8.183829
1974-01-14 12:00:00,2.8152344,3.1636174,8.737298,9.141223,10.732373,8.486375
1974-01-15 12:00:00,3.989869,4.912436,10.653102,11.480881,11.343132,11.1726885
1974-01-16 12:00:00,3.287245,3.8176029,8.188805,9.299498,9.432739,8.477354
1974-01-17 12:00:00,5.3606305,5.0461206,8.314274,8.558292,10.836267,7.783043
1974-01-18 12:00:00,2.3018732,2.975083,4.591735,9.763579,9.35301,5.5254884
1974-01-19 12:00:00,3.49066,3.8012536,7.704333,12.423768,10.539457,9.672813
1974-01-20 12:00:00,4.416263,4.5100617,8.592625,11.380117,11.389978,10.337207
1974-01-21 12:00:00,3.3971353,3.8800483,6.8456235,7.193025,9.935404,6.4283643
1974-01-22 12:00:00,1.9663309,2.480531,6.2339926,7.038588,6.948893,5.791497
1974-01-23 12:00:00,4.5462584,4.1828403,8.164024,9.000135,8.256103,7.3917637
1974-01-24 12:00:00,3.1927,3.409555,8.160768,7.770863,4.8614745,6.756018
1974-01-25 12:00:00,3.5866008,4.1972413,9.124194,9.162614,7.0826244,7.6237726
1974-01-26 12:00:00,3.658057,4.056196,7.0272303,8.992813,7.228563,7.2144794
1974-01-27 12:00:00,4.781345,5.418196,9.229481,9.748853,7.062046,9.001378
1974-01-28 12:00:00,5.78634,6.064804,10.480541,10.055899,5.033762,10.610615
1974-01-29 12:00:00,3.8009207,3.7598238,7.7331953,7.280296,4.1253996,7.112401
1974-01-30 12:00:00,5.105656,5.0672293,11.030209,10.868308,5.3987656,8.937122
1974-01-31 12:00:00,4.6566377,4.9859757,6.862303,9.33063,6.2507277,7.2048926
1974-02-01 12:00:00,5.221433,5.33205,10.010608,9.734262,8.0981455,10.303234
1974-02-02 12:00:00,5.520127,5.8224206,10.748386,11.249074,7.4366417,11.053863
1974-02-03 12:00:00,5.0952797,5.6552343,12.285949,12.821226,8.108031,12.1757555
1974-02-04 12:00:00,4.9432607,5.463245,10.934222,9.005663,8.277264,10.336612
1974-02-05 12:00:00,4.483994,4.580348,9.65738,7.690782,5.038948,9.309635
1974-02-06 12:00:00,3.860795,3.9460056,9.742053,6.640433,4.761768,8.659487
1974-02-07 12:00:00,4.0167465,3.9055176,8.054356,5.121795,4.4674253,5.216171
1974-02-08 12:00:00,1.2470732,1.8203287,2.730304,5.4369507,4.4576263,3.2713637
1974-02-09 12:00:00,1.504664,2.077882,5.08282,5.721823,4.3849845,3.7208827
1974-02-10 12:00:00,1.6292998,1.6766248,4.2782335,5.7333,3.6645513,2.6696498
1974-02-11 12:00:00,5.420418,4.305343,7.4200907,4.1170025,3.9686718,4.7283564
1974-02-12 12:00:00,6.237516,6.394349,8.929094,8.708089,5.6825585,7.7871504
1974-02-13 12:00:00,5.698578,6.261419,6.6101046,7.716448,7.338312,7.2914176
1974-02-14 12:00:00,3.8853533,4.0627995,4.3607206,6.2521467,7.1987906,5.440253
1974-02-15 12:00:00,3.544984,3.2876463,6.138362,5.471782,5.742813,4.722723
1974-02-16 12:00:00,3.5000072,2.9293838,5.966405,4.046144,5.9630666,4.027241
1974-02-17 12:00:00,1.0743469,1.2159172,4.9225335,3.0985076,4.6125607,2.9268203
1974-02-18 12:00:00,1.4418719,1.3174132,6.3125978,4.143264,3.9404442,3.1743155
1974-02-19 12:00:00,1.626313,1.5364641,5.0808554,5.0549397,5.781996,3.4459193
1974-02-20 12:00:00,1.7241619,2.3095279,7.04674,8.202793,8.388582,5.8716326
1974-02-21 12:00:00,2.9513962,2.9803004,9.957221,7.733158,9.204357,7.2280393
1974-02-22 12:00:00,3.0063057,2.8436716,9.059253,6.5622835,7.4565196,5.8117867
1974-02-23 12:00:00,3.4874094,3.1273937,6.12119,6.1456733,7.0312805,5.194073
1974-02-24 12:00:00,2.080487,1.9741195,4.965531,4.357898,3.6523232,4.9794984
1974-02-25 12:00:00,3.2884889,3.3734872,5.09124,5.6436253,4.155702,5.292884
1974-02-26 12:00:00,1.3749878,1.5943698,3.206913,4.976639,4.400103,3.9069648
1974-02-27 12:00:00,1.7491152,1.8439293,4.7226133,6.0086436,6.7900815,5.4859214
1974-02-28 12:00:00,2.2046528,1.92547,4.048867,6.5034075,9.153677,4.221041
1974-03-01 12:00:00,2.0040946,1.4415092,4.4860945,3.863767,6.601491,3.1995234
1974-03-02 12:00:00,1.1860294,1.6291481,2.673909,3.9287763,4.488508,2.0741258
1974-03-03 12:00:00,2.883164,3.196112,3.8004465,4.03242,6.6785903,3.4078639
1974-03-04 12:00:00,2.1572344,2.0083678,3.3485956,2.8403592,4.0234256,3.1855664
1974-03-05 12:00:00,2.1077328,2.45094,4.101896,6.236379,6.486577,4.409602
1974-03-06 12:00:00,3.1960375,3.8162007,4.941743,6.5258207,5.09763,4.7895756
1974-03-07 12:00:00,2.4482868,2.3660972,4.1772413,4.3512883,7.290198,3.4151337
1974-03-08 12:00:00,3.3014646,3.013626,6.4077616,4.4145026,6.912213,4.8193417
1974-03-09 12:00:00,3.4076252,3.1345084,6.471325,7.003576,5.8776712,5.7035537
1974-03-10 12:00:00,5.4178886,5.8469896,8.080689,7.9955573,7.5542803,7.7618027
1974-03-11 12:00:00,2.8277788,2.701273,7.6629496,4.4597917,8.440567,4.032152
1974-03-12 12:00:00,4.203721,4.0400467,5.438405,5.8000236,4.9507155,3.780679
1974-03-13 12:00:00,1.8557923,1.9608271,3.2155159,4.457247,5.13455,2.1396134
1974-03-14 12:00:00,1.7113057,2.2079437,2.8350286,4.905567,5.299856,2.9689112
1974-03-15 12:00:00,3.8593354,3.1237798,5.2136445,4.319174,7.8168445,3.5646544
1974-03-16 12:00:00,3.1078126,2.884359,4.329889,3.1211202,5.4164505,3.5592911
1974-03-17 12:00:00,3.989605,3.841572,8.436296,6.649746,6.2637067,7.605586
1974-03-18 12:00:00,3.9194577,3.6849074,7.197365,6.079773,5.984868,6.0336432
1974-03-19 12:00:00,3.2331133,3.8244553,5.0302825,6.1653476,4.8268485,7.0282884
1974-03-20 12:00:00,2.399554,2.3324316,5.00107,3.8524241,4.366781,5.0652966
1974-03-21 12:00:00,2.5596375,2.7542155,6.5348177,6.6380696,6.991905,5.1407685
1974-03-22 12:00:00,3.6662304,4.0512433,6.0444336,5.7054935,6.849901,5.9447355
1974-03-23 12:00:00,3.1033874,2.7813604,4.554692,2.745675,6.25437,2.3473008
1974-03-24 12:00:00,1.8932266,2.534188,3.0963106,5.1608925,10.674043,3.1725636
1974-03-25 12:00:00,2.0155041,2.8330982,4.274872,4.7840166,9.271673,4.5390544
1974-03-26 12:00:00,2.3087585,2.4545226,5.3889685,5.244864,6.2507873,5.4437647
1974-03-27 12:00:00,3.5166278,3.3720586,5.836099,5.0253606,5.7524123,4.951173
1974-03-28 12:00:00,2.2471976,2.6809604,4.329653,7.2187877,9.76181,4.272572
1974-03-29 12:00:00,4.305381,4.64611,6.719334,8.292159,10.800462,6.229671
1974-03-30 12:00:00,3.3626359,3.514071,5.6572766,6.0295553,7.383734,5.837768
1974-03-31 12:00:00,2.7728946,3.0636857,7.685439,5.8793163,5.4872293,6.910434
1974-04-01 12:00:00,3.6129627,3.9644246,6.325049,4.8420706,5.3492765,5.010742
1974-04-02 12:00:00,2.1925764,2.449825,4.852455,4.7132325,3.6981947,3.949259
1974-04-03 12:00:00,2.6067317,2.8685696,5.262364,3.9049714,2.9148424,4.781795
1974-04-04 12:00:00,3.5290275,3.588538,6.9067283,6.2078886,4.904126,6.667669
1974-04-05 12:00:00,4.715605,4.9914184,7.1395063,8.238272,6.0926447,8.410984
1974-04-06 12:00:00,4.7060523,4.1697607,6.086045,8.322124,5.1750927,6.8148255
1974-04-07 12:00:00,5.070827,4.7760134,8.185279,8.328544,5.44807,9.336039
1974-04-08 12:00:00,3.1841245,3.7640283,3.827184,8.745906,6.1590695,6.2714887
1974-04-09 12:00:00,1.6660978,1.8984517,3.808295,6.0460706,7.4040966,5.052526
1974-04-10 12:00:00,1.0829108,1.5134536,3.2163093,6.02718,6.936955,3.4482114
1974-04-11 12:00:00,1.6026452,2.4604216,4.9166107,6.4932723,10.073416,4.9252324
1974-04-12 12:00:00,2.1283739,2.4895,4.096542,6.1629157,7.9478474,3.939188
1974-04-13 12:00:00,2.8179767,3.1436088,4.756267,5.094524,6.5206375,4.0278788
1974-04-14 12:00:00,2.956908,3.1917784,3.429317,4.216632,6.5797753,2.7552464
1974-04-15 12:00:00,1.8755004,1.8669317,3.1733456,3.2773516,5.4582806,2.0664892
1974-04-16 12:00:00,3.741455,3.363841,3.867871,3.8359025,4.0028424,3.3540595
1974-04-17 12:00:00,4.3316493,4.106396,3.743685,5.8195076,4.9561005,4.1467266
1974-04-18 12:00:00,4.881661,4.3095145,7.250933,5.2005277,5.21508,5.4144864
1974-04-19 12:00:00,5.0042496,4.570809,8.264045,5.2719727,5.3783526,6.306623
1974-04-20 12:00:00,3.6797886,3.4513328,3.9655113,4.2498107,6.2651134,3.7129436
1974-04-21 12:00:00,2.4019506,2.3040211,2.79181,3.205101,7.3065495,3.2246892
1974-04-22 12:00:00,2.595534,2.2282991,2.408322,6.30253,9.413379,2.3200736
1974-04-23 12:00:00,5.1889486,5.097269,6.042196,7.1928635,7.7945037,7.7116423
1974-04-24 12:00:00,2.9207954,3.222951,3.3540452,6.5726485,8.278659,4.1737146
1974-04-25 12:00:00,3.6213555,3.663575,3.0682933,5.863686,6.418662,2.8105967
1974-04-26 12:00:00,3.1622906,3.0761383,3.050941,5.196541,5.94023,2.8452797
1974-04-27 12:00:00,3.1557863,3.1787193,7.08524,4.032906,4.103306,5.9734592
1974-04-28 12:00:00,3.2325222,3.2246811,5.3322053,3.7251995,3.9878755,3.775898
1974-04-29 12:00:00,3.0789828,3.4275808,6.059729,4.8252873,3.9555125,5.3535767
1974-04-30 12:00:00,2.375712,2.5997398,4.654326,4.5497046,3.4383183,3.5631573
1974-05-01 12:00:00,2.9625328,3.0750024,3.7779481,4.916058,3.6332304,3.5155938
1974-05-02 12:00:00,1.1865989,1.5063196,4.1439075,5.697179,4.732411,4.4736886
1974-05-03 12:00:00,2.5699553,2.6925797,2.765504,6.0472846,8.507654,2.7136095
1974-05-04 12:00:00,1.6938279,1.52973,2.1070242,4.046669,5.668872,2.1249182
1974-05-05 12:00:00,1.4013628,1.607163,2.620508,2.7654562,3.5892248,1.8890141
1974-05-06 12:00:00,3.9558737,3.8290637,5.4863987,5.721085,3.7848473,4.2266903
1974-05-07 12:00:00,2.0882094,2.1486995,4.7296414,4.925391,4.296993,2.154838
1974-05-08 12:00:00,1.4088398,1.6361843,2.9231646,4.940026,6.269679,2.2746317
1974-05-09 12:00:00,1.7320013,1.9616069,2.5536177,4.249275,6.888615,2.927863
1974-05-10 12:00:00,1.0475109,1.6106719,3.0868645,4.483728,4.5082407,1.9370952
1974-05-11 12:00:00,2.3298862,2.3102136,5.587693,4.0925384,5.3055263,3.3760545
1974-05-12 12:00:00,1.6263059,1.6102979,4.4025273,4.6224008,9.18434,2.6027167
1974-05-13 12:00:00,4.8871884,3.9913697,5.2279577,3.9419584,4.320292,3.6815176
1974-05-14 12:00:00,6.1262374,5.54123,7.2258954,6.045797,5.5644474,5.1065264
1974-05-15 12:00:00,4.381035,4.9835634,6.5779495,7.3068457,6.902377,5.814289
1974-05-16 12:00:00,4.2140026,4.042955,5.689522,5.6659164,5.9315557,4.31466
1974-05-17 12:00:00,3.5748863,3.7661643,3.7595065,5.147491,4.887677,3.2820761
1974-05-18 12:00:00,3.5007885,3.7451146,2.5956302,4.636519,4.9885273,3.6292324
1974-05-19 12:00:00,2.6851413,2.889171,2.795684,4.011273,3.8941011,3.2068644
1974-05-20 12:00:00,2.2567828,2.5955217,2.9455197,3.9705002,3.514271,3.4051075
1974-05-21 12:00:00,1.220143,1.4589978,2.6360855,3.0538225,3.9422827,2.106494
1974-05-22 12:00:00,1.4788698,1.3799309,3.103675,2.5191543,2.029495,2.305258
1974-05-23 12:00:00,2.3869374,2.439344,4.7566257,3.6721358,2.5354204,3.5688307
1974-05-24 12:00:00,4.3677278,4.9549227,4.5286674,6.3418427,4.434269,5.8288865
1974-05-25 12:00:00,3.4434154,3.660253,5.0113792,4.8673644,4.9257283,4.5095506
1974-05-26 12:00:00,2.5647142,2.5768092,4.1545253,2.7017922,4.455107,2.7181292
1974-05-27 12:00:00,2.2763598,2.5177531,2.5826604,4.2728024,5.7958784,2.9051163
1974-05-28 12:00:00,2.186972,2.078583,3.2250564,3.9465258,4.804378,2.5001771
1974-05-29 12:00:00,2.9288776,3.1322658,4.329428,5.7760916,4.19918,4.012242
1974-05-30 12:00:00,4.1974583,4.765154,5.9421616,8.698557,4.2578306,6.745431
1974-05-31 12:00:00,4.101809,4.5868297,5.9843574,6.837037,6.824747,5.844721
1974-06-01 12:00:00,2.836614,3.1860816,4.907886,5.4678206,5.915569,4.984173
1974-06-02 12:00:00,1.9568647,2.1416743,3.839095,5.311739,6.959425,4.7023883
1974-06-03 12:00:00,2.5307982,2.3977242,3.0983183,3.003256,5.3182583,2.6961944
1974-06-04 12:00:00,3.6647418,3.3885994,4.7302685,3.732437,3.676038,3.6335773
1974-06-05 12:00:00,6.0655274,5.4868116,6.5364394,6.0880117,4.5512114,5.7795653
1974-06-06 12:00:00,5.3956394,5.5319886,6.648903,7.781573,6.104224,7.42074
1974-06-07 12:00:00,2.6949766,3.1389241,5.204869,5.823648,8.028924,4.231543
1974-06-08 12:00:00,2.9511209,2.6473117,4.2455144,5.3942676,8.214635,2.9169414
1974-06-09 12:00:00,3.48974,3.4917023,6.9111614,4.71145,4.60976,6.4216514
1974-06-10 12:00:00,3.5711777,3.3301787,4.669061,4.043237,4.4714675,4.806724
1974-06-11 12:00:00,3.7498822,3.5594392,3.9679005,6.272697,9.100642,3.4198005
1974-06-12 12:00:00,3.1519306,2.9818814,2.7232454,5.8314667,8.729396,3.5488849
1974-06-13 12:00:00,3.1463535,3.2841234,2.9169748,3.7877774,5.5115585,3.0666127
1974-06-14 12:00:00,4.4273458,3.8984208,4.068492,3.4562716,6.2297707,3.5596583
1974-06-15 12:00:00,5.190755,4.833054,5.4239855,4.6816716,4.675797,4.592569
1974-06-16 12:00:00,4.0600867,4.1901155,4.98168,4.8782268,4.420003,3.971964
1974-06-17 12:00:00,4.6245704,4.1160374,5.5581865,4.2131376,5.514801,4.274747
1974-06-18 12:00:00,5.1044793,4.415215,5.304992,4.40561,7.396177,4.64945
1974-06-19 12:00:00,4.5964503,3.9988883,4.6893206,5.487277,7.5326047,4.1899033
1974-06-20 12:00:00,4.819025,4.3478503,4.8800306,5.701029,5.014377,3.772688
1974-06-21 12:00:00,3.7367444,3.050345,4.6059523,4.6189013,4.64128,3.4465353
1974-06-22 12:00:00,1.8723129,2.070216,3.9234679,4.0823293,4.4268374,3.562399
1974-06-23 12:00:00,2.1325305,2.7032125,5.0453954,3.9568155,3.7261236,4.3147645
1974-06-24 12:00:00,3.1197321,3.2401156,5.305519,5.3875995,4.1989613,5.332824
1974-06-25 12:00:00,3.3722522,3.7103872,6.3073196,5.197145,5.67861,4.853172
1974-06-26 12:00:00,3.3084373,3.1383324,6.0024967,4.154287,4.9465914,5.052167
1974-06-27 12:00:00,4.461909,4.40413,7.400832,5.0890713,4.36865,6.865431
1974-06-28 12:00:00,4.305189,5.2246723,7.6037164,8.71634,8.409042,7.542552
1974-06-29 12:00:00,4.9122334,5.2597733,6.372085,5.797673,5.951977,6.3217893
1974-06-30 12:00:00,2.9998608,2.9326906,4.216089,3.2861905,3.26015,4.55496
1974-07-01 12:00:00,1.8024276,1.895245,2.944878,3.940022,4.090123,3.1328897
1974-07-02 12:00:00,2.0204182,1.9898171,3.5997095,2.584381,3.5847514,2.15177
1974-07-03 12:00:00,2.1620083,2.591902,3.4607084,3.0585136,3.7370124,3.3627336
1974-07-04 12:00:00,2.7300973,2.9027793,2.6790757,3.8664598,3.9450111,3.5005772
1974-07-05 12:00:00,3.0186322,3.5131366,3.7768946,4.0929217,4.4189878,3.6327655
1974-07-06 12:00:00,3.347835,3.191401,4.6347065,4.165536,5.28336,2.888096
1974-07-07 12:00:00,3.4852662,3.3030436,4.0583844,5.064196,5.652402,4.5462775
1974-07-08 12:00:00,3.089386,2.9234025,4.957716,5.0383296,5.2470164,5.554313
1974-07-09 12:00:00,3.4652376,3.814754,5.4227886,4.5564485,5.207252,4.566581
1974-07-10 12:00:00,3.9095507,3.5580828,5.7059846,4.3218794,5.380541,5.475592
1974-07-11 12:00:00,4.188001,3.6327233,6.9906926,4.983684,6.1552544,6.309125
1974-07-12 12:00:00,3.5676773,3.4308047,5.236781,4.366149,5.605134,5.33037
1974-07-13 12:00:00,4.1675982,4.151496,6.968493,5.894222,5.608241,6.5857854
1974-07-14 12:00:00,6.10968,5.877515,9.172959,7.5946107,6.5336814,9.997422
1974-07-15 12:00:00,5.481346,5.127678,6.639364,6.2786403,5.418007,7.131126
1974-07-16 12:00:00,3.8389893,3.9024723,5.613334,5.488993,4.490593,5.677535
1974-07-17 12:00:00,3.4741776,3.0125942,4.7866335,4.2570853,4.3788757,4.451027
1974-07-18 12:00:00,4.052439,3.3943582,5.5132675,4.045272,3.9843102,4.9412174
1974-07-19 12:00:00,4.0914574,3.5518675,6.495857,3.7780783,3.1953819,5.6124744
1974-07-20 12:00:00,3.6874127,3.9061558,6.1507583,4.1358185,3.689997,5.728616
1974-07-21 12:00:00,2.8748522,2.9997551,4.9635286,3.3755991,4.095109,4.0164604
1974-07-22 12:00:00,3.6049232,3.2642221,4.9231997,3.1377935,2.4707406,3.5396283
1974-07-23 12:00:00,3.5635214,3.1038558,5.7078533,3.9961941,2.837971,4.7658043
1974-07-24 12:00:00,4.5898943,4.8110266,7.114585,5.082734,4.878837,5.3330064
1974-07-25 12:00:00,5.2973185,6.066177,9.628682,5.430548,4.666314,7.813452
1974-07-26 12:00:00,2.999327,2.9482007,3.4477916,4.349292,4.0509553,3.7359328
1974-07-27 12:00:00,3.315526,2.8499312,4.055865,3.3741343,4.1096735,3.3294265
1974-07-28 12:00:00,2.280841,2.443601,3.790269,3.5708945,5.0705857,3.3055243
1974-07-29 12:00:00,2.1031132,2.0558794,4.0286107,4.513436,5.2049894,2.4499211
1974-07-30 12:00:00,3.725546,4.102569,6.6144695,5.56636,5.942284,5.313427
1974-07-31 12:00:00,4.948861,4.5507865,6.5360975,7.328756,7.283229,6.6185956
1974-08-01 12:00:00,5.032625,4.6744027,7.3152905,6.7325764,5.8569603,7.994367
1974-08-02 12:00:00,4.815219,4.5858016,5.317126,7.626628,6.7676406,5.5183673
1974-08-03 12:00:00,2.6681912,2.3219304,3.9276936,4.0256405,4.899939,3.275086
1974-08-04 12:00:00,5.3031635,5.5357604,8.778432,5.7740607,4.4970098,6.4667306
1974-08-05 12:00:00,6.606623,6.365614,8.149466,8.535561,7.045738,7.282677
1974-08-06 12:00:00,4.6805596,5.264505,7.540434,9.159734,7.9100842,7.8974853
1974-08-07 12:00:00,2.4243202,2.7370198,4.7671514,5.885649,5.0421867,4.251937
1974-08-08 12:00:00,2.7514765,2.886167,3.5693474,4.8634706,5.0699677,3.5029213
1974-08-09 12:00:00,1.5366299,1.6650485,3.1444042,3.4540837,4.522721,2.9794312
1974-08-10 12:00:00,1.1359323,1.3788488,3.280025,3.0416257,4.972903,2.2425456
1974-08-11 12:00:00,1.2101684,1.3219062,2.5774426,2.646915,4.018846,1.9473884
1974-08-12 12:00:00,2.5407085,2.0344114,1.89836,2.1604857,3.8922281,1.7304307
1974-08-13 12:00:00,2.5687196,1.7795659,2.9917865,2.0714025,3.933921,1.9793341
1974-08-14 12:00:00,2.040844,1.9233583,4.4427433,3.1358786,3.2135162,3.551941
1974-08-15 12:00:00,4.02211,4.4663186,8.653837,6.531344,4.631291,7.9876065
1974-08-16 12:00:00,5.9134974,6.1251187,4.201167,7.6770277,5.998092,5.53302
1974-08-17 12:00:00,6.2993865,5.636517,8.886505,5.9084983,4.38544,6.4918222
1974-08-18 12:00:00,3.6592748,3.2374089,5.3815784,3.5799532,2.48871,3.4468017
1974-08-19 12:00:00,1.6446154,1.5049546,3.0762382,3.3609078,5.1072927,3.214231
1974-08-20 12:00:00,1.6537242,1.4634447,3.015992,2.9002528,5.1551476,3.0476255
1974-08-21 12:00:00,1.4092786,1.6747011,3.527104,2.7219489,7.438457,3.3719263
1974-08-22 12:00:00,1.7043974,2.058933,4.049957,3.7385294,6.849386,2.8710778
1974-08-23 12:00:00,2.4806314,3.126724,5.7549014,5.2367454,5.72117,5.68134
1974-08-24 12:00:00,5.0455194,5.750737,7.1826777,7.7585464,5.0715437,8.750755
1974-08-25 12:00:00,6.014163,5.8669662,7.9781423,6.4595604,3.751067,7.435492
1974-08-26 12:00:00,2.853522,2.4577613,3.5605838,4.9200993,6.541958,3.1382475
1974-08-27 12:00:00,1.9523329,2.5211966,4.083186,8.284372,9.270236,5.1620884
1974-08-28 12:00:00,2.7867496,3.2731583,4.482115,7.8164363,5.7919793,4.230105
1974-08-29 12:00:00,2.2338371,2.728526,4.118937,6.234613,3.9662232,4.143747
1974-08-30 12:00:00,2.7442636,3.1019695,6.2692003,5.1109548,3.495335,6.091057
1974-08-31 12:00:00,4.78797,4.6968427,6.7510886,6.199485,7.4094844,5.4009576
1974-09-01 12:00:00,2.6078749,3.169555,3.9286592,5.0856657,8.11994,3.3130598
1974-09-02 12:00:00,1.5486203,1.6485411,2.541724,6.2036214,6.459841,1.8225788
1974-09-03 12:00:00,2.0306354,2.4341762,3.7967408,8.87616,7.947604,4.99317
1974-09-04 12:00:00,3.207202,3.9587448,5.2627263,6.957986,10.869378,7.186024
1974-09-05 12:00:00,2.88141,3.6715345,4.832868,5.0891776,5.636734,6.2598047
1974-09-06 12:00:00,1.9424857,2.2077825,3.0951166,3.4977632,5.8098316,2.4852688
1974-09-07 12:00:00,4.074779,4.462006,6.3820887,5.8976974,6.048695,7.2804255
1974-09-08 12:00:00,5.7751203,5.3351235,6.5618544,5.2708235,7.7252746,5.8889503
1974-09-09 12:00:00,1.8254092,1.8574241,2.4129913,5.2323947,6.7941623,2.5269582
1974-09-10 12:00:00,2.8008735,2.215123,4.8374124,4.4101324,8.314816,3.9000924
1974-09-11 12:00:00,3.915679,3.0250535,6.2244363,3.3137457,8.732254,4.4653134
1974-09-12 12:00:00,2.6249452,2.0577385,5.506174,3.0661643,8.926861,3.4595742
1974-09-13 12:00:00,3.2599804,3.0333002,6.227136,5.569451,7.9879375,6.134449
1974-09-14 12:00:00,6.5299096,6.340404,8.944797,7.223344,6.6660295,7.983414
1974-09-15 12:00:00,6.234357,5.6793427,7.7874446,4.4646616,4.434965,6.316765
1974-09-16 12:00:00,4.151943,3.5992382,5.2476587,3.914785,5.378247,3.5653017
1974-09-17 12:00:00,2.5744324,2.2861967,2.8855455,3.4941087,4.528573,1.8913655
1974-09-18 12:00:00,0.9092108,1.8010597,3.095797,5.364569,6.3464212,4.840738
1974-09-19 12:00:00,2.5301619,3.2343445,4.585202,6.6917295,7.097063,5.9368114
1974-09-20 12:00:00,4.5948863,5.0854816,8.606527,8.509796,7.0121727,9.178395
1974-09-21 12:00:00,4.862417,5.2792673,6.301584,8.354045,7.0260224,6.8799295
1974-09-22 12:00:00,4.2489414,4.708199,8.125126,8.005862,7.138542,7.875221
1974-09-23 12:00:00,4.277591,4.8255672,8.403197,8.639563,7.2510877,7.9173994
1974-09-24 12:00:00,2.579544,2.9253218,3.7324152,7.5561285,6.095076,5.6858397
1974-09-25 12:00:00,1.5573125,1.7006783,4.2863755,4.8038497,4.854054,2.4390185
1974-09-26 12:00:00,2.2037015,2.2645128,3.4065268,3.32498,4.70397,2.7381656
1974-09-27 12:00:00,1.923705,2.4017265,4.3818097,4.3459864,4.311739,4.356997
1974-09-28 12:00:00,2.4817774,2.2906609,4.2093287,3.4411643,4.7612867,2.9603245
1974-09-29 12:00:00,2.0749996,2.1363068,5.4438167,4.4549003,4.6669126,5.8070817
1974-09-30 12:00:00,3.7824001,3.8691788,6.561916,5.5562634,4.2842565,6.250489
1974-10-01 12:00:00,2.4473782,2.8532515,6.1182528,4.8857193,6.49666,5.7822022
1974-10-02 12:00:00,5.0405903,4.795037,7.563989,7.0547533,6.7293983,6.763491
1974-10-03 12:00:00,5.359468,5.144948,8.543924,7.0407476,5.422656,9.113548
1974-10-04 12:00:00,4.2806416,3.8717241,5.341912,7.3481297,6.6394205,5.288006
1974-10-05 12:00:00,3.1885984,3.3296149,5.824777,4.909893,4.858147,5.0249896
1974-10-06 12:00:00,3.592719,3.4603322,6.577096,6.9269166,4.6112685,3.9786205
1974-10-07 12:00:00,2.0844064,2.459682,5.549883,6.212732,5.691786,5.1850495
1974-10-08 12:00:00,4.4103107,3.4841425,4.718964,5.389586,5.973633,3.739168
1974-10-09 12:00:00,5.2101665,4.9475627,7.4907675,8.185731,7.1212487,8.383418
1974-10-10 12:00:00,4.227839,3.8376424,7.0330524,6.4888973,8.424422,6.013235
1974-10-11 12:00:00,5.331464,4.782827,7.9050803,5.1442595,5.3641205,5.6031866
1974-10-12 12:00:00,3.9433022,4.3033695,8.242342,8.230618,6.6126122,8.645438
1974-10-13 12:00:00,3.7638197,3.8810194,5.831969,6.6168323,7.6589255,6.894407
1974-10-14 12:00:00,4.5010386,4.5896916,7.2274313,5.9127398,5.564893,5.7361546
1974-10-15 12:00:00,4.720525,4.8463745,8.860424,9.009717,7.8966203,7.891579
1974-10-16 12:00:00,2.507591,3.3272092,4.233622,8.64533,8.459423,5.3663235
1974-10-17 12:00:00,0.9732252,1.4180812,4.1459694,6.402746,9.1694355,5.2594514
1974-10-18 12:00:00,1.5782006,1.9878165,6.4284334,6.4131737,7.427332,5.5088573
1974-10-19 12:00:00,1.7302902,2.091605,6.9464545,4.855355,5.656031,5.707676
1974-10-20 12:00:00,2.062718,2.1600463,5.6233606,5.472903,6.6850266,5.1063075
1974-10-21 12:00:00,2.5355873,3.2851832,7.4666023,8.147418,7.5229173,8.950746
1974-10-22 12:00:00,6.341137,5.7840967,8.563419,8.404356,6.9460607,7.840363
1974-10-23 12:00:00,3.251322,3.4179552,5.1232696,9.090946,6.225045,6.340351
1974-10-24 12:00:00,2.6159782,3.0448937,4.279983,8.834463,7.6685367,5.34109
1974-10-25 12:00:00,1.346832,1.9271265,4.730938,5.7726564,5.6101394,5.7811985
1974-10-26 12:00:00,3.4336216,4.152578,6.8177342,8.333779,10.227668,7.5878506
1974-10-27 12:00:00,3.7411377,3.7165308,7.09822,8.710706,10.877891,7.2283335
1974-10-28 12:00:00,5.231107,5.080525,7.4767194,9.410016,10.56729,7.357076
1974-10-29 12:00:00,3.0536447,2.8595438,5.0194,6.6113706,8.330947,5.1741138
1974-10-30 12:00:00,2.1855493,2.4198692,4.576194,6.717251,4.152551,4.3284717
1974-10-31 12:00:00,3.7985208,4.0271206,8.534106,9.34996,5.7058773,9.116539
1974-11-01 12:00:00,6.386022,6.6446323,10.194813,11.528605,11.540898,11.395901
1974-11-02 12:00:00,4.4772487,4.7834353,9.166443,11.034866,8.441533,9.04309
1974-11-03 12:00:00,3.5372462,3.4225795,5.8025656,6.865343,9.962861,4.720743
1974-11-04 12:00:00,1.7512411,2.3805673,5.51274,9.136359,5.9467053,7.366544
1974-11-05 12:00:00,4.0340333,4.5646777,8.210016,7.20783,3.8156548,8.732227
1974-11-06 12:00:00,5.681931,6.237322,10.552381,10.646196,6.640473,10.533756
1974-11-07 12:00:00,1.5671929,1.9575789,3.149021,5.516682,7.7407794,2.7708843
1974-11-08 12:00:00,3.256523,3.7755644,6.342881,8.041356,6.4578133,7.829723
1974-11-09 12:00:00,4.991394,4.937178,7.8786983,10.695119,6.3371277,9.204494
1974-11-10 12:00:00,4.3828354,4.130493,6.2530417,8.205312,12.257717,6.152011
1974-11-11 12:00:00,2.8237064,2.9858832,6.121043,7.29914,7.970015,5.773364
1974-11-12 12:00:00,1.7427292,2.1308048,7.0240026,4.548379,10.928153,4.9543333
1974-11-13 12:00:00,2.2637756,2.926868,6.133013,6.074506,8.969797,6.4526167
1974-11-14 12:00:00,3.237869,3.606382,5.867908,7.38259,10.244836,6.763644
1974-11-15 12:00:00,3.7516723,3.221796,4.791624,4.4821973,13.231489,3.2167075
1974-11-16 12:00:00,2.4273577,2.7495842,3.7458706,9.16414,10.018585,2.9048147
1974-11-17 12:00:00,1.2725143,1.9345686,2.5888731,6.6964574,12.719585,2.3223696
1974-11-18 12:00:00,1.8756877,1.609581,3.4770393,5.8513107,7.7506895,3.5826993
1974-11-19 12:00:00,2.7116804,2.212268,4.526354,5.87517,8.321974,4.99443
1974-11-20 12:00:00,3.7266989,3.3171484,6.1719503,8.387263,7.441961,7.4318595
1974-11-21 12:00:00,1.6578894,2.372063,4.4211016,7.859175,7.7867827,5.4133396
1974-11-22 12:00:00,2.9118671,2.7534943,5.90091,7.73059,9.070751,5.6946893
1974-11-23 12:00:00,3.087837,3.3180563,5.18681,9.206698,10.003334,4.439746
1974-11-24 12:00:00,2.2891066,2.848715,3.5134108,6.82173,11.553926,2.7329197
1974-11-25 12:00:00,2.7340665,3.174337,4.4281263,8.2145605,8.012954,5.4485073
1974-11-26 12:00:00,2.1794956,2.5181205,7.1440315,9.790429,7.8771687,8.20973
1974-11-27 12:00:00,5.795384,5.6459417,11.2885895,10.881286,10.243453,10.972135
1974-11-28 12:00:00,5.233227,5.6867414,12.787205,12.381497,6.920523,12.398932
1974-11-29 12:00:00,7.2965035,7.7069836,11.9103565,13.395317,7.551662,11.332984
1974-11-30 12:00:00,4.4435678,4.8468575,7.963917,10.48528,7.1135583,7.912282
1974-12-01 12:00:00,4.2027507,4.650188,8.135838,11.245546,5.4625053,8.284605
1974-12-02 12:00:00,4.5213213,4.9120545,7.8850546,10.53604,6.2260475,7.8695517
1974-12-03 12:00:00,2.763712,2.838556,6.887335,5.4535236,3.926474,4.7993445
1974-12-04 12:00:00,5.7434087,4.4418874,8.599412,4.537628,4.221931,4.530965
1974-12-05 12:00:00,3.144332,3.3501177,5.048026,6.158185,4.1880355,4.2848625
1974-12-06 12:00:00,2.083168,2.2398984,3.9690552,5.6970086,5.01004,4.23612
1974-12-07 12:00:00,2.6105015,2.7396765,5.682566,6.7185616,5.14634,5.3302517
1974-12-08 12:00:00,3.5874128,4.91982,9.307346,10.478148,7.352734,8.688336
1974-12-09 12:00:00,1.5082966,2.7658641,6.6670213,6.207921,4.6514664,4.9951982
1974-12-10 12:00:00,2.9788003,2.7070744,6.5645857,9.016649,7.924419,6.9194784
1974-12-11 12:00:00,3.335204,2.9199514,6.8111925,7.8833904,7.6393294,6.753875
1974-12-12 12:00:00,5.4809604,5.296087,9.007562,12.115373,8.444644,9.591107
1974-12-13 12:00:00,5.036286,4.8872333,10.181842,10.56527,11.544223,9.1420355
1974-12-14 12:00:00,7.2554207,7.2918024,11.92647,12.252908,9.258213,12.994664
1974-12-15 12:00:00,3.3707097,4.12834,5.501856,10.4378395,12.290652,7.1892323
1974-12-16 12:00:00,2.0632377,1.7943261,4.111,6.669478,11.948083,3.291482
1974-12-17 12:00:00,1.8578012,1.5059065,7.1417704,4.745198,9.414204,4.483667
1974-12-18 12:00:00,3.9379761,3.6649048,8.121557,7.5849433,4.928292,7.0516896
1974-12-19 12:00:00,3.8204503,3.9454095,6.5369062,7.7362003,10.934596,5.7174764
1974-12-20 12:00:00,2.5752785,2.8663392,4.254504,5.9588404,9.148361,4.0622325
1974-12-21 12:00:00,2.0238638,2.0035145,4.008499,5.2421236,6.856918,3.7842617
1974-12-22 12:00:00,4.441296,4.280016,8.02816,8.754222,7.964714,7.7031446
1974-12-23 12:00:00,3.7411542,3.5960824,6.7565727,7.2499433,7.719953,5.844774
1974-12-24 12:00:00,2.965454,2.643359,6.0935783,7.0447593,8.835489,5.697007
1974-12-25 12:00:00,5.6372943,5.7283487,10.221253,10.255762,9.918388,9.492059
1974-12-26 12:00:00,6.8310323,6.0553718,9.8370905,8.088492,6.131112,6.872878
1974-12-27 12:00:00,3.3621473,3.4371455,4.7051163,7.2589855,4.3582067,6.281822
1974-12-28 12:00:00,2.7137973,2.7408965,7.75744,7.6213093,3.6211834,8.121737
1974-12-29 12:00:00,6.0045366,6.2636275,11.372169,10.608933,5.860002,11.503785
1974-12-30 12:00:00,6.0011997,5.7980423,9.343407,10.44972,7.8707314,9.379223
1974-12-31 12:00:00,4.4083123,4.3984275,6.168743,8.422858,8.183533,7.2202325
1975-01-01 12:00:00,3.582222,3.3898227,8.754937,6.9921184,7.040548,7.3131514
1975-01-02 12:00:00,5.456012,5.577054,9.696068,8.85714,8.214886,8.265512
1975-01-03 12:00:00,4.285685,4.4782453,9.00229,10.09828,8.342432,9.10491
1975-01-04 12:00:00,7.7904906,8.040708,13.27525,14.906409,11.387629,14.154938
1975-01-05 12:00:00,7.204628,7.5118804,12.207102,12.294514,13.576067,11.17883
1975-01-06 12:00:00,3.791987,4.050573,6.6281495,9.226119,11.331201,6.292679
1975-01-07 12:00:00,2.4482129,2.3842316,6.4561386,6.924372,7.749554,5.7053742
1975-01-08 12:00:00,3.047825,3.554643,8.550632,6.102484,4.569132,8.700437
1975-01-09 12:00:00,2.5278132,2.9524307,7.4371037,7.2500134,4.9614596,6.384637
1975-01-10 12:00:00,4.5540476,4.0407686,9.036827,7.2757554,7.6599727,6.7504406
1975-01-11 12:00:00,6.7019577,6.2439957,8.12493,7.707777,7.6251426,7.1430926
1975-01-12 12:00:00,3.134199,3.7566504,7.46952,9.797902,10.639511,8.085729
1975-01-13 12:00:00,2.844042,2.6246262,5.506172,6.7291145,9.794073,6.5919356
1975-01-14 12:00:00,2.7289054,2.4970944,5.4967637,7.064148,9.5686455,6.0259385
1975-01-15 12:00:00,3.826276,4.102256,7.7080007,9.024372,8.615035,8.502342
1975-01-16 12:00:00,3.123339,3.2795506,6.451986,8.98858,8.663635,7.1883497
1975-01-17 12:00:00,4.667898,5.103548,8.969456,10.554519,10.958013,9.634267
1975-01-18 12:00:00,2.8517573,3.732137,6.6519976,10.829552,11.231418,8.880001
1975-01-19 12:00:00,2.375508,2.615726,5.7814007,9.422047,9.870216,7.6495347
1975-01-20 12:00:00,2.8542547,3.5056157,7.6001153,9.44824,8.028572,8.256279
1975-01-21 12:00:00,4.2412844,4.7179956,8.315564,11.81928,10.231093,10.61342
1975-01-22 12:00:00,6.0584693,6.5033236,10.306021,14.473584,14.36016,13.268262
1975-01-23 12:00:00,4.194082,4.66978,9.320996,11.476947,11.960786,11.025112
1975-01-24 12:00:00,1.7037807,2.1877131,7.6025987,8.053188,8.6089525,7.2257667
1975-01-25 12:00:00,1.9506073,1.6741298,5.613966,4.077272,5.9578853,3.7454932
1975-01-26 12:00:00,2.9055789,2.2082658,6.0962934,4.6265516,4.920019,3.5306685
1975-01-27 12:00:00,4.092198,2.9123244,6.6957097,4.7725573,4.511871,3.8134124
1975-01-28 12:00:00,3.384267,2.815013,7.5110564,6.714831,6.8457184,5.236499
1975-01-29 12:00:00,4.691343,4.458428,7.6826553,6.6780324,9.437293,5.5012145
1975-01-30 12:00:00,2.1161861,2.3423016,6.1260037,5.8615465,8.901387,4.8498616
1975-01-31 12:00:00,2.2220485,1.9234403,5.5457006,7.1116953,7.113929,5.5543175
1975-02-01 12:00:00,1.2722471,2.112971,6.1239347,9.795825,9.643418,8.487187
1975-02-02 12:00:00,1.4884843,2.2937846,6.4437623,9.611638,10.88576,8.114396
1975-02-03 12:00:00,1.4567869,1.8672,4.6659846,8.153448,10.078958,5.3379607
1975-02-04 12:00:00,1.6273818,2.2855167,2.3975246,6.969195,10.864733,2.5125751
1975-02-05 12:00:00,2.8373988,4.744673,5.939104,13.463242,10.716323,7.2635183
1975-02-06 12:00:00,3.2631366,5.069746,7.7679534,9.685255,7.2767863,7.3445373
1975-02-07 12:00:00,4.605868,5.7901053,9.608871,13.1060095,6.213505,10.436353
1975-02-08 12:00:00,6.758268,7.331981,10.9516735,12.468738,4.687699,10.635067
1975-02-09 12:00:00,3.5817502,4.1038527,7.35593,7.642571,5.3939185,6.5879297
1975-02-10 12:00:00,3.0282755,3.5944288,5.902759,9.514426,7.688246,6.7300262
1975-02-11 12:00:00,4.858398,6.089748,8.712158,12.374273,6.502351,9.534953
1975-02-12 12:00:00,4.602596,4.73239,6.0814714,6.229903,4.868569,4.9274817
1975-02-13 12:00:00,1.7655815,2.1168814,2.6963465,6.721248,7.7691994,3.2031717
1975-02-14 12:00:00,1.2931921,1.8589358,3.7325532,7.471297,10.253937,5.139924
1975-02-15 12:00:00,4.363635,4.558452,7.7560916,9.200214,9.937696,8.445127
1975-02-16 12:00:00,4.7016068,5.230912,9.056384,10.784981,8.5370245,8.890828
1975-02-17 12:00:00,3.6579711,3.595996,6.120738,7.352972,9.801923,5.2899265
1975-02-18 12:00:00,1.8729353,2.354021,4.782468,9.262863,10.601572,5.652067
1975-02-19 12:00:00,4.2631025,4.709104,8.733014,9.657209,6.7109323,9.557544
1975-02-20 12:00:00,6.091372,5.66748,8.296942,6.734026,6.0019236,6.775496
1975-02-21 12:00:00,2.7073996,3.0407078,10.350644,8.172542,4.61323,10.369074
1975-02-22 12:00:00,6.658851,7.3261733,11.105866,11.11969,5.755019,9.97333
1975-02-23 12:00:00,5.3106894,4.77313,5.9940486,4.4922295,5.7862706,3.5837958
1975-02-24 12:00:00,2.0407693,1.8072222,4.9651875,7.043757,8.961763,4.5271854
1975-02-25 12:00:00,1.35632,1.8903725,3.7696474,6.441653,9.460302,4.2199035
1975-02-26 12:00:00,3.734708,2.875119,5.571229,3.2027035,9.481055,3.106647
1975-02-27 12:00:00,4.566241,4.480674,9.227954,6.496677,8.155394,6.785782
1975-02-28 12:00:00,2.5462651,3.385311,8.215608,7.195711,6.2835226,7.0798154
1975-03-01 12:00:00,3.1164603,3.5898604,7.2630887,8.466228,8.160613,7.3692374
1975-03-02 12:00:00,4.2720733,4.686278,9.23494,8.897822,10.197632,8.580547
1975-03-03 12:00:00,4.86835,5.7763066,9.988529,9.968683,7.6376195,10.441016
1975-03-04 12:00:00,4.0801296,4.411199,5.787869,7.440384,7.759006,6.242481
1975-03-05 12:00:00,2.7905557,2.7040474,4.4590645,4.025741,6.3001513,3.1458364
1975-03-06 12:00:00,1.8439628,1.6267645,4.142425,3.9904807,5.809146,2.1531081
1975-03-07 12:00:00,1.4989088,1.5844634,3.2910135,3.6764073,4.99781,1.4237692
1975-03-08 12:00:00,1.3357692,1.4390713,2.877413,4.1360598,5.579723,1.4383818
1975-03-09 12:00:00,2.251047,2.1570585,3.6643195,4.0728602,7.3126793,2.165976
1975-03-10 12:00:00,2.657727,2.6617284,4.808548,4.3127146,7.6135106,2.8092575
1975-03-11 12:00:00,1.6882372,1.8957788,3.1882253,3.945867,4.5296745,3.2827847
1975-03-12 12:00:00,0.97204,1.1761247,3.381985,3.0182922,5.5091844,2.5360844
1975-03-13 12:00:00,3.431747,3.3185885,5.4267564,5.3756156,5.970044,3.537485
1975-03-14 12:00:00,4.4406714,4.214412,7.4556594,6.7007775,5.7899594,4.6946054
1975-03-15 12:00:00,4.2324796,3.374026,7.2378187,5.0951843,6.629182,4.170957
1975-03-16 12:00:00,3.866222,3.1384137,7.4570317,4.2976737,4.4482617,4.3443036
1975-03-17 12:00:00,1.3797553,1.7621093,3.633557,3.953872,7.002386,2.6811738
1975-03-18 12:00:00,2.2799578,2.3565712,2.9979815,4.12841,5.695032,2.771667
1975-03-19 12:00:00,4.703385,4.2699733,5.6958847,8.653904,8.69622,6.028347
1975-03-20 12:00:00,1.5812031,1.6644497,4.0295863,4.6929584,9.857152,2.7307222
1975-03-21 12:00:00,2.6502714,2.2829294,3.360975,5.7975283,6.3271313,3.463035
1975-03-22 12:00:00,2.7167485,2.3872511,6.006368,4.0466337,4.442299,4.203539
1975-03-23 12:00:00,2.4188797,2.11118,5.793234,3.4483242,4.0167427,4.295686
1975-03-24 12:00:00,5.018635,4.1890845,6.054798,3.8254902,3.5602865,5.361308
1975-03-25 12:00:00,3.1058428,2.7608511,4.259091,4.1374636,4.3106318,3.7886586
1975-03-26 12:00:00,2.505414,3.0386913,4.6036015,6.917589,4.351952,4.6040816
1975-03-27 12:00:00,2.1603184,2.6717286,3.2815804,4.2053475,4.790672,3.1074545
1975-03-28 12:00:00,1.8784755,2.253048,2.530855,3.7429125,5.4848866,2.2705648
1975-03-29 12:00:00,1.5435715,1.7691182,3.1812215,2.9181304,5.880673,3.6340046
1975-03-30 12:00:00,1.8267908,1.9060334,2.7890804,2.7307048,5.1913915,2.1762412
1975-03-31 12:00:00,1.7304145,2.075685,4.6260014,4.046688,3.9998636,2.4364169
1975-04-01 12:00:00,3.1213253,3.0625608,3.9691691,5.0869985,2.862846,2.6132574
1975-04-02 12:00:00,2.0440238,1.771849,3.9066024,3.7484343,4.554475,2.9378936
1975-04-03 12:00:00,1.6892223,1.7646859,2.932185,2.86743,5.947608,2.6711235
1975-04-04 12:00:00,1.8305664,2.075014,2.8133428,5.1511226,6.508995,2.8441665
1975-04-05 12:00:00,1.8066719,2.4965904,4.410414,4.857832,4.3891664,4.833625
1975-04-06 12:00:00,3.488207,3.6286242,5.7440434,5.7533126,5.2442813,4.439447
1975-04-07 12:00:00,3.9927025,3.4565003,6.6979966,6.5614014,4.31853,3.3451416
1975-04-08 12:00:00,3.2004795,2.9123273,5.4206605,6.853019,4.313164,4.810561
1975-04-09 12:00:00,3.666736,3.826939,4.570844,6.1743236,3.831265,4.248641
1975-04-10 12:00:00,3.9991646,3.5738256,4.983377,5.656841,3.6107693,4.698768
1975-04-11 12:00:00,2.7497299,2.3091555,5.6024632,4.9707656,4.1493497,3.0801482
1975-04-12 12:00:00,2.6699283,2.6814678,6.1846704,4.5049405,3.4995763,3.0253205
1975-04-13 12:00:00,4.052223,4.1837354,8.225231,6.044472,7.9329667,4.8547616
1975-04-14 12:00:00,4.038409,4.15079,8.6932955,6.63374,11.097612,5.578367
1975-04-15 12:00:00,2.6464138,3.5603473,7.0705724,8.377495,7.0647993,9.082334
1975-04-16 12:00:00,1.7521769,2.4392567,4.285021,5.505163,7.6817303,4.5167804
1975-04-17 12:00:00,2.1914365,1.9759696,3.2135735,4.7432013,4.797388,3.346938
1975-04-18 12:00:00,2.3375332,2.071528,3.7407262,5.0018787,5.110978,4.3437986
1975-04-19 12:00:00,2.468519,2.5454063,4.2002635,6.0047293,4.4675264,5.502405
1975-04-20 12:00:00,1.4981419,1.769551,4.4838305,5.899923,5.1715536,5.7036433
1975-04-21 12:00:00,1.8718851,1.824593,3.8562548,5.244809,5.919807,3.870565
1975-04-22 12:00:00,1.9728934,2.2954388,2.5439372,4.967422,8.7001,2.237083
1975-04-23 12:00:00,2.811901,2.8080413,3.2343235,6.9617543,8.121489,2.883743
1975-04-24 12:00:00,4.502613,4.804743,4.634661,6.49958,6.5771856,5.1859226
1975-04-25 12:00:00,5.122209,5.2762446,4.6371255,5.10234,4.428655,5.300713
1975-04-26 12:00:00,2.9665031,2.6706383,4.39365,3.4109845,6.7637887,3.6492255
1975-04-27 12:00:00,2.6490376,2.467853,5.0404673,5.342534,6.3638783,3.1113448
1975-04-28 12:00:00,3.0348716,2.6156042,4.7239,5.430713,5.99733,3.4913023
1975-04-29 12:00:00,2.574133,2.880099,4.798264,4.5735326,4.3925304,3.8424907
1975-04-30 12:00:00,3.0601885,3.5253875,5.754913,7.1153135,5.742749,5.8827763
1975-05-01 12:00:00,3.660178,3.8059888,6.810146,6.240517,8.56725,7.8370137
1975-05-02 12:00:00,3.7125702,4.11752,5.6394277,7.457827,7.0862684,6.0109982
1975-05-03 12:00:00,1.8988234,2.0947263,3.5673416,4.244704,4.6478534,3.2833588
1975-05-04 12:00:00,3.2510743,2.527427,2.5152912,2.4495409,4.2557297,1.9374667
1975-05-05 12:00:00,1.9193847,1.5015548,2.1913676,1.8276262,3.6240156,1.2206062
1975-05-06 12:00:00,2.1815116,1.6503946,2.2752318,2.120425,2.9712245,2.0535471
1975-05-07 12:00:00,3.5523508,2.7466824,3.0897138,4.198622,3.9278262,3.3205702
1975-05-08 12:00:00,3.5160534,3.308646,5.4466157,5.978981,6.344303,6.180216
1975-05-09 12:00:00,3.7341745,4.1180053,5.1965466,4.1781983,6.881585,4.8332148
1975-05-10 12:00:00,3.1532745,3.741127,4.146832,3.720183,4.1365743,4.419034
1975-05-11 12:00:00,3.4421375,3.57315,3.5788486,5.971385,5.296031,4.248998
1975-05-12 12:00:00,3.8506958,3.436101,6.224378,4.019436,6.1961517,3.7584283
1975-05-13 12:00:00,3.1510646,2.6971855,5.0507565,4.4363775,5.517051,3.0833962
1975-05-14 12:00:00,4.3511953,3.6473305,6.2013836,5.970368,5.820244,3.9342089
1975-05-15 12:00:00,3.9003968,3.1096659,5.7578526,4.740512,4.640671,3.2396972
1975-05-16 12:00:00,2.8655179,2.2075891,3.7519794,4.1516833,3.8736281,2.1154826
1975-05-17 12:00:00,2.015131,1.998771,3.2147813,5.1403236,3.4414525,3.2209988
1975-05-18 12:00:00,2.2265673,2.5139863,3.0529962,4.752179,2.795081,3.4408104
1975-05-19 12:00:00,3.6845772,3.6481602,3.2700543,4.1791444,5.057953,2.641771
1975-05-20 12:00:00,2.5634139,3.343836,3.568801,6.2193875,4.2310157,3.9606433
1975-05-21 12:00:00,1.9103212,2.411177,3.7635896,4.4029593,4.897755,4.770626
1975-05-22 12:00:00,1.7423198,1.7918007,2.986358,3.378875,5.1539774,2.3833501
1975-05-23 12:00:00,3.514849,3.727787,4.18839,5.459839,5.7126837,4.820904
1975-05-24 12:00:00,1.6822703,2.1645205,4.501857,4.8889427,4.951034,3.876496
1975-05-25 12:00:00,4.747066,5.1833477,8.597769,7.954729,5.6267123,9.556353
1975-05-26 12:00:00,5.8329186,5.789228,7.7849236,7.8790264,7.3932486,9.399701
1975-05-27 12:00:00,2.835996,3.4000754,5.8698673,4.5358562,4.9123726,5.6528487
1975-05-28 12:00:00,3.9029062,4.3023734,7.473796,5.2160892,4.09931,6.987331
1975-05-29 12:00:00,4.240439,4.55652,5.317719,6.805087,6.1610174,6.0846715
1975-05-30 12:00:00,4.036978,4.0871615,5.261848,4.8022,4.6572566,4.9267707
1975-05-31 12:00:00,2.6977918,3.3624163,3.9328969,5.125113,6.5917253,3.4377403
1975-06-01 12:00:00,1.6714846,1.6804519,3.276351,3.317496,9.362755,2.4823363
1975-06-02 12:00:00,1.0769225,1.5142382,2.9228792,2.738413,7.3971124,2.2851353
1975-06-03 12:00:00,2.4169853,2.3627355,2.2146878,4.5271025,6.8043885,2.5587316
1975-06-04 12:00:00,3.837565,4.0095463,5.9936204,4.386148,5.717622,5.216986
1975-06-05 12:00:00,3.0528033,3.7686398,6.4613194,5.702032,4.9977226,6.643506
1975-06-06 12:00:00,2.3538203,2.3788583,4.222261,3.1837635,4.7354345,3.232512
1975-06-07 12:00:00,3.2549412,2.8790376,6.681059,3.4541235,4.3834386,4.3896155
1975-06-08 12:00:00,3.5186284,3.3280425,5.601655,3.374794,3.786571,4.0859175
1975-06-09 12:00:00,3.5783966,2.9244797,5.635603,2.9131737,4.08393,3.526711
1975-06-10 12:00:00,3.835397,3.4954286,5.6866236,3.4980342,3.8215663,4.5610185
1975-06-11 12:00:00,1.7388463,1.9914447,3.6867015,5.279111,4.7450194,2.7650106
1975-06-12 12:00:00,3.8639479,3.8809893,5.0411453,8.829838,7.760568,5.6906815
1975-06-13 12:00:00,3.6986015,4.052831,4.6473618,6.803477,6.6196966,6.262323
1975-06-14 12:00:00,2.507911,2.7626567,3.4708283,5.6994243,4.1499147,4.5571427
1975-06-15 12:00:00,1.651069,2.077088,3.4466312,3.946288,4.1081777,3.3723814
1975-06-16 12:00:00,1.8181003,2.505811,4.8145647,4.836166,3.7201028,4.3731437
1975-06-17 12:00:00,2.247121,2.5275688,4.890039,5.811128,3.0626464,3.7737129
1975-06-18 12:00:00,2.5635564,3.1988204,4.522834,3.7984166,4.1288986,3.570034
1975-06-19 12:00:00,1.8496085,1.9677411,2.8702722,3.02707,4.150264,2.1886752
1975-06-20 12:00:00,1.3573222,1.6296908,3.0809538,6.6565847,5.1221814,2.930808
1975-06-21 12:00:00,2.1859465,2.150055,2.2936988,6.5239573,5.163333,2.9179087
1975-06-22 12:00:00,1.5691936,1.660203,3.1458144,6.2383313,4.3933606,3.1188653
1975-06-23 12:00:00,2.2923727,2.2781513,4.505724,6.1553006,3.9166934,2.9069417
1975-06-24 12:00:00,4.077801,3.4119344,5.017517,5.352556,4.441791,3.440229
1975-06-25 12:00:00,3.7606053,3.697311,4.311776,3.8952527,4.1873426,4.1716065
1975-06-26 12:00:00,2.8625977,3.3245928,3.6403284,4.106786,3.364124,3.9896579
1975-06-27 12:00:00,3.8339934,3.9567213,6.1110835,4.4605713,3.903375,5.9081807
1975-06-28 12:00:00,3.217889,3.4141219,5.417181,4.62534,4.842886,5.3268485
1975-06-29 12:00:00,4.3636074,4.1802483,4.5209923,3.886781,5.761164,5.0462627
1975-06-30 12:00:00,3.0424173,3.3521569,5.8553467,4.5888453,4.6776466,4.7101865
1975-07-01 12:00:00,4.2211685,4.129557,6.1484866,7.1053452,6.477292,6.3724065
1975-07-02 12:00:00,4.1085315,3.738881,5.921938,4.26269,4.3761516,5.8862877
1975-07-03 12:00:00,4.3308234,4.239471,6.4281926,5.8622813,5.48263,7.824571
1975-07-04 12:00:00,3.325963,3.1849806,4.8150063,5.2257032,3.89085,3.564339
1975-07-05 12:00:00,1.3565893,1.9152775,4.861148,3.3720427,4.7109776,2.9592783
1975-07-06 12:00:00,2.1766822,2.050545,3.5988274,2.9042072,4.0878124,2.6944723
1975-07-07 12:00:00,2.4838383,2.6715732,4.364669,4.146702,2.6964548,4.9922338
1975-07-08 12:00:00,3.8617728,4.0862536,4.404507,5.162781,3.3157284,4.5617533
1975-07-09 12:00:00,2.3682668,2.2601037,3.5037384,3.9554749,5.483878,4.135143
1975-07-10 12:00:00,2.6906302,2.315244,3.452347,3.2468684,5.0233617,3.7296805
1975-07-11 12:00:00,1.8999028,2.5832994,4.1543684,3.567559,3.2799199,3.5055053
1975-07-12 12:00:00,2.2913587,2.3268993,3.7757504,2.6074986,3.266373,3.2156231
1975-07-13 12:00:00,2.6178856,2.8542473,4.31371,4.4276247,3.7005856,4.4464054
1975-07-14 12:00:00,2.003752,1.9499115,3.0894966,4.394967,4.5516844,4.1202097
1975-07-15 12:00:00,2.423003,3.2962027,3.393356,4.5495353,4.2947626,5.1445317
1975-07-16 12:00:00,3.401311,3.695571,4.7781816,4.4281015,5.107087,4.7892747
1975-07-17 12:00:00,2.915389,3.7914624,4.0972075,4.4751897,5.1302137,3.5410497
1975-07-18 12:00:00,1.7074916,1.9065399,3.3492467,3.2208784,5.251024,2.7245789
1975-07-19 12:00:00,2.9657147,2.9922671,4.481857,5.4892654,4.5311065,3.944888
1975-07-20 12:00:00,4.7882714,5.2687135,6.9233403,5.656394,5.753182,5.533406
1975-07-21 12:00:00,2.9503365,3.0966482,4.777164,7.18265,6.0805807,4.7546234
1975-07-22 12:00:00,4.629441,5.12471,7.312202,7.5731854,6.8199167,6.9074492
1975-07-23 12:00:00,5.6774564,6.0652385,6.5483184,4.587659,4.223178,6.392636
1975-07-24 12:00:00,6.121598,5.788284,6.416347,3.8226662,3.306984,5.301376
1975-07-25 12:00:00,5.53275,5.222267,5.1702604,4.4827156,4.800264,4.424022
1975-07-26 12:00:00,3.5542998,3.8663461,6.1852827,4.753821,3.2851987,4.6008525
1975-07-27 12:00:00,2.7532017,2.4649708,3.442533,3.3860319,3.1417627,2.8271084
1975-07-28 12:00:00,2.6445885,2.3003848,3.4571543,2.8951392,2.7831435,2.55393
1975-07-29 12:00:00,4.5659504,4.262898,4.7032967,4.895065,2.992623,3.9920497
1975-07-30 12:00:00,2.6784897,2.7910333,3.3169441,4.261196,4.1498923,3.0752232
1975-07-31 12:00:00,2.1451564,2.587576,4.8677692,5.5076203,4.853538,4.5375066
1975-08-01 12:00:00,4.605473,4.7186804,4.0969996,5.650126,5.5574484,3.6717694
1975-08-02 12:00:00,2.8617523,2.7008395,3.1644838,3.593072,6.098576,2.091412
1975-08-03 12:00:00,1.7603918,1.8420191,2.1259694,3.3531466,6.9063234,2.4121346
1975-08-04 12:00:00,1.657501,1.9344658,2.826117,3.7008038,6.3209834,2.186337
1975-08-05 12:00:00,2.6935298,2.348522,3.2913833,3.1489224,5.2833285,2.5650334
1975-08-06 12:00:00,3.5533864,2.9474912,4.335741,2.956824,2.928572,2.9792707
1975-08-07 12:00:00,2.360333,2.0406048,4.178982,3.0013375,2.2436285,2.9666731
1975-08-08 12:00:00,1.9597863,2.1415968,2.939135,2.7437177,3.2216587,3.3843613
1975-08-09 12:00:00,3.3521667,3.638398,5.000841,6.193977,4.8119607,5.405065
1975-08-10 12:00:00,5.5804925,5.643586,6.958913,6.2933955,4.2427015,5.8415155
1975-08-11 12:00:00,2.7614028,2.7772648,4.1135955,5.6478777,5.2221107,5.793646
1975-08-12 12:00:00,3.5024703,3.4083958,4.927451,5.4383893,5.4235888,4.365816
1975-08-13 12:00:00,2.8076355,2.9460018,4.5346713,4.685242,5.2394695,3.8317058
1975-08-14 12:00:00,2.875909,3.1543622,5.094741,7.2935743,4.61041,6.6273117
1975-08-15 12:00:00,3.4667995,3.6645458,6.2615805,6.5916777,7.5446734,6.890324
1975-08-16 12:00:00,5.4817114,6.020089,8.197137,6.5893455,5.7941794,6.9127903
1975-08-17 12:00:00,3.5920599,3.768547,4.8650227,9.1017885,8.027477,5.9848175
1975-08-18 12:00:00,1.9843593,2.2067497,3.489091,5.261971,5.1654983,3.416211
1975-08-19 12:00:00,2.7238965,2.6467593,3.003836,3.2363331,4.1451225,2.0015697
1975-08-20 12:00:00,4.100823,3.4721854,3.3297658,2.5513716,2.911042,2.0100229
1975-08-21 12:00:00,3.4473197,3.3074434,4.0065684,3.111646,4.8842263,2.8146992
1975-08-22 12:00:00,2.2944553,2.4996777,3.4148154,4.70886,5.312189,3.1076982
1975-08-23 12:00:00,0.91434383,1.4451472,2.346039,3.7446823,5.076369,2.9897256
1975-08-24 12:00:00,0.8978097,1.1884263,1.9630237,3.1933756,5.781915,1.7846862
1975-08-25 12:00:00,1.5301673,1.7085059,1.8015367,3.228958,4.0775995,2.5039535
1975-08-26 12:00:00,1.5335898,1.7383109,3.4953432,4.977002,4.740565,4.6269574
1975-08-27 12:00:00,0.99495775,1.3686213,2.6763315,4.321022,5.796184,3.2592103
1975-08-28 12:00:00,1.8259193,1.6926088,3.6148455,2.2311368,3.7838016,1.9533556
1975-08-29 12:00:00,3.0155914,3.0574715,5.509664,3.7373328,4.4368334,3.64853
1975-08-30 12:00:00,3.0759158,3.1494062,7.0292764,5.0369387,6.238654,4.825268
1975-08-31 12:00:00,2.2179568,2.3618,6.555815,4.5365615,6.5459766,4.872867
1975-09-01 12:00:00,1.8913025,2.018252,5.276881,3.6697886,4.871875,2.6020849
1975-09-02 12:00:00,3.170872,3.1240764,3.9149666,4.2208586,4.784614,3.0350537
1975-09-03 12:00:00,3.940479,3.7618103,6.779141,4.1089315,5.681459,4.505841
1975-09-04 12:00:00,3.9551628,4.318136,5.4728203,4.8713975,4.710952,5.3823
1975-09-05 12:00:00,2.2718327,2.2177627,2.8042274,3.7643652,4.4049907,2.6679976
1975-09-06 12:00:00,3.321663,3.4035122,5.1411853,3.2926176,4.3308992,4.7008615
1975-09-07 12:00:00,1.8510624,2.4134665,3.7514756,5.278608,6.65885,3.9702928
1975-09-08 12:00:00,3.0502956,3.1806746,5.030602,4.420055,4.7879114,5.238948
1975-09-09 12:00:00,4.5569425,4.5664415,6.3065567,5.6845484,4.976432,5.5293736
1975-09-10 12:00:00,3.460071,3.791699,3.8575382,5.470847,6.383464,3.3761666
1975-09-11 12:00:00,1.9202262,2.2153733,2.5085952,3.1816454,4.184014,2.3222039
1975-09-12 12:00:00,4.823457,4.83996,4.379008,5.777901,4.089344,4.3469224
1975-09-13 12:00:00,3.5730147,3.7320516,2.6900918,5.5399103,3.8379052,3.3763442
1975-09-14 12:00:00,1.8947809,1.6831795,2.4944546,3.5781496,2.8512032,2.5664558
1975-09-15 12:00:00,3.3786075,2.9771743,4.326042,3.3066726,3.6220734,3.2510517
1975-09-16 12:00:00,3.5628216,2.9077132,3.519388,3.6540246,3.4245107,2.6681547
1975-09-17 12:00:00,2.7478507,2.9851274,3.4941604,4.9333797,5.8285723,3.2155693
1975-09-18 12:00:00,2.249126,2.4174623,2.703853,3.9348123,6.962871,1.9061987
1975-09-19 12:00:00,2.5714252,2.4217405,4.5393343,4.9025865,5.0500207,4.9306974
1975-09-20 12:00:00,3.9978943,4.487287,8.149599,8.970021,7.3335834,9.080658
1975-09-21 12:00:00,5.4371843,5.9217896,9.348952,11.002706,8.708623,9.963686
1975-09-22 12:00:00,3.6150703,3.8693821,7.159947,7.4770675,6.864264,7.608728
1975-09-23 12:00:00,3.2851198,3.2581837,4.697534,4.443813,4.461517,5.100369
1975-09-24 12:00:00,3.2246542,2.5078828,4.120492,2.9789631,4.094227,2.7848976
1975-09-25 12:00:00,2.2370946,2.3137736,5.840126,5.7315416,4.2285194,5.866837
1975-09-26 12:00:00,3.8347642,4.0770383,5.5060673,6.672791,8.050253,4.9275517
1975-09-27 12:00:00,3.8845663,3.5236363,5.5881305,7.2273417,8.374879,4.97523
1975-09-28 12:00:00,3.1074526,3.2045853,5.6929097,7.353345,6.3419313,6.6097803
1975-09-29 12:00:00,4.7816234,4.068596,8.249475,4.929759,4.132164,6.920532
1975-09-30 12:00:00,4.325632,3.595273,6.661194,6.735131,4.8752923,7.3709464
1975-10-01 12:00:00,5.5765142,5.8762674,8.058337,12.55271,10.843085,10.060107
1975-10-02 12:00:00,3.5179837,4.3951097,4.6057625,10.459605,9.431852,5.2692194
1975-10-03 12:00:00,0.879002,1.3232529,3.5389674,3.9518542,11.463867,2.5404947
1975-10-04 12:00:00,2.181172,2.4195654,5.3217735,5.1988688,6.4232426,5.259475
1975-10-05 12:00:00,2.7620678,3.0054524,4.412944,6.4794135,6.247589,5.3610163
1975-10-06 12:00:00,3.3841026,3.0302048,5.0648956,5.0415792,5.915659,5.3291717
1975-10-07 12:00:00,4.3660965,4.587706,7.112637,7.5812964,4.5209007,8.055187
1975-10-08 12:00:00,3.4546294,3.87935,6.152864,7.364001,5.212524,6.296331
1975-10-09 12:00:00,3.266904,3.4138343,6.698706,8.146884,5.644419,6.529214
1975-10-10 12:00:00,5.4665966,5.630109,7.3504148,6.781958,4.2382507,5.8281827
1975-10-11 12:00:00,3.8347456,4.157057,6.3034825,7.1972423,8.925704,5.5708084
1975-10-12 12:00:00,2.502905,2.5576391,3.627817,3.3204331,6.627945,3.7549212
1975-10-13 12:00:00,1.1693193,1.1932061,2.0965974,2.8742123,6.2464414,2.286399
1975-10-14 12:00:00,0.9634101,1.4868606,4.086389,6.018283,5.5103865,4.5585146
1975-10-15 12:00:00,3.9064362,4.204218,8.330807,9.235487,7.0162644,8.637297
1975-10-16 12:00:00,4.13002,4.1681943,7.4369206,9.40339,8.750913,7.3693933
1975-10-17 12:00:00,2.6266456,3.0427213,5.52773,6.637861,5.195144,5.6663036
1975-10-18 12:00:00,1.562863,1.9367892,3.8875725,5.8475485,6.401993,4.7617064
1975-10-19 12:00:00,3.6643944,4.228243,7.7355304,7.152485,8.849961,6.492664
1975-10-20 12:00:00,4.6967316,4.5954447,7.191172,6.486605,6.510423,6.8366632
1975-10-21 12:00:00,2.712772,2.8701267,5.374458,4.8805785,5.0188313,4.880844
1975-10-22 12:00:00,1.551827,1.7982155,5.9249187,5.059457,5.5923495,3.2290075
1975-10-23 12:00:00,1.1450503,1.2335253,4.6450295,3.4188051,4.1830664,2.2819512
1975-10-24 12:00:00,2.8351758,2.648742,5.4583735,4.1465397,6.138126,2.7790663
1975-10-25 12:00:00,2.0063612,1.7202265,5.289002,2.7095094,5.3117704,2.5762014
1975-10-26 12:00:00,1.2479966,1.5221537,4.3844967,3.6048346,7.258716,1.8623066
1975-10-27 12:00:00,1.9758425,1.6224653,3.4282415,3.3798938,7.037439,1.2512866
1975-10-28 12:00:00,1.0666349,1.194233,3.8681982,2.415203,6.6861734,1.786927
1975-10-29 12:00:00,0.74512523,1.4218246,3.8803349,4.4472685,5.2127047,3.393597
1975-10-30 12:00:00,1.6462066,1.8061849,5.8896103,6.986377,7.5261164,6.017001
1975-10-31 12:00:00,3.5264614,3.6906571,7.92242,8.982619,8.268953,9.239728
1975-11-01 12:00:00,4.3100286,4.3120146,6.7775793,9.691533,10.023063,8.107663
1975-11-02 12:00:00,4.531054,4.3307257,8.019737,7.4232287,5.7267447,7.797296
1975-11-03 12:00:00,2.573389,2.3281837,4.6181784,6.8726697,5.097862,5.148601
1975-11-04 12:00:00,2.6844993,2.4693606,5.293212,5.932598,4.754114,5.3041787
1975-11-05 12:00:00,2.6635778,2.442212,5.873446,5.399876,4.2628093,4.931904
1975-11-06 12:00:00,2.443058,2.4691331,5.442047,5.876935,5.3691216,4.4342456
1975-11-07 12:00:00,2.5004077,2.4107587,5.5171337,4.124728,5.4963117,4.4074674
1975-11-08 12:00:00,3.784871,3.787434,7.198759,8.611334,4.894466,7.887089
1975-11-09 12:00:00,1.5443008,2.0436108,5.1094904,6.33875,6.744572,3.823374
1975-11-10 12:00:00,6.534104,6.148523,9.037399,9.626709,4.9015446,7.0209117
1975-11-11 12:00:00,7.571948,6.750094,8.795449,7.950444,4.0924053,7.6866183
1975-11-12 12:00:00,5.167199,4.777709,6.135513,6.251231,4.014824,5.3954277
1975-11-13 12:00:00,4.1555557,3.5533848,4.646053,4.962447,4.2235527,2.6752913
1975-11-14 12:00:00,2.2173553,2.7123468,2.5535417,3.3831728,6.8198767,2.4865835
1975-11-15 12:00:00,1.3416297,1.6383771,5.6776967,5.378659,4.335144,5.478888
1975-11-16 12:00:00,3.1827476,3.142904,5.9084196,6.987365,8.243848,5.256215
1975-11-17 12:00:00,1.4917583,1.8593531,4.899512,5.9662848,9.290975,5.021666
1975-11-18 12:00:00,5.095045,5.1495094,10.735871,11.078391,10.617473,9.906894
1975-11-19 12:00:00,4.4748015,5.388222,9.271118,11.579161,9.29528,9.43346
1975-11-20 12:00:00,4.9107776,5.8088517,9.885323,11.052396,7.0338774,10.006809
1975-11-21 12:00:00,3.651491,3.8599622,4.6668067,4.877932,4.3321424,3.958324
1975-11-22 12:00:00,1.7456896,1.7965741,8.107243,7.694088,6.5971975,6.557949
1975-11-23 12:00:00,1.516976,1.6777709,5.8058047,8.14501,10.677591,4.529101
1975-11-24 12:00:00,2.0899343,2.9711714,5.9682984,9.516057,14.061885,6.4196997
1975-11-25 12:00:00,3.9049256,4.284653,6.4901795,10.863108,15.002553,6.649915
1975-11-26 12:00:00,6.133424,6.961042,5.079349,11.115747,16.121931,4.39437
1975-11-27 12:00:00,2.5573921,3.3541777,5.6652164,11.407185,13.003678,5.4298425
1975-11-28 12:00:00,2.0716338,2.1253877,4.1422653,8.852024,12.653984,3.9347856
1975-11-29 12:00:00,2.749956,2.0738895,3.5962844,6.546411,10.827332,2.225811
1975-11-30 12:00:00,3.2663803,2.895281,5.8328013,5.0912395,5.024401,3.8571885
1975-12-01 12:00:00,3.806235,3.5167248,6.618753,5.043897,3.5278757,4.8160396
1975-12-02 12:00:00,3.4610915,2.8608108,7.054204,4.828096,6.5305257,4.118872
1975-12-03 12:00:00,5.742373,6.019512,10.578415,8.764198,7.258921,8.7193985
1975-12-04 12:00:00,3.969857,4.434617,8.966003,9.235391,7.493132,8.773342
1975-12-05 12:00:00,3.2306108,3.0345182,5.3095837,6.297666,6.7808194,5.0119042
1975-12-06 12:00:00,3.2387538,3.4351878,6.305616,6.362381,7.430664,5.8171964
1975-12-07 12:00:00,1.5117893,1.9452851,2.5371234,4.399257,5.894908,2.539105
1975-12-08 12:00:00,2.4481473,2.3190703,3.917082,3.1687315,5.8300805,3.0377839
1975-12-09 12:00:00,3.1269026,2.322314,4.635841,2.9667723,7.405463,2.696936
1975-12-10 12:00:00,2.8316603,1.9725099,5.7036195,3.1639698,6.47914,2.7922304
1975-12-11 12:00:00,2.212405,1.9365692,5.3837667,2.6966841,6.0761037,2.5680132
1975-12-12 12:00:00,2.7918148,2.9575515,3.972941,3.6914983,4.5742583,2.7562284
1975-12-13 12:00:00,3.3666093,3.604655,3.7290986,4.7447305,3.9027603,3.1971285
1975-12-14 12:00:00,2.4506757,2.3391757,4.721781,2.6774058,6.3051095,3.659933
1975-12-15 12:00:00,2.523652,2.2746806,5.253017,3.0373666,7.3083205,3.238976
1975-12-16 12:00:00,3.2735174,2.6104674,6.102902,4.688076,6.9140716,4.2392416
1975-12-17 12:00:00,3.839614,3.807937,7.938498,5.7574625,5.3602185,5.423036
1975-12-18 12:00:00,4.6162763,4.7290964,6.9377995,7.11365,4.602953,5.8889356
1975-12-19 12:00:00,3.1427453,3.33471,6.4383984,7.9950943,6.057045,5.916629
1975-12-20 12:00:00,3.337658,3.3496099,7.9445615,8.844544,8.253237,7.39526
1975-12-21 12:00:00,3.1188953,3.498028,8.328938,8.777207,8.675228,7.3233943
1975-12-22 12:00:00,2.8970046,2.605973,9.897351,7.271335,8.312807,6.6812873
1975-12-23 12:00:00,1.8364506,1.9009331,6.8897314,8.263208,8.901255,6.679847
1975-12-24 12:00:00,5.0717344,5.2816195,10.215006,13.124025,11.225029,11.200771
1975-12-25 12:00:00,6.7176995,6.0128403,10.603095,12.386488,6.7705874,10.649905
1975-12-26 12:00:00,5.0319157,4.8462515,8.425158,9.3359585,6.0610366,8.645496
1975-12-27 12:00:00,4.099609,3.9675407,7.7050157,7.0597734,5.299277,6.3978333
1975-12-28 12:00:00,3.7950351,3.9192863,5.36191,8.837359,7.3236604,5.3218174
1975-12-29 12:00:00,2.1148815,2.627293,6.9780474,8.873552,5.5325394,7.1501184
1975-12-30 12:00:00,2.700051,2.8206954,8.225329,8.370231,4.0131693,7.1414337
1975-12-31 12:00:00,2.1112092,2.3460178,10.148705,8.200304,4.0464044,10.35785
1976-01-01 12:00:00,1.5180976,2.1942554,5.423391,7.230569,5.561554,6.031215
1976-01-02 12:00:00,4.0197105,4.228712,6.2956953,9.794487,8.633525,5.5388465
1976-01-03 12:00:00,2.5014029,2.883111,6.322068,7.0964518,7.6018405,6.751653
1976-01-04 12:00:00,4.0869145,4.2317486,7.855581,9.314718,9.7362795,8.070979
1976-01-05 12:00:00,4.8407693,4.6444664,9.099738,6.775246,7.7087655,7.918051
1976-01-06 12:00:00,3.6305354,4.006241,9.81948,6.1477933,5.27481,8.641942
1976-01-07 12:00:00,3.5618064,3.6582575,7.4641275,7.904645,6.772602,7.2663245
1976-01-08 12:00:00,4.849947,4.8892455,10.403172,10.399151,6.7543178,10.590328
1976-01-09 12:00:00,4.1279,4.5411177,9.002815,8.379795,6.982717,7.6257544
1976-01-10 12:00:00,4.8562455,4.7867136,8.406755,8.9043,8.859775,7.35915
1976-01-11 12:00:00,3.1465895,3.5869186,5.5470266,8.716216,8.530028,5.8849454
1976-01-12 12:00:00,3.2232656,3.7704592,7.020576,11.788014,9.843537,8.099251
1976-01-13 12:00:00,3.4811292,3.3228564,6.4169226,9.270977,10.427748,6.7775283
1976-01-14 12:00:00,3.5536878,3.5308547,6.9374857,9.254918,7.843227,7.4904675
1976-01-15 12:00:00,4.5568147,4.5302052,8.208887,7.8718634,9.308502,7.734254
1976-01-16 12:00:00,2.953294,2.8823981,4.5725384,5.920213,8.161425,4.742882
1976-01-17 12:00:00,3.1190026,2.848997,4.863932,6.4203796,8.994093,4.399236
1976-01-18 12:00:00,1.1714033,1.5167929,4.3922358,5.8235383,7.191839,3.3038032
1976-01-19 12:00:00,1.0442357,1.557079,6.395901,5.6459823,5.7314663,6.092495
1976-01-20 12:00:00,1.3392524,1.6065822,3.5909963,4.8672,6.380316,2.398644
1976-01-21 12:00:00,2.4574952,2.8538988,7.5664616,8.857023,6.7482247,6.982699
1976-01-22 12:00:00,6.0313287,5.606973,10.995358,7.8583264,7.5924377,9.841732
1976-01-23 12:00:00,4.8153744,4.4014707,9.122478,7.3177133,7.37647,6.95984
1976-01-24 12:00:00,2.8308542,2.8535542,7.0661826,7.6650863,6.197887,5.9334097
1976-01-25 12:00:00,3.2468915,3.8108697,6.9274325,8.575383,5.641551,6.9692383
1976-01-26 12:00:00,3.1940925,3.4769073,7.0189037,8.492168,6.9087133,7.839661
1976-01-27 12:00:00,4.9396143,4.791424,8.780102,8.260236,6.67944,7.789809
1976-01-28 12:00:00,1.9741889,2.1913097,4.6326103,5.0563726,7.219542,4.074718
1976-01-29 12:00:00,3.8361442,3.8406959,7.6218333,9.897683,9.144036,8.0396185
1976-01-30 12:00:00,5.1965218,5.0995774,10.557782,10.57434,10.560091,10.685422
1976-01-31 12:00:00,4.157234,4.7614408,8.269925,11.266056,6.978263,9.6237335
1976-02-01 12:00:00,3.9540083,4.2826595,6.850528,9.245588,11.163086,6.5567303
1976-02-02 12:00:00,3.2615187,3.5932868,4.2597413,7.374588,9.967248,3.0355473
1976-02-03 12:00:00,2.234355,2.625357,3.7199671,7.0997396,8.505734,4.3448267
1976-02-04 12:00:00,2.3852282,2.6080382,6.451752,8.811197,7.4132767,6.953077
1976-02-05 12:00:00,2.9860222,3.0274537,4.555454,6.438972,6.7332397,4.450599
1976-02-06 12:00:00,3.098937,3.0416613,4.4819536,7.878049,5.6564693,5.890331
1976-02-07 12:00:00,2.9274728,3.3021984,4.643007,8.220619,8.779972,5.764917
1976-02-08 12:00:00,4.9188757,5.3518558,10.871017,8.005435,5.941239,9.7226925
1976-02-09 12:00:00,3.7393305,4.2080984,9.118868,6.575576,8.702387,7.0399294
1976-02-10 12:00:00,2.2732632,2.541364,5.275006,5.0319037,9.516392,5.1412287
1976-02-11 12:00:00,3.972911,3.999187,8.18187,7.188874,7.631344,8.277468
1976-02-12 12:00:00,3.9208488,3.6810231,7.9029074,8.317697,7.32539,7.239463
1976-02-13 12:00:00,4.149096,3.9547021,8.118557,8.642014,7.0623207,7.4485297
1976-02-14 12:00:00,5.90344,5.446166,8.338822,6.2865405,7.2070374,6.6391344
1976-02-15 12:00:00,2.907609,2.906234,5.32879,5.8974442,9.651838,3.6045456
1976-02-16 12:00:00,2.8457532,2.786586,4.5084405,5.9886346,8.335219,3.431053
1976-02-17 12:00:00,1.6880107,1.8877221,5.113142,4.4004,6.4162498,3.434281
1976-02-18 12:00:00,3.0038173,3.254711,5.782472,7.5604787,6.810457,5.516527
1976-02-19 12:00:00,2.755675,2.7045355,6.873718,5.5491447,7.0207977,4.2991567
1976-02-20 12:00:00,5.262369,4.0278206,5.749045,4.6235414,5.3338866,4.1998496
1976-02-21 12:00:00,2.3578935,2.4365396,4.600821,3.8173969,3.8207316,3.5587091
1976-02-22 12:00:00,2.6165845,1.8956442,6.9840803,5.007006,10.100273,3.5598032
1976-02-23 12:00:00,1.4532135,1.3894455,5.57439,5.285094,10.072993,2.3375552
1976-02-24 12:00:00,1.6597916,1.7606925,3.0541346,4.078448,12.109085,1.4893247
1976-02-25 12:00:00,2.135295,1.7109352,3.8808756,4.013448,7.6151166,2.424395
1976-02-26 12:00:00,1.3624083,1.5392518,3.061262,3.6926641,4.6140523,3.4850986
1976-02-27 12:00:00,0.91930336,1.4050273,4.010908,4.6282926,5.4405,4.0233564
1976-02-28 12:00:00,1.4259967,1.7567377,5.0947533,5.255945,5.105457,5.837456
1976-02-29 12:00:00,2.9950335,3.4255047,4.9385676,7.936718,5.400121,5.358414
1976-03-01 12:00:00,3.4127433,3.7394793,7.2906713,6.590286,6.4047956,7.1991367
1976-03-02 12:00:00,3.985501,3.446681,4.5640655,5.5671506,4.8186846,4.4449377
1976-03-03 12:00:00,4.129203,3.2011306,5.356253,4.443393,4.5293574,4.208834
1976-03-04 12:00:00,1.9924785,2.1805544,4.1041265,6.0850677,5.9784966,3.5292368
1976-03-05 12:00:00,3.045286,3.2693405,6.6341047,5.97931,7.817352,5.9100957
1976-03-06 12:00:00,3.0681274,2.9486673,5.198019,6.6320252,6.2600045,4.262351
1976-03-07 12:00:00,2.5406864,3.0168908,4.275343,5.383831,4.984379,3.1377742
1976-03-08 12:00:00,3.58414,3.249413,4.892723,3.7564287,4.252926,3.5218258
1976-03-09 12:00:00,3.9717913,2.9984796,6.167969,5.2041826,7.9267683,3.7953458
1976-03-10 12:00:00,4.162107,3.3540802,6.3185396,4.894366,7.2354,3.4696016
1976-03-11 12:00:00,3.2731018,2.835255,5.89571,5.8060193,7.523937,3.3418088
1976-03-12 12:00:00,3.813614,3.6508486,6.433289,5.5855384,5.8851027,4.118706
1976-03-13 12:00:00,3.8357997,3.7989786,6.306673,6.2355356,6.65848,4.7480416
1976-03-14 12:00:00,5.0239983,5.437612,8.645796,8.010411,7.031016,7.487014
1976-03-15 12:00:00,2.3450713,3.0508218,6.7868376,7.474967,5.925525,7.2070084
1976-03-16 12:00:00,3.6922166,3.6483653,4.6380396,5.965872,6.6287208,5.224747
1976-03-17 12:00:00,2.5289023,2.9243233,6.6071024,5.715448,7.67294,6.355192
1976-03-18 12:00:00,3.8743012,3.0455322,5.6963234,3.1614006,7.516846,4.4714704
1976-03-19 12:00:00,3.3130605,3.5420148,5.74944,7.130327,7.177369,5.6505885
1976-03-20 12:00:00,3.23316,3.4950302,4.5635586,5.0760765,5.6795545,3.5361524
1976-03-21 12:00:00,1.982557,2.3270721,3.8678973,4.7287354,4.392825,3.5434096
1976-03-22 12:00:00,2.466931,2.3102996,3.1280584,2.7915473,4.877057,1.8977445
1976-03-23 12:00:00,2.2279694,2.00287,3.207577,3.659826,6.3693824,2.9913502
1976-03-24 12:00:00,2.39747,2.9600477,5.982249,6.9688067,6.103063,6.253676
1976-03-25 12:00:00,3.4672692,3.4329872,7.761053,5.1621394,4.237829,7.2123466
1976-03-26 12:00:00,1.6300488,1.8039593,3.6475425,3.5910645,5.063264,4.1801367
1976-03-27 12:00:00,4.429782,4.5199122,5.252761,6.641859,6.6719275,5.159204
1976-03-28 12:00:00,3.118666,3.1917086,4.3791986,6.111908,7.643867,3.522882
1976-03-29 12:00:00,2.5299873,2.8150887,5.238761,5.5468926,7.3187423,5.5439086
1976-03-30 12:00:00,2.5429242,2.6160393,3.9877791,5.289206,5.836741,4.240045
1976-03-31 12:00:00,2.4484694,2.405214,4.281078,5.8908563,4.597013,4.0115376
1976-04-01 12:00:00,2.285454,2.5054994,4.321906,6.031278,4.976785,2.6237607
1976-04-02 12:00:00,3.7957137,3.8039699,9.536049,6.424093,3.6651776,8.837371
1976-04-03 12:00:00,4.3342233,3.8911173,5.979283,6.410883,5.789902,4.3244495
1976-04-04 12:00:00,2.3001316,2.516721,7.803082,5.4992023,7.736587,5.727447
1976-04-05 12:00:00,3.5450187,3.7337453,7.954311,6.478051,5.0054193,7.588537
1976-04-06 12:00:00,2.4145372,2.6807253,3.8576667,3.3814387,2.81787,3.0706704
1976-04-07 12:00:00,2.0597012,2.0466113,3.7138083,4.755548,2.3901854,4.619303
1976-04-08 12:00:00,1.5642351,1.4904773,1.8663093,3.8482318,6.51096,2.713816
1976-04-09 12:00:00,2.9837756,2.4049263,3.7832022,6.909721,7.5750957,4.894195
1976-04-10 12:00:00,3.1632848,2.455235,4.4821396,6.6496935,6.8036366,4.424045
1976-04-11 12:00:00,1.0171295,1.1292334,4.7756677,3.0633142,5.827994,3.5921695
1976-04-12 12:00:00,1.1084657,1.1579344,5.156127,3.0325677,5.159081,3.8060548
1976-04-13 12:00:00,0.8435704,1.1534356,5.8535843,3.5783095,4.985113,4.522396
1976-04-14 12:00:00,1.6714374,1.9029812,5.929181,4.31471,4.0396543,5.565237
1976-04-15 12:00:00,2.1883392,1.8958659,3.1817875,4.4437804,4.412043,3.3543556
1976-04-16 12:00:00,4.144019,3.7151048,3.2873006,2.7009318,5.286275,2.6045415
1976-04-17 12:00:00,2.9292254,2.6414776,4.5417886,3.8423061,4.763386,3.9375992
1976-04-18 12:00:00,2.396494,2.605787,5.989088,4.9370418,6.205503,4.7701406
1976-04-19 12:00:00,2.0682983,2.4258716,5.5963755,3.8608468,5.870977,4.8296432
1976-04-20 12:00:00,3.0046103,3.2757292,5.9660597,6.413061,5.185177,7.63404
1976-04-21 12:00:00,3.005681,3.4529202,5.953345,7.7022414,6.8774014,8.21296
1976-04-22 12:00:00,2.37625,3.1881387,4.928472,7.7741776,8.698423,6.7659345
1976-04-23 12:00:00,2.066256,2.3727086,4.2660913,7.974918,8.655271,5.938313
1976-04-24 12:00:00,3.8061035,3.7412117,4.559299,7.8271904,4.563377,5.5577393
1976-04-25 12:00:00,4.190802,4.026677,5.63867,6.9366956,4.6032114,6.3123646
1976-04-26 12:00:00,4.4240413,5.8947096,6.148026,10.32948,9.423406,7.124878
1976-04-27 12:00:00,6.0627127,6.166504,4.963013,7.466831,7.3286924,5.108463
1976-04-28 12:00:00,3.9685438,3.781869,3.89238,5.0378494,7.3611794,2.7713597
1976-04-29 12:00:00,4.2275653,4.177402,4.1145544,5.063832,5.015089,3.8647227
1976-04-30 12:00:00,2.7616987,2.896354,3.4173229,6.1540523,5.999679,4.615112
1976-05-01 12:00:00,5.2476387,5.131757,7.672501,7.328018,5.526554,9.458477
1976-05-02 12:00:00,3.4691617,2.9952419,8.753079,5.2292266,4.699529,6.049445
1976-05-03 12:00:00,2.250642,2.1174912,6.7390904,3.6608605,4.481166,3.448649
1976-05-04 12:00:00,2.9464335,2.9276986,8.407488,4.0436,4.1842976,4.7731233
1976-05-05 12:00:00,3.140427,3.5442152,8.146173,4.753141,3.9703505,5.8240285
1976-05-06 12:00:00,3.817313,3.734295,6.668347,5.0877657,3.544499,6.288807
1976-05-07 12:00:00,3.1730058,3.0592897,4.742506,4.1242776,3.1870353,3.6960611
1976-05-08 12:00:00,1.5920786,2.109635,4.612468,3.7939708,3.0684183,5.2873077
1976-05-09 12:00:00,1.7081779,1.5306284,3.0227194,2.7641423,3.3803802,2.4000645
1976-05-10 12:00:00,1.777148,1.871157,2.8758528,2.8002849,3.7894816,2.3057256
1976-05-11 12:00:00,2.115063,2.0614724,3.8538187,4.1864896,4.519827,3.8491106
1976-05-12 12:00:00,2.8808212,3.2375507,5.228501,5.818598,6.517446,4.907351
1976-05-13 12:00:00,3.4338765,3.4370532,6.3575153,7.788542,8.223603,7.8340497
1976-05-14 12:00:00,3.2339141,2.8990455,3.8861964,5.182335,7.701149,4.114033
1976-05-15 12:00:00,2.4867854,2.525983,2.4212167,3.7688422,6.2358017,2.6412125
1976-05-16 12:00:00,1.219198,1.6056547,2.7895253,3.4557395,5.587179,2.857899
1976-05-17 12:00:00,1.8603237,2.0526783,4.498917,4.6612725,5.2993517,3.3261185
1976-05-18 12:00:00,3.9121363,3.9884658,5.2218866,6.5102224,6.2522078,5.429292
1976-05-19 12:00:00,2.9161396,2.9546478,3.8024945,4.311103,6.661224,4.4064093
1976-05-20 12:00:00,1.7330779,1.7111468,2.1704664,3.7713616,5.2118144,2.0393806
1976-05-21 12:00:00,2.8321323,3.0538685,4.943064,3.1648746,3.6621256,4.040471
1976-05-22 12:00:00,2.9403856,3.3874052,7.757313,4.1700997,4.806908,6.4406176
1976-05-23 12:00:00,3.1184573,3.6226115,6.37787,4.7247796,5.036208,5.833965
1976-05-24 12:00:00,3.0389001,3.319296,6.509601,3.992943,4.886133,5.898548
1976-05-25 12:00:00,4.533741,4.286842,8.081932,3.8544724,4.5437865,5.0264735
1976-05-26 12:00:00,2.9592214,3.2917113,4.8121867,4.40488,5.8194537,3.9809873
1976-05-27 12:00:00,2.6097155,2.4443378,3.7291143,5.5630107,5.348928,3.4107816
1976-05-28 12:00:00,5.8424454,5.5258512,5.708858,7.048684,5.388763,5.339133
1976-05-29 12:00:00,4.0101223,3.9356074,3.5557165,6.277434,5.0217457,4.2805285
1976-05-30 12:00:00,2.016312,2.5725033,2.3896952,7.096063,6.1843743,3.137728
1976-05-31 12:00:00,1.9721292,2.4499104,3.2107253,7.1974306,6.095153,3.7856808
1976-06-01 12:00:00,3.3873007,3.7339709,4.534526,7.257345,5.6352644,5.3447137
1976-06-02 12:00:00,4.547835,4.669143,4.41348,7.0758142,5.2705197,6.3379064
1976-06-03 12:00:00,3.2407548,3.4145823,3.6190398,6.050223,5.065754,3.6088629
1976-06-04 12:00:00,2.4081259,3.0258818,3.0764608,7.031994,5.819389,3.98953
1976-06-05 12:00:00,3.4101613,3.9191675,3.3319213,8.715512,6.214459,5.180933
1976-06-06 12:00:00,3.5345955,3.788283,5.4108667,8.899668,10.321447,5.6198645
1976-06-07 12:00:00,3.0820312,2.4991066,3.5286334,6.7627153,9.528461,5.185218
1976-06-08 12:00:00,4.4336863,4.188074,4.1500306,6.121984,4.6325717,4.874832
1976-06-09 12:00:00,5.870503,6.1194644,6.372131,8.155924,5.1807323,7.13756
1976-06-10 12:00:00,4.995507,5.073504,5.008098,7.5079556,7.1760864,5.4149966
1976-06-11 12:00:00,2.1171265,2.4392056,3.5250773,4.533931,5.84732,3.7013326
1976-06-12 12:00:00,2.1819234,2.4162765,3.3626833,3.7657714,4.4601965,3.4600182
1976-06-13 12:00:00,3.1184318,3.293513,5.643308,4.4028325,3.2327363,5.4003205
1976-06-14 12:00:00,2.462012,2.3931406,3.607656,2.7678468,4.4835496,3.2834089
1976-06-15 12:00:00,3.0890458,3.5322917,5.545421,4.611186,4.906782,4.819913
1976-06-16 12:00:00,5.0397644,4.501413,5.8248134,3.8398097,5.554247,4.0208154
1976-06-17 12:00:00,2.1622522,2.3292627,4.9739957,3.7041764,4.541368,4.107846
1976-06-18 12:00:00,2.1455889,3.3624945,7.4412394,5.954119,4.093549,6.5711856
1976-06-19 12:00:00,2.6880252,2.656123,4.201583,7.823446,5.021463,3.911498
1976-06-20 12:00:00,2.846093,3.2245526,4.5479245,3.9515257,4.0175867,3.5389156
1976-06-21 12:00:00,3.9246578,3.7110603,4.7955194,4.8960223,5.710833,4.059333
1976-06-22 12:00:00,4.9495826,4.583302,6.329709,7.203245,6.0576644,6.460038
1976-06-23 12:00:00,4.32353,4.0273647,5.0021076,7.363576,5.2261577,5.544442
1976-06-24 12:00:00,2.838721,2.329549,3.7024653,4.3526607,4.84511,3.240547
1976-06-25 12:00:00,3.3065295,2.8774128,4.5512424,3.7037246,3.4125247,5.052362
1976-06-26 12:00:00,1.8489851,2.057507,1.8847388,3.070046,3.417228,2.1255665
1976-06-27 12:00:00,1.8868653,1.7924174,2.9874542,2.9927406,3.7144246,2.5055206
1976-06-28 12:00:00,2.428998,2.7582858,4.2061496,6.1659193,4.6334305,4.2541595
1976-06-29 12:00:00,2.9615927,3.1117356,4.1320977,6.2255297,4.630417,3.4271944
1976-06-30 12:00:00,2.4076674,2.3457916,3.30419,4.5148196,5.5101085,3.4310737
1976-07-01 12:00:00,2.6924634,3.38061,2.7118826,3.0333347,5.120787,2.9077003
1976-07-02 12:00:00,1.6573846,2.2884731,2.6134267,3.55204,4.0253243,2.8550172
1976-07-03 12:00:00,1.9886708,2.0465662,3.3732421,2.9219723,4.669961,2.265037
1976-07-04 12:00:00,2.1611414,2.387565,5.4579916,3.6138024,3.7914448,4.66301
1976-07-05 12:00:00,2.7574685,3.2230074,3.0308962,3.8499937,4.3428645,3.3063788
1976-07-06 12:00:00,3.3474174,3.231209,3.5866053,2.9097161,4.046268,2.8689961
1976-07-07 12:00:00,3.8966196,3.9745123,3.7983644,4.135835,3.5131438,3.888124
1976-07-08 12:00:00,2.243803,2.4153924,3.545235,3.3164444,3.8497963,3.338035
1976-07-09 12:00:00,2.1978323,2.050576,2.3883574,2.807994,3.1777687,2.2124336
1976-07-10 12:00:00,2.4248748,2.0212538,2.2433,2.9987555,3.764473,1.7381686
1976-07-11 12:00:00,1.3754125,1.3985023,2.0477877,3.0502965,4.215885,1.6889753
1976-07-12 12:00:00,0.69265586,1.145649,2.401604,3.6726897,4.09737,2.4725776
1976-07-13 12:00:00,1.6744281,1.4694152,2.042379,3.3986185,4.1352015,2.2862153
1976-07-14 12:00:00,2.261283,2.0347774,3.5398467,4.2527957,4.6899676,2.0141146
1976-07-15 12:00:00,1.8564268,1.6178672,2.9007869,5.4044776,5.023242,2.0463336
1976-07-16 12:00:00,2.2395127,1.9058267,3.0406196,5.2543693,4.890654,2.593226
1976-07-17 12:00:00,1.6365662,2.0377853,3.2625418,4.345089,4.029079,3.4433582
1976-07-18 12:00:00,2.063483,2.0245795,4.143884,2.636284,5.9681478,3.5000033
1976-07-19 12:00:00,2.672179,3.1963809,5.2578893,5.700669,5.0159407,4.946173
1976-07-20 12:00:00,3.687398,3.991386,5.5972643,6.5002136,3.7185962,5.5525303
1976-07-21 12:00:00,4.6367884,5.260481,7.615604,11.235308,6.500407,8.546908
1976-07-22 12:00:00,5.3713,6.109946,8.299262,9.257386,6.9467144,8.407956
1976-07-23 12:00:00,3.1258655,3.3907912,5.3592467,5.2052927,6.5717635,4.773055
1976-07-24 12:00:00,3.0888577,2.919009,4.524133,3.3526,4.809264,4.6804934
1976-07-25 12:00:00,1.5896581,1.7622396,3.5862327,2.9074748,3.7175057,3.634038
1976-07-26 12:00:00,3.5808716,3.6583452,5.2127633,4.256863,3.3631833,6.3223076
1976-07-27 12:00:00,3.442846,3.6808577,3.7470617,3.6900492,3.818783,3.168997
1976-07-28 12:00:00,3.3248894,3.2321527,4.8490763,4.1755943,4.703424,2.8228154
1976-07-29 12:00:00,2.713746,3.2243485,5.5194454,4.876238,4.8199573,4.4520307
1976-07-30 12:00:00,4.6013255,5.017413,6.1025105,6.095916,4.965901,5.268921
1976-07-31 12:00:00,4.0695806,4.104819,5.517713,5.8310924,4.861374,5.1518993
1976-08-01 12:00:00,2.99046,3.328577,4.6179805,5.8140707,4.1127324,5.145345
1976-08-02 12:00:00,2.0453334,2.0202293,3.89193,5.389332,4.1010175,4.6415343
1976-08-03 12:00:00,2.1223004,2.188938,3.37955,3.0505943,3.8806036,4.211319
1976-08-04 12:00:00,3.4920304,3.253348,3.465789,5.002195,4.322974,5.198969
1976-08-05 12:00:00,3.3403158,3.6686325,5.322761,5.0972943,6.183384,5.138422
1976-08-06 12:00:00,2.2096388,2.5362775,3.8084877,4.440424,6.0969696,2.9585605
1976-08-07 12:00:00,2.1372106,2.0962424,3.763773,3.4527955,4.0880075,3.6580064
1976-08-08 12:00:00,2.730189,2.803856,4.77937,3.9915257,5.564901,4.2914896
1976-08-09 12:00:00,4.1809464,4.2169814,6.3708773,6.522923,8.199248,6.55576
1976-08-10 12:00:00,3.1184058,3.4890432,5.0785527,5.307751,7.3252053,5.4195137
1976-08-11 12:00:00,3.0126147,3.0357475,6.0568576,4.3245816,8.357356,4.431337
1976-08-12 12:00:00,5.2511606,5.8462133,6.201274,8.937385,8.401568,6.611649
1976-08-13 12:00:00,4.566887,4.991096,8.366359,7.813885,9.8296385,9.097905
1976-08-14 12:00:00,3.4033003,3.5309198,5.0852184,4.760855,6.465923,4.901419
1976-08-15 12:00:00,3.5600922,3.9202023,6.1332846,5.1546617,5.3135743,6.7250586
1976-08-16 12:00:00,4.2809205,4.485067,5.713403,6.6228776,5.684915,6.332886
1976-08-17 12:00:00,3.8202045,3.984477,4.3819695,7.6324706,6.1234827,5.701262
1976-08-18 12:00:00,4.1523004,3.9815526,5.487343,6.626718,5.975041,6.7268257
1976-08-19 12:00:00,3.0762956,3.698388,4.2115655,8.486581,6.7761893,4.292131
1976-08-20 12:00:00,3.068716,3.7977903,5.180793,6.6161275,6.514956,5.169997
1976-08-21 12:00:00,2.8508368,3.290657,3.2322452,4.349474,6.7225637,2.3903852
1976-08-22 12:00:00,1.6240213,1.914262,4.2728395,3.7682598,3.8333297,4.328157
1976-08-23 12:00:00,2.8824773,2.932247,4.4571776,4.854879,4.8283076,4.178908
1976-08-24 12:00:00,4.4523535,4.499375,5.997176,7.358961,6.9859767,6.2547503
1976-08-25 12:00:00,2.5413976,2.8162732,5.9205303,4.7829857,7.950426,6.521307
1976-08-26 12:00:00,2.0382767,2.212685,6.722646,3.872584,7.067088,4.738049
1976-08-27 12:00:00,3.5103397,3.1946726,5.362355,4.5190506,7.855533,5.174309
1976-08-28 12:00:00,3.1014462,3.2912855,3.9186273,4.256822,6.6125584,4.844609
1976-08-29 12:00:00,4.1730328,4.1381807,8.138502,5.0127983,4.6144247,5.961177
1976-08-30 12:00:00,6.5431786,6.0982895,9.658368,7.605723,5.543442,8.216219
1976-08-31 12:00:00,3.5496793,3.7777164,3.571191,4.5039105,4.519267,3.1402283
1976-09-01 12:00:00,1.7734928,2.0644567,4.578926,3.4660532,4.8993106,3.4463372
1976-09-02 12:00:00,5.9982715,5.669759,8.408681,6.069315,5.069994,7.067667
1976-09-03 12:00:00,5.5696154,5.044891,7.3662977,7.3047576,6.4842095,5.4762764
1976-09-04 12:00:00,4.3512816,3.8712382,5.452474,7.471569,4.6846547,5.436552
1976-09-05 12:00:00,2.929102,2.7314982,3.6092544,5.801325,5.9812965,2.506563
1976-09-06 12:00:00,3.3696773,3.4516854,5.9173393,6.832131,8.496911,5.894739
1976-09-07 12:00:00,2.9590776,3.06488,5.3040876,5.90426,7.489132,4.354304
1976-09-08 12:00:00,2.2270148,2.3489294,4.9795375,4.0244517,5.550492,3.2234013
1976-09-09 12:00:00,3.6157658,3.5355449,6.042915,5.272471,3.9514604,5.0953283
1976-09-10 12:00:00,1.6943139,2.3016102,6.069611,7.1912737,5.622895,7.255257
1976-09-11 12:00:00,3.409881,3.71775,7.6122756,4.4493513,7.521961,5.7653313
1976-09-12 12:00:00,3.273458,3.3302536,4.908095,4.217018,6.632404,3.6750414
1976-09-13 12:00:00,3.8175292,4.13269,8.24958,5.1978345,4.9750986,6.8764043
1976-09-14 12:00:00,4.2297897,4.5621986,6.700322,6.7919173,4.794236,7.1464415
1976-09-15 12:00:00,1.9638729,2.3843243,4.5880733,4.2240868,5.5502424,4.8528614
1976-09-16 12:00:00,3.2420115,2.9331012,5.0080805,3.7916844,5.457776,4.7021165
1976-09-17 12:00:00,1.7441756,1.8060616,4.472671,3.9840765,8.604852,3.4626708
1976-09-18 12:00:00,2.4496255,2.5024507,4.259533,4.292078,5.769637,4.102114
1976-09-19 12:00:00,3.5496495,3.260378,2.9903817,3.9873836,5.2037816,2.5686185
1976-09-20 12:00:00,1.3181794,1.7764431,2.5269473,3.276135,7.117587,2.6807308
1976-09-21 12:00:00,1.3819125,2.0564399,4.8926806,4.5769286,9.583021,3.5373256
1976-09-22 12:00:00,1.7569675,2.124381,4.152852,5.6756773,6.9692354,4.9913864
1976-09-23 12:00:00,3.1377194,2.6265109,5.9392476,4.807689,6.2920885,4.2021623
1976-09-24 12:00:00,2.3270953,2.0469332,4.1820145,4.285108,5.5875916,3.921444
1976-09-25 12:00:00,3.6866987,4.046845,8.623812,8.86605,6.167862,8.164369
1976-09-26 12:00:00,3.7571921,3.1011522,6.4648857,6.53372,9.298342,5.8419943
1976-09-27 12:00:00,4.6954017,4.3722024,9.029046,5.543774,5.4128404,7.4319377
1976-09-28 12:00:00,3.7882934,3.6218715,5.453064,5.7169857,5.282494,5.21916
1976-09-29 12:00:00,2.6906388,2.7161496,4.652791,5.091619,5.868866,3.6054275
1976-09-30 12:00:00,2.900869,3.490434,5.2471323,10.91203,8.694485,7.126035
1976-10-01 12:00:00,4.921239,4.782454,7.7372074,9.697301,7.6695056,7.5892215
1976-10-02 12:00:00,3.4522238,4.079913,6.847007,9.788406,5.968071,7.5070744
1976-10-03 12:00:00,2.9790354,3.2196615,6.4453464,6.1785207,5.5094647,6.329196
1976-10-04 12:00:00,5.100649,5.005619,8.983815,8.675787,6.558586,8.547186
1976-10-05 12:00:00,3.1618524,2.8922489,5.321729,5.8503017,5.831228,5.5780206
1976-10-06 12:00:00,4.0734615,3.7623813,7.1831794,6.4735794,5.778006,7.044822
1976-10-07 12:00:00,3.8218095,3.6186376,5.649257,6.674879,7.4055576,7.038739
1976-10-08 12:00:00,4.404793,4.2659845,7.4343853,7.75874,6.111224,7.466493
1976-10-09 12:00:00,4.97981,4.94488,8.189967,9.867154,5.970676,7.7225313
1976-10-10 12:00:00,3.1921299,3.506396,6.1828413,8.440466,5.5002484,5.5058637
1976-10-11 12:00:00,2.9776268,3.0903993,5.6138783,8.348787,5.4221907,6.5262804
1976-10-12 12:00:00,5.40969,5.2041945,9.142542,9.690552,10.709489,9.695067
1976-10-13 12:00:00,5.667041,5.228051,7.288005,9.081772,10.434294,7.145774
1976-10-14 12:00:00,1.8901289,2.2179744,2.929179,6.436071,10.562014,3.8964176
1976-10-15 12:00:00,3.892355,3.1459146,5.698781,4.8440685,8.21857,5.0728073
1976-10-16 12:00:00,1.5772965,1.7425346,3.417732,6.988621,8.619847,2.2456682
1976-10-17 12:00:00,0.8573883,1.566939,1.8199931,5.307432,7.219046,2.0615516
1976-10-18 12:00:00,1.603649,1.5468205,2.6608756,5.332735,9.569761,3.021599
1976-10-19 12:00:00,4.221553,3.457159,4.816505,9.004433,10.126964,6.693762
1976-10-20 12:00:00,3.6282082,3.8426344,7.1182323,10.052027,11.087109,6.7323465
1976-10-21 12:00:00,4.331304,4.9923635,8.717366,12.595645,9.356212,9.228549
1976-10-22 12:00:00,5.312522,6.332308,9.566148,12.626106,10.237115,10.035499
1976-10-23 12:00:00,2.6293628,2.9327192,4.3687663,5.3608336,6.0558105,4.349287
1976-10-24 12:00:00,2.8897133,2.8371358,4.7432675,5.1064463,3.4070284,5.5668273
1976-10-25 12:00:00,3.282411,3.0711174,4.542998,5.457452,4.8420954,4.6742764
1976-10-26 12:00:00,3.5165114,3.1291554,4.4454894,3.8701777,6.287741,3.7101402
1976-10-27 12:00:00,4.4463882,4.0908875,8.820958,8.738709,9.452505,7.947732
1976-10-28 12:00:00,3.596304,3.3743482,4.8059964,4.476459,9.611923,3.0564961
1976-10-29 12:00:00,2.481722,2.6220613,7.4747653,6.1200733,6.3582726,7.3661876
1976-10-30 12:00:00,7.8459864,6.157656,7.3299303,7.143987,8.262302,5.006859
1976-10-31 12:00:00,4.257534,3.9901543,6.3070283,6.851075,7.677423,6.8162355
1976-11-01 12:00:00,1.273526,1.9454043,3.1266515,7.874581,6.041405,4.339767
1976-11-02 12:00:00,2.7964346,2.2746944,4.2731967,3.3816519,5.2979846,1.8741087
1976-11-03 12:00:00,1.2829863,1.582874,3.756144,7.515767,9.794152,1.7626573
1976-11-04 12:00:00,1.144829,1.7659628,3.2117577,5.436866,10.1320095,2.2739809
1976-11-05 12:00:00,1.7142664,1.5277957,3.7679002,2.7190962,5.3948464,1.9766994
1976-11-06 12:00:00,1.4908769,1.7942748,4.063803,4.8926454,7.9674964,3.10832
1976-11-07 12:00:00,2.684584,2.9197152,5.453741,7.962694,6.9520807,6.7433715
1976-11-08 12:00:00,4.9161425,4.7331114,9.388626,8.885482,7.883367,8.861303
1976-11-09 12:00:00,5.615485,5.7483854,11.9051695,8.73275,5.152141,10.565338
1976-11-10 12:00:00,3.695192,4.1891937,5.6609206,7.2673244,9.7997875,4.6836386
1976-11-11 12:00:00,1.9677116,2.297138,3.182557,5.4845915,6.276722,2.8564243
1976-11-12 12:00:00,2.827285,3.1725152,4.5990777,9.17192,7.990999,5.4561386
1976-11-13 12:00:00,1.9022293,2.293901,4.891515,7.0251274,9.686108,5.1400995
1976-11-14 12:00:00,3.5664895,3.978581,7.879929,10.844835,11.816475,8.071533
1976-11-15 12:00:00,8.422319,7.6944003,12.414081,11.532263,10.40728,11.4419985
1976-11-16 12:00:00,3.3246984,3.194002,4.7002883,5.760633,11.33377,4.101841
1976-11-17 12:00:00,1.9284912,1.8946818,5.919807,4.111412,9.383335,3.4417343
1976-11-18 12:00:00,2.8165057,2.7227635,7.9330606,5.5179386,6.7592506,5.1640587
1976-11-19 12:00:00,2.618581,2.3653715,5.3935,6.11384,5.750109,4.838214
1976-11-20 12:00:00,5.497984,4.774714,7.6882067,5.4621606,4.971354,6.7264905
1976-11-21 12:00:00,5.11807,4.1519413,8.568711,4.996033,3.4284527,6.0287313
1976-11-22 12:00:00,5.236752,3.9520154,10.136415,4.5845284,8.786274,6.3028207
1976-11-23 12:00:00,5.542496,4.345456,9.225305,5.8811927,8.604735,5.7217727
1976-11-24 12:00:00,3.7535374,2.8436177,3.8215995,4.5192914,4.67817,1.9561486
1976-11-25 12:00:00,2.6782231,2.0785735,3.6522477,4.5158205,3.8813317,1.6807383
1976-11-26 12:00:00,2.3996506,1.7444851,4.594974,3.795097,5.2989035,2.6243525
1976-11-27 12:00:00,2.3561394,1.7913932,5.927036,4.48159,4.722639,3.7831807
1976-11-28 12:00:00,1.3815879,1.7639058,8.037844,5.0322294,5.417473,6.3785076
1976-11-29 12:00:00,3.7837765,4.0323,9.841382,8.093897,6.300986,9.397447
1976-11-30 12:00:00,4.252507,4.5683656,6.172609,11.195223,6.4709096,8.523552
1976-12-01 12:00:00,2.766143,3.0416312,5.6519575,9.925247,8.623839,5.998837
1976-12-02 12:00:00,5.6284256,5.0727916,7.3236895,8.173255,8.859131,7.625484
1976-12-03 12:00:00,3.7675772,4.22503,5.242374,6.257932,8.28462,3.8527603
1976-12-04 12:00:00,2.5922298,2.708967,3.6381822,6.600182,8.562621,3.4648101
1976-12-05 12:00:00,1.8367126,1.7750493,4.997473,4.735022,8.257843,4.559211
1976-12-06 12:00:00,2.2083907,2.0987735,3.6578593,5.1589923,7.8478293,3.0236952
1976-12-07 12:00:00,2.74257,3.0286844,6.6067433,9.701477,12.774214,7.6784678
1976-12-08 12:00:00,3.1746323,3.541124,6.2066274,8.772021,10.708169,5.958169
1976-12-09 12:00:00,2.1280134,2.5472898,5.7956285,7.824499,6.6349616,5.7617316
1976-12-10 12:00:00,4.4671206,4.3900847,9.292047,8.909639,9.608086,9.34061
1976-12-11 12:00:00,3.585754,3.2640703,8.142124,4.9281797,9.158399,6.511064
1976-12-12 12:00:00,3.1106567,3.2424867,6.462288,5.2986956,7.9678974,5.1406474
1976-12-13 12:00:00,5.6374006,4.672632,6.0400205,4.763466,5.3168507,4.7527146
1976-12-14 12:00:00,4.617651,3.6088526,5.061212,4.3983827,3.870198,3.8378267
1976-12-15 12:00:00,4.7904525,3.761675,4.9406347,4.421388,4.10208,3.716859
1976-12-16 12:00:00,3.1690829,2.8657887,3.9493341,2.9090075,4.1480565,2.6887574
1976-12-17 12:00:00,0.84509456,1.3074293,3.5248618,3.8708334,5.1291785,3.6324189
1976-12-18 12:00:00,2.888746,2.509487,5.827771,4.8677983,7.8979917,3.757337
1976-12-19 12:00:00,3.858402,2.7717304,5.1309443,4.236506,4.5694475,3.876729
1976-12-20 12:00:00,2.4881942,2.1548316,6.2893405,5.784346,4.6048265,4.6536036
1976-12-21 12:00:00,4.055282,3.1070707,7.02274,5.362024,5.7580996,4.224903
1976-12-22 12:00:00,4.5826154,3.3611789,5.2675066,5.1322937,5.2831593,3.5180113
1976-12-23 12:00:00,2.842066,2.122658,5.6089168,5.396946,4.6601763,4.649869
1976-12-24 12:00:00,1.6644598,1.9660577,7.451718,6.431728,4.5141163,7.1724453
1976-12-25 12:00:00,4.270677,4.6194353,7.3254623,10.127668,8.654977,8.372113
1976-12-26 12:00:00,5.4065957,5.4770713,8.606186,9.925639,10.813065,9.4038725
1976-12-27 12:00:00,4.579956,4.6175175,8.097709,9.911723,8.621871,6.4594393
1976-12-28 12:00:00,1.4980624,1.9376009,4.7856116,4.5601444,8.386827,4.231502
1976-12-29 12:00:00,1.8364594,1.9511813,3.784744,4.8445444,6.697408,4.2169824
1976-12-30 12:00:00,1.9277344,2.5546494,6.7531214,8.509049,6.8243327,6.1725116
1976-12-31 12:00:00,2.764764,3.2749364,8.679166,8.322639,7.9536905,8.827666
1977-01-01 12:00:00,4.737294,5.2143703,7.576479,7.7830977,5.322116,6.4872904
1977-01-02 12:00:00,2.4331238,2.5024083,4.9270277,4.584902,4.5500474,4.498532
1977-01-03 12:00:00,3.0182269,3.3475702,6.0959644,8.511818,8.85029,7.072413
1977-01-04 12:00:00,5.1855583,5.73898,8.603595,14.093753,12.371729,10.14865
1977-01-05 12:00:00,3.6741512,4.4946756,6.782468,12.37932,11.416504,8.710076
1977-01-06 12:00:00,4.775148,4.863075,7.354809,10.230826,10.249059,7.654548
1977-01-07 12:00:00,4.121826,3.622601,7.751279,6.172078,6.4523506,5.6077743
1977-01-08 12:00:00,4.5850697,5.1100826,7.257391,10.722223,8.9783945,7.298502
1977-01-09 12:00:00,3.6255755,3.9776142,4.8211036,7.418821,8.616482,4.563152
1977-01-10 12:00:00,2.5994604,3.1250834,6.6967645,8.843104,7.6825056,8.064283
1977-01-11 12:00:00,6.315612,5.8754215,8.4785795,10.207693,11.521838,8.281595
1977-01-12 12:00:00,3.725666,3.8652647,6.493577,7.224215,6.6188397,7.0472784
1977-01-13 12:00:00,5.356056,5.0141673,7.437696,11.634255,10.963442,9.220127
1977-01-14 12:00:00,5.5658846,5.5546503,9.267342,11.351395,11.317236,8.979064
1977-01-15 12:00:00,3.3241363,3.9333692,6.683697,9.558278,9.376544,6.627084
1977-01-16 12:00:00,3.9976017,4.7452583,8.020101,10.10631,9.8091135,8.702757
1977-01-17 12:00:00,3.3224025,3.521264,8.047852,6.337236,6.1409783,7.6945167
1977-01-18 12:00:00,5.5657682,5.160881,9.561749,8.827461,7.0679646,8.844971
1977-01-19 12:00:00,3.6406343,4.0040283,9.2529745,7.3198876,5.4912415,8.636195
1977-01-20 12:00:00,2.2271876,2.6974108,5.4029202,7.2814894,5.381113,5.1619906
1977-01-21 12:00:00,1.1776783,1.4803442,5.6627283,4.8079453,4.485149,4.952855
1977-01-22 12:00:00,2.235419,2.50456,8.555175,7.256766,5.149044,7.0964317
1977-01-23 12:00:00,4.8257623,4.775249,6.1492167,7.3314004,6.838707,6.1682515
1977-01-24 12:00:00,3.5184941,3.4128184,5.459083,6.6736345,7.817447,5.332545
1977-01-25 12:00:00,4.2704725,4.169993,8.627201,8.82164,4.7956653,7.3817725
1977-01-26 12:00:00,4.021373,3.827075,5.360721,5.4700766,6.412673,4.095404
1977-01-27 12:00:00,3.2065213,3.5376086,6.5444465,8.531343,6.965566,7.091253
1977-01-28 12:00:00,5.543267,6.8169355,10.756424,12.547772,7.6786184,11.670051
1977-01-29 12:00:00,2.9692497,3.2112274,3.8828664,5.3533053,5.002627,4.063216
1977-01-30 12:00:00,2.6924121,2.7192976,4.619187,6.233325,8.717284,3.6861982
1977-01-31 12:00:00,2.0489185,2.249488,3.1456587,4.481653,5.1689425,2.5334082
1977-02-01 12:00:00,1.6254742,2.0548778,2.2569292,5.5933022,5.434053,2.340225
1977-02-02 12:00:00,1.0936253,1.4925663,2.2421982,5.1469607,9.461608,2.8404536
1977-02-03 12:00:00,1.124474,1.6636679,2.0299256,4.8522005,7.3920503,2.6482158
1977-02-04 12:00:00,2.281611,2.0040703,2.5082018,2.4329722,6.190913,2.0697272
1977-02-05 12:00:00,1.52404,1.5419517,2.6557372,2.177492,6.9636507,1.6759802
1977-02-06 12:00:00,1.4979995,1.6676306,1.9649669,5.3705845,9.589369,1.6547474
1977-02-07 12:00:00,1.597708,1.90174,2.4639006,5.128124,11.659903,1.567366
1977-02-08 12:00:00,1.473238,1.9679258,1.995264,4.8771496,8.41393,1.3217564
1977-02-09 12:00:00,1.4092503,1.8774911,1.6851509,3.772418,7.144005,1.1608344
1977-02-10 12:00:00,1.0309672,1.5444429,3.1366925,5.3373237,7.0128016,3.5142355
1977-02-11 12:00:00,2.151117,2.2718787,5.691887,5.609171,4.498879,5.449257
1977-02-12 12:00:00,4.6235332,4.2290688,5.778375,6.6436496,6.388125,5.38928
1977-02-13 12:00:00,2.2504687,2.662178,3.1512094,6.658704,6.0725336,4.2280035
1977-02-14 12:00:00,3.7107308,3.271541,4.891128,7.048183,4.8393016,2.9165616
1977-02-15 12:00:00,5.71853,4.3811674,9.935294,6.9040065,4.863784,6.00078
1977-02-16 12:00:00,3.2294192,2.590473,7.0526752,4.682945,7.457386,3.6194565
1977-02-17 12:00:00,1.3303454,1.3396013,4.565851,4.8795867,7.9003806,2.2244124
1977-02-18 12:00:00,1.3841766,2.4154508,4.069763,7.8375225,8.781304,2.8589008
1977-02-19 12:00:00,2.622464,2.9347084,3.5183637,8.246425,6.755357,3.371892
1977-02-20 12:00:00,1.917,2.137723,5.466381,5.4377136,6.6300178,3.8581605
1977-02-21 12:00:00,1.9855534,1.7240523,4.213182,4.3461566,5.6624207,3.105636
1977-02-22 12:00:00,1.887006,1.8341317,4.565218,4.6281085,5.7946887,3.238741
1977-02-23 12:00:00,4.7465096,5.221988,9.28753,10.835022,9.042512,9.960493
1977-02-24 12:00:00,2.991769,3.4489753,5.047772,9.125172,12.416372,6.905126
1977-02-25 12:00:00,1.3070064,1.4949027,3.254981,6.9377165,8.232632,4.023084
1977-02-26 12:00:00,3.2557983,2.503104,4.641894,4.92425,6.8533993,3.8950999
1977-02-27 12:00:00,3.254964,3.368646,7.234775,7.148868,6.132712,7.130866
1977-02-28 12:00:00,2.676189,3.2595563,4.1847916,7.954338,8.155348,4.3344297
1977-03-01 12:00:00,2.5927665,2.898398,6.714133,8.034781,7.259636,5.260065
1977-03-02 12:00:00,4.3494205,5.3386965,7.1609936,8.692397,6.83072,6.930048
1977-03-03 12:00:00,2.1618595,2.4790854,3.6726344,4.4029856,4.685363,3.1861255
1977-03-04 12:00:00,2.4722557,2.3423676,5.971694,5.818238,3.4472764,3.6698809
1977-03-05 12:00:00,2.822624,2.4766686,7.392867,5.6873555,6.5463243,4.353282
1977-03-06 12:00:00,3.565355,3.5247798,6.3176765,3.4410577,7.475425,4.159394
1977-03-07 12:00:00,3.0455623,3.4937868,4.352716,7.257123,6.1875505,3.5163822
1977-03-08 12:00:00,3.2486167,3.8432617,4.8808,8.585585,7.6686983,6.017196
1977-03-09 12:00:00,3.568565,3.9657886,7.231035,9.691455,10.318536,6.9418926
1977-03-10 12:00:00,3.751812,3.8302345,5.8141026,7.9864526,7.7304854,5.171678
1977-03-11 12:00:00,4.798156,4.394044,7.0316873,5.9932437,6.1623178,6.2694097
1977-03-12 12:00:00,2.4446163,2.487762,3.4842072,3.3141632,7.5811186,3.9674504
1977-03-13 12:00:00,2.2965682,1.8777711,4.3955283,4.764708,5.8081307,3.4069512
1977-03-14 12:00:00,2.528666,2.1259992,3.630271,4.2519016,4.0694857,2.0895991
1977-03-15 12:00:00,1.3893183,1.8373907,5.4864516,5.3755856,6.416806,4.711233
1977-03-16 12:00:00,1.6059184,2.1179605,8.171279,5.879338,8.507707,6.1969647
1977-03-17 12:00:00,3.9067652,3.5930524,8.264765,6.571925,7.3325453,6.178792
1977-03-18 12:00:00,4.00678,3.9780617,4.677513,7.1561604,5.262597,5.378057
1977-03-19 12:00:00,3.163899,2.9887645,6.73613,5.9773026,6.068935,4.912994
1977-03-20 12:00:00,3.2176692,2.4684367,5.1688294,4.0455704,5.214941,3.0495582
1977-03-21 12:00:00,1.9720478,2.1933935,4.042362,3.5589743,5.2361035,4.5568633
1977-03-22 12:00:00,2.546371,2.5747821,3.754848,3.975255,4.495927,3.4907422
1977-03-23 12:00:00,1.457398,1.4496359,3.8604794,3.3473456,3.5392334,2.6962729
1977-03-24 12:00:00,2.922841,3.0200245,3.8325691,2.5576715,4.129006,2.2961063
1977-03-25 12:00:00,1.8852823,2.409558,4.751654,3.9618633,4.8983026,5.2204146
1977-03-26 12:00:00,2.2786283,2.3374338,4.274158,4.258557,5.261276,3.72365
1977-03-27 12:00:00,2.025892,2.3671992,3.9512756,5.6449504,6.155263,5.5379386
1977-03-28 12:00:00,2.2636888,1.7017295,3.4841826,4.480265,5.675498,2.5316973
1977-03-29 12:00:00,2.424409,2.3557453,3.1686933,6.5159545,6.586005,4.0894895
1977-03-30 12:00:00,3.4525936,3.5353842,4.204471,6.748418,8.554152,5.539272
1977-03-31 12:00:00,4.058756,3.9093928,4.7064037,4.9689727,7.069977,4.316413
1977-04-01 12:00:00,2.039335,1.9495139,3.3583155,4.2210503,4.368113,3.1007187
1977-04-02 12:00:00,1.760151,1.6830367,5.3617573,4.9137845,5.5252166,5.465571
1977-04-03 12:00:00,1.3367394,1.4786329,4.219791,3.1881151,5.4905853,2.9917343
1977-04-04 12:00:00,1.5713433,1.6238953,5.3910394,3.6979778,5.1022763,2.2291648
1977-04-05 12:00:00,4.048175,3.856063,8.965769,5.704518,4.7797136,5.4069543
1977-04-06 12:00:00,4.8484726,4.8394527,8.057699,8.363069,6.943625,7.8993645
1977-04-07 12:00:00,5.124733,5.3341293,8.159564,8.128741,6.004889,7.8669276
1977-04-08 12:00:00,4.8330383,5.2444587,5.70989,8.152975,6.2673216,5.910885
1977-04-09 12:00:00,5.8364835,5.8760467,5.4713087,7.1608768,8.843737,5.062367
1977-04-10 12:00:00,5.142771,4.84374,3.5001817,5.4004855,4.966074,3.0054574
1977-04-11 12:00:00,2.3629982,2.0621936,3.0717998,3.3658316,5.3087273,2.2851653
1977-04-12 12:00:00,2.044019,2.4384022,4.557443,3.633733,6.225586,3.525063
1977-04-13 12:00:00,4.9274483,5.095922,7.7563868,7.582694,7.9020705,6.6839685
1977-04-14 12:00:00,4.1981616,4.4197474,7.894185,8.910791,7.96937,8.187517
1977-04-15 12:00:00,5.1453295,5.736655,7.6107235,9.316515,6.289747,8.060158
1977-04-16 12:00:00,3.281025,3.3833694,3.0981088,4.406271,7.9389915,2.1241152
1977-04-17 12:00:00,2.5983367,2.3255446,5.996165,4.7555385,6.530667,3.5925045
1977-04-18 12:00:00,2.864726,2.6497169,6.8144913,4.6843452,7.7438498,3.9971817
1977-04-19 12:00:00,3.556692,3.2550566,7.1579504,4.7611694,6.2289834,4.4073143
1977-04-20 12:00:00,3.348105,3.1926115,8.032156,4.9442863,5.4483647,5.2313185
1977-04-21 12:00:00,3.3265536,3.448879,8.520891,5.3131742,5.4606795,5.161568
1977-04-22 12:00:00,3.1791313,3.3982174,8.5910635,5.142597,6.2698736,5.7643104
1977-04-23 12:00:00,2.4142034,3.0840168,5.441488,6.0036154,5.8312583,5.57725
1977-04-24 12:00:00,1.9059169,2.0468674,2.8164697,3.3504322,6.3092155,2.0824354
1977-04-25 12:00:00,2.2083592,1.9013333,2.9728937,2.9137423,4.8816953,2.0118055
1977-04-26 12:00:00,2.8174107,2.529375,5.307001,3.921265,4.3631034,2.6167057
1977-04-27 12:00:00,1.9999743,1.9693574,4.5907235,2.574452,3.339035,2.190405
1977-04-28 12:00:00,1.3305371,1.5323242,3.8513439,2.2147644,4.1810174,2.3461044
1977-04-29 12:00:00,1.5276916,1.9428356,4.3859844,3.506194,6.13513,3.9516273
1977-04-30 12:00:00,2.0236876,2.304244,5.065079,4.834063,7.61978,5.814413
1977-05-01 12:00:00,2.6293378,2.171023,4.2708364,5.589168,7.88718,4.9984045
1977-05-02 12:00:00,1.2599058,1.3395046,4.688113,3.5610938,4.370827,4.5222454
1977-05-03 12:00:00,1.4577456,1.4778558,4.0130754,2.817135,3.7271404,3.2742553
1977-05-04 12:00:00,1.8681035,1.7757981,3.7879531,2.534191,3.3967829,2.529311
1977-05-05 12:00:00,1.3433495,1.2414886,3.6742642,2.361553,2.5771563,2.172105
1977-05-06 12:00:00,2.4019353,2.4588416,5.7091722,3.8353918,2.8585844,4.439349
1977-05-07 12:00:00,2.6917555,2.7360775,6.4896665,4.123216,3.4275634,4.292831
1977-05-08 12:00:00,2.3209364,2.5356865,5.889503,4.118,4.1284566,3.676819
1977-05-09 12:00:00,4.2634616,4.3463182,7.645445,6.1728206,3.9531178,6.0703173
1977-05-10 12:00:00,4.363739,4.215642,4.63475,5.8942175,5.777916,4.8337865
1977-05-11 12:00:00,2.739141,2.3861413,3.944873,4.3272414,6.633672,2.96034
1977-05-12 12:00:00,2.2017038,2.7951684,4.234204,5.5238495,7.3395066,4.145797
1977-05-13 12:00:00,3.5992863,3.2893271,3.6903808,4.8582215,6.1359873,2.3269336
1977-05-14 12:00:00,2.659428,2.4728017,3.0189476,3.7272396,5.865456,2.60302
1977-05-15 12:00:00,2.7659156,2.507133,3.5184639,2.0667324,5.857629,3.3257523
1977-05-16 12:00:00,2.634965,2.261967,3.1661546,3.1259415,4.363951,4.16796
1977-05-17 12:00:00,2.948809,3.006836,2.3970366,4.490918,5.750128,3.6026871
1977-05-18 12:00:00,4.1881194,4.379334,3.1638095,4.673988,3.9434118,4.105383
1977-05-19 12:00:00,3.3504372,3.776687,2.917102,4.997138,5.101752,4.15742
1977-05-20 12:00:00,2.7687259,2.9560483,2.8872428,4.7094893,5.153079,4.335725
1977-05-21 12:00:00,1.9434867,2.6361756,2.901088,6.6310034,5.321589,4.497342
1977-05-22 12:00:00,2.6299348,2.4368467,2.464151,4.364223,4.616498,3.1891837
1977-05-23 12:00:00,3.7273102,3.5579672,4.102956,5.6362777,4.7893653,5.9021797
1977-05-24 12:00:00,3.843952,3.9157481,4.9475627,8.603655,7.062014,5.8520446
1977-05-25 12:00:00,3.3650157,3.4077928,4.6735725,4.9596457,7.193703,4.994466
1977-05-26 12:00:00,3.3668065,3.4812818,6.454552,5.255926,6.102979,6.605233
1977-05-27 12:00:00,3.90511,3.8815842,4.879163,6.2419786,3.9442372,6.1173916
1977-05-28 12:00:00,3.0741997,3.5672815,4.88719,4.866715,5.8772225,5.219883
1977-05-29 12:00:00,4.0564995,4.930171,6.0361986,3.752156,3.945208,5.486028
1977-05-30 12:00:00,4.013699,4.542543,4.498845,4.6148453,4.4905334,4.6523223
1977-05-31 12:00:00,4.3804445,4.3394547,3.5395167,6.069268,8.553046,3.5102134
1977-06-01 12:00:00,5.098584,4.969351,6.3755407,5.445435,5.6665244,5.4179454
1977-06-02 12:00:00,4.843793,4.641393,4.6953588,8.400577,6.223675,5.2052546
1977-06-03 12:00:00,1.9955645,1.788889,3.5400472,4.313183,6.821784,2.5663438
1977-06-04 12:00:00,3.0012424,2.3971007,3.127924,4.809247,4.705168,3.2396977
1977-06-05 12:00:00,1.4597883,1.6046048,2.675582,4.1195273,8.496774,3.562477
1977-06-06 12:00:00,1.8771759,1.7391531,2.4867823,4.970403,7.556278,2.4456036
1977-06-07 12:00:00,3.3225894,2.665823,3.854713,3.426092,7.1666355,2.538053
1977-06-08 12:00:00,3.216643,3.0947552,3.8371902,3.5528333,6.1924505,2.7666514
1977-06-09 12:00:00,3.9295943,4.16429,4.7163444,5.1659737,5.775331,5.1023893
1977-06-10 12:00:00,1.8330891,1.8598243,5.1153364,4.816399,4.2517157,6.093704
1977-06-11 12:00:00,1.2871246,1.7778466,5.0526943,5.2825956,5.358832,4.77004
1977-06-12 12:00:00,2.5394452,2.4655282,3.9488955,4.9415736,8.780864,3.5028174
1977-06-13 12:00:00,2.434553,2.6478667,4.706469,3.475756,5.607808,4.530594
1977-06-14 12:00:00,4.195007,3.5831504,5.4393926,3.1446722,5.5532646,3.9346313
1977-06-15 12:00:00,5.1063104,4.896164,5.745437,4.5160403,3.9818912,4.8780265
1977-06-16 12:00:00,3.9266188,4.0813785,4.4085865,3.9936843,4.5261006,3.359555
1977-06-17 12:00:00,4.1194563,4.04827,5.9138885,5.284156,5.6204224,5.6889005
1977-06-18 12:00:00,3.0213134,3.0582027,8.156635,5.2428474,4.964321,6.625175
1977-06-19 12:00:00,3.2290633,3.721123,8.305379,5.8883224,5.9659705,7.2288127
1977-06-20 12:00:00,3.5888352,3.5366728,6.7201524,5.942131,6.874085,6.0324984
1977-06-21 12:00:00,4.2502584,4.3407106,4.955234,6.8225856,7.2500243,6.859512
1977-06-22 12:00:00,2.0923755,2.208084,3.8830836,4.231528,6.362054,4.6190486
1977-06-23 12:00:00,4.157508,3.6515229,5.475901,3.4277682,4.86506,4.6776543
1977-06-24 12:00:00,4.066849,3.4756448,5.21102,5.2186756,5.5011497,6.452251
1977-06-25 12:00:00,3.803118,3.5052419,5.701073,6.0410385,6.301945,5.4755535
1977-06-26 12:00:00,4.4321647,4.642435,6.773333,5.1325617,5.0865684,6.6681104
1977-06-27 12:00:00,3.4883268,3.8215604,4.689806,6.485661,8.290385,5.0732903
1977-06-28 12:00:00,2.8702383,3.1904697,4.6241884,6.2640815,7.97662,4.7512293
1977-06-29 12:00:00,4.071948,4.0914717,5.3794785,7.3191943,7.747515,5.8122263
1977-06-30 12:00:00,4.235921,3.7697656,5.110105,4.8382535,7.6971064,4.275207
1977-07-01 12:00:00,2.7685425,3.5067062,6.472377,6.6302633,5.642829,5.842451
1977-07-02 12:00:00,3.2382143,3.4984765,5.4371266,5.857569,5.408674,4.9898133
1977-07-03 12:00:00,2.63946,3.142119,4.6714597,5.2420297,4.5042515,4.518555
1977-07-04 12:00:00,3.008106,2.967987,4.5030985,2.9554195,4.216167,4.5308757
1977-07-05 12:00:00,1.8377476,1.6299195,3.7502077,2.5857644,6.443417,3.6928916
1977-07-06 12:00:00,1.3494034,1.3940592,3.2011452,2.382767,5.985055,3.0000365
1977-07-07 12:00:00,2.1777048,2.1487103,4.080933,2.9635775,4.1065536,3.038777
1977-07-08 12:00:00,2.4071772,2.3770106,3.988917,1.9766686,3.625863,2.5149283
1977-07-09 12:00:00,2.0237732,2.2322598,4.100025,2.8147342,3.668424,2.8117852
1977-07-10 12:00:00,1.5599244,2.45929,4.5637646,3.070086,4.5794272,3.292736
1977-07-11 12:00:00,2.4923306,2.5766397,3.257123,3.3463607,2.5115554,3.011224
1977-07-12 12:00:00,2.3875227,2.2984335,3.054933,3.9754772,5.2329526,2.9307446
1977-07-13 12:00:00,2.3980887,2.3192668,2.8611908,3.2090755,4.3320427,3.6959186
1977-07-14 12:00:00,1.1768044,1.7370212,3.242471,3.2057617,3.8346982,2.405952
1977-07-15 12:00:00,1.6748729,1.9839475,2.557001,2.5938392,3.7167058,1.9082612
1977-07-16 12:00:00,3.19906,2.769212,3.076218,4.027111,2.9721246,2.7062774
1977-07-17 12:00:00,4.1617665,4.517766,3.5320487,5.8239303,4.826695,3.7469995
1977-07-18 12:00:00,3.0042408,2.8161786,3.0792665,5.3425226,4.3200397,2.853145
1977-07-19 12:00:00,3.1945744,2.4056318,3.7390618,4.2066975,4.4843197,3.0064452
1977-07-20 12:00:00,2.296124,2.5834594,4.0917377,3.9267442,5.656106,3.2167768
1977-07-21 12:00:00,2.7857196,3.0600858,5.0897255,4.8065686,5.5879884,3.9300315
1977-07-22 12:00:00,3.5599244,3.3683357,3.849943,5.522435,6.987617,3.4674914
1977-07-23 12:00:00,1.3026556,1.8458639,3.0096822,4.6921425,7.058276,3.5096617
1977-07-24 12:00:00,1.7891674,1.7834889,3.1548085,2.4875185,6.651166,2.350409
1977-07-25 12:00:00,2.088319,2.5530844,3.8426797,4.774233,6.857719,4.0961194
1977-07-26 12:00:00,2.5535698,2.8824708,4.612804,4.780853,6.0917134,5.0647345
1977-07-27 12:00:00,3.4427342,3.172293,5.696525,5.485979,5.3644323,4.7686067
1977-07-28 12:00:00,2.5639977,2.3576446,4.926688,4.313359,3.6561182,3.4613583
1977-07-29 12:00:00,1.8518319,1.8729955,3.1819844,4.379068,2.4319918,2.6110604
1977-07-30 12:00:00,1.8542339,1.7918139,2.9663892,4.8877225,2.0895727,3.4984052
1977-07-31 12:00:00,1.3124434,1.4347774,3.3520067,5.026102,2.740884,3.363215
1977-08-01 12:00:00,1.3803477,1.8590553,4.9520173,4.6762323,2.5230904,5.126794
1977-08-02 12:00:00,3.618875,3.9737957,6.5870795,4.532353,3.3418968,5.7141085
1977-08-03 12:00:00,4.79806,5.1138067,5.9285955,5.72191,4.2627296,5.4312873
1977-08-04 12:00:00,5.059545,5.201441,5.747501,5.2848625,4.185815,4.9866395
1977-08-05 12:00:00,3.4866362,3.6364477,3.4297833,4.4387064,4.224452,3.3645146
1977-08-06 12:00:00,2.075286,2.3856456,4.6323824,4.9736004,4.1909895,5.8256164
1977-08-07 12:00:00,2.708374,3.322347,6.1313987,4.698483,4.052692,5.8812537
1977-08-08 12:00:00,2.4347281,2.9840682,3.5326998,3.8089724,4.8302755,2.6202397
1977-08-09 12:00:00,1.8781978,1.9177121,2.1878798,2.2916505,3.5842311,2.059123
1977-08-10 12:00:00,1.221035,1.4448525,2.2066157,2.552438,2.8829613,2.097284
1977-08-11 12:00:00,2.252534,2.0197673,2.9934378,3.3779187,4.0079455,2.3592198
1977-08-12 12:00:00,3.718029,3.3574204,7.5036173,3.933848,3.6352963,4.644921
1977-08-13 12:00:00,3.7064323,3.7683861,4.390358,4.438346,3.8015995,3.815843
1977-08-14 12:00:00,3.2023785,3.570344,4.6867156,6.4106727,6.5372353,4.7617173
1977-08-15 12:00:00,2.186396,2.6701026,5.5353885,6.825025,8.16601,4.999909
1977-08-16 12:00:00,3.9115663,3.6076686,5.7944226,5.396471,5.898386,5.7785277
1977-08-17 12:00:00,4.253852,3.9719718,8.361716,5.8651466,6.087571,7.4359374
1977-08-18 12:00:00,5.150924,4.8428583,7.4478264,6.204776,6.2164083,6.835297
1977-08-19 12:00:00,2.3559773,2.4926195,5.434619,5.0750747,5.580751,4.7826476
1977-08-20 12:00:00,3.094628,3.122749,4.063599,5.2535696,6.8162317,4.227133
1977-08-21 12:00:00,2.0456257,2.3569052,4.254496,4.263218,5.393701,3.8329194
1977-08-22 12:00:00,5.0654616,5.6049857,8.020674,8.626192,5.4592714,8.013358
1977-08-23 12:00:00,6.2081094,6.165641,7.294312,7.1945066,8.975979,6.301176
1977-08-24 12:00:00,5.56621,5.7542024,7.7722225,8.059392,9.095891,7.5907636
1977-08-25 12:00:00,4.2264223,4.0025973,6.530898,5.9716063,6.6854663,5.8320217
1977-08-26 12:00:00,4.5645494,4.2315435,7.188054,5.4283905,6.2000265,6.349586
1977-08-27 12:00:00,3.9982004,3.9542012,4.912604,3.9848838,7.629888,3.5019233
1977-08-28 12:00:00,2.0730317,2.3665988,3.2640765,4.767812,7.3812604,3.8141875
1977-08-29 12:00:00,2.9516664,2.63445,5.029502,3.606756,6.0044165,4.215099
1977-08-30 12:00:00,2.4439104,2.399493,4.7500854,3.1838663,4.9618297,3.3915322
1977-08-31 12:00:00,2.3530447,2.8073754,4.745664,4.7097673,5.5681515,3.8191404
1977-09-01 12:00:00,2.8048618,3.1766145,3.3766546,6.1032147,5.0525627,4.56696
1977-09-02 12:00:00,2.3728616,2.6532104,4.712605,5.068589,4.2278194,3.6361048
1977-09-03 12:00:00,4.88208,4.6743965,6.941074,5.6652384,3.805106,6.058866
1977-09-04 12:00:00,2.775226,3.755373,2.9066026,7.1522875,5.3451104,4.4489274
1977-09-05 12:00:00,3.7175403,3.5662017,5.851781,4.3107367,8.098956,4.0769606
1977-09-06 12:00:00,2.269608,2.8102834,3.174737,5.482097,7.6324935,3.2274854
1977-09-07 12:00:00,3.3770735,3.0956075,6.1385283,3.8715496,5.83187,4.6473446
1977-09-08 12:00:00,1.8208448,1.9687432,7.731108,8.006989,4.280947,8.197651
1977-09-09 12:00:00,2.4199712,2.6674,8.722346,5.990199,5.0910187,7.9768124
1977-09-10 12:00:00,3.7971401,3.756579,7.098553,4.054163,6.0681443,5.6306396
1977-09-11 12:00:00,3.131297,3.309777,3.9536796,4.806201,7.650866,3.4492683
1977-09-12 12:00:00,5.834416,5.908216,8.861401,6.6120706,7.3503566,5.36192
1977-09-13 12:00:00,4.189447,3.7393413,8.087507,4.8265953,4.107177,5.908162
1977-09-14 12:00:00,2.7043877,2.4410057,3.5706084,2.5343819,4.5672274,2.4661973
1977-09-15 12:00:00,1.9094393,2.4856737,4.5446644,7.3501906,7.38308,6.295027
1977-09-16 12:00:00,2.6587367,2.6737254,3.266362,7.387458,6.5735507,5.3010645
1977-09-17 12:00:00,2.2492213,2.3668108,3.9263313,5.517022,6.491667,3.754291
1977-09-18 12:00:00,1.2563791,1.6897056,2.3136399,5.5609326,5.355227,2.8317144
1977-09-19 12:00:00,1.4098445,1.5899993,2.3736284,5.636781,9.696548,3.101664
1977-09-20 12:00:00,0.80060726,1.2142586,4.533148,3.2508004,7.452071,2.5344589
1977-09-21 12:00:00,1.5086404,1.4935184,6.126814,3.1316366,4.1223125,3.3053463
1977-09-22 12:00:00,2.2607818,2.5272963,6.6472893,3.9436924,3.3820713,5.755891
1977-09-23 12:00:00,3.5658562,4.1622853,5.6357083,6.4805913,6.324281,6.423464
1977-09-24 12:00:00,5.518163,5.792406,7.4105425,9.288868,7.365917,9.846808
1977-09-25 12:00:00,6.124019,5.7210674,7.315164,9.094244,7.8718076,7.0970173
1977-09-26 12:00:00,4.0082374,3.5977757,5.8198075,7.567825,9.129389,5.7969446
1977-09-27 12:00:00,1.8238338,2.1920476,2.8406312,6.7260084,6.5124965,3.6980522
1977-09-28 12:00:00,2.9513104,2.8233626,4.1361227,7.0332093,7.551504,5.0711317
1977-09-29 12:00:00,4.413726,4.683348,7.1606326,8.025302,8.541844,8.758955
1977-09-30 12:00:00,5.742502,6.1699777,7.1285996,12.249839,10.305108,9.19626
1977-10-01 12:00:00,5.8603134,5.253796,8.688165,5.4818892,8.364361,5.76106
1977-10-02 12:00:00,2.8313465,3.3900151,4.328992,6.8601317,7.0878315,4.181157
1977-10-03 12:00:00,3.2154293,3.3036604,8.275498,6.9351535,5.470242,7.931306
1977-10-04 12:00:00,4.4547243,3.8623862,6.841394,8.304933,7.213243,7.4834514
1977-10-05 12:00:00,4.1762567,4.389681,6.2310905,7.708638,5.5075393,7.2831964
1977-10-06 12:00:00,3.3122013,3.3799443,3.746971,6.3526225,7.465401,5.025916
1977-10-07 12:00:00,3.4548013,3.3940153,5.4589257,5.359909,6.769848,4.7084074
1977-10-08 12:00:00,3.1704326,3.0037856,3.8847997,7.1419053,6.578903,4.992414
1977-10-09 12:00:00,4.410949,4.3115497,7.9375243,3.8018107,7.043089,4.9642353
1977-10-10 12:00:00,3.9273744,3.840308,5.065022,5.714636,8.351232,4.909635
1977-10-11 12:00:00,1.7689329,1.4803928,6.27854,3.5927787,5.375713,4.0043354
1977-10-12 12:00:00,3.5205057,3.423369,6.7275114,5.6005096,5.0869718,5.127259
1977-10-13 12:00:00,2.6003575,2.4666967,6.342895,5.0314717,6.012931,4.8921924
1977-10-14 12:00:00,2.0903814,2.379828,6.591183,5.968479,6.5922356,6.400781
1977-10-15 12:00:00,5.1322703,5.2763476,8.896564,8.791089,9.189398,9.229563
1977-10-16 12:00:00,4.648945,5.179282,5.3256793,6.668443,9.398004,5.107609
1977-10-17 12:00:00,5.959633,6.2714124,10.365478,9.480678,9.692988,9.511089
1977-10-18 12:00:00,6.7026668,6.5695353,12.44152,10.09,9.15505,10.491159
1977-10-19 12:00:00,5.4749475,5.076429,9.472148,7.8529177,6.738575,6.5519433
1977-10-20 12:00:00,4.2816057,3.5418649,5.432661,5.2054076,7.2373714,3.278648
1977-10-21 12:00:00,1.2423724,1.4318587,4.4699645,5.083688,5.798141,2.8011954
1977-10-22 12:00:00,4.530489,3.4368594,5.6577616,3.8719726,6.7221074,2.8296404
1977-10-23 12:00:00,2.5955925,2.7623322,4.049682,3.6870508,4.334615,3.5105684
1977-10-24 12:00:00,2.2405047,2.7261703,7.562563,8.274177,5.6931853,8.112216
1977-10-25 12:00:00,4.3937345,3.6654677,5.4032416,6.0643034,8.821702,4.096576
1977-10-26 12:00:00,2.6766207,3.0001042,6.034058,5.472659,8.7317,5.486881
1977-10-27 12:00:00,2.8587954,3.161503,7.797244,6.2371163,7.717038,6.6273932
1977-10-28 12:00:00,3.335233,3.4629958,5.019317,6.202875,5.361217,4.5950575
1977-10-29 12:00:00,2.6064425,2.9474852,7.16863,7.158497,6.5691204,7.546954
1977-10-30 12:00:00,4.206574,4.080237,6.399433,8.478662,8.019319,7.0279155
1977-10-31 12:00:00,3.5873868,3.708526,6.9748473,7.909527,9.859582,8.139133
1977-11-01 12:00:00,4.7717223,4.7931046,6.3993006,9.454919,5.082962,9.010205
1977-11-02 12:00:00,4.911404,4.739702,5.8337083,8.34688,9.926071,8.55796
1977-11-03 12:00:00,4.5840416,4.4762683,5.8131223,4.8694706,10.91075,7.3711805
1977-11-04 12:00:00,3.9945896,3.5092244,6.7169104,6.6608024,7.672468,5.848644
1977-11-05 12:00:00,2.842925,2.8346438,6.1248693,4.7462006,7.0493064,5.9486866
1977-11-06 12:00:00,4.0810976,4.204873,8.262439,9.971217,7.5340385,8.58115
1977-11-07 12:00:00,3.850777,4.2270947,7.339305,11.712463,10.826447,8.323014
1977-11-08 12:00:00,2.826701,2.8663414,5.7572255,7.453399,11.053333,5.5655255
1977-11-09 12:00:00,2.2832942,2.4023366,5.441495,3.7756987,7.74269,4.3736057
1977-11-10 12:00:00,2.2991285,2.9392548,7.048731,6.6795616,5.2335534,5.675536
1977-11-11 12:00:00,2.9227104,2.5348458,4.904802,4.422175,7.134653,2.5445008
1977-11-12 12:00:00,1.5600007,1.7789303,5.127371,4.986592,6.508786,4.8787513
1977-11-13 12:00:00,2.4847417,2.390732,5.911645,6.2798963,5.440458,4.891908
1977-11-14 12:00:00,3.0867956,3.0930982,6.1250815,6.0906415,5.287,5.2996254
1977-11-15 12:00:00,3.2533169,2.8366177,4.6594844,4.5019994,5.2171125,2.4115303
1977-11-16 12:00:00,1.62709,1.4088925,4.3328686,6.95367,5.606067,4.498422
1977-11-17 12:00:00,3.288169,3.4445748,5.0024242,3.2237155,6.1472793,3.4374647
1977-11-18 12:00:00,3.8729153,4.355763,4.2764893,6.3867784,13.828543,4.0285215
1977-11-19 12:00:00,2.545503,2.9166431,4.6709657,4.87909,10.355845,4.364527
1977-11-20 12:00:00,3.3526611,3.156378,4.413045,3.8889682,6.9462824,4.0518503
1977-11-21 12:00:00,2.1290858,1.6986222,4.192596,4.8021855,5.8009276,3.3065395
1977-11-22 12:00:00,1.8917524,1.6803589,4.5829396,5.176379,5.3777585,2.8716857
1977-11-23 12:00:00,2.349817,2.8158095,5.0236726,6.1176505,4.4262147,4.5929084
1977-11-24 12:00:00,3.1186938,3.7226129,7.5547714,8.333269,5.0302505,7.0199986
1977-11-25 12:00:00,3.3149884,3.9936304,7.049466,8.063767,3.818411,7.0593348
1977-11-26 12:00:00,2.8683155,3.1004753,6.346625,10.3468895,8.38376,7.372058
1977-11-27 12:00:00,2.9351258,3.1366923,4.7746425,8.613081,9.856226,4.589295
1977-11-28 12:00:00,3.3144925,3.858601,7.002443,12.258137,7.9565516,8.520696
1977-11-29 12:00:00,4.7865467,4.944143,8.854626,7.9599695,8.591325,7.6220284
1977-11-30 12:00:00,3.5224872,4.2689214,7.578389,9.663974,9.301514,7.2434053
1977-12-01 12:00:00,2.4450526,2.652663,5.350855,7.1827636,6.4091206,4.510417
1977-12-02 12:00:00,2.8049278,2.8971863,7.151507,6.187655,4.3167076,5.591373
1977-12-03 12:00:00,3.6597705,3.9830143,6.3964653,8.505928,7.270268,7.490907
1977-12-04 12:00:00,4.305712,4.363421,8.919346,8.565468,7.836003,8.288731
1977-12-05 12:00:00,3.696814,3.9144332,5.521236,6.710953,6.466136,6.8827333
1977-12-06 12:00:00,3.026547,2.331272,6.7354593,5.665862,7.1445603,3.5352006
1977-12-07 12:00:00,2.170095,1.8620538,4.554971,3.012971,5.3752613,1.8203423
1977-12-08 12:00:00,1.1652931,1.4323556,3.2675438,4.9401855,5.9257736,2.7574415
1977-12-09 12:00:00,1.7757965,1.4878128,4.0409884,4.150807,9.081998,2.585374
1977-12-10 12:00:00,2.678659,2.1839411,5.43227,5.1652355,7.2418566,3.944095
1977-12-11 12:00:00,1.3732594,2.0596735,5.489511,8.388789,6.455887,5.9651375
1977-12-12 12:00:00,4.8259926,4.103495,4.081648,5.4560513,7.935246,4.3411164
1977-12-13 12:00:00,3.2815998,3.0496385,3.3769662,4.862134,6.119161,3.9823227
1977-12-14 12:00:00,3.997716,3.3984828,5.404211,3.6205065,5.544786,4.234882
1977-12-15 12:00:00,2.591351,2.8708146,7.281467,9.274434,8.507502,8.328623
1977-12-16 12:00:00,2.2899659,2.680155,5.232641,6.8254995,11.5212145,3.0894203
1977-12-17 12:00:00,2.223871,2.326597,3.7482648,5.412676,9.950219,2.7413206
1977-12-18 12:00:00,3.2944295,3.1138585,5.970607,5.4380636,7.601251,4.0830793
1977-12-19 12:00:00,2.6058118,2.8922565,5.286634,7.6423326,5.163348,5.441941
1977-12-20 12:00:00,4.4021544,4.9909587,9.641164,9.327634,5.420906,9.827564
1977-12-21 12:00:00,3.7857845,4.355084,8.039958,8.472106,6.6812572,8.511748
1977-12-22 12:00:00,5.644629,5.549763,9.639367,12.147126,7.7797375,10.495896
1977-12-23 12:00:00,6.0449204,6.0637417,9.826215,12.888265,9.324977,10.992435
1977-12-24 12:00:00,4.803118,4.919304,6.9104633,10.678462,8.148854,7.8242726
1977-12-25 12:00:00,3.3220825,2.8955073,6.4369507,4.8462906,5.942508,4.6998367
1977-12-26 12:00:00,4.0120378,3.7665887,5.2849426,5.602033,3.971604,4.14131
1977-12-27 12:00:00,3.9848511,3.5596564,3.9471464,6.339846,6.009443,3.9056394
1977-12-28 12:00:00,3.4270055,2.9869852,3.782816,5.5216517,10.260431,4.1186366
1977-12-29 12:00:00,3.255472,3.118916,4.634439,6.895372,8.274904,4.15686
1977-12-30 12:00:00,2.5936096,3.1506517,4.271483,8.4018755,6.162041,6.353514
1977-12-31 12:00:00,2.4834237,3.2529967,5.3689966,12.165891,7.388643,7.1021204
1978-01-01 12:00:00,2.6491368,2.7461927,6.8013525,5.787839,6.804881,6.7622166
1978-01-02 12:00:00,4.626998,4.5544662,7.229028,7.128166,7.2011056,6.345125
1978-01-03 12:00:00,3.807983,4.2731066,8.03671,6.452686,5.256488,6.6557226
1978-01-04 12:00:00,2.283837,2.3573523,4.9504957,3.9116592,5.190755,3.9479911
1978-01-05 12:00:00,2.7064068,2.3284178,6.716852,5.346864,4.5186853,4.808727
1978-01-06 12:00:00,3.3892615,2.9557207,5.316257,7.176771,8.927209,3.9597826
1978-01-07 12:00:00,2.8600366,2.652876,6.237047,5.615454,8.805738,4.4875455
1978-01-08 12:00:00,2.9193804,3.0330386,6.59174,9.074192,6.5858517,7.233456
1978-01-09 12:00:00,4.6379867,4.7961125,8.00515,11.461765,8.647649,9.202002
1978-01-10 12:00:00,4.3822093,4.160705,9.7878475,9.912691,11.986269,9.032511
1978-01-11 12:00:00,5.919814,6.256733,11.1360655,12.893825,11.506912,11.617439
1978-01-12 12:00:00,5.1765485,4.749928,8.774055,9.930438,9.289813,7.5079393
1978-01-13 12:00:00,4.7142153,3.8533025,8.513829,6.8907294,5.7499433,7.6725917
1978-01-14 12:00:00,5.9073663,5.77334,8.499413,8.7321415,10.371398,8.062469
1978-01-15 12:00:00,4.377124,4.4622,9.301322,8.142238,9.885226,7.878949
1978-01-16 12:00:00,3.7134826,3.6898878,10.406751,8.443677,9.173029,9.565707
1978-01-17 12:00:00,4.64488,4.895588,10.48429,11.037898,7.8785233,9.94168
1978-01-18 12:00:00,3.795309,3.9296434,9.135667,7.9928913,5.5582576,7.7723947
1978-01-19 12:00:00,3.7137914,3.5849643,8.348316,5.853527,5.537289,7.1221437
1978-01-20 12:00:00,3.5194314,2.8470063,6.7767305,4.370091,6.2240176,4.7834387
1978-01-21 12:00:00,3.7671673,3.425771,6.9980016,4.8827987,7.804364,6.022465
1978-01-22 12:00:00,5.0347257,4.9356995,8.905506,5.1190863,6.808073,7.2521863
1978-01-23 12:00:00,3.121463,3.4604416,5.764398,3.8520977,4.9924865,4.9433813
1978-01-24 12:00:00,1.6916496,2.0008924,5.808471,5.293316,4.547804,6.6590557
1978-01-25 12:00:00,1.4594814,1.8825383,5.4041142,4.0230393,3.4667757,4.968499
1978-01-26 12:00:00,3.554116,3.397704,7.4822574,8.464881,5.142638,8.474313
1978-01-27 12:00:00,3.3721776,3.8322968,8.55159,10.299684,7.69717,7.786878
1978-01-28 12:00:00,4.0309596,3.4140956,7.9431186,7.180786,9.349165,7.014531
1978-01-29 12:00:00,2.317003,2.1942294,4.490012,6.061278,9.085022,4.3821173
1978-01-30 12:00:00,5.5291953,5.4945693,10.617213,7.6146417,6.3533144,10.853259
1978-01-31 12:00:00,5.046773,5.062925,8.959981,7.304495,5.662567,8.061888
1978-02-01 12:00:00,5.813861,5.275286,10.335421,8.306605,5.880454,7.760283
1978-02-02 12:00:00,5.42201,5.25047,9.555698,8.427816,7.631848,8.312723
1978-02-03 12:00:00,2.6321185,3.0173304,4.996189,6.6702805,8.277862,4.1050744
1978-02-04 12:00:00,3.900728,4.2434053,9.270218,9.699028,6.972005,9.323798
1978-02-05 12:00:00,5.3124695,5.9523883,11.7770815,14.6862955,8.072826,11.946123
1978-02-06 12:00:00,3.3396058,4.1557074,8.00576,9.222096,5.815912,6.0250382
1978-02-07 12:00:00,4.0563836,3.9354765,9.863789,8.262518,5.9953203,8.831759
1978-02-08 12:00:00,5.1828084,5.0857244,10.42719,9.619135,10.832782,10.877865
1978-02-09 12:00:00,3.7798183,3.803892,7.2324715,7.4185576,12.505117,6.178057
1978-02-10 12:00:00,2.1229823,2.2677636,5.1720324,7.5813475,10.408216,4.7713547
1978-02-11 12:00:00,5.3239284,4.815754,9.66517,9.1950245,13.763696,8.546596
1978-02-12 12:00:00,7.095146,6.841686,11.679695,10.184023,6.034136,12.42426
1978-02-13 12:00:00,7.0254846,7.2469206,10.593361,12.455072,10.867372,11.498492
1978-02-14 12:00:00,4.4359207,5.080755,7.048985,11.684721,11.225105,8.015172
1978-02-15 12:00:00,4.7539954,5.2035823,8.703591,12.222148,6.751256,8.073972
1978-02-16 12:00:00,3.1762474,3.7053525,5.7962136,10.499551,8.897678,6.8104854
1978-02-17 12:00:00,5.5085373,5.5660677,8.967108,10.023963,10.881644,9.027623
1978-02-18 12:00:00,2.7735765,3.3120859,5.274577,6.6301713,6.4156413,5.5961075
1978-02-19 12:00:00,6.099544,6.132356,9.0421,11.559683,10.252448,9.895463
1978-02-20 12:00:00,6.680544,7.870603,12.686262,15.6684,12.705897,12.67225
1978-02-21 12:00:00,5.2237015,5.5831776,7.4057064,10.952408,11.369873,7.787513
1978-02-22 12:00:00,3.6059854,3.723798,5.397439,6.629523,5.8706884,4.7459517
1978-02-23 12:00:00,1.9018542,2.3289235,5.521685,8.386521,9.405334,6.613134
1978-02-24 12:00:00,2.7839372,3.235994,6.6297693,9.18979,13.431191,7.822414
1978-02-25 12:00:00,1.8134953,1.9228812,6.6391673,4.825393,8.250561,4.6495543
1978-02-26 12:00:00,2.2955782,1.885006,6.116453,4.4427447,5.0717826,3.3812597
1978-02-27 12:00:00,4.7961373,4.375755,7.371829,6.803981,6.3650336,5.001626
1978-02-28 12:00:00,4.7263446,4.761387,7.1009874,6.3771024,7.1346993,5.910303
1978-03-01 12:00:00,3.3912957,4.3564854,4.327944,7.4340496,7.273322,4.0126348
1978-03-02 12:00:00,2.8603153,3.075993,4.1390758,4.8901086,6.0795536,3.0262618
1978-03-03 12:00:00,2.3850975,2.5481176,7.3156357,5.7159553,5.714459,4.8011146
1978-03-04 12:00:00,2.3453004,1.7824062,5.9963245,3.5352724,7.433057,3.252957
1978-03-05 12:00:00,1.8859258,1.4563471,4.7792187,2.74734,8.803223,2.6368692
1978-03-06 12:00:00,1.6768117,2.3469384,3.0726545,6.2971554,11.557865,2.826369
1978-03-07 12:00:00,2.1397383,1.8301504,4.456015,3.5370321,8.536977,3.9910371
1978-03-08 12:00:00,1.9652536,1.8070608,5.007772,3.5650756,5.971767,2.7454526
1978-03-09 12:00:00,2.3865583,2.7127602,3.9787052,6.82178,5.3816504,4.07079
1978-03-10 12:00:00,3.4554348,3.991483,6.169098,9.85095,7.170282,6.385831
1978-03-11 12:00:00,4.0496383,4.338238,4.379208,5.0600314,4.072613,4.4856086
1978-03-12 12:00:00,4.065547,3.808148,4.29034,4.033896,4.327761,3.0374
1978-03-13 12:00:00,2.801919,2.2929235,4.9677963,5.2251153,4.7303867,2.939513
1978-03-14 12:00:00,2.9952087,2.648347,6.1763034,4.9525485,5.305112,3.6599271
1978-03-15 12:00:00,3.5361922,3.0604203,6.9561696,4.993246,3.8472495,5.3963566
1978-03-16 12:00:00,2.8785934,2.4233716,6.012524,3.65448,5.620949,5.037631
1978-03-17 12:00:00,1.7508771,1.8179609,5.147829,4.1636367,7.0128183,4.535611
1978-03-18 12:00:00,1.6099572,1.6347508,4.6446114,7.133339,7.6395507,2.7367861
1978-03-19 12:00:00,1.6560277,2.2460551,4.300273,9.128553,7.0889554,4.9554825
1978-03-20 12:00:00,3.3445456,3.3077095,5.8265624,5.399728,5.943472,5.2710166
1978-03-21 12:00:00,3.1634996,3.329336,6.1640134,6.4155,7.612283,6.8035474
1978-03-22 12:00:00,5.0070977,5.2949915,8.202661,7.255159,6.521364,8.813567
1978-03-23 12:00:00,4.9504924,4.890128,7.885572,9.969116,6.9987416,7.276617
1978-03-24 12:00:00,3.9545293,3.2683978,7.0237355,4.4036617,8.030334,6.2948437
1978-03-25 12:00:00,3.8810573,3.5552635,5.2987237,5.9103665,5.6461105,6.475858
1978-03-26 12:00:00,3.6174266,3.5280492,5.121471,7.835832,7.5389667,6.4945574
1978-03-27 12:00:00,4.9910693,4.318373,6.6454077,6.541672,7.179581,6.5997744
1978-03-28 12:00:00,4.9715986,5.0131116,7.570994,7.5443606,6.3636274,8.25611
1978-03-29 12:00:00,3.663339,3.7771544,5.158312,6.082011,4.542669,5.5895033
1978-03-30 12:00:00,3.6658046,2.901109,5.2018375,4.42218,6.7736826,4.6610627
1978-03-31 12:00:00,1.2036165,1.8001921,3.01378,5.7771673,10.837179,2.6311305
1978-04-01 12:00:00,3.1927829,3.5450957,4.5614614,7.4668283,7.0668955,6.158018
1978-04-02 12:00:00,2.0846567,2.2695453,3.312287,5.167199,6.20035,4.1322517
1978-04-03 12:00:00,2.2258666,2.2046137,3.0612786,6.3753514,8.729017,5.010693
1978-04-04 12:00:00,2.0725858,2.2408009,3.543276,6.5427575,5.7336836,4.5192814
1978-04-05 12:00:00,2.472405,2.9490252,6.601067,6.788155,6.8474984,6.7494717
1978-04-06 12:00:00,7.383186,6.788724,9.274549,9.310033,8.447285,9.530889
1978-04-07 12:00:00,4.1440916,4.042804,5.3883753,8.424732,9.773887,6.3365703
1978-04-08 12:00:00,3.4824288,3.4975035,6.25758,9.232648,10.474856,8.276408
1978-04-09 12:00:00,5.864395,5.099175,6.2354436,8.176018,10.081334,6.655976
1978-04-10 12:00:00,3.3518522,3.9036582,5.78008,8.0211315,8.873414,8.128582
1978-04-11 12:00:00,3.8588867,4.6315813,5.591104,9.493822,11.252034,8.400654
1978-04-12 12:00:00,1.3479682,1.7191498,2.2738428,5.506694,9.520284,3.1058385
1978-04-13 12:00:00,3.4715025,3.1190603,4.6726637,8.058916,10.31759,7.1077876
1978-04-14 12:00:00,3.629964,3.1606839,5.2469587,6.8807254,8.114812,5.504659
1978-04-15 12:00:00,3.7955875,3.9943006,4.8311887,6.0176406,5.350209,4.7421927
1978-04-16 12:00:00,4.0977345,4.4057937,6.536117,6.826748,5.5082726,7.112889
1978-04-17 12:00:00,2.8554387,2.7706313,4.608493,7.6643677,6.3945594,5.1138453
1978-04-18 12:00:00,3.310863,2.8467445,6.0049167,3.5565321,6.394963,4.192816
1978-04-19 12:00:00,2.0255797,2.9475682,6.0113425,3.4956205,4.811327,4.5595
1978-04-20 12:00:00,2.2561905,2.2754276,4.078445,3.4339993,6.3455606,2.9029915
1978-04-21 12:00:00,1.5553,1.8262513,3.8543558,2.9458516,7.1569653,2.9671416
1978-04-22 12:00:00,4.3735743,4.7393804,7.622072,7.1623645,6.3014235,7.9829526
1978-04-23 12:00:00,6.5123134,6.3814445,8.936934,8.997214,7.7278595,9.354718
1978-04-24 12:00:00,4.0201745,3.7734916,5.730586,6.6047387,6.48563,6.133491
1978-04-25 12:00:00,2.4956002,2.672576,4.2696414,3.9459941,3.9083524,4.592091
1978-04-26 12:00:00,1.9368557,2.157454,3.3890398,4.7810106,8.544655,2.686771
1978-04-27 12:00:00,4.933156,5.0024037,5.800778,7.7158327,11.645873,6.1336465
1978-04-28 12:00:00,1.8847356,2.045062,4.0262423,4.5773616,9.314932,3.4673731
1978-04-29 12:00:00,2.6848905,2.0702288,2.3179235,5.087089,6.878809,1.8642399
1978-04-30 12:00:00,2.233728,2.3960946,3.0532894,5.3591533,10.986334,2.0487685
1978-05-01 12:00:00,1.977528,2.3140519,2.7229857,8.0192175,11.277795,2.2027001
1978-05-02 12:00:00,3.6073158,3.774442,4.1291428,9.570611,8.464396,5.523484
1978-05-03 12:00:00,4.1696353,4.675568,6.804648,8.390328,6.9207444,6.9157834
1978-05-04 12:00:00,5.1230445,5.0423646,7.2383113,6.5895634,4.6624937,6.3954177
1978-05-05 12:00:00,2.7657845,3.044866,5.9730153,5.887835,3.6189432,5.586082
1978-05-06 12:00:00,2.2820823,2.5319452,4.6551356,4.3972745,3.9677088,3.2439456
1978-05-07 12:00:00,5.0707555,4.956539,6.785068,8.203139,9.55451,7.1490326
1978-05-08 12:00:00,3.486495,3.8458407,6.9599695,7.6126184,7.5569415,5.668485
1978-05-09 12:00:00,2.2903426,2.9412491,4.369744,5.768864,8.233929,4.444123
1978-05-10 12:00:00,3.8376038,4.1738486,6.6557226,6.207351,7.9804883,5.361244
1978-05-11 12:00:00,2.5359943,3.1363099,5.8108444,5.256317,6.0362544,5.647792
1978-05-12 12:00:00,2.0280735,2.582399,4.3488336,6.5809917,7.2474804,3.8491178
1978-05-13 12:00:00,4.0736623,4.822644,6.355909,8.625475,7.9336042,6.3037295
1978-05-14 12:00:00,4.318586,5.2184515,6.402916,6.02131,9.045899,5.5434766
1978-05-15 12:00:00,2.679404,3.2051983,4.6634583,4.0333705,6.7421527,3.7448246
1978-05-16 12:00:00,2.0061023,2.80034,4.333176,5.3507667,7.464153,4.123017
1978-05-17 12:00:00,1.6782411,2.352628,3.999588,4.8510294,7.5602007,4.3121004
1978-05-18 12:00:00,2.4993944,2.0521402,4.424345,2.952166,5.453722,4.022002
1978-05-19 12:00:00,3.299781,2.8495047,3.8615432,4.4918323,5.125342,3.6206727
1978-05-20 12:00:00,3.5495615,4.0908904,5.5141444,5.3118134,5.9951997,4.6757584
1978-05-21 12:00:00,3.890203,3.978422,5.2510757,4.051109,4.2769947,4.7130995
1978-05-22 12:00:00,2.5202188,2.6880019,3.6210074,4.088775,4.4245315,3.204292
1978-05-23 12:00:00,1.9078609,1.8735822,2.8250964,2.8008788,3.5579267,1.7931851
1978-05-24 12:00:00,1.9263,2.346566,4.310118,3.1937928,4.8547935,3.3697124
1978-05-25 12:00:00,2.6927521,3.0268967,6.575336,3.9495554,3.4378593,5.0419374
1978-05-26 12:00:00,2.5079782,2.795352,3.8539252,3.3642347,3.0946279,3.388539
1978-05-27 12:00:00,3.4955256,4.256862,4.196636,6.3821025,4.5564995,4.2043347
1978-05-28 12:00:00,2.419388,2.5073946,6.41115,5.1731286,5.309463,5.995204
1978-05-29 12:00:00,3.7591243,4.054558,5.049496,5.592962,5.7692485,5.3344665
1978-05-30 12:00:00,3.0044847,3.4667175,4.6233563,5.420738,5.206706,4.9671316
1978-05-31 12:00:00,2.3348267,2.4640408,4.535156,3.7312436,3.6621144,3.9390743
1978-06-01 12:00:00,2.055649,2.3594375,4.7190366,4.377004,3.0360155,4.7518806
1978-06-02 12:00:00,2.2912214,2.44324,3.6296854,2.9911094,2.7813685,3.447569
1978-06-03 12:00:00,1.5228463,1.7007169,1.8695323,2.2541819,3.4385593,2.3759706
1978-06-04 12:00:00,1.6887676,1.6401738,3.386737,2.559024,3.0850048,3.0414648
1978-06-05 12:00:00,2.4488454,2.7674916,3.28016,3.1323123,3.0691073,2.9379418
1978-06-06 12:00:00,1.8780134,2.5360217,3.3529081,3.8105118,3.3529813,3.4258125
1978-06-07 12:00:00,3.3767912,3.1109421,3.4493182,2.7725105,2.5549088,3.4501717
1978-06-08 12:00:00,3.2396271,2.805779,3.9259453,3.406205,4.010824,2.5642364
1978-06-09 12:00:00,2.3717716,2.14849,3.2034132,3.27592,3.9766278,3.1929834
1978-06-10 12:00:00,3.7555346,3.8061395,4.1356535,3.797785,3.966424,4.3860507
1978-06-11 12:00:00,3.2978146,3.363625,5.5726814,4.525325,4.57804,5.3473787
1978-06-12 12:00:00,3.8947453,3.870468,5.7093725,6.433867,5.6177964,4.931754
1978-06-13 12:00:00,4.257754,3.9881191,3.853983,5.935984,5.9378023,4.439839
1978-06-14 12:00:00,1.6722039,2.3681965,3.4090593,4.085805,3.3758464,4.098777
1978-06-15 12:00:00,3.0798557,3.903505,5.150841,5.9269657,3.8531132,5.5242286
1978-06-16 12:00:00,2.8938866,2.7949173,3.1393418,4.725936,3.725422,3.4033496
1978-06-17 12:00:00,3.0236058,3.2563937,2.8189042,4.348952,4.5691853,3.1882064
1978-06-18 12:00:00,2.962459,3.3302414,4.1100407,4.7056103,4.6979384,3.3116293
1978-06-19 12:00:00,3.5726109,3.6516953,7.082924,5.2527785,7.42461,5.920731
1978-06-20 12:00:00,4.316528,4.083505,5.4264736,4.3220797,6.0404916,5.0707536
1978-06-21 12:00:00,4.238168,4.2344847,5.890526,6.0131907,4.9397416,5.090427
1978-06-22 12:00:00,3.4135058,3.615746,5.1361184,4.442112,4.578359,4.6792645
1978-06-23 12:00:00,4.307895,4.2183175,5.781691,7.7208557,4.9964466,6.9568524
1978-06-24 12:00:00,4.9565434,4.6339154,4.999182,6.014328,5.470652,5.748673
1978-06-25 12:00:00,3.3772302,3.6199317,3.6175225,5.055737,3.9983122,5.4046535
1978-06-26 12:00:00,2.7282994,2.6600866,4.261173,3.4852054,4.286292,3.3947868
1978-06-27 12:00:00,2.8936894,2.884628,3.2257478,3.2785258,4.7845917,3.1790414
1978-06-28 12:00:00,4.072652,4.0790496,4.7788014,7.8066773,5.5133834,6.5612664
1978-06-29 12:00:00,4.1271825,4.894013,6.4500365,10.75862,6.7917657,8.03856
1978-06-30 12:00:00,4.637368,5.448108,6.8513355,9.518667,5.540888,6.5784736
1978-07-01 12:00:00,3.2483556,3.7848687,3.683454,5.668896,6.6254344,3.4746196
1978-07-02 12:00:00,1.8636736,2.345744,2.704463,4.6729894,5.184605,2.0954642
1978-07-03 12:00:00,1.9008639,1.5358614,2.3170044,2.6733975,3.8422768,2.3347645
1978-07-04 12:00:00,1.1649823,1.3597631,1.933754,2.9665344,2.9400792,1.9187866
1978-07-05 12:00:00,1.227365,1.6553887,2.7890584,2.5515096,5.775761,2.576729
1978-07-06 12:00:00,1.878404,2.1780953,2.6041486,3.2759619,5.5558996,2.7547598
1978-07-07 12:00:00,1.569361,1.6385037,2.466932,4.4707646,3.8308227,2.529857
1978-07-08 12:00:00,3.1305308,2.626613,2.2967222,4.537369,5.089136,2.3891954
1978-07-09 12:00:00,2.4018764,2.6102953,2.3216648,5.275567,7.770591,2.0860937
1978-07-10 12:00:00,2.6555626,3.1084123,4.109992,5.4516106,7.3457465,2.9806192
1978-07-11 12:00:00,2.0069375,2.2251093,3.3664756,5.889005,6.7136006,2.2608383
1978-07-12 12:00:00,1.7643856,2.056657,2.3920984,4.8602,5.6494484,2.7826815
1978-07-13 12:00:00,2.7919953,2.1279821,2.9121459,3.1437113,4.5812507,2.4716866
1978-07-14 12:00:00,3.1029158,2.1648738,2.7291563,2.9638333,3.22308,2.1193495
1978-07-15 12:00:00,2.8217626,2.6848228,3.2807288,3.1254432,3.8525987,2.8870149
1978-07-16 12:00:00,1.7044654,2.0883577,3.5145845,4.072953,3.6055567,2.7399259
1978-07-17 12:00:00,1.3310428,1.5460091,3.1149573,3.6385927,3.9419143,2.4507675
1978-07-18 12:00:00,1.1065775,1.3301799,2.4709306,3.6460369,3.8728328,1.9713724
1978-07-19 12:00:00,1.2868857,1.3946631,4.1715717,4.518208,4.097085,2.2825122
1978-07-20 12:00:00,1.4898334,1.5222917,4.0970507,4.389929,4.55704,2.254381
1978-07-21 12:00:00,2.1886818,2.2419975,2.889454,4.411527,5.0226536,2.8784156
1978-07-22 12:00:00,1.9235901,2.175957,2.173312,4.8460336,4.2715893,2.8688838
1978-07-23 12:00:00,1.7675925,1.8353536,2.3047256,3.5346966,4.039456,2.6124184
1978-07-24 12:00:00,2.2020352,1.7369986,3.2434788,3.4632494,3.882098,2.4106822
1978-07-25 12:00:00,2.0944266,1.99508,2.5467331,4.0948143,4.7225733,1.9312283
1978-07-26 12:00:00,1.074681,1.2776896,3.6439364,4.103891,4.2712226,2.1441593
1978-07-27 12:00:00,1.8029615,1.5755768,3.2406127,2.9558716,3.8556373,2.364452
1978-07-28 12:00:00,1.1589245,1.2495033,2.9988134,3.004329,3.617051,2.0887508
1978-07-29 12:00:00,1.8721071,1.6123939,3.9843204,4.1415606,5.085607,2.5290458
1978-07-30 12:00:00,2.7341442,2.5547159,3.7879167,4.9792194,5.468877,2.9228542
1978-07-31 12:00:00,3.9594154,4.0330133,4.8164253,5.453247,4.2979565,5.623224
1978-08-01 12:00:00,4.145683,4.5446277,6.085178,6.6906557,7.5691113,6.778607
1978-08-02 12:00:00,3.8700624,4.2291107,5.099361,5.8653684,7.627667,5.88235
1978-08-03 12:00:00,3.2808475,3.6941137,5.015416,5.0584803,6.08999,4.4882
1978-08-04 12:00:00,2.251831,2.3487198,3.3878117,2.9881449,4.610823,2.377482
1978-08-05 12:00:00,2.7261662,2.0806427,3.3360107,2.8716142,3.4507747,2.9538598
1978-08-06 12:00:00,1.9693006,2.3961797,6.002832,3.285335,3.2896621,3.980193
1978-08-07 12:00:00,2.224248,3.0881665,5.311954,5.342857,4.806229,5.831049
1978-08-08 12:00:00,3.7168143,3.7991414,4.7613034,6.059111,6.958468,6.057878
1978-08-09 12:00:00,4.033033,3.7130656,5.262867,5.9903235,5.6626806,6.176955
1978-08-10 12:00:00,2.6251533,3.4902046,5.3938313,4.7056594,4.515458,5.6885624
1978-08-11 12:00:00,2.1241586,2.6423876,4.387113,4.2452264,4.2209196,4.0244117
1978-08-12 12:00:00,2.680163,2.8388968,3.1694112,4.3005505,4.267419,3.9734473
1978-08-13 12:00:00,3.4174283,3.4504743,5.0837502,4.122788,4.191192,4.4384785
1978-08-14 12:00:00,3.9585156,3.717875,5.504806,4.087163,5.784051,3.810003
1978-08-15 12:00:00,3.6574502,3.0934799,3.8442533,5.79156,5.3210354,2.6799135
1978-08-16 12:00:00,2.1407287,2.4820213,3.337374,5.4856243,9.00392,2.462105
1978-08-17 12:00:00,2.6605709,2.1960719,4.2970285,4.075032,7.554103,3.1792595
1978-08-18 12:00:00,1.9089719,1.8453953,3.235343,3.5041718,5.3367386,3.0469518
1978-08-19 12:00:00,3.66766,3.8543289,5.1706576,4.635113,5.574942,6.0816555
1978-08-20 12:00:00,3.5810752,3.7601094,5.586908,7.0440083,6.436143,6.3308964
1978-08-21 12:00:00,4.124258,4.3544617,6.6735067,7.492361,7.0322294,6.809823
1978-08-22 12:00:00,3.6025732,4.074451,5.7235665,6.547667,7.6998477,5.158079
1978-08-23 12:00:00,1.9063463,2.5728896,4.4499364,5.7513156,7.491031,4.2585526
1978-08-24 12:00:00,2.1700885,2.1710186,3.9024484,4.5373664,7.265375,3.6028183
1978-08-25 12:00:00,2.2898204,2.627769,4.4070597,5.7003827,5.6600347,4.6405363
1978-08-26 12:00:00,2.9943964,2.9057918,3.4836972,3.6245563,4.9419456,3.3453922
1978-08-27 12:00:00,1.6642293,1.8071599,3.1757727,4.143978,7.406122,2.933035
1978-08-28 12:00:00,1.6958243,1.7579482,3.3277297,4.351364,7.167118,2.9405098
1978-08-29 12:00:00,1.527674,2.0908358,3.346036,3.8756227,5.743133,3.2287529
1978-08-30 12:00:00,1.730778,1.9553158,2.8347015,4.9319134,5.23978,2.8754094
1978-08-31 12:00:00,1.3558742,1.7168876,2.0300183,4.237955,4.4292583,2.6225226
1978-09-01 12:00:00,1.2694966,1.5431825,2.44525,3.4923904,3.9535484,2.3001065
1978-09-02 12:00:00,1.0786158,1.2318466,2.258066,3.2872756,3.4852688,1.9354109
1978-09-03 12:00:00,1.4417375,1.4915819,2.4071188,2.9526753,2.893904,2.173357
1978-09-04 12:00:00,2.240049,1.9315737,2.9494376,3.67964,2.8941104,2.1080596
1978-09-05 12:00:00,2.6575174,2.4314022,4.351564,3.8068256,3.3989046,2.4491978
1978-09-06 12:00:00,2.35133,2.0217526,4.255736,2.8820643,3.255608,2.2417326
1978-09-07 12:00:00,1.1373594,1.1303749,2.753661,2.4552653,3.7296138,1.8893938
1978-09-08 12:00:00,1.0794702,1.3974742,1.6965063,2.625986,4.12423,1.2426536
1978-09-09 12:00:00,1.799103,1.9047986,2.6956396,2.8628368,4.759871,1.5955875
1978-09-10 12:00:00,0.912245,1.3010211,5.011629,3.3328876,5.2764697,3.5759223
1978-09-11 12:00:00,1.0677648,1.4342284,5.7000804,3.8114862,6.5061417,4.6236315
1978-09-12 12:00:00,1.4317341,1.3828315,4.850966,2.6518977,6.0028877,2.689726
1978-09-13 12:00:00,1.233237,0.98930806,3.246667,2.0675678,3.7723327,1.7195113
1978-09-14 12:00:00,0.83611757,1.1979958,2.6328013,2.5151029,3.1767507,2.3605607
1978-09-15 12:00:00,2.280978,2.6694477,5.9592547,5.6961155,3.2529237,6.7790985
1978-09-16 12:00:00,2.1757965,2.7096114,7.127718,6.89587,4.0768685,7.387746
1978-09-17 12:00:00,2.398809,2.9815867,8.482398,6.6226807,5.8758097,6.2718816
1978-09-18 12:00:00,2.733964,3.1478152,5.9994736,6.474633,7.554115,5.4060225
1978-09-19 12:00:00,3.9259007,4.32534,7.2247634,9.218426,8.878859,7.518676
1978-09-20 12:00:00,4.788814,4.231428,5.805028,7.0299315,10.505399,5.6464424
1978-09-21 12:00:00,4.7480955,4.7751756,7.8962083,6.600346,7.9745865,5.9178953
1978-09-22 12:00:00,4.9453897,4.712788,7.6962843,8.095067,7.445131,8.116693
1978-09-23 12:00:00,5.9778967,5.960867,10.195704,9.792723,6.9030213,10.559183
1978-09-24 12:00:00,5.638632,5.7650633,9.275312,11.714643,7.053572,9.693565
1978-09-25 12:00:00,5.695772,5.4718213,9.1264305,8.355765,4.6720815,9.205805
1978-09-26 12:00:00,4.65463,4.927992,8.980562,8.495837,4.219152,8.512584
1978-09-27 12:00:00,4.43255,4.482663,6.230103,8.641009,3.3673856,6.370293
1978-09-28 12:00:00,2.6533978,2.6602402,5.3540998,4.9069304,5.72785,5.257531
1978-09-29 12:00:00,3.7639098,3.8694808,6.262155,7.1881533,7.237108,7.174742
1978-09-30 12:00:00,3.68814,3.5526977,4.294279,6.5754695,8.614366,5.9076447
1978-10-01 12:00:00,1.7708004,1.9536004,4.043118,5.724212,5.000664,5.4768896
1978-10-02 12:00:00,3.523023,3.5788724,5.2661147,7.30928,6.8105187,6.825505
1978-10-03 12:00:00,3.3474543,3.2055006,4.401992,4.2647324,5.2553377,3.4442194
1978-10-04 12:00:00,3.0598538,3.1250842,4.6106734,5.639039,3.1385972,5.398238
1978-10-05 12:00:00,3.720019,3.6004279,6.1019826,4.4042287,5.196397,5.2268057
1978-10-06 12:00:00,2.391028,2.2227151,4.934713,3.4963543,5.702844,3.6786418
1978-10-07 12:00:00,1.4155685,1.5814981,2.9855316,5.215815,4.8115296,2.4961636
1978-10-08 12:00:00,2.9182155,3.3381367,3.994828,6.0957556,5.0348315,4.837912
1978-10-09 12:00:00,2.214959,2.3501165,3.5651863,6.0964003,8.116329,3.4596002
1978-10-10 12:00:00,1.9930375,2.708021,4.164873,9.963146,11.065484,5.275217
1978-10-11 12:00:00,3.6336427,3.8409748,6.232669,10.895134,8.145343,8.012133
1978-10-12 12:00:00,4.3901844,4.532375,6.7334085,8.032836,7.934956,7.2075315
1978-10-13 12:00:00,2.2728312,2.438672,4.9018173,7.565442,7.884225,5.629635
1978-10-14 12:00:00,4.6962576,5.35501,9.551982,10.0881815,8.471545,10.258012
1978-10-15 12:00:00,5.1384273,5.500677,7.2828007,5.355775,10.585659,5.7870216
1978-10-16 12:00:00,3.2231467,3.5101442,7.7505975,3.2076375,7.3048697,5.4319634
1978-10-17 12:00:00,1.7182857,1.929951,2.0780365,3.6226041,7.8000646,2.3839567
1978-10-18 12:00:00,1.4452509,1.8344889,3.638069,5.267532,5.968457,4.547043
1978-10-19 12:00:00,2.0673878,2.1760654,4.558278,6.414078,8.950059,5.416137
1978-10-20 12:00:00,2.8553298,3.2687802,6.189053,8.273031,7.94134,6.849502
1978-10-21 12:00:00,2.897627,3.060096,3.173882,6.919713,9.760424,3.9938252
1978-10-22 12:00:00,2.285337,2.3162172,2.7136838,5.160513,9.89013,3.3983734
1978-10-23 12:00:00,2.0595913,1.6988583,4.599065,3.2356308,9.1169615,2.687971
1978-10-24 12:00:00,1.559302,1.3104675,5.4601746,3.0930943,6.5787797,3.1328313
1978-10-25 12:00:00,1.5838312,1.3384649,5.302505,3.199939,5.759329,3.4820416
1978-10-26 12:00:00,2.7040672,2.1428087,6.224126,4.029248,5.096073,3.963571
1978-10-27 12:00:00,3.0786846,2.8345642,6.271818,5.9375052,7.4953547,4.7839575
1978-10-28 12:00:00,3.1482337,2.372412,5.369749,4.54243,7.9506335,3.7959607
1978-10-29 12:00:00,4.1601233,3.2809007,6.1553245,3.6512818,3.7932699,3.7687433
1978-10-30 12:00:00,4.757373,4.4840827,6.97806,5.629258,6.9051285,5.1528797
1978-10-31 12:00:00,2.892052,2.946123,5.516026,5.3176513,5.2537355,4.261936
1978-11-01 12:00:00,2.6661618,2.031614,4.918899,3.1965735,3.274859,3.7246099
1978-11-02 12:00:00,3.2980864,3.2686787,3.7668746,3.226744,5.7185216,2.8442373
1978-11-03 12:00:00,2.0087547,2.3168912,3.695077,7.2098093,6.7923946,3.7594995
1978-11-04 12:00:00,3.6692858,3.898488,6.922347,11.583618,9.144102,9.285132
1978-11-05 12:00:00,4.601701,4.506,6.9651227,6.8736186,9.190175,6.805811
1978-11-06 12:00:00,5.6379375,5.4036856,8.852996,7.0668535,7.285333,9.740888
1978-11-07 12:00:00,4.6147747,4.7515154,6.534759,7.6103296,11.683316,6.9847198
1978-11-08 12:00:00,3.6723092,3.246792,7.1828322,8.151232,8.532119,4.8191013
1978-11-09 12:00:00,4.7781773,4.6071897,7.760087,8.163272,9.652818,6.6089125
1978-11-10 12:00:00,3.4603574,2.7181654,4.8470373,5.21639,7.575341,2.9783115
1978-11-11 12:00:00,4.860226,4.390743,8.7055435,7.516528,4.2906117,5.426947
1978-11-12 12:00:00,3.8065534,3.9601948,9.012835,8.005898,7.4143653,7.7625346
1978-11-13 12:00:00,3.7112296,4.017142,4.646474,7.1289306,6.5679173,4.3265877
1978-11-14 12:00:00,3.6605067,3.0966487,4.625198,3.8566012,6.403173,2.7367392
1978-11-15 12:00:00,4.889414,4.011583,8.156646,6.1838765,8.493651,5.3255143
1978-11-16 12:00:00,4.01191,3.6292374,8.586701,6.8776197,5.41449,5.7130265
1978-11-17 12:00:00,4.2817836,4.0328646,6.3465605,6.658274,4.8152437,4.966832
1978-11-18 12:00:00,3.5775156,3.7689795,4.4613576,6.121681,5.7398496,3.794981
1978-11-19 12:00:00,3.6784558,3.6500049,3.990999,6.221245,6.251442,3.904549
1978-11-20 12:00:00,3.8781981,3.7466183,4.3267198,6.3088355,4.460922,5.013505
1978-11-21 12:00:00,2.8908324,2.738113,5.481332,5.09044,4.3668275,4.308083
1978-11-22 12:00:00,2.5300674,2.365554,5.9506593,4.146984,5.3988485,3.9239604
1978-11-23 12:00:00,3.8797624,3.6208556,6.894473,5.9650826,4.4665813,5.763312
1978-11-24 12:00:00,3.2042897,3.4920385,5.437692,7.3721447,6.795344,6.5815525
1978-11-25 12:00:00,1.2564324,1.5409824,3.848072,4.717796,8.719001,3.6732848
1978-11-26 12:00:00,2.350217,2.1983593,5.3663464,6.97074,8.781481,5.4720383
1978-11-27 12:00:00,1.5652372,1.7251581,6.0402045,5.7217393,8.571687,5.552658
1978-11-28 12:00:00,2.9636207,2.9196491,8.518156,5.7545104,5.4845157,7.4706554
1978-11-29 12:00:00,2.3820617,2.4640741,4.9750495,6.683016,5.531442,4.7519045
1978-11-30 12:00:00,3.8927865,3.7110615,7.093195,6.4378514,5.495721,4.971257
1978-12-01 12:00:00,3.0581915,2.6245203,4.4076653,4.835545,5.978045,2.6648695
1978-12-02 12:00:00,1.572309,1.86415,3.3712015,3.828196,3.0760827,2.849224
1978-12-03 12:00:00,1.5452595,1.5393401,3.705034,6.1170735,6.0355225,4.43579
1978-12-04 12:00:00,1.8653983,1.8829311,6.0649366,6.938739,8.661754,6.5790725
1978-12-05 12:00:00,1.7514971,2.1043243,5.9090676,5.419906,7.8080864,5.4033437
1978-12-06 12:00:00,1.072648,1.3252949,4.2819777,5.345403,5.942438,3.3705766
1978-12-07 12:00:00,0.98354435,1.1078931,4.4023647,4.3133545,4.70068,4.37434
1978-12-08 12:00:00,2.0147326,1.8131685,3.8233628,3.4188235,6.653147,2.94327
1978-12-09 12:00:00,2.1667497,2.4508226,5.673134,5.5442977,6.3868523,5.686256
1978-12-10 12:00:00,3.2440753,2.7914023,5.3844914,4.2713466,6.1783023,4.1980476
1978-12-11 12:00:00,3.753158,3.0644393,6.4117036,6.445005,6.8665695,4.370875
1978-12-12 12:00:00,4.1563015,3.3796473,5.7229304,3.6248703,4.523174,3.4742675
1978-12-13 12:00:00,2.882732,2.5645487,4.596693,5.443793,4.5708222,3.9452848
1978-12-14 12:00:00,2.7093546,2.1440885,6.795304,5.6249614,4.142273,5.333913
1978-12-15 12:00:00,2.4114525,2.3822856,7.456736,7.756124,5.594599,5.8042455
1978-12-16 12:00:00,4.0995536,3.6603816,10.835544,7.7189374,5.114719,7.59055
1978-12-17 12:00:00,3.8166466,2.8783784,9.388137,4.9556565,5.5965676,5.07645
1978-12-18 12:00:00,4.1264844,2.9777262,7.3761797,4.232676,4.4720707,3.9939208
1978-12-19 12:00:00,3.6091444,2.757425,5.1384044,5.171915,5.0681643,3.6965556
1978-12-20 12:00:00,1.8519348,1.7969445,7.1845675,5.079725,5.0571647,5.9586687
1978-12-21 12:00:00,4.2568064,3.8313665,8.557257,6.63771,4.0092964,7.312454
1978-12-22 12:00:00,5.170885,4.5533233,9.211154,5.4432273,4.1896386,7.408025
1978-12-23 12:00:00,4.3714952,4.1012216,4.8993487,4.9316816,4.6870146,4.6491737
1978-12-24 12:00:00,3.0708492,2.560565,4.026606,3.6435552,3.3958993,2.8195443
1978-12-25 12:00:00,2.7100878,2.7501845,3.2311265,3.377768,6.586595,2.7665434
1978-12-26 12:00:00,2.9693878,2.958581,3.9933052,4.1400514,7.2008243,3.2922354
1978-12-27 12:00:00,2.9354796,3.077295,4.2555556,5.1278696,7.908475,3.352224
1978-12-28 12:00:00,1.5117048,2.2259312,3.8672197,4.8920946,4.924008,3.6694586
1978-12-29 12:00:00,2.539174,2.8856206,10.30682,8.541953,5.4517894,10.259455
1978-12-30 12:00:00,3.8764117,4.2593265,9.192522,10.254462,5.6560907,9.477557
1978-12-31 12:00:00,3.8108835,3.9308167,9.821681,9.02198,6.169921,9.091654
1979-01-01 12:00:00,6.07444,5.5925083,7.590297,8.150327,6.9970603,7.4597635
1979-01-02 12:00:00,1.9849148,1.9960076,5.192726,6.328147,7.062978,4.8498626
1979-01-03 12:00:00,3.5598102,3.547884,6.7921476,8.961971,10.167543,7.579482
1979-01-04 12:00:00,3.7472212,3.4334328,8.218689,8.76987,9.15923,7.7832856
1979-01-05 12:00:00,5.2245917,4.800551,8.051481,5.8730187,5.6156206,6.8785257
1979-01-06 12:00:00,1.5274626,1.8468261,3.8867319,6.1610975,5.4269447,3.9596226
1979-01-07 12:00:00,2.2414665,2.7708974,7.532315,7.1513267,7.443159,7.718061
1979-01-08 12:00:00,5.9206924,6.22752,10.024031,12.69699,11.538262,11.738686
1979-01-09 12:00:00,3.8218925,4.0302925,6.2399564,11.03,11.74464,8.288071
1979-01-10 12:00:00,2.489482,2.6984296,7.520006,7.9525456,8.277116,6.368167
1979-01-11 12:00:00,5.040649,4.670349,9.149249,8.753038,7.6531906,8.648174
1979-01-12 12:00:00,5.3969536,5.408407,8.689574,11.472962,7.7310467,9.804509
1979-01-13 12:00:00,4.0246315,3.2808404,6.2558374,4.608344,8.421496,4.9312687
1979-01-14 12:00:00,5.1351814,5.4511075,10.0861845,9.159255,6.548063,9.823897
1979-01-15 12:00:00,2.7611237,2.715009,5.8003836,5.1215086,6.474726,4.092154
1979-01-16 12:00:00,1.4298502,2.2256997,8.173614,5.7957,5.4556165,6.1345263
1979-01-17 12:00:00,2.363393,2.4629502,6.806016,5.6975145,6.4529915,5.2792807
1979-01-18 12:00:00,2.2007189,2.580192,7.0066204,6.55993,5.8534327,6.0160174
1979-01-19 12:00:00,4.592122,4.8699584,11.924115,8.182705,3.969246,10.222705
1979-01-20 12:00:00,5.4587116,4.9512734,7.677439,4.6942043,4.7622623,5.928136
1979-01-21 12:00:00,2.2831967,2.2235632,3.2934265,4.023544,4.5834446,2.6777823
1979-01-22 12:00:00,1.2775161,1.4904375,3.7178977,5.4792075,5.4108686,2.8900266
1979-01-23 12:00:00,1.257441,1.8880596,3.611749,5.7821045,6.701865,3.6152358
1979-01-24 12:00:00,2.2423162,2.817246,7.478577,9.391302,7.6011677,8.586012
1979-01-25 12:00:00,3.55176,4.0542626,7.0598445,11.649775,9.947722,7.7419496
1979-01-26 12:00:00,2.0324938,2.3688624,6.0130615,9.617393,8.404242,7.695442
1979-01-27 12:00:00,3.579306,3.6076555,5.9354634,10.0821085,6.9007306,8.530121
1979-01-28 12:00:00,2.4009626,2.6143212,6.0905876,8.278001,4.8145347,7.648391
1979-01-29 12:00:00,2.1260116,1.8887154,6.3140798,4.640218,3.7271807,4.402045
1979-01-30 12:00:00,1.1684375,1.2877668,4.437266,2.6854212,3.3019586,2.9794369
1979-01-31 12:00:00,1.1342627,1.2455429,4.8621883,4.981946,4.784256,4.6505957
1979-02-01 12:00:00,1.5061185,1.8067223,4.3925767,6.5029306,6.577416,4.6301646
1979-02-02 12:00:00,3.3692489,3.4766877,8.849209,8.895371,7.440084,8.087427
1979-02-03 12:00:00,4.200645,4.338062,6.8899393,9.385426,8.575218,8.352452
1979-02-04 12:00:00,2.5604587,3.099738,5.2700887,7.832052,9.219789,6.3072124
1979-02-05 12:00:00,4.358412,3.9833875,5.791599,5.433416,8.772628,3.1487226
1979-02-06 12:00:00,2.2656465,2.380204,6.089523,4.209876,5.571473,1.9167842
1979-02-07 12:00:00,1.5491391,1.8744707,4.132081,3.2532911,3.384906,3.1518664
1979-02-08 12:00:00,2.5064552,2.5130424,4.2484126,4.314447,4.079544,3.3898463
1979-02-09 12:00:00,2.0388584,2.5316293,3.396814,5.459506,5.9319243,3.1832485
1979-02-10 12:00:00,1.7996808,1.9162498,6.0664845,4.7023616,5.1768036,6.2495065
1979-02-11 12:00:00,4.036695,4.506746,4.504248,7.68881,5.1004915,5.6264267
1979-02-12 12:00:00,3.5951822,3.029169,5.0495024,4.6167073,6.108267,4.5220017
1979-02-13 12:00:00,1.7112808,1.883513,3.681554,6.2092633,7.092016,3.8927217
1979-02-14 12:00:00,4.8462653,5.203182,7.1214314,11.68846,11.66099,7.9259515
1979-02-15 12:00:00,4.7656655,5.107468,7.8424883,11.933414,8.582198,9.179574
1979-02-16 12:00:00,5.1073747,7.046036,9.492201,15.0500345,9.669648,11.28848
1979-02-17 12:00:00,3.9334526,4.48168,7.571407,10.939777,8.685599,8.595504
1979-02-18 12:00:00,4.535729,5.656201,7.8820834,12.064148,11.697686,9.79828
1979-02-19 12:00:00,4.6903477,5.8490577,10.671936,12.187922,7.9829946,8.292719
1979-02-20 12:00:00,2.1696994,2.4157004,6.969334,7.977504,7.6474113,3.6251123
1979-02-21 12:00:00,3.0570447,3.1569939,7.3707957,8.66047,7.889334,6.294998
1979-02-22 12:00:00,2.7643118,2.8939104,5.2645826,6.885393,6.6005344,5.012781
1979-02-23 12:00:00,2.1696372,2.2325988,4.2718225,5.826803,3.9344347,2.839578
1979-02-24 12:00:00,2.0889034,2.3952992,3.401496,5.6287293,5.211354,3.0840325
1979-02-25 12:00:00,2.3043828,2.179871,6.37835,3.9017892,4.839545,3.6471684
1979-02-26 12:00:00,3.6270893,4.021802,4.7967343,4.8657756,4.589127,3.5125577
1979-02-27 12:00:00,2.186562,2.0263753,4.4156265,6.3557153,6.1231017,4.364477
1979-02-28 12:00:00,1.825431,2.0743678,4.8034897,9.122311,10.715397,6.6549044
1979-03-01 12:00:00,2.0090175,2.5950212,3.640184,4.919141,8.882877,3.6376407
1979-03-02 12:00:00,2.5340247,2.366411,6.821668,4.5277953,7.8470683,5.1874366
1979-03-03 12:00:00,2.4578226,2.3200996,8.278175,4.9889503,10.146296,5.2331924
1979-03-04 12:00:00,2.015829,2.1360028,8.271601,4.6486435,11.818537,4.710262
1979-03-05 12:00:00,1.5340693,1.7376679,5.3694396,5.2857594,9.907327,2.8225
1979-03-06 12:00:00,2.65486,2.736893,3.9504154,7.4227133,8.886437,3.8687696
1979-03-07 12:00:00,3.729099,3.7774498,6.2815785,7.2212214,8.000852,5.628177
1979-03-08 12:00:00,2.4488146,2.763721,4.04406,5.540945,6.9213214,3.3876288
1979-03-09 12:00:00,2.7466595,3.062122,5.3904305,5.4365687,7.7512393,3.8805478
1979-03-10 12:00:00,1.4492192,1.8539823,2.7383187,4.1056976,4.2556534,2.5126035
1979-03-11 12:00:00,1.1292849,1.7213497,3.9324355,4.317621,4.690233,3.3553183
1979-03-12 12:00:00,2.246349,2.0337148,5.4226775,3.6004488,5.2718725,4.2098336
1979-03-13 12:00:00,2.3655343,1.9943986,4.9557495,3.5918214,7.349386,2.4168532
1979-03-14 12:00:00,2.935815,2.1695018,6.117372,4.376228,5.1483717,3.6668272
1979-03-15 12:00:00,2.663904,2.4246955,4.3760347,2.744589,3.0088527,2.6810482
1979-03-16 12:00:00,1.6487447,2.1189597,4.6029906,6.773871,7.950095,2.2895064
1979-03-17 12:00:00,2.2096894,2.5991142,4.63531,6.4217243,6.1369624,4.7845836
1979-03-18 12:00:00,3.0186107,3.373134,5.4118776,6.0161486,5.302161,5.488598
1979-03-19 12:00:00,1.7259911,2.2395651,4.495007,5.8423305,4.3373513,4.7656074
1979-03-20 12:00:00,2.4722984,2.5709643,4.3769026,5.25146,5.2443595,3.9985378
1979-03-21 12:00:00,2.0896676,2.3351982,2.7783327,5.9115424,5.51976,2.440851
1979-03-22 12:00:00,2.965418,3.6683836,3.4974284,6.859809,5.11123,3.7869043
1979-03-23 12:00:00,2.4116263,2.6325915,2.3393335,4.1362634,8.0575285,1.8745527
1979-03-24 12:00:00,0.97288686,1.2241346,3.008149,3.9785411,6.0566306,2.9757807
1979-03-25 12:00:00,0.87856585,1.225024,4.5832567,4.7266636,8.669153,4.0501914
1979-03-26 12:00:00,1.9112628,1.7594995,3.8045263,5.7163796,9.296831,3.887982
1979-03-27 12:00:00,1.262982,1.4269192,4.0589595,4.740423,8.736012,4.4425077
1979-03-28 12:00:00,1.796568,2.1645608,2.5910578,6.45066,5.7704477,2.569213
1979-03-29 12:00:00,1.3991759,1.6867256,2.5530245,4.3592987,5.2746577,2.0355203
1979-03-30 12:00:00,1.7702526,2.298724,3.5990922,7.5744553,6.5865984,4.334344
1979-03-31 12:00:00,3.2496119,3.4132366,5.6958776,8.0410795,7.2900314,7.0023427
1979-04-01 12:00:00,3.855211,3.887473,8.644003,7.5375934,7.1075783,7.072554
1979-04-02 12:00:00,3.5616875,4.036735,7.534351,8.447882,7.8307276,7.3108897
1979-04-03 12:00:00,5.2836127,5.6895633,9.372112,12.848841,6.2550817,9.382755
1979-04-04 12:00:00,4.364847,4.9974885,8.98496,11.508223,7.5112405,8.6669235
1979-04-05 12:00:00,2.9433272,3.9466612,5.6361084,8.865139,6.9815245,4.998425
1979-04-06 12:00:00,1.2138946,1.7630687,3.0734203,5.3331647,7.5058374,3.697487
1979-04-07 12:00:00,0.7303741,1.3304644,2.6148095,2.7823067,4.8370414,2.911815
1979-04-08 12:00:00,2.8997898,2.5480442,4.28606,4.5522933,7.2802672,4.758906
1979-04-09 12:00:00,2.6585193,2.665845,5.112573,4.5119796,7.586946,4.3975377
1979-04-10 12:00:00,2.3867698,2.6336024,6.043796,6.4483123,6.5944996,5.9614654
1979-04-11 12:00:00,3.7560565,3.1641471,5.6252995,4.1764336,7.103817,4.7671447
1979-04-12 12:00:00,2.385483,2.7990677,4.2355065,7.708773,6.673719,5.960175
1979-04-13 12:00:00,4.1236453,4.3963704,5.435402,9.163991,8.251241,7.079297
1979-04-14 12:00:00,3.2279928,3.761848,4.3700166,6.5421157,6.2719307,4.632161
1979-04-15 12:00:00,3.095156,3.964631,4.727003,6.982555,5.0161405,5.0450163
1979-04-16 12:00:00,4.2417903,4.040303,4.921546,4.0800247,3.8824344,4.268255
1979-04-17 12:00:00,1.9339288,2.2284825,3.5796387,5.9411063,9.691373,3.56106
1979-04-18 12:00:00,3.0347896,3.528829,4.952133,5.671693,7.8944736,4.555022
1979-04-19 12:00:00,2.4142215,2.9198616,3.8623023,7.433272,5.664434,3.9668336
1979-04-20 12:00:00,2.9991777,3.573773,5.2299757,8.441267,8.039119,5.4707685
1979-04-21 12:00:00,4.0601883,4.032517,7.2181044,7.28018,6.547812,5.831679
1979-04-22 12:00:00,4.3750567,4.233059,5.8855777,5.879444,6.4632673,5.40263
1979-04-23 12:00:00,5.891373,5.61161,6.5826564,6.5268526,10.164342,6.719363
1979-04-24 12:00:00,5.568857,5.6079993,7.7180986,4.862729,8.539866,6.754468
1979-04-25 12:00:00,4.288317,4.6016245,6.182305,5.814886,5.895899,7.0580683
1979-04-26 12:00:00,3.8404274,3.4363775,4.3817053,4.35067,3.9235315,4.8979936
1979-04-27 12:00:00,3.088563,2.3939414,3.7854097,2.8298976,2.5318637,3.1117363
1979-04-28 12:00:00,2.429024,2.5351996,4.0978904,3.0916572,3.0269873,3.4886243
1979-04-29 12:00:00,3.4448116,3.2035906,5.5222454,4.4442835,4.8976817,5.006036
1979-04-30 12:00:00,3.4768157,3.2013264,5.64053,3.4954884,4.711298,4.2783012
1979-05-01 12:00:00,4.375223,3.893786,5.451455,3.374641,4.733146,5.005336
1979-05-02 12:00:00,2.7454238,2.7076154,4.6810656,4.334546,4.3117785,4.8768587
1979-05-03 12:00:00,1.5612432,1.3942401,3.864932,3.3935401,3.83213,2.3908541
1979-05-04 12:00:00,2.0162046,1.7823086,4.8662896,3.2724023,4.915859,2.959585
1979-05-05 12:00:00,2.8909948,2.4279816,6.111094,4.327991,4.7973104,3.2086415
1979-05-06 12:00:00,2.6776257,2.8792841,6.5358505,3.3865845,4.660933,3.3429973
1979-05-07 12:00:00,1.9619374,2.1791055,4.075126,3.382089,6.6611896,2.4144058
1979-05-08 12:00:00,1.4611895,1.7626923,2.7409797,4.911897,5.1229796,1.7051208
1979-05-09 12:00:00,2.6128247,2.505871,2.6550295,6.2218285,3.8028326,2.5419028
1979-05-10 12:00:00,2.1698625,2.2279613,3.5530884,4.446124,4.078517,5.159343
1979-05-11 12:00:00,2.682145,3.2550702,3.4636586,5.071377,4.7569685,5.3309045
1979-05-12 12:00:00,2.8185008,3.1867435,3.1706367,5.311893,3.426451,2.926825
1979-05-13 12:00:00,2.7223914,2.8071585,3.5150537,2.851103,4.220744,3.5403335
1979-05-14 12:00:00,2.3516223,2.1285722,3.769312,2.912018,5.684755,2.689871
1979-05-15 12:00:00,3.637712,3.0212104,4.9575963,4.474447,5.688311,3.2380707
1979-05-16 12:00:00,2.8011196,2.1953967,4.471477,2.7320151,3.0325205,3.115307
1979-05-17 12:00:00,1.9409856,2.2247252,4.3636312,3.7559419,4.318459,3.7592134
1979-05-18 12:00:00,2.5596933,3.1876466,6.0110164,4.8076363,4.2667933,6.619929
1979-05-19 12:00:00,3.9982195,4.846169,7.16071,6.4745584,3.8781047,7.8241863
1979-05-20 12:00:00,4.1677594,4.7710733,3.0207505,4.701153,4.6976104,3.880705
1979-05-21 12:00:00,2.5081024,2.5771344,1.862353,3.4278295,3.8620214,2.1219454
1979-05-22 12:00:00,1.5947163,1.7695163,3.5998704,3.0229704,3.7582932,2.3592615
1979-05-23 12:00:00,2.6964095,3.2175934,5.7486897,4.3290863,3.738585,6.00612
1979-05-24 12:00:00,1.7375865,2.234277,2.9357145,4.843727,4.6852684,4.2187543
1979-05-25 12:00:00,2.7611024,2.9654663,3.7940915,3.6659396,3.9852562,4.190716
1979-05-26 12:00:00,2.4701657,2.9020987,5.1136622,3.7507915,4.4705105,4.481711
1979-05-27 12:00:00,2.2568269,2.5725987,5.6393275,3.4169312,5.614212,4.6881366
1979-05-28 12:00:00,2.7728717,2.7469475,6.448207,3.2887955,6.444146,5.2859354
1979-05-29 12:00:00,3.5598245,3.7461889,5.8941174,4.0369244,4.7829533,5.964621
1979-05-30 12:00:00,2.0706089,2.6096618,4.4982214,4.577244,5.5212255,3.871542
1979-05-31 12:00:00,3.8545969,4.197444,6.275446,4.7799296,4.9461336,6.202451
1979-06-01 12:00:00,5.6646805,6.098537,6.0340915,7.441259,4.391223,6.1306305
1979-06-02 12:00:00,3.8631065,4.3379955,5.1912856,7.201683,5.103584,6.225085
1979-06-03 12:00:00,5.784002,5.7819114,7.1678295,8.656814,5.5651994,8.26627
1979-06-04 12:00:00,5.2017593,5.2516937,6.4624066,9.163513,5.7533984,7.5520244
1979-06-05 12:00:00,4.7363563,4.674739,6.052794,8.306048,5.9295173,7.3403344
1979-06-06 12:00:00,4.0905485,4.107215,5.7763834,5.951363,4.789201,5.1840363
1979-06-07 12:00:00,3.8315394,3.5248964,5.725771,4.173272,5.6703477,5.614551
1979-06-08 12:00:00,4.868328,5.025677,6.50574,6.1545677,4.586061,7.342085
1979-06-09 12:00:00,4.25456,4.690407,5.3069525,8.423399,5.460665,5.9438477
1979-06-10 12:00:00,4.0366516,4.3269324,5.9724736,5.989168,6.1431108,6.7796474
1979-06-11 12:00:00,3.7124956,4.1703873,4.0691037,10.255616,7.8822346,6.5961924
1979-06-12 12:00:00,1.692068,2.1595957,2.5604117,4.49659,4.62814,2.898395
1979-06-13 12:00:00,3.8282912,3.912956,5.646413,5.779892,4.9415836,6.8133793
1979-06-14 12:00:00,5.66691,6.130098,7.412092,8.722938,10.51102,8.074055
1979-06-15 12:00:00,4.0194697,5.109392,5.7249737,8.391365,8.295719,5.8999653
1979-06-16 12:00:00,3.0798233,3.1234448,4.2822285,7.2856245,6.8233266,4.0387197
1979-06-17 12:00:00,4.320249,5.374929,6.5474997,12.013663,7.5874815,7.6201167
1979-06-18 12:00:00,3.7788985,4.8010855,5.377789,9.09433,8.572235,5.1945486
1979-06-19 12:00:00,3.7655373,3.5941453,5.040664,4.973254,4.6244936,5.8789287
1979-06-20 12:00:00,3.9240985,3.6041045,5.1491165,4.4716854,6.6817727,4.1132126
1979-06-21 12:00:00,1.9585695,2.73915,5.693119,3.3423812,7.0748415,4.1586595
1979-06-22 12:00:00,3.4695425,3.6878273,5.2109303,5.4247828,6.9108186,4.2309465
1979-06-23 12:00:00,1.7166325,1.9205061,2.7386506,5.7157264,8.304647,2.983283
1979-06-24 12:00:00,1.7944388,2.178847,2.5729995,3.4296615,7.900106,2.9068677
1979-06-25 12:00:00,2.8873918,2.9699936,5.0986123,3.5004961,3.440145,4.72684
1979-06-26 12:00:00,3.9034193,4.526812,7.3443294,5.284117,4.63191,7.3194237
1979-06-27 12:00:00,2.5092843,3.4526026,4.1781282,8.588597,5.7768583,6.1649833
1979-06-28 12:00:00,2.2755616,2.168147,3.5102327,6.5941873,7.4993486,2.4215102
1979-06-29 12:00:00,1.546475,1.8758054,3.7304206,4.6898036,7.725589,2.9440649
1979-06-30 12:00:00,2.0073001,2.1012218,3.0198257,4.300784,4.6070156,3.1572185
1979-07-01 12:00:00,2.2047439,1.9596583,2.110728,3.3407595,4.9667454,2.1028287
1979-07-02 12:00:00,1.8216991,1.7790624,2.1680877,2.7015965,3.9510124,2.2974844
1979-07-03 12:00:00,1.083811,1.5797354,2.8266382,2.3714092,3.2146118,3.277312
1979-07-04 12:00:00,3.744598,3.4621713,4.247282,3.2418413,2.8103497,4.5980434
1979-07-05 12:00:00,2.8668854,2.861746,3.1620505,3.2459638,3.935111,2.8395205
1979-07-06 12:00:00,3.1947064,3.206145,3.8176248,3.5260422,3.9671617,3.2908394
1979-07-07 12:00:00,1.7972032,1.9251673,2.7933276,2.602717,5.226577,2.751501
1979-07-08 12:00:00,3.0554097,2.9302943,3.7576113,4.9294357,7.1376657,3.6060898
1979-07-09 12:00:00,3.387436,3.5467541,4.3628426,7.3578653,5.6000957,4.2815332
1979-07-10 12:00:00,1.1606933,1.6003747,3.192561,3.7910929,5.117918,2.4746559
1979-07-11 12:00:00,1.4038428,1.7430363,2.6811192,2.7689307,4.5191836,2.9774678
1979-07-12 12:00:00,2.0137362,1.8720399,4.7573404,3.7358701,4.745639,4.051213
1979-07-13 12:00:00,2.7851636,2.747463,5.273919,5.168313,6.556975,5.9163604
1979-07-14 12:00:00,2.3736455,2.1924918,4.600148,2.6924195,7.6255345,3.2998857
1979-07-15 12:00:00,1.8133684,2.3740144,3.2500021,3.5975506,6.277354,3.223225
1979-07-16 12:00:00,1.2699007,1.7961913,3.0438552,4.4005313,4.80069,3.5320518
1979-07-17 12:00:00,1.5624993,1.8877879,3.5889666,3.0347476,3.7079725,3.3785367
1979-07-18 12:00:00,3.4886358,3.666773,5.4800243,4.441492,4.5026183,5.9693985
1979-07-19 12:00:00,3.6517718,3.9799397,6.1314898,5.0479302,4.186614,4.8365116
1979-07-20 12:00:00,4.123932,4.7958174,6.1677914,6.523358,6.847782,5.556055
1979-07-21 12:00:00,2.4788744,3.1507225,3.6790054,4.7483506,6.2764277,3.3060746
1979-07-22 12:00:00,2.403957,2.5134125,3.6446633,5.142048,3.8915255,4.7427893
1979-07-23 12:00:00,2.388716,3.0137005,3.6703002,5.903754,5.5400977,5.92645
1979-07-24 12:00:00,2.480408,2.9709978,3.8883348,4.3429165,4.111141,3.261287
1979-07-25 12:00:00,2.7727737,2.6702192,3.0375721,3.504671,3.465501,2.2638085
1979-07-26 12:00:00,3.9026327,3.4357276,3.6486673,3.5614574,2.9016554,2.6240304
1979-07-27 12:00:00,4.093867,3.9438672,3.2226968,4.3790855,3.2866802,3.2119906
1979-07-28 12:00:00,3.387721,3.1877391,3.4245172,4.138823,2.9495668,3.2332773
1979-07-29 12:00:00,1.7665573,1.7890463,3.5904343,3.5014193,3.8965037,2.4294052
1979-07-30 12:00:00,2.7689044,2.5091476,2.8906963,3.01547,4.2893753,1.8509415
1979-07-31 12:00:00,4.1111927,4.206202,5.148542,4.075661,4.2313776,4.084303
1979-08-01 12:00:00,3.0553532,2.6722906,5.2956905,3.3403392,3.9202728,3.6153066
1979-08-02 12:00:00,1.749698,2.047366,4.712425,2.9772751,3.3359418,3.8210883
1979-08-03 12:00:00,4.4290686,4.4545593,6.519434,4.277096,3.3456845,5.7798715
1979-08-04 12:00:00,4.0237765,3.467515,4.948655,3.9892113,4.4969277,4.354948
1979-08-05 12:00:00,1.9433476,2.391214,4.1459236,5.3043337,4.6601577,3.6423163
1979-08-06 12:00:00,4.4285645,4.6091943,6.060642,6.121332,7.077071,6.1647277
1979-08-07 12:00:00,3.4430707,3.6088705,3.2430384,4.379871,5.548491,2.9325519
1979-08-08 12:00:00,1.9798436,1.8368263,2.5089397,2.8328614,5.4846835,2.0559044
1979-08-09 12:00:00,1.9745252,2.644005,4.4701333,2.925539,5.8993516,4.2564507
1979-08-10 12:00:00,3.6114943,3.7020671,5.553026,4.9138384,4.764457,5.442894
1979-08-11 12:00:00,4.2981744,4.3061805,7.165572,5.653337,5.0054336,7.635297
1979-08-12 12:00:00,4.34606,4.2621083,6.1788316,7.1845465,6.1512694,6.9403205
1979-08-13 12:00:00,4.070722,4.1835055,6.33558,5.4716244,5.243076,5.4520764
1979-08-14 12:00:00,5.2853847,5.4908137,8.048651,9.992675,7.775298,8.552615
1979-08-15 12:00:00,2.986258,3.1360343,4.9766603,5.4148517,7.274859,3.790395
1979-08-16 12:00:00,2.833976,2.6928704,4.0773225,3.2870533,6.655568,3.521256
1979-08-17 12:00:00,3.3613424,3.041055,4.8052993,4.5158973,4.077314,5.2769814
1979-08-18 12:00:00,4.2170367,4.540521,6.7277093,7.9449778,6.439562,7.6170616
1979-08-19 12:00:00,4.1146274,3.9425313,5.6242476,7.0323386,4.7049003,6.4976873
1979-08-20 12:00:00,3.6681266,3.4944289,6.304451,4.599098,4.76165,5.148796
1979-08-21 12:00:00,4.7622466,4.6053824,8.105603,5.595829,5.640779,6.822401
1979-08-22 12:00:00,5.4206805,5.908493,6.8802776,7.4365005,6.365647,6.023118
1979-08-23 12:00:00,4.8510466,4.3944616,7.1805453,4.7234645,5.4021845,4.2717776
1979-08-24 12:00:00,4.5608015,4.2523003,7.293413,6.994207,4.192512,6.2502656
1979-08-25 12:00:00,2.4919782,2.6244354,3.2905927,7.9062147,6.9155607,4.635361
1979-08-26 12:00:00,2.7091353,2.4084692,5.5566463,4.8581324,5.8024035,4.0858297
1979-08-27 12:00:00,5.0241456,5.859213,7.024113,9.29786,9.997716,7.127529
1979-08-28 12:00:00,5.6239643,6.59293,7.2505436,9.879755,10.567117,7.113833
1979-08-29 12:00:00,2.6483748,3.341233,3.4755664,4.36971,6.5454745,2.5689955
1979-08-30 12:00:00,1.8690966,2.397611,4.886175,5.2333236,6.4711347,5.050907
1979-08-31 12:00:00,3.151947,2.974164,4.456325,5.699203,7.541564,4.907802
1979-09-01 12:00:00,2.4550905,2.6998022,5.436853,5.987635,5.4021997,5.009449
1979-09-02 12:00:00,3.4899676,3.66108,5.9524145,7.1855993,6.0730205,6.7276163
1979-09-03 12:00:00,5.8149514,5.5947833,7.4486284,7.599164,6.7426043,7.0786476
1979-09-04 12:00:00,3.9013824,4.1609135,6.795076,9.21646,6.828757,6.7899365
1979-09-05 12:00:00,3.2987382,3.418441,5.6502905,7.7998686,7.8777966,6.767226
1979-09-06 12:00:00,4.746253,4.5907984,5.667837,6.809332,6.878708,7.8087687
1979-09-07 12:00:00,4.099317,3.4109573,4.489748,4.6800094,6.7545843,5.681948
1979-09-08 12:00:00,3.5099032,3.331218,3.3506064,5.601814,7.3665876,4.769422
1979-09-09 12:00:00,2.939885,3.142562,3.3158946,6.311187,5.645855,3.1855404
1979-09-10 12:00:00,2.8180175,2.5972676,4.8491645,5.722415,4.2700477,2.611938
1979-09-11 12:00:00,3.9878356,3.3952818,5.5030622,7.059294,4.4147882,4.4478087
1979-09-12 12:00:00,2.5627904,2.6958468,3.865392,6.7830987,4.580878,3.0019
1979-09-13 12:00:00,2.771623,2.8402934,4.890769,8.359584,4.564754,5.2593474
1979-09-14 12:00:00,3.7078927,3.922572,6.39277,7.775815,5.906459,6.0683837
1979-09-15 12:00:00,4.093797,4.1406918,6.180708,5.9529753,10.457591,5.095025
1979-09-16 12:00:00,2.6383922,3.070845,3.3262534,5.37286,7.9627013,3.3869898
1979-09-17 12:00:00,1.13723,1.7236567,5.272996,4.7308903,11.705409,3.0542638
1979-09-18 12:00:00,1.419487,1.603492,2.7572234,5.0383,10.696959,2.365019
1979-09-19 12:00:00,3.1833065,3.0854352,8.442741,4.6855893,8.810445,4.9578977
1979-09-20 12:00:00,4.6914105,3.790956,7.0724535,3.9549475,6.8535643,4.381673
1979-09-21 12:00:00,3.025425,2.7765179,3.885087,3.3389504,3.9218967,3.3787174
1979-09-22 12:00:00,2.1959875,1.8936145,5.4062343,3.8781753,2.5038095,3.378137
1979-09-23 12:00:00,2.8381574,2.5357802,4.1259885,3.8692756,4.3421116,3.2370424
1979-09-24 12:00:00,2.4722178,2.1133494,4.9532905,5.06262,5.400683,3.870349
1979-09-25 12:00:00,3.6049914,3.7232525,6.9591184,7.486925,7.940349,6.1002636
1979-09-26 12:00:00,4.640623,5.087864,6.9147663,8.85384,10.528975,7.2555747
1979-09-27 12:00:00,3.9598358,4.080323,6.849118,7.6770506,9.103885,6.4491906
1979-09-28 12:00:00,3.883946,3.954868,6.2184787,9.135949,7.251913,7.2200227
1979-09-29 12:00:00,2.145997,2.481491,3.692827,7.1078534,9.222386,4.648664
1979-09-30 12:00:00,2.9881208,3.316936,5.71782,8.840956,7.4903626,7.6663127
1979-10-01 12:00:00,4.8717046,4.9903502,6.793589,9.850567,7.9668818,8.08091
1979-10-02 12:00:00,5.4030023,5.6778016,8.441766,9.91181,9.399785,8.519891
1979-10-03 12:00:00,3.400776,3.32923,3.9903238,7.3669105,11.009623,4.098893
1979-10-04 12:00:00,1.7579498,1.648203,3.3495228,4.004122,8.364351,3.5201747
1979-10-05 12:00:00,2.2255044,2.1834476,8.386101,4.7110667,5.9030113,4.5635996
1979-10-06 12:00:00,3.9291775,4.1122565,5.5129094,6.0438004,4.9600043,5.0070634
1979-10-07 12:00:00,3.0446153,2.85591,3.8316467,4.4773455,7.7684865,1.9897696
1979-10-08 12:00:00,5.007127,4.708663,6.6867433,4.2650585,9.201309,4.023156
1979-10-09 12:00:00,3.761029,4.506755,8.313839,7.7192144,7.4953647,8.948283
1979-10-10 12:00:00,3.9390106,4.789645,8.605887,8.847586,7.4060626,9.574718
1979-10-11 12:00:00,3.943002,3.9075735,6.5913754,5.582373,5.7529454,6.2829914
1979-10-12 12:00:00,4.6431527,4.624114,8.264087,8.194423,4.7386312,7.720666
1979-10-13 12:00:00,5.0604324,4.7508416,8.100911,5.5280585,5.682946,8.305104
1979-10-14 12:00:00,3.6784868,3.180797,6.327769,4.829347,5.52323,5.281072
1979-10-15 12:00:00,3.246584,3.0075004,7.2774806,5.5697403,5.4326973,6.4538665
1979-10-16 12:00:00,4.72173,4.318421,9.241443,6.374129,4.320422,7.9886084
1979-10-17 12:00:00,3.144105,3.4301233,4.4224567,5.163042,4.432667,4.171973
1979-10-18 12:00:00,1.5189217,1.5136522,5.1291943,3.8762248,5.517046,3.8443599
1979-10-19 12:00:00,1.7818632,1.7368144,3.2582433,4.4778275,5.854826,2.8789952
1979-10-20 12:00:00,2.1517606,2.464838,3.65616,5.647222,5.141412,4.191516
1979-10-21 12:00:00,2.3610892,3.0601373,6.0247,6.068947,6.1038184,6.171783
1979-10-22 12:00:00,2.1625745,2.406062,5.040861,5.3086066,3.976029,5.3865857
1979-10-23 12:00:00,3.1404715,3.175556,6.190988,4.9256516,4.6148996,5.728615
1979-10-24 12:00:00,3.7936265,3.1947253,7.0960083,4.670432,5.075438,5.4193273
1979-10-25 12:00:00,2.57721,2.120299,5.1128006,3.8004217,5.0978866,3.5876796
1979-10-26 12:00:00,0.5833016,1.0958923,6.045977,5.364329,5.0791564,3.963938
1979-10-27 12:00:00,4.239862,4.2527924,5.6578298,5.4039397,5.2168775,4.6989555
1979-10-28 12:00:00,3.411437,3.432596,3.9223108,4.6848626,5.993005,3.1155775
1979-10-29 12:00:00,3.2406273,3.9199917,11.167051,10.577569,9.63535,11.105707
1979-10-30 12:00:00,4.9573693,5.529848,8.475819,11.532107,11.5402155,9.006217
1979-10-31 12:00:00,3.7055106,3.9947233,6.753148,9.143285,7.999874,6.6232266
1979-11-01 12:00:00,5.4997096,5.234623,9.648417,8.690403,7.4362726,9.472824
1979-11-02 12:00:00,4.1220045,4.0454235,6.8077435,10.054993,7.2225437,8.201967
1979-11-03 12:00:00,5.5479136,4.697116,7.766183,7.2455573,5.982875,5.974336
1979-11-04 12:00:00,4.2118306,3.853013,6.5055556,4.576558,4.899372,4.382592
1979-11-05 12:00:00,2.8435528,3.3273776,5.1878037,9.61561,6.090314,4.699996
1979-11-06 12:00:00,4.7158585,3.7391536,7.5941267,4.262607,7.033144,4.077966
1979-11-07 12:00:00,3.7453482,3.3919277,4.18091,3.2885544,3.3097374,3.6429574
1979-11-08 12:00:00,1.5956161,2.1026652,7.323483,5.4541206,3.445625,7.3564024
1979-11-09 12:00:00,5.2052536,5.752186,11.429342,11.574918,6.609917,11.716982
1979-11-10 12:00:00,3.5314472,3.6645746,7.063336,7.7988772,8.290403,7.023654
1979-11-11 12:00:00,4.790255,5.062124,8.413054,8.859179,5.1188436,8.29122
1979-11-12 12:00:00,1.4971302,1.8011624,2.7478263,3.781954,5.773821,3.9125004
1979-11-13 12:00:00,3.216347,3.029233,6.352657,6.685325,6.972758,5.7062345
1979-11-14 12:00:00,5.107528,4.749915,8.258041,8.637296,8.166863,7.942207
1979-11-15 12:00:00,4.6505213,4.244656,7.7999163,5.763143,7.316501,6.760794
1979-11-16 12:00:00,4.7793794,4.4196477,7.999124,6.4561267,5.6865225,7.4639773
1979-11-17 12:00:00,5.9225655,6.925044,9.339423,10.639285,11.358075,9.844197
1979-11-18 12:00:00,6.880314,6.3454227,11.957369,8.641214,7.609469,10.471508
1979-11-19 12:00:00,6.3226666,5.9729843,8.485769,7.3632426,7.7852893,5.0531263
1979-11-20 12:00:00,5.03814,4.1026073,7.201263,4.891174,7.0180087,5.2154746
1979-11-21 12:00:00,2.7970948,2.5631137,5.1049466,4.9279275,5.299828,3.1485722
1979-11-22 12:00:00,2.5991247,2.569367,2.8717766,4.609943,5.486177,2.800329
1979-11-23 12:00:00,1.6886218,1.6343459,5.0015316,3.804468,7.275338,3.176371
1979-11-24 12:00:00,2.555388,2.58661,4.305558,5.366321,7.228291,2.966081
1979-11-25 12:00:00,2.182393,3.0513382,4.128995,8.725433,6.0104156,4.5190415
1979-11-26 12:00:00,1.5484942,2.192981,2.8036478,6.0581355,5.7640996,2.5807173
1979-11-27 12:00:00,1.1581113,1.3197494,5.4181776,5.5023675,5.046944,4.945011
1979-11-28 12:00:00,4.4843373,4.5453453,8.584954,9.182582,7.096931,8.6001625
1979-11-29 12:00:00,4.1730876,4.0422635,8.882584,8.980356,6.859702,8.325235
1979-11-30 12:00:00,4.829241,4.5698576,8.072827,7.806092,5.780953,6.919034
1979-12-01 12:00:00,4.5496373,4.488586,10.110156,9.654698,6.4353614,9.58952
1979-12-02 12:00:00,3.8318102,3.9021668,10.999715,8.763013,5.0372987,9.019893
1979-12-03 12:00:00,4.6185145,5.0340266,10.226272,7.9257936,6.319653,8.990965
1979-12-04 12:00:00,3.8695793,4.154653,5.698975,6.8966002,7.7334685,4.645606
1979-12-05 12:00:00,2.299271,2.3768826,3.789785,4.9042645,5.236678,3.2014334
1979-12-06 12:00:00,2.9568932,3.287068,8.790732,10.413911,8.029649,9.688002
1979-12-07 12:00:00,5.319847,5.0695696,8.812392,9.518478,8.108747,8.497351
1979-12-08 12:00:00,5.533562,5.8313537,9.585133,12.070778,8.453086,11.384842
1979-12-09 12:00:00,4.6501484,4.567726,6.52239,9.354496,10.274965,6.5647197
1979-12-10 12:00:00,3.4853826,3.8629465,5.670805,9.816019,12.29223,6.1904016
1979-12-11 12:00:00,4.3595443,4.59699,8.604615,11.29661,7.7697053,8.714137
1979-12-12 12:00:00,4.7637076,5.2572117,8.998254,10.200781,7.9478273,8.560937
1979-12-13 12:00:00,4.5925136,4.6740766,9.733957,8.022923,3.9784238,8.917424
1979-12-14 12:00:00,2.133669,2.3373282,4.605165,4.2291493,4.314784,4.081244
1979-12-15 12:00:00,1.3221473,1.7612741,3.27683,3.9628074,3.5106115,3.0195727
1979-12-16 12:00:00,1.3902625,1.7770789,3.3922408,5.985639,7.2436423,4.2287006
1979-12-17 12:00:00,1.3410735,1.3674136,3.7146187,4.8559246,4.614603,4.3077316
1979-12-18 12:00:00,1.0464455,1.2300829,3.070906,3.945206,5.6953626,3.1131666
1979-12-19 12:00:00,1.5717577,1.8693615,3.9689026,4.202131,4.025365,3.6906967
1979-12-20 12:00:00,3.940859,4.3673267,10.33114,9.442129,7.5513644,8.779428
1979-12-21 12:00:00,4.5837245,5.223947,12.690124,11.701091,8.870173,11.933446
1979-12-22 12:00:00,3.4398918,3.72296,6.761173,10.255405,10.091654,7.495565
1979-12-23 12:00:00,2.1070495,1.8762165,6.882077,7.2291207,8.27841,6.574947
1979-12-24 12:00:00,2.9669878,3.3743038,6.9784007,9.894765,7.939562,8.969199
1979-12-25 12:00:00,3.9094684,4.4479065,6.5124106,8.713859,10.893541,7.4121833
1979-12-26 12:00:00,4.5952516,4.242311,6.4407816,7.2784224,5.925547,5.3610973
1979-12-27 12:00:00,4.784143,3.9229033,9.393729,6.986233,10.340298,5.934496
1979-12-28 12:00:00,3.2275517,2.5797753,8.950625,4.8987527,11.399762,4.9451203
1979-12-29 12:00:00,2.394025,1.9653736,7.4507675,4.982085,10.100558,3.7090206
1979-12-30 12:00:00,1.4772353,1.5107574,5.50168,3.4499638,9.304574,2.4836028
1979-12-31 12:00:00,2.4620955,1.9622272,4.311369,2.870594,6.075083,2.0167258
1980-01-01 12:00:00,1.7627267,1.5316371,4.612553,2.7428524,6.8461375,2.6475108
1980-01-02 12:00:00,0.981585,1.0957402,4.6443667,2.9620538,8.541084,2.8499157
1980-01-03 12:00:00,1.4858785,1.3910033,6.4437056,4.2461734,9.426765,4.5665174
1980-01-04 12:00:00,1.7895082,1.743956,7.8379445,3.9343336,4.262384,4.6683974
1980-01-05 12:00:00,1.6152971,2.0112364,7.03148,4.5506816,3.8612325,5.284831
1980-01-06 12:00:00,1.1290234,1.1573942,5.970816,3.6605473,5.691278,3.756141
1980-01-07 12:00:00,2.504554,2.4862976,6.592048,6.1072845,6.4215302,4.3028936
1980-01-08 12:00:00,1.1601129,1.7196285,5.5811625,5.977763,6.5734353,5.0403514
1980-01-09 12:00:00,2.1820993,1.8164212,6.8818173,4.6871624,4.5906954,4.3894305
1980-01-10 12:00:00,3.3554373,2.4623435,4.817658,4.978887,6.237205,2.3238034
1980-01-11 12:00:00,2.5606306,2.2617447,5.097738,3.9968643,5.9879494,4.0428367
1980-01-12 12:00:00,1.1943634,1.7931157,6.1220384,8.798707,6.3934045,6.3806067
1980-01-13 12:00:00,1.6341928,2.2356162,7.2724338,9.368606,8.83586,7.429313
1980-01-14 12:00:00,1.3513113,1.5850016,6.9312987,8.069962,7.256532,7.46625
1980-01-15 12:00:00,3.3126478,3.8867705,8.321911,9.740027,7.749299,9.889088
1980-01-16 12:00:00,3.2531288,3.400237,7.023224,9.390721,9.213701,8.619184
1980-01-17 12:00:00,4.515323,4.5374966,6.7612963,10.868614,9.532948,8.305461
1980-01-18 12:00:00,6.002678,6.0188746,9.340164,14.016094,11.016764,11.2470665
1980-01-19 12:00:00,6.6019716,6.364196,9.0473795,11.659621,10.89131,9.890735
1980-01-20 12:00:00,5.910558,5.3405824,7.4051485,11.0077305,8.962404,9.235524
1980-01-21 12:00:00,4.5521317,4.0890613,8.411683,8.403906,9.317081,7.538419
1980-01-22 12:00:00,2.9939847,3.8275626,5.64169,9.583296,9.712032,6.4120517
1980-01-23 12:00:00,2.6983526,2.93503,7.5457253,6.104105,6.972793,7.0714884
1980-01-24 12:00:00,3.4799821,4.5801287,6.1122403,9.112542,5.42551,6.3327804
1980-01-25 12:00:00,2.3808572,3.3964682,5.5335226,9.456596,4.994579,5.974984
1980-01-26 12:00:00,3.0827653,3.5327716,6.9975963,8.380328,8.891857,6.6025195
1980-01-27 12:00:00,3.356317,3.8048217,7.333672,7.560631,6.437167,7.000894
1980-01-28 12:00:00,3.992932,3.5738423,7.90624,6.480409,5.1609173,5.785285
1980-01-29 12:00:00,3.9335754,3.4186966,6.8035583,6.2394233,3.858933,5.293379
1980-01-30 12:00:00,2.8362246,2.4858186,5.9298005,7.39817,7.3494644,5.126049
1980-01-31 12:00:00,3.3252316,4.361287,8.374572,11.763183,13.706683,9.509541
1980-02-01 12:00:00,6.6640267,6.4660835,9.128958,10.829238,10.640783,8.933138
1980-02-02 12:00:00,3.6983783,3.9480658,6.1415205,8.100846,13.512773,5.94108
1980-02-03 12:00:00,2.9788136,3.119774,4.2759995,6.319223,9.269339,3.5913584
1980-02-04 12:00:00,4.4301896,4.755888,7.2636123,10.884739,10.852572,9.047862
1980-02-05 12:00:00,3.5331001,3.977406,6.611236,10.996895,11.752603,7.878419
1980-02-06 12:00:00,2.8707485,2.904506,6.2599883,6.7703314,8.162884,5.3251915
1980-02-07 12:00:00,2.758897,3.3251314,6.138825,8.592736,4.986176,6.8732576
1980-02-08 12:00:00,2.4552844,2.2223213,5.5205574,8.797243,9.941437,6.685838
1980-02-09 12:00:00,2.2505946,2.6015484,5.375972,8.369841,9.901365,6.5406933
1980-02-10 12:00:00,4.595062,4.7684083,6.807874,8.289383,9.495865,7.4607453
1980-02-11 12:00:00,3.5487583,3.7994804,6.0055704,10.097698,8.708254,7.3524904
1980-02-12 12:00:00,4.1024113,3.5632124,6.3715487,5.4688134,10.662382,4.1602693
1980-02-13 12:00:00,5.159567,4.434325,7.3519487,4.433253,5.3935313,6.381492
1980-02-14 12:00:00,4.9566216,4.5326815,4.9367013,6.615077,8.93729,4.082442
1980-02-15 12:00:00,2.9276717,2.8112268,3.9767542,5.0322137,4.334161,3.6294467
1980-02-16 12:00:00,2.5388098,2.4057732,6.680131,6.501873,7.6696334,5.692985
1980-02-17 12:00:00,3.9535208,3.8037689,5.331277,6.1731443,6.5627036,4.6870294
1980-02-18 12:00:00,3.2455685,3.3876836,5.7608266,4.2188087,5.713372,3.9639432
1980-02-19 12:00:00,2.8054745,2.9681191,7.449734,8.06662,10.246503,7.719515
1980-02-20 12:00:00,4.8535914,4.920653,9.625423,7.937313,11.430381,8.8284025
1980-02-21 12:00:00,3.6462212,3.1813712,5.4896936,6.381338,9.18429,3.9744701
1980-02-22 12:00:00,2.5648477,3.0967917,6.4665895,7.6061063,9.222612,6.6031747
1980-02-23 12:00:00,1.8154278,2.3600836,3.6470695,6.2877054,6.552151,4.4482355
1980-02-24 12:00:00,1.7764821,2.061491,4.2491283,9.418569,7.459847,4.8215566
1980-02-25 12:00:00,2.2667673,2.8090801,4.8902645,4.8777037,6.972244,4.953156
1980-02-26 12:00:00,2.7070305,2.4164538,3.5534523,1.9442104,3.7160625,2.8313136
1980-02-27 12:00:00,1.8813887,1.6757312,4.3339114,2.4254782,4.816724,2.440985
1980-02-28 12:00:00,1.5361402,1.9428624,2.680215,2.0482664,5.9631414,2.7280395
1980-02-29 12:00:00,1.5436734,1.611248,2.2901413,2.6248844,5.843516,1.8522584
1980-03-01 12:00:00,1.6176752,1.7511526,1.9370106,3.3010025,5.696923,1.4908752
1980-03-02 12:00:00,1.3239075,1.8743896,2.2949362,4.2423234,3.6845543,1.9661213
1980-03-03 12:00:00,1.6747364,2.322606,2.816279,5.718045,5.9230742,2.3971798
1980-03-04 12:00:00,2.5342674,2.8741424,3.461834,5.8716555,7.1432743,3.724171
1980-03-05 12:00:00,1.7282573,1.8253212,5.6373343,2.887363,5.3212657,3.6318257
1980-03-06 12:00:00,1.525885,1.8374262,7.4465313,3.3351076,4.9136796,4.0195556
1980-03-07 12:00:00,2.1314895,2.4525478,8.592152,4.1004844,4.2643976,4.758256
1980-03-08 12:00:00,2.7915065,2.5746055,5.910384,3.2914572,4.7498655,3.4713633
1980-03-09 12:00:00,3.3558235,2.9943273,4.435438,5.1357665,7.548997,2.6923003
1980-03-10 12:00:00,3.5329254,2.7487352,4.842596,6.3930097,7.766982,4.1545353
1980-03-11 12:00:00,1.6061406,1.8135204,4.688379,6.758054,7.2158155,5.3042245
1980-03-12 12:00:00,1.586677,2.0286078,2.9515688,5.0237164,7.130853,3.2633667
1980-03-13 12:00:00,1.6678883,2.2010148,5.627103,7.4086266,10.814779,6.238993
1980-03-14 12:00:00,1.8603548,2.3501706,6.4206758,5.6965632,9.484367,5.985581
1980-03-15 12:00:00,1.278449,1.6787997,5.5650563,3.188243,6.5659447,3.694192
1980-03-16 12:00:00,1.871153,2.0700033,7.294093,4.765669,4.6143746,5.1650395
1980-03-17 12:00:00,1.4828457,1.9954182,5.161873,5.254511,4.873221,5.042577
1980-03-18 12:00:00,2.456876,2.6046252,4.631376,7.9379716,5.8591075,6.606503
1980-03-19 12:00:00,5.2569094,4.936556,7.0200834,9.641644,7.774096,9.032712
1980-03-20 12:00:00,4.0767365,4.358875,5.432115,8.1964035,7.702718,5.592573
1980-03-21 12:00:00,2.1910107,2.8753462,2.4450881,5.0207043,6.680011,4.0012236
1980-03-22 12:00:00,2.0737069,2.2879589,4.946918,4.3464284,5.1141176,5.1521344
1980-03-23 12:00:00,3.7498815,3.4856615,5.1651325,5.2239857,5.265536,5.3688054
1980-03-24 12:00:00,1.6303552,1.5216572,2.4481456,3.2293856,6.6115694,1.8179328
1980-03-25 12:00:00,1.2849911,1.6076357,2.5106676,4.0447745,5.7029176,2.0957122
1980-03-26 12:00:00,2.0698555,1.9660765,3.3639483,3.6868916,7.418494,2.2277944
1980-03-27 12:00:00,1.8029857,1.5659025,3.674073,3.225622,5.9330525,1.900768
1980-03-28 12:00:00,2.661709,2.2608802,5.374089,3.546076,4.416807,2.9411767
1980-03-29 12:00:00,3.4707615,3.334598,6.93217,4.414509,6.503855,4.042092
1980-03-30 12:00:00,3.5237112,3.600016,7.996589,4.4878683,7.7729745,4.851328
1980-03-31 12:00:00,2.1817522,2.4097738,6.544189,2.8615139,6.1307592,3.3201754
1980-04-01 12:00:00,1.8348805,2.2896566,6.319275,3.9802198,5.2249756,3.7527735
1980-04-02 12:00:00,1.2882078,1.7086061,4.13008,3.8054755,7.99086,2.2891464
1980-04-03 12:00:00,1.489713,1.2387094,3.0966723,2.9692812,7.973852,1.1996262
1980-04-04 12:00:00,1.4202213,1.3821887,2.0864666,2.7841377,7.784005,1.2780327
1980-04-05 12:00:00,1.3498745,1.3241994,2.0165572,2.4616354,6.012768,1.5816524
1980-04-06 12:00:00,1.7734765,1.3225473,2.198404,2.0400114,5.6197095,1.6294243
1980-04-07 12:00:00,1.6583679,1.592488,3.8428314,2.620352,5.652041,2.3756752
1980-04-08 12:00:00,2.1299791,2.3075166,4.9661965,3.8184147,8.775535,3.0337799
1980-04-09 12:00:00,1.1132624,1.347625,3.2295015,5.5925164,9.855733,2.202162
1980-04-10 12:00:00,1.1869768,1.2931747,2.9861917,3.3682466,9.231274,1.992718
1980-04-11 12:00:00,2.077938,1.987162,4.4365807,2.8697903,5.510618,2.8371432
1980-04-12 12:00:00,1.4116974,1.7669535,4.2896833,3.0544324,3.8559601,2.38519
1980-04-13 12:00:00,0.8741188,1.005344,3.2531512,2.571711,5.005567,1.9553626
1980-04-14 12:00:00,1.308587,1.2501242,2.4506443,3.0112505,7.8991017,1.8390315
1980-04-15 12:00:00,1.740357,1.8636572,2.5087163,5.9096313,7.8362145,2.5823193
1980-04-16 12:00:00,4.6499214,4.0190277,4.236587,6.8385234,5.609877,3.6997705
1980-04-17 12:00:00,3.395713,3.734838,6.305449,4.562678,3.970115,3.8989942
1980-04-18 12:00:00,2.0402198,2.2147624,6.166718,3.945919,5.946952,2.9507065
1980-04-19 12:00:00,2.5419776,2.8171003,7.499557,4.983551,3.6866286,4.782794
1980-04-20 12:00:00,4.0835466,4.2999115,6.0619874,6.9804897,7.2934394,6.6851563
1980-04-21 12:00:00,3.5225198,3.9388378,6.4617553,5.907659,7.128786,7.191283
1980-04-22 12:00:00,3.1737533,3.0052605,4.074196,4.456901,5.036635,3.441238
1980-04-23 12:00:00,2.3692539,2.258996,3.5714242,4.1591544,8.529786,2.409919
1980-04-24 12:00:00,2.034514,2.3093193,3.527872,5.6181903,6.67328,2.9596887
1980-04-25 12:00:00,1.8523144,2.1288533,2.5890472,6.1240726,6.3508945,2.995087
1980-04-26 12:00:00,3.5615575,4.82233,7.9057026,7.3028765,5.1824174,9.688455
1980-04-27 12:00:00,6.181273,6.484455,10.105517,9.255168,5.57003,9.209903
1980-04-28 12:00:00,4.190581,4.162291,6.992991,6.636059,5.8790336,6.3036313
1980-04-29 12:00:00,3.1826787,3.3088121,3.3301923,6.7644973,6.1801295,3.78242
1980-04-30 12:00:00,4.843813,4.689788,4.454774,3.839266,5.517836,4.8832455
1980-05-01 12:00:00,2.3661206,2.571809,3.7019362,3.906067,4.6709776,3.5782652
1980-05-02 12:00:00,2.3268733,2.55785,4.081396,3.2093263,4.966332,3.9311032
1980-05-03 12:00:00,1.7626992,2.515893,5.5317216,5.0531673,4.7209406,6.2258124
1980-05-04 12:00:00,3.7375367,3.151107,4.051695,3.9011707,5.3061047,3.102262
1980-05-05 12:00:00,4.3515687,3.8765862,5.4627914,3.762015,4.277778,3.635848
1980-05-06 12:00:00,3.5325193,3.8076534,5.486696,4.186543,7.494634,4.72533
1980-05-07 12:00:00,1.6264281,2.1946723,3.214713,4.774413,5.3123994,4.46001
1980-05-08 12:00:00,1.84585,1.8167427,2.4982061,3.1485667,5.1707053,2.2409778
1980-05-09 12:00:00,2.3254604,1.897841,2.3955195,3.713485,7.534639,2.687247
1980-05-10 12:00:00,1.5380408,1.6112173,2.4831922,3.8927345,5.5763807,2.584351
1980-05-11 12:00:00,1.4170982,1.4030877,2.6414785,3.23739,3.7850068,2.0012102
1980-05-12 12:00:00,2.1852107,1.8055061,2.4627113,3.118847,4.9889827,1.8305178
1980-05-13 12:00:00,1.655995,2.2221575,2.7689593,2.5789692,4.267467,2.4242287
1980-05-14 12:00:00,2.1818705,2.1006894,5.1908755,2.8087308,5.1300607,3.034633
1980-05-15 12:00:00,2.4574292,2.4171073,6.52444,2.2609236,5.0241027,3.8774586
1980-05-16 12:00:00,2.6069167,3.4124787,5.9642973,4.19705,4.1932645,5.9866366
1980-05-17 12:00:00,2.3333788,2.8526309,5.1361456,4.442001,5.357231,5.3229957
1980-05-18 12:00:00,2.7746208,3.0980093,5.191772,4.003995,6.124328,4.8425097
1980-05-19 12:00:00,3.946188,3.7698133,4.398135,4.471017,7.749294,4.885964
1980-05-20 12:00:00,3.8428814,4.2272253,2.853362,4.520598,6.4110174,2.8161924
1980-05-21 12:00:00,2.4558978,2.771916,4.0429707,3.6635013,6.164143,3.4539468
1980-05-22 12:00:00,2.3452454,2.4385948,3.5536814,5.620247,6.8064704,4.418587
1980-05-23 12:00:00,1.6928916,1.7862364,4.3261127,3.4977572,5.9803615,3.1560442
1980-05-24 12:00:00,2.6224692,2.6198053,5.5752506,3.764193,5.0305057,3.799296
1980-05-25 12:00:00,3.4541314,3.4017508,3.4219794,3.395124,5.3697977,3.8878243
1980-05-26 12:00:00,2.9304945,3.0050828,3.3139954,3.4594889,4.6768246,3.5596936
1980-05-27 12:00:00,4.0386996,4.155901,4.693996,7.223801,5.140856,6.2703967
1980-05-28 12:00:00,1.7584126,2.2882268,5.8554516,5.085399,5.5430417,4.919117
1980-05-29 12:00:00,3.7719247,3.962348,7.0440774,5.5431504,4.771647,7.396831
1980-05-30 12:00:00,3.386298,3.90221,4.2141895,4.674965,5.1627607,4.5698557
1980-05-31 12:00:00,2.7339227,3.5441043,3.1097317,4.5729713,6.4563403,4.1787567
1980-06-01 12:00:00,2.651114,2.6435585,2.3045359,3.5801966,7.078217,2.027858
1980-06-02 12:00:00,1.226709,1.5732781,2.4755657,3.6216998,5.6017814,2.5968952
1980-06-03 12:00:00,2.3602653,2.8504426,3.4059274,4.841493,6.179457,2.8454309
1980-06-04 12:00:00,2.1593955,2.5811846,2.7974687,3.9207451,7.246996,2.3479197
1980-06-05 12:00:00,2.2779748,2.5466328,3.3338487,5.1181607,5.736497,3.6700342
1980-06-06 12:00:00,4.5058913,4.76295,6.0655923,6.2865005,5.2383256,5.201707
1980-06-07 12:00:00,4.18047,4.6096234,6.059948,5.936906,6.1171174,5.239851
1980-06-08 12:00:00,4.288512,4.3431163,7.405189,6.1401944,5.444844,6.8580127
1980-06-09 12:00:00,2.7864919,3.0244915,4.369541,4.1843185,4.440732,3.3571074
1980-06-10 12:00:00,4.75732,4.9229617,5.1131763,7.2172527,4.601519,6.3395
1980-06-11 12:00:00,5.2545877,5.662838,5.7111864,5.338148,3.6699948,5.215041
1980-06-12 12:00:00,4.32993,3.8666372,3.256875,3.399586,3.6208348,2.0166268
1980-06-13 12:00:00,3.0595546,2.4986207,3.4570146,3.0886633,3.8554888,3.3058496
1980-06-14 12:00:00,1.762802,2.0344174,4.256423,2.70364,3.2703726,3.6807554
1980-06-15 12:00:00,2.4054096,2.6009858,3.6227126,4.0306067,3.9713213,3.7601223
1980-06-16 12:00:00,2.1795123,2.6846218,3.8928366,3.3340063,5.552548,3.3044753
1980-06-17 12:00:00,2.2910857,2.1897533,3.1458921,2.8917177,3.7582188,3.0579453
1980-06-18 12:00:00,2.211519,2.1813939,4.592487,3.743952,2.845504,3.8724804
1980-06-19 12:00:00,3.6990592,3.7689667,5.358026,3.5521986,4.1842303,3.632147
1980-06-20 12:00:00,4.8365583,4.700543,6.565373,4.8240924,3.770242,5.9624257
1980-06-21 12:00:00,3.927275,3.6585789,4.69615,4.6389112,3.333411,3.6236165
1980-06-22 12:00:00,1.8476388,1.7913595,3.5619967,3.2944593,3.5386524,2.975762
1980-06-23 12:00:00,3.1909294,2.64905,3.721408,2.8273687,3.5753267,3.1650705
1980-06-24 12:00:00,4.1169257,3.134137,3.0784621,3.2497313,4.2925873,3.121287
1980-06-25 12:00:00,3.0731192,2.7443783,2.40094,3.2038145,3.8136516,2.894958
1980-06-26 12:00:00,2.4076974,2.3955884,3.4345188,3.2918181,3.8810837,3.154931
1980-06-27 12:00:00,2.9392796,2.960395,4.0892076,3.3988078,4.649875,3.6382384
1980-06-28 12:00:00,1.961983,2.126714,3.7575066,4.0600114,3.855768,4.2249055
1980-06-29 12:00:00,2.0349958,2.5015037,5.741815,4.5019937,4.4937487,4.5521903
1980-06-30 12:00:00,4.052793,4.152587,5.0610538,6.230791,5.9954567,4.6924343
1980-07-01 12:00:00,3.2153895,3.611977,5.6175346,7.149997,5.4928126,6.934955
1980-07-02 12:00:00,3.9423523,3.8844163,5.0125065,4.573148,5.9629736,4.6813064
1980-07-03 12:00:00,4.2470756,3.8893294,4.599135,3.3226497,5.298149,3.2229166
1980-07-04 12:00:00,2.94225,3.758825,3.9910288,4.0920205,4.398587,4.0696564
1980-07-05 12:00:00,2.5364857,1.9951382,3.6897619,2.5840075,5.9080315,2.553363
1980-07-06 12:00:00,1.1669122,1.4006577,2.752014,2.1888218,4.1212387,2.15912
1980-07-07 12:00:00,1.6159344,1.6051488,2.5042171,2.131809,3.5162423,1.9995413
1980-07-08 12:00:00,2.3282576,2.1331837,2.3581774,3.0006657,4.1801996,2.677139
1980-07-09 12:00:00,1.9301655,2.142011,2.0671651,4.0976634,5.1134787,2.693256
1980-07-10 12:00:00,2.4035811,2.2955883,2.8581476,2.9465756,5.878737,3.2516372
1980-07-11 12:00:00,3.4400213,3.2055452,4.2801323,2.8481538,3.3019435,3.23473
1980-07-12 12:00:00,2.0539734,2.375723,5.3279247,3.3158405,4.1327567,3.6657147
1980-07-13 12:00:00,2.7289953,2.5324728,4.574733,3.87042,3.5374982,4.295071
1980-07-14 12:00:00,4.2170377,4.5790176,6.9561315,6.478765,4.791245,6.9865723
1980-07-15 12:00:00,4.2325177,4.6283417,4.783161,8.355774,7.676928,5.6619754
1980-07-16 12:00:00,2.3713021,3.130255,3.0317948,4.6229515,8.006361,3.3965626
1980-07-17 12:00:00,2.9815102,2.8761892,3.5429301,3.848085,5.403717,4.0458364
1980-07-18 12:00:00,2.4569168,2.8598948,4.891263,4.9413877,4.4276567,4.833152
1980-07-19 12:00:00,3.6137555,3.4752028,5.8817587,5.0353513,6.660696,5.354658
1980-07-20 12:00:00,3.9030352,4.1091447,5.550712,4.872229,6.2865605,4.8789654
1980-07-21 12:00:00,2.5650399,2.4708917,3.1689317,2.6229978,4.625568,2.4295952
1980-07-22 12:00:00,3.1579149,2.805401,3.515771,3.4456477,4.245686,4.350282
1980-07-23 12:00:00,2.3958497,2.8601234,3.3480225,4.1401987,4.996019,3.8435576
1980-07-24 12:00:00,3.8255115,3.946294,4.9090776,6.322367,5.615775,5.670295
1980-07-25 12:00:00,3.0555594,3.0177727,3.5728915,5.14331,4.535148,4.45793
1980-07-26 12:00:00,1.8660531,1.8787445,2.5637636,3.4252203,3.8767686,3.002271
1980-07-27 12:00:00,3.692524,3.5089724,7.1381254,4.3873982,3.3082964,3.8360438
1980-07-28 12:00:00,4.170775,3.848273,5.7285843,3.8765323,3.2320573,3.7754946
1980-07-29 12:00:00,2.460679,2.0189514,3.2383497,3.234326,3.779866,2.0556886
1980-07-30 12:00:00,1.7823479,1.9647337,3.1863143,2.9240153,4.4169245,2.308392
1980-07-31 12:00:00,1.9760797,2.0972357,3.767559,3.7832978,4.063155,3.2913501
1980-08-01 12:00:00,3.0978262,2.4955146,3.1914027,3.6070716,5.050849,2.802268
1980-08-02 12:00:00,3.6174586,3.6282015,5.1578326,7.5276804,5.345257,4.801574
1980-08-03 12:00:00,4.4480195,4.094887,8.958839,8.323453,6.8509016,8.088959
1980-08-04 12:00:00,5.319771,4.8756337,7.3036075,5.8995442,7.484835,7.0845776
1980-08-05 12:00:00,2.2528403,2.890814,7.0765347,5.1833863,6.118006,6.6104584
1980-08-06 12:00:00,3.4268057,3.8119931,6.586369,5.5451417,4.1793995,4.658396
1980-08-07 12:00:00,2.2646344,3.0920072,4.922189,5.5102406,5.049384,4.2446094
1980-08-08 12:00:00,1.8372258,2.3997214,3.6131947,4.7037935,4.0007854,2.674948
1980-08-09 12:00:00,2.1443293,2.2430632,2.7272148,3.6178508,3.23939,2.6979795
1980-08-10 12:00:00,2.359669,2.5202067,4.070732,2.9395144,3.1206777,3.8534427
1980-08-11 12:00:00,1.570241,1.5329438,4.0746202,2.2933304,4.2333827,2.6264372
1980-08-12 12:00:00,1.8979632,1.6689706,4.201195,2.62838,3.5185103,2.6789696
1980-08-13 12:00:00,2.1577423,2.004273,5.5330796,3.5774164,2.840624,3.3230023
1980-08-14 12:00:00,3.5087097,3.4522047,8.5031,4.0860376,3.344542,6.275746
1980-08-15 12:00:00,4.1078577,4.1613955,4.0527773,5.5778747,4.84329,5.2453012
1980-08-16 12:00:00,1.6045597,1.7552642,5.1426625,3.6166677,5.791405,3.463521
1980-08-17 12:00:00,2.3157053,2.599856,3.663169,4.260973,3.9814332,2.7835417
1980-08-18 12:00:00,2.6107802,2.73308,4.1194324,3.4485254,5.7225947,3.8997483
1980-08-19 12:00:00,2.1979911,2.137519,2.4844441,2.985394,6.1522756,2.2860098
1980-08-20 12:00:00,2.745795,2.679108,4.347209,3.859699,5.1881137,3.4996836
1980-08-21 12:00:00,2.366496,2.102683,4.916875,2.5276515,3.7989101,2.3446596
1980-08-22 12:00:00,1.5147643,1.3679134,3.5443966,2.2033415,3.6107662,2.3493834
1980-08-23 12:00:00,1.6176082,2.260394,4.170587,3.4681234,4.445292,4.088167
1980-08-24 12:00:00,1.68015,1.5985428,3.8044584,4.0549884,4.285135,4.281237
1980-08-25 12:00:00,2.7476506,3.1292665,4.6312914,4.846303,4.3270674,5.4681826
1980-08-26 12:00:00,2.7839687,2.9748785,5.1233506,3.9224799,3.2485967,3.7292666
1980-08-27 12:00:00,5.058576,5.4321218,5.078862,6.293188,4.5664296,6.100961
1980-08-28 12:00:00,2.4004667,3.9128308,4.169444,6.469077,5.2921014,3.7971501
1980-08-29 12:00:00,3.1958134,3.5482507,4.477635,5.7664332,5.0170026,4.435067
1980-08-30 12:00:00,1.975099,2.0915937,3.4749146,3.471076,5.5806966,3.0004952
1980-08-31 12:00:00,1.5355806,1.7065566,4.265734,2.977826,5.3075004,3.4601035
1980-09-01 12:00:00,2.3623104,2.475675,4.8200774,3.1666017,4.9753966,4.05465
1980-09-02 12:00:00,2.6800463,2.3257172,4.3579326,2.692758,4.4440427,2.8069692
1980-09-03 12:00:00,3.779916,2.9168828,4.4770074,1.9183218,3.7230637,2.6431603
1980-09-04 12:00:00,5.280842,4.2681274,5.1396646,2.231246,2.371709,3.121375
1980-09-05 12:00:00,2.4852123,2.2075207,3.198408,4.27484,4.5247927,2.9356935
1980-09-06 12:00:00,1.3146085,1.8569491,3.5484953,4.1271954,6.975581,4.454088
1980-09-07 12:00:00,3.5758104,4.2820506,5.6647205,8.854074,6.441324,6.62071
1980-09-08 12:00:00,5.803759,5.8988338,5.8385024,6.046946,7.141802,5.299536
1980-09-09 12:00:00,3.435917,2.4291112,4.51064,2.9547086,5.97245,2.5237436
1980-09-10 12:00:00,2.0869098,2.2579114,6.19248,3.413033,6.898058,4.5495234
1980-09-11 12:00:00,2.8287153,3.0949006,4.522433,6.2180295,3.7950783,5.680217
1980-09-12 12:00:00,1.3602087,1.2178514,3.0278697,4.009423,3.8346484,1.6720986
1980-09-13 12:00:00,2.526765,3.0045433,4.593837,7.4576554,7.6315703,5.742938
1980-09-14 12:00:00,5.9432855,5.9675612,8.7268305,8.861567,9.2076,8.092792
1980-09-15 12:00:00,5.0791144,4.1245785,6.419246,3.5616338,9.452527,4.3233366
1980-09-16 12:00:00,2.238247,1.8389628,3.7763636,4.2204304,5.978874,2.5149872
1980-09-17 12:00:00,1.8009049,1.7450291,2.8016977,4.4934278,6.1943474,3.3592448
1980-09-18 12:00:00,2.570985,2.5241468,5.364817,5.8607306,6.1095967,6.0904956
1980-09-19 12:00:00,4.7664485,4.6181383,9.7406,6.683597,6.2455745,7.2074423
1980-09-20 12:00:00,4.1205673,4.685914,10.177092,8.349029,7.508337,8.44433
1980-09-21 12:00:00,4.654215,5.026097,8.0720825,8.007036,7.992367,8.154567
1980-09-22 12:00:00,3.123414,2.968462,5.916707,4.4139423,5.293576,4.8036857
1980-09-23 12:00:00,3.4092987,3.2803102,5.9951215,5.9353633,6.1006403,5.860576
1980-09-24 12:00:00,2.9084213,3.4879365,4.1561885,4.5718164,4.7820096,3.5542073
1980-09-25 12:00:00,2.137544,2.3569815,6.192701,5.52009,5.8716555,5.8464894
1980-09-26 12:00:00,3.784715,3.7069077,7.165474,7.6740685,6.4594264,7.296274
1980-09-27 12:00:00,3.3675,3.945339,4.618652,8.932117,6.2613306,6.0659404
1980-09-28 12:00:00,5.4339304,4.8839183,7.269106,8.354393,8.523368,6.8849335
1980-09-29 12:00:00,3.7822134,4.113483,6.6462936,9.884927,7.3681126,7.928848
1980-09-30 12:00:00,4.4669013,4.368588,7.3031316,8.970495,7.7329216,6.52592
1980-10-01 12:00:00,2.3275774,2.842562,4.7846317,5.282344,7.194974,3.9286196
1980-10-02 12:00:00,2.3862293,2.5610604,2.7465048,5.4619784,6.0382442,2.8561938
1980-10-03 12:00:00,1.9751608,2.426501,3.1867173,7.490357,5.9350705,3.9716883
1980-10-04 12:00:00,2.6092339,3.1100667,4.289157,7.0556307,5.323417,5.304789
1980-10-05 12:00:00,2.8742075,3.1617045,4.4332685,5.2299795,5.179112,5.1603513
1980-10-06 12:00:00,4.029277,3.6782157,4.6940794,5.833576,4.9969163,4.677467
1980-10-07 12:00:00,3.0333452,3.1912417,7.755753,5.672984,5.9123325,5.7599034
1980-10-08 12:00:00,1.6173482,2.1484144,7.029544,4.5110393,7.802987,4.6174793
1980-10-09 12:00:00,1.4165909,1.2498335,5.949705,3.3102126,6.854458,2.5041816
1980-10-10 12:00:00,1.9418377,2.1385434,6.1738515,6.544743,6.5542736,3.5450947
1980-10-11 12:00:00,5.4063144,4.7825756,9.428688,6.4398694,4.7091866,7.0374074
1980-10-12 12:00:00,3.6134348,3.2223842,6.904399,4.1105933,3.5336406,3.8268843
1980-10-13 12:00:00,2.3019876,1.9738598,5.58569,3.0494423,5.471044,2.1233869
1980-10-14 12:00:00,1.1397839,1.4376593,2.8844178,3.4243238,5.619148,2.7901905
1980-10-15 12:00:00,2.2197487,2.3333993,4.339094,4.2683554,4.576303,3.9455764
1980-10-16 12:00:00,2.9585688,3.1169446,4.2059107,3.663828,3.957097,3.928867
1980-10-17 12:00:00,2.1791446,2.5923865,3.3989997,4.930372,5.4247217,3.0308156
1980-10-18 12:00:00,2.106828,2.335335,3.526466,4.237545,4.1441746,2.9962094
1980-10-19 12:00:00,2.523175,3.2079837,5.2800846,8.044479,6.028792,5.442451
1980-10-20 12:00:00,2.1452606,2.7603664,5.2196307,10.076137,6.395086,5.380151
1980-10-21 12:00:00,1.643019,2.0815558,4.5336437,9.854919,9.856102,5.2421913
1980-10-22 12:00:00,1.1047652,1.6237086,3.7035012,8.496832,7.1156473,4.326869
1980-10-23 12:00:00,1.1813378,1.3812727,3.8968418,5.79403,4.6439238,3.426644
1980-10-24 12:00:00,0.86695135,1.0578411,2.2289412,3.6394122,7.0774384,2.284162
1980-10-25 12:00:00,0.9008311,0.9341906,3.2027957,2.4892511,5.530136,2.4377527
1980-10-26 12:00:00,0.8837588,0.96198756,3.9320579,3.8264256,3.9540036,2.4286993
1980-10-27 12:00:00,1.7857503,1.624172,4.0814643,5.7886424,7.670862,2.6026123
1980-10-28 12:00:00,1.3813599,1.7892609,2.5090814,4.805999,6.461949,2.391358
1980-10-29 12:00:00,1.8097011,1.9523923,2.8522012,3.9759967,4.753432,2.9809253
1980-10-30 12:00:00,3.1554482,2.5779662,4.4405327,3.9374764,4.444649,4.192533
1980-10-31 12:00:00,1.390423,1.5568768,3.5554707,4.419002,5.96778,2.7413642
1980-11-01 12:00:00,1.4067175,2.1849823,2.7143705,8.163428,4.7154884,3.0177407
1980-11-02 12:00:00,1.6946024,1.9667882,5.4992166,8.37642,7.9690266,6.2010694
1980-11-03 12:00:00,3.0438106,2.9216888,5.764047,7.683101,8.533261,6.143369
1980-11-04 12:00:00,1.2475,1.6317921,2.7972522,3.3321738,8.64441,2.04142
1980-11-05 12:00:00,1.6230294,1.74083,2.719908,6.092763,9.372604,3.09023
1980-11-06 12:00:00,1.8054539,1.9758936,3.6625912,9.793953,8.921691,5.6753106
1980-11-07 12:00:00,1.1661382,1.7261049,2.8879359,6.753363,4.5593123,3.5237138
1980-11-08 12:00:00,1.8848454,1.4405911,3.4385033,2.9314654,3.6682618,3.0538042
1980-11-09 12:00:00,1.9710903,1.8841705,6.7225413,4.3594985,3.6797216,4.72467
1980-11-10 12:00:00,2.4839618,2.2087097,8.003683,4.905511,3.175869,4.568414
1980-11-11 12:00:00,2.855887,2.0574603,5.7117424,3.2230265,2.6275563,2.5456917
1980-11-12 12:00:00,2.4763067,1.8303988,5.2819805,4.4567084,4.557875,3.2043114
1980-11-13 12:00:00,2.0718994,1.9459302,7.2460995,6.4912376,6.3139586,5.9888525
1980-11-14 12:00:00,2.1230445,1.9355443,7.4037333,6.8722095,6.860003,5.5619807
1980-11-15 12:00:00,1.7974399,1.7696586,4.0838037,5.9917026,6.9039955,4.1313515
1980-11-16 12:00:00,1.2391758,1.5251622,3.89057,4.023016,6.728386,3.5233555
1980-11-17 12:00:00,3.6543412,3.1457772,5.358676,6.108835,4.704263,4.744091
1980-11-18 12:00:00,3.4009526,2.4311137,5.757055,4.333551,4.8558664,2.7166948
1980-11-19 12:00:00,2.7534573,1.9048792,5.664084,4.46637,9.525193,2.9719844
1980-11-20 12:00:00,2.400472,1.8399073,5.167,4.818817,9.938966,2.7892814
1980-11-21 12:00:00,3.1340768,2.3306077,4.896105,4.517567,7.3293295,3.1012526
1980-11-22 12:00:00,2.977014,2.1635442,5.568297,4.832077,6.5419073,3.7627306
1980-11-23 12:00:00,2.9417636,2.3722417,4.4159193,5.329849,7.246341,2.9583724
1980-11-24 12:00:00,4.076702,3.687378,5.3801866,3.8598804,8.315181,3.2718523
1980-11-25 12:00:00,3.7008193,3.9924414,5.896051,3.326356,5.8707595,5.1731935
1980-11-26 12:00:00,2.8174958,2.3916657,4.839438,3.412001,3.5131176,3.4199522
1980-11-27 12:00:00,2.354004,1.8229831,4.8411884,5.250381,4.0410824,4.360163
1980-11-28 12:00:00,1.6804199,2.17365,4.0588984,5.239888,5.5896845,3.0438626
1980-11-29 12:00:00,2.4114566,2.4292238,3.487597,4.318853,7.009062,3.762018
1980-11-30 12:00:00,3.303103,2.748142,3.4861705,6.2237678,7.1227493,3.7010167
1980-12-01 12:00:00,2.6597128,2.4686055,5.855749,10.600203,6.329574,5.5078206
1980-12-02 12:00:00,3.3807125,3.7122576,7.8625927,7.9439588,5.803279,6.46848
1980-12-03 12:00:00,3.5248523,3.109889,4.2903633,4.217321,4.6048045,3.2028906
1980-12-04 12:00:00,2.1905122,2.7246373,2.9843395,3.269282,5.0393467,2.9287236
1980-12-05 12:00:00,1.804521,2.0643969,5.9852247,6.1802993,4.5679145,6.2885833
1980-12-06 12:00:00,4.5799294,4.1121793,5.243211,7.848057,6.0538845,6.022175
1980-12-07 12:00:00,4.2895985,4.009653,4.941493,7.4507775,8.731257,6.3619857
1980-12-08 12:00:00,2.6840405,2.085874,6.5244937,5.2506995,9.029418,4.477048
1980-12-09 12:00:00,1.7273123,1.597646,5.4600773,5.160869,7.4510503,4.4308233
1980-12-10 12:00:00,1.1851656,1.5237072,5.9908533,5.2080975,6.1128097,5.542056
1980-12-11 12:00:00,1.5112953,1.8871069,4.2717977,3.4502497,5.7384605,2.6083696
1980-12-12 12:00:00,2.5183241,2.8970387,4.76415,7.0095124,6.085185,5.2514415
1980-12-13 12:00:00,3.2497432,3.679864,8.287838,8.143444,5.590441,8.521322
1980-12-14 12:00:00,3.2455823,2.997165,5.0137796,4.1617365,5.6576495,3.0756874
1980-12-15 12:00:00,1.6821312,2.0071616,3.1250362,6.1970544,9.029828,3.1744342
1980-12-16 12:00:00,2.3883805,2.9180355,6.499968,10.427452,8.015662,8.712033
1980-12-17 12:00:00,6.4426317,6.647188,9.127316,11.257607,10.903288,9.213539
1980-12-18 12:00:00,1.9499477,2.3417463,5.394539,7.7627916,10.428101,4.147838
1980-12-19 12:00:00,2.0476646,2.2598865,5.477864,6.306052,7.72316,4.7454977
1980-12-20 12:00:00,2.3264143,2.1253664,5.0267158,3.7567565,5.9480386,4.1251287
1980-12-21 12:00:00,2.8691757,2.6926265,8.451104,6.2397933,4.5442677,6.040747
1980-12-22 12:00:00,3.0139546,2.5872962,7.0015345,5.490348,4.6467886,4.311808
1980-12-23 12:00:00,4.043627,3.2820785,5.2960143,3.821024,2.7255313,3.5173209
1980-12-24 12:00:00,5.204577,4.178932,6.050832,4.0625787,3.686164,4.554326
1980-12-25 12:00:00,4.903589,4.178163,4.761618,4.651715,5.1828218,3.6228778
1980-12-26 12:00:00,2.6462462,2.226751,2.9683702,5.28687,6.3434625,2.614866
1980-12-27 12:00:00,1.8023974,1.8134707,4.8155594,5.9176826,7.033563,4.306544
1980-12-28 12:00:00,1.9737962,2.2394812,4.965709,7.3944454,7.1277537,4.8877187
1980-12-29 12:00:00,1.1594105,1.2504292,4.4941664,5.4583473,5.3243165,4.822149
1980-12-30 12:00:00,2.3270047,2.4079802,5.6215253,6.012828,7.304489,3.9586885
1980-12-31 12:00:00,2.6579394,2.2101564,6.063315,4.94391,6.288277,5.0778985
1981-01-01 12:00:00,2.836641,2.6435843,5.716739,5.057737,5.3381805,4.88616
1981-01-02 12:00:00,1.869371,2.3324072,3.7243397,5.9455886,5.038434,3.29477
1981-01-03 12:00:00,2.0077088,2.5152884,2.925138,3.8013406,4.201192,2.4995317
1981-01-04 12:00:00,1.9992899,2.01489,4.077855,3.5390315,4.0045276,3.3634517
1981-01-05 12:00:00,1.426077,1.5799454,4.8763795,5.205483,4.521575,4.7029257
1981-01-06 12:00:00,2.7991602,2.443159,6.105171,6.1602263,4.701665,5.186695
1981-01-07 12:00:00,3.7335563,2.9685836,9.281598,6.2440863,4.2308435,5.507632
1981-01-08 12:00:00,3.3847623,2.8465602,6.1225457,3.87354,8.287878,3.501981
1981-01-09 12:00:00,2.0843678,2.1392457,4.166893,6.2921615,7.1904006,2.2252705
1981-01-10 12:00:00,1.3746648,2.1936467,2.5777776,11.290532,9.2232485,3.072905
1981-01-11 12:00:00,1.8913069,2.8267584,3.8767629,11.3589,9.335325,4.732306
1981-01-12 12:00:00,0.9212666,1.5445522,7.408453,7.327675,5.0581846,6.1368465
1981-01-13 12:00:00,2.6345966,2.8947353,10.741498,8.504694,6.559546,9.299482
1981-01-14 12:00:00,2.3840673,3.0621362,7.1259675,9.080582,9.146987,7.5534844
1981-01-15 12:00:00,1.4612564,1.6991138,6.0428324,6.1448274,7.5464544,4.7403316
1981-01-16 12:00:00,1.1660495,1.6068119,6.2125564,4.6800227,4.497209,4.4669166
1981-01-17 12:00:00,1.4450423,1.4071621,5.310807,4.0325327,6.090626,2.653503
1981-01-18 12:00:00,1.2933053,1.4029458,5.0007524,4.3727837,5.740788,3.3452773
1981-01-19 12:00:00,1.1439834,1.4712176,4.8953037,6.7914286,6.5453396,4.640876
1981-01-20 12:00:00,1.2201409,1.265494,5.8611364,5.7611575,6.675659,4.4733853
1981-01-21 12:00:00,1.6001754,1.7538579,7.400626,5.767161,5.9826055,6.0479317
1981-01-22 12:00:00,2.3140843,2.2423556,7.8263974,5.986651,5.961259,6.0499873
1981-01-23 12:00:00,1.4660262,1.9288825,5.0860033,7.371397,6.438714,6.1339455
1981-01-24 12:00:00,2.1270366,2.0418627,6.7104387,5.5729303,3.8309712,5.868369
1981-01-25 12:00:00,2.1019351,1.9257709,6.79658,3.6738913,4.9519205,4.301567
1981-01-26 12:00:00,2.033638,2.094824,3.7450342,4.2221847,5.6517596,2.0988202
1981-01-27 12:00:00,1.3967923,1.8640945,2.9716341,6.0089335,6.5908537,3.9347322
1981-01-28 12:00:00,1.2174145,1.7685146,4.060062,8.810649,11.104313,5.7980127
1981-01-29 12:00:00,1.5880371,1.7522153,5.2604675,7.53722,9.5592375,6.189043
1981-01-30 12:00:00,2.1721666,2.1108334,6.865375,6.3509665,8.561837,6.054528
1981-01-31 12:00:00,2.5554025,2.2339282,6.464322,5.262199,7.7723594,4.96401
1981-02-01 12:00:00,1.2901608,1.6086947,5.54769,6.1250124,7.399973,5.6608953
1981-02-02 12:00:00,2.8756344,2.392964,6.744773,6.9121313,6.3686814,3.7351792
1981-02-03 12:00:00,2.7568932,2.4701514,6.8486314,6.9973693,7.764878,6.178905
1981-02-04 12:00:00,4.2945466,4.1169205,6.0270686,7.4587,7.3140554,5.3738194
1981-02-05 12:00:00,3.7955506,3.5319583,11.599017,8.676188,6.4749017,8.976449
1981-02-06 12:00:00,3.9017923,4.0354857,10.949786,10.460694,8.52029,9.81942
1981-02-07 12:00:00,4.2607627,4.543536,10.246842,9.53578,7.242678,10.416051
1981-02-08 12:00:00,3.1574287,3.174427,4.7767825,6.634983,6.9677877,4.9170117
1981-02-09 12:00:00,2.4608297,2.3378441,4.839907,4.6541004,7.1269746,3.8392627
1981-02-10 12:00:00,1.5589708,1.7462999,4.393168,2.7299907,4.4636474,3.5642657
1981-02-11 12:00:00,1.7674044,1.4789008,6.2603946,4.0810924,4.5663366,4.3141155
1981-02-12 12:00:00,1.3642366,1.8905532,7.753012,6.224661,5.8030343,7.169272
1981-02-13 12:00:00,3.729551,3.680431,6.8648186,7.790584,7.6812267,6.9015923
1981-02-14 12:00:00,4.7718325,4.221267,6.800008,5.84648,6.129774,6.1582255
1981-02-15 12:00:00,3.8390918,3.7516966,6.7954173,4.840666,6.6899734,5.2730093
1981-02-16 12:00:00,1.9599217,2.1703722,4.0211635,5.766242,6.7423925,4.0943494
1981-02-17 12:00:00,2.6055892,2.2604012,4.123727,4.247064,5.1930175,2.8184438
1981-02-18 12:00:00,2.405977,2.0383706,3.379962,2.7903214,5.1247144,2.9494772
1981-02-19 12:00:00,1.3002424,1.6982061,2.659157,5.7525463,5.9196258,2.8478653
1981-02-20 12:00:00,2.991349,3.2307324,4.6303453,7.160546,8.153187,5.651756
1981-02-21 12:00:00,3.41867,3.2977457,4.8163877,6.0156617,6.480408,4.68812
1981-02-22 12:00:00,2.556901,2.5120585,5.24362,6.1500354,6.9332705,5.7842627
1981-02-23 12:00:00,4.1496677,4.4575043,9.220233,11.225127,8.258859,9.382619
1981-02-24 12:00:00,2.2160175,2.3043244,4.026721,7.276746,9.84071,3.2638144
1981-02-25 12:00:00,3.3195074,3.341344,6.005344,9.408798,10.335861,5.864842
1981-02-26 12:00:00,2.9328728,3.849778,7.32397,11.2876215,13.946122,8.587329
1981-02-27 12:00:00,2.664933,2.7544198,5.363913,5.988278,11.234902,4.771916
1981-02-28 12:00:00,2.4659817,2.7634845,5.651164,6.083716,4.609741,5.5646906
1981-03-01 12:00:00,2.4933681,2.96311,5.299017,3.570681,5.082674,4.176232
1981-03-02 12:00:00,1.3848919,1.8296847,4.504022,8.004064,11.313359,5.565132
1981-03-03 12:00:00,1.9719836,1.8697958,3.503553,4.0050635,8.520303,3.196741
1981-03-04 12:00:00,3.8460562,4.182616,7.8038588,8.899884,7.8503075,8.331339
1981-03-05 12:00:00,4.251492,4.5468826,6.3573184,8.279929,10.367114,5.6869736
1981-03-06 12:00:00,2.32164,2.3401415,5.4897914,5.5800533,8.330064,4.7598767
1981-03-07 12:00:00,1.4196099,1.7723818,5.1585317,5.623162,5.9130354,4.527999
1981-03-08 12:00:00,3.1063116,3.1162899,6.4992065,7.5025616,7.7806697,5.52497
1981-03-09 12:00:00,3.5306256,3.4797325,7.3566546,6.9321547,8.10126,5.966915
1981-03-10 12:00:00,3.7683215,4.179449,6.854877,5.990453,10.031434,5.476598
1981-03-11 12:00:00,2.255749,2.35453,4.906878,3.631916,9.988163,3.9901464
1981-03-12 12:00:00,2.2399087,2.0216346,4.543007,3.7918773,8.317276,3.644541
1981-03-13 12:00:00,1.7550824,1.9560692,4.005557,4.894023,6.2402725,3.8534708
1981-03-14 12:00:00,2.270579,2.243607,3.427024,4.688815,5.360907,2.9656363
1981-03-15 12:00:00,2.2072823,2.6544936,5.2575397,6.5792017,5.48133,5.5303535
1981-03-16 12:00:00,4.1157236,3.4972124,3.4359128,4.2021804,6.2264767,2.7334018
1981-03-17 12:00:00,3.6219997,3.0443368,6.3623424,4.019349,3.7738233,5.2121377
1981-03-18 12:00:00,1.8881437,1.6493698,3.0672295,2.9309013,3.2669983,2.4841566
1981-03-19 12:00:00,1.6447878,1.871141,3.82935,6.7979403,6.4515343,5.4954495
1981-03-20 12:00:00,1.3586557,1.647535,3.6697876,5.758857,7.6545105,4.901723
1981-03-21 12:00:00,1.5989459,2.1924112,5.5424433,6.5144863,8.899328,5.591944
1981-03-22 12:00:00,2.5080967,3.1244602,6.8125496,5.756615,6.937837,6.3739023
1981-03-23 12:00:00,3.5365949,4.000811,9.133321,8.131619,6.7350264,8.976342
1981-03-24 12:00:00,3.967071,4.4450483,6.901755,9.56301,7.700755,9.041182
1981-03-25 12:00:00,2.119801,2.5246532,4.8542423,7.9164767,8.586219,6.4271708
1981-03-26 12:00:00,2.5180109,2.3565633,5.9176364,5.354956,5.8456407,4.903954
1981-03-27 12:00:00,3.2830122,3.5839958,7.78232,6.2882786,6.1605163,5.712746
1981-03-28 12:00:00,2.4805853,2.4388325,5.8658676,3.981977,5.0157356,3.3467286
1981-03-29 12:00:00,1.9609456,1.505492,4.4682,2.2600224,4.5761337,2.2299833
1981-03-30 12:00:00,1.6435643,1.5751759,3.3419466,3.0579414,6.91939,1.8547217
1981-03-31 12:00:00,2.1531575,1.9071553,4.3044996,2.6002805,7.5779266,2.5885935
1981-04-01 12:00:00,1.0874387,1.5593014,2.923922,3.3957443,12.515187,2.1799545
1981-04-02 12:00:00,1.511212,1.618748,2.4351466,3.0961819,8.697202,2.5906632
1981-04-03 12:00:00,2.9723568,3.7067347,5.38239,9.029924,5.295495,6.422696
1981-04-04 12:00:00,3.1956544,3.7069511,4.8654423,7.0474834,5.614106,5.0744915
1981-04-05 12:00:00,2.334937,2.6511354,4.6362963,6.9117813,4.9604244,4.579704
1981-04-06 12:00:00,3.8661184,3.52769,6.1188736,5.8006926,4.84085,5.347834
1981-04-07 12:00:00,3.32677,2.8241744,3.681733,3.2052293,5.678382,2.0863595
1981-04-08 12:00:00,3.4880807,3.8202589,4.365887,4.1427383,7.9649196,4.192093
1981-04-09 12:00:00,4.36688,4.8586035,5.39724,8.452627,13.349743,6.8091607
1981-04-10 12:00:00,4.0157013,4.6070104,4.0955067,10.107606,12.120859,6.4815784
1981-04-11 12:00:00,2.494136,3.405985,5.9624143,8.210995,8.251689,6.2871747
1981-04-12 12:00:00,2.2093122,2.4078884,3.118658,6.263903,7.5732536,3.302156
1981-04-13 12:00:00,1.8020649,1.8966233,2.7249274,5.589206,9.183096,2.7087958
1981-04-14 12:00:00,1.9374261,1.8425431,4.2841096,6.624039,5.8486056,4.995291
1981-04-15 12:00:00,2.2810154,2.6887493,8.416633,6.329526,10.318275,7.1950464
1981-04-16 12:00:00,2.7267015,3.9194608,6.63181,9.436764,9.490599,6.2290235
1981-04-17 12:00:00,4.053709,4.065768,6.3003354,7.2400966,7.6341095,5.977171
1981-04-18 12:00:00,3.3570437,3.9042137,6.7539253,6.254131,8.850911,6.791569
1981-04-19 12:00:00,3.4694235,3.88873,5.31074,4.8905916,11.484194,4.6660533
1981-04-20 12:00:00,2.9607418,3.697453,3.8942494,5.8142567,10.440068,4.723338
1981-04-21 12:00:00,3.7516527,4.140768,3.9292488,6.5902224,7.29957,4.549222
1981-04-22 12:00:00,3.231577,3.748435,3.4111612,6.235134,5.0181084,4.3100986
1981-04-23 12:00:00,2.6874301,2.9169538,5.386441,5.343549,5.5481563,3.830069
1981-04-24 12:00:00,5.3434424,5.6815825,6.174112,7.1851244,6.99767,6.2648935
1981-04-25 12:00:00,3.1413374,3.2282028,5.535052,8.179704,7.906501,6.9928627
1981-04-26 12:00:00,2.1632485,2.452185,4.7025704,5.5933285,4.3858705,5.3707886
1981-04-27 12:00:00,5.109542,4.770541,5.8883724,4.912866,5.3622394,4.08522
1981-04-28 12:00:00,2.3352299,2.5926256,3.5499005,5.055313,5.6955705,3.2137458
1981-04-29 12:00:00,2.2660184,2.025336,4.4993668,3.8740866,5.521413,3.2496264
1981-04-30 12:00:00,3.951417,4.242814,4.8951297,4.304511,4.5337977,3.4651508
1981-05-01 12:00:00,2.5954242,2.9592555,3.362254,5.023847,4.9003663,3.1711283
1981-05-02 12:00:00,2.7461047,2.9972577,4.6826205,5.8364587,5.296967,4.899767
1981-05-03 12:00:00,1.8917263,2.455982,3.086019,4.954001,5.993736,2.8342361
1981-05-04 12:00:00,2.7690876,2.8123143,3.3120415,6.185549,7.6638045,4.248699
1981-05-05 12:00:00,2.431178,2.6050067,3.262896,5.451241,6.5478578,4.256251
1981-05-06 12:00:00,2.1495502,2.7782855,2.6532934,6.857158,5.9743567,4.4574537
1981-05-07 12:00:00,2.0190172,2.5344234,2.9211802,4.068619,4.0262,2.667581
1981-05-08 12:00:00,3.2709575,3.9517636,4.9952235,5.958475,4.7958035,4.161679
1981-05-09 12:00:00,1.239906,1.6254467,4.4504914,3.7136765,4.162041,2.4929135
1981-05-10 12:00:00,2.316477,1.7488506,2.4789102,2.8411183,3.920543,2.103319
1981-05-11 12:00:00,1.7778723,2.058251,3.8533738,3.2481208,3.8026145,2.562983
1981-05-12 12:00:00,4.999839,4.464962,4.094393,6.1376996,5.4377937,3.9221797
1981-05-13 12:00:00,2.9778125,2.566633,5.645553,4.325115,3.825483,5.712097
1981-05-14 12:00:00,3.0610487,3.3233223,6.4713674,5.7674766,4.719783,6.3485956
1981-05-15 12:00:00,3.9295228,4.0820904,5.277746,5.340741,5.0130258,5.4041066
1981-05-16 12:00:00,3.1340015,3.1784992,4.2209077,4.508814,7.5989246,3.6795585
1981-05-17 12:00:00,1.8647884,2.3411725,2.523458,3.7100222,5.8452415,2.2373848
1981-05-18 12:00:00,2.8221562,2.9856668,4.3950825,3.5520437,5.1965275,3.34414
1981-05-19 12:00:00,3.985281,4.120181,6.0019107,5.734825,6.7884855,6.05529
1981-05-20 12:00:00,5.3886437,5.2957497,7.973427,6.4867663,7.0280285,7.940496
1981-05-21 12:00:00,3.6677778,3.5302432,4.7049036,6.355579,6.333046,4.367632
1981-05-22 12:00:00,3.6794991,3.5985823,6.022334,4.0943675,6.194216,4.5001364
1981-05-23 12:00:00,4.34832,4.496514,6.1911364,7.360767,6.7858768,6.795097
1981-05-24 12:00:00,2.9056923,3.084019,5.269443,7.1662207,5.8592753,6.292092
1981-05-25 12:00:00,3.2852645,3.8977406,5.6491075,5.3092694,5.0840416,5.853745
1981-05-26 12:00:00,3.6981144,3.8760643,6.545019,4.032212,3.7884333,6.4079084
1981-05-27 12:00:00,2.9108036,3.0275848,4.981243,3.928622,3.4555683,4.892163
1981-05-28 12:00:00,1.9937081,2.064737,3.7767844,3.369795,3.6933792,3.014799
1981-05-29 12:00:00,2.184904,2.1796699,3.435676,3.51969,5.05644,3.302889
1981-05-30 12:00:00,1.6980708,1.8625613,4.1944,5.4859776,4.7676964,4.89587
1981-05-31 12:00:00,3.0145621,3.4060109,3.5475535,5.4240484,4.6315184,3.7902935
1981-06-01 12:00:00,2.3404503,2.5953085,4.6868463,4.526696,4.5341105,4.5307484
1981-06-02 12:00:00,3.8532147,4.4740043,4.760396,5.806014,5.865569,4.816968
1981-06-03 12:00:00,3.9743268,4.052816,4.4760084,7.385393,6.238321,5.34408
1981-06-04 12:00:00,4.3154173,4.771274,6.3226333,8.1328945,4.7459617,6.6995707
1981-06-05 12:00:00,4.0170126,4.958104,6.083868,8.386894,7.304982,5.613581
1981-06-06 12:00:00,3.4171848,4.3475084,4.615842,6.807778,7.889678,4.7998133
1981-06-07 12:00:00,2.713149,3.237093,5.1548357,4.823926,4.7673526,4.5252323
1981-06-08 12:00:00,3.5770535,3.26043,4.930908,3.6204937,3.4252675,3.582351
1981-06-09 12:00:00,3.5422049,4.0541344,2.7507348,4.6559615,3.7089992,3.1560047
1981-06-10 12:00:00,3.7938085,4.037968,5.154788,4.188219,5.2774096,4.261621
1981-06-11 12:00:00,3.5763547,3.9556787,6.4697094,4.188289,4.7493515,5.547406
1981-06-12 12:00:00,2.9349792,3.0381627,4.5524135,4.3588333,4.2171135,4.1239157
1981-06-13 12:00:00,3.0958087,2.982319,5.028365,4.0667605,5.1842694,4.2721443
1981-06-14 12:00:00,3.6122723,3.5557256,6.6247454,3.9097714,3.2373676,4.2402234
1981-06-15 12:00:00,2.5837355,2.5844529,3.225847,3.237808,5.725324,3.4486265
1981-06-16 12:00:00,2.398184,2.2308633,3.1011665,3.9940784,4.568216,2.897211
1981-06-17 12:00:00,2.0871034,1.9485426,3.2839725,4.36319,5.9598684,2.6410086
1981-06-18 12:00:00,2.037113,1.8984075,3.1704001,3.7916152,5.249258,2.689791
1981-06-19 12:00:00,2.5194814,2.5846934,4.3030357,3.3135056,5.753183,2.8533437
1981-06-20 12:00:00,1.3479764,1.800333,3.4495382,4.704985,5.832985,2.3860867
1981-06-21 12:00:00,3.4591365,3.256727,3.2338033,4.4409056,4.9004536,2.3570604
1981-06-22 12:00:00,2.3523548,2.388225,3.144406,2.957963,4.0404363,2.5938861
1981-06-23 12:00:00,2.6254203,2.335624,3.3056264,3.2011561,3.6288145,3.4008782
1981-06-24 12:00:00,2.0255263,1.8844265,3.5671728,3.3343763,2.7635143,2.4979887
1981-06-25 12:00:00,2.5780346,2.4213343,3.039932,3.8451078,4.09937,2.3827763
1981-06-26 12:00:00,2.352498,2.3302662,3.89993,3.0169713,4.613578,2.845026
1981-06-27 12:00:00,3.9064562,3.7543178,5.1420856,4.731305,4.742002,5.0056763
1981-06-28 12:00:00,2.2358766,2.5760455,3.0768905,3.771282,3.7413847,4.0897775
1981-06-29 12:00:00,1.3980476,1.500288,2.4487405,2.712767,3.6914985,2.121255
1981-06-30 12:00:00,1.6449564,1.9746834,2.5031624,2.843168,3.6092887,1.8683625
1981-07-01 12:00:00,1.792492,1.6445464,3.8841605,3.2632637,3.69538,2.7113686
1981-07-02 12:00:00,2.0264592,2.3811696,3.2124982,2.9230726,3.9266572,2.435193
1981-07-03 12:00:00,3.0731864,3.2079828,5.027883,4.8767805,4.147169,4.566237
1981-07-04 12:00:00,2.9634798,2.8397205,4.5065703,3.2816405,4.8454175,3.2826085
1981-07-05 12:00:00,2.381612,1.8972958,3.2018585,2.8326418,4.029529,2.521843
1981-07-06 12:00:00,1.8542967,1.6678667,3.5104747,3.1317146,3.118527,3.1718183
1981-07-07 12:00:00,2.3330235,2.6850317,5.6199985,3.248721,3.8838408,4.5461397
1981-07-08 12:00:00,4.5089025,5.0263915,5.3023405,4.2153625,4.3120337,3.9440243
1981-07-09 12:00:00,2.2150853,2.4530945,4.3686433,4.3231874,5.404916,5.360986
1981-07-10 12:00:00,2.3064096,2.3421292,3.5245986,4.6920743,5.785448,2.6840444
1981-07-11 12:00:00,2.9903297,3.6662312,5.213305,4.609465,4.579067,5.3443437
1981-07-12 12:00:00,3.3442388,3.937075,4.8141236,5.602211,5.164114,4.9753284
1981-07-13 12:00:00,2.9034061,2.777622,5.2549405,4.283175,5.4891825,4.6135173
1981-07-14 12:00:00,3.788906,3.6948972,5.920398,5.7743287,5.5759525,6.3286223
1981-07-15 12:00:00,3.2106102,3.3767185,3.9995904,6.3389616,6.051549,4.612846
1981-07-16 12:00:00,2.1598659,1.9889287,2.7153459,3.726502,5.5705256,2.3823698
1981-07-17 12:00:00,3.0668113,2.7289598,3.0180488,4.826863,4.433653,2.4981904
1981-07-18 12:00:00,2.2959938,2.3792138,2.4234438,3.821375,4.647584,1.8081343
1981-07-19 12:00:00,2.6085052,2.0496092,2.3016486,3.6781301,3.6619499,1.7685553
1981-07-20 12:00:00,1.8464087,1.7565776,2.1137903,2.6362796,3.963986,1.7697651
1981-07-21 12:00:00,1.0979292,1.7979743,3.7106423,2.9496381,4.028923,2.70064
1981-07-22 12:00:00,2.1930795,2.4150205,5.124318,3.3959143,3.2954397,4.3362217
1981-07-23 12:00:00,1.612778,1.7194343,3.744129,3.4068983,3.824994,2.6708238
1981-07-24 12:00:00,1.4110277,1.4122422,3.323371,3.2711146,5.7589374,2.110715
1981-07-25 12:00:00,1.8220371,1.8963113,4.1047277,2.9687088,4.7353334,2.6099205
1981-07-26 12:00:00,2.2855015,2.3257322,4.965022,2.0986736,3.5831704,2.913596
1981-07-27 12:00:00,2.771941,2.4729023,4.716272,3.118946,5.229922,2.762046
1981-07-28 12:00:00,3.5572903,3.1923158,3.7415335,4.2118516,4.038004,3.5758545
1981-07-29 12:00:00,2.1262915,2.5479867,4.9967113,4.5478544,4.796498,4.748858
1981-07-30 12:00:00,4.1692915,3.8115084,5.91423,4.926853,6.1012406,6.114959
1981-07-31 12:00:00,3.206379,2.8234372,4.859125,3.8247802,5.569886,5.2539835
1981-08-01 12:00:00,1.9285231,2.5332403,4.3684554,6.3161464,5.984216,4.141172
1981-08-02 12:00:00,3.5908616,3.4581337,5.5432453,5.2865596,7.415024,5.094252
1981-08-03 12:00:00,1.7793622,2.368729,4.2649627,6.5284204,8.2315,3.7450383
1981-08-04 12:00:00,2.143713,2.6688292,4.7679014,5.762114,7.4678245,4.181811
1981-08-05 12:00:00,2.384446,2.5204613,4.4611816,5.2545743,7.0877943,3.481109
1981-08-06 12:00:00,2.6727765,3.1533067,4.1723323,7.9885497,6.1393256,4.8096294
1981-08-07 12:00:00,3.14798,3.784644,5.055434,5.984953,4.975281,5.2510304
1981-08-08 12:00:00,2.481096,2.8843398,3.5626009,4.443514,5.2046475,4.1155286
1981-08-09 12:00:00,2.1849606,2.245959,3.9192278,5.8652644,4.245905,4.804599
1981-08-10 12:00:00,1.8120912,2.140258,4.2892795,3.4877474,4.443711,3.7119868
1981-08-11 12:00:00,1.5554011,2.4387095,3.1231792,3.3286252,5.531942,3.2422569
1981-08-12 12:00:00,2.574217,3.4350922,5.329665,7.9165187,6.2857704,5.9694967
1981-08-13 12:00:00,4.658142,4.5693383,7.281077,6.067461,5.789913,5.7777376
1981-08-14 12:00:00,3.3395324,3.6372147,4.3357286,5.1454945,5.4876714,2.8402917
1981-08-15 12:00:00,2.2835855,2.1917279,3.1136923,4.4155493,4.5648327,1.9240727
1981-08-16 12:00:00,3.0842154,2.9713569,4.0336795,3.744609,4.4682784,3.6238537
1981-08-17 12:00:00,2.65331,2.7445605,3.2602808,3.742244,4.1888876,2.5712764
1981-08-18 12:00:00,2.6690552,2.6930282,3.659366,3.9918387,4.249225,2.745767
1981-08-19 12:00:00,3.6431963,4.0543914,7.4736805,5.7037816,5.3526616,4.989607
1981-08-20 12:00:00,2.662646,3.2339118,6.813556,4.524223,4.3885875,5.7333164
1981-08-21 12:00:00,2.3584337,2.5429094,4.4899626,3.5408952,2.5333462,4.742909
1981-08-22 12:00:00,1.074501,1.4140317,3.6501234,2.828835,4.2623534,2.9268258
1981-08-23 12:00:00,1.4668235,1.5213778,3.5256958,3.1398842,4.20481,3.640412
1981-08-24 12:00:00,1.9536238,1.7542453,3.8420098,2.596592,2.3367383,2.895579
1981-08-25 12:00:00,2.4051282,2.555188,5.4576354,3.310723,2.9161577,3.8393633
1981-08-26 12:00:00,2.7696922,2.8826635,6.310557,4.1713243,3.4757533,4.9082546
1981-08-27 12:00:00,4.0363865,3.7969015,7.903607,4.4153023,3.238153,5.451779
1981-08-28 12:00:00,5.5842667,5.466392,7.4450397,6.0668473,4.384609,7.5469975
1981-08-29 12:00:00,4.468048,4.275816,3.4330895,4.9991374,4.152265,5.542474
1981-08-30 12:00:00,3.9164155,3.1900957,4.8376274,3.536454,3.4103973,3.3678064
1981-08-31 12:00:00,2.5587835,1.8327776,3.5555818,3.3929594,4.700828,2.414891
1981-09-01 12:00:00,1.4076611,1.3008165,2.5340946,2.9757397,4.620407,2.0524087
1981-09-02 12:00:00,2.0594766,2.527062,3.159907,5.8076143,3.7811525,3.3917115
1981-09-03 12:00:00,2.0506277,2.346736,3.0767627,4.8195086,4.6113586,2.892729
1981-09-04 12:00:00,2.4388034,2.487286,4.7464395,5.224121,5.349166,4.8796015
1981-09-05 12:00:00,3.526965,2.9038272,5.1459265,5.7462215,4.7227488,5.6600895
1981-09-06 12:00:00,3.4440844,3.3680634,5.3635716,6.7284546,6.1390986,6.0067573
1981-09-07 12:00:00,4.0744243,3.809231,6.289163,6.635907,5.523012,6.2956505
1981-09-08 12:00:00,3.824114,3.8515475,4.6138,4.4723005,5.0131183,3.9520912
1981-09-09 12:00:00,4.00987,3.924332,6.2715282,4.374719,3.5952582,5.4837127
1981-09-10 12:00:00,2.4845898,2.718669,5.69347,4.964762,8.6096115,3.82794
1981-09-11 12:00:00,3.720622,4.261711,6.4501777,8.019746,8.254307,6.4869337
1981-09-12 12:00:00,3.6742759,3.353076,4.3020353,2.6629965,4.572839,3.1555283
1981-09-13 12:00:00,1.3907669,1.2750843,3.3436031,2.604355,6.9845366,2.7234526
1981-09-14 12:00:00,2.2252576,2.1672437,3.4458787,2.6950426,5.8082886,2.1177695
1981-09-15 12:00:00,2.5494168,1.9971603,4.12755,3.0385225,5.723742,1.8063391
1981-09-16 12:00:00,2.440485,2.0465603,4.551176,2.1930692,7.2741528,1.9887848
1981-09-17 12:00:00,3.0380101,2.3470883,4.9415045,2.1588202,5.940248,2.3417807
1981-09-18 12:00:00,3.8847034,3.0794833,5.282486,3.0348167,4.5232725,2.5129018
1981-09-19 12:00:00,4.195194,3.572788,5.096375,4.4293537,3.7486606,2.9445493
1981-09-20 12:00:00,3.5098367,3.1536846,4.7923064,3.4123175,5.1513267,3.314521
1981-09-21 12:00:00,3.3167768,2.992115,5.3771315,3.5964708,5.401164,3.4350703
1981-09-22 12:00:00,3.0510218,2.6109464,5.0397778,2.6905117,5.6255984,2.7711475
1981-09-23 12:00:00,3.6503263,2.7572675,4.708719,2.2175512,3.704586,2.8216898
1981-09-24 12:00:00,2.3649826,2.3568916,3.6571872,2.5251727,3.4311614,2.6067743
1981-09-25 12:00:00,1.8811321,2.5337458,4.844214,6.4731183,6.22062,5.117132
1981-09-26 12:00:00,3.166151,3.8851223,6.0995727,7.726324,8.287018,5.890579
1981-09-27 12:00:00,4.0840235,4.420792,8.790842,9.191882,8.42693,7.810164
1981-09-28 12:00:00,4.70294,4.408623,7.6647944,7.336371,7.7483687,6.321461
1981-09-29 12:00:00,3.2495918,3.087419,4.8676624,3.9215102,3.4036787,3.577956
1981-09-30 12:00:00,2.2623966,2.4615796,4.5566077,7.9127355,5.0745583,5.464248
1981-10-01 12:00:00,3.8079128,3.62504,7.202419,8.178339,10.0228615,7.17055
1981-10-02 12:00:00,6.04547,5.891338,9.457304,9.589125,11.167616,9.460716
1981-10-03 12:00:00,4.2332754,4.4437237,6.8312087,10.060855,10.063855,7.623146
1981-10-04 12:00:00,2.839933,2.9459398,4.996811,7.3390164,7.9558725,4.8490987
1981-10-05 12:00:00,4.250936,4.0469036,6.0434613,5.682816,5.9053974,4.484027
1981-10-06 12:00:00,3.842874,3.9495287,5.705785,7.8024993,6.1849833,7.30771
1981-10-07 12:00:00,2.8718271,2.6304736,4.104143,5.2097893,7.304745,3.5685713
1981-10-08 12:00:00,5.2425084,5.270348,9.107863,6.72059,7.30529,7.2941356
1981-10-09 12:00:00,5.467884,5.563329,8.426093,7.678497,5.6466494,8.41016
1981-10-10 12:00:00,3.1894095,3.4953387,6.073061,7.265675,4.300221,6.5034986
1981-10-11 12:00:00,5.706659,6.230962,8.771462,8.473349,5.739167,8.052986
1981-10-12 12:00:00,4.4025545,4.494985,6.2008624,6.1113048,6.994651,5.556511
1981-10-13 12:00:00,4.3896885,4.388252,5.4821687,5.080701,7.1269035,3.5767496
1981-10-14 12:00:00,2.9721992,2.733187,5.8356786,5.025766,5.5183167,5.0495186
1981-10-15 12:00:00,5.095241,4.7297006,7.9548497,5.5962396,4.7023726,6.8681984
1981-10-16 12:00:00,3.0384853,3.509037,4.845154,6.0117617,4.799826,6.8900437
1981-10-17 12:00:00,4.5096307,4.1138706,5.4955287,4.5626545,6.0200315,5.2058053
1981-10-18 12:00:00,2.238752,2.0831995,3.5028467,4.3199987,7.200004,3.2319498
1981-10-19 12:00:00,3.580699,2.879187,6.3011765,4.2212377,6.038523,4.1064873
1981-10-20 12:00:00,4.9386735,4.093977,6.583932,5.558335,4.2768483,4.4756675
1981-10-21 12:00:00,4.0605597,3.8547137,6.417143,6.691706,4.5256934,4.4679956
1981-10-22 12:00:00,4.0327015,3.9255996,7.721034,7.7474666,7.1111565,5.6705565
1981-10-23 12:00:00,5.141048,5.0733004,7.6646004,8.7943535,7.6170197,7.2139826
1981-10-24 12:00:00,3.4306927,3.3787389,3.914042,6.9610395,6.5928874,4.4788566
1981-10-25 12:00:00,2.9120831,2.8374028,6.56554,4.870473,5.318326,4.7914
1981-10-26 12:00:00,4.6344886,3.794821,6.4523244,3.761952,7.143292,3.7426653
1981-10-27 12:00:00,2.7492845,2.233864,4.40703,3.3886974,5.9848347,2.760447
1981-10-28 12:00:00,2.0246243,1.8904043,4.333657,4.3968167,4.678456,3.3610797
1981-10-29 12:00:00,4.3754897,4.1695914,7.1560917,8.265491,5.4002934,7.6119175
1981-10-30 12:00:00,4.002193,3.8996994,8.100874,6.973185,6.081777,7.855683
1981-10-31 12:00:00,5.0559797,4.5552335,7.0114307,10.009903,8.056449,5.9364543
1981-11-01 12:00:00,3.586101,3.9453692,5.9058332,8.969,8.640754,5.165821
1981-11-02 12:00:00,3.268303,3.6795466,6.27614,8.8999815,10.364352,7.301617
1981-11-03 12:00:00,3.4576998,4.260193,6.398791,12.521876,9.000639,6.717786
1981-11-04 12:00:00,3.2902691,3.3996303,7.198624,8.266834,7.9191456,7.0241632
1981-11-05 12:00:00,2.961743,2.7626553,4.8707576,5.48437,7.6869774,4.364925
1981-11-06 12:00:00,1.4312598,1.5937209,4.081969,3.5234563,4.7930384,2.898358
1981-11-07 12:00:00,2.672209,2.7271562,4.4676213,4.5874577,5.01465,4.0988455
1981-11-08 12:00:00,2.8520398,3.3207426,7.142713,8.525794,7.932663,8.163795
1981-11-09 12:00:00,5.2361894,6.2297287,9.546465,12.206072,6.1160607,10.558632
1981-11-10 12:00:00,3.8841484,4.379171,4.5665226,5.801346,3.514715,3.9848766
1981-11-11 12:00:00,1.7683773,1.9605554,5.4105515,4.6939535,4.619504,4.608007
1981-11-12 12:00:00,2.7545633,3.1671274,9.629547,9.893991,6.9953403,9.499027
1981-11-13 12:00:00,5.4278135,5.6172094,11.265766,11.756429,10.312066,11.210984
1981-11-14 12:00:00,6.154092,6.400132,7.7892003,10.899611,10.45162,8.806169
1981-11-15 12:00:00,4.3563256,4.342639,9.868714,9.144542,8.461998,7.708748
1981-11-16 12:00:00,3.25528,2.9474018,8.125271,7.4676,5.52045,5.5276604
1981-11-17 12:00:00,4.309043,3.4107375,7.081351,5.375667,4.056295,4.048937
1981-11-18 12:00:00,3.601076,2.797669,5.8805447,5.105618,5.860748,3.8606596
1981-11-19 12:00:00,2.9669125,2.1290941,4.748608,4.6379223,7.3952475,2.7785978
1981-11-20 12:00:00,1.4891897,1.6557817,6.39901,7.1608777,6.61917,6.863498
1981-11-21 12:00:00,2.7426426,2.8931763,6.630804,7.0554495,6.4176817,6.125531
1981-11-22 12:00:00,2.3414726,2.480016,5.472613,7.9562144,8.364449,5.0709167
1981-11-23 12:00:00,1.6318825,1.9413891,4.947576,5.860962,8.066816,5.1370387
1981-11-24 12:00:00,1.9316304,2.1373162,6.7017794,4.6230927,4.786301,4.4608703
1981-11-25 12:00:00,3.523791,3.6096277,7.052397,5.272019,4.965538,5.502202
1981-11-26 12:00:00,2.5255682,2.5874789,5.978774,5.185158,5.293945,4.773803
1981-11-27 12:00:00,4.325291,4.453034,8.548069,9.1465025,4.699158,7.5211816
1981-11-28 12:00:00,4.139239,4.417014,6.350406,6.869763,6.798469,6.1658716
1981-11-29 12:00:00,4.002718,4.0858483,5.070098,5.3712106,5.4996996,4.435022
1981-11-30 12:00:00,2.6375046,3.0751407,5.578488,8.063957,10.226126,5.808835
1981-12-01 12:00:00,2.4158032,3.5761933,5.870832,7.6585608,11.929016,5.0224833
1981-12-02 12:00:00,2.0566754,2.5801032,3.704045,5.37019,6.836067,2.9153068
1981-12-03 12:00:00,2.2113783,2.8687775,5.977086,9.089802,5.3414135,6.8704844
1981-12-04 12:00:00,4.2496896,4.4513416,9.055478,7.539393,4.195156,8.246715
1981-12-05 12:00:00,3.9463558,4.097129,7.9501114,8.336555,5.624948,6.4479074
1981-12-06 12:00:00,3.4706247,3.5791745,7.622777,6.0470395,5.221067,5.7748523
1981-12-07 12:00:00,3.0510917,3.5465758,7.0631943,7.2498,6.006559,7.1531105
1981-12-08 12:00:00,1.8172522,1.8776935,4.8794203,4.0931263,7.216469,3.9800444
1981-12-09 12:00:00,3.9609742,4.249348,8.895653,6.400465,6.4146338,6.824439
1981-12-10 12:00:00,2.6083627,2.9606016,5.8683476,6.7799306,5.7634864,4.8056917
1981-12-11 12:00:00,3.2157931,3.2129443,7.244572,7.5530586,6.47378,6.6072736
1981-12-12 12:00:00,1.7694513,2.2285984,5.2916045,4.7188253,6.296746,4.1867747
1981-12-13 12:00:00,4.1796036,4.517587,7.716631,8.435895,6.5124707,6.759963
1981-12-14 12:00:00,3.2569504,3.2998931,5.0454817,6.804578,6.6890383,5.203545
1981-12-15 12:00:00,3.8007228,3.9803228,7.717375,7.6064463,8.252573,6.607483
1981-12-16 12:00:00,2.2462325,2.3959937,5.972716,5.798042,7.35313,5.1766386
1981-12-17 12:00:00,1.8206338,2.345373,6.4831243,5.502059,5.3691816,5.284896
1981-12-18 12:00:00,3.8485534,4.1493278,8.839152,7.796486,5.379444,8.998653
1981-12-19 12:00:00,2.5287797,3.14717,7.671933,7.6986575,5.235617,4.54104
1981-12-20 12:00:00,4.7103157,5.164404,8.16774,9.979731,5.4861293,7.8446183
1981-12-21 12:00:00,1.8700073,2.3675718,6.4875536,7.0026817,5.022005,6.9038563
1981-12-22 12:00:00,4.0070825,5.309696,9.233705,13.212625,10.729377,9.585856
1981-12-23 12:00:00,4.322888,4.9718075,8.164447,12.354396,8.284895,9.3271
1981-12-24 12:00:00,4.161348,4.7399745,6.8182216,9.484452,7.9934063,6.5209546
1981-12-25 12:00:00,1.7181475,2.0751438,6.521189,5.5163875,6.7747936,6.2729545
1981-12-26 12:00:00,5.044329,5.0922465,12.167181,9.844074,7.0491943,9.949662
1981-12-27 12:00:00,5.97601,5.818093,10.9580145,8.83542,9.078829,8.975316
1981-12-28 12:00:00,4.9927917,5.33677,8.734973,9.5133505,7.624836,8.814117
1981-12-29 12:00:00,5.660034,5.2416487,12.695408,6.153181,6.919099,11.080714
1981-12-30 12:00:00,3.0269082,3.5709414,5.0722556,5.058087,5.3402452,5.41086
1981-12-31 12:00:00,1.5899212,1.8472035,4.3734927,6.3485866,6.9207587,3.8428266
1982-01-01 12:00:00,3.5310059,4.2420173,7.0029902,9.806164,7.9308476,8.254743
1982-01-02 12:00:00,4.799183,5.569918,5.1762714,6.8714848,5.5407724,5.4437013
1982-01-03 12:00:00,1.6265291,1.9893385,3.1225646,4.942298,6.860887,2.372105
1982-01-04 12:00:00,2.1108398,2.6571825,3.5526915,7.416295,4.1887684,4.136887
1982-01-05 12:00:00,5.1570373,6.477917,10.501374,9.717335,4.233461,11.956499
1982-01-06 12:00:00,5.233784,5.546832,7.4175105,8.88001,6.4064875,8.587791
1982-01-07 12:00:00,3.1909962,3.2114217,5.7641263,5.8873105,7.6918955,4.1462994
1982-01-08 12:00:00,1.8090194,1.9106874,4.429068,4.6365685,6.1787567,4.3699183
1982-01-09 12:00:00,2.6871798,3.1837797,5.177503,6.8482366,6.6009026,5.0790215
1982-01-10 12:00:00,5.332329,5.267953,10.719674,11.365354,8.768596,11.53394
1982-01-11 12:00:00,6.2051253,6.2328296,9.099478,11.185428,9.767818,9.344852
1982-01-12 12:00:00,5.2785864,5.262159,9.171826,10.048898,7.638099,9.626431
1982-01-13 12:00:00,6.5394306,6.5870986,10.003385,9.509511,8.890656,9.48
1982-01-14 12:00:00,5.1758223,4.921326,8.559234,7.096321,6.9306383,7.0817456
1982-01-15 12:00:00,2.5925586,2.8800101,6.814561,5.713357,6.5603523,6.2335057
1982-01-16 12:00:00,5.5759206,5.984669,10.308396,12.815933,8.30167,11.298573
1982-01-17 12:00:00,3.5752041,3.3186522,7.5271544,7.720676,9.150591,7.145631
1982-01-18 12:00:00,3.6203935,3.5261507,8.368849,6.8187103,6.782184,8.036789
1982-01-19 12:00:00,3.651997,3.5768137,6.9915075,8.762816,6.58248,8.104325
1982-01-20 12:00:00,4.4683914,4.8723564,8.086436,10.851312,7.6202235,9.610793
1982-01-21 12:00:00,3.7344692,3.3160608,7.1795,6.0038643,5.2711434,6.8663273
1982-01-22 12:00:00,3.5909476,3.5777903,9.107379,6.613436,4.21569,7.957116
1982-01-23 12:00:00,3.3075235,3.230313,4.601154,6.902028,6.786585,5.388985
1982-01-24 12:00:00,3.5123165,3.655141,6.394463,8.340164,8.6389265,6.8606486
1982-01-25 12:00:00,3.5693223,3.4865935,7.628632,8.3035145,10.386851,8.195734
1982-01-26 12:00:00,4.393802,4.819506,8.085015,10.080753,11.179052,8.835161
1982-01-27 12:00:00,2.993947,3.297135,6.9742026,7.0907636,9.907567,7.210119
1982-01-28 12:00:00,2.5967903,2.7215433,6.6765327,5.2050595,7.94129,4.930697
1982-01-29 12:00:00,3.3724527,3.3548033,8.698695,6.1822,7.4955015,6.683231
1982-01-30 12:00:00,2.700782,2.581074,5.0235577,6.498893,10.563386,3.6566358
1982-01-31 12:00:00,2.9096222,2.8103614,5.1315136,6.799896,10.250038,4.2925634
1982-02-01 12:00:00,2.1261961,2.4105465,5.417581,7.9315634,8.462404,6.2077003
1982-02-02 12:00:00,4.748234,4.5284843,7.6593904,7.8450413,7.380475,7.609786
1982-02-03 12:00:00,5.19582,4.2955356,5.8093243,8.317627,7.5452256,7.3160696
1982-02-04 12:00:00,2.3757577,2.5817792,5.5915227,8.753773,7.097205,7.3508663
1982-02-05 12:00:00,2.4444923,2.8231916,7.5197887,9.380355,6.8451486,8.773244
1982-02-06 12:00:00,3.4410832,3.8920329,8.589005,9.981048,8.297164,9.332998
1982-02-07 12:00:00,2.1814945,2.7759209,5.139258,8.316988,9.993386,7.2832546
1982-02-08 12:00:00,1.4695518,2.6437879,6.3031316,9.658565,9.919085,7.5774016
1982-02-09 12:00:00,4.6252155,5.0481253,7.4060526,10.486478,10.879199,7.697701
1982-02-10 12:00:00,4.4405684,4.0557275,3.6213493,6.3611712,9.435047,2.9238198
1982-02-11 12:00:00,2.4324288,2.3418336,3.9760132,6.7767,7.723748,5.100336
1982-02-12 12:00:00,3.9493334,3.97109,5.6145277,9.010223,10.204114,5.96819
1982-02-13 12:00:00,6.1440682,6.714141,13.403141,13.652831,8.598437,13.651543
1982-02-14 12:00:00,5.6860185,5.2560954,6.907702,7.865565,9.408362,6.3691635
1982-02-15 12:00:00,5.168048,5.1552453,8.5687275,9.4052515,8.598912,9.657275
1982-02-16 12:00:00,7.3349576,7.1218996,10.901646,11.388057,10.135979,11.603428
1982-02-17 12:00:00,7.0665464,6.683875,9.915966,10.425163,9.556089,10.245943
1982-02-18 12:00:00,6.79996,6.7634277,10.66056,11.839698,9.257653,10.671598
1982-02-19 12:00:00,5.178511,4.901455,10.20429,8.585254,6.5761704,9.648338
1982-02-20 12:00:00,4.295333,5.048178,6.064716,9.299035,4.689451,7.9802966
1982-02-21 12:00:00,3.4908173,3.7529666,6.911905,5.459685,8.866757,4.7116
1982-02-22 12:00:00,2.3247776,2.6185162,5.456853,5.245201,5.1366134,5.3350096
1982-02-23 12:00:00,4.932528,5.1167445,9.455637,11.179656,7.1700606,9.800785
1982-02-24 12:00:00,7.1314793,6.5487742,12.127704,6.53726,7.619119,9.12244
1982-02-25 12:00:00,5.667551,5.4272437,9.174343,3.8667996,7.6577883,7.8259525
1982-02-26 12:00:00,3.644418,3.0312896,7.0192814,5.840217,7.1180835,5.125989
1982-02-27 12:00:00,4.1777854,3.9502811,7.103427,5.0915,7.075034,5.1682186
1982-02-28 12:00:00,1.8281988,1.7095371,3.6869392,4.5503483,8.592849,3.3635612
1982-03-01 12:00:00,4.2734966,4.8079705,10.390378,11.077439,9.664832,11.165509
1982-03-02 12:00:00,6.352768,6.3124824,8.944243,11.678402,12.414317,10.974612
1982-03-03 12:00:00,4.6061287,4.7472224,5.8442826,6.0837207,10.269959,6.713332
1982-03-04 12:00:00,1.9194022,2.1698859,5.3977695,6.292832,7.2927675,6.295953
1982-03-05 12:00:00,2.1032584,2.4254684,5.3902817,8.167728,7.2865686,6.956722
1982-03-06 12:00:00,5.4875226,4.903977,7.614651,7.4056363,10.549445,8.802432
1982-03-07 12:00:00,3.2321026,2.8269894,5.2257223,5.086467,8.825104,5.908571
1982-03-08 12:00:00,4.5584617,4.656472,6.2218814,10.246684,10.449946,7.457609
1982-03-09 12:00:00,3.6492498,4.065204,6.245072,10.025552,10.406865,8.365469
1982-03-10 12:00:00,6.073576,5.9139137,7.855818,12.827893,10.781303,10.180819
1982-03-11 12:00:00,5.322916,4.9708304,6.900382,9.784854,9.315801,8.738517
1982-03-12 12:00:00,4.9991784,4.334929,5.9978175,7.803556,4.5131145,6.1836457
1982-03-13 12:00:00,4.1760387,3.8690696,5.5297008,7.6310663,5.245853,6.5568995
1982-03-14 12:00:00,4.196089,3.6922512,4.717817,8.615099,6.4901843,6.548175
1982-03-15 12:00:00,4.2308245,4.160876,6.4055486,8.667192,10.497579,7.399948
1982-03-16 12:00:00,3.9373286,3.9338644,4.99913,7.722886,10.2563925,7.1124024
1982-03-17 12:00:00,3.5595872,3.7134647,5.870374,8.68935,10.664546,8.461541
1982-03-18 12:00:00,4.615354,4.8240857,7.344843,9.037577,10.7144165,8.088329
1982-03-19 12:00:00,6.32082,6.8651557,9.396933,11.18506,6.462028,10.958705
1982-03-20 12:00:00,5.088199,5.1133695,9.217004,6.906121,8.12428,9.530947
1982-03-21 12:00:00,3.4164128,4.0267744,6.3343444,7.6879864,7.9334435,6.6646614
1982-03-22 12:00:00,4.8513784,5.617955,6.7611594,10.209337,6.5731783,6.983133
1982-03-23 12:00:00,2.9828444,3.546528,4.2615113,7.87306,5.2566037,4.576001
1982-03-24 12:00:00,2.781091,3.07177,5.265619,6.0012536,4.0654554,5.4474726
1982-03-25 12:00:00,3.9542553,4.4063406,7.9601626,7.4410186,3.9528527,6.437118
1982-03-26 12:00:00,4.494529,4.8879447,9.115357,7.842783,5.878625,6.707762
1982-03-27 12:00:00,1.8500654,2.1997437,4.3259196,4.125397,5.6513224,3.3650792
1982-03-28 12:00:00,2.5267966,3.0974226,4.3564916,7.8408256,8.214974,4.7627883
1982-03-29 12:00:00,3.4385784,4.762545,5.601561,9.614542,9.656393,5.868007
1982-03-30 12:00:00,2.445887,3.217395,3.8591154,10.06676,7.2163134,4.937375
1982-03-31 12:00:00,2.449192,3.3024445,4.3200927,10.342773,10.311081,5.9509315
1982-04-01 12:00:00,2.6666074,3.212432,3.8778498,6.279861,6.6541533,5.252009
1982-04-02 12:00:00,1.985306,2.5469098,2.7840924,4.0999675,4.276225,3.2436192
1982-04-03 12:00:00,2.2242577,2.4146755,2.9005365,7.2484264,5.961946,4.1359553
1982-04-04 12:00:00,3.342572,3.5359163,4.147596,7.599899,5.3257384,5.9114094
1982-04-05 12:00:00,4.280202,4.4730983,5.051829,8.277697,7.2515736,7.222048
1982-04-06 12:00:00,3.5841563,3.670436,4.208655,5.478289,4.6812854,4.7945333
1982-04-07 12:00:00,4.9126606,4.0109615,5.555741,5.452449,5.9708595,3.4577963
1982-04-08 12:00:00,3.6264408,3.5065925,5.2106776,5.521693,5.3666096,4.8171835
1982-04-09 12:00:00,5.926089,5.1053476,6.6105814,5.706184,5.150908,5.706415
1982-04-10 12:00:00,5.3543353,5.4617243,5.1752744,7.8715634,4.9459534,6.114969
1982-04-11 12:00:00,2.0763786,2.5630047,3.73692,8.279378,6.8830404,5.3578587
1982-04-12 12:00:00,3.1359155,3.0111666,5.2519383,6.9357896,10.56081,6.799471
1982-04-13 12:00:00,2.787994,3.0601256,5.5679426,6.936188,8.603769,5.870888
1982-04-14 12:00:00,2.571476,3.0910494,4.444792,6.778044,8.323442,5.285035
1982-04-15 12:00:00,3.406374,3.380459,4.8611207,4.7966905,6.87567,4.445721
1982-04-16 12:00:00,2.3581069,2.715311,3.7529411,3.9999347,7.14489,2.3630006
1982-04-17 12:00:00,1.7074143,2.0275807,3.7213042,4.2265,7.257059,2.3004498
1982-04-18 12:00:00,3.3417473,3.5500023,9.656246,3.952266,7.363047,5.8970747
1982-04-19 12:00:00,4.9168944,5.0127716,8.464243,6.5381107,5.193045,7.8636336
1982-04-20 12:00:00,3.6505659,3.9175148,7.0764914,8.373785,7.080446,7.253503
1982-04-21 12:00:00,4.0655193,4.181188,6.129721,9.201153,5.6913214,6.5222583
1982-04-22 12:00:00,3.8739023,3.695104,5.081825,5.776504,5.4176826,4.2814713
1982-04-23 12:00:00,4.2845974,3.9982522,6.9847,5.889581,5.0123043,7.400703
1982-04-24 12:00:00,7.065188,6.319393,8.611151,8.471558,5.694285,9.065733
1982-04-25 12:00:00,4.267294,4.091448,7.102427,7.3530684,7.04542,8.668232
1982-04-26 12:00:00,5.105971,5.368029,6.8640265,9.680175,9.636839,9.851438
1982-04-27 12:00:00,2.492572,3.214409,3.6974792,8.262213,6.7180686,5.409628
1982-04-28 12:00:00,2.371001,2.7549736,6.7867246,5.6373787,5.4264193,5.285659
1982-04-29 12:00:00,2.1776211,3.6890554,8.113776,6.590248,4.607719,6.6189446
1982-04-30 12:00:00,4.5925145,4.708344,7.671282,6.3440247,5.304773,5.726388
1982-05-01 12:00:00,3.5196168,3.0600982,5.0699496,5.126796,3.7663152,3.7099242
1982-05-02 12:00:00,4.098555,4.1510696,8.11141,5.0252113,4.7022605,7.041558
1982-05-03 12:00:00,3.6942155,3.9950764,5.558624,5.436877,6.9369016,3.6794004
1982-05-04 12:00:00,3.7990618,3.748813,6.5372505,6.4591746,7.883792,6.3121414
1982-05-05 12:00:00,1.7370477,2.6424081,5.0066466,5.5603986,6.0386415,5.4775157
1982-05-06 12:00:00,3.2912018,3.4812443,5.271951,5.1985664,7.7871156,4.6758466
1982-05-07 12:00:00,2.0363681,1.6580927,3.676376,4.3259583,8.516253,1.5475862
1982-05-08 12:00:00,3.3596387,2.8344202,6.6896377,3.2750041,9.797313,3.667356
1982-05-09 12:00:00,2.6647558,2.6940353,4.408583,4.079892,4.8325467,3.4957025
1982-05-10 12:00:00,0.9143537,1.2448324,2.0447767,4.6447887,4.292789,2.1944363
1982-05-11 12:00:00,1.2270181,1.760947,2.8394363,3.7586777,3.722976,2.3335438
1982-05-12 12:00:00,4.6009183,4.879166,6.6116104,8.909916,8.381641,6.0211015
1982-05-13 12:00:00,4.554976,5.5481167,4.4334755,7.639133,9.457018,4.6048136
1982-05-14 12:00:00,2.640382,2.3887818,3.3610697,3.1683364,4.5939965,3.100549
1982-05-15 12:00:00,3.650099,3.0890489,5.289564,6.2997694,7.371021,6.120794
1982-05-16 12:00:00,3.863698,3.4722815,5.915787,7.6011696,7.8708887,7.2499037
1982-05-17 12:00:00,3.3024,2.8176155,5.0356836,5.9238043,7.134493,6.3674426
1982-05-18 12:00:00,3.5622852,3.4826746,4.968849,6.357208,6.183105,6.5604596
1982-05-19 12:00:00,4.237209,4.400082,4.4843745,8.034594,5.24274,5.8782773
1982-05-20 12:00:00,3.246474,3.6579185,4.3720145,7.072604,4.944655,4.6016483
1982-05-21 12:00:00,2.8946183,3.1023846,4.9210644,4.231524,5.392706,4.3734393
1982-05-22 12:00:00,2.208565,2.0888402,4.176373,3.1581657,4.586344,2.2477067
1982-05-23 12:00:00,2.1926546,2.531501,3.777234,3.9326487,3.3925178,4.0405946
1982-05-24 12:00:00,1.9401838,2.0804496,4.0375676,5.281028,2.9756713,5.09203
1982-05-25 12:00:00,1.7573866,1.7646464,4.7197175,4.202227,3.998338,5.123391
1982-05-26 12:00:00,1.5039438,1.652025,3.0523405,2.8016286,4.0543637,2.623975
1982-05-27 12:00:00,2.4851394,2.1457233,4.5366287,5.6930957,5.0004754,3.7826426
1982-05-28 12:00:00,4.3078895,4.13105,5.390183,8.022846,5.8912926,5.9895177
1982-05-29 12:00:00,4.6908526,4.462586,5.480667,7.1025195,4.040651,4.103235
1982-05-30 12:00:00,5.1984277,4.667057,6.300431,5.496091,3.6028736,4.1137824
1982-05-31 12:00:00,4.528537,4.185025,5.012925,5.844631,5.786579,3.5351932
1982-06-01 12:00:00,3.1882014,2.9992871,3.5119514,4.9326525,3.8856168,2.574866
1982-06-02 12:00:00,1.8037133,1.6555912,2.2410948,4.4788165,4.537077,2.091206
1982-06-03 12:00:00,1.2804047,1.5548749,3.5910587,5.2492347,8.545764,3.1152694
1982-06-04 12:00:00,2.7516584,2.8704696,4.229558,3.778358,6.5659604,3.5525098
1982-06-05 12:00:00,1.8485245,2.2435186,2.4378676,3.1175246,4.6189175,2.436526
1982-06-06 12:00:00,1.4428369,1.6537598,2.2125545,3.0844595,3.7565718,1.9739748
1982-06-07 12:00:00,1.508688,1.7674088,3.5630338,2.203695,3.3027823,2.5674043
1982-06-08 12:00:00,3.9141436,3.447701,4.5772877,3.3556046,3.3281858,2.9553475
1982-06-09 12:00:00,3.320001,3.2508647,3.6441927,5.8477097,3.5225725,3.2435946
1982-06-10 12:00:00,4.7857347,4.3768563,4.1734266,4.7103596,3.1804724,3.57142
1982-06-11 12:00:00,4.7765,3.864345,4.8263016,4.210774,4.0662727,3.3723633
1982-06-12 12:00:00,5.1668754,4.6487656,4.974637,7.5876365,5.087929,5.81695
1982-06-13 12:00:00,4.0993514,4.6170917,6.021339,6.8390903,6.437456,7.6080675
1982-06-14 12:00:00,3.214748,3.5060453,7.195495,4.0148416,8.868235,5.0454183
1982-06-15 12:00:00,4.525165,4.553947,5.1605015,5.206276,6.294705,4.9453487
1982-06-16 12:00:00,2.9877117,3.5382364,4.025567,4.435297,4.0772038,4.0354567
1982-06-17 12:00:00,1.6485127,2.1229045,4.4249473,3.304401,4.50717,4.09764
1982-06-18 12:00:00,1.2664816,1.4774693,3.332553,3.0924745,6.673541,2.1376138
1982-06-19 12:00:00,2.9761233,2.8739085,3.4447725,2.7647507,6.001003,2.2710536
1982-06-20 12:00:00,2.3677447,2.6148238,4.2495484,3.122787,6.2393656,3.4287598
1982-06-21 12:00:00,2.500639,2.3167233,2.978747,4.80948,7.2718763,2.8123457
1982-06-22 12:00:00,1.5528483,1.7775822,3.077397,2.9665444,4.350169,1.8218193
1982-06-23 12:00:00,2.3554597,3.0170724,3.5828893,5.795905,4.984128,2.5951533
1982-06-24 12:00:00,5.5045166,6.156399,7.2990093,8.733754,6.168817,7.3145666
1982-06-25 12:00:00,6.8886256,7.468727,9.637064,8.341383,4.7375293,8.292156
1982-06-26 12:00:00,2.8827367,2.941031,4.138451,4.072329,3.5525112,3.2756999
1982-06-27 12:00:00,1.6537316,1.6866958,3.2987547,2.9958537,3.3394434,3.0466096
1982-06-28 12:00:00,1.9234129,2.7306101,5.6762094,3.4731019,4.712735,4.957899
1982-06-29 12:00:00,2.7776196,2.702197,5.0877247,3.4663363,4.842743,3.5128832
1982-06-30 12:00:00,1.9279296,1.8607656,4.227379,3.5001287,3.8723643,3.4271731
1982-07-01 12:00:00,3.1763656,2.6381574,3.4642518,3.0565941,4.3577733,2.299962
1982-07-02 12:00:00,2.9197047,3.6024687,7.0738726,5.147194,4.4484167,6.897831
1982-07-03 12:00:00,3.3697805,4.168369,4.9095383,5.541901,5.0803065,5.3935375
1982-07-04 12:00:00,2.2235496,2.3098757,5.046718,3.4189584,3.7613735,4.167499
1982-07-05 12:00:00,4.7072873,4.009975,6.551579,3.7195635,5.0007143,4.6321435
1982-07-06 12:00:00,5.166863,5.0616736,6.314739,7.3398824,6.9681807,7.4896092
1982-07-07 12:00:00,5.023312,4.922143,4.9024525,7.153592,5.28694,5.350433
1982-07-08 12:00:00,2.7892308,2.5377688,3.1170845,4.2543974,6.6261954,2.376502
1982-07-09 12:00:00,3.6744063,3.124717,4.741496,3.4287908,3.6342869,3.7702348
1982-07-10 12:00:00,3.7346382,3.6277204,7.6119046,4.700494,7.5411844,6.63913
1982-07-11 12:00:00,3.86975,4.0675054,6.0006485,5.0736923,7.254775,5.24696
1982-07-12 12:00:00,5.2707663,5.325009,4.572,5.561808,5.595287,4.8588614
1982-07-13 12:00:00,2.757263,2.947178,6.503958,4.3604198,4.9072137,6.1633234
1982-07-14 12:00:00,3.609777,4.0035067,7.7930317,5.5583677,6.253851,6.5366993
1982-07-15 12:00:00,3.49167,3.6657383,4.867966,3.5632803,4.9493656,3.374338
1982-07-16 12:00:00,2.3925755,2.5630445,4.4036875,4.9360447,3.0289402,5.3251476
1982-07-17 12:00:00,5.441561,5.6922593,7.7390513,6.879289,4.550033,6.8495183
1982-07-18 12:00:00,4.9628115,4.7121806,5.509498,5.681372,5.8619623,5.1493516
1982-07-19 12:00:00,2.9644156,2.4592297,3.6410217,3.0454226,5.261315,3.365386
1982-07-20 12:00:00,1.8017915,2.0561209,3.3466797,3.5680335,4.780954,4.166582
1982-07-21 12:00:00,2.0998473,1.9681494,3.3192253,3.1086063,3.6590066,4.500547
1982-07-22 12:00:00,1.7285391,1.9123377,3.0501504,3.748361,3.0798578,4.6451116
1982-07-23 12:00:00,2.345687,2.6850848,2.2342818,4.1793118,4.3109546,3.0806093
1982-07-24 12:00:00,2.6268916,2.0881586,2.760203,4.0147595,4.320965,2.6684492
1982-07-25 12:00:00,1.249641,1.4945613,2.833176,4.062517,5.5952544,2.3839536
1982-07-26 12:00:00,1.5495611,1.8459586,3.0879588,3.8509917,7.2233534,3.4613175
1982-07-27 12:00:00,1.923148,2.1222348,3.3091524,4.406406,5.749908,3.758166
1982-07-28 12:00:00,1.7274108,1.7536308,2.0528762,3.504724,5.931684,2.478482
1982-07-29 12:00:00,0.9591919,1.2183703,3.1551614,3.056282,4.911569,3.1464179
1982-07-30 12:00:00,1.2952952,1.7596906,2.7887266,5.1930194,6.328375,2.834701
1982-07-31 12:00:00,1.3825636,1.6318408,2.4282603,5.194176,5.448545,2.4192383
1982-08-01 12:00:00,1.748043,1.6422561,3.022634,4.659215,4.3150463,3.0648632
1982-08-02 12:00:00,3.1346662,2.7796388,3.4680665,3.4654913,4.000675,2.7451744
1982-08-03 12:00:00,3.675968,3.0116162,4.185651,3.8231738,4.759216,4.4336424
1982-08-04 12:00:00,3.4447584,3.115089,5.1686754,4.248068,4.216985,5.8981094
1982-08-05 12:00:00,2.4338112,3.357513,5.962209,4.771034,3.0707417,6.9127116
1982-08-06 12:00:00,2.9036934,3.6953144,4.511244,4.9082203,4.956456,4.506536
1982-08-07 12:00:00,3.1704018,3.5324132,5.8782454,5.357278,6.0520597,6.6280575
1982-08-08 12:00:00,4.3131843,4.4823756,5.292406,4.625079,4.861784,3.9838996
1982-08-09 12:00:00,3.7160428,4.241576,6.3239408,5.614126,4.2574778,5.4684243
1982-08-10 12:00:00,2.8542066,3.761669,4.5272927,5.620474,4.4336786,3.824894
1982-08-11 12:00:00,3.4124374,3.7407582,6.035951,7.8914576,7.2853975,6.6958237
1982-08-12 12:00:00,3.544495,3.703989,5.520996,5.8598404,7.5025134,4.980047
1982-08-13 12:00:00,2.9732792,3.3041606,5.4069047,6.2449546,4.1159415,6.0405054
1982-08-14 12:00:00,4.6925797,4.740601,7.5422525,6.6150565,4.360113,6.456031
1982-08-15 12:00:00,4.335675,4.470954,6.2807927,6.422232,5.6347103,6.0163136
1982-08-16 12:00:00,5.173743,5.536671,8.232023,9.7026205,6.7628746,8.492257
1982-08-17 12:00:00,2.5527487,4.073142,4.464449,7.006766,5.3464746,4.816876
1982-08-18 12:00:00,3.5597887,3.774772,4.5792828,5.7996006,5.677737,4.1642003
1982-08-19 12:00:00,3.3313158,3.5189004,4.9669943,7.284827,5.893598,5.0407767
1982-08-20 12:00:00,2.0039284,2.3724775,3.8494415,5.6017394,7.4487267,2.7969384
1982-08-21 12:00:00,3.221134,3.0350447,5.856667,3.5781007,5.492184,4.135999
1982-08-22 12:00:00,2.3052158,3.0884254,3.7787673,7.6449347,7.3363733,4.5280395
1982-08-23 12:00:00,2.1849709,2.8832603,3.2536955,6.522656,7.063265,3.8086567
1982-08-24 12:00:00,1.8671541,1.977395,2.691078,4.5493283,10.02539,3.3469322
1982-08-25 12:00:00,3.353995,2.8937802,3.508657,6.4745774,9.021691,4.5597806
1982-08-26 12:00:00,3.910865,3.6821594,4.061978,6.8955603,7.5515847,5.623046
1982-08-27 12:00:00,1.380073,1.6564292,2.3683,3.9098792,8.901054,2.997163
1982-08-28 12:00:00,2.0455322,2.0388615,2.5135665,3.242038,7.0024347,2.0706701
1982-08-29 12:00:00,1.2849978,1.2731938,2.8951316,2.6238594,8.026645,2.2318354
1982-08-30 12:00:00,1.5792415,1.681881,2.6266952,3.058663,8.364969,2.3409228
1982-08-31 12:00:00,1.516328,1.6753032,3.4423616,3.0664198,7.4367027,2.898604
1982-09-01 12:00:00,1.0855604,1.6007798,4.009385,3.2141912,7.160495,3.2011821
1982-09-02 12:00:00,2.708607,2.833135,6.186468,3.318232,6.925333,4.9511766
1982-09-03 12:00:00,3.2530866,3.6147392,6.3653865,6.102786,6.206046,5.9877186
1982-09-04 12:00:00,1.9721004,2.6724045,4.272565,7.201315,9.05357,5.692716
1982-09-05 12:00:00,5.4072895,5.538504,6.675594,7.6256714,5.8161993,7.791198
1982-09-06 12:00:00,3.7754707,4.278212,5.2438846,5.901021,6.603416,5.14468
1982-09-07 12:00:00,2.453693,2.5372243,3.0400229,3.4349182,9.517994,2.7389464
1982-09-08 12:00:00,1.8530548,2.2818425,4.632938,5.4428563,8.375299,4.7047105
1982-09-09 12:00:00,3.9191806,3.2481277,4.5485334,4.244394,5.047487,2.3592844
1982-09-10 12:00:00,1.4617511,1.8394191,2.7625253,6.5228977,4.784877,4.1466756
1982-09-11 12:00:00,1.7682546,1.5887864,2.866649,4.461059,7.6901603,2.5296862
1982-09-12 12:00:00,1.6926659,1.9213784,5.201808,2.8448663,6.2762527,2.9512608
1982-09-13 12:00:00,1.5009019,2.0100257,5.342613,2.1389682,7.035588,2.9708784
1982-09-14 12:00:00,1.5255319,1.8783057,3.99268,2.656653,8.194651,3.1893551
1982-09-15 12:00:00,1.6568502,1.6538615,3.6721938,2.6302702,6.46346,3.0741336
1982-09-16 12:00:00,3.2834346,3.1058946,6.269233,3.9480462,3.6783092,5.5604787
1982-09-17 12:00:00,2.1552265,2.5657673,3.1613357,4.0637965,3.5528133,2.7875764
1982-09-18 12:00:00,1.618682,1.4821326,2.2661548,2.016115,4.1757245,1.665678
1982-09-19 12:00:00,2.3895407,2.2642994,4.1989727,3.0333202,5.4763126,3.9222841
1982-09-20 12:00:00,2.452434,2.620816,5.48107,4.7074494,4.3028827,4.4168186
1982-09-21 12:00:00,3.5274122,3.9721932,6.136507,5.069078,3.7475116,5.1065083
1982-09-22 12:00:00,2.7651153,3.2447174,3.5396874,4.653313,6.583937,3.7553961
1982-09-23 12:00:00,1.8327883,1.9141694,3.8421683,3.3313804,5.5551476,3.5636969
1982-09-24 12:00:00,1.9061885,2.3433435,3.359742,4.5583553,6.3610415,4.043538
1982-09-25 12:00:00,3.7102487,3.9508424,6.247634,6.9658756,7.113547,7.118739
1982-09-26 12:00:00,5.126109,5.1276035,8.319964,10.003051,8.317888,9.820678
1982-09-27 12:00:00,4.984572,5.2067423,7.081188,10.253352,9.400121,7.277937
1982-09-28 12:00:00,2.691481,3.3129241,5.1002693,6.755785,8.5051565,4.9195304
1982-09-29 12:00:00,2.1561384,2.2651408,4.553943,3.659454,7.635986,2.03181
1982-09-30 12:00:00,2.0366614,2.2621858,3.8001418,7.061805,8.081657,2.76418
1982-10-01 12:00:00,2.4271908,3.3433604,4.293614,7.8074636,9.031142,4.4201756
1982-10-02 12:00:00,2.7578907,2.8341873,4.2302127,5.190841,8.084994,3.6354072
1982-10-03 12:00:00,1.9774388,2.8828256,3.9575012,6.7125573,5.51642,3.3342192
1982-10-04 12:00:00,1.9321618,2.3208783,2.7193909,7.3388114,9.641589,2.6053877
1982-10-05 12:00:00,1.526606,2.1443813,4.010912,8.627392,11.660725,5.2661796
1982-10-06 12:00:00,4.943283,4.8252635,7.75882,12.3544,9.670445,10.17196
1982-10-07 12:00:00,5.1543145,5.4268317,7.7019825,10.411293,8.256383,8.951586
1982-10-08 12:00:00,4.135502,4.0814967,7.3879786,7.83485,8.774793,6.5735626
1982-10-09 12:00:00,7.0133085,7.3363156,10.492028,9.911432,7.0385537,12.595488
1982-10-10 12:00:00,3.4161177,3.4605584,5.7399516,5.87818,4.18577,5.430239
1982-10-11 12:00:00,3.8547153,4.006999,7.3315034,7.3871737,4.5811048,7.5169353
1982-10-12 12:00:00,3.6057668,3.3601444,6.1986437,6.2119746,6.180583,5.667624
1982-10-13 12:00:00,4.9270926,5.0585585,8.990986,6.040238,6.0122647,9.65267
1982-10-14 12:00:00,3.2286456,3.2854664,7.5244412,6.845705,4.125349,7.049456
1982-10-15 12:00:00,5.285554,4.269916,6.98518,5.9498405,7.4020567,3.1635778
1982-10-16 12:00:00,3.4074717,3.4367101,6.3219476,7.816934,8.298467,5.472372
1982-10-17 12:00:00,5.699473,5.105782,8.757767,4.757909,4.668156,6.3892565
1982-10-18 12:00:00,2.6208797,2.7852228,4.7217827,3.7128599,2.3697813,4.3107414
1982-10-19 12:00:00,2.748512,3.632896,9.0378065,9.266962,7.567462,8.9295025
1982-10-20 12:00:00,1.8583827,1.8775715,7.9399657,5.724824,7.2184296,5.4056506
1982-10-21 12:00:00,2.406853,1.9573358,5.7373943,4.458042,4.8158946,5.2218127
1982-10-22 12:00:00,2.4306347,2.905414,5.286591,5.654668,3.7831597,4.942209
1982-10-23 12:00:00,1.7109832,1.8884814,4.72025,5.3282523,3.5607636,4.83086
1982-10-24 12:00:00,2.5865896,3.1249716,5.0406466,7.8354464,9.022799,6.6671767
1982-10-25 12:00:00,4.1510324,4.3752866,7.9079213,9.1284275,9.427935,8.644233
1982-10-26 12:00:00,5.2004037,4.8194404,7.3421717,8.027369,8.750137,6.4327316
1982-10-27 12:00:00,3.2161317,3.0663412,6.157786,5.9553313,7.103045,5.049081
1982-10-28 12:00:00,2.9804218,3.029719,5.456733,4.2100058,4.73275,4.9057384
1982-10-29 12:00:00,2.848594,3.054656,5.826826,9.955443,10.059099,7.5424247
1982-10-30 12:00:00,3.8436053,3.771483,5.3542233,8.129097,11.042281,5.395501
1982-10-31 12:00:00,2.012001,2.4811552,4.059666,9.883671,12.656714,6.3417244
1982-11-01 12:00:00,3.4953578,3.7259843,5.7442675,6.5387654,10.179487,5.2079926
1982-11-02 12:00:00,3.8814676,4.1451206,8.750753,10.311301,7.0989804,9.5921955
1982-11-03 12:00:00,3.4140964,3.969513,7.707411,7.189233,8.307604,6.474512
1982-11-04 12:00:00,5.4077716,5.1044955,8.802955,7.5693192,5.8663445,6.9948807
1982-11-05 12:00:00,1.769444,2.0402582,3.3393345,5.088031,7.287537,2.7794142
1982-11-06 12:00:00,2.212597,1.8788555,8.870304,5.4473658,6.1829286,5.5074997
1982-11-07 12:00:00,3.7121239,3.1760662,8.833625,9.656643,12.991638,5.2882686
1982-11-08 12:00:00,2.7048311,3.1916027,7.8433056,11.131785,13.4732685,8.207704
1982-11-09 12:00:00,4.939346,5.417409,12.527048,9.749332,5.2564797,12.840427
1982-11-10 12:00:00,2.9745452,3.7234821,6.7616534,7.6517353,8.612328,4.8128133
1982-11-11 12:00:00,3.0073054,3.487926,5.8570895,7.373869,7.2724147,5.3209906
1982-11-12 12:00:00,2.176682,2.5380201,3.634028,7.9503603,6.311279,4.3589854
1982-11-13 12:00:00,2.263556,3.0550327,4.4444337,9.557761,6.1395373,5.8018546
1982-11-14 12:00:00,2.4555008,2.8649385,5.334095,6.5187755,6.570988,4.088618
1982-11-15 12:00:00,2.3258512,2.7199192,5.5209303,6.1068535,5.4920826,5.4745703
1982-11-16 12:00:00,3.6191216,3.5593526,7.1767535,6.9072747,6.7076926,7.4028764
1982-11-17 12:00:00,4.1985,4.379706,8.893986,8.183443,7.8581357,7.5499725
1982-11-18 12:00:00,5.3311596,5.1863194,9.517494,8.474808,7.3548203,8.190164
1982-11-19 12:00:00,5.485778,6.19764,9.053621,11.253687,8.193775,10.0252695
1982-11-20 12:00:00,2.1169345,2.804564,3.7483947,4.753077,10.820243,3.3646858
1982-11-21 12:00:00,2.3141696,2.338648,6.1308956,6.6845493,8.43525,5.736359
1982-11-22 12:00:00,4.2951813,4.5941443,8.207199,10.358558,9.089,9.238753
1982-11-23 12:00:00,5.1062565,5.00773,9.305563,10.287446,7.062292,8.837546
1982-11-24 12:00:00,4.0082064,4.4320064,7.0709386,11.110448,5.6421356,7.6609707
1982-11-25 12:00:00,3.117589,3.1113396,6.7602644,8.155932,6.3941164,7.388083
1982-11-26 12:00:00,3.9395256,3.908072,6.2968664,7.7036195,7.6794915,6.6904044
1982-11-27 12:00:00,3.3507218,3.5811555,7.390036,9.131504,5.599131,6.128244
1982-11-28 12:00:00,4.349369,4.234492,8.526459,5.980143,6.943165,7.320069
1982-11-29 12:00:00,3.7586422,4.504366,7.8542624,8.392382,6.581207,7.2095065
1982-11-30 12:00:00,3.569873,4.4819703,8.416976,9.453046,5.922594,7.7129903
1982-12-01 12:00:00,2.2481446,2.753031,4.7555947,3.854401,3.869704,2.7094061
1982-12-02 12:00:00,1.9996535,2.3826005,5.0158043,6.9503827,9.220146,5.726877
1982-12-03 12:00:00,3.0986538,3.0011077,5.449922,7.115872,10.242613,5.2283516
1982-12-04 12:00:00,3.8439689,4.0009246,8.390367,9.661612,10.529115,8.19147
1982-12-05 12:00:00,4.161144,4.270255,7.695062,9.558682,7.498359,8.548567
1982-12-06 12:00:00,3.538761,3.7190583,6.869754,8.513825,5.7401934,7.3942094
1982-12-07 12:00:00,6.209871,5.78446,8.682446,9.508687,8.930629,8.510522
1982-12-08 12:00:00,5.68249,5.4616194,7.1861105,6.8551445,7.7095294,6.0611935
1982-12-09 12:00:00,3.7705567,3.6566408,6.9671736,8.1227455,7.8831973,7.5657754
1982-12-10 12:00:00,4.048047,4.032732,6.634798,8.80841,8.802386,7.9099627
1982-12-11 12:00:00,4.0682244,4.3100176,6.061045,9.162653,8.320968,7.41512
1982-12-12 12:00:00,2.050578,2.6806803,2.7811882,6.5255933,7.463205,3.1620283
1982-12-13 12:00:00,1.0098016,1.2887758,5.052115,4.8267074,4.2344503,4.3363495
1982-12-14 12:00:00,3.7635567,3.5474691,8.653178,6.9889894,5.0728073,6.9345727
1982-12-15 12:00:00,3.9473965,4.302662,4.150086,8.105463,7.443026,4.821785
1982-12-16 12:00:00,1.6806335,1.6323417,3.2293317,6.106965,10.322072,3.3416908
1982-12-17 12:00:00,2.0935354,1.6834017,4.092063,4.6155534,9.496214,3.3723667
1982-12-18 12:00:00,1.7085835,1.579873,4.253988,4.4810944,7.3667464,3.902004
1982-12-19 12:00:00,1.101283,1.4079367,3.1779435,4.8737316,5.8188953,3.5037012
1982-12-20 12:00:00,1.9116001,2.0016005,5.3081517,4.502474,4.99948,4.751984
1982-12-21 12:00:00,1.9659524,2.2828007,4.631388,2.9588695,4.41633,3.0826373
1982-12-22 12:00:00,2.87713,2.8219614,7.993312,8.6729765,7.2503905,8.231709
1982-12-23 12:00:00,2.4036207,2.4961152,6.2047033,8.253027,11.476758,6.0753226
1982-12-24 12:00:00,1.5323441,2.0355978,5.143981,6.3293676,8.860375,4.1482925
1982-12-25 12:00:00,2.3727732,2.5038993,4.933967,4.6493015,6.879301,3.944403
1982-12-26 12:00:00,3.6524625,3.9390857,8.853543,10.05451,7.4379177,8.717678
1982-12-27 12:00:00,3.6050136,3.3452573,8.54688,8.6655245,11.807196,7.9457664
1982-12-28 12:00:00,6.8652315,7.141071,11.849828,11.923494,10.419932,11.416432
1982-12-29 12:00:00,3.7585776,3.7072494,8.086929,7.02261,5.8750677,5.36906
1982-12-30 12:00:00,3.4189415,3.5535219,6.2592406,6.6721964,5.1319895,5.991725
1982-12-31 12:00:00,1.6851153,1.8926446,5.9482427,6.608154,5.6205754,5.009337
1983-01-01 12:00:00,3.053793,3.314834,5.012298,6.19802,4.7558327,4.721058
1983-01-02 12:00:00,1.6462841,1.9754869,6.991034,7.8064733,5.3414893,7.828821
1983-01-03 12:00:00,5.145547,5.327646,8.031512,9.399777,8.44646,7.892318
1983-01-04 12:00:00,2.0184495,2.389275,3.8600805,7.162865,8.416885,4.016979
1983-01-05 12:00:00,1.2105602,1.8152179,6.3460693,7.3823867,8.093697,6.5458508
1983-01-06 12:00:00,4.654793,4.867646,7.5632324,8.890588,11.6691475,8.185549
1983-01-07 12:00:00,4.0495667,3.927215,9.476365,7.804456,7.387595,8.256406
1983-01-08 12:00:00,4.5713344,4.4767756,9.922625,8.498755,6.477147,7.745166
1983-01-09 12:00:00,5.633166,4.9134107,8.345308,6.3846135,6.495321,6.0884376
1983-01-10 12:00:00,2.4809456,2.5898893,5.0754123,8.099166,6.453767,3.3556695
1983-01-11 12:00:00,4.004936,4.287588,9.546131,9.503406,5.6756315,9.19251
1983-01-12 12:00:00,5.202544,4.62032,10.326659,8.046001,7.318054,7.994884
1983-01-13 12:00:00,3.514011,3.8804674,7.1357207,9.674951,9.066775,6.725944
1983-01-14 12:00:00,2.4006784,2.8209229,4.0602217,8.816459,7.1836543,5.0818605
1983-01-15 12:00:00,2.3291667,2.8498096,5.8838463,9.052935,11.934635,6.754316
1983-01-16 12:00:00,1.0711297,1.7261755,4.1682343,9.615383,12.974309,5.719595
1983-01-17 12:00:00,0.6517128,1.0494756,3.3374925,7.210102,12.230048,4.056092
1983-01-18 12:00:00,1.0549349,1.3524765,3.0052786,4.4142737,11.922648,2.1269693
1983-01-19 12:00:00,1.5932436,1.4066082,5.126537,3.6405597,8.623536,3.1060503
1983-01-20 12:00:00,1.9997201,1.994907,7.363078,6.3526835,4.9459357,5.701867
1983-01-21 12:00:00,1.3540787,1.5885736,6.8719325,5.4939156,5.3959913,5.000418
1983-01-22 12:00:00,1.4188505,1.9502335,8.455971,6.978945,5.8254776,7.813467
1983-01-23 12:00:00,2.4395635,2.7797878,10.02471,8.567463,5.808951,9.030167
1983-01-24 12:00:00,2.55699,2.5508056,4.2727733,6.759159,9.361613,3.830232
1983-01-25 12:00:00,1.9192791,2.145575,4.9177046,5.357012,6.886004,4.8872237
1983-01-26 12:00:00,1.8098007,1.9385123,4.002564,5.205148,4.9311585,3.6476586
1983-01-27 12:00:00,1.5067457,1.6481262,4.959107,4.7115426,4.356847,4.077426
1983-01-28 12:00:00,2.8444898,3.1831539,8.523446,8.462172,6.598852,7.6831784
1983-01-29 12:00:00,4.369803,4.8686934,9.691102,9.481602,10.590299,9.246872
1983-01-30 12:00:00,4.8478675,5.3508983,9.988543,8.879939,10.451856,8.835976
1983-01-31 12:00:00,5.4019485,5.759982,10.397162,10.869004,10.03906,10.624287
1983-02-01 12:00:00,5.6159883,5.8380556,11.851106,10.891117,9.027951,10.924631
1983-02-02 12:00:00,4.930378,5.079227,6.6002994,8.997488,8.965,6.474122
1983-02-03 12:00:00,1.4366487,1.8083489,4.3106933,5.351154,8.057869,3.232797
1983-02-04 12:00:00,3.0234194,2.5340846,6.992538,5.7499695,6.4656334,6.7011886
1983-02-05 12:00:00,3.7111216,2.7919827,4.6047716,6.046117,4.642973,3.7232378
1983-02-06 12:00:00,1.3141023,1.6333402,4.8826866,6.41837,5.6322665,5.612688
1983-02-07 12:00:00,4.2052007,4.2799854,8.798076,7.5570264,7.433053,8.676087
1983-02-08 12:00:00,2.6856084,2.9341238,5.7293935,6.965033,6.7025228,5.962425
1983-02-09 12:00:00,5.605654,4.8032594,9.691362,5.6404443,6.0496364,6.6766768
1983-02-10 12:00:00,3.883477,3.9072485,7.0599885,7.256749,4.9969807,7.861029
1983-02-11 12:00:00,5.208839,5.100876,9.142351,8.62639,6.9224877,9.008595
1983-02-12 12:00:00,5.9726434,5.9512625,10.887123,8.91193,8.021895,8.571521
1983-02-13 12:00:00,3.8136013,4.3879066,7.685442,9.171672,6.5723643,7.9746466
1983-02-14 12:00:00,2.8684127,3.1745727,5.0567656,6.1319184,4.341143,6.598534
1983-02-15 12:00:00,3.2769566,3.4855628,6.365964,8.167489,6.509676,6.199072
1983-02-16 12:00:00,5.696561,5.7482247,11.1125,10.165315,7.806971,11.123737
1983-02-17 12:00:00,5.5822134,6.3044205,10.557032,13.901374,10.441975,10.330806
1983-02-18 12:00:00,4.59106,4.9138737,8.24205,10.589823,10.788461,8.272826
1983-02-19 12:00:00,2.0772133,2.2072217,3.6790836,5.088941,8.226685,3.7449057
1983-02-20 12:00:00,5.1269174,5.150856,9.304575,9.622499,7.207496,9.135765
1983-02-21 12:00:00,3.8672628,4.0419626,8.693942,9.818174,8.932914,9.230431
1983-02-22 12:00:00,6.0050135,6.5030317,10.842669,11.016139,7.615432,11.05629
1983-02-23 12:00:00,3.6872323,4.5285125,7.21107,10.290051,10.180547,7.853764
1983-02-24 12:00:00,4.3444757,4.3806543,5.7046337,8.099422,9.559676,5.4604254
1983-02-25 12:00:00,3.4688275,3.9747055,8.255425,8.933081,10.675442,8.698654
1983-02-26 12:00:00,3.0382113,3.3648496,5.481065,8.193608,7.9344745,5.8143706
1983-02-27 12:00:00,3.8080513,3.7738624,7.2813907,8.804729,8.394124,6.938475
1983-02-28 12:00:00,3.7477992,3.7471335,7.477529,6.9880047,8.888405,6.7026863
1983-03-01 12:00:00,5.099394,5.1619625,7.6201186,7.621645,6.4864984,7.716284
1983-03-02 12:00:00,4.3296995,3.7494338,4.115772,8.474233,7.9442115,4.3425717
1983-03-03 12:00:00,5.012407,4.813918,5.009378,5.962119,7.6286345,4.6954103
1983-03-04 12:00:00,2.3551435,2.5392423,5.983426,4.342094,6.6927185,4.521681
1983-03-05 12:00:00,2.5931845,2.2172482,3.8558424,4.8425927,7.6797976,2.4485283
1983-03-06 12:00:00,3.390951,2.9755218,4.1252637,4.120965,7.288514,3.8742876
1983-03-07 12:00:00,2.6554635,2.8123074,3.4327166,3.831642,6.6287932,3.2804878
1983-03-08 12:00:00,2.912584,2.9947238,6.945885,6.0305457,4.7088823,6.388208
1983-03-09 12:00:00,4.1146545,3.9012947,8.246756,5.501353,6.724312,5.76806
1983-03-10 12:00:00,4.568061,4.5839276,9.760301,5.69475,4.522538,8.823442
1983-03-11 12:00:00,2.9028845,3.3314447,6.042377,6.501339,4.3840537,4.5360036
1983-03-12 12:00:00,1.8346272,2.2752936,5.546953,6.6713543,5.1356564,6.778568
1983-03-13 12:00:00,3.649727,4.3872833,9.763765,7.3642545,6.3378596,8.729464
1983-03-14 12:00:00,2.7331796,3.195383,7.2815933,5.719094,8.273427,6.1844354
1983-03-15 12:00:00,2.5797088,2.2882724,4.3051095,3.3614316,8.014855,2.4722564
1983-03-16 12:00:00,3.2539532,2.9899366,4.1573305,3.9001641,7.954586,2.801135
1983-03-17 12:00:00,4.1626873,4.2301025,8.832912,6.662164,7.723273,6.1737084
1983-03-18 12:00:00,2.8364303,2.985898,9.071925,5.069697,6.528195,5.651861
1983-03-19 12:00:00,1.5658673,1.7725271,7.0400476,2.4673243,6.8089733,3.1723046
1983-03-20 12:00:00,1.2573003,1.2290089,4.1893454,1.5505482,4.78851,1.5399922
1983-03-21 12:00:00,1.612723,1.3928118,3.679532,2.8570585,6.599795,2.2692285
1983-03-22 12:00:00,1.0744776,1.3454603,2.281036,4.6034217,9.209176,1.9493679
1983-03-23 12:00:00,1.303858,1.5644994,3.42966,3.1948712,6.178184,2.9703674
1983-03-24 12:00:00,1.7433848,2.417465,6.656785,3.986248,4.571648,5.664008
1983-03-25 12:00:00,2.2539644,2.9713025,4.932594,4.2503552,5.004001,5.589117
1983-03-26 12:00:00,2.2083917,2.4041874,3.8501935,4.136067,5.459301,4.3125544
1983-03-27 12:00:00,2.5074093,2.3925219,4.986184,4.750886,4.841929,3.2791462
1983-03-28 12:00:00,3.2859101,3.2711601,6.592566,5.343892,6.4378576,4.9336786
1983-03-29 12:00:00,3.9221942,4.319403,8.064784,6.085926,7.9784064,7.00031
1983-03-30 12:00:00,2.8094919,2.924695,5.6103826,5.1209764,8.621286,5.224669
1983-03-31 12:00:00,2.7232823,2.5413022,4.581543,3.788525,6.2558055,3.2382426
1983-04-01 12:00:00,1.5239964,1.6485218,2.9371526,2.9751697,5.506309,2.6852725
1983-04-02 12:00:00,2.1931076,1.8131644,3.5246503,2.992582,4.48251,2.8796144
1983-04-03 12:00:00,2.5196111,3.2602468,3.997512,5.7687387,5.347096,3.8611245
1983-04-04 12:00:00,2.4347324,2.9504242,4.135924,5.059535,6.0278554,4.4199953
1983-04-05 12:00:00,4.205735,4.4459796,8.068972,7.9415975,5.8006077,9.027874
1983-04-06 12:00:00,3.737021,3.5673273,5.336991,6.063756,7.0130334,6.159256
1983-04-07 12:00:00,3.362835,3.1219828,4.989432,5.225863,7.2840796,4.996853
1983-04-08 12:00:00,3.9860704,3.2331154,6.222062,4.813282,6.9506235,5.5471725
1983-04-09 12:00:00,3.549497,3.132935,4.6973147,4.5177436,5.825452,5.4312534
1983-04-10 12:00:00,1.4416428,1.4866127,4.014647,3.4461546,6.687745,2.9490116
1983-04-11 12:00:00,2.6199117,2.0209136,5.126213,5.0546675,6.4791155,2.8928435
1983-04-12 12:00:00,3.1214428,2.6277463,3.627059,5.2280703,4.429008,2.7218158
1983-04-13 12:00:00,2.8166175,2.542225,3.5154803,4.1727,3.8279302,3.6214757
1983-04-14 12:00:00,2.8504255,2.823177,5.500469,3.45278,4.333758,3.1065538
1983-04-15 12:00:00,2.719335,2.6210034,4.2325745,4.6330047,4.765511,2.8534029
1983-04-16 12:00:00,1.4480104,1.7825527,2.6082907,4.393914,7.289986,3.2919486
1983-04-17 12:00:00,2.6513588,2.1461155,4.439415,4.0976124,6.8068805,4.8334765
1983-04-18 12:00:00,2.8970144,3.3181567,6.7189655,5.9290123,7.9211764,7.3224034
1983-04-19 12:00:00,2.4583871,2.8945177,7.855876,6.4147453,4.904673,7.743587
1983-04-20 12:00:00,2.4856787,3.0003977,5.8014007,6.0456347,6.194368,6.768216
1983-04-21 12:00:00,4.588171,4.651982,6.463366,7.7289033,6.327626,7.573906
1983-04-22 12:00:00,3.0090275,3.1975367,4.113371,7.253579,7.2823343,5.7442746
1983-04-23 12:00:00,2.423123,2.215829,3.3123708,5.1758714,5.2698045,4.1799207
1983-04-24 12:00:00,1.4824877,1.9998873,4.527842,4.8451123,5.598566,4.092748
1983-04-25 12:00:00,3.1131723,2.4302688,3.6667318,2.8042467,5.754949,2.35965
1983-04-26 12:00:00,2.1933813,2.5105405,2.3176444,6.679578,4.8365116,3.6619542
1983-04-27 12:00:00,2.435335,3.030703,4.1075096,8.240521,4.2809577,5.044428
1983-04-28 12:00:00,3.8264887,5.039215,5.757654,8.985166,4.0111294,5.1966352
1983-04-29 12:00:00,1.805858,2.4250016,4.40447,5.566583,5.301294,3.1017618
1983-04-30 12:00:00,3.8078408,3.6693974,5.9478436,6.1289744,4.874995,6.1447034
1983-05-01 12:00:00,7.099932,7.4484215,10.837049,11.912868,6.101604,10.97172
1983-05-02 12:00:00,6.879167,6.72428,8.773641,7.7398863,5.9521446,7.837132
1983-05-03 12:00:00,2.1706922,2.2307389,2.836421,7.633347,6.1364484,3.281966
1983-05-04 12:00:00,3.8875775,3.5501301,4.572377,9.053619,8.947525,6.4549384
1983-05-05 12:00:00,2.0809562,2.484929,4.2552795,6.9624243,6.522947,5.8171854
1983-05-06 12:00:00,2.878818,2.9552171,5.2318273,4.133945,4.4267783,4.27186
1983-05-07 12:00:00,2.4828846,2.9660313,3.3589904,4.80227,4.31103,2.6170065
1983-05-08 12:00:00,2.2102559,2.0464137,4.1134806,3.0129552,5.010892,2.2876284
1983-05-09 12:00:00,3.6996887,3.011782,5.7695355,3.4104588,3.6841974,3.5034497
1983-05-10 12:00:00,4.698379,3.7645314,5.2781243,3.936821,4.957992,3.4241073
1983-05-11 12:00:00,5.085971,4.4992104,6.438459,4.730502,3.76151,4.6376405
1983-05-12 12:00:00,3.0139532,2.3776357,5.0471377,3.4411678,4.3954787,2.8200388
1983-05-13 12:00:00,1.8659747,2.262958,2.226416,5.15423,5.8865623,2.63997
1983-05-14 12:00:00,3.9810321,4.0738845,4.5002103,7.0945106,5.192852,4.3520393
1983-05-15 12:00:00,4.096227,3.9197998,5.569028,6.084821,3.235044,4.3344026
1983-05-16 12:00:00,2.505695,2.6783042,5.768354,5.3675184,3.148042,4.783002
1983-05-17 12:00:00,1.8023113,1.594433,4.195594,2.9056435,3.460576,2.8203986
1983-05-18 12:00:00,1.606303,1.6844617,3.6223922,3.2653115,5.342299,2.2438319
1983-05-19 12:00:00,2.7028582,2.1342618,4.0617795,3.8526785,4.7143874,3.2208772
1983-05-20 12:00:00,2.129545,2.5241375,3.916928,4.6439404,4.2363434,4.1461253
1983-05-21 12:00:00,4.197809,3.9775424,2.8574576,4.197296,5.492278,2.4777665
1983-05-22 12:00:00,3.7751343,3.4676094,4.169395,3.5825818,6.2253466,2.9128902
1983-05-23 12:00:00,2.409832,2.8232539,4.653319,4.301102,5.947715,3.3985424
1983-05-24 12:00:00,1.8213519,1.8839447,2.9352648,3.6016397,4.550034,2.4443386
1983-05-25 12:00:00,2.7086954,2.5460389,2.8118794,3.045982,3.8045223,2.0304356
1983-05-26 12:00:00,2.4479473,2.4581814,2.6283326,4.0136175,4.147994,2.0574422
1983-05-27 12:00:00,2.7950401,2.5245638,3.082956,4.204407,4.3379455,2.4129386
1983-05-28 12:00:00,1.9243574,1.6427157,3.746853,4.539719,3.915317,2.1603544
1983-05-29 12:00:00,0.9877581,1.1421525,2.371615,4.709149,4.725413,1.804479
1983-05-30 12:00:00,1.2129985,1.2938058,3.0268881,4.304308,4.5113163,2.794703
1983-05-31 12:00:00,3.0145123,2.981844,4.9140525,6.995686,7.08259,6.4182844
1983-06-01 12:00:00,3.8750832,3.708392,5.1630683,5.4447684,8.777087,6.236079
1983-06-02 12:00:00,3.9618168,3.543579,5.269121,7.039118,8.780648,6.4577713
1983-06-03 12:00:00,2.8190038,2.6565557,4.152974,5.073668,8.133901,5.0661354
1983-06-04 12:00:00,1.2153671,1.8136221,2.8947542,2.870773,7.4105844,3.0123518
1983-06-05 12:00:00,2.0398605,1.9940637,3.6751614,3.148486,7.5800114,3.7473462
1983-06-06 12:00:00,2.3122067,2.2531965,4.2513475,4.1064787,7.1053276,4.305895
1983-06-07 12:00:00,2.0499282,2.885823,5.0422726,5.365664,5.203529,5.3021975
1983-06-08 12:00:00,3.7514813,3.6687994,5.7445583,5.6702766,5.6281557,6.0803742
1983-06-09 12:00:00,2.6726446,2.7305756,3.2074761,4.100758,5.1619453,3.6045592
1983-06-10 12:00:00,2.1859193,2.1091423,3.503051,3.3259037,4.8115177,3.316867
1983-06-11 12:00:00,2.5169456,2.8009174,5.0573583,4.8375034,5.0590425,4.165737
1983-06-12 12:00:00,4.2265697,4.5323105,6.5462723,6.5019298,5.089886,6.9918094
1983-06-13 12:00:00,2.3771126,3.1478047,5.2710996,6.992505,5.3549356,5.3834825
1983-06-14 12:00:00,2.7988267,3.081152,4.318051,5.121131,4.8942275,3.531873
1983-06-15 12:00:00,4.464862,4.686181,6.3486257,5.9449186,7.089459,4.874235
1983-06-16 12:00:00,2.6662188,2.1500542,5.599274,3.1048505,7.4514203,3.7455294
1983-06-17 12:00:00,3.3061812,3.08827,3.9832509,3.2080731,6.1601906,3.3041456
1983-06-18 12:00:00,3.7261994,3.8619998,3.9983017,5.2149596,4.907831,4.0854044
1983-06-19 12:00:00,2.6769805,2.958593,2.932517,5.026258,5.0381093,2.9359272
1983-06-20 12:00:00,2.7185254,2.5704405,2.8723407,4.0362835,4.206461,2.9657798
1983-06-21 12:00:00,3.5096016,3.1659646,3.5867047,3.7374606,4.360939,3.5386329
1983-06-22 12:00:00,3.1468153,2.91439,4.016258,3.3499837,4.081672,4.342074
1983-06-23 12:00:00,3.2523682,3.276745,3.9928777,3.8512614,4.7557335,4.5576487
1983-06-24 12:00:00,2.778291,2.94874,2.6712313,6.3927746,5.1386547,3.9733562
1983-06-25 12:00:00,2.1792533,2.1693606,2.4122956,5.374617,6.2357965,1.9407651
1983-06-26 12:00:00,2.4354875,2.1872396,2.4500437,6.009089,7.3919234,1.7555661
1983-06-27 12:00:00,1.6579216,1.619513,2.514942,4.924781,6.3967123,2.0728657
1983-06-28 12:00:00,3.1623025,2.612562,3.2910452,3.5915685,4.9397883,2.663955
1983-06-29 12:00:00,2.942174,2.23629,3.750327,2.8647418,4.6998053,2.3728883
1983-06-30 12:00:00,3.7381375,2.8394608,2.6434093,3.0485876,3.327763,2.5324345
1983-07-01 12:00:00,1.9984186,2.319492,3.862501,2.424032,2.3869708,2.8243263
1983-07-02 12:00:00,1.2339051,1.5585316,3.2991107,2.0737007,2.450334,2.4591248
1983-07-03 12:00:00,2.2352457,2.5328317,3.082125,3.2494898,4.481046,3.3488233
1983-07-04 12:00:00,2.8999674,2.7286992,4.1277175,3.5245328,3.4780555,3.129917
1983-07-05 12:00:00,3.121957,2.7321415,4.6883454,2.6272354,3.1629522,3.4716396
1983-07-06 12:00:00,2.1312165,2.088426,4.1205063,2.334089,3.3763897,3.0823436
1983-07-07 12:00:00,1.7589056,1.7219332,2.2891932,2.3441346,3.0047445,2.0509346
1983-07-08 12:00:00,1.2311693,1.3999678,2.7567422,1.8897645,2.823036,2.2922857
1983-07-09 12:00:00,1.396873,1.8317,3.3415992,3.1712751,3.017562,3.5229943
1983-07-10 12:00:00,3.1202826,3.2089572,3.6285799,4.311729,3.5866551,4.1932087
1983-07-11 12:00:00,2.920101,2.7228603,4.4052544,4.111576,3.1728911,4.1127853
1983-07-12 12:00:00,1.6181906,2.040354,4.6360593,5.1679335,4.18084,5.9741435
1983-07-13 12:00:00,3.2095094,3.1928582,4.1644235,4.7959304,7.116962,4.599435
1983-07-14 12:00:00,3.760229,4.017216,4.196387,4.5642495,5.8684373,3.4366627
1983-07-15 12:00:00,2.6263163,3.2489781,4.5986104,5.762425,6.384673,4.063065
1983-07-16 12:00:00,1.8742065,2.7642846,5.3989654,4.72692,6.181952,4.2371345
1983-07-17 12:00:00,2.3609498,2.960034,6.80187,5.6411867,6.084404,6.797969
1983-07-18 12:00:00,3.863369,4.303602,6.2675767,6.436651,5.52713,6.4749107
1983-07-19 12:00:00,4.253823,4.701498,4.6163282,6.01613,4.9163146,4.3294377
1983-07-20 12:00:00,3.5969834,4.3318853,5.2365775,6.504266,6.028116,4.6813064
1983-07-21 12:00:00,3.5124416,3.9704525,7.2101297,5.9946804,6.7252736,6.3272414
1983-07-22 12:00:00,4.4261246,4.8909764,4.373779,6.8701363,5.504335,5.522102
1983-07-23 12:00:00,4.477717,4.7460284,3.1212385,5.509065,5.259832,3.723093
1983-07-24 12:00:00,4.4752355,4.555469,4.3981075,6.2398086,6.1913767,5.298001
1983-07-25 12:00:00,2.2969635,2.8412511,5.4309707,5.9665246,5.522348,5.6034617
1983-07-26 12:00:00,3.8555076,3.642278,4.1856074,5.289694,5.8740363,4.3139453
1983-07-27 12:00:00,2.6165683,2.6471012,2.5512733,6.3371325,6.196976,4.6754537
1983-07-28 12:00:00,2.0010843,1.9830219,2.3835292,5.005464,5.299526,3.6915038
1983-07-29 12:00:00,1.7562752,2.282244,4.001164,3.8218904,6.0918627,2.9835737
1983-07-30 12:00:00,2.2832675,2.0405633,4.0028763,3.6019402,7.6032968,2.470357
1983-07-31 12:00:00,1.3065592,2.0008447,4.788861,2.8200145,7.7118907,3.9294503
1983-08-01 12:00:00,1.9638759,2.0029252,3.7130256,3.3448212,4.8397775,2.9486768
1983-08-02 12:00:00,3.0009978,2.647627,4.632138,3.1509027,4.1966424,3.2524462
1983-08-03 12:00:00,3.2552366,3.5872712,5.8395753,5.775302,5.3333983,6.417693
1983-08-04 12:00:00,2.024448,2.0667744,4.8566236,4.1670437,7.238996,4.3412685
1983-08-05 12:00:00,1.0429976,1.5417123,3.5855553,3.2347615,4.9695487,2.7695591
1983-08-06 12:00:00,2.218616,2.3686838,2.6697016,3.4704888,3.750666,2.122361
1983-08-07 12:00:00,2.4503822,2.1184738,3.0064044,3.706592,3.4942355,2.4714844
1983-08-08 12:00:00,0.87302464,1.277824,2.0893817,2.6652634,4.144383,1.9008228
1983-08-09 12:00:00,1.2011827,1.2528011,1.8293535,2.3659863,3.3551764,1.9436535
1983-08-10 12:00:00,2.398119,2.391203,4.415148,3.5965374,3.4525354,4.4085565
1983-08-11 12:00:00,3.1392634,3.53288,5.471634,4.8400235,4.777134,4.422368
1983-08-12 12:00:00,1.848422,1.9118395,2.7054298,3.6060998,5.4182997,2.4146142
1983-08-13 12:00:00,2.19587,2.0261798,2.9159973,3.3962455,9.329924,2.097423
1983-08-14 12:00:00,2.454933,2.663146,5.6751204,7.1077437,8.234168,6.0538964
1983-08-15 12:00:00,3.9965436,3.7958384,5.3164196,4.4125423,6.072826,4.325227
1983-08-16 12:00:00,2.0929055,1.9275146,3.3751295,3.5095487,3.681235,3.4320312
1983-08-17 12:00:00,1.5434318,1.5480736,3.9896843,2.3931904,2.6390865,2.5325825
1983-08-18 12:00:00,3.1430297,2.6746018,4.7438893,4.1027822,3.3581398,3.3597648
1983-08-19 12:00:00,5.240351,4.9131026,5.715029,4.606022,3.4428089,4.822204
1983-08-20 12:00:00,4.2890344,4.217456,5.5497594,4.7786283,4.263119,4.045948
1983-08-21 12:00:00,2.6487567,2.5183861,4.57227,4.2040124,5.566691,3.2158456
1983-08-22 12:00:00,1.3040742,1.3555459,2.993191,3.2954493,5.42831,2.638225
1983-08-23 12:00:00,1.7071642,1.8719712,3.7078552,4.341946,4.5559783,3.174542
1983-08-24 12:00:00,1.0008929,1.6395516,4.135747,4.525247,6.9123874,3.0912216
1983-08-25 12:00:00,2.5381966,2.1764426,3.9467008,2.6995337,5.121766,2.61141
1983-08-26 12:00:00,2.2806818,2.2924263,4.735535,5.1991496,3.2815197,5.4941955
1983-08-27 12:00:00,4.4504886,4.684244,7.3572865,7.120786,5.439163,7.4522986
1983-08-28 12:00:00,3.6647675,3.5204163,5.253145,5.3280787,6.3069687,4.1189036
1983-08-29 12:00:00,2.0903215,2.55215,5.180711,6.8587537,5.9370065,4.6049175
1983-08-30 12:00:00,2.1636443,2.187649,6.531674,4.8648086,3.679408,5.2374654
1983-08-31 12:00:00,4.6352596,4.510794,5.4463816,4.9426484,4.1287103,4.8285313
1983-09-01 12:00:00,4.5938683,3.7204726,4.6048627,3.930213,3.130457,3.6955082
1983-09-02 12:00:00,2.0385203,1.9694057,2.6597342,3.6692793,3.0439644,2.9124112
1983-09-03 12:00:00,2.9054692,2.4027529,3.6281543,3.2458334,2.3087192,2.871572
1983-09-04 12:00:00,2.7480164,2.0672963,3.3746154,2.7254746,2.4343574,2.5312212
1983-09-05 12:00:00,1.9144597,1.958189,6.360856,4.626893,2.8657894,5.5860734
1983-09-06 12:00:00,4.0466924,4.3258467,5.044257,5.9213467,4.817489,5.3185177
1983-09-07 12:00:00,3.8671508,4.1746306,4.572709,6.7626553,6.669126,4.132342
1983-09-08 12:00:00,3.7872488,4.4365716,5.967447,8.127944,6.6713457,5.898008
1983-09-09 12:00:00,2.1259983,2.473891,3.4422624,7.3223515,6.885307,5.1649604
1983-09-10 12:00:00,1.3827273,1.7474501,3.5865443,6.430833,5.6252074,4.5266333
1983-09-11 12:00:00,1.8849221,2.200289,5.9771686,6.1908536,4.633843,7.1129837
1983-09-12 12:00:00,3.7133625,4.0975394,5.181185,6.7557,5.7234254,5.168123
1983-09-13 12:00:00,2.6647117,2.6669717,5.184298,5.4322257,6.9189105,4.5994143
1983-09-14 12:00:00,3.888282,3.5692656,4.8225684,5.1716723,6.7218523,3.057406
1983-09-15 12:00:00,1.7283546,2.427854,6.108029,5.7931385,4.259469,6.813959
1983-09-16 12:00:00,3.1487417,3.3883235,4.833055,6.22866,6.8422284,5.346189
1983-09-17 12:00:00,4.7397504,3.874858,6.085948,3.3001387,8.709359,3.59263
1983-09-18 12:00:00,4.392939,4.4297376,7.954424,4.4442463,6.443955,6.24134
1983-09-19 12:00:00,3.292033,3.93596,5.3285756,6.7431116,3.7191586,4.963883
1983-09-20 12:00:00,3.707158,2.9906974,5.487096,4.535552,4.174034,4.424416
1983-09-21 12:00:00,3.434644,3.2516515,3.7140937,5.216611,5.285277,4.616406
1983-09-22 12:00:00,3.9690726,4.017143,10.097339,6.7902164,5.3696685,8.678324
1983-09-23 12:00:00,4.9374337,5.433049,8.621701,9.164641,7.77337,9.076905
1983-09-24 12:00:00,3.5252464,3.8250792,6.148426,7.874889,8.764584,5.826481
1983-09-25 12:00:00,2.0788975,2.1141207,6.4354687,4.808982,7.2329245,4.3367176
1983-09-26 12:00:00,2.8112211,2.476897,4.6510267,4.468012,5.973019,3.9130502
1983-09-27 12:00:00,1.9877354,2.3166735,5.840483,3.6675475,6.1715503,3.5278986
1983-09-28 12:00:00,2.0165262,1.9481711,4.3118434,3.4186308,6.444577,2.793729
1983-09-29 12:00:00,3.0917675,2.6155052,4.224287,3.9313815,4.433877,3.083716
1983-09-30 12:00:00,2.5826805,2.4695275,3.7603805,3.9324453,2.4992707,3.8846006
1983-10-01 12:00:00,2.0505157,2.7885747,4.470755,8.517371,6.442228,4.7624626
1983-10-02 12:00:00,3.2824578,3.9756932,5.2605934,6.5857244,5.7256675,4.7423534
1983-10-03 12:00:00,2.1511118,2.387326,4.308747,5.969596,4.0775886,4.2854033
1983-10-04 12:00:00,3.5510457,3.7118475,7.1046867,9.427783,8.71113,7.556691
1983-10-05 12:00:00,4.518683,4.8858533,9.9325695,10.352252,7.454135,9.028906
1983-10-06 12:00:00,3.4105122,4.6478434,6.0907493,9.87866,6.2287726,7.578556
1983-10-07 12:00:00,1.6974432,2.5269685,3.6383476,5.015412,6.1601906,4.8993287
1983-10-08 12:00:00,3.0144525,2.921973,3.663131,3.3215423,5.45083,3.9147236
1983-10-09 12:00:00,4.5144315,3.941821,6.857013,5.3753724,5.509724,5.788386
1983-10-10 12:00:00,4.1524973,4.343023,2.907672,6.2535067,5.121137,4.025182
1983-10-11 12:00:00,2.227528,2.928683,2.8313363,5.488539,5.515928,3.2539854
1983-10-12 12:00:00,4.3179965,3.4231908,4.582266,4.1855793,4.894221,3.3005886
1983-10-13 12:00:00,2.555733,3.0157378,5.289675,5.1561456,7.418637,4.586624
1983-10-14 12:00:00,2.5731242,2.890503,3.836648,4.1431437,6.678129,3.4522517
1983-10-15 12:00:00,1.7968527,1.9517289,4.2093024,5.3903837,7.3256173,3.8486478
1983-10-16 12:00:00,2.01073,1.9034799,4.287648,5.6769786,8.359531,3.3753574
1983-10-17 12:00:00,2.5910103,2.79333,5.1358747,5.710671,8.236676,4.4685473
1983-10-18 12:00:00,3.4184477,3.0942466,4.744652,3.816511,6.433427,3.4220414
1983-10-19 12:00:00,1.8826607,2.1746175,5.6208525,8.004114,10.068048,6.1683354
1983-10-20 12:00:00,2.6173084,3.477877,5.9383636,7.340884,8.1648245,5.2876496
1983-10-21 12:00:00,3.3471665,3.3116868,3.7557323,3.4273028,6.854579,2.9768846
1983-10-22 12:00:00,1.1471045,1.5189992,2.3935933,7.326834,9.071608,2.9690678
1983-10-23 12:00:00,1.8239359,2.2977605,4.6500072,9.907268,10.758922,6.0811014
1983-10-24 12:00:00,4.419036,4.2578235,8.304092,11.605686,7.8739824,9.7202425
1983-10-25 12:00:00,4.904493,4.9002676,6.198616,10.280157,7.4452662,6.8836675
1983-10-26 12:00:00,3.3399715,3.953842,6.8880296,7.581963,3.7760642,7.9273114
1983-10-27 12:00:00,2.5301902,2.8095553,5.2639284,7.0529428,3.9858263,5.6652617
1983-10-28 12:00:00,3.3493717,3.4067345,5.572925,9.092073,9.19954,6.974849
1983-10-29 12:00:00,4.3251376,4.0762243,7.361548,9.854248,7.3456483,8.746876
1983-10-30 12:00:00,6.752159,6.658844,10.590853,12.037285,9.593511,11.557832
1983-10-31 12:00:00,5.609536,5.7019253,8.338495,9.615228,10.080532,8.338739
1983-11-01 12:00:00,2.7924151,3.472819,4.928536,10.755817,8.969209,6.553418
1983-11-02 12:00:00,2.7334507,3.4718037,6.138015,10.836598,9.828584,6.1611514
1983-11-03 12:00:00,8.388984,7.6928697,14.285849,9.810063,7.5123057,12.269441
1983-11-04 12:00:00,6.2368703,5.3212004,10.04163,7.1808553,9.512127,6.029337
1983-11-05 12:00:00,3.8250463,4.1806374,8.49101,8.665593,6.5212655,9.193071
1983-11-06 12:00:00,5.0761414,5.2170215,7.8548145,7.874737,10.168012,7.592168
1983-11-07 12:00:00,3.9847434,4.155795,8.172276,10.456519,11.408992,9.141745
1983-11-08 12:00:00,7.238106,7.4387155,12.041484,13.160259,11.890578,12.166185
1983-11-09 12:00:00,4.683434,4.5895543,5.034886,6.145972,13.229889,4.7915936
1983-11-10 12:00:00,2.0332174,1.8401359,4.4896502,4.462677,8.344143,3.4431136
1983-11-11 12:00:00,4.541649,4.4862404,7.9025908,7.6577673,5.0087533,8.028343
1983-11-12 12:00:00,3.3877053,4.055665,4.91087,9.923239,7.639351,6.5561934
1983-11-13 12:00:00,2.9946535,3.7665505,6.535541,9.499094,10.818117,5.591331
1983-11-14 12:00:00,4.555268,4.3221884,11.455679,9.460026,6.6665473,8.35335
1983-11-15 12:00:00,5.1795297,5.2831874,12.716131,11.1193075,7.124776,10.569406
1983-11-16 12:00:00,5.2812257,5.6388254,12.798261,10.943419,7.2023726,10.7108
1983-11-17 12:00:00,4.764899,5.543028,12.000875,10.252352,8.13433,10.656557
1983-11-18 12:00:00,4.691688,5.4301567,10.466329,10.149046,10.1762295,9.257754
1983-11-19 12:00:00,5.125538,5.882712,11.536915,9.695355,11.554174,9.731442
1983-11-20 12:00:00,3.9830832,4.518604,9.9199295,9.246175,11.201766,8.509343
1983-11-21 12:00:00,4.344905,4.578918,9.8356905,9.291265,8.656055,8.696739
1983-11-22 12:00:00,3.9326155,3.4433658,7.5079246,5.782423,7.163244,4.8093314
1983-11-23 12:00:00,2.6697235,2.5122867,3.0006945,4.230368,5.784197,2.0504613
1983-11-24 12:00:00,0.94020593,1.4230889,3.2863777,5.916534,7.596871,3.0353935
1983-11-25 12:00:00,2.2549715,2.2952752,7.621555,6.860219,8.501871,6.7027493
1983-11-26 12:00:00,4.093391,4.860893,8.954789,10.508325,9.602178,10.086225
1983-11-27 12:00:00,4.583524,4.878891,7.495871,9.576123,8.229468,8.548911
1983-11-28 12:00:00,4.1273665,3.6598372,4.5326395,5.4769816,8.726234,3.954082
1983-11-29 12:00:00,4.415578,4.2263684,5.2806644,5.441538,6.727625,4.213551
1983-11-30 12:00:00,1.6734922,1.8435123,3.3913572,5.5169473,5.138041,2.470874
1983-12-01 12:00:00,2.423525,2.8159866,3.162897,5.808768,7.504912,2.246411
1983-12-02 12:00:00,2.926099,3.0311575,4.235108,4.0503244,7.102197,3.7058153
1983-12-03 12:00:00,2.8988278,2.7193599,5.3905444,3.939517,3.9447174,4.168689
1983-12-04 12:00:00,2.12452,2.3366597,8.166847,7.962303,5.9356737,7.539818
1983-12-05 12:00:00,5.1205015,5.184535,9.170478,10.362246,9.48221,8.617499
1983-12-06 12:00:00,2.8574464,3.0886445,5.831314,5.6409626,8.689065,4.4797497
1983-12-07 12:00:00,1.6282985,1.7240058,5.4729767,3.5571792,4.8560863,4.044031
1983-12-08 12:00:00,2.6290474,2.9682431,5.289914,5.4830513,4.9196115,3.5863042
1983-12-09 12:00:00,3.469638,3.8720808,5.5435104,4.1208687,5.9469385,4.534074
1983-12-10 12:00:00,1.5965401,2.0744066,6.0099483,6.4203334,6.1604805,6.409415
1983-12-11 12:00:00,3.657236,3.7642016,7.9898868,7.7015753,8.983872,7.390299
1983-12-12 12:00:00,5.6188736,5.1844125,10.473679,7.4890018,9.384097,7.5364037
1983-12-13 12:00:00,7.3304424,6.660913,10.443412,6.498264,5.113449,6.8459635
1983-12-14 12:00:00,3.5419886,3.7627006,7.478626,8.66388,4.6684275,8.70833
1983-12-15 12:00:00,2.4761221,2.163059,4.3882656,7.2077527,6.385415,6.034342
1983-12-16 12:00:00,3.075895,3.0383017,6.43886,6.2242413,6.9049373,5.03251
1983-12-17 12:00:00,4.5158324,4.237189,6.4244456,5.688357,7.198324,5.190723
1983-12-18 12:00:00,4.5638185,4.014511,4.7140646,5.1015496,5.538617,3.5899994
1983-12-19 12:00:00,1.6935749,1.7329373,2.8030262,3.9290028,7.5681963,2.4402573
1983-12-20 12:00:00,1.8794826,1.5540336,3.2478538,3.9476295,6.8552256,2.8434794
1983-12-21 12:00:00,3.615913,3.4852254,7.7310734,5.504259,5.47839,6.582006
1983-12-22 12:00:00,4.5944448,4.6891117,6.8311896,8.49248,8.233072,7.557379
1983-12-23 12:00:00,2.9867275,2.9916031,4.8395343,6.761915,8.357647,4.5450373
1983-12-24 12:00:00,1.632504,1.735025,4.9715214,6.6461225,7.5346065,4.6982245
1983-12-25 12:00:00,5.3362174,5.4379573,8.1096735,9.807349,11.073782,7.0648136
1983-12-26 12:00:00,4.0819125,4.223401,8.649041,8.299695,10.836412,8.053569
1983-12-27 12:00:00,5.567867,5.984344,7.2314034,10.231385,8.777082,9.000225
1983-12-28 12:00:00,3.4540446,3.6604364,6.1205244,7.789783,7.8046584,6.2260666
1983-12-29 12:00:00,2.174659,2.2499754,3.6742284,5.866439,6.8030868,4.3213825
1983-12-30 12:00:00,3.0398002,2.7807202,6.2085133,6.9740815,7.2997947,5.653776
1983-12-31 12:00:00,3.484725,3.3568509,7.7369456,7.537696,6.670838,7.5672264
1984-01-01 12:00:00,2.678908,3.1926339,7.1434426,8.414995,6.4075637,7.9030943
1984-01-02 12:00:00,2.4918985,2.7474334,7.860533,8.6510725,5.0948653,8.959365
1984-01-03 12:00:00,4.707217,4.7453113,9.214832,9.781375,6.6528053,8.616899
1984-01-04 12:00:00,3.7997594,4.4143095,7.641632,10.811182,7.9984336,8.498764
1984-01-05 12:00:00,2.9562151,3.4430015,7.0757346,8.743461,7.2436805,6.3364935
1984-01-06 12:00:00,3.0366163,3.1203954,7.4195857,6.7624645,4.9125476,6.1917934
1984-01-07 12:00:00,2.6907234,2.6062684,5.659623,6.6267314,4.365289,4.8084497
1984-01-08 12:00:00,2.5890598,2.6438491,7.1197963,6.0227003,4.642132,5.842438
1984-01-09 12:00:00,5.2979,4.634115,10.860169,6.366279,5.7276487,8.418777
1984-01-10 12:00:00,4.508161,4.07045,10.419237,5.5284877,6.453827,5.068398
1984-01-11 12:00:00,3.7061908,2.7536235,5.8981996,4.1108932,6.0528903,4.0076146
1984-01-12 12:00:00,2.9194036,2.5239902,5.555283,5.272366,6.291217,3.2649918
1984-01-13 12:00:00,4.5485296,4.891506,4.9091063,7.0652757,8.807362,3.7169764
1984-01-14 12:00:00,5.450982,4.970126,5.611402,5.934481,6.4110036,4.708714
1984-01-15 12:00:00,2.6349587,3.5756125,10.029174,14.246746,13.026475,12.121569
1984-01-16 12:00:00,2.227999,2.5795975,5.540337,9.512336,12.801735,6.228083
1984-01-17 12:00:00,2.9979117,3.3621857,5.881614,9.608735,8.308786,5.88141
1984-01-18 12:00:00,5.757932,5.588722,10.025466,8.827792,7.132716,9.596964
1984-01-19 12:00:00,5.922526,6.313584,9.502433,11.483488,10.208482,10.158304
1984-01-20 12:00:00,2.9853263,3.126794,5.5373797,9.710608,8.4339905,5.19863
1984-01-21 12:00:00,2.7942338,3.2864428,4.624039,7.9219055,9.507384,4.5761924
1984-01-22 12:00:00,3.3102138,3.3402357,7.0070105,8.022368,5.987208,6.2734675
1984-01-23 12:00:00,4.756074,4.3855305,11.100488,7.7552457,5.3064494,9.328116
1984-01-24 12:00:00,4.1448493,4.6809807,7.1394625,9.694926,6.913814,7.6301885
1984-01-25 12:00:00,6.271406,6.4646926,11.60312,12.410192,9.421951,12.016324
1984-01-26 12:00:00,7.097585,6.76865,10.01339,10.403759,8.566442,10.060488
1984-01-27 12:00:00,4.3128333,4.6640744,6.562949,11.6042185,9.322795,8.798668
1984-01-28 12:00:00,5.223391,5.047097,9.043708,9.501576,7.1402636,9.514457
1984-01-29 12:00:00,4.98279,5.2291446,8.931814,12.565097,12.297738,10.626326
1984-01-30 12:00:00,7.419648,7.204582,11.229604,12.221403,11.099478,11.701764
1984-01-31 12:00:00,5.867939,5.127758,8.448812,7.262907,8.338113,6.4901333
1984-02-01 12:00:00,4.5997,4.558355,9.579907,9.504074,5.9280705,9.55984
1984-02-02 12:00:00,4.5946646,4.7864637,6.92131,8.429845,7.6101937,7.0073147
1984-02-03 12:00:00,2.7691486,2.3939953,5.6219716,5.1082687,5.9933105,3.241807
1984-02-04 12:00:00,3.5571835,3.4608982,7.5602317,7.2087445,5.782138,7.6877723
1984-02-05 12:00:00,5.4715433,5.312398,7.9359345,8.798335,8.265156,8.4991
1984-02-06 12:00:00,6.1319513,5.5757236,8.9821205,7.8718405,7.7099595,8.141425
1984-02-07 12:00:00,6.9508815,6.399609,11.249407,10.694997,7.5320764,10.517384
1984-02-08 12:00:00,7.3779697,6.754882,12.042373,10.393853,6.077578,11.291834
1984-02-09 12:00:00,5.1479816,5.3873324,8.602573,11.924658,7.574758,9.225164
1984-02-10 12:00:00,3.2563493,3.230176,9.389201,6.9684644,6.240359,7.650162
1984-02-11 12:00:00,4.7144985,4.922244,5.9377613,8.070684,5.2154045,6.505041
1984-02-12 12:00:00,4.5995517,4.667129,6.199249,6.247548,9.840257,5.2251177
1984-02-13 12:00:00,5.8816404,5.6205225,8.333928,8.522475,10.226368,7.9931574
1984-02-14 12:00:00,6.2736115,6.002971,8.022402,8.2649145,8.967069,6.8695173
1984-02-15 12:00:00,5.277791,5.3390026,8.841008,10.404313,9.460116,8.733103
1984-02-16 12:00:00,6.360406,6.571585,8.655466,9.46685,9.569443,8.766869
1984-02-17 12:00:00,4.399979,4.898837,7.0286255,8.253424,7.81818,6.6334076
1984-02-18 12:00:00,2.8275774,2.9043055,4.0773516,6.631917,7.457118,4.2575397
1984-02-19 12:00:00,4.884493,4.443281,7.0221896,4.522007,5.927595,5.094986
1984-02-20 12:00:00,4.494635,4.753244,5.871117,6.523587,7.3262296,5.463407
1984-02-21 12:00:00,4.1137133,4.214106,6.655638,7.427863,8.550634,5.818553
1984-02-22 12:00:00,5.1540866,5.193022,5.5959034,6.5051985,7.133421,4.841633
1984-02-23 12:00:00,2.6167896,2.5513947,4.5682282,6.5745106,6.399215,4.4413996
1984-02-24 12:00:00,2.2452588,1.9316031,5.75124,3.4906614,4.19789,3.119065
1984-02-25 12:00:00,1.4972918,1.5337993,4.8344016,2.7865295,4.1495404,2.510163
1984-02-26 12:00:00,1.2659549,1.2435515,4.097123,2.472809,6.368869,1.8995124
1984-02-27 12:00:00,0.90885425,1.0477719,3.9514344,3.582457,7.338829,2.522023
1984-02-28 12:00:00,1.0935585,1.2501346,5.5136075,3.747438,5.2547154,4.3379655
1984-02-29 12:00:00,1.924087,2.2761226,7.4978857,6.6121664,7.2597837,6.64403
1984-03-01 12:00:00,2.1528118,2.7403185,7.9398746,6.5550065,7.330763,6.908314
1984-03-02 12:00:00,3.101001,3.6121128,9.810519,8.204097,7.4681654,8.481715
1984-03-03 12:00:00,3.9039037,4.677126,10.212376,8.9325,9.913124,9.676106
1984-03-04 12:00:00,5.2087326,6.1014194,10.805596,10.701849,9.040972,11.150523
1984-03-05 12:00:00,5.3329206,5.625829,7.374,8.286453,9.969597,7.4426484
1984-03-06 12:00:00,3.8158426,4.159359,5.4234157,8.775894,10.083423,7.801001
1984-03-07 12:00:00,1.9719831,1.9088464,4.465272,4.034364,4.8822584,5.0066895
1984-03-08 12:00:00,2.9878728,3.1817117,6.751854,7.484628,5.569865,7.496619
1984-03-09 12:00:00,3.7469482,3.5511389,6.1246977,8.467504,9.352023,6.9755826
1984-03-10 12:00:00,3.9433894,3.969828,8.03503,7.9368634,6.884477,8.233607
1984-03-11 12:00:00,5.0360694,5.0138164,8.984326,7.221976,7.2278943,8.8846245
1984-03-12 12:00:00,3.518709,4.0064793,5.560308,5.310832,8.033889,5.241545
1984-03-13 12:00:00,3.2102504,3.859793,6.2982616,6.5783916,7.027708,5.361876
1984-03-14 12:00:00,5.219391,5.177067,10.168531,9.803472,7.952865,10.021624
1984-03-15 12:00:00,3.4699461,3.5377302,8.38276,7.463224,8.567767,6.2734036
1984-03-16 12:00:00,4.682444,4.2939644,7.569512,7.521361,5.636227,6.5580926
1984-03-17 12:00:00,3.0283315,3.2478654,5.1032887,7.0086436,5.770103,5.425604
1984-03-18 12:00:00,2.6350434,2.9294357,6.6669097,6.2834263,9.182597,5.5569334
1984-03-19 12:00:00,2.3830805,2.6243594,4.1494827,5.373318,5.7884307,5.1588798
1984-03-20 12:00:00,2.4575768,1.9458365,4.5238667,4.2834935,4.9201255,3.5153544
1984-03-21 12:00:00,2.608594,2.0684996,5.622381,4.121396,3.4487133,3.329682
1984-03-22 12:00:00,2.770313,2.1756916,5.3564935,3.1075609,5.066552,3.4198446
1984-03-23 12:00:00,1.6948682,2.5148168,3.1730506,4.722373,6.352221,3.5774312
1984-03-24 12:00:00,4.8921056,4.970193,4.8026676,6.5829487,5.5957513,4.762791
1984-03-25 12:00:00,3.8260891,4.217231,7.030031,7.5237875,4.600009,8.785786
1984-03-26 12:00:00,2.6092308,3.4145424,6.32363,5.5584717,5.468331,4.55306
1984-03-27 12:00:00,2.4331882,2.9905,6.6474338,4.330555,6.195085,5.928036
1984-03-28 12:00:00,1.9071716,2.2166522,3.4325716,5.904347,6.3395424,3.963086
1984-03-29 12:00:00,3.1401038,2.8547688,5.4182615,5.526497,7.6504483,4.5910006
1984-03-30 12:00:00,4.7248807,4.379175,5.432368,5.990721,5.663343,4.9520383
1984-03-31 12:00:00,4.66237,4.091817,7.402991,4.2580605,5.279827,4.941983
1984-04-01 12:00:00,4.4639564,4.1488175,7.7052064,4.353314,4.0527396,5.205809
1984-04-02 12:00:00,4.730248,4.3964953,8.571593,5.1382046,3.3500097,5.98191
1984-04-03 12:00:00,5.566849,4.881837,8.066629,5.739945,3.2963228,5.4185333
1984-04-04 12:00:00,6.301801,6.2588344,7.9647017,6.9646254,3.5950816,6.190279
1984-04-05 12:00:00,5.8470135,5.7099457,8.850796,6.4211984,3.3057115,6.017554
1984-04-06 12:00:00,3.7613037,3.5423565,7.284741,4.7416153,3.6920285,4.733923
1984-04-07 12:00:00,1.9542302,1.7003055,5.2330246,2.910399,4.688442,3.0389555
1984-04-08 12:00:00,1.2277795,1.632902,3.0838158,3.3123095,6.4659314,2.9707246
1984-04-09 12:00:00,1.9590765,2.2058725,3.6204188,4.5908422,4.4978366,4.1603394
1984-04-10 12:00:00,2.698296,1.9850965,4.059582,4.1391716,8.860991,2.894139
1984-04-11 12:00:00,2.0044682,1.69842,3.5428843,5.101701,6.674744,2.1719425
1984-04-12 12:00:00,2.9037962,2.1985369,3.8345017,3.298175,7.3858457,2.5453105
1984-04-13 12:00:00,3.8780966,4.0571737,5.61744,5.4705486,6.4428635,4.615334
1984-04-14 12:00:00,4.832586,4.6454268,5.1912827,6.5543785,6.7166767,4.5422053
1984-04-15 12:00:00,3.5678608,3.9022825,7.2511086,6.7514005,5.2999773,7.977965
1984-04-16 12:00:00,2.6716685,2.4942465,5.6147857,5.8338227,5.441677,6.7829494
1984-04-17 12:00:00,3.9397678,3.931231,6.6719446,5.8094754,5.4987435,5.4247704
1984-04-18 12:00:00,2.546216,2.6584125,4.628604,3.9516742,5.3959746,3.4703085
1984-04-19 12:00:00,2.5645103,2.4942272,5.1302695,5.990584,3.514795,4.7368507
1984-04-20 12:00:00,4.388452,4.5770555,5.5240846,6.346882,5.7340064,4.954147
1984-04-21 12:00:00,4.449276,4.977945,5.113293,5.7703667,4.1294627,4.673849
1984-04-22 12:00:00,3.8240776,3.5442753,4.4395504,4.52235,3.452465,3.6346881
1984-04-23 12:00:00,2.8750505,2.8166378,6.5613375,5.961034,5.3911796,5.219808
1984-04-24 12:00:00,4.721689,4.3608737,6.363768,8.320216,6.178052,7.4129276
1984-04-25 12:00:00,2.0358732,2.1741948,5.14118,4.6780043,4.485394,4.012533
1984-04-26 12:00:00,2.366194,2.5560503,2.888009,5.8338785,6.703563,2.8359594
1984-04-27 12:00:00,4.602371,4.6346483,6.58424,8.924087,8.862046,6.7136736
1984-04-28 12:00:00,4.097025,4.5053,6.12248,9.853987,7.221645,6.347248
1984-04-29 12:00:00,4.85747,5.4823813,6.505134,10.915118,8.259354,7.064078
1984-04-30 12:00:00,4.36832,5.197098,6.381149,8.546027,9.12275,6.608144
1984-05-01 12:00:00,3.099892,3.1986141,4.7366962,4.7749376,6.5033717,4.7231565
1984-05-02 12:00:00,2.2981193,2.2521393,4.1812916,3.1478536,4.668849,4.110844
1984-05-03 12:00:00,3.5636165,3.1716778,4.251263,4.6425643,3.3441978,5.2906895
1984-05-04 12:00:00,3.2789693,3.4340065,5.5349183,4.436056,3.916933,3.4822588
1984-05-05 12:00:00,3.389817,3.431124,4.6034284,5.3181343,6.26045,4.508682
1984-05-06 12:00:00,2.774745,2.919768,6.579817,5.9820247,9.152954,5.351179
1984-05-07 12:00:00,4.7254987,5.0689635,4.9056907,5.674212,6.449343,4.2333026
1984-05-08 12:00:00,4.009728,4.617093,4.9069443,6.4470043,7.0453835,5.1581903
1984-05-09 12:00:00,4.022944,3.9032543,6.848334,5.8115005,5.730665,6.038549
1984-05-10 12:00:00,2.5640655,2.7880032,3.228629,4.8519435,4.2114267,3.576402
1984-05-11 12:00:00,1.9384552,1.8355241,2.8088517,3.3660712,4.29526,2.5207658
1984-05-12 12:00:00,1.9643816,1.8924075,2.5233335,4.311073,5.3698077,2.984167
1984-05-13 12:00:00,3.6954894,3.6580424,3.9553947,7.7603354,4.599601,6.0987225
1984-05-14 12:00:00,2.6916573,2.8605676,5.8628535,4.7726774,4.414878,7.294581
1984-05-15 12:00:00,3.1351025,3.1961303,5.1113605,4.868653,3.3956034,7.012986
1984-05-16 12:00:00,3.1181421,2.9666288,3.6836462,4.209906,4.8168826,4.5153494
1984-05-17 12:00:00,4.5996723,3.6587062,4.6771374,6.2470527,4.7847733,4.078921
1984-05-18 12:00:00,3.7961617,3.9524357,4.542307,6.554313,5.554617,6.262126
1984-05-19 12:00:00,3.5577972,3.2373447,4.050965,3.8095975,3.3106916,4.5194325
1984-05-20 12:00:00,2.1350155,1.891631,3.318207,3.7773297,3.7119184,3.4389799
1984-05-21 12:00:00,1.9565487,2.0421655,2.5309954,5.6358166,5.0966134,2.9483914
1984-05-22 12:00:00,2.713369,2.5895584,2.8152838,5.2784395,6.73867,2.8915858
1984-05-23 12:00:00,1.2673734,1.4496076,3.164157,3.1615767,4.530084,2.6735299
1984-05-24 12:00:00,2.2779372,2.2975137,3.9981554,3.8840516,4.2404733,2.8604698
1984-05-25 12:00:00,3.4583015,2.9844692,4.60282,3.169371,4.0930514,4.9618497
1984-05-26 12:00:00,4.651784,4.781515,5.7583523,7.468033,7.22701,5.747469
1984-05-27 12:00:00,2.3090134,2.8752282,3.2044039,5.636646,6.6090593,3.1842299
1984-05-28 12:00:00,3.282561,2.898375,3.758393,4.1009674,6.1965914,4.591357
1984-05-29 12:00:00,3.714749,3.941974,4.272114,6.877281,6.298,6.2552695
1984-05-30 12:00:00,2.8410847,3.2736087,3.875202,6.3770347,5.6122074,5.58317
1984-05-31 12:00:00,2.0444927,2.5080714,4.1221213,5.0943146,5.987464,3.9366684
1984-06-01 12:00:00,2.9771655,3.2657976,4.563385,4.347081,4.6962805,4.7823095
1984-06-02 12:00:00,2.9006915,3.2371037,3.127267,3.4642575,5.3496213,3.6610577
1984-06-03 12:00:00,3.4621303,3.79873,3.4741518,3.589388,5.770013,3.342533
1984-06-04 12:00:00,1.8270258,2.1086395,3.224542,3.6311374,5.7662964,2.2641351
1984-06-05 12:00:00,4.2922997,4.523514,6.0783153,4.8974066,5.3536887,4.8717895
1984-06-06 12:00:00,5.2712913,5.4422145,5.74516,5.4033318,6.426234,5.189574
1984-06-07 12:00:00,5.574218,5.267495,6.4820585,5.657999,5.285671,5.5749073
1984-06-08 12:00:00,5.584695,5.3374605,6.7026677,5.8248067,4.2749753,5.0016584
1984-06-09 12:00:00,4.575695,4.8484325,5.344726,5.446737,3.4509988,4.473549
1984-06-10 12:00:00,3.3140137,3.6587481,3.8897707,4.493411,4.303544,3.4667516
1984-06-11 12:00:00,2.7371016,3.0107682,2.1966531,4.9426026,4.5656376,2.9507804
1984-06-12 12:00:00,2.4624434,2.754222,2.66537,4.582072,3.699689,3.5361502
1984-06-13 12:00:00,1.7957776,2.0570858,3.4896424,3.672503,2.88411,2.5614069
1984-06-14 12:00:00,2.8179398,2.4015925,4.059705,3.0263336,3.8618772,2.771747
1984-06-15 12:00:00,2.8883576,3.419252,4.598094,5.1285977,5.30439,3.1590815
1984-06-16 12:00:00,2.8480997,2.6137936,3.4305441,4.1817327,6.334494,2.4483535
1984-06-17 12:00:00,2.8807306,3.2840326,4.0737453,5.0752697,9.140374,4.2842517
1984-06-18 12:00:00,2.9372575,2.9564495,3.334061,6.183591,8.2015,3.797712
1984-06-19 12:00:00,2.2981107,2.3672514,3.2429664,3.8025687,6.2112765,2.6526675
1984-06-20 12:00:00,2.3795595,2.1732657,2.754,4.694158,5.5683084,2.6770666
1984-06-21 12:00:00,2.3899226,2.212554,2.3381753,3.411544,5.1591654,2.3113568
1984-06-22 12:00:00,3.507492,3.1369023,3.423257,4.1636786,3.9787564,2.7202656
1984-06-23 12:00:00,2.6164703,2.492621,3.5288355,3.1078362,4.5900655,2.909684
1984-06-24 12:00:00,3.1536193,3.22655,4.852366,3.438565,4.608902,4.6544523
1984-06-25 12:00:00,3.023388,3.1549203,4.1807284,3.698122,4.617019,4.285624
1984-06-26 12:00:00,3.1981,3.1223602,3.5071554,4.0100284,3.856268,3.041314
1984-06-27 12:00:00,2.5167737,2.5657227,2.1132574,5.068637,4.331156,2.073063
1984-06-28 12:00:00,2.4654477,2.2404695,1.9443697,4.418791,4.4002485,1.8452475
1984-06-29 12:00:00,2.196286,1.6344534,2.4831595,3.6308134,4.8590646,1.9764194
1984-06-30 12:00:00,1.4963702,1.5341387,2.4519103,4.018502,5.709017,2.018403
1984-07-01 12:00:00,1.5835794,1.3948755,2.2010293,3.9577355,4.8845453,1.5889564
1984-07-02 12:00:00,2.1422107,1.6042817,2.111854,3.9705427,5.3237014,1.7333602
1984-07-03 12:00:00,1.5109748,2.0158768,2.3183284,6.8775444,7.0006866,2.544915
1984-07-04 12:00:00,2.7171767,2.912578,2.543334,7.81746,5.6831317,2.6722105
1984-07-05 12:00:00,2.1815147,2.182913,4.4027834,6.9015594,3.4389443,5.7413335
1984-07-06 12:00:00,3.8344796,4.0366526,5.9289565,4.604023,3.0780191,5.5178185
1984-07-07 12:00:00,2.9315743,2.8097453,4.5771556,3.3550935,3.6782873,4.2619348
1984-07-08 12:00:00,4.45522,4.834811,6.841056,5.7803864,4.5374413,6.121294
1984-07-09 12:00:00,4.8428736,4.680506,6.248454,5.8974366,7.4952006,5.918176
1984-07-10 12:00:00,4.410301,4.201149,5.7231603,7.0573964,5.445057,6.961978
1984-07-11 12:00:00,2.3661156,2.665649,3.227356,6.345136,5.6220975,3.873885
1984-07-12 12:00:00,4.181226,3.9965665,5.359358,4.184196,5.547844,4.6042585
1984-07-13 12:00:00,1.9083815,1.8462135,4.280475,3.8316696,4.4329314,3.4800484
1984-07-14 12:00:00,1.9644209,1.9523584,4.2403,4.4819107,5.4734898,3.933913
1984-07-15 12:00:00,1.8458576,2.049461,4.6494203,4.842234,4.82446,4.5321255
1984-07-16 12:00:00,4.155909,3.745099,5.3272862,4.102952,3.5390043,4.5262613
1984-07-17 12:00:00,3.2815948,2.7077887,4.416413,2.9462452,3.2067783,3.731335
1984-07-18 12:00:00,3.5508614,3.2334268,4.5670853,3.6449606,3.7662182,3.6106865
1984-07-19 12:00:00,2.7194035,3.001408,4.5195894,4.1735377,5.7618613,3.891313
1984-07-20 12:00:00,2.9902291,3.5992587,3.60044,6.126267,7.8824277,3.5044658
1984-07-21 12:00:00,2.3285828,2.4340265,4.101666,3.7705982,6.378419,3.3457482
1984-07-22 12:00:00,4.2005086,4.4193254,9.63458,5.7053027,5.399251,7.7333107
1984-07-23 12:00:00,5.0032163,5.1740804,7.146804,6.23166,4.550787,5.9689445
1984-07-24 12:00:00,3.6313806,3.9929676,3.5317514,5.5101023,4.5491757,4.112522
1984-07-25 12:00:00,3.7097974,3.5126424,2.637304,4.102463,4.815325,2.7347627
1984-07-26 12:00:00,4.091892,4.410272,3.6790495,4.7962084,4.2796926,4.2739434
1984-07-27 12:00:00,3.5793786,4.020097,3.1061575,5.787715,4.0426574,4.1925874
1984-07-28 12:00:00,2.8467875,2.8547635,2.783616,4.444294,3.5248268,3.0073504
1984-07-29 12:00:00,2.4916444,2.4032376,3.8521883,3.2901113,4.0943704,3.0883243
1984-07-30 12:00:00,2.0388105,2.1335676,3.4903984,2.8101401,6.0047994,2.8357575
1984-07-31 12:00:00,1.4576797,1.7739441,3.516348,3.0462606,7.5094323,3.3885574
1984-08-01 12:00:00,3.0722513,2.6497078,4.6959066,3.0547097,6.816674,4.15855
1984-08-02 12:00:00,2.7264836,2.927214,6.934155,3.7745945,7.6335754,5.2157865
1984-08-03 12:00:00,3.5076778,2.9237804,6.04507,4.0309825,5.732961,4.739399
1984-08-04 12:00:00,3.13791,2.61693,5.9279423,2.769686,6.9889116,4.102176
1984-08-05 12:00:00,1.5304407,1.3156466,4.113827,4.4153423,7.011328,2.569579
1984-08-06 12:00:00,1.4395002,1.5784978,2.2835734,4.6066437,5.185279,2.5043721
1984-08-07 12:00:00,1.5168059,1.8183768,2.4723628,5.1472235,4.9022436,2.3983378
1984-08-08 12:00:00,1.3453547,2.0758443,5.127908,5.3326893,6.316823,4.3684545
1984-08-09 12:00:00,2.2128737,2.4166038,4.827761,3.5793304,4.4814696,3.27705
1984-08-10 12:00:00,2.4993243,2.7810092,4.5430903,4.737566,4.0106335,5.494172
1984-08-11 12:00:00,2.3284419,2.810049,3.291483,3.9765275,4.2775383,3.4791834
1984-08-12 12:00:00,3.4351132,2.9353402,3.7984562,4.1826277,6.08571,2.34608
1984-08-13 12:00:00,1.8330702,2.1456022,3.421687,4.876401,7.4350433,3.4442987
1984-08-14 12:00:00,2.2670283,3.1196558,5.4150357,5.937901,8.04164,4.9850645
1984-08-15 12:00:00,2.270031,2.2961078,4.6418033,6.1427402,9.193001,3.9388063
1984-08-16 12:00:00,4.2973466,4.6048193,5.5264373,6.548598,4.3928866,5.8910527
1984-08-17 12:00:00,3.7239468,3.4786835,5.321245,5.242817,5.116667,5.3844805
1984-08-18 12:00:00,3.563042,3.4313834,3.6878755,4.3461065,6.4168754,2.8174198
1984-08-19 12:00:00,2.3633392,2.0564291,4.6392436,3.1074991,5.561532,3.5848436
1984-08-20 12:00:00,3.245951,3.0676985,6.031294,4.5556154,4.317002,6.037811
1984-08-21 12:00:00,2.6288548,2.5216806,4.0721917,3.9830627,3.1989331,4.490745
1984-08-22 12:00:00,2.2615194,2.2110713,2.8627546,3.5632038,3.5681806,2.5487428
1984-08-23 12:00:00,3.0050719,3.1344943,3.7349968,3.8451202,5.910247,2.9195817
1984-08-24 12:00:00,4.198634,3.971716,6.6381316,4.197632,4.6347594,4.638717
1984-08-25 12:00:00,3.0186014,3.3629885,4.414767,6.245234,5.043217,4.6950736
1984-08-26 12:00:00,2.533366,2.9310193,5.4188266,6.5474906,5.538273,6.1182294
1984-08-27 12:00:00,2.9857697,3.6885316,5.052151,7.7493725,5.5624495,5.2033362
1984-08-28 12:00:00,1.9814826,2.701525,3.9807384,5.3749146,5.3353615,2.9613633
1984-08-29 12:00:00,1.9210382,2.011857,3.3852334,4.3463306,6.3546515,2.4367738
1984-08-30 12:00:00,5.4872766,4.505463,6.393479,4.338589,7.066988,4.083847
1984-08-31 12:00:00,5.269192,5.166651,5.5173845,5.822508,5.5271935,3.7212687
1984-09-01 12:00:00,1.9142069,2.3143241,3.8876765,4.2158527,8.335694,2.450164
1984-09-02 12:00:00,1.5321203,1.6599998,3.7937353,3.3395214,4.7391415,2.4131806
1984-09-03 12:00:00,3.1418972,2.8377252,6.836263,3.73098,3.8885503,3.9309666
1984-09-04 12:00:00,4.2990403,3.9870417,6.544144,4.981695,4.6889305,4.753513
1984-09-05 12:00:00,4.940006,4.4211144,6.258795,4.875684,5.6890173,4.4980946
1984-09-06 12:00:00,3.4593813,3.7371657,5.5248137,6.3701186,6.118414,5.205985
1984-09-07 12:00:00,2.5381749,3.3105967,5.6796265,6.127084,8.575526,5.8312407
1984-09-08 12:00:00,5.125035,5.0939746,7.8776045,8.536705,8.163442,7.173463
1984-09-09 12:00:00,2.5601578,3.1698873,5.7354693,8.088164,7.7274647,5.486689
1984-09-10 12:00:00,2.0496545,2.3235126,4.7235413,5.3762703,6.6479416,4.3173513
1984-09-11 12:00:00,3.100538,3.8606863,7.1114774,7.6424885,4.297746,7.897245
1984-09-12 12:00:00,7.009057,7.00252,10.308826,10.310779,5.182577,9.387359
1984-09-13 12:00:00,5.6025314,5.22521,7.1827607,6.0375967,5.959759,5.50846
1984-09-14 12:00:00,2.8325257,3.5435636,5.3917146,8.306859,6.272456,5.590909
1984-09-15 12:00:00,3.2906244,3.6237361,5.256685,4.8098474,5.4753246,4.9476047
1984-09-16 12:00:00,2.9446738,3.1866984,6.666142,8.16438,6.562055,7.181168
1984-09-17 12:00:00,3.4362292,3.350018,8.316946,6.2278543,4.9319453,7.4943213
1984-09-18 12:00:00,3.718005,3.4498303,5.265218,3.8787029,4.6936626,4.3989058
1984-09-19 12:00:00,2.322686,2.9179127,4.49567,5.8066673,4.1902223,4.482018
1984-09-20 12:00:00,3.8220809,3.8975909,5.6109056,3.9973907,2.5339653,4.7190146
1984-09-21 12:00:00,2.4328625,2.3833067,2.7914448,2.6683266,2.333336,1.9215727
1984-09-22 12:00:00,1.9210547,2.0560007,2.2429132,3.41078,4.3614554,1.699956
1984-09-23 12:00:00,2.702192,2.6820846,2.245179,2.4656155,4.7273097,1.5784197
1984-09-24 12:00:00,1.2240722,1.2815971,2.4469602,4.4232936,6.878447,3.1106474
1984-09-25 12:00:00,1.2525129,1.7365012,2.9356384,6.697026,10.078728,4.374849
1984-09-26 12:00:00,1.4784276,1.8230846,3.2099905,7.621215,9.368035,4.2520685
1984-09-27 12:00:00,1.4254658,1.420215,2.438093,4.836107,5.202635,2.113147
1984-09-28 12:00:00,1.2264044,1.5271736,1.9828541,6.117995,9.530193,2.395861
1984-09-29 12:00:00,1.6607435,2.4083369,3.8169463,6.3018794,8.418328,3.4240186
1984-09-30 12:00:00,3.559995,4.342521,5.7977133,7.116678,7.408488,5.528884
1984-10-01 12:00:00,2.7416708,2.727545,4.492347,4.2707953,5.1428103,4.038074
1984-10-02 12:00:00,4.874616,4.7721844,7.7326922,8.608388,6.9296513,7.7242193
1984-10-03 12:00:00,3.8972054,4.051702,3.9591405,7.548267,4.730807,3.62178
1984-10-04 12:00:00,3.2238023,3.743635,3.55876,7.8021626,7.4991274,2.8335168
1984-10-05 12:00:00,1.4072102,1.4509419,5.122132,4.213391,4.5661283,2.7341628
1984-10-06 12:00:00,2.7309034,2.780617,5.8147326,5.293289,3.6082036,4.87346
1984-10-07 12:00:00,3.7393136,3.9051306,6.965335,7.477811,6.486057,7.3691893
1984-10-08 12:00:00,4.6155415,4.404354,6.660294,7.9091024,7.3725433,7.2780967
1984-10-09 12:00:00,2.5507107,2.7830615,4.8998733,5.850594,4.925829,5.915247
1984-10-10 12:00:00,2.470384,2.3028593,4.547449,3.2560103,4.6388927,3.3524835
1984-10-11 12:00:00,2.7223701,2.7485182,4.387989,4.25114,4.420019,3.0805297
1984-10-12 12:00:00,1.6993511,1.9705455,3.637813,4.964515,4.734378,2.7266436
1984-10-13 12:00:00,1.6931343,1.5060357,2.779735,5.121474,4.2181325,2.7501974
1984-10-14 12:00:00,0.9339421,1.495374,5.7647457,5.877156,4.7940745,6.2306876
1984-10-15 12:00:00,3.8869035,3.981898,9.634312,7.9403524,8.560272,7.553903
1984-10-16 12:00:00,4.1169558,3.9981875,8.773876,8.277137,9.688695,7.1121945
1984-10-17 12:00:00,2.1509583,2.4845064,6.2466097,6.2022676,8.179873,5.9075937
1984-10-18 12:00:00,2.130924,2.36951,4.8657403,4.6631074,4.6953826,4.613432
1984-10-19 12:00:00,2.4073603,1.8987285,5.6675477,4.6668224,5.0809035,3.9071586
1984-10-20 12:00:00,3.7907574,3.285968,5.7100496,5.6279945,6.909942,3.7305243
1984-10-21 12:00:00,2.8227441,2.6965027,5.516628,5.462924,7.1855288,4.0588207
1984-10-22 12:00:00,2.7124403,2.685036,4.0969806,7.1972966,7.2403793,5.288702
1984-10-23 12:00:00,2.6133063,3.0993526,6.7224817,8.581601,6.5281935,7.654669
1984-10-24 12:00:00,5.5531793,3.7228959,4.148981,5.8906927,7.9255314,2.6853538
1984-10-25 12:00:00,2.8813083,2.7061374,4.7851443,5.6707997,5.8895426,5.0885277
1984-10-26 12:00:00,2.675243,3.1964338,4.6921706,8.395036,7.0948114,5.4838924
1984-10-27 12:00:00,1.3872534,1.3616745,4.5190964,5.3947163,8.433238,3.618058
1984-10-28 12:00:00,3.5372357,3.670491,6.335655,8.625036,7.341662,7.6525908
1984-10-29 12:00:00,2.0952578,1.9803505,2.497409,5.9965463,7.134822,2.7337887
1984-10-30 12:00:00,1.6392395,2.054924,4.3516145,7.546805,9.0196905,5.032207
1984-10-31 12:00:00,3.3575757,3.3059418,6.4580693,9.062046,10.320169,6.959005
1984-11-01 12:00:00,5.8287807,4.774357,11.950257,7.605772,8.736663,7.4614806
1984-11-02 12:00:00,4.7908998,4.85752,9.066868,8.102242,8.756494,7.3123546
1984-11-03 12:00:00,3.892042,4.3442464,7.0364237,8.10125,6.655401,8.257012
1984-11-04 12:00:00,4.052025,4.583601,5.755166,8.322586,6.9183702,6.028202
1984-11-05 12:00:00,3.743695,4.51755,8.130412,11.065605,4.083328,8.914758
1984-11-06 12:00:00,3.9579763,4.3553405,8.315326,7.046129,3.5004942,6.838512
1984-11-07 12:00:00,2.5320292,2.7220323,4.85359,4.740912,5.0647035,4.611497
1984-11-08 12:00:00,1.8535904,2.5817337,5.6711817,7.237803,6.263244,6.041533
1984-11-09 12:00:00,3.4107926,3.7290509,7.5811152,6.6880693,5.936403,7.417476
1984-11-10 12:00:00,3.8904762,3.945401,6.756006,8.619947,5.6404405,6.5453377
1984-11-11 12:00:00,3.5167062,3.1936507,5.5716505,6.146899,5.389993,4.664362
1984-11-12 12:00:00,2.4880846,1.9439652,4.5974307,3.9733496,7.2667603,3.050022
1984-11-13 12:00:00,1.7350327,1.7867397,3.0822952,3.514585,6.5494766,1.6473868
1984-11-14 12:00:00,2.2933266,2.2318575,2.373685,2.637759,5.590713,2.0073068
1984-11-15 12:00:00,1.0575073,1.4217716,2.4016097,2.6252809,4.731575,1.7656792
1984-11-16 12:00:00,2.1151981,1.670118,5.2794,4.3234806,6.5888505,3.6068935
1984-11-17 12:00:00,2.0289657,2.2240264,4.542967,4.163869,5.4625797,2.9547174
1984-11-18 12:00:00,3.7798026,3.4892802,4.305328,4.300876,5.4750366,3.5053868
1984-11-19 12:00:00,3.3923137,3.5974507,5.3453712,5.2988944,6.0108905,4.053793
1984-11-20 12:00:00,3.4142175,3.6309245,6.544351,8.415064,7.2500076,6.5238986
1984-11-21 12:00:00,3.8676105,4.345866,8.122767,9.329841,10.9153,6.512703
1984-11-22 12:00:00,3.390765,4.128102,8.007655,10.737277,11.430044,7.5967665
1984-11-23 12:00:00,4.5600815,5.0941424,6.4564266,8.719937,7.148429,6.060966
1984-11-24 12:00:00,2.6149807,2.8207471,3.4283192,5.9097548,6.894699,3.7532163
1984-11-25 12:00:00,3.17663,3.4118478,6.8397613,8.996234,5.6169815,7.4036307
1984-11-26 12:00:00,2.6874652,3.3507771,5.7316256,9.124823,7.6558075,6.6163692
1984-11-27 12:00:00,2.549142,2.6183102,5.9650636,7.9193773,6.136427,6.7044024
1984-11-28 12:00:00,5.0420794,4.2936583,6.647919,6.1769605,6.9012585,5.1327524
1984-11-29 12:00:00,4.7494392,4.404659,9.927039,8.081681,5.6794324,8.50927
1984-11-30 12:00:00,6.9653363,6.6304073,12.157875,6.8491583,5.0004873,8.967492
1984-12-01 12:00:00,1.8086166,2.1337948,5.5641403,4.8582616,4.917639,3.877422
1984-12-02 12:00:00,2.627718,2.4715967,3.4843748,3.552838,4.2923393,1.8602368
1984-12-03 12:00:00,1.3848987,1.4164777,4.6076355,4.3721395,4.8576236,2.496984
1984-12-04 12:00:00,3.4852138,3.5440397,7.006829,5.406916,4.896469,5.632341
1984-12-05 12:00:00,3.7953186,3.7977366,4.3958545,5.942301,4.317944,4.6670003
1984-12-06 12:00:00,2.5136304,2.1657686,3.9655924,3.2323895,3.7913816,3.3524156
1984-12-07 12:00:00,1.4792209,1.6660489,4.67281,3.889509,6.265404,4.3937273
1984-12-08 12:00:00,2.12835,2.4783037,5.004001,4.4896774,6.232517,5.5232077
1984-12-09 12:00:00,3.9048846,3.5378184,6.941886,5.074383,4.045742,6.1048155
1984-12-10 12:00:00,2.2678654,2.6039052,3.0415506,4.4619155,4.5895596,3.4099658
1984-12-11 12:00:00,2.1096673,2.3703678,3.9544466,4.098517,3.4694364,3.1556728
1984-12-12 12:00:00,2.2278838,2.5603106,3.528109,4.0810537,3.0661914,2.5695655
1984-12-13 12:00:00,2.8381002,2.7738879,3.9788485,2.8525078,4.3973875,3.2519126
1984-12-14 12:00:00,3.1897626,3.2323315,4.421442,3.894206,4.861987,3.3448021
1984-12-15 12:00:00,2.9445941,2.6355405,4.977917,3.8814847,5.3054714,3.4054105
1984-12-16 12:00:00,3.0160291,3.1435518,4.418322,3.7313857,7.38465,3.093871
1984-12-17 12:00:00,3.5017238,3.6001053,4.689864,6.6209097,6.4979863,4.9729924
1984-12-18 12:00:00,4.0901685,3.2494266,10.139373,4.4082017,5.1701946,6.6278095
1984-12-19 12:00:00,2.5004442,2.5852768,6.2098827,4.447711,4.069317,3.952182
1984-12-20 12:00:00,2.033202,2.171821,3.958329,6.0099845,6.22341,3.2316964
1984-12-21 12:00:00,2.0175562,2.5473664,4.15617,6.397537,5.1481185,3.5051343
1984-12-22 12:00:00,2.1850665,2.7751415,3.8795862,6.6913514,5.609439,3.6252558
1984-12-23 12:00:00,3.598385,3.4912386,5.185356,3.1505532,4.703219,3.8313904
1984-12-24 12:00:00,2.0422926,2.4279313,3.5941312,4.1603403,3.9725013,2.3177416
1984-12-25 12:00:00,1.6574295,1.7940011,2.8471797,3.1069105,3.2023869,2.5059333
1984-12-26 12:00:00,1.8707818,1.967507,4.168277,3.3469875,4.761228,3.0216415
1984-12-27 12:00:00,1.4182781,1.7015088,4.6594605,3.834976,3.819404,3.738476
1984-12-28 12:00:00,2.2044477,1.8212206,5.1685023,4.573055,6.0227904,4.06214
1984-12-29 12:00:00,3.6427402,2.7000036,5.208766,4.669946,8.6689,3.3503149
1984-12-30 12:00:00,3.1692567,2.4293108,3.8095222,3.1423538,8.334873,2.1327147
1984-12-31 12:00:00,2.9258163,2.205485,4.1181865,2.4038296,7.1343365,2.3210523
1985-01-01 12:00:00,1.4837666,1.450725,4.2235417,2.7414708,9.451143,1.9931501
1985-01-02 12:00:00,1.8783003,2.1928964,3.1184764,5.060619,10.004121,2.7768185
1985-01-03 12:00:00,2.0388367,2.2692885,3.53112,5.575264,6.461728,3.1680596
1985-01-04 12:00:00,1.6001669,2.4044685,2.5051172,7.4477997,9.834931,2.6279879
1985-01-05 12:00:00,1.7898715,1.9213111,3.4993286,5.6554303,8.439019,3.5767417
1985-01-06 12:00:00,4.596255,3.5866604,6.8719378,4.3943334,5.999175,5.016539
1985-01-07 12:00:00,4.3197346,3.4710417,6.8941326,4.627891,3.9776552,3.9942045
1985-01-08 12:00:00,1.3997195,2.1689825,3.4456346,5.397829,3.9762332,2.874259
1985-01-09 12:00:00,1.6092534,1.9013506,3.9291906,4.0154977,4.022939,3.3867939
1985-01-10 12:00:00,3.6430976,2.7761908,5.640265,4.3533235,5.434858,4.022944
1985-01-11 12:00:00,2.062559,2.6916325,5.4499755,5.6546135,5.8703976,4.7508497
1985-01-12 12:00:00,2.8195071,2.3079765,7.7364244,5.939355,5.831109,4.9604306
1985-01-13 12:00:00,2.910009,2.2538197,7.8493853,5.4313183,3.7876968,4.192031
1985-01-14 12:00:00,2.155163,1.7341243,7.1396837,4.649242,6.291731,3.7582808
1985-01-15 12:00:00,1.7796918,2.5319135,5.510815,6.322569,5.658066,2.8720353
1985-01-16 12:00:00,2.2585027,2.5972629,4.635824,4.113475,4.6691365,3.595173
1985-01-17 12:00:00,1.8560454,2.3312354,4.667584,5.2140794,4.530749,3.8184536
1985-01-18 12:00:00,1.501317,1.8169448,7.5106554,6.5010924,4.183224,7.446172
1985-01-19 12:00:00,3.6821811,4.084429,10.552118,8.179031,6.4040327,9.006828
1985-01-20 12:00:00,4.390003,4.4909678,6.0885487,8.1497555,8.025521,6.8459687
1985-01-21 12:00:00,3.1836784,3.0665421,4.6101303,7.8485856,6.7914577,5.175443
1985-01-22 12:00:00,1.2391218,1.8462914,3.7162354,8.501231,6.209469,5.3034515
1985-01-23 12:00:00,0.928481,1.464269,4.4886894,8.103455,6.284844,6.3457084
1985-01-24 12:00:00,0.82943386,1.1443663,3.92865,6.024166,7.8083324,4.5776525
1985-01-25 12:00:00,2.5547464,2.9221752,5.9968147,9.785563,9.277508,7.413906
1985-01-26 12:00:00,6.4625435,5.872979,8.054603,6.852192,8.510037,6.3113027
1985-01-27 12:00:00,3.6034033,3.700812,7.994753,7.5532026,5.0771737,7.8190203
1985-01-28 12:00:00,3.4947083,4.283318,6.427327,8.036095,8.169491,8.465375
1985-01-29 12:00:00,2.0330865,2.4301438,4.4550567,5.5885515,7.7273507,4.6374655
1985-01-30 12:00:00,4.618313,4.62934,7.88965,8.764424,7.4598203,7.827752
1985-01-31 12:00:00,2.0809796,2.259591,5.259581,7.937321,6.9523306,5.496527
1985-02-01 12:00:00,4.543762,4.5327034,8.687378,8.396154,5.4342704,8.882361
1985-02-02 12:00:00,5.9074535,5.692557,8.532988,8.923038,6.1451116,8.462955
1985-02-03 12:00:00,5.914075,5.9494348,9.068285,8.317931,6.396852,8.200004
1985-02-04 12:00:00,2.3690495,2.6719577,7.96186,7.487243,6.377008,7.696825
1985-02-05 12:00:00,5.1770997,5.269337,7.6055837,7.566307,7.6475644,6.4824553
1985-02-06 12:00:00,2.5398204,3.1564696,7.343414,8.267167,6.160635,7.9164443
1985-02-07 12:00:00,4.6149607,4.643356,8.412211,8.4116535,8.142751,9.221881
1985-02-08 12:00:00,2.3006392,2.673588,3.643974,7.423755,7.351213,3.7723637
1985-02-09 12:00:00,1.9288588,2.261975,4.760611,5.7869654,7.0104165,4.3227925
1985-02-10 12:00:00,3.3127546,3.708871,8.09819,9.53474,7.6416273,7.4047422
1985-02-11 12:00:00,3.668982,3.6823647,7.8827615,9.958031,8.396687,8.646522
1985-02-12 12:00:00,2.5315208,3.131886,4.1934905,9.908193,8.473553,4.736777
1985-02-13 12:00:00,3.7054758,4.1035466,5.3963494,7.275415,7.638818,4.4619036
1985-02-14 12:00:00,3.8219988,3.3317218,4.194635,3.0685127,5.7028575,2.708624
1985-02-15 12:00:00,2.4053347,1.8900757,5.344712,7.1163864,9.383145,5.0380154
1985-02-16 12:00:00,1.7438428,1.7458196,5.8141026,7.7945266,10.039338,6.168985
1985-02-17 12:00:00,0.7500537,1.3801984,3.8974624,4.9175296,9.803931,3.0445156
1985-02-18 12:00:00,2.6139047,3.312404,5.240611,7.969525,8.895084,5.7255726
1985-02-19 12:00:00,2.0810046,2.8123682,4.8170357,5.9678855,8.395443,4.0019345
1985-02-20 12:00:00,1.9260306,2.444999,4.0320554,7.909753,10.549759,4.3043776
1985-02-21 12:00:00,2.8598428,3.0158427,4.165772,5.610054,8.837382,3.02784
1985-02-22 12:00:00,1.7719214,2.3830845,3.2536578,6.6346617,12.189677,2.7039728
1985-02-23 12:00:00,1.189071,1.8631927,2.8860261,6.3350825,10.167035,2.343245
1985-02-24 12:00:00,0.9499254,1.453306,2.3014154,4.9840603,7.4875584,1.8866663
1985-02-25 12:00:00,1.2221385,1.3925724,2.451014,4.84854,5.9248586,1.9574741
1985-02-26 12:00:00,1.6086547,1.9689949,4.7148705,8.8433,6.410998,5.5534377
1985-02-27 12:00:00,4.1707125,3.6621728,7.428339,10.477274,6.5620184,8.7893095
1985-02-28 12:00:00,4.371752,4.179903,8.479582,8.740159,7.194033,9.279604
1985-03-01 12:00:00,3.8181553,4.0144315,7.228175,6.927336,7.9854565,7.0609374
1985-03-02 12:00:00,3.1602848,3.4715538,8.863522,6.7977686,6.4148674,8.241159
1985-03-03 12:00:00,3.7522388,4.157825,6.935118,9.240452,8.840293,7.228746
1985-03-04 12:00:00,1.6819513,1.5008559,4.60451,3.6508458,8.42047,3.1884472
1985-03-05 12:00:00,1.8903756,1.6355228,4.046085,3.295498,5.9932313,2.5695293
1985-03-06 12:00:00,2.152302,2.3927526,5.7517667,6.505271,4.948483,6.019266
1985-03-07 12:00:00,1.9134643,2.4701178,4.288266,6.933253,6.9169283,5.3681903
1985-03-08 12:00:00,3.324084,3.3761928,5.2953324,5.232496,6.539771,4.7213197
1985-03-09 12:00:00,4.123555,4.506778,6.420708,7.290634,6.9518204,5.3836584
1985-03-10 12:00:00,3.0886497,3.2695289,5.742218,5.555784,7.2179794,4.8703833
1985-03-11 12:00:00,2.3782396,2.743299,5.674285,4.5999236,3.1533887,5.6170177
1985-03-12 12:00:00,1.767193,2.165262,5.3261485,4.8551345,3.6778271,6.2985477
1985-03-13 12:00:00,4.295391,4.063925,6.9132504,8.531421,6.320843,7.6129646
1985-03-14 12:00:00,3.1193073,3.162826,5.1223273,8.694741,6.8530145,6.203346
1985-03-15 12:00:00,2.7947721,3.074734,6.132025,7.149822,5.4894514,7.1860623
1985-03-16 12:00:00,4.138337,4.009583,7.4594193,6.8971286,7.9983454,6.5190506
1985-03-17 12:00:00,2.5430548,2.4370506,7.058892,6.6099596,9.270674,6.0424075
1985-03-18 12:00:00,2.9453788,2.8822002,5.6133714,6.4823947,9.56693,5.137304
1985-03-19 12:00:00,2.8113508,2.7232368,2.975485,4.1871343,6.639729,2.6898377
1985-03-20 12:00:00,2.8837616,2.9027855,4.443869,5.866141,8.838167,4.748195
1985-03-21 12:00:00,4.0212507,3.243126,3.2914457,3.8985202,6.3349824,3.4682858
1985-03-22 12:00:00,4.0685973,4.381589,6.18178,7.9181495,9.4783535,6.3352656
1985-03-23 12:00:00,3.7520125,3.8489616,6.437307,6.8348384,10.395541,6.4445734
1985-03-24 12:00:00,3.838352,3.6927993,6.393254,6.660552,11.648902,4.7977624
1985-03-25 12:00:00,3.2498264,3.0950022,7.056825,6.817056,8.252099,6.324282
1985-03-26 12:00:00,5.54685,5.37475,9.399221,10.936689,9.782373,9.912881
1985-03-27 12:00:00,5.2091637,5.1571674,8.38399,8.935428,8.801353,8.910223
1985-03-28 12:00:00,4.484481,4.9394245,9.104937,10.191373,8.339559,9.826576
1985-03-29 12:00:00,5.0937543,5.6451755,10.665144,11.031869,5.1210055,10.988152
1985-03-30 12:00:00,5.0982647,5.3221188,9.091247,8.546867,4.674793,8.375159
1985-03-31 12:00:00,4.0463657,3.7345202,9.683432,5.3649006,5.07842,7.2745333
1985-04-01 12:00:00,5.0637164,5.686142,8.191866,10.068708,6.7640767,8.057939
1985-04-02 12:00:00,5.7213755,5.713983,6.4713674,6.3971295,6.660232,6.1345496
1985-04-03 12:00:00,3.1471035,3.1747007,3.8149583,5.532871,6.1784654,3.1658492
1985-04-04 12:00:00,2.926452,3.7407987,4.7070346,9.275259,7.1422076,3.8648174
1985-04-05 12:00:00,3.5140646,3.838871,5.396982,5.0094457,9.557185,4.559294
1985-04-06 12:00:00,2.3590233,2.8379612,4.440943,5.332307,7.246756,4.0687895
1985-04-07 12:00:00,4.1178055,4.356348,5.791905,6.445578,9.806488,5.3241334
1985-04-08 12:00:00,2.273687,2.5404491,3.3551664,4.336518,6.71435,2.9264328
1985-04-09 12:00:00,2.3196986,2.8902311,3.9726527,6.2293873,3.7689502,4.180634
1985-04-10 12:00:00,2.952828,3.4403346,4.1714625,6.7483406,5.659012,3.674486
1985-04-11 12:00:00,1.6313189,2.2156944,3.834015,3.4733033,3.5991075,2.506359
1985-04-12 12:00:00,2.3095489,1.927025,3.2830563,4.003456,3.358929,3.471436
1985-04-13 12:00:00,1.41172,1.6304618,3.8668473,4.9061885,3.9756722,4.6115017
1985-04-14 12:00:00,4.3335233,4.138802,5.6285486,6.292741,5.7412205,6.5166097
1985-04-15 12:00:00,6.584424,5.779226,10.41794,4.778747,6.8628387,7.966741
1985-04-16 12:00:00,4.7134113,5.171171,6.962959,8.830115,7.4882464,6.187272
1985-04-17 12:00:00,4.409847,4.776907,7.902825,8.9459305,6.987079,7.713376
1985-04-18 12:00:00,4.5481515,4.907359,7.171967,8.082386,6.3732586,7.4094043
1985-04-19 12:00:00,3.001418,3.306742,5.184854,7.383699,5.39251,6.370998
1985-04-20 12:00:00,2.736983,3.0433893,3.949641,6.0848355,8.387504,4.4128366
1985-04-21 12:00:00,1.8373561,2.1373515,5.160934,4.9526887,5.105848,5.5671134
1985-04-22 12:00:00,3.0889692,3.3675058,7.478851,6.610462,4.6400957,7.8005376
1985-04-23 12:00:00,4.4286594,4.3910847,3.7530508,5.2914324,4.9584355,5.1195273
1985-04-24 12:00:00,3.487386,3.2237453,6.506054,3.8020945,3.85319,4.449918
1985-04-25 12:00:00,2.2368944,2.1104143,5.8466115,3.1966567,3.4036818,3.64844
1985-04-26 12:00:00,2.3827577,1.8994625,3.7460177,2.7807007,4.4750915,2.1695666
1985-04-27 12:00:00,2.2308238,2.2081895,2.7601645,3.5585868,6.5726,2.5139518
1985-04-28 12:00:00,1.7935364,2.039905,2.6954658,5.2690706,9.468532,3.508117
1985-04-29 12:00:00,2.1100707,2.8625646,3.6366892,6.4178023,8.332252,4.322061
1985-04-30 12:00:00,2.180129,3.003321,4.5555124,6.555468,6.0838842,5.1261344
1985-05-01 12:00:00,5.680569,6.0175834,6.7890496,7.1301003,6.916418,7.21775
1985-05-02 12:00:00,3.013041,3.2215822,4.4001,7.243448,8.259035,4.0109034
1985-05-03 12:00:00,3.79166,4.688008,5.262177,8.075499,8.330313,5.3495126
1985-05-04 12:00:00,2.822744,3.302525,3.606573,5.7809086,7.029134,3.6726594
1985-05-05 12:00:00,3.4393663,2.9315977,2.5665998,6.9606366,8.048729,2.411816
1985-05-06 12:00:00,2.4912615,2.4633846,2.7063284,3.9891214,8.775556,2.071152
1985-05-07 12:00:00,2.3088143,2.8611856,3.6279433,4.5556026,7.187048,4.240381
1985-05-08 12:00:00,2.977375,3.4582543,4.690002,5.333682,6.849819,5.657085
1985-05-09 12:00:00,3.0951455,4.18784,7.1188254,7.3249536,6.0604267,8.045386
1985-05-10 12:00:00,4.7580576,5.3758836,8.279937,6.8567305,5.36017,8.9470005
1985-05-11 12:00:00,2.7693655,3.3992016,5.089637,7.373614,5.3928766,7.095521
1985-05-12 12:00:00,2.603345,2.3004425,5.1485333,5.637472,6.0075264,3.5276408
1985-05-13 12:00:00,4.480979,4.4632325,5.7011347,6.954262,5.356694,5.5441074
1985-05-14 12:00:00,5.1822996,4.685867,5.7621274,5.5249104,3.1691844,4.2560654
1985-05-15 12:00:00,3.6323755,3.3728034,4.217392,4.6943755,6.304612,3.2225533
1985-05-16 12:00:00,2.6255572,2.8742955,3.0768106,6.3326616,8.058584,2.7490366
1985-05-17 12:00:00,3.1455832,2.656472,3.066008,4.0992684,4.2267857,3.278203
1985-05-18 12:00:00,2.3029912,2.9784763,4.5371075,5.705953,6.2221518,4.8915358
1985-05-19 12:00:00,4.586232,4.630443,5.413088,7.8789186,5.312862,6.472363
1985-05-20 12:00:00,2.926727,2.9617493,3.6011992,4.312076,6.051584,3.020984
1985-05-21 12:00:00,3.4613566,3.2569656,5.804207,4.186413,5.5673094,3.203436
1985-05-22 12:00:00,4.4663663,4.248346,8.153968,6.3346543,5.407124,5.479086
1985-05-23 12:00:00,3.3192303,4.071611,5.1108174,7.0309467,5.878188,5.33733
1985-05-24 12:00:00,3.5888708,4.0019403,5.435374,6.1544757,8.803021,6.2098427
1985-05-25 12:00:00,2.9362397,3.5161366,7.0838227,4.2487555,3.80053,5.604189
1985-05-26 12:00:00,3.822617,3.6870291,6.1137133,5.2366953,5.7956023,5.5866637
1985-05-27 12:00:00,4.9421973,4.9458275,4.873067,8.212449,5.5355525,6.743293
1985-05-28 12:00:00,1.4076039,1.7810669,3.2125723,4.66157,5.4814677,3.2667515
1985-05-29 12:00:00,3.4184728,3.0435183,4.666156,5.345135,6.925471,3.752226
1985-05-30 12:00:00,5.0083356,4.7891736,5.1573167,7.7031984,5.745774,4.640497
1985-05-31 12:00:00,4.822905,4.9765496,3.4442863,7.821212,5.5328994,3.808099
1985-06-01 12:00:00,3.3482654,3.6225004,3.9273345,7.4295807,4.7019086,3.3695
1985-06-02 12:00:00,1.9472853,2.4185693,3.6401353,5.4793267,4.052036,2.1726842
1985-06-03 12:00:00,1.561574,1.9084024,2.6246278,4.9748697,4.976812,2.2126727
1985-06-04 12:00:00,1.6721898,2.5566232,2.5991213,5.78341,6.060557,2.8890977
1985-06-05 12:00:00,2.8043208,3.5723608,4.212429,6.641116,7.7244925,5.36324
1985-06-06 12:00:00,3.5873144,3.788553,3.9588246,5.900416,6.0694804,3.9638793
1985-06-07 12:00:00,2.5613701,2.2266815,2.8684106,3.6488254,3.3420205,2.7264333
1985-06-08 12:00:00,3.8634832,3.8410535,4.840541,4.7286515,4.905553,5.7211223
1985-06-09 12:00:00,4.252418,5.0305257,5.995821,5.6936617,4.103987,5.4609337
1985-06-10 12:00:00,2.4312923,3.0557456,3.213443,3.3679318,4.47746,2.5642378
1985-06-11 12:00:00,2.8792114,3.6643007,4.0247254,4.990454,3.8093479,4.465612
1985-06-12 12:00:00,1.2529839,1.5105183,3.1009028,4.950401,5.4932,2.965078
1985-06-13 12:00:00,2.4029245,2.7911136,3.9669843,3.6917973,6.242295,2.9968028
1985-06-14 12:00:00,3.2239597,3.2993689,5.3554,4.143077,6.087965,3.9220185
1985-06-15 12:00:00,2.697819,2.6875548,5.5284214,5.3144236,5.6743536,4.776027
1985-06-16 12:00:00,3.0795279,3.189515,4.1811385,4.549149,6.9599185,3.5800948
1985-06-17 12:00:00,2.7417173,2.9602315,3.202162,3.8928187,4.388962,3.1907191
1985-06-18 12:00:00,2.4216256,2.095507,3.6562414,3.9685342,3.8690507,4.0225434
1985-06-19 12:00:00,1.8764215,2.0731761,4.6602683,3.0353925,5.4767823,3.426579
1985-06-20 12:00:00,3.4470508,3.60191,4.539163,7.973205,7.5916853,6.6364737
1985-06-21 12:00:00,4.0716715,4.6201468,4.372461,8.680098,10.519714,5.0831113
1985-06-22 12:00:00,3.3350651,3.442469,5.756347,4.4909534,8.51704,5.1604815
1985-06-23 12:00:00,3.687276,4.288886,4.975074,5.71921,7.8631477,4.5446925
1985-06-24 12:00:00,2.588826,2.517427,3.8078265,3.630197,6.542756,4.003186
1985-06-25 12:00:00,4.180789,4.62157,5.5050488,4.9928083,4.564739,4.8975844
1985-06-26 12:00:00,3.5510442,3.1440613,4.9584436,4.225489,4.525917,4.1741085
1985-06-27 12:00:00,2.721614,2.5626955,5.607363,4.4787993,4.5890183,4.6487947
1985-06-28 12:00:00,2.9748318,3.3033361,4.783086,6.140825,5.618748,6.5421333
1985-06-29 12:00:00,4.0094824,3.904835,4.96663,7.45099,6.384591,5.770876
1985-06-30 12:00:00,4.7074103,4.381546,5.942801,6.2453356,4.409911,6.3957024
1985-07-01 12:00:00,5.2255893,4.8316374,7.469815,4.5916314,4.306328,6.9479814
1985-07-02 12:00:00,5.157499,5.60784,8.142853,7.835924,4.5635333,7.8742976
1985-07-03 12:00:00,5.1436853,4.9385424,7.903585,6.4953947,4.153014,8.285285
1985-07-04 12:00:00,5.631095,5.968569,7.7887716,7.6567845,5.7704396,8.289293
1985-07-05 12:00:00,4.127588,3.7848656,5.453655,5.1547956,6.5851393,3.7653744
1985-07-06 12:00:00,3.5069768,3.7027543,6.0183616,5.8875895,5.416461,5.2348547
1985-07-07 12:00:00,2.1209693,2.562268,4.2471704,5.505598,5.2564363,4.915853
1985-07-08 12:00:00,3.084963,3.5876925,4.4942265,4.117655,3.450037,5.0276136
1985-07-09 12:00:00,4.0407333,3.872698,5.867735,5.013377,5.8803163,4.795325
1985-07-10 12:00:00,3.523743,3.4125092,5.8985553,4.877842,5.863832,3.7299716
1985-07-11 12:00:00,4.33713,5.007919,6.276383,6.594692,5.2312617,5.523225
1985-07-12 12:00:00,2.4299264,3.1287942,3.3417525,4.3713303,6.4413743,2.5988936
1985-07-13 12:00:00,2.5969658,2.7456985,4.322937,4.2759676,4.285188,4.0716386
1985-07-14 12:00:00,2.6462393,2.556801,2.922018,3.5095487,3.7132654,3.7684062
1985-07-15 12:00:00,1.4074944,1.5831422,3.366622,3.144547,2.9092042,2.4656172
1985-07-16 12:00:00,1.1011147,1.9248961,4.0221086,3.100956,5.351547,3.1668413
1985-07-17 12:00:00,1.1891574,1.4569508,3.7462356,4.544855,4.9838076,2.2262666
1985-07-18 12:00:00,2.3737497,2.4773777,2.961632,5.2255735,5.169323,2.1877177
1985-07-19 12:00:00,2.4749963,2.92657,3.1823235,4.75965,3.4098825,3.4893878
1985-07-20 12:00:00,2.2110972,2.2004154,2.6228435,3.233697,2.8930426,2.9402277
1985-07-21 12:00:00,2.1848297,2.1009617,3.602585,3.4304833,3.2411108,2.802174
1985-07-22 12:00:00,2.7350543,3.0140429,4.84477,6.095649,5.264416,5.0702157
1985-07-23 12:00:00,3.3806713,4.0024514,4.8940825,7.2318807,5.3239546,5.533674
1985-07-24 12:00:00,2.9551709,3.321058,5.283742,5.7708426,5.932566,6.0705175
1985-07-25 12:00:00,4.980099,5.234899,8.042465,6.635476,5.554251,7.025704
1985-07-26 12:00:00,3.1112218,3.8926032,5.2735357,4.396883,4.4690623,4.6853085
1985-07-27 12:00:00,3.3956895,3.8793106,5.2006354,6.0339584,3.5749698,5.398678
1985-07-28 12:00:00,3.4402685,3.4219007,5.3049555,3.6647165,4.0948224,5.079242
1985-07-29 12:00:00,3.519064,3.5864787,4.501857,4.818233,4.814892,4.1544313
1985-07-30 12:00:00,3.6930878,3.0927715,3.6527283,4.1646323,6.8586864,3.6189187
1985-07-31 12:00:00,2.1545887,2.1436505,3.3047748,3.3839211,4.9026294,2.8636332
1985-08-01 12:00:00,3.4185169,3.0591354,4.7852106,5.6225123,4.7632756,4.2239227
1985-08-02 12:00:00,2.5997736,2.841858,3.072895,5.0407805,8.819081,2.8938923
1985-08-03 12:00:00,2.1957386,3.0744808,5.3578014,5.4038844,6.2111,3.321132
1985-08-04 12:00:00,2.4689088,2.1650796,5.7747164,4.3153787,5.5025234,3.3513262
1985-08-05 12:00:00,2.5067897,2.438335,4.7607017,3.187496,6.9644756,3.8157666
1985-08-06 12:00:00,3.7956722,4.0314803,7.3803926,6.376662,6.05711,5.9340744
1985-08-07 12:00:00,2.699134,3.162441,5.5844913,5.416921,4.8828754,3.6028175
1985-08-08 12:00:00,3.9510968,3.4296837,4.6493607,4.5612183,4.323482,3.5553272
1985-08-09 12:00:00,2.9536376,2.275625,3.9014764,3.2261024,3.2710545,2.4075854
1985-08-10 12:00:00,1.5537882,1.8998464,4.09316,3.3343005,3.0224962,3.9547818
1985-08-11 12:00:00,2.646446,3.1483948,6.531406,5.9269667,4.0561132,7.280253
1985-08-12 12:00:00,2.689803,3.2370968,5.9263015,5.6539335,4.7828965,6.0717964
1985-08-13 12:00:00,2.0350726,2.397833,3.7235458,3.838335,5.533662,3.8697724
1985-08-14 12:00:00,4.1059594,4.4109664,6.4666476,6.2546897,6.346294,6.4815283
1985-08-15 12:00:00,3.6616142,3.759008,5.260782,6.491275,7.212081,6.507834
1985-08-16 12:00:00,3.5524738,3.4176543,5.055407,5.2013807,4.9951158,6.039357
1985-08-17 12:00:00,5.057782,5.2707734,5.2616262,5.086971,4.8324094,4.389529
1985-08-18 12:00:00,2.141167,2.3512428,2.6941903,5.919204,6.920528,3.599068
1985-08-19 12:00:00,2.0906272,2.9209862,5.068142,4.7017455,4.4889627,4.4617558
1985-08-20 12:00:00,2.9447823,3.5271356,5.630165,7.4575257,5.4537954,6.4905
1985-08-21 12:00:00,2.6959267,3.3186035,4.450318,8.663436,6.64102,4.959745
1985-08-22 12:00:00,1.6781458,1.7853584,4.3077,5.9360385,7.4427123,4.866021
1985-08-23 12:00:00,1.431961,1.9747704,3.8233707,5.3425717,4.545275,4.859613
1985-08-24 12:00:00,2.6162941,2.8563747,3.9813523,4.132663,4.7123947,3.4534907
1985-08-25 12:00:00,2.5103245,2.3883586,5.1244197,4.7689342,6.1655545,5.788172
1985-08-26 12:00:00,3.84154,3.827778,6.247543,5.488481,6.000502,6.7436132
1985-08-27 12:00:00,3.7188816,3.5968068,5.437713,6.6406713,5.2213717,5.587649
1985-08-28 12:00:00,3.0894287,2.9118006,3.2337887,5.3988495,5.511594,3.7471504
1985-08-29 12:00:00,3.4579601,3.2455332,5.0538797,3.4509256,5.1219473,3.4743657
1985-08-30 12:00:00,2.3346748,2.731179,3.8023338,4.4827585,4.4366846,3.5576482
1985-08-31 12:00:00,2.9543977,2.5475104,5.0076227,3.7645762,4.535363,3.4518707
1985-09-01 12:00:00,1.8546735,2.0052886,3.1041331,4.1710258,4.6753936,2.6681197
1985-09-02 12:00:00,2.9513981,2.8416007,4.147759,2.3896852,4.4206266,2.4982374
1985-09-03 12:00:00,2.7817547,3.350703,4.9178944,4.242159,5.0417976,3.849649
1985-09-04 12:00:00,4.352927,4.277869,6.140975,5.34218,6.640078,6.1532207
1985-09-05 12:00:00,4.455625,4.587658,6.431677,8.654573,6.2202954,7.9116592
1985-09-06 12:00:00,2.9369602,3.2701113,5.812874,7.2492495,7.278865,6.933205
1985-09-07 12:00:00,3.7192314,4.90403,8.084915,8.873911,7.6769114,8.46284
1985-09-08 12:00:00,2.5946147,3.1331382,4.9636946,4.4395566,7.061033,3.8237424
1985-09-09 12:00:00,2.2923827,2.019995,5.89662,3.2776096,3.6422076,3.7123415
1985-09-10 12:00:00,2.4013712,2.0657554,6.169534,3.6504622,3.1469445,3.555114
1985-09-11 12:00:00,3.3257399,2.9593132,5.4402914,4.591924,5.10003,3.2756846
1985-09-12 12:00:00,1.7426444,1.6487175,2.765426,2.7330024,5.5514383,2.0700035
1985-09-13 12:00:00,1.0106779,1.163277,2.5974557,2.4447215,4.8429437,3.2187936
1985-09-14 12:00:00,0.9416162,1.6730443,3.3479238,5.004406,5.9257655,4.1955943
1985-09-15 12:00:00,3.5624816,3.5409884,5.3750434,6.4936533,7.9748387,4.6265674
1985-09-16 12:00:00,1.981798,2.480902,3.1098526,8.125936,6.7726297,3.1471622
1985-09-17 12:00:00,1.6342391,2.14619,2.151471,7.2029815,4.820223,3.2281578
1985-09-18 12:00:00,2.130743,1.9823289,3.962398,4.919056,5.6072607,2.1486127
1985-09-19 12:00:00,2.7362287,2.8196409,7.621494,4.372604,5.7818136,4.6132765
1985-09-20 12:00:00,2.4490292,2.5124087,3.7592874,4.123745,5.755629,3.2245243
1985-09-21 12:00:00,1.1343094,1.1734619,2.6638062,2.9303756,4.820759,2.6318984
1985-09-22 12:00:00,1.3004098,1.4490547,3.5480702,4.1086245,5.7054853,2.718371
1985-09-23 12:00:00,1.1930636,1.7896547,2.071436,5.6782665,8.054373,1.9122806
1985-09-24 12:00:00,1.2833157,2.0397198,2.622065,4.3272457,5.7940044,1.8895154
1985-09-25 12:00:00,1.7487084,1.7824862,3.0622609,2.8456285,4.3421288,2.7064018
1985-09-26 12:00:00,1.7278342,1.8491418,2.8653605,3.558243,7.1835217,1.817294
1985-09-27 12:00:00,1.2590209,1.4593906,2.2445176,2.3789046,10.459898,2.0604794
1985-09-28 12:00:00,1.2163504,1.6137415,2.5985103,2.612108,7.274452,2.1709888
1985-09-29 12:00:00,1.4007789,1.3956674,2.814826,3.8925233,3.8260317,3.3602595
1985-09-30 12:00:00,2.590519,2.096523,4.661559,4.6199517,4.728349,4.991646
1985-10-01 12:00:00,2.6584606,3.363656,6.4807286,7.776341,8.871817,7.0591073
1985-10-02 12:00:00,4.61598,4.9031925,6.353473,8.686724,10.439766,6.634791
1985-10-03 12:00:00,3.5033784,3.871822,6.411133,9.258279,11.266109,7.09346
1985-10-04 12:00:00,4.477807,4.380447,7.1119127,6.3317504,9.499623,6.838417
1985-10-05 12:00:00,1.5152639,2.424654,3.1889045,8.067435,9.92557,4.2087
1985-10-06 12:00:00,2.718018,2.7043774,5.4599757,6.9738555,8.531383,4.3637547
1985-10-07 12:00:00,1.34843,1.6953368,4.963721,4.8700223,4.1057973,3.902806
1985-10-08 12:00:00,3.122906,3.2576199,5.3193984,4.676238,4.1871557,4.8579545
1985-10-09 12:00:00,3.3154333,3.445129,8.436206,6.1071033,4.6561694,7.192652
1985-10-10 12:00:00,4.414959,4.968791,9.676909,7.3909283,5.224017,8.861968
1985-10-11 12:00:00,2.9903302,3.384931,6.073652,5.9710407,6.2877593,4.608269
1985-10-12 12:00:00,2.3280413,2.0486803,5.3867083,3.953856,5.202034,2.9538481
1985-10-13 12:00:00,2.426768,2.4636774,5.3505883,5.527906,4.766115,5.0698757
1985-10-14 12:00:00,3.2087333,3.1689951,4.1335,6.6505156,7.498694,5.1611447
1985-10-15 12:00:00,2.9366949,2.850798,6.594833,5.5062156,8.18356,5.971577
1985-10-16 12:00:00,3.1220098,3.1131086,7.4072566,5.1353173,7.1733165,6.2092624
1985-10-17 12:00:00,4.2532487,3.5227413,8.3832245,4.532264,3.365051,5.0843616
1985-10-18 12:00:00,4.2255387,3.6964629,7.4018397,4.9027967,4.0262213,5.2833705
1985-10-19 12:00:00,3.4580827,3.4997873,4.5189085,6.9999437,7.1371727,5.249458
1985-10-20 12:00:00,3.3424635,3.0568454,4.1580415,5.3462086,5.439998,3.825054
1985-10-21 12:00:00,3.3150036,3.2384384,8.178438,9.039738,9.178955,8.218337
1985-10-22 12:00:00,4.7190843,4.8688574,6.9285293,12.117912,11.92093,8.4971
1985-10-23 12:00:00,1.906267,2.1505907,3.2204328,6.422808,8.042681,3.73933
1985-10-24 12:00:00,0.99392986,1.8796457,3.1325278,8.123632,11.035941,5.087095
1985-10-25 12:00:00,1.2382578,1.9718482,2.4826567,8.2088,11.200939,3.7349825
1985-10-26 12:00:00,1.1842792,1.7753373,2.2328076,7.377771,9.580819,2.7079108
1985-10-27 12:00:00,0.97374463,1.741005,2.3397193,6.4210415,9.274155,2.4596486
1985-10-28 12:00:00,1.0244709,1.8090465,1.8189467,5.216536,6.90935,1.6440614
1985-10-29 12:00:00,1.9013593,2.9805903,3.3119478,5.9498816,5.093883,2.7342343
1985-10-30 12:00:00,1.3396809,1.9043169,3.3524446,7.59423,5.0174246,4.053608
1985-10-31 12:00:00,3.8489685,4.308466,7.726202,13.461816,5.8523273,9.076285
1985-11-01 12:00:00,6.202022,5.7383914,8.909663,11.033502,4.791959,8.5623865
1985-11-02 12:00:00,5.1822143,5.4727635,6.7488103,10.223971,5.827468,7.4248624
1985-11-03 12:00:00,1.4274759,1.5592563,3.1937675,4.363319,6.0369873,2.3543715
1985-11-04 12:00:00,3.4843228,3.6944406,7.628065,6.9362216,6.5284963,6.5135703
1985-11-05 12:00:00,3.9169626,4.231279,6.9176793,11.722148,7.679245,8.731572
1985-11-06 12:00:00,3.1581037,3.0658665,5.681893,5.1325793,5.477004,4.6344657
1985-11-07 12:00:00,4.8361435,4.7168083,7.1637845,8.90404,5.9795585,6.0282893
1985-11-08 12:00:00,3.5737534,3.7722154,5.1003866,8.06427,8.019346,4.9345565
1985-11-09 12:00:00,3.2787585,3.2778287,4.8055086,4.7549853,5.624909,5.5020256
1985-11-10 12:00:00,4.1718516,3.7553132,7.2913866,5.7675066,8.100565,6.9296308
1985-11-11 12:00:00,5.027738,4.4858527,5.806462,7.9943757,6.931379,7.3659344
1985-11-12 12:00:00,3.4179966,3.5081437,3.8700292,8.20451,6.2269707,6.033409
1985-11-13 12:00:00,2.743372,3.0258455,5.7204585,8.156999,6.132022,6.6243
1985-11-14 12:00:00,3.6748137,3.7949562,6.145062,7.6889806,10.696202,5.2764482
1985-11-15 12:00:00,2.113199,2.1673632,5.7450385,6.323714,8.488277,5.641679
1985-11-16 12:00:00,2.8204029,2.5788324,3.7572384,6.1054497,5.613247,4.19992
1985-11-17 12:00:00,1.5413703,1.5861194,3.0526981,5.008059,3.6931484,3.5566173
1985-11-18 12:00:00,2.3382242,1.9920639,3.2083623,4.258452,3.3298025,2.0440118
1985-11-19 12:00:00,3.7029533,2.910727,4.1880054,3.0668573,4.89812,3.300239
1985-11-20 12:00:00,2.4922411,2.6982446,3.8551266,2.6586945,5.875631,2.7907124
1985-11-21 12:00:00,1.2578952,1.5526913,4.256403,5.0719137,7.4096627,4.427796
1985-11-22 12:00:00,2.106553,2.3968,3.1326208,6.6045227,7.489659,3.1687927
1985-11-23 12:00:00,1.3275744,1.9008886,5.1319695,7.927929,8.440919,6.3850236
1985-11-24 12:00:00,5.4489665,5.3206177,7.6662583,9.875479,10.035504,7.576239
1985-11-25 12:00:00,5.1399055,4.3781567,7.3831077,6.2905984,7.3096857,6.2321634
1985-11-26 12:00:00,3.6142337,3.6884327,7.7225766,7.542471,8.7987,6.825035
1985-11-27 12:00:00,2.3825316,2.1814213,5.233823,6.164067,7.5151057,4.4838433
1985-11-28 12:00:00,1.4336079,1.8447372,2.7481961,6.8088784,9.074693,2.2699742
1985-11-29 12:00:00,2.1676645,2.4441452,2.4770534,10.028778,11.022215,3.996607
1985-11-30 12:00:00,3.1239212,2.8402002,3.5062883,8.850201,7.8078938,5.498521
1985-12-01 12:00:00,1.0058404,1.2324216,2.307646,3.3007488,5.57321,2.3599467
1985-12-02 12:00:00,1.7943712,1.6952082,3.4707503,3.6571622,5.714832,2.0486536
1985-12-03 12:00:00,1.3392594,1.8648795,4.79893,5.202588,11.601329,2.88682
1985-12-04 12:00:00,1.9732147,2.2728174,3.12112,6.992659,9.425497,3.1901698
1985-12-05 12:00:00,2.7730756,2.972945,5.653976,7.7595606,8.455435,6.127373
1985-12-06 12:00:00,4.9731097,3.9626472,6.9536033,5.70099,7.3242326,4.8585043
1985-12-07 12:00:00,2.118089,2.1195,3.797173,5.989705,5.3163795,3.2214513
1985-12-08 12:00:00,2.2809365,2.2525313,5.4029603,6.381354,7.192291,4.4575624
1985-12-09 12:00:00,1.9582498,1.8816413,5.309166,8.762192,10.127328,5.4264383
1985-12-10 12:00:00,2.0319629,1.8993404,8.904455,6.988752,7.965089,7.960315
1985-12-11 12:00:00,2.8078856,3.0266142,7.209866,4.653671,5.2052107,5.653112
1985-12-12 12:00:00,2.3848202,2.0435266,4.155647,3.947939,5.0466104,3.3279428
1985-12-13 12:00:00,1.3087966,1.3144153,6.387557,6.2630763,4.617841,4.941698
1985-12-14 12:00:00,1.0795323,1.4672394,5.0483146,7.7118,7.447883,5.782337
1985-12-15 12:00:00,2.092487,2.1475086,5.321147,9.904802,11.317354,6.9483643
1985-12-16 12:00:00,1.9861647,2.475292,5.307281,8.434819,10.016664,5.8530064
1985-12-17 12:00:00,3.2096426,3.361257,4.7049437,6.4240894,10.450459,3.1057775
1985-12-18 12:00:00,2.310067,2.7031226,3.9072962,5.683243,9.246342,3.871225
1985-12-19 12:00:00,2.0374281,2.9313862,5.0286326,8.050378,7.8502192,5.1232452
1985-12-20 12:00:00,2.4708736,3.4289827,4.7271276,7.067645,9.025283,4.048407
1985-12-21 12:00:00,1.4586657,1.9355695,2.3224227,6.180558,5.604524,1.965704
1985-12-22 12:00:00,1.1083597,1.4967533,4.4742417,6.9961996,6.2626743,5.0508747
1985-12-23 12:00:00,2.3907223,2.31262,6.496881,7.0535502,5.8279557,6.3844314
1985-12-24 12:00:00,2.7022548,2.5112078,8.091532,5.2862425,5.037392,5.6505666
1985-12-25 12:00:00,3.2631848,2.545652,5.908935,3.2183542,6.3858137,3.2215219
1985-12-26 12:00:00,2.8158712,2.480207,4.193979,3.2388964,8.80085,2.9324253
1985-12-27 12:00:00,2.0553164,1.6281886,4.2772307,3.9610033,9.2993145,3.1956143
1985-12-28 12:00:00,1.6652629,1.5809883,5.9837804,6.7507563,9.590811,4.520624
1985-12-29 12:00:00,4.518759,4.733431,9.719498,8.719781,9.8647785,7.8125534
1985-12-30 12:00:00,3.6744637,3.5410557,5.178541,7.270728,10.292822,4.674325
1985-12-31 12:00:00,2.6940794,2.5362809,4.146035,4.121662,7.3841405,2.2975185
1986-01-01 12:00:00,1.1641394,1.6604922,3.1868205,2.6917837,3.735576,2.4012444
1986-01-02 12:00:00,1.8783107,2.1196902,3.4540923,3.218988,4.1106544,3.0898833
1986-01-03 12:00:00,2.6158082,2.432634,5.673405,3.7524467,5.7495418,3.47827
1986-01-04 12:00:00,2.5963182,2.0553458,7.1425257,4.9884844,6.419464,4.2350044
1986-01-05 12:00:00,2.070544,2.1792004,7.3825774,8.306134,7.6042175,6.493413
1986-01-06 12:00:00,5.8469353,6.177595,12.854596,12.040367,10.814702,12.789031
1986-01-07 12:00:00,5.626552,5.516574,8.764185,9.716846,11.025541,8.06559
1986-01-08 12:00:00,4.492449,4.417606,9.673899,6.076212,9.213234,7.4393525
1986-01-09 12:00:00,3.996892,3.7979343,9.583714,6.593167,6.5688467,7.376395
1986-01-10 12:00:00,4.3607173,4.9505014,7.0706873,7.784903,3.6459267,7.307906
1986-01-11 12:00:00,3.9672625,4.3439717,5.97919,7.400876,6.354413,4.9358635
1986-01-12 12:00:00,1.5035671,2.0015714,5.553073,6.525647,5.691681,5.9482913
1986-01-13 12:00:00,4.82033,4.5500164,10.60131,9.695165,7.948486,9.517793
1986-01-14 12:00:00,4.7353888,4.5773726,9.61949,10.6195965,10.445825,8.893121
1986-01-15 12:00:00,4.4769845,4.31696,9.9743,6.7697487,8.318102,8.633073
1986-01-16 12:00:00,4.3027897,4.4797955,8.416186,4.4926796,4.6690273,8.685743
1986-01-17 12:00:00,3.0646605,3.1909385,6.6790266,5.749216,3.2963696,4.9872413
1986-01-18 12:00:00,2.8128698,3.0695453,6.258174,10.358028,7.329918,7.097509
1986-01-19 12:00:00,5.954558,5.6283097,8.979218,11.838052,11.379476,9.592785
1986-01-20 12:00:00,5.2559376,5.4535565,8.289191,12.688424,12.587178,10.410104
1986-01-21 12:00:00,7.175896,6.849918,10.658967,9.338748,8.232036,10.391185
1986-01-22 12:00:00,4.5238605,3.9475677,5.971498,5.2204127,5.187201,4.4528933
1986-01-23 12:00:00,2.6287842,2.8370302,6.852318,7.2181487,4.8285336,6.341815
1986-01-24 12:00:00,1.8645259,2.4716501,4.3423815,7.415731,6.671654,4.122427
1986-01-25 12:00:00,2.0958214,2.4350345,3.7550232,6.0244884,6.2953715,2.3953383
1986-01-26 12:00:00,2.047064,2.5187392,3.131348,4.847531,4.7232227,2.915794
1986-01-27 12:00:00,2.568324,2.176196,6.9416485,4.247775,4.9172106,4.6006746
1986-01-28 12:00:00,3.2354507,2.5782502,4.4750175,3.16037,5.163113,2.8772256
1986-01-29 12:00:00,1.9375784,2.145818,3.4023356,3.4230356,5.2143083,3.3231552
1986-01-30 12:00:00,2.9839172,2.5324378,4.190784,3.782317,4.4878817,3.2944903
1986-01-31 12:00:00,4.09106,3.3375857,6.3108125,5.761431,8.441041,4.2975063
1986-02-01 12:00:00,3.66724,3.4016113,7.8004017,6.8557434,7.399335,5.545118
1986-02-02 12:00:00,4.0449486,4.026459,8.69194,8.46264,7.4338856,7.9962325
1986-02-03 12:00:00,4.2053227,4.7111096,10.835514,9.035372,6.8321033,8.694149
1986-02-04 12:00:00,5.1487775,4.975367,10.475834,8.131995,6.4420586,8.077462
1986-02-05 12:00:00,2.4122725,2.6975348,4.5142035,6.1738496,7.464349,4.1882915
1986-02-06 12:00:00,3.3163083,2.9757173,5.4581246,5.027733,6.6765475,3.7776034
1986-02-07 12:00:00,2.802148,3.245818,5.995927,6.5524364,6.442137,5.6581807
1986-02-08 12:00:00,2.9388318,2.561665,6.1649523,5.085286,5.281268,4.3294334
1986-02-09 12:00:00,2.8743443,2.8237772,5.6378393,6.49389,7.779101,5.1927547
1986-02-10 12:00:00,2.90801,2.887472,6.3436675,7.263241,8.918679,5.9636173
1986-02-11 12:00:00,2.0966725,1.9540699,5.5486493,6.3959603,7.720029,4.1728845
1986-02-12 12:00:00,1.6882948,2.1110418,5.485506,7.979792,9.494086,6.556206
1986-02-13 12:00:00,3.2565975,3.6136642,6.8536882,9.160051,10.830465,7.7003407
1986-02-14 12:00:00,3.042251,3.26174,4.66676,8.7214575,9.378701,5.6192756
1986-02-15 12:00:00,3.8614786,4.0861025,6.725229,11.242116,9.283041,8.278389
1986-02-16 12:00:00,4.622986,4.470725,6.511787,10.90325,11.676602,7.702955
1986-02-17 12:00:00,2.8346362,3.0811634,4.3868566,8.208501,10.966912,5.939296
1986-02-18 12:00:00,1.409876,2.0302243,4.317594,7.6623373,5.3752747,6.2957463
1986-02-19 12:00:00,2.1605663,2.6514852,4.598881,8.346094,7.238672,5.232846
1986-02-20 12:00:00,1.8510419,2.5202942,7.6914763,7.1943054,6.403459,7.040577
1986-02-21 12:00:00,2.8393075,2.276359,6.628155,4.912484,10.876021,4.087412
1986-02-22 12:00:00,4.1637273,3.5362542,7.039349,5.054647,9.668568,4.8272305
1986-02-23 12:00:00,3.3630202,2.9074888,4.0379057,4.584021,7.6192927,2.7922437
1986-02-24 12:00:00,2.5822828,2.9456155,5.065097,4.633521,4.5070977,4.5583797
1986-02-25 12:00:00,4.0154114,3.6817567,7.733086,8.860653,7.684806,8.522932
1986-02-26 12:00:00,4.415891,4.423596,7.7506742,9.344888,7.80428,9.415984
1986-02-27 12:00:00,2.5667152,2.555593,4.591742,7.1966414,9.869783,5.9914713
1986-02-28 12:00:00,2.1657481,2.102555,5.1237965,7.0008416,9.975254,6.6809006
1986-03-01 12:00:00,2.046455,2.1084447,4.5496497,5.559291,4.9636645,5.2834225
1986-03-02 12:00:00,1.4770616,1.8063952,4.216486,4.2177653,3.7103286,2.8520038
1986-03-03 12:00:00,2.6447148,2.5191896,6.454023,6.127331,7.2607374,4.2154446
1986-03-04 12:00:00,2.9483466,2.2467852,5.1467285,3.92744,7.5538683,2.6275036
1986-03-05 12:00:00,2.267808,2.1319199,6.166902,5.6571207,8.485949,4.2102294
1986-03-06 12:00:00,2.958649,2.4330258,5.6861386,5.0018964,9.260897,3.1632867
1986-03-07 12:00:00,3.7841308,3.860183,6.912978,8.596876,7.663351,5.6631556
1986-03-08 12:00:00,4.533285,4.7932286,6.8382716,8.395075,6.339526,5.829044
1986-03-09 12:00:00,4.0180097,3.876959,7.7144365,7.2530684,7.2386594,6.062366
1986-03-10 12:00:00,3.316016,3.0589359,6.9537735,5.7611833,6.354643,4.4121456
1986-03-11 12:00:00,2.6467612,2.4710844,6.135043,5.872472,6.8570466,4.2016854
1986-03-12 12:00:00,3.053146,2.6557848,5.654862,5.0682654,7.1370044,3.6281025
1986-03-13 12:00:00,3.0071502,2.8066368,3.1472843,3.7215757,6.730142,2.095085
1986-03-14 12:00:00,3.6440303,3.9984467,7.5443482,5.6050744,5.771038,7.0758033
1986-03-15 12:00:00,4.284978,4.43533,6.044971,7.5332866,5.786853,5.9858027
1986-03-16 12:00:00,3.9965093,4.038575,6.6458726,6.457709,7.1224422,6.142413
1986-03-17 12:00:00,3.100675,3.7886066,4.9277387,7.460223,6.269715,5.9263234
1986-03-18 12:00:00,4.3961964,5.081562,7.9842525,8.484387,6.0994315,7.2014527
1986-03-19 12:00:00,2.6306813,3.0973587,4.2911186,7.065741,6.2325616,5.6197314
1986-03-20 12:00:00,1.2854161,1.4156924,3.5184617,3.9836624,5.3594503,4.097764
1986-03-21 12:00:00,1.2496449,1.5918404,4.0397887,4.2686477,4.454609,3.024353
1986-03-22 12:00:00,3.0072331,3.9004357,5.449354,6.346984,6.4013867,5.5095215
1986-03-23 12:00:00,3.3676095,3.961411,4.0142126,5.8380985,5.0261855,4.576041
1986-03-24 12:00:00,3.0434902,3.1641123,3.9870968,4.0562463,4.5543084,3.8820148
1986-03-25 12:00:00,2.5079687,2.515457,3.217759,2.0688415,4.1811924,2.8326116
1986-03-26 12:00:00,1.402187,1.3574252,2.8208969,2.230859,4.7214503,2.121683
1986-03-27 12:00:00,1.5927744,1.9721835,3.2683506,3.0086324,4.0711327,2.4105923
1986-03-28 12:00:00,1.957137,1.9423102,2.9551687,4.203563,6.832386,2.5683775
1986-03-29 12:00:00,2.0357037,1.901407,3.6116178,6.143107,7.909343,4.013803
1986-03-30 12:00:00,2.0691655,2.7652192,3.772811,7.0237865,7.0449305,5.1666265
1986-03-31 12:00:00,2.5664961,2.8475583,4.4108086,5.4287305,5.4299064,6.381412
1986-04-01 12:00:00,2.8636286,2.796494,4.474057,4.801287,4.7554708,5.5207353
1986-04-02 12:00:00,2.7450192,2.5891721,3.6956306,4.0857944,5.7766786,2.6756325
1986-04-03 12:00:00,1.7646061,1.9790306,6.087973,5.245648,4.4100018,5.4569917
1986-04-04 12:00:00,1.5760875,2.2777405,6.0053897,4.630206,6.6777024,5.057382
1986-04-05 12:00:00,2.3030307,2.5115154,7.279069,4.4822392,7.3026357,4.613733
1986-04-06 12:00:00,2.9492648,2.8119676,4.93857,6.6296034,6.899209,3.279334
1986-04-07 12:00:00,1.0258205,1.4204179,2.68713,4.048828,2.864358,3.230603
1986-04-08 12:00:00,2.1855412,2.3089907,3.1942747,4.3022704,3.8245416,2.6364841
1986-04-09 12:00:00,1.8250861,1.7645516,6.1491046,4.491482,5.4736466,5.059002
1986-04-10 12:00:00,2.5645642,2.8057241,8.895648,4.9946446,6.4379997,6.464858
1986-04-11 12:00:00,3.390723,3.447272,6.020267,5.1622424,3.3852162,5.3704896
1986-04-12 12:00:00,2.4594076,2.5901496,4.420128,5.1597443,5.351479,5.145507
1986-04-13 12:00:00,1.6596993,1.9861331,3.5248115,4.823769,3.5324566,4.0917997
1986-04-14 12:00:00,2.4503472,2.4558249,5.869194,4.488185,3.9777699,5.467404
1986-04-15 12:00:00,3.9258327,3.7043295,6.9180923,4.552187,2.7266498,5.330611
1986-04-16 12:00:00,1.8790514,1.5198736,4.264446,3.104865,3.4860415,2.0746543
1986-04-17 12:00:00,1.995105,1.7776289,4.207521,2.8653173,6.0275464,2.4149537
1986-04-18 12:00:00,3.7259374,3.0658646,4.8050075,3.0761168,5.3339524,2.732004
1986-04-19 12:00:00,2.787242,2.578526,3.2848396,3.5213766,5.102984,2.5969517
1986-04-20 12:00:00,1.3126812,1.3972827,2.307769,2.6064599,3.8174815,1.9779032
1986-04-21 12:00:00,3.103159,3.064559,6.2042575,3.9031227,4.3262286,4.172201
1986-04-22 12:00:00,5.3826575,5.167207,8.849398,8.038856,6.322977,8.2767515
1986-04-23 12:00:00,5.4301863,5.5735536,5.841444,7.25928,8.191659,6.099074
1986-04-24 12:00:00,3.0036895,3.5339885,2.4956892,5.4814367,7.9746685,2.9872723
1986-04-25 12:00:00,5.119415,5.2167797,4.673543,8.241234,10.177337,5.837486
1986-04-26 12:00:00,3.199042,3.3056262,2.9943652,5.5967007,6.969242,3.4145443
1986-04-27 12:00:00,3.7150652,2.994432,2.6071377,6.162432,7.5919805,2.9494293
1986-04-28 12:00:00,3.6065443,3.2347534,2.7610047,3.2358973,6.79013,2.255939
1986-04-29 12:00:00,2.400318,2.5309994,4.4946613,3.898264,5.670264,2.7393124
1986-04-30 12:00:00,2.8708544,2.763149,4.802487,4.474715,4.37062,3.5090678
1986-05-01 12:00:00,3.460163,2.7315228,6.244866,4.642743,4.727363,3.777265
1986-05-02 12:00:00,3.527428,3.1427972,6.2045984,4.0253386,5.2712574,4.3268714
1986-05-03 12:00:00,2.7294679,2.8161201,5.38079,3.6212869,4.9521594,4.472767
1986-05-04 12:00:00,1.9061205,1.920976,2.2934372,2.629547,6.443894,2.6078944
1986-05-05 12:00:00,2.1787908,1.6913116,2.8427522,2.930775,6.043959,2.4029207
1986-05-06 12:00:00,3.0874023,3.0348942,2.0261354,4.669637,5.4320126,1.9292305
1986-05-07 12:00:00,2.678272,2.4571707,3.2047482,4.4746065,5.048758,2.043471
1986-05-08 12:00:00,2.5881107,2.379114,2.588287,6.8954835,4.9577665,3.509126
1986-05-09 12:00:00,3.0599937,2.8687165,4.3085675,6.332609,4.836537,5.59818
1986-05-10 12:00:00,3.7203412,3.8743916,7.608576,5.8891487,6.0001755,6.475785
1986-05-11 12:00:00,3.543569,4.046295,6.744386,7.5164895,9.494184,6.400539
1986-05-12 12:00:00,1.2645923,1.5955924,3.4270666,4.373223,6.318157,2.302936
1986-05-13 12:00:00,2.348245,2.8141634,3.8443632,4.117017,4.937542,2.8397646
1986-05-14 12:00:00,4.0817146,4.2303443,4.159835,3.3453476,3.3885496,3.129439
1986-05-15 12:00:00,3.9832895,3.4869094,3.9806278,4.174617,4.098681,2.9430451
1986-05-16 12:00:00,3.4371638,2.4792452,3.3866353,3.1133883,4.074496,2.4029
1986-05-17 12:00:00,2.7265193,2.0424774,2.6563551,3.5100636,3.5060658,1.7008005
1986-05-18 12:00:00,2.84229,2.5411017,2.4160285,3.8847375,2.9552875,2.2423532
1986-05-19 12:00:00,4.4376254,3.8404548,3.584804,4.200612,3.240731,2.8060932
1986-05-20 12:00:00,5.6214266,5.1149116,6.4431067,5.087443,3.085008,5.2883124
1986-05-21 12:00:00,3.168558,3.7603855,4.2379556,5.0745397,6.2411203,4.6145067
1986-05-22 12:00:00,1.8133548,1.899001,4.9358125,5.127802,6.3517,3.2840312
1986-05-23 12:00:00,2.051553,2.211071,4.482695,4.290975,4.034887,3.302748
1986-05-24 12:00:00,1.097261,1.5366148,2.5536494,3.3895857,4.253131,1.8941746
1986-05-25 12:00:00,2.5894945,2.591726,3.422012,3.928753,4.3997784,3.14348
1986-05-26 12:00:00,4.3295245,4.3046007,5.9686103,5.235046,6.65555,5.147899
1986-05-27 12:00:00,5.9136863,5.550894,6.4343963,6.9803424,9.732091,7.1933813
1986-05-28 12:00:00,5.4308124,4.429603,7.297186,6.852402,6.5723825,5.0059934
1986-05-29 12:00:00,6.0401297,5.734083,7.8047185,8.143832,5.8794017,7.3154697
1986-05-30 12:00:00,2.9664242,3.1237555,4.8914204,7.16754,8.583762,3.9761498
1986-05-31 12:00:00,2.455659,2.6609876,3.337995,6.1176715,7.230628,3.950014
1986-06-01 12:00:00,4.7065663,4.6941924,7.0577655,6.1093855,5.7241874,8.636581
1986-06-02 12:00:00,4.070542,4.811654,7.7337675,7.2040114,6.38372,7.405297
1986-06-03 12:00:00,4.7212663,4.949741,8.391906,5.633082,6.607227,8.309307
1986-06-04 12:00:00,4.01408,3.7953384,3.5902534,3.6277733,6.4446106,3.9313028
1986-06-05 12:00:00,2.2415214,2.5488043,2.7675936,3.7096322,7.0247436,2.2383924
1986-06-06 12:00:00,3.564705,3.3942692,4.8189917,3.7507732,5.7739987,4.0373735
1986-06-07 12:00:00,3.488567,3.5886276,4.2419415,4.534117,4.910592,4.1666007
1986-06-08 12:00:00,2.6082034,2.870202,4.1371517,4.949862,5.2905583,3.9016743
1986-06-09 12:00:00,2.7133758,3.2497408,3.2751558,7.3953605,6.474522,4.328426
1986-06-10 12:00:00,2.6084988,2.7487178,3.4139984,5.9116306,5.068666,4.8115
1986-06-11 12:00:00,3.4548068,3.9720712,3.3049076,6.801715,7.7285857,4.152653
1986-06-12 12:00:00,3.725422,3.510319,3.7088778,5.141887,8.399704,2.4182734
1986-06-13 12:00:00,3.2271028,3.2336252,3.6637695,4.6356854,7.0115395,2.8048258
1986-06-14 12:00:00,2.7483292,2.4008899,3.2679648,3.7283525,4.9820642,2.4318917
1986-06-15 12:00:00,1.9886277,1.8730301,2.7395422,3.1862564,3.4538062,2.5327408
1986-06-16 12:00:00,1.7869673,2.112697,2.768073,3.7789454,2.546651,3.6245775
1986-06-17 12:00:00,1.5102386,1.568474,2.6359224,3.4259632,2.8465385,3.0330334
1986-06-18 12:00:00,1.4146633,1.7724932,2.35893,3.7683582,3.3748932,2.6747067
1986-06-19 12:00:00,1.4746609,2.1480289,1.8575119,2.8819716,3.8212557,2.0982125
1986-06-20 12:00:00,2.7133272,2.9852443,4.3210354,3.101895,2.9915543,3.8475025
1986-06-21 12:00:00,1.388382,2.1442337,3.093537,5.0541406,4.712667,4.099937
1986-06-22 12:00:00,1.8587041,2.0921426,3.7672427,5.0157275,7.6058073,2.7359872
1986-06-23 12:00:00,2.1474297,1.9532021,2.8972151,4.6393623,6.986477,2.1969037
1986-06-24 12:00:00,2.694388,2.930189,2.775985,2.8584244,6.534128,3.3176558
1986-06-25 12:00:00,2.2804456,2.6515694,3.5161366,2.6180055,5.8836327,2.83352
1986-06-26 12:00:00,1.2388418,1.4977523,2.1877444,2.812024,4.970523,2.6253228
1986-06-27 12:00:00,1.4602406,1.5976511,2.817834,2.8672404,6.151732,3.670794
1986-06-28 12:00:00,1.2312046,1.6385517,3.6419415,2.3805618,6.3414397,3.8337436
1986-06-29 12:00:00,2.2391903,2.2764015,3.7699053,4.0589805,6.910375,2.7526052
1986-06-30 12:00:00,1.8762512,2.0281408,2.8655996,4.1499057,5.777249,2.4776797
1986-07-01 12:00:00,2.1358354,2.4227238,2.576895,3.4501572,4.9883304,2.6413648
1986-07-02 12:00:00,1.3373804,1.8235794,3.9978654,3.1980038,5.42795,4.3781576
1986-07-03 12:00:00,2.0482519,2.207964,3.0236619,5.6335683,3.9761539,3.6183484
1986-07-04 12:00:00,2.7023757,2.4703672,4.225214,4.0938025,4.2372136,2.7341433
1986-07-05 12:00:00,3.4437692,3.0251958,4.631823,3.298541,4.6187687,3.8429995
1986-07-06 12:00:00,2.869388,2.6405535,3.9890392,3.2713408,5.399714,4.264725
1986-07-07 12:00:00,2.4256282,2.4110076,3.751755,3.7876804,5.852455,3.2645836
1986-07-08 12:00:00,2.629656,2.7207654,4.0625186,3.2257485,5.71294,3.581185
1986-07-09 12:00:00,2.0529509,2.6279585,3.5289257,2.530965,5.9781823,2.5513573
1986-07-10 12:00:00,2.1418881,1.8991692,3.3079145,2.1575515,3.3942454,2.2384026
1986-07-11 12:00:00,1.3054206,1.6390733,2.7169478,2.1572769,2.5541716,2.0931027
1986-07-12 12:00:00,1.5255854,1.5389543,2.4545164,2.5636935,3.1956747,2.562878
1986-07-13 12:00:00,1.6636841,1.7249504,3.6942322,2.66824,2.9797022,2.958267
1986-07-14 12:00:00,2.979084,3.3538687,5.856472,5.0732493,3.077653,7.0869756
1986-07-15 12:00:00,2.6783986,2.5362043,2.8703241,3.7098167,3.548134,2.8688033
1986-07-16 12:00:00,1.7386798,1.651756,3.074103,2.4392028,3.7620528,2.1503847
1986-07-17 12:00:00,1.6278998,2.2715418,2.8676865,2.9150026,3.2803707,2.3277001
1986-07-18 12:00:00,2.5854974,3.3367014,4.6787324,5.2405043,3.90491,5.121003
1986-07-19 12:00:00,1.7094662,2.3213806,4.24335,3.999864,4.321462,3.6398344
1986-07-20 12:00:00,2.9360135,2.926046,4.8920565,3.7266781,4.5445056,3.6377246
1986-07-21 12:00:00,6.526097,5.9290223,9.61409,7.4938865,6.6858864,6.8389516
1986-07-22 12:00:00,5.15165,5.319929,5.967653,7.902833,7.4083033,7.320319
1986-07-23 12:00:00,1.6068752,2.2140217,4.128197,5.3126307,4.9493804,3.5337276
1986-07-24 12:00:00,6.588956,5.7643037,6.602867,4.0061536,4.349503,4.6833243
1986-07-25 12:00:00,2.7003489,2.4289267,3.2600133,4.5227942,3.9469118,3.1517162
1986-07-26 12:00:00,1.7043726,2.1324704,3.0037267,6.095724,5.388004,2.7676578
1986-07-27 12:00:00,2.374285,2.2271395,2.741009,4.0487814,7.129952,2.6067016
1986-07-28 12:00:00,1.8776611,1.6444334,2.2109141,2.69878,8.181832,2.419257
1986-07-29 12:00:00,2.8728366,2.7100616,3.5584455,5.2325926,5.9620233,3.9517596
1986-07-30 12:00:00,4.433626,3.96407,6.1198974,5.11571,4.497409,6.9369283
1986-07-31 12:00:00,4.015691,4.121587,3.8795798,3.546096,4.0011544,4.012808
1986-08-01 12:00:00,2.3127477,2.1928306,2.8266718,2.829458,3.31892,2.7029662
1986-08-02 12:00:00,1.8623536,1.9749911,3.4460173,3.2005787,3.015098,3.2221355
1986-08-03 12:00:00,2.564774,2.3023987,3.428949,4.0316586,5.239264,2.8445659
1986-08-04 12:00:00,1.7467176,1.9806684,3.2278612,3.3935568,4.93211,3.4193704
1986-08-05 12:00:00,3.3414228,3.2702727,4.987959,4.79132,4.810423,5.8061094
1986-08-06 12:00:00,2.595661,3.3830218,5.445842,4.6725297,5.2141213,5.9506927
1986-08-07 12:00:00,2.9791934,3.1343489,3.658163,3.9698799,4.7071495,2.7869906
1986-08-08 12:00:00,1.8757608,2.1253676,3.277465,2.756286,3.6026826,2.465701
1986-08-09 12:00:00,3.8051784,3.8651628,4.8827825,4.9811378,3.4477618,4.7786317
1986-08-10 12:00:00,3.451916,2.9216635,4.0827765,4.4629035,4.5700855,4.0828724
1986-08-11 12:00:00,2.6120095,2.2772822,4.0661087,3.765163,4.6926093,3.7522402
1986-08-12 12:00:00,1.2879802,1.6786968,3.6126404,3.5398743,4.183312,3.032477
1986-08-13 12:00:00,1.2996281,1.7730248,3.3019016,3.032476,3.2077706,3.2137198
1986-08-14 12:00:00,2.360724,2.6817203,4.960092,3.3722267,4.4394107,3.8206124
1986-08-15 12:00:00,1.5237515,1.5041342,2.3289487,2.9033988,4.0456386,2.8754282
1986-08-16 12:00:00,1.411372,1.646548,2.540475,3.1393847,2.8148346,2.2203577
1986-08-17 12:00:00,1.0540519,1.3357857,2.7188046,4.8990583,3.2348833,3.943676
1986-08-18 12:00:00,0.8894057,1.2891684,2.2303545,3.1998684,5.794472,2.8202863
1986-08-19 12:00:00,1.091141,1.4424433,1.8802037,5.3393164,8.101132,2.5252693
1986-08-20 12:00:00,1.5940151,1.7385821,2.5007598,5.72305,6.636087,3.1813188
1986-08-21 12:00:00,1.108895,1.383231,2.418332,5.8814397,8.413297,2.264845
1986-08-22 12:00:00,1.8695387,1.8590195,3.527875,2.5828059,6.0716715,2.4032686
1986-08-23 12:00:00,2.6944296,2.4889882,4.7682242,3.0356824,2.7029645,3.2016451
1986-08-24 12:00:00,3.618826,3.5334861,4.7030106,3.1858358,3.349182,3.3831103
1986-08-25 12:00:00,4.368687,4.4484663,4.581934,4.2134166,4.180296,4.3238173
1986-08-26 12:00:00,3.670999,4.01204,3.6901906,6.040663,5.385758,3.8412738
1986-08-27 12:00:00,3.804821,4.118813,7.196488,5.9628444,4.6905823,5.3845363
1986-08-28 12:00:00,3.0857177,3.4567895,5.340743,5.8304863,4.3090744,5.073065
1986-08-29 12:00:00,4.066063,4.4751463,3.2485259,5.253758,3.7633612,4.14487
1986-08-30 12:00:00,3.13597,3.051407,4.5765815,4.664098,3.5430584,3.9259439
1986-08-31 12:00:00,3.646636,3.060174,4.8258653,3.264464,3.778455,3.1054058
1986-09-01 12:00:00,3.3690517,2.692844,5.163951,3.4255838,4.4782166,3.199039
1986-09-02 12:00:00,2.7066994,2.3191822,4.63828,2.823375,4.2314596,2.8881676
1986-09-03 12:00:00,2.0807033,2.2428203,5.4358783,4.059316,4.0671496,4.7963367
1986-09-04 12:00:00,2.0043209,2.6279576,5.401444,6.133711,4.5942883,6.98708
1986-09-05 12:00:00,1.957377,2.9194276,5.959545,8.085858,6.443668,8.119716
1986-09-06 12:00:00,1.9364406,2.4447708,4.6046557,5.875576,7.5096335,5.4079156
1986-09-07 12:00:00,1.1859539,1.3177325,4.659559,2.947042,7.8779006,3.4286427
1986-09-08 12:00:00,1.0807501,1.4741013,5.057782,2.7906463,5.0863748,3.9308271
1986-09-09 12:00:00,1.0994287,1.2629058,4.66535,2.5056732,7.089278,2.5406363
1986-09-10 12:00:00,1.0350323,1.0897746,3.4911447,3.1928377,4.7747226,1.9632221
1986-09-11 12:00:00,1.2658439,1.5699899,2.7583575,3.7182074,4.222551,1.5524756
1986-09-12 12:00:00,3.1602151,2.9726815,2.617838,5.01977,4.145558,1.6424289
1986-09-13 12:00:00,2.883073,3.0788288,6.7994165,6.365435,7.3767443,4.711949
1986-09-14 12:00:00,1.1970805,1.438373,5.1889477,4.5842733,9.137216,3.3622296
1986-09-15 12:00:00,2.3047569,2.3312473,3.0376863,2.878526,5.8390336,2.0958328
1986-09-16 12:00:00,1.5103694,1.4185464,3.6635082,2.783761,5.8836536,3.2588544
1986-09-17 12:00:00,1.5958642,1.9768939,5.6274962,4.3655066,7.556908,5.000384
1986-09-18 12:00:00,4.2829275,4.815086,10.874422,7.011678,5.735377,9.440798
1986-09-19 12:00:00,4.8574886,5.02238,7.206347,9.434239,5.114235,8.1086445
1986-09-20 12:00:00,3.9541836,3.7059877,5.435513,6.8015447,6.075699,5.350928
1986-09-21 12:00:00,2.8236017,2.526119,4.846623,5.779873,6.4684477,5.8158154
1986-09-22 12:00:00,3.1159253,3.217185,5.8912277,7.601326,6.36788,6.4061503
1986-09-23 12:00:00,2.5169382,2.7685845,4.7190375,6.3744826,5.735674,4.3579926
1986-09-24 12:00:00,4.2568083,4.357638,5.785367,5.5618644,5.771414,5.231477
1986-09-25 12:00:00,3.9568465,3.3459601,5.67067,2.7947118,6.5148754,3.630938
1986-09-26 12:00:00,4.761703,4.06552,6.9835305,4.222192,7.6361012,3.8449073
1986-09-27 12:00:00,6.077148,5.0047264,9.30918,5.0458527,9.093282,5.7553368
1986-09-28 12:00:00,3.7513323,3.181985,7.231431,3.9813173,7.558728,4.671864
1986-09-29 12:00:00,2.573404,1.8257159,5.1001034,2.7665186,5.43847,2.2513196
1986-09-30 12:00:00,1.3103136,1.1130726,3.1434557,1.96395,5.4234977,1.6625223
1986-10-01 12:00:00,0.9513755,1.1402973,2.3433404,4.55809,7.9926157,1.5650486
1986-10-02 12:00:00,1.1522833,1.4389255,1.6220881,7.043978,9.398009,1.6700102
1986-10-03 12:00:00,1.0238258,1.4604748,2.1511497,7.728412,7.450639,2.3723567
1986-10-04 12:00:00,1.6935985,2.442935,3.7231894,8.470817,7.7607765,4.5648737
1986-10-05 12:00:00,4.1288357,4.1414557,5.23618,6.590124,7.3489547,5.0471435
1986-10-06 12:00:00,3.4237587,3.3775356,3.80134,4.199435,5.7756248,3.1726704
1986-10-07 12:00:00,2.1181688,2.1397588,3.2052705,3.8046253,8.61465,1.5691538
1986-10-08 12:00:00,1.5364156,1.9151732,2.1614656,4.2166424,9.037999,1.9928557
1986-10-09 12:00:00,1.1131752,1.3121524,1.6576389,3.5710816,5.272285,1.48577
1986-10-10 12:00:00,0.8650746,1.3864489,1.9984906,3.6982207,5.275168,1.2586601
1986-10-11 12:00:00,0.751085,1.0795864,4.338572,2.9862392,6.3309827,2.548519
1986-10-12 12:00:00,1.5978781,2.0729856,6.8531237,4.4316845,6.818541,5.4965744
1986-10-13 12:00:00,4.001143,3.8463788,5.465825,6.0601444,5.8047786,4.91253
1986-10-14 12:00:00,2.643742,2.6075807,5.699761,5.73944,6.052739,5.8655987
1986-10-15 12:00:00,2.6927896,2.4889028,5.148367,5.789126,8.565097,5.4627542
1986-10-16 12:00:00,1.1633536,1.5921108,4.997238,5.563536,8.002988,5.27801
1986-10-17 12:00:00,3.240123,3.342716,6.4421444,6.506139,8.523768,5.799245
1986-10-18 12:00:00,2.7973797,2.7817388,7.0819616,5.666227,9.109241,6.2735877
1986-10-19 12:00:00,4.5330234,4.376806,7.789205,6.646621,10.06964,6.6128244
1986-10-20 12:00:00,2.3277888,2.506769,7.0887737,5.9812207,9.881849,5.1849294
1986-10-21 12:00:00,5.104548,5.27877,8.1695795,9.623809,8.280908,8.424965
1986-10-22 12:00:00,2.9457293,2.7646546,5.3964286,5.3934627,4.8468914,3.8822365
1986-10-23 12:00:00,3.2989964,3.3500009,4.584614,5.5821853,3.8963487,3.4086578
1986-10-24 12:00:00,2.3925035,2.9605143,4.494834,6.6688557,4.2975593,4.5309105
1986-10-25 12:00:00,1.8840911,2.2024188,6.45544,4.626669,5.133498,6.0313654
1986-10-26 12:00:00,4.0564485,3.4731026,5.139337,6.1147556,3.9383376,4.8481293
1986-10-27 12:00:00,3.4285235,2.8672147,4.1571493,4.5511007,4.6384883,3.2078755
1986-10-28 12:00:00,2.644405,2.8504248,3.1589253,3.2902086,4.3671284,2.6011348
1986-10-29 12:00:00,1.9053679,2.0830247,5.1282325,4.7900543,3.4978688,6.214567
1986-10-30 12:00:00,2.201105,2.3683243,7.235986,5.111295,4.3688393,6.2014832
1986-10-31 12:00:00,2.5666435,2.6749418,6.1213408,6.694661,8.8561945,5.7894964
1986-11-01 12:00:00,2.4787867,2.5425334,7.19835,7.46336,7.4143624,6.1447964
1986-11-02 12:00:00,4.515628,4.6608014,9.841448,10.200507,10.528297,9.591834
1986-11-03 12:00:00,4.0633397,3.5383036,8.989914,10.47309,10.5577135,6.9001107
1986-11-04 12:00:00,4.748535,5.5983853,8.882194,10.882893,8.594747,8.671038
1986-11-05 12:00:00,3.6291382,3.758795,3.5237298,5.570223,6.856898,3.1847465
1986-11-06 12:00:00,1.4238117,2.1558664,4.340005,6.673633,5.12796,4.696286
1986-11-07 12:00:00,3.2470355,3.6514273,7.0538244,6.939577,4.85185,7.2552433
1986-11-08 12:00:00,7.6200624,7.9810357,14.27985,11.013333,9.910514,12.7681265
1986-11-09 12:00:00,7.142155,5.980899,10.777247,8.543028,9.483866,7.497332
1986-11-10 12:00:00,1.6244258,1.5935361,3.3573868,7.030368,7.2003284,3.7841022
1986-11-11 12:00:00,3.1840763,3.369521,8.039361,8.367422,5.4189043,7.963502
1986-11-12 12:00:00,3.6377537,3.8161297,6.746168,6.721592,8.05167,6.6020226
1986-11-13 12:00:00,2.6062074,2.5741847,5.869052,5.374166,10.420378,4.9937053
1986-11-14 12:00:00,2.8963144,3.2888055,6.5045223,7.4575167,7.0282717,6.2709503
1986-11-15 12:00:00,2.6863556,3.2112496,5.258812,8.541635,5.585607,5.337587
1986-11-16 12:00:00,3.1412735,3.4711509,5.071753,6.0459824,7.8200583,6.708903
1986-11-17 12:00:00,2.414407,2.2074006,6.9443436,5.782448,6.8610845,6.433924
1986-11-18 12:00:00,3.4128914,3.435706,8.333192,7.134884,5.1520224,8.025512
1986-11-19 12:00:00,3.2983387,3.925968,7.7734566,8.872824,9.270353,9.154709
1986-11-20 12:00:00,5.5966177,6.325208,10.058808,10.846422,10.384866,10.561494
1986-11-21 12:00:00,5.1973963,5.423381,9.036886,9.728532,11.249006,9.145027
1986-11-22 12:00:00,7.39234,7.003922,10.443874,10.626991,12.20249,9.359781
1986-11-23 12:00:00,4.9601426,4.0021176,4.946147,6.2933474,9.208285,4.887504
1986-11-24 12:00:00,2.9953184,3.140565,6.363973,8.361079,8.296906,7.196875
1986-11-25 12:00:00,6.029969,6.481591,10.452369,12.666181,11.620912,10.990547
1986-11-26 12:00:00,3.8931916,4.415375,7.6414595,11.709382,13.657691,8.159112
1986-11-27 12:00:00,2.8697693,2.887065,5.829808,8.198644,10.119986,5.9982424
1986-11-28 12:00:00,6.1373816,6.045934,11.058837,11.201177,9.810995,11.079232
1986-11-29 12:00:00,5.4799943,5.5043793,10.027934,9.856437,12.449573,9.47158
1986-11-30 12:00:00,3.6006174,3.571207,7.619542,11.719272,12.496583,6.716703
1986-12-01 12:00:00,2.232766,2.3817205,4.5752482,6.6697927,11.766624,4.141499
1986-12-02 12:00:00,2.4898791,2.5486913,6.023637,3.8247755,4.7319393,3.7164478
1986-12-03 12:00:00,6.646464,6.0733776,9.412068,5.0718193,4.475766,5.6698866
1986-12-04 12:00:00,2.7362418,3.0035782,4.986827,3.928348,2.6469405,3.953834
1986-12-05 12:00:00,3.8512948,3.6779726,6.4523587,7.201708,5.474062,6.778388
1986-12-06 12:00:00,2.8134096,2.7826076,5.406555,5.650222,7.967157,3.706829
1986-12-07 12:00:00,2.3417294,2.411454,5.0796084,6.0721097,9.06255,4.1856112
1986-12-08 12:00:00,1.2713066,1.8209739,5.580151,4.9308314,8.012637,5.6748104
1986-12-09 12:00:00,1.0988959,1.7159696,4.5475526,6.195871,6.975833,5.297461
1986-12-10 12:00:00,2.1230848,2.4402523,6.377203,7.8582335,7.328702,7.177427
1986-12-11 12:00:00,3.049821,3.3727167,4.8744783,7.730608,9.873378,4.8909035
1986-12-12 12:00:00,1.8814118,1.9174786,4.5113554,7.2729993,9.7689705,4.9076924
1986-12-13 12:00:00,3.13473,3.1504693,6.218949,9.064632,10.78808,6.4475513
1986-12-14 12:00:00,3.017496,3.0011845,4.3780217,8.854194,11.590449,4.348902
1986-12-15 12:00:00,2.6562257,2.96587,5.1462493,11.223502,9.891584,7.253661
1986-12-16 12:00:00,5.4061704,4.9282513,8.101393,10.902821,11.879203,10.0026455
1986-12-17 12:00:00,3.2698739,3.0403788,4.876866,6.985465,10.319002,5.4994173
1986-12-18 12:00:00,1.4680576,1.9638442,3.103461,8.724455,10.507261,3.8909297
1986-12-19 12:00:00,1.7431583,2.3212967,5.6091843,10.057582,9.594728,7.912879
1986-12-20 12:00:00,4.7547216,4.9013777,10.177488,10.926624,10.309649,10.597138
1986-12-21 12:00:00,5.3613377,5.6351748,8.131311,11.021151,11.6792345,8.260049
1986-12-22 12:00:00,1.6165776,1.8474228,3.7722423,4.681088,9.697432,4.35588
1986-12-23 12:00:00,4.915852,5.053401,8.910003,10.979012,10.174394,9.404209
1986-12-24 12:00:00,3.594219,4.3962793,9.438443,10.675923,10.845899,9.440942
1986-12-25 12:00:00,5.792513,6.450983,11.654151,12.213226,8.639449,11.903471
1986-12-26 12:00:00,5.1490855,6.086392,8.730266,10.822768,9.417276,8.883521
1986-12-27 12:00:00,3.0509229,3.3363633,5.5072484,6.4325294,6.289716,4.9035983
1986-12-28 12:00:00,2.1771424,2.5599003,4.1773357,6.764065,4.24345,4.973491
1986-12-29 12:00:00,4.392449,4.4078293,8.886942,8.314544,6.6636667,8.7001095
1986-12-30 12:00:00,5.086426,4.8825912,6.882906,7.3000393,9.057132,5.9189177
1986-12-31 12:00:00,4.0387197,3.523511,6.2342787,7.4544363,8.604441,4.92036
1987-01-01 12:00:00,3.4938495,3.178696,5.8487997,7.3097687,5.909873,4.500264
1987-01-02 12:00:00,1.2447621,1.4397082,3.6634274,7.2614555,7.21742,4.3310246
1987-01-03 12:00:00,1.2729309,1.9637593,3.8239913,6.7826166,6.9718184,4.16875
1987-01-04 12:00:00,1.9728951,2.0178344,7.60134,4.1783376,7.653086,5.024041
1987-01-05 12:00:00,2.7489724,2.674991,8.184155,4.829549,6.020941,5.581849
1987-01-06 12:00:00,3.817521,3.2016397,5.765525,5.48628,8.620011,3.921247
1987-01-07 12:00:00,2.7356818,2.1324487,4.9511876,5.9962134,12.887618,4.132094
1987-01-08 12:00:00,3.9460258,3.7830641,10.291964,7.926003,9.691919,7.167214
1987-01-09 12:00:00,3.6569092,3.32646,9.40961,7.5026526,8.973614,6.390909
1987-01-10 12:00:00,2.879827,2.2525232,5.3711405,4.676832,6.8884797,3.3441145
1987-01-11 12:00:00,1.8945212,1.8476679,3.7738206,4.463055,7.2564282,2.6727765
1987-01-12 12:00:00,1.7704793,2.1107426,3.835388,6.950051,7.8952556,3.7173295
1987-01-13 12:00:00,3.6780584,3.521627,7.62898,7.5008593,5.388445,7.830772
1987-01-14 12:00:00,3.2204347,3.6508117,7.7951646,5.579355,4.5061994,7.0193
1987-01-15 12:00:00,3.4684641,3.5457532,9.567601,7.1196094,5.4162903,7.394627
1987-01-16 12:00:00,4.6995707,4.790598,6.0945725,4.034895,3.9390237,4.8216267
1987-01-17 12:00:00,3.3269532,3.5488713,3.8805978,4.5333967,4.0654373,2.9129777
1987-01-18 12:00:00,1.7814256,2.0938025,5.2387567,7.114983,5.6165085,6.440768
1987-01-19 12:00:00,3.1542835,3.0183873,4.8041058,7.893589,10.329826,6.0843124
1987-01-20 12:00:00,2.6100163,2.8056762,6.130085,7.2590575,7.1561074,6.946178
1987-01-21 12:00:00,2.675592,2.7621913,5.6327467,8.772621,9.810228,6.611178
1987-01-22 12:00:00,1.9957367,2.4819896,5.307513,8.93381,10.040995,6.5960393
1987-01-23 12:00:00,3.0229983,3.211407,7.9026747,8.693685,8.937864,7.5534163
1987-01-24 12:00:00,4.387025,4.4346304,11.951163,8.093871,8.29944,9.233545
1987-01-25 12:00:00,2.9251924,2.9887955,6.0960035,6.538056,8.697759,5.841468
1987-01-26 12:00:00,3.8934567,3.654984,9.198455,6.955794,9.213926,7.6727595
1987-01-27 12:00:00,3.2158623,2.9618852,7.036582,5.274436,5.8967433,5.965879
1987-01-28 12:00:00,3.200818,3.5337245,5.0064425,5.568424,3.5947735,4.235783
1987-01-29 12:00:00,1.7519544,1.7765416,3.631759,3.1610105,6.4059424,3.370378
1987-01-30 12:00:00,1.1223029,1.4422811,4.340646,3.4706373,7.313671,4.504005
1987-01-31 12:00:00,1.8240807,2.0853906,5.699915,5.405971,6.003145,5.8246107
1987-02-01 12:00:00,1.9500763,2.5490427,7.0716786,8.480397,6.4826026,6.0662975
1987-02-02 12:00:00,5.2336087,5.1159587,9.611965,8.115999,5.3078914,10.010491
1987-02-03 12:00:00,4.4152145,4.431427,8.411686,7.444246,4.0154896,7.8087525
1987-02-04 12:00:00,2.2788887,2.5929027,5.4843545,7.337696,3.9645803,4.345935
1987-02-05 12:00:00,2.1842062,2.2976344,6.931737,5.4843554,5.794057,5.203371
1987-02-06 12:00:00,3.43204,3.1876519,5.0941577,7.476759,5.88467,5.435538
1987-02-07 12:00:00,2.8020856,2.371045,5.9141383,7.337952,5.504338,5.7422013
1987-02-08 12:00:00,2.311469,2.1546023,6.0938663,6.343127,5.323959,5.0334044
1987-02-09 12:00:00,4.808534,4.3747635,6.8332434,7.6636243,4.3114424,6.8870664
1987-02-10 12:00:00,2.6156032,2.5461457,4.6353183,5.1082106,5.723832,3.33204
1987-02-11 12:00:00,3.4792395,2.9791782,5.678574,3.901504,3.0921586,3.6179981
1987-02-12 12:00:00,3.5174904,3.5247607,4.4985166,3.4951677,3.5037866,3.6228433
1987-02-13 12:00:00,2.281931,2.368234,4.65717,4.1362104,4.866111,3.6677976
1987-02-14 12:00:00,3.6825776,3.617114,6.9344683,6.4349365,7.1376095,4.6914062
1987-02-15 12:00:00,3.1545134,3.3606758,5.0696335,4.831708,7.079264,4.1701417
1987-02-16 12:00:00,2.5828645,2.5715337,6.3169045,4.508179,4.7418046,4.428404
1987-02-17 12:00:00,1.6125145,2.0533724,3.7282374,5.218971,3.6467328,3.9687479
1987-02-18 12:00:00,2.467213,2.3598828,3.6252086,2.6650944,5.1219,2.6206195
1987-02-19 12:00:00,1.8030514,1.4801645,5.246192,4.024798,3.6969147,3.4368784
1987-02-20 12:00:00,0.8863217,1.2206519,3.9653115,6.5104604,10.605259,2.75037
1987-02-21 12:00:00,0.9378286,1.4042674,2.9576292,4.378923,11.948746,2.2025774
1987-02-22 12:00:00,1.8520197,1.6129653,3.3576713,2.752894,6.9515696,1.9474279
1987-02-23 12:00:00,2.1408567,2.2875717,2.7689393,5.9551787,9.0033245,2.608164
1987-02-24 12:00:00,1.703848,2.1886995,2.731092,3.596187,7.2776,2.1943452
1987-02-25 12:00:00,1.5629315,1.4477268,3.663327,2.6815166,5.201335,2.584882
1987-02-26 12:00:00,4.185917,4.2842693,10.015606,7.386261,7.76549,7.4277196
1987-02-27 12:00:00,5.717346,6.2831783,11.467248,11.049178,10.701342,10.851734
1987-02-28 12:00:00,4.650951,4.8749495,10.350325,8.5993,8.415972,8.352209
1987-03-01 12:00:00,3.395583,3.3023896,8.035374,7.1365275,6.8052797,5.895314
1987-03-02 12:00:00,2.8915474,2.1979542,4.5512075,5.400088,7.6793275,3.768975
1987-03-03 12:00:00,1.2302994,1.4385024,2.3644633,3.235943,5.4145956,2.051801
1987-03-04 12:00:00,2.813328,2.369009,5.208864,5.713891,4.4314346,3.911703
1987-03-05 12:00:00,3.7052617,2.9318397,4.6929708,4.539655,5.0495152,2.65815
1987-03-06 12:00:00,3.3001196,2.7529988,5.054352,4.39502,7.087646,2.709391
1987-03-07 12:00:00,2.9970198,2.8494358,4.167428,4.6341853,6.5191455,2.9012487
1987-03-08 12:00:00,2.1462812,2.4401546,3.1391566,5.6801715,6.867772,3.1507304
1987-03-09 12:00:00,1.5547498,1.5018315,2.6883414,6.0175753,9.138982,2.4416401
1987-03-10 12:00:00,1.6169964,1.943443,2.5530405,8.832519,11.212165,4.409446
1987-03-11 12:00:00,4.109855,4.0014586,6.0166993,9.106928,10.275157,7.064376
1987-03-12 12:00:00,2.5139413,3.1654043,4.0245104,6.9628987,7.818238,5.3897166
1987-03-13 12:00:00,2.453252,3.1060157,3.1418564,6.9041476,10.328637,4.0337753
1987-03-14 12:00:00,1.874466,2.1246474,3.7671318,5.461236,7.5350957,3.3548777
1987-03-15 12:00:00,2.9105103,3.079928,5.6995897,8.96055,10.288774,6.856489
1987-03-16 12:00:00,3.8576577,3.8341794,8.341293,9.230344,9.016548,8.153628
1987-03-17 12:00:00,3.7604432,4.1866064,8.512327,8.217717,7.1570497,7.5502934
1987-03-18 12:00:00,5.320077,5.678779,9.453196,9.252668,6.5726485,10.047602
1987-03-19 12:00:00,3.9228663,4.185661,7.033433,7.110774,6.8368053,5.772133
1987-03-20 12:00:00,1.9667779,2.0591655,5.1367245,5.2432966,6.999198,5.2324476
1987-03-21 12:00:00,2.471897,2.262077,6.197344,4.986378,7.2450213,4.1319637
1987-03-22 12:00:00,2.6662183,3.262309,5.1828966,7.119192,5.716614,5.6545644
1987-03-23 12:00:00,2.8569462,2.9547546,4.3715563,8.482764,5.484206,5.9985685
1987-03-24 12:00:00,2.278557,2.6531653,4.4274263,5.397342,4.621683,4.0772095
1987-03-25 12:00:00,1.771615,2.0701199,4.49577,3.9020395,4.535811,4.300712
1987-03-26 12:00:00,2.0502758,2.5408194,5.096077,5.860561,5.4688787,4.6096015
1987-03-27 12:00:00,2.0977843,2.3823042,4.517401,5.451166,5.2815676,5.2020473
1987-03-28 12:00:00,3.9842799,4.169334,5.28637,8.521513,10.00097,6.0460987
1987-03-29 12:00:00,2.8065152,3.0289803,5.744179,8.384568,7.4139357,7.0610967
1987-03-30 12:00:00,4.8751893,5.5012407,9.822134,12.428807,10.741946,10.447492
1987-03-31 12:00:00,5.2384467,6.2916307,8.565532,9.223319,7.184275,8.390203
1987-04-01 12:00:00,4.042997,4.2302346,5.460117,6.6912956,8.497852,5.388945
1987-04-02 12:00:00,2.028731,2.2073545,5.126432,4.14275,5.3459225,4.7274413
1987-04-03 12:00:00,4.361239,4.2943897,6.50575,5.480677,6.0680895,5.774805
1987-04-04 12:00:00,3.9416924,4.7036414,7.0793757,10.4401045,6.878818,7.481805
1987-04-05 12:00:00,3.327475,4.7677727,6.1719546,6.5611033,5.259279,5.8693194
1987-04-06 12:00:00,2.6681166,2.888951,4.5463533,6.4645967,8.384861,4.486506
1987-04-07 12:00:00,1.6895483,1.8623816,2.9618132,4.7658987,6.1744223,2.5963895
1987-04-08 12:00:00,2.0542085,1.9640474,3.1933048,4.764822,5.7818084,3.72936
1987-04-09 12:00:00,1.6296188,2.1957486,5.5922246,4.9158235,8.593191,4.5749335
1987-04-10 12:00:00,4.362165,4.52947,4.767266,6.2124,8.135548,4.151921
1987-04-11 12:00:00,2.1186965,2.3221686,4.7352495,7.709454,7.09476,4.0360594
1987-04-12 12:00:00,1.8647614,2.0271366,4.3063984,4.475718,6.377748,3.3296425
1987-04-13 12:00:00,2.0790148,1.9371477,7.4390144,3.9389167,4.2859955,3.9615111
1987-04-14 12:00:00,4.7758493,3.8094063,6.5714083,4.1498594,4.9716754,5.017187
1987-04-15 12:00:00,3.0311203,2.661139,5.1599636,4.9651647,4.857367,3.3224106
1987-04-16 12:00:00,5.3729806,4.627273,7.254839,5.1858873,2.9792886,5.587077
1987-04-17 12:00:00,1.9098595,2.3706648,3.8242025,5.456933,4.568268,3.5143416
1987-04-18 12:00:00,4.115466,3.2634528,6.5355563,5.157217,7.3226833,4.533761
1987-04-19 12:00:00,3.706564,3.0124393,6.1130996,4.071703,6.914566,4.7096505
1987-04-20 12:00:00,2.5205288,1.9128658,6.583161,3.493781,9.926051,3.3105903
1987-04-21 12:00:00,2.3048668,2.151116,5.8276353,4.433676,8.210775,3.824753
1987-04-22 12:00:00,1.0967374,1.3602962,5.2440104,3.5509539,5.119952,3.715955
1987-04-23 12:00:00,1.8953444,1.864615,6.1566715,4.0548916,6.001771,4.5309887
1987-04-24 12:00:00,1.2710514,1.5379341,3.6812954,4.261691,10.927791,2.791561
1987-04-25 12:00:00,2.5149152,2.2552645,5.373375,3.9223292,8.049533,3.1903212
1987-04-26 12:00:00,1.9211962,2.054195,4.1327453,3.243292,9.875143,2.4410598
1987-04-27 12:00:00,2.294634,2.32526,3.517608,4.3516912,6.886302,3.8340747
1987-04-28 12:00:00,3.0093732,2.8725152,5.107188,5.2754807,4.8278966,4.484481
1987-04-29 12:00:00,3.528055,3.7010474,5.451003,4.946258,6.4669003,4.687328
1987-04-30 12:00:00,3.062749,3.5280936,4.687879,6.0560665,6.2453446,4.105739
1987-05-01 12:00:00,2.331815,2.4530554,4.2799478,5.300605,3.8639758,3.2366621
1987-05-02 12:00:00,3.2289546,3.0009804,3.3311317,5.270243,3.5219412,2.1660683
1987-05-03 12:00:00,3.5638433,2.9656506,3.1401963,3.2916598,4.3989563,3.0572708
1987-05-04 12:00:00,2.531168,2.5441082,3.827562,6.3204346,5.041144,4.574144
1987-05-05 12:00:00,2.7385995,3.1849236,5.369982,5.9522104,7.4953103,4.3634567
1987-05-06 12:00:00,2.7282257,3.0419362,4.472688,7.1470366,5.4706554,5.3950214
1987-05-07 12:00:00,3.798434,4.1382337,7.351856,8.003245,5.144993,6.908092
1987-05-08 12:00:00,4.11277,4.01624,6.7325644,7.849229,6.7105737,6.374056
1987-05-09 12:00:00,4.868081,5.0580187,9.839934,6.8118258,4.3853517,8.368896
1987-05-10 12:00:00,3.155218,3.3614967,5.2106557,6.3396673,5.9063244,4.2365313
1987-05-11 12:00:00,2.4985778,2.8808901,4.468426,5.20439,7.66248,4.8182907
1987-05-12 12:00:00,2.2359226,2.1362019,3.5539694,3.7080534,5.416835,3.4770162
1987-05-13 12:00:00,2.5992136,2.655744,4.279695,3.6488197,5.652089,3.7717333
1987-05-14 12:00:00,1.779109,2.057507,6.342685,3.463128,3.8132553,4.9929376
1987-05-15 12:00:00,4.022342,3.6918466,7.4453464,4.4326854,3.5342464,5.128182
1987-05-16 12:00:00,2.9756083,2.6672893,4.969079,2.8687828,5.061129,3.0148013
1987-05-17 12:00:00,2.2720263,2.0237496,3.4071832,2.6757958,3.9520195,2.8059201
1987-05-18 12:00:00,2.4951718,2.061031,3.24314,2.2510629,2.6832402,2.378937
1987-05-19 12:00:00,2.1580307,2.0521653,3.3180003,3.1466208,2.3953953,3.0941708
1987-05-20 12:00:00,3.147348,2.9148145,3.933231,3.475308,3.0315468,3.274946
1987-05-21 12:00:00,2.404059,2.5232213,3.6316726,4.1156087,4.3936744,3.5637352
1987-05-22 12:00:00,4.621654,4.151321,5.239157,6.6106114,5.0914283,5.9868503
1987-05-23 12:00:00,2.96568,3.2567377,5.2563257,6.38831,6.498031,5.320307
1987-05-24 12:00:00,3.3759127,3.2826388,5.3910365,3.9064586,4.5884285,4.9467745
1987-05-25 12:00:00,3.713453,3.3548028,4.6809797,4.4605765,2.9765952,3.8683636
1987-05-26 12:00:00,5.1782513,4.857533,6.1951137,3.2909718,4.0371776,3.4488459
1987-05-27 12:00:00,4.533845,4.519152,5.6606855,2.9466836,5.6622534,4.000354
1987-05-28 12:00:00,3.1205132,2.6056733,3.604456,2.3540342,5.3391824,2.2288446
1987-05-29 12:00:00,0.88369644,1.4104471,2.9646332,3.9041924,5.9454327,2.8391693
1987-05-30 12:00:00,2.1233137,2.5047498,2.72371,5.091733,6.3350673,2.6418984
1987-05-31 12:00:00,1.699064,2.0445955,3.3086002,3.4986696,5.9202046,2.3272712
1987-06-01 12:00:00,2.2658913,2.3239865,3.5736601,4.5962496,7.549405,2.5162363
1987-06-02 12:00:00,2.4929283,2.9595497,4.5430965,6.7920504,8.545349,3.2911243
1987-06-03 12:00:00,3.0623543,3.0273442,3.3563836,6.07633,10.845332,3.1352553
1987-06-04 12:00:00,2.856697,2.8407817,2.9193146,7.94786,9.6189785,4.1344604
1987-06-05 12:00:00,3.7018585,3.6907008,4.2139506,7.5624166,7.162558,5.9129953
1987-06-06 12:00:00,2.6127918,2.9261458,3.665433,4.7275457,8.802379,4.0488725
1987-06-07 12:00:00,2.4402723,3.0355675,2.4081182,3.5539024,12.433612,2.2524128
1987-06-08 12:00:00,2.0172787,2.5915945,2.1703331,3.0474517,9.115387,2.203542
1987-06-09 12:00:00,2.4291136,2.8056765,4.3622136,2.6128395,5.361965,3.5714092
1987-06-10 12:00:00,3.1291761,3.3748057,4.3121614,4.60774,5.694478,4.815427
1987-06-11 12:00:00,2.544108,2.9019806,4.226384,4.170291,5.394361,4.9117417
1987-06-12 12:00:00,2.5862675,2.9357371,5.0619144,4.2216263,6.0412016,3.711205
1987-06-13 12:00:00,3.1026843,3.0442185,4.319914,4.6572204,5.4895473,3.6178546
1987-06-14 12:00:00,3.175043,3.5523422,4.775434,3.7358544,5.265046,4.875888
1987-06-15 12:00:00,3.898346,2.9982696,4.072191,4.364145,5.831207,3.2753506
1987-06-16 12:00:00,2.525977,3.1334293,6.382198,5.499776,10.847838,5.2836847
1987-06-17 12:00:00,4.951073,4.688448,7.893207,7.190346,7.4956503,7.407781
1987-06-18 12:00:00,4.6713576,4.9130125,6.8271413,6.3694043,6.3589063,6.2966924
1987-06-19 12:00:00,4.9170218,5.2876945,8.069972,6.5447726,7.091938,8.544927
1987-06-20 12:00:00,5.2026143,5.4865365,7.9706306,7.6910872,7.4140882,7.797878
1987-06-21 12:00:00,3.5178564,3.8845146,5.6018324,5.9219933,8.634432,5.200707
1987-06-22 12:00:00,3.452972,3.382963,4.424334,6.000195,7.6581197,5.067972
1987-06-23 12:00:00,3.1168997,3.5314147,4.507523,7.0364833,5.889447,5.2587404
1987-06-24 12:00:00,3.1856227,3.4067667,3.795971,4.692021,5.777843,3.8334
1987-06-25 12:00:00,1.8527797,2.1572545,2.5103548,3.6311374,8.143027,1.9731243
1987-06-26 12:00:00,2.4935265,2.7671216,2.9912965,3.468167,7.246078,2.3233502
1987-06-27 12:00:00,3.1418817,3.2533948,4.314109,3.4527705,4.104251,3.3769448
1987-06-28 12:00:00,2.2936015,2.7665274,4.622795,3.5122933,5.4499445,4.057393
1987-06-29 12:00:00,4.591158,4.1142426,5.2586102,4.5213475,5.475787,4.495578
1987-06-30 12:00:00,2.696598,3.0059376,5.4540157,3.5479743,4.748443,4.9350204
1987-07-01 12:00:00,4.149097,3.8724325,6.125822,3.2527938,8.2211895,5.8664346
1987-07-02 12:00:00,4.4611945,4.451679,5.973479,5.722773,5.9139895,6.294708
1987-07-03 12:00:00,2.5879774,2.6446548,4.6681657,3.9295008,4.815498,3.883591
1987-07-04 12:00:00,3.4448814,3.576205,4.855098,5.8755116,4.2028584,5.2499747
1987-07-05 12:00:00,3.5031338,3.5375047,6.1241837,6.493924,7.021191,5.222707
1987-07-06 12:00:00,3.2385929,3.574682,6.60771,5.700676,5.5006714,5.202917
1987-07-07 12:00:00,2.210891,2.4827087,3.5554643,5.0303173,5.579443,2.975914
1987-07-08 12:00:00,2.9188638,3.467738,5.1887484,4.141399,6.188344,5.108824
1987-07-09 12:00:00,1.9661257,2.0393693,3.970173,3.3208375,4.62749,2.7880225
1987-07-10 12:00:00,2.699408,3.0426111,3.767594,3.5004363,3.8559718,2.9088824
1987-07-11 12:00:00,2.6046486,2.5051825,3.4738877,2.9350934,3.7654922,2.780915
1987-07-12 12:00:00,2.0893323,2.1504874,3.8259873,3.3354874,4.491713,3.6102543
1987-07-13 12:00:00,1.7856959,1.6534098,3.2065182,3.5429094,4.710489,2.8626027
1987-07-14 12:00:00,5.004631,4.5669556,4.3417225,5.6776214,3.8136854,3.7741764
1987-07-15 12:00:00,3.9090366,3.95895,3.9037971,5.942047,4.966323,4.612184
1987-07-16 12:00:00,3.429436,3.019213,4.197893,6.806273,5.9496803,5.5556808
1987-07-17 12:00:00,7.111631,6.998331,8.014666,8.911963,7.5945897,8.496836
1987-07-18 12:00:00,4.215772,5.1549544,6.602279,6.852883,8.497441,6.0420127
1987-07-19 12:00:00,2.7455144,3.0637863,5.2630806,4.606825,5.331628,4.3680577
1987-07-20 12:00:00,3.2000191,3.2948513,5.427772,4.4615154,4.5243936,4.603709
1987-07-21 12:00:00,4.093305,5.1004276,5.7136707,5.4743776,8.803483,4.99646
1987-07-22 12:00:00,2.9304652,3.364082,3.2461114,4.6555486,8.3595495,2.6085978
1987-07-23 12:00:00,2.65497,3.0119205,3.7295218,3.0718713,6.0574446,2.5989766
1987-07-24 12:00:00,2.7682738,3.11231,5.2767925,4.25941,6.4171114,3.834211
1987-07-25 12:00:00,1.8531442,2.218434,2.412454,4.0773253,5.861282,3.1397555
1987-07-26 12:00:00,2.027657,2.4127696,3.494761,3.2617857,4.1023703,2.069542
1987-07-27 12:00:00,2.5050478,2.932891,4.90289,3.4434626,4.001047,3.8927343
1987-07-28 12:00:00,2.444299,2.9981902,5.9579425,3.6106427,3.5284088,4.645745
1987-07-29 12:00:00,4.188174,4.354514,7.1864324,6.851023,4.3588943,7.3342395
1987-07-30 12:00:00,5.1217504,4.859848,8.310942,6.2350245,5.4866858,7.997028
1987-07-31 12:00:00,2.9027421,2.8483894,4.290029,6.577332,5.5939617,5.30053
1987-08-01 12:00:00,3.0064573,2.7268887,4.0892673,5.2086406,4.4080906,4.3215275
1987-08-02 12:00:00,2.7230442,3.0679426,6.365952,3.942132,4.0379424,6.1593623
1987-08-03 12:00:00,4.501324,4.005985,5.407596,5.2113304,4.5971103,5.4854913
1987-08-04 12:00:00,2.8509436,2.9314234,4.57617,3.4653006,5.5514684,3.504589
1987-08-05 12:00:00,3.1885524,3.1557145,4.116565,4.395143,5.7836475,4.335947
1987-08-06 12:00:00,3.3527884,3.6492634,5.4806666,5.0536866,3.837703,6.0683007
1987-08-07 12:00:00,3.4889987,3.3629403,5.2004805,4.394064,6.3998456,5.613227
1987-08-08 12:00:00,4.8314586,4.656541,6.043342,7.126843,5.598149,7.2527037
1987-08-09 12:00:00,2.9446325,3.8403115,6.1340146,6.2914357,5.8986583,7.6096115
1987-08-10 12:00:00,2.9698012,3.0714648,3.681376,5.9322057,4.563451,5.659651
1987-08-11 12:00:00,1.8338292,2.3279881,3.410268,3.2351494,4.4965343,2.9498544
1987-08-12 12:00:00,2.7019174,3.207767,4.720245,4.558762,4.270302,4.4746327
1987-08-13 12:00:00,1.8898141,3.0800326,5.1301527,3.8799038,6.581307,4.4469056
1987-08-14 12:00:00,2.3925195,2.8042727,2.500917,3.5739412,6.146527,3.03875
1987-08-15 12:00:00,2.2901287,2.3248396,2.7371683,3.976836,5.897173,3.0941613
1987-08-16 12:00:00,2.5550354,3.1221633,4.9845977,3.970989,5.5155373,4.305699
1987-08-17 12:00:00,3.3548062,4.0732355,6.0536146,5.2138305,4.8807364,5.741413
1987-08-18 12:00:00,2.8913515,3.4244525,5.573472,3.7866552,5.3980784,5.9741836
1987-08-19 12:00:00,2.1520183,2.366243,4.702648,3.1717129,4.342596,5.0275593
1987-08-20 12:00:00,2.9363155,2.844658,6.2064366,4.0268893,5.218794,4.6904616
1987-08-21 12:00:00,3.3270504,3.3093817,5.679626,4.546628,7.3132687,4.180657
1987-08-22 12:00:00,3.401282,3.5993567,6.9683256,6.031023,6.903455,6.2256866
1987-08-23 12:00:00,4.6047897,4.524118,6.6276546,5.4754925,6.1363993,5.906172
1987-08-24 12:00:00,3.5769794,3.2391527,5.8147883,3.4760647,5.1530924,4.159228
1987-08-25 12:00:00,2.983741,3.7431126,5.214582,6.128312,11.199081,3.784351
1987-08-26 12:00:00,4.392493,5.3128033,4.917135,7.079345,6.6884537,5.1814394
1987-08-27 12:00:00,3.1770682,3.4213407,5.1928387,4.0365767,4.070921,4.6405
1987-08-28 12:00:00,2.353362,2.9014113,4.4644165,3.4873836,4.7461915,3.5186424
1987-08-29 12:00:00,3.9288526,3.982686,5.911447,4.9894495,4.965142,5.249401
1987-08-30 12:00:00,3.1677377,3.1142378,2.9478362,5.2569957,5.2047834,2.6590881
1987-08-31 12:00:00,2.3781033,2.1589425,3.043192,3.0272083,4.418633,2.0552642
1987-09-01 12:00:00,1.4819912,1.8289362,4.1575217,4.017524,5.0289345,3.3949049
1987-09-02 12:00:00,1.7668159,1.6708255,3.5479474,3.821727,7.101523,2.9690533
1987-09-03 12:00:00,2.6104655,2.0351968,3.7585585,2.5354462,5.865556,2.7051008
1987-09-04 12:00:00,1.9628307,2.3373537,3.9710252,5.3615193,4.626865,3.6734881
1987-09-05 12:00:00,2.5529442,2.9255447,4.7162313,5.839879,4.8346577,5.6807156
1987-09-06 12:00:00,2.8353376,2.7476876,7.6667805,3.5445263,3.2768357,5.625038
1987-09-07 12:00:00,2.7865937,2.9415715,7.5439434,4.7335424,3.92254,5.9553337
1987-09-08 12:00:00,2.0720794,2.4296641,5.0693974,4.9676394,5.5707264,3.272983
1987-09-09 12:00:00,2.1085143,2.1434195,3.8820553,4.1552796,6.4251223,3.5076246
1987-09-10 12:00:00,5.016354,5.2030516,9.610172,6.616626,6.4734764,9.136847
1987-09-11 12:00:00,5.197434,5.0877028,7.505614,7.652737,6.2350526,6.0071096
1987-09-12 12:00:00,4.615719,4.253139,6.480162,7.434474,4.4634776,6.0062804
1987-09-13 12:00:00,2.819023,2.7140808,4.903017,7.06545,4.925711,5.1586885
1987-09-14 12:00:00,1.8312238,1.9879358,4.125712,7.444955,5.0358133,4.0975113
1987-09-15 12:00:00,3.5105476,3.3054056,5.379922,4.5773144,5.6015778,4.8558865
1987-09-16 12:00:00,5.0995083,5.599177,3.0621488,7.273694,6.7917066,4.190009
1987-09-17 12:00:00,3.661016,4.1353436,6.695041,7.775401,8.522254,6.5196066
1987-09-18 12:00:00,3.9712741,4.199819,6.419826,8.289547,7.4000974,5.8911133
1987-09-19 12:00:00,7.711954,7.628919,8.259032,8.728634,5.8801546,6.926424
1987-09-20 12:00:00,5.8074636,5.983679,8.432536,9.585864,7.6269636,7.995638
1987-09-21 12:00:00,4.863632,5.575231,4.8049693,7.2851086,6.9195094,3.7981827
1987-09-22 12:00:00,1.9039099,1.9503862,2.5700958,3.2672267,4.770097,2.1360793
1987-09-23 12:00:00,1.7768387,2.0128303,2.9953053,3.123315,4.0538573,2.084184
1987-09-24 12:00:00,1.0628364,1.6548387,2.8050284,3.1164212,3.5794334,2.0073173
1987-09-25 12:00:00,2.0629184,1.9114628,4.7442584,4.3354793,4.880611,3.1356194
1987-09-26 12:00:00,5.3311734,4.9549804,6.203,5.5637507,4.936572,6.4774904
1987-09-27 12:00:00,3.8440795,3.7360873,8.096166,4.8621993,4.727843,6.881312
1987-09-28 12:00:00,4.567709,4.9997296,8.089249,7.9745812,7.148414,7.39058
1987-09-29 12:00:00,5.1853576,5.9481664,7.0262437,8.530066,8.51373,6.435631
1987-09-30 12:00:00,4.623648,4.3853245,5.1176457,3.3951583,5.5506625,3.9260902
1987-10-01 12:00:00,1.4160538,1.4476408,2.807895,5.0524583,7.8898654,2.477316
1987-10-02 12:00:00,0.97848207,1.4182751,2.3455975,4.8894615,10.199571,2.6660118
1987-10-03 12:00:00,1.3738656,1.714545,3.4795191,6.304388,11.8950405,3.133333
1987-10-04 12:00:00,1.8355373,1.6184872,3.7762468,5.652617,9.609957,2.5042746
1987-10-05 12:00:00,3.4050314,3.0437942,4.6735597,3.4218411,6.5208206,3.1175778
1987-10-06 12:00:00,2.9464364,3.130703,4.895306,5.6301765,5.8451505,3.720801
1987-10-07 12:00:00,2.8602703,3.17551,5.5753994,5.619521,6.371965,4.5185676
1987-10-08 12:00:00,2.7254965,2.764909,5.1132197,5.2299232,4.233151,4.373459
1987-10-09 12:00:00,1.9045999,1.7612889,4.843954,2.853819,5.293303,2.6403444
1987-10-10 12:00:00,2.2427754,1.8005552,4.657094,2.2746613,7.894584,2.182914
1987-10-11 12:00:00,2.5903888,2.4675758,5.994383,3.6772425,9.673966,3.1185014
1987-10-12 12:00:00,3.277923,2.6062133,6.3772354,3.0984983,9.587072,3.2928996
1987-10-13 12:00:00,3.1107378,2.1608925,5.9067245,2.7834358,7.194881,3.063168
1987-10-14 12:00:00,1.7565541,1.3799888,4.1047206,3.8875964,8.31545,2.2349048
1987-10-15 12:00:00,2.213885,1.6202409,4.214162,2.7130792,7.8768253,2.1295645
1987-10-16 12:00:00,1.3184944,1.1808661,3.282202,2.715202,6.5819106,1.5680293
1987-10-17 12:00:00,0.6941664,0.83017147,2.4855275,1.7289406,3.9363601,1.272303
1987-10-18 12:00:00,0.92442954,1.0822985,4.0190663,2.3628013,2.7212381,2.4413748
1987-10-19 12:00:00,2.548516,2.564624,6.941389,5.2037106,3.6835623,6.3524394
1987-10-20 12:00:00,3.3239026,3.4552886,6.1578283,6.739942,6.4208417,6.2072897
1987-10-21 12:00:00,3.281323,3.8037827,8.61429,8.732767,7.356858,9.374236
1987-10-22 12:00:00,2.598799,2.4299798,3.9480293,5.535978,9.060436,4.0260983
1987-10-23 12:00:00,3.8086617,3.8593678,8.438165,5.754947,8.527042,6.410962
1987-10-24 12:00:00,4.362692,4.4169474,5.297982,6.3598967,7.494033,5.497993
1987-10-25 12:00:00,3.9102626,3.9955363,6.3364806,5.4419374,6.924552,4.857427
1987-10-26 12:00:00,3.1830091,3.640485,5.722009,6.822843,6.321131,5.33458
1987-10-27 12:00:00,4.500843,3.860898,7.535954,5.803561,6.5270247,5.666551
1987-10-28 12:00:00,5.1693263,4.7607374,10.362662,8.146853,7.1930175,8.619146
1987-10-29 12:00:00,5.40137,5.824442,9.8758,9.873607,6.689743,10.023623
1987-10-30 12:00:00,4.8958015,4.159499,7.7644,7.661322,3.9665668,5.317885
1987-10-31 12:00:00,4.562179,4.563267,9.094489,6.2848816,3.0212276,6.922737
1987-11-01 12:00:00,4.519663,5.4220204,6.1064167,8.781855,4.5782294,5.6742563
1987-11-02 12:00:00,3.516202,3.9565792,5.079167,7.750051,7.0098166,4.823147
1987-11-03 12:00:00,1.8125185,2.1401472,4.1922216,6.660775,6.0854053,5.455497
1987-11-04 12:00:00,4.455515,4.713885,9.409247,9.75259,8.298054,9.665989
1987-11-05 12:00:00,5.2773514,5.2655272,7.9535213,6.870677,9.580327,6.154977
1987-11-06 12:00:00,6.0434933,6.1496563,8.803588,9.554033,7.391461,8.835908
1987-11-07 12:00:00,4.3250685,4.425132,7.172131,8.121632,6.8749924,6.61693
1987-11-08 12:00:00,2.9247174,2.822071,5.7382936,5.108381,6.9310985,4.588745
1987-11-09 12:00:00,2.7693384,2.6439605,9.287957,3.681382,5.296616,5.2809076
1987-11-10 12:00:00,1.8364048,2.0864859,5.0452967,4.1421356,7.309859,2.1287558
1987-11-11 12:00:00,1.7962326,1.7976842,5.282326,8.134912,7.8932967,4.379671
1987-11-12 12:00:00,3.473164,4.6292114,5.4110494,8.727786,6.786834,5.8896413
1987-11-13 12:00:00,2.1934788,2.3980904,4.831756,4.4458647,4.2835402,3.2567306
1987-11-14 12:00:00,2.5484722,3.177887,6.979095,6.084591,4.854624,7.561827
1987-11-15 12:00:00,2.5115879,2.7442117,7.0787706,5.573441,5.1068997,5.3953648
1987-11-16 12:00:00,4.6665335,4.4815965,6.92709,7.3560095,7.7321925,8.100023
1987-11-17 12:00:00,2.7463558,2.7181597,5.266264,6.0227227,8.846032,4.164959
1987-11-18 12:00:00,3.463814,3.9990997,6.6098876,10.767283,6.681414,7.1042333
1987-11-19 12:00:00,3.7029715,4.3659434,5.6149373,8.310183,5.0785284,5.976615
1987-11-20 12:00:00,2.8344815,3.2628443,4.811682,6.210516,4.386062,4.4572873
1987-11-21 12:00:00,2.0437791,2.11421,4.1807847,4.7650886,8.528003,2.6509378
1987-11-22 12:00:00,1.0261675,1.3704998,6.245337,4.104991,6.9908776,4.5207877
1987-11-23 12:00:00,1.1363596,1.4155451,4.8952823,4.99332,6.9671993,3.58358
1987-11-24 12:00:00,1.9553454,2.4412136,5.4400253,7.295341,5.423448,6.2868505
1987-11-25 12:00:00,3.36776,3.7869492,6.0754194,10.751761,8.161763,7.3124647
1987-11-26 12:00:00,3.0733688,3.7954457,6.1670036,7.539798,5.0482507,5.7414074
1987-11-27 12:00:00,1.1534986,1.3745486,3.1249588,3.6375217,6.896293,3.587083
1987-11-28 12:00:00,2.8373222,3.1635618,5.305949,10.313547,9.616388,6.4639196
1987-11-29 12:00:00,3.5117052,3.2403688,6.088277,8.628906,10.219171,5.414726
1987-11-30 12:00:00,1.9896648,1.885629,3.5997548,4.5363083,8.2761345,2.8422587
1987-12-01 12:00:00,2.2604864,2.3112543,6.6251645,5.2539387,6.832247,6.280148
1987-12-02 12:00:00,4.4562316,4.2356396,7.72021,7.3055587,5.730069,6.566246
1987-12-03 12:00:00,4.6933594,4.2367673,6.501244,7.4799795,7.823288,6.368716
1987-12-04 12:00:00,4.66389,4.8904166,7.155631,7.7608824,6.0051036,7.8601923
1987-12-05 12:00:00,4.2930937,4.2800393,5.89673,4.53752,4.912824,3.9093635
1987-12-06 12:00:00,1.6782987,1.9681138,6.2277718,4.4698205,4.558286,4.9544296
1987-12-07 12:00:00,3.4432874,3.6210642,12.176087,9.399205,7.728749,9.60137
1987-12-08 12:00:00,4.5401483,5.3411508,12.381458,11.517603,10.116324,11.030753
1987-12-09 12:00:00,5.310688,6.1146774,13.637143,11.200803,9.480063,10.867961
1987-12-10 12:00:00,3.937874,4.004667,8.377508,8.524723,9.208866,7.3594847
1987-12-11 12:00:00,4.781309,4.6924276,7.89077,9.070567,9.174003,7.357901
1987-12-12 12:00:00,3.9832547,4.046099,7.7351594,9.995136,8.937538,8.135271
1987-12-13 12:00:00,2.799147,3.8060322,6.4546337,10.523881,6.1001935,6.617441
1987-12-14 12:00:00,2.0326653,2.588304,3.9236045,6.297446,7.9213176,3.1549337
1987-12-15 12:00:00,1.4606841,2.069618,4.344884,7.0505805,7.2702217,5.611451
1987-12-16 12:00:00,3.5586298,3.875189,6.262381,7.679153,9.108329,5.272334
1987-12-17 12:00:00,2.8548746,3.0466309,10.175971,7.3848066,4.8469367,8.503394
1987-12-18 12:00:00,3.2388136,3.2852461,6.522055,6.958929,4.388421,6.5374055
1987-12-19 12:00:00,3.265904,2.7678912,4.4246025,5.502402,5.34481,4.3552265
1987-12-20 12:00:00,1.8818507,1.7749621,4.257681,3.9209685,4.6419964,3.9847472
1987-12-21 12:00:00,3.213103,2.5861292,4.746387,3.1868794,3.242038,2.2194116
1987-12-22 12:00:00,2.2526832,2.4589565,4.8953505,3.3919163,2.8057358,3.066168
1987-12-23 12:00:00,1.5666535,1.9310415,4.6312914,6.1352,4.3935695,5.34759
1987-12-24 12:00:00,3.5802422,3.5516372,6.390967,8.106554,8.90959,6.1561465
1987-12-25 12:00:00,3.681325,3.8733976,4.4872046,4.3098845,7.6043434,2.9216356
1987-12-26 12:00:00,2.9790697,2.2502768,4.684645,3.4461727,6.52333,2.869696
1987-12-27 12:00:00,2.629404,2.0395179,4.5433536,3.1454823,5.957435,2.72416
1987-12-28 12:00:00,3.4132717,2.6844077,5.91376,3.9604843,4.0099354,3.6146646
1987-12-29 12:00:00,3.97356,3.0131094,6.404358,5.9027557,4.291425,3.6406226
1987-12-30 12:00:00,3.7349784,3.196891,7.441243,7.1315103,5.418042,5.3798404
1987-12-31 12:00:00,2.374132,2.0187407,7.1616635,5.867797,4.517236,5.538891
1988-01-01 12:00:00,1.2616668,1.380104,6.4437475,5.5784593,3.7100756,5.505771
1988-01-02 12:00:00,1.142429,1.6872094,5.7422295,7.265708,5.41535,6.573494
1988-01-03 12:00:00,1.7495975,1.9898912,6.00438,7.5732336,6.3593187,6.5243087
1988-01-04 12:00:00,4.3158245,4.9658628,10.67763,12.02404,7.483748,11.717557
1988-01-05 12:00:00,5.2146597,5.5750318,7.678021,10.68654,10.611483,8.993526
1988-01-06 12:00:00,2.0163236,2.1612375,5.277852,6.1343102,9.184714,4.9734535
1988-01-07 12:00:00,2.839455,3.5455315,5.571392,9.954003,11.71733,5.960592
1988-01-08 12:00:00,5.3458586,5.220385,10.698087,11.191852,12.014128,10.584381
1988-01-09 12:00:00,5.8225064,6.325203,9.405424,12.31488,12.272959,10.365025
1988-01-10 12:00:00,3.2127333,3.1568518,6.611771,9.318353,9.855018,7.4486356
1988-01-11 12:00:00,5.33338,5.3329325,9.671832,7.9964814,6.727471,8.823522
1988-01-12 12:00:00,3.6904972,3.1837668,8.609663,6.0518517,6.2251835,6.7999406
1988-01-13 12:00:00,3.4171343,3.7869654,5.4574065,6.1533985,5.9807434,4.482174
1988-01-14 12:00:00,1.8665717,2.2088418,5.279367,6.7955103,6.917987,5.794165
1988-01-15 12:00:00,2.4656541,3.0358205,5.1258054,8.693365,7.6560693,5.5101995
1988-01-16 12:00:00,1.8907353,3.0449104,4.0185094,9.762595,5.712465,4.700412
1988-01-17 12:00:00,1.1581615,1.7084153,4.1992044,8.738727,8.532506,5.4073186
1988-01-18 12:00:00,2.1635606,2.8521838,5.083288,10.69033,9.603771,6.512632
1988-01-19 12:00:00,3.136435,3.6296117,5.301003,11.050527,7.1784716,6.78559
1988-01-20 12:00:00,2.4572113,3.0895145,4.0811634,9.095642,7.733479,4.6815176
1988-01-21 12:00:00,3.3099997,3.6049042,4.4483666,8.392215,7.166085,4.287909
1988-01-22 12:00:00,3.2583086,3.9476557,4.277254,7.431709,4.541975,5.5475006
1988-01-23 12:00:00,1.9128205,2.7009265,4.726851,5.2332525,5.941068,4.8124924
1988-01-24 12:00:00,1.3172749,1.659499,4.4147673,4.434082,5.145528,4.503633
1988-01-25 12:00:00,2.3369594,2.1074219,6.4480596,5.5345993,4.620951,5.833293
1988-01-26 12:00:00,5.0420113,5.1998076,7.0817394,8.997402,6.469343,7.584576
1988-01-27 12:00:00,5.619628,5.2596602,7.018068,9.270489,6.1701097,6.3881955
1988-01-28 12:00:00,3.7127495,4.1217904,7.5138807,10.76217,6.6237335,8.79683
1988-01-29 12:00:00,3.6262949,3.5183294,7.161626,9.469233,8.088397,5.124329
1988-01-30 12:00:00,3.448082,3.1334581,7.0508976,8.887552,5.631222,5.760868
1988-01-31 12:00:00,4.785702,4.130685,6.2933702,4.1426,6.572855,4.93725
1988-02-01 12:00:00,2.248026,1.9190183,5.4075127,5.6008964,6.8560305,3.7250884
1988-02-02 12:00:00,2.3920112,2.9780178,10.161517,8.878977,6.377208,9.277337
1988-02-03 12:00:00,6.487009,6.8547506,10.915605,12.156472,9.036743,11.303428
1988-02-04 12:00:00,4.400606,4.563915,8.261792,8.838441,8.519484,7.7346044
1988-02-05 12:00:00,2.9011452,2.9486198,6.900709,7.4044895,6.360785,6.7729793
1988-02-06 12:00:00,1.3399143,1.8603667,3.5995717,5.1228786,6.497709,3.3895447
1988-02-07 12:00:00,3.3978388,2.8542166,5.166986,6.944362,8.572607,5.380627
1988-02-08 12:00:00,3.4134932,3.0720396,5.1974373,6.176527,5.1896086,3.838564
1988-02-09 12:00:00,3.8182337,2.8495533,5.7701783,3.9728413,9.985726,3.069199
1988-02-10 12:00:00,2.3268917,3.239494,3.278183,6.639469,8.368006,2.8143744
1988-02-11 12:00:00,2.9681714,3.2424464,3.4830832,5.764141,5.4623156,3.33608
1988-02-12 12:00:00,2.137146,2.189813,3.9109287,7.2847795,7.862028,4.80205
1988-02-13 12:00:00,1.292677,1.6261955,4.3655987,6.92439,7.1383743,5.096883
1988-02-14 12:00:00,0.6691331,0.83242446,4.9247746,4.266272,4.869207,3.9741528
1988-02-15 12:00:00,2.1107304,1.7068274,5.368356,2.6458988,4.2929997,2.9841075
1988-02-16 12:00:00,3.3662684,2.7348266,5.4371276,4.830243,6.4152393,2.551363
1988-02-17 12:00:00,3.9144325,3.3940914,8.068031,4.61976,7.0299726,5.6613874
1988-02-18 12:00:00,3.1030605,2.9845212,8.115569,4.1054335,8.651583,5.3279614
1988-02-19 12:00:00,3.7180896,3.3493767,11.719246,6.3019824,6.263287,7.296596
1988-02-20 12:00:00,3.7211072,3.2012641,8.357363,5.2770557,5.9557767,5.573246
1988-02-21 12:00:00,3.660375,3.1352077,6.565214,4.6877685,4.8741913,4.141756
1988-02-22 12:00:00,3.945063,3.5492659,6.137892,5.7794275,6.808495,3.6133082
1988-02-23 12:00:00,3.7348065,3.8512692,6.0048842,7.290905,8.086387,4.716168
1988-02-24 12:00:00,2.063503,2.320529,6.5888176,6.2897334,7.409235,4.809172
1988-02-25 12:00:00,1.4827832,1.8721058,5.3974576,4.844154,4.0532794,5.1617775
1988-02-26 12:00:00,1.1563854,1.6035017,2.8157122,5.373814,3.4883523,3.9562452
1988-02-27 12:00:00,1.1917793,1.4115276,2.6431472,5.282786,4.3989754,3.772056
1988-02-28 12:00:00,2.5587502,2.6587718,4.7095037,8.646923,5.7583394,5.863304
1988-02-29 12:00:00,2.9585867,3.2206857,7.444492,5.437178,7.62272,6.477209
1988-03-01 12:00:00,5.494777,4.5857,7.1734753,7.3048882,5.5482616,5.1079245
1988-03-02 12:00:00,4.526021,3.5088918,7.123508,5.400467,4.535783,4.0633874
1988-03-03 12:00:00,2.4878728,2.5370636,4.536946,5.94124,6.4557033,3.3879564
1988-03-04 12:00:00,4.511223,4.7457976,7.3029146,8.764839,5.7385855,6.6532593
1988-03-05 12:00:00,4.3645096,3.507997,7.124286,6.069111,5.7399764,4.763277
1988-03-06 12:00:00,2.6718209,1.9832196,6.5143437,4.7046576,6.9720497,3.5436392
1988-03-07 12:00:00,4.0816946,2.9937305,5.782744,5.1034055,5.960243,3.5406227
1988-03-08 12:00:00,4.6044407,3.5019345,4.9248333,5.347929,4.5295687,3.4138381
1988-03-09 12:00:00,2.9505048,2.6448967,4.592068,6.363885,5.4760528,3.879851
1988-03-10 12:00:00,2.3764818,2.7493858,5.5764084,7.0561085,5.146653,6.050414
1988-03-11 12:00:00,4.766094,4.48882,6.4366574,5.054494,5.189931,5.277723
1988-03-12 12:00:00,4.0815988,4.2161913,4.942438,5.275323,6.292874,3.0933847
1988-03-13 12:00:00,2.8783429,3.043802,4.264413,5.5801477,4.836949,4.7519727
1988-03-14 12:00:00,3.0950787,3.455,6.9513707,11.471309,5.023104,8.970181
1988-03-15 12:00:00,4.1667633,4.3971505,9.07875,10.163295,6.486096,9.438279
1988-03-16 12:00:00,4.811168,4.880434,10.556464,7.0987086,4.930852,9.02824
1988-03-17 12:00:00,3.8876684,4.011411,7.3306694,5.479272,4.0080395,6.010797
1988-03-18 12:00:00,1.8433343,1.7845238,4.2865424,5.077482,6.409235,3.7931988
1988-03-19 12:00:00,3.5579543,3.8099332,5.3578243,4.853256,8.29826,5.3906865
1988-03-20 12:00:00,2.1094496,2.0613031,4.0988855,3.8204725,4.48778,4.244109
1988-03-21 12:00:00,3.4779472,3.4137278,6.009562,7.4217234,5.26339,6.4779396
1988-03-22 12:00:00,1.94006,2.3541656,2.815942,5.4225745,6.400102,2.7054932
1988-03-23 12:00:00,4.237526,3.8055065,6.19746,6.41229,6.71575,5.65421
1988-03-24 12:00:00,2.4032977,2.2406757,3.9995515,3.5875256,7.526844,2.8504126
1988-03-25 12:00:00,2.3812203,2.9111168,3.2701232,6.2819176,7.245076,3.466523
1988-03-26 12:00:00,2.2788723,2.6609967,4.8779306,6.737826,4.688966,5.736101
1988-03-27 12:00:00,2.9288547,2.977548,6.4432216,6.311253,3.3609364,6.214149
1988-03-28 12:00:00,4.406107,4.0795875,4.141367,2.846732,3.182997,3.3865702
1988-03-29 12:00:00,2.4841218,2.5428383,2.8666382,2.3333924,5.141528,2.3901436
1988-03-30 12:00:00,1.8138822,1.9321942,3.08831,3.0359159,3.5844693,2.5484037
1988-03-31 12:00:00,2.1614695,1.9965081,2.5546088,3.3115256,4.0749607,2.9948213
1988-04-01 12:00:00,2.3567352,2.302972,3.2566297,2.7731643,3.478613,2.2181048
1988-04-02 12:00:00,2.0452538,2.250498,3.6122074,4.4458575,3.716254,3.573309
1988-04-03 12:00:00,1.7497625,2.473727,3.0107756,4.4015136,3.7371635,3.9789877
1988-04-04 12:00:00,3.2185838,3.3254795,3.6765063,2.9700923,3.1685464,3.7641113
1988-04-05 12:00:00,2.9247143,3.4864807,3.2565763,4.691444,6.3913674,3.313184
1988-04-06 12:00:00,2.441238,2.8105528,3.8248277,4.802042,7.5511594,3.5555816
1988-04-07 12:00:00,1.8932434,2.0809038,3.3177667,4.521352,5.562683,3.8454514
1988-04-08 12:00:00,3.1594949,3.2543144,5.744034,7.6654162,8.147932,6.678797
1988-04-09 12:00:00,2.236858,2.1737218,4.3558335,5.364499,7.400429,4.4582343
1988-04-10 12:00:00,1.9789394,2.043301,4.2086425,4.289666,3.2960293,5.212033
1988-04-11 12:00:00,1.707388,1.9438182,5.7856708,4.7405605,3.604305,4.7626014
1988-04-12 12:00:00,1.0928332,1.5880411,4.015857,3.77294,5.1130934,4.2465672
1988-04-13 12:00:00,2.1859653,2.9202669,4.119777,3.1006787,6.1497216,3.3969023
1988-04-14 12:00:00,1.8073567,2.1214554,3.9379113,3.3756523,4.496626,3.8340795
1988-04-15 12:00:00,1.966609,2.4776006,5.0887713,6.3032436,2.9730363,5.0498405
1988-04-16 12:00:00,2.1710281,2.398471,5.2937217,4.7275724,3.3978136,5.355889
1988-04-17 12:00:00,1.7789377,1.8976675,6.405253,3.0008895,2.9249558,5.121084
1988-04-18 12:00:00,1.1821461,1.553876,3.6916502,2.8597476,2.67202,2.8145149
1988-04-19 12:00:00,3.1267405,3.0094163,3.7181532,6.7522063,3.2704546,4.424734
1988-04-20 12:00:00,3.752506,4.2069154,3.4127984,5.1229305,3.6005385,3.392757
1988-04-21 12:00:00,2.154868,1.9936901,4.329497,4.585929,3.0687885,4.1595387
1988-04-22 12:00:00,3.4413345,2.991241,3.5573928,7.393474,7.5117216,4.2434864
1988-04-23 12:00:00,3.1077769,3.9504774,4.872701,9.711549,6.2420726,5.774615
1988-04-24 12:00:00,2.696297,2.9783185,3.0048013,4.6554646,3.876556,2.9342654
1988-04-25 12:00:00,2.4347486,2.934281,5.1864376,6.533567,5.6341,5.4143124
1988-04-26 12:00:00,3.4350882,3.9983478,6.239262,6.5502887,7.4629545,5.583186
1988-04-27 12:00:00,2.5246525,2.2446826,3.8364336,3.1135218,5.056453,2.6635976
1988-04-28 12:00:00,2.8530617,2.6371667,4.360052,3.8976476,6.765899,3.6113365
1988-04-29 12:00:00,3.23017,3.1452868,5.8768873,6.425455,6.3084292,5.9127874
1988-04-30 12:00:00,4.536901,4.2519817,5.5788236,5.153086,5.480216,5.84196
1988-05-01 12:00:00,3.3279483,2.9210355,4.9872217,4.017418,7.3491416,5.4337263
1988-05-02 12:00:00,2.5428457,2.131958,4.450668,4.7802258,7.837943,3.2478604
1988-05-03 12:00:00,3.7375972,2.9527223,4.4926524,5.0045853,4.869652,4.586057
1988-05-04 12:00:00,2.3730342,2.2183414,3.1171372,3.3589945,4.548388,3.2363794
1988-05-05 12:00:00,5.17761,4.794724,5.901991,6.9421654,7.9041114,6.5056133
1988-05-06 12:00:00,3.1087177,3.0078585,7.387538,5.785383,7.6165266,5.9758
1988-05-07 12:00:00,3.2858212,3.6325305,7.6269317,4.455996,4.0969453,5.665622
1988-05-08 12:00:00,4.9478602,5.418747,9.1305,6.960998,8.300358,6.7233324
1988-05-09 12:00:00,6.813348,6.821609,7.2990108,8.48769,8.890344,7.448021
1988-05-10 12:00:00,4.916124,4.6429415,5.0203,3.7427986,6.263081,4.3779626
1988-05-11 12:00:00,2.053893,1.8540155,3.3386862,2.9097877,5.0642858,2.7317035
1988-05-12 12:00:00,1.0850658,1.4905183,2.9643445,4.2439294,5.6309724,2.4632447
1988-05-13 12:00:00,1.7717017,1.7706434,2.477639,3.449918,5.0454745,2.3269434
1988-05-14 12:00:00,3.4968555,3.7340403,3.6234865,4.411364,7.2328477,3.9529934
1988-05-15 12:00:00,3.9218585,3.4515505,3.8737714,3.9627888,4.082223,3.1967685
1988-05-16 12:00:00,4.318321,3.5259745,4.41584,3.818617,5.6647954,3.0807657
1988-05-17 12:00:00,2.19695,1.9238156,4.2628775,4.268774,6.9645567,2.0134842
1988-05-18 12:00:00,1.0588858,1.3003107,2.8309426,3.4923048,4.7633924,1.6734905
1988-05-19 12:00:00,1.2550697,1.3289301,2.4057481,2.6522257,3.8183708,2.2188387
1988-05-20 12:00:00,1.0292147,1.4668821,3.0265787,2.0006738,4.334839,2.7762334
1988-05-21 12:00:00,2.9570887,2.3161569,3.9817688,2.8579178,4.3184366,3.6863933
1988-05-22 12:00:00,4.8749757,4.642876,5.8219843,6.147025,6.589267,5.570509
1988-05-23 12:00:00,4.7611723,4.2102003,5.9946537,6.191654,7.826796,4.403542
1988-05-24 12:00:00,3.35601,2.9247525,4.974864,5.94433,5.927091,3.2184477
1988-05-25 12:00:00,2.3991442,2.3409793,4.2721314,3.9403512,3.3852103,2.8955162
1988-05-26 12:00:00,3.0818312,2.563507,2.7172945,4.1590524,7.503723,2.4164627
1988-05-27 12:00:00,2.9557683,2.9204922,3.713029,4.881077,8.163588,3.8026009
1988-05-28 12:00:00,3.2415876,3.39061,4.888005,4.5458994,6.2722173,5.850993
1988-05-29 12:00:00,2.7205946,2.593674,5.0212893,4.8013196,6.2573056,4.981503
1988-05-30 12:00:00,3.559281,4.542951,5.7380643,6.624365,6.3844066,5.439458
1988-05-31 12:00:00,2.599197,3.6658885,5.2356515,5.1473227,6.6100926,4.9742646
1988-06-01 12:00:00,3.896608,4.7613716,5.9644227,7.914606,8.249838,5.6763086
1988-06-02 12:00:00,4.804688,5.2339745,7.0840907,7.5001884,7.080655,6.9237285
1988-06-03 12:00:00,2.504446,3.0265121,5.3379354,4.5657697,4.917093,4.845488
1988-06-04 12:00:00,2.2211328,1.9247662,4.851528,2.648447,2.6089818,3.4887471
1988-06-05 12:00:00,1.6838313,2.3891606,3.3103464,3.8914385,3.5883842,2.3179457
1988-06-06 12:00:00,2.608137,2.8936343,5.431674,3.9095592,4.497414,4.001593
1988-06-07 12:00:00,2.0461078,1.931256,4.4727364,3.6931324,3.7685463,3.5977662
1988-06-08 12:00:00,1.5676758,1.8321699,3.97251,4.4224763,3.1169271,3.046377
1988-06-09 12:00:00,3.0240524,2.6362362,5.0563703,3.0544486,4.1125607,3.0813637
1988-06-10 12:00:00,1.1778853,1.4223678,3.5490236,3.541852,3.185537,3.6306093
1988-06-11 12:00:00,2.2888322,2.21268,4.0366807,3.694101,3.6104214,4.4013186
1988-06-12 12:00:00,3.6231117,3.9286358,4.90793,5.1718903,5.0967584,4.437387
1988-06-13 12:00:00,3.2263272,3.2229164,4.547232,5.5167356,6.1433005,4.3933997
1988-06-14 12:00:00,2.9992435,3.2453187,4.0992675,5.4165554,5.2929645,4.357247
1988-06-15 12:00:00,2.2785788,2.4492304,3.1881926,4.6520324,6.240666,2.8602426
1988-06-16 12:00:00,2.5894022,2.81081,5.4724765,3.8994992,5.719638,4.7624226
1988-06-17 12:00:00,3.9198112,4.3937597,6.4279785,5.2314324,4.804222,7.065056
1988-06-18 12:00:00,2.6565163,2.7445288,3.186722,4.5074697,5.81716,3.6590042
1988-06-19 12:00:00,4.282961,4.10348,4.6262736,5.553098,4.3862166,5.165139
1988-06-20 12:00:00,4.012214,3.8547595,4.8510046,4.347308,4.3445024,4.818168
1988-06-21 12:00:00,4.539053,4.535157,6.592169,7.6225505,6.7511005,6.8278394
1988-06-22 12:00:00,4.78255,5.443553,6.9529333,8.214285,7.180545,6.6800585
1988-06-23 12:00:00,3.4196467,3.8051689,5.452988,5.7122393,4.6123037,6.0851817
1988-06-24 12:00:00,3.7086966,3.8248317,8.660638,5.428805,3.4137769,7.4597607
1988-06-25 12:00:00,5.0896215,5.209216,7.5629,6.0111637,5.7950387,7.3100734
1988-06-26 12:00:00,3.3103993,3.5386567,5.4736114,5.667973,5.2538033,4.620381
1988-06-27 12:00:00,3.5993183,4.1506515,6.047012,6.0405836,5.4794245,4.930947
1988-06-28 12:00:00,3.2781808,3.4119694,5.5857053,5.725269,5.555465,3.429545
1988-06-29 12:00:00,1.8454771,1.9712772,4.7980256,3.7045913,5.631788,3.6660087
1988-06-30 12:00:00,2.6318219,3.0394268,3.7689934,4.510814,4.477967,3.890563
1988-07-01 12:00:00,2.9469683,3.468745,4.1424303,8.672049,7.554497,3.9989254
1988-07-02 12:00:00,3.8562963,3.8907993,7.3375797,5.354288,8.278686,7.421416
1988-07-03 12:00:00,3.201726,4.0384727,6.187798,6.834866,6.4015055,8.265522
1988-07-04 12:00:00,2.4557295,2.7827141,2.7152863,3.0089674,3.4655058,2.177078
1988-07-05 12:00:00,2.6307282,2.537215,3.5250733,2.7701247,4.2472763,2.5160332
1988-07-06 12:00:00,3.1632097,2.8798697,4.1750436,3.0767767,6.338394,3.2190425
1988-07-07 12:00:00,2.77454,2.771513,4.1484327,3.649933,6.1786165,2.9777906
1988-07-08 12:00:00,3.2796385,2.960118,4.8457146,3.2971573,4.151818,3.7197056
1988-07-09 12:00:00,4.536136,4.662309,5.7869086,5.0791216,4.305334,5.3735123
1988-07-10 12:00:00,2.9662855,3.5587835,4.631698,5.5104346,5.2247415,3.8741786
1988-07-11 12:00:00,3.2615805,3.7663023,5.8598557,4.5264707,5.559255,5.503338
1988-07-12 12:00:00,2.2116106,2.3577325,4.5516715,3.7911897,4.6119957,4.3892417
1988-07-13 12:00:00,5.115779,4.9090133,6.718234,5.079492,9.234871,6.963663
1988-07-14 12:00:00,4.1092477,4.060813,5.2392373,5.4047027,9.759379,5.3197455
1988-07-15 12:00:00,4.8340135,4.5858655,6.0913053,4.018845,5.719427,5.6284795
1988-07-16 12:00:00,2.3819199,2.5685415,2.8567338,6.2951946,5.2002964,4.100054
1988-07-17 12:00:00,2.43415,2.6234682,5.076615,3.9089365,6.0620003,3.703562
1988-07-18 12:00:00,4.8853035,5.0686,6.4238586,6.165643,5.3290195,6.631673
1988-07-19 12:00:00,5.3248305,5.690515,6.9425445,6.530373,7.64753,7.0018916
1988-07-20 12:00:00,3.721548,3.7195413,4.6629314,7.799631,5.899122,6.6072254
1988-07-21 12:00:00,3.1268795,2.561134,4.6508517,4.797842,4.5994816,5.021201
1988-07-22 12:00:00,3.4413178,3.1114497,4.750005,4.295894,4.7249603,4.1228924
1988-07-23 12:00:00,5.0446606,5.0165114,7.9699216,8.177816,6.391202,9.073587
1988-07-24 12:00:00,4.1907544,4.402168,5.912692,9.103708,7.5419407,6.697807
1988-07-25 12:00:00,3.5294788,4.030465,6.1103687,8.44892,6.6929326,7.451838
1988-07-26 12:00:00,4.501508,4.020476,5.4568505,7.6286373,6.2527876,6.4292784
1988-07-27 12:00:00,2.8785262,3.2108989,4.7078795,4.1025443,4.169344,5.487038
1988-07-28 12:00:00,3.9265869,4.6805596,4.724277,5.3238335,5.2466516,4.546507
1988-07-29 12:00:00,4.1819167,4.084798,4.9572945,4.028677,6.2092786,3.7730024
1988-07-30 12:00:00,2.0787237,2.630712,3.4832642,3.6334941,5.707163,2.8240242
1988-07-31 12:00:00,1.583184,1.6554167,2.4780107,4.100801,7.271561,2.2288427
1988-08-01 12:00:00,1.8728659,1.48644,2.029892,3.2480052,7.852688,2.1451788
1988-08-02 12:00:00,1.5969063,2.1119294,3.1900847,4.322153,4.5793157,4.462447
1988-08-03 12:00:00,2.391632,2.586728,4.3028183,4.256427,5.815248,3.7148464
1988-08-04 12:00:00,1.7688714,1.9099809,3.4512527,3.2611206,6.60513,2.3793912
1988-08-05 12:00:00,2.4765017,1.7559752,2.5742588,5.014217,6.058882,2.808743
1988-08-06 12:00:00,2.9228194,2.7919114,3.227339,4.684928,5.42177,3.9871125
1988-08-07 12:00:00,2.977012,3.0099552,3.8818686,3.9564385,5.207882,3.3839242
1988-08-08 12:00:00,3.0805414,2.4962544,3.6931386,2.9743426,5.1139684,3.0451524
1988-08-09 12:00:00,1.8548192,2.0775094,1.9473444,3.8225145,4.4011836,2.7432008
1988-08-10 12:00:00,2.5279565,2.7727218,5.027413,6.387436,5.3797507,6.2366476
1988-08-11 12:00:00,5.0662622,4.836838,7.3106866,7.615864,6.387233,6.85292
1988-08-12 12:00:00,4.4835625,4.643198,7.444084,10.351801,6.683481,7.806087
1988-08-13 12:00:00,3.1287584,3.57341,5.9121265,8.200521,7.3883414,4.9338994
1988-08-14 12:00:00,1.195633,1.5514417,5.8184614,3.0675788,4.592204,3.280089
1988-08-15 12:00:00,1.835119,2.2812889,4.2914104,3.7273571,2.7633817,4.302538
1988-08-16 12:00:00,4.317477,4.220897,6.9720287,8.080103,7.708213,8.005267
1988-08-17 12:00:00,4.422074,4.6849804,8.548097,9.073236,6.971022,8.174791
1988-08-18 12:00:00,4.1313744,4.5618386,8.267663,7.1986623,5.8582726,7.8723707
1988-08-19 12:00:00,2.9283478,3.4524186,4.21198,5.445264,6.146334,3.2430234
1988-08-20 12:00:00,2.1106505,2.1230054,3.209154,3.07309,5.926801,2.9413598
1988-08-21 12:00:00,1.9050225,2.4118948,3.4442225,4.23284,5.919694,3.1067839
1988-08-22 12:00:00,1.763545,1.9628721,4.4385967,3.6868644,5.973929,2.8807993
1988-08-23 12:00:00,4.6224313,4.2105927,7.77259,5.2343235,5.828253,5.4574084
1988-08-24 12:00:00,5.1173277,4.1103,5.614715,3.981068,5.758109,3.4524934
1988-08-25 12:00:00,2.2224178,2.3160083,4.6941037,3.791525,3.9553888,3.5455186
1988-08-26 12:00:00,2.5474074,2.507529,4.795131,3.2420714,2.967507,4.0987115
1988-08-27 12:00:00,2.5234468,2.7069578,5.36336,6.0875793,4.0113993,5.366132
1988-08-28 12:00:00,3.368749,3.05414,3.9914956,4.5395217,4.0188017,4.0631266
1988-08-29 12:00:00,2.5052555,2.219685,4.378011,3.687937,6.045419,3.213458
1988-08-30 12:00:00,2.1602757,2.2124424,3.9471579,2.7745473,5.982874,2.3683536
1988-08-31 12:00:00,1.3039659,1.6665056,3.105345,3.9032226,6.603852,2.280667
1988-09-01 12:00:00,2.65689,3.2736375,5.0621567,5.0280237,5.428143,4.8131394
1988-09-02 12:00:00,2.6451201,3.2876337,6.4080954,6.248737,8.550159,5.286127
1988-09-03 12:00:00,2.663487,2.7512329,4.798084,4.873501,6.9740324,4.2797537
1988-09-04 12:00:00,3.7874124,3.9182696,6.7596097,7.811355,6.1614904,6.855593
1988-09-05 12:00:00,3.076589,3.95001,6.4900656,6.5531487,4.721295,5.895619
1988-09-06 12:00:00,2.5012856,2.9541767,5.5405087,6.8340178,4.973392,6.3020415
1988-09-07 12:00:00,5.8661876,5.319846,9.287957,5.198124,7.34237,8.468035
1988-09-08 12:00:00,3.4846017,3.4478264,6.5770535,6.093406,5.8580604,5.434832
1988-09-09 12:00:00,2.2234976,2.562732,5.33044,5.2330723,3.3780394,5.027564
1988-09-10 12:00:00,2.434571,2.634595,6.220984,4.2072825,3.1018455,4.955286
1988-09-11 12:00:00,2.512165,2.7258682,4.6566286,4.2412295,5.705845,2.699021
1988-09-12 12:00:00,2.452289,3.0138326,2.4035642,4.122122,6.008825,2.4888277
1988-09-13 12:00:00,1.8565403,1.6468812,4.4915566,2.8696246,6.103541,2.9173288
1988-09-14 12:00:00,1.4190434,1.7920032,6.5309634,4.205556,10.381002,4.256992
1988-09-15 12:00:00,1.4000045,1.9414499,8.188546,4.343644,7.845707,5.7094398
1988-09-16 12:00:00,1.2861158,1.8639513,7.068419,3.2450404,7.451227,3.8362486
1988-09-17 12:00:00,1.428145,1.7081292,5.3878245,2.2999494,6.124267,3.0538516
1988-09-18 12:00:00,1.2077714,1.2766314,2.5981102,2.878637,6.1776824,2.3569453
1988-09-19 12:00:00,1.6883767,1.6903492,3.1422613,2.996313,4.7599382,2.5225117
1988-09-20 12:00:00,1.9798998,2.0943415,4.805882,3.5218132,4.2292857,3.9506533
1988-09-21 12:00:00,2.3065257,2.881116,6.8780704,4.57817,4.338944,5.371074
1988-09-22 12:00:00,3.0611887,3.2392185,6.53773,4.3449216,4.328131,4.1078367
1988-09-23 12:00:00,3.4378448,3.2271082,5.5532618,4.0917196,4.5700173,3.380169
1988-09-24 12:00:00,3.6725273,3.271512,5.9466267,4.0371714,4.58023,3.1690972
1988-09-25 12:00:00,3.462997,3.1034594,6.8130183,4.6778073,4.5763245,4.9760137
1988-09-26 12:00:00,3.6757307,3.8001056,6.42814,6.3647323,4.3091445,4.69209
1988-09-27 12:00:00,4.074165,4.5190687,5.0954313,6.6168556,4.1950035,5.0704765
1988-09-28 12:00:00,2.934513,3.2795641,3.2701685,5.316798,4.240914,3.738109
1988-09-29 12:00:00,2.40121,2.6622167,2.8055966,4.914399,3.9843538,2.9215765
1988-09-30 12:00:00,3.187521,2.527268,4.0845137,2.7535064,2.9050083,2.2749765
1988-10-01 12:00:00,2.8734517,2.246243,4.2521844,2.5317125,2.9859035,1.9792476
1988-10-02 12:00:00,3.6136465,3.002265,4.3487163,4.1500216,3.9358108,2.6836822
1988-10-03 12:00:00,2.5108094,1.9410801,4.609631,3.4753313,3.6268616,2.332965
1988-10-04 12:00:00,2.9595315,2.324846,5.662465,3.8704424,3.8194335,2.7293518
1988-10-05 12:00:00,3.7102072,2.7908459,5.2774243,3.584418,3.5753365,2.7184658
1988-10-06 12:00:00,3.1297193,2.1435173,4.53899,2.2163358,4.938046,2.1272388
1988-10-07 12:00:00,1.8675289,1.28669,3.4513173,2.318122,4.542126,1.5543853
1988-10-08 12:00:00,1.2551965,1.2260243,2.8267758,2.3894765,5.3869877,1.6107287
1988-10-09 12:00:00,1.1062545,1.3261881,3.087188,5.1042495,8.108932,2.6917374
1988-10-10 12:00:00,2.1866572,2.0423687,3.1687012,9.431888,8.843117,4.8397784
1988-10-11 12:00:00,4.389474,4.4536796,6.908487,13.048711,12.300274,9.430624
1988-10-12 12:00:00,5.4853306,5.2108865,6.5831923,10.125209,15.347746,5.829288
1988-10-13 12:00:00,1.4541199,2.0367289,2.5656147,5.927178,12.086584,2.818221
1988-10-14 12:00:00,2.1896694,2.515249,5.2410893,7.8920765,10.128371,6.526689
1988-10-15 12:00:00,3.1959922,4.0023093,7.57329,7.0253696,9.637757,7.914606
1988-10-16 12:00:00,2.4706776,3.071628,5.133488,7.890262,9.733816,5.371051
1988-10-17 12:00:00,2.966284,3.3027468,8.23427,5.2256894,9.506389,6.0471907
1988-10-18 12:00:00,3.9854715,4.050236,7.4111457,7.8570275,7.566556,8.629213
1988-10-19 12:00:00,3.2287397,3.6721773,6.139368,8.490283,8.205404,7.657826
1988-10-20 12:00:00,5.193781,5.0380406,8.289525,8.575837,7.78815,7.7219725
1988-10-21 12:00:00,5.6068535,5.3454075,7.7392793,8.713842,6.7631173,7.7050343
1988-10-22 12:00:00,2.0523005,2.1938038,4.664228,6.673409,6.8389783,3.4943779
1988-10-23 12:00:00,3.954956,4.363434,7.763165,9.044612,6.9419494,8.324647
1988-10-24 12:00:00,3.7600281,4.752776,4.474527,7.3175087,7.5812535,4.794324
1988-10-25 12:00:00,3.2917442,3.3634422,6.639657,7.501557,7.235759,6.9866858
1988-10-26 12:00:00,3.6996922,3.701462,8.30506,10.321673,9.591362,8.697836
1988-10-27 12:00:00,3.7962325,3.6096516,9.294556,8.33317,6.8642564,8.229926
1988-10-28 12:00:00,2.2705195,2.9266925,9.20084,8.046348,6.0122333,8.687895
1988-10-29 12:00:00,4.463398,4.040838,6.997644,4.3823433,5.4276376,5.0550714
1988-10-30 12:00:00,4.1171446,3.85587,5.7264023,3.893205,3.1517034,4.8513517
1988-10-31 12:00:00,2.5434055,2.2103233,3.234641,3.2096958,6.331047,2.2498252
1988-11-01 12:00:00,1.3615123,1.8837683,2.564685,3.319122,4.969751,2.205091
1988-11-02 12:00:00,1.8637156,2.1332862,3.3324344,8.180995,10.451833,4.659432
1988-11-03 12:00:00,3.7753665,3.7574022,6.8063583,8.30164,10.127995,6.650223
1988-11-04 12:00:00,2.6601815,2.8299482,5.1720033,5.6145144,4.8722315,4.938607
1988-11-05 12:00:00,2.2007623,2.3807492,3.9270577,5.229026,4.600716,3.296061
1988-11-06 12:00:00,3.4847343,3.4533517,6.7532916,9.436684,10.798272,7.3550773
1988-11-07 12:00:00,6.046344,5.555606,10.024048,8.845025,6.3397675,8.756808
1988-11-08 12:00:00,4.553703,4.3114834,8.406986,8.067587,6.5498905,8.383057
1988-11-09 12:00:00,5.3303475,5.5579987,8.765314,12.32566,10.128942,9.4900255
1988-11-10 12:00:00,6.433622,6.2677083,10.551522,11.15986,10.6585245,10.566691
1988-11-11 12:00:00,4.602343,5.345247,8.89475,13.688608,11.208285,9.335514
1988-11-12 12:00:00,5.697793,5.6572294,9.728969,11.377956,9.795996,9.766201
1988-11-13 12:00:00,4.983123,5.029092,9.019951,11.133085,10.622096,9.3539
1988-11-14 12:00:00,5.784129,5.505252,10.343527,10.838163,11.433473,10.0040045
1988-11-15 12:00:00,6.506085,5.699873,9.019676,6.107204,11.736807,7.85555
1988-11-16 12:00:00,2.8861752,2.737727,5.492031,5.687265,11.350394,5.0021005
1988-11-17 12:00:00,2.5750823,2.8846867,6.662439,5.946338,5.766051,5.5730233
1988-11-18 12:00:00,1.1930581,1.4400995,5.049303,4.4559584,5.4342823,3.3177512
1988-11-19 12:00:00,1.7119706,1.8004829,3.8081086,2.7764754,6.2250276,1.9551878
1988-11-20 12:00:00,1.4032497,1.5534447,3.287487,3.5731664,10.474957,1.4368112
1988-11-21 12:00:00,0.7865591,0.912974,3.8904376,3.1071758,9.803352,2.27592
1988-11-22 12:00:00,1.1226368,1.4806502,2.6634996,6.407473,10.954358,2.3083525
1988-11-23 12:00:00,1.3541571,1.8895252,2.4653518,7.3987064,11.264802,2.3243632
1988-11-24 12:00:00,0.9815892,1.2470752,2.6894064,5.00678,9.515112,2.0503376
1988-11-25 12:00:00,1.2808391,1.3484508,2.9093323,5.447227,5.712342,2.659145
1988-11-26 12:00:00,0.78328264,0.8513209,2.9838846,4.495445,5.8049197,2.2206545
1988-11-27 12:00:00,0.7465759,0.8605924,2.8931518,4.0352726,6.0731955,3.203662
1988-11-28 12:00:00,1.9353477,2.0658338,6.74702,6.7822175,10.161824,6.9047847
1988-11-29 12:00:00,5.7986937,5.705214,10.122387,11.032905,10.042486,10.843803
1988-11-30 12:00:00,5.3973007,5.042494,6.776529,10.862868,12.588324,7.2135177
1988-12-01 12:00:00,5.237139,5.194583,6.451654,9.967075,11.223712,5.7100816
1988-12-02 12:00:00,3.5214577,2.9726748,6.090237,6.7770753,13.299153,4.6994843
1988-12-03 12:00:00,2.4834015,2.3191803,5.997315,6.1392713,6.017387,3.850481
1988-12-04 12:00:00,2.644671,2.3521593,4.911522,6.1033683,8.293159,4.8312306
1988-12-05 12:00:00,2.787878,2.9672725,5.5708833,6.9549165,9.388211,5.4466805
1988-12-06 12:00:00,6.8489766,6.610748,10.707015,9.703903,13.754888,10.282875
1988-12-07 12:00:00,3.6335826,3.6730435,8.057923,7.6761003,8.656288,7.7235703
1988-12-08 12:00:00,6.2654333,6.4094124,10.667804,12.48076,9.285419,10.773859
1988-12-09 12:00:00,5.6478376,5.784206,10.664562,13.073644,14.944236,10.359747
1988-12-10 12:00:00,5.329417,5.414427,10.006266,11.304443,13.455862,9.7430935
1988-12-11 12:00:00,2.9899952,3.6126418,6.1955347,12.045919,11.048584,6.513295
1988-12-12 12:00:00,2.3238473,2.597007,4.74226,7.15961,7.7138324,4.727569
1988-12-13 12:00:00,4.6273713,4.230502,6.0116167,5.45985,4.2961054,4.4880133
1988-12-14 12:00:00,2.854825,3.105407,6.0686693,7.8598204,6.891803,6.4794793
1988-12-15 12:00:00,3.8488255,3.9384766,8.990047,10.410505,10.56335,9.77177
1988-12-16 12:00:00,3.3941746,3.5917652,8.582696,9.258768,7.361396,8.061709
1988-12-17 12:00:00,4.193607,4.271489,8.681031,9.108407,6.5016494,8.267244
1988-12-18 12:00:00,4.1446776,4.287216,8.07139,8.679258,4.114797,7.2958174
1988-12-19 12:00:00,2.5513227,2.3131459,7.6326175,5.9025526,3.349385,4.027845
1988-12-20 12:00:00,4.0585575,4.031165,9.888962,7.2128677,5.0256343,9.486224
1988-12-21 12:00:00,2.8664887,3.4293866,5.190879,5.7303567,5.661375,3.5837328
1988-12-22 12:00:00,4.5849905,4.4751697,8.5456705,7.291836,6.4966407,6.8596454
1988-12-23 12:00:00,3.8242571,3.8102677,7.354852,7.108038,8.413769,6.551839
1988-12-24 12:00:00,3.817013,3.648814,9.582303,4.6885667,4.6417537,6.468864
1988-12-25 12:00:00,2.5423725,2.988909,8.491549,4.619941,6.506848,6.440931
1988-12-26 12:00:00,1.6459436,1.9188385,4.0815063,6.476062,6.3464456,4.6433897
1988-12-27 12:00:00,2.1828845,3.083843,7.492379,8.444022,5.2166595,8.174014
1988-12-28 12:00:00,3.1568708,3.437261,6.6769085,6.77522,6.7545,6.7531385
1988-12-29 12:00:00,3.126926,3.3476124,4.7204747,10.132362,11.055693,6.490108
1988-12-30 12:00:00,5.365259,5.4050374,7.0792165,8.261635,11.570397,5.478756
1988-12-31 12:00:00,4.3243995,4.24679,7.5056906,7.6331515,12.150488,6.563648
1989-01-01 12:00:00,3.3582497,3.4537644,6.1725206,8.560455,9.534687,6.6685185
1989-01-02 12:00:00,3.2826695,3.259675,3.3359127,6.870249,9.291271,3.4167447
1989-01-03 12:00:00,2.139108,2.6251793,6.4486713,8.401132,8.946304,7.130157
1989-01-04 12:00:00,5.2535105,5.548379,8.396449,7.6384254,10.390472,7.3537197
1989-01-05 12:00:00,4.7681217,5.5000234,8.940695,11.544294,9.268818,7.862415
1989-01-06 12:00:00,4.0495486,3.842253,7.556065,5.8802614,8.000525,5.985034
1989-01-07 12:00:00,4.441742,3.507137,6.4845395,5.3682585,5.8183417,4.839578
1989-01-08 12:00:00,3.605265,3.8586702,6.248529,8.006516,3.8608422,8.263799
1989-01-09 12:00:00,2.8302882,2.6447062,6.9387846,6.688788,4.3901668,6.791594
1989-01-10 12:00:00,3.9468524,4.0716305,6.9567127,8.366075,7.5371566,7.785378
1989-01-11 12:00:00,3.8873549,3.9994528,9.128966,9.694689,9.819265,9.960165
1989-01-12 12:00:00,4.7286167,4.734618,6.348315,7.303755,10.404245,6.039912
1989-01-13 12:00:00,5.330999,5.7501016,9.414774,8.119829,8.489196,8.157629
1989-01-14 12:00:00,4.9122133,5.3357124,7.7076063,10.839014,9.836719,8.748537
1989-01-15 12:00:00,2.5474255,2.5103045,4.5477858,6.806908,8.757959,5.3348155
1989-01-16 12:00:00,5.0420246,4.9647317,10.085735,10.718062,8.120146,11.382178
1989-01-17 12:00:00,5.246548,5.664607,9.336813,10.774582,9.799129,9.804245
1989-01-18 12:00:00,2.699808,3.3136911,8.798303,8.108788,6.6279144,8.63192
1989-01-19 12:00:00,3.272696,4.0403485,9.837936,10.36693,9.130182,9.97018
1989-01-20 12:00:00,3.7867448,4.980701,11.440766,11.745579,10.964399,11.771701
1989-01-21 12:00:00,4.257448,5.2651377,12.738659,12.302674,11.208907,12.254018
1989-01-22 12:00:00,4.695293,5.209805,10.410833,10.571665,10.914375,9.886155
1989-01-23 12:00:00,3.3067257,4.065149,9.818106,11.208082,10.368999,9.912055
1989-01-24 12:00:00,2.9917717,3.4282703,10.591244,9.876848,9.2839365,9.210574
1989-01-25 12:00:00,4.4020996,5.028153,8.4573965,11.546118,11.714754,9.574572
1989-01-26 12:00:00,4.5750113,5.128837,8.2999735,12.153495,12.40397,10.7799835
1989-01-27 12:00:00,6.874514,7.207923,10.675134,12.329965,13.154273,11.597017
1989-01-28 12:00:00,4.200977,4.539546,6.965511,8.326151,10.560526,7.1306434
1989-01-29 12:00:00,4.77327,5.178954,9.521314,11.133541,10.941956,10.008201
1989-01-30 12:00:00,6.4092226,6.619103,8.946617,12.811803,14.098568,9.499709
1989-01-31 12:00:00,7.603623,7.5088754,10.17593,13.417115,12.871555,10.933066
1989-02-01 12:00:00,5.2048507,5.08293,4.7506385,11.369522,12.107647,7.0134473
1989-02-02 12:00:00,5.3614125,5.0371714,8.670881,10.182593,11.174927,8.563004
1989-02-03 12:00:00,1.9957334,2.7966332,6.678127,8.836869,10.125138,6.4304514
1989-02-04 12:00:00,4.0469046,4.324819,5.7980433,7.5339923,11.849386,5.2268367
1989-02-05 12:00:00,3.4838047,3.4577184,7.3762584,6.1317463,9.455627,4.7865486
1989-02-06 12:00:00,3.2755816,3.5562694,6.743299,7.5464735,8.273644,6.768181
1989-02-07 12:00:00,2.7710524,2.981662,6.5653744,8.098377,7.820583,6.8538823
1989-02-08 12:00:00,2.7843006,3.1914928,9.18579,8.4382,7.6947703,8.057531
1989-02-09 12:00:00,3.1776786,4.1219993,5.3472743,9.180321,6.3094463,5.248825
1989-02-10 12:00:00,3.1209836,3.3041868,4.499442,5.717012,6.892219,3.8449028
1989-02-11 12:00:00,3.037463,3.4200466,7.741881,8.998557,8.161482,8.123686
1989-02-12 12:00:00,3.352017,3.6923306,7.167976,9.290691,10.845787,7.6127267
1989-02-13 12:00:00,4.3528714,5.0794077,7.6212373,12.803199,13.033604,9.421541
1989-02-14 12:00:00,3.4249327,4.3542686,6.456344,12.205411,13.31441,8.270024
1989-02-15 12:00:00,5.19752,5.3092456,8.322147,11.305795,12.800915,9.9812975
1989-02-16 12:00:00,4.916693,5.0535,8.192365,11.550363,14.625884,8.172628
1989-02-17 12:00:00,4.705546,5.262021,8.591593,11.193234,11.984055,9.19626
1989-02-18 12:00:00,4.7473555,5.009685,8.511065,11.342596,10.817793,9.518105
1989-02-19 12:00:00,4.5608954,5.0277076,9.06684,10.416385,7.6611075,9.622857
1989-02-20 12:00:00,5.3671093,5.4699497,10.563889,11.166722,6.1646376,11.002216
1989-02-21 12:00:00,4.296742,4.732299,10.230914,12.192103,6.6022882,10.1809225
1989-02-22 12:00:00,4.456637,4.616292,8.72943,7.8854475,4.638028,8.726322
1989-02-23 12:00:00,6.4087367,6.5892754,10.7745495,12.125973,8.329122,12.184611
1989-02-24 12:00:00,3.498042,4.089747,5.8687634,7.551081,6.8117294,4.9676466
1989-02-25 12:00:00,2.5580127,2.2785182,5.097909,4.8062463,5.881144,3.2906492
1989-02-26 12:00:00,2.8700368,2.9475768,3.778157,5.407728,8.522095,2.7906725
1989-02-27 12:00:00,2.0843537,2.2266805,4.247822,6.8835506,6.9084597,4.279324
1989-02-28 12:00:00,3.1664371,3.1869414,5.951586,5.948668,6.4909286,5.5669355
1989-03-01 12:00:00,3.4903214,3.640702,5.898712,9.239176,7.6201673,6.8122535
1989-03-02 12:00:00,3.6463766,3.6251485,6.9737887,9.56992,10.530477,7.629961
1989-03-03 12:00:00,3.0791357,3.4305182,6.191886,9.02982,8.482123,6.3143253
1989-03-04 12:00:00,6.2954025,6.287839,10.498542,13.205359,11.152726,11.216957
1989-03-05 12:00:00,4.936799,5.825193,7.730557,10.488143,9.9087305,7.9960647
1989-03-06 12:00:00,4.9011326,5.6248007,9.0008,12.683235,8.745472,10.4075
1989-03-07 12:00:00,5.2055435,4.848459,8.347828,9.363767,7.221,8.768383
1989-03-08 12:00:00,5.0299063,5.944239,10.268523,11.193225,5.3757124,9.857806
1989-03-09 12:00:00,2.6645365,3.3963518,6.791876,5.162386,4.591023,5.7433143
1989-03-10 12:00:00,2.8792467,2.9652784,5.7858176,6.847857,5.3203692,6.955671
1989-03-11 12:00:00,5.490088,5.5037584,8.6610565,9.164417,9.690648,8.843517
1989-03-12 12:00:00,3.1278272,3.3843405,6.669412,7.8182425,8.946919,6.929367
1989-03-13 12:00:00,3.307871,3.3538656,6.6057816,6.668045,7.7236967,5.920041
1989-03-14 12:00:00,1.7258905,2.0178208,4.299391,5.8998356,4.576385,4.9137187
1989-03-15 12:00:00,4.49633,5.086635,9.184408,9.412018,5.9753127,9.49552
1989-03-16 12:00:00,5.8973155,5.777413,4.8370132,9.620264,9.308263,5.445303
1989-03-17 12:00:00,6.269023,6.2501483,10.093378,9.865907,9.112967,9.458776
1989-03-18 12:00:00,4.3921247,4.5539756,6.4437566,9.721974,8.852006,6.7286367
1989-03-19 12:00:00,3.818332,3.9255192,6.5405517,6.304061,9.041969,5.6665106
1989-03-20 12:00:00,3.3942423,3.5251427,7.4066205,5.4015503,6.687611,4.2827907
1989-03-21 12:00:00,3.435335,3.7111151,4.4438314,5.1129947,4.939494,4.0582337
1989-03-22 12:00:00,2.748935,3.2158873,6.7611713,6.992025,5.059894,8.038498
1989-03-23 12:00:00,4.599814,4.597724,7.177775,9.028404,8.90898,7.645059
1989-03-24 12:00:00,6.020889,5.843232,8.52269,10.765767,9.931486,9.330988
1989-03-25 12:00:00,5.4809213,5.262724,9.255534,8.186451,9.298679,8.3565855
1989-03-26 12:00:00,3.3653846,3.4834993,6.3027215,6.098565,7.600745,5.5392957
1989-03-27 12:00:00,1.7784001,1.8550164,4.090054,3.2031322,7.2516685,3.5071158
1989-03-28 12:00:00,2.378998,2.773296,5.7150483,6.933719,6.8445654,6.01411
1989-03-29 12:00:00,5.308419,4.9700828,9.629782,6.467952,5.8915167,7.3998384
1989-03-30 12:00:00,5.527563,5.868265,8.666756,9.296448,6.675935,8.651556
1989-03-31 12:00:00,3.5486758,3.8683212,6.078421,8.027535,7.37617,5.5303707
1989-04-01 12:00:00,3.0462472,3.1545668,4.682526,7.6339417,6.483879,3.99987
1989-04-02 12:00:00,4.00173,4.4775505,7.7692375,8.470536,6.0980783,7.978539
1989-04-03 12:00:00,3.7907162,3.8095179,7.2882547,8.145893,6.913888,7.37772
1989-04-04 12:00:00,3.4809341,3.9071827,6.603761,5.72467,5.3431664,3.646479
1989-04-05 12:00:00,2.3727996,2.306085,5.1820188,4.299622,4.506831,5.0207076
1989-04-06 12:00:00,3.8790693,4.167114,6.706312,7.388927,7.382158,6.2044964
1989-04-07 12:00:00,6.203726,6.4244356,8.536075,10.395587,8.865014,8.7363205
1989-04-08 12:00:00,4.994445,4.7276125,6.600095,3.965321,4.858047,5.269581
1989-04-09 12:00:00,1.3710974,1.5128019,3.0663242,3.7843204,7.5275335,2.6793597
1989-04-10 12:00:00,1.238513,1.3288236,3.7206705,4.4368467,8.487929,2.1475132
1989-04-11 12:00:00,1.8413662,1.5595906,4.50226,4.4234204,11.002197,2.3811855
1989-04-12 12:00:00,2.3791034,1.8776572,5.563136,3.523132,7.3789988,3.3725288
1989-04-13 12:00:00,1.9022919,1.7894785,4.218684,3.3452244,5.7793727,3.2779145
1989-04-14 12:00:00,1.9939388,1.8643411,4.7599764,3.0419302,4.8892393,2.958468
1989-04-15 12:00:00,2.753384,2.7220612,7.10762,4.101119,4.468496,4.5405245
1989-04-16 12:00:00,1.7543637,1.884784,4.0365095,3.7548504,3.4112377,2.7880285
1989-04-17 12:00:00,0.8836584,1.2020662,2.1548533,2.4863627,4.6423965,1.8514814
1989-04-18 12:00:00,1.1874601,1.2346783,1.6685333,3.4376602,7.28506,1.4561033
1989-04-19 12:00:00,2.935037,2.8965266,2.6456056,5.2178574,6.6888504,3.7414737
1989-04-20 12:00:00,1.6106368,1.825072,2.6168647,3.1245592,10.055969,2.4309113
1989-04-21 12:00:00,2.5353847,2.7471848,5.058633,5.8503666,9.164537,5.3367667
1989-04-22 12:00:00,3.7798374,3.5195243,5.3087373,8.772899,8.882354,6.637301
1989-04-23 12:00:00,3.8777392,3.859615,4.656194,9.650772,8.842037,6.597112
1989-04-24 12:00:00,3.0163698,3.6942184,3.9182265,9.283414,8.018657,5.5258546
1989-04-25 12:00:00,3.1106186,3.3131459,4.4266367,8.044738,4.696256,6.0010157
1989-04-26 12:00:00,5.5498238,5.695523,6.5996237,8.064729,7.594331,6.833198
1989-04-27 12:00:00,3.610652,3.7654455,4.016684,10.517797,11.727101,4.74185
1989-04-28 12:00:00,3.3827217,3.1991477,4.4440913,7.2893763,9.72047,5.572908
1989-04-29 12:00:00,3.4887228,3.6853952,3.5116758,7.944892,5.79754,4.528148
1989-04-30 12:00:00,1.9541268,2.241827,3.5771627,4.408383,4.7140813,3.1868718
1989-05-01 12:00:00,2.947857,3.5211911,5.0393386,8.843921,7.422663,5.8905478
1989-05-02 12:00:00,4.942299,5.367449,6.260779,9.085157,6.3985105,8.170687
1989-05-03 12:00:00,5.417227,5.744622,6.916412,10.232263,6.3743525,7.6406307
1989-05-04 12:00:00,5.2329135,5.0724707,6.718841,7.802362,6.7389627,7.008871
1989-05-05 12:00:00,3.456673,3.755223,5.288415,6.110146,5.8944287,5.7566667
1989-05-06 12:00:00,4.2936773,4.231758,5.005122,6.583878,8.0880165,5.1161427
1989-05-07 12:00:00,4.959587,4.999546,7.018928,6.80121,6.6401443,6.00974
1989-05-08 12:00:00,3.448396,3.1405435,6.2532845,5.170442,4.652402,5.005418
1989-05-09 12:00:00,4.426458,4.8624787,5.069188,6.757107,5.4647226,5.957057
1989-05-10 12:00:00,2.0478868,2.6201346,3.1732447,6.2985363,5.2101555,4.469427
1989-05-11 12:00:00,2.1235073,1.8305994,2.5523067,3.4161687,7.370316,2.2232115
1989-05-12 12:00:00,2.919372,2.9188955,5.487053,4.7385125,8.721656,4.166831
1989-05-13 12:00:00,4.6930246,4.2880163,5.0845513,6.855637,7.124581,6.0700536
1989-05-14 12:00:00,2.0217485,2.4179883,3.511923,3.9422956,5.6390624,4.021859
1989-05-15 12:00:00,1.7644641,1.7020551,5.17777,3.1967866,6.816856,3.0242872
1989-05-16 12:00:00,2.2357113,2.4823577,5.142508,4.3949747,7.8139443,4.631466
1989-05-17 12:00:00,4.317682,4.257665,5.0185823,4.739813,5.744028,5.323603
1989-05-18 12:00:00,3.2393904,2.969752,3.4424772,3.8681176,4.314239,3.633186
1989-05-19 12:00:00,4.200886,3.8995175,5.43269,3.8814354,2.3760116,4.1787
1989-05-20 12:00:00,4.3761725,4.4466944,6.0335407,4.815038,2.9796023,4.3943515
1989-05-21 12:00:00,2.8079882,2.8003826,5.776723,3.2012289,3.0946553,3.5192425
1989-05-22 12:00:00,1.9511948,1.975638,2.987851,2.2202635,2.7073019,2.162325
1989-05-23 12:00:00,2.1237235,2.1473606,2.052567,2.6366937,4.4337325,1.7810713
1989-05-24 12:00:00,1.7739366,1.8039631,2.196601,2.6418498,6.282689,1.7354795
1989-05-25 12:00:00,1.7167971,2.0447063,3.0231082,2.8228753,6.5830116,2.0923789
1989-05-26 12:00:00,1.8272662,1.6645833,2.5989501,3.7232523,4.523547,1.5098526
1989-05-27 12:00:00,2.9810555,2.868824,3.6493747,3.123847,3.2307572,2.8148963
1989-05-28 12:00:00,3.0038836,3.5785763,5.946733,3.8787432,3.7681196,4.538664
1989-05-29 12:00:00,3.583472,3.2961097,4.482756,5.6582284,8.673328,3.3983407
1989-05-30 12:00:00,3.580448,3.8769462,6.930811,5.394973,9.192322,6.0867267
1989-05-31 12:00:00,3.7337863,4.080236,6.3671165,4.5991397,6.3078074,4.0960803
1989-06-01 12:00:00,3.6256793,3.445385,5.1305923,3.9012642,7.12753,4.384545
1989-06-02 12:00:00,4.8283825,4.332622,7.1066923,4.668875,7.904157,5.1528044
1989-06-03 12:00:00,2.580017,2.4616497,3.0392592,4.462533,5.69415,1.9843518
1989-06-04 12:00:00,3.4250603,3.9523783,4.2171426,5.9571366,5.3634176,3.5859842
1989-06-05 12:00:00,3.0433917,3.1540391,5.061733,5.3826566,4.4181633,4.4635587
1989-06-06 12:00:00,2.4836125,2.3493624,5.2543797,5.453802,3.8722913,5.758748
1989-06-07 12:00:00,2.6364555,2.9973261,5.088986,4.7623215,4.7585106,5.4367647
1989-06-08 12:00:00,2.7169185,2.7883742,5.0032506,5.4413896,5.370004,5.8698115
1989-06-09 12:00:00,1.8354282,2.1769829,3.1981955,4.162254,3.0966926,3.2354164
1989-06-10 12:00:00,2.9137778,2.7466147,3.0471091,2.8443727,3.4028838,2.5622008
1989-06-11 12:00:00,2.6542006,3.2502203,4.2612824,3.8067765,4.6626105,3.8300915
1989-06-12 12:00:00,3.8716278,4.5230985,5.9701943,4.478528,4.721681,4.791167
1989-06-13 12:00:00,3.7330432,3.886981,3.9917688,5.1514482,7.1427,4.112836
1989-06-14 12:00:00,3.901292,4.0066147,4.409159,6.1359963,4.8793917,4.345453
1989-06-15 12:00:00,5.6269126,6.08729,3.8116286,7.1629486,5.206716,5.026516
1989-06-16 12:00:00,4.1539383,4.77483,4.607062,7.561967,4.425852,5.986576
1989-06-17 12:00:00,3.0085938,3.2431602,4.2367005,5.6159525,4.1964545,5.3344903
1989-06-18 12:00:00,3.808701,3.7572827,3.5324552,4.3017826,3.3857358,4.0927854
1989-06-19 12:00:00,2.2952447,2.2042532,4.1053815,2.7981534,2.886058,3.1191714
1989-06-20 12:00:00,1.4788269,1.4888712,2.6026227,2.504065,3.51844,2.647432
1989-06-21 12:00:00,2.1321628,2.7173595,4.23055,3.4789398,3.8218684,4.1639156
1989-06-22 12:00:00,2.4463203,2.7312324,6.0553007,3.7959256,4.235502,4.785246
1989-06-23 12:00:00,1.7862917,1.6933545,3.9612901,3.4451158,4.242358,2.4837348
1989-06-24 12:00:00,2.4213653,2.4002216,2.4004288,3.260457,3.6536996,2.4449701
1989-06-25 12:00:00,2.342343,2.3668678,3.1408792,2.6860237,4.349749,2.4351873
1989-06-26 12:00:00,3.1264405,3.1329029,4.6925554,3.49369,3.458812,3.9729083
1989-06-27 12:00:00,4.287866,3.9581885,4.5209346,4.57433,4.206747,4.4149556
1989-06-28 12:00:00,2.0541449,2.1767642,2.6642385,4.6127253,4.815369,3.0715752
1989-06-29 12:00:00,1.9803033,2.089623,5.0660725,3.8675592,4.6824074,3.699524
1989-06-30 12:00:00,3.219294,2.9506795,3.5374966,2.5649273,6.132407,3.5301707
1989-07-01 12:00:00,1.9705747,2.0488174,3.6081607,3.2440336,5.0505486,2.1662765
1989-07-02 12:00:00,2.0957868,1.9435674,5.0553384,4.488653,5.0978365,4.7873387
1989-07-03 12:00:00,1.0376401,2.18702,6.8018446,3.8712454,3.542917,5.751257
1989-07-04 12:00:00,2.5291185,3.4968393,6.580915,6.428714,5.945934,5.331766
1989-07-05 12:00:00,2.6437688,3.2287529,4.9456415,6.0345135,6.173953,3.9276168
1989-07-06 12:00:00,1.8286403,2.1656392,3.3775535,4.778975,6.0317054,3.1017597
1989-07-07 12:00:00,2.5537324,2.736284,4.8806896,6.414048,9.281338,4.651035
1989-07-08 12:00:00,1.8539784,2.5196216,3.9268198,5.833845,9.445531,3.6152105
1989-07-09 12:00:00,3.11085,3.0349174,4.740923,4.592307,5.621246,4.7311172
1989-07-10 12:00:00,4.3833847,3.728855,5.132607,3.5257912,3.07652,3.359816
1989-07-11 12:00:00,2.1461136,1.9772843,3.3984468,2.8320749,3.155584,2.8016877
1989-07-12 12:00:00,1.335677,1.6935738,3.7129712,3.0779471,3.350996,2.7364833
1989-07-13 12:00:00,2.9382138,2.7317863,4.107811,4.442342,4.5234303,3.473608
1989-07-14 12:00:00,1.8528879,2.0273306,3.8897965,3.616865,4.642143,3.316318
1989-07-15 12:00:00,4.5046,4.1141276,6.4356046,5.697878,5.1386104,6.70459
1989-07-16 12:00:00,3.9362235,3.8589487,3.6871536,7.5978975,5.50428,4.816893
1989-07-17 12:00:00,1.2221204,1.4099848,2.7578669,4.278305,4.3916783,2.353854
1989-07-18 12:00:00,3.6582348,3.386385,3.8547943,4.084289,3.4294374,2.6641414
1989-07-19 12:00:00,6.467019,6.3044853,10.448055,8.427325,4.896618,9.782004
1989-07-20 12:00:00,6.6514564,6.808512,8.837629,10.097034,5.9272957,10.230254
1989-07-21 12:00:00,2.676064,3.2732038,3.6897938,7.7754483,5.0565023,5.007998
1989-07-22 12:00:00,2.0716875,1.9315422,3.5775359,3.9882834,4.027029,4.4371514
1989-07-23 12:00:00,1.7378203,1.7404411,2.489478,4.1126695,3.5303497,2.36441
1989-07-24 12:00:00,1.6827706,1.9169801,2.7922256,2.6369722,5.536561,2.5157027
1989-07-25 12:00:00,2.8010843,3.368956,6.4146338,4.3398147,4.602826,5.7508087
1989-07-26 12:00:00,3.2701464,3.66358,4.7763815,4.8882594,4.2695003,5.1060066
1989-07-27 12:00:00,3.5867512,4.107153,5.601215,8.381393,5.461242,6.728547
1989-07-28 12:00:00,1.3034844,1.8264381,4.1203523,4.5470757,5.6192484,4.354742
1989-07-29 12:00:00,2.627906,3.4903972,5.044043,6.6920266,5.4576464,5.1344323
1989-07-30 12:00:00,1.804928,1.8379277,2.4321597,6.5106044,7.266286,2.9588819
1989-07-31 12:00:00,1.875266,1.9701959,1.9900683,3.487919,7.325185,1.79169
1989-08-01 12:00:00,2.2813015,2.2361677,1.8679178,2.1873207,6.329236,2.2154675
1989-08-02 12:00:00,1.6604695,1.7578565,1.7476933,2.8837752,4.3159456,2.3560405
1989-08-03 12:00:00,1.9611695,2.161085,2.8560524,5.1702595,5.748564,3.5611093
1989-08-04 12:00:00,1.600105,2.123459,3.4859138,4.2088513,5.115679,3.2664907
1989-08-05 12:00:00,4.51789,5.220388,7.4220796,7.076234,4.8152742,7.2366357
1989-08-06 12:00:00,4.3793545,4.7135677,7.8803463,7.911843,6.4358106,7.382994
1989-08-07 12:00:00,4.47517,4.631485,7.7508416,7.3016696,8.579819,9.112769
1989-08-08 12:00:00,2.4703674,2.443952,4.6071124,5.3879695,8.058875,4.6938095
1989-08-09 12:00:00,2.6522617,2.9253836,3.8606029,5.422175,5.1280966,4.508163
1989-08-10 12:00:00,1.8274366,1.8209418,3.45295,4.31012,5.0075164,2.4827325
1989-08-11 12:00:00,2.0556865,1.8354553,3.810791,3.7527363,3.1480858,3.5739467
1989-08-12 12:00:00,1.2158877,1.639416,3.4102592,2.5584514,5.321873,3.0288684
1989-08-13 12:00:00,3.4197388,3.1564639,3.6111975,5.9131527,6.505047,4.98255
1989-08-14 12:00:00,3.9282506,4.0084558,5.5692754,5.6392226,5.8656974,5.2663016
1989-08-15 12:00:00,3.334099,3.3585896,5.183434,5.695516,5.4370055,4.4349976
1989-08-16 12:00:00,3.261873,3.1778915,4.5066953,3.5155396,4.4151506,3.1476486
1989-08-17 12:00:00,3.5346878,3.6447618,5.55787,7.353586,6.6141334,6.580246
1989-08-18 12:00:00,3.585225,4.0119567,5.128324,8.817362,8.09848,5.980121
1989-08-19 12:00:00,1.2783024,1.6367176,2.6362913,5.222974,6.6663485,2.5132024
1989-08-20 12:00:00,1.9897916,2.3365483,4.352204,4.076959,6.436754,3.5113707
1989-08-21 12:00:00,4.3879776,4.6933565,5.6500316,8.981748,11.133807,7.2659187
1989-08-22 12:00:00,3.2946403,3.546742,6.297728,6.7587624,11.261076,5.147554
1989-08-23 12:00:00,2.5209465,2.9301553,4.7142725,6.991723,8.893193,4.4793906
1989-08-24 12:00:00,3.9892063,4.6391253,6.487902,10.030987,6.927329,7.6768885
1989-08-25 12:00:00,3.7930424,4.3388762,5.967612,7.834983,7.8402734,5.494137
1989-08-26 12:00:00,2.5457382,2.822936,3.7340872,6.168409,8.894848,3.744158
1989-08-27 12:00:00,2.911326,3.7677338,5.1665673,8.034646,8.318783,6.485046
1989-08-28 12:00:00,1.8299108,2.4632497,3.811144,4.9824643,7.737455,4.3111954
1989-08-29 12:00:00,2.0793767,2.202704,2.5314918,3.9241087,4.6236334,3.3750317
1989-08-30 12:00:00,1.6745636,1.6763157,3.8424761,3.1496117,3.7304418,3.3626957
1989-08-31 12:00:00,3.1399605,3.4594402,5.231621,5.0692306,4.568777,5.2079654
1989-09-01 12:00:00,2.8701062,2.7085989,4.1886106,2.563844,3.130541,3.166876
1989-09-02 12:00:00,0.6843247,1.1525048,4.924184,2.5051854,3.025512,3.5253954
1989-09-03 12:00:00,1.3069006,1.4720216,5.6597533,2.1634576,5.1243224,2.6115365
1989-09-04 12:00:00,1.3789272,1.7180799,5.553815,2.4093056,4.813412,3.0878096
1989-09-05 12:00:00,2.7237792,3.0689905,6.445488,4.1087193,3.6186473,5.7431993
1989-09-06 12:00:00,2.7297673,2.9874597,4.587036,3.2039702,5.4430184,3.2286768
1989-09-07 12:00:00,3.309944,3.1364841,3.2071373,3.576454,4.714729,2.434649
1989-09-08 12:00:00,2.1498702,1.8652835,3.3160648,5.579556,4.611365,4.5775776
1989-09-09 12:00:00,0.9580635,1.1886005,2.955937,3.4782627,5.7305217,3.054229
1989-09-10 12:00:00,2.2831972,2.1802619,2.8685696,4.7140837,3.7821105,3.0321772
1989-09-11 12:00:00,2.5044587,2.8608549,5.02832,3.4309726,3.2398546,4.0922713
1989-09-12 12:00:00,1.7285091,2.2109492,3.4463508,6.7355323,5.728315,4.3476834
1989-09-13 12:00:00,3.1681113,3.4120443,5.9001737,6.8333244,7.3585224,6.0800548
1989-09-14 12:00:00,4.620532,4.658345,6.3317757,7.986897,8.481147,7.0250583
1989-09-15 12:00:00,3.267993,3.3375297,4.6520815,4.5659456,4.932892,4.4402785
1989-09-16 12:00:00,4.262628,4.498772,5.1645794,4.7374897,4.966532,4.1477275
1989-09-17 12:00:00,2.5609515,3.1988583,5.7573,6.540065,7.6548657,4.922035
1989-09-18 12:00:00,2.1315782,2.476378,4.449476,6.760317,7.42217,6.3272033
1989-09-19 12:00:00,4.1953406,4.3882446,6.1343074,8.335389,8.579334,6.940547
1989-09-20 12:00:00,5.596606,5.586082,6.2862706,6.447825,7.2520046,5.765915
1989-09-21 12:00:00,3.4445782,2.7327466,3.713841,2.8754752,6.1954956,2.2881205
1989-09-22 12:00:00,1.0573591,1.2148376,2.1238983,5.5990133,8.231555,2.3948648
1989-09-23 12:00:00,2.2992418,2.4443398,2.8425925,8.403765,6.2807975,4.2750735
1989-09-24 12:00:00,2.3428524,3.190887,5.5881143,7.937356,10.437161,5.1624827
1989-09-25 12:00:00,2.6385047,3.0413702,4.1867347,5.535444,9.657942,3.5770953
1989-09-26 12:00:00,4.74172,4.5506563,9.916914,5.6877437,6.416259,6.6451235
1989-09-27 12:00:00,6.2539563,5.797951,9.000913,6.6527023,4.616863,6.013273
1989-09-28 12:00:00,6.5271587,6.403434,7.1182466,7.223782,4.1326795,7.029025
1989-09-29 12:00:00,3.1605704,4.7586923,3.979379,8.783565,5.2286205,4.5079765
1989-09-30 12:00:00,3.200354,3.8973105,7.6389785,6.9811387,5.6121764,5.7088513
1989-10-01 12:00:00,3.5277925,3.5005903,8.623514,5.0508757,6.1720276,5.700086
1989-10-02 12:00:00,2.0929298,2.4398625,6.353709,5.180211,7.0336146,3.400942
1989-10-03 12:00:00,2.421854,3.0955179,4.667436,6.3222246,6.6625,5.0565515
1989-10-04 12:00:00,3.6868935,4.370329,4.8520036,6.3518696,6.415789,4.345901
1989-10-05 12:00:00,4.340091,5.1091323,5.161689,7.7623606,6.7456937,5.518812
1989-10-06 12:00:00,2.6957614,3.825761,3.9751623,7.1042457,6.886433,3.6034424
1989-10-07 12:00:00,3.6899714,4.115208,4.4085026,5.7162104,5.4231043,4.0039744
1989-10-08 12:00:00,2.033782,1.9637659,3.1762018,3.8015847,4.0952983,2.979896
1989-10-09 12:00:00,2.6570086,2.8916583,4.9174395,3.075348,3.6413965,3.1150894
1989-10-10 12:00:00,3.0762844,3.421943,4.231825,5.8836946,4.775023,5.326607
1989-10-11 12:00:00,3.6624207,3.772554,8.735058,5.840969,5.9246664,7.972446
1989-10-12 12:00:00,3.804745,4.49347,4.7140985,6.20619,5.7635784,3.5009866
1989-10-13 12:00:00,1.7571276,1.7359421,4.9200234,4.475771,7.066839,3.529749
1989-10-14 12:00:00,1.7807325,1.617599,4.9569197,3.5975378,6.916896,4.4787827
1989-10-15 12:00:00,1.0608675,1.0364487,4.8145156,3.4307795,5.1800594,3.2892554
1989-10-16 12:00:00,2.0921052,1.899436,5.367429,3.6133506,8.1342125,4.04758
1989-10-17 12:00:00,6.9240847,6.954126,12.319367,8.909065,8.828253,11.383607
1989-10-18 12:00:00,4.772093,5.4646006,7.060026,9.745083,9.655641,7.180559
1989-10-19 12:00:00,2.03252,2.439749,6.0117636,5.6351113,9.990024,4.421119
1989-10-20 12:00:00,4.2655153,4.0966907,7.451618,7.8955245,5.641649,7.8606453
1989-10-21 12:00:00,2.7675264,2.5611298,5.4746966,4.8841925,6.757518,5.0010605
1989-10-22 12:00:00,6.7444534,6.7291694,9.402723,8.391232,6.7161827,9.745236
1989-10-23 12:00:00,4.729808,5.4854727,5.982468,12.018363,9.017891,9.590589
1989-10-24 12:00:00,1.6129042,2.3094554,4.681383,9.465389,7.7347803,5.5588017
1989-10-25 12:00:00,4.3020096,4.2362084,6.446008,5.4854918,7.1439047,5.0898905
1989-10-26 12:00:00,2.5785582,2.5097928,7.0581937,5.2050796,4.4279075,4.4054637
1989-10-27 12:00:00,2.9096234,3.0001216,4.7245646,6.9177136,5.4572587,4.0721765
1989-10-28 12:00:00,2.9245765,2.7588017,6.4184356,5.419815,6.0002356,5.6181726
1989-10-29 12:00:00,1.5684851,1.5987409,4.229925,4.2575107,5.325107,3.058297
1989-10-30 12:00:00,0.94264144,1.590273,3.5977468,4.5689793,5.436727,5.012653
1989-10-31 12:00:00,3.7252948,3.0238767,6.6281786,4.2184134,5.892338,5.009568
1989-11-01 12:00:00,3.7534091,3.2692335,5.709801,6.7827716,6.3189344,4.504799
1989-11-02 12:00:00,1.9759829,2.3239777,5.8658676,8.354858,8.379249,7.0489473
1989-11-03 12:00:00,5.213802,5.1734896,8.833761,9.649832,9.540365,9.13928
1989-11-04 12:00:00,2.3495772,2.4019344,3.3070335,8.134305,10.080792,5.10242
1989-11-05 12:00:00,3.3157744,3.6347845,5.3034897,6.6659713,9.822131,5.2953377
1989-11-06 12:00:00,3.5585816,3.5822742,5.733696,4.288706,8.180241,4.082631
1989-11-07 12:00:00,4.3658457,4.1928353,7.8100843,8.44792,7.6386,7.3627753
1989-11-08 12:00:00,1.834107,2.1613412,5.681234,6.9679856,8.996877,4.857605
1989-11-09 12:00:00,1.3719864,1.7740595,3.6589754,3.0482497,6.029679,2.727781
1989-11-10 12:00:00,1.8376675,1.7753096,3.9650347,3.1820908,6.5175796,2.832445
1989-11-11 12:00:00,2.9482684,2.28064,4.743157,5.405242,6.1819634,3.9328773
1989-11-12 12:00:00,2.799659,2.820325,4.619246,6.3622503,6.715474,4.7734246
1989-11-13 12:00:00,2.870721,3.7711349,7.830542,8.052273,7.7792044,7.8475814
1989-11-14 12:00:00,4.54982,4.885736,7.481251,9.140332,7.18518,8.206961
1989-11-15 12:00:00,2.4228957,2.8151982,4.6751356,7.674718,7.468144,5.8177285
1989-11-16 12:00:00,2.0864842,1.8749965,4.1932607,5.6113887,8.494076,4.0122647
1989-11-17 12:00:00,3.8641667,3.9914281,6.065992,6.6887507,8.991037,5.417417
1989-11-18 12:00:00,5.378303,5.346115,7.1091394,8.889445,8.747769,6.737264
1989-11-19 12:00:00,4.6229343,4.563763,10.573135,8.168507,7.3973866,7.964605
1989-11-20 12:00:00,3.0743802,3.1939723,8.810848,6.448597,6.260004,6.0915313
1989-11-21 12:00:00,2.8758368,3.200608,9.109267,4.9215245,6.2069902,6.4122896
1989-11-22 12:00:00,2.5178435,2.7136,5.6002593,5.8368773,4.657599,5.970134
1989-11-23 12:00:00,3.0483856,3.3732393,6.3246174,7.353189,6.485025,7.9341044
1989-11-24 12:00:00,2.2316759,2.660818,3.9495275,7.1099377,5.822066,4.585759
1989-11-25 12:00:00,1.9991436,1.9662625,4.8547454,5.8024178,5.2679815,5.4537897
1989-11-26 12:00:00,3.4063246,3.1911569,5.796161,8.064934,9.489233,6.092877
1989-11-27 12:00:00,4.0910583,4.146283,7.9013844,11.262315,9.92443,8.42075
1989-11-28 12:00:00,3.2877104,3.552884,6.4644904,7.0422554,6.1137013,6.674025
1989-11-29 12:00:00,3.0159423,3.140074,6.446042,7.331104,5.305101,6.4591064
1989-11-30 12:00:00,1.8413575,1.7108397,3.9164598,4.1046877,6.58903,3.222052
1989-12-01 12:00:00,1.1362741,1.682096,4.051728,6.2726583,3.450922,3.9628396
1989-12-02 12:00:00,2.8821754,3.2322173,6.145518,6.8840327,5.9084134,5.1128144
1989-12-03 12:00:00,1.7920299,2.0112038,5.698288,4.0689178,5.9529285,4.4960675
1989-12-04 12:00:00,3.9829059,3.8084047,6.990274,7.8560457,8.763206,6.672945
1989-12-05 12:00:00,2.3280783,2.3488097,5.356781,5.857524,7.0625515,4.9527264
1989-12-06 12:00:00,3.711956,3.8267744,5.3817477,7.217297,6.1576796,5.7271233
1989-12-07 12:00:00,1.3295282,1.5922258,4.131372,7.40394,8.301924,5.528962
1989-12-08 12:00:00,3.6126971,2.9638796,4.171186,5.0594597,5.939374,3.1773486
1989-12-09 12:00:00,2.1994941,2.2285814,4.5542893,6.170618,6.3617406,4.612801
1989-12-10 12:00:00,2.5986295,2.6186173,8.372838,7.1342106,8.2018385,7.0752673
1989-12-11 12:00:00,5.83765,5.622291,11.365399,7.741538,6.3708825,8.55701
1989-12-12 12:00:00,5.1754794,4.9143643,7.81277,6.7697306,4.661751,6.6461306
1989-12-13 12:00:00,2.991191,3.1481087,5.340273,6.832483,4.956719,4.9741917
1989-12-14 12:00:00,1.8299613,1.8612697,5.868896,4.8129897,4.7660174,5.1553283
1989-12-15 12:00:00,4.5007215,4.333576,7.821641,8.355945,6.594569,8.263304
1989-12-16 12:00:00,4.4162345,4.3344936,7.676259,9.283111,7.547416,7.809281
1989-12-17 12:00:00,5.0545545,4.8370667,9.172286,8.559241,5.923678,8.538553
1989-12-18 12:00:00,4.8600674,4.7354145,9.994477,10.266708,6.5769777,8.759314
1989-12-19 12:00:00,3.3508453,4.035119,7.2140775,6.578131,9.017461,7.067424
1989-12-20 12:00:00,2.0736046,2.599061,7.717313,5.072015,9.031604,5.4138103
1989-12-21 12:00:00,3.3202386,3.45061,6.2563663,4.971883,5.771148,7.6479373
1989-12-22 12:00:00,3.444536,3.124705,5.459812,4.7113547,7.076272,4.6116834
1989-12-23 12:00:00,2.1497545,2.4854445,5.5090823,6.2820635,5.22175,5.243181
1989-12-24 12:00:00,2.7069418,3.1163208,7.279813,8.502641,5.9354825,7.2201095
1989-12-25 12:00:00,3.5366359,3.6922097,9.248035,7.825119,4.284403,8.869787
1989-12-26 12:00:00,3.19842,3.6957524,7.1112204,8.031607,7.5453563,6.7886753
1989-12-27 12:00:00,5.1161385,6.1202793,7.674693,11.160658,9.805756,7.926418
1989-12-28 12:00:00,3.3697217,3.491267,4.579825,5.443307,5.353716,4.0393434
1989-12-29 12:00:00,3.1029449,3.375888,5.981544,9.520679,11.113267,6.6151543
1989-12-30 12:00:00,3.2510116,3.452684,5.71198,6.894912,10.575715,5.3717356
1989-12-31 12:00:00,1.6478544,2.1191847,2.9775407,5.292726,9.457544,3.2680285
1990-01-01 12:00:00,2.9465263,3.1983418,5.675389,9.363455,7.265107,6.0429354
1990-01-02 12:00:00,1.3531628,1.8741981,4.536978,7.0680614,5.341406,5.449626
1990-01-03 12:00:00,1.6962302,2.2482152,5.6912165,8.10632,10.968755,6.8550196
1990-01-04 12:00:00,2.812725,2.9224448,4.8599453,6.943015,9.328205,4.3398943
1990-01-05 12:00:00,2.4045703,2.6315215,3.520048,3.8243332,6.548428,3.303576
1990-01-06 12:00:00,1.6795144,1.7890387,7.2143,6.4184604,4.4416533,6.8770514
1990-01-07 12:00:00,2.3032951,2.797739,6.6144714,9.105038,5.831678,7.8758683
1990-01-08 12:00:00,2.7524767,3.4035695,7.9869924,8.974037,6.9687076,8.809298
1990-01-09 12:00:00,4.470182,4.784576,7.1340446,9.489317,7.842708,7.961659
1990-01-10 12:00:00,6.02667,6.117368,9.348134,11.830202,9.77649,10.673815
1990-01-11 12:00:00,4.2749085,4.442502,8.761039,10.091336,9.786695,9.083547
1990-01-12 12:00:00,2.9485674,3.0975096,8.162649,8.613032,8.331788,7.5244355
1990-01-13 12:00:00,3.009644,3.7685606,7.423321,7.1472573,7.7635717,5.2084336
1990-01-14 12:00:00,3.089515,2.6937547,4.6713943,4.727693,5.7670197,3.2386994
1990-01-15 12:00:00,2.426302,2.2420895,5.364378,4.980361,7.164084,3.8536654
1990-01-16 12:00:00,3.7424996,4.370287,5.7152004,5.2345448,6.4316754,4.4657097
1990-01-17 12:00:00,2.4663582,2.6120787,3.954807,3.165635,5.048642,3.1541047
1990-01-18 12:00:00,2.2353432,2.508282,3.8535252,2.8237822,6.6667013,3.0348146
1990-01-19 12:00:00,2.6595066,3.2274144,4.02028,4.018706,10.192076,3.118711
1990-01-20 12:00:00,2.4606311,2.7010612,4.160381,4.3053737,8.419819,3.2495997
1990-01-21 12:00:00,2.9493282,2.8238733,5.921439,3.6469336,4.229351,4.4044085
1990-01-22 12:00:00,2.7095273,3.0234256,4.774558,4.7022543,6.1534905,3.0967162
1990-01-23 12:00:00,1.596244,1.7434608,3.6420105,4.163135,4.71644,3.6428292
1990-01-24 12:00:00,3.9820983,4.478966,9.181524,10.761336,8.037783,9.392733
1990-01-25 12:00:00,2.05019,2.4975908,5.842895,7.559421,7.977917,5.1703367
1990-01-26 12:00:00,1.6430676,1.8329583,5.2287745,5.7924604,7.017236,4.5788713
1990-01-27 12:00:00,1.3252634,1.7836746,3.170993,6.030402,9.324554,4.0634007
1990-01-28 12:00:00,3.2512195,3.3074312,5.6132197,8.782507,8.688814,6.985515
1990-01-29 12:00:00,4.340707,4.4432774,8.918288,10.527291,7.5471196,9.355074
1990-01-30 12:00:00,3.9176898,5.0346746,8.321458,10.666161,7.8238177,7.6558537
1990-01-31 12:00:00,2.6775959,3.2147996,7.3775945,7.220365,6.727567,7.028738
1990-02-01 12:00:00,4.0523047,4.3859816,8.741655,7.8498225,5.4390903,8.652168
1990-02-02 12:00:00,5.160056,4.7777104,8.658338,8.560621,5.495412,8.396808
1990-02-03 12:00:00,4.7691503,4.7201176,7.77012,7.827166,8.307466,7.177609
1990-02-04 12:00:00,4.584109,4.435315,7.702138,8.275415,7.9677887,8.626441
1990-02-05 12:00:00,2.1071045,2.042562,4.955378,5.7470307,8.756678,6.653831
1990-02-06 12:00:00,2.1038451,2.0684464,7.1581817,7.2127123,6.835675,5.5201488
1990-02-07 12:00:00,6.2955365,6.5506744,11.862056,12.495732,10.711617,12.144567
1990-02-08 12:00:00,6.8573475,7.260475,12.473831,11.910894,11.563236,12.535752
1990-02-09 12:00:00,7.4811716,7.5495777,10.712489,12.353165,10.503678,11.551888
1990-02-10 12:00:00,3.430167,3.348861,6.724335,6.9130535,10.07137,6.235744
1990-02-11 12:00:00,3.1242354,3.1016386,4.473681,6.08221,6.3916006,4.0690565
1990-02-12 12:00:00,3.1515388,2.6852944,5.9616394,4.4591894,5.4079027,4.794355
1990-02-13 12:00:00,2.9620335,2.9223793,5.6166887,5.1322083,4.3616505,4.564581
1990-02-14 12:00:00,2.4832973,2.5169072,5.371671,5.7663374,6.9966564,4.103555
1990-02-15 12:00:00,2.0573373,2.2766109,5.0887527,7.217596,8.009021,5.698732
1990-02-16 12:00:00,4.343187,4.6853,9.186672,9.171451,9.439239,8.890151
1990-02-17 12:00:00,3.9942884,4.275819,8.256289,10.019235,9.153386,9.075508
1990-02-18 12:00:00,3.9489467,4.145421,6.1023564,8.434945,8.943342,6.4279175
1990-02-19 12:00:00,3.673141,3.5368621,6.08135,5.281922,7.498156,4.782971
1990-02-20 12:00:00,3.063209,3.0113919,4.3934026,5.2686086,7.1956596,4.300134
1990-02-21 12:00:00,1.7394365,1.8553255,3.1184945,5.0909643,8.988816,3.1451938
1990-02-22 12:00:00,1.214025,1.2642452,3.2161968,4.670413,8.481012,3.588519
1990-02-23 12:00:00,1.1617779,1.4055781,6.4247828,5.455031,7.025705,7.4876895
1990-02-24 12:00:00,2.788841,2.3798795,5.373719,3.336131,5.721757,4.166801
1990-02-25 12:00:00,2.771937,2.3523252,4.4060106,2.3817189,4.0525227,2.9639907
1990-02-26 12:00:00,0.94660664,1.3207933,3.5066435,6.7080483,10.433396,4.2025676
1990-02-27 12:00:00,1.1482772,1.3573573,3.4680595,8.074654,7.2647257,4.403662
1990-02-28 12:00:00,0.71901417,1.1776193,2.9842527,3.6032226,6.7407265,2.7653222
1990-03-01 12:00:00,1.0095387,1.6584631,2.3397307,3.0288668,5.406363,1.8961304
1990-03-02 12:00:00,1.4675356,1.8225734,5.3960543,6.1887074,6.8818345,4.858163
1990-03-03 12:00:00,1.4994978,1.597665,6.065688,5.6366277,3.8088148,6.1750865
1990-03-04 12:00:00,1.538486,1.3492707,3.6024637,6.0806155,3.7666457,3.620415
1990-03-05 12:00:00,2.2474217,1.9459565,4.2868576,4.189333,6.0987663,2.6614506
1990-03-06 12:00:00,2.857127,2.5073698,4.396159,2.9515269,5.9305253,3.108355
1990-03-07 12:00:00,2.0452366,1.6680982,4.0051622,3.7937315,5.7922435,2.4143302
1990-03-08 12:00:00,0.9619506,1.3213508,3.1269188,3.7858171,5.9442277,1.939601
1990-03-09 12:00:00,1.7548032,1.8573415,4.880871,4.510594,6.614911,3.6271105
1990-03-10 12:00:00,2.2786372,3.0724936,7.5614133,8.513287,8.8445215,7.5624537
1990-03-11 12:00:00,2.920524,3.6666589,8.330366,8.106939,11.901528,8.36146
1990-03-12 12:00:00,4.51575,5.1604295,9.246567,9.497514,9.8855095,9.854978
1990-03-13 12:00:00,4.3968654,4.345272,4.626073,6.6369596,10.780369,4.9571066
1990-03-14 12:00:00,1.9442452,2.1102812,2.9041567,4.085436,6.7504816,3.2258356
1990-03-15 12:00:00,1.9051466,2.039882,2.6347752,3.9775338,6.346028,2.2937236
1990-03-16 12:00:00,2.668284,2.8522034,4.3412175,6.002298,6.9034815,4.5468135
1990-03-17 12:00:00,2.6544588,3.1411927,4.368795,5.4447355,8.120122,4.2323513
1990-03-18 12:00:00,1.5297085,2.1972528,3.3452404,4.998118,3.6280262,3.3289976
1990-03-19 12:00:00,2.5766609,2.3032064,3.5637136,3.0888655,4.273316,3.141542
1990-03-20 12:00:00,1.5041069,1.6928896,3.2855835,4.723973,7.0886326,2.769035
1990-03-21 12:00:00,1.5596313,2.026089,2.3669338,4.5811963,8.948816,2.5002017
1990-03-22 12:00:00,1.2608356,1.1719682,3.258088,2.0485756,5.960186,2.1030767
1990-03-23 12:00:00,1.4389843,1.3120631,2.6970582,2.849442,4.1100335,1.4922242
1990-03-24 12:00:00,1.2944822,1.9776982,2.1736655,3.29473,4.457608,3.8404677
1990-03-25 12:00:00,2.0829737,2.1322026,3.4940164,5.1044292,6.9297104,3.2659876
1990-03-26 12:00:00,1.9739519,2.8744261,3.4079356,6.4665475,8.00193,3.6320062
1990-03-27 12:00:00,2.0817814,2.43104,3.157199,7.1346006,6.1121526,3.0348237
1990-03-28 12:00:00,1.5723878,1.9734204,4.6231933,6.152665,4.3385854,4.7159266
1990-03-29 12:00:00,3.1929226,3.1091995,6.1405087,5.2070804,6.105843,5.6386266
1990-03-30 12:00:00,2.2619493,2.7267876,4.0381527,6.977427,7.1039605,4.3609786
1990-03-31 12:00:00,3.6139839,4.030899,5.639329,8.41659,6.853159,5.016572
1990-04-01 12:00:00,3.752914,4.4310093,4.900582,7.3073244,8.078049,4.5044994
1990-04-02 12:00:00,2.767024,2.9462373,2.887175,2.7906048,3.5924814,2.1172216
1990-04-03 12:00:00,2.5724704,2.3515313,3.4859335,3.3596923,5.2193866,2.7742097
1990-04-04 12:00:00,2.8765082,2.6734076,5.451993,3.5895088,4.230041,3.6157784
1990-04-05 12:00:00,4.0054774,3.500254,5.596542,3.8804438,4.000188,3.8131578
1990-04-06 12:00:00,3.3964949,2.9262471,5.6882787,3.9984019,3.6848114,3.3591702
1990-04-07 12:00:00,3.0078683,2.7583823,6.636305,3.5300102,4.2113476,4.1116977
1990-04-08 12:00:00,3.393157,2.9760313,7.2029014,3.8108554,5.860898,4.2470436
1990-04-09 12:00:00,2.8097813,2.282792,6.988464,3.2365487,9.587839,3.7848222
1990-04-10 12:00:00,1.0348084,1.2749379,5.4234157,3.2674863,12.058709,2.6328652
1990-04-11 12:00:00,2.1558137,1.9878455,5.7257395,3.2237659,5.1248593,3.341916
1990-04-12 12:00:00,3.5802455,3.2399652,6.139691,4.078079,4.597687,4.1132
1990-04-13 12:00:00,4.013024,3.4865794,6.2083163,4.6161346,6.134135,4.3678174
1990-04-14 12:00:00,3.4491222,2.9984946,5.5170484,6.1348042,6.9775863,3.4165418
1990-04-15 12:00:00,3.4290624,2.7507799,4.937336,6.0508404,7.507724,2.4771128
1990-04-16 12:00:00,2.735402,2.3875446,3.7059317,7.161082,7.855806,2.5004408
1990-04-17 12:00:00,3.5076077,3.3010616,4.0663114,5.913769,5.8271494,5.7831626
1990-04-18 12:00:00,2.1591802,2.0490818,4.9772916,2.9555628,3.7506735,4.568804
1990-04-19 12:00:00,2.5552337,2.6315544,4.3224015,3.1782012,3.1664088,2.8108842
1990-04-20 12:00:00,3.570707,3.8882747,7.2262845,3.0633423,3.6439648,5.142242
1990-04-21 12:00:00,4.135334,4.10693,7.0750647,5.4035025,5.946212,5.0809503
1990-04-22 12:00:00,4.2707973,4.049998,6.4122853,5.86715,6.4111395,4.3124523
1990-04-23 12:00:00,3.3587015,3.4489915,4.4341507,6.6220827,7.807007,4.402862
1990-04-24 12:00:00,2.9300838,2.8929431,4.666759,4.4157147,5.993502,4.4214444
1990-04-25 12:00:00,3.015751,2.705631,3.5623176,3.1146028,4.228977,4.214584
1990-04-26 12:00:00,2.0151315,1.8456482,3.1369696,4.7948184,5.1555467,3.3278906
1990-04-27 12:00:00,4.980058,4.6807833,5.992683,9.4157505,7.4347935,7.368385
1990-04-28 12:00:00,4.053312,4.1477942,6.2068725,7.073094,6.123266,6.5407186
1990-04-29 12:00:00,3.8965611,4.611453,6.209022,8.435547,5.246887,5.3634453
1990-04-30 12:00:00,2.4836931,2.883009,4.156771,4.0376115,5.11794,5.0607405
1990-05-01 12:00:00,1.5627389,1.537455,3.009919,3.2502892,6.4922476,2.6362007
1990-05-02 12:00:00,1.732903,1.7108768,4.3516483,2.7301826,5.587647,2.6541421
1990-05-03 12:00:00,3.9704337,3.4919653,6.054018,3.7622693,8.667205,5.1040025
1990-05-04 12:00:00,2.7806525,2.5864189,4.3562374,3.7551422,9.3546095,3.4120517
1990-05-05 12:00:00,2.591872,2.133039,5.3722057,2.5431013,7.3729725,2.4744844
1990-05-06 12:00:00,2.0659192,2.2000713,4.0759377,3.5785527,7.276727,2.8193247
1990-05-07 12:00:00,4.5972357,4.2580857,5.7053123,7.4017706,6.9120426,6.939681
1990-05-08 12:00:00,3.0628893,2.8184497,5.4153676,4.4195046,5.7531576,4.7417836
1990-05-09 12:00:00,3.8120918,3.8392127,6.035127,5.3344336,6.782579,5.55884
1990-05-10 12:00:00,2.1912448,2.716362,3.1693218,4.994843,6.9803715,2.3083067
1990-05-11 12:00:00,4.514222,4.972788,6.192881,7.2302217,8.8093605,7.452201
1990-05-12 12:00:00,4.686643,4.97166,6.5498414,8.214353,7.7633348,5.9930096
1990-05-13 12:00:00,2.815925,3.2637365,5.6741385,7.026862,4.922599,8.507359
1990-05-14 12:00:00,3.5327053,2.9147153,5.7517915,4.2448463,6.423482,3.4265137
1990-05-15 12:00:00,3.443554,3.2364476,6.0012603,4.3101697,6.1541767,3.7452772
1990-05-16 12:00:00,2.4975288,2.001983,5.135019,3.4707642,4.334886,2.6210349
1990-05-17 12:00:00,1.7684883,1.5653589,4.263166,2.4988499,4.1698027,2.6630251
1990-05-18 12:00:00,1.0290444,1.3869584,2.5032427,2.686273,3.8744638,2.0291643
1990-05-19 12:00:00,1.2321428,1.4198363,2.1471086,2.858337,4.2716417,2.4638462
1990-05-20 12:00:00,1.077814,1.3366299,2.4315453,2.8912964,5.005042,2.162773
1990-05-21 12:00:00,1.7778064,2.043185,2.2471805,3.3288994,4.11623,2.6295066
1990-05-22 12:00:00,2.855585,2.382742,1.6108425,4.108194,5.1533456,1.9054561
1990-05-23 12:00:00,1.9574559,2.338344,2.0861986,6.0446362,7.484889,2.5294237
1990-05-24 12:00:00,4.5465856,4.672836,5.1376824,7.5696964,7.970102,7.189939
1990-05-25 12:00:00,3.6234126,3.3267145,4.3913918,4.920775,6.2239623,4.1831083
1990-05-26 12:00:00,3.2647371,2.8537526,2.9099877,3.2958755,4.2909155,3.2309952
1990-05-27 12:00:00,3.9509242,4.621472,6.9364247,6.1689806,4.8975587,7.723086
1990-05-28 12:00:00,3.5943651,3.727372,4.0733776,4.677243,5.822512,4.12923
1990-05-29 12:00:00,1.4742593,1.6332692,3.140178,3.322659,4.648621,2.911251
1990-05-30 12:00:00,2.3301682,2.8549109,4.057841,4.856553,4.896763,3.6007037
1990-05-31 12:00:00,2.654126,2.42476,4.2290487,5.642189,4.368918,4.882801
1990-06-01 12:00:00,3.0000584,3.3045304,3.8714316,6.063878,4.6820216,4.1639385
1990-06-02 12:00:00,3.149349,3.5963168,5.3173494,5.15852,4.401522,5.8794203
1990-06-03 12:00:00,5.3230495,5.602271,7.4735484,7.0320387,7.184118,5.8713417
1990-06-04 12:00:00,3.440492,3.6012518,5.2714024,5.180004,6.8218007,5.506013
1990-06-05 12:00:00,2.3911076,2.5842223,3.8018997,5.0615363,4.8917975,3.250391
1990-06-06 12:00:00,3.8413963,3.6072347,6.248325,3.8959355,5.4590945,4.693693
1990-06-07 12:00:00,5.3144393,4.143365,7.340738,3.876748,4.3283215,3.903349
1990-06-08 12:00:00,3.3330088,3.4182725,7.3272905,5.366475,4.9308057,6.1013546
1990-06-09 12:00:00,2.1505673,3.0702026,6.0335383,5.0326514,4.336327,5.5899973
1990-06-10 12:00:00,2.4097686,2.6490366,5.1452923,3.7876148,3.6723228,5.0799465
1990-06-11 12:00:00,5.4179487,5.146403,5.818393,5.227659,3.5248318,5.371035
1990-06-12 12:00:00,3.2021217,3.874805,5.2490563,6.7218757,7.877877,5.645177
1990-06-13 12:00:00,1.7653114,1.8196934,3.070208,4.196665,6.5358057,1.9119574
1990-06-14 12:00:00,2.3850574,2.3169334,2.7724462,3.6714604,3.6587894,3.1544101
1990-06-15 12:00:00,1.4077042,1.5938245,3.325358,3.003365,3.1556666,2.979358
1990-06-16 12:00:00,2.621392,3.1365662,6.3019977,3.3212566,3.8235714,4.391485
1990-06-17 12:00:00,5.5020595,5.22671,5.7439966,3.0086448,3.7092738,3.7710137
1990-06-18 12:00:00,4.77618,4.5493913,5.137646,2.3977714,3.9852407,3.9106133
1990-06-19 12:00:00,4.591591,4.286793,5.3756037,3.6932094,3.6780572,5.123607
1990-06-20 12:00:00,5.735255,5.865177,6.024875,7.928776,5.0891557,7.7270007
1990-06-21 12:00:00,4.049808,4.367394,5.3123393,8.424638,4.5376434,7.404309
1990-06-22 12:00:00,3.0385811,3.169258,4.385989,5.4578247,6.0112185,3.7715855
1990-06-23 12:00:00,3.6565728,3.7012377,2.907901,6.062243,8.144408,4.0543194
1990-06-24 12:00:00,2.505399,2.6855156,4.0655246,5.391105,7.9081583,4.2998023
1990-06-25 12:00:00,3.4081357,4.126038,5.2587123,5.366238,9.05599,5.1860695
1990-06-26 12:00:00,3.1832132,3.7504568,5.428917,7.4716935,8.025988,5.1308513
1990-06-27 12:00:00,3.4063022,4.4066443,7.1845403,5.6174526,8.392347,6.379548
1990-06-28 12:00:00,2.8527894,3.229369,5.865525,6.3676777,5.8846455,5.3022842
1990-06-29 12:00:00,3.4131074,3.6627257,6.0737405,6.114317,5.2825236,6.1069384
1990-06-30 12:00:00,3.6935616,3.645583,5.556882,5.477203,4.250543,4.6331034
1990-07-01 12:00:00,2.8484814,3.2484326,4.8358474,5.0516553,5.6052628,5.232117
1990-07-02 12:00:00,3.9825828,4.0505075,6.097822,6.6612735,6.2994885,6.6018076
1990-07-03 12:00:00,5.8132186,5.434863,7.549242,7.213142,7.5285616,7.0755706
1990-07-04 12:00:00,6.438533,6.040208,7.643654,7.2644224,5.4373093,7.9116635
1990-07-05 12:00:00,4.67433,4.5094,5.4306903,8.043675,8.4798355,6.8366446
1990-07-06 12:00:00,3.597823,3.8436162,5.463913,6.125312,5.7691226,5.406458
1990-07-07 12:00:00,3.13302,3.169298,4.489432,6.3542767,5.531866,5.4387474
1990-07-08 12:00:00,4.8941216,4.8938394,6.681446,7.941577,7.0394363,7.7740097
1990-07-09 12:00:00,4.0451155,4.1210694,3.859803,5.5897727,9.406342,4.169031
1990-07-10 12:00:00,4.484033,4.74887,3.9504488,7.198334,5.8730464,5.8248734
1990-07-11 12:00:00,3.1710064,2.8347008,2.2231781,3.4779472,6.6978846,2.0256999
1990-07-12 12:00:00,2.7952845,3.0180573,2.7468975,3.0688336,4.316672,3.6160557
1990-07-13 12:00:00,2.6509225,3.0369253,4.1741242,7.103776,6.832682,4.7306437
1990-07-14 12:00:00,3.2479665,3.349065,4.6831155,6.350722,7.325991,4.2970037
1990-07-15 12:00:00,3.5909002,3.4682496,5.097918,4.8683333,6.5985394,3.5447247
1990-07-16 12:00:00,3.6816385,4.022943,6.0344734,5.18035,5.182479,6.789829
1990-07-17 12:00:00,4.834286,4.5953956,9.011491,5.7748594,5.365351,6.725072
1990-07-18 12:00:00,2.961805,3.5766213,6.798997,6.497229,6.553939,5.681464
1990-07-19 12:00:00,2.6441994,2.9068134,8.572365,6.3218455,5.1033273,7.132697
1990-07-20 12:00:00,3.1543963,3.5769114,7.463809,6.058579,4.203894,6.4877276
1990-07-21 12:00:00,2.1107204,2.1902723,4.0640836,5.3332,5.396042,3.4762397
1990-07-22 12:00:00,1.8979052,1.539792,3.4496474,2.635875,4.9667754,2.4781106
1990-07-23 12:00:00,1.7670002,1.9610939,2.7197096,3.4542892,7.5832343,1.8507875
1990-07-24 12:00:00,1.9166927,2.371188,2.9093735,3.5537765,4.068921,2.369296
1990-07-25 12:00:00,3.136826,3.3703363,4.614978,3.684474,4.1779857,4.799026
1990-07-26 12:00:00,3.3682818,3.1829638,4.0259724,3.2763207,4.573884,2.664184
1990-07-27 12:00:00,4.5648675,3.8363788,4.783089,3.5275958,5.7695527,3.8519795
1990-07-28 12:00:00,3.7038922,3.0802312,4.1023912,3.6102293,4.2789273,3.8554063
1990-07-29 12:00:00,1.7562906,2.3264682,5.110585,5.1684256,5.639887,4.967684
1990-07-30 12:00:00,3.207223,3.6387553,5.8317447,5.138651,8.033762,4.4762883
1990-07-31 12:00:00,3.116471,3.8553653,5.184685,5.900103,9.167586,4.5863795
1990-08-01 12:00:00,2.75187,3.2898538,4.818698,5.0462294,5.506949,4.1431465
1990-08-02 12:00:00,3.6941214,4.021951,5.381744,6.274281,5.31491,4.8069177
1990-08-03 12:00:00,4.340982,4.604092,5.374443,5.6914105,3.6387775,5.126907
1990-08-04 12:00:00,3.7354448,3.5893722,4.051298,3.7024982,2.553327,3.2774165
1990-08-05 12:00:00,3.208603,2.914874,3.2405388,2.8301299,2.816603,2.1198773
1990-08-06 12:00:00,1.218973,1.7480983,4.031443,4.149506,5.4675674,3.398042
1990-08-07 12:00:00,2.6942413,2.7070496,4.1919823,3.8807366,4.3751874,3.4607468
1990-08-08 12:00:00,3.0793056,3.375945,6.0560822,5.923373,5.4117856,5.5645204
1990-08-09 12:00:00,3.5599997,3.4809105,7.419293,4.3940387,7.0315604,3.7876627
1990-08-10 12:00:00,3.100957,4.150928,5.418,8.672563,8.403555,6.020966
1990-08-11 12:00:00,4.138378,4.1639786,5.5369854,4.5293546,6.4968166,5.1079903
1990-08-12 12:00:00,3.6609335,3.535219,5.970625,8.069504,7.33456,6.177244
1990-08-13 12:00:00,4.24067,4.8973136,9.359088,9.28303,5.058429,9.799724
1990-08-14 12:00:00,6.2021976,6.2255034,9.958134,8.873941,7.201428,9.1533375
1990-08-15 12:00:00,3.2036355,3.345426,5.698276,3.5410314,6.2051463,4.105882
1990-08-16 12:00:00,3.4411633,3.671705,8.29949,5.158061,8.452958,6.2705884
1990-08-17 12:00:00,3.7568927,4.0684834,6.3143196,5.982884,9.396895,5.79693
1990-08-18 12:00:00,3.1534653,3.4531503,5.37036,4.4595466,9.442068,4.2725124
1990-08-19 12:00:00,2.4347491,2.5284562,3.4799876,3.203026,7.87745,2.5305185
1990-08-20 12:00:00,2.8981204,2.6697679,4.465876,6.898288,7.343609,5.676451
1990-08-21 12:00:00,2.4485104,2.5929577,4.9208503,5.341995,8.502508,6.36787
1990-08-22 12:00:00,2.4517527,2.1514473,4.153715,4.5572476,7.619859,4.96513
1990-08-23 12:00:00,2.3865757,2.1508799,3.387117,5.7075715,6.9810324,5.0124474
1990-08-24 12:00:00,1.4051403,1.5686153,3.4948533,4.086055,5.193123,4.391913
1990-08-25 12:00:00,1.3629932,2.2346878,5.007581,5.8191843,4.8343854,5.87143
1990-08-26 12:00:00,1.0330728,1.545117,3.0875506,2.9892917,6.224784,2.0344803
1990-08-27 12:00:00,1.2722508,1.921067,3.7603278,3.9128642,5.8004766,2.815915
1990-08-28 12:00:00,2.103153,2.2466555,4.3004265,4.0751324,2.926189,4.4236546
1990-08-29 12:00:00,2.7033408,3.3518732,4.802543,4.5811214,3.5884898,3.8780518
1990-08-30 12:00:00,4.0528975,4.0852714,5.518039,5.155349,5.636762,6.1723332
1990-08-31 12:00:00,1.5686299,1.8326433,3.2844331,4.9720592,4.8801475,4.7652326
1990-09-01 12:00:00,0.74962854,1.1071607,2.5369546,2.8255928,3.2459648,3.1461554
1990-09-02 12:00:00,1.5746448,1.78128,3.195244,3.7475078,3.7180004,4.193007
1990-09-03 12:00:00,2.2242727,2.0388448,3.6196928,2.914061,3.9233887,2.7678866
1990-09-04 12:00:00,3.3735013,3.3667471,7.1105986,4.6233635,3.9193645,5.366597
1990-09-05 12:00:00,3.9832563,3.7261052,9.00064,4.7567573,3.8772871,5.837422
1990-09-06 12:00:00,4.4059467,3.9122715,7.595655,4.0866027,3.709133,5.475894
1990-09-07 12:00:00,5.089673,4.283951,8.079862,3.6974251,2.632634,4.9809413
1990-09-08 12:00:00,3.9196582,2.9756758,4.650633,3.5910115,2.3558276,2.927823
1990-09-09 12:00:00,1.6991006,1.6357493,3.4470513,3.1786072,6.137122,2.122675
1990-09-10 12:00:00,2.320858,2.9060404,4.235146,7.0132546,7.142756,4.7022743
1990-09-11 12:00:00,2.8788838,3.243131,4.7245154,6.627238,8.413295,4.5285726
1990-09-12 12:00:00,3.5656443,4.413116,5.8601375,5.904844,7.676786,5.395859
1990-09-13 12:00:00,2.2585769,2.9044414,3.5551324,6.099618,7.7658467,3.6011348
1990-09-14 12:00:00,1.6275882,1.767036,2.2577145,5.0179076,7.6397557,1.6530728
1990-09-15 12:00:00,1.8888264,2.3460946,4.651594,3.3256185,5.1309924,3.414769
1990-09-16 12:00:00,3.8125336,4.2443485,7.776664,5.4989753,4.9088173,7.204209
1990-09-17 12:00:00,4.019158,4.072862,5.9962945,5.9110813,3.870433,6.296558
1990-09-18 12:00:00,2.7408473,2.9398572,4.6143208,6.7788496,5.786989,5.9451385
1990-09-19 12:00:00,2.0759459,2.7431576,5.377461,7.003415,7.4099164,6.982619
1990-09-20 12:00:00,3.6041472,3.9020944,6.0824003,6.6626606,7.426149,6.7460184
1990-09-21 12:00:00,2.4431765,3.1580467,6.559521,5.9054313,7.3642926,5.682677
1990-09-22 12:00:00,1.6187521,2.3074014,3.0717256,4.5071554,5.5490313,2.9542222
1990-09-23 12:00:00,1.4225949,1.8210468,3.6766095,2.828438,4.4395337,2.5971985
1990-09-24 12:00:00,2.103141,2.1292262,6.1417866,3.1997812,3.8502893,3.401393
1990-09-25 12:00:00,3.7333915,3.4933302,7.113114,5.085584,4.2911963,4.3030877
1990-09-26 12:00:00,4.052907,3.6707323,7.8527007,4.6324525,5.2447953,4.298746
1990-09-27 12:00:00,2.6582398,2.0319748,5.6206994,2.3817506,7.222832,2.3130736
1990-09-28 12:00:00,1.8336827,1.8042034,6.331122,2.103258,7.683277,2.6246128
1990-09-29 12:00:00,2.6933384,2.5291698,8.021902,3.2071462,7.387217,4.049013
1990-09-30 12:00:00,2.96138,2.3575635,7.6105986,4.8412437,4.610703,3.6068883
1990-10-01 12:00:00,2.6433866,2.0750847,5.8560796,2.86402,4.3288918,1.9929132
1990-10-02 12:00:00,1.766389,1.443368,3.198309,2.9102333,6.867922,1.8841643
1990-10-03 12:00:00,2.5413668,2.8895419,4.2813535,5.5617933,5.661629,4.214985
1990-10-04 12:00:00,3.5119896,3.416079,4.2628126,4.1898723,4.729197,4.3006806
1990-10-05 12:00:00,2.0009577,1.9222699,4.216864,3.9206178,3.7837708,4.2767725
1990-10-06 12:00:00,1.4171556,1.9140573,3.380243,4.6327224,4.0500607,2.8113954
1990-10-07 12:00:00,1.0507468,1.2252971,2.657582,4.00179,3.6400065,1.4377761
1990-10-08 12:00:00,2.547016,2.464229,3.2983143,4.063625,3.2048366,2.3698819
1990-10-09 12:00:00,1.3072724,1.5224795,3.5522838,3.446435,4.445744,3.3237336
1990-10-10 12:00:00,1.5299474,1.7988489,4.417056,6.130062,6.381233,3.2690449
1990-10-11 12:00:00,2.2524688,2.5593183,6.5343556,5.99337,4.7722583,6.875953
1990-10-12 12:00:00,3.4972806,4.3162394,6.9178452,10.790153,7.5279746,7.2538137
1990-10-13 12:00:00,2.4201427,2.7133489,5.519561,8.155941,6.5677533,6.466264
1990-10-14 12:00:00,3.5625665,3.7266605,6.6075225,5.958264,7.303375,5.564381
1990-10-15 12:00:00,3.8935542,3.3765745,7.9356747,4.238702,5.660375,4.9380875
1990-10-16 12:00:00,3.0606015,3.2551043,5.211835,5.6255217,5.5158114,5.1107535
1990-10-17 12:00:00,2.7962904,2.9076278,6.3874893,6.5885496,4.60929,6.2824903
1990-10-18 12:00:00,2.9251308,2.8923037,4.9276776,3.8517694,5.3452992,4.407494
1990-10-19 12:00:00,2.7023137,2.556304,3.878007,2.9584215,3.203078,3.7331848
1990-10-20 12:00:00,0.9084422,1.2720581,3.6947587,6.3747444,5.211123,4.433275
1990-10-21 12:00:00,1.5660665,2.0833008,5.0873685,6.634345,6.977995,5.974244
1990-10-22 12:00:00,4.1987567,3.9801037,6.583073,9.810502,7.609015,7.635173
1990-10-23 12:00:00,2.8420985,2.3799884,3.3295557,4.0408864,10.987299,2.6306658
1990-10-24 12:00:00,2.2694511,2.3789191,4.9624186,3.8131754,7.021966,3.6915507
1990-10-25 12:00:00,1.7807484,2.0175211,5.427918,3.8304756,5.0598106,3.659322
1990-10-26 12:00:00,3.6190956,2.7443018,6.2156386,4.8069983,5.1118727,5.244364
1990-10-27 12:00:00,3.3963106,3.1092014,5.5694084,3.388921,4.130651,4.5253124
1990-10-28 12:00:00,1.6559888,1.8096497,3.455315,5.655387,4.08332,3.6750343
1990-10-29 12:00:00,2.520493,3.124002,5.7950654,8.293657,6.6939244,7.2077446
1990-10-30 12:00:00,3.6391644,4.221228,6.377482,8.739183,7.260655,6.9771533
1990-10-31 12:00:00,4.6633425,4.600053,7.162012,6.579909,5.8006387,7.6628237
1990-11-01 12:00:00,3.224121,3.0255382,6.8889174,7.3959646,8.068683,6.934995
1990-11-02 12:00:00,3.5749807,3.9960487,8.990046,7.510907,8.225491,8.521147
1990-11-03 12:00:00,2.2935464,2.7790532,5.048106,8.935624,9.972459,5.119798
1990-11-04 12:00:00,5.0738263,4.8628473,8.572082,7.619307,8.912834,7.739001
1990-11-05 12:00:00,5.966083,4.924239,8.210023,4.032466,6.0385866,5.5849175
1990-11-06 12:00:00,3.9548893,4.4838014,8.196224,6.7462664,4.0565352,7.274393
1990-11-07 12:00:00,3.2963676,3.4698126,6.2994256,5.1706624,3.8664098,5.0341554
1990-11-08 12:00:00,2.3458824,2.3202755,3.5298638,4.0906615,5.2927537,3.158139
1990-11-09 12:00:00,1.983473,1.8730431,2.3790615,2.7870932,5.5216074,1.7403842
1990-11-10 12:00:00,0.9581811,1.1829699,2.5440717,3.2560942,3.5063536,1.5730623
1990-11-11 12:00:00,1.7915211,1.7496035,3.8222175,2.3657064,5.3909993,1.7374182
1990-11-12 12:00:00,2.1987348,2.0213852,4.9976745,2.966843,8.096436,3.294455
1990-11-13 12:00:00,3.1931133,3.054261,4.2588124,4.627446,5.655349,3.2069743
1990-11-14 12:00:00,1.6524858,1.7028643,4.229012,4.826683,5.238888,3.237182
1990-11-15 12:00:00,3.873182,3.1748998,3.8590071,6.360789,6.1726665,3.0621989
1990-11-16 12:00:00,1.7365599,1.5615447,6.4852033,6.551534,3.5826402,3.8219752
1990-11-17 12:00:00,4.255881,3.9894264,7.3245254,3.9855971,2.7550976,5.8615127
1990-11-18 12:00:00,2.5440784,2.7472765,5.2922864,5.4874125,3.2950184,4.713074
1990-11-19 12:00:00,2.0631797,2.1712606,4.706877,4.1745334,4.5772295,3.1231441
1990-11-20 12:00:00,2.9007692,2.1603022,8.013071,3.9915817,5.3886986,4.551541
1990-11-21 12:00:00,3.247947,2.4561353,6.452648,4.4174266,4.849931,3.3207603
1990-11-22 12:00:00,2.4096217,1.9757454,3.6281958,4.681369,6.4925733,2.3423645
1990-11-23 12:00:00,1.6906362,1.6503412,4.865211,4.4592605,8.53705,3.2967699
1990-11-24 12:00:00,3.1721199,2.9614928,7.8065305,5.8403726,6.08047,5.654447
1990-11-25 12:00:00,2.3617153,2.133094,5.5361085,4.4681067,5.624066,3.4233003
1990-11-26 12:00:00,4.975953,4.103225,8.2937355,8.588733,4.053043,6.9891295
1990-11-27 12:00:00,5.7294965,6.267158,10.303365,8.952429,5.0956354,9.602424
1990-11-28 12:00:00,3.977621,4.5703397,7.6894355,7.0593715,6.043352,7.9116054
1990-11-29 12:00:00,2.592959,3.010606,6.3018475,11.384547,11.03501,8.502612
1990-11-30 12:00:00,2.6973507,3.277807,6.405609,10.883469,13.009176,9.456256
1990-12-01 12:00:00,1.3856008,1.9632858,6.331215,10.909737,12.153958,8.90722
1990-12-02 12:00:00,2.0297265,2.4033427,5.4596496,8.836015,11.418078,6.4653683
1990-12-03 12:00:00,2.864727,3.1461053,6.3295474,9.620459,7.9745526,5.9090557
1990-12-04 12:00:00,2.1301281,2.7365859,3.413856,7.0223227,8.560589,4.42637
1990-12-05 12:00:00,4.0788355,4.945153,8.535815,13.135018,8.533855,9.618051
1990-12-06 12:00:00,3.5851629,3.8272789,8.106383,6.11469,8.255127,6.6482167
1990-12-07 12:00:00,4.0715823,4.086099,8.753953,5.333979,8.107949,7.5760145
1990-12-08 12:00:00,4.3452244,4.1832666,8.224798,7.3039336,6.480839,6.6759377
1990-12-09 12:00:00,5.3964515,5.0020723,8.825846,8.118277,4.850415,7.93
1990-12-10 12:00:00,5.6776304,5.4223113,10.666653,6.9655647,4.6597524,8.467382
1990-12-11 12:00:00,3.6224165,3.7298036,7.0541153,9.273387,6.3146644,6.978932
1990-12-12 12:00:00,3.888862,3.9493234,9.100385,7.6039295,6.1826544,7.194288
1990-12-13 12:00:00,3.2603233,3.9217231,5.7328515,9.223626,7.076454,5.980544
1990-12-14 12:00:00,2.4746976,2.9739795,4.9061174,9.391103,9.621748,6.417077
1990-12-15 12:00:00,5.7876725,5.7974663,11.234709,11.498422,10.864118,10.814733
1990-12-16 12:00:00,6.6986475,6.676807,9.417033,10.5163765,10.446199,8.887116
1990-12-17 12:00:00,2.7724664,3.10264,4.5541277,8.572444,9.715271,4.777495
1990-12-18 12:00:00,1.3737456,1.6772823,4.233676,5.506797,10.915705,3.6062465
1990-12-19 12:00:00,3.2173543,2.3623002,7.2395205,4.0261707,5.1999364,4.3722115
1990-12-20 12:00:00,3.2747838,3.0885446,4.342125,7.745574,5.949847,3.8381033
1990-12-21 12:00:00,2.4850605,2.7652364,5.7667546,7.430998,6.865443,6.368877
1990-12-22 12:00:00,5.1938295,5.110976,8.343645,8.408623,11.230656,7.5963664
1990-12-23 12:00:00,4.196261,4.485928,8.386478,9.053297,7.409282,7.181364
1990-12-24 12:00:00,1.6798496,2.1386054,4.3438444,5.8535604,7.3272943,4.257222
1990-12-25 12:00:00,1.7144552,1.8291223,3.355442,7.9032993,10.963423,4.3183546
1990-12-26 12:00:00,1.902667,2.4677823,5.2637854,8.895595,11.133566,6.419865
1990-12-27 12:00:00,3.376747,3.2959287,5.921977,5.8401184,7.721335,5.5866528
1990-12-28 12:00:00,2.1877315,2.1533415,4.5807986,4.7667017,8.540806,4.0774145
1990-12-29 12:00:00,2.974907,3.5354676,7.29894,11.039758,6.8784847,9.09402
1990-12-30 12:00:00,4.760547,4.744081,7.4005566,10.596732,10.026973,8.020112
1990-12-31 12:00:00,6.434606,6.095823,10.45928,8.83667,7.544869,10.606975
1991-01-01 12:00:00,5.6336184,5.53715,7.9551563,8.409607,6.4082212,8.130428
1991-01-02 12:00:00,3.5931227,3.7323127,5.115804,7.542655,6.2942443,7.320704
1991-01-03 12:00:00,3.0230207,3.7935138,4.516046,7.984866,6.8547316,5.514623
1991-01-04 12:00:00,1.8602831,1.9465219,3.0517666,3.805984,4.347942,2.7716444
1991-01-05 12:00:00,2.9128277,2.8945472,3.9388583,3.358647,3.2585015,3.7344847
1991-01-06 12:00:00,1.843111,2.1929765,4.802889,4.0449615,2.679633,5.41549
1991-01-07 12:00:00,2.0296376,1.8164437,4.234063,4.636836,4.9607615,3.4190543
1991-01-08 12:00:00,1.2649169,2.0218694,6.529855,10.742393,10.966563,8.3907585
1991-01-09 12:00:00,2.4338343,2.9842267,5.4470015,9.34742,11.646318,7.3471594
1991-01-10 12:00:00,3.2980504,3.4813383,7.1621876,8.307708,9.396215,7.653365
1991-01-11 12:00:00,1.8013072,2.3861744,5.8065677,5.133102,8.760127,5.5166645
1991-01-12 12:00:00,1.530773,2.0765784,5.2960005,8.722355,8.358114,6.1726437
1991-01-13 12:00:00,2.8130608,2.527307,5.6165037,8.689961,10.571504,6.765351
1991-01-14 12:00:00,2.9791465,3.0667403,6.149684,9.2648325,14.80586,7.64737
1991-01-15 12:00:00,5.1814594,4.6245165,6.642356,9.289838,12.979746,7.7355595
1991-01-16 12:00:00,3.0884926,2.576069,5.4797854,6.890602,11.268344,6.149932
1991-01-17 12:00:00,2.3636155,3.2002122,5.3488083,11.678544,8.412575,7.847793
1991-01-18 12:00:00,4.467863,5.2280893,8.624527,10.883868,9.542937,9.788143
1991-01-19 12:00:00,3.9738638,4.655134,9.757043,9.682,6.09757,8.587508
1991-01-20 12:00:00,3.0453422,3.4279914,8.231058,5.4477863,5.100479,8.082127
1991-01-21 12:00:00,2.6490192,2.9278965,9.025184,6.028285,4.703225,7.550799
1991-01-22 12:00:00,2.676151,3.0135384,5.654385,8.386333,4.8426166,4.9562874
1991-01-23 12:00:00,4.8164797,4.622876,10.019355,8.690296,4.4853077,8.222282
1991-01-24 12:00:00,4.4846854,4.3174434,7.23466,5.2137794,7.2790446,5.8356795
1991-01-25 12:00:00,2.8572605,3.1018956,4.528025,5.646319,8.2024,3.6699293
1991-01-26 12:00:00,2.0025082,2.3098385,4.0094867,6.116666,5.4976416,4.5999413
1991-01-27 12:00:00,2.7589943,2.7389164,6.1717496,4.578116,6.7329392,3.3680577
1991-01-28 12:00:00,1.6933157,2.114037,5.262788,7.4293246,11.279323,5.2048745
1991-01-29 12:00:00,2.3916957,2.7037451,3.872303,9.361131,9.017344,5.243498
1991-01-30 12:00:00,1.2533889,1.7266042,3.0168002,6.300762,10.046408,1.9326358
1991-01-31 12:00:00,2.4959054,1.9915978,2.6375353,7.028386,13.416857,1.4723699
1991-02-01 12:00:00,1.8215476,1.7507914,3.169486,5.6445675,10.0993395,2.2036443
1991-02-02 12:00:00,1.5987978,1.7512555,3.3707168,4.3099,7.728821,3.390269
1991-02-03 12:00:00,3.0994804,2.4563937,6.1324,3.857528,7.186361,3.502781
1991-02-04 12:00:00,2.906724,2.2131321,7.6909833,4.63845,5.57596,4.0022855
1991-02-05 12:00:00,4.47142,3.6385984,8.200492,7.1110463,7.85202,5.2597957
1991-02-06 12:00:00,4.5519943,3.720862,6.610007,6.9852514,10.537279,4.529885
1991-02-07 12:00:00,2.8366687,2.2704937,6.875106,5.275551,8.734441,3.935224
1991-02-08 12:00:00,2.4896736,2.142481,7.5013704,4.692674,6.3857393,4.7327566
1991-02-09 12:00:00,2.2732785,1.7079549,4.586057,3.48526,5.163499,3.812803
1991-02-10 12:00:00,2.7322645,2.3888614,3.5555768,5.845034,6.849415,3.001585
1991-02-11 12:00:00,4.037459,3.2651691,6.0586305,5.8925843,6.053483,4.008145
1991-02-12 12:00:00,4.093826,3.053959,6.1852245,4.8869095,5.672841,3.4627056
1991-02-13 12:00:00,3.2945926,2.662099,5.497296,3.9304054,4.3694324,3.6776896
1991-02-14 12:00:00,2.4991295,2.1796317,4.4888167,3.3002596,4.713313,2.7070532
1991-02-15 12:00:00,1.6728313,2.0455463,3.053152,3.7427337,6.018679,3.0226855
1991-02-16 12:00:00,3.0249817,2.6899018,4.310869,3.141701,6.3166103,3.3850336
1991-02-17 12:00:00,1.6228409,1.6231737,3.5248327,4.07442,6.435546,2.7937534
1991-02-18 12:00:00,2.1374946,2.5300233,6.9787397,5.5220895,8.426661,5.743922
1991-02-19 12:00:00,3.0480309,2.507164,5.3524513,4.3889093,8.452138,3.3561811
1991-02-20 12:00:00,2.8916364,2.7889125,5.190383,5.9242187,5.9177947,3.8521008
1991-02-21 12:00:00,3.6385717,3.6137953,5.1850643,4.2825217,7.178429,4.105038
1991-02-22 12:00:00,3.2432017,2.3207703,5.4902267,3.1498961,6.5901856,3.1817544
1991-02-23 12:00:00,2.86897,2.4194157,7.4094324,4.643193,4.580519,4.8757195
1991-02-24 12:00:00,4.0251446,4.378542,8.910436,9.192573,6.318515,8.980377
1991-02-25 12:00:00,3.9912152,4.3160496,6.375494,8.879847,9.336824,7.308459
1991-02-26 12:00:00,2.7849627,2.816679,3.5009823,5.1962304,8.615019,3.3871605
1991-02-27 12:00:00,2.231971,2.2807393,5.767076,4.293293,5.541523,4.2399297
1991-02-28 12:00:00,1.951593,2.230359,7.1710305,4.2746987,5.919558,4.5360546
1991-03-01 12:00:00,2.2224417,2.14549,7.058905,4.5900445,6.20941,4.856719
1991-03-02 12:00:00,1.443042,1.665527,6.587093,4.434232,5.288375,5.205488
1991-03-03 12:00:00,1.2142982,1.7460347,6.8760505,5.0937924,4.6673255,5.547576
1991-03-04 12:00:00,1.3134297,1.5732731,6.429884,3.7259905,6.623111,3.8005102
1991-03-05 12:00:00,1.3830377,1.4483992,6.509023,3.6829178,4.8359065,4.036955
1991-03-06 12:00:00,1.8065548,1.4966674,4.9698806,2.7739956,3.9815645,2.9185967
1991-03-07 12:00:00,2.3338206,1.8461285,4.0534043,2.8694427,4.2647667,2.5617564
1991-03-08 12:00:00,2.3984313,2.1396356,6.9609065,4.5179753,4.4558973,4.3482647
1991-03-09 12:00:00,2.5546427,2.8380897,7.905657,7.9037805,4.906123,7.257875
1991-03-10 12:00:00,1.644748,2.1223004,6.520492,6.2740073,5.8485327,6.6171503
1991-03-11 12:00:00,3.1372347,3.218657,5.8685727,8.80466,6.9161677,6.729799
1991-03-12 12:00:00,2.8864584,3.0093424,4.748054,7.655772,5.320078,5.7236814
1991-03-13 12:00:00,2.1717894,2.3395333,4.8227654,4.326171,3.4380064,4.19612
1991-03-14 12:00:00,2.8610725,3.3520648,7.189492,3.7112863,3.308333,5.8892245
1991-03-15 12:00:00,2.021792,2.2735634,4.72933,3.4009933,3.060021,4.0567465
1991-03-16 12:00:00,2.3171601,2.517017,4.7475677,7.43119,8.265826,5.98238
1991-03-17 12:00:00,3.1678581,3.3066192,6.7631397,8.407356,11.047785,8.064922
1991-03-18 12:00:00,1.9003124,2.3119016,4.103024,5.4420524,7.0341773,3.289131
1991-03-19 12:00:00,4.193877,4.2624574,7.8027444,9.800801,10.060922,8.145608
1991-03-20 12:00:00,4.5941796,5.2309647,10.202763,10.729578,7.5299363,10.092133
1991-03-21 12:00:00,4.142802,4.282796,10.212157,6.700456,5.3375845,9.538254
1991-03-22 12:00:00,3.6280024,4.2192793,7.0252914,6.0839233,5.450882,6.5160966
1991-03-23 12:00:00,2.0640054,2.2624724,6.419705,6.626364,3.6574695,5.747323
1991-03-24 12:00:00,2.7912571,3.1698167,4.889573,6.0373893,8.568353,5.2192926
1991-03-25 12:00:00,2.3755627,2.5132713,3.1209934,4.197457,6.8915873,2.832252
1991-03-26 12:00:00,3.745587,4.5132804,6.9430633,11.239021,10.541582,9.4240885
1991-03-27 12:00:00,4.8545365,4.977726,6.5703025,7.9464846,9.513038,6.433849
1991-03-28 12:00:00,4.0902233,4.36494,6.680712,9.2138815,7.742628,8.760138
1991-03-29 12:00:00,3.929014,3.6463573,4.1445007,9.370924,12.061972,6.0379896
1991-03-30 12:00:00,2.0312579,2.6777966,3.1445842,8.292956,15.724591,3.186046
1991-03-31 12:00:00,1.7347329,2.5684679,2.3091571,7.680417,8.281518,2.648432
1991-04-01 12:00:00,2.8198795,2.9435344,3.0537574,8.760347,7.0644608,4.471662
1991-04-02 12:00:00,2.9675856,3.5133529,3.6083856,7.0605245,7.214681,3.528189
1991-04-03 12:00:00,3.6964095,3.9628892,4.978003,9.850027,8.4271555,7.087734
1991-04-04 12:00:00,6.0282087,6.4294033,10.123096,12.986591,7.4779706,11.101302
1991-04-05 12:00:00,6.9797063,7.441693,10.777292,13.880295,5.8669996,11.865074
1991-04-06 12:00:00,4.5663366,5.3222795,7.7429357,11.158715,8.42319,8.196744
1991-04-07 12:00:00,2.0268161,2.1742744,3.2512918,4.751087,7.0714145,2.7231069
1991-04-08 12:00:00,2.0697913,1.7220489,3.317557,3.0528305,7.111914,1.9012789
1991-04-09 12:00:00,2.9579594,2.8452883,4.703307,5.587644,9.912096,3.843438
1991-04-10 12:00:00,4.1609716,3.3358257,5.052103,5.010398,9.252651,3.21064
1991-04-11 12:00:00,2.082183,2.4783158,4.2406483,4.698769,5.587491,2.870044
1991-04-12 12:00:00,2.375337,2.72724,5.930339,5.07097,5.9225154,4.5893855
1991-04-13 12:00:00,2.2314022,2.2309802,4.847732,3.7898571,5.1012254,3.4061213
1991-04-14 12:00:00,4.8272276,4.2703648,6.530481,4.5385294,4.5801497,4.6237235
1991-04-15 12:00:00,4.594517,3.997283,5.7793446,4.2024965,5.587358,4.379622
1991-04-16 12:00:00,3.8683894,2.9760993,4.651075,4.3413587,5.308756,3.034446
1991-04-17 12:00:00,2.6610787,1.99566,3.4645705,4.936233,5.3741326,3.4670396
1991-04-18 12:00:00,1.0761532,1.3611999,3.2595747,5.4699373,5.4008045,3.6364117
1991-04-19 12:00:00,1.645707,1.6067091,3.268669,3.7897103,5.0095553,3.4796007
1991-04-20 12:00:00,2.334191,2.3250523,3.9983435,3.6149404,4.4646173,4.2968597
1991-04-21 12:00:00,2.3311598,2.5958238,3.9868484,4.446986,5.2224536,3.7782621
1991-04-22 12:00:00,4.9922476,4.3445454,5.2737546,5.138656,4.9699473,3.7556627
1991-04-23 12:00:00,4.8907366,4.223785,4.287358,6.5101857,5.097122,3.328262
1991-04-24 12:00:00,4.674509,4.795251,3.9828484,8.925434,8.318049,6.3451653
1991-04-25 12:00:00,3.997831,4.838753,4.9061437,9.073014,10.072215,6.2672567
1991-04-26 12:00:00,2.9107246,3.0884607,3.7681217,6.165039,6.568258,4.612538
1991-04-27 12:00:00,3.9428575,3.4442124,4.613403,4.4966593,4.389517,3.7943695
1991-04-28 12:00:00,5.1183987,4.6449575,7.666014,4.6490836,3.2792232,5.2062607
1991-04-29 12:00:00,5.644192,5.706963,8.593882,6.287032,2.8690538,6.8501062
1991-04-30 12:00:00,4.7696404,4.688922,7.403878,5.753659,3.2962976,6.0039883
1991-05-01 12:00:00,5.5460396,5.248249,7.475708,5.763722,4.6815577,5.1945195
1991-05-02 12:00:00,3.0225751,3.7826135,4.1363297,6.9531713,5.6057673,3.9768643
1991-05-03 12:00:00,1.3772119,1.7792054,3.0549011,5.5150394,6.3339014,2.8910747
1991-05-04 12:00:00,1.5536481,2.078346,2.2858617,5.2609243,6.8025947,3.232018
1991-05-05 12:00:00,3.0946193,3.2865107,5.2181835,5.111103,4.9555397,5.6867375
1991-05-06 12:00:00,3.502313,3.6983798,5.3497944,7.0682263,6.207739,6.530845
1991-05-07 12:00:00,2.3034534,2.4216297,4.82411,5.859376,6.0225425,5.8341904
1991-05-08 12:00:00,1.7456218,2.3120549,2.4880717,3.4821339,3.8192449,2.483083
1991-05-09 12:00:00,2.5386462,2.682073,5.2351284,4.878442,3.4976163,4.8685126
1991-05-10 12:00:00,5.1644716,5.918438,5.9272237,7.5601726,5.220622,5.865169
1991-05-11 12:00:00,2.9139,2.8360677,3.341442,3.450617,4.105142,2.4053826
1991-05-12 12:00:00,2.876521,2.9583623,5.669292,3.9840753,2.9823642,5.397923
1991-05-13 12:00:00,3.7013655,4.0485015,4.417875,5.9550085,4.3874073,5.513226
1991-05-14 12:00:00,2.09412,1.9262234,3.2392135,3.567216,5.13437,3.744211
1991-05-15 12:00:00,3.4267385,3.504585,4.835644,5.254341,5.1018724,3.8070529
1991-05-16 12:00:00,3.6046374,3.8043237,7.3490443,7.123623,7.611737,5.8806076
1991-05-17 12:00:00,2.4438083,3.0948296,6.3830495,4.1840243,9.223882,3.7466407
1991-05-18 12:00:00,2.0545986,2.6014938,5.8526115,2.558256,6.9631777,3.0855758
1991-05-19 12:00:00,2.4627388,2.3239102,3.3053384,4.008208,5.1479354,2.972539
1991-05-20 12:00:00,2.8448098,2.8948913,2.4405806,3.1583045,4.3214016,2.390605
1991-05-21 12:00:00,2.137367,1.988652,2.752606,3.140757,5.7493076,2.2383618
1991-05-22 12:00:00,2.3046691,2.8029003,2.9679236,3.5618339,5.9540896,3.5320013
1991-05-23 12:00:00,2.5421107,3.0571036,3.3789666,4.3738427,4.934822,4.013559
1991-05-24 12:00:00,3.5434284,4.2166767,4.5681767,5.001253,6.444933,4.775993
1991-05-25 12:00:00,2.645041,3.5165374,4.756534,4.5954127,6.192664,4.6437783
1991-05-26 12:00:00,3.7010798,4.347888,5.045,5.6463714,7.8967843,4.1601524
1991-05-27 12:00:00,2.7072046,2.6439123,5.145208,4.8445687,6.3867955,4.2205186
1991-05-28 12:00:00,2.5431578,2.4547215,7.4244585,6.2419252,4.910756,3.4503875
1991-05-29 12:00:00,3.2261462,3.026334,5.4829884,6.958341,6.198572,4.4878273
1991-05-30 12:00:00,5.289767,4.7890196,5.2833633,5.9310007,5.1961,4.2880626
1991-05-31 12:00:00,3.3708558,2.9196959,3.9205132,4.098683,3.4460454,3.1200795
1991-06-01 12:00:00,2.3463461,2.3325112,3.1475632,3.6155,3.4069483,2.679372
1991-06-02 12:00:00,2.6010036,2.6187875,4.461209,3.2309718,3.9359152,4.0920787
1991-06-03 12:00:00,4.802406,4.715384,7.8793235,4.0806656,3.178786,5.594967
1991-06-04 12:00:00,4.6857624,5.0832496,6.669347,6.797678,3.6698284,6.78572
1991-06-05 12:00:00,2.9357378,3.0995977,4.2186384,4.958127,5.829031,5.328224
1991-06-06 12:00:00,1.98529,2.114141,2.8340762,3.216969,6.396884,2.4717634
1991-06-07 12:00:00,2.6059065,3.0996456,3.6651247,6.237065,7.5127687,3.1000338
1991-06-08 12:00:00,3.4213066,3.3987424,5.307719,5.35028,4.8788576,6.0568256
1991-06-09 12:00:00,2.8190613,2.5184662,3.867575,3.244519,4.2161427,3.5952787
1991-06-10 12:00:00,2.3483417,3.1215858,6.7150803,4.705014,3.7375226,6.892207
1991-06-11 12:00:00,3.1005254,3.60727,6.4264507,4.246511,4.855492,6.2919364
1991-06-12 12:00:00,3.1759236,3.450969,5.2630925,3.9183834,4.57811,5.138911
1991-06-13 12:00:00,3.7676024,3.9846346,4.1988373,5.263116,3.1602144,4.1694202
1991-06-14 12:00:00,2.5832303,2.4605398,3.1113963,3.539742,5.141195,2.3667622
1991-06-15 12:00:00,1.842568,2.3637292,4.033531,3.0560489,4.3304935,3.477832
1991-06-16 12:00:00,3.2689328,3.199782,5.633377,3.8536568,3.5537019,4.527627
1991-06-17 12:00:00,3.8831446,4.1654253,5.1273627,5.6742954,3.6338391,5.3265724
1991-06-18 12:00:00,3.06058,2.805497,4.7155495,3.9614222,3.6673915,3.9614785
1991-06-19 12:00:00,1.8512397,1.7336966,4.5670166,3.7387083,4.1870055,2.9986773
1991-06-20 12:00:00,1.4776256,1.576553,3.9334097,3.040774,4.0542765,2.872299
1991-06-21 12:00:00,2.6225083,2.5545878,2.925283,3.5269773,3.84149,3.2339058
1991-06-22 12:00:00,2.7340724,2.381626,3.4088454,3.054757,5.229331,3.0063844
1991-06-23 12:00:00,2.5108275,2.5343728,3.4395032,3.0489812,5.737778,2.5971534
1991-06-24 12:00:00,2.3702347,2.4904435,3.2746851,4.3702874,6.21165,2.5359404
1991-06-25 12:00:00,1.9633489,1.809205,2.705851,4.514934,6.142791,2.2969258
1991-06-26 12:00:00,3.2254725,2.2760262,3.5947602,3.031115,5.4726233,2.9250083
1991-06-27 12:00:00,3.4823818,3.820472,5.3707147,3.9061553,5.3588758,4.946346
1991-06-28 12:00:00,3.3137424,3.622864,4.058588,3.6018472,4.548254,3.573378
1991-06-29 12:00:00,2.6949196,2.3782043,3.0828254,2.4909878,3.1151524,2.070059
1991-06-30 12:00:00,1.8111295,2.1282978,4.4160037,2.936929,3.155905,2.4867947
1991-07-01 12:00:00,2.1694653,2.4937286,5.0057173,4.2531857,4.772303,3.680731
1991-07-02 12:00:00,3.585949,3.2259982,3.4333766,4.521745,6.464558,2.370982
1991-07-03 12:00:00,3.0805826,3.0588474,3.8687303,4.8781734,5.7148857,2.2786326
1991-07-04 12:00:00,2.3502712,2.7373216,5.0950704,4.195684,5.056237,3.80592
1991-07-05 12:00:00,2.3613129,2.0412946,3.8436422,4.124796,3.445701,2.5682263
1991-07-06 12:00:00,4.0391517,3.3961692,5.213665,5.494842,3.5342424,4.2480702
1991-07-07 12:00:00,2.4645014,2.5164006,3.898399,6.145117,3.8820012,3.4336352
1991-07-08 12:00:00,2.29753,2.5811346,3.051855,6.9068604,4.730839,3.5518916
1991-07-09 12:00:00,2.2548351,2.25548,2.3580396,6.001191,5.094296,2.1012342
1991-07-10 12:00:00,2.1638446,2.1244977,2.658839,3.6616826,4.2532167,2.1671362
1991-07-11 12:00:00,1.839879,1.8365707,3.276634,4.1942925,6.441666,2.5529203
1991-07-12 12:00:00,1.7826191,2.118746,1.8603141,3.743301,9.249678,2.5827594
1991-07-13 12:00:00,3.2559128,2.6221364,2.8633015,2.4911177,6.2888174,1.9836138
1991-07-14 12:00:00,1.2009118,1.5465281,2.5077143,2.1302826,3.2022905,2.0277987
1991-07-15 12:00:00,1.3097453,1.7251415,3.5578396,2.5637248,3.3490493,2.5388367
1991-07-16 12:00:00,3.0649436,2.7700317,5.1879787,3.3363101,3.0930142,4.0593505
1991-07-17 12:00:00,3.5065103,3.6486802,4.159866,4.9228754,5.6659975,4.569527
1991-07-18 12:00:00,3.2308102,3.0182602,4.934418,5.1718483,6.5962725,4.1087813
1991-07-19 12:00:00,4.023627,3.6718063,6.1761956,6.3234115,5.011358,6.8511205
1991-07-20 12:00:00,2.7660632,3.0016403,3.4549031,6.1704855,2.97806,5.4931145
1991-07-21 12:00:00,2.0377831,2.4885507,4.5446105,5.4744897,2.861678,4.2197795
1991-07-22 12:00:00,2.7576385,2.573412,4.1199446,4.831084,3.9367182,2.800643
1991-07-23 12:00:00,2.129691,2.407032,3.3969793,3.5701656,4.604888,2.8170402
1991-07-24 12:00:00,3.7637212,2.9467313,5.0891438,3.384918,4.0097938,4.119718
1991-07-25 12:00:00,3.2318263,3.0851126,4.095992,3.269746,3.8905077,3.5204535
1991-07-26 12:00:00,3.6640556,4.040571,5.96799,5.1183305,4.3938594,4.21379
1991-07-27 12:00:00,5.372306,4.7031717,7.488727,5.580676,5.617489,7.5109277
1991-07-28 12:00:00,5.2881618,4.9700074,7.779692,5.1832604,5.180588,7.2444267
1991-07-29 12:00:00,4.257472,4.435353,7.850089,5.7809787,2.9859338,7.281755
1991-07-30 12:00:00,3.0259876,3.21011,3.7749205,5.2867126,4.5243616,3.5138364
1991-07-31 12:00:00,2.7820854,2.9248288,3.2379832,3.9885442,4.7432747,3.699817
1991-08-01 12:00:00,4.212435,4.493147,5.0877194,5.840088,4.490199,5.4648867
1991-08-02 12:00:00,2.2867572,2.3046548,7.62457,5.4294553,6.704731,7.0084453
1991-08-03 12:00:00,1.9735888,2.4937687,7.3989854,3.730357,7.5104537,6.164328
1991-08-04 12:00:00,2.621189,3.0940802,4.4245167,4.356248,7.6058955,4.1619463
1991-08-05 12:00:00,1.9744263,2.3464506,3.4059498,3.7646291,6.1662855,2.3004897
1991-08-06 12:00:00,2.0028553,1.8918778,2.8429503,3.6164844,5.438525,2.8189907
1991-08-07 12:00:00,2.3689997,2.2660644,3.7604346,3.9204116,4.954754,3.5038364
1991-08-08 12:00:00,3.2172804,2.994702,3.9217248,3.8384912,3.8100233,4.272136
1991-08-09 12:00:00,3.0624154,2.9850233,4.335237,3.488817,3.176378,3.1831174
1991-08-10 12:00:00,3.087513,3.3365865,4.722442,4.0657444,3.5673919,3.5023365
1991-08-11 12:00:00,1.8004183,1.923748,2.9549477,4.2995715,4.0047994,3.3497608
1991-08-12 12:00:00,2.6891773,3.1915488,5.0536714,5.578908,3.680154,6.9130826
1991-08-13 12:00:00,3.87901,4.5123787,6.329356,6.5967913,4.649011,7.236161
1991-08-14 12:00:00,3.500537,3.5261223,4.582544,4.7584248,5.7635336,5.0964375
1991-08-15 12:00:00,1.6180438,2.01093,3.1542294,4.541295,4.2475986,5.083665
1991-08-16 12:00:00,4.6188655,4.946106,6.955609,4.720296,5.011615,4.8918886
1991-08-17 12:00:00,3.8779554,4.419225,6.387126,8.010686,6.2592936,6.393567
1991-08-18 12:00:00,1.5414455,1.6531866,2.6223023,5.707423,6.395104,3.2504559
1991-08-19 12:00:00,2.0056689,2.5458052,4.475166,4.382391,4.7022033,4.9525967
1991-08-20 12:00:00,3.6843383,3.9899652,7.187857,5.9763293,4.1272783,7.1667833
1991-08-21 12:00:00,2.2528555,2.4891517,3.2772367,6.411046,4.287986,3.33575
1991-08-22 12:00:00,1.2569863,1.3873163,2.8615146,4.1537986,5.3678603,3.3510187
1991-08-23 12:00:00,3.149204,3.0885165,4.8804173,6.7588987,4.9946313,6.290676
1991-08-24 12:00:00,4.8002954,4.2371655,5.5967565,4.9844785,6.1687875,4.5064178
1991-08-25 12:00:00,5.7106514,5.5561447,9.38079,7.4921417,6.1874657,10.485008
1991-08-26 12:00:00,5.8262243,6.2056913,8.040759,12.115804,9.623476,10.1655655
1991-08-27 12:00:00,4.347372,4.574387,7.087424,8.874283,4.9041038,6.9477363
1991-08-28 12:00:00,3.8302028,3.6573434,4.5418906,7.0569897,6.0763144,4.1847453
1991-08-29 12:00:00,4.769208,4.425235,8.410888,6.0946,6.7699475,6.0066013
1991-08-30 12:00:00,5.637169,5.2013297,9.660894,5.5268545,9.72282,7.7178817
1991-08-31 12:00:00,3.181396,3.6789265,5.0168757,6.756867,8.418257,5.0187635
1991-09-01 12:00:00,5.112745,5.001152,6.1929646,6.803621,6.438365,6.290019
1991-09-02 12:00:00,2.6501937,2.7123983,4.3730845,3.847153,6.7771826,3.300917
1991-09-03 12:00:00,1.8264688,1.7860111,4.307207,3.6327453,4.9555483,3.7834702
1991-09-04 12:00:00,3.687919,3.626955,6.4910107,6.5430264,4.816327,6.3323283
1991-09-05 12:00:00,4.909069,5.116677,7.9843273,11.094551,9.594252,9.159605
1991-09-06 12:00:00,3.8925207,4.5126705,5.218702,10.3232565,7.4591293,6.602796
1991-09-07 12:00:00,3.4709272,3.2591221,6.483169,7.051337,5.5827236,5.784321
1991-09-08 12:00:00,2.9863944,2.9616318,4.5193872,7.0889907,4.637943,4.3845477
1991-09-09 12:00:00,1.2950234,1.3593934,3.1120582,3.5336444,2.9238148,4.0368023
1991-09-10 12:00:00,3.720037,4.0128255,6.400494,6.946957,5.3363585,6.565017
1991-09-11 12:00:00,3.5669565,3.2532637,6.6411567,4.3718204,6.676895,5.8051467
1991-09-12 12:00:00,3.781052,4.135152,7.4670486,5.1449733,5.342876,6.0135446
1991-09-13 12:00:00,3.7571652,4.093724,6.4504232,6.1892076,6.865975,4.9389205
1991-09-14 12:00:00,3.0018532,3.205613,6.1649404,6.248234,6.58641,4.6646876
1991-09-15 12:00:00,2.6099439,3.0602913,4.8874393,8.324087,7.2464657,5.609694
1991-09-16 12:00:00,5.4512887,5.6566257,8.312198,10.288641,7.2878847,9.602456
1991-09-17 12:00:00,6.0787625,6.4560666,9.653505,11.054083,7.905707,9.960547
1991-09-18 12:00:00,4.291635,4.847926,7.0210075,8.515785,8.361707,6.6880984
1991-09-19 12:00:00,3.227882,3.54223,5.4162107,7.554194,6.900843,5.9142704
1991-09-20 12:00:00,3.9233887,3.986879,6.6404085,10.301663,7.599468,8.084381
1991-09-21 12:00:00,5.0594673,5.149418,6.907834,8.561808,10.900194,7.3057365
1991-09-22 12:00:00,4.4872217,3.0579476,3.4502304,3.9718344,6.4396353,2.0558205
1991-09-23 12:00:00,2.71667,2.5852,3.5346794,2.798594,4.308489,2.0849154
1991-09-24 12:00:00,3.1561701,3.0570648,3.8459206,4.1299467,6.3547344,3.118836
1991-09-25 12:00:00,3.8356566,3.7637198,4.2904634,4.7364492,7.172712,3.589459
1991-09-26 12:00:00,2.8221583,3.3693304,5.0892205,4.2742853,5.667946,4.297949
1991-09-27 12:00:00,1.877152,2.0290759,6.013746,2.925418,3.2921286,3.470485
1991-09-28 12:00:00,1.7366056,1.4615822,6.0262485,3.3734884,5.2611547,3.3827863
1991-09-29 12:00:00,2.9753275,2.690842,6.7151494,4.5302396,4.287043,4.207447
1991-09-30 12:00:00,2.7492206,3.1753685,7.8894143,5.0552497,5.8389826,4.7380633
1991-10-01 12:00:00,3.6386225,3.5468357,7.028945,4.280363,6.5046487,5.867073
1991-10-02 12:00:00,4.1318007,3.5170932,6.446839,6.6798716,6.2582254,5.7114034
1991-10-03 12:00:00,3.1373634,2.5278215,5.1273875,4.5717635,6.547038,4.475044
1991-10-04 12:00:00,1.6197299,2.093434,3.4222894,5.3310556,11.311891,3.723688
1991-10-05 12:00:00,1.5363002,1.778473,4.281757,3.5430868,9.053082,3.0061347
1991-10-06 12:00:00,1.2906533,1.881516,2.1488109,5.601917,6.3788977,2.2367408
1991-10-07 12:00:00,1.8291855,2.3092232,2.1485634,7.4298153,10.381438,2.0008698
1991-10-08 12:00:00,2.1104395,1.9114119,4.5469227,5.9065704,11.577041,2.921726
1991-10-09 12:00:00,1.9375986,1.6040394,5.1702213,3.707218,8.330514,2.500979
1991-10-10 12:00:00,1.7839277,1.5286207,3.8987541,3.3784702,5.690402,1.4557103
1991-10-11 12:00:00,1.36388,1.993559,3.6958604,7.965373,10.79133,4.6633067
1991-10-12 12:00:00,2.7865283,3.629819,4.6153665,10.1964445,13.075244,6.746924
1991-10-13 12:00:00,2.7500293,3.327128,4.282157,6.6822305,7.838433,6.3505235
1991-10-14 12:00:00,3.7290423,3.8533585,6.227215,6.22941,5.024924,7.4389725
1991-10-15 12:00:00,4.130224,3.8959901,5.6410737,7.745137,8.83558,7.0629787
1991-10-16 12:00:00,3.66916,4.018313,6.9245796,7.9476285,7.0585513,7.9427304
1991-10-17 12:00:00,3.9472046,4.4904904,6.4182844,5.9532843,7.439085,6.079036
1991-10-18 12:00:00,3.375605,3.6251261,5.8966446,4.2172585,6.0133505,5.472221
1991-10-19 12:00:00,4.483652,4.4389334,9.272516,9.380935,7.4843965,8.511447
1991-10-20 12:00:00,4.0629797,4.503957,7.024334,10.400443,7.9346857,7.890502
1991-10-21 12:00:00,2.2490246,2.9665322,3.393505,5.2339587,5.411397,4.0528316
1991-10-22 12:00:00,3.7213326,3.7007086,6.5924373,8.156123,6.973783,8.045227
1991-10-23 12:00:00,3.8108609,4.0862093,5.8963885,9.98168,10.304164,7.311087
1991-10-24 12:00:00,4.6412067,4.9243674,7.7588096,11.146668,6.5824256,9.151939
1991-10-25 12:00:00,4.7672358,5.314941,9.430706,9.83544,7.7609944,8.602162
1991-10-26 12:00:00,2.4118247,2.7149463,3.9920537,7.550868,8.247263,3.4348707
1991-10-27 12:00:00,3.1691082,3.861316,8.321179,9.356023,5.49355,8.342393
1991-10-28 12:00:00,5.1686635,4.9659705,9.210312,11.264098,7.762985,10.117175
1991-10-29 12:00:00,4.5713058,4.522338,8.128514,9.364058,7.1883225,7.5913854
1991-10-30 12:00:00,4.6211705,3.5654058,8.080249,3.4510186,6.5186915,4.791199
1991-10-31 12:00:00,3.6958961,3.4873493,7.4106007,6.7093735,6.7082887,6.717233
1991-11-01 12:00:00,7.2756395,7.313717,11.360398,12.213426,8.16368,11.035254
1991-11-02 12:00:00,3.8261845,4.4069176,8.4263735,12.557367,11.11808,8.339393
1991-11-03 12:00:00,3.6250548,3.971867,7.7578864,8.426854,9.596995,7.113712
1991-11-04 12:00:00,6.1770053,6.063005,11.321665,12.347344,8.952166,11.422413
1991-11-05 12:00:00,4.8185296,4.766963,8.044627,9.284927,7.551255,7.6828475
1991-11-06 12:00:00,3.2174263,3.5855086,5.8893933,7.3227186,5.5511394,6.9500136
1991-11-07 12:00:00,7.2764707,7.058928,9.561005,8.821749,6.627126,8.596821
1991-11-08 12:00:00,3.3241832,3.2540643,4.7535605,8.1947775,9.254189,4.7907915
1991-11-09 12:00:00,3.5861835,3.8385842,6.9015718,11.678917,8.392593,9.189289
1991-11-10 12:00:00,6.570648,6.357989,10.085595,12.727921,9.476392,11.52097
1991-11-11 12:00:00,6.5221863,6.2585216,9.312085,9.985918,8.684003,9.457889
1991-11-12 12:00:00,3.0954142,3.1109354,5.203124,3.6617692,6.391796,3.3971782
1991-11-13 12:00:00,2.7147286,2.7399812,5.3681903,8.873378,9.006348,7.2076755
1991-11-14 12:00:00,5.146849,5.220967,8.29735,9.30806,13.971669,10.387279
1991-11-15 12:00:00,4.3708696,4.6543446,6.9606905,9.78846,8.103331,8.086066
1991-11-16 12:00:00,1.5791532,1.9792726,2.8185034,6.6574583,9.712206,2.716379
1991-11-17 12:00:00,1.4702194,1.9576628,3.470514,6.878662,8.203743,5.432922
1991-11-18 12:00:00,3.5393395,3.7007399,6.0767245,10.324926,10.091829,7.440386
1991-11-19 12:00:00,5.396813,5.183206,8.471918,10.857881,12.371438,8.389483
1991-11-20 12:00:00,3.365768,3.259789,7.2066565,9.294285,11.92838,6.2796993
1991-11-21 12:00:00,2.3032215,2.4319615,5.7883515,6.6470814,8.381342,5.763033
1991-11-22 12:00:00,2.7842999,2.5994086,3.5521176,5.321133,5.116224,3.8227699
1991-11-23 12:00:00,3.228168,3.1707513,4.2573214,4.4423656,6.373296,3.5092201
1991-11-24 12:00:00,2.4863367,2.9188766,7.037213,8.249424,6.530495,7.5336437
1991-11-25 12:00:00,2.9002345,3.3918927,8.687074,8.5026865,8.619964,8.436908
1991-11-26 12:00:00,3.9002738,5.3486247,9.256042,13.191586,6.216838,10.873443
1991-11-27 12:00:00,6.241003,6.718288,8.911758,9.060051,5.1003294,8.541835
1991-11-28 12:00:00,2.6539145,2.9720943,6.3117585,7.932821,6.9904137,6.8351984
1991-11-29 12:00:00,5.7266974,5.4189487,8.196126,8.481148,9.723315,7.338461
1991-11-30 12:00:00,3.7416255,3.8162136,7.2154784,8.394147,7.6882443,5.9898925
1991-12-01 12:00:00,2.546385,3.238672,4.695749,11.555561,11.611241,6.960549
1991-12-02 12:00:00,3.684443,4.539568,6.340126,12.782815,12.955911,8.911664
1991-12-03 12:00:00,3.678605,3.898284,6.397138,9.680279,13.44574,7.306047
1991-12-04 12:00:00,3.7594416,3.964929,6.3826194,9.49963,11.325034,6.403711
1991-12-05 12:00:00,3.4998574,3.880308,5.4068985,7.6342607,8.317019,6.3368726
1991-12-06 12:00:00,1.5974444,1.8357018,6.877034,4.5070734,5.433032,6.0452733
1991-12-07 12:00:00,3.6896458,2.9337869,5.1128974,4.957465,4.6029835,4.747297
1991-12-08 12:00:00,6.2349505,5.222858,10.470346,5.260878,4.7300377,7.5778885
1991-12-09 12:00:00,4.8513107,3.8650367,7.7169714,4.979256,6.0115705,4.412045
1991-12-10 12:00:00,2.454197,2.4904742,6.0835233,6.4444685,5.715386,4.9264836
1991-12-11 12:00:00,2.61242,2.3751497,4.7810345,5.674512,4.6624403,3.8096416
1991-12-12 12:00:00,3.772058,3.2271626,8.726301,6.1163654,7.045937,6.161134
1991-12-13 12:00:00,3.8963149,3.7930934,5.7143207,6.96875,5.5422034,5.535334
1991-12-14 12:00:00,3.8158944,3.649495,8.284797,5.036251,3.6668038,7.3423758
1991-12-15 12:00:00,2.206542,2.5823827,5.97457,5.3796215,4.8545356,5.3853145
1991-12-16 12:00:00,3.7437403,3.1984384,6.9038377,7.852427,5.890998,6.3497157
1991-12-17 12:00:00,2.636593,2.6538668,6.139827,5.4193163,7.2690377,4.8211474
1991-12-18 12:00:00,2.7299995,3.3380134,8.904426,4.913152,6.996089,5.6028175
1991-12-19 12:00:00,2.0002084,2.3087218,4.918706,4.561219,6.398612,4.134529
1991-12-20 12:00:00,4.0506535,3.7403314,6.6220775,7.2312717,8.398301,4.4058294
1991-12-21 12:00:00,3.5893521,3.6271093,6.2962737,9.788211,10.63393,6.5598474
1991-12-22 12:00:00,1.8449463,2.1596859,5.5418153,8.237033,8.483104,4.744754
1991-12-23 12:00:00,3.0327601,3.3531287,6.535272,7.8593397,9.422293,5.9410977
1991-12-24 12:00:00,3.1450348,3.0325468,5.0983624,4.28575,5.7024436,3.6127405
1991-12-25 12:00:00,2.5786655,2.5101295,6.275439,5.4674783,5.1714363,5.8637013
1991-12-26 12:00:00,1.6971797,1.8094844,3.964165,3.5521054,5.698619,3.1701925
1991-12-27 12:00:00,1.1283627,1.4867643,4.1670513,5.0148706,7.365977,2.7724743
1991-12-28 12:00:00,2.34932,2.0589905,8.2183275,7.100742,10.131771,5.155066
1991-12-29 12:00:00,5.9148326,5.208903,9.394708,8.932463,9.730044,7.8256974
1991-12-30 12:00:00,4.560183,4.388535,7.207721,8.027841,9.628631,5.5374384
1991-12-31 12:00:00,4.1201158,3.127461,5.6215906,6.6181283,7.838439,4.708824
1992-01-01 12:00:00,4.3475986,3.4144492,5.4352136,4.152695,5.402488,3.7945533
1992-01-02 12:00:00,4.601728,3.8634665,7.7530193,5.8575416,5.0610204,5.4135323
1992-01-03 12:00:00,4.392573,3.9346437,9.804059,7.320151,6.604782,6.7451105
1992-01-04 12:00:00,5.8897953,5.537866,11.158914,9.074137,6.8313084,8.068336
1992-01-05 12:00:00,6.496841,6.245538,8.775871,9.575695,8.138089,6.693405
1992-01-06 12:00:00,4.6543183,3.9802706,5.6471405,7.1095853,7.6910744,3.9897056
1992-01-07 12:00:00,3.2092006,2.7762184,4.206114,5.305799,6.04923,2.63327
1992-01-08 12:00:00,3.7469544,3.283275,7.255955,5.1049457,5.332994,4.996496
1992-01-09 12:00:00,3.4166715,2.701532,8.126367,4.6727543,4.1246543,5.058334
1992-01-10 12:00:00,2.0159607,1.8955562,7.302438,4.1589856,5.187677,3.9301608
1992-01-11 12:00:00,3.0218523,2.3926034,9.899166,6.279711,7.3415303,6.4516144
1992-01-12 12:00:00,4.3203554,4.5235224,14.203091,9.862689,10.613361,10.862148
1992-01-13 12:00:00,5.562075,6.0923533,11.342439,12.49523,10.378826,11.262957
1992-01-14 12:00:00,4.417159,4.025454,8.142699,7.096985,7.4064884,6.862582
1992-01-15 12:00:00,2.811329,3.5692067,8.337743,5.7712774,4.850071,6.5759535
1992-01-16 12:00:00,2.6334333,2.8038816,6.51222,5.415205,7.2543993,6.5097485
1992-01-17 12:00:00,4.4067864,4.4141335,8.133641,8.058173,7.221,8.463468
1992-01-18 12:00:00,5.638345,5.579945,9.16744,8.892741,9.796301,8.48565
1992-01-19 12:00:00,3.5243993,3.3377845,6.9739757,6.551118,8.764633,6.2281075
1992-01-20 12:00:00,2.345226,2.4224465,4.79575,6.137138,8.947324,4.546881
1992-01-21 12:00:00,1.4438292,1.7291977,3.917126,6.233059,8.438475,5.1184697
1992-01-22 12:00:00,3.8580065,4.02146,8.25122,8.432105,8.023994,8.487803
1992-01-23 12:00:00,4.309279,4.2010803,6.086611,7.67181,8.961312,5.885902
1992-01-24 12:00:00,3.4699445,3.8570836,8.90545,8.683648,8.508856,9.530391
1992-01-25 12:00:00,3.1056688,3.2041624,5.9838314,7.84304,7.249414,5.590667
1992-01-26 12:00:00,1.4428514,2.021253,4.099393,6.228085,5.2248783,4.3285446
1992-01-27 12:00:00,2.8759782,2.6955962,8.4674225,6.220202,5.4702168,7.11025
1992-01-28 12:00:00,4.896893,5.1436477,7.6087236,8.54574,6.8044815,7.141611
1992-01-29 12:00:00,3.944928,3.734459,6.0655403,8.122104,8.294976,4.598496
1992-01-30 12:00:00,1.9803209,1.9222718,4.770192,6.0647,7.76666,4.353267
1992-01-31 12:00:00,3.838341,4.086588,8.492458,9.535048,7.8013706,8.349386
1992-02-01 12:00:00,3.238609,2.8924751,6.281116,5.5921984,8.099463,4.571494
1992-02-02 12:00:00,2.5183973,2.5832682,6.6476555,5.3977513,6.822448,5.1574597
1992-02-03 12:00:00,3.2203,3.8723397,8.722564,8.061635,5.6047473,8.076933
1992-02-04 12:00:00,4.0484324,4.4423084,9.301886,10.231895,6.567108,9.130206
1992-02-05 12:00:00,5.673449,5.801607,10.581587,11.988506,8.592075,11.344746
1992-02-06 12:00:00,3.0532885,3.4611106,7.2977524,8.9988165,7.2060146,5.0865293
1992-02-07 12:00:00,4.139353,4.1349483,10.295326,4.9200253,5.4798164,6.5406513
1992-02-08 12:00:00,3.0953927,3.4072816,4.0471992,5.649605,4.2444787,3.5286858
1992-02-09 12:00:00,3.318668,3.6222906,6.229994,5.626945,4.9471016,5.941932
1992-02-10 12:00:00,2.367873,2.8128695,4.5940433,5.4365764,4.858471,4.4807334
1992-02-11 12:00:00,3.2816725,3.836513,7.995587,8.438039,5.9862165,7.0726233
1992-02-12 12:00:00,4.344413,4.726453,6.006644,7.4401755,4.529218,5.9992886
1992-02-13 12:00:00,4.535062,3.8854082,6.7238207,3.6188495,5.03033,4.7966037
1992-02-14 12:00:00,1.6903266,1.8549497,2.6553674,4.3441544,7.186704,2.4252183
1992-02-15 12:00:00,3.4418545,3.800236,6.202269,9.959873,10.655925,7.2179227
1992-02-16 12:00:00,3.534758,3.6171436,5.9211845,8.150314,12.847884,5.256674
1992-02-17 12:00:00,3.4341154,3.9121528,6.9579306,12.05641,11.818943,9.018909
1992-02-18 12:00:00,6.706722,6.463548,9.176118,11.720586,12.813105,9.104399
1992-02-19 12:00:00,6.51423,5.9694853,10.8896885,7.945328,10.404953,7.9803824
1992-02-20 12:00:00,3.4561381,4.0810175,7.229353,10.205339,8.319615,6.267119
1992-02-21 12:00:00,3.4415267,3.7288213,8.337425,9.813144,10.041187,7.622962
1992-02-22 12:00:00,2.025656,2.2647252,5.2487483,6.407167,7.8624854,4.315526
1992-02-23 12:00:00,4.0994744,4.305492,10.579333,8.383515,4.527207,9.886029
1992-02-24 12:00:00,3.3433325,4.3604965,12.526347,7.476708,4.7861533,11.751631
1992-02-25 12:00:00,4.8354177,5.7295027,10.927276,8.019831,5.8403244,10.172117
1992-02-26 12:00:00,4.2607303,4.322223,6.569015,5.7419367,4.719966,5.519948
1992-02-27 12:00:00,3.1391127,3.7438352,5.4093013,7.649728,5.8858485,5.0345645
1992-02-28 12:00:00,2.8037183,3.175623,5.100004,5.330086,4.700919,5.260756
1992-02-29 12:00:00,1.8042088,2.3694603,5.6385007,7.5998445,8.2077875,5.4277654
1992-03-01 12:00:00,1.8254449,2.4307475,5.5755677,6.343416,6.747,5.8807416
1992-03-02 12:00:00,4.2472672,4.149417,7.887195,7.5155015,9.817713,6.66091
1992-03-03 12:00:00,2.699757,2.7821424,6.010911,6.0912356,9.56175,4.9578514
1992-03-04 12:00:00,2.560411,2.712859,8.132285,6.7123384,8.00048,5.962875
1992-03-05 12:00:00,3.1295316,2.897475,7.1084447,6.12792,7.4319973,6.2998548
1992-03-06 12:00:00,3.9870362,4.2965407,9.646641,7.011602,5.274537,8.312394
1992-03-07 12:00:00,2.7656107,2.8417816,3.6568344,5.987676,6.219776,4.163027
1992-03-08 12:00:00,3.6023126,3.3552155,6.2319903,10.225044,10.77234,7.5075355
1992-03-09 12:00:00,0.90764654,1.3112308,3.4872813,6.5140753,6.178501,4.6262665
1992-03-10 12:00:00,1.6312863,2.20831,3.9194582,8.520958,6.872163,6.4212627
1992-03-11 12:00:00,2.2028482,2.2639523,4.678474,7.7696013,7.290662,6.495157
1992-03-12 12:00:00,2.796069,2.2019324,4.96814,6.899753,7.9116597,5.8301096
1992-03-13 12:00:00,1.8479706,1.7438315,5.2080817,5.452587,7.3306074,4.814639
1992-03-14 12:00:00,1.4730769,1.5728453,5.8645678,3.51797,7.567152,3.8587034
1992-03-15 12:00:00,2.2112057,2.549195,7.204926,5.2996364,5.83737,6.058821
1992-03-16 12:00:00,4.638974,4.8931146,7.9250827,9.353214,7.92138,8.662544
1992-03-17 12:00:00,2.0344913,2.2662566,3.4982526,7.499275,6.5693684,3.6045122
1992-03-18 12:00:00,1.7041857,2.2240915,2.8137496,4.9940686,6.418203,2.6207688
1992-03-19 12:00:00,2.9128602,2.6308634,2.9104714,3.1726654,5.673761,2.0634022
1992-03-20 12:00:00,2.8029442,2.3549275,3.3955007,4.0803275,5.393982,1.7253213
1992-03-21 12:00:00,2.6668766,1.9420108,4.9220433,4.2945642,10.342641,2.732601
1992-03-22 12:00:00,2.053187,1.5923585,4.6087127,2.1833718,8.054836,2.348356
1992-03-23 12:00:00,1.6896224,1.6180911,3.6318514,2.3159153,6.175721,2.2822053
1992-03-24 12:00:00,2.067307,1.8114924,4.0034847,2.5519888,6.600282,2.5524044
1992-03-25 12:00:00,1.775996,1.5474173,4.15746,3.582699,4.415965,2.6943681
1992-03-26 12:00:00,2.2520664,2.1313941,3.7149599,4.3908653,4.107842,2.5193174
1992-03-27 12:00:00,3.2333548,2.7909396,4.7379518,3.923531,5.4723988,2.7734547
1992-03-28 12:00:00,3.1291494,2.8145516,5.895014,3.7187667,6.63488,3.497321
1992-03-29 12:00:00,3.6482105,3.111019,6.1533003,3.5868,7.1782417,3.7096212
1992-03-30 12:00:00,4.4627547,4.1537657,6.6985693,4.8028665,3.161441,4.658886
1992-03-31 12:00:00,2.7198386,3.115384,4.868592,5.0301294,5.319808,3.3539822
1992-04-01 12:00:00,2.78215,2.4481833,3.7164352,3.3992116,3.4291792,2.9130826
1992-04-02 12:00:00,3.6004786,3.2948022,6.1499114,4.670385,4.9821677,4.097464
1992-04-03 12:00:00,4.030576,3.9823005,8.673435,6.05753,6.4037023,6.3418055
1992-04-04 12:00:00,2.779543,2.977687,7.461092,5.3124633,7.3037148,5.990364
1992-04-05 12:00:00,2.0021002,2.111168,5.9444404,3.9614022,6.5713863,4.4797063
1992-04-06 12:00:00,1.1802539,1.2670937,5.1486354,3.3053205,5.3065805,3.5378702
1992-04-07 12:00:00,2.3837523,2.533868,6.374786,4.6426463,6.872629,3.791206
1992-04-08 12:00:00,2.2971785,2.5089812,7.0316377,3.5865486,4.286055,4.076932
1992-04-09 12:00:00,1.0432723,1.2593539,4.1303844,1.9880941,3.3823767,2.1153786
1992-04-10 12:00:00,1.0182077,1.1000884,3.1001608,1.752277,5.7028546,1.7409167
1992-04-11 12:00:00,1.4639895,1.7708302,3.1084805,3.0039084,5.1832385,3.088513
1992-04-12 12:00:00,1.1258844,1.3583994,4.0263686,3.516897,4.0268326,3.6122265
1992-04-13 12:00:00,2.4741237,2.436462,4.9512753,4.5048532,5.827358,4.6249113
1992-04-14 12:00:00,3.3634565,3.0267484,5.6915064,3.5421355,7.384707,4.320781
1992-04-15 12:00:00,3.4455845,2.970157,4.9387727,5.4319744,4.359756,4.747547
1992-04-16 12:00:00,2.7921104,2.7040176,6.5397706,4.342928,3.1116326,4.917055
1992-04-17 12:00:00,2.9523385,3.5348961,5.8276863,6.2802863,4.0343,4.9855037
1992-04-18 12:00:00,4.695847,5.1753187,7.6034575,8.4238405,7.4768147,7.2377434
1992-04-19 12:00:00,3.9683943,4.6957235,4.3802524,6.6328845,10.93244,3.7054248
1992-04-20 12:00:00,6.51922,7.162644,8.265466,10.600308,9.514852,7.8769803
1992-04-21 12:00:00,5.502486,5.520563,5.8131657,6.8079286,5.079719,4.911134
1992-04-22 12:00:00,1.9532586,1.9552528,3.3003044,3.3121874,5.187512,3.0947304
1992-04-23 12:00:00,2.6698778,2.6704698,2.8866818,4.694107,5.121046,3.0692627
1992-04-24 12:00:00,3.669595,2.9794188,4.4141116,3.692571,4.6218925,4.3652997
1992-04-25 12:00:00,2.2861896,2.199273,3.4193194,2.567585,5.3614388,3.3354838
1992-04-26 12:00:00,2.7375875,2.8170803,2.5032797,2.6470392,4.85248,2.7958603
1992-04-27 12:00:00,2.4204786,2.1584222,3.4129739,4.263648,6.739458,2.7779593
1992-04-28 12:00:00,1.3640891,2.2148275,3.3588157,6.130897,6.4345174,3.6273398
1992-04-29 12:00:00,4.894826,4.2699018,6.0595737,5.613641,3.8420248,4.4945407
1992-04-30 12:00:00,3.2784872,2.7199218,4.6310277,4.635878,2.881548,2.7232866
1992-05-01 12:00:00,2.059432,2.0686111,3.3149495,3.841561,3.2231479,2.7512705
1992-05-02 12:00:00,2.5424395,2.5189433,4.7143703,4.3869166,3.0423634,2.9603145
1992-05-03 12:00:00,4.592914,4.3370185,6.648918,5.3626976,3.9367876,3.9853692
1992-05-04 12:00:00,4.683004,4.5756764,7.916568,5.6272855,3.851982,5.513339
1992-05-05 12:00:00,6.0789332,5.560768,9.296225,6.996856,4.2792864,6.2800164
1992-05-06 12:00:00,6.0866165,6.392114,6.95856,8.29739,5.931958,6.264748
1992-05-07 12:00:00,1.2488694,2.5862904,3.1172578,6.8173366,6.973339,2.9713116
1992-05-08 12:00:00,2.1787624,2.0017314,2.6911175,5.366078,6.987913,3.2353945
1992-05-09 12:00:00,2.2340076,2.4725182,6.2383847,4.668542,5.7220793,5.3307323
1992-05-10 12:00:00,3.3118932,3.3286386,3.3878329,5.662731,4.791296,3.1632025
1992-05-11 12:00:00,2.1295235,2.104745,3.3986917,4.5703096,6.2146063,2.959465
1992-05-12 12:00:00,3.8260515,3.8969347,6.2855935,5.9848223,4.345057,6.855918
1992-05-13 12:00:00,2.516837,2.6159384,3.7379086,5.7473516,5.0529833,5.1627445
1992-05-14 12:00:00,1.4338957,1.8427192,3.4759665,4.143361,5.547079,4.316553
1992-05-15 12:00:00,1.6199394,1.9628241,2.739775,3.881779,4.44612,2.9741812
1992-05-16 12:00:00,4.5154295,4.768499,4.6266317,5.133098,4.136215,4.309897
1992-05-17 12:00:00,2.418025,2.9060214,2.4300375,5.002666,6.2232256,2.9691145
1992-05-18 12:00:00,1.8636998,1.8296144,4.909927,4.0930595,6.695361,2.8855026
1992-05-19 12:00:00,1.9655286,2.572546,4.165073,3.986915,5.2621527,3.0450134
1992-05-20 12:00:00,2.568014,2.8553913,4.0703464,6.8514423,4.6523733,3.5586534
1992-05-21 12:00:00,2.3077948,2.929759,5.2837296,5.865578,4.5525994,4.3758345
1992-05-22 12:00:00,3.0234966,3.1472948,4.6827602,6.8798685,5.2392373,5.039083
1992-05-23 12:00:00,3.9650316,4.0444384,4.654718,6.8703203,5.6387606,5.754119
1992-05-24 12:00:00,3.07014,3.2380211,3.4636703,6.3310275,7.366715,4.2915907
1992-05-25 12:00:00,1.7982774,1.9117099,2.2096527,5.4410934,6.763428,2.6254258
1992-05-26 12:00:00,2.5589383,2.7489173,5.2549715,5.042174,4.5646467,3.2944498
1992-05-27 12:00:00,4.627369,4.8527203,5.5970945,6.7296534,3.6693683,4.8882504
1992-05-28 12:00:00,2.5409048,2.6056542,3.3758225,4.5189457,3.793969,3.14879
1992-05-29 12:00:00,2.5341175,2.404805,3.7709734,3.0355902,4.085033,2.6987476
1992-05-30 12:00:00,2.7259173,2.389934,3.5810058,3.8314154,5.6806345,2.4908755
1992-05-31 12:00:00,2.790503,3.0497303,4.3741703,6.449942,4.723328,4.0602884
1992-06-01 12:00:00,2.2827985,2.680923,4.8117533,5.438173,4.467957,4.6458664
1992-06-02 12:00:00,3.277881,3.2450688,4.4211326,4.692979,3.7186303,4.165738
1992-06-03 12:00:00,3.0406554,2.6118112,4.533749,5.274044,2.4116566,4.9638276
1992-06-04 12:00:00,1.7282689,1.9100584,4.126039,3.5154479,3.5976324,4.4223094
1992-06-05 12:00:00,1.6308284,2.0787637,3.3657582,3.913639,3.0191193,3.8342667
1992-06-06 12:00:00,2.6218245,2.6048338,2.5130785,3.7329462,3.0041087,2.4309375
1992-06-07 12:00:00,1.7977066,1.5339055,2.4180696,3.5855877,2.6938336,2.1237767
1992-06-08 12:00:00,1.807568,1.6222886,2.5324917,3.3725991,4.40271,1.9863913
1992-06-09 12:00:00,2.0007868,1.6047593,2.8120441,3.941134,4.593581,1.9811268
1992-06-10 12:00:00,2.0827007,1.7971809,3.2299216,3.5633473,5.2599473,2.2240765
1992-06-11 12:00:00,2.5269837,2.2030275,2.7871592,2.7795184,4.159663,2.8525858
1992-06-12 12:00:00,2.2917507,2.4712875,3.5463796,2.954524,3.7320879,3.6759
1992-06-13 12:00:00,1.9022809,1.8265315,3.0892463,3.4017348,3.673891,3.6675513
1992-06-14 12:00:00,1.5500441,1.8658831,4.1854253,2.8993807,3.209303,4.051428
1992-06-15 12:00:00,2.431184,2.831864,3.3302968,3.1933274,3.0522242,3.2874238
1992-06-16 12:00:00,2.9978578,3.8527946,4.488592,4.6287117,3.4133403,5.872387
1992-06-17 12:00:00,4.9760246,5.0971475,7.0493464,7.5651503,4.684424,7.960382
1992-06-18 12:00:00,2.5599747,3.011293,3.7600253,4.812839,5.64793,3.5182722
1992-06-19 12:00:00,2.8900516,3.4321048,6.6767654,4.4925013,3.370364,5.3420525
1992-06-20 12:00:00,2.6319911,2.8764288,4.97385,4.933599,4.176125,4.185328
1992-06-21 12:00:00,3.5984714,3.6473355,5.0524883,5.43727,4.070683,6.605903
1992-06-22 12:00:00,3.8849251,3.4736385,5.087124,4.9147,3.9795933,5.995303
1992-06-23 12:00:00,3.0879765,2.6172585,3.7560198,5.0510178,4.13929,3.529569
1992-06-24 12:00:00,1.9758558,1.7557981,3.3567774,3.4319496,2.6483774,3.3821616
1992-06-25 12:00:00,2.1141248,1.7235117,3.724713,2.9819605,3.2904615,2.2348404
1992-06-26 12:00:00,1.1771502,1.3126873,3.7628393,2.5942605,4.1580057,3.32525
1992-06-27 12:00:00,2.090487,2.4456065,4.559066,3.82139,5.518593,4.1017685
1992-06-28 12:00:00,2.8555455,2.7923357,4.9604273,4.342731,5.827386,4.423162
1992-06-29 12:00:00,2.9667974,2.5376472,3.88233,3.1601264,3.8357842,2.614456
1992-06-30 12:00:00,3.3462992,3.0853004,3.1017258,3.8735158,4.5080633,2.5856133
1992-07-01 12:00:00,3.463811,3.4798262,2.7647004,4.089669,6.0231094,2.0800436
1992-07-02 12:00:00,1.9280832,2.0099733,3.2518022,3.8033586,5.1778045,2.6751258
1992-07-03 12:00:00,2.000381,1.8747917,4.476842,2.7040396,4.1454043,3.435403
1992-07-04 12:00:00,1.977809,2.2611897,3.7932894,2.765668,3.8421853,2.9264743
1992-07-05 12:00:00,2.214417,1.9324437,3.4494977,2.8822756,3.9733238,2.7786686
1992-07-06 12:00:00,2.526051,2.673412,3.3553271,2.9039588,3.993658,3.9718223
1992-07-07 12:00:00,2.8490584,3.6305223,5.2096796,5.049874,4.3475075,5.905461
1992-07-08 12:00:00,2.6811514,3.0357761,2.5379386,3.1209939,5.2849336,2.5740948
1992-07-09 12:00:00,1.8108455,1.9157858,3.3958764,2.6495523,3.9180584,3.099496
1992-07-10 12:00:00,3.7355826,3.5769262,6.181681,4.6564307,3.7309654,6.4731483
1992-07-11 12:00:00,4.5758414,4.557794,5.4939213,5.138783,4.828942,5.5969915
1992-07-12 12:00:00,2.6717777,2.64647,3.4161398,4.883106,3.8489814,3.747687
1992-07-13 12:00:00,2.7248788,2.6902287,5.0405827,4.602447,3.5738854,3.497328
1992-07-14 12:00:00,3.0789645,3.2718565,4.2776937,6.515077,4.7790017,4.5133824
1992-07-15 12:00:00,2.0897522,1.9910201,4.012266,3.9690742,5.1282334,3.1992373
1992-07-16 12:00:00,2.6946158,2.6236682,6.51998,4.495758,3.4915776,5.0329003
1992-07-17 12:00:00,3.0641642,3.5004966,5.4344497,5.796332,4.8388934,4.5520353
1992-07-18 12:00:00,3.9354396,4.040229,5.1465697,4.0019927,6.906033,5.3866143
1992-07-19 12:00:00,2.5147305,2.5195484,4.426881,4.501456,4.5399876,5.648362
1992-07-20 12:00:00,2.477649,2.1481264,3.559109,3.6601467,3.208327,4.105592
1992-07-21 12:00:00,1.5575998,1.5376177,3.0070503,2.432614,2.6949737,2.1573887
1992-07-22 12:00:00,2.944911,3.041299,4.2569504,4.0884304,3.2394085,4.561297
1992-07-23 12:00:00,4.3783336,4.563042,4.5593724,5.974043,4.0943503,4.864606
1992-07-24 12:00:00,2.1677988,2.662416,3.3815713,4.283,4.503313,3.0864537
1992-07-25 12:00:00,1.5178789,1.9041318,4.041144,4.4229937,4.021048,4.0132575
1992-07-26 12:00:00,2.9868927,2.9965012,3.7085907,5.3288846,5.1039033,4.4850655
1992-07-27 12:00:00,3.675691,3.8657174,5.6443014,7.0758853,4.5472527,6.557089
1992-07-28 12:00:00,3.1682043,3.5070915,4.976903,5.9285836,3.9515588,4.626255
1992-07-29 12:00:00,2.9026222,2.8625069,3.8779705,4.6511517,4.504742,4.7073593
1992-07-30 12:00:00,1.5363646,1.9962313,2.8070076,3.448479,3.7587142,2.3274794
1992-07-31 12:00:00,2.4210784,2.6839037,3.5007474,3.5193756,3.4393167,3.439432
1992-08-01 12:00:00,3.3439863,3.5809288,4.9243684,4.6242337,3.8924103,5.1864676
1992-08-02 12:00:00,4.226451,4.510026,9.323702,6.2461357,5.8784447,6.336738
1992-08-03 12:00:00,4.599251,4.6917973,8.963004,8.45205,7.346917,7.982222
1992-08-04 12:00:00,5.7791286,6.319659,7.6838927,8.889638,6.1059685,7.444419
1992-08-05 12:00:00,3.776512,4.3658056,4.835173,7.065294,5.626724,5.8523602
1992-08-06 12:00:00,3.4901192,4.071217,4.295174,6.123259,5.421802,4.941344
1992-08-07 12:00:00,3.146297,3.0237267,5.1563854,4.151989,4.599696,3.8437717
1992-08-08 12:00:00,3.2571576,2.5817373,4.293379,3.2854207,3.8159301,2.7914443
1992-08-09 12:00:00,1.6740259,1.7320842,4.088396,3.2827253,2.996956,3.5388246
1992-08-10 12:00:00,2.31075,2.8703597,4.21235,5.0604935,3.8700955,5.5683074
1992-08-11 12:00:00,3.6181455,3.611366,4.564232,5.597198,5.421992,5.000088
1992-08-12 12:00:00,4.7855887,4.5947256,6.7100673,3.8820674,5.297923,5.4193273
1992-08-13 12:00:00,2.9914248,2.9289346,4.650536,2.9965043,6.096075,4.7798395
1992-08-14 12:00:00,2.0758204,2.0567508,5.339556,3.02693,6.173033,3.7440743
1992-08-15 12:00:00,3.593138,3.224874,5.253351,3.1724246,6.5483847,3.7949278
1992-08-16 12:00:00,2.3096085,2.2239027,4.3851104,3.2536538,5.265246,4.1396513
1992-08-17 12:00:00,4.8570366,4.3039007,5.6206822,4.969076,5.6133513,4.03533
1992-08-18 12:00:00,2.5916867,2.6031015,3.9406383,3.4826133,6.162164,3.2147925
1992-08-19 12:00:00,2.4570065,2.3221815,4.2373743,2.9811249,5.185197,2.4934278
1992-08-20 12:00:00,3.6546943,2.9174762,5.095784,3.091198,4.006564,4.07268
1992-08-21 12:00:00,5.4580355,5.3565397,6.569954,6.8859816,4.2394743,5.679583
1992-08-22 12:00:00,6.3335342,6.219741,9.013391,7.083043,5.8055806,9.260679
1992-08-23 12:00:00,3.6134322,4.1411104,4.4094124,5.3175817,4.8521814,4.323885
1992-08-24 12:00:00,1.9729333,2.0648217,4.1170316,3.328818,5.09171,4.3965592
1992-08-25 12:00:00,4.3551965,4.8262405,6.8504896,8.011356,5.3044124,7.978112
1992-08-26 12:00:00,3.2872856,3.5089653,4.654806,7.419375,7.080292,5.8043056
1992-08-27 12:00:00,1.9183062,2.2554312,4.577481,7.4089184,9.932659,5.1335187
1992-08-28 12:00:00,2.6384983,3.3399096,5.9953218,5.6523805,7.206435,6.413441
1992-08-29 12:00:00,4.8065596,4.433769,5.845366,4.74818,5.8005047,5.709406
1992-08-30 12:00:00,2.692093,2.9773693,6.5616837,4.34385,8.154318,5.663813
1992-08-31 12:00:00,2.390701,2.8944392,4.0702343,3.680405,5.3182755,2.853846
1992-09-01 12:00:00,3.7005188,3.9187193,5.7334704,6.120912,5.2468348,5.2849565
1992-09-02 12:00:00,4.8046727,5.726293,8.474517,8.593721,8.57092,8.246012
1992-09-03 12:00:00,5.9350433,6.7291083,9.720341,10.275861,10.561301,9.216609
1992-09-04 12:00:00,6.3187823,6.6582675,7.5720463,8.476382,8.528031,7.118234
1992-09-05 12:00:00,3.3735862,2.9670315,3.564348,2.3463826,3.9468365,2.6931581
1992-09-06 12:00:00,2.15578,1.9068664,2.9834094,5.5462413,6.3606844,3.1232588
1992-09-07 12:00:00,2.0177128,2.424785,4.6791706,5.9351754,5.086008,5.511757
1992-09-08 12:00:00,2.3385212,2.2026908,3.2507737,3.1155381,3.2333114,2.4882555
1992-09-09 12:00:00,3.2756674,3.2296169,4.783423,5.0580997,4.0223684,5.713933
1992-09-10 12:00:00,3.7026172,3.8083508,5.240213,6.965992,5.6548448,6.318753
1992-09-11 12:00:00,3.958918,3.4260988,4.3925867,5.4781294,6.160187,3.5280137
1992-09-12 12:00:00,2.880755,3.6374006,6.8299456,5.6283774,5.5474286,7.7096086
1992-09-13 12:00:00,2.704724,3.381471,5.3266587,6.8897347,7.2125382,5.245957
1992-09-14 12:00:00,3.2500167,3.702793,4.704498,4.760941,6.6032887,5.3805647
1992-09-15 12:00:00,2.5642312,2.655439,2.2495606,2.9456322,4.262102,1.8905569
1992-09-16 12:00:00,2.5767531,2.6615822,2.875534,2.5068097,4.040449,2.0171733
1992-09-17 12:00:00,1.1574354,1.7802296,3.4872217,5.1258273,5.126818,3.6612122
1992-09-18 12:00:00,2.6454089,2.660031,5.1609135,4.2195835,6.5612364,4.8745565
1992-09-19 12:00:00,3.2186906,3.5210989,5.968949,4.1876764,4.173905,3.9869869
1992-09-20 12:00:00,4.500285,4.834089,5.6521387,5.7957134,5.208013,4.773162
1992-09-21 12:00:00,3.7806354,3.7791243,3.4921904,4.053709,3.636731,2.920624
1992-09-22 12:00:00,3.6248116,3.492231,8.017855,5.4828234,4.162429,5.569844
1992-09-23 12:00:00,4.5719624,4.288358,7.448553,6.109399,5.265073,5.181784
1992-09-24 12:00:00,4.3594675,3.4673538,6.6616225,3.958447,3.7541611,3.5200353
1992-09-25 12:00:00,2.515962,2.29948,4.063767,4.5383534,4.4261622,3.1308935
1992-09-26 12:00:00,2.7277572,2.6156483,3.3396506,4.4306235,6.7975116,3.066047
1992-09-27 12:00:00,1.7800311,1.5454409,2.613947,2.5782645,5.6381516,1.9616231
1992-09-28 12:00:00,1.6572384,1.4968245,2.1140876,3.3618217,8.0791445,1.673977
1992-09-29 12:00:00,1.5959848,1.5259136,2.173318,5.1364875,8.295055,1.8686866
1992-09-30 12:00:00,0.9975481,1.2717963,2.1892452,3.3906841,6.3017893,1.8725443
1992-10-01 12:00:00,1.3929837,1.5409775,5.6540413,4.7185593,8.023092,2.7166328
1992-10-02 12:00:00,2.1478179,2.0293229,7.6704535,4.4573407,3.9010024,4.2163363
1992-10-03 12:00:00,2.33899,2.593969,5.882365,6.0620594,6.431532,5.6358924
1992-10-04 12:00:00,3.5073464,3.4464145,6.81604,5.0153646,4.548984,5.475044
1992-10-05 12:00:00,2.045755,1.9507459,2.9256237,4.0725007,3.5947497,3.012085
1992-10-06 12:00:00,1.8234061,1.9311439,3.3456876,4.6452503,4.605814,3.0711067
1992-10-07 12:00:00,1.1809329,1.4311131,3.8575969,4.69697,7.5111027,3.8296711
1992-10-08 12:00:00,2.6156716,3.466235,6.366313,7.9645824,9.033378,7.8087225
1992-10-09 12:00:00,4.816412,4.932055,7.4796114,8.641821,8.785488,8.857224
1992-10-10 12:00:00,5.28169,5.5773554,6.7736483,5.328009,7.5539002,5.044372
1992-10-11 12:00:00,4.935669,4.3736243,4.383385,2.8502872,6.8896484,3.7031777
1992-10-12 12:00:00,2.846276,2.7749937,3.2834246,4.677883,2.9257057,5.1835804
1992-10-13 12:00:00,1.8151724,2.3218122,3.6574054,6.8286963,3.6018891,5.018693
1992-10-14 12:00:00,0.9732195,1.4977577,3.037675,6.1649795,3.3734283,4.0454574
1992-10-15 12:00:00,1.665673,2.0077336,3.8298624,7.709986,5.3562098,6.1964893
1992-10-16 12:00:00,1.8252163,1.9830693,4.4429584,7.6085615,7.3774824,6.410471
1992-10-17 12:00:00,1.7618374,1.7375708,3.4531329,5.584736,8.728142,4.3351936
1992-10-18 12:00:00,1.8169425,2.5060112,4.002635,8.20752,10.629996,5.0924973
1992-10-19 12:00:00,2.0791547,2.4283643,4.510796,8.117474,11.982794,5.805011
1992-10-20 12:00:00,1.7750999,2.0315301,4.139644,8.174307,9.5160885,6.069519
1992-10-21 12:00:00,1.2118214,1.4238216,4.9161997,5.7535143,5.589732,5.618544
1992-10-22 12:00:00,2.5778341,3.1196814,6.315031,8.544926,7.2501216,7.29566
1992-10-23 12:00:00,3.7804923,3.9384305,7.147759,7.994588,9.279444,6.847946
1992-10-24 12:00:00,2.7180533,3.101581,7.547988,7.3848743,6.7759557,7.3314414
1992-10-25 12:00:00,2.3070455,2.375605,6.8081203,5.342379,5.4111304,5.4808116
1992-10-26 12:00:00,3.9170568,3.8033383,7.341412,6.1869874,4.810824,5.0983996
1992-10-27 12:00:00,3.7105582,3.6538246,6.885873,6.706984,6.607864,5.3414774
1992-10-28 12:00:00,2.3805423,2.3925228,6.025757,4.8935075,4.1961455,4.352166
1992-10-29 12:00:00,3.0657008,3.104471,5.77143,5.38396,5.5648017,4.0989957
1992-10-30 12:00:00,3.5084183,3.2536666,3.8300307,6.0670013,7.564383,3.162122
1992-10-31 12:00:00,3.1935163,3.4162457,4.071318,7.107444,8.352298,4.6296515
1992-11-01 12:00:00,3.4432743,3.8778427,4.732907,7.165125,9.372705,4.412254
1992-11-02 12:00:00,1.9348123,2.2737632,5.639619,7.8922353,7.9632473,6.457923
1992-11-03 12:00:00,6.0272603,6.184533,11.533059,12.19852,9.371363,11.811965
1992-11-04 12:00:00,6.1365952,6.958624,10.720628,15.349034,10.037504,12.0249605
1992-11-05 12:00:00,4.002412,5.3201165,6.9479327,13.042287,7.618579,7.765119
1992-11-06 12:00:00,3.2451444,4.313771,3.760225,7.4860606,7.0373516,3.2963808
1992-11-07 12:00:00,1.65916,2.0241468,3.9635592,6.8270063,4.4427004,3.5568452
1992-11-08 12:00:00,2.8068612,3.0718808,8.43922,7.2696233,6.4660206,8.256414
1992-11-09 12:00:00,4.7493305,5.105938,8.623822,9.578824,7.243351,9.301764
1992-11-10 12:00:00,2.0595987,2.37039,6.012028,6.3451686,5.548503,5.916126
1992-11-11 12:00:00,3.9889421,3.9693153,5.6442447,6.524067,7.437228,5.2642508
1992-11-12 12:00:00,3.2294002,2.963594,7.5651317,6.371616,5.2771835,7.0671167
1992-11-13 12:00:00,5.675381,5.613654,8.040466,9.028879,10.752773,7.9044504
1992-11-14 12:00:00,2.835999,2.87508,6.015038,8.5713625,9.180224,6.88948
1992-11-15 12:00:00,5.386567,4.8762565,7.247976,8.008743,5.7148895,6.8568964
1992-11-16 12:00:00,1.9944068,1.9581224,3.7525215,4.349214,4.945329,2.9800441
1992-11-17 12:00:00,2.4463377,2.7907534,5.513702,5.887573,4.8717785,5.2698436
1992-11-18 12:00:00,4.020013,4.0305853,6.6690083,6.747426,8.646918,5.822347
1992-11-19 12:00:00,2.6625366,2.4839103,3.9347053,4.746835,6.6830583,3.1828809
1992-11-20 12:00:00,1.8332478,2.5265727,5.912737,8.55738,10.586354,6.3671703
1992-11-21 12:00:00,1.3482085,1.9096941,3.8730652,6.399781,8.88129,4.397938
1992-11-22 12:00:00,2.6553638,3.068509,4.9911275,10.178055,11.474469,6.286757
1992-11-23 12:00:00,2.5008318,2.860976,5.0930843,10.060835,9.729494,6.130043
1992-11-24 12:00:00,1.9817374,2.3803177,4.643196,10.0495615,8.650477,6.254693
1992-11-25 12:00:00,3.5032506,2.7546484,5.3760347,8.879459,10.9848385,5.669498
1992-11-26 12:00:00,2.8159401,2.1512182,4.562195,6.1015863,8.20981,5.153583
1992-11-27 12:00:00,1.3640078,1.7284429,2.6833382,6.4878845,6.73898,2.6157227
1992-11-28 12:00:00,1.2988361,2.2662895,2.807115,9.597312,8.438887,3.241586
1992-11-29 12:00:00,2.4174268,3.5278854,4.2636642,8.095775,5.9889026,5.1873302
1992-11-30 12:00:00,2.2603698,2.919558,5.606585,6.3632393,7.3401513,5.661126
1992-12-01 12:00:00,1.5649385,2.0171976,4.2797318,4.2286596,5.4780374,3.6916044
1992-12-02 12:00:00,3.2936947,3.7137547,7.0787044,7.393523,6.2677507,6.939222
1992-12-03 12:00:00,3.4219346,3.6214793,7.1464863,6.600019,5.5087543,7.0337605
1992-12-04 12:00:00,4.831815,4.2461677,8.210536,7.41215,8.068788,6.9423594
1992-12-05 12:00:00,3.5060706,3.4725354,5.4212413,6.9847074,8.368277,4.435027
1992-12-06 12:00:00,2.2630072,2.7024465,5.0460224,7.668095,8.943104,3.2656646
1992-12-07 12:00:00,1.6416916,1.9248561,6.6202846,4.953678,6.178632,5.5689898
1992-12-08 12:00:00,2.7635477,2.9502203,6.4633718,6.315708,9.554782,6.1492968
1992-12-09 12:00:00,2.98522,2.8104217,5.533272,7.9944625,10.031073,6.009065
1992-12-10 12:00:00,2.8933542,2.9080603,7.5580063,7.8297467,8.532282,7.622785
1992-12-11 12:00:00,2.2228763,2.3201818,3.9592392,5.8531704,6.6341915,3.8440013
1992-12-12 12:00:00,4.605984,4.8926597,9.093385,10.896823,9.479851,8.944463
1992-12-13 12:00:00,4.60693,4.633542,6.6540756,9.382463,7.450818,5.7772665
1992-12-14 12:00:00,3.924298,4.3966594,4.3222437,8.381954,6.639126,3.4426143
1992-12-15 12:00:00,2.101955,2.517239,6.137912,10.830764,9.802306,8.122224
1992-12-16 12:00:00,4.8741603,5.0731816,11.448551,13.140175,13.0962105,11.630071
1992-12-17 12:00:00,4.7566104,4.696054,7.4016356,8.561872,8.713191,6.4518123
1992-12-18 12:00:00,4.8310523,4.561801,8.203721,7.269046,8.309581,8.120963
1992-12-19 12:00:00,4.3331995,3.9240446,7.7478423,4.4422503,5.5178623,4.8255906
1992-12-20 12:00:00,3.520799,2.6282163,6.276655,4.9687443,9.759592,3.757941
1992-12-21 12:00:00,3.5170004,2.7498786,7.456536,6.0054235,10.97207,4.435074
1992-12-22 12:00:00,3.8589337,2.8865383,5.8648925,3.5759249,8.456555,3.2266712
1992-12-23 12:00:00,4.504063,3.488801,8.169413,5.068658,8.119232,5.018838
1992-12-24 12:00:00,3.9970498,3.110954,8.5461,4.5282154,7.63875,5.049532
1992-12-25 12:00:00,4.2341433,3.2025778,7.6606674,4.5165124,4.04455,4.8152304
1992-12-26 12:00:00,3.827253,2.857557,6.3355217,3.7709892,4.6708455,3.9324234
1992-12-27 12:00:00,2.3920825,1.9764605,4.978838,2.3227713,3.8269532,2.636776
1992-12-28 12:00:00,2.365211,1.984905,4.8500195,4.159879,4.8581576,2.8198056
1992-12-29 12:00:00,2.6603384,2.46115,6.5546775,7.303046,8.424475,4.6159286
1992-12-30 12:00:00,4.2240896,4.270671,11.396472,9.530076,11.620647,9.66045
1992-12-31 12:00:00,5.4889197,5.865015,11.719187,11.499304,9.931395,11.959115
1993-01-01 12:00:00,3.009198,3.5548043,5.2977576,7.902693,7.967993,6.1522717
1993-01-02 12:00:00,2.3943522,2.198757,5.058697,4.4666185,5.2977686,2.9673371
1993-01-03 12:00:00,2.394786,1.96033,5.4001946,4.0340624,5.995528,4.1493125
1993-01-04 12:00:00,2.3679507,2.4451613,3.597152,6.249766,8.275784,3.9201734
1993-01-05 12:00:00,1.6075749,1.9737991,3.8406806,7.3729267,5.7746854,3.4064722
1993-01-06 12:00:00,5.247022,5.4727983,9.833676,10.406115,6.788099,9.923069
1993-01-07 12:00:00,4.1640754,4.586059,6.782472,11.046777,9.450912,9.258913
1993-01-08 12:00:00,3.9560459,4.176471,8.214375,9.039793,8.802676,7.781517
1993-01-09 12:00:00,5.635703,5.04857,8.666583,7.1531854,7.999705,5.862094
1993-01-10 12:00:00,3.641105,3.9555297,7.940925,8.181928,8.79376,7.593025
1993-01-11 12:00:00,2.855785,2.826902,7.8152156,9.238427,10.703222,7.5806675
1993-01-12 12:00:00,4.104091,4.477451,10.4183035,10.102086,9.496778,8.517729
1993-01-13 12:00:00,2.8066742,2.9517965,6.4199333,6.6630106,7.372871,6.579127
1993-01-14 12:00:00,2.7246423,3.1981273,6.3714542,9.502892,9.512746,6.1130404
1993-01-15 12:00:00,4.388049,4.017224,9.028549,6.9857802,10.67819,7.0883627
1993-01-16 12:00:00,2.9362934,2.9162617,6.4389296,5.9553022,6.8045826,5.535719
1993-01-17 12:00:00,3.2454498,3.4243255,6.6110563,9.014945,6.689588,6.402335
1993-01-18 12:00:00,4.259058,4.3268185,11.796075,8.872978,5.17996,11.521007
1993-01-19 12:00:00,6.422011,6.309624,11.090423,7.6564693,4.5469465,9.494694
1993-01-20 12:00:00,2.1822984,2.3958712,3.2748945,4.391539,3.9360785,2.982046
1993-01-21 12:00:00,1.6151981,1.9207083,4.598671,6.0949244,4.5975804,4.811137
1993-01-22 12:00:00,2.5004487,2.9125216,8.3642845,8.07401,6.457349,7.03605
1993-01-23 12:00:00,2.7741878,2.8357368,6.093253,7.227766,5.078699,6.5073338
1993-01-24 12:00:00,3.3695545,3.4257283,5.115392,8.531842,7.0314,6.304713
1993-01-25 12:00:00,1.7694777,2.3095312,5.2593246,8.274804,5.7883496,5.787013
1993-01-26 12:00:00,2.8118317,3.1823661,6.7736006,6.174356,4.2163267,6.112415
1993-01-27 12:00:00,1.6646037,2.1970968,4.011523,9.086366,9.67654,5.2851725
1993-01-28 12:00:00,1.0364552,1.6510361,2.4052942,8.214392,10.4288845,3.0818832
1993-01-29 12:00:00,1.7152846,1.8255438,5.1425858,5.40036,7.5159607,4.537545
1993-01-30 12:00:00,3.398669,3.1678307,7.7462597,6.5017543,6.6837873,7.3985534
1993-01-31 12:00:00,5.923766,5.010325,10.617832,5.6031427,5.8027773,6.5234337
1993-02-01 12:00:00,3.7083166,3.7187042,6.417459,6.7760997,8.031896,5.0460324
1993-02-02 12:00:00,3.0180197,3.326009,4.803066,7.0892835,6.47779,4.6534724
1993-02-03 12:00:00,5.08496,5.2027946,9.848809,10.685476,6.2493405,10.181707
1993-02-04 12:00:00,6.2475924,5.7894535,7.9044175,8.680406,9.705172,7.2901235
1993-02-05 12:00:00,4.9782896,4.8327737,6.405234,8.740345,11.093508,7.758505
1993-02-06 12:00:00,4.4118357,4.2475395,6.2581773,9.593343,10.774552,7.8332543
1993-02-07 12:00:00,5.3408227,5.1434965,9.192718,9.934774,8.039892,9.200397
1993-02-08 12:00:00,4.8581405,4.937432,9.6671095,10.579435,9.34231,10.00534
1993-02-09 12:00:00,5.365143,5.597976,9.808315,12.448337,10.304346,10.646612
1993-02-10 12:00:00,4.3167195,4.5877433,7.8437366,9.895166,7.148904,9.112759
1993-02-11 12:00:00,3.4867187,3.6256704,8.244832,8.434521,7.425107,6.9793143
1993-02-12 12:00:00,4.4221196,4.535246,8.384612,8.649173,9.153531,6.562833
1993-02-13 12:00:00,3.2925398,3.574071,6.6020694,6.34893,8.648124,6.801263
1993-02-14 12:00:00,1.7414024,2.1600556,6.0502625,6.0160294,5.464272,6.1753793
1993-02-15 12:00:00,1.8371359,2.557144,6.783274,8.63173,8.773234,8.112234
1993-02-16 12:00:00,4.557874,4.7355676,7.7197294,9.476992,9.3398695,8.536627
1993-02-17 12:00:00,3.7665038,3.8646607,5.7712574,9.556635,7.095469,7.3358555
1993-02-18 12:00:00,1.5025119,1.7599474,6.008178,6.7896876,6.902942,6.357718
1993-02-19 12:00:00,4.3723035,4.5370483,6.195953,9.043557,7.7168036,7.2175026
1993-02-20 12:00:00,2.012529,2.1092877,5.768891,5.488659,5.810368,5.7720256
1993-02-21 12:00:00,1.9745209,1.688429,4.306899,5.4527655,6.3558426,4.8552904
1993-02-22 12:00:00,1.7692065,1.6151121,5.437928,5.4517636,4.9424872,4.833157
1993-02-23 12:00:00,2.8847628,2.600865,6.8176427,4.8968973,7.610558,5.2198358
1993-02-24 12:00:00,3.6898994,3.5712512,5.841078,5.026873,7.152899,4.9103155
1993-02-25 12:00:00,1.9340615,2.218771,4.9230123,2.8749812,5.703043,3.4246035
1993-02-26 12:00:00,2.100039,2.4445908,5.062301,4.8830543,5.8664246,5.6510725
1993-02-27 12:00:00,2.5407836,3.011613,2.6623893,5.1394477,6.1353498,4.4276423
1993-02-28 12:00:00,2.3562024,2.1991773,4.8533177,5.5348783,6.63054,4.1436114
1993-03-01 12:00:00,2.5435565,2.5920093,7.8685613,6.349727,5.4369755,6.3296514
1993-03-02 12:00:00,4.131911,4.9310346,11.374591,9.417307,8.03733,10.021923
1993-03-03 12:00:00,3.8357387,4.425499,7.4835463,10.023976,8.927888,8.518271
1993-03-04 12:00:00,3.0062172,3.2946467,6.2997136,8.382823,8.174807,7.97479
1993-03-05 12:00:00,3.2603683,3.576852,5.8502936,9.636137,9.586681,7.844052
1993-03-06 12:00:00,5.6782026,5.047093,7.762867,8.272807,11.464823,7.3829455
1993-03-07 12:00:00,3.3496282,4.4732165,6.9039564,10.756345,10.010069,7.6418905
1993-03-08 12:00:00,3.5337553,3.9787867,5.8135867,6.981853,10.540285,5.874459
1993-03-09 12:00:00,2.6377957,2.9809277,6.2682395,7.242376,8.417572,7.030118
1993-03-10 12:00:00,2.1817026,2.329936,4.27123,4.114908,5.6382265,3.8761513
1993-03-11 12:00:00,2.662213,3.1499512,6.138524,7.893331,4.988097,7.5193872
1993-03-12 12:00:00,4.117576,3.6434035,6.6557307,6.079166,5.419673,4.5049953
1993-03-13 12:00:00,3.172942,2.8995528,2.6617703,5.82272,4.8583293,3.4628394
1993-03-14 12:00:00,1.8604965,1.9322562,3.753205,5.4090447,4.735107,2.7071202
1993-03-15 12:00:00,3.1866446,3.0613968,4.879334,5.261651,4.20242,3.163625
1993-03-16 12:00:00,2.8830206,2.8802066,4.253046,5.921033,4.3630123,4.7586017
1993-03-17 12:00:00,2.9780433,3.3126764,4.2495704,5.9949403,8.834694,3.5284302
1993-03-18 12:00:00,1.4937075,1.8713586,2.9449768,4.188778,7.330675,2.3667505
1993-03-19 12:00:00,3.339412,3.2363048,3.5814166,4.4050074,4.1563296,2.4055212
1993-03-20 12:00:00,2.1373796,2.0997045,4.528826,6.2048473,4.1814966,4.171673
1993-03-21 12:00:00,1.8346955,2.3614082,4.7559795,7.8743515,4.676774,3.4046743
1993-03-22 12:00:00,2.9941475,3.472832,7.5493474,8.378322,5.982481,7.6760654
1993-03-23 12:00:00,7.296298,7.294271,10.674665,10.613159,7.18228,10.566866
1993-03-24 12:00:00,4.2466865,4.5202813,5.8678484,7.2713504,7.8877196,5.2853193
1993-03-25 12:00:00,1.8822432,2.2162836,5.629295,3.107839,4.474283,3.4213898
1993-03-26 12:00:00,4.1788387,4.1039705,6.961426,6.633739,5.255667,6.7864842
1993-03-27 12:00:00,5.528215,5.244146,7.8437514,7.7535443,9.760073,9.162515
1993-03-28 12:00:00,2.470645,2.7747762,3.9946587,5.5819716,9.071396,4.381635
1993-03-29 12:00:00,3.4806428,3.2880194,5.605017,5.4767666,7.563274,5.157326
1993-03-30 12:00:00,3.8832433,3.5561097,7.2440114,5.1700244,3.7749214,7.0120273
1993-03-31 12:00:00,3.4831479,3.6262653,4.7047987,6.601938,3.578254,6.3843136
1993-04-01 12:00:00,2.6065931,2.5934503,3.4996004,6.764927,3.062129,4.2064238
1993-04-02 12:00:00,5.4377975,4.7465987,8.195937,6.6620293,5.5943975,7.157891
1993-04-03 12:00:00,3.9115496,4.471575,7.4449124,9.598703,11.266655,6.4770594
1993-04-04 12:00:00,4.093527,3.9567347,5.8075004,5.169812,8.96154,5.404448
1993-04-05 12:00:00,6.288342,5.6656995,7.9622493,7.6058965,7.879232,7.5055656
1993-04-06 12:00:00,4.528955,4.5845375,7.5559225,6.9276657,7.498435,6.555483
1993-04-07 12:00:00,5.266144,5.11369,9.9611,9.977532,5.415968,10.410284
1993-04-08 12:00:00,5.2307644,4.7520046,7.865711,9.068433,9.958861,6.0094957
1993-04-09 12:00:00,5.7578664,5.011781,7.3865905,7.856391,7.080505,6.6868906
1993-04-10 12:00:00,3.1901276,3.3602164,5.5411344,8.28538,7.0730176,6.2693377
1993-04-11 12:00:00,2.194408,2.2938879,3.4853387,6.979739,9.639248,3.5259283
1993-04-12 12:00:00,2.7800813,2.9827175,5.1167555,2.631195,5.852033,3.0545323
1993-04-13 12:00:00,2.2343016,2.4976833,3.5795026,3.6255884,4.832076,3.1419637
1993-04-14 12:00:00,2.7580535,2.3828347,4.950104,3.6654053,4.025268,3.2396336
1993-04-15 12:00:00,4.2010694,4.116684,6.620132,4.977582,5.034303,5.0149236
1993-04-16 12:00:00,1.2807143,2.1166346,4.8169847,5.3020244,6.441618,4.9586463
1993-04-17 12:00:00,3.8778012,3.6719615,7.920195,5.691718,4.324415,7.2792125
1993-04-18 12:00:00,2.8411918,3.1279619,5.0987635,5.954113,6.099631,6.670302
1993-04-19 12:00:00,5.031963,5.0255466,7.658138,6.403473,9.223923,7.6854043
1993-04-20 12:00:00,3.9867191,3.8398902,6.6480813,5.952339,9.020584,5.53341
1993-04-21 12:00:00,4.0629864,3.6166368,5.8754945,6.022206,6.3432956,5.476888
1993-04-22 12:00:00,5.8074493,4.9664044,6.8956847,5.4644976,4.4087296,4.852339
1993-04-23 12:00:00,2.968764,2.6934009,4.4837737,5.6002192,5.955978,4.6827717
1993-04-24 12:00:00,3.246163,3.0501103,5.423111,5.400005,5.3373747,4.711665
1993-04-25 12:00:00,3.977662,3.9289513,6.409075,6.941945,5.307649,7.0331473
1993-04-26 12:00:00,4.06387,4.1616993,5.624917,7.4266124,3.9887753,5.93412
1993-04-27 12:00:00,2.2356882,2.451822,3.30626,6.443865,4.7883124,4.1102834
1993-04-28 12:00:00,3.1060474,2.9768093,4.3809557,7.4538264,7.2429743,5.497338
1993-04-29 12:00:00,4.4070764,4.7800913,6.436654,10.544445,9.229871,7.778879
1993-04-30 12:00:00,5.1445208,5.4909244,7.1953063,6.8732214,8.564335,7.3639407
1993-05-01 12:00:00,2.52121,2.6550815,3.3998506,3.0088894,6.808117,3.3686826
1993-05-02 12:00:00,2.631668,2.7094676,3.5888293,4.5995355,7.9442234,3.7572188
1993-05-03 12:00:00,5.867331,5.4909277,6.020819,6.7481694,7.0463204,5.368019
1993-05-04 12:00:00,4.2085605,4.3476696,5.39724,6.467648,3.44318,5.7385516
1993-05-05 12:00:00,2.3639863,2.903218,3.82811,3.9485419,2.3256001,5.0026875
1993-05-06 12:00:00,2.9211142,2.929293,5.0282393,7.9072003,8.366396,5.5001235
1993-05-07 12:00:00,4.820636,4.497647,6.7359195,7.419892,8.662942,6.1871777
1993-05-08 12:00:00,3.1414654,2.9655983,5.827513,5.5994096,5.1653028,5.2692137
1993-05-09 12:00:00,3.5753083,3.851943,5.479476,6.959441,3.2196748,5.549897
1993-05-10 12:00:00,4.5118012,4.3537784,5.4950085,7.0679674,4.730069,5.840582
1993-05-11 12:00:00,3.5967197,3.7477264,4.597242,6.480808,8.226456,5.823557
1993-05-12 12:00:00,4.709822,4.8434296,4.6634517,5.9096146,6.9798293,4.9931326
1993-05-13 12:00:00,3.3966286,3.5070386,2.8608413,3.0721552,4.49803,2.6300163
1993-05-14 12:00:00,3.1696787,2.808901,3.6225536,3.6611857,4.4089913,2.797893
1993-05-15 12:00:00,2.8385305,3.437035,5.46414,4.090671,4.702565,4.4523387
1993-05-16 12:00:00,3.6629312,4.402584,7.4817924,8.076835,7.5760474,6.7168636
1993-05-17 12:00:00,4.1959953,4.329387,5.5646315,5.080672,5.5245857,4.686415
1993-05-18 12:00:00,3.181928,3.528586,4.212629,8.21456,6.317704,5.352405
1993-05-19 12:00:00,4.1308603,5.053027,5.3626895,9.375379,7.7829247,6.434208
1993-05-20 12:00:00,4.084318,4.440868,4.813197,5.64687,6.3077993,4.014908
1993-05-21 12:00:00,3.1787987,2.8447087,3.307953,3.1800232,5.1356297,2.1348958
1993-05-22 12:00:00,2.562923,2.1537635,2.5410173,4.6023383,8.009957,2.50356
1993-05-23 12:00:00,1.7794406,1.7161472,2.5846956,5.2052736,7.8666863,2.9139209
1993-05-24 12:00:00,2.4685814,2.829782,3.9518592,4.8868804,9.301803,3.678624
1993-05-25 12:00:00,2.857476,3.4755576,5.161031,8.941596,8.365492,4.8393292
1993-05-26 12:00:00,4.363407,4.668744,7.873866,6.622597,6.0690975,7.22806
1993-05-27 12:00:00,5.341118,5.7651005,10.453244,7.6574035,5.983648,8.827664
1993-05-28 12:00:00,7.226509,7.4306793,9.960342,8.958424,5.6158085,8.7659645
1993-05-29 12:00:00,5.610623,5.9923463,7.3964233,7.165571,6.538948,6.263934
1993-05-30 12:00:00,3.196991,3.5136478,2.7462776,4.817339,7.3547854,2.846438
1993-05-31 12:00:00,2.2279222,2.0171869,4.4396496,3.960867,7.884403,2.6998348
1993-06-01 12:00:00,2.311979,2.244701,5.897843,3.2841206,8.031569,3.0966673
1993-06-02 12:00:00,2.223155,2.569258,7.61163,4.307403,5.700869,5.4391456
1993-06-03 12:00:00,2.2322962,2.2293315,4.860513,2.990851,4.5554137,4.033394
1993-06-04 12:00:00,2.217064,1.5829272,2.8909628,2.0380266,3.905597,2.0392509
1993-06-05 12:00:00,2.1053126,1.6726555,2.53534,1.987358,3.7186532,2.0248976
1993-06-06 12:00:00,3.1347513,3.3177426,4.6743345,5.197065,4.4110556,4.792829
1993-06-07 12:00:00,2.9030457,3.189756,4.1361876,4.463222,4.6325545,3.0261366
1993-06-08 12:00:00,3.9615068,4.23736,4.956106,4.596653,4.4388595,4.264694
1993-06-09 12:00:00,3.2814407,3.3949628,4.2843013,5.356161,5.01073,4.616781
1993-06-10 12:00:00,2.7593348,2.8506665,3.9321673,6.324343,6.067173,4.0985093
1993-06-11 12:00:00,3.4123542,3.8315732,5.7054634,3.873344,4.259763,4.7822957
1993-06-12 12:00:00,3.781079,3.667563,5.4206204,3.8595147,4.3792768,4.9555054
1993-06-13 12:00:00,4.1758103,3.778625,5.7626195,3.8719344,3.7636058,4.470334
1993-06-14 12:00:00,3.1443627,3.4184396,5.0005417,5.3651624,3.6191926,3.808971
1993-06-15 12:00:00,4.201359,3.8371344,6.511639,4.404077,4.5132384,4.261951
1993-06-16 12:00:00,4.445153,3.6964402,6.27837,4.1627555,4.9895916,4.1449256
1993-06-17 12:00:00,3.2887042,3.5905538,6.048469,4.367698,5.442886,4.2269287
1993-06-18 12:00:00,4.4436507,4.6258903,4.888838,5.392848,5.7226305,4.4653864
1993-06-19 12:00:00,4.1466002,4.641974,4.7333527,6.5543265,5.4122486,5.403956
1993-06-20 12:00:00,3.3707254,3.5714426,3.321125,5.110615,4.441176,4.276641
1993-06-21 12:00:00,2.7081997,2.5131812,3.1039848,3.5289326,7.3561854,2.8188336
1993-06-22 12:00:00,2.2401884,2.5089705,2.8639586,3.7109573,5.3373055,2.349142
1993-06-23 12:00:00,2.3080444,2.2016923,2.2860436,4.6071534,5.6036158,1.9513317
1993-06-24 12:00:00,1.4290586,1.5197856,1.8514143,4.0603085,4.909626,2.1297832
1993-06-25 12:00:00,1.4969656,1.8714496,2.0435207,2.4239192,4.651735,2.2949107
1993-06-26 12:00:00,2.796281,2.3403497,2.5492249,2.8011482,4.3581676,2.0947535
1993-06-27 12:00:00,2.8269706,2.7840629,4.896371,3.7899444,4.494394,3.0797033
1993-06-28 12:00:00,1.9336282,2.3126433,3.5787842,3.5921476,3.4569263,2.7432456
1993-06-29 12:00:00,3.010403,3.9760993,4.261428,5.816182,7.044248,4.538124
1993-06-30 12:00:00,5.006174,5.6455607,5.0628247,7.7922044,8.861669,5.9245677
1993-07-01 12:00:00,3.0877552,3.0100882,4.0411983,4.1002245,4.059372,3.1590586
1993-07-02 12:00:00,2.3731143,2.94614,5.1292844,4.1171465,2.9598162,5.3894606
1993-07-03 12:00:00,2.5358114,2.5393372,3.3295455,4.281688,3.9288256,4.839837
1993-07-04 12:00:00,2.2313428,2.745938,3.5017488,5.600057,5.4844804,4.943346
1993-07-05 12:00:00,3.316464,3.6831841,5.09605,6.98664,4.5457635,6.408151
1993-07-06 12:00:00,3.3408265,4.1081095,5.5523524,8.296369,7.136088,5.9002805
1993-07-07 12:00:00,4.550157,3.9939547,6.0153856,5.225731,5.336417,4.700033
1993-07-08 12:00:00,4.3723946,3.9415843,5.272356,5.7559934,5.6580777,5.001614
1993-07-09 12:00:00,3.2605,3.4097915,5.1012974,5.9258523,4.5489535,5.754195
1993-07-10 12:00:00,3.1960237,3.1278846,5.0138946,4.633617,4.9711213,4.8197117
1993-07-11 12:00:00,2.7532604,2.918886,3.4842303,5.368486,4.4068456,3.949521
1993-07-12 12:00:00,1.8152435,2.1143274,2.4906995,4.183566,7.1439085,2.6004345
1993-07-13 12:00:00,2.1054828,2.043702,2.7260342,4.1970105,7.1199074,2.455716
1993-07-14 12:00:00,2.5571582,2.1828806,2.9606133,3.91521,6.925576,2.5321894
1993-07-15 12:00:00,1.602194,2.1630971,3.1967628,2.5359404,7.499685,2.4790683
1993-07-16 12:00:00,1.083349,1.3950777,3.3262985,3.118869,7.13885,3.4062223
1993-07-17 12:00:00,1.054884,1.8097708,2.73319,2.9027793,5.6314287,2.925439
1993-07-18 12:00:00,1.1565152,1.42401,2.7791364,3.4233763,5.3494554,2.8945937
1993-07-19 12:00:00,2.474549,2.426967,4.101778,4.673323,5.933801,3.4934855
1993-07-20 12:00:00,3.158132,3.6702397,4.3732405,6.8045936,5.8185773,4.8777823
1993-07-21 12:00:00,2.6327999,2.7475011,3.3375797,7.182609,7.0762343,5.1979833
1993-07-22 12:00:00,2.0777788,2.4128501,2.983561,3.8190663,5.820623,3.5515296
1993-07-23 12:00:00,2.9959068,2.8042424,3.534275,3.699524,5.500721,4.108365
1993-07-24 12:00:00,2.6093986,2.8729243,3.8297517,4.5006957,4.6801367,4.5284224
1993-07-25 12:00:00,2.2068002,2.6872296,4.5170417,3.749415,3.8399532,4.9965997
1993-07-26 12:00:00,1.5927231,2.1563606,3.399106,3.1095808,4.9699826,3.2092168
1993-07-27 12:00:00,1.3075277,1.5859278,2.9902735,2.378651,4.831552,3.0695293
1993-07-28 12:00:00,2.5854518,2.9223847,4.2168283,3.6794376,3.850308,4.1127687
1993-07-29 12:00:00,3.5910487,4.094768,7.1827345,4.921573,5.5793357,5.5477104
1993-07-30 12:00:00,2.798737,3.1243145,4.7631893,7.7841306,7.158288,6.9817014
1993-07-31 12:00:00,3.9426496,3.854613,5.0184603,7.1278033,6.557753,5.8642383
1993-08-01 12:00:00,3.0793247,3.446171,4.735103,5.7039156,7.2844834,4.290685
1993-08-02 12:00:00,2.338139,2.833635,3.9845502,8.395043,8.901011,5.10753
1993-08-03 12:00:00,2.720623,2.928621,3.4001057,6.892386,6.7101545,4.21458
1993-08-04 12:00:00,2.181393,2.7953734,3.2726965,8.650126,9.385513,4.4946346
1993-08-05 12:00:00,2.0614026,2.089254,2.980789,6.5923123,10.441625,2.0526738
1993-08-06 12:00:00,3.4307826,2.8921616,2.4999585,3.9964962,9.038329,2.243494
1993-08-07 12:00:00,2.3166673,2.7231336,3.7738597,2.717915,5.986924,2.67759
1993-08-08 12:00:00,3.3244257,2.6767683,3.5990133,3.4800713,2.891739,3.4620955
1993-08-09 12:00:00,1.577739,2.1751175,5.2570996,4.6332684,3.7983186,5.0126796
1993-08-10 12:00:00,2.6455731,2.5754807,5.3664684,3.0826879,5.371244,3.9797697
1993-08-11 12:00:00,3.4381676,3.0191736,7.925618,5.7241035,5.628397,6.2039356
1993-08-12 12:00:00,6.6397834,6.35276,10.225342,5.7639527,3.6121786,8.754506
1993-08-13 12:00:00,3.8193548,3.3571482,5.030263,2.3086314,4.818276,3.0561917
1993-08-14 12:00:00,0.9427911,1.6751829,2.2880836,4.807633,6.1719394,3.573698
1993-08-15 12:00:00,1.3671709,1.3204733,2.4532528,4.0877433,5.1008396,3.142853
1993-08-16 12:00:00,1.8542794,1.7282931,3.317664,3.2128546,2.7385588,3.2969024
1993-08-17 12:00:00,4.335069,4.2216387,5.0546246,4.7857866,4.0230184,5.4980907
1993-08-18 12:00:00,4.2325673,3.8414004,4.253162,4.909186,4.8959093,2.956521
1993-08-19 12:00:00,3.2359035,3.1720243,3.5337844,4.9280963,6.208963,3.5624976
1993-08-20 12:00:00,1.7889336,2.084001,3.0753372,3.2973325,4.698297,2.197968
1993-08-21 12:00:00,1.3271005,1.935013,4.324656,2.9742565,6.274217,2.9080386
1993-08-22 12:00:00,3.2693338,3.2210345,4.7558174,4.956699,4.4636297,4.540313
1993-08-23 12:00:00,5.2444606,4.784643,7.1753187,5.0207057,5.7407703,6.5322423
1993-08-24 12:00:00,2.0950146,2.419632,4.0984573,7.5902276,8.244488,3.85921
1993-08-25 12:00:00,2.9153368,3.5755045,5.0966573,8.296798,4.237919,5.412866
1993-08-26 12:00:00,4.2224817,5.5501776,6.764014,10.036705,4.1163187,7.599016
1993-08-27 12:00:00,3.4349627,4.626665,5.2320933,7.411096,4.5920134,5.457871
1993-08-28 12:00:00,2.4974587,2.6670122,2.5656586,6.681383,5.1738515,3.3104844
1993-08-29 12:00:00,2.7636635,2.9132307,4.3094335,4.7136426,6.621387,3.383479
1993-08-30 12:00:00,3.0168111,3.3129852,5.2680564,5.83006,7.000087,5.5163984
1993-08-31 12:00:00,5.1739125,5.4590516,9.711475,7.772475,6.985328,8.694248
1993-09-01 12:00:00,3.8889754,3.966286,5.8588734,3.3611505,3.6632044,4.337184
1993-09-02 12:00:00,1.2538236,1.4709418,2.3450096,5.947502,6.8351297,3.123326
1993-09-03 12:00:00,1.1188568,1.313311,2.0449545,5.6207495,8.437692,1.740395
1993-09-04 12:00:00,1.0691514,1.366259,2.533028,2.401176,7.9055314,1.9312476
1993-09-05 12:00:00,2.705196,2.495988,2.6479404,3.586903,7.2463336,2.5207498
1993-09-06 12:00:00,2.2306886,2.4656892,3.175317,6.861029,8.601377,4.1101336
1993-09-07 12:00:00,3.2803166,3.4632788,6.400301,6.2100286,9.012696,5.874615
1993-09-08 12:00:00,2.3092952,2.5565016,4.1294656,9.86559,11.678817,4.183089
1993-09-09 12:00:00,1.7244338,2.2722218,3.3878086,8.506785,11.526241,4.1003966
1993-09-10 12:00:00,1.2570057,1.59939,2.213188,6.6028,7.629419,2.9507768
1993-09-11 12:00:00,1.7125106,2.5191987,3.2914414,5.80501,7.8957677,4.706235
1993-09-12 12:00:00,2.5893192,2.6740963,3.3596513,5.2602277,7.4188104,2.8298097
1993-09-13 12:00:00,3.0149086,3.2445428,6.2903395,6.145906,6.2509503,7.1963553
1993-09-14 12:00:00,3.357415,3.6484659,7.473441,6.8061714,5.0609913,7.3177195
1993-09-15 12:00:00,3.1647866,3.1993117,5.014934,6.1287756,6.3419046,4.379854
1993-09-16 12:00:00,4.118629,4.128565,4.674528,5.522873,7.1752377,3.4152558
1993-09-17 12:00:00,4.455824,4.053486,7.4339905,5.8233805,5.532899,4.3193736
1993-09-18 12:00:00,3.5153513,2.687383,4.0652485,4.404731,4.174237,2.1885931
1993-09-19 12:00:00,1.8841466,1.7263267,3.8693085,4.1169243,3.98046,3.427115
1993-09-20 12:00:00,1.7480656,2.513184,4.5696044,6.6661777,4.4266973,6.2832217
1993-09-21 12:00:00,2.5361495,3.138972,6.1043916,6.816368,5.155828,7.090371
1993-09-22 12:00:00,2.8295326,3.4247684,4.976437,4.8828144,4.017582,4.306256
1993-09-23 12:00:00,2.2731159,3.0976138,3.7057366,5.196423,7.3009725,3.5664656
1993-09-24 12:00:00,2.8846319,2.8984473,4.4170732,3.2667353,6.341467,3.5132852
1993-09-25 12:00:00,1.4261556,1.4589214,3.1755168,2.918624,5.538105,2.4420412
1993-09-26 12:00:00,1.3150048,1.6893581,3.9348989,4.5617414,5.599078,3.4885933
1993-09-27 12:00:00,2.8567402,3.41499,7.173195,4.9875717,5.224235,5.66977
1993-09-28 12:00:00,2.2806766,2.5834966,3.6770108,2.8141556,3.65577,3.0145893
1993-09-29 12:00:00,1.5949701,1.4358473,3.4795508,4.31117,3.179157,2.8433776
1993-09-30 12:00:00,2.8632367,2.3460336,4.9992933,2.527936,6.7218256,2.8891675
1993-10-01 12:00:00,1.0822759,1.2249043,2.9985175,4.6533175,10.719175,1.6091734
1993-10-02 12:00:00,0.9267022,1.3278611,3.034513,4.915495,7.379684,1.7456714
1993-10-03 12:00:00,3.7142456,3.579524,7.1038136,6.445433,4.2394423,6.5289426
1993-10-04 12:00:00,4.710543,4.827972,7.102317,6.7680855,5.1241016,6.1159735
1993-10-05 12:00:00,3.6236124,3.347295,4.369807,3.0400112,3.1884785,3.1354687
1993-10-06 12:00:00,2.346808,1.7435784,4.5876584,4.0735593,3.2343326,3.3541791
1993-10-07 12:00:00,1.7948966,1.7896638,6.684076,5.8007455,6.408055,5.4682126
1993-10-08 12:00:00,1.3964992,1.8766632,7.1284094,8.002852,6.578274,6.9395795
1993-10-09 12:00:00,1.9715358,2.053705,8.595651,5.651973,6.146511,6.2803845
1993-10-10 12:00:00,1.8636045,1.629607,4.2576585,5.194592,4.030634,2.435607
1993-10-11 12:00:00,1.5042186,1.9951862,3.8632662,7.7675185,8.069808,4.6514096
1993-10-12 12:00:00,2.075001,2.4226944,4.7938595,4.5586696,6.8910866,5.267954
1993-10-13 12:00:00,2.3702235,2.916396,5.3011665,9.055181,8.651261,6.4316607
1993-10-14 12:00:00,2.823788,3.4859903,5.829112,11.129878,10.48204,6.8340535
1993-10-15 12:00:00,3.7267408,4.9287167,6.6608477,10.5163965,9.340918,7.706282
1993-10-16 12:00:00,4.0492744,5.8037224,7.2099247,11.776646,9.139647,8.982088
1993-10-17 12:00:00,2.9383872,3.6061115,7.0515933,7.900735,9.416358,3.7894971
1993-10-18 12:00:00,3.1839347,3.59014,6.822055,7.6396255,7.087625,8.096246
1993-10-19 12:00:00,4.2248664,4.1065063,6.9477453,9.794301,9.20875,6.451458
1993-10-20 12:00:00,3.4920955,4.703188,5.508505,11.070907,7.0001807,6.2301207
1993-10-21 12:00:00,1.8112082,2.1519723,3.9629548,5.490871,6.8478303,5.152501
1993-10-22 12:00:00,1.9150757,2.0847855,4.467794,6.510502,5.5662165,5.327181
1993-10-23 12:00:00,1.9527375,2.1173599,5.226301,6.3805747,5.7199755,6.321225
1993-10-24 12:00:00,4.5845118,5.314926,7.6598496,9.236366,9.488196,8.0210495
1993-10-25 12:00:00,4.1749115,4.7227955,6.9301195,6.749986,9.579732,6.701714
1993-10-26 12:00:00,5.12192,5.625419,8.146167,8.636513,6.5448837,7.974624
1993-10-27 12:00:00,4.1403313,4.705033,8.559525,8.072799,6.085418,8.135028
1993-10-28 12:00:00,3.445132,3.5922387,4.5587068,6.361062,8.374219,4.812007
1993-10-29 12:00:00,3.26283,3.1642947,6.4664645,7.9900756,8.414742,7.761752
1993-10-30 12:00:00,3.178967,3.3333864,5.3642454,8.45622,9.708912,6.3076525
1993-10-31 12:00:00,2.2194476,2.7131672,5.100125,10.767918,12.083578,7.55049
1993-11-01 12:00:00,2.701647,3.3696277,5.345608,8.272158,13.740783,7.493396
1993-11-02 12:00:00,1.1557751,1.3373835,3.613409,5.0780125,8.180119,3.8078208
1993-11-03 12:00:00,0.8508418,1.0924551,4.8040843,3.1985817,5.910652,3.2083383
1993-11-04 12:00:00,1.1633193,1.251589,5.481089,2.862036,9.743251,2.5351577
1993-11-05 12:00:00,2.148642,1.8097546,4.8008027,2.883566,8.758128,2.8895051
1993-11-06 12:00:00,1.3512341,1.4157894,6.04455,3.344595,5.6271987,3.8003426
1993-11-07 12:00:00,1.7846093,1.7807697,6.3067656,4.10664,4.8293133,6.233702
1993-11-08 12:00:00,1.1156702,1.5165064,3.1869934,4.452572,3.428347,3.860525
1993-11-09 12:00:00,2.9785872,2.8830888,5.644844,6.756337,9.486557,5.69645
1993-11-10 12:00:00,3.5991473,3.7821367,6.98154,8.892779,10.57071,8.063684
1993-11-11 12:00:00,3.206646,2.9101229,7.0630236,7.188357,8.205145,2.7034152
1993-11-12 12:00:00,1.7890533,1.8550496,4.105539,3.376687,6.102777,2.4449008
1993-11-13 12:00:00,2.139914,2.3542578,6.154944,5.8679714,4.2139874,5.761629
1993-11-14 12:00:00,4.0230217,3.9098268,7.2400866,9.636668,9.956813,7.968846
1993-11-15 12:00:00,6.0936027,5.36125,8.288034,9.038647,9.153441,8.025748
1993-11-16 12:00:00,5.1608405,4.9678087,8.348779,10.920563,8.859211,7.9768286
1993-11-17 12:00:00,2.6441236,3.1560726,4.4771338,9.497938,13.581679,4.6469836
1993-11-18 12:00:00,3.4570997,3.9798985,7.0119457,10.908029,10.498742,8.271818
1993-11-19 12:00:00,3.7767076,3.8271499,7.842975,8.978774,6.9844413,7.325368
1993-11-20 12:00:00,3.6430547,3.774317,8.6252,7.6786933,6.0590143,7.7284875
1993-11-21 12:00:00,4.810576,5.4568844,10.879129,9.698953,4.4520917,11.147916
1993-11-22 12:00:00,3.5301528,3.8469944,9.149801,7.4181404,6.235374,8.643345
1993-11-23 12:00:00,3.4767413,3.8853695,6.45134,8.520729,7.2599654,5.902368
1993-11-24 12:00:00,4.913455,5.1814766,9.071345,11.360496,10.441109,9.12792
1993-11-25 12:00:00,4.3461843,4.1477194,8.17313,8.013323,9.280623,7.296222
1993-11-26 12:00:00,2.6794045,2.6986148,7.158494,6.347921,5.3639207,5.84767
1993-11-27 12:00:00,4.560552,4.1746817,11.181876,7.156985,4.773958,10.312703
1993-11-28 12:00:00,4.8576026,4.0721507,8.16944,8.135788,4.711144,6.436122
1993-11-29 12:00:00,2.2304235,2.6656492,5.029167,4.09086,4.0513935,3.6421237
1993-11-30 12:00:00,1.5971014,1.9374267,4.0492864,5.2936935,6.0181227,3.7380316
1993-12-01 12:00:00,1.8018494,2.0302348,3.2597308,5.9362397,5.080866,2.9952426
1993-12-02 12:00:00,2.234616,2.519575,6.2574053,6.7783003,5.14674,6.112543
1993-12-03 12:00:00,3.5662527,3.943807,9.794614,9.465364,6.7853174,8.329552
1993-12-04 12:00:00,4.515241,5.2493477,7.1384206,9.725543,7.835398,6.1903725
1993-12-05 12:00:00,4.0595784,4.404634,7.355143,9.864267,8.31457,8.723314
1993-12-06 12:00:00,7.17779,7.4798155,12.794056,12.365143,10.412688,13.657759
1993-12-07 12:00:00,4.9103017,5.4539123,7.809969,10.6734915,9.930904,7.5237474
1993-12-08 12:00:00,1.9905683,2.4292467,4.56277,7.3313046,9.717602,3.9173813
1993-12-09 12:00:00,3.0795968,3.3105786,4.6206164,7.715628,8.514285,4.369074
1993-12-10 12:00:00,2.1380703,2.8419666,7.451027,5.850887,5.599545,7.4148808
1993-12-11 12:00:00,1.9065586,1.8519909,4.700132,4.1336646,4.527349,3.4297428
1993-12-12 12:00:00,2.6809044,3.0352526,4.7476296,6.7603993,9.223551,4.380859
1993-12-13 12:00:00,3.0162191,3.4137602,6.0809674,7.724827,9.327861,5.4145455
1993-12-14 12:00:00,2.2809944,2.6330092,5.4724565,6.653411,6.443405,4.4456406
1993-12-15 12:00:00,1.3436524,1.656831,3.504496,5.109672,5.618269,3.6927714
1993-12-16 12:00:00,2.8812191,3.143659,7.176684,8.326308,7.1926894,6.733959
1993-12-17 12:00:00,3.765843,3.4582758,9.988661,6.1134586,8.544446,6.2063017
1993-12-18 12:00:00,2.590631,2.9059546,8.895552,7.019626,5.51267,5.951636
1993-12-19 12:00:00,3.8026106,4.093688,8.359737,10.176083,5.442177,8.267156
1993-12-20 12:00:00,4.869354,4.9580717,10.587205,9.505279,5.090359,9.770612
1993-12-21 12:00:00,4.163728,4.093851,8.231097,9.533275,7.825373,8.017166
1993-12-22 12:00:00,1.4545336,2.1158473,6.124032,8.338925,6.4189277,5.9671726
1993-12-23 12:00:00,3.5958157,3.4357285,6.0315595,7.7788095,5.9989915,5.369886
1993-12-24 12:00:00,2.4524686,2.9218705,5.409699,8.6624,4.748794,6.8763003
1993-12-25 12:00:00,2.0933611,2.5071008,4.221346,5.969663,5.147602,4.5488825
1993-12-26 12:00:00,2.1389186,2.475255,4.0849814,3.3741357,4.4447174,2.5827577
1993-12-27 12:00:00,3.8036098,3.7108884,6.043598,4.646752,5.982164,4.348937
1993-12-28 12:00:00,2.962313,2.7175963,7.7519665,4.0150814,4.817079,4.8682065
1993-12-29 12:00:00,2.3087726,2.0522203,5.2077694,5.450181,6.246706,3.674014
1993-12-30 12:00:00,1.2375584,1.5385807,3.6269097,4.738646,9.08168,2.7385888
1993-12-31 12:00:00,1.8206484,1.8175821,6.27762,5.762369,7.181747,5.0624127
1994-01-01 12:00:00,3.5761275,3.7008379,8.841471,8.94862,7.781473,8.605506
1994-01-02 12:00:00,3.7928863,3.52912,6.381802,8.019931,8.038654,5.841387
1994-01-03 12:00:00,3.500574,3.6401436,7.602366,8.804557,7.116668,8.275186
1994-01-04 12:00:00,4.4048095,4.649317,7.313451,7.26579,9.881988,6.336876
1994-01-05 12:00:00,3.5980072,3.7138758,8.373256,8.141109,5.490766,9.1105795
1994-01-06 12:00:00,5.5233493,5.541337,9.5476,11.368616,9.78867,10.291856
1994-01-07 12:00:00,4.120786,4.0957417,6.8752656,7.4759235,5.9857287,6.856832
1994-01-08 12:00:00,2.0173602,2.2259226,4.9941735,6.343569,5.170354,4.1657705
1994-01-09 12:00:00,3.1925337,3.3018484,6.0466166,9.286162,8.544756,7.1092873
1994-01-10 12:00:00,3.882117,3.862607,6.616343,9.609271,9.468573,8.165187
1994-01-11 12:00:00,2.2180007,2.3159857,3.8129733,8.355258,10.517514,5.0470037
1994-01-12 12:00:00,3.1945581,3.1426666,6.1733747,8.907675,9.536746,7.1627626
1994-01-13 12:00:00,3.4791315,3.6252856,8.265788,8.9050455,10.863902,8.151938
1994-01-14 12:00:00,5.31263,5.822715,10.142219,10.931327,10.425453,10.886879
1994-01-15 12:00:00,4.710539,4.8659563,6.627244,9.049242,11.851971,6.9603214
1994-01-16 12:00:00,2.2439766,2.1768806,3.718404,5.659702,8.854574,4.145351
1994-01-17 12:00:00,2.9417636,3.1513047,6.261078,8.357597,8.105963,6.9598837
1994-01-18 12:00:00,3.6523812,3.6209867,7.472055,7.2470245,5.8985763,6.906167
1994-01-19 12:00:00,4.86239,4.3856077,7.1468124,9.722934,4.772028,8.176019
1994-01-20 12:00:00,2.9065132,3.20547,5.9082217,8.178517,7.78491,6.140366
1994-01-21 12:00:00,3.403526,3.4100366,6.1878486,6.6461625,6.4724655,5.6438828
1994-01-22 12:00:00,3.7307718,3.9266124,7.5490737,9.950376,10.615196,7.874321
1994-01-23 12:00:00,5.687746,5.4468694,11.5947695,9.092254,8.459164,10.984861
1994-01-24 12:00:00,4.4118423,4.6937246,9.067391,10.347081,10.846141,8.116558
1994-01-25 12:00:00,4.0438824,4.172113,10.473093,6.5965466,5.7075477,9.520372
1994-01-26 12:00:00,4.5326405,5.4099593,9.463266,9.739557,5.7796173,9.549447
1994-01-27 12:00:00,3.921501,4.374048,7.8490276,11.134036,8.234844,8.669999
1994-01-28 12:00:00,6.886124,6.7600694,10.703396,12.537385,11.306043,11.638066
1994-01-29 12:00:00,5.6807747,6.042429,9.549219,12.732961,8.522359,11.194515
1994-01-30 12:00:00,7.617036,7.169804,12.600484,13.929723,12.275083,11.5482645
1994-01-31 12:00:00,4.9839153,4.883961,10.079636,11.264184,12.148238,8.6068
1994-02-01 12:00:00,3.3205087,3.610944,7.897519,8.683378,10.840028,6.95756
1994-02-02 12:00:00,3.7904522,3.6762974,7.225102,7.093765,6.699009,7.861499
1994-02-03 12:00:00,1.8589596,2.2389543,3.6270304,5.6075225,8.850443,3.7362165
1994-02-04 12:00:00,2.307783,2.61036,5.681427,6.959252,9.23091,5.697332
1994-02-05 12:00:00,5.171635,5.3140326,9.462737,10.624556,7.12205,9.785193
1994-02-06 12:00:00,3.7797468,4.60205,7.002714,10.704512,6.0122585,7.740913
1994-02-07 12:00:00,1.8533875,2.2508326,5.0540986,6.187617,5.484229,5.281479
1994-02-08 12:00:00,3.2918487,4.029308,8.784608,10.075795,9.555543,9.372793
1994-02-09 12:00:00,2.4485323,3.1033714,8.124709,7.5846043,8.348547,7.2662354
1994-02-10 12:00:00,1.6698694,1.975982,7.335236,5.9424887,7.6177487,6.654009
1994-02-11 12:00:00,1.4992833,1.4403957,4.5520353,3.6579642,5.8465276,3.6185732
1994-02-12 12:00:00,3.772852,3.4890356,6.462145,6.3999724,4.3751445,4.531158
1994-02-13 12:00:00,3.510978,3.7678068,6.8899693,7.1575913,5.4031916,6.4563665
1994-02-14 12:00:00,0.93071747,1.7428226,4.8371453,7.2989826,9.389105,6.8099174
1994-02-15 12:00:00,1.6913521,1.9106102,6.655611,7.159137,7.3044605,6.085074
1994-02-16 12:00:00,2.320839,2.801048,6.000458,8.420153,8.91989,7.0612364
1994-02-17 12:00:00,3.0702868,3.4571373,6.475528,8.855446,10.979099,7.7173505
1994-02-18 12:00:00,1.7648885,2.43057,6.475928,8.836188,10.857233,7.1562037
1994-02-19 12:00:00,1.2405901,1.3613946,4.861358,5.994451,7.3953094,4.7973137
1994-02-20 12:00:00,2.7059827,2.7223933,6.105959,5.1897626,4.7142577,5.596212
1994-02-21 12:00:00,3.012642,2.9592166,5.225513,5.2733893,3.6270332,4.8307514
1994-02-22 12:00:00,1.4705108,1.694975,3.5552688,4.62321,5.29271,4.3046255
1994-02-23 12:00:00,1.6042467,1.9917027,4.1285167,6.0130835,3.8564234,4.5351224
1994-02-24 12:00:00,1.7318436,2.0084176,4.3074737,6.5338902,3.434663,4.917207
1994-02-25 12:00:00,2.357639,2.5608072,6.419806,5.3629284,3.5732737,6.585653
1994-02-26 12:00:00,2.3925922,2.6723576,6.5957947,6.337618,4.7247577,7.228625
1994-02-27 12:00:00,2.8334951,2.8630261,7.5726714,6.7869954,5.9508877,7.9050593
1994-02-28 12:00:00,3.7140546,4.1489377,8.221319,11.196409,8.710527,9.906713
1994-03-01 12:00:00,5.4540963,5.4339385,9.43107,9.854864,10.134048,9.904998
1994-03-02 12:00:00,5.930631,5.979187,9.731724,10.06372,9.583526,10.611834
1994-03-03 12:00:00,5.627153,5.5412807,8.268121,11.406978,10.999211,8.426386
1994-03-04 12:00:00,3.7233346,3.521275,6.1509924,8.2042265,10.034839,4.3018026
1994-03-05 12:00:00,3.5140715,3.3458292,5.848907,6.4602494,6.008434,5.3663993
1994-03-06 12:00:00,3.1330004,3.053632,6.2437544,5.2302713,8.012455,4.1089354
1994-03-07 12:00:00,1.9397552,1.6913103,5.403813,4.8137503,8.771921,3.3064752
1994-03-08 12:00:00,2.2651649,1.9985509,7.40188,4.62987,9.150002,4.4157104
1994-03-09 12:00:00,3.6385288,3.6983204,9.253827,7.57485,6.366091,6.0718517
1994-03-10 12:00:00,4.187322,4.244326,7.898304,6.622476,6.063138,5.671655
1994-03-11 12:00:00,3.8061588,3.4275718,7.2503066,5.5469494,3.9315388,4.8686085
1994-03-12 12:00:00,2.9091175,2.8371031,6.237282,4.4956384,5.0069933,5.081022
1994-03-13 12:00:00,4.112757,4.0247483,5.8013554,4.974944,5.3871036,4.4625087
1994-03-14 12:00:00,3.5349705,3.8057215,4.386613,5.824704,5.1088986,4.5982723
1994-03-15 12:00:00,2.0250149,1.6526405,5.2661,5.1048965,4.2454023,3.0973246
1994-03-16 12:00:00,1.6162331,1.3903002,3.73285,3.1913362,4.5014563,2.1489856
1994-03-17 12:00:00,1.2283247,1.426676,2.7679842,3.5079687,4.5957456,2.866763
1994-03-18 12:00:00,2.3720045,1.982602,3.8579478,3.35322,4.344004,4.1543703
1994-03-19 12:00:00,2.7456312,2.6028225,5.0674396,3.5917432,4.207822,4.8795714
1994-03-20 12:00:00,1.5881195,1.9370062,3.28205,4.4886513,5.0057235,3.6888232
1994-03-21 12:00:00,2.3978734,3.0062,3.3682492,5.9152355,4.9694724,3.2488244
1994-03-22 12:00:00,3.0969412,3.246214,5.321628,7.9750986,5.2562437,6.1618466
1994-03-23 12:00:00,2.88111,3.006495,5.4230027,7.993753,8.51076,5.8267303
1994-03-24 12:00:00,3.2078261,2.9325585,5.6794205,5.140465,6.085111,5.3806257
1994-03-25 12:00:00,1.1100649,1.4348956,6.611223,5.1773167,5.8586693,4.0205755
1994-03-26 12:00:00,4.047964,3.8787773,7.751435,6.4097023,3.9260736,7.0004997
1994-03-27 12:00:00,3.4961414,3.1355827,4.290751,4.975423,3.2093246,3.8010619
1994-03-28 12:00:00,1.8077964,2.1313527,4.628925,5.053652,6.57578,3.87225
1994-03-29 12:00:00,5.3490014,5.3958406,6.681016,7.275093,8.746919,7.241168
1994-03-30 12:00:00,2.1335778,2.4552572,4.989365,5.6226225,9.410434,3.1784327
1994-03-31 12:00:00,2.7043414,2.8459756,4.8061185,6.435687,7.4793177,4.2788935
1994-04-01 12:00:00,1.9172189,1.9273003,3.5457008,3.6539774,5.4854155,3.996694
1994-04-02 12:00:00,1.6350876,1.9051665,3.6575828,4.896451,6.546951,3.4107854
1994-04-03 12:00:00,3.3842115,2.7183619,4.6706405,2.584242,7.161484,4.0014653
1994-04-04 12:00:00,3.2194006,2.7264888,3.7444494,4.610497,6.9133167,3.506182
1994-04-05 12:00:00,3.065107,3.8626904,8.7395315,9.196326,7.4664087,10.307744
1994-04-06 12:00:00,6.9509735,7.401078,10.19935,10.401578,7.6896696,9.339708
1994-04-07 12:00:00,5.336262,5.115607,8.769909,7.4593954,8.739025,7.307835
1994-04-08 12:00:00,4.0114245,3.8814878,5.274275,7.346771,6.993014,6.453649
1994-04-09 12:00:00,1.492902,1.5767114,3.4271655,4.8640203,6.731049,3.5322013
1994-04-10 12:00:00,1.5447996,2.0543678,3.9949036,4.185549,5.9998565,3.7100577
1994-04-11 12:00:00,2.7124846,2.243847,4.6546226,3.5822163,4.1377373,2.660524
1994-04-12 12:00:00,1.8976523,1.8551774,3.3503199,5.1027374,3.713467,2.5499146
1994-04-13 12:00:00,2.4801116,2.8192794,4.1729918,5.580801,4.5261207,4.029766
1994-04-14 12:00:00,3.3058105,3.308715,5.149991,5.1516466,4.631932,5.122615
1994-04-15 12:00:00,1.780979,2.1180995,4.943836,3.6631505,4.0754485,3.7712026
1994-04-16 12:00:00,4.844561,4.9211664,8.080917,8.054693,9.577841,7.6173263
1994-04-17 12:00:00,4.0765095,4.287277,3.9700317,6.763131,11.879228,4.325296
1994-04-18 12:00:00,3.833314,3.382757,4.610968,7.008353,10.495074,4.208666
1994-04-19 12:00:00,5.29609,4.923788,3.9681482,5.895132,6.083172,3.660429
1994-04-20 12:00:00,5.170699,5.2161984,4.6994743,7.265632,5.2157316,5.549933
1994-04-21 12:00:00,5.579149,5.8461685,6.5349574,6.2957363,4.650865,6.1748257
1994-04-22 12:00:00,3.8947027,3.3811777,3.8599172,2.650826,4.8865385,2.3391786
1994-04-23 12:00:00,2.3138719,2.6560628,5.2502594,8.144089,8.668141,6.986838
1994-04-24 12:00:00,4.2777524,3.4713542,5.74883,5.9768114,5.761661,5.5826974
1994-04-25 12:00:00,4.1769505,3.678742,6.4494815,5.9389896,5.7487974,6.3239226
1994-04-26 12:00:00,4.1300983,3.5361598,6.6564403,6.10169,7.9923377,7.3652253
1994-04-27 12:00:00,2.952213,2.8134484,6.5543723,7.615043,6.7957625,5.77324
1994-04-28 12:00:00,4.276604,3.9983206,4.835801,6.2337475,4.306644,4.237439
1994-04-29 12:00:00,3.8175232,3.7903984,9.980344,5.498138,5.244449,6.372347
1994-04-30 12:00:00,3.6363919,3.2858222,9.628592,4.429254,4.5747304,5.481727
1994-05-01 12:00:00,2.0137951,2.0603611,4.830391,3.5283244,5.036814,3.2634048
1994-05-02 12:00:00,3.069392,3.3688076,4.25748,4.1684213,3.8548613,3.8724267
1994-05-03 12:00:00,2.7251658,2.4793663,3.7885756,4.031942,5.4469466,3.2550654
1994-05-04 12:00:00,2.396779,2.5523636,4.6572328,5.6888514,6.4165087,5.0379834
1994-05-05 12:00:00,3.8463404,3.645526,4.800436,4.3783636,4.7648296,4.2854776
1994-05-06 12:00:00,3.3878748,3.6273167,4.325999,3.9930475,4.579084,2.7832782
1994-05-07 12:00:00,3.3525727,3.8560674,5.2642484,5.3407574,5.085495,4.1112394
1994-05-08 12:00:00,4.9175296,5.2579045,7.0255857,7.5753336,4.650233,7.340599
1994-05-09 12:00:00,2.1773872,2.7439365,4.6520653,5.915976,5.3010526,6.446026
1994-05-10 12:00:00,1.265319,1.5780202,2.8181896,5.9676785,6.3691726,4.8664074
1994-05-11 12:00:00,3.3663292,2.9503777,5.8521957,4.4177012,7.902668,3.8988266
1994-05-12 12:00:00,4.538845,4.154479,8.232909,5.874998,6.679172,7.338231
1994-05-13 12:00:00,3.0586843,3.4971328,5.1003146,7.0239744,5.1272273,6.428578
1994-05-14 12:00:00,1.731553,2.0664432,5.3584423,4.2726645,5.9184456,4.9527755
1994-05-15 12:00:00,2.9120011,3.0500333,4.1872725,5.5736833,5.202714,5.8690243
1994-05-16 12:00:00,3.0037892,3.1892412,4.2331896,6.1576605,4.665394,5.911037
1994-05-17 12:00:00,2.7894964,3.250877,3.4388855,4.9517684,4.8210545,4.3659854
1994-05-18 12:00:00,2.8203435,2.5925777,3.997391,3.9972346,5.1391754,4.091648
1994-05-19 12:00:00,3.1605966,3.2905288,3.640295,5.5344872,6.0782285,4.3799148
1994-05-20 12:00:00,4.7081175,4.808039,5.8341036,7.0200944,8.123896,6.7925477
1994-05-21 12:00:00,3.9967825,4.4869637,3.5450594,7.3300962,8.544176,4.7924104
1994-05-22 12:00:00,3.1340725,2.8876648,4.3322372,4.8551726,4.2985067,2.8190172
1994-05-23 12:00:00,3.514041,3.1860328,3.752552,4.000111,2.544872,3.0776494
1994-05-24 12:00:00,3.0060446,2.8042548,3.838672,2.704177,3.1173468,2.615827
1994-05-25 12:00:00,2.5447152,2.1502354,4.1291885,2.980543,3.874131,3.7514615
1994-05-26 12:00:00,4.628073,4.6434045,6.17091,4.9153967,4.011721,5.3424873
1994-05-27 12:00:00,3.519904,3.7687562,6.5042434,7.0957794,6.93791,6.8521943
1994-05-28 12:00:00,4.0666304,3.9700258,7.7126236,7.032958,6.8046694,8.745029
1994-05-29 12:00:00,5.228709,5.2377663,7.041174,8.904849,5.21392,8.245006
1994-05-30 12:00:00,3.9028494,3.035511,5.087806,4.643775,4.8339643,3.4517758
1994-05-31 12:00:00,5.643268,5.3434963,8.553427,6.7059636,4.0880775,5.125119
1994-06-01 12:00:00,6.4971995,5.5337133,7.5641723,5.6404495,4.9348598,4.1669426
1994-06-02 12:00:00,2.2660923,2.4877937,6.468404,5.186885,5.627917,5.5501494
1994-06-03 12:00:00,2.6938891,3.4477482,7.7620587,5.0279617,7.234756,6.197219
1994-06-04 12:00:00,3.094242,3.3857203,4.0353923,3.4874818,3.7147598,2.6891737
1994-06-05 12:00:00,3.2231426,3.2663114,4.7862296,4.98474,4.7976775,3.9347265
1994-06-06 12:00:00,3.24684,3.4521825,2.861522,4.739902,4.452293,2.8850405
1994-06-07 12:00:00,2.3812566,2.8860385,2.445075,5.0798573,6.072332,2.281149
1994-06-08 12:00:00,2.0367305,1.9973131,4.57214,4.422527,4.562866,4.2853837
1994-06-09 12:00:00,3.910622,4.247915,5.8767076,5.8543677,5.9877424,5.4450407
1994-06-10 12:00:00,2.884525,2.9946144,4.1329618,4.536163,7.4684396,3.575686
1994-06-11 12:00:00,2.5432699,3.010812,3.7531881,3.9496484,7.9256735,3.608825
1994-06-12 12:00:00,2.5292995,2.7388878,3.706528,4.7089605,6.4100623,3.5896087
1994-06-13 12:00:00,4.5889745,4.2366743,5.314588,6.805872,6.920241,5.868678
1994-06-14 12:00:00,4.4540267,4.150868,5.2906594,6.049269,4.672305,4.986162
1994-06-15 12:00:00,3.1284325,2.6555936,4.294684,3.2914426,3.875407,3.0624602
1994-06-16 12:00:00,4.44857,4.107657,5.795956,4.479028,3.245042,4.0873227
1994-06-17 12:00:00,3.5568206,3.3770971,5.3579555,4.230153,4.1877384,3.4420495
1994-06-18 12:00:00,1.9453385,2.1751592,2.78894,4.0311766,5.0393596,2.640851
1994-06-19 12:00:00,2.5233428,2.3322442,3.2880552,2.528172,3.4225376,3.322214
1994-06-20 12:00:00,1.7666563,2.0678046,5.052772,3.0548809,3.517462,4.185915
1994-06-21 12:00:00,4.1596103,4.561097,7.429789,4.9591203,5.254671,5.965621
1994-06-22 12:00:00,3.029975,3.7500162,5.4066014,8.494221,4.679669,6.253037
1994-06-23 12:00:00,5.5349827,5.855107,7.574129,11.3305855,8.067099,9.568598
1994-06-24 12:00:00,4.463384,4.5894213,4.679225,9.25945,9.319868,6.1143556
1994-06-25 12:00:00,3.2836273,3.5197864,5.6760077,8.760456,10.311035,7.8488245
1994-06-26 12:00:00,5.096003,4.8173547,6.2294083,8.066056,6.8070946,7.212144
1994-06-27 12:00:00,5.1092453,5.0542316,7.424112,8.4454775,7.0884366,7.273586
1994-06-28 12:00:00,4.202323,3.863397,5.134355,5.601147,7.4982843,4.4871993
1994-06-29 12:00:00,2.9700723,3.5839243,4.912201,5.273813,6.49704,3.9809756
1994-06-30 12:00:00,1.9362383,2.2185555,3.4172056,6.8644557,7.88301,3.0309494
1994-07-01 12:00:00,2.711014,2.9583626,3.6820374,8.230104,9.325165,5.308114
1994-07-02 12:00:00,1.66387,2.3523731,3.7370157,6.0087585,9.895833,3.4904926
1994-07-03 12:00:00,2.381291,1.9445969,3.8970947,4.0226407,9.685851,3.3563228
1994-07-04 12:00:00,1.609947,1.4249418,2.7153776,2.9064684,6.736542,2.075109
1994-07-05 12:00:00,1.7430768,1.8006566,3.093477,2.3109143,5.7551446,2.2404037
1994-07-06 12:00:00,2.5840623,2.7453034,4.5041533,2.7059693,3.8993556,3.310359
1994-07-07 12:00:00,2.1295726,2.5151691,3.1092422,3.5210688,4.9947433,3.3466458
1994-07-08 12:00:00,1.0444493,1.4149173,3.4720337,2.8271759,5.9187913,3.7129917
1994-07-09 12:00:00,3.7660096,4.2738743,8.1671295,7.4324455,4.113913,7.3762145
1994-07-10 12:00:00,6.2798443,7.304712,9.556881,9.5177555,10.04354,8.448106
1994-07-11 12:00:00,5.95885,7.400705,9.423154,11.416572,11.076388,9.237534
1994-07-12 12:00:00,7.1983185,7.617805,10.980815,10.549905,8.369837,10.547641
1994-07-13 12:00:00,6.055488,6.335188,7.8672314,7.0996933,5.018958,7.3050213
1994-07-14 12:00:00,2.5869327,2.7226028,4.328401,3.5193257,3.6792767,3.5909367
1994-07-15 12:00:00,2.0216143,2.5303795,6.3503203,3.6592753,5.0376987,4.5467615
1994-07-16 12:00:00,4.172989,4.663095,7.3673368,6.090362,9.570859,5.4032784
1994-07-17 12:00:00,3.8337307,4.0556283,6.495001,7.42692,8.507647,4.595129
1994-07-18 12:00:00,3.4317555,3.1642604,7.052269,5.5182724,5.6124144,5.514737
1994-07-19 12:00:00,4.032754,4.34593,8.595255,5.3834014,3.8780642,6.2973537
1994-07-20 12:00:00,4.358013,4.212181,5.5194125,5.7105546,5.762549,3.8884616
1994-07-21 12:00:00,5.350126,5.1513643,7.9540305,7.2863555,6.373294,6.956987
1994-07-22 12:00:00,5.2681694,5.623883,7.839757,9.388206,8.731771,8.304012
1994-07-23 12:00:00,4.7847543,4.7552805,6.0135336,8.226161,5.081514,7.1618586
1994-07-24 12:00:00,3.5542793,3.940163,6.571824,7.901774,5.775625,6.546365
1994-07-25 12:00:00,4.0354886,4.3616714,6.335586,7.4942336,5.15052,6.753769
1994-07-26 12:00:00,4.1671524,4.0376835,4.7949758,7.0276723,3.9385848,4.661406
1994-07-27 12:00:00,1.6586736,2.3028383,3.1992064,5.8543935,3.943367,2.4657812
1994-07-28 12:00:00,2.7484362,2.7480187,4.1415815,4.7385907,4.423899,4.953639
1994-07-29 12:00:00,4.3746037,3.4201467,4.3172793,3.158843,4.7743015,3.9314947
1994-07-30 12:00:00,3.184214,2.6600585,5.2936974,3.3813066,4.518964,4.7456775
1994-07-31 12:00:00,2.8583305,2.4016151,3.9244554,3.9213538,4.6170635,3.0544975
1994-08-01 12:00:00,1.0249388,1.3174491,3.1535296,3.5259461,4.2738514,2.9947915
1994-08-02 12:00:00,1.5977837,1.5595977,3.3032675,3.101068,4.3504195,2.1611958
1994-08-03 12:00:00,3.1727622,3.4379528,5.589864,3.7273602,6.7958226,5.36946
1994-08-04 12:00:00,4.2169914,4.0941243,6.482426,5.401155,7.403707,4.9597235
1994-08-05 12:00:00,5.108008,4.7786922,8.695161,6.269957,5.583114,7.9068108
1994-08-06 12:00:00,4.6661606,4.4680047,7.3056564,4.8640842,5.18939,6.9841433
1994-08-07 12:00:00,4.0200796,3.8748186,6.73112,3.7827675,6.7028174,4.8657002
1994-08-08 12:00:00,2.3326652,2.5735912,6.1326528,4.032508,6.091192,4.0809593
1994-08-09 12:00:00,3.6070523,3.417714,5.658895,5.3274508,4.7977953,5.546848
1994-08-10 12:00:00,5.1427317,5.1811748,7.3984246,9.227727,3.7093155,7.7765293
1994-08-11 12:00:00,2.982525,3.538007,4.217477,7.7450438,4.837788,5.5904827
1994-08-12 12:00:00,3.1221313,3.75375,6.8232274,6.536573,5.2695007,7.447177
1994-08-13 12:00:00,4.131958,4.6171074,5.990423,7.1540437,6.5122623,7.2245984
1994-08-14 12:00:00,3.278724,3.8969507,3.5409212,4.6188197,6.1336093,4.1124887
1994-08-15 12:00:00,2.5916023,2.9127228,4.744119,4.992082,5.738894,5.367301
1994-08-16 12:00:00,3.6986406,3.833038,6.3975015,6.6509485,7.0480337,8.021
1994-08-17 12:00:00,2.123257,2.8827739,4.5040803,4.7955384,5.174791,5.9740353
1994-08-18 12:00:00,1.9317832,1.647998,2.9593692,2.3959675,3.8813975,2.7884238
1994-08-19 12:00:00,1.8115826,2.0310063,3.6255186,4.5277147,4.2536592,3.9063196
1994-08-20 12:00:00,2.540589,3.0439649,4.4732637,4.7653294,4.587583,3.849811
1994-08-21 12:00:00,2.2193794,2.7602403,3.631264,6.877623,7.6295533,5.643541
1994-08-22 12:00:00,3.6829007,4.068859,5.5239015,6.7953467,5.590547,5.443056
1994-08-23 12:00:00,2.4597683,2.8138187,4.3768773,5.2434444,6.2157917,3.1858606
1994-08-24 12:00:00,2.5218976,2.6646116,3.5293558,4.2440557,5.3928003,3.7481544
1994-08-25 12:00:00,2.4553266,2.4978862,2.8147507,3.6543252,4.3160753,2.373787
1994-08-26 12:00:00,1.5761191,1.6082499,2.0764322,2.8260267,4.2531676,1.8351007
1994-08-27 12:00:00,1.2920729,1.2717894,2.4804754,1.9320061,4.5644927,1.6908333
1994-08-28 12:00:00,2.3321815,1.8867891,3.1925528,2.1047118,6.004492,2.235887
1994-08-29 12:00:00,1.3673265,1.8731714,3.8773541,3.2503848,5.3133497,2.7941282
1994-08-30 12:00:00,1.6662464,1.9346527,3.384552,3.0301707,4.6489625,2.9858415
1994-08-31 12:00:00,2.7399209,2.482832,4.5887623,3.8803895,6.3431516,4.483114
1994-09-01 12:00:00,3.658119,3.059525,4.97314,4.6482677,5.8882294,4.2036858
1994-09-02 12:00:00,2.7946336,2.7218194,5.0608726,4.5512624,3.367461,5.135087
1994-09-03 12:00:00,3.8897047,4.0119476,6.7997594,6.6247807,5.4095254,6.1423125
1994-09-04 12:00:00,2.4720824,2.1433146,4.641458,4.3425703,7.5435534,4.277083
1994-09-05 12:00:00,1.8712193,1.9944369,5.376151,4.1275773,6.5047293,4.6792727
1994-09-06 12:00:00,4.0625463,4.2314973,8.110526,6.743785,4.2932158,8.784129
1994-09-07 12:00:00,3.810461,4.24575,7.2599077,5.8084283,3.713436,6.371723
1994-09-08 12:00:00,2.7066264,3.1928394,4.5797505,5.73674,5.521412,4.5546584
1994-09-09 12:00:00,2.7039027,2.8801916,4.1983366,5.651459,5.0524087,4.3540096
1994-09-10 12:00:00,4.463164,4.3239436,6.849936,8.053625,6.752632,6.924211
1994-09-11 12:00:00,3.3511693,3.1485183,4.595204,7.170083,11.974943,3.9089682
1994-09-12 12:00:00,2.0770988,2.1946392,3.57854,5.102975,10.027901,3.5272632
1994-09-13 12:00:00,2.4778106,2.8397458,4.79434,5.619807,4.7166433,5.6969013
1994-09-14 12:00:00,3.4904401,3.535534,5.463796,6.850403,8.310926,5.6578827
1994-09-15 12:00:00,4.2124815,3.453488,6.9012423,5.295595,6.7194014,5.9750624
1994-09-16 12:00:00,4.14646,3.6630447,8.056581,4.6863837,3.6652358,6.499289
1994-09-17 12:00:00,3.8194823,3.7126238,5.856999,4.9027805,3.2592447,5.2879167
1994-09-18 12:00:00,3.214167,3.5993648,7.3876896,5.4111557,3.299472,6.855756
1994-09-19 12:00:00,6.280655,5.9491043,11.409927,7.0721035,6.1120167,8.429601
1994-09-20 12:00:00,4.946997,5.7300835,6.9145207,8.969975,5.038522,7.0274787
1994-09-21 12:00:00,2.4381547,2.5385728,5.665044,4.923707,4.9439425,3.6497147
1994-09-22 12:00:00,4.246251,4.115399,7.535681,6.2328696,4.3787165,6.584393
1994-09-23 12:00:00,1.9111139,1.8659481,4.3715987,4.6787634,4.2017655,5.168008
1994-09-24 12:00:00,4.4503617,3.8396602,4.8589234,3.7917638,4.2117205,4.457438
1994-09-25 12:00:00,3.9339352,3.6413891,3.5192385,4.527152,4.105505,4.00043
1994-09-26 12:00:00,2.795449,2.7863486,5.108748,5.100587,4.229637,5.1725965
1994-09-27 12:00:00,3.904821,4.0101595,5.2875304,4.883959,4.8006635,4.214089
1994-09-28 12:00:00,3.0269613,2.9587214,3.0916064,3.678802,6.1225595,2.5433314
1994-09-29 12:00:00,1.4858321,1.5605574,2.8579302,3.7796896,7.3684473,2.353587
1994-09-30 12:00:00,1.0172963,1.1763587,4.430512,5.1866837,7.646691,3.678362
1994-10-01 12:00:00,1.7450346,2.226753,7.303323,5.1574574,6.9035354,6.17679
1994-10-02 12:00:00,3.8429859,4.0293775,9.542501,7.245705,7.193962,8.035522
1994-10-03 12:00:00,2.5632286,2.5699267,7.3935475,6.7261586,6.692872,6.5427256
1994-10-04 12:00:00,3.272466,3.1709626,5.7432284,5.268203,6.5482526,4.7334104
1994-10-05 12:00:00,3.4090588,3.5408356,4.720825,5.0184107,5.1339855,2.9639318
1994-10-06 12:00:00,1.9105874,2.3090796,4.9768806,3.936042,5.612557,3.4131162
1994-10-07 12:00:00,2.277961,2.3577864,5.881838,4.9946675,5.2417,3.973354
1994-10-08 12:00:00,2.1477334,2.5932322,3.935664,5.696451,4.081913,3.670712
1994-10-09 12:00:00,1.6654212,2.1132019,5.049165,5.5906878,4.418185,5.191854
1994-10-10 12:00:00,1.4324356,1.7161278,5.0934563,4.8708415,5.651005,3.5048769
1994-10-11 12:00:00,4.2785993,4.745308,8.150674,7.6791105,5.174369,6.9809027
1994-10-12 12:00:00,3.6797023,3.774843,4.578718,4.677569,4.2102356,4.170879
1994-10-13 12:00:00,3.6507246,4.5064526,8.662141,10.495057,10.190146,9.527838
1994-10-14 12:00:00,4.4567485,4.534331,6.5649953,10.106175,11.07253,7.414651
1994-10-15 12:00:00,2.7389905,2.8876565,6.051415,7.5126715,8.839759,5.804659
1994-10-16 12:00:00,2.147117,2.431859,5.0557017,4.5359898,5.437594,3.6314697
1994-10-17 12:00:00,2.2661612,2.4086282,6.7383537,6.181418,4.6580195,5.44808
1994-10-18 12:00:00,5.216108,4.720232,8.929699,4.3464,4.4019136,6.12675
1994-10-19 12:00:00,3.4177716,3.1588628,4.069631,3.3857427,4.6311154,3.9721963
1994-10-20 12:00:00,2.1636157,1.9911338,2.829738,3.1620078,4.5479426,2.469214
1994-10-21 12:00:00,2.7931266,3.653374,5.882012,9.221213,7.1269546,6.021668
1994-10-22 12:00:00,6.5224643,6.6430144,9.105968,9.723364,5.9978,8.574983
1994-10-23 12:00:00,6.779807,6.0824203,7.9668865,5.47494,3.8879688,6.278028
1994-10-24 12:00:00,4.5273514,3.443654,5.4918995,3.0704465,6.062003,2.5825558
1994-10-25 12:00:00,2.121812,1.5755373,3.832875,2.7002132,6.2187366,2.1428022
1994-10-26 12:00:00,2.062913,2.5436773,3.7081206,5.322747,7.327733,2.6533372
1994-10-27 12:00:00,2.7650256,3.2201188,4.1430173,5.4483805,8.823665,3.5627785
1994-10-28 12:00:00,1.3368312,1.7416302,3.288824,4.0036216,5.9514446,3.395418
1994-10-29 12:00:00,2.2980156,2.6502512,5.8913107,5.8275332,4.88073,6.024975
1994-10-30 12:00:00,3.471297,3.4931822,6.4500265,7.404367,4.804457,5.8483686
1994-10-31 12:00:00,3.3276982,3.4895012,5.6701093,5.0540686,5.620254,4.6594534
1994-11-01 12:00:00,3.3706806,3.01917,6.789337,3.0928626,6.5816593,4.0429134
1994-11-02 12:00:00,1.8117518,2.118985,3.3270068,4.561824,5.74334,1.9720843
1994-11-03 12:00:00,1.1724006,1.7330953,2.4336336,4.3375115,3.4711933,1.9446225
1994-11-04 12:00:00,2.2315,2.8234415,4.3739376,7.4700403,4.212992,4.6568947
1994-11-05 12:00:00,3.953043,4.295463,6.053742,6.683375,4.0766025,5.458468
1994-11-06 12:00:00,4.0701904,4.1137567,4.3772016,3.2081692,3.4474487,3.4395165
1994-11-07 12:00:00,2.817937,2.7436259,4.3540425,4.5084357,5.015689,3.1264384
1994-11-08 12:00:00,1.636549,1.7977931,5.27527,7.800594,9.016146,5.2756433
1994-11-09 12:00:00,2.7352383,3.0316513,8.2505665,8.483407,7.646037,8.224326
1994-11-10 12:00:00,2.7640245,2.9170666,5.926007,6.3951674,7.310714,6.1023602
1994-11-11 12:00:00,1.7514026,1.8010312,5.4120374,5.351357,5.1495624,5.1563587
1994-11-12 12:00:00,3.0381806,3.193229,5.720292,6.7760496,5.7657075,5.838882
1994-11-13 12:00:00,2.7397718,2.4596646,6.4639835,5.83186,9.0615225,5.225378
1994-11-14 12:00:00,3.9244,3.828683,7.835002,6.4923253,6.459401,6.8922586
1994-11-15 12:00:00,2.5302398,2.195485,4.5614104,3.4427657,5.181165,3.1864808
1994-11-16 12:00:00,3.0592487,2.7699773,7.09998,4.90853,5.1829724,5.1309857
1994-11-17 12:00:00,3.1602478,2.8709855,4.8982453,5.574525,7.3711786,4.4700704
1994-11-18 12:00:00,3.0834966,2.74492,8.272335,5.3209596,6.471662,5.33774
1994-11-19 12:00:00,4.012815,4.0684915,7.9053955,8.089341,6.4143486,7.750736
1994-11-20 12:00:00,2.6350005,2.7970262,6.2631817,6.5717754,7.7794914,6.3063293
1994-11-21 12:00:00,2.5655234,2.5285199,5.675008,4.4296393,4.9597816,4.2205086
1994-11-22 12:00:00,4.001691,3.9354887,7.916488,6.928666,7.133909,5.89568
1994-11-23 12:00:00,3.0716577,2.9215753,6.936422,7.565726,10.183891,6.500894
1994-11-24 12:00:00,4.166377,3.9384294,7.460114,7.178057,10.328655,7.06745
1994-11-25 12:00:00,3.1043627,3.0313358,5.9926176,5.3962703,7.9422536,5.5993166
1994-11-26 12:00:00,2.74934,2.9417355,6.5254097,6.882409,9.535023,6.776789
1994-11-27 12:00:00,4.1885695,4.4992104,8.488456,8.820608,12.399018,7.867341
1994-11-28 12:00:00,5.2848754,5.229522,6.370401,8.1124735,11.98693,5.7200284
1994-11-29 12:00:00,4.0231357,4.1148114,7.126036,7.2776175,8.114698,6.8508925
1994-11-30 12:00:00,4.1872907,3.9632144,7.252331,6.8811584,5.6579943,6.279053
1994-12-01 12:00:00,3.8008354,3.736168,6.8514147,6.3015623,5.257688,6.2665906
1994-12-02 12:00:00,3.7707224,3.5244005,6.9801226,6.955448,4.1434674,6.531373
1994-12-03 12:00:00,2.5414596,3.1301682,5.3726435,7.3905244,3.2744164,5.542639
1994-12-04 12:00:00,3.5137436,3.5318906,8.13804,7.253504,4.7177315,7.558785
1994-12-05 12:00:00,4.8530126,4.696434,7.171225,7.980504,10.676622,6.956174
1994-12-06 12:00:00,4.277664,4.093373,7.476279,7.376902,7.90286,7.31503
1994-12-07 12:00:00,6.049665,4.019532,5.7654495,6.322683,6.826937,2.5952494
1994-12-08 12:00:00,2.247066,1.954729,3.4000912,6.758606,9.898436,3.099641
1994-12-09 12:00:00,2.2109828,2.2482865,3.3827536,6.4133472,8.728785,2.3450587
1994-12-10 12:00:00,3.1055756,2.6013482,4.279202,3.4594316,6.39824,4.132657
1994-12-11 12:00:00,3.1471035,2.594785,5.1567054,4.299535,6.7268634,3.7722178
1994-12-12 12:00:00,2.1380246,1.9480584,7.2221594,6.0617757,5.4882936,6.0545774
1994-12-13 12:00:00,3.8285592,4.024735,9.087127,10.199401,8.884394,9.552352
1994-12-14 12:00:00,4.0965943,4.2875314,8.742879,10.24752,7.9785795,8.832033
1994-12-15 12:00:00,3.0427487,3.4215658,8.272732,8.160104,5.3399434,7.233834
1994-12-16 12:00:00,4.2771325,4.879257,8.936968,11.656669,8.82422,9.095604
1994-12-17 12:00:00,5.037678,5.2822824,10.951663,9.091345,7.0389166,11.390553
1994-12-18 12:00:00,3.7597342,4.0773196,5.869647,5.809537,5.2813234,4.8310876
1994-12-19 12:00:00,2.9038577,3.496237,8.252878,11.90597,5.5974054,9.224932
1994-12-20 12:00:00,2.6972392,3.1773353,7.161064,9.314152,8.15677,7.080159
1994-12-21 12:00:00,3.891402,3.6417263,8.679392,7.9705715,9.279697,7.538726
1994-12-22 12:00:00,3.585873,3.7469256,8.891095,5.3574734,8.499476,8.348327
1994-12-23 12:00:00,2.5724168,2.5646398,4.6972227,5.8708363,6.3433337,4.51331
1994-12-24 12:00:00,2.3907087,2.7207892,5.4638414,4.049877,3.9185038,4.4741173
1994-12-25 12:00:00,1.511746,1.8429213,4.19336,6.7850285,7.1525564,4.984444
1994-12-26 12:00:00,3.2807133,3.3855608,6.8138447,8.407991,9.169378,7.5686674
1994-12-27 12:00:00,4.6139736,4.171234,6.9312253,6.1456885,10.737129,7.4663663
1994-12-28 12:00:00,2.3640218,2.2829843,5.4048705,6.456005,8.012355,6.623284
1994-12-29 12:00:00,4.2933164,4.2973204,8.313364,8.988133,8.2450075,8.396206
1994-12-30 12:00:00,4.0751386,4.5058947,7.515838,8.929267,9.671555,7.123864
1994-12-31 12:00:00,3.4368424,3.712279,6.516833,8.707185,7.3170743,7.202999
1995-01-01 12:00:00,4.170784,5.60585,7.8814483,10.009568,5.007319,9.119717
1995-01-02 12:00:00,4.766986,6.060673,8.612606,11.87833,10.159342,9.199367
1995-01-03 12:00:00,1.7894192,2.253912,6.308175,5.2732244,8.552789,4.768153
1995-01-04 12:00:00,3.362787,4.250614,9.152164,8.007309,6.8583126,9.599246
1995-01-05 12:00:00,3.0931084,3.7312572,7.326727,8.287795,6.565049,6.1220303
1995-01-06 12:00:00,1.8921661,2.3378084,3.5841732,5.2472043,8.598228,2.7523441
1995-01-07 12:00:00,1.1348261,1.5914639,5.1522417,4.617457,4.8967724,5.0966344
1995-01-08 12:00:00,1.3386885,2.0050592,4.9453874,7.3550253,6.866512,5.0297346
1995-01-09 12:00:00,4.4428945,4.082594,8.765884,8.806344,7.644905,7.7812486
1995-01-10 12:00:00,3.4393444,4.400723,8.685854,9.572966,6.960107,8.205108
1995-01-11 12:00:00,2.3466086,3.2082236,7.3624773,7.0498543,7.254092,6.5242276
1995-01-12 12:00:00,2.3776376,2.731831,7.2564216,6.93751,5.858542,5.786368
1995-01-13 12:00:00,4.001094,4.66547,7.8409877,8.253228,8.830554,7.172872
1995-01-14 12:00:00,2.021341,2.175062,3.9601958,6.705329,7.5172296,4.4809003
1995-01-15 12:00:00,3.3876865,3.161787,5.170173,8.776074,10.358996,6.260256
1995-01-16 12:00:00,1.1993529,2.0176368,3.6751053,7.4087625,11.102067,5.1040926
1995-01-17 12:00:00,2.3696315,2.9545364,4.3064804,7.2928495,4.4356613,4.85164
1995-01-18 12:00:00,3.5965614,3.4751391,4.6149235,4.0487475,5.1572256,3.5463126
1995-01-19 12:00:00,3.7441623,3.4081547,4.518735,3.9476416,6.8395157,3.1497183
1995-01-20 12:00:00,4.1551366,3.2123954,5.272053,4.009402,5.123176,3.1223898
1995-01-21 12:00:00,2.8908446,2.4674883,3.9198806,3.7390158,6.4040537,2.1264462
1995-01-22 12:00:00,1.4064462,1.4689273,3.7580268,6.1217775,8.154098,3.1091821
1995-01-23 12:00:00,1.8679917,2.1876214,5.1896086,10.476454,12.964723,7.5945125
1995-01-24 12:00:00,3.7197855,3.8882005,6.379255,6.774159,9.243362,5.683772
1995-01-25 12:00:00,2.3494473,2.6519969,6.0878763,5.3305097,6.3468375,5.3637223
1995-01-26 12:00:00,2.8689802,2.4804986,5.47938,5.8495617,6.335509,5.02528
1995-01-27 12:00:00,3.2236757,3.3898027,10.013916,10.7540865,9.047197,9.041959
1995-01-28 12:00:00,4.727522,4.9227405,11.824779,11.692768,10.085792,10.18726
1995-01-29 12:00:00,4.6215587,4.6540537,10.1735,10.116081,10.095288,8.793044
1995-01-30 12:00:00,2.4671094,2.6974857,3.887815,5.0255218,10.452837,3.5719628
1995-01-31 12:00:00,1.9922949,1.899386,3.2970276,4.5148625,8.305958,2.470076
1995-02-01 12:00:00,0.9660326,1.4928098,3.7837374,8.455784,9.777077,4.7798448
1995-02-02 12:00:00,3.7047565,4.4142437,8.340158,13.034628,13.26768,10.699477
1995-02-03 12:00:00,4.1450315,4.0962996,5.4638467,8.434951,10.281886,5.3755274
1995-02-04 12:00:00,2.114288,2.6182315,2.783274,8.857335,10.176904,5.518416
1995-02-05 12:00:00,2.49151,2.4800427,3.9259841,6.9600224,9.9003315,3.3335774
1995-02-06 12:00:00,1.1287321,1.294071,3.1284368,3.1746953,11.117172,1.8653069
1995-02-07 12:00:00,2.4827607,2.1940324,4.3617244,3.623465,6.7283564,3.0699034
1995-02-08 12:00:00,1.7121245,1.9715642,5.1256704,5.9159937,5.17438,4.3105636
1995-02-09 12:00:00,1.5543795,1.7472883,4.85017,5.348107,5.514414,4.7548494
1995-02-10 12:00:00,3.4176617,3.2374344,6.8277545,7.7538643,7.9198165,7.191424
1995-02-11 12:00:00,6.212629,6.538148,9.370285,10.524039,9.0140505,10.732832
1995-02-12 12:00:00,5.5781827,5.484793,9.647574,11.33583,8.038697,9.322049
1995-02-13 12:00:00,5.2445526,5.390604,8.781704,10.160476,11.304976,10.147852
1995-02-14 12:00:00,4.429662,4.4974904,8.482074,9.538098,9.015783,7.5236177
1995-02-15 12:00:00,4.5864773,4.603678,7.844177,7.4727,5.131473,8.513283
1995-02-16 12:00:00,6.433464,6.2943106,10.246175,12.977981,10.218173,11.256551
1995-02-17 12:00:00,4.318376,4.1126647,8.172841,6.321112,8.197114,6.9027834
1995-02-18 12:00:00,1.7148333,2.7331686,3.7169166,5.869409,5.9758997,2.811811
1995-02-19 12:00:00,1.692522,2.129833,4.154267,7.347055,8.641264,3.1775818
1995-02-20 12:00:00,3.659185,3.8818295,6.4399867,9.312831,10.542315,7.0141883
1995-02-21 12:00:00,5.687586,5.9492087,9.137091,8.240827,8.396352,9.141783
1995-02-22 12:00:00,4.610254,4.494959,9.028376,6.242583,6.9479203,8.271713
1995-02-23 12:00:00,5.0223346,4.906588,7.7319627,8.816845,9.007866,6.972266
1995-02-24 12:00:00,3.3772485,3.7560558,6.9796624,10.336418,6.8984156,7.2537284
1995-02-25 12:00:00,4.4557486,4.5773983,8.492733,7.898056,5.258191,8.3595085
1995-02-26 12:00:00,2.802416,3.0325851,5.7556987,5.987875,4.100547,5.6435127
1995-02-27 12:00:00,3.7251835,3.784593,4.575747,5.9635496,5.9104347,3.9574683
1995-02-28 12:00:00,2.0309803,2.2926548,3.9303699,7.564768,9.534518,5.229354
1995-03-01 12:00:00,3.474778,3.9042199,6.9390287,9.607652,11.732828,7.220845
1995-03-02 12:00:00,2.417871,3.2108378,3.9564724,6.3846517,8.76909,3.6835952
1995-03-03 12:00:00,1.1607014,1.4889385,5.3337083,5.057085,5.5282316,5.770243
1995-03-04 12:00:00,1.5098526,1.9695913,5.9682918,6.27595,4.8897147,6.4661164
1995-03-05 12:00:00,3.74742,4.128825,7.4296947,8.833358,7.7424364,7.034074
1995-03-06 12:00:00,2.595636,2.2957244,3.9825583,5.2806115,6.972287,2.7118194
1995-03-07 12:00:00,1.7270067,2.2082376,4.1813045,6.474618,7.476055,4.6092725
1995-03-08 12:00:00,3.260897,3.58439,6.356654,8.117301,11.270368,6.460464
1995-03-09 12:00:00,2.7348244,3.4812253,5.2226667,7.0940585,6.354099,5.5122414
1995-03-10 12:00:00,2.1020749,2.343765,3.2800772,6.198692,7.2974157,4.123129
1995-03-11 12:00:00,2.9140139,3.102464,6.2767963,6.173368,9.9661455,5.4406056
1995-03-12 12:00:00,2.4951062,3.42103,5.0023837,7.61821,9.559125,4.2591395
1995-03-13 12:00:00,2.0448885,2.3189044,2.8102388,4.406177,9.581729,2.1966498
1995-03-14 12:00:00,2.223894,2.4157507,3.873905,8.178866,7.4943123,4.9028935
1995-03-15 12:00:00,4.6190996,4.152104,6.8471065,8.926531,8.12204,6.540454
1995-03-16 12:00:00,2.1077552,2.4856107,3.611413,6.30405,7.2100377,3.6752179
1995-03-17 12:00:00,2.2056837,1.9778003,4.344544,4.1739388,5.175291,4.1597195
1995-03-18 12:00:00,4.028413,4.0834985,8.369501,5.8865275,4.5613046,5.938877
1995-03-19 12:00:00,4.273588,4.21618,9.036488,6.552096,6.594261,5.98833
1995-03-20 12:00:00,3.3796434,3.2747777,7.1038365,5.0137296,6.611418,4.247759
1995-03-21 12:00:00,2.0984418,2.1473265,4.0789084,3.3812435,4.668839,2.5179536
1995-03-22 12:00:00,2.447544,2.3895924,5.287185,3.2055995,5.6634874,3.9097161
1995-03-23 12:00:00,3.5579598,3.6872165,9.3198,6.545615,6.5931745,6.8321414
1995-03-24 12:00:00,3.3778267,3.2824616,7.318332,5.649754,5.92111,4.734219
1995-03-25 12:00:00,1.4810288,1.6366038,5.6056843,4.513655,5.967486,3.600063
1995-03-26 12:00:00,2.849172,2.6795824,5.5903606,4.907186,8.048779,4.059699
1995-03-27 12:00:00,2.2218177,2.746327,4.61441,7.701659,9.755957,6.1273074
1995-03-28 12:00:00,4.434858,4.3884497,7.7837048,9.120627,10.383635,8.134805
1995-03-29 12:00:00,4.5038733,4.7165246,8.504718,9.479005,5.662972,8.521441
1995-03-30 12:00:00,5.9833364,6.4563375,9.069258,11.599767,5.695789,8.906522
1995-03-31 12:00:00,5.809504,6.3476973,8.05331,9.435804,6.3334346,7.8793592
1995-04-01 12:00:00,3.8228695,3.9127839,5.323239,5.783986,5.0721006,4.2418356
1995-04-02 12:00:00,1.7382236,2.172604,4.1033382,3.9947665,8.553209,2.8872147
1995-04-03 12:00:00,2.392506,2.954576,3.200584,5.0635214,8.865119,3.1316402
1995-04-04 12:00:00,3.2307491,2.8276308,4.80363,4.335467,8.124108,3.7805548
1995-04-05 12:00:00,5.440054,4.782265,8.475338,5.0572596,4.627697,5.840794
1995-04-06 12:00:00,5.401138,5.254595,7.8731875,6.2893515,5.1564913,6.2121005
1995-04-07 12:00:00,3.9446084,3.9929523,6.352373,6.608733,5.413297,5.1059933
1995-04-08 12:00:00,3.965885,4.417987,4.6676545,4.918339,6.785012,3.9847653
1995-04-09 12:00:00,2.097154,2.1916938,9.34348,4.2082233,4.294429,5.26922
1995-04-10 12:00:00,3.6744733,3.4169056,6.9367514,5.156216,7.4244843,4.1803265
1995-04-11 12:00:00,3.1097324,3.1492755,7.921384,4.0638914,7.3701777,4.8452005
1995-04-12 12:00:00,3.2741814,2.51142,4.115246,4.1692247,5.2899437,3.3488517
1995-04-13 12:00:00,2.6059346,2.7905788,6.220517,4.630699,4.073564,5.198552
1995-04-14 12:00:00,3.2079432,3.3423498,7.2465763,6.758489,4.8338723,7.157467
1995-04-15 12:00:00,3.0910034,3.0898306,7.4589233,6.6239734,6.1113777,5.9953437
1995-04-16 12:00:00,4.10081,3.7271943,4.5455565,7.433783,6.779784,5.601954
1995-04-17 12:00:00,1.9473006,1.9159045,3.1697679,5.1338277,10.433048,3.5657437
1995-04-18 12:00:00,2.7202153,2.8202946,5.315859,5.3250184,5.032291,5.385121
1995-04-19 12:00:00,4.2242746,4.078078,6.7705946,5.6310477,4.727795,7.2436447
1995-04-20 12:00:00,3.4772136,3.4857862,6.359442,6.0735054,5.867904,6.191409
1995-04-21 12:00:00,4.6830707,4.79499,6.824864,5.6719084,5.6666245,6.628472
1995-04-22 12:00:00,4.6458035,4.3180776,6.088264,7.84007,6.9004254,7.0985622
1995-04-23 12:00:00,3.1988804,3.4687095,6.0184717,5.3030596,7.8276844,5.286016
1995-04-24 12:00:00,1.6682655,1.9160997,3.0439727,3.6669183,7.4452457,2.7041237
1995-04-25 12:00:00,2.4918735,2.7619789,2.3124177,6.7297783,5.581747,2.9976325
1995-04-26 12:00:00,5.9814024,5.7634425,6.313048,8.452588,5.440235,8.060182
1995-04-27 12:00:00,6.2302465,5.8820305,6.3665833,6.5181603,6.1011796,6.6445694
1995-04-28 12:00:00,2.4143798,2.413919,4.0174284,5.4029627,7.6448207,3.6577284
1995-04-29 12:00:00,2.1789193,2.5019014,4.13297,3.9259899,8.470485,4.327195
1995-04-30 12:00:00,2.6562047,2.8576305,3.5771258,8.255614,8.315328,3.6211812
1995-05-01 12:00:00,3.1937633,4.0337486,5.464367,7.7911935,7.1207952,5.7411494
1995-05-02 12:00:00,5.1354456,5.1311965,8.232944,7.831405,7.2858596,7.590742
1995-05-03 12:00:00,4.7976336,4.6866612,6.303855,6.9713087,8.107174,6.0503464
1995-05-04 12:00:00,3.467875,3.5131102,4.8354187,5.546939,5.660241,5.0252676
1995-05-05 12:00:00,3.5748844,3.7919426,5.1461577,7.7711987,4.0458207,5.622912
1995-05-06 12:00:00,3.362584,3.6364179,5.686214,5.921214,5.637003,5.068989
1995-05-07 12:00:00,4.3968863,4.4645133,6.257279,4.8786697,5.0361867,6.0315948
1995-05-08 12:00:00,3.2054722,2.9032667,3.9905396,3.3188424,4.7377715,2.85161
1995-05-09 12:00:00,1.667386,1.7240239,4.052659,4.0280833,6.3587418,3.2554076
1995-05-10 12:00:00,1.7561525,2.540245,2.5621557,7.418183,10.239604,3.6781096
1995-05-11 12:00:00,2.653976,3.5280995,5.151972,7.6859345,11.861762,6.9556684
1995-05-12 12:00:00,3.178285,3.4296927,5.259311,6.1536064,10.397428,5.283895
1995-05-13 12:00:00,3.4201064,2.9468923,3.6359842,4.621862,6.3435254,3.940193
1995-05-14 12:00:00,3.3527126,3.471663,4.211388,4.816333,4.359915,4.392238
1995-05-15 12:00:00,2.1576595,2.4544816,3.2141068,4.937515,5.498706,3.0848436
1995-05-16 12:00:00,4.1539145,4.103755,4.1784463,5.0095525,6.3906875,3.9186974
1995-05-17 12:00:00,5.83861,5.5219398,5.9443,8.528586,6.7174697,6.4413867
1995-05-18 12:00:00,4.070667,3.5949938,4.355468,6.5613146,5.0721474,4.690998
1995-05-19 12:00:00,4.219492,4.105546,5.930773,6.342125,3.7621334,7.5679975
1995-05-20 12:00:00,4.0496826,4.0353093,4.9775553,5.437997,4.401027,6.4721203
1995-05-21 12:00:00,4.274013,4.240573,5.5341096,6.793688,3.290396,7.3312902
1995-05-22 12:00:00,3.999626,4.7015114,4.781801,10.080262,9.008979,4.7876925
1995-05-23 12:00:00,3.6412249,4.502901,5.224881,6.342654,7.94466,4.461476
1995-05-24 12:00:00,2.073931,2.423478,2.9787889,2.8099215,6.4229627,2.177581
1995-05-25 12:00:00,1.9779624,2.2112186,2.8049502,3.6292784,6.5614657,2.4877164
1995-05-26 12:00:00,2.4397714,2.0338037,2.9482217,3.5776002,5.603312,2.3253448
1995-05-27 12:00:00,1.8806915,1.7502083,2.5193503,1.9958018,3.1870816,1.9123735
1995-05-28 12:00:00,1.7606225,1.7843097,2.806722,4.253413,4.3592677,2.396697
1995-05-29 12:00:00,2.2305415,2.4665856,2.5742724,4.2056265,4.6887417,2.2383556
1995-05-30 12:00:00,1.9921526,2.1427617,2.948977,4.3345876,3.8571374,3.1806319
1995-05-31 12:00:00,2.820518,3.2796135,4.6685452,6.2777433,6.738498,3.6783109
1995-06-01 12:00:00,3.3495302,3.5349793,4.8980503,5.313926,5.658734,5.088637
1995-06-02 12:00:00,4.842304,4.8709564,7.7663608,7.0988903,4.898135,8.185286
1995-06-03 12:00:00,4.1287622,4.551382,7.11082,6.964145,4.2811036,7.0269227
1995-06-04 12:00:00,3.6880424,4.1478767,6.5379667,6.2572365,6.9234705,5.8400497
1995-06-05 12:00:00,3.2431529,3.5634036,3.885393,5.514947,5.634692,3.492379
1995-06-06 12:00:00,2.7567363,2.4701543,3.6914225,3.7779503,4.0759025,3.5558417
1995-06-07 12:00:00,2.2249193,2.4352434,3.282284,4.606892,5.4381833,3.6442368
1995-06-08 12:00:00,3.442936,3.1394308,4.265439,5.383008,5.7683053,4.970785
1995-06-09 12:00:00,3.327326,3.7049289,5.3482857,6.4319158,5.7050977,5.7045107
1995-06-10 12:00:00,3.8736224,4.440968,5.3397527,9.621371,8.066655,7.4037037
1995-06-11 12:00:00,3.1695871,3.3452156,3.3435154,4.7328296,8.699393,4.3286824
1995-06-12 12:00:00,1.7994039,2.0623844,2.580743,3.877934,7.640962,3.0667553
1995-06-13 12:00:00,1.032076,1.4229927,1.9296224,3.130115,9.000787,1.9065236
1995-06-14 12:00:00,1.5985507,1.6677486,2.1337943,3.5417197,11.095708,2.6779046
1995-06-15 12:00:00,1.5100095,1.7436365,2.0041902,3.256527,7.4983044,2.104898
1995-06-16 12:00:00,1.625217,1.9991025,2.7871153,2.702976,3.883117,2.8608584
1995-06-17 12:00:00,2.3532887,2.6476386,3.165986,4.5598025,5.6895714,3.742146
1995-06-18 12:00:00,2.2506573,2.748593,3.7858732,3.385839,4.9442363,3.3857613
1995-06-19 12:00:00,3.1135807,3.1479561,5.481935,4.349636,4.9769506,4.918019
1995-06-20 12:00:00,3.4655104,3.5770168,5.850109,6.9678717,3.4689732,6.8743057
1995-06-21 12:00:00,3.0700874,3.3794196,3.190442,4.9096427,3.7053254,4.2112813
1995-06-22 12:00:00,2.3603168,2.6202734,3.5703642,3.319379,4.298272,2.9661255
1995-06-23 12:00:00,2.6091518,2.720414,3.4111962,4.4886513,5.099174,2.8879385
1995-06-24 12:00:00,1.0531663,1.5422468,2.8640878,4.904576,4.455946,3.1515968
1995-06-25 12:00:00,1.5210072,1.7597123,2.6244452,4.6939235,3.9211555,3.3625717
1995-06-26 12:00:00,1.9300166,2.480422,2.362354,5.5466704,4.3987184,4.3182344
1995-06-27 12:00:00,3.68936,3.834967,4.135295,5.8570337,4.524948,6.015048
1995-06-28 12:00:00,3.9054723,4.281777,4.2415,7.25354,4.139252,5.6699204
1995-06-29 12:00:00,3.2486737,3.7769582,4.707627,4.814172,3.793398,6.297446
1995-06-30 12:00:00,2.8777218,4.0308666,5.4952946,8.324961,9.166043,6.260763
1995-07-01 12:00:00,3.2759578,4.129668,5.859682,6.852361,9.935257,5.601817
1995-07-02 12:00:00,3.9014587,4.01524,4.684681,5.0204177,3.7359598,5.2359085
1995-07-03 12:00:00,1.9765695,2.2230885,5.032767,4.073258,3.7073057,4.958459
1995-07-04 12:00:00,2.4123218,2.4090106,4.7112727,4.697168,4.588389,4.5761137
1995-07-05 12:00:00,1.6053168,1.9002049,4.622388,4.760729,3.9045398,4.17587
1995-07-06 12:00:00,2.3273504,2.5191705,4.0300565,4.449513,3.8159244,2.3781717
1995-07-07 12:00:00,4.044462,4.091998,4.9590707,4.9191923,3.4798377,4.099382
1995-07-08 12:00:00,2.9639287,3.5222228,2.8416367,5.78463,4.609202,2.458483
1995-07-09 12:00:00,2.4130485,2.4125662,3.5175614,4.6467404,6.740485,2.420515
1995-07-10 12:00:00,3.7801933,3.5318615,3.4302573,5.121986,5.6129737,3.937159
1995-07-11 12:00:00,2.194656,2.6298833,3.8880842,6.901834,7.9221945,5.2347336
1995-07-12 12:00:00,4.233013,3.67915,4.312051,5.2219043,4.4865613,3.6789222
1995-07-13 12:00:00,3.7877083,3.2425277,4.8739033,4.867726,5.2368283,3.5181797
1995-07-14 12:00:00,1.8581853,2.6104095,3.715845,5.846037,7.532039,5.1477203
1995-07-15 12:00:00,2.6932595,2.9029756,3.8651094,5.349129,8.42675,5.807313
1995-07-16 12:00:00,1.2536166,1.7437527,2.602236,3.3343658,7.512044,2.9649706
1995-07-17 12:00:00,2.9664345,2.7196817,3.583182,4.7822485,5.8010516,2.458391
1995-07-18 12:00:00,2.6015198,2.4499106,4.286136,2.7474897,4.577078,2.351237
1995-07-19 12:00:00,1.5522343,1.6161189,3.806698,2.1769521,3.344242,2.4357393
1995-07-20 12:00:00,1.2183869,1.3118248,2.4639246,2.5939355,2.5278044,2.0320175
1995-07-21 12:00:00,1.8300838,1.8321759,1.8760818,2.3775659,3.066116,1.7343345
1995-07-22 12:00:00,1.3947463,1.3031533,2.4731054,2.2504294,3.406212,2.0140247
1995-07-23 12:00:00,1.9261165,1.5108132,3.193002,2.067875,3.5229394,2.5473778
1995-07-24 12:00:00,1.8992046,1.984731,3.4738767,4.5340695,4.9052124,4.3178954
1995-07-25 12:00:00,2.9404807,2.8590348,2.755026,5.4283032,5.1135225,2.3651156
1995-07-26 12:00:00,1.7168012,1.6443201,2.8164637,5.001505,4.670783,2.1883578
1995-07-27 12:00:00,1.3883114,1.5470216,2.572458,5.537302,4.671714,2.0200596
1995-07-28 12:00:00,3.3289704,2.414528,3.5265408,4.063344,4.6215825,2.843971
1995-07-29 12:00:00,1.7498873,2.1143568,3.523413,2.4724665,4.7204037,2.8185894
1995-07-30 12:00:00,2.5805595,2.4774914,2.9445167,2.2190683,3.9635704,2.7433417
1995-07-31 12:00:00,3.621273,2.7668495,2.725825,3.3397095,5.053477,2.98019
1995-08-01 12:00:00,1.7642518,2.0076318,3.0446754,3.8749309,5.074814,3.2660663
1995-08-02 12:00:00,2.7056699,2.358337,3.7571332,4.169397,3.9368837,2.319183
1995-08-03 12:00:00,3.7073581,3.5271366,5.573893,3.851794,3.7447705,4.7923236
1995-08-04 12:00:00,4.230758,4.5368814,3.794701,5.3459744,5.940571,4.4214582
1995-08-05 12:00:00,3.1404734,3.9440613,3.7840552,5.437811,5.712173,3.085264
1995-08-06 12:00:00,1.9424735,1.9907862,3.4100726,3.3931699,4.945246,2.7499928
1995-08-07 12:00:00,1.3344965,1.472818,2.598488,2.8060422,5.4854007,1.9819797
1995-08-08 12:00:00,3.1561255,3.490297,5.171063,5.4407024,4.516927,5.122089
1995-08-09 12:00:00,4.2762733,4.250729,7.975314,5.890839,6.255382,8.454109
1995-08-10 12:00:00,4.651504,5.5236964,7.939392,9.494272,8.24049,7.2564754
1995-08-11 12:00:00,4.1196012,4.2293177,7.3631825,7.069007,9.66074,6.2913837
1995-08-12 12:00:00,4.943914,4.7208,9.227506,4.8091135,5.211766,7.8624597
1995-08-13 12:00:00,4.9508667,5.6467476,7.697687,8.176408,3.132913,6.9690332
1995-08-14 12:00:00,3.66182,4.4539003,4.2913356,7.1390815,5.1356974,4.166313
1995-08-15 12:00:00,3.0512621,3.185709,4.8995914,5.205286,4.9393063,5.614052
1995-08-16 12:00:00,4.9700866,5.447186,7.6630235,7.224236,6.211918,7.828081
1995-08-17 12:00:00,4.9835334,4.97097,7.009439,6.171422,8.385744,6.2911787
1995-08-18 12:00:00,3.1955056,3.489168,6.1973515,6.024135,8.287335,5.1808224
1995-08-19 12:00:00,2.83786,2.8745644,3.7942455,3.3747878,6.7871966,2.5441637
1995-08-20 12:00:00,4.8494287,4.783887,6.5975084,6.8501205,5.063295,6.469031
1995-08-21 12:00:00,4.652626,4.572522,7.781081,5.503845,7.178092,4.481301
1995-08-22 12:00:00,2.246751,2.2157083,3.4613554,3.5017216,7.612736,2.9073238
1995-08-23 12:00:00,1.6738155,1.7757508,4.49986,3.9467564,5.4889727,3.2406762
1995-08-24 12:00:00,3.3814368,3.5164633,3.7827582,3.8818097,5.0547166,3.7256389
1995-08-25 12:00:00,2.0673122,1.7914287,4.8047433,3.7357693,5.6745954,4.9101067
1995-08-26 12:00:00,2.4986362,2.6639435,4.8924136,5.0574656,7.1649375,3.5605533
1995-08-27 12:00:00,4.465467,3.893139,5.8252544,4.0836477,7.9035726,2.8578868
1995-08-28 12:00:00,2.3963754,2.2485366,3.4289026,3.5663803,7.1303606,1.5731759
1995-08-29 12:00:00,2.2975698,2.3068242,4.6187487,3.820973,6.52096,3.0593355
1995-08-30 12:00:00,4.3102975,4.216298,5.1186185,5.8857474,5.7211294,5.4264297
1995-08-31 12:00:00,4.243347,4.7969413,3.9696534,7.468607,6.175847,3.832444
1995-09-01 12:00:00,3.4663694,2.9821014,4.7269187,3.6372166,5.190013,2.6361809
1995-09-02 12:00:00,2.0533419,1.9649881,3.6367457,4.124847,4.067517,3.118782
1995-09-03 12:00:00,2.7164843,2.8532577,5.9398866,4.4288745,6.2503066,4.67301
1995-09-04 12:00:00,2.9154882,3.5059292,4.9362297,3.4714859,8.65349,3.5275943
1995-09-05 12:00:00,3.552461,4.1880918,5.457996,7.202207,8.054879,5.232845
1995-09-06 12:00:00,3.0640502,3.245263,7.2429023,7.0648303,6.4884505,7.313676
1995-09-07 12:00:00,4.943909,4.8339505,8.27979,9.268362,7.1282196,8.463111
1995-09-08 12:00:00,4.747367,4.6014643,6.99083,8.467557,6.500944,7.5886335
1995-09-09 12:00:00,4.3890157,4.458282,7.152429,6.462269,5.649596,7.1370997
1995-09-10 12:00:00,3.877091,4.258216,7.2702394,7.6605015,5.1672373,8.713569
1995-09-11 12:00:00,3.06591,3.3472881,5.3422675,7.492583,4.7276273,5.19218
1995-09-12 12:00:00,2.561725,2.9334917,4.2446365,5.297461,6.1596293,2.919197
1995-09-13 12:00:00,1.5617056,1.7093596,2.9192927,4.197895,6.104232,3.279396
1995-09-14 12:00:00,2.5385032,3.1222758,4.4998364,5.733847,7.686994,4.8627796
1995-09-15 12:00:00,2.3854566,2.5372224,5.389136,4.6612506,5.8457675,4.424049
1995-09-16 12:00:00,2.7259598,2.9380035,4.5754457,5.432467,4.469551,4.5052547
1995-09-17 12:00:00,2.9553454,3.15933,5.609148,6.5542736,4.227,5.987043
1995-09-18 12:00:00,3.8550158,3.6194596,7.1759195,7.37282,5.9957023,6.1671968
1995-09-19 12:00:00,4.168603,3.8368616,6.9554853,5.051379,5.695765,4.233957
1995-09-20 12:00:00,2.2512121,2.9430263,6.9627643,6.0373564,5.0925193,5.824647
1995-09-21 12:00:00,2.4304821,2.633008,4.561545,9.644826,8.158912,6.3356385
1995-09-22 12:00:00,3.018498,3.232456,4.5890737,7.0399146,8.581233,5.0289745
1995-09-23 12:00:00,2.5471096,3.2745516,4.3902097,10.569063,10.956698,7.3018517
1995-09-24 12:00:00,2.0209503,2.8042572,3.6705308,8.141321,10.6055565,6.3841667
1995-09-25 12:00:00,2.8216064,2.9080584,4.642288,10.000258,8.432548,7.1350584
1995-09-26 12:00:00,3.0253985,3.234594,4.7652454,6.0545278,5.625243,5.4891987
1995-09-27 12:00:00,3.3069286,2.897527,3.19004,4.0402837,4.717512,3.0680919
1995-09-28 12:00:00,2.5336215,2.7547169,5.315441,2.8957655,4.097144,3.2317333
1995-09-29 12:00:00,4.072447,3.7973258,6.7959766,3.6006258,5.0972843,5.778508
1995-09-30 12:00:00,3.215342,3.3071256,7.3701854,5.752755,8.80491,6.1821856
1995-10-01 12:00:00,2.8906758,2.8869944,4.377231,7.302567,9.836235,4.440359
1995-10-02 12:00:00,4.4012957,4.9995155,8.833685,13.484552,9.295556,9.352075
1995-10-03 12:00:00,4.8379517,5.8161416,8.621672,11.930669,7.9087977,8.5111
1995-10-04 12:00:00,5.549784,5.969584,6.9908648,7.588157,8.061795,5.7153406
1995-10-05 12:00:00,3.278039,3.2320583,4.163007,4.4887013,6.4558687,3.5112178
1995-10-06 12:00:00,2.259631,1.9892058,3.8499131,3.5339577,8.016957,2.8341556
1995-10-07 12:00:00,2.0594382,1.5846441,4.0486493,3.1400602,8.832267,1.945692
1995-10-08 12:00:00,2.2377272,1.743426,3.4808197,4.181478,5.0583825,2.476112
1995-10-09 12:00:00,2.6881802,2.5335634,2.9575536,4.3745484,7.296289,2.0449479
1995-10-10 12:00:00,2.3559976,2.1490574,3.365983,4.5294046,5.951424,3.663903
1995-10-11 12:00:00,2.560198,3.2390788,6.1447144,8.420698,8.280901,5.7393622
1995-10-12 12:00:00,2.9822311,3.5012667,5.3000903,6.9508166,8.72569,4.79644
1995-10-13 12:00:00,3.5332136,3.8915868,6.404487,7.415657,7.7312903,5.8600006
1995-10-14 12:00:00,3.0446274,3.6204135,5.6790876,6.1247764,9.025158,5.2756553
1995-10-15 12:00:00,2.5639977,2.956079,4.205946,4.4501424,7.6941476,3.563408
1995-10-16 12:00:00,2.0473738,2.4195077,3.3536923,3.2713532,6.5596037,2.599942
1995-10-17 12:00:00,2.2780774,2.487609,3.0922043,2.9148264,5.1993213,1.9641129
1995-10-18 12:00:00,1.5989912,1.5993139,4.768571,3.221882,5.778758,3.0607026
1995-10-19 12:00:00,2.7094526,2.1041498,4.643619,2.8163252,7.3089004,3.0729268
1995-10-20 12:00:00,2.931778,2.7782242,5.486789,4.8835096,5.2216535,4.131144
1995-10-21 12:00:00,1.8720022,1.868019,3.5913806,5.413397,4.4583645,2.8832166
1995-10-22 12:00:00,5.0445166,4.5372434,6.1476774,4.31501,4.588531,6.199231
1995-10-23 12:00:00,3.2161534,3.1126435,4.7850337,3.231453,5.3063006,3.5952084
1995-10-24 12:00:00,3.6073816,2.9935598,8.686696,4.6956325,6.355863,4.580663
1995-10-25 12:00:00,2.9807253,3.1999197,5.739013,8.885101,8.217652,6.747484
1995-10-26 12:00:00,3.7864833,4.1393824,7.413977,8.942653,8.229592,7.260074
1995-10-27 12:00:00,3.432735,3.8950982,7.1490126,10.219816,9.4054165,7.5980363
1995-10-28 12:00:00,3.7580104,3.9317744,6.46203,6.910586,7.032693,6.950004
1995-10-29 12:00:00,2.464087,2.645306,5.160313,7.0625186,5.6477394,5.9453087
1995-10-30 12:00:00,2.9384727,3.0145233,3.0049794,7.575054,9.275621,4.007841
1995-10-31 12:00:00,0.97256076,1.7321093,2.1669767,8.042899,10.429589,3.487882
1995-11-01 12:00:00,2.378299,2.4501274,3.6454248,10.119186,13.01266,5.032006
1995-11-02 12:00:00,3.3014302,3.5497363,4.970128,9.577114,7.4244947,6.3761363
1995-11-03 12:00:00,3.0106747,3.150769,4.8913608,6.545641,8.8346,5.386282
1995-11-04 12:00:00,1.824701,2.1425748,4.447667,7.4491143,8.177666,4.6567698
1995-11-05 12:00:00,3.1591918,3.3906636,4.8280153,4.8989315,6.55159,3.5946968
1995-11-06 12:00:00,1.5179065,1.6090927,2.79359,4.7885013,9.754081,1.9030893
1995-11-07 12:00:00,0.6274806,1.0234524,2.6472278,4.6114516,9.721596,1.4491912
1995-11-08 12:00:00,1.5146593,1.189163,4.7284694,2.9786568,7.2826023,2.2944512
1995-11-09 12:00:00,1.510794,1.3809644,5.6734266,2.6095972,8.106073,2.548345
1995-11-10 12:00:00,2.6054547,2.6030588,4.6361184,3.927943,5.891816,3.447872
1995-11-11 12:00:00,3.3289504,2.6961904,6.4737706,3.7418058,7.150215,3.719268
1995-11-12 12:00:00,1.3665303,1.5354695,4.055413,3.5519989,4.086586,1.45221
1995-11-13 12:00:00,1.2612457,1.1261557,3.5856621,3.1289365,9.044487,0.99627054
1995-11-14 12:00:00,1.0487458,1.6501446,2.963408,4.1781683,13.02742,1.5361612
1995-11-15 12:00:00,2.0052037,2.0272825,2.8888924,4.582478,8.827566,2.3955922
1995-11-16 12:00:00,1.234896,1.4680771,3.7237725,3.4133425,5.9063444,2.1321695
1995-11-17 12:00:00,1.8040227,1.7073538,5.6351867,3.9239411,3.8512018,2.8364677
1995-11-18 12:00:00,3.180709,2.7414393,9.170765,6.2655554,4.794908,5.016359
1995-11-19 12:00:00,3.2915084,3.086488,10.8666,7.3863034,8.742275,6.7473526
1995-11-20 12:00:00,2.9331274,3.0357945,10.958642,6.4058557,7.9422417,7.0709023
1995-11-21 12:00:00,2.6834948,2.9835556,9.797824,4.9168024,6.5598936,6.0008116
1995-11-22 12:00:00,2.9643195,2.7522388,7.771342,5.373841,5.7960534,4.8059406
1995-11-23 12:00:00,2.3838031,2.2845643,5.8556724,6.1535125,6.2329297,4.5568647
1995-11-24 12:00:00,1.9402581,2.0176568,3.7538338,4.945617,6.538983,3.835386
1995-11-25 12:00:00,1.7257717,2.1602092,6.4862943,7.2741313,5.7905517,7.413805
1995-11-26 12:00:00,2.2695675,2.2892115,4.599647,6.0292797,6.942638,5.3720784
1995-11-27 12:00:00,2.290221,2.484413,5.7056947,6.7344313,6.034263,5.6407123
1995-11-28 12:00:00,2.8980315,3.3764436,7.9934616,9.137109,7.0085673,8.978271
1995-11-29 12:00:00,3.1209195,3.253771,4.7836623,7.9898653,10.209453,5.606814
1995-11-30 12:00:00,2.0151293,1.9285909,4.0150056,5.813848,7.7623353,4.6952057
1995-12-01 12:00:00,2.5177956,2.5290418,6.657177,5.936877,5.5854373,5.999198
1995-12-02 12:00:00,4.972909,4.619372,8.208359,7.972921,7.409239,7.957155
1995-12-03 12:00:00,3.768594,3.7989159,7.0337267,9.003167,7.6649585,8.658725
1995-12-04 12:00:00,3.127168,3.192862,5.3592534,7.7167478,9.910143,5.428668
1995-12-05 12:00:00,2.7601051,2.7487333,6.5883265,9.841558,10.292914,8.214092
1995-12-06 12:00:00,4.157334,4.102752,6.6455846,6.810545,8.874355,6.6863146
1995-12-07 12:00:00,2.1356716,2.4656613,5.5862746,6.5039134,7.6188993,5.979494
1995-12-08 12:00:00,3.7865207,3.3016074,6.670749,7.6191063,6.1126766,6.733848
1995-12-09 12:00:00,2.4750874,2.8028421,8.319102,6.9746113,5.6632657,7.3294935
1995-12-10 12:00:00,2.7886162,3.1362355,6.1154375,6.879682,7.7915087,6.0219836
1995-12-11 12:00:00,4.724156,5.5175033,9.198001,10.439581,9.098285,9.91937
1995-12-12 12:00:00,2.984071,2.708758,4.4810023,7.27865,12.647045,3.856091
1995-12-13 12:00:00,3.9110682,3.6784163,6.2923965,7.897454,9.203799,7.6789646
1995-12-14 12:00:00,3.7546098,3.1101499,4.6522646,8.169096,8.131914,6.0451975
1995-12-15 12:00:00,2.256903,2.1222408,3.73518,9.074324,11.690209,5.5859804
1995-12-16 12:00:00,4.0249085,3.6746657,7.0052576,10.590256,10.710123,8.415687
1995-12-17 12:00:00,4.5771074,4.180871,6.9719605,6.836057,7.6975574,6.45713
1995-12-18 12:00:00,2.3194258,2.4295952,6.0414605,6.191743,6.899566,4.9215574
1995-12-19 12:00:00,4.049435,4.3501096,8.268255,8.206768,5.089407,7.2803063
1995-12-20 12:00:00,3.188372,3.281154,4.8356256,6.0499372,4.7292466,4.6535053
1995-12-21 12:00:00,2.841605,2.368462,3.2270203,6.0573473,6.9317946,2.6964483
1995-12-22 12:00:00,1.9418112,1.8671603,6.1636276,6.126245,6.6775794,5.469759
1995-12-23 12:00:00,2.2283428,2.616938,9.017676,7.459542,4.793361,8.235383
1995-12-24 12:00:00,4.3584433,4.073878,6.8957996,7.711891,4.37767,7.4227853
1995-12-25 12:00:00,3.7321198,3.3129942,6.1496654,5.364835,5.878396,5.0490003
1995-12-26 12:00:00,4.58717,4.0646067,4.7261267,4.3684077,4.8679767,3.5949395
1995-12-27 12:00:00,3.375449,2.9966063,4.204901,4.616333,3.4854655,3.655231
1995-12-28 12:00:00,4.868706,4.099272,7.36061,5.349036,4.946362,5.19329
1995-12-29 12:00:00,4.3209577,3.4039946,7.4726605,3.966584,7.446315,5.019123
1995-12-30 12:00:00,3.8678,3.1713557,8.32483,4.2403994,9.867737,5.6221137
1995-12-31 12:00:00,3.89182,3.1059325,6.9149,4.1670136,6.97794,4.5617657
